# vtk DataFile Version 2.0
vtkObjects
ASCII
DATASET UNSTRUCTURED_GRID
POINTS 600 float
255.56 -1028.81 -1063.43
255.594 -1028.82 -1063.41
269.658 -975.588 -1060.41
269.692 -975.598 -1060.39
280.278 -922.237 -1051.41
280.312 -922.247 -1051.39
287.253 -869.595 -1036.56
287.286 -869.605 -1036.54
290.471 -818.494 -1016.11
290.505 -818.504 -1016.09
289.884 -769.738 -990.364
289.917 -769.748 -990.345
285.499 -724.097 -959.74
285.532 -724.107 -959.72
277.387 -682.291 -924.717
277.42 -682.301 -924.697
265.674 -644.978 -885.848
265.707 -644.988 -885.828
250.546 -612.748 -843.746
250.579 -612.758 -843.726
232.242 -586.108 -799.075
232.275 -586.118 -799.056
211.049 -565.48 -752.54
211.082 -565.49 -752.52
187.303 -551.187 -704.874
187.336 -551.197 -704.855
161.377 -543.456 -656.83
161.41 -543.466 -656.81
133.681 -542.408 -609.164
133.714 -542.418 -609.144
104.651 -548.06 -562.629
104.684 -548.07 -562.609
74.7454 -560.322 -517.958
74.7788 -560.332 -517.939
44.4355 -579.003 -475.856
44.4689 -579.013 -475.837
14.1995 -603.806 -436.987
14.2329 -603.815 -436.968
-15.4859 -634.34 -401.964
-15.4525 -634.35 -401.945
-44.1526 -670.125 -371.34
-44.1192 -670.135 -371.32
-71.3483 -710.595 -345.596
-71.3149 -710.605 -345.576
-96.6443 -755.113 -325.14
-96.6109 -755.123 -325.12
-119.642 -802.977 -310.293
-119.608 -802.986 -310.274
-139.977 -853.43 -301.29
-139.944 -853.44 -301.271
-157.331 -905.679 -298.274
-157.298 -905.689 -298.254
-171.429 -958.899 -301.29
-171.396 -958.909 -301.271
-182.049 -1012.25 -310.293
-182.016 -1012.26 -310.274
-189.024 -1064.89 -325.14
-188.99 -1064.9 -325.12
-192.242 -1115.99 -345.596
-192.209 -1116 -345.576
-191.655 -1164.75 -371.34
-191.621 -1164.76 -371.32
-187.27 -1210.39 -401.964
-187.237 -1210.4 -401.945
-179.157 -1252.2 -436.987
-179.124 -1252.21 -436.968
-167.445 -1289.51 -475.856
-167.412 -1289.52 -475.837
-152.317 -1321.74 -517.958
-152.284 -1321.75 -517.939
-134.013 -1348.38 -562.629
-133.979 -1348.39 -562.609
-112.82 -1369.01 -609.164
-112.787 -1369.02 -609.144
-89.0736 -1383.3 -656.83
-89.0402 -1383.31 -656.81
-63.1479 -1391.03 -704.874
-63.1145 -1391.04 -704.855
-35.4518 -1392.08 -752.54
-35.4184 -1392.09 -752.52
-6.422 -1386.43 -799.075
-6.3886 -1386.44 -799.056
23.4836 -1374.16 -843.746
23.517 -1374.17 -843.726
53.7935 -1355.48 -885.848
53.8269 -1355.49 -885.828
84.0295 -1330.68 -924.717
84.0629 -1330.69 -924.697
113.715 -1300.15 -959.74
113.748 -1300.16 -959.72
142.382 -1264.36 -990.364
142.415 -1264.37 -990.345
169.577 -1223.89 -1016.11
169.611 -1223.9 -1016.09
194.873 -1179.37 -1036.56
194.907 -1179.38 -1036.54
217.871 -1131.51 -1051.41
217.904 -1131.52 -1051.39
238.207 -1081.06 -1060.41
238.24 -1081.07 -1060.39
78.7482 -428.652 342.908
78.7451 -428.68 342.937
89.8685 -429.366 343.402
89.8654 -429.394 343.431
100.921 -429.081 344.876
100.918 -429.109 344.905
111.732 -427.803 347.308
111.729 -427.831 347.336
122.13 -425.551 350.658
122.127 -425.579 350.686
131.951 -422.361 354.874
131.948 -422.389 354.902
141.042 -418.283 359.889
141.038 -418.311 359.917
149.257 -413.381 365.624
149.254 -413.409 365.653
156.468 -407.733 371.99
156.465 -407.761 372.018
162.561 -401.428 378.884
162.558 -401.457 378.913
167.44 -394.566 386.2
167.437 -394.594 386.228
171.028 -387.254 393.82
171.025 -387.282 393.849
173.269 -379.608 401.626
173.266 -379.636 401.655
174.126 -371.748 409.494
174.123 -371.776 409.523
173.587 -363.799 417.3
173.584 -363.827 417.328
171.66 -355.885 424.921
171.657 -355.913 424.949
168.375 -348.132 432.236
168.372 -348.16 432.265
163.784 -340.662 439.131
163.781 -340.69 439.159
157.961 -333.592 445.496
157.957 -333.62 445.525
150.995 -327.035 451.232
150.992 -327.063 451.26
142.998 -321.093 456.247
142.995 -321.121 456.275
134.095 -315.86 460.463
134.092 -315.888 460.491
124.427 -311.419 463.813
124.424 -311.447 463.841
114.146 -307.84 466.244
114.143 -307.868 466.272
103.415 -305.179 467.718
103.412 -305.207 467.747
92.4023 -303.479 468.212
92.3993 -303.507 468.241
81.282 -302.765 467.718
81.279 -302.793 467.747
70.2295 -303.05 466.244
70.2264 -303.078 466.272
59.4189 -304.328 463.813
59.4158 -304.356 463.841
49.0208 -306.58 460.463
49.0177 -306.608 460.491
39.1992 -309.77 456.247
39.1961 -309.798 456.275
30.109 -313.848 451.232
30.1059 -313.876 451.26
21.8935 -318.75 445.496
21.8904 -318.778 445.525
14.6823 -324.398 439.131
14.6793 -324.426 439.159
8.58916 -330.702 432.236
8.5861 -330.73 432.265
3.71012 -337.565 424.921
3.70706 -337.593 424.949
0.122144 -344.877 417.3
0.119085 -344.905 417.328
-2.11819 -352.523 409.494
-2.12125 -352.551 409.523
-2.97554 -360.383 401.626
-2.9786 -360.411 401.655
-2.43639 -368.332 393.82
-2.43945 -368.36 393.849
-0.509251 -376.246 386.2
-0.51231 -376.274 386.228
2.7755 -383.999 378.884
2.77244 -384.027 378.913
7.36604 -391.469 371.99
7.36298 -391.497 372.018
13.19 -398.539 365.624
13.1869 -398.567 365.653
20.1555 -405.096 359.889
20.1525 -405.124 359.917
28.1527 -411.038 354.874
28.1497 -411.066 354.902
37.0555 -416.271 350.658
37.0525 -416.299 350.686
46.7235 -420.712 347.308
46.7205 -420.74 347.336
57.0042 -424.291 344.876
57.0012 -424.319 344.905
67.7355 -426.952 343.402
67.7325 -426.98 343.431
260.908 59.5432 153.031
260.941 59.5405 153.054
263.163 106.314 155.443
263.196 106.311 155.466
262.018 152.63 162.641
262.051 152.628 162.664
257.491 197.763 174.512
257.524 197.76 174.535
249.654 241 190.867
249.687 240.997 190.89
238.63 281.66 211.45
238.663 281.657 211.473
224.593 319.1 235.935
224.626 319.097 235.958
207.765 352.731 263.937
207.797 352.729 263.96
188.41 382.023 295.014
188.443 382.02 295.037
166.834 406.513 328.676
166.867 406.51 328.699
143.378 425.815 364.391
143.411 425.812 364.414
118.411 439.624 401.598
118.444 439.622 401.621
92.3272 447.724 439.708
92.3598 447.721 439.731
65.5375 449.986 478.121
65.5702 449.983 478.144
38.4648 446.374 516.231
38.4974 446.372 516.254
11.5358 436.946 553.437
11.5685 436.944 553.46
-14.8247 421.85 589.153
-14.792 421.848 589.176
-40.201 401.325 622.815
-40.1683 401.322 622.837
-64.1928 375.693 653.891
-64.1602 375.69 653.914
-86.4219 345.359 681.893
-86.3893 345.357 681.916
-106.538 310.802 706.379
-106.505 310.8 706.402
-124.223 272.567 726.961
-124.19 272.564 726.984
-139.199 231.256 743.317
-139.166 231.253 743.34
-151.229 187.521 755.187
-151.196 187.519 755.21
-160.123 142.052 762.385
-160.091 142.049 762.408
-165.742 95.5659 764.797
-165.71 95.5632 764.82
-167.997 48.7956 762.385
-167.964 48.7928 762.408
-166.852 2.47883 755.187
-166.819 2.47607 755.21
-162.325 -42.654 743.317
-162.293 -42.6567 743.34
-154.488 -85.891 726.961
-154.455 -85.8937 726.984
-143.464 -126.55 706.379
-143.431 -126.553 706.402
-129.427 -163.991 681.893
-129.394 -163.994 681.916
-112.599 -197.622 653.891
-112.566 -197.625 653.914
-93.244 -226.914 622.815
-93.2113 -226.916 622.837
-71.6684 -251.404 589.153
-71.6357 -251.406 589.176
-48.2122 -270.706 553.437
-48.1795 -270.708 553.46
-23.2452 -284.515 516.231
-23.2126 -284.518 516.254
2.83876 -292.615 478.121
2.87142 -292.618 478.144
29.6284 -294.877 439.708
29.661 -294.88 439.731
56.7011 -291.265 401.598
56.7338 -291.268 401.621
83.6301 -281.837 364.391
83.6628 -281.84 364.414
109.991 -266.741 328.676
110.023 -266.744 328.699
135.367 -246.216 295.014
135.4 -246.218 295.037
159.359 -220.584 263.937
159.391 -220.587 263.96
181.588 -190.25 235.935
181.621 -190.253 235.958
201.704 -155.693 211.45
201.736 -155.696 211.473
219.389 -117.458 190.867
219.421 -117.461 190.89
234.365 -76.147 174.512
234.397 -76.1498 174.535
246.395 -32.4121 162.641
246.427 -32.4149 162.664
255.289 13.057 155.443
255.322 13.0542 155.466
298.668 400.904 -56.7094
298.702 400.903 -56.6884
298.976 475.986 -52.6911
299.01 475.984 -52.6701
294.326 550.066 -40.6996
294.36 550.065 -40.6786
284.791 621.979 -20.9239
284.825 621.978 -20.9029
270.521 690.589 6.32405
270.555 690.588 6.34505
251.742 754.814 40.6145
251.776 754.813 40.6355
228.749 813.643 81.4068
228.783 813.641 81.4278
201.906 866.145 128.057
201.94 866.144 128.078
171.635 911.495 179.831
171.669 911.494 179.852
138.414 948.976 235.911
138.448 948.975 235.932
102.766 977.998 295.412
102.8 977.997 295.433
65.2553 998.103 357.397
65.2893 998.102 357.418
26.4718 1008.97 420.888
26.5058 1008.97 420.909
-12.9724 1010.44 484.883
-12.9384 1010.44 484.904
-52.4553 1002.47 548.374
-52.4213 1002.47 548.395
-91.3542 985.207 610.359
-91.3202 985.206 610.38
-129.056 958.909 669.86
-129.022 958.908 669.881
-164.965 923.995 725.94
-164.931 923.994 725.961
-198.516 881.015 777.714
-198.482 881.014 777.735
-229.18 830.648 824.364
-229.146 830.647 824.385
-256.473 773.687 865.156
-256.439 773.686 865.177
-279.964 711.032 899.447
-279.93 711.03 899.468
-299.283 643.669 926.695
-299.249 643.668 926.716
-314.126 572.662 946.471
-314.092 572.66 946.492
-324.258 499.13 958.462
-324.224 499.128 958.483
-329.519 424.233 962.48
-329.485 424.231 962.501
-329.827 349.151 958.462
-329.793 349.15 958.483
-325.177 275.07 946.471
-325.143 275.069 946.492
-315.642 203.158 926.695
-315.608 203.157 926.716
-301.372 134.548 899.447
-301.338 134.547 899.468
-282.592 70.3225 865.156
-282.558 70.3212 865.177
-259.6 11.4944 824.364
-259.566 11.4932 824.385
-232.756 -41.0084 777.714
-232.722 -41.0097 777.735
-202.485 -86.3581 725.94
-202.451 -86.3594 725.961
-169.264 -123.839 669.86
-169.23 -123.841 669.881
-133.617 -152.861 610.359
-133.583 -152.863 610.38
-96.1059 -172.966 548.374
-96.0719 -172.967 548.395
-57.3225 -183.836 484.883
-57.2884 -183.838 484.904
-17.8782 -185.301 420.888
-17.8442 -185.302 420.909
21.6047 -177.337 357.397
21.6387 -177.338 357.418
60.5036 -160.07 295.412
60.5376 -160.071 295.433
98.2051 -133.772 235.911
98.2391 -133.773 235.932
134.115 -98.8579 179.831
134.149 -98.8592 179.852
167.666 -55.8783 128.057
167.7 -55.8796 128.078
198.329 -5.51102 81.4068
198.363 -5.51228 81.4278
225.622 51.4496 40.6145
225.656 51.4484 40.6355
249.113 114.105 6.32405
249.147 114.104 6.34505
268.432 181.468 -20.9239
268.466 181.467 -20.9029
283.275 252.475 -40.6996
283.309 252.474 -40.6786
293.407 326.007 -52.6911
293.441 326.006 -52.6701
-123.791 3.81003 -803.787
-123.831 3.81021 -803.784
-123.804 -100.766 -797.223
-123.844 -100.766 -797.221
-122.896 -203.697 -777.637
-122.936 -203.697 -777.635
-121.08 -303.36 -745.338
-121.12 -303.36 -745.335
-118.386 -398.182 -700.833
-118.426 -398.182 -700.83
-114.856 -486.669 -644.826
-114.896 -486.669 -644.823
-110.545 -567.426 -578.2
-110.585 -567.425 -578.197
-105.522 -639.177 -502.004
-105.562 -639.177 -502.002
-99.8654 -700.793 -417.442
-99.9053 -700.792 -417.439
-93.6647 -751.3 -325.847
-93.7046 -751.3 -325.844
-87.0177 -789.904 -228.662
-87.0576 -789.903 -228.659
-80.0293 -815.994 -127.421
-80.0692 -815.993 -127.419
-72.8096 -829.159 -23.721
-72.8495 -829.159 -23.7182
-65.4725 -829.192 80.8036
-65.5124 -829.192 80.8064
-58.1337 -816.093 184.504
-58.1736 -816.093 184.507
-50.9089 -790.067 285.745
-50.9488 -790.067 285.748
-43.9122 -751.526 382.929
-43.9521 -751.526 382.932
-37.2538 -701.076 474.525
-37.2937 -701.076 474.528
-31.0387 -639.515 559.087
-31.0786 -639.515 559.09
-25.3649 -567.812 635.282
-25.4048 -567.812 635.285
-20.322 -487.098 701.909
-20.3619 -487.098 701.911
-15.9895 -398.647 757.916
-16.0294 -398.646 757.919
-12.4356 -303.852 802.42
-12.4755 -303.852 802.423
-9.71647 -204.21 834.72
-9.75638 -204.21 834.723
-7.87496 -101.292 854.306
-7.91486 -101.291 854.309
-6.94011 3.28021 860.869
-6.98001 3.28039 860.872
-6.92666 107.856 854.306
-6.96656 107.856 854.309
-7.83482 210.787 834.72
-7.87472 210.787 834.723
-9.65027 310.45 802.42
-9.69017 310.45 802.423
-12.3444 405.273 757.916
-12.3843 405.273 757.919
-15.8747 493.76 701.909
-15.9146 493.76 701.911
-20.1854 574.516 635.282
-20.2253 574.516 635.285
-25.2087 646.267 559.087
-25.2486 646.268 559.09
-30.8653 707.883 474.525
-30.9052 707.883 474.528
-37.066 758.39 382.929
-37.1059 758.391 382.932
-43.713 796.994 285.745
-43.7529 796.994 285.748
-50.7014 823.084 184.504
-50.7413 823.084 184.507
-57.9211 836.249 80.8036
-57.961 836.25 80.8064
-65.2582 836.283 -23.721
-65.2981 836.283 -23.7182
-72.597 823.183 -127.421
-72.6369 823.183 -127.419
-79.8218 797.157 -228.662
-79.8617 797.158 -228.659
-86.8185 758.616 -325.847
-86.8584 758.616 -325.844
-93.477 708.167 -417.442
-93.5169 708.167 -417.439
-99.6921 646.605 -502.004
-99.732 646.605 -502.002
-105.366 574.902 -578.2
-105.406 574.902 -578.197
-110.409 494.188 -644.826
-110.449 494.188 -644.823
-114.741 405.737 -700.833
-114.781 405.737 -700.83
-118.295 310.943 -745.338
-118.335 310.943 -745.335
-121.014 211.3 -777.637
-121.054 211.301 -777.635
-122.856 108.382 -797.223
-122.896 108.382 -797.221
11.2071 -2.853 -861.158
11.1672 -2.85249 -861.155
10.2985 -107.425 -854.592
10.2586 -107.424 -854.59
10.2589 -210.359 -834.999
10.219 -210.358 -834.997
11.0891 -310.031 -802.688
11.0491 -310.03 -802.686
12.7758 -404.87 -758.169
12.7359 -404.869 -758.166
15.2925 -493.379 -702.142
15.2526 -493.379 -702.14
18.5996 -574.164 -635.493
18.5596 -574.163 -635.491
22.6448 -645.949 -559.272
22.6048 -645.949 -559.269
27.3643 -707.604 -474.681
27.3244 -707.603 -474.678
32.6838 -758.155 -383.054
32.6439 -758.154 -383.051
38.5193 -796.805 -285.836
38.4794 -796.805 -285.833
44.7788 -822.946 -184.56
44.7389 -822.945 -184.558
51.3637 -836.164 -80.8242
51.3237 -836.163 -80.8216
58.1699 -836.25 23.7362
58.13 -836.25 23.7388
65.0903 -823.205 127.472
65.0504 -823.205 127.475
72.0156 -797.233 228.748
71.9757 -797.233 228.75
78.8367 -758.745 325.966
78.7968 -758.744 325.968
85.446 -708.346 417.593
85.4061 -708.345 417.595
91.7392 -646.832 502.184
91.6993 -646.832 502.186
97.6171 -575.173 578.405
97.5772 -575.173 578.408
102.987 -494.5 645.055
102.947 -494.499 645.057
107.764 -406.083 701.081
107.724 -406.083 701.083
111.873 -311.319 745.6
111.834 -311.318 745.603
115.25 -211.7 777.911
115.21 -211.7 777.914
117.84 -108.799 797.504
117.8 -108.798 797.507
119.603 -4.23793 804.07
119.564 -4.23742 804.072
120.512 100.334 797.504
120.472 100.335 797.507
120.552 203.268 777.911
120.512 203.268 777.914
119.721 302.94 745.6
119.682 302.94 745.603
118.035 397.779 701.081
117.995 397.779 701.083
115.518 486.288 645.055
115.478 486.289 645.057
112.211 567.073 578.405
112.171 567.073 578.408
108.166 638.858 502.184
108.126 638.859 502.186
103.446 700.513 417.593
103.406 700.513 417.595
98.1267 751.064 325.966
98.0868 751.065 325.968
92.2912 789.714 228.748
92.2513 789.715 228.75
86.0317 815.855 127.472
85.9918 815.855 127.475
79.4469 829.073 23.7362
79.407 829.073 23.7388
72.6406 829.16 -80.8242
72.6007 829.16 -80.8216
65.7203 816.114 -184.56
65.6803 816.115 -184.558
58.7949 790.142 -285.836
58.755 790.143 -285.833
51.9738 751.654 -383.054
51.9339 751.654 -383.051
45.3646 701.255 -474.681
45.3247 701.255 -474.678
39.0714 639.741 -559.272
39.0314 639.742 -559.269
33.1934 568.082 -635.493
33.1535 568.083 -635.491
27.8235 487.409 -702.142
27.7836 487.409 -702.14
23.0463 398.992 -758.169
23.0064 398.993 -758.166
18.9371 304.228 -802.688
18.8972 304.228 -802.686
15.5607 204.609 -834.999
15.5208 204.61 -834.997
12.9705 101.708 -854.592
12.9305 101.709 -854.59
CELLS 1176 4704
3 27 28 26
3 27 28 29
3 27 26 24
3 27 25 24
3 22 25 23
3 22 25 24
3 31 28 29
3 31 28 30
3 2 1 3
3 2 1 0
3 33 34 32
3 33 34 35
3 33 32 30
3 33 31 30
3 17 16 14
3 17 15 14
3 37 34 36
3 37 34 35
3 37 38 36
3 37 38 39
3 41 40 42
3 41 42 43
3 41 38 40
3 41 38 39
3 73 72 74
3 73 74 75
3 67 66 68
3 67 69 68
3 19 16 18
3 19 17 16
3 84 83 85
3 84 83 82
3 76 77 75
3 76 74 75
3 76 79 77
3 76 79 78
3 80 83 81
3 80 83 82
3 80 79 81
3 80 79 78
3 13 14 12
3 13 15 14
3 13 10 12
3 13 10 11
3 9 8 6
3 9 6 7
3 9 10 8
3 9 10 11
3 4 5 7
3 4 6 7
3 4 2 3
3 4 5 3
3 48 49 51
3 48 51 50
3 48 49 47
3 48 46 47
3 44 42 43
3 44 45 43
3 44 45 47
3 44 46 47
3 71 70 68
3 71 69 68
3 71 70 72
3 71 73 72
3 65 64 62
3 65 63 62
3 65 66 64
3 65 67 66
3 55 54 56
3 55 57 56
3 59 58 56
3 59 57 56
3 21 22 23
3 21 20 22
3 21 20 18
3 21 19 18
3 92 95 93
3 92 95 94
3 98 1 99
3 98 1 0
3 97 98 96
3 97 98 99
3 97 96 94
3 97 95 94
3 86 89 87
3 86 89 88
3 86 85 87
3 86 84 85
3 53 52 50
3 53 51 50
3 53 52 54
3 53 55 54
3 90 64 62
3 90 28 30
3 90 38 36
3 90 14 12
3 90 26 24
3 90 98 0
3 90 2 0
3 90 34 36
3 90 32 30
3 90 22 24
3 90 80 82
3 90 72 74
3 90 28 26
3 90 66 68
3 90 20 18
3 90 16 18
3 90 86 88
3 90 40 42
3 90 34 32
3 90 4 6
3 90 70 68
3 90 52 50
3 90 20 22
3 90 16 14
3 90 60 62
3 90 8 6
3 90 10 12
3 90 48 50
3 90 70 72
3 90 66 64
3 90 54 56
3 90 44 42
3 90 76 74
3 90 38 40
3 90 52 54
3 90 58 56
3 90 96 94
3 90 84 82
3 90 76 78
3 90 80 78
3 90 10 8
3 90 4 2
3 90 48 46
3 90 44 46
3 90 92 94
3 90 98 96
3 90 86 84
3 90 60 58
3 90 91 89
3 90 89 88
3 90 91 93
3 90 92 93
3 61 41 43
3 61 45 43
3 61 31 29
3 61 25 23
3 61 27 29
3 61 77 75
3 61 65 63
3 61 91 93
3 61 1 99
3 61 33 35
3 61 27 25
3 61 89 87
3 61 13 15
3 61 49 51
3 61 37 35
3 61 73 75
3 61 85 87
3 61 17 15
3 61 83 81
3 61 1 3
3 61 5 7
3 61 33 31
3 61 97 99
3 61 71 69
3 61 53 51
3 61 21 23
3 61 79 81
3 61 5 3
3 61 37 39
3 61 41 39
3 61 49 47
3 61 45 47
3 61 9 7
3 61 67 69
3 61 19 17
3 61 91 89
3 61 95 93
3 61 83 85
3 61 79 77
3 61 13 11
3 61 9 11
3 61 71 73
3 61 65 67
3 61 55 57
3 61 59 57
3 61 21 19
3 61 97 95
3 61 53 55
3 61 63 62
3 61 60 62
3 61 59 58
3 61 60 58
3 175 176 174
3 175 176 177
3 175 172 174
3 175 172 173
3 169 166 168
3 169 166 167
3 139 136 138
3 139 136 137
3 140 139 141
3 140 139 138
3 165 166 164
3 165 166 167
3 165 164 162
3 165 163 162
3 125 126 124
3 125 126 127
3 197 198 196
3 197 198 199
3 197 194 196
3 197 194 195
3 193 194 192
3 193 194 195
3 132 133 131
3 132 131 130
3 135 136 134
3 135 136 137
3 135 132 134
3 135 132 133
3 128 129 131
3 128 131 130
3 128 129 127
3 128 126 127
3 179 176 177
3 179 178 176
3 148 149 151
3 148 151 150
3 152 153 151
3 152 151 150
3 159 158 156
3 159 156 157
3 121 120 118
3 121 118 119
3 122 125 123
3 122 125 124
3 122 121 123
3 122 121 120
3 116 117 119
3 116 118 119
3 189 188 186
3 189 186 187
3 171 172 173
3 171 170 172
3 171 169 168
3 171 170 168
3 181 182 180
3 181 182 183
3 181 178 180
3 181 179 178
3 184 185 187
3 184 186 187
3 184 185 183
3 184 182 183
3 142 143 145
3 142 144 145
3 142 140 141
3 142 143 141
3 109 108 106
3 109 107 106
3 101 198 100
3 101 198 199
3 101 102 100
3 101 102 103
3 191 190 192
3 191 193 192
3 191 190 188
3 191 189 188
3 146 147 145
3 146 144 145
3 146 148 149
3 146 147 149
3 154 156 157
3 154 155 157
3 154 152 153
3 154 155 153
3 161 163 162
3 161 160 162
3 161 159 158
3 161 160 158
3 111 110 112
3 111 112 113
3 111 110 108
3 111 109 108
3 105 155 157
3 105 153 151
3 105 175 177
3 105 197 199
3 105 179 177
3 105 149 151
3 105 169 167
3 105 139 137
3 105 125 127
3 105 165 167
3 105 193 195
3 105 129 127
3 105 135 137
3 105 185 187
3 105 143 145
3 105 161 163
3 105 101 199
3 105 133 131
3 105 129 131
3 105 175 173
3 105 189 187
3 105 181 183
3 105 139 141
3 105 147 145
3 105 165 163
3 105 159 157
3 105 125 123
3 105 117 119
3 105 197 195
3 105 121 119
3 105 135 133
3 105 171 173
3 105 185 183
3 105 143 141
3 105 191 193
3 105 111 113
3 105 121 123
3 105 115 113
3 105 171 169
3 105 181 179
3 105 147 149
3 105 155 153
3 105 109 107
3 105 101 103
3 105 115 117
3 105 191 189
3 105 161 159
3 105 111 109
3 114 115 113
3 114 112 113
3 114 116 117
3 114 115 117
3 104 188 186
3 104 170 168
3 104 176 174
3 104 166 168
3 104 164 162
3 104 198 100
3 104 152 150
3 104 190 192
3 104 126 124
3 104 178 180
3 104 110 112
3 104 148 150
3 104 160 162
3 104 194 192
3 104 132 130
3 104 136 138
3 104 172 174
3 104 154 156
3 104 140 138
3 104 190 188
3 104 142 144
3 104 122 124
3 104 198 196
3 104 136 134
3 104 166 164
3 104 128 130
3 104 178 176
3 104 182 180
3 104 184 186
3 104 158 156
3 104 108 106
3 104 120 118
3 104 194 196
3 104 132 134
3 104 128 126
3 104 170 172
3 104 102 100
3 104 146 144
3 104 110 108
3 104 122 120
3 104 116 118
3 104 184 182
3 104 142 140
3 104 160 158
3 104 114 112
3 104 146 148
3 104 154 152
3 104 114 116
3 104 107 106
3 104 105 107
3 104 102 103
3 104 105 103
3 240 239 241
3 240 239 238
3 251 248 250
3 251 248 249
3 243 240 242
3 243 240 241
3 243 242 244
3 243 245 244
3 236 239 237
3 236 239 238
3 247 248 249
3 247 246 248
3 247 245 244
3 247 246 244
3 257 258 256
3 257 258 259
3 252 251 253
3 252 251 250
3 229 228 230
3 229 231 230
3 232 233 231
3 232 231 230
3 235 236 234
3 235 236 237
3 235 232 234
3 235 232 233
3 201 202 200
3 201 202 203
3 211 210 212
3 211 212 213
3 287 284 286
3 287 284 285
3 287 288 286
3 287 288 289
3 254 257 256
3 254 257 255
3 254 255 253
3 254 252 253
3 264 265 263
3 264 263 262
3 261 258 259
3 261 260 258
3 261 260 262
3 261 263 262
3 227 226 224
3 227 225 224
3 227 226 228
3 227 229 228
3 217 216 218
3 217 219 218
3 294 293 295
3 294 293 292
3 297 294 296
3 297 294 295
3 298 201 200
3 298 201 299
3 298 297 299
3 298 297 296
3 209 208 206
3 209 207 206
3 209 210 208
3 209 211 210
3 205 202 203
3 205 204 202
3 205 204 206
3 205 207 206
3 266 269 267
3 266 269 268
3 266 265 267
3 266 264 265
3 270 269 271
3 270 269 268
3 273 272 274
3 273 274 275
3 273 270 272
3 273 270 271
3 221 220 218
3 221 219 218
3 283 284 285
3 283 282 284
3 291 288 289
3 291 290 288
3 291 293 292
3 291 290 292
3 215 212 213
3 215 214 212
3 215 217 216
3 215 214 216
3 223 225 224
3 223 222 224
3 223 222 220
3 223 221 220
3 281 243 241
3 281 291 289
3 281 251 249
3 281 239 241
3 281 287 285
3 281 269 267
3 281 239 237
3 281 265 267
3 281 211 213
3 281 283 285
3 281 247 249
3 281 205 203
3 281 227 225
3 281 201 203
3 281 251 253
3 281 243 245
3 281 255 253
3 281 257 259
3 281 233 231
3 281 273 275
3 281 235 237
3 281 209 207
3 281 293 295
3 281 247 245
3 281 257 255
3 281 265 263
3 281 261 259
3 281 229 231
3 281 235 233
3 281 201 299
3 281 297 295
3 281 215 213
3 281 277 275
3 281 287 289
3 281 261 263
3 281 269 271
3 281 227 229
3 281 217 219
3 281 297 299
3 281 209 211
3 281 205 207
3 281 273 271
3 281 221 219
3 281 223 225
3 281 277 279
3 281 291 293
3 281 215 217
3 281 223 221
3 281 278 280
3 281 278 279
3 281 282 280
3 281 283 282
3 276 226 224
3 276 264 262
3 276 282 280
3 276 210 212
3 276 248 250
3 276 236 238
3 276 252 250
3 276 242 244
3 276 240 238
3 276 270 268
3 276 202 200
3 276 272 274
3 276 246 244
3 276 240 242
3 276 260 262
3 276 228 230
3 276 232 230
3 276 208 206
3 276 284 286
3 276 246 248
3 276 258 256
3 276 254 256
3 276 236 234
3 276 226 228
3 276 210 208
3 276 294 292
3 276 204 206
3 276 288 286
3 276 260 258
3 276 232 234
3 276 216 218
3 276 220 218
3 276 222 224
3 276 204 202
3 276 298 200
3 276 214 212
3 276 254 252
3 276 290 292
3 276 266 268
3 276 222 220
3 276 294 296
3 276 298 296
3 276 282 284
3 276 278 280
3 276 290 288
3 276 266 264
3 276 270 272
3 276 214 216
3 276 274 275
3 276 277 275
3 276 277 279
3 276 278 279
3 322 323 325
3 322 325 324
3 320 323 321
3 320 322 323
3 345 346 344
3 345 346 347
3 328 329 331
3 328 330 331
3 327 325 324
3 327 326 324
3 327 328 326
3 327 328 329
3 302 301 303
3 302 301 300
3 305 302 303
3 305 302 304
3 348 351 349
3 348 351 350
3 348 349 347
3 348 346 347
3 311 308 310
3 311 308 309
3 311 310 312
3 311 313 312
3 307 308 306
3 307 308 309
3 307 304 306
3 307 305 304
3 377 376 374
3 377 374 375
3 398 301 300
3 398 399 301
3 398 399 397
3 398 396 397
3 386 385 387
3 386 385 384
3 389 386 388
3 389 386 387
3 352 351 353
3 352 351 350
3 357 358 359
3 357 358 356
3 315 314 312
3 315 313 312
3 315 316 314
3 315 317 316
3 319 320 318
3 319 320 321
3 319 316 318
3 319 317 316
3 379 380 378
3 379 380 381
3 379 376 378
3 379 377 376
3 395 396 397
3 395 394 396
3 395 394 392
3 395 393 392
3 333 332 330
3 333 330 331
3 364 363 365
3 364 363 362
3 367 364 366
3 367 364 365
3 367 366 368
3 367 369 368
3 355 352 353
3 355 352 354
3 355 354 356
3 355 357 356
3 383 382 380
3 383 380 381
3 383 385 384
3 383 382 384
3 391 393 392
3 391 390 392
3 391 389 388
3 391 390 388
3 339 338 336
3 339 337 336
3 339 338 340
3 339 341 340
3 343 345 344
3 343 342 344
3 343 342 340
3 343 341 340
3 335 334 336
3 335 337 336
3 335 332 334
3 335 333 332
3 373 374 375
3 373 372 374
3 361 358 359
3 361 360 358
3 361 363 362
3 361 360 362
3 370 332 330
3 370 334 336
3 370 320 318
3 370 376 374
3 370 308 306
3 370 310 312
3 370 314 312
3 370 342 344
3 370 322 324
3 370 302 300
3 370 394 392
3 370 348 350
3 370 316 318
3 370 326 324
3 370 328 330
3 370 386 384
3 370 316 314
3 370 332 334
3 370 338 336
3 370 320 322
3 370 304 306
3 370 364 362
3 370 372 374
3 370 346 344
3 370 390 392
3 370 328 326
3 370 302 304
3 370 308 310
3 370 376 378
3 370 398 300
3 370 382 384
3 370 348 346
3 370 342 340
3 370 338 340
3 370 354 356
3 370 352 350
3 370 380 378
3 370 398 396
3 370 394 396
3 370 386 388
3 370 352 354
3 370 366 368
3 370 358 356
3 370 382 380
3 370 390 388
3 370 364 366
3 370 360 362
3 370 360 358
3 371 327 325
3 371 323 321
3 371 329 331
3 371 323 325
3 371 311 309
3 371 345 347
3 371 339 337
3 371 379 381
3 371 305 303
3 371 301 303
3 371 399 397
3 371 385 387
3 371 349 347
3 371 389 387
3 371 351 353
3 371 327 329
3 371 399 301
3 371 363 365
3 371 315 313
3 371 307 309
3 371 377 375
3 371 351 349
3 371 335 337
3 371 311 313
3 371 367 365
3 371 307 305
3 371 355 353
3 371 319 321
3 371 383 381
3 371 395 397
3 371 333 331
3 371 373 375
3 371 357 359
3 371 315 317
3 371 319 317
3 371 379 377
3 371 395 393
3 371 391 393
3 371 343 345
3 371 367 369
3 371 355 357
3 371 383 385
3 371 391 389
3 371 339 341
3 371 343 341
3 371 335 333
3 371 361 359
3 371 361 363
3 371 369 368
3 371 370 368
3 371 373 372
3 371 370 372
3 451 448 450
3 451 448 449
3 460 459 461
3 460 459 458
3 443 442 440
3 443 441 440
3 405 402 404
3 405 402 403
3 405 404 406
3 405 407 406
3 452 451 450
3 452 453 451
3 452 453 455
3 452 454 455
3 463 460 462
3 463 460 461
3 438 439 441
3 438 441 440
3 445 442 444
3 445 443 442
3 401 402 400
3 401 402 403
3 498 401 400
3 498 401 499
3 408 409 407
3 408 407 406
3 411 410 412
3 411 412 413
3 411 408 410
3 411 408 409
3 492 495 493
3 492 495 494
3 425 422 424
3 425 422 423
3 425 426 424
3 425 426 427
3 429 428 430
3 429 430 431
3 429 426 428
3 429 426 427
3 456 459 458
3 456 457 459
3 456 454 455
3 456 457 455
3 467 466 468
3 467 468 469
3 464 463 465
3 464 463 462
3 464 467 465
3 464 467 466
3 472 473 475
3 472 474 475
3 433 432 430
3 433 430 431
3 433 432 434
3 433 435 434
3 437 438 436
3 437 438 439
3 437 434 436
3 437 435 434
3 447 448 449
3 447 446 448
3 447 446 444
3 447 445 444
3 415 414 412
3 415 412 413
3 415 416 414
3 415 417 416
3 419 416 418
3 419 417 416
3 496 495 497
3 496 495 494
3 496 499 497
3 496 498 499
3 484 485 487
3 484 487 486
3 488 489 487
3 488 487 486
3 491 492 490
3 491 492 493
3 491 488 490
3 491 488 489
3 421 420 422
3 421 422 423
3 421 420 418
3 421 419 418
3 482 481 483
3 482 481 480
3 482 485 483
3 482 484 485
3 470 468 469
3 470 471 469
3 470 472 473
3 470 471 473
3 478 456 458
3 478 416 418
3 478 422 424
3 478 410 412
3 478 420 418
3 478 448 450
3 478 432 430
3 478 460 462
3 478 442 444
3 478 446 444
3 478 414 412
3 478 484 486
3 478 492 494
3 478 434 436
3 478 442 440
3 478 446 448
3 478 464 462
3 478 498 400
3 478 404 406
3 478 402 400
3 478 428 430
3 478 482 480
3 478 460 458
3 478 426 424
3 478 452 450
3 478 416 414
3 478 438 436
3 478 402 404
3 478 408 406
3 478 496 494
3 478 432 434
3 478 452 454
3 478 466 468
3 478 438 440
3 478 420 422
3 478 472 474
3 478 408 410
3 478 492 490
3 478 426 428
3 478 456 454
3 478 464 466
3 478 476 474
3 478 496 498
3 478 488 486
3 478 488 490
3 478 482 484
3 478 470 468
3 478 470 472
3 478 479 481
3 478 481 480
3 477 447 449
3 477 463 461
3 477 451 449
3 477 405 403
3 477 473 475
3 477 453 455
3 477 437 439
3 477 471 469
3 477 459 461
3 477 457 455
3 477 485 483
3 477 443 441
3 477 401 403
3 477 495 493
3 477 453 451
3 477 425 423
3 477 429 431
3 477 439 441
3 477 467 469
3 477 499 497
3 477 409 407
3 477 405 407
3 477 495 497
3 477 411 413
3 477 491 493
3 477 457 459
3 477 463 465
3 477 421 423
3 477 433 431
3 477 445 443
3 477 415 413
3 477 401 499
3 477 411 409
3 477 485 487
3 477 489 487
3 477 481 483
3 477 425 427
3 477 429 427
3 477 467 465
3 477 433 435
3 477 437 435
3 477 447 445
3 477 415 417
3 477 419 417
3 477 491 489
3 477 479 481
3 477 471 473
3 477 421 419
3 477 474 475
3 477 476 474
3 477 478 476
3 477 478 479
3 551 548 550
3 551 548 549
3 560 559 561
3 560 559 558
3 543 542 540
3 543 541 540
3 505 502 504
3 505 502 503
3 505 504 506
3 505 507 506
3 552 551 550
3 552 553 551
3 552 553 555
3 552 554 555
3 563 560 562
3 563 560 561
3 538 539 541
3 538 541 540
3 545 542 544
3 545 543 542
3 501 502 500
3 501 502 503
3 598 501 500
3 598 501 599
3 508 509 507
3 508 507 506
3 511 510 512
3 511 512 513
3 511 508 510
3 511 508 509
3 592 595 593
3 592 595 594
3 525 522 524
3 525 522 523
3 525 526 524
3 525 526 527
3 529 528 530
3 529 530 531
3 529 526 528
3 529 526 527
3 556 559 558
3 556 557 559
3 556 554 555
3 556 557 555
3 567 566 568
3 567 568 569
3 564 563 565
3 564 563 562
3 564 567 565
3 564 567 566
3 572 573 575
3 572 574 575
3 533 532 530
3 533 530 531
3 533 532 534
3 533 535 534
3 537 538 536
3 537 538 539
3 537 534 536
3 537 535 534
3 547 548 549
3 547 546 548
3 547 546 544
3 547 545 544
3 515 514 512
3 515 512 513
3 515 516 514
3 515 517 516
3 519 516 518
3 519 517 516
3 596 595 597
3 596 595 594
3 596 599 597
3 596 598 599
3 584 585 587
3 584 587 586
3 588 589 587
3 588 587 586
3 591 592 590
3 591 592 593
3 591 588 590
3 591 588 589
3 521 520 522
3 521 522 523
3 521 520 518
3 521 519 518
3 582 581 583
3 582 581 580
3 582 585 583
3 582 584 585
3 570 568 569
3 570 571 569
3 570 572 573
3 570 571 573
3 578 556 558
3 578 516 518
3 578 522 524
3 578 510 512
3 578 520 518
3 578 548 550
3 578 532 530
3 578 560 562
3 578 542 544
3 578 546 544
3 578 514 512
3 578 584 586
3 578 592 594
3 578 534 536
3 578 542 540
3 578 546 548
3 578 564 562
3 578 598 500
3 578 504 506
3 578 502 500
3 578 528 530
3 578 582 580
3 578 560 558
3 578 526 524
3 578 552 550
3 578 516 514
3 578 538 536
3 578 502 504
3 578 508 506
3 578 596 594
3 578 532 534
3 578 552 554
3 578 566 568
3 578 538 540
3 578 520 522
3 578 572 574
3 578 508 510
3 578 592 590
3 578 526 528
3 578 556 554
3 578 564 566
3 578 576 574
3 578 596 598
3 578 588 586
3 578 588 590
3 578 582 584
3 578 570 568
3 578 570 572
3 578 579 581
3 578 581 580
3 577 547 549
3 577 563 561
3 577 551 549
3 577 505 503
3 577 573 575
3 577 553 555
3 577 537 539
3 577 571 569
3 577 559 561
3 577 557 555
3 577 585 583
3 577 543 541
3 577 501 503
3 577 595 593
3 577 553 551
3 577 525 523
3 577 529 531
3 577 539 541
3 577 567 569
3 577 599 597
3 577 509 507
3 577 505 507
3 577 595 597
3 577 511 513
3 577 591 593
3 577 557 559
3 577 563 565
3 577 521 523
3 577 533 531
3 577 545 543
3 577 515 513
3 577 501 599
3 577 511 509
3 577 585 587
3 577 589 587
3 577 581 583
3 577 525 527
3 577 529 527
3 577 567 565
3 577 533 535
3 577 537 535
3 577 547 545
3 577 515 517
3 577 519 517
3 577 591 589
3 577 579 581
3 577 571 573
3 577 521 519
3 577 574 575
3 577 576 574
3 577 578 576
3 577 578 579
CELL_TYPES 1176
5 5 5 5 5 5 5 5 5 5 
5 5 5 5 5 5 5 5 5 5 
5 5 5 5 5 5 5 5 5 5 
5 5 5 5 5 5 5 5 5 5 
5 5 5 5 5 5 5 5 5 5 
5 5 5 5 5 5 5 5 5 5 
5 5 5 5 5 5 5 5 5 5 
5 5 5 5 5 5 5 5 5 5 
5 5 5 5 5 5 5 5 5 5 
5 5 5 5 5 5 5 5 5 5 
5 5 5 5 5 5 5 5 5 5 
5 5 5 5 5 5 5 5 5 5 
5 5 5 5 5 5 5 5 5 5 
5 5 5 5 5 5 5 5 5 5 
5 5 5 5 5 5 5 5 5 5 
5 5 5 5 5 5 5 5 5 5 
5 5 5 5 5 5 5 5 5 5 
5 5 5 5 5 5 5 5 5 5 
5 5 5 5 5 5 5 5 5 5 
5 5 5 5 5 5 5 5 5 5 
5 5 5 5 5 5 5 5 5 5 
5 5 5 5 5 5 5 5 5 5 
5 5 5 5 5 5 5 5 5 5 
5 5 5 5 5 5 5 5 5 5 
5 5 5 5 5 5 5 5 5 5 
5 5 5 5 5 5 5 5 5 5 
5 5 5 5 5 5 5 5 5 5 
5 5 5 5 5 5 5 5 5 5 
5 5 5 5 5 5 5 5 5 5 
5 5 5 5 5 5 5 5 5 5 
5 5 5 5 5 5 5 5 5 5 
5 5 5 5 5 5 5 5 5 5 
5 5 5 5 5 5 5 5 5 5 
5 5 5 5 5 5 5 5 5 5 
5 5 5 5 5 5 5 5 5 5 
5 5 5 5 5 5 5 5 5 5 
5 5 5 5 5 5 5 5 5 5 
5 5 5 5 5 5 5 5 5 5 
5 5 5 5 5 5 5 5 5 5 
5 5 5 5 5 5 5 5 5 5 
5 5 5 5 5 5 5 5 5 5 
5 5 5 5 5 5 5 5 5 5 
5 5 5 5 5 5 5 5 5 5 
5 5 5 5 5 5 5 5 5 5 
5 5 5 5 5 5 5 5 5 5 
5 5 5 5 5 5 5 5 5 5 
5 5 5 5 5 5 5 5 5 5 
5 5 5 5 5 5 5 5 5 5 
5 5 5 5 5 5 5 5 5 5 
5 5 5 5 5 5 5 5 5 5 
5 5 5 5 5 5 5 5 5 5 
5 5 5 5 5 5 5 5 5 5 
5 5 5 5 5 5 5 5 5 5 
5 5 5 5 5 5 5 5 5 5 
5 5 5 5 5 5 5 5 5 5 
5 5 5 5 5 5 5 5 5 5 
5 5 5 5 5 5 5 5 5 5 
5 5 5 5 5 5 5 5 5 5 
5 5 5 5 5 5 5 5 5 5 
5 5 5 5 5 5 5 5 5 5 
5 5 5 5 5 5 5 5 5 5 
5 5 5 5 5 5 5 5 5 5 
5 5 5 5 5 5 5 5 5 5 
5 5 5 5 5 5 5 5 5 5 
5 5 5 5 5 5 5 5 5 5 
5 5 5 5 5 5 5 5 5 5 
5 5 5 5 5 5 5 5 5 5 
5 5 5 5 5 5 5 5 5 5 
5 5 5 5 5 5 5 5 5 5 
5 5 5 5 5 5 5 5 5 5 
5 5 5 5 5 5 5 5 5 5 
5 5 5 5 5 5 5 5 5 5 
5 5 5 5 5 5 5 5 5 5 
5 5 5 5 5 5 5 5 5 5 
5 5 5 5 5 5 5 5 5 5 
5 5 5 5 5 5 5 5 5 5 
5 5 5 5 5 5 5 5 5 5 
5 5 5 5 5 5 5 5 5 5 
5 5 5 5 5 5 5 5 5 5 
5 5 5 5 5 5 5 5 5 5 
5 5 5 5 5 5 5 5 5 5 
5 5 5 5 5 5 5 5 5 5 
5 5 5 5 5 5 5 5 5 5 
5 5 5 5 5 5 5 5 5 5 
5 5 5 5 5 5 5 5 5 5 
5 5 5 5 5 5 5 5 5 5 
5 5 5 5 5 5 5 5 5 5 
5 5 5 5 5 5 5 5 5 5 
5 5 5 5 5 5 5 5 5 5 
5 5 5 5 5 5 5 5 5 5 
5 5 5 5 5 5 5 5 5 5 
5 5 5 5 5 5 5 5 5 5 
5 5 5 5 5 5 5 5 5 5 
5 5 5 5 5 5 5 5 5 5 
5 5 5 5 5 5 5 5 5 5 
5 5 5 5 5 5 5 5 5 5 
5 5 5 5 5 5 5 5 5 5 
5 5 5 5 5 5 5 5 5 5 
5 5 5 5 5 5 5 5 5 5 
5 5 5 5 5 5 5 5 5 5 
5 5 5 5 5 5 5 5 5 5 
5 5 5 5 5 5 5 5 5 5 
5 5 5 5 5 5 5 5 5 5 
5 5 5 5 5 5 5 5 5 5 
5 5 5 5 5 5 5 5 5 5 
5 5 5 5 5 5 5 5 5 5 
5 5 5 5 5 5 5 5 5 5 
5 5 5 5 5 5 5 5 5 5 
5 5 5 5 5 5 5 5 5 5 
5 5 5 5 5 5 5 5 5 5 
5 5 5 5 5 5 5 5 5 5 
5 5 5 5 5 5 5 5 5 5 
5 5 5 5 5 5 5 5 5 5 
5 5 5 5 5 5 5 5 5 5 
5 5 5 5 5 5 5 5 5 5 
5 5 5 5 5 5 5 5 5 5 
5 5 5 5 5 5 5 5 5 5 
5 5 5 5 5 5 
CELL_DATA 1176
SCALARS Face_Number float 1
LOOKUP_TABLE default
19 19 19 19 19 19 19 19 19 
19 19 19 19 19 19 19 19 19 19 
19 19 19 19 19 19 19 19 19 19 
19 19 19 19 19 19 19 19 19 19 
19 19 19 19 19 19 19 19 19 19 
19 19 19 19 19 19 19 19 19 19 
19 19 19 19 19 19 19 19 19 19 
19 19 19 19 19 19 19 19 19 19 
19 19 19 19 19 19 19 19 19 19 
19 19 19 19 19 19 19 19 19 19 
19 19 19 19 19 19 19 19 19 19 
19 19 19 19 19 19 19 19 19 19 
19 19 19 19 19 19 19 19 19 19 
19 19 19 19 19 19 19 19 19 19 
19 19 19 19 19 19 19 19 19 19 
19 19 19 19 19 19 19 19 19 19 
19 19 19 19 19 19 19 19 19 19 
19 19 19 19 19 19 19 19 19 19 
19 19 19 19 19 19 19 19 19 19 
19 19 19 19 19 19 19 22 22 22 
22 22 22 22 22 22 22 22 22 22 
22 22 22 22 22 22 22 22 22 22 
22 22 22 22 22 22 22 22 22 22 
22 22 22 22 22 22 22 22 22 22 
22 22 22 22 22 22 22 22 22 22 
22 22 22 22 22 22 22 22 22 22 
22 22 22 22 22 22 22 22 22 22 
22 22 22 22 22 22 22 22 22 22 
22 22 22 22 22 22 22 22 22 22 
22 22 22 22 22 22 22 22 22 22 
22 22 22 22 22 22 22 22 22 22 
22 22 22 22 22 22 22 22 22 22 
22 22 22 22 22 22 22 22 22 22 
22 22 22 22 22 22 22 22 22 22 
22 22 22 22 22 22 22 22 22 22 
22 22 22 22 22 22 22 22 22 22 
22 22 22 22 22 22 22 22 22 22 
22 22 22 22 22 22 22 22 22 22 
22 22 22 22 22 22 22 22 22 22 
22 22 22 26 26 26 26 26 26 26 
26 26 26 26 26 26 26 26 26 26 
26 26 26 26 26 26 26 26 26 26 
26 26 26 26 26 26 26 26 26 26 
26 26 26 26 26 26 26 26 26 26 
26 26 26 26 26 26 26 26 26 26 
26 26 26 26 26 26 26 26 26 26 
26 26 26 26 26 26 26 26 26 26 
26 26 26 26 26 26 26 26 26 26 
26 26 26 26 26 26 26 26 26 26 
26 26 26 26 26 26 26 26 26 26 
26 26 26 26 26 26 26 26 26 26 
26 26 26 26 26 26 26 26 26 26 
26 26 26 26 26 26 26 26 26 26 
26 26 26 26 26 26 26 26 26 26 
26 26 26 26 26 26 26 26 26 26 
26 26 26 26 26 26 26 26 26 26 
26 26 26 26 26 26 26 26 26 26 
26 26 26 26 26 26 26 26 26 26 
26 26 26 26 26 26 26 26 26 33 
33 33 33 33 33 33 33 33 33 33 
33 33 33 33 33 33 33 33 33 33 
33 33 33 33 33 33 33 33 33 33 
33 33 33 33 33 33 33 33 33 33 
33 33 33 33 33 33 33 33 33 33 
33 33 33 33 33 33 33 33 33 33 
33 33 33 33 33 33 33 33 33 33 
33 33 33 33 33 33 33 33 33 33 
33 33 33 33 33 33 33 33 33 33 
33 33 33 33 33 33 33 33 33 33 
33 33 33 33 33 33 33 33 33 33 
33 33 33 33 33 33 33 33 33 33 
33 33 33 33 33 33 33 33 33 33 
33 33 33 33 33 33 33 33 33 33 
33 33 33 33 33 33 33 33 33 33 
33 33 33 33 33 33 33 33 33 33 
33 33 33 33 33 33 33 33 33 33 
33 33 33 33 33 33 33 33 33 33 
33 33 33 33 33 33 33 33 33 33 
33 33 33 33 33 35 35 35 35 35 
35 35 35 35 35 35 35 35 35 35 
35 35 35 35 35 35 35 35 35 35 
35 35 35 35 35 35 35 35 35 35 
35 35 35 35 35 35 35 35 35 35 
35 35 35 35 35 35 35 35 35 35 
35 35 35 35 35 35 35 35 35 35 
35 35 35 35 35 35 35 35 35 35 
35 35 35 35 35 35 35 35 35 35 
35 35 35 35 35 35 35 35 35 35 
35 35 35 35 35 35 35 35 35 35 
35 35 35 35 35 35 35 35 35 35 
35 35 35 35 35 35 35 35 35 35 
35 35 35 35 35 35 35 35 35 35 
35 35 35 35 35 35 35 35 35 35 
35 35 35 35 35 35 35 35 35 35 
35 35 35 35 35 35 35 35 35 35 
35 35 35 35 35 35 35 35 35 35 
35 35 35 35 35 35 35 35 35 35 
35 35 35 35 35 35 35 35 35 35 
35 36 36 36 36 36 36 36 36 36 
36 36 36 36 36 36 36 36 36 36 
36 36 36 36 36 36 36 36 36 36 
36 36 36 36 36 36 36 36 36 36 
36 36 36 36 36 36 36 36 36 36 
36 36 36 36 36 36 36 36 36 36 
36 36 36 36 36 36 36 36 36 36 
36 36 36 36 36 36 36 36 36 36 
36 36 36 36 36 36 36 36 36 36 
36 36 36 36 36 36 36 36 36 36 
36 36 36 36 36 36 36 36 36 36 
36 36 36 36 36 36 36 36 36 36 
36 36 36 36 36 36 36 36 36 36 
36 36 36 36 36 36 36 36 36 36 
36 36 36 36 36 36 36 36 36 36 
36 36 36 36 36 36 36 36 36 36 
36 36 36 36 36 36 36 36 36 36 
36 36 36 36 36 36 36 36 36 36 
36 36 36 36 36 36 36 36 36 36 
36 36 36 36 36 36 36 SCALARS Node_Number float 1
LOOKUP_TABLE default
56 56 56 56 56 56 56 56 56 
56 56 56 56 56 56 56 56 56 56 
56 56 56 56 56 56 56 56 56 56 
56 56 56 56 56 56 56 56 56 56 
56 56 56 56 56 56 56 56 56 56 
56 56 56 56 56 56 56 56 56 56 
56 56 56 56 56 56 56 56 56 56 
56 56 56 56 56 56 56 56 56 56 
56 56 56 56 56 56 56 56 56 56 
56 56 56 56 56 56 56 56 56 56 
56 56 56 56 56 56 56 56 56 56 
56 56 56 56 56 56 56 56 56 56 
56 56 56 56 56 56 56 56 56 56 
56 56 56 56 56 56 56 56 56 56 
56 56 56 56 56 56 56 56 56 56 
56 56 56 56 56 56 56 56 56 56 
56 56 56 56 56 56 56 56 56 56 
56 56 56 56 56 56 56 56 56 56 
56 56 56 56 56 56 56 56 56 56 
56 56 56 56 56 56 56 59 59 59 
59 59 59 59 59 59 59 59 59 59 
59 59 59 59 59 59 59 59 59 59 
59 59 59 59 59 59 59 59 59 59 
59 59 59 59 59 59 59 59 59 59 
59 59 59 59 59 59 59 59 59 59 
59 59 59 59 59 59 59 59 59 59 
59 59 59 59 59 59 59 59 59 59 
59 59 59 59 59 59 59 59 59 59 
59 59 59 59 59 59 59 59 59 59 
59 59 59 59 59 59 59 59 59 59 
59 59 59 59 59 59 59 59 59 59 
59 59 59 59 59 59 59 59 59 59 
59 59 59 59 59 59 59 59 59 59 
59 59 59 59 59 59 59 59 59 59 
59 59 59 59 59 59 59 59 59 59 
59 59 59 59 59 59 59 59 59 59 
59 59 59 59 59 59 59 59 59 59 
59 59 59 59 59 59 59 59 59 59 
59 59 59 59 59 59 59 59 59 59 
59 59 59 46 46 46 46 46 46 46 
46 46 46 46 46 46 46 46 46 46 
46 46 46 46 46 46 46 46 46 46 
46 46 46 46 46 46 46 46 46 46 
46 46 46 46 46 46 46 46 46 46 
46 46 46 46 46 46 46 46 46 46 
46 46 46 46 46 46 46 46 46 46 
46 46 46 46 46 46 46 46 46 46 
46 46 46 46 46 46 46 46 46 46 
46 46 46 46 46 46 46 46 46 46 
46 46 46 46 46 46 46 46 46 46 
46 46 46 46 46 46 46 46 46 46 
46 46 46 46 46 46 46 46 46 46 
46 46 46 46 46 46 46 46 46 46 
46 46 46 46 46 46 46 46 46 46 
46 46 46 46 46 46 46 46 46 46 
46 46 46 46 46 46 46 46 46 46 
46 46 46 46 46 46 46 46 46 46 
46 46 46 46 46 46 46 46 46 46 
46 46 46 46 46 46 46 46 46 41 
41 41 41 41 41 41 41 41 41 41 
41 41 41 41 41 41 41 41 41 41 
41 41 41 41 41 41 41 41 41 41 
41 41 41 41 41 41 41 41 41 41 
41 41 41 41 41 41 41 41 41 41 
41 41 41 41 41 41 41 41 41 41 
41 41 41 41 41 41 41 41 41 41 
41 41 41 41 41 41 41 41 41 41 
41 41 41 41 41 41 41 41 41 41 
41 41 41 41 41 41 41 41 41 41 
41 41 41 41 41 41 41 41 41 41 
41 41 41 41 41 41 41 41 41 41 
41 41 41 41 41 41 41 41 41 41 
41 41 41 41 41 41 41 41 41 41 
41 41 41 41 41 41 41 41 41 41 
41 41 41 41 41 41 41 41 41 41 
41 41 41 41 41 41 41 41 41 41 
41 41 41 41 41 41 41 41 41 41 
41 41 41 41 41 41 41 41 41 41 
41 41 41 41 41 19 19 19 19 19 
19 19 19 19 19 19 19 19 19 19 
19 19 19 19 19 19 19 19 19 19 
19 19 19 19 19 19 19 19 19 19 
19 19 19 19 19 19 19 19 19 19 
19 19 19 19 19 19 19 19 19 19 
19 19 19 19 19 19 19 19 19 19 
19 19 19 19 19 19 19 19 19 19 
19 19 19 19 19 19 19 19 19 19 
19 19 19 19 19 19 19 19 19 19 
19 19 19 19 19 19 19 19 19 19 
19 19 19 19 19 19 19 19 19 19 
19 19 19 19 19 19 19 19 19 19 
19 19 19 19 19 19 19 19 19 19 
19 19 19 19 19 19 19 19 19 19 
19 19 19 19 19 19 19 19 19 19 
19 19 19 19 19 19 19 19 19 19 
19 19 19 19 19 19 19 19 19 19 
19 19 19 19 19 19 19 19 19 19 
19 19 19 19 19 19 19 19 19 19 
19 22 22 22 22 22 22 22 22 22 
22 22 22 22 22 22 22 22 22 22 
22 22 22 22 22 22 22 22 22 22 
22 22 22 22 22 22 22 22 22 22 
22 22 22 22 22 22 22 22 22 22 
22 22 22 22 22 22 22 22 22 22 
22 22 22 22 22 22 22 22 22 22 
22 22 22 22 22 22 22 22 22 22 
22 22 22 22 22 22 22 22 22 22 
22 22 22 22 22 22 22 22 22 22 
22 22 22 22 22 22 22 22 22 22 
22 22 22 22 22 22 22 22 22 22 
22 22 22 22 22 22 22 22 22 22 
22 22 22 22 22 22 22 22 22 22 
22 22 22 22 22 22 22 22 22 22 
22 22 22 22 22 22 22 22 22 22 
22 22 22 22 22 22 22 22 22 22 
22 22 22 22 22 22 22 22 22 22 
22 22 22 22 22 22 22 22 22 22 
22 22 22 22 22 22 22 SCALARS Type float 1
LOOKUP_TABLE default
1 1 1 1 1 1 1 1 1 
1 1 1 1 1 1 1 1 1 1 
1 1 1 1 1 1 1 1 1 1 
1 1 1 1 1 1 1 1 1 1 
1 1 1 1 1 1 1 1 1 1 
1 1 1 1 1 1 1 1 1 1 
1 1 1 1 1 1 1 1 1 1 
1 1 1 1 1 1 1 1 1 1 
1 1 1 1 1 1 1 1 1 1 
1 1 1 1 1 1 1 1 1 1 
1 1 1 1 1 1 1 1 1 1 
1 1 1 1 1 1 1 1 1 1 
1 1 1 1 1 1 1 1 1 1 
1 1 1 1 1 1 1 1 1 1 
1 1 1 1 1 1 1 1 1 1 
1 1 1 1 1 1 1 1 1 1 
1 1 1 1 1 1 1 1 1 1 
1 1 1 1 1 1 1 1 1 1 
1 1 1 1 1 1 1 1 1 1 
1 1 1 1 1 1 1 1 1 1 
1 1 1 1 1 1 1 1 1 1 
1 1 1 1 1 1 1 1 1 1 
1 1 1 1 1 1 1 1 1 1 
1 1 1 1 1 1 1 1 1 1 
1 1 1 1 1 1 1 1 1 1 
1 1 1 1 1 1 1 1 1 1 
1 1 1 1 1 1 1 1 1 1 
1 1 1 1 1 1 1 1 1 1 
1 1 1 1 1 1 1 1 1 1 
1 1 1 1 1 1 1 1 1 1 
1 1 1 1 1 1 1 1 1 1 
1 1 1 1 1 1 1 1 1 1 
1 1 1 1 1 1 1 1 1 1 
1 1 1 1 1 1 1 1 1 1 
1 1 1 1 1 1 1 1 1 1 
1 1 1 1 1 1 1 1 1 1 
1 1 1 1 1 1 1 1 1 1 
1 1 1 1 1 1 1 1 1 1 
1 1 1 1 1 1 1 1 1 1 
1 1 1 1 1 1 1 1 1 1 
1 1 1 1 1 1 1 1 1 1 
1 1 1 1 1 1 1 1 1 1 
1 1 1 1 1 1 1 1 1 1 
1 1 1 1 1 1 1 1 1 1 
1 1 1 1 1 1 1 1 1 1 
1 1 1 1 1 1 1 1 1 1 
1 1 1 1 1 1 1 1 1 1 
1 1 1 1 1 1 1 1 1 1 
1 1 1 1 1 1 1 1 1 1 
1 1 1 1 1 1 1 1 1 1 
1 1 1 1 1 1 1 1 1 1 
1 1 1 1 1 1 1 1 1 1 
1 1 1 1 1 1 1 1 1 1 
1 1 1 1 1 1 1 1 1 1 
1 1 1 1 1 1 1 1 1 1 
1 1 1 1 1 1 1 1 1 1 
1 1 1 1 1 1 1 1 1 1 
1 1 1 1 1 1 1 1 1 1 
1 1 1 1 1 1 1 1 1 1 
1 1 1 1 1 1 1 1 1 1 
1 1 1 1 1 1 1 1 1 1 
1 1 1 1 1 1 1 1 1 1 
1 1 1 1 1 1 1 1 1 1 
1 1 1 1 1 1 1 1 1 1 
1 1 1 1 1 1 1 1 1 1 
1 1 1 1 1 1 1 1 1 1 
1 1 1 1 1 1 1 1 1 1 
1 1 1 1 1 1 1 1 1 1 
1 1 1 1 1 1 1 1 1 1 
1 1 1 1 1 1 1 1 1 1 
1 1 1 1 1 1 1 1 1 1 
1 1 1 1 1 1 1 1 1 1 
1 1 1 1 1 1 1 1 1 1 
1 1 1 1 1 1 1 1 1 1 
1 1 1 1 1 1 1 1 1 1 
1 1 1 1 1 1 1 1 1 1 
1 1 1 1 1 1 1 1 1 1 
1 1 1 1 1 1 1 1 1 1 
1 1 1 1 1 2 2 2 2 2 
2 2 2 2 2 2 2 2 2 2 
2 2 2 2 2 2 2 2 2 2 
2 2 2 2 2 2 2 2 2 2 
2 2 2 2 2 2 2 2 2 2 
2 2 2 2 2 2 2 2 2 2 
2 2 2 2 2 2 2 2 2 2 
2 2 2 2 2 2 2 2 2 2 
2 2 2 2 2 2 2 2 2 2 
2 2 2 2 2 2 2 2 2 2 
2 2 2 2 2 2 2 2 2 2 
2 2 2 2 2 2 2 2 2 2 
2 2 2 2 2 2 2 2 2 2 
2 2 2 2 2 2 2 2 2 2 
2 2 2 2 2 2 2 2 2 2 
2 2 2 2 2 2 2 2 2 2 
2 2 2 2 2 2 2 2 2 2 
2 2 2 2 2 2 2 2 2 2 
2 2 2 2 2 2 2 2 2 2 
2 2 2 2 2 2 2 2 2 2 
2 2 2 2 2 2 2 2 2 2 
2 2 2 2 2 2 2 2 2 2 
2 2 2 2 2 2 2 2 2 2 
2 2 2 2 2 2 2 2 2 2 
2 2 2 2 2 2 2 2 2 2 
2 2 2 2 2 2 2 2 2 2 
2 2 2 2 2 2 2 2 2 2 
2 2 2 2 2 2 2 2 2 2 
2 2 2 2 2 2 2 2 2 2 
2 2 2 2 2 2 2 2 2 2 
2 2 2 2 2 2 2 2 2 2 
2 2 2 2 2 2 2 2 2 2 
2 2 2 2 2 2 2 2 2 2 
2 2 2 2 2 2 2 2 2 2 
2 2 2 2 2 2 2 2 2 2 
2 2 2 2 2 2 2 2 2 2 
2 2 2 2 2 2 2 2 2 2 
2 2 2 2 2 2 2 2 2 2 
2 2 2 2 2 2 2 2 2 2 
2 2 2 2 2 2 2 SCALARS Dilation_mm float 1
LOOKUP_TABLE default
0.101256 0.101256 0.101256 0.101256 0.101256 0.101256 0.101256 0.101256 0.101256 
0.101256 0.101256 0.101256 0.101256 0.101256 0.101256 0.101256 0.101256 0.101256 0.101256 
0.101256 0.101256 0.101256 0.101256 0.101256 0.101256 0.101256 0.101256 0.101256 0.101256 
0.101256 0.101256 0.101256 0.101256 0.101256 0.101256 0.101256 0.101256 0.101256 0.101256 
0.101256 0.101256 0.101256 0.101256 0.101256 0.101256 0.101256 0.101256 0.101256 0.101256 
0.101256 0.101256 0.101256 0.101256 0.101256 0.101256 0.101256 0.101256 0.101256 0.101256 
0.101256 0.101256 0.101256 0.101256 0.101256 0.101256 0.101256 0.101256 0.101256 0.101256 
0.101256 0.101256 0.101256 0.101256 0.101256 0.101256 0.101256 0.101256 0.101256 0.101256 
0.101256 0.101256 0.101256 0.101256 0.101256 0.101256 0.101256 0.101256 0.101256 0.101256 
0.101256 0.101256 0.101256 0.101256 0.101256 0.101256 0.101256 0.101256 0.101256 0.101256 
0.101256 0.101256 0.101256 0.101256 0.101256 0.101256 0.101256 0.101256 0.101256 0.101256 
0.101256 0.101256 0.101256 0.101256 0.101256 0.101256 0.101256 0.101256 0.101256 0.101256 
0.101256 0.101256 0.101256 0.101256 0.101256 0.101256 0.101256 0.101256 0.101256 0.101256 
0.101256 0.101256 0.101256 0.101256 0.101256 0.101256 0.101256 0.101256 0.101256 0.101256 
0.101256 0.101256 0.101256 0.101256 0.101256 0.101256 0.101256 0.101256 0.101256 0.101256 
0.101256 0.101256 0.101256 0.101256 0.101256 0.101256 0.101256 0.101256 0.101256 0.101256 
0.101256 0.101256 0.101256 0.101256 0.101256 0.101256 0.101256 0.101256 0.101256 0.101256 
0.101256 0.101256 0.101256 0.101256 0.101256 0.101256 0.101256 0.101256 0.101256 0.101256 
0.101256 0.101256 0.101256 0.101256 0.101256 0.101256 0.101256 0.101256 0.101256 0.101256 
0.101256 0.101256 0.101256 0.101256 0.101256 0.101256 0.101256 0.155754 0.155754 0.155754 
0.155754 0.155754 0.155754 0.155754 0.155754 0.155754 0.155754 0.155754 0.155754 0.155754 
0.155754 0.155754 0.155754 0.155754 0.155754 0.155754 0.155754 0.155754 0.155754 0.155754 
0.155754 0.155754 0.155754 0.155754 0.155754 0.155754 0.155754 0.155754 0.155754 0.155754 
0.155754 0.155754 0.155754 0.155754 0.155754 0.155754 0.155754 0.155754 0.155754 0.155754 
0.155754 0.155754 0.155754 0.155754 0.155754 0.155754 0.155754 0.155754 0.155754 0.155754 
0.155754 0.155754 0.155754 0.155754 0.155754 0.155754 0.155754 0.155754 0.155754 0.155754 
0.155754 0.155754 0.155754 0.155754 0.155754 0.155754 0.155754 0.155754 0.155754 0.155754 
0.155754 0.155754 0.155754 0.155754 0.155754 0.155754 0.155754 0.155754 0.155754 0.155754 
0.155754 0.155754 0.155754 0.155754 0.155754 0.155754 0.155754 0.155754 0.155754 0.155754 
0.155754 0.155754 0.155754 0.155754 0.155754 0.155754 0.155754 0.155754 0.155754 0.155754 
0.155754 0.155754 0.155754 0.155754 0.155754 0.155754 0.155754 0.155754 0.155754 0.155754 
0.155754 0.155754 0.155754 0.155754 0.155754 0.155754 0.155754 0.155754 0.155754 0.155754 
0.155754 0.155754 0.155754 0.155754 0.155754 0.155754 0.155754 0.155754 0.155754 0.155754 
0.155754 0.155754 0.155754 0.155754 0.155754 0.155754 0.155754 0.155754 0.155754 0.155754 
0.155754 0.155754 0.155754 0.155754 0.155754 0.155754 0.155754 0.155754 0.155754 0.155754 
0.155754 0.155754 0.155754 0.155754 0.155754 0.155754 0.155754 0.155754 0.155754 0.155754 
0.155754 0.155754 0.155754 0.155754 0.155754 0.155754 0.155754 0.155754 0.155754 0.155754 
0.155754 0.155754 0.155754 0.155754 0.155754 0.155754 0.155754 0.155754 0.155754 0.155754 
0.155754 0.155754 0.155754 0.155754 0.155754 0.155754 0.155754 0.155754 0.155754 0.155754 
0.155754 0.155754 0.155754 0.0444192 0.0444192 0.0444192 0.0444192 0.0444192 0.0444192 0.0444192 
0.0444192 0.0444192 0.0444192 0.0444192 0.0444192 0.0444192 0.0444192 0.0444192 0.0444192 0.0444192 
0.0444192 0.0444192 0.0444192 0.0444192 0.0444192 0.0444192 0.0444192 0.0444192 0.0444192 0.0444192 
0.0444192 0.0444192 0.0444192 0.0444192 0.0444192 0.0444192 0.0444192 0.0444192 0.0444192 0.0444192 
0.0444192 0.0444192 0.0444192 0.0444192 0.0444192 0.0444192 0.0444192 0.0444192 0.0444192 0.0444192 
0.0444192 0.0444192 0.0444192 0.0444192 0.0444192 0.0444192 0.0444192 0.0444192 0.0444192 0.0444192 
0.0444192 0.0444192 0.0444192 0.0444192 0.0444192 0.0444192 0.0444192 0.0444192 0.0444192 0.0444192 
0.0444192 0.0444192 0.0444192 0.0444192 0.0444192 0.0444192 0.0444192 0.0444192 0.0444192 0.0444192 
0.0444192 0.0444192 0.0444192 0.0444192 0.0444192 0.0444192 0.0444192 0.0444192 0.0444192 0.0444192 
0.0444192 0.0444192 0.0444192 0.0444192 0.0444192 0.0444192 0.0444192 0.0444192 0.0444192 0.0444192 
0.0444192 0.0444192 0.0444192 0.0444192 0.0444192 0.0444192 0.0444192 0.0444192 0.0444192 0.0444192 
0.0444192 0.0444192 0.0444192 0.0444192 0.0444192 0.0444192 0.0444192 0.0444192 0.0444192 0.0444192 
0.0444192 0.0444192 0.0444192 0.0444192 0.0444192 0.0444192 0.0444192 0.0444192 0.0444192 0.0444192 
0.0444192 0.0444192 0.0444192 0.0444192 0.0444192 0.0444192 0.0444192 0.0444192 0.0444192 0.0444192 
0.0444192 0.0444192 0.0444192 0.0444192 0.0444192 0.0444192 0.0444192 0.0444192 0.0444192 0.0444192 
0.0444192 0.0444192 0.0444192 0.0444192 0.0444192 0.0444192 0.0444192 0.0444192 0.0444192 0.0444192 
0.0444192 0.0444192 0.0444192 0.0444192 0.0444192 0.0444192 0.0444192 0.0444192 0.0444192 0.0444192 
0.0444192 0.0444192 0.0444192 0.0444192 0.0444192 0.0444192 0.0444192 0.0444192 0.0444192 0.0444192 
0.0444192 0.0444192 0.0444192 0.0444192 0.0444192 0.0444192 0.0444192 0.0444192 0.0444192 0.0444192 
0.0444192 0.0444192 0.0444192 0.0444192 0.0444192 0.0444192 0.0444192 0.0444192 0.0444192 2.14612 
2.14612 2.14612 2.14612 2.14612 2.14612 2.14612 2.14612 2.14612 2.14612 2.14612 
2.14612 2.14612 2.14612 2.14612 2.14612 2.14612 2.14612 2.14612 2.14612 2.14612 
2.14612 2.14612 2.14612 2.14612 2.14612 2.14612 2.14612 2.14612 2.14612 2.14612 
2.14612 2.14612 2.14612 2.14612 2.14612 2.14612 2.14612 2.14612 2.14612 2.14612 
2.14612 2.14612 2.14612 2.14612 2.14612 2.14612 2.14612 2.14612 2.14612 2.14612 
2.14612 2.14612 2.14612 2.14612 2.14612 2.14612 2.14612 2.14612 2.14612 2.14612 
2.14612 2.14612 2.14612 2.14612 2.14612 2.14612 2.14612 2.14612 2.14612 2.14612 
2.14612 2.14612 2.14612 2.14612 2.14612 2.14612 2.14612 2.14612 2.14612 2.14612 
2.14612 2.14612 2.14612 2.14612 2.14612 2.14612 2.14612 2.14612 2.14612 2.14612 
2.14612 2.14612 2.14612 2.14612 2.14612 2.14612 2.14612 2.14612 2.14612 2.14612 
2.14612 2.14612 2.14612 2.14612 2.14612 2.14612 2.14612 2.14612 2.14612 2.14612 
2.14612 2.14612 2.14612 2.14612 2.14612 2.14612 2.14612 2.14612 2.14612 2.14612 
2.14612 2.14612 2.14612 2.14612 2.14612 2.14612 2.14612 2.14612 2.14612 2.14612 
2.14612 2.14612 2.14612 2.14612 2.14612 2.14612 2.14612 2.14612 2.14612 2.14612 
2.14612 2.14612 2.14612 2.14612 2.14612 2.14612 2.14612 2.14612 2.14612 2.14612 
2.14612 2.14612 2.14612 2.14612 2.14612 2.14612 2.14612 2.14612 2.14612 2.14612 
2.14612 2.14612 2.14612 2.14612 2.14612 2.14612 2.14612 2.14612 2.14612 2.14612 
2.14612 2.14612 2.14612 2.14612 2.14612 2.14612 2.14612 2.14612 2.14612 2.14612 
2.14612 2.14612 2.14612 2.14612 2.14612 2.14612 2.14612 2.14612 2.14612 2.14612 
2.14612 2.14612 2.14612 2.14612 2.14612 0.551834 0.551834 0.551834 0.551834 0.551834 
0.551834 0.551834 0.551834 0.551834 0.551834 0.551834 0.551834 0.551834 0.551834 0.551834 
0.551834 0.551834 0.551834 0.551834 0.551834 0.551834 0.551834 0.551834 0.551834 0.551834 
0.551834 0.551834 0.551834 0.551834 0.551834 0.551834 0.551834 0.551834 0.551834 0.551834 
0.551834 0.551834 0.551834 0.551834 0.551834 0.551834 0.551834 0.551834 0.551834 0.551834 
0.551834 0.551834 0.551834 0.551834 0.551834 0.551834 0.551834 0.551834 0.551834 0.551834 
0.551834 0.551834 0.551834 0.551834 0.551834 0.551834 0.551834 0.551834 0.551834 0.551834 
0.551834 0.551834 0.551834 0.551834 0.551834 0.551834 0.551834 0.551834 0.551834 0.551834 
0.551834 0.551834 0.551834 0.551834 0.551834 0.551834 0.551834 0.551834 0.551834 0.551834 
0.551834 0.551834 0.551834 0.551834 0.551834 0.551834 0.551834 0.551834 0.551834 0.551834 
0.551834 0.551834 0.551834 0.551834 0.551834 0.551834 0.551834 0.551834 0.551834 0.551834 
0.551834 0.551834 0.551834 0.551834 0.551834 0.551834 0.551834 0.551834 0.551834 0.551834 
0.551834 0.551834 0.551834 0.551834 0.551834 0.551834 0.551834 0.551834 0.551834 0.551834 
0.551834 0.551834 0.551834 0.551834 0.551834 0.551834 0.551834 0.551834 0.551834 0.551834 
0.551834 0.551834 0.551834 0.551834 0.551834 0.551834 0.551834 0.551834 0.551834 0.551834 
0.551834 0.551834 0.551834 0.551834 0.551834 0.551834 0.551834 0.551834 0.551834 0.551834 
0.551834 0.551834 0.551834 0.551834 0.551834 0.551834 0.551834 0.551834 0.551834 0.551834 
0.551834 0.551834 0.551834 0.551834 0.551834 0.551834 0.551834 0.551834 0.551834 0.551834 
0.551834 0.551834 0.551834 0.551834 0.551834 0.551834 0.551834 0.551834 0.551834 0.551834 
0.551834 0.551834 0.551834 0.551834 0.551834 0.551834 0.551834 0.551834 0.551834 0.551834 
0.551834 0.198296 0.198296 0.198296 0.198296 0.198296 0.198296 0.198296 0.198296 0.198296 
0.198296 0.198296 0.198296 0.198296 0.198296 0.198296 0.198296 0.198296 0.198296 0.198296 
0.198296 0.198296 0.198296 0.198296 0.198296 0.198296 0.198296 0.198296 0.198296 0.198296 
0.198296 0.198296 0.198296 0.198296 0.198296 0.198296 0.198296 0.198296 0.198296 0.198296 
0.198296 0.198296 0.198296 0.198296 0.198296 0.198296 0.198296 0.198296 0.198296 0.198296 
0.198296 0.198296 0.198296 0.198296 0.198296 0.198296 0.198296 0.198296 0.198296 0.198296 
0.198296 0.198296 0.198296 0.198296 0.198296 0.198296 0.198296 0.198296 0.198296 0.198296 
0.198296 0.198296 0.198296 0.198296 0.198296 0.198296 0.198296 0.198296 0.198296 0.198296 
0.198296 0.198296 0.198296 0.198296 0.198296 0.198296 0.198296 0.198296 0.198296 0.198296 
0.198296 0.198296 0.198296 0.198296 0.198296 0.198296 0.198296 0.198296 0.198296 0.198296 
0.198296 0.198296 0.198296 0.198296 0.198296 0.198296 0.198296 0.198296 0.198296 0.198296 
0.198296 0.198296 0.198296 0.198296 0.198296 0.198296 0.198296 0.198296 0.198296 0.198296 
0.198296 0.198296 0.198296 0.198296 0.198296 0.198296 0.198296 0.198296 0.198296 0.198296 
0.198296 0.198296 0.198296 0.198296 0.198296 0.198296 0.198296 0.198296 0.198296 0.198296 
0.198296 0.198296 0.198296 0.198296 0.198296 0.198296 0.198296 0.198296 0.198296 0.198296 
0.198296 0.198296 0.198296 0.198296 0.198296 0.198296 0.198296 0.198296 0.198296 0.198296 
0.198296 0.198296 0.198296 0.198296 0.198296 0.198296 0.198296 0.198296 0.198296 0.198296 
0.198296 0.198296 0.198296 0.198296 0.198296 0.198296 0.198296 0.198296 0.198296 0.198296 
0.198296 0.198296 0.198296 0.198296 0.198296 0.198296 0.198296 0.198296 0.198296 0.198296 
0.198296 0.198296 0.198296 0.198296 0.198296 0.198296 0.198296 SCALARS Hydraulic_mm float 1
LOOKUP_TABLE default
0.0501263 0.0501263 0.0501263 0.0501263 0.0501263 0.0501263 0.0501263 0.0501263 0.0501263 
0.0501263 0.0501263 0.0501263 0.0501263 0.0501263 0.0501263 0.0501263 0.0501263 0.0501263 0.0501263 
0.0501263 0.0501263 0.0501263 0.0501263 0.0501263 0.0501263 0.0501263 0.0501263 0.0501263 0.0501263 
0.0501263 0.0501263 0.0501263 0.0501263 0.0501263 0.0501263 0.0501263 0.0501263 0.0501263 0.0501263 
0.0501263 0.0501263 0.0501263 0.0501263 0.0501263 0.0501263 0.0501263 0.0501263 0.0501263 0.0501263 
0.0501263 0.0501263 0.0501263 0.0501263 0.0501263 0.0501263 0.0501263 0.0501263 0.0501263 0.0501263 
0.0501263 0.0501263 0.0501263 0.0501263 0.0501263 0.0501263 0.0501263 0.0501263 0.0501263 0.0501263 
0.0501263 0.0501263 0.0501263 0.0501263 0.0501263 0.0501263 0.0501263 0.0501263 0.0501263 0.0501263 
0.0501263 0.0501263 0.0501263 0.0501263 0.0501263 0.0501263 0.0501263 0.0501263 0.0501263 0.0501263 
0.0501263 0.0501263 0.0501263 0.0501263 0.0501263 0.0501263 0.0501263 0.0501263 0.0501263 0.0501263 
0.0501263 0.0501263 0.0501263 0.0501263 0.0501263 0.0501263 0.0501263 0.0501263 0.0501263 0.0501263 
0.0501263 0.0501263 0.0501263 0.0501263 0.0501263 0.0501263 0.0501263 0.0501263 0.0501263 0.0501263 
0.0501263 0.0501263 0.0501263 0.0501263 0.0501263 0.0501263 0.0501263 0.0501263 0.0501263 0.0501263 
0.0501263 0.0501263 0.0501263 0.0501263 0.0501263 0.0501263 0.0501263 0.0501263 0.0501263 0.0501263 
0.0501263 0.0501263 0.0501263 0.0501263 0.0501263 0.0501263 0.0501263 0.0501263 0.0501263 0.0501263 
0.0501263 0.0501263 0.0501263 0.0501263 0.0501263 0.0501263 0.0501263 0.0501263 0.0501263 0.0501263 
0.0501263 0.0501263 0.0501263 0.0501263 0.0501263 0.0501263 0.0501263 0.0501263 0.0501263 0.0501263 
0.0501263 0.0501263 0.0501263 0.0501263 0.0501263 0.0501263 0.0501263 0.0501263 0.0501263 0.0501263 
0.0501263 0.0501263 0.0501263 0.0501263 0.0501263 0.0501263 0.0501263 0.0501263 0.0501263 0.0501263 
0.0501263 0.0501263 0.0501263 0.0501263 0.0501263 0.0501263 0.0501263 0.00257222 0.00257222 0.00257222 
0.00257222 0.00257222 0.00257222 0.00257222 0.00257222 0.00257222 0.00257222 0.00257222 0.00257222 0.00257222 
0.00257222 0.00257222 0.00257222 0.00257222 0.00257222 0.00257222 0.00257222 0.00257222 0.00257222 0.00257222 
0.00257222 0.00257222 0.00257222 0.00257222 0.00257222 0.00257222 0.00257222 0.00257222 0.00257222 0.00257222 
0.00257222 0.00257222 0.00257222 0.00257222 0.00257222 0.00257222 0.00257222 0.00257222 0.00257222 0.00257222 
0.00257222 0.00257222 0.00257222 0.00257222 0.00257222 0.00257222 0.00257222 0.00257222 0.00257222 0.00257222 
0.00257222 0.00257222 0.00257222 0.00257222 0.00257222 0.00257222 0.00257222 0.00257222 0.00257222 0.00257222 
0.00257222 0.00257222 0.00257222 0.00257222 0.00257222 0.00257222 0.00257222 0.00257222 0.00257222 0.00257222 
0.00257222 0.00257222 0.00257222 0.00257222 0.00257222 0.00257222 0.00257222 0.00257222 0.00257222 0.00257222 
0.00257222 0.00257222 0.00257222 0.00257222 0.00257222 0.00257222 0.00257222 0.00257222 0.00257222 0.00257222 
0.00257222 0.00257222 0.00257222 0.00257222 0.00257222 0.00257222 0.00257222 0.00257222 0.00257222 0.00257222 
0.00257222 0.00257222 0.00257222 0.00257222 0.00257222 0.00257222 0.00257222 0.00257222 0.00257222 0.00257222 
0.00257222 0.00257222 0.00257222 0.00257222 0.00257222 0.00257222 0.00257222 0.00257222 0.00257222 0.00257222 
0.00257222 0.00257222 0.00257222 0.00257222 0.00257222 0.00257222 0.00257222 0.00257222 0.00257222 0.00257222 
0.00257222 0.00257222 0.00257222 0.00257222 0.00257222 0.00257222 0.00257222 0.00257222 0.00257222 0.00257222 
0.00257222 0.00257222 0.00257222 0.00257222 0.00257222 0.00257222 0.00257222 0.00257222 0.00257222 0.00257222 
0.00257222 0.00257222 0.00257222 0.00257222 0.00257222 0.00257222 0.00257222 0.00257222 0.00257222 0.00257222 
0.00257222 0.00257222 0.00257222 0.00257222 0.00257222 0.00257222 0.00257222 0.00257222 0.00257222 0.00257222 
0.00257222 0.00257222 0.00257222 0.00257222 0.00257222 0.00257222 0.00257222 0.00257222 0.00257222 0.00257222 
0.00257222 0.00257222 0.00257222 0.00257222 0.00257222 0.00257222 0.00257222 0.00257222 0.00257222 0.00257222 
0.00257222 0.00257222 0.00257222 0.0319935 0.0319935 0.0319935 0.0319935 0.0319935 0.0319935 0.0319935 
0.0319935 0.0319935 0.0319935 0.0319935 0.0319935 0.0319935 0.0319935 0.0319935 0.0319935 0.0319935 
0.0319935 0.0319935 0.0319935 0.0319935 0.0319935 0.0319935 0.0319935 0.0319935 0.0319935 0.0319935 
0.0319935 0.0319935 0.0319935 0.0319935 0.0319935 0.0319935 0.0319935 0.0319935 0.0319935 0.0319935 
0.0319935 0.0319935 0.0319935 0.0319935 0.0319935 0.0319935 0.0319935 0.0319935 0.0319935 0.0319935 
0.0319935 0.0319935 0.0319935 0.0319935 0.0319935 0.0319935 0.0319935 0.0319935 0.0319935 0.0319935 
0.0319935 0.0319935 0.0319935 0.0319935 0.0319935 0.0319935 0.0319935 0.0319935 0.0319935 0.0319935 
0.0319935 0.0319935 0.0319935 0.0319935 0.0319935 0.0319935 0.0319935 0.0319935 0.0319935 0.0319935 
0.0319935 0.0319935 0.0319935 0.0319935 0.0319935 0.0319935 0.0319935 0.0319935 0.0319935 0.0319935 
0.0319935 0.0319935 0.0319935 0.0319935 0.0319935 0.0319935 0.0319935 0.0319935 0.0319935 0.0319935 
0.0319935 0.0319935 0.0319935 0.0319935 0.0319935 0.0319935 0.0319935 0.0319935 0.0319935 0.0319935 
0.0319935 0.0319935 0.0319935 0.0319935 0.0319935 0.0319935 0.0319935 0.0319935 0.0319935 0.0319935 
0.0319935 0.0319935 0.0319935 0.0319935 0.0319935 0.0319935 0.0319935 0.0319935 0.0319935 0.0319935 
0.0319935 0.0319935 0.0319935 0.0319935 0.0319935 0.0319935 0.0319935 0.0319935 0.0319935 0.0319935 
0.0319935 0.0319935 0.0319935 0.0319935 0.0319935 0.0319935 0.0319935 0.0319935 0.0319935 0.0319935 
0.0319935 0.0319935 0.0319935 0.0319935 0.0319935 0.0319935 0.0319935 0.0319935 0.0319935 0.0319935 
0.0319935 0.0319935 0.0319935 0.0319935 0.0319935 0.0319935 0.0319935 0.0319935 0.0319935 0.0319935 
0.0319935 0.0319935 0.0319935 0.0319935 0.0319935 0.0319935 0.0319935 0.0319935 0.0319935 0.0319935 
0.0319935 0.0319935 0.0319935 0.0319935 0.0319935 0.0319935 0.0319935 0.0319935 0.0319935 0.0319935 
0.0319935 0.0319935 0.0319935 0.0319935 0.0319935 0.0319935 0.0319935 0.0319935 0.0319935 1.81709 
1.81709 1.81709 1.81709 1.81709 1.81709 1.81709 1.81709 1.81709 1.81709 1.81709 
1.81709 1.81709 1.81709 1.81709 1.81709 1.81709 1.81709 1.81709 1.81709 1.81709 
1.81709 1.81709 1.81709 1.81709 1.81709 1.81709 1.81709 1.81709 1.81709 1.81709 
1.81709 1.81709 1.81709 1.81709 1.81709 1.81709 1.81709 1.81709 1.81709 1.81709 
1.81709 1.81709 1.81709 1.81709 1.81709 1.81709 1.81709 1.81709 1.81709 1.81709 
1.81709 1.81709 1.81709 1.81709 1.81709 1.81709 1.81709 1.81709 1.81709 1.81709 
1.81709 1.81709 1.81709 1.81709 1.81709 1.81709 1.81709 1.81709 1.81709 1.81709 
1.81709 1.81709 1.81709 1.81709 1.81709 1.81709 1.81709 1.81709 1.81709 1.81709 
1.81709 1.81709 1.81709 1.81709 1.81709 1.81709 1.81709 1.81709 1.81709 1.81709 
1.81709 1.81709 1.81709 1.81709 1.81709 1.81709 1.81709 1.81709 1.81709 1.81709 
1.81709 1.81709 1.81709 1.81709 1.81709 1.81709 1.81709 1.81709 1.81709 1.81709 
1.81709 1.81709 1.81709 1.81709 1.81709 1.81709 1.81709 1.81709 1.81709 1.81709 
1.81709 1.81709 1.81709 1.81709 1.81709 1.81709 1.81709 1.81709 1.81709 1.81709 
1.81709 1.81709 1.81709 1.81709 1.81709 1.81709 1.81709 1.81709 1.81709 1.81709 
1.81709 1.81709 1.81709 1.81709 1.81709 1.81709 1.81709 1.81709 1.81709 1.81709 
1.81709 1.81709 1.81709 1.81709 1.81709 1.81709 1.81709 1.81709 1.81709 1.81709 
1.81709 1.81709 1.81709 1.81709 1.81709 1.81709 1.81709 1.81709 1.81709 1.81709 
1.81709 1.81709 1.81709 1.81709 1.81709 1.81709 1.81709 1.81709 1.81709 1.81709 
1.81709 1.81709 1.81709 1.81709 1.81709 1.81709 1.81709 1.81709 1.81709 1.81709 
1.81709 1.81709 1.81709 1.81709 1.81709 0.29636 0.29636 0.29636 0.29636 0.29636 
0.29636 0.29636 0.29636 0.29636 0.29636 0.29636 0.29636 0.29636 0.29636 0.29636 
0.29636 0.29636 0.29636 0.29636 0.29636 0.29636 0.29636 0.29636 0.29636 0.29636 
0.29636 0.29636 0.29636 0.29636 0.29636 0.29636 0.29636 0.29636 0.29636 0.29636 
0.29636 0.29636 0.29636 0.29636 0.29636 0.29636 0.29636 0.29636 0.29636 0.29636 
0.29636 0.29636 0.29636 0.29636 0.29636 0.29636 0.29636 0.29636 0.29636 0.29636 
0.29636 0.29636 0.29636 0.29636 0.29636 0.29636 0.29636 0.29636 0.29636 0.29636 
0.29636 0.29636 0.29636 0.29636 0.29636 0.29636 0.29636 0.29636 0.29636 0.29636 
0.29636 0.29636 0.29636 0.29636 0.29636 0.29636 0.29636 0.29636 0.29636 0.29636 
0.29636 0.29636 0.29636 0.29636 0.29636 0.29636 0.29636 0.29636 0.29636 0.29636 
0.29636 0.29636 0.29636 0.29636 0.29636 0.29636 0.29636 0.29636 0.29636 0.29636 
0.29636 0.29636 0.29636 0.29636 0.29636 0.29636 0.29636 0.29636 0.29636 0.29636 
0.29636 0.29636 0.29636 0.29636 0.29636 0.29636 0.29636 0.29636 0.29636 0.29636 
0.29636 0.29636 0.29636 0.29636 0.29636 0.29636 0.29636 0.29636 0.29636 0.29636 
0.29636 0.29636 0.29636 0.29636 0.29636 0.29636 0.29636 0.29636 0.29636 0.29636 
0.29636 0.29636 0.29636 0.29636 0.29636 0.29636 0.29636 0.29636 0.29636 0.29636 
0.29636 0.29636 0.29636 0.29636 0.29636 0.29636 0.29636 0.29636 0.29636 0.29636 
0.29636 0.29636 0.29636 0.29636 0.29636 0.29636 0.29636 0.29636 0.29636 0.29636 
0.29636 0.29636 0.29636 0.29636 0.29636 0.29636 0.29636 0.29636 0.29636 0.29636 
0.29636 0.29636 0.29636 0.29636 0.29636 0.29636 0.29636 0.29636 0.29636 0.29636 
0.29636 0.0557837 0.0557837 0.0557837 0.0557837 0.0557837 0.0557837 0.0557837 0.0557837 0.0557837 
0.0557837 0.0557837 0.0557837 0.0557837 0.0557837 0.0557837 0.0557837 0.0557837 0.0557837 0.0557837 
0.0557837 0.0557837 0.0557837 0.0557837 0.0557837 0.0557837 0.0557837 0.0557837 0.0557837 0.0557837 
0.0557837 0.0557837 0.0557837 0.0557837 0.0557837 0.0557837 0.0557837 0.0557837 0.0557837 0.0557837 
0.0557837 0.0557837 0.0557837 0.0557837 0.0557837 0.0557837 0.0557837 0.0557837 0.0557837 0.0557837 
0.0557837 0.0557837 0.0557837 0.0557837 0.0557837 0.0557837 0.0557837 0.0557837 0.0557837 0.0557837 
0.0557837 0.0557837 0.0557837 0.0557837 0.0557837 0.0557837 0.0557837 0.0557837 0.0557837 0.0557837 
0.0557837 0.0557837 0.0557837 0.0557837 0.0557837 0.0557837 0.0557837 0.0557837 0.0557837 0.0557837 
0.0557837 0.0557837 0.0557837 0.0557837 0.0557837 0.0557837 0.0557837 0.0557837 0.0557837 0.0557837 
0.0557837 0.0557837 0.0557837 0.0557837 0.0557837 0.0557837 0.0557837 0.0557837 0.0557837 0.0557837 
0.0557837 0.0557837 0.0557837 0.0557837 0.0557837 0.0557837 0.0557837 0.0557837 0.0557837 0.0557837 
0.0557837 0.0557837 0.0557837 0.0557837 0.0557837 0.0557837 0.0557837 0.0557837 0.0557837 0.0557837 
0.0557837 0.0557837 0.0557837 0.0557837 0.0557837 0.0557837 0.0557837 0.0557837 0.0557837 0.0557837 
0.0557837 0.0557837 0.0557837 0.0557837 0.0557837 0.0557837 0.0557837 0.0557837 0.0557837 0.0557837 
0.0557837 0.0557837 0.0557837 0.0557837 0.0557837 0.0557837 0.0557837 0.0557837 0.0557837 0.0557837 
0.0557837 0.0557837 0.0557837 0.0557837 0.0557837 0.0557837 0.0557837 0.0557837 0.0557837 0.0557837 
0.0557837 0.0557837 0.0557837 0.0557837 0.0557837 0.0557837 0.0557837 0.0557837 0.0557837 0.0557837 
0.0557837 0.0557837 0.0557837 0.0557837 0.0557837 0.0557837 0.0557837 0.0557837 0.0557837 0.0557837 
0.0557837 0.0557837 0.0557837 0.0557837 0.0557837 0.0557837 0.0557837 0.0557837 0.0557837 0.0557837 
0.0557837 0.0557837 0.0557837 0.0557837 0.0557837 0.0557837 0.0557837 SCALARS Sn_MPa float 1
LOOKUP_TABLE default
114.058 114.058 114.058 114.058 114.058 114.058 114.058 114.058 114.058 
114.058 114.058 114.058 114.058 114.058 114.058 114.058 114.058 114.058 114.058 
114.058 114.058 114.058 114.058 114.058 114.058 114.058 114.058 114.058 114.058 
114.058 114.058 114.058 114.058 114.058 114.058 114.058 114.058 114.058 114.058 
114.058 114.058 114.058 114.058 114.058 114.058 114.058 114.058 114.058 114.058 
114.058 114.058 114.058 114.058 114.058 114.058 114.058 114.058 114.058 114.058 
114.058 114.058 114.058 114.058 114.058 114.058 114.058 114.058 114.058 114.058 
114.058 114.058 114.058 114.058 114.058 114.058 114.058 114.058 114.058 114.058 
114.058 114.058 114.058 114.058 114.058 114.058 114.058 114.058 114.058 114.058 
114.058 114.058 114.058 114.058 114.058 114.058 114.058 114.058 114.058 114.058 
114.058 114.058 114.058 114.058 114.058 114.058 114.058 114.058 114.058 114.058 
114.058 114.058 114.058 114.058 114.058 114.058 114.058 114.058 114.058 114.058 
114.058 114.058 114.058 114.058 114.058 114.058 114.058 114.058 114.058 114.058 
114.058 114.058 114.058 114.058 114.058 114.058 114.058 114.058 114.058 114.058 
114.058 114.058 114.058 114.058 114.058 114.058 114.058 114.058 114.058 114.058 
114.058 114.058 114.058 114.058 114.058 114.058 114.058 114.058 114.058 114.058 
114.058 114.058 114.058 114.058 114.058 114.058 114.058 114.058 114.058 114.058 
114.058 114.058 114.058 114.058 114.058 114.058 114.058 114.058 114.058 114.058 
114.058 114.058 114.058 114.058 114.058 114.058 114.058 114.058 114.058 114.058 
114.058 114.058 114.058 114.058 114.058 114.058 114.058 135.631 135.631 135.631 
135.631 135.631 135.631 135.631 135.631 135.631 135.631 135.631 135.631 135.631 
135.631 135.631 135.631 135.631 135.631 135.631 135.631 135.631 135.631 135.631 
135.631 135.631 135.631 135.631 135.631 135.631 135.631 135.631 135.631 135.631 
135.631 135.631 135.631 135.631 135.631 135.631 135.631 135.631 135.631 135.631 
135.631 135.631 135.631 135.631 135.631 135.631 135.631 135.631 135.631 135.631 
135.631 135.631 135.631 135.631 135.631 135.631 135.631 135.631 135.631 135.631 
135.631 135.631 135.631 135.631 135.631 135.631 135.631 135.631 135.631 135.631 
135.631 135.631 135.631 135.631 135.631 135.631 135.631 135.631 135.631 135.631 
135.631 135.631 135.631 135.631 135.631 135.631 135.631 135.631 135.631 135.631 
135.631 135.631 135.631 135.631 135.631 135.631 135.631 135.631 135.631 135.631 
135.631 135.631 135.631 135.631 135.631 135.631 135.631 135.631 135.631 135.631 
135.631 135.631 135.631 135.631 135.631 135.631 135.631 135.631 135.631 135.631 
135.631 135.631 135.631 135.631 135.631 135.631 135.631 135.631 135.631 135.631 
135.631 135.631 135.631 135.631 135.631 135.631 135.631 135.631 135.631 135.631 
135.631 135.631 135.631 135.631 135.631 135.631 135.631 135.631 135.631 135.631 
135.631 135.631 135.631 135.631 135.631 135.631 135.631 135.631 135.631 135.631 
135.631 135.631 135.631 135.631 135.631 135.631 135.631 135.631 135.631 135.631 
135.631 135.631 135.631 135.631 135.631 135.631 135.631 135.631 135.631 135.631 
135.631 135.631 135.631 135.631 135.631 135.631 135.631 135.631 135.631 135.631 
135.631 135.631 135.631 116.401 116.401 116.401 116.401 116.401 116.401 116.401 
116.401 116.401 116.401 116.401 116.401 116.401 116.401 116.401 116.401 116.401 
116.401 116.401 116.401 116.401 116.401 116.401 116.401 116.401 116.401 116.401 
116.401 116.401 116.401 116.401 116.401 116.401 116.401 116.401 116.401 116.401 
116.401 116.401 116.401 116.401 116.401 116.401 116.401 116.401 116.401 116.401 
116.401 116.401 116.401 116.401 116.401 116.401 116.401 116.401 116.401 116.401 
116.401 116.401 116.401 116.401 116.401 116.401 116.401 116.401 116.401 116.401 
116.401 116.401 116.401 116.401 116.401 116.401 116.401 116.401 116.401 116.401 
116.401 116.401 116.401 116.401 116.401 116.401 116.401 116.401 116.401 116.401 
116.401 116.401 116.401 116.401 116.401 116.401 116.401 116.401 116.401 116.401 
116.401 116.401 116.401 116.401 116.401 116.401 116.401 116.401 116.401 116.401 
116.401 116.401 116.401 116.401 116.401 116.401 116.401 116.401 116.401 116.401 
116.401 116.401 116.401 116.401 116.401 116.401 116.401 116.401 116.401 116.401 
116.401 116.401 116.401 116.401 116.401 116.401 116.401 116.401 116.401 116.401 
116.401 116.401 116.401 116.401 116.401 116.401 116.401 116.401 116.401 116.401 
116.401 116.401 116.401 116.401 116.401 116.401 116.401 116.401 116.401 116.401 
116.401 116.401 116.401 116.401 116.401 116.401 116.401 116.401 116.401 116.401 
116.401 116.401 116.401 116.401 116.401 116.401 116.401 116.401 116.401 116.401 
116.401 116.401 116.401 116.401 116.401 116.401 116.401 116.401 116.401 116.401 
116.401 116.401 116.401 116.401 116.401 116.401 116.401 116.401 116.401 114.01 
114.01 114.01 114.01 114.01 114.01 114.01 114.01 114.01 114.01 114.01 
114.01 114.01 114.01 114.01 114.01 114.01 114.01 114.01 114.01 114.01 
114.01 114.01 114.01 114.01 114.01 114.01 114.01 114.01 114.01 114.01 
114.01 114.01 114.01 114.01 114.01 114.01 114.01 114.01 114.01 114.01 
114.01 114.01 114.01 114.01 114.01 114.01 114.01 114.01 114.01 114.01 
114.01 114.01 114.01 114.01 114.01 114.01 114.01 114.01 114.01 114.01 
114.01 114.01 114.01 114.01 114.01 114.01 114.01 114.01 114.01 114.01 
114.01 114.01 114.01 114.01 114.01 114.01 114.01 114.01 114.01 114.01 
114.01 114.01 114.01 114.01 114.01 114.01 114.01 114.01 114.01 114.01 
114.01 114.01 114.01 114.01 114.01 114.01 114.01 114.01 114.01 114.01 
114.01 114.01 114.01 114.01 114.01 114.01 114.01 114.01 114.01 114.01 
114.01 114.01 114.01 114.01 114.01 114.01 114.01 114.01 114.01 114.01 
114.01 114.01 114.01 114.01 114.01 114.01 114.01 114.01 114.01 114.01 
114.01 114.01 114.01 114.01 114.01 114.01 114.01 114.01 114.01 114.01 
114.01 114.01 114.01 114.01 114.01 114.01 114.01 114.01 114.01 114.01 
114.01 114.01 114.01 114.01 114.01 114.01 114.01 114.01 114.01 114.01 
114.01 114.01 114.01 114.01 114.01 114.01 114.01 114.01 114.01 114.01 
114.01 114.01 114.01 114.01 114.01 114.01 114.01 114.01 114.01 114.01 
114.01 114.01 114.01 114.01 114.01 114.01 114.01 114.01 114.01 114.01 
114.01 114.01 114.01 114.01 114.01 100.049 100.049 100.049 100.049 100.049 
100.049 100.049 100.049 100.049 100.049 100.049 100.049 100.049 100.049 100.049 
100.049 100.049 100.049 100.049 100.049 100.049 100.049 100.049 100.049 100.049 
100.049 100.049 100.049 100.049 100.049 100.049 100.049 100.049 100.049 100.049 
100.049 100.049 100.049 100.049 100.049 100.049 100.049 100.049 100.049 100.049 
100.049 100.049 100.049 100.049 100.049 100.049 100.049 100.049 100.049 100.049 
100.049 100.049 100.049 100.049 100.049 100.049 100.049 100.049 100.049 100.049 
100.049 100.049 100.049 100.049 100.049 100.049 100.049 100.049 100.049 100.049 
100.049 100.049 100.049 100.049 100.049 100.049 100.049 100.049 100.049 100.049 
100.049 100.049 100.049 100.049 100.049 100.049 100.049 100.049 100.049 100.049 
100.049 100.049 100.049 100.049 100.049 100.049 100.049 100.049 100.049 100.049 
100.049 100.049 100.049 100.049 100.049 100.049 100.049 100.049 100.049 100.049 
100.049 100.049 100.049 100.049 100.049 100.049 100.049 100.049 100.049 100.049 
100.049 100.049 100.049 100.049 100.049 100.049 100.049 100.049 100.049 100.049 
100.049 100.049 100.049 100.049 100.049 100.049 100.049 100.049 100.049 100.049 
100.049 100.049 100.049 100.049 100.049 100.049 100.049 100.049 100.049 100.049 
100.049 100.049 100.049 100.049 100.049 100.049 100.049 100.049 100.049 100.049 
100.049 100.049 100.049 100.049 100.049 100.049 100.049 100.049 100.049 100.049 
100.049 100.049 100.049 100.049 100.049 100.049 100.049 100.049 100.049 100.049 
100.049 100.049 100.049 100.049 100.049 100.049 100.049 100.049 100.049 100.049 
100.049 100.044 100.044 100.044 100.044 100.044 100.044 100.044 100.044 100.044 
100.044 100.044 100.044 100.044 100.044 100.044 100.044 100.044 100.044 100.044 
100.044 100.044 100.044 100.044 100.044 100.044 100.044 100.044 100.044 100.044 
100.044 100.044 100.044 100.044 100.044 100.044 100.044 100.044 100.044 100.044 
100.044 100.044 100.044 100.044 100.044 100.044 100.044 100.044 100.044 100.044 
100.044 100.044 100.044 100.044 100.044 100.044 100.044 100.044 100.044 100.044 
100.044 100.044 100.044 100.044 100.044 100.044 100.044 100.044 100.044 100.044 
100.044 100.044 100.044 100.044 100.044 100.044 100.044 100.044 100.044 100.044 
100.044 100.044 100.044 100.044 100.044 100.044 100.044 100.044 100.044 100.044 
100.044 100.044 100.044 100.044 100.044 100.044 100.044 100.044 100.044 100.044 
100.044 100.044 100.044 100.044 100.044 100.044 100.044 100.044 100.044 100.044 
100.044 100.044 100.044 100.044 100.044 100.044 100.044 100.044 100.044 100.044 
100.044 100.044 100.044 100.044 100.044 100.044 100.044 100.044 100.044 100.044 
100.044 100.044 100.044 100.044 100.044 100.044 100.044 100.044 100.044 100.044 
100.044 100.044 100.044 100.044 100.044 100.044 100.044 100.044 100.044 100.044 
100.044 100.044 100.044 100.044 100.044 100.044 100.044 100.044 100.044 100.044 
100.044 100.044 100.044 100.044 100.044 100.044 100.044 100.044 100.044 100.044 
100.044 100.044 100.044 100.044 100.044 100.044 100.044 100.044 100.044 100.044 
100.044 100.044 100.044 100.044 100.044 100.044 100.044 100.044 100.044 100.044 
100.044 100.044 100.044 100.044 100.044 100.044 100.044 SCALARS Pcen_MPa float 1
LOOKUP_TABLE default
4.30172e+07 4.30172e+07 4.30172e+07 4.30172e+07 4.30172e+07 4.30172e+07 4.30172e+07 4.30172e+07 4.30172e+07 
4.30172e+07 4.30172e+07 4.30172e+07 4.30172e+07 4.30172e+07 4.30172e+07 4.30172e+07 4.30172e+07 4.30172e+07 4.30172e+07 
4.30172e+07 4.30172e+07 4.30172e+07 4.30172e+07 4.30172e+07 4.30172e+07 4.30172e+07 4.30172e+07 4.30172e+07 4.30172e+07 
4.30172e+07 4.30172e+07 4.30172e+07 4.30172e+07 4.30172e+07 4.30172e+07 4.30172e+07 4.30172e+07 4.30172e+07 4.30172e+07 
4.30172e+07 4.30172e+07 4.30172e+07 4.30172e+07 4.30172e+07 4.30172e+07 4.30172e+07 4.30172e+07 4.30172e+07 4.30172e+07 
4.30172e+07 4.30172e+07 4.30172e+07 4.30172e+07 4.30172e+07 4.30172e+07 4.30172e+07 4.30172e+07 4.30172e+07 4.30172e+07 
4.30172e+07 4.30172e+07 4.30172e+07 4.30172e+07 4.30172e+07 4.30172e+07 4.30172e+07 4.30172e+07 4.30172e+07 4.30172e+07 
4.30172e+07 4.30172e+07 4.30172e+07 4.30172e+07 4.30172e+07 4.30172e+07 4.30172e+07 4.30172e+07 4.30172e+07 4.30172e+07 
4.30172e+07 4.30172e+07 4.30172e+07 4.30172e+07 4.30172e+07 4.30172e+07 4.30172e+07 4.30172e+07 4.30172e+07 4.30172e+07 
4.30172e+07 4.30172e+07 4.30172e+07 4.30172e+07 4.30172e+07 4.30172e+07 4.30172e+07 4.30172e+07 4.30172e+07 4.30172e+07 
4.30172e+07 4.30172e+07 4.30172e+07 4.30172e+07 4.30172e+07 4.30172e+07 4.30172e+07 4.30172e+07 4.30172e+07 4.30172e+07 
4.30172e+07 4.30172e+07 4.30172e+07 4.30172e+07 4.30172e+07 4.30172e+07 4.30172e+07 4.30172e+07 4.30172e+07 4.30172e+07 
4.30172e+07 4.30172e+07 4.30172e+07 4.30172e+07 4.30172e+07 4.30172e+07 4.30172e+07 4.30172e+07 4.30172e+07 4.30172e+07 
4.30172e+07 4.30172e+07 4.30172e+07 4.30172e+07 4.30172e+07 4.30172e+07 4.30172e+07 4.30172e+07 4.30172e+07 4.30172e+07 
4.30172e+07 4.30172e+07 4.30172e+07 4.30172e+07 4.30172e+07 4.30172e+07 4.30172e+07 4.30172e+07 4.30172e+07 4.30172e+07 
4.30172e+07 4.30172e+07 4.30172e+07 4.30172e+07 4.30172e+07 4.30172e+07 4.30172e+07 4.30172e+07 4.30172e+07 4.30172e+07 
4.30172e+07 4.30172e+07 4.30172e+07 4.30172e+07 4.30172e+07 4.30172e+07 4.30172e+07 4.30172e+07 4.30172e+07 4.30172e+07 
4.30172e+07 4.30172e+07 4.30172e+07 4.30172e+07 4.30172e+07 4.30172e+07 4.30172e+07 4.30172e+07 4.30172e+07 4.30172e+07 
4.30172e+07 4.30172e+07 4.30172e+07 4.30172e+07 4.30172e+07 4.30172e+07 4.30172e+07 4.30172e+07 4.30172e+07 4.30172e+07 
4.30172e+07 4.30172e+07 4.30172e+07 4.30172e+07 4.30172e+07 4.30172e+07 4.30172e+07 4.74959e+07 4.74959e+07 4.74959e+07 
4.74959e+07 4.74959e+07 4.74959e+07 4.74959e+07 4.74959e+07 4.74959e+07 4.74959e+07 4.74959e+07 4.74959e+07 4.74959e+07 
4.74959e+07 4.74959e+07 4.74959e+07 4.74959e+07 4.74959e+07 4.74959e+07 4.74959e+07 4.74959e+07 4.74959e+07 4.74959e+07 
4.74959e+07 4.74959e+07 4.74959e+07 4.74959e+07 4.74959e+07 4.74959e+07 4.74959e+07 4.74959e+07 4.74959e+07 4.74959e+07 
4.74959e+07 4.74959e+07 4.74959e+07 4.74959e+07 4.74959e+07 4.74959e+07 4.74959e+07 4.74959e+07 4.74959e+07 4.74959e+07 
4.74959e+07 4.74959e+07 4.74959e+07 4.74959e+07 4.74959e+07 4.74959e+07 4.74959e+07 4.74959e+07 4.74959e+07 4.74959e+07 
4.74959e+07 4.74959e+07 4.74959e+07 4.74959e+07 4.74959e+07 4.74959e+07 4.74959e+07 4.74959e+07 4.74959e+07 4.74959e+07 
4.74959e+07 4.74959e+07 4.74959e+07 4.74959e+07 4.74959e+07 4.74959e+07 4.74959e+07 4.74959e+07 4.74959e+07 4.74959e+07 
4.74959e+07 4.74959e+07 4.74959e+07 4.74959e+07 4.74959e+07 4.74959e+07 4.74959e+07 4.74959e+07 4.74959e+07 4.74959e+07 
4.74959e+07 4.74959e+07 4.74959e+07 4.74959e+07 4.74959e+07 4.74959e+07 4.74959e+07 4.74959e+07 4.74959e+07 4.74959e+07 
4.74959e+07 4.74959e+07 4.74959e+07 4.74959e+07 4.74959e+07 4.74959e+07 4.74959e+07 4.74959e+07 4.74959e+07 4.74959e+07 
4.74959e+07 4.74959e+07 4.74959e+07 4.74959e+07 4.74959e+07 4.74959e+07 4.74959e+07 4.74959e+07 4.74959e+07 4.74959e+07 
4.74959e+07 4.74959e+07 4.74959e+07 4.74959e+07 4.74959e+07 4.74959e+07 4.74959e+07 4.74959e+07 4.74959e+07 4.74959e+07 
4.74959e+07 4.74959e+07 4.74959e+07 4.74959e+07 4.74959e+07 4.74959e+07 4.74959e+07 4.74959e+07 4.74959e+07 4.74959e+07 
4.74959e+07 4.74959e+07 4.74959e+07 4.74959e+07 4.74959e+07 4.74959e+07 4.74959e+07 4.74959e+07 4.74959e+07 4.74959e+07 
4.74959e+07 4.74959e+07 4.74959e+07 4.74959e+07 4.74959e+07 4.74959e+07 4.74959e+07 4.74959e+07 4.74959e+07 4.74959e+07 
4.74959e+07 4.74959e+07 4.74959e+07 4.74959e+07 4.74959e+07 4.74959e+07 4.74959e+07 4.74959e+07 4.74959e+07 4.74959e+07 
4.74959e+07 4.74959e+07 4.74959e+07 4.74959e+07 4.74959e+07 4.74959e+07 4.74959e+07 4.74959e+07 4.74959e+07 4.74959e+07 
4.74959e+07 4.74959e+07 4.74959e+07 4.74959e+07 4.74959e+07 4.74959e+07 4.74959e+07 4.74959e+07 4.74959e+07 4.74959e+07 
4.74959e+07 4.74959e+07 4.74959e+07 4.74959e+07 4.74959e+07 4.74959e+07 4.74959e+07 4.74959e+07 4.74959e+07 4.74959e+07 
4.74959e+07 4.74959e+07 4.74959e+07 4.77238e+07 4.77238e+07 4.77238e+07 4.77238e+07 4.77238e+07 4.77238e+07 4.77238e+07 
4.77238e+07 4.77238e+07 4.77238e+07 4.77238e+07 4.77238e+07 4.77238e+07 4.77238e+07 4.77238e+07 4.77238e+07 4.77238e+07 
4.77238e+07 4.77238e+07 4.77238e+07 4.77238e+07 4.77238e+07 4.77238e+07 4.77238e+07 4.77238e+07 4.77238e+07 4.77238e+07 
4.77238e+07 4.77238e+07 4.77238e+07 4.77238e+07 4.77238e+07 4.77238e+07 4.77238e+07 4.77238e+07 4.77238e+07 4.77238e+07 
4.77238e+07 4.77238e+07 4.77238e+07 4.77238e+07 4.77238e+07 4.77238e+07 4.77238e+07 4.77238e+07 4.77238e+07 4.77238e+07 
4.77238e+07 4.77238e+07 4.77238e+07 4.77238e+07 4.77238e+07 4.77238e+07 4.77238e+07 4.77238e+07 4.77238e+07 4.77238e+07 
4.77238e+07 4.77238e+07 4.77238e+07 4.77238e+07 4.77238e+07 4.77238e+07 4.77238e+07 4.77238e+07 4.77238e+07 4.77238e+07 
4.77238e+07 4.77238e+07 4.77238e+07 4.77238e+07 4.77238e+07 4.77238e+07 4.77238e+07 4.77238e+07 4.77238e+07 4.77238e+07 
4.77238e+07 4.77238e+07 4.77238e+07 4.77238e+07 4.77238e+07 4.77238e+07 4.77238e+07 4.77238e+07 4.77238e+07 4.77238e+07 
4.77238e+07 4.77238e+07 4.77238e+07 4.77238e+07 4.77238e+07 4.77238e+07 4.77238e+07 4.77238e+07 4.77238e+07 4.77238e+07 
4.77238e+07 4.77238e+07 4.77238e+07 4.77238e+07 4.77238e+07 4.77238e+07 4.77238e+07 4.77238e+07 4.77238e+07 4.77238e+07 
4.77238e+07 4.77238e+07 4.77238e+07 4.77238e+07 4.77238e+07 4.77238e+07 4.77238e+07 4.77238e+07 4.77238e+07 4.77238e+07 
4.77238e+07 4.77238e+07 4.77238e+07 4.77238e+07 4.77238e+07 4.77238e+07 4.77238e+07 4.77238e+07 4.77238e+07 4.77238e+07 
4.77238e+07 4.77238e+07 4.77238e+07 4.77238e+07 4.77238e+07 4.77238e+07 4.77238e+07 4.77238e+07 4.77238e+07 4.77238e+07 
4.77238e+07 4.77238e+07 4.77238e+07 4.77238e+07 4.77238e+07 4.77238e+07 4.77238e+07 4.77238e+07 4.77238e+07 4.77238e+07 
4.77238e+07 4.77238e+07 4.77238e+07 4.77238e+07 4.77238e+07 4.77238e+07 4.77238e+07 4.77238e+07 4.77238e+07 4.77238e+07 
4.77238e+07 4.77238e+07 4.77238e+07 4.77238e+07 4.77238e+07 4.77238e+07 4.77238e+07 4.77238e+07 4.77238e+07 4.77238e+07 
4.77238e+07 4.77238e+07 4.77238e+07 4.77238e+07 4.77238e+07 4.77238e+07 4.77238e+07 4.77238e+07 4.77238e+07 4.77238e+07 
4.77238e+07 4.77238e+07 4.77238e+07 4.77238e+07 4.77238e+07 4.77238e+07 4.77238e+07 4.77238e+07 4.77238e+07 4.77238e+07 
4.77238e+07 4.77238e+07 4.77238e+07 4.77238e+07 4.77238e+07 4.77238e+07 4.77238e+07 4.77238e+07 4.77238e+07 4.3921e+07 
4.3921e+07 4.3921e+07 4.3921e+07 4.3921e+07 4.3921e+07 4.3921e+07 4.3921e+07 4.3921e+07 4.3921e+07 4.3921e+07 
4.3921e+07 4.3921e+07 4.3921e+07 4.3921e+07 4.3921e+07 4.3921e+07 4.3921e+07 4.3921e+07 4.3921e+07 4.3921e+07 
4.3921e+07 4.3921e+07 4.3921e+07 4.3921e+07 4.3921e+07 4.3921e+07 4.3921e+07 4.3921e+07 4.3921e+07 4.3921e+07 
4.3921e+07 4.3921e+07 4.3921e+07 4.3921e+07 4.3921e+07 4.3921e+07 4.3921e+07 4.3921e+07 4.3921e+07 4.3921e+07 
4.3921e+07 4.3921e+07 4.3921e+07 4.3921e+07 4.3921e+07 4.3921e+07 4.3921e+07 4.3921e+07 4.3921e+07 4.3921e+07 
4.3921e+07 4.3921e+07 4.3921e+07 4.3921e+07 4.3921e+07 4.3921e+07 4.3921e+07 4.3921e+07 4.3921e+07 4.3921e+07 
4.3921e+07 4.3921e+07 4.3921e+07 4.3921e+07 4.3921e+07 4.3921e+07 4.3921e+07 4.3921e+07 4.3921e+07 4.3921e+07 
4.3921e+07 4.3921e+07 4.3921e+07 4.3921e+07 4.3921e+07 4.3921e+07 4.3921e+07 4.3921e+07 4.3921e+07 4.3921e+07 
4.3921e+07 4.3921e+07 4.3921e+07 4.3921e+07 4.3921e+07 4.3921e+07 4.3921e+07 4.3921e+07 4.3921e+07 4.3921e+07 
4.3921e+07 4.3921e+07 4.3921e+07 4.3921e+07 4.3921e+07 4.3921e+07 4.3921e+07 4.3921e+07 4.3921e+07 4.3921e+07 
4.3921e+07 4.3921e+07 4.3921e+07 4.3921e+07 4.3921e+07 4.3921e+07 4.3921e+07 4.3921e+07 4.3921e+07 4.3921e+07 
4.3921e+07 4.3921e+07 4.3921e+07 4.3921e+07 4.3921e+07 4.3921e+07 4.3921e+07 4.3921e+07 4.3921e+07 4.3921e+07 
4.3921e+07 4.3921e+07 4.3921e+07 4.3921e+07 4.3921e+07 4.3921e+07 4.3921e+07 4.3921e+07 4.3921e+07 4.3921e+07 
4.3921e+07 4.3921e+07 4.3921e+07 4.3921e+07 4.3921e+07 4.3921e+07 4.3921e+07 4.3921e+07 4.3921e+07 4.3921e+07 
4.3921e+07 4.3921e+07 4.3921e+07 4.3921e+07 4.3921e+07 4.3921e+07 4.3921e+07 4.3921e+07 4.3921e+07 4.3921e+07 
4.3921e+07 4.3921e+07 4.3921e+07 4.3921e+07 4.3921e+07 4.3921e+07 4.3921e+07 4.3921e+07 4.3921e+07 4.3921e+07 
4.3921e+07 4.3921e+07 4.3921e+07 4.3921e+07 4.3921e+07 4.3921e+07 4.3921e+07 4.3921e+07 4.3921e+07 4.3921e+07 
4.3921e+07 4.3921e+07 4.3921e+07 4.3921e+07 4.3921e+07 4.3921e+07 4.3921e+07 4.3921e+07 4.3921e+07 4.3921e+07 
4.3921e+07 4.3921e+07 4.3921e+07 4.3921e+07 4.3921e+07 4.3921e+07 4.3921e+07 4.3921e+07 4.3921e+07 4.3921e+07 
4.3921e+07 4.3921e+07 4.3921e+07 4.3921e+07 4.3921e+07 4.83693e+07 4.83693e+07 4.83693e+07 4.83693e+07 4.83693e+07 
4.83693e+07 4.83693e+07 4.83693e+07 4.83693e+07 4.83693e+07 4.83693e+07 4.83693e+07 4.83693e+07 4.83693e+07 4.83693e+07 
4.83693e+07 4.83693e+07 4.83693e+07 4.83693e+07 4.83693e+07 4.83693e+07 4.83693e+07 4.83693e+07 4.83693e+07 4.83693e+07 
4.83693e+07 4.83693e+07 4.83693e+07 4.83693e+07 4.83693e+07 4.83693e+07 4.83693e+07 4.83693e+07 4.83693e+07 4.83693e+07 
4.83693e+07 4.83693e+07 4.83693e+07 4.83693e+07 4.83693e+07 4.83693e+07 4.83693e+07 4.83693e+07 4.83693e+07 4.83693e+07 
4.83693e+07 4.83693e+07 4.83693e+07 4.83693e+07 4.83693e+07 4.83693e+07 4.83693e+07 4.83693e+07 4.83693e+07 4.83693e+07 
4.83693e+07 4.83693e+07 4.83693e+07 4.83693e+07 4.83693e+07 4.83693e+07 4.83693e+07 4.83693e+07 4.83693e+07 4.83693e+07 
4.83693e+07 4.83693e+07 4.83693e+07 4.83693e+07 4.83693e+07 4.83693e+07 4.83693e+07 4.83693e+07 4.83693e+07 4.83693e+07 
4.83693e+07 4.83693e+07 4.83693e+07 4.83693e+07 4.83693e+07 4.83693e+07 4.83693e+07 4.83693e+07 4.83693e+07 4.83693e+07 
4.83693e+07 4.83693e+07 4.83693e+07 4.83693e+07 4.83693e+07 4.83693e+07 4.83693e+07 4.83693e+07 4.83693e+07 4.83693e+07 
4.83693e+07 4.83693e+07 4.83693e+07 4.83693e+07 4.83693e+07 4.83693e+07 4.83693e+07 4.83693e+07 4.83693e+07 4.83693e+07 
4.83693e+07 4.83693e+07 4.83693e+07 4.83693e+07 4.83693e+07 4.83693e+07 4.83693e+07 4.83693e+07 4.83693e+07 4.83693e+07 
4.83693e+07 4.83693e+07 4.83693e+07 4.83693e+07 4.83693e+07 4.83693e+07 4.83693e+07 4.83693e+07 4.83693e+07 4.83693e+07 
4.83693e+07 4.83693e+07 4.83693e+07 4.83693e+07 4.83693e+07 4.83693e+07 4.83693e+07 4.83693e+07 4.83693e+07 4.83693e+07 
4.83693e+07 4.83693e+07 4.83693e+07 4.83693e+07 4.83693e+07 4.83693e+07 4.83693e+07 4.83693e+07 4.83693e+07 4.83693e+07 
4.83693e+07 4.83693e+07 4.83693e+07 4.83693e+07 4.83693e+07 4.83693e+07 4.83693e+07 4.83693e+07 4.83693e+07 4.83693e+07 
4.83693e+07 4.83693e+07 4.83693e+07 4.83693e+07 4.83693e+07 4.83693e+07 4.83693e+07 4.83693e+07 4.83693e+07 4.83693e+07 
4.83693e+07 4.83693e+07 4.83693e+07 4.83693e+07 4.83693e+07 4.83693e+07 4.83693e+07 4.83693e+07 4.83693e+07 4.83693e+07 
4.83693e+07 4.83693e+07 4.83693e+07 4.83693e+07 4.83693e+07 4.83693e+07 4.83693e+07 4.83693e+07 4.83693e+07 4.83693e+07 
4.83693e+07 4.83693e+07 4.83693e+07 4.83693e+07 4.83693e+07 4.83693e+07 4.83693e+07 4.83693e+07 4.83693e+07 4.83693e+07 
4.83693e+07 4.74959e+07 4.74959e+07 4.74959e+07 4.74959e+07 4.74959e+07 4.74959e+07 4.74959e+07 4.74959e+07 4.74959e+07 
4.74959e+07 4.74959e+07 4.74959e+07 4.74959e+07 4.74959e+07 4.74959e+07 4.74959e+07 4.74959e+07 4.74959e+07 4.74959e+07 
4.74959e+07 4.74959e+07 4.74959e+07 4.74959e+07 4.74959e+07 4.74959e+07 4.74959e+07 4.74959e+07 4.74959e+07 4.74959e+07 
4.74959e+07 4.74959e+07 4.74959e+07 4.74959e+07 4.74959e+07 4.74959e+07 4.74959e+07 4.74959e+07 4.74959e+07 4.74959e+07 
4.74959e+07 4.74959e+07 4.74959e+07 4.74959e+07 4.74959e+07 4.74959e+07 4.74959e+07 4.74959e+07 4.74959e+07 4.74959e+07 
4.74959e+07 4.74959e+07 4.74959e+07 4.74959e+07 4.74959e+07 4.74959e+07 4.74959e+07 4.74959e+07 4.74959e+07 4.74959e+07 
4.74959e+07 4.74959e+07 4.74959e+07 4.74959e+07 4.74959e+07 4.74959e+07 4.74959e+07 4.74959e+07 4.74959e+07 4.74959e+07 
4.74959e+07 4.74959e+07 4.74959e+07 4.74959e+07 4.74959e+07 4.74959e+07 4.74959e+07 4.74959e+07 4.74959e+07 4.74959e+07 
4.74959e+07 4.74959e+07 4.74959e+07 4.74959e+07 4.74959e+07 4.74959e+07 4.74959e+07 4.74959e+07 4.74959e+07 4.74959e+07 
4.74959e+07 4.74959e+07 4.74959e+07 4.74959e+07 4.74959e+07 4.74959e+07 4.74959e+07 4.74959e+07 4.74959e+07 4.74959e+07 
4.74959e+07 4.74959e+07 4.74959e+07 4.74959e+07 4.74959e+07 4.74959e+07 4.74959e+07 4.74959e+07 4.74959e+07 4.74959e+07 
4.74959e+07 4.74959e+07 4.74959e+07 4.74959e+07 4.74959e+07 4.74959e+07 4.74959e+07 4.74959e+07 4.74959e+07 4.74959e+07 
4.74959e+07 4.74959e+07 4.74959e+07 4.74959e+07 4.74959e+07 4.74959e+07 4.74959e+07 4.74959e+07 4.74959e+07 4.74959e+07 
4.74959e+07 4.74959e+07 4.74959e+07 4.74959e+07 4.74959e+07 4.74959e+07 4.74959e+07 4.74959e+07 4.74959e+07 4.74959e+07 
4.74959e+07 4.74959e+07 4.74959e+07 4.74959e+07 4.74959e+07 4.74959e+07 4.74959e+07 4.74959e+07 4.74959e+07 4.74959e+07 
4.74959e+07 4.74959e+07 4.74959e+07 4.74959e+07 4.74959e+07 4.74959e+07 4.74959e+07 4.74959e+07 4.74959e+07 4.74959e+07 
4.74959e+07 4.74959e+07 4.74959e+07 4.74959e+07 4.74959e+07 4.74959e+07 4.74959e+07 4.74959e+07 4.74959e+07 4.74959e+07 
4.74959e+07 4.74959e+07 4.74959e+07 4.74959e+07 4.74959e+07 4.74959e+07 4.74959e+07 4.74959e+07 4.74959e+07 4.74959e+07 
4.74959e+07 4.74959e+07 4.74959e+07 4.74959e+07 4.74959e+07 4.74959e+07 4.74959e+07 4.74959e+07 4.74959e+07 4.74959e+07 
4.74959e+07 4.74959e+07 4.74959e+07 4.74959e+07 4.74959e+07 4.74959e+07 4.74959e+07 SCALARS Pc_MPa float 1
LOOKUP_TABLE default
86.9278 86.9278 86.9278 86.9278 86.9278 86.9278 86.9278 86.9278 86.9278 
86.9278 86.9278 86.9278 86.9278 86.9278 86.9278 86.9278 86.9278 86.9278 86.9278 
86.9278 86.9278 86.9278 86.9278 86.9278 86.9278 86.9278 86.9278 86.9278 86.9278 
86.9278 86.9278 86.9278 86.9278 86.9278 86.9278 86.9278 86.9278 86.9278 86.9278 
86.9278 86.9278 86.9278 86.9278 86.9278 86.9278 86.9278 86.9278 86.9278 86.9278 
86.9278 86.9278 86.9278 86.9278 86.9278 86.9278 86.9278 86.9278 86.9278 86.9278 
86.9278 86.9278 86.9278 86.9278 86.9278 86.9278 86.9278 86.9278 86.9278 86.9278 
86.9278 86.9278 86.9278 86.9278 86.9278 86.9278 86.9278 86.9278 86.9278 86.9278 
86.9278 86.9278 86.9278 86.9278 86.9278 86.9278 86.9278 86.9278 86.9278 86.9278 
86.9278 86.9278 86.9278 86.9278 86.9278 86.9278 86.9278 86.9278 86.9278 86.9278 
86.9278 86.9278 86.9278 86.9278 86.9278 86.9278 86.9278 86.9278 86.9278 86.9278 
86.9278 86.9278 86.9278 86.9278 86.9278 86.9278 86.9278 86.9278 86.9278 86.9278 
86.9278 86.9278 86.9278 86.9278 86.9278 86.9278 86.9278 86.9278 86.9278 86.9278 
86.9278 86.9278 86.9278 86.9278 86.9278 86.9278 86.9278 86.9278 86.9278 86.9278 
86.9278 86.9278 86.9278 86.9278 86.9278 86.9278 86.9278 86.9278 86.9278 86.9278 
86.9278 86.9278 86.9278 86.9278 86.9278 86.9278 86.9278 86.9278 86.9278 86.9278 
86.9278 86.9278 86.9278 86.9278 86.9278 86.9278 86.9278 86.9278 86.9278 86.9278 
86.9278 86.9278 86.9278 86.9278 86.9278 86.9278 86.9278 86.9278 86.9278 86.9278 
86.9278 86.9278 86.9278 86.9278 86.9278 86.9278 86.9278 86.9278 86.9278 86.9278 
86.9278 86.9278 86.9278 86.9278 86.9278 86.9278 86.9278 130.712 130.712 130.712 
130.712 130.712 130.712 130.712 130.712 130.712 130.712 130.712 130.712 130.712 
130.712 130.712 130.712 130.712 130.712 130.712 130.712 130.712 130.712 130.712 
130.712 130.712 130.712 130.712 130.712 130.712 130.712 130.712 130.712 130.712 
130.712 130.712 130.712 130.712 130.712 130.712 130.712 130.712 130.712 130.712 
130.712 130.712 130.712 130.712 130.712 130.712 130.712 130.712 130.712 130.712 
130.712 130.712 130.712 130.712 130.712 130.712 130.712 130.712 130.712 130.712 
130.712 130.712 130.712 130.712 130.712 130.712 130.712 130.712 130.712 130.712 
130.712 130.712 130.712 130.712 130.712 130.712 130.712 130.712 130.712 130.712 
130.712 130.712 130.712 130.712 130.712 130.712 130.712 130.712 130.712 130.712 
130.712 130.712 130.712 130.712 130.712 130.712 130.712 130.712 130.712 130.712 
130.712 130.712 130.712 130.712 130.712 130.712 130.712 130.712 130.712 130.712 
130.712 130.712 130.712 130.712 130.712 130.712 130.712 130.712 130.712 130.712 
130.712 130.712 130.712 130.712 130.712 130.712 130.712 130.712 130.712 130.712 
130.712 130.712 130.712 130.712 130.712 130.712 130.712 130.712 130.712 130.712 
130.712 130.712 130.712 130.712 130.712 130.712 130.712 130.712 130.712 130.712 
130.712 130.712 130.712 130.712 130.712 130.712 130.712 130.712 130.712 130.712 
130.712 130.712 130.712 130.712 130.712 130.712 130.712 130.712 130.712 130.712 
130.712 130.712 130.712 130.712 130.712 130.712 130.712 130.712 130.712 130.712 
130.712 130.712 130.712 130.712 130.712 130.712 130.712 130.712 130.712 130.712 
130.712 130.712 130.712 108.188 108.188 108.188 108.188 108.188 108.188 108.188 
108.188 108.188 108.188 108.188 108.188 108.188 108.188 108.188 108.188 108.188 
108.188 108.188 108.188 108.188 108.188 108.188 108.188 108.188 108.188 108.188 
108.188 108.188 108.188 108.188 108.188 108.188 108.188 108.188 108.188 108.188 
108.188 108.188 108.188 108.188 108.188 108.188 108.188 108.188 108.188 108.188 
108.188 108.188 108.188 108.188 108.188 108.188 108.188 108.188 108.188 108.188 
108.188 108.188 108.188 108.188 108.188 108.188 108.188 108.188 108.188 108.188 
108.188 108.188 108.188 108.188 108.188 108.188 108.188 108.188 108.188 108.188 
108.188 108.188 108.188 108.188 108.188 108.188 108.188 108.188 108.188 108.188 
108.188 108.188 108.188 108.188 108.188 108.188 108.188 108.188 108.188 108.188 
108.188 108.188 108.188 108.188 108.188 108.188 108.188 108.188 108.188 108.188 
108.188 108.188 108.188 108.188 108.188 108.188 108.188 108.188 108.188 108.188 
108.188 108.188 108.188 108.188 108.188 108.188 108.188 108.188 108.188 108.188 
108.188 108.188 108.188 108.188 108.188 108.188 108.188 108.188 108.188 108.188 
108.188 108.188 108.188 108.188 108.188 108.188 108.188 108.188 108.188 108.188 
108.188 108.188 108.188 108.188 108.188 108.188 108.188 108.188 108.188 108.188 
108.188 108.188 108.188 108.188 108.188 108.188 108.188 108.188 108.188 108.188 
108.188 108.188 108.188 108.188 108.188 108.188 108.188 108.188 108.188 108.188 
108.188 108.188 108.188 108.188 108.188 108.188 108.188 108.188 108.188 108.188 
108.188 108.188 108.188 108.188 108.188 108.188 108.188 108.188 108.188 99.7471 
99.7471 99.7471 99.7471 99.7471 99.7471 99.7471 99.7471 99.7471 99.7471 99.7471 
99.7471 99.7471 99.7471 99.7471 99.7471 99.7471 99.7471 99.7471 99.7471 99.7471 
99.7471 99.7471 99.7471 99.7471 99.7471 99.7471 99.7471 99.7471 99.7471 99.7471 
99.7471 99.7471 99.7471 99.7471 99.7471 99.7471 99.7471 99.7471 99.7471 99.7471 
99.7471 99.7471 99.7471 99.7471 99.7471 99.7471 99.7471 99.7471 99.7471 99.7471 
99.7471 99.7471 99.7471 99.7471 99.7471 99.7471 99.7471 99.7471 99.7471 99.7471 
99.7471 99.7471 99.7471 99.7471 99.7471 99.7471 99.7471 99.7471 99.7471 99.7471 
99.7471 99.7471 99.7471 99.7471 99.7471 99.7471 99.7471 99.7471 99.7471 99.7471 
99.7471 99.7471 99.7471 99.7471 99.7471 99.7471 99.7471 99.7471 99.7471 99.7471 
99.7471 99.7471 99.7471 99.7471 99.7471 99.7471 99.7471 99.7471 99.7471 99.7471 
99.7471 99.7471 99.7471 99.7471 99.7471 99.7471 99.7471 99.7471 99.7471 99.7471 
99.7471 99.7471 99.7471 99.7471 99.7471 99.7471 99.7471 99.7471 99.7471 99.7471 
99.7471 99.7471 99.7471 99.7471 99.7471 99.7471 99.7471 99.7471 99.7471 99.7471 
99.7471 99.7471 99.7471 99.7471 99.7471 99.7471 99.7471 99.7471 99.7471 99.7471 
99.7471 99.7471 99.7471 99.7471 99.7471 99.7471 99.7471 99.7471 99.7471 99.7471 
99.7471 99.7471 99.7471 99.7471 99.7471 99.7471 99.7471 99.7471 99.7471 99.7471 
99.7471 99.7471 99.7471 99.7471 99.7471 99.7471 99.7471 99.7471 99.7471 99.7471 
99.7471 99.7471 99.7471 99.7471 99.7471 99.7471 99.7471 99.7471 99.7471 99.7471 
99.7471 99.7471 99.7471 99.7471 99.7471 99.7471 99.7471 99.7471 99.7471 99.7471 
99.7471 99.7471 99.7471 99.7471 99.7471 100.147 100.147 100.147 100.147 100.147 
100.147 100.147 100.147 100.147 100.147 100.147 100.147 100.147 100.147 100.147 
100.147 100.147 100.147 100.147 100.147 100.147 100.147 100.147 100.147 100.147 
100.147 100.147 100.147 100.147 100.147 100.147 100.147 100.147 100.147 100.147 
100.147 100.147 100.147 100.147 100.147 100.147 100.147 100.147 100.147 100.147 
100.147 100.147 100.147 100.147 100.147 100.147 100.147 100.147 100.147 100.147 
100.147 100.147 100.147 100.147 100.147 100.147 100.147 100.147 100.147 100.147 
100.147 100.147 100.147 100.147 100.147 100.147 100.147 100.147 100.147 100.147 
100.147 100.147 100.147 100.147 100.147 100.147 100.147 100.147 100.147 100.147 
100.147 100.147 100.147 100.147 100.147 100.147 100.147 100.147 100.147 100.147 
100.147 100.147 100.147 100.147 100.147 100.147 100.147 100.147 100.147 100.147 
100.147 100.147 100.147 100.147 100.147 100.147 100.147 100.147 100.147 100.147 
100.147 100.147 100.147 100.147 100.147 100.147 100.147 100.147 100.147 100.147 
100.147 100.147 100.147 100.147 100.147 100.147 100.147 100.147 100.147 100.147 
100.147 100.147 100.147 100.147 100.147 100.147 100.147 100.147 100.147 100.147 
100.147 100.147 100.147 100.147 100.147 100.147 100.147 100.147 100.147 100.147 
100.147 100.147 100.147 100.147 100.147 100.147 100.147 100.147 100.147 100.147 
100.147 100.147 100.147 100.147 100.147 100.147 100.147 100.147 100.147 100.147 
100.147 100.147 100.147 100.147 100.147 100.147 100.147 100.147 100.147 100.147 
100.147 100.147 100.147 100.147 100.147 100.147 100.147 100.147 100.147 100.147 
100.147 100.142 100.142 100.142 100.142 100.142 100.142 100.142 100.142 100.142 
100.142 100.142 100.142 100.142 100.142 100.142 100.142 100.142 100.142 100.142 
100.142 100.142 100.142 100.142 100.142 100.142 100.142 100.142 100.142 100.142 
100.142 100.142 100.142 100.142 100.142 100.142 100.142 100.142 100.142 100.142 
100.142 100.142 100.142 100.142 100.142 100.142 100.142 100.142 100.142 100.142 
100.142 100.142 100.142 100.142 100.142 100.142 100.142 100.142 100.142 100.142 
100.142 100.142 100.142 100.142 100.142 100.142 100.142 100.142 100.142 100.142 
100.142 100.142 100.142 100.142 100.142 100.142 100.142 100.142 100.142 100.142 
100.142 100.142 100.142 100.142 100.142 100.142 100.142 100.142 100.142 100.142 
100.142 100.142 100.142 100.142 100.142 100.142 100.142 100.142 100.142 100.142 
100.142 100.142 100.142 100.142 100.142 100.142 100.142 100.142 100.142 100.142 
100.142 100.142 100.142 100.142 100.142 100.142 100.142 100.142 100.142 100.142 
100.142 100.142 100.142 100.142 100.142 100.142 100.142 100.142 100.142 100.142 
100.142 100.142 100.142 100.142 100.142 100.142 100.142 100.142 100.142 100.142 
100.142 100.142 100.142 100.142 100.142 100.142 100.142 100.142 100.142 100.142 
100.142 100.142 100.142 100.142 100.142 100.142 100.142 100.142 100.142 100.142 
100.142 100.142 100.142 100.142 100.142 100.142 100.142 100.142 100.142 100.142 
100.142 100.142 100.142 100.142 100.142 100.142 100.142 100.142 100.142 100.142 
100.142 100.142 100.142 100.142 100.142 100.142 100.142 100.142 100.142 100.142 
100.142 100.142 100.142 100.142 100.142 100.142 100.142 SCALARS stim float 1
LOOKUP_TABLE default
0 0 0 0 0 0 0 0 0 
0 0 0 0 0 0 0 0 0 0 
0 0 0 0 0 0 0 0 0 0 
0 0 0 0 0 0 0 0 0 0 
0 0 0 0 0 0 0 0 0 0 
0 0 0 0 0 0 0 0 0 0 
0 0 0 0 0 0 0 0 0 0 
0 0 0 0 0 0 0 0 0 0 
0 0 0 0 0 0 0 0 0 0 
0 0 0 0 0 0 0 0 0 0 
0 0 0 0 0 0 0 0 0 0 
0 0 0 0 0 0 0 0 0 0 
0 0 0 0 0 0 0 0 0 0 
0 0 0 0 0 0 0 0 0 0 
0 0 0 0 0 0 0 0 0 0 
0 0 0 0 0 0 0 0 0 0 
0 0 0 0 0 0 0 0 0 0 
0 0 0 0 0 0 0 0 0 0 
0 0 0 0 0 0 0 0 0 0 
0 0 0 0 0 0 0 0 0 0 
0 0 0 0 0 0 0 0 0 0 
0 0 0 0 0 0 0 0 0 0 
0 0 0 0 0 0 0 0 0 0 
0 0 0 0 0 0 0 0 0 0 
0 0 0 0 0 0 0 0 0 0 
0 0 0 0 0 0 0 0 0 0 
0 0 0 0 0 0 0 0 0 0 
0 0 0 0 0 0 0 0 0 0 
0 0 0 0 0 0 0 0 0 0 
0 0 0 0 0 0 0 0 0 0 
0 0 0 0 0 0 0 0 0 0 
0 0 0 0 0 0 0 0 0 0 
0 0 0 0 0 0 0 0 0 0 
0 0 0 0 0 0 0 0 0 0 
0 0 0 0 0 0 0 0 0 0 
0 0 0 0 0 0 0 0 0 0 
0 0 0 0 0 0 0 0 0 0 
0 0 0 0 0 0 0 0 0 0 
0 0 0 0 0 0 0 0 0 0 
0 0 0 0 0 0 0 0 0 0 
0 0 0 0 0 0 0 0 0 0 
0 0 0 0 0 0 0 0 0 0 
0 0 0 0 0 0 0 0 0 0 
0 0 0 0 0 0 0 0 0 0 
0 0 0 0 0 0 0 0 0 0 
0 0 0 0 0 0 0 0 0 0 
0 0 0 0 0 0 0 0 0 0 
0 0 0 0 0 0 0 0 0 0 
0 0 0 0 0 0 0 0 0 0 
0 0 0 0 0 0 0 0 0 0 
0 0 0 0 0 0 0 0 0 0 
0 0 0 0 0 0 0 0 0 0 
0 0 0 0 0 0 0 0 0 0 
0 0 0 0 0 0 0 0 0 0 
0 0 0 0 0 0 0 0 0 0 
0 0 0 0 0 0 0 0 0 0 
0 0 0 0 0 0 0 0 0 0 
0 0 0 0 0 0 0 0 0 0 
0 0 0 0 0 0 0 0 0 1 
1 1 1 1 1 1 1 1 1 1 
1 1 1 1 1 1 1 1 1 1 
1 1 1 1 1 1 1 1 1 1 
1 1 1 1 1 1 1 1 1 1 
1 1 1 1 1 1 1 1 1 1 
1 1 1 1 1 1 1 1 1 1 
1 1 1 1 1 1 1 1 1 1 
1 1 1 1 1 1 1 1 1 1 
1 1 1 1 1 1 1 1 1 1 
1 1 1 1 1 1 1 1 1 1 
1 1 1 1 1 1 1 1 1 1 
1 1 1 1 1 1 1 1 1 1 
1 1 1 1 1 1 1 1 1 1 
1 1 1 1 1 1 1 1 1 1 
1 1 1 1 1 1 1 1 1 1 
1 1 1 1 1 1 1 1 1 1 
1 1 1 1 1 1 1 1 1 1 
1 1 1 1 1 1 1 1 1 1 
1 1 1 1 1 1 1 1 1 1 
1 1 1 1 1 12 12 12 12 12 
12 12 12 12 12 12 12 12 12 12 
12 12 12 12 12 12 12 12 12 12 
12 12 12 12 12 12 12 12 12 12 
12 12 12 12 12 12 12 12 12 12 
12 12 12 12 12 12 12 12 12 12 
12 12 12 12 12 12 12 12 12 12 
12 12 12 12 12 12 12 12 12 12 
12 12 12 12 12 12 12 12 12 12 
12 12 12 12 12 12 12 12 12 12 
12 12 12 12 12 12 12 12 12 12 
12 12 12 12 12 12 12 12 12 12 
12 12 12 12 12 12 12 12 12 12 
12 12 12 12 12 12 12 12 12 12 
12 12 12 12 12 12 12 12 12 12 
12 12 12 12 12 12 12 12 12 12 
12 12 12 12 12 12 12 12 12 12 
12 12 12 12 12 12 12 12 12 12 
12 12 12 12 12 12 12 12 12 12 
12 12 12 12 12 12 12 12 12 12 
12 12 12 12 12 12 12 12 12 12 
12 12 12 12 12 12 12 12 12 12 
12 12 12 12 12 12 12 12 12 12 
12 12 12 12 12 12 12 12 12 12 
12 12 12 12 12 12 12 12 12 12 
12 12 12 12 12 12 12 12 12 12 
12 12 12 12 12 12 12 12 12 12 
12 12 12 12 12 12 12 12 12 12 
12 12 12 12 12 12 12 12 12 12 
12 12 12 12 12 12 12 12 12 12 
12 12 12 12 12 12 12 12 12 12 
12 12 12 12 12 12 12 12 12 12 
12 12 12 12 12 12 12 12 12 12 
12 12 12 12 12 12 12 12 12 12 
12 12 12 12 12 12 12 12 12 12 
12 12 12 12 12 12 12 12 12 12 
12 12 12 12 12 12 12 12 12 12 
12 12 12 12 12 12 12 12 12 12 
12 12 12 12 12 12 12 12 12 12 
12 12 12 12 12 12 12 SCALARS Pmax_MPa float 1
LOOKUP_TABLE default
4.81859e+07 4.81859e+07 4.81859e+07 4.81859e+07 4.81859e+07 4.81859e+07 4.81859e+07 4.81859e+07 4.81859e+07 
4.81859e+07 4.81859e+07 4.81859e+07 4.81859e+07 4.81859e+07 4.81859e+07 4.81859e+07 4.81859e+07 4.81859e+07 4.81859e+07 
4.81859e+07 4.81859e+07 4.81859e+07 4.81859e+07 4.81859e+07 4.81859e+07 4.81859e+07 4.81859e+07 4.81859e+07 4.81859e+07 
4.81859e+07 4.81859e+07 4.81859e+07 4.81859e+07 4.81859e+07 4.81859e+07 4.81859e+07 4.81859e+07 4.81859e+07 4.81859e+07 
4.81859e+07 4.81859e+07 4.81859e+07 4.81859e+07 4.81859e+07 4.81859e+07 4.81859e+07 4.81859e+07 4.81859e+07 4.81859e+07 
4.81859e+07 4.81859e+07 4.81859e+07 4.81859e+07 4.81859e+07 4.81859e+07 4.81859e+07 4.81859e+07 4.81859e+07 4.81859e+07 
4.81859e+07 4.81859e+07 4.81859e+07 4.81859e+07 4.81859e+07 4.81859e+07 4.81859e+07 4.81859e+07 4.81859e+07 4.81859e+07 
4.81859e+07 4.81859e+07 4.81859e+07 4.81859e+07 4.81859e+07 4.81859e+07 4.81859e+07 4.81859e+07 4.81859e+07 4.81859e+07 
4.81859e+07 4.81859e+07 4.81859e+07 4.81859e+07 4.81859e+07 4.81859e+07 4.81859e+07 4.81859e+07 4.81859e+07 4.81859e+07 
4.81859e+07 4.81859e+07 4.81859e+07 4.81859e+07 4.81859e+07 4.81859e+07 4.81859e+07 4.81859e+07 4.81859e+07 4.81859e+07 
4.81859e+07 4.81859e+07 4.81859e+07 4.81859e+07 4.81859e+07 4.81859e+07 4.81859e+07 4.81859e+07 4.81859e+07 4.81859e+07 
4.81859e+07 4.81859e+07 4.81859e+07 4.81859e+07 4.81859e+07 4.81859e+07 4.81859e+07 4.81859e+07 4.81859e+07 4.81859e+07 
4.81859e+07 4.81859e+07 4.81859e+07 4.81859e+07 4.81859e+07 4.81859e+07 4.81859e+07 4.81859e+07 4.81859e+07 4.81859e+07 
4.81859e+07 4.81859e+07 4.81859e+07 4.81859e+07 4.81859e+07 4.81859e+07 4.81859e+07 4.81859e+07 4.81859e+07 4.81859e+07 
4.81859e+07 4.81859e+07 4.81859e+07 4.81859e+07 4.81859e+07 4.81859e+07 4.81859e+07 4.81859e+07 4.81859e+07 4.81859e+07 
4.81859e+07 4.81859e+07 4.81859e+07 4.81859e+07 4.81859e+07 4.81859e+07 4.81859e+07 4.81859e+07 4.81859e+07 4.81859e+07 
4.81859e+07 4.81859e+07 4.81859e+07 4.81859e+07 4.81859e+07 4.81859e+07 4.81859e+07 4.81859e+07 4.81859e+07 4.81859e+07 
4.81859e+07 4.81859e+07 4.81859e+07 4.81859e+07 4.81859e+07 4.81859e+07 4.81859e+07 4.81859e+07 4.81859e+07 4.81859e+07 
4.81859e+07 4.81859e+07 4.81859e+07 4.81859e+07 4.81859e+07 4.81859e+07 4.81859e+07 4.81859e+07 4.81859e+07 4.81859e+07 
4.81859e+07 4.81859e+07 4.81859e+07 4.81859e+07 4.81859e+07 4.81859e+07 4.81859e+07 4.74959e+07 4.74959e+07 4.74959e+07 
4.74959e+07 4.74959e+07 4.74959e+07 4.74959e+07 4.74959e+07 4.74959e+07 4.74959e+07 4.74959e+07 4.74959e+07 4.74959e+07 
4.74959e+07 4.74959e+07 4.74959e+07 4.74959e+07 4.74959e+07 4.74959e+07 4.74959e+07 4.74959e+07 4.74959e+07 4.74959e+07 
4.74959e+07 4.74959e+07 4.74959e+07 4.74959e+07 4.74959e+07 4.74959e+07 4.74959e+07 4.74959e+07 4.74959e+07 4.74959e+07 
4.74959e+07 4.74959e+07 4.74959e+07 4.74959e+07 4.74959e+07 4.74959e+07 4.74959e+07 4.74959e+07 4.74959e+07 4.74959e+07 
4.74959e+07 4.74959e+07 4.74959e+07 4.74959e+07 4.74959e+07 4.74959e+07 4.74959e+07 4.74959e+07 4.74959e+07 4.74959e+07 
4.74959e+07 4.74959e+07 4.74959e+07 4.74959e+07 4.74959e+07 4.74959e+07 4.74959e+07 4.74959e+07 4.74959e+07 4.74959e+07 
4.74959e+07 4.74959e+07 4.74959e+07 4.74959e+07 4.74959e+07 4.74959e+07 4.74959e+07 4.74959e+07 4.74959e+07 4.74959e+07 
4.74959e+07 4.74959e+07 4.74959e+07 4.74959e+07 4.74959e+07 4.74959e+07 4.74959e+07 4.74959e+07 4.74959e+07 4.74959e+07 
4.74959e+07 4.74959e+07 4.74959e+07 4.74959e+07 4.74959e+07 4.74959e+07 4.74959e+07 4.74959e+07 4.74959e+07 4.74959e+07 
4.74959e+07 4.74959e+07 4.74959e+07 4.74959e+07 4.74959e+07 4.74959e+07 4.74959e+07 4.74959e+07 4.74959e+07 4.74959e+07 
4.74959e+07 4.74959e+07 4.74959e+07 4.74959e+07 4.74959e+07 4.74959e+07 4.74959e+07 4.74959e+07 4.74959e+07 4.74959e+07 
4.74959e+07 4.74959e+07 4.74959e+07 4.74959e+07 4.74959e+07 4.74959e+07 4.74959e+07 4.74959e+07 4.74959e+07 4.74959e+07 
4.74959e+07 4.74959e+07 4.74959e+07 4.74959e+07 4.74959e+07 4.74959e+07 4.74959e+07 4.74959e+07 4.74959e+07 4.74959e+07 
4.74959e+07 4.74959e+07 4.74959e+07 4.74959e+07 4.74959e+07 4.74959e+07 4.74959e+07 4.74959e+07 4.74959e+07 4.74959e+07 
4.74959e+07 4.74959e+07 4.74959e+07 4.74959e+07 4.74959e+07 4.74959e+07 4.74959e+07 4.74959e+07 4.74959e+07 4.74959e+07 
4.74959e+07 4.74959e+07 4.74959e+07 4.74959e+07 4.74959e+07 4.74959e+07 4.74959e+07 4.74959e+07 4.74959e+07 4.74959e+07 
4.74959e+07 4.74959e+07 4.74959e+07 4.74959e+07 4.74959e+07 4.74959e+07 4.74959e+07 4.74959e+07 4.74959e+07 4.74959e+07 
4.74959e+07 4.74959e+07 4.74959e+07 4.74959e+07 4.74959e+07 4.74959e+07 4.74959e+07 4.74959e+07 4.74959e+07 4.74959e+07 
4.74959e+07 4.74959e+07 4.74959e+07 4.74959e+07 4.74959e+07 4.74959e+07 4.74959e+07 4.74959e+07 4.74959e+07 4.74959e+07 
4.74959e+07 4.74959e+07 4.74959e+07 4.83576e+07 4.83576e+07 4.83576e+07 4.83576e+07 4.83576e+07 4.83576e+07 4.83576e+07 
4.83576e+07 4.83576e+07 4.83576e+07 4.83576e+07 4.83576e+07 4.83576e+07 4.83576e+07 4.83576e+07 4.83576e+07 4.83576e+07 
4.83576e+07 4.83576e+07 4.83576e+07 4.83576e+07 4.83576e+07 4.83576e+07 4.83576e+07 4.83576e+07 4.83576e+07 4.83576e+07 
4.83576e+07 4.83576e+07 4.83576e+07 4.83576e+07 4.83576e+07 4.83576e+07 4.83576e+07 4.83576e+07 4.83576e+07 4.83576e+07 
4.83576e+07 4.83576e+07 4.83576e+07 4.83576e+07 4.83576e+07 4.83576e+07 4.83576e+07 4.83576e+07 4.83576e+07 4.83576e+07 
4.83576e+07 4.83576e+07 4.83576e+07 4.83576e+07 4.83576e+07 4.83576e+07 4.83576e+07 4.83576e+07 4.83576e+07 4.83576e+07 
4.83576e+07 4.83576e+07 4.83576e+07 4.83576e+07 4.83576e+07 4.83576e+07 4.83576e+07 4.83576e+07 4.83576e+07 4.83576e+07 
4.83576e+07 4.83576e+07 4.83576e+07 4.83576e+07 4.83576e+07 4.83576e+07 4.83576e+07 4.83576e+07 4.83576e+07 4.83576e+07 
4.83576e+07 4.83576e+07 4.83576e+07 4.83576e+07 4.83576e+07 4.83576e+07 4.83576e+07 4.83576e+07 4.83576e+07 4.83576e+07 
4.83576e+07 4.83576e+07 4.83576e+07 4.83576e+07 4.83576e+07 4.83576e+07 4.83576e+07 4.83576e+07 4.83576e+07 4.83576e+07 
4.83576e+07 4.83576e+07 4.83576e+07 4.83576e+07 4.83576e+07 4.83576e+07 4.83576e+07 4.83576e+07 4.83576e+07 4.83576e+07 
4.83576e+07 4.83576e+07 4.83576e+07 4.83576e+07 4.83576e+07 4.83576e+07 4.83576e+07 4.83576e+07 4.83576e+07 4.83576e+07 
4.83576e+07 4.83576e+07 4.83576e+07 4.83576e+07 4.83576e+07 4.83576e+07 4.83576e+07 4.83576e+07 4.83576e+07 4.83576e+07 
4.83576e+07 4.83576e+07 4.83576e+07 4.83576e+07 4.83576e+07 4.83576e+07 4.83576e+07 4.83576e+07 4.83576e+07 4.83576e+07 
4.83576e+07 4.83576e+07 4.83576e+07 4.83576e+07 4.83576e+07 4.83576e+07 4.83576e+07 4.83576e+07 4.83576e+07 4.83576e+07 
4.83576e+07 4.83576e+07 4.83576e+07 4.83576e+07 4.83576e+07 4.83576e+07 4.83576e+07 4.83576e+07 4.83576e+07 4.83576e+07 
4.83576e+07 4.83576e+07 4.83576e+07 4.83576e+07 4.83576e+07 4.83576e+07 4.83576e+07 4.83576e+07 4.83576e+07 4.83576e+07 
4.83576e+07 4.83576e+07 4.83576e+07 4.83576e+07 4.83576e+07 4.83576e+07 4.83576e+07 4.83576e+07 4.83576e+07 4.83576e+07 
4.83576e+07 4.83576e+07 4.83576e+07 4.83576e+07 4.83576e+07 4.83576e+07 4.83576e+07 4.83576e+07 4.83576e+07 4.83576e+07 
4.83576e+07 4.83576e+07 4.83576e+07 4.83576e+07 4.83576e+07 4.83576e+07 4.83576e+07 4.83576e+07 4.83576e+07 4.39223e+07 
4.39223e+07 4.39223e+07 4.39223e+07 4.39223e+07 4.39223e+07 4.39223e+07 4.39223e+07 4.39223e+07 4.39223e+07 4.39223e+07 
4.39223e+07 4.39223e+07 4.39223e+07 4.39223e+07 4.39223e+07 4.39223e+07 4.39223e+07 4.39223e+07 4.39223e+07 4.39223e+07 
4.39223e+07 4.39223e+07 4.39223e+07 4.39223e+07 4.39223e+07 4.39223e+07 4.39223e+07 4.39223e+07 4.39223e+07 4.39223e+07 
4.39223e+07 4.39223e+07 4.39223e+07 4.39223e+07 4.39223e+07 4.39223e+07 4.39223e+07 4.39223e+07 4.39223e+07 4.39223e+07 
4.39223e+07 4.39223e+07 4.39223e+07 4.39223e+07 4.39223e+07 4.39223e+07 4.39223e+07 4.39223e+07 4.39223e+07 4.39223e+07 
4.39223e+07 4.39223e+07 4.39223e+07 4.39223e+07 4.39223e+07 4.39223e+07 4.39223e+07 4.39223e+07 4.39223e+07 4.39223e+07 
4.39223e+07 4.39223e+07 4.39223e+07 4.39223e+07 4.39223e+07 4.39223e+07 4.39223e+07 4.39223e+07 4.39223e+07 4.39223e+07 
4.39223e+07 4.39223e+07 4.39223e+07 4.39223e+07 4.39223e+07 4.39223e+07 4.39223e+07 4.39223e+07 4.39223e+07 4.39223e+07 
4.39223e+07 4.39223e+07 4.39223e+07 4.39223e+07 4.39223e+07 4.39223e+07 4.39223e+07 4.39223e+07 4.39223e+07 4.39223e+07 
4.39223e+07 4.39223e+07 4.39223e+07 4.39223e+07 4.39223e+07 4.39223e+07 4.39223e+07 4.39223e+07 4.39223e+07 4.39223e+07 
4.39223e+07 4.39223e+07 4.39223e+07 4.39223e+07 4.39223e+07 4.39223e+07 4.39223e+07 4.39223e+07 4.39223e+07 4.39223e+07 
4.39223e+07 4.39223e+07 4.39223e+07 4.39223e+07 4.39223e+07 4.39223e+07 4.39223e+07 4.39223e+07 4.39223e+07 4.39223e+07 
4.39223e+07 4.39223e+07 4.39223e+07 4.39223e+07 4.39223e+07 4.39223e+07 4.39223e+07 4.39223e+07 4.39223e+07 4.39223e+07 
4.39223e+07 4.39223e+07 4.39223e+07 4.39223e+07 4.39223e+07 4.39223e+07 4.39223e+07 4.39223e+07 4.39223e+07 4.39223e+07 
4.39223e+07 4.39223e+07 4.39223e+07 4.39223e+07 4.39223e+07 4.39223e+07 4.39223e+07 4.39223e+07 4.39223e+07 4.39223e+07 
4.39223e+07 4.39223e+07 4.39223e+07 4.39223e+07 4.39223e+07 4.39223e+07 4.39223e+07 4.39223e+07 4.39223e+07 4.39223e+07 
4.39223e+07 4.39223e+07 4.39223e+07 4.39223e+07 4.39223e+07 4.39223e+07 4.39223e+07 4.39223e+07 4.39223e+07 4.39223e+07 
4.39223e+07 4.39223e+07 4.39223e+07 4.39223e+07 4.39223e+07 4.39223e+07 4.39223e+07 4.39223e+07 4.39223e+07 4.39223e+07 
4.39223e+07 4.39223e+07 4.39223e+07 4.39223e+07 4.39223e+07 4.39223e+07 4.39223e+07 4.39223e+07 4.39223e+07 4.39223e+07 
4.39223e+07 4.39223e+07 4.39223e+07 4.39223e+07 4.39223e+07 6.78758e+07 6.78758e+07 6.78758e+07 6.78758e+07 6.78758e+07 
6.78758e+07 6.78758e+07 6.78758e+07 6.78758e+07 6.78758e+07 6.78758e+07 6.78758e+07 6.78758e+07 6.78758e+07 6.78758e+07 
6.78758e+07 6.78758e+07 6.78758e+07 6.78758e+07 6.78758e+07 6.78758e+07 6.78758e+07 6.78758e+07 6.78758e+07 6.78758e+07 
6.78758e+07 6.78758e+07 6.78758e+07 6.78758e+07 6.78758e+07 6.78758e+07 6.78758e+07 6.78758e+07 6.78758e+07 6.78758e+07 
6.78758e+07 6.78758e+07 6.78758e+07 6.78758e+07 6.78758e+07 6.78758e+07 6.78758e+07 6.78758e+07 6.78758e+07 6.78758e+07 
6.78758e+07 6.78758e+07 6.78758e+07 6.78758e+07 6.78758e+07 6.78758e+07 6.78758e+07 6.78758e+07 6.78758e+07 6.78758e+07 
6.78758e+07 6.78758e+07 6.78758e+07 6.78758e+07 6.78758e+07 6.78758e+07 6.78758e+07 6.78758e+07 6.78758e+07 6.78758e+07 
6.78758e+07 6.78758e+07 6.78758e+07 6.78758e+07 6.78758e+07 6.78758e+07 6.78758e+07 6.78758e+07 6.78758e+07 6.78758e+07 
6.78758e+07 6.78758e+07 6.78758e+07 6.78758e+07 6.78758e+07 6.78758e+07 6.78758e+07 6.78758e+07 6.78758e+07 6.78758e+07 
6.78758e+07 6.78758e+07 6.78758e+07 6.78758e+07 6.78758e+07 6.78758e+07 6.78758e+07 6.78758e+07 6.78758e+07 6.78758e+07 
6.78758e+07 6.78758e+07 6.78758e+07 6.78758e+07 6.78758e+07 6.78758e+07 6.78758e+07 6.78758e+07 6.78758e+07 6.78758e+07 
6.78758e+07 6.78758e+07 6.78758e+07 6.78758e+07 6.78758e+07 6.78758e+07 6.78758e+07 6.78758e+07 6.78758e+07 6.78758e+07 
6.78758e+07 6.78758e+07 6.78758e+07 6.78758e+07 6.78758e+07 6.78758e+07 6.78758e+07 6.78758e+07 6.78758e+07 6.78758e+07 
6.78758e+07 6.78758e+07 6.78758e+07 6.78758e+07 6.78758e+07 6.78758e+07 6.78758e+07 6.78758e+07 6.78758e+07 6.78758e+07 
6.78758e+07 6.78758e+07 6.78758e+07 6.78758e+07 6.78758e+07 6.78758e+07 6.78758e+07 6.78758e+07 6.78758e+07 6.78758e+07 
6.78758e+07 6.78758e+07 6.78758e+07 6.78758e+07 6.78758e+07 6.78758e+07 6.78758e+07 6.78758e+07 6.78758e+07 6.78758e+07 
6.78758e+07 6.78758e+07 6.78758e+07 6.78758e+07 6.78758e+07 6.78758e+07 6.78758e+07 6.78758e+07 6.78758e+07 6.78758e+07 
6.78758e+07 6.78758e+07 6.78758e+07 6.78758e+07 6.78758e+07 6.78758e+07 6.78758e+07 6.78758e+07 6.78758e+07 6.78758e+07 
6.78758e+07 6.78758e+07 6.78758e+07 6.78758e+07 6.78758e+07 6.78758e+07 6.78758e+07 6.78758e+07 6.78758e+07 6.78758e+07 
6.78758e+07 6.78758e+07 6.78758e+07 6.78758e+07 6.78758e+07 6.78758e+07 6.78758e+07 6.78758e+07 6.78758e+07 6.78758e+07 
6.78758e+07 6.78757e+07 6.78757e+07 6.78757e+07 6.78757e+07 6.78757e+07 6.78757e+07 6.78757e+07 6.78757e+07 6.78757e+07 
6.78757e+07 6.78757e+07 6.78757e+07 6.78757e+07 6.78757e+07 6.78757e+07 6.78757e+07 6.78757e+07 6.78757e+07 6.78757e+07 
6.78757e+07 6.78757e+07 6.78757e+07 6.78757e+07 6.78757e+07 6.78757e+07 6.78757e+07 6.78757e+07 6.78757e+07 6.78757e+07 
6.78757e+07 6.78757e+07 6.78757e+07 6.78757e+07 6.78757e+07 6.78757e+07 6.78757e+07 6.78757e+07 6.78757e+07 6.78757e+07 
6.78757e+07 6.78757e+07 6.78757e+07 6.78757e+07 6.78757e+07 6.78757e+07 6.78757e+07 6.78757e+07 6.78757e+07 6.78757e+07 
6.78757e+07 6.78757e+07 6.78757e+07 6.78757e+07 6.78757e+07 6.78757e+07 6.78757e+07 6.78757e+07 6.78757e+07 6.78757e+07 
6.78757e+07 6.78757e+07 6.78757e+07 6.78757e+07 6.78757e+07 6.78757e+07 6.78757e+07 6.78757e+07 6.78757e+07 6.78757e+07 
6.78757e+07 6.78757e+07 6.78757e+07 6.78757e+07 6.78757e+07 6.78757e+07 6.78757e+07 6.78757e+07 6.78757e+07 6.78757e+07 
6.78757e+07 6.78757e+07 6.78757e+07 6.78757e+07 6.78757e+07 6.78757e+07 6.78757e+07 6.78757e+07 6.78757e+07 6.78757e+07 
6.78757e+07 6.78757e+07 6.78757e+07 6.78757e+07 6.78757e+07 6.78757e+07 6.78757e+07 6.78757e+07 6.78757e+07 6.78757e+07 
6.78757e+07 6.78757e+07 6.78757e+07 6.78757e+07 6.78757e+07 6.78757e+07 6.78757e+07 6.78757e+07 6.78757e+07 6.78757e+07 
6.78757e+07 6.78757e+07 6.78757e+07 6.78757e+07 6.78757e+07 6.78757e+07 6.78757e+07 6.78757e+07 6.78757e+07 6.78757e+07 
6.78757e+07 6.78757e+07 6.78757e+07 6.78757e+07 6.78757e+07 6.78757e+07 6.78757e+07 6.78757e+07 6.78757e+07 6.78757e+07 
6.78757e+07 6.78757e+07 6.78757e+07 6.78757e+07 6.78757e+07 6.78757e+07 6.78757e+07 6.78757e+07 6.78757e+07 6.78757e+07 
6.78757e+07 6.78757e+07 6.78757e+07 6.78757e+07 6.78757e+07 6.78757e+07 6.78757e+07 6.78757e+07 6.78757e+07 6.78757e+07 
6.78757e+07 6.78757e+07 6.78757e+07 6.78757e+07 6.78757e+07 6.78757e+07 6.78757e+07 6.78757e+07 6.78757e+07 6.78757e+07 
6.78757e+07 6.78757e+07 6.78757e+07 6.78757e+07 6.78757e+07 6.78757e+07 6.78757e+07 6.78757e+07 6.78757e+07 6.78757e+07 
6.78757e+07 6.78757e+07 6.78757e+07 6.78757e+07 6.78757e+07 6.78757e+07 6.78757e+07 6.78757e+07 6.78757e+07 6.78757e+07 
6.78757e+07 6.78757e+07 6.78757e+07 6.78757e+07 6.78757e+07 6.78757e+07 6.78757e+07 6.78757e+07 6.78757e+07 6.78757e+07 
6.78757e+07 6.78757e+07 6.78757e+07 6.78757e+07 6.78757e+07 6.78757e+07 6.78757e+07 SCALARS Tau_MPa float 1
LOOKUP_TABLE default
19.1402 19.1402 19.1402 19.1402 19.1402 19.1402 19.1402 19.1402 19.1402 
19.1402 19.1402 19.1402 19.1402 19.1402 19.1402 19.1402 19.1402 19.1402 19.1402 
19.1402 19.1402 19.1402 19.1402 19.1402 19.1402 19.1402 19.1402 19.1402 19.1402 
19.1402 19.1402 19.1402 19.1402 19.1402 19.1402 19.1402 19.1402 19.1402 19.1402 
19.1402 19.1402 19.1402 19.1402 19.1402 19.1402 19.1402 19.1402 19.1402 19.1402 
19.1402 19.1402 19.1402 19.1402 19.1402 19.1402 19.1402 19.1402 19.1402 19.1402 
19.1402 19.1402 19.1402 19.1402 19.1402 19.1402 19.1402 19.1402 19.1402 19.1402 
19.1402 19.1402 19.1402 19.1402 19.1402 19.1402 19.1402 19.1402 19.1402 19.1402 
19.1402 19.1402 19.1402 19.1402 19.1402 19.1402 19.1402 19.1402 19.1402 19.1402 
19.1402 19.1402 19.1402 19.1402 19.1402 19.1402 19.1402 19.1402 19.1402 19.1402 
19.1402 19.1402 19.1402 19.1402 19.1402 19.1402 19.1402 19.1402 19.1402 19.1402 
19.1402 19.1402 19.1402 19.1402 19.1402 19.1402 19.1402 19.1402 19.1402 19.1402 
19.1402 19.1402 19.1402 19.1402 19.1402 19.1402 19.1402 19.1402 19.1402 19.1402 
19.1402 19.1402 19.1402 19.1402 19.1402 19.1402 19.1402 19.1402 19.1402 19.1402 
19.1402 19.1402 19.1402 19.1402 19.1402 19.1402 19.1402 19.1402 19.1402 19.1402 
19.1402 19.1402 19.1402 19.1402 19.1402 19.1402 19.1402 19.1402 19.1402 19.1402 
19.1402 19.1402 19.1402 19.1402 19.1402 19.1402 19.1402 19.1402 19.1402 19.1402 
19.1402 19.1402 19.1402 19.1402 19.1402 19.1402 19.1402 19.1402 19.1402 19.1402 
19.1402 19.1402 19.1402 19.1402 19.1402 19.1402 19.1402 19.1402 19.1402 19.1402 
19.1402 19.1402 19.1402 19.1402 19.1402 19.1402 19.1402 6.72006 6.72006 6.72006 
6.72006 6.72006 6.72006 6.72006 6.72006 6.72006 6.72006 6.72006 6.72006 6.72006 
6.72006 6.72006 6.72006 6.72006 6.72006 6.72006 6.72006 6.72006 6.72006 6.72006 
6.72006 6.72006 6.72006 6.72006 6.72006 6.72006 6.72006 6.72006 6.72006 6.72006 
6.72006 6.72006 6.72006 6.72006 6.72006 6.72006 6.72006 6.72006 6.72006 6.72006 
6.72006 6.72006 6.72006 6.72006 6.72006 6.72006 6.72006 6.72006 6.72006 6.72006 
6.72006 6.72006 6.72006 6.72006 6.72006 6.72006 6.72006 6.72006 6.72006 6.72006 
6.72006 6.72006 6.72006 6.72006 6.72006 6.72006 6.72006 6.72006 6.72006 6.72006 
6.72006 6.72006 6.72006 6.72006 6.72006 6.72006 6.72006 6.72006 6.72006 6.72006 
6.72006 6.72006 6.72006 6.72006 6.72006 6.72006 6.72006 6.72006 6.72006 6.72006 
6.72006 6.72006 6.72006 6.72006 6.72006 6.72006 6.72006 6.72006 6.72006 6.72006 
6.72006 6.72006 6.72006 6.72006 6.72006 6.72006 6.72006 6.72006 6.72006 6.72006 
6.72006 6.72006 6.72006 6.72006 6.72006 6.72006 6.72006 6.72006 6.72006 6.72006 
6.72006 6.72006 6.72006 6.72006 6.72006 6.72006 6.72006 6.72006 6.72006 6.72006 
6.72006 6.72006 6.72006 6.72006 6.72006 6.72006 6.72006 6.72006 6.72006 6.72006 
6.72006 6.72006 6.72006 6.72006 6.72006 6.72006 6.72006 6.72006 6.72006 6.72006 
6.72006 6.72006 6.72006 6.72006 6.72006 6.72006 6.72006 6.72006 6.72006 6.72006 
6.72006 6.72006 6.72006 6.72006 6.72006 6.72006 6.72006 6.72006 6.72006 6.72006 
6.72006 6.72006 6.72006 6.72006 6.72006 6.72006 6.72006 6.72006 6.72006 6.72006 
6.72006 6.72006 6.72006 6.72006 6.72006 6.72006 6.72006 6.72006 6.72006 6.72006 
6.72006 6.72006 6.72006 20.2414 20.2414 20.2414 20.2414 20.2414 20.2414 20.2414 
20.2414 20.2414 20.2414 20.2414 20.2414 20.2414 20.2414 20.2414 20.2414 20.2414 
20.2414 20.2414 20.2414 20.2414 20.2414 20.2414 20.2414 20.2414 20.2414 20.2414 
20.2414 20.2414 20.2414 20.2414 20.2414 20.2414 20.2414 20.2414 20.2414 20.2414 
20.2414 20.2414 20.2414 20.2414 20.2414 20.2414 20.2414 20.2414 20.2414 20.2414 
20.2414 20.2414 20.2414 20.2414 20.2414 20.2414 20.2414 20.2414 20.2414 20.2414 
20.2414 20.2414 20.2414 20.2414 20.2414 20.2414 20.2414 20.2414 20.2414 20.2414 
20.2414 20.2414 20.2414 20.2414 20.2414 20.2414 20.2414 20.2414 20.2414 20.2414 
20.2414 20.2414 20.2414 20.2414 20.2414 20.2414 20.2414 20.2414 20.2414 20.2414 
20.2414 20.2414 20.2414 20.2414 20.2414 20.2414 20.2414 20.2414 20.2414 20.2414 
20.2414 20.2414 20.2414 20.2414 20.2414 20.2414 20.2414 20.2414 20.2414 20.2414 
20.2414 20.2414 20.2414 20.2414 20.2414 20.2414 20.2414 20.2414 20.2414 20.2414 
20.2414 20.2414 20.2414 20.2414 20.2414 20.2414 20.2414 20.2414 20.2414 20.2414 
20.2414 20.2414 20.2414 20.2414 20.2414 20.2414 20.2414 20.2414 20.2414 20.2414 
20.2414 20.2414 20.2414 20.2414 20.2414 20.2414 20.2414 20.2414 20.2414 20.2414 
20.2414 20.2414 20.2414 20.2414 20.2414 20.2414 20.2414 20.2414 20.2414 20.2414 
20.2414 20.2414 20.2414 20.2414 20.2414 20.2414 20.2414 20.2414 20.2414 20.2414 
20.2414 20.2414 20.2414 20.2414 20.2414 20.2414 20.2414 20.2414 20.2414 20.2414 
20.2414 20.2414 20.2414 20.2414 20.2414 20.2414 20.2414 20.2414 20.2414 20.2414 
20.2414 20.2414 20.2414 20.2414 20.2414 20.2414 20.2414 20.2414 20.2414 19.5955 
19.5955 19.5955 19.5955 19.5955 19.5955 19.5955 19.5955 19.5955 19.5955 19.5955 
19.5955 19.5955 19.5955 19.5955 19.5955 19.5955 19.5955 19.5955 19.5955 19.5955 
19.5955 19.5955 19.5955 19.5955 19.5955 19.5955 19.5955 19.5955 19.5955 19.5955 
19.5955 19.5955 19.5955 19.5955 19.5955 19.5955 19.5955 19.5955 19.5955 19.5955 
19.5955 19.5955 19.5955 19.5955 19.5955 19.5955 19.5955 19.5955 19.5955 19.5955 
19.5955 19.5955 19.5955 19.5955 19.5955 19.5955 19.5955 19.5955 19.5955 19.5955 
19.5955 19.5955 19.5955 19.5955 19.5955 19.5955 19.5955 19.5955 19.5955 19.5955 
19.5955 19.5955 19.5955 19.5955 19.5955 19.5955 19.5955 19.5955 19.5955 19.5955 
19.5955 19.5955 19.5955 19.5955 19.5955 19.5955 19.5955 19.5955 19.5955 19.5955 
19.5955 19.5955 19.5955 19.5955 19.5955 19.5955 19.5955 19.5955 19.5955 19.5955 
19.5955 19.5955 19.5955 19.5955 19.5955 19.5955 19.5955 19.5955 19.5955 19.5955 
19.5955 19.5955 19.5955 19.5955 19.5955 19.5955 19.5955 19.5955 19.5955 19.5955 
19.5955 19.5955 19.5955 19.5955 19.5955 19.5955 19.5955 19.5955 19.5955 19.5955 
19.5955 19.5955 19.5955 19.5955 19.5955 19.5955 19.5955 19.5955 19.5955 19.5955 
19.5955 19.5955 19.5955 19.5955 19.5955 19.5955 19.5955 19.5955 19.5955 19.5955 
19.5955 19.5955 19.5955 19.5955 19.5955 19.5955 19.5955 19.5955 19.5955 19.5955 
19.5955 19.5955 19.5955 19.5955 19.5955 19.5955 19.5955 19.5955 19.5955 19.5955 
19.5955 19.5955 19.5955 19.5955 19.5955 19.5955 19.5955 19.5955 19.5955 19.5955 
19.5955 19.5955 19.5955 19.5955 19.5955 19.5955 19.5955 19.5955 19.5955 19.5955 
19.5955 19.5955 19.5955 19.5955 19.5955 0.400614 0.400614 0.400614 0.400614 0.400614 
0.400614 0.400614 0.400614 0.400614 0.400614 0.400614 0.400614 0.400614 0.400614 0.400614 
0.400614 0.400614 0.400614 0.400614 0.400614 0.400614 0.400614 0.400614 0.400614 0.400614 
0.400614 0.400614 0.400614 0.400614 0.400614 0.400614 0.400614 0.400614 0.400614 0.400614 
0.400614 0.400614 0.400614 0.400614 0.400614 0.400614 0.400614 0.400614 0.400614 0.400614 
0.400614 0.400614 0.400614 0.400614 0.400614 0.400614 0.400614 0.400614 0.400614 0.400614 
0.400614 0.400614 0.400614 0.400614 0.400614 0.400614 0.400614 0.400614 0.400614 0.400614 
0.400614 0.400614 0.400614 0.400614 0.400614 0.400614 0.400614 0.400614 0.400614 0.400614 
0.400614 0.400614 0.400614 0.400614 0.400614 0.400614 0.400614 0.400614 0.400614 0.400614 
0.400614 0.400614 0.400614 0.400614 0.400614 0.400614 0.400614 0.400614 0.400614 0.400614 
0.400614 0.400614 0.400614 0.400614 0.400614 0.400614 0.400614 0.400614 0.400614 0.400614 
0.400614 0.400614 0.400614 0.400614 0.400614 0.400614 0.400614 0.400614 0.400614 0.400614 
0.400614 0.400614 0.400614 0.400614 0.400614 0.400614 0.400614 0.400614 0.400614 0.400614 
0.400614 0.400614 0.400614 0.400614 0.400614 0.400614 0.400614 0.400614 0.400614 0.400614 
0.400614 0.400614 0.400614 0.400614 0.400614 0.400614 0.400614 0.400614 0.400614 0.400614 
0.400614 0.400614 0.400614 0.400614 0.400614 0.400614 0.400614 0.400614 0.400614 0.400614 
0.400614 0.400614 0.400614 0.400614 0.400614 0.400614 0.400614 0.400614 0.400614 0.400614 
0.400614 0.400614 0.400614 0.400614 0.400614 0.400614 0.400614 0.400614 0.400614 0.400614 
0.400614 0.400614 0.400614 0.400614 0.400614 0.400614 0.400614 0.400614 0.400614 0.400614 
0.400614 0.400614 0.400614 0.400614 0.400614 0.400614 0.400614 0.400614 0.400614 0.400614 
0.400614 0.127225 0.127225 0.127225 0.127225 0.127225 0.127225 0.127225 0.127225 0.127225 
0.127225 0.127225 0.127225 0.127225 0.127225 0.127225 0.127225 0.127225 0.127225 0.127225 
0.127225 0.127225 0.127225 0.127225 0.127225 0.127225 0.127225 0.127225 0.127225 0.127225 
0.127225 0.127225 0.127225 0.127225 0.127225 0.127225 0.127225 0.127225 0.127225 0.127225 
0.127225 0.127225 0.127225 0.127225 0.127225 0.127225 0.127225 0.127225 0.127225 0.127225 
0.127225 0.127225 0.127225 0.127225 0.127225 0.127225 0.127225 0.127225 0.127225 0.127225 
0.127225 0.127225 0.127225 0.127225 0.127225 0.127225 0.127225 0.127225 0.127225 0.127225 
0.127225 0.127225 0.127225 0.127225 0.127225 0.127225 0.127225 0.127225 0.127225 0.127225 
0.127225 0.127225 0.127225 0.127225 0.127225 0.127225 0.127225 0.127225 0.127225 0.127225 
0.127225 0.127225 0.127225 0.127225 0.127225 0.127225 0.127225 0.127225 0.127225 0.127225 
0.127225 0.127225 0.127225 0.127225 0.127225 0.127225 0.127225 0.127225 0.127225 0.127225 
0.127225 0.127225 0.127225 0.127225 0.127225 0.127225 0.127225 0.127225 0.127225 0.127225 
0.127225 0.127225 0.127225 0.127225 0.127225 0.127225 0.127225 0.127225 0.127225 0.127225 
0.127225 0.127225 0.127225 0.127225 0.127225 0.127225 0.127225 0.127225 0.127225 0.127225 
0.127225 0.127225 0.127225 0.127225 0.127225 0.127225 0.127225 0.127225 0.127225 0.127225 
0.127225 0.127225 0.127225 0.127225 0.127225 0.127225 0.127225 0.127225 0.127225 0.127225 
0.127225 0.127225 0.127225 0.127225 0.127225 0.127225 0.127225 0.127225 0.127225 0.127225 
0.127225 0.127225 0.127225 0.127225 0.127225 0.127225 0.127225 0.127225 0.127225 0.127225 
0.127225 0.127225 0.127225 0.127225 0.127225 0.127225 0.127225 0.127225 0.127225 0.127225 
0.127225 0.127225 0.127225 0.127225 0.127225 0.127225 0.127225 SCALARS Mwmax float 1
LOOKUP_TABLE default
-10 -10 -10 -10 -10 -10 -10 -10 -10 
-10 -10 -10 -10 -10 -10 -10 -10 -10 -10 
-10 -10 -10 -10 -10 -10 -10 -10 -10 -10 
-10 -10 -10 -10 -10 -10 -10 -10 -10 -10 
-10 -10 -10 -10 -10 -10 -10 -10 -10 -10 
-10 -10 -10 -10 -10 -10 -10 -10 -10 -10 
-10 -10 -10 -10 -10 -10 -10 -10 -10 -10 
-10 -10 -10 -10 -10 -10 -10 -10 -10 -10 
-10 -10 -10 -10 -10 -10 -10 -10 -10 -10 
-10 -10 -10 -10 -10 -10 -10 -10 -10 -10 
-10 -10 -10 -10 -10 -10 -10 -10 -10 -10 
-10 -10 -10 -10 -10 -10 -10 -10 -10 -10 
-10 -10 -10 -10 -10 -10 -10 -10 -10 -10 
-10 -10 -10 -10 -10 -10 -10 -10 -10 -10 
-10 -10 -10 -10 -10 -10 -10 -10 -10 -10 
-10 -10 -10 -10 -10 -10 -10 -10 -10 -10 
-10 -10 -10 -10 -10 -10 -10 -10 -10 -10 
-10 -10 -10 -10 -10 -10 -10 -10 -10 -10 
-10 -10 -10 -10 -10 -10 -10 -10 -10 -10 
-10 -10 -10 -10 -10 -10 -10 -10 -10 -10 
-10 -10 -10 -10 -10 -10 -10 -10 -10 -10 
-10 -10 -10 -10 -10 -10 -10 -10 -10 -10 
-10 -10 -10 -10 -10 -10 -10 -10 -10 -10 
-10 -10 -10 -10 -10 -10 -10 -10 -10 -10 
-10 -10 -10 -10 -10 -10 -10 -10 -10 -10 
-10 -10 -10 -10 -10 -10 -10 -10 -10 -10 
-10 -10 -10 -10 -10 -10 -10 -10 -10 -10 
-10 -10 -10 -10 -10 -10 -10 -10 -10 -10 
-10 -10 -10 -10 -10 -10 -10 -10 -10 -10 
-10 -10 -10 -10 -10 -10 -10 -10 -10 -10 
-10 -10 -10 -10 -10 -10 -10 -10 -10 -10 
-10 -10 -10 -10 -10 -10 -10 -10 -10 -10 
-10 -10 -10 -10 -10 -10 -10 -10 -10 -10 
-10 -10 -10 -10 -10 -10 -10 -10 -10 -10 
-10 -10 -10 -10 -10 -10 -10 -10 -10 -10 
-10 -10 -10 -10 -10 -10 -10 -10 -10 -10 
-10 -10 -10 -10 -10 -10 -10 -10 -10 -10 
-10 -10 -10 -10 -10 -10 -10 -10 -10 -10 
-10 -10 -10 -10 -10 -10 -10 -10 -10 -10 
-10 -10 -10 -10 -10 -10 -10 -10 -10 -10 
-10 -10 -10 -10 -10 -10 -10 -10 -10 -10 
-10 -10 -10 -10 -10 -10 -10 -10 -10 -10 
-10 -10 -10 -10 -10 -10 -10 -10 -10 -10 
-10 -10 -10 -10 -10 -10 -10 -10 -10 -10 
-10 -10 -10 -10 -10 -10 -10 -10 -10 -10 
-10 -10 -10 -10 -10 -10 -10 -10 -10 -10 
-10 -10 -10 -10 -10 -10 -10 -10 -10 -10 
-10 -10 -10 -10 -10 -10 -10 -10 -10 -10 
-10 -10 -10 -10 -10 -10 -10 -10 -10 -10 
-10 -10 -10 -10 -10 -10 -10 -10 -10 -10 
-10 -10 -10 -10 -10 -10 -10 -10 -10 -10 
-10 -10 -10 -10 -10 -10 -10 -10 -10 -10 
-10 -10 -10 -10 -10 -10 -10 -10 -10 -10 
-10 -10 -10 -10 -10 -10 -10 -10 -10 -10 
-10 -10 -10 -10 -10 -10 -10 -10 -10 -10 
-10 -10 -10 -10 -10 -10 -10 -10 -10 -10 
-10 -10 -10 -10 -10 -10 -10 -10 -10 -10 
-10 -10 -10 -10 -10 -10 -10 -10 -10 -10 
-10 -10 -10 -10 -10 -10 -10 -10 -10 2.85791 
2.85791 2.85791 2.85791 2.85791 2.85791 2.85791 2.85791 2.85791 2.85791 2.85791 
2.85791 2.85791 2.85791 2.85791 2.85791 2.85791 2.85791 2.85791 2.85791 2.85791 
2.85791 2.85791 2.85791 2.85791 2.85791 2.85791 2.85791 2.85791 2.85791 2.85791 
2.85791 2.85791 2.85791 2.85791 2.85791 2.85791 2.85791 2.85791 2.85791 2.85791 
2.85791 2.85791 2.85791 2.85791 2.85791 2.85791 2.85791 2.85791 2.85791 2.85791 
2.85791 2.85791 2.85791 2.85791 2.85791 2.85791 2.85791 2.85791 2.85791 2.85791 
2.85791 2.85791 2.85791 2.85791 2.85791 2.85791 2.85791 2.85791 2.85791 2.85791 
2.85791 2.85791 2.85791 2.85791 2.85791 2.85791 2.85791 2.85791 2.85791 2.85791 
2.85791 2.85791 2.85791 2.85791 2.85791 2.85791 2.85791 2.85791 2.85791 2.85791 
2.85791 2.85791 2.85791 2.85791 2.85791 2.85791 2.85791 2.85791 2.85791 2.85791 
2.85791 2.85791 2.85791 2.85791 2.85791 2.85791 2.85791 2.85791 2.85791 2.85791 
2.85791 2.85791 2.85791 2.85791 2.85791 2.85791 2.85791 2.85791 2.85791 2.85791 
2.85791 2.85791 2.85791 2.85791 2.85791 2.85791 2.85791 2.85791 2.85791 2.85791 
2.85791 2.85791 2.85791 2.85791 2.85791 2.85791 2.85791 2.85791 2.85791 2.85791 
2.85791 2.85791 2.85791 2.85791 2.85791 2.85791 2.85791 2.85791 2.85791 2.85791 
2.85791 2.85791 2.85791 2.85791 2.85791 2.85791 2.85791 2.85791 2.85791 2.85791 
2.85791 2.85791 2.85791 2.85791 2.85791 2.85791 2.85791 2.85791 2.85791 2.85791 
2.85791 2.85791 2.85791 2.85791 2.85791 2.85791 2.85791 2.85791 2.85791 2.85791 
2.85791 2.85791 2.85791 2.85791 2.85791 2.85791 2.85791 2.85791 2.85791 2.85791 
2.85791 2.85791 2.85791 2.85791 2.85791 1.78778 1.78778 1.78778 1.78778 1.78778 
1.78778 1.78778 1.78778 1.78778 1.78778 1.78778 1.78778 1.78778 1.78778 1.78778 
1.78778 1.78778 1.78778 1.78778 1.78778 1.78778 1.78778 1.78778 1.78778 1.78778 
1.78778 1.78778 1.78778 1.78778 1.78778 1.78778 1.78778 1.78778 1.78778 1.78778 
1.78778 1.78778 1.78778 1.78778 1.78778 1.78778 1.78778 1.78778 1.78778 1.78778 
1.78778 1.78778 1.78778 1.78778 1.78778 1.78778 1.78778 1.78778 1.78778 1.78778 
1.78778 1.78778 1.78778 1.78778 1.78778 1.78778 1.78778 1.78778 1.78778 1.78778 
1.78778 1.78778 1.78778 1.78778 1.78778 1.78778 1.78778 1.78778 1.78778 1.78778 
1.78778 1.78778 1.78778 1.78778 1.78778 1.78778 1.78778 1.78778 1.78778 1.78778 
1.78778 1.78778 1.78778 1.78778 1.78778 1.78778 1.78778 1.78778 1.78778 1.78778 
1.78778 1.78778 1.78778 1.78778 1.78778 1.78778 1.78778 1.78778 1.78778 1.78778 
1.78778 1.78778 1.78778 1.78778 1.78778 1.78778 1.78778 1.78778 1.78778 1.78778 
1.78778 1.78778 1.78778 1.78778 1.78778 1.78778 1.78778 1.78778 1.78778 1.78778 
1.78778 1.78778 1.78778 1.78778 1.78778 1.78778 1.78778 1.78778 1.78778 1.78778 
1.78778 1.78778 1.78778 1.78778 1.78778 1.78778 1.78778 1.78778 1.78778 1.78778 
1.78778 1.78778 1.78778 1.78778 1.78778 1.78778 1.78778 1.78778 1.78778 1.78778 
1.78778 1.78778 1.78778 1.78778 1.78778 1.78778 1.78778 1.78778 1.78778 1.78778 
1.78778 1.78778 1.78778 1.78778 1.78778 1.78778 1.78778 1.78778 1.78778 1.78778 
1.78778 1.78778 1.78778 1.78778 1.78778 1.78778 1.78778 1.78778 1.78778 1.78778 
1.78778 1.78778 1.78778 1.78778 1.78778 1.78778 1.78778 1.78778 1.78778 1.78778 
1.78778 2.14138 2.14138 2.14138 2.14138 2.14138 2.14138 2.14138 2.14138 2.14138 
2.14138 2.14138 2.14138 2.14138 2.14138 2.14138 2.14138 2.14138 2.14138 2.14138 
2.14138 2.14138 2.14138 2.14138 2.14138 2.14138 2.14138 2.14138 2.14138 2.14138 
2.14138 2.14138 2.14138 2.14138 2.14138 2.14138 2.14138 2.14138 2.14138 2.14138 
2.14138 2.14138 2.14138 2.14138 2.14138 2.14138 2.14138 2.14138 2.14138 2.14138 
2.14138 2.14138 2.14138 2.14138 2.14138 2.14138 2.14138 2.14138 2.14138 2.14138 
2.14138 2.14138 2.14138 2.14138 2.14138 2.14138 2.14138 2.14138 2.14138 2.14138 
2.14138 2.14138 2.14138 2.14138 2.14138 2.14138 2.14138 2.14138 2.14138 2.14138 
2.14138 2.14138 2.14138 2.14138 2.14138 2.14138 2.14138 2.14138 2.14138 2.14138 
2.14138 2.14138 2.14138 2.14138 2.14138 2.14138 2.14138 2.14138 2.14138 2.14138 
2.14138 2.14138 2.14138 2.14138 2.14138 2.14138 2.14138 2.14138 2.14138 2.14138 
2.14138 2.14138 2.14138 2.14138 2.14138 2.14138 2.14138 2.14138 2.14138 2.14138 
2.14138 2.14138 2.14138 2.14138 2.14138 2.14138 2.14138 2.14138 2.14138 2.14138 
2.14138 2.14138 2.14138 2.14138 2.14138 2.14138 2.14138 2.14138 2.14138 2.14138 
2.14138 2.14138 2.14138 2.14138 2.14138 2.14138 2.14138 2.14138 2.14138 2.14138 
2.14138 2.14138 2.14138 2.14138 2.14138 2.14138 2.14138 2.14138 2.14138 2.14138 
2.14138 2.14138 2.14138 2.14138 2.14138 2.14138 2.14138 2.14138 2.14138 2.14138 
2.14138 2.14138 2.14138 2.14138 2.14138 2.14138 2.14138 2.14138 2.14138 2.14138 
2.14138 2.14138 2.14138 2.14138 2.14138 2.14138 2.14138 2.14138 2.14138 2.14138 
2.14138 2.14138 2.14138 2.14138 2.14138 2.14138 2.14138 SCALARS Propped_mm float 1
LOOKUP_TABLE default
1e-06 1e-06 1e-06 1e-06 1e-06 1e-06 1e-06 1e-06 1e-06 
1e-06 1e-06 1e-06 1e-06 1e-06 1e-06 1e-06 1e-06 1e-06 1e-06 
1e-06 1e-06 1e-06 1e-06 1e-06 1e-06 1e-06 1e-06 1e-06 1e-06 
1e-06 1e-06 1e-06 1e-06 1e-06 1e-06 1e-06 1e-06 1e-06 1e-06 
1e-06 1e-06 1e-06 1e-06 1e-06 1e-06 1e-06 1e-06 1e-06 1e-06 
1e-06 1e-06 1e-06 1e-06 1e-06 1e-06 1e-06 1e-06 1e-06 1e-06 
1e-06 1e-06 1e-06 1e-06 1e-06 1e-06 1e-06 1e-06 1e-06 1e-06 
1e-06 1e-06 1e-06 1e-06 1e-06 1e-06 1e-06 1e-06 1e-06 1e-06 
1e-06 1e-06 1e-06 1e-06 1e-06 1e-06 1e-06 1e-06 1e-06 1e-06 
1e-06 1e-06 1e-06 1e-06 1e-06 1e-06 1e-06 1e-06 1e-06 1e-06 
1e-06 1e-06 1e-06 1e-06 1e-06 1e-06 1e-06 1e-06 1e-06 1e-06 
1e-06 1e-06 1e-06 1e-06 1e-06 1e-06 1e-06 1e-06 1e-06 1e-06 
1e-06 1e-06 1e-06 1e-06 1e-06 1e-06 1e-06 1e-06 1e-06 1e-06 
1e-06 1e-06 1e-06 1e-06 1e-06 1e-06 1e-06 1e-06 1e-06 1e-06 
1e-06 1e-06 1e-06 1e-06 1e-06 1e-06 1e-06 1e-06 1e-06 1e-06 
1e-06 1e-06 1e-06 1e-06 1e-06 1e-06 1e-06 1e-06 1e-06 1e-06 
1e-06 1e-06 1e-06 1e-06 1e-06 1e-06 1e-06 1e-06 1e-06 1e-06 
1e-06 1e-06 1e-06 1e-06 1e-06 1e-06 1e-06 1e-06 1e-06 1e-06 
1e-06 1e-06 1e-06 1e-06 1e-06 1e-06 1e-06 1e-06 1e-06 1e-06 
1e-06 1e-06 1e-06 1e-06 1e-06 1e-06 1e-06 0.0139114 0.0139114 0.0139114 
0.0139114 0.0139114 0.0139114 0.0139114 0.0139114 0.0139114 0.0139114 0.0139114 0.0139114 0.0139114 
0.0139114 0.0139114 0.0139114 0.0139114 0.0139114 0.0139114 0.0139114 0.0139114 0.0139114 0.0139114 
0.0139114 0.0139114 0.0139114 0.0139114 0.0139114 0.0139114 0.0139114 0.0139114 0.0139114 0.0139114 
0.0139114 0.0139114 0.0139114 0.0139114 0.0139114 0.0139114 0.0139114 0.0139114 0.0139114 0.0139114 
0.0139114 0.0139114 0.0139114 0.0139114 0.0139114 0.0139114 0.0139114 0.0139114 0.0139114 0.0139114 
0.0139114 0.0139114 0.0139114 0.0139114 0.0139114 0.0139114 0.0139114 0.0139114 0.0139114 0.0139114 
0.0139114 0.0139114 0.0139114 0.0139114 0.0139114 0.0139114 0.0139114 0.0139114 0.0139114 0.0139114 
0.0139114 0.0139114 0.0139114 0.0139114 0.0139114 0.0139114 0.0139114 0.0139114 0.0139114 0.0139114 
0.0139114 0.0139114 0.0139114 0.0139114 0.0139114 0.0139114 0.0139114 0.0139114 0.0139114 0.0139114 
0.0139114 0.0139114 0.0139114 0.0139114 0.0139114 0.0139114 0.0139114 0.0139114 0.0139114 0.0139114 
0.0139114 0.0139114 0.0139114 0.0139114 0.0139114 0.0139114 0.0139114 0.0139114 0.0139114 0.0139114 
0.0139114 0.0139114 0.0139114 0.0139114 0.0139114 0.0139114 0.0139114 0.0139114 0.0139114 0.0139114 
0.0139114 0.0139114 0.0139114 0.0139114 0.0139114 0.0139114 0.0139114 0.0139114 0.0139114 0.0139114 
0.0139114 0.0139114 0.0139114 0.0139114 0.0139114 0.0139114 0.0139114 0.0139114 0.0139114 0.0139114 
0.0139114 0.0139114 0.0139114 0.0139114 0.0139114 0.0139114 0.0139114 0.0139114 0.0139114 0.0139114 
0.0139114 0.0139114 0.0139114 0.0139114 0.0139114 0.0139114 0.0139114 0.0139114 0.0139114 0.0139114 
0.0139114 0.0139114 0.0139114 0.0139114 0.0139114 0.0139114 0.0139114 0.0139114 0.0139114 0.0139114 
0.0139114 0.0139114 0.0139114 0.0139114 0.0139114 0.0139114 0.0139114 0.0139114 0.0139114 0.0139114 
0.0139114 0.0139114 0.0139114 0.0139114 0.0139114 0.0139114 0.0139114 0.0139114 0.0139114 0.0139114 
0.0139114 0.0139114 0.0139114 0.00514621 0.00514621 0.00514621 0.00514621 0.00514621 0.00514621 0.00514621 
0.00514621 0.00514621 0.00514621 0.00514621 0.00514621 0.00514621 0.00514621 0.00514621 0.00514621 0.00514621 
0.00514621 0.00514621 0.00514621 0.00514621 0.00514621 0.00514621 0.00514621 0.00514621 0.00514621 0.00514621 
0.00514621 0.00514621 0.00514621 0.00514621 0.00514621 0.00514621 0.00514621 0.00514621 0.00514621 0.00514621 
0.00514621 0.00514621 0.00514621 0.00514621 0.00514621 0.00514621 0.00514621 0.00514621 0.00514621 0.00514621 
0.00514621 0.00514621 0.00514621 0.00514621 0.00514621 0.00514621 0.00514621 0.00514621 0.00514621 0.00514621 
0.00514621 0.00514621 0.00514621 0.00514621 0.00514621 0.00514621 0.00514621 0.00514621 0.00514621 0.00514621 
0.00514621 0.00514621 0.00514621 0.00514621 0.00514621 0.00514621 0.00514621 0.00514621 0.00514621 0.00514621 
0.00514621 0.00514621 0.00514621 0.00514621 0.00514621 0.00514621 0.00514621 0.00514621 0.00514621 0.00514621 
0.00514621 0.00514621 0.00514621 0.00514621 0.00514621 0.00514621 0.00514621 0.00514621 0.00514621 0.00514621 
0.00514621 0.00514621 0.00514621 0.00514621 0.00514621 0.00514621 0.00514621 0.00514621 0.00514621 0.00514621 
0.00514621 0.00514621 0.00514621 0.00514621 0.00514621 0.00514621 0.00514621 0.00514621 0.00514621 0.00514621 
0.00514621 0.00514621 0.00514621 0.00514621 0.00514621 0.00514621 0.00514621 0.00514621 0.00514621 0.00514621 
0.00514621 0.00514621 0.00514621 0.00514621 0.00514621 0.00514621 0.00514621 0.00514621 0.00514621 0.00514621 
0.00514621 0.00514621 0.00514621 0.00514621 0.00514621 0.00514621 0.00514621 0.00514621 0.00514621 0.00514621 
0.00514621 0.00514621 0.00514621 0.00514621 0.00514621 0.00514621 0.00514621 0.00514621 0.00514621 0.00514621 
0.00514621 0.00514621 0.00514621 0.00514621 0.00514621 0.00514621 0.00514621 0.00514621 0.00514621 0.00514621 
0.00514621 0.00514621 0.00514621 0.00514621 0.00514621 0.00514621 0.00514621 0.00514621 0.00514621 0.00514621 
0.00514621 0.00514621 0.00514621 0.00514621 0.00514621 0.00514621 0.00514621 0.00514621 0.00514621 0.00514621 
0.00514621 0.00514621 0.00514621 0.00514621 0.00514621 0.00514621 0.00514621 0.00514621 0.00514621 0.912347 
0.912347 0.912347 0.912347 0.912347 0.912347 0.912347 0.912347 0.912347 0.912347 0.912347 
0.912347 0.912347 0.912347 0.912347 0.912347 0.912347 0.912347 0.912347 0.912347 0.912347 
0.912347 0.912347 0.912347 0.912347 0.912347 0.912347 0.912347 0.912347 0.912347 0.912347 
0.912347 0.912347 0.912347 0.912347 0.912347 0.912347 0.912347 0.912347 0.912347 0.912347 
0.912347 0.912347 0.912347 0.912347 0.912347 0.912347 0.912347 0.912347 0.912347 0.912347 
0.912347 0.912347 0.912347 0.912347 0.912347 0.912347 0.912347 0.912347 0.912347 0.912347 
0.912347 0.912347 0.912347 0.912347 0.912347 0.912347 0.912347 0.912347 0.912347 0.912347 
0.912347 0.912347 0.912347 0.912347 0.912347 0.912347 0.912347 0.912347 0.912347 0.912347 
0.912347 0.912347 0.912347 0.912347 0.912347 0.912347 0.912347 0.912347 0.912347 0.912347 
0.912347 0.912347 0.912347 0.912347 0.912347 0.912347 0.912347 0.912347 0.912347 0.912347 
0.912347 0.912347 0.912347 0.912347 0.912347 0.912347 0.912347 0.912347 0.912347 0.912347 
0.912347 0.912347 0.912347 0.912347 0.912347 0.912347 0.912347 0.912347 0.912347 0.912347 
0.912347 0.912347 0.912347 0.912347 0.912347 0.912347 0.912347 0.912347 0.912347 0.912347 
0.912347 0.912347 0.912347 0.912347 0.912347 0.912347 0.912347 0.912347 0.912347 0.912347 
0.912347 0.912347 0.912347 0.912347 0.912347 0.912347 0.912347 0.912347 0.912347 0.912347 
0.912347 0.912347 0.912347 0.912347 0.912347 0.912347 0.912347 0.912347 0.912347 0.912347 
0.912347 0.912347 0.912347 0.912347 0.912347 0.912347 0.912347 0.912347 0.912347 0.912347 
0.912347 0.912347 0.912347 0.912347 0.912347 0.912347 0.912347 0.912347 0.912347 0.912347 
0.912347 0.912347 0.912347 0.912347 0.912347 0.912347 0.912347 0.912347 0.912347 0.912347 
0.912347 0.912347 0.912347 0.912347 0.912347 1.57702 1.57702 1.57702 1.57702 1.57702 
1.57702 1.57702 1.57702 1.57702 1.57702 1.57702 1.57702 1.57702 1.57702 1.57702 
1.57702 1.57702 1.57702 1.57702 1.57702 1.57702 1.57702 1.57702 1.57702 1.57702 
1.57702 1.57702 1.57702 1.57702 1.57702 1.57702 1.57702 1.57702 1.57702 1.57702 
1.57702 1.57702 1.57702 1.57702 1.57702 1.57702 1.57702 1.57702 1.57702 1.57702 
1.57702 1.57702 1.57702 1.57702 1.57702 1.57702 1.57702 1.57702 1.57702 1.57702 
1.57702 1.57702 1.57702 1.57702 1.57702 1.57702 1.57702 1.57702 1.57702 1.57702 
1.57702 1.57702 1.57702 1.57702 1.57702 1.57702 1.57702 1.57702 1.57702 1.57702 
1.57702 1.57702 1.57702 1.57702 1.57702 1.57702 1.57702 1.57702 1.57702 1.57702 
1.57702 1.57702 1.57702 1.57702 1.57702 1.57702 1.57702 1.57702 1.57702 1.57702 
1.57702 1.57702 1.57702 1.57702 1.57702 1.57702 1.57702 1.57702 1.57702 1.57702 
1.57702 1.57702 1.57702 1.57702 1.57702 1.57702 1.57702 1.57702 1.57702 1.57702 
1.57702 1.57702 1.57702 1.57702 1.57702 1.57702 1.57702 1.57702 1.57702 1.57702 
1.57702 1.57702 1.57702 1.57702 1.57702 1.57702 1.57702 1.57702 1.57702 1.57702 
1.57702 1.57702 1.57702 1.57702 1.57702 1.57702 1.57702 1.57702 1.57702 1.57702 
1.57702 1.57702 1.57702 1.57702 1.57702 1.57702 1.57702 1.57702 1.57702 1.57702 
1.57702 1.57702 1.57702 1.57702 1.57702 1.57702 1.57702 1.57702 1.57702 1.57702 
1.57702 1.57702 1.57702 1.57702 1.57702 1.57702 1.57702 1.57702 1.57702 1.57702 
1.57702 1.57702 1.57702 1.57702 1.57702 1.57702 1.57702 1.57702 1.57702 1.57702 
1.57702 1.57702 1.57702 1.57702 1.57702 1.57702 1.57702 1.57702 1.57702 1.57702 
1.57702 1.62959 1.62959 1.62959 1.62959 1.62959 1.62959 1.62959 1.62959 1.62959 
1.62959 1.62959 1.62959 1.62959 1.62959 1.62959 1.62959 1.62959 1.62959 1.62959 
1.62959 1.62959 1.62959 1.62959 1.62959 1.62959 1.62959 1.62959 1.62959 1.62959 
1.62959 1.62959 1.62959 1.62959 1.62959 1.62959 1.62959 1.62959 1.62959 1.62959 
1.62959 1.62959 1.62959 1.62959 1.62959 1.62959 1.62959 1.62959 1.62959 1.62959 
1.62959 1.62959 1.62959 1.62959 1.62959 1.62959 1.62959 1.62959 1.62959 1.62959 
1.62959 1.62959 1.62959 1.62959 1.62959 1.62959 1.62959 1.62959 1.62959 1.62959 
1.62959 1.62959 1.62959 1.62959 1.62959 1.62959 1.62959 1.62959 1.62959 1.62959 
1.62959 1.62959 1.62959 1.62959 1.62959 1.62959 1.62959 1.62959 1.62959 1.62959 
1.62959 1.62959 1.62959 1.62959 1.62959 1.62959 1.62959 1.62959 1.62959 1.62959 
1.62959 1.62959 1.62959 1.62959 1.62959 1.62959 1.62959 1.62959 1.62959 1.62959 
1.62959 1.62959 1.62959 1.62959 1.62959 1.62959 1.62959 1.62959 1.62959 1.62959 
1.62959 1.62959 1.62959 1.62959 1.62959 1.62959 1.62959 1.62959 1.62959 1.62959 
1.62959 1.62959 1.62959 1.62959 1.62959 1.62959 1.62959 1.62959 1.62959 1.62959 
1.62959 1.62959 1.62959 1.62959 1.62959 1.62959 1.62959 1.62959 1.62959 1.62959 
1.62959 1.62959 1.62959 1.62959 1.62959 1.62959 1.62959 1.62959 1.62959 1.62959 
1.62959 1.62959 1.62959 1.62959 1.62959 1.62959 1.62959 1.62959 1.62959 1.62959 
1.62959 1.62959 1.62959 1.62959 1.62959 1.62959 1.62959 1.62959 1.62959 1.62959 
1.62959 1.62959 1.62959 1.62959 1.62959 1.62959 1.62959 1.62959 1.62959 1.62959 
1.62959 1.62959 1.62959 1.62959 1.62959 1.62959 1.62959 SCALARS Prop_m3 float 1
LOOKUP_TABLE default
0 0 0 0 0 0 0 0 0 
0 0 0 0 0 0 0 0 0 0 
0 0 0 0 0 0 0 0 0 0 
0 0 0 0 0 0 0 0 0 0 
0 0 0 0 0 0 0 0 0 0 
0 0 0 0 0 0 0 0 0 0 
0 0 0 0 0 0 0 0 0 0 
0 0 0 0 0 0 0 0 0 0 
0 0 0 0 0 0 0 0 0 0 
0 0 0 0 0 0 0 0 0 0 
0 0 0 0 0 0 0 0 0 0 
0 0 0 0 0 0 0 0 0 0 
0 0 0 0 0 0 0 0 0 0 
0 0 0 0 0 0 0 0 0 0 
0 0 0 0 0 0 0 0 0 0 
0 0 0 0 0 0 0 0 0 0 
0 0 0 0 0 0 0 0 0 0 
0 0 0 0 0 0 0 0 0 0 
0 0 0 0 0 0 0 0 0 0 
0 0 0 0 0 0 0 0.22066 0.22066 0.22066 
0.22066 0.22066 0.22066 0.22066 0.22066 0.22066 0.22066 0.22066 0.22066 0.22066 
0.22066 0.22066 0.22066 0.22066 0.22066 0.22066 0.22066 0.22066 0.22066 0.22066 
0.22066 0.22066 0.22066 0.22066 0.22066 0.22066 0.22066 0.22066 0.22066 0.22066 
0.22066 0.22066 0.22066 0.22066 0.22066 0.22066 0.22066 0.22066 0.22066 0.22066 
0.22066 0.22066 0.22066 0.22066 0.22066 0.22066 0.22066 0.22066 0.22066 0.22066 
0.22066 0.22066 0.22066 0.22066 0.22066 0.22066 0.22066 0.22066 0.22066 0.22066 
0.22066 0.22066 0.22066 0.22066 0.22066 0.22066 0.22066 0.22066 0.22066 0.22066 
0.22066 0.22066 0.22066 0.22066 0.22066 0.22066 0.22066 0.22066 0.22066 0.22066 
0.22066 0.22066 0.22066 0.22066 0.22066 0.22066 0.22066 0.22066 0.22066 0.22066 
0.22066 0.22066 0.22066 0.22066 0.22066 0.22066 0.22066 0.22066 0.22066 0.22066 
0.22066 0.22066 0.22066 0.22066 0.22066 0.22066 0.22066 0.22066 0.22066 0.22066 
0.22066 0.22066 0.22066 0.22066 0.22066 0.22066 0.22066 0.22066 0.22066 0.22066 
0.22066 0.22066 0.22066 0.22066 0.22066 0.22066 0.22066 0.22066 0.22066 0.22066 
0.22066 0.22066 0.22066 0.22066 0.22066 0.22066 0.22066 0.22066 0.22066 0.22066 
0.22066 0.22066 0.22066 0.22066 0.22066 0.22066 0.22066 0.22066 0.22066 0.22066 
0.22066 0.22066 0.22066 0.22066 0.22066 0.22066 0.22066 0.22066 0.22066 0.22066 
0.22066 0.22066 0.22066 0.22066 0.22066 0.22066 0.22066 0.22066 0.22066 0.22066 
0.22066 0.22066 0.22066 0.22066 0.22066 0.22066 0.22066 0.22066 0.22066 0.22066 
0.22066 0.22066 0.22066 0.22066 0.22066 0.22066 0.22066 0.22066 0.22066 0.22066 
0.22066 0.22066 0.22066 1.44234 1.44234 1.44234 1.44234 1.44234 1.44234 1.44234 
1.44234 1.44234 1.44234 1.44234 1.44234 1.44234 1.44234 1.44234 1.44234 1.44234 
1.44234 1.44234 1.44234 1.44234 1.44234 1.44234 1.44234 1.44234 1.44234 1.44234 
1.44234 1.44234 1.44234 1.44234 1.44234 1.44234 1.44234 1.44234 1.44234 1.44234 
1.44234 1.44234 1.44234 1.44234 1.44234 1.44234 1.44234 1.44234 1.44234 1.44234 
1.44234 1.44234 1.44234 1.44234 1.44234 1.44234 1.44234 1.44234 1.44234 1.44234 
1.44234 1.44234 1.44234 1.44234 1.44234 1.44234 1.44234 1.44234 1.44234 1.44234 
1.44234 1.44234 1.44234 1.44234 1.44234 1.44234 1.44234 1.44234 1.44234 1.44234 
1.44234 1.44234 1.44234 1.44234 1.44234 1.44234 1.44234 1.44234 1.44234 1.44234 
1.44234 1.44234 1.44234 1.44234 1.44234 1.44234 1.44234 1.44234 1.44234 1.44234 
1.44234 1.44234 1.44234 1.44234 1.44234 1.44234 1.44234 1.44234 1.44234 1.44234 
1.44234 1.44234 1.44234 1.44234 1.44234 1.44234 1.44234 1.44234 1.44234 1.44234 
1.44234 1.44234 1.44234 1.44234 1.44234 1.44234 1.44234 1.44234 1.44234 1.44234 
1.44234 1.44234 1.44234 1.44234 1.44234 1.44234 1.44234 1.44234 1.44234 1.44234 
1.44234 1.44234 1.44234 1.44234 1.44234 1.44234 1.44234 1.44234 1.44234 1.44234 
1.44234 1.44234 1.44234 1.44234 1.44234 1.44234 1.44234 1.44234 1.44234 1.44234 
1.44234 1.44234 1.44234 1.44234 1.44234 1.44234 1.44234 1.44234 1.44234 1.44234 
1.44234 1.44234 1.44234 1.44234 1.44234 1.44234 1.44234 1.44234 1.44234 1.44234 
1.44234 1.44234 1.44234 1.44234 1.44234 1.44234 1.44234 1.44234 1.44234 1.44234 
1.44234 1.44234 1.44234 1.44234 1.44234 1.44234 1.44234 1.44234 1.44234 657.586 
657.586 657.586 657.586 657.586 657.586 657.586 657.586 657.586 657.586 657.586 
657.586 657.586 657.586 657.586 657.586 657.586 657.586 657.586 657.586 657.586 
657.586 657.586 657.586 657.586 657.586 657.586 657.586 657.586 657.586 657.586 
657.586 657.586 657.586 657.586 657.586 657.586 657.586 657.586 657.586 657.586 
657.586 657.586 657.586 657.586 657.586 657.586 657.586 657.586 657.586 657.586 
657.586 657.586 657.586 657.586 657.586 657.586 657.586 657.586 657.586 657.586 
657.586 657.586 657.586 657.586 657.586 657.586 657.586 657.586 657.586 657.586 
657.586 657.586 657.586 657.586 657.586 657.586 657.586 657.586 657.586 657.586 
657.586 657.586 657.586 657.586 657.586 657.586 657.586 657.586 657.586 657.586 
657.586 657.586 657.586 657.586 657.586 657.586 657.586 657.586 657.586 657.586 
657.586 657.586 657.586 657.586 657.586 657.586 657.586 657.586 657.586 657.586 
657.586 657.586 657.586 657.586 657.586 657.586 657.586 657.586 657.586 657.586 
657.586 657.586 657.586 657.586 657.586 657.586 657.586 657.586 657.586 657.586 
657.586 657.586 657.586 657.586 657.586 657.586 657.586 657.586 657.586 657.586 
657.586 657.586 657.586 657.586 657.586 657.586 657.586 657.586 657.586 657.586 
657.586 657.586 657.586 657.586 657.586 657.586 657.586 657.586 657.586 657.586 
657.586 657.586 657.586 657.586 657.586 657.586 657.586 657.586 657.586 657.586 
657.586 657.586 657.586 657.586 657.586 657.586 657.586 657.586 657.586 657.586 
657.586 657.586 657.586 657.586 657.586 657.586 657.586 657.586 657.586 657.586 
657.586 657.586 657.586 657.586 657.586 2207.44 2207.44 2207.44 2207.44 2207.44 
2207.44 2207.44 2207.44 2207.44 2207.44 2207.44 2207.44 2207.44 2207.44 2207.44 
2207.44 2207.44 2207.44 2207.44 2207.44 2207.44 2207.44 2207.44 2207.44 2207.44 
2207.44 2207.44 2207.44 2207.44 2207.44 2207.44 2207.44 2207.44 2207.44 2207.44 
2207.44 2207.44 2207.44 2207.44 2207.44 2207.44 2207.44 2207.44 2207.44 2207.44 
2207.44 2207.44 2207.44 2207.44 2207.44 2207.44 2207.44 2207.44 2207.44 2207.44 
2207.44 2207.44 2207.44 2207.44 2207.44 2207.44 2207.44 2207.44 2207.44 2207.44 
2207.44 2207.44 2207.44 2207.44 2207.44 2207.44 2207.44 2207.44 2207.44 2207.44 
2207.44 2207.44 2207.44 2207.44 2207.44 2207.44 2207.44 2207.44 2207.44 2207.44 
2207.44 2207.44 2207.44 2207.44 2207.44 2207.44 2207.44 2207.44 2207.44 2207.44 
2207.44 2207.44 2207.44 2207.44 2207.44 2207.44 2207.44 2207.44 2207.44 2207.44 
2207.44 2207.44 2207.44 2207.44 2207.44 2207.44 2207.44 2207.44 2207.44 2207.44 
2207.44 2207.44 2207.44 2207.44 2207.44 2207.44 2207.44 2207.44 2207.44 2207.44 
2207.44 2207.44 2207.44 2207.44 2207.44 2207.44 2207.44 2207.44 2207.44 2207.44 
2207.44 2207.44 2207.44 2207.44 2207.44 2207.44 2207.44 2207.44 2207.44 2207.44 
2207.44 2207.44 2207.44 2207.44 2207.44 2207.44 2207.44 2207.44 2207.44 2207.44 
2207.44 2207.44 2207.44 2207.44 2207.44 2207.44 2207.44 2207.44 2207.44 2207.44 
2207.44 2207.44 2207.44 2207.44 2207.44 2207.44 2207.44 2207.44 2207.44 2207.44 
2207.44 2207.44 2207.44 2207.44 2207.44 2207.44 2207.44 2207.44 2207.44 2207.44 
2207.44 2207.44 2207.44 2207.44 2207.44 2207.44 2207.44 2207.44 2207.44 2207.44 
2207.44 2281.03 2281.03 2281.03 2281.03 2281.03 2281.03 2281.03 2281.03 2281.03 
2281.03 2281.03 2281.03 2281.03 2281.03 2281.03 2281.03 2281.03 2281.03 2281.03 
2281.03 2281.03 2281.03 2281.03 2281.03 2281.03 2281.03 2281.03 2281.03 2281.03 
2281.03 2281.03 2281.03 2281.03 2281.03 2281.03 2281.03 2281.03 2281.03 2281.03 
2281.03 2281.03 2281.03 2281.03 2281.03 2281.03 2281.03 2281.03 2281.03 2281.03 
2281.03 2281.03 2281.03 2281.03 2281.03 2281.03 2281.03 2281.03 2281.03 2281.03 
2281.03 2281.03 2281.03 2281.03 2281.03 2281.03 2281.03 2281.03 2281.03 2281.03 
2281.03 2281.03 2281.03 2281.03 2281.03 2281.03 2281.03 2281.03 2281.03 2281.03 
2281.03 2281.03 2281.03 2281.03 2281.03 2281.03 2281.03 2281.03 2281.03 2281.03 
2281.03 2281.03 2281.03 2281.03 2281.03 2281.03 2281.03 2281.03 2281.03 2281.03 
2281.03 2281.03 2281.03 2281.03 2281.03 2281.03 2281.03 2281.03 2281.03 2281.03 
2281.03 2281.03 2281.03 2281.03 2281.03 2281.03 2281.03 2281.03 2281.03 2281.03 
2281.03 2281.03 2281.03 2281.03 2281.03 2281.03 2281.03 2281.03 2281.03 2281.03 
2281.03 2281.03 2281.03 2281.03 2281.03 2281.03 2281.03 2281.03 2281.03 2281.03 
2281.03 2281.03 2281.03 2281.03 2281.03 2281.03 2281.03 2281.03 2281.03 2281.03 
2281.03 2281.03 2281.03 2281.03 2281.03 2281.03 2281.03 2281.03 2281.03 2281.03 
2281.03 2281.03 2281.03 2281.03 2281.03 2281.03 2281.03 2281.03 2281.03 2281.03 
2281.03 2281.03 2281.03 2281.03 2281.03 2281.03 2281.03 2281.03 2281.03 2281.03 
2281.03 2281.03 2281.03 2281.03 2281.03 2281.03 2281.03 2281.03 2281.03 2281.03 
2281.03 2281.03 2281.03 2281.03 2281.03 2281.03 2281.03 
