# vtk DataFile Version 2.0
vtkObjects
ASCII
DATASET UNSTRUCTURED_GRID
POINTS 3100 float
459.13 -593.675 -418.718
459.121 -593.69 -418.708
459.762 -594.023 -418.678
459.753 -594.039 -418.668
460.406 -594.33 -418.558
460.398 -594.345 -418.549
461.053 -594.588 -418.362
461.044 -594.603 -418.352
461.691 -594.795 -418.091
461.682 -594.81 -418.082
462.311 -594.947 -417.75
462.302 -594.963 -417.741
462.902 -595.042 -417.345
462.893 -595.057 -417.335
463.456 -595.078 -416.881
463.447 -595.093 -416.872
463.964 -595.055 -416.366
463.955 -595.07 -416.357
464.418 -594.972 -415.809
464.409 -594.987 -415.8
464.81 -594.832 -415.218
464.801 -594.847 -415.208
465.135 -594.636 -414.602
465.126 -594.651 -414.592
465.387 -594.388 -413.97
465.378 -594.403 -413.961
465.563 -594.092 -413.334
465.554 -594.107 -413.325
465.659 -593.751 -412.703
465.65 -593.766 -412.694
465.674 -593.372 -412.087
465.665 -593.388 -412.078
465.608 -592.961 -411.496
465.599 -592.976 -411.486
465.461 -592.524 -410.938
465.452 -592.539 -410.929
465.237 -592.067 -410.424
465.228 -592.082 -410.414
464.939 -591.599 -409.96
464.93 -591.614 -409.951
464.571 -591.126 -409.555
464.562 -591.141 -409.545
464.139 -590.656 -409.214
464.13 -590.671 -409.204
463.651 -590.197 -408.943
463.642 -590.212 -408.933
463.113 -589.755 -408.746
463.104 -589.77 -408.737
462.534 -589.337 -408.627
462.525 -589.352 -408.618
461.924 -588.951 -408.587
461.915 -588.966 -408.578
461.291 -588.602 -408.627
461.282 -588.617 -408.618
460.647 -588.296 -408.746
460.638 -588.311 -408.737
460 -588.037 -408.943
459.991 -588.052 -408.933
459.362 -587.83 -409.214
459.353 -587.845 -409.204
458.742 -587.678 -409.555
458.733 -587.693 -409.545
458.151 -587.584 -409.96
458.142 -587.599 -409.951
457.597 -587.548 -410.424
457.588 -587.563 -410.414
457.089 -587.571 -410.938
457.08 -587.586 -410.929
456.635 -587.653 -411.496
456.626 -587.669 -411.486
456.243 -587.794 -412.087
456.234 -587.809 -412.078
455.918 -587.989 -412.703
455.909 -588.004 -412.694
455.666 -588.237 -413.334
455.657 -588.253 -413.325
455.49 -588.534 -413.97
455.482 -588.549 -413.961
455.394 -588.874 -414.602
455.386 -588.89 -414.592
455.379 -589.253 -415.218
455.37 -589.268 -415.208
455.445 -589.665 -415.809
455.437 -589.68 -415.8
455.592 -590.102 -416.366
455.583 -590.117 -416.357
455.816 -590.558 -416.881
455.807 -590.573 -416.872
456.114 -591.027 -417.345
456.105 -591.042 -417.335
456.482 -591.5 -417.75
456.473 -591.515 -417.741
456.914 -591.969 -418.091
456.905 -591.985 -418.082
457.402 -592.429 -418.362
457.393 -592.444 -418.352
457.94 -592.871 -418.558
457.931 -592.886 -418.549
458.519 -593.288 -418.678
458.51 -593.303 -418.668
169.091 -1035.69 600.872
169.105 -1035.7 600.881
180.795 -1017.34 602.065
180.809 -1017.35 602.075
191.206 -998.517 605.627
191.221 -998.527 605.636
200.161 -979.527 611.5
200.175 -979.536 611.51
207.517 -960.667 619.593
207.532 -960.676 619.603
213.16 -942.234 629.777
213.174 -942.244 629.787
216.999 -924.521 641.893
217.014 -924.53 641.903
218.975 -907.804 655.748
218.989 -907.814 655.758
219.056 -892.35 671.125
219.071 -892.359 671.135
217.241 -878.4 687.781
217.256 -878.41 687.791
213.559 -866.175 705.453
213.574 -866.185 705.463
208.068 -855.868 723.863
208.082 -855.878 723.873
200.853 -847.642 742.72
200.868 -847.652 742.73
192.03 -841.626 761.727
192.045 -841.636 761.737
181.737 -837.915 780.584
181.752 -837.925 780.594
170.137 -836.567 798.994
170.151 -836.577 799.004
157.412 -837.604 816.666
157.426 -837.614 816.676
143.763 -841.01 833.322
143.777 -841.02 833.332
129.406 -846.73 848.699
129.42 -846.74 848.709
114.566 -854.675 862.555
114.58 -854.685 862.564
99.4783 -864.719 874.67
99.4927 -864.729 874.68
84.3804 -876.704 884.854
84.3948 -876.714 884.864
69.5104 -890.441 892.947
69.5248 -890.451 892.957
55.1028 -905.713 898.821
55.1172 -905.723 898.831
41.3849 -922.279 902.382
41.3993 -922.289 902.392
28.5729 -939.878 903.576
28.5873 -939.888 903.586
16.869 -958.233 902.382
16.8834 -958.243 902.392
6.45767 -977.054 898.821
6.47208 -977.064 898.831
-2.49686 -996.044 892.947
-2.48245 -996.054 892.957
-9.85337 -1014.9 884.854
-9.83896 -1014.91 884.864
-15.4959 -1033.34 874.67
-15.4814 -1033.35 874.68
-19.3353 -1051.05 862.555
-19.3209 -1051.06 862.564
-21.3112 -1067.77 848.699
-21.2968 -1067.78 848.709
-21.3924 -1083.22 833.322
-21.378 -1083.23 833.332
-19.5775 -1097.17 816.666
-19.5631 -1097.18 816.676
-15.8953 -1109.4 798.994
-15.8809 -1109.41 799.004
-10.4038 -1119.7 780.584
-10.3894 -1119.71 780.594
-3.18951 -1127.93 761.727
-3.1751 -1127.94 761.737
5.63369 -1133.95 742.72
5.6481 -1133.95 742.73
15.9267 -1137.66 723.863
15.9411 -1137.67 723.873
27.5271 -1139 705.453
27.5415 -1139.01 705.463
40.2521 -1137.97 687.781
40.2665 -1137.98 687.791
53.9009 -1134.56 671.125
53.9153 -1134.57 671.135
68.2583 -1128.84 655.748
68.2727 -1128.85 655.758
83.0979 -1120.9 641.893
83.1123 -1120.91 641.903
98.1856 -1110.85 629.777
98.2 -1110.86 629.787
113.283 -1098.87 619.593
113.298 -1098.88 619.603
128.153 -1085.13 611.5
128.168 -1085.14 611.51
142.561 -1069.86 605.627
142.575 -1069.87 605.636
156.279 -1053.29 602.065
156.293 -1053.3 602.075
-328.455 -941.491 467.897
-328.47 -941.491 467.91
-328.366 -942.782 467.958
-328.381 -942.783 467.971
-328.171 -944.051 468.141
-328.186 -944.051 468.154
-327.875 -945.275 468.443
-327.89 -945.276 468.456
-327.48 -946.438 468.859
-327.495 -946.438 468.873
-326.994 -947.519 469.383
-327.009 -947.519 469.396
-326.424 -948.502 470.006
-326.439 -948.503 470.019
-325.78 -949.372 470.719
-325.795 -949.373 470.732
-325.07 -950.115 471.509
-325.086 -950.115 471.523
-324.308 -950.718 472.366
-324.323 -950.719 472.379
-323.504 -951.173 473.275
-323.519 -951.174 473.288
-322.671 -951.473 474.222
-322.686 -951.473 474.235
-321.822 -951.612 475.191
-321.837 -951.613 475.204
-320.971 -951.589 476.169
-320.986 -951.589 476.182
-320.132 -951.403 477.139
-320.147 -951.403 477.152
-319.317 -951.058 478.085
-319.332 -951.059 478.098
-318.539 -950.559 478.994
-318.554 -950.56 479.007
-317.81 -949.915 479.851
-317.826 -949.915 479.864
-317.143 -949.134 480.641
-317.158 -949.135 480.655
-316.547 -948.23 481.354
-316.562 -948.231 481.367
-316.033 -947.217 481.977
-316.048 -947.218 481.99
-315.607 -946.111 482.501
-315.622 -946.111 482.514
-315.277 -944.929 482.917
-315.292 -944.929 482.93
-315.048 -943.689 483.219
-315.063 -943.69 483.232
-314.924 -942.412 483.402
-314.939 -942.413 483.415
-314.906 -941.118 483.464
-314.921 -941.118 483.477
-314.995 -939.826 483.402
-315.01 -939.827 483.415
-315.189 -938.558 483.219
-315.204 -938.558 483.232
-315.486 -937.333 482.917
-315.501 -937.333 482.93
-315.881 -936.171 482.501
-315.896 -936.171 482.514
-316.367 -935.089 481.977
-316.382 -935.09 481.99
-316.936 -934.106 481.354
-316.951 -934.106 481.367
-317.581 -933.236 480.641
-317.596 -933.237 480.655
-318.29 -932.494 479.851
-318.305 -932.494 479.864
-319.053 -931.89 478.994
-319.068 -931.891 479.007
-319.857 -931.435 478.085
-319.872 -931.435 478.098
-320.69 -931.135 477.139
-320.705 -931.136 477.152
-321.539 -930.996 476.169
-321.554 -930.997 476.182
-322.389 -931.02 475.191
-322.404 -931.02 475.204
-323.229 -931.205 474.222
-323.244 -931.206 474.235
-324.044 -931.55 473.275
-324.059 -931.551 473.288
-324.822 -932.049 472.366
-324.837 -932.049 472.379
-325.55 -932.694 471.509
-325.565 -932.694 471.523
-326.218 -933.474 470.719
-326.233 -933.475 470.732
-326.813 -934.378 470.006
-326.828 -934.378 470.019
-327.328 -935.391 469.383
-327.343 -935.392 469.396
-327.754 -936.498 468.859
-327.769 -936.498 468.873
-328.084 -937.68 468.443
-328.099 -937.68 468.456
-328.313 -938.919 468.141
-328.328 -938.92 468.154
-328.437 -940.196 467.958
-328.452 -940.197 467.971
754.525 28.8712 -948.87
754.528 28.8689 -948.851
761.842 37.0464 -948.757
761.844 37.044 -948.738
768.088 46.06 -948.42
768.09 46.0577 -948.401
773.166 55.7699 -947.864
773.168 55.7676 -947.844
776.995 66.023 -947.098
776.997 66.0207 -947.078
779.515 76.6577 -946.134
779.517 76.6553 -946.114
780.686 87.5061 -944.987
780.688 87.5037 -944.967
780.49 98.3972 -943.675
780.492 98.3948 -943.656
778.929 109.159 -942.22
778.932 109.157 -942.2
776.03 119.622 -940.643
776.032 119.62 -940.623
771.836 129.622 -938.97
771.838 129.62 -938.95
766.414 139 -937.227
766.417 138.997 -937.207
759.851 147.608 -935.442
759.853 147.606 -935.422
752.249 155.312 -933.642
752.251 155.309 -933.623
743.727 161.988 -931.857
743.73 161.986 -931.837
734.422 167.533 -930.114
734.424 167.531 -930.095
724.479 171.859 -928.441
724.481 171.856 -928.421
714.055 174.896 -926.864
714.057 174.894 -926.845
703.314 176.599 -925.409
703.317 176.596 -925.389
692.427 176.939 -924.097
692.429 176.936 -924.077
681.564 175.911 -922.95
681.566 175.909 -922.93
670.897 173.532 -921.986
670.899 173.529 -921.966
660.594 169.838 -921.22
660.596 169.836 -921.2
650.818 164.889 -920.664
650.82 164.887 -920.644
641.723 158.763 -920.327
641.725 158.76 -920.307
633.451 151.555 -920.214
633.454 151.553 -920.194
626.135 143.38 -920.327
626.137 143.378 -920.307
619.889 134.366 -920.664
619.891 134.364 -920.644
614.811 124.656 -921.22
614.813 124.654 -921.2
610.982 114.403 -921.986
610.984 114.401 -921.966
608.462 103.769 -922.95
608.465 103.766 -922.93
607.291 92.9202 -924.097
607.293 92.9179 -924.077
607.487 82.0291 -925.409
607.489 82.0268 -925.389
609.047 71.2671 -926.864
609.05 71.2648 -926.845
611.947 60.8039 -928.441
611.95 60.8016 -928.421
616.141 50.8045 -930.114
616.143 50.8021 -930.095
621.562 41.4265 -931.857
621.565 41.4242 -931.837
628.126 32.818 -933.642
628.128 32.8157 -933.623
635.728 25.1146 -935.442
635.731 25.1123 -935.422
644.249 18.4379 -937.227
644.252 18.4355 -937.207
653.555 12.8931 -938.97
653.557 12.8907 -938.95
663.498 8.56765 -940.643
663.5 8.56532 -940.623
673.922 5.52984 -942.22
673.924 5.5275 -942.2
684.663 3.82752 -943.675
684.665 3.82519 -943.656
695.55 3.48756 -944.987
695.553 3.48523 -944.967
706.413 4.51532 -946.134
706.415 4.51299 -946.114
717.08 6.89458 -947.098
717.082 6.89225 -947.078
727.383 10.5878 -947.864
727.385 10.5855 -947.844
737.159 15.5368 -948.42
737.161 15.5345 -948.401
746.254 21.6635 -948.757
746.257 21.6612 -948.738
104.942 415.964 791.701
104.943 415.947 791.71
107.941 416.204 791.87
107.941 416.186 791.879
110.883 416.608 792.376
110.884 416.59 792.385
113.724 417.17 793.21
113.724 417.152 793.219
116.417 417.881 794.358
116.418 417.863 794.367
118.92 418.731 795.804
118.921 418.713 795.813
121.194 419.705 797.524
121.195 419.687 797.533
123.204 420.788 799.49
123.205 420.77 799.499
124.916 421.963 801.673
124.917 421.945 801.682
126.305 423.212 804.037
126.306 423.194 804.046
127.348 424.515 806.546
127.349 424.497 806.555
128.029 425.852 809.159
128.03 425.834 809.168
128.338 427.2 811.835
128.339 427.182 811.844
128.268 428.54 814.533
128.269 428.522 814.542
127.822 429.849 817.21
127.823 429.832 817.219
127.007 431.108 819.823
127.008 431.09 819.832
125.835 432.297 822.332
125.836 432.279 822.34
124.324 433.396 824.696
124.325 433.378 824.705
122.5 434.388 826.878
122.501 434.37 826.887
120.389 435.258 828.845
120.39 435.24 828.854
118.027 435.992 830.565
118.028 435.974 830.574
115.449 436.578 832.01
115.45 436.56 832.019
112.697 437.008 833.159
112.698 436.99 833.168
109.814 437.274 833.993
109.815 437.256 834.002
106.845 437.372 834.498
106.846 437.354 834.507
103.838 437.3 834.668
103.839 437.283 834.677
100.839 437.061 834.498
100.84 437.043 834.507
97.8962 436.657 833.993
97.8971 436.639 834.002
95.0559 436.095 833.159
95.0568 436.077 833.168
92.3628 435.383 832.01
92.3637 435.366 832.019
89.8594 434.534 830.565
89.8603 434.516 830.574
87.5851 433.56 828.845
87.586 433.542 828.854
85.5758 432.477 826.878
85.5768 432.459 826.887
83.8633 431.302 824.696
83.8642 431.284 824.705
82.4745 430.053 822.332
82.4754 430.035 822.34
81.4312 428.75 819.823
81.4322 428.732 819.832
80.7501 427.413 817.21
80.751 427.395 817.219
80.4418 426.065 814.533
80.4427 426.047 814.542
80.5111 424.725 811.835
80.512 424.707 811.844
80.957 423.415 809.159
80.9579 423.397 809.168
81.7725 422.156 806.546
81.7734 422.139 806.555
82.9446 420.968 804.037
82.9455 420.95 804.046
84.455 419.869 801.673
84.4559 419.851 801.682
86.2797 418.877 799.49
86.2806 418.859 799.499
88.39 418.007 797.524
88.391 417.989 797.533
90.7527 417.273 795.804
90.7536 417.255 795.813
93.3304 416.687 794.358
93.3314 416.669 794.367
96.0826 416.257 793.21
96.0835 416.239 793.219
98.9657 415.991 792.376
98.9667 415.973 792.385
101.934 415.893 791.87
101.935 415.875 791.879
444.228 453.384 724.678
444.224 453.372 724.694
444.991 453.209 724.71
444.987 453.197 724.725
445.762 453.11 724.803
445.759 453.098 724.819
446.53 453.088 724.957
446.526 453.076 724.973
447.282 453.144 725.17
447.279 453.132 725.185
448.006 453.277 725.437
448.003 453.264 725.452
448.692 453.484 725.755
448.688 453.472 725.77
449.327 453.763 726.119
449.324 453.75 726.134
449.903 454.109 726.522
449.899 454.096 726.538
450.409 454.516 726.959
450.406 454.504 726.975
450.839 454.979 727.423
450.836 454.966 727.439
451.185 455.489 727.906
451.181 455.477 727.922
451.442 456.04 728.401
451.438 456.027 728.417
451.605 456.621 728.9
451.602 456.609 728.916
451.673 457.225 729.395
451.669 457.212 729.411
451.644 457.841 729.878
451.64 457.829 729.894
451.518 458.46 730.342
451.514 458.447 730.358
451.298 459.071 730.779
451.294 459.059 730.795
450.987 459.666 731.183
450.983 459.654 731.198
450.59 460.235 731.547
450.586 460.223 731.562
450.113 460.77 731.864
450.109 460.757 731.88
449.563 461.26 732.132
449.56 461.248 732.147
448.951 461.7 732.344
448.947 461.687 732.36
448.284 462.081 732.498
448.28 462.069 732.514
447.574 462.398 732.592
447.57 462.386 732.607
446.831 462.646 732.623
446.828 462.634 732.639
446.068 462.821 732.592
446.065 462.809 732.607
445.297 462.921 732.498
445.293 462.908 732.514
444.529 462.943 732.344
444.525 462.93 732.36
443.777 462.887 732.132
443.773 462.875 732.147
443.052 462.754 731.864
443.049 462.742 731.88
442.367 462.547 731.547
442.364 462.535 731.562
441.732 462.268 731.183
441.728 462.256 731.198
441.156 461.922 730.779
441.153 461.91 730.795
440.649 461.515 730.342
440.646 461.502 730.358
440.22 461.052 729.878
440.216 461.04 729.894
439.874 460.542 729.395
439.87 460.529 729.411
439.617 459.991 728.9
439.614 459.979 728.916
439.454 459.41 728.401
439.45 459.397 728.417
439.386 458.806 727.906
439.383 458.794 727.922
439.415 458.19 727.423
439.412 458.178 727.439
439.541 457.571 726.959
439.537 457.559 726.975
439.761 456.959 726.522
439.758 456.947 726.538
440.072 456.364 726.119
440.069 456.352 726.134
440.469 455.795 725.755
440.466 455.783 725.77
440.946 455.261 725.437
440.943 455.249 725.452
441.495 454.771 725.17
441.492 454.758 725.185
442.108 454.331 724.957
442.105 454.319 724.973
442.775 453.95 724.803
442.771 453.938 724.819
443.485 453.633 724.71
443.482 453.62 724.725
-259.439 299.243 -827.593
-259.436 299.232 -827.577
-249.494 302.901 -827.201
-249.49 302.89 -827.185
-240.025 307.53 -826.032
-240.021 307.518 -826.015
-231.182 313.056 -824.103
-231.178 313.044 -824.087
-223.104 319.392 -821.446
-223.101 319.381 -821.43
-215.919 326.438 -818.103
-215.916 326.427 -818.086
-209.741 334.084 -814.125
-209.737 334.073 -814.109
-204.666 342.208 -809.576
-204.663 342.197 -809.56
-200.775 350.683 -804.527
-200.771 350.672 -804.511
-198.129 359.375 -799.059
-198.125 359.364 -799.043
-196.769 368.147 -793.257
-196.766 368.136 -793.241
-196.718 376.86 -787.213
-196.715 376.849 -787.196
-197.976 385.377 -781.022
-197.973 385.366 -781.005
-200.523 393.564 -774.781
-200.52 393.553 -774.765
-204.319 401.291 -768.59
-204.316 401.28 -768.574
-209.304 408.438 -762.546
-209.301 408.426 -762.53
-215.4 414.89 -756.744
-215.396 414.879 -756.728
-222.51 420.547 -751.275
-222.506 420.535 -751.259
-230.522 425.318 -746.227
-230.519 425.307 -746.211
-239.31 429.13 -741.678
-239.307 429.118 -741.662
-248.736 431.921 -737.7
-248.732 431.91 -737.684
-258.65 433.648 -734.357
-258.647 433.637 -734.34
-268.897 434.283 -731.7
-268.893 434.272 -731.683
-279.314 433.817 -729.771
-279.31 433.806 -729.755
-289.737 432.257 -728.602
-289.734 432.246 -728.586
-300.003 429.627 -728.21
-299.999 429.616 -728.194
-309.949 425.969 -728.602
-309.945 425.958 -728.586
-319.418 421.34 -729.771
-319.414 421.329 -729.755
-328.261 415.815 -731.7
-328.257 415.803 -731.683
-336.338 409.478 -734.357
-336.335 409.467 -734.34
-343.523 402.432 -737.7
-343.519 402.421 -737.684
-349.701 394.786 -741.678
-349.698 394.775 -741.662
-354.776 386.662 -746.227
-354.773 386.65 -746.211
-358.667 378.187 -751.275
-358.664 378.175 -751.259
-361.314 369.495 -756.744
-361.31 369.484 -756.728
-362.673 360.723 -762.546
-362.669 360.712 -762.53
-362.724 352.01 -768.59
-362.721 351.999 -768.574
-361.466 343.493 -774.781
-361.463 343.482 -774.765
-358.919 335.306 -781.022
-358.916 335.295 -781.005
-355.123 327.579 -787.213
-355.12 327.568 -787.196
-350.138 320.433 -793.257
-350.135 320.421 -793.241
-344.042 313.98 -799.059
-344.039 313.969 -799.043
-336.932 308.324 -804.527
-336.929 308.312 -804.511
-328.92 303.552 -809.576
-328.917 303.541 -809.56
-320.132 299.74 -814.125
-320.128 299.729 -814.109
-310.706 296.949 -818.103
-310.703 296.938 -818.086
-300.792 295.222 -821.446
-300.789 295.211 -821.43
-290.546 294.587 -824.103
-290.542 294.576 -824.087
-280.129 295.053 -826.032
-280.125 295.042 -826.015
-269.705 296.613 -827.201
-269.702 296.602 -827.185
503.477 703.81 722.145
503.484 703.807 722.163
503.696 704.449 722.161
503.703 704.446 722.179
503.838 705.108 722.208
503.845 705.105 722.227
503.903 705.777 722.287
503.91 705.774 722.305
503.887 706.444 722.395
503.894 706.441 722.413
503.793 707.1 722.531
503.8 707.097 722.55
503.62 707.733 722.693
503.627 707.73 722.711
503.373 708.335 722.878
503.379 708.332 722.897
503.054 708.894 723.084
503.061 708.891 723.102
502.669 709.404 723.306
502.676 709.401 723.325
502.224 709.855 723.543
502.231 709.852 723.561
501.726 710.24 723.789
501.733 710.237 723.807
501.182 710.554 724.041
501.189 710.551 724.059
500.602 710.791 724.295
500.609 710.788 724.313
499.995 710.948 724.547
500.002 710.945 724.565
499.369 711.022 724.793
499.376 711.019 724.811
498.736 711.012 725.029
498.743 711.009 725.048
498.104 710.919 725.252
498.111 710.916 725.27
497.484 710.743 725.457
497.491 710.74 725.476
496.886 710.487 725.642
496.893 710.484 725.661
496.319 710.156 725.804
496.326 710.153 725.823
495.793 709.755 725.94
495.799 709.752 725.959
495.314 709.289 726.049
495.321 709.287 726.067
494.891 708.768 726.127
494.898 708.765 726.146
494.531 708.197 726.175
494.538 708.194 726.193
494.239 707.587 726.191
494.246 707.585 726.209
494.02 706.948 726.175
494.027 706.945 726.193
493.877 706.289 726.127
493.884 706.286 726.146
493.813 705.62 726.049
493.82 705.617 726.067
493.829 704.953 725.94
493.836 704.95 725.959
493.923 704.297 725.804
493.93 704.294 725.823
494.096 703.664 725.642
494.103 703.661 725.661
494.343 703.062 725.457
494.35 703.06 725.476
494.662 702.503 725.252
494.669 702.5 725.27
495.047 701.993 725.029
495.054 701.99 725.048
495.492 701.542 724.793
495.499 701.539 724.811
495.99 701.157 724.547
495.997 701.154 724.565
496.534 700.843 724.295
496.541 700.84 724.313
497.114 700.606 724.041
497.121 700.603 724.059
497.721 700.449 723.789
497.728 700.446 723.807
498.347 700.375 723.543
498.354 700.372 723.561
498.98 700.385 723.306
498.987 700.382 723.325
499.612 700.478 723.084
499.619 700.476 723.102
500.232 700.654 722.878
500.238 700.651 722.897
500.83 700.91 722.693
500.837 700.907 722.711
501.396 701.241 722.531
501.403 701.238 722.55
501.923 701.642 722.395
501.93 701.639 722.413
502.402 702.108 722.287
502.409 702.105 722.305
502.825 702.629 722.208
502.832 702.627 722.227
503.185 703.2 722.161
503.192 703.197 722.179
-910.018 420.493 888.686
-910.026 420.481 888.699
-905.261 417.484 888.956
-905.269 417.472 888.969
-900.319 414.899 889.761
-900.327 414.887 889.774
-895.27 412.779 891.09
-895.278 412.766 891.103
-890.193 411.157 892.92
-890.201 411.144 892.933
-885.169 410.058 895.223
-885.177 410.045 895.236
-880.276 409.5 897.963
-880.285 409.488 897.976
-875.593 409.493 901.097
-875.601 409.48 901.11
-871.192 410.035 904.575
-871.201 410.022 904.588
-867.143 411.118 908.342
-867.152 411.106 908.355
-863.511 412.726 912.339
-863.519 412.714 912.352
-860.352 414.833 916.502
-860.36 414.82 916.515
-857.716 417.405 920.767
-857.724 417.393 920.78
-855.644 420.403 925.066
-855.653 420.39 925.079
-854.17 423.778 929.331
-854.179 423.766 929.344
-853.317 427.479 933.494
-853.326 427.466 933.507
-853.098 431.445 937.491
-853.106 431.432 937.504
-853.516 435.615 941.258
-853.525 435.603 941.271
-854.565 439.923 944.736
-854.574 439.911 944.749
-856.229 444.301 947.869
-856.238 444.289 947.882
-858.481 448.68 950.61
-858.489 448.668 950.622
-861.285 452.991 952.913
-861.294 452.979 952.926
-864.598 457.166 954.743
-864.607 457.154 954.756
-868.367 461.139 956.072
-868.376 461.127 956.085
-872.533 464.848 956.877
-872.541 464.835 956.89
-877.03 468.233 957.147
-877.038 468.221 957.16
-881.787 471.242 956.877
-881.795 471.229 956.89
-886.729 473.827 956.072
-886.737 473.814 956.085
-891.778 475.947 954.743
-891.786 475.935 954.756
-896.854 477.57 952.913
-896.863 477.557 952.926
-901.879 478.668 950.61
-901.887 478.656 950.622
-906.771 479.226 947.869
-906.78 479.213 947.882
-911.455 479.234 944.736
-911.463 479.221 944.749
-915.855 478.691 941.258
-915.864 478.679 941.271
-919.904 477.608 937.491
-919.913 477.595 937.504
-923.536 476 933.494
-923.545 475.988 933.507
-926.696 473.893 929.331
-926.704 473.881 929.344
-929.332 471.321 925.066
-929.34 471.308 925.079
-931.403 468.323 920.767
-931.412 468.311 920.78
-932.877 464.948 916.502
-932.886 464.935 916.515
-933.73 461.248 912.339
-933.739 461.235 912.352
-933.95 457.281 908.342
-933.958 457.269 908.355
-933.531 453.111 904.575
-933.54 453.099 904.588
-932.482 448.803 901.097
-932.491 448.791 901.11
-930.818 444.425 897.963
-930.827 444.412 897.976
-928.567 440.046 895.223
-928.575 440.033 895.236
-925.762 435.735 892.92
-925.771 435.722 892.933
-922.449 431.56 891.09
-922.458 431.548 891.103
-918.68 427.587 889.761
-918.689 427.574 889.774
-914.515 423.879 888.956
-914.523 423.866 888.969
872.484 213.78 -465.685
872.493 213.767 -465.672
894.044 231.082 -464.362
894.053 231.07 -464.349
913.927 249.927 -460.415
913.936 249.914 -460.402
931.818 270.015 -453.905
931.827 270.003 -453.892
947.434 291.031 -444.936
947.443 291.019 -444.923
960.531 312.643 -433.649
960.54 312.631 -433.636
970.901 334.51 -420.222
970.91 334.498 -420.209
978.381 356.287 -404.866
978.39 356.275 -404.853
982.853 377.631 -387.824
982.862 377.619 -387.811
984.245 398.206 -369.364
984.254 398.194 -369.351
982.538 417.686 -349.778
982.547 417.674 -349.766
977.756 435.765 -329.375
977.765 435.753 -329.362
969.976 452.157 -308.476
969.985 452.145 -308.463
959.32 466.604 -287.411
959.329 466.592 -287.398
945.957 478.878 -266.512
945.966 478.866 -266.499
930.097 488.786 -246.109
930.106 488.774 -246.096
911.99 496.171 -226.523
911.999 496.159 -226.51
891.922 500.917 -208.064
891.931 500.905 -208.051
870.21 502.949 -191.022
870.219 502.937 -191.009
847.195 502.234 -175.666
847.204 502.222 -175.653
823.24 498.785 -162.238
823.249 498.773 -162.225
798.725 492.656 -150.951
798.734 492.644 -150.938
774.034 483.943 -141.982
774.043 483.93 -141.969
749.558 472.783 -135.473
749.567 472.771 -135.46
725.682 459.353 -131.525
725.691 459.341 -131.512
702.783 443.864 -130.203
702.792 443.852 -130.19
681.222 426.561 -131.525
681.231 426.549 -131.512
661.34 407.717 -135.473
661.349 407.705 -135.46
643.449 387.629 -141.982
643.458 387.617 -141.969
627.832 366.613 -150.951
627.841 366.601 -150.938
614.735 345.001 -162.238
614.745 344.989 -162.225
604.365 323.134 -175.666
604.374 323.122 -175.653
596.886 301.357 -191.022
596.895 301.344 -191.009
592.414 280.012 -208.064
592.423 280 -208.051
591.021 259.438 -226.523
591.03 259.426 -226.51
592.729 239.958 -246.109
592.738 239.946 -246.096
597.511 221.879 -266.512
597.52 221.867 -266.499
605.291 205.487 -287.411
605.3 205.475 -287.398
615.946 191.04 -308.476
615.955 191.028 -308.463
629.309 178.766 -329.375
629.318 178.753 -329.362
645.169 168.858 -349.778
645.178 168.846 -349.766
663.276 161.473 -369.364
663.285 161.461 -369.351
683.344 156.727 -387.824
683.353 156.715 -387.811
705.057 154.695 -404.866
705.066 154.683 -404.853
728.072 155.409 -420.222
728.081 155.397 -420.209
752.026 158.859 -433.649
752.035 158.846 -433.636
776.542 164.988 -444.936
776.551 164.976 -444.923
801.233 173.701 -453.905
801.242 173.689 -453.892
825.709 184.861 -460.415
825.718 184.849 -460.402
849.585 198.291 -464.362
849.594 198.279 -464.349
-266.973 -930.928 498.708
-266.988 -930.933 498.721
-251.613 -967.777 500.663
-251.628 -967.782 500.675
-233.543 -1002.95 506.494
-233.558 -1002.95 506.507
-213.047 -1035.89 516.111
-213.062 -1035.89 516.124
-190.449 -1066.08 529.362
-190.464 -1066.08 529.375
-166.105 -1093.04 546.038
-166.12 -1093.04 546.051
-140.399 -1116.35 565.876
-140.414 -1116.35 565.889
-113.736 -1135.63 588.563
-113.751 -1135.64 588.576
-86.5376 -1150.6 613.741
-86.5522 -1150.6 613.754
-59.2316 -1161 641.014
-59.2462 -1161.01 641.026
-32.2492 -1166.68 669.95
-32.2638 -1166.68 669.963
-6.01571 -1167.54 700.094
-6.03031 -1167.55 700.107
19.0551 -1163.58 730.971
19.0405 -1163.58 730.983
42.5677 -1154.85 762.093
42.5531 -1154.86 762.105
64.1515 -1141.49 792.969
64.1369 -1141.5 792.982
83.466 -1123.72 823.113
83.4514 -1123.73 823.126
100.207 -1101.81 852.05
100.192 -1101.82 852.062
114.109 -1076.11 879.322
114.095 -1076.12 879.335
124.955 -1047.02 904.5
124.94 -1047.03 904.513
132.572 -1015.01 927.187
132.558 -1015.01 927.2
136.841 -980.573 947.025
136.827 -980.578 947.038
137.695 -944.257 963.701
137.68 -944.263 963.714
135.119 -906.636 976.952
135.104 -906.641 976.965
129.155 -868.301 986.569
129.14 -868.307 986.582
119.896 -829.858 992.401
119.882 -829.863 992.414
107.489 -791.912 994.355
107.475 -791.918 994.368
92.1294 -755.063 992.401
92.1148 -755.069 992.414
74.0591 -719.891 986.569
74.0445 -719.897 986.582
53.5633 -686.951 976.952
53.5487 -686.957 976.965
30.9651 -656.763 963.701
30.9505 -656.768 963.714
6.6211 -629.802 947.025
6.6065 -629.807 947.038
-19.0849 -606.493 927.187
-19.0995 -606.499 927.2
-45.7476 -587.206 904.5
-45.7622 -587.211 904.513
-72.9463 -572.242 879.322
-72.9609 -572.248 879.335
-100.252 -561.84 852.05
-100.267 -561.845 852.062
-127.235 -556.161 823.113
-127.249 -556.167 823.126
-153.468 -555.297 792.969
-153.483 -555.303 792.982
-178.539 -559.261 762.093
-178.554 -559.266 762.105
-202.052 -567.99 730.971
-202.066 -567.995 730.983
-223.635 -581.346 700.094
-223.65 -581.351 700.107
-242.95 -599.119 669.95
-242.964 -599.125 669.963
-259.691 -621.029 641.014
-259.705 -621.035 641.026
-273.593 -646.73 613.741
-273.608 -646.736 613.754
-284.439 -675.817 588.563
-284.453 -675.823 588.576
-292.056 -707.831 565.876
-292.071 -707.837 565.889
-296.325 -742.267 546.038
-296.34 -742.273 546.051
-297.179 -778.583 529.362
-297.193 -778.588 529.375
-294.603 -816.204 516.111
-294.617 -816.21 516.124
-288.639 -854.539 506.494
-288.653 -854.544 506.507
-279.38 -892.982 500.663
-279.395 -892.988 500.675
-805.904 -1264.4 309.105
-805.909 -1264.41 309.12
-750.583 -1281.76 311.483
-750.587 -1281.78 311.498
-694.231 -1293.67 318.579
-694.235 -1293.69 318.594
-637.737 -1299.94 330.282
-637.741 -1299.95 330.297
-581.992 -1300.45 346.407
-581.997 -1300.47 346.422
-527.876 -1295.22 366.7
-527.881 -1295.23 366.715
-476.242 -1284.32 390.84
-476.247 -1284.33 390.855
-427.904 -1267.91 418.447
-427.909 -1267.93 418.462
-383.625 -1246.27 449.085
-383.629 -1246.29 449.1
-344.102 -1219.74 482.272
-344.106 -1219.75 482.287
-309.959 -1188.72 517.484
-309.964 -1188.73 517.499
-281.735 -1153.71 554.166
-281.74 -1153.72 554.181
-259.875 -1115.26 591.738
-259.879 -1115.27 591.754
-244.723 -1073.98 629.61
-244.727 -1074 629.625
-236.518 -1030.52 667.183
-236.523 -1030.54 667.198
-235.39 -985.57 703.864
-235.395 -985.582 703.879
-241.357 -939.829 739.076
-241.362 -939.841 739.091
-254.324 -894.023 772.263
-254.329 -894.035 772.278
-274.087 -848.874 802.902
-274.092 -848.886 802.917
-300.335 -805.094 830.509
-300.339 -805.107 830.524
-332.652 -763.375 854.649
-332.657 -763.387 854.664
-370.531 -724.372 874.941
-370.535 -724.385 874.956
-413.372 -688.703 891.066
-413.377 -688.715 891.081
-460.502 -656.929 902.769
-460.506 -656.941 902.784
-511.175 -629.551 909.865
-511.18 -629.563 909.88
-564.594 -607.002 912.243
-564.599 -607.014 912.258
-619.916 -589.636 909.865
-619.921 -589.648 909.88
-676.268 -577.728 902.769
-676.273 -577.74 902.784
-732.762 -571.465 891.066
-732.766 -571.477 891.081
-788.506 -570.947 874.941
-788.511 -570.959 874.956
-842.622 -576.18 854.649
-842.627 -576.193 854.664
-894.257 -587.084 830.509
-894.261 -587.096 830.524
-942.595 -603.486 802.902
-942.599 -603.498 802.917
-986.874 -625.127 772.263
-986.879 -625.139 772.278
-1026.4 -651.665 739.076
-1026.4 -651.678 739.091
-1060.54 -682.684 703.864
-1060.54 -682.696 703.879
-1088.76 -717.692 667.183
-1088.77 -717.704 667.198
-1110.62 -756.139 629.61
-1110.63 -756.151 629.625
-1125.78 -797.417 591.738
-1125.78 -797.429 591.754
-1133.98 -840.876 554.166
-1133.98 -840.888 554.181
-1135.11 -885.831 517.484
-1135.11 -885.843 517.499
-1129.14 -931.572 482.272
-1129.15 -931.584 482.287
-1116.17 -977.378 449.085
-1116.18 -977.39 449.1
-1096.41 -1022.53 418.447
-1096.42 -1022.54 418.462
-1070.16 -1066.31 390.84
-1070.17 -1066.32 390.855
-1037.85 -1108.03 366.7
-1037.85 -1108.04 366.715
-999.968 -1147.03 346.407
-999.973 -1147.04 346.422
-957.126 -1182.7 330.282
-957.131 -1182.71 330.297
-909.997 -1214.47 318.579
-910.002 -1214.48 318.594
-859.323 -1241.85 311.483
-859.328 -1241.86 311.498
908.295 -162.689 -527.595
908.307 -162.698 -527.582
916.19 -150.788 -526.912
916.203 -150.797 -526.899
923.018 -138.391 -524.874
923.03 -138.4 -524.861
928.668 -125.694 -521.513
928.681 -125.703 -521.5
933.053 -112.897 -516.883
933.066 -112.906 -516.87
936.104 -100.202 -511.055
936.116 -100.211 -511.042
937.771 -87.8081 -504.123
937.784 -87.8171 -504.11
938.03 -75.9119 -496.195
938.042 -75.9208 -496.182
936.875 -64.7006 -487.397
936.888 -64.7096 -487.384
934.326 -54.3511 -477.867
934.338 -54.36 -477.854
930.421 -45.0266 -467.755
930.434 -45.0355 -467.742
925.224 -36.8741 -457.221
925.236 -36.883 -457.208
918.815 -30.0222 -446.431
918.827 -30.0311 -446.418
911.296 -24.5789 -435.556
911.308 -24.5879 -435.543
902.786 -20.6302 -424.766
902.798 -20.6391 -424.753
893.418 -18.2383 -414.232
893.43 -18.2472 -414.219
883.34 -17.4408 -404.121
883.353 -17.4497 -404.108
872.712 -18.2504 -394.591
872.725 -18.2594 -394.578
861.701 -20.6544 -385.792
861.713 -20.6633 -385.779
850.48 -24.6147 -377.864
850.493 -24.6236 -377.851
839.227 -30.069 -370.932
839.24 -30.0779 -370.919
828.119 -36.9312 -365.105
828.131 -36.9401 -365.092
817.331 -45.0931 -360.474
817.344 -45.102 -360.461
807.034 -54.426 -357.113
807.046 -54.4349 -357.1
797.389 -64.7827 -355.076
797.401 -64.7916 -355.063
788.549 -75.9998 -354.393
788.561 -76.0087 -354.38
780.653 -87.9005 -355.076
780.665 -87.9094 -355.063
773.826 -100.297 -357.113
773.838 -100.306 -357.1
768.175 -112.994 -360.474
768.187 -113.003 -360.461
763.79 -125.791 -365.105
763.802 -125.8 -365.092
760.739 -138.487 -370.932
760.752 -138.496 -370.919
759.072 -150.88 -377.864
759.084 -150.889 -377.851
758.813 -162.777 -385.792
758.826 -162.785 -385.779
759.968 -173.988 -394.591
759.98 -173.997 -394.578
762.517 -184.337 -404.121
762.53 -184.346 -404.108
766.422 -193.662 -414.232
766.434 -193.671 -414.219
771.619 -201.814 -424.766
771.632 -201.823 -424.753
778.028 -208.666 -435.556
778.04 -208.675 -435.543
785.547 -214.109 -446.431
785.559 -214.118 -446.418
794.058 -218.058 -457.221
794.07 -218.067 -457.208
803.425 -220.45 -467.755
803.438 -220.459 -467.742
813.503 -221.248 -477.867
813.515 -221.257 -477.854
824.131 -220.438 -487.397
824.143 -220.447 -487.384
835.142 -218.034 -496.195
835.154 -218.043 -496.182
846.363 -214.074 -504.123
846.375 -214.083 -504.11
857.616 -208.619 -511.055
857.628 -208.628 -511.042
868.724 -201.757 -516.883
868.736 -201.766 -516.87
879.512 -193.595 -521.513
879.524 -193.604 -521.5
889.81 -184.262 -524.874
889.822 -184.271 -524.861
899.454 -173.906 -526.912
899.467 -173.915 -526.899
255.569 -1028.81 -1063.43
255.585 -1028.82 -1063.42
269.667 -975.591 -1060.41
269.683 -975.596 -1060.4
280.287 -922.239 -1051.41
280.303 -922.244 -1051.4
287.261 -869.598 -1036.56
287.278 -869.603 -1036.55
290.48 -818.496 -1016.1
290.496 -818.501 -1016.09
289.892 -769.74 -990.36
289.909 -769.745 -990.35
285.507 -724.1 -959.735
285.524 -724.104 -959.725
277.395 -682.293 -924.712
277.412 -682.298 -924.702
265.682 -644.981 -885.843
265.699 -644.986 -885.833
250.554 -612.751 -843.741
250.571 -612.755 -843.731
232.25 -586.111 -799.07
232.267 -586.116 -799.061
211.057 -565.482 -752.535
211.074 -565.487 -752.525
187.311 -551.189 -704.869
187.328 -551.194 -704.86
161.385 -543.458 -656.825
161.402 -543.463 -656.815
133.689 -542.41 -609.159
133.706 -542.415 -609.149
104.659 -548.062 -562.624
104.676 -548.067 -562.614
74.7537 -560.325 -517.953
74.7704 -560.33 -517.943
44.4439 -579.005 -475.851
44.4606 -579.01 -475.842
14.2078 -603.808 -436.983
14.2245 -603.813 -436.973
-15.4776 -634.343 -401.96
-15.4609 -634.348 -401.95
-44.1442 -670.127 -371.335
-44.1275 -670.132 -371.325
-71.34 -710.598 -345.591
-71.3233 -710.603 -345.581
-96.636 -755.116 -325.135
-96.6193 -755.121 -325.125
-119.633 -802.979 -310.288
-119.617 -802.984 -310.278
-139.969 -853.433 -301.286
-139.952 -853.438 -301.276
-157.323 -905.682 -298.269
-157.306 -905.687 -298.259
-171.421 -958.902 -301.286
-171.404 -958.906 -301.276
-182.041 -1012.25 -310.288
-182.024 -1012.26 -310.278
-189.015 -1064.89 -325.135
-188.999 -1064.9 -325.125
-192.234 -1116 -345.591
-192.217 -1116 -345.581
-191.646 -1164.75 -371.335
-191.63 -1164.76 -371.325
-187.262 -1210.39 -401.96
-187.245 -1210.4 -401.95
-179.149 -1252.2 -436.983
-179.132 -1252.2 -436.973
-167.437 -1289.51 -475.851
-167.42 -1289.52 -475.842
-152.309 -1321.74 -517.953
-152.292 -1321.75 -517.943
-134.004 -1348.38 -562.624
-133.987 -1348.39 -562.614
-112.812 -1369.01 -609.159
-112.795 -1369.02 -609.149
-89.0652 -1383.3 -656.825
-89.0485 -1383.31 -656.815
-63.1396 -1391.03 -704.869
-63.1229 -1391.04 -704.86
-35.4434 -1392.08 -752.535
-35.4267 -1392.09 -752.525
-6.41365 -1386.43 -799.07
-6.39695 -1386.44 -799.061
23.492 -1374.17 -843.741
23.5087 -1374.17 -843.731
53.8018 -1355.49 -885.843
53.8185 -1355.49 -885.833
84.0379 -1330.68 -924.712
84.0546 -1330.69 -924.702
113.723 -1300.15 -959.735
113.74 -1300.15 -959.725
142.39 -1264.36 -990.36
142.407 -1264.37 -990.35
169.586 -1223.89 -1016.1
169.602 -1223.9 -1016.09
194.882 -1179.38 -1036.56
194.898 -1179.38 -1036.55
217.879 -1131.51 -1051.41
217.896 -1131.52 -1051.4
238.215 -1081.06 -1060.41
238.232 -1081.06 -1060.4
428.399 866.945 444.722
428.382 866.945 444.733
432.338 803.638 448.138
432.321 803.637 448.149
440.33 741.45 458.333
440.313 741.45 458.343
452.25 681.364 475.146
452.233 681.364 475.156
467.909 624.327 498.311
467.892 624.327 498.321
487.061 571.239 527.463
487.044 571.238 527.474
509.403 522.936 562.143
509.386 522.935 562.154
534.584 480.18 601.804
534.566 480.18 601.814
562.205 443.646 645.819
562.188 443.646 645.83
591.832 413.91 693.496
591.815 413.91 693.507
622.997 391.441 744.082
622.98 391.44 744.092
655.209 376.593 796.779
655.192 376.592 796.79
687.959 369.6 850.757
687.942 369.599 850.767
720.732 370.573 905.163
720.715 370.572 905.173
753.01 379.496 959.141
752.993 379.495 959.151
784.285 396.228 1011.84
784.267 396.228 1011.85
814.062 420.506 1062.42
814.045 420.506 1062.43
841.873 451.947 1110.1
841.856 451.947 1110.11
867.279 490.055 1154.12
867.262 490.055 1154.13
889.879 534.229 1193.78
889.862 534.229 1193.79
909.317 583.772 1228.46
909.3 583.772 1228.47
925.286 637.903 1257.61
925.269 637.903 1257.62
937.535 695.769 1280.77
937.518 695.768 1280.78
945.87 756.456 1297.59
945.853 756.455 1297.6
950.16 819.008 1307.78
950.142 819.007 1307.79
950.336 882.438 1311.2
950.319 882.437 1311.21
946.398 945.745 1307.78
946.381 945.745 1307.79
938.405 1007.93 1297.59
938.388 1007.93 1297.6
926.486 1068.02 1280.77
926.469 1068.02 1280.78
910.826 1125.06 1257.61
910.809 1125.06 1257.62
891.675 1178.14 1228.46
891.658 1178.14 1228.47
869.332 1226.45 1193.78
869.315 1226.45 1193.79
844.152 1269.2 1154.12
844.135 1269.2 1154.13
816.53 1305.74 1110.1
816.513 1305.74 1110.11
786.904 1335.47 1062.42
786.886 1335.47 1062.43
755.738 1357.94 1011.84
755.721 1357.94 1011.85
723.527 1372.79 959.141
723.51 1372.79 959.151
690.776 1379.78 905.163
690.759 1379.78 905.173
658.003 1378.81 850.757
657.986 1378.81 850.767
625.725 1369.89 796.779
625.708 1369.89 796.79
594.451 1353.15 744.082
594.434 1353.15 744.092
564.673 1328.88 693.496
564.656 1328.88 693.507
536.862 1297.44 645.819
536.845 1297.44 645.83
511.457 1259.33 601.804
511.439 1259.33 601.814
488.856 1215.15 562.143
488.839 1215.15 562.154
469.418 1165.61 527.463
469.401 1165.61 527.474
453.449 1111.48 498.311
453.432 1111.48 498.321
441.201 1053.61 475.146
441.183 1053.61 475.156
432.866 992.927 458.333
432.849 992.926 458.343
428.576 930.375 448.138
428.559 930.375 448.149
864.88 -323.265 -300.328
864.886 -323.268 -300.309
865.304 -322.246 -300.305
865.31 -322.249 -300.286
865.603 -321.186 -300.236
865.609 -321.189 -300.217
865.774 -320.101 -300.122
865.78 -320.104 -300.103
865.812 -319.009 -299.965
865.818 -319.012 -299.946
865.719 -317.927 -299.768
865.725 -317.93 -299.749
865.495 -316.872 -299.533
865.501 -316.874 -299.514
865.144 -315.86 -299.265
865.15 -315.863 -299.246
864.671 -314.908 -298.967
864.677 -314.911 -298.948
864.084 -314.031 -298.644
864.09 -314.034 -298.625
863.391 -313.242 -298.301
863.397 -313.245 -298.282
862.605 -312.554 -297.944
862.611 -312.556 -297.926
861.738 -311.977 -297.579
861.744 -311.98 -297.56
860.802 -311.522 -297.211
860.808 -311.525 -297.192
859.813 -311.194 -296.845
859.819 -311.197 -296.826
858.786 -311 -296.488
858.792 -311.003 -296.47
857.739 -310.941 -296.146
857.745 -310.944 -296.127
856.686 -311.02 -295.823
856.692 -311.023 -295.804
855.645 -311.235 -295.525
855.651 -311.238 -295.506
854.632 -311.583 -295.257
854.638 -311.586 -295.238
853.663 -312.057 -295.022
853.669 -312.06 -295.003
852.754 -312.651 -294.824
852.76 -312.654 -294.806
851.918 -313.355 -294.668
851.924 -313.358 -294.649
851.169 -314.159 -294.554
851.175 -314.161 -294.535
850.519 -315.048 -294.485
850.525 -315.051 -294.466
849.978 -316.01 -294.462
849.984 -316.013 -294.443
849.554 -317.029 -294.485
849.56 -317.032 -294.466
849.255 -318.09 -294.554
849.261 -318.093 -294.535
849.085 -319.175 -294.668
849.091 -319.178 -294.649
849.046 -320.267 -294.824
849.052 -320.27 -294.806
849.139 -321.349 -295.022
849.145 -321.352 -295.003
849.363 -322.404 -295.257
849.369 -322.407 -295.238
849.715 -323.416 -295.525
849.721 -323.419 -295.506
850.188 -324.368 -295.823
850.194 -324.371 -295.804
850.775 -325.245 -296.146
850.781 -325.248 -296.127
851.467 -326.034 -296.488
851.473 -326.037 -296.47
852.253 -326.722 -296.845
852.259 -326.725 -296.826
853.121 -327.299 -297.211
853.127 -327.301 -297.192
854.056 -327.754 -297.579
854.062 -327.757 -297.56
855.045 -328.082 -297.944
855.051 -328.085 -297.926
856.072 -328.276 -298.301
856.078 -328.279 -298.282
857.12 -328.334 -298.644
857.126 -328.337 -298.625
858.173 -328.255 -298.967
858.179 -328.258 -298.948
859.214 -328.04 -299.265
859.22 -328.043 -299.246
860.227 -327.693 -299.533
860.233 -327.696 -299.514
861.195 -327.219 -299.768
861.201 -327.221 -299.749
862.105 -326.625 -299.965
862.111 -326.628 -299.946
862.94 -325.92 -300.122
862.946 -325.923 -300.103
863.689 -325.117 -300.236
863.695 -325.12 -300.217
864.339 -324.228 -300.305
864.345 -324.23 -300.286
78.7474 -428.659 342.915
78.7459 -428.673 342.929
89.8677 -429.373 343.409
89.8662 -429.387 343.423
100.92 -429.088 344.884
100.919 -429.102 344.898
111.731 -427.81 347.315
111.729 -427.824 347.329
122.129 -425.558 350.665
122.127 -425.572 350.679
131.951 -422.368 354.881
131.949 -422.382 354.895
141.041 -418.29 359.896
141.039 -418.304 359.91
149.256 -413.388 365.631
149.255 -413.402 365.646
156.467 -407.74 371.997
156.466 -407.754 372.011
162.561 -401.436 378.891
162.559 -401.45 378.906
167.44 -394.573 386.207
167.438 -394.587 386.221
171.028 -387.261 393.827
171.026 -387.275 393.842
173.268 -379.615 401.633
173.266 -379.629 401.648
174.125 -371.755 409.501
174.124 -371.769 409.515
173.586 -363.806 417.307
173.585 -363.82 417.321
171.659 -355.892 424.928
171.657 -355.906 424.942
168.374 -348.139 432.243
168.373 -348.153 432.257
163.784 -340.669 439.138
163.782 -340.683 439.152
157.96 -333.599 445.503
157.958 -333.613 445.517
150.994 -327.042 451.239
150.993 -327.056 451.253
142.997 -321.1 456.254
142.995 -321.114 456.268
134.094 -315.867 460.47
134.093 -315.881 460.484
124.426 -311.426 463.82
124.425 -311.44 463.834
114.146 -307.847 466.251
114.144 -307.861 466.265
103.414 -305.186 467.725
103.413 -305.2 467.74
92.4016 -303.486 468.219
92.4001 -303.5 468.234
81.2813 -302.772 467.725
81.2798 -302.786 467.74
70.2287 -303.057 466.251
70.2272 -303.071 466.265
59.4181 -304.335 463.82
59.4166 -304.349 463.834
49.02 -306.587 460.47
49.0185 -306.601 460.484
39.1984 -309.777 456.254
39.1969 -309.791 456.268
30.1082 -313.855 451.239
30.1067 -313.869 451.253
21.8927 -318.757 445.503
21.8912 -318.771 445.517
14.6816 -324.405 439.138
14.68 -324.419 439.152
8.5884 -330.709 432.243
8.58687 -330.723 432.257
3.70936 -337.572 424.928
3.70783 -337.586 424.942
0.121379 -344.884 417.307
0.11985 -344.898 417.321
-2.11895 -352.53 409.501
-2.12048 -352.544 409.515
-2.9763 -360.39 401.633
-2.97783 -360.404 401.648
-2.43716 -368.339 393.827
-2.43869 -368.353 393.842
-0.510016 -376.253 386.207
-0.511545 -376.267 386.221
2.77473 -384.006 378.891
2.7732 -384.02 378.906
7.36528 -391.476 371.997
7.36375 -391.49 372.011
13.1892 -398.546 365.631
13.1877 -398.56 365.646
20.1547 -405.103 359.896
20.1532 -405.117 359.91
28.152 -411.045 354.881
28.1504 -411.059 354.895
37.0548 -416.278 350.665
37.0532 -416.292 350.679
46.7228 -420.719 347.315
46.7212 -420.733 347.329
57.0035 -424.298 344.884
57.002 -424.312 344.898
67.7348 -426.959 343.409
67.7332 -426.973 343.423
831.815 -850.083 -639.546
831.819 -850.086 -639.526
867.934 -804.194 -638.514
867.938 -804.198 -638.495
898.225 -754.35 -635.435
898.229 -754.354 -635.415
922.21 -701.338 -630.357
922.215 -701.342 -630.337
939.512 -645.992 -623.36
939.516 -645.996 -623.341
949.856 -589.187 -614.555
949.86 -589.191 -614.535
953.081 -531.817 -604.08
953.085 -531.821 -604.061
949.134 -474.788 -592.101
949.139 -474.791 -592.081
938.079 -418.998 -578.806
938.084 -419.002 -578.787
920.09 -365.329 -564.406
920.094 -365.332 -564.387
895.45 -314.625 -549.127
895.455 -314.629 -549.108
864.549 -267.687 -533.21
864.553 -267.691 -533.191
827.872 -225.256 -516.907
827.876 -225.259 -516.888
786 -187.999 -500.474
786.004 -188.003 -500.455
739.591 -156.505 -484.17
739.595 -156.509 -484.151
689.379 -131.271 -468.254
689.383 -131.274 -468.234
636.154 -112.694 -452.975
636.158 -112.697 -452.956
580.757 -101.067 -438.574
580.761 -101.071 -438.555
524.06 -96.5738 -425.28
524.064 -96.5775 -425.261
466.959 -99.2853 -413.301
466.963 -99.289 -413.282
410.353 -109.159 -402.826
410.357 -109.162 -402.807
355.136 -126.038 -394.021
355.14 -126.042 -394.002
302.177 -149.657 -387.024
302.182 -149.661 -387.005
252.313 -179.644 -381.946
252.317 -179.648 -381.927
206.33 -215.525 -378.867
206.334 -215.529 -378.847
164.952 -256.735 -377.835
164.957 -256.739 -377.816
128.833 -302.624 -378.867
128.837 -302.627 -378.847
98.5422 -352.467 -381.946
98.5464 -352.471 -381.927
74.5568 -405.48 -387.024
74.561 -405.484 -387.005
57.2555 -460.825 -394.021
57.2597 -460.829 -394.002
46.911 -517.631 -402.826
46.9152 -517.635 -402.807
43.6865 -575.001 -413.301
43.6907 -575.004 -413.282
47.6328 -632.03 -425.28
47.637 -632.034 -425.261
58.6878 -687.819 -438.574
58.692 -687.823 -438.555
76.677 -741.489 -452.975
76.6812 -741.493 -452.956
101.317 -792.193 -468.254
101.321 -792.196 -468.234
132.219 -839.13 -484.17
132.223 -839.134 -484.151
168.895 -881.562 -500.474
168.899 -881.566 -500.455
210.768 -918.819 -516.907
210.772 -918.822 -516.888
257.176 -950.313 -533.21
257.18 -950.316 -533.191
307.389 -975.547 -549.127
307.393 -975.551 -549.108
360.613 -994.124 -564.406
360.617 -994.128 -564.387
416.011 -1005.75 -578.806
416.015 -1005.75 -578.787
472.707 -1010.24 -592.101
472.711 -1010.25 -592.081
529.808 -1007.53 -604.08
529.813 -1007.54 -604.061
586.414 -997.659 -614.555
586.418 -997.663 -614.535
641.632 -980.78 -623.36
641.636 -980.783 -623.341
694.59 -957.16 -630.357
694.594 -957.164 -630.337
744.454 -927.174 -635.435
744.458 -927.177 -635.415
790.437 -891.292 -638.514
790.442 -891.296 -638.495
-657.935 -979.775 8.19252
-657.92 -979.776 8.20637
-657.727 -968.169 8.71881
-657.713 -968.17 8.73266
-658.531 -956.683 10.2894
-658.517 -956.684 10.3032
-660.335 -945.5 12.8795
-660.32 -945.501 12.8933
-663.109 -934.795 16.4482
-663.095 -934.796 16.4621
-666.811 -924.738 20.9393
-666.796 -924.739 20.9532
-671.381 -915.486 26.282
-671.367 -915.487 26.2959
-676.749 -907.186 32.392
-676.734 -907.187 32.4058
-682.828 -899.969 39.1729
-682.814 -899.97 39.1868
-689.524 -893.948 46.5178
-689.509 -893.949 46.5317
-696.73 -889.219 54.3109
-696.715 -889.22 54.3248
-704.333 -885.856 62.4293
-704.319 -885.857 62.4431
-712.213 -883.912 70.7449
-712.199 -883.913 70.7587
-720.246 -883.418 79.1265
-720.232 -883.418 79.1404
-728.306 -884.381 87.4421
-728.291 -884.382 87.456
-736.264 -886.786 95.5605
-736.249 -886.787 95.5743
-743.996 -890.596 103.354
-743.981 -890.597 103.367
-751.379 -895.751 110.698
-751.364 -895.751 110.712
-758.297 -902.168 117.479
-758.283 -902.169 117.493
-764.642 -909.747 123.589
-764.627 -909.748 123.603
-770.312 -918.368 128.932
-770.298 -918.369 128.946
-775.219 -927.896 133.423
-775.205 -927.897 133.437
-779.285 -938.18 136.992
-779.271 -938.181 137.006
-782.446 -949.058 139.582
-782.432 -949.059 139.596
-784.653 -960.358 141.153
-784.638 -960.359 141.166
-785.869 -971.902 141.679
-785.855 -971.903 141.693
-786.077 -983.509 141.153
-786.063 -983.509 141.166
-785.273 -994.994 139.582
-785.259 -994.995 139.596
-783.47 -1006.18 136.992
-783.455 -1006.18 137.006
-780.695 -1016.88 133.423
-780.681 -1016.88 133.437
-776.993 -1026.94 128.932
-776.979 -1026.94 128.946
-772.423 -1036.19 123.589
-772.408 -1036.19 123.603
-767.056 -1044.49 117.479
-767.041 -1044.49 117.493
-760.976 -1051.71 110.698
-760.962 -1051.71 110.712
-754.281 -1057.73 103.354
-754.266 -1057.73 103.367
-747.074 -1062.46 95.5605
-747.06 -1062.46 95.5743
-739.471 -1065.82 87.4421
-739.457 -1065.82 87.456
-731.591 -1067.77 79.1265
-731.576 -1067.77 79.1404
-723.558 -1068.26 70.7449
-723.543 -1068.26 70.7587
-715.499 -1067.3 62.4293
-715.484 -1067.3 62.4431
-707.54 -1064.89 54.3109
-707.526 -1064.89 54.3248
-699.809 -1061.08 46.5178
-699.794 -1061.08 46.5317
-692.425 -1055.93 39.1729
-692.411 -1055.93 39.1868
-685.507 -1049.51 32.392
-685.493 -1049.51 32.4058
-679.163 -1041.93 26.282
-679.148 -1041.93 26.2959
-673.492 -1033.31 20.9393
-673.478 -1033.31 20.9532
-668.585 -1023.78 16.4482
-668.571 -1023.78 16.4621
-664.519 -1013.5 12.8795
-664.505 -1013.5 12.8933
-661.358 -1002.62 10.2894
-661.344 -1002.62 10.3032
-659.152 -991.319 8.71881
-659.137 -991.32 8.73266
714.701 -656.546 404.509
714.716 -656.546 404.522
714.645 -643.287 405.141
714.66 -643.287 405.154
713.502 -630.197 407.026
713.517 -630.198 407.04
711.292 -617.483 410.136
711.307 -617.483 410.149
708.049 -605.345 414.42
708.065 -605.345 414.433
703.825 -593.974 419.811
703.84 -593.975 419.824
698.685 -583.55 426.225
698.7 -583.551 426.238
692.712 -574.238 433.56
692.727 -574.238 433.573
685.998 -566.183 441.7
686.014 -566.184 441.713
678.651 -559.514 450.517
678.666 -559.515 450.53
670.786 -554.335 459.872
670.801 -554.336 459.885
662.527 -550.728 469.618
662.542 -550.729 469.631
654.004 -548.75 479.6
654.019 -548.751 479.613
645.351 -548.432 489.662
645.366 -548.433 489.675
636.706 -549.779 499.644
636.721 -549.78 499.657
628.204 -552.77 509.39
628.219 -552.771 509.403
619.98 -557.358 518.745
619.995 -557.358 518.758
612.163 -563.47 527.562
612.178 -563.47 527.575
604.876 -571.009 535.703
604.891 -571.01 535.716
598.235 -579.858 543.037
598.25 -579.859 543.05
592.344 -589.877 549.451
592.359 -589.877 549.464
587.296 -600.906 554.842
587.312 -600.907 554.855
583.171 -612.774 559.126
583.186 -612.774 559.139
580.034 -625.291 562.236
580.049 -625.292 562.249
577.934 -638.262 564.121
577.949 -638.263 564.134
576.904 -651.481 564.753
576.919 -651.482 564.766
576.96 -664.74 564.121
576.976 -664.741 564.134
578.103 -677.83 562.236
578.118 -677.831 562.249
580.313 -690.544 559.126
580.328 -690.545 559.139
583.556 -702.682 554.842
583.571 -702.683 554.855
587.78 -714.053 549.451
587.795 -714.054 549.464
592.92 -724.477 543.037
592.935 -724.477 543.05
598.893 -733.789 535.703
598.908 -733.79 535.716
605.607 -741.844 527.562
605.622 -741.844 527.575
612.954 -748.513 518.745
612.969 -748.513 518.758
620.819 -753.692 509.39
620.834 -753.692 509.403
629.078 -757.299 499.644
629.094 -757.299 499.657
637.601 -759.277 489.662
637.617 -759.277 489.675
646.254 -759.595 479.6
646.269 -759.595 479.613
654.899 -758.248 469.618
654.914 -758.248 469.631
663.401 -755.257 459.872
663.416 -755.258 459.885
671.625 -750.669 450.517
671.64 -750.67 450.53
679.442 -744.558 441.7
679.457 -744.558 441.713
686.729 -737.018 433.56
686.744 -737.018 433.573
693.37 -728.169 426.225
693.385 -728.169 426.238
699.261 -718.151 419.811
699.276 -718.151 419.824
704.309 -707.121 414.42
704.324 -707.121 414.433
708.434 -695.253 410.136
708.449 -695.254 410.149
711.571 -682.736 407.026
711.586 -682.736 407.04
713.671 -669.765 405.141
713.687 -669.766 405.154
260.916 59.5426 153.037
260.933 59.5412 153.049
263.171 106.313 155.449
263.188 106.311 155.461
262.026 152.63 162.647
262.042 152.628 162.659
257.499 197.762 174.517
257.516 197.761 174.529
249.662 240.999 190.873
249.678 240.998 190.884
238.638 281.659 211.456
238.654 281.657 211.467
224.601 319.099 235.941
224.617 319.098 235.953
207.773 352.731 263.943
207.789 352.729 263.954
188.418 382.022 295.02
188.434 382.021 295.031
166.842 406.512 328.681
166.859 406.511 328.693
143.386 425.814 364.397
143.403 425.813 364.409
118.419 439.624 401.603
118.436 439.622 401.615
92.3353 447.723 439.714
92.3516 447.722 439.725
65.5457 449.985 478.127
65.562 449.984 478.138
38.4729 446.374 516.237
38.4893 446.372 516.248
11.544 436.946 553.443
11.5603 436.944 553.455
-14.8165 421.85 589.159
-14.8002 421.848 589.17
-40.1928 401.324 622.82
-40.1765 401.323 622.832
-64.1847 375.692 653.897
-64.1683 375.691 653.909
-86.4138 345.359 681.899
-86.3974 345.357 681.91
-106.53 310.802 706.384
-106.513 310.8 706.396
-124.215 272.566 726.967
-124.198 272.565 726.979
-139.19 231.255 743.323
-139.174 231.254 743.334
-151.22 187.521 755.193
-151.204 187.519 755.204
-160.115 142.052 762.391
-160.099 142.05 762.402
-165.734 95.5652 764.803
-165.718 95.5639 764.814
-167.989 48.7949 762.391
-167.973 48.7935 762.402
-166.844 2.47814 755.193
-166.828 2.47676 755.204
-162.317 -42.6546 743.323
-162.301 -42.656 743.334
-154.48 -85.8917 726.967
-154.463 -85.893 726.979
-143.456 -126.551 706.384
-143.439 -126.552 706.396
-129.419 -163.992 681.899
-129.403 -163.993 681.91
-112.59 -197.623 653.897
-112.574 -197.624 653.909
-93.2358 -226.914 622.82
-93.2195 -226.916 622.832
-71.6602 -251.404 589.159
-71.6439 -251.406 589.17
-48.204 -270.706 553.443
-48.1877 -270.708 553.455
-23.237 -284.516 516.237
-23.2207 -284.517 516.248
2.84693 -292.616 478.127
2.86325 -292.617 478.138
29.6365 -294.877 439.714
29.6529 -294.879 439.725
56.7093 -291.266 401.603
56.7256 -291.267 401.615
83.6383 -281.838 364.397
83.6546 -281.839 364.409
109.999 -266.742 328.681
110.015 -266.743 328.693
135.375 -246.216 295.02
135.391 -246.218 295.031
159.367 -220.585 263.943
159.383 -220.586 263.954
181.596 -190.251 235.941
181.612 -190.252 235.953
201.712 -155.694 211.456
201.728 -155.695 211.467
219.397 -117.459 190.873
219.413 -117.46 190.884
234.373 -76.1477 174.517
234.389 -76.1491 174.529
246.403 -32.4128 162.647
246.419 -32.4142 162.659
255.297 13.0563 155.449
255.314 13.0549 155.461
-422.565 830.027 -565.808
-422.551 830.025 -565.793
-422.531 830.643 -565.782
-422.517 830.641 -565.767
-422.553 831.255 -565.703
-422.54 831.254 -565.688
-422.632 831.853 -565.573
-422.619 831.852 -565.558
-422.767 832.429 -565.393
-422.754 832.427 -565.379
-422.955 832.972 -565.168
-422.941 832.971 -565.153
-423.193 833.475 -564.9
-423.18 833.473 -564.885
-423.478 833.929 -564.593
-423.464 833.927 -564.578
-423.805 834.327 -564.253
-423.791 834.326 -564.238
-424.169 834.663 -563.884
-424.155 834.662 -563.869
-424.564 834.932 -563.492
-424.55 834.931 -563.478
-424.983 835.129 -563.085
-424.97 835.128 -563.07
-425.422 835.252 -562.667
-425.408 835.251 -562.653
-425.871 835.298 -562.247
-425.858 835.296 -562.232
-426.325 835.266 -561.829
-426.312 835.265 -561.814
-426.776 835.158 -561.421
-426.763 835.157 -561.407
-427.217 834.975 -561.03
-427.204 834.973 -561.016
-427.642 834.719 -560.661
-427.628 834.718 -560.647
-428.042 834.395 -560.321
-428.029 834.394 -560.306
-428.413 834.008 -560.014
-428.399 834.007 -560
-428.748 833.564 -559.746
-428.734 833.563 -559.731
-429.042 833.07 -559.52
-429.028 833.068 -559.506
-429.29 832.533 -559.341
-429.277 832.532 -559.327
-429.489 831.963 -559.211
-429.475 831.962 -559.197
-429.635 831.369 -559.132
-429.621 831.367 -559.118
-429.726 830.758 -559.106
-429.712 830.757 -559.091
-429.76 830.142 -559.132
-429.746 830.141 -559.118
-429.737 829.53 -559.211
-429.724 829.529 -559.197
-429.658 828.932 -559.341
-429.645 828.93 -559.327
-429.523 828.356 -559.52
-429.51 828.355 -559.506
-429.335 827.813 -559.746
-429.322 827.812 -559.731
-429.097 827.31 -560.014
-429.084 827.309 -560
-428.812 826.856 -560.321
-428.799 826.855 -560.306
-428.486 826.458 -560.661
-428.472 826.457 -560.647
-428.122 826.122 -561.03
-428.108 826.121 -561.016
-427.727 825.853 -561.421
-427.713 825.852 -561.407
-427.307 825.656 -561.829
-427.293 825.654 -561.814
-426.869 825.533 -562.247
-426.855 825.532 -562.232
-426.419 825.487 -562.667
-426.406 825.486 -562.653
-425.965 825.519 -563.085
-425.952 825.517 -563.07
-425.514 825.627 -563.492
-425.501 825.626 -563.478
-425.073 825.81 -563.884
-425.059 825.809 -563.869
-424.649 826.066 -564.253
-424.635 826.065 -564.238
-424.248 826.39 -564.593
-424.235 826.389 -564.578
-423.877 826.777 -564.9
-423.864 826.776 -564.885
-423.542 827.221 -565.168
-423.529 827.22 -565.153
-423.249 827.715 -565.393
-423.235 827.714 -565.379
-423 828.252 -565.573
-422.987 828.25 -565.558
-422.802 828.822 -565.703
-422.788 828.82 -565.688
-422.656 829.417 -565.782
-422.642 829.415 -565.767
-559.601 335.312 176.945
-559.597 335.312 176.965
-558.881 348.426 177.108
-558.877 348.426 177.128
-559.779 361.521 177.596
-559.775 361.52 177.616
-562.28 374.39 178.4
-562.276 374.39 178.42
-566.344 386.831 179.508
-566.34 386.83 179.528
-571.908 398.647 180.903
-571.904 398.646 180.922
-578.883 409.652 182.561
-578.879 409.651 182.581
-587.161 419.672 184.458
-587.157 419.671 184.478
-596.609 428.549 186.564
-596.605 428.549 186.583
-607.08 436.144 188.844
-607.076 436.144 188.864
-618.407 442.337 191.264
-618.403 442.336 191.283
-630.413 447.029 193.784
-630.409 447.029 193.804
-642.908 450.148 196.366
-642.905 450.147 196.386
-655.696 451.643 198.968
-655.692 451.642 198.988
-668.573 451.491 201.55
-668.569 451.491 201.57
-681.338 449.695 204.071
-681.334 449.694 204.09
-693.788 446.282 206.49
-693.784 446.282 206.51
-705.729 441.308 208.771
-705.725 441.307 208.79
-716.97 434.849 210.876
-716.966 434.849 210.896
-727.336 427.009 212.773
-727.332 427.008 212.793
-736.662 417.91 214.432
-736.658 417.909 214.452
-744.801 407.696 215.826
-744.797 407.696 215.846
-751.626 396.528 216.934
-751.622 396.528 216.954
-757.028 384.583 217.739
-757.024 384.583 217.758
-760.922 372.049 218.226
-760.918 372.048 218.246
-763.248 359.123 218.39
-763.244 359.122 218.409
-763.967 346.009 218.226
-763.963 346.008 218.246
-763.069 332.914 217.739
-763.065 332.914 217.758
-760.568 320.045 216.934
-760.564 320.044 216.954
-756.504 307.604 215.826
-756.5 307.604 215.846
-750.94 295.788 214.432
-750.936 295.788 214.452
-743.965 284.783 212.773
-743.961 284.783 212.793
-735.687 274.763 210.876
-735.683 274.763 210.896
-726.239 265.885 208.771
-726.235 265.885 208.79
-715.768 258.29 206.49
-715.764 258.29 206.51
-704.441 252.098 204.071
-704.437 252.097 204.09
-692.435 247.405 201.55
-692.431 247.405 201.57
-679.94 244.287 198.968
-679.936 244.287 198.988
-667.153 242.792 196.366
-667.149 242.792 196.386
-654.275 242.944 193.784
-654.271 242.943 193.804
-641.51 244.74 191.264
-641.506 244.74 191.283
-629.06 248.152 188.844
-629.056 248.152 188.864
-617.12 253.127 186.564
-617.116 253.127 186.583
-605.878 259.586 184.458
-605.874 259.585 184.478
-595.512 267.426 182.561
-595.509 267.426 182.581
-586.186 276.525 180.903
-586.182 276.525 180.922
-578.047 286.739 179.508
-578.043 286.738 179.528
-571.222 297.906 178.4
-571.218 297.906 178.42
-565.82 309.852 177.596
-565.816 309.851 177.616
-561.926 322.386 177.108
-561.922 322.386 177.128
-805.778 238.846 733.406
-805.765 238.845 733.421
-805.492 250.394 733.874
-805.479 250.393 733.89
-806.316 261.841 735.273
-806.303 261.84 735.289
-808.237 273.005 737.58
-808.224 273.004 737.596
-811.225 283.712 740.759
-811.213 283.711 740.774
-815.233 293.792 744.759
-815.22 293.791 744.774
-820.198 303.085 749.518
-820.185 303.084 749.533
-826.041 311.447 754.96
-826.028 311.446 754.975
-832.669 318.743 761
-832.657 318.742 761.015
-839.98 324.861 767.542
-839.967 324.86 767.557
-847.857 329.702 774.483
-847.844 329.701 774.499
-856.175 333.192 781.714
-856.162 333.191 781.73
-864.805 335.274 789.121
-864.792 335.273 789.136
-873.609 335.915 796.587
-873.597 335.914 796.602
-882.45 335.107 803.993
-882.437 335.106 804.008
-891.187 332.861 811.224
-891.174 332.86 811.24
-899.682 329.213 818.166
-899.669 329.212 818.181
-907.803 324.221 824.708
-907.79 324.22 824.723
-915.42 317.962 830.747
-915.407 317.961 830.763
-922.413 310.537 836.19
-922.4 310.536 836.205
-928.673 302.061 840.948
-928.66 302.06 840.964
-934.1 292.669 844.949
-934.088 292.669 844.964
-938.61 282.509 848.127
-938.597 282.508 848.142
-942.13 271.741 850.434
-942.117 271.74 850.449
-944.605 260.535 851.833
-944.593 260.534 851.848
-945.997 249.067 852.302
-945.984 249.066 852.317
-946.283 237.519 851.833
-946.27 237.518 851.848
-945.459 226.072 850.434
-945.446 226.071 850.449
-943.538 214.908 848.127
-943.525 214.907 848.142
-940.55 204.201 844.949
-940.537 204.2 844.964
-936.542 194.121 840.948
-936.529 194.12 840.964
-931.577 184.828 836.19
-931.564 184.827 836.205
-925.735 176.466 830.747
-925.722 176.466 830.763
-919.106 169.17 824.708
-919.093 169.169 824.723
-911.795 163.052 818.166
-911.782 163.051 818.181
-903.919 158.211 811.224
-903.906 158.21 811.24
-895.6 154.721 803.993
-895.587 154.72 804.008
-886.97 152.639 796.587
-886.957 152.639 796.602
-878.166 151.998 789.121
-878.153 151.997 789.136
-869.325 152.806 781.714
-869.312 152.805 781.73
-860.588 155.052 774.483
-860.576 155.051 774.499
-852.093 158.7 767.542
-852.08 158.699 767.557
-843.972 163.692 761
-843.96 163.692 761.015
-836.355 169.951 754.96
-836.343 169.95 754.975
-829.362 177.376 749.518
-829.349 177.375 749.533
-823.102 185.852 744.759
-823.089 185.851 744.774
-817.675 195.244 740.759
-817.662 195.243 740.774
-813.165 205.404 737.58
-813.152 205.403 737.596
-809.645 216.172 735.273
-809.632 216.171 735.289
-807.17 227.378 733.874
-807.157 227.377 733.89
-472.213 -317.05 902.926
-472.203 -317.051 902.942
-472.106 -315.285 902.986
-472.095 -315.287 903.003
-472.184 -313.528 903.167
-472.174 -313.529 903.184
-472.449 -311.805 903.465
-472.438 -311.806 903.482
-472.894 -310.143 903.876
-472.883 -310.144 903.893
-473.514 -308.569 904.393
-473.503 -308.57 904.41
-474.298 -307.108 905.008
-474.287 -307.109 905.025
-475.234 -305.783 905.711
-475.223 -305.784 905.728
-476.308 -304.614 906.492
-476.297 -304.615 906.509
-477.502 -303.62 907.338
-477.491 -303.621 907.354
-478.797 -302.816 908.235
-478.786 -302.818 908.251
-480.174 -302.217 909.169
-480.163 -302.218 909.186
-481.61 -301.829 910.127
-481.599 -301.831 910.143
-483.082 -301.661 911.091
-483.071 -301.663 911.108
-484.568 -301.715 912.049
-484.558 -301.716 912.065
-486.045 -301.989 912.983
-486.034 -301.99 913
-487.488 -302.479 913.88
-487.477 -302.481 913.897
-488.875 -303.178 914.726
-488.864 -303.18 914.743
-490.185 -304.075 915.506
-490.174 -304.077 915.523
-491.396 -305.156 916.21
-491.385 -305.157 916.227
-492.489 -306.402 916.825
-492.478 -306.404 916.842
-493.447 -307.796 917.342
-493.437 -307.797 917.359
-494.256 -309.314 917.753
-494.245 -309.316 917.769
-494.902 -310.934 918.051
-494.891 -310.935 918.068
-495.375 -312.628 918.232
-495.364 -312.629 918.248
-495.668 -314.371 918.292
-495.657 -314.373 918.309
-495.776 -316.136 918.232
-495.765 -316.137 918.248
-495.697 -317.893 918.051
-495.686 -317.895 918.068
-495.432 -319.617 917.753
-495.422 -319.618 917.769
-494.987 -321.278 917.342
-494.976 -321.279 917.359
-494.367 -322.852 916.825
-494.356 -322.853 916.842
-493.583 -324.313 916.21
-493.572 -324.314 916.227
-492.647 -325.639 915.506
-492.636 -325.64 915.523
-491.573 -326.808 914.726
-491.563 -326.809 914.743
-490.38 -327.802 913.88
-490.369 -327.803 913.897
-489.084 -328.605 912.983
-489.073 -328.606 913
-487.708 -329.205 912.049
-487.697 -329.206 912.065
-486.272 -329.592 911.091
-486.261 -329.593 911.108
-484.799 -329.76 910.127
-484.788 -329.761 910.143
-483.313 -329.707 909.169
-483.302 -329.708 909.186
-481.836 -329.432 908.235
-481.825 -329.434 908.251
-480.393 -328.942 907.338
-480.382 -328.943 907.354
-479.006 -328.243 906.492
-478.995 -328.244 906.509
-477.697 -327.346 905.711
-477.686 -327.347 905.728
-476.486 -326.266 905.008
-476.475 -326.267 905.025
-475.392 -325.019 904.393
-475.381 -325.02 904.41
-474.434 -323.625 903.876
-474.423 -323.626 903.893
-473.625 -322.107 903.465
-473.614 -322.108 903.482
-472.979 -320.488 903.167
-472.968 -320.489 903.184
-472.506 -318.793 902.986
-472.495 -318.794 903.003
1137.11 -490.495 430.85
1137.11 -490.496 430.869
1136.66 -462.9 431.519
1136.67 -462.9 431.538
1133.02 -435.606 433.516
1133.03 -435.606 433.534
1126.25 -409.044 436.808
1126.26 -409.044 436.826
1116.46 -383.633 441.344
1116.47 -383.633 441.362
1103.8 -359.774 447.052
1103.81 -359.775 447.071
1088.47 -337.843 453.843
1088.47 -337.844 453.861
1070.71 -318.186 461.609
1070.71 -318.187 461.628
1050.8 -301.113 470.228
1050.8 -301.114 470.246
1029.05 -286.894 479.564
1029.06 -286.894 479.582
1005.82 -275.751 489.469
1005.82 -275.752 489.487
981.455 -267.862 499.788
981.463 -267.862 499.806
956.353 -263.351 510.357
956.361 -263.351 510.376
930.906 -262.288 521.011
930.914 -262.288 521.029
905.515 -264.69 531.58
905.523 -264.691 531.599
880.581 -270.521 541.899
880.589 -270.521 541.917
856.497 -279.686 551.804
856.505 -279.687 551.823
833.643 -292.043 561.14
833.651 -292.044 561.159
812.379 -307.397 569.759
812.387 -307.397 569.777
793.04 -325.504 577.525
793.048 -325.504 577.543
775.932 -346.08 584.316
775.94 -346.08 584.334
761.324 -368.8 590.024
761.332 -368.8 590.043
749.447 -393.306 594.56
749.455 -393.306 594.579
740.488 -419.21 597.852
740.495 -419.211 597.871
734.588 -446.106 599.849
734.595 -446.106 599.867
731.84 -473.568 600.518
731.848 -473.569 600.536
732.288 -501.164 599.849
732.296 -501.164 599.867
735.925 -528.458 597.852
735.932 -528.458 597.871
742.693 -555.02 594.56
742.7 -555.02 594.579
752.485 -580.431 590.024
752.493 -580.431 590.043
765.147 -604.29 584.316
765.155 -604.29 584.334
780.48 -626.22 577.525
780.488 -626.221 577.543
798.241 -645.877 569.759
798.249 -645.878 569.777
818.151 -662.95 561.14
818.159 -662.951 561.159
839.895 -677.17 551.804
839.903 -677.171 551.823
863.131 -688.313 541.899
863.139 -688.313 541.917
887.492 -696.202 531.58
887.5 -696.202 531.599
912.594 -700.713 521.011
912.602 -700.714 521.029
938.041 -701.776 510.357
938.049 -701.776 510.376
963.432 -699.374 499.788
963.439 -699.374 499.806
988.366 -693.543 489.469
988.373 -693.544 489.487
1012.45 -684.377 479.564
1012.46 -684.378 479.582
1035.3 -672.02 470.228
1035.31 -672.021 470.246
1056.57 -656.667 461.609
1056.58 -656.667 461.628
1075.91 -638.56 453.843
1075.91 -638.56 453.861
1093.01 -617.984 447.052
1093.02 -617.984 447.071
1107.62 -595.264 441.344
1107.63 -595.264 441.362
1119.5 -570.758 436.808
1119.51 -570.759 436.826
1128.46 -544.853 433.516
1128.47 -544.854 433.534
1134.36 -517.958 431.519
1134.37 -517.958 431.538
410.554 -517.116 -946.672
410.573 -517.117 -946.668
410.596 -516.031 -946.606
410.615 -516.032 -946.601
410.605 -514.962 -946.408
410.624 -514.963 -946.403
410.581 -513.924 -946.081
410.6 -513.925 -946.077
410.524 -512.936 -945.632
410.543 -512.937 -945.627
410.435 -512.011 -945.065
410.455 -512.012 -945.061
410.316 -511.165 -944.392
410.335 -511.166 -944.387
410.168 -510.412 -943.622
410.187 -510.413 -943.617
409.993 -509.762 -942.767
410.013 -509.763 -942.762
409.795 -509.226 -941.841
409.815 -509.227 -941.836
409.577 -508.814 -940.859
409.596 -508.815 -940.854
409.341 -508.53 -939.835
409.361 -508.531 -939.83
409.092 -508.38 -938.787
409.112 -508.381 -938.782
408.834 -508.366 -937.73
408.854 -508.367 -937.725
408.571 -508.488 -936.682
408.59 -508.489 -936.677
408.306 -508.745 -935.659
408.326 -508.746 -935.654
408.044 -509.132 -934.676
408.064 -509.133 -934.671
407.79 -509.643 -933.75
407.809 -509.644 -933.746
407.547 -510.27 -932.895
407.566 -510.271 -932.891
407.318 -511.004 -932.125
407.338 -511.005 -932.12
407.109 -511.832 -931.452
407.128 -511.833 -931.447
406.921 -512.741 -930.886
406.94 -512.742 -930.881
406.758 -513.718 -930.436
406.777 -513.719 -930.431
406.622 -514.747 -930.109
406.642 -514.748 -930.104
406.517 -515.811 -929.911
406.536 -515.812 -929.906
406.442 -516.894 -929.845
406.461 -516.896 -929.84
406.4 -517.979 -929.911
406.419 -517.98 -929.906
406.39 -519.049 -930.109
406.41 -519.05 -930.104
406.414 -520.086 -930.436
406.434 -520.087 -930.431
406.471 -521.075 -930.886
406.491 -521.076 -930.881
406.56 -522 -931.452
406.58 -522.001 -931.447
406.68 -522.845 -932.125
406.699 -522.846 -932.12
406.828 -523.599 -932.895
406.847 -523.6 -932.891
407.002 -524.249 -933.75
407.022 -524.25 -933.746
407.2 -524.784 -934.676
407.22 -524.785 -934.671
407.419 -525.197 -935.659
407.438 -525.198 -935.654
407.654 -525.481 -936.682
407.674 -525.482 -936.677
407.903 -525.631 -937.73
407.922 -525.632 -937.725
408.161 -525.645 -938.787
408.181 -525.646 -938.782
408.425 -525.522 -939.835
408.444 -525.523 -939.83
408.689 -525.266 -940.859
408.709 -525.267 -940.854
408.951 -524.879 -941.841
408.97 -524.88 -941.836
409.205 -524.368 -942.767
409.225 -524.369 -942.762
409.449 -523.74 -943.622
409.468 -523.742 -943.617
409.677 -523.007 -944.392
409.697 -523.008 -944.387
409.887 -522.179 -945.065
409.906 -522.18 -945.061
410.075 -521.269 -945.632
410.094 -521.27 -945.627
410.238 -520.292 -946.081
410.257 -520.294 -946.077
410.373 -519.264 -946.408
410.392 -519.265 -946.403
410.479 -518.199 -946.606
410.498 -518.2 -946.601
298.677 400.904 -56.7042
298.694 400.903 -56.6937
298.985 475.985 -52.6859
299.002 475.985 -52.6754
294.335 550.066 -40.6943
294.352 550.066 -40.6838
284.799 621.979 -20.9186
284.816 621.978 -20.9081
270.53 690.589 6.3293
270.547 690.588 6.3398
251.75 754.814 40.6198
251.767 754.814 40.6303
228.758 813.642 81.412
228.775 813.642 81.4225
201.914 866.145 128.063
201.931 866.144 128.073
171.643 911.495 179.836
171.66 911.494 179.847
138.422 948.976 235.916
138.439 948.975 235.926
102.775 977.998 295.417
102.792 977.997 295.428
65.2638 998.103 357.402
65.2808 998.102 357.413
26.4803 1008.97 420.893
26.4973 1008.97 420.904
-12.9639 1010.44 484.888
-12.9469 1010.44 484.899
-52.4468 1002.47 548.379
-52.4298 1002.47 548.39
-91.3457 985.207 610.364
-91.3287 985.206 610.375
-129.047 958.909 669.866
-129.03 958.908 669.876
-164.957 923.995 725.945
-164.94 923.994 725.956
-198.508 881.015 777.719
-198.491 881.014 777.729
-229.171 830.648 824.369
-229.154 830.647 824.38
-256.464 773.687 865.162
-256.447 773.686 865.172
-279.955 711.031 899.452
-279.938 711.031 899.463
-299.275 643.669 926.7
-299.258 643.668 926.711
-314.117 572.661 946.476
-314.1 572.661 946.486
-324.249 499.129 958.467
-324.232 499.129 958.478
-329.511 424.232 962.486
-329.494 424.232 962.496
-329.819 349.151 958.467
-329.802 349.15 958.478
-325.168 275.07 946.476
-325.151 275.07 946.486
-315.633 203.158 926.7
-315.616 203.157 926.711
-301.363 134.548 899.452
-301.346 134.547 899.463
-282.584 70.3221 865.162
-282.567 70.3215 865.172
-259.591 11.4941 824.369
-259.574 11.4935 824.38
-232.748 -41.0087 777.719
-232.731 -41.0094 777.729
-202.477 -86.3584 725.945
-202.46 -86.3591 725.956
-169.256 -123.84 669.866
-169.239 -123.84 669.876
-133.609 -152.862 610.364
-133.592 -152.862 610.375
-96.0974 -172.966 548.379
-96.0804 -172.967 548.39
-57.314 -183.837 484.888
-57.297 -183.837 484.899
-17.8697 -185.301 420.893
-17.8527 -185.302 420.904
21.6132 -177.337 357.402
21.6302 -177.338 357.413
60.5121 -160.07 295.417
60.5291 -160.071 295.428
98.2136 -133.772 235.916
98.2306 -133.773 235.926
134.123 -98.8582 179.836
134.14 -98.8589 179.847
167.674 -55.8786 128.063
167.691 -55.8793 128.073
198.338 -5.51133 81.412
198.355 -5.51197 81.4225
225.63 51.4493 40.6198
225.647 51.4487 40.6303
249.122 114.105 6.3293
249.139 114.104 6.3398
268.441 181.468 -20.9186
268.458 181.467 -20.9081
283.284 252.475 -40.6943
283.301 252.474 -40.6838
293.415 326.007 -52.6859
293.432 326.006 -52.6754
-180.887 512.949 843.962
-180.882 512.949 843.982
-180.906 514.168 843.983
-180.901 514.168 844.002
-181.073 515.375 844.043
-181.068 515.374 844.062
-181.385 516.549 844.143
-181.379 516.549 844.162
-181.836 517.674 844.28
-181.831 517.674 844.299
-182.419 518.731 844.453
-182.414 518.73 844.472
-183.127 519.703 844.658
-183.121 519.702 844.677
-183.946 520.575 844.893
-183.941 520.574 844.912
-184.864 521.333 845.154
-184.859 521.333 845.173
-185.868 521.966 845.436
-185.863 521.966 845.456
-186.94 522.463 845.736
-186.935 522.463 845.755
-188.065 522.817 846.048
-188.059 522.817 846.067
-189.224 523.021 846.368
-189.218 523.021 846.387
-190.398 523.074 846.69
-190.393 523.074 846.71
-191.571 522.973 847.01
-191.566 522.973 847.029
-192.722 522.721 847.322
-192.717 522.721 847.342
-193.835 522.321 847.622
-193.83 522.321 847.641
-194.891 521.78 847.904
-194.885 521.78 847.924
-195.873 521.106 848.165
-195.868 521.106 848.184
-196.767 520.311 848.4
-196.761 520.31 848.419
-197.557 519.405 848.606
-197.552 519.405 848.625
-198.233 518.405 848.778
-198.227 518.405 848.798
-198.782 517.325 848.916
-198.777 517.325 848.935
-199.197 516.182 849.015
-199.192 516.182 849.034
-199.47 514.996 849.076
-199.465 514.995 849.095
-199.598 513.783 849.096
-199.593 513.783 849.115
-199.579 512.564 849.076
-199.573 512.564 849.095
-199.412 511.357 849.015
-199.407 511.357 849.034
-199.101 510.183 848.916
-199.095 510.182 848.935
-198.649 509.058 848.778
-198.644 509.058 848.798
-198.066 508.001 848.606
-198.06 508.001 848.625
-197.359 507.029 848.4
-197.353 507.029 848.419
-196.539 506.157 848.165
-196.534 506.157 848.184
-195.621 505.399 847.904
-195.615 505.399 847.924
-194.617 504.766 847.622
-194.612 504.766 847.641
-193.545 504.269 847.322
-193.54 504.269 847.342
-192.42 503.915 847.01
-192.415 503.915 847.029
-191.262 503.711 846.69
-191.256 503.71 846.71
-190.087 503.658 846.368
-190.081 503.658 846.387
-188.914 503.759 846.048
-188.909 503.759 846.067
-187.763 504.011 845.736
-187.757 504.011 845.755
-186.65 504.411 845.436
-186.645 504.411 845.456
-185.595 504.952 845.154
-185.589 504.952 845.173
-184.612 505.626 844.893
-184.607 505.625 844.912
-183.719 506.421 844.658
-183.713 506.421 844.677
-182.928 507.327 844.453
-182.923 507.326 844.472
-182.252 508.327 844.28
-182.247 508.327 844.299
-181.703 509.407 844.143
-181.698 509.407 844.162
-181.288 510.55 844.043
-181.283 510.549 844.062
-181.015 511.736 843.983
-181.01 511.736 844.002
-123.801 3.81007 -803.786
-123.821 3.81016 -803.784
-123.814 -100.766 -797.223
-123.834 -100.766 -797.221
-122.906 -203.697 -777.637
-122.926 -203.697 -777.635
-121.09 -303.36 -745.337
-121.11 -303.36 -745.335
-118.396 -398.182 -700.832
-118.416 -398.182 -700.831
-114.866 -486.669 -644.825
-114.886 -486.669 -644.824
-110.555 -567.425 -578.199
-110.575 -567.425 -578.197
-105.532 -639.177 -502.004
-105.552 -639.177 -502.002
-99.8754 -700.793 -417.442
-99.8953 -700.792 -417.44
-93.6747 -751.3 -325.846
-93.6946 -751.3 -325.845
-87.0277 -789.903 -228.661
-87.0477 -789.903 -228.66
-80.0393 -815.994 -127.421
-80.0592 -815.994 -127.419
-72.8196 -829.159 -23.7203
-72.8395 -829.159 -23.7189
-65.4825 -829.192 80.8043
-65.5024 -829.192 80.8057
-58.1437 -816.093 184.505
-58.1636 -816.093 184.506
-50.9189 -790.067 285.745
-50.9389 -790.067 285.747
-43.9222 -751.526 382.93
-43.9421 -751.526 382.931
-37.2637 -701.076 474.526
-37.2837 -701.076 474.527
-31.0486 -639.515 559.088
-31.0686 -639.515 559.089
-25.3749 -567.812 635.283
-25.3948 -567.812 635.284
-20.332 -487.098 701.909
-20.3519 -487.098 701.911
-15.9994 -398.647 757.916
-16.0194 -398.646 757.918
-12.4456 -303.852 802.421
-12.4655 -303.852 802.422
-9.72645 -204.21 834.721
-9.7464 -204.21 834.722
-7.88494 -101.292 854.307
-7.90489 -101.292 854.308
-6.95008 3.28026 860.87
-6.97003 3.28035 860.871
-6.93663 107.856 854.307
-6.95658 107.856 854.308
-7.84479 210.787 834.721
-7.86474 210.787 834.722
-9.66024 310.45 802.421
-9.68019 310.45 802.422
-12.3544 405.273 757.916
-12.3743 405.273 757.918
-15.8846 493.76 701.909
-15.9046 493.76 701.911
-20.1954 574.516 635.283
-20.2154 574.516 635.284
-25.2187 646.267 559.088
-25.2387 646.267 559.089
-30.8753 707.883 474.526
-30.8953 707.883 474.527
-37.076 758.391 382.93
-37.0959 758.391 382.931
-43.723 796.994 285.745
-43.7429 796.994 285.747
-50.7114 823.084 184.505
-50.7314 823.084 184.506
-57.9311 836.249 80.8043
-57.9511 836.25 80.8057
-65.2682 836.283 -23.7203
-65.2882 836.283 -23.7189
-72.607 823.183 -127.421
-72.627 823.183 -127.419
-79.8318 797.158 -228.661
-79.8517 797.158 -228.66
-86.8285 758.616 -325.846
-86.8485 758.616 -325.845
-93.4869 708.167 -417.442
-93.5069 708.167 -417.44
-99.702 646.605 -502.004
-99.722 646.605 -502.002
-105.376 574.902 -578.199
-105.396 574.902 -578.197
-110.419 494.188 -644.825
-110.439 494.188 -644.824
-114.751 405.737 -700.832
-114.771 405.737 -700.831
-118.305 310.943 -745.337
-118.325 310.943 -745.335
-121.024 211.3 -777.637
-121.044 211.301 -777.635
-122.866 108.382 -797.223
-122.886 108.382 -797.221
11.1971 -2.85288 -861.157
11.1772 -2.85262 -861.156
10.2885 -107.425 -854.591
10.2685 -107.425 -854.59
10.2489 -210.359 -834.999
10.229 -210.358 -834.997
11.0791 -310.031 -802.688
11.0591 -310.03 -802.687
12.7658 -404.869 -758.168
12.7459 -404.869 -758.167
15.2825 -493.379 -702.142
15.2626 -493.379 -702.141
18.5896 -574.164 -635.492
18.5696 -574.163 -635.491
22.6348 -645.949 -559.271
22.6148 -645.949 -559.27
27.3543 -707.604 -474.68
27.3344 -707.603 -474.679
32.6738 -758.155 -383.053
32.6539 -758.155 -383.052
38.5093 -796.805 -285.835
38.4894 -796.805 -285.834
44.7689 -822.946 -184.56
44.7489 -822.945 -184.558
51.3537 -836.163 -80.8236
51.3337 -836.163 -80.8223
58.1599 -836.25 23.7369
58.14 -836.25 23.7382
65.0803 -823.205 127.473
65.0604 -823.205 127.474
72.0056 -797.233 228.748
71.9857 -797.233 228.75
78.8267 -758.744 325.966
78.8068 -758.744 325.968
85.436 -708.346 417.593
85.416 -708.346 417.595
91.7292 -646.832 502.184
91.7093 -646.832 502.186
97.6071 -575.173 578.406
97.5872 -575.173 578.407
102.977 -494.499 645.055
102.957 -494.499 645.056
107.754 -406.083 701.081
107.734 -406.083 701.083
111.863 -311.318 745.601
111.843 -311.318 745.602
115.24 -211.7 777.912
115.22 -211.7 777.913
117.83 -108.799 797.505
117.81 -108.799 797.506
119.593 -4.2378 804.07
119.574 -4.23754 804.071
120.502 100.334 797.505
120.482 100.334 797.506
120.542 203.268 777.912
120.522 203.268 777.913
119.712 302.94 745.601
119.692 302.94 745.602
118.025 397.779 701.081
118.005 397.779 701.083
115.508 486.288 645.055
115.488 486.289 645.056
112.201 567.073 578.406
112.181 567.073 578.407
108.156 638.859 502.184
108.136 638.859 502.186
103.436 700.513 417.593
103.416 700.513 417.595
98.1168 751.064 325.966
98.0968 751.064 325.968
92.2813 789.715 228.748
92.2613 789.715 228.75
86.0217 815.855 127.473
86.0018 815.855 127.474
79.4369 829.073 23.7369
79.4169 829.073 23.7382
72.6306 829.16 -80.8236
72.6107 829.16 -80.8223
65.7103 816.114 -184.56
65.6903 816.115 -184.558
58.7849 790.143 -285.835
58.765 790.143 -285.834
51.9639 751.654 -383.053
51.9439 751.654 -383.052
45.3546 701.255 -474.68
45.3346 701.255 -474.679
39.0614 639.741 -559.271
39.0414 639.742 -559.27
33.1835 568.082 -635.492
33.1635 568.083 -635.491
27.8136 487.409 -702.142
27.7936 487.409 -702.141
23.0363 398.992 -758.168
23.0164 398.993 -758.167
18.9271 304.228 -802.688
18.9072 304.228 -802.687
15.5508 204.609 -834.999
15.5308 204.61 -834.997
12.9605 101.708 -854.591
12.9405 101.708 -854.59
CELLS 6076 24304
3 3 2 0
3 3 1 0
3 3 4 2
3 3 4 5
3 7 8 6
3 7 8 9
3 7 4 6
3 7 4 5
3 41 42 40
3 41 42 43
3 47 46 48
3 47 48 49
3 97 94 96
3 97 94 95
3 15 14 12
3 15 13 12
3 25 26 24
3 25 26 27
3 25 22 24
3 25 22 23
3 21 20 18
3 21 18 19
3 21 22 20
3 21 22 23
3 35 36 34
3 35 36 37
3 35 32 34
3 35 33 32
3 29 28 26
3 29 26 27
3 39 36 38
3 39 36 37
3 39 40 38
3 39 41 40
3 57 58 56
3 57 59 58
3 61 60 62
3 61 62 63
3 61 60 58
3 61 59 58
3 54 57 55
3 54 57 56
3 53 54 55
3 53 54 52
3 70 64 62
3 70 40 38
3 70 36 38
3 70 2 0
3 70 48 50
3 70 14 12
3 70 10 12
3 70 84 86
3 70 94 92
3 70 32 30
3 70 60 62
3 70 16 18
3 70 46 44
3 70 90 92
3 70 98 0
3 70 28 30
3 70 26 24
3 70 42 44
3 70 52 50
3 70 76 74
3 70 88 86
3 70 20 18
3 70 8 6
3 70 98 96
3 70 32 34
3 70 36 34
3 70 4 6
3 70 58 56
3 70 66 68
3 70 46 48
3 70 72 74
3 70 78 80
3 70 82 80
3 70 16 14
3 70 4 2
3 70 28 26
3 70 42 40
3 70 60 58
3 70 22 24
3 70 64 66
3 70 54 56
3 70 78 76
3 70 82 84
3 70 90 88
3 70 94 96
3 70 10 8
3 70 22 20
3 70 54 52
3 69 70 68
3 69 70 71
3 69 66 68
3 69 67 66
3 65 64 62
3 65 62 63
3 65 64 66
3 65 67 66
3 45 42 43
3 45 42 44
3 45 46 44
3 45 47 46
3 73 70 72
3 73 70 71
3 73 72 74
3 73 75 74
3 79 78 80
3 79 80 81
3 83 82 80
3 83 80 81
3 83 82 84
3 83 85 84
3 87 88 86
3 87 88 89
3 87 84 86
3 87 85 84
3 93 94 95
3 93 94 92
3 99 98 0
3 99 1 0
3 99 98 96
3 99 97 96
3 11 8 9
3 11 10 8
3 11 10 12
3 11 13 12
3 17 16 18
3 17 18 19
3 17 16 14
3 17 15 14
3 31 32 30
3 31 33 32
3 31 28 30
3 31 29 28
3 51 48 50
3 51 48 49
3 51 52 50
3 51 53 52
3 77 76 74
3 77 75 74
3 77 78 76
3 77 79 78
3 91 7 9
3 91 25 27
3 91 57 55
3 91 21 19
3 91 29 27
3 91 79 81
3 91 77 75
3 91 73 71
3 91 3 1
3 91 69 71
3 91 61 63
3 91 47 49
3 91 87 89
3 91 99 1
3 91 11 9
3 91 3 5
3 91 7 5
3 91 35 37
3 91 41 43
3 91 39 37
3 91 31 33
3 91 65 63
3 91 45 43
3 91 83 81
3 91 97 95
3 91 15 13
3 91 25 23
3 91 21 23
3 91 35 33
3 91 17 19
3 91 39 41
3 91 57 59
3 91 61 59
3 91 53 55
3 91 69 67
3 91 65 67
3 91 45 47
3 91 73 75
3 91 51 49
3 91 83 85
3 91 87 85
3 91 93 95
3 91 99 97
3 91 11 13
3 91 17 15
3 91 31 29
3 91 51 53
3 91 77 79
3 91 90 88
3 91 88 89
3 91 90 92
3 91 93 92
3 103 104 102
3 103 104 105
3 103 102 100
3 103 101 100
3 128 131 129
3 128 131 130
3 107 104 106
3 107 104 105
3 107 108 106
3 107 108 109
3 114 115 113
3 114 113 112
3 198 199 101
3 198 101 100
3 198 199 197
3 198 196 197
3 187 188 186
3 187 188 189
3 184 187 186
3 184 187 185
3 133 132 130
3 133 131 130
3 119 120 118
3 119 120 121
3 116 119 117
3 116 119 118
3 116 114 115
3 116 117 115
3 153 154 152
3 153 154 155
3 153 152 150
3 153 151 150
3 157 154 156
3 157 154 155
3 157 158 156
3 157 158 159
3 190 191 193
3 190 193 192
3 190 191 189
3 190 188 189
3 194 195 193
3 194 193 192
3 194 196 197
3 194 195 197
3 182 181 183
3 182 181 180
3 182 185 183
3 182 184 185
3 139 138 136
3 139 136 137
3 139 140 138
3 139 141 140
3 143 140 142
3 143 141 140
3 149 148 146
3 149 146 147
3 149 148 150
3 149 151 150
3 135 134 136
3 135 136 137
3 135 134 132
3 135 133 132
3 123 122 120
3 123 120 121
3 123 122 124
3 123 125 124
3 127 128 129
3 127 126 128
3 127 126 124
3 127 125 124
3 110 113 112
3 110 111 113
3 110 108 109
3 110 111 109
3 164 163 165
3 164 163 162
3 167 164 166
3 167 164 165
3 167 166 168
3 167 169 168
3 178 181 179
3 178 181 180
3 177 176 174
3 177 174 175
3 177 178 176
3 177 178 179
3 145 144 146
3 145 146 147
3 145 144 142
3 145 143 142
3 173 172 174
3 173 174 175
3 161 158 159
3 161 160 158
3 161 163 162
3 161 160 162
3 170 144 142
3 170 102 100
3 170 134 136
3 170 148 150
3 170 140 142
3 170 122 124
3 170 164 162
3 170 188 186
3 170 138 136
3 170 182 180
3 170 152 150
3 170 114 112
3 170 104 106
3 170 194 192
3 170 132 130
3 170 120 118
3 170 110 112
3 170 104 102
3 170 172 174
3 170 190 192
3 170 198 100
3 170 140 138
3 170 184 186
3 170 134 132
3 170 128 130
3 170 108 106
3 170 126 124
3 170 116 118
3 170 154 156
3 170 198 196
3 170 176 174
3 170 144 146
3 170 148 146
3 170 122 120
3 170 126 128
3 170 116 114
3 170 154 152
3 170 166 168
3 170 158 156
3 170 190 188
3 170 194 196
3 170 160 162
3 170 182 184
3 170 110 108
3 170 164 166
3 170 178 180
3 170 160 158
3 170 178 176
3 171 119 121
3 171 107 105
3 171 199 197
3 171 167 165
3 171 187 189
3 171 103 105
3 171 135 137
3 171 153 155
3 171 145 147
3 171 195 197
3 171 181 183
3 171 149 147
3 171 115 113
3 171 111 113
3 171 199 101
3 171 103 101
3 171 191 189
3 171 185 183
3 171 177 175
3 171 131 129
3 171 123 121
3 171 107 109
3 171 117 115
3 171 157 155
3 171 191 193
3 171 195 193
3 171 187 185
3 171 163 165
3 171 139 137
3 171 133 131
3 171 111 109
3 171 119 117
3 171 153 151
3 171 127 129
3 171 157 159
3 171 173 175
3 171 181 179
3 171 139 141
3 171 143 141
3 171 149 151
3 171 135 133
3 171 123 125
3 171 127 125
3 171 167 169
3 171 177 179
3 171 145 143
3 171 161 159
3 171 161 163
3 171 169 168
3 171 170 168
3 171 173 172
3 171 170 172
3 226 227 225
3 226 225 224
3 272 273 275
3 272 275 274
3 269 266 268
3 269 266 267
3 239 238 236
3 239 236 237
3 239 238 240
3 239 241 240
3 243 242 244
3 243 245 244
3 243 242 240
3 243 241 240
3 249 248 250
3 249 251 250
3 235 234 236
3 235 236 237
3 235 234 232
3 235 233 232
3 265 264 266
3 265 266 267
3 265 264 262
3 265 263 262
3 261 258 260
3 261 258 259
3 261 260 262
3 261 263 262
3 253 252 250
3 253 251 250
3 253 254 252
3 253 254 255
3 257 258 256
3 257 258 259
3 257 254 256
3 257 254 255
3 281 282 280
3 281 282 283
3 278 281 279
3 278 281 280
3 288 287 289
3 288 287 286
3 207 208 206
3 207 209 208
3 211 210 212
3 211 212 213
3 211 210 208
3 211 209 208
3 204 207 205
3 204 207 206
3 203 204 202
3 203 204 205
3 203 202 200
3 203 201 200
3 229 226 227
3 229 228 226
3 215 214 212
3 215 212 213
3 271 272 273
3 271 270 272
3 271 269 268
3 271 270 268
3 285 282 283
3 285 284 282
3 285 284 286
3 285 287 286
3 295 296 294
3 295 296 297
3 295 292 294
3 295 292 293
3 291 288 289
3 291 288 290
3 291 292 290
3 291 292 293
3 247 245 244
3 247 246 244
3 247 249 248
3 247 246 248
3 299 298 296
3 299 296 297
3 299 201 200
3 299 298 200
3 231 232 230
3 231 233 232
3 231 228 230
3 231 229 228
3 221 220 218
3 221 219 218
3 276 242 244
3 276 284 286
3 276 226 224
3 276 270 268
3 276 234 236
3 276 254 256
3 276 272 274
3 276 210 212
3 276 214 212
3 276 264 262
3 276 252 250
3 276 232 230
3 276 238 236
3 276 248 250
3 276 228 230
3 276 266 268
3 276 258 256
3 276 260 262
3 276 204 206
3 276 234 232
3 276 238 240
3 276 242 240
3 276 288 286
3 276 208 206
3 276 202 200
3 276 264 266
3 276 298 200
3 276 282 280
3 276 216 218
3 276 296 294
3 276 222 224
3 276 210 208
3 276 246 244
3 276 228 226
3 276 292 294
3 276 220 218
3 276 258 260
3 276 254 252
3 276 278 280
3 276 270 272
3 276 284 282
3 276 288 290
3 276 246 248
3 276 204 202
3 276 298 296
3 276 222 220
3 276 292 290
3 276 216 214
3 276 275 274
3 276 277 275
3 276 278 279
3 276 277 279
3 217 216 218
3 217 219 218
3 217 215 214
3 217 216 214
3 223 271 273
3 223 249 251
3 223 269 267
3 223 229 227
3 223 247 245
3 223 261 259
3 223 257 259
3 223 243 245
3 223 227 225
3 223 235 237
3 223 273 275
3 223 281 283
3 223 239 237
3 223 207 205
3 223 203 205
3 223 231 233
3 223 265 267
3 223 253 251
3 223 215 213
3 223 277 275
3 223 287 289
3 223 239 241
3 223 243 241
3 223 291 289
3 223 285 283
3 223 211 213
3 223 235 233
3 223 265 263
3 223 261 263
3 223 253 255
3 223 257 255
3 223 281 279
3 223 295 297
3 223 207 209
3 223 211 209
3 223 203 201
3 223 299 297
3 223 217 219
3 223 277 279
3 223 271 269
3 223 285 287
3 223 295 293
3 223 291 293
3 223 247 249
3 223 299 201
3 223 231 229
3 223 221 219
3 223 217 215
3 223 225 224
3 223 222 224
3 223 222 220
3 223 221 220
3 303 302 300
3 303 301 300
3 303 304 302
3 303 304 305
3 307 308 306
3 307 308 309
3 307 304 306
3 307 304 305
3 335 334 336
3 335 336 337
3 335 334 332
3 335 333 332
3 339 338 336
3 339 336 337
3 339 338 340
3 339 341 340
3 397 394 396
3 397 394 395
3 311 308 310
3 311 308 309
3 311 310 312
3 311 313 312
3 315 314 312
3 315 313 312
3 325 326 324
3 325 326 327
3 325 322 324
3 325 322 323
3 321 320 318
3 321 318 319
3 321 322 320
3 321 322 323
3 329 328 326
3 329 326 327
3 343 340 342
3 343 341 340
3 348 349 351
3 348 351 350
3 348 349 347
3 348 346 347
3 359 358 356
3 359 357 356
3 379 378 380
3 379 380 381
3 379 378 376
3 379 377 376
3 375 372 374
3 375 372 373
3 375 376 374
3 375 377 376
3 383 382 380
3 383 380 381
3 383 382 384
3 383 385 384
3 387 388 386
3 387 388 389
3 387 384 386
3 387 385 384
3 393 394 395
3 393 394 392
3 399 398 300
3 399 301 300
3 399 398 396
3 399 397 396
3 317 316 318
3 317 318 319
3 317 316 314
3 317 315 314
3 331 332 330
3 331 333 332
3 331 328 330
3 331 329 328
3 371 372 370
3 371 372 373
3 371 370 368
3 371 369 368
3 365 364 362
3 365 362 363
3 345 344 346
3 345 346 347
3 345 344 342
3 345 343 342
3 360 364 362
3 360 366 368
3 360 334 336
3 360 302 300
3 360 352 350
3 360 314 312
3 360 394 392
3 360 384 386
3 360 310 312
3 360 398 300
3 360 326 324
3 360 308 306
3 360 372 374
3 360 390 392
3 360 332 330
3 360 340 342
3 360 338 336
3 360 344 342
3 360 376 374
3 360 388 386
3 360 320 318
3 360 316 318
3 360 398 396
3 360 334 332
3 360 304 306
3 360 338 340
3 360 328 330
3 360 322 324
3 360 348 350
3 360 378 380
3 360 382 380
3 360 316 314
3 360 308 310
3 360 304 302
3 360 328 326
3 360 366 364
3 360 370 368
3 360 344 346
3 360 358 356
3 360 354 356
3 360 378 376
3 360 382 384
3 360 390 388
3 360 394 396
3 360 322 320
3 360 372 370
3 360 348 346
3 360 352 354
3 355 354 356
3 355 357 356
3 391 390 388
3 391 388 389
3 391 390 392
3 391 393 392
3 367 366 368
3 367 369 368
3 367 366 364
3 367 365 364
3 361 362 363
3 361 360 362
3 361 359 358
3 361 360 358
3 353 329 327
3 353 325 327
3 353 365 363
3 353 349 351
3 353 307 309
3 353 375 373
3 353 311 309
3 353 335 337
3 353 367 369
3 353 303 301
3 353 321 319
3 353 339 337
3 353 371 373
3 353 345 347
3 353 387 389
3 353 361 363
3 353 399 301
3 353 303 305
3 353 307 305
3 353 335 333
3 353 349 347
3 353 339 341
3 353 379 381
3 353 383 381
3 353 397 395
3 353 311 313
3 353 315 313
3 353 325 323
3 353 321 323
3 353 317 319
3 353 331 333
3 353 343 341
3 353 359 357
3 353 379 377
3 353 375 377
3 353 383 385
3 353 387 385
3 353 393 395
3 353 399 397
3 353 317 315
3 353 331 329
3 353 371 369
3 353 391 389
3 353 345 343
3 353 355 357
3 353 391 393
3 353 367 365
3 353 361 359
3 353 351 350
3 353 352 350
3 353 352 354
3 353 355 354
3 476 477 475
3 476 475 474
3 445 446 444
3 445 446 447
3 445 442 444
3 445 442 443
3 441 442 443
3 441 442 440
3 449 446 448
3 449 446 447
3 449 448 450
3 449 451 450
3 427 428 426
3 427 428 429
3 427 426 424
3 427 425 424
3 431 428 430
3 431 428 429
3 431 432 430
3 431 433 432
3 435 434 436
3 435 436 437
3 435 434 432
3 435 433 432
3 453 454 452
3 453 454 455
3 453 452 450
3 453 451 450
3 457 454 456
3 457 454 455
3 458 457 459
3 458 457 456
3 472 473 475
3 472 475 474
3 472 473 471
3 472 470 471
3 478 477 479
3 478 476 477
3 401 498 400
3 401 498 499
3 402 401 403
3 402 401 400
3 481 478 480
3 481 478 479
3 439 438 436
3 439 436 437
3 439 438 440
3 439 441 440
3 421 420 418
3 421 418 419
3 464 465 463
3 464 463 462
3 467 464 465
3 467 464 466
3 414 415 413
3 414 413 412
3 417 416 418
3 417 418 419
3 417 414 416
3 417 414 415
3 409 408 406
3 409 406 407
3 492 493 495
3 492 495 494
3 491 488 490
3 491 488 489
3 491 492 490
3 491 492 493
3 497 498 499
3 497 496 498
3 497 496 494
3 497 495 494
3 482 481 483
3 482 481 480
3 485 482 483
3 485 482 484
3 469 470 468
3 469 470 471
3 469 466 468
3 469 467 466
3 460 463 462
3 460 461 463
3 460 458 459
3 460 461 459
3 404 405 407
3 404 406 407
3 404 402 403
3 404 405 403
3 410 464 462
3 410 434 436
3 410 476 474
3 410 478 480
3 410 422 424
3 410 448 450
3 410 446 444
3 410 426 424
3 410 428 430
3 410 404 406
3 410 438 436
3 410 432 430
3 410 482 480
3 410 454 456
3 410 452 450
3 410 496 494
3 410 498 400
3 410 438 440
3 410 446 448
3 410 434 432
3 410 442 444
3 410 484 486
3 410 416 418
3 410 470 468
3 410 472 474
3 410 402 400
3 410 488 486
3 410 414 412
3 410 442 440
3 410 428 426
3 410 420 418
3 410 466 468
3 410 454 452
3 410 458 456
3 410 472 470
3 410 478 476
3 410 460 462
3 410 408 406
3 410 488 490
3 410 496 498
3 410 492 494
3 410 464 466
3 410 414 416
3 410 492 490
3 410 482 484
3 410 422 420
3 410 460 458
3 410 404 402
3 487 488 486
3 487 488 489
3 487 484 486
3 487 485 484
3 423 425 424
3 423 422 424
3 423 421 420
3 423 422 420
3 411 439 437
3 411 477 479
3 411 491 489
3 411 431 429
3 411 473 471
3 411 457 455
3 411 445 447
3 411 435 437
3 411 421 419
3 411 473 475
3 411 477 475
3 411 453 455
3 411 401 499
3 411 409 407
3 411 481 479
3 411 449 447
3 411 427 429
3 411 465 463
3 411 469 471
3 411 461 463
3 411 417 419
3 411 405 407
3 411 497 499
3 411 445 443
3 411 441 443
3 411 449 451
3 411 427 425
3 411 431 433
3 411 435 433
3 411 453 451
3 411 457 459
3 411 401 403
3 411 415 413
3 411 493 495
3 411 481 483
3 411 439 441
3 411 487 489
3 411 467 465
3 411 461 459
3 411 405 403
3 411 417 415
3 411 423 425
3 411 491 493
3 411 497 495
3 411 485 483
3 411 469 467
3 411 487 485
3 411 423 421
3 411 413 412
3 411 410 412
3 411 409 408
3 411 410 408
3 508 507 509
3 508 507 506
3 511 508 510
3 511 508 509
3 511 510 512
3 511 513 512
3 505 504 506
3 505 507 506
3 539 536 538
3 539 536 537
3 547 546 548
3 547 548 549
3 599 598 500
3 599 501 500
3 525 526 524
3 525 526 527
3 525 522 524
3 525 522 523
3 521 520 518
3 521 518 519
3 521 522 520
3 521 522 523
3 514 515 513
3 514 513 512
3 517 516 518
3 517 518 519
3 517 514 516
3 517 514 515
3 503 502 500
3 503 501 500
3 503 502 504
3 503 505 504
3 535 536 534
3 535 536 537
3 541 540 542
3 541 543 542
3 541 540 538
3 541 539 538
3 557 554 556
3 557 554 555
3 557 558 556
3 557 559 558
3 561 560 562
3 561 562 563
3 561 560 558
3 561 559 558
3 551 548 550
3 551 548 549
3 552 551 553
3 552 551 550
3 552 553 555
3 552 554 555
3 565 564 562
3 565 562 563
3 565 566 564
3 565 566 567
3 569 570 568
3 569 570 571
3 569 566 568
3 569 566 567
3 545 542 544
3 545 543 542
3 545 546 544
3 545 547 546
3 573 570 572
3 573 570 571
3 573 572 574
3 573 575 574
3 577 576 574
3 577 575 574
3 584 528 530
3 584 526 524
3 584 536 538
3 584 566 568
3 584 548 550
3 584 522 524
3 584 592 594
3 584 576 574
3 584 510 512
3 584 532 530
3 584 560 562
3 584 504 506
3 584 502 500
3 584 596 594
3 584 598 500
3 584 542 544
3 584 540 538
3 584 508 506
3 584 564 562
3 584 546 544
3 584 502 504
3 584 516 518
3 584 520 518
3 584 578 580
3 584 598 596
3 584 532 534
3 584 536 534
3 584 514 512
3 584 540 542
3 584 558 556
3 584 570 568
3 584 546 548
3 584 582 580
3 584 572 574
3 584 588 586
3 584 508 510
3 584 560 558
3 584 554 556
3 584 552 550
3 584 578 576
3 584 588 590
3 584 592 590
3 584 522 520
3 584 514 516
3 584 528 526
3 584 552 554
3 584 570 572
3 584 566 564
3 584 585 587
3 584 587 586
3 583 582 580
3 583 580 581
3 583 584 582
3 583 584 585
3 589 588 590
3 589 590 591
3 589 588 586
3 589 587 586
3 597 596 594
3 597 595 594
3 597 598 596
3 597 599 598
3 593 592 590
3 593 590 591
3 593 592 594
3 593 595 594
3 529 526 527
3 529 528 526
3 529 528 530
3 529 531 530
3 533 532 530
3 533 531 530
3 533 532 534
3 533 535 534
3 579 517 519
3 579 511 509
3 579 525 527
3 579 503 501
3 579 539 537
3 579 573 571
3 579 533 531
3 579 561 563
3 579 521 519
3 579 507 509
3 579 551 549
3 579 557 555
3 579 547 549
3 579 583 581
3 579 597 595
3 579 599 501
3 579 515 513
3 579 511 513
3 579 505 507
3 579 593 591
3 579 535 537
3 579 541 543
3 579 553 555
3 579 565 563
3 579 569 571
3 579 545 543
3 579 585 587
3 579 589 591
3 579 525 523
3 579 521 523
3 579 517 515
3 579 503 505
3 579 529 527
3 579 541 539
3 579 557 559
3 579 561 559
3 579 551 553
3 579 565 567
3 579 569 567
3 579 545 547
3 579 573 575
3 579 577 575
3 579 583 585
3 579 589 587
3 579 597 599
3 579 593 595
3 579 529 531
3 579 533 535
3 579 578 580
3 579 580 581
3 579 578 576
3 579 577 576
3 695 692 694
3 695 692 693
3 695 696 694
3 695 696 697
3 605 604 606
3 605 606 607
3 687 688 686
3 687 688 689
3 691 692 690
3 691 692 693
3 691 688 690
3 691 688 689
3 684 687 685
3 684 687 686
3 675 676 674
3 675 676 677
3 639 638 636
3 639 636 637
3 645 642 644
3 645 642 643
3 610 611 613
3 610 613 612
3 609 608 606
3 609 606 607
3 609 610 608
3 609 610 611
3 672 675 673
3 672 675 674
3 671 672 673
3 671 672 670
3 683 684 682
3 683 684 685
3 683 682 680
3 683 681 680
3 641 642 640
3 641 642 643
3 641 638 640
3 641 639 638
3 635 634 636
3 635 636 637
3 657 658 656
3 657 659 658
3 661 660 662
3 661 662 663
3 661 660 658
3 661 659 658
3 654 657 655
3 654 657 656
3 651 648 650
3 651 648 649
3 647 646 648
3 647 648 649
3 647 646 644
3 647 645 644
3 698 699 601
3 698 601 600
3 698 696 697
3 698 699 697
3 603 602 600
3 603 601 600
3 603 605 604
3 603 602 604
3 621 620 618
3 621 618 619
3 621 620 622
3 621 623 622
3 625 626 624
3 625 626 627
3 625 622 624
3 625 623 622
3 615 614 612
3 615 613 612
3 616 617 619
3 616 618 619
3 616 615 617
3 616 615 614
3 669 666 668
3 669 666 667
3 669 670 668
3 669 671 670
3 679 676 677
3 679 678 676
3 679 681 680
3 679 678 680
3 629 628 626
3 629 626 627
3 629 628 630
3 629 631 630
3 633 632 630
3 633 631 630
3 633 632 634
3 633 635 634
3 653 639 637
3 653 675 673
3 653 691 693
3 653 605 607
3 653 671 673
3 653 695 693
3 653 641 643
3 653 687 685
3 653 651 649
3 653 609 607
3 653 699 601
3 653 603 601
3 653 615 613
3 653 657 655
3 653 661 663
3 653 695 697
3 653 647 649
3 653 611 613
3 653 687 689
3 653 691 689
3 653 617 619
3 653 675 677
3 653 669 667
3 653 683 685
3 653 679 677
3 653 635 637
3 653 645 643
3 653 699 697
3 653 621 619
3 653 609 611
3 653 625 627
3 653 665 663
3 653 683 681
3 653 641 639
3 653 629 627
3 653 657 659
3 653 661 659
3 653 633 631
3 653 647 645
3 653 603 605
3 653 621 623
3 653 625 623
3 653 615 617
3 653 665 667
3 653 669 671
3 653 679 681
3 653 629 631
3 653 633 635
3 653 654 655
3 653 654 652
3 653 652 650
3 653 651 650
3 664 614 612
3 664 646 644
3 664 634 636
3 664 652 650
3 664 626 624
3 664 660 662
3 664 620 618
3 664 610 612
3 664 684 686
3 664 688 686
3 664 648 650
3 664 654 656
3 664 692 694
3 664 676 674
3 664 638 636
3 664 632 630
3 664 642 644
3 664 608 606
3 664 604 606
3 664 622 624
3 664 692 690
3 664 682 680
3 664 672 674
3 664 638 640
3 664 632 634
3 664 658 656
3 664 646 648
3 664 696 694
3 664 602 600
3 664 698 600
3 664 678 680
3 664 688 690
3 664 684 682
3 664 670 668
3 664 616 618
3 664 642 640
3 664 660 658
3 664 628 630
3 664 602 604
3 664 620 622
3 664 610 608
3 664 672 670
3 664 666 668
3 664 678 676
3 664 628 626
3 664 654 652
3 664 698 696
3 664 616 614
3 664 662 663
3 664 665 663
3 664 665 667
3 664 666 667
3 707 708 706
3 707 708 709
3 703 702 700
3 703 701 700
3 733 732 730
3 733 731 730
3 741 740 742
3 741 743 742
3 751 748 750
3 751 748 749
3 744 745 743
3 744 743 742
3 747 748 746
3 747 748 749
3 747 744 746
3 747 744 745
3 783 782 780
3 783 780 781
3 783 784 782
3 783 784 785
3 793 790 792
3 793 790 791
3 793 794 792
3 793 794 795
3 799 798 700
3 799 701 700
3 715 714 712
3 715 713 712
3 721 720 718
3 721 718 719
3 721 720 722
3 721 723 722
3 725 726 724
3 725 726 727
3 725 722 724
3 725 723 722
3 705 704 706
3 705 707 706
3 705 702 704
3 705 703 702
3 735 734 736
3 735 736 737
3 735 734 732
3 735 733 732
3 729 728 726
3 729 726 727
3 729 731 730
3 729 728 730
3 739 738 736
3 739 736 737
3 739 738 740
3 739 741 740
3 757 754 756
3 757 754 755
3 757 758 756
3 757 759 758
3 761 760 762
3 761 762 763
3 761 760 758
3 761 759 758
3 769 770 768
3 769 770 771
3 769 766 768
3 769 767 766
3 765 764 762
3 765 762 763
3 765 764 766
3 765 767 766
3 772 764 762
3 772 726 724
3 772 734 736
3 772 748 750
3 772 710 712
3 772 714 712
3 772 722 724
3 772 788 786
3 772 794 792
3 772 798 700
3 772 760 762
3 772 704 706
3 772 702 700
3 772 784 786
3 772 732 730
3 772 740 742
3 772 738 736
3 772 728 730
3 772 752 750
3 772 776 774
3 772 702 704
3 772 778 780
3 772 716 718
3 772 708 706
3 772 798 796
3 772 734 732
3 772 720 718
3 772 738 740
3 772 758 756
3 772 766 768
3 772 748 746
3 772 744 742
3 772 782 780
3 772 790 792
3 772 716 714
3 772 720 722
3 772 728 726
3 772 760 758
3 772 754 756
3 772 764 766
3 772 770 768
3 772 744 746
3 772 778 776
3 772 788 790
3 772 784 782
3 772 794 796
3 772 710 708
3 772 752 754
3 779 778 780
3 779 780 781
3 787 784 785
3 787 784 786
3 797 794 795
3 797 794 796
3 797 798 796
3 797 799 798
3 711 708 709
3 711 710 708
3 711 710 712
3 711 713 712
3 717 716 718
3 717 718 719
3 717 716 714
3 717 715 714
3 753 754 755
3 753 752 754
3 753 751 750
3 753 752 750
3 773 770 771
3 773 772 770
3 773 772 774
3 773 775 774
3 777 776 774
3 777 775 774
3 777 778 776
3 777 779 778
3 789 705 707
3 789 707 709
3 789 765 763
3 789 703 701
3 789 729 727
3 789 793 791
3 789 799 701
3 789 751 749
3 789 769 771
3 789 711 709
3 789 735 737
3 789 757 755
3 789 747 749
3 789 745 743
3 789 779 781
3 789 783 781
3 789 797 795
3 789 721 719
3 789 725 727
3 789 733 731
3 789 741 743
3 789 739 737
3 789 717 719
3 789 761 763
3 789 747 745
3 789 753 755
3 789 783 785
3 789 793 795
3 789 777 775
3 789 715 713
3 789 721 723
3 789 725 723
3 789 705 703
3 789 735 733
3 789 729 731
3 789 739 741
3 789 757 759
3 789 761 759
3 789 769 767
3 789 765 767
3 789 773 771
3 789 787 785
3 789 797 799
3 789 711 713
3 789 717 715
3 789 753 751
3 789 773 775
3 789 777 779
3 789 788 790
3 789 790 791
3 789 788 786
3 789 787 786
3 801 802 800
3 801 802 803
3 807 808 806
3 807 808 809
3 804 807 805
3 804 807 806
3 804 805 803
3 804 802 803
3 889 890 888
3 889 890 891
3 898 801 899
3 898 801 800
3 897 898 896
3 897 898 899
3 897 896 894
3 897 895 894
3 842 843 845
3 842 845 844
3 839 838 836
3 839 836 837
3 835 834 836
3 835 836 837
3 828 829 831
3 828 831 830
3 821 820 822
3 821 822 823
3 811 810 808
3 811 808 809
3 811 810 812
3 811 813 812
3 815 816 814
3 815 816 817
3 815 814 812
3 815 813 812
3 853 854 852
3 853 854 855
3 857 854 856
3 857 854 855
3 857 858 856
3 857 858 859
3 886 889 888
3 886 889 887
3 886 885 887
3 886 885 884
3 882 881 883
3 882 881 880
3 882 885 883
3 882 885 884
3 892 895 894
3 892 893 895
3 892 890 891
3 892 893 891
3 841 842 843
3 841 842 840
3 841 838 840
3 841 839 838
3 833 832 830
3 833 831 830
3 833 834 832
3 833 835 834
3 825 822 824
3 825 822 823
3 826 825 827
3 826 825 824
3 826 828 829
3 826 827 829
3 819 816 818
3 819 816 817
3 819 820 818
3 819 821 820
3 851 848 850
3 851 848 849
3 851 852 850
3 851 853 852
3 864 863 865
3 864 863 862
3 867 864 866
3 867 864 865
3 867 866 868
3 867 869 868
3 878 881 879
3 878 881 880
3 877 876 874
3 877 874 875
3 877 878 876
3 877 878 879
3 846 845 844
3 846 847 845
3 846 847 849
3 846 848 849
3 873 872 874
3 873 874 875
3 861 858 859
3 861 860 858
3 861 863 862
3 861 860 862
3 870 838 836
3 870 814 812
3 870 848 850
3 870 810 812
3 870 842 844
3 870 822 824
3 870 802 800
3 870 872 874
3 870 890 888
3 870 820 818
3 870 852 850
3 870 808 806
3 870 876 874
3 870 898 800
3 870 832 830
3 870 834 836
3 870 826 824
3 870 810 808
3 870 864 862
3 870 804 806
3 870 896 894
3 870 882 880
3 870 838 840
3 870 834 832
3 870 820 822
3 870 892 894
3 870 816 818
3 870 854 856
3 870 804 802
3 870 886 888
3 870 898 896
3 870 842 840
3 870 878 880
3 870 828 830
3 870 816 814
3 870 854 852
3 870 866 868
3 870 858 856
3 870 860 862
3 870 886 884
3 870 882 884
3 870 892 890
3 870 826 828
3 870 864 866
3 870 846 844
3 870 860 858
3 870 878 876
3 870 846 848
3 871 839 837
3 871 835 837
3 871 853 855
3 871 897 899
3 871 889 891
3 871 807 809
3 871 877 875
3 871 801 899
3 871 893 891
3 871 815 817
3 871 833 831
3 871 821 823
3 871 805 803
3 871 801 803
3 871 881 883
3 871 867 865
3 871 843 845
3 871 841 843
3 871 829 831
3 871 811 809
3 871 857 855
3 871 807 805
3 871 889 887
3 871 863 865
3 871 897 895
3 871 893 895
3 871 885 883
3 871 847 845
3 871 827 829
3 871 825 823
3 871 811 813
3 871 815 813
3 871 819 817
3 871 851 849
3 871 857 859
3 871 873 875
3 871 881 879
3 871 885 887
3 871 841 839
3 871 847 849
3 871 833 835
3 871 825 827
3 871 819 821
3 871 851 853
3 871 867 869
3 871 877 879
3 871 861 859
3 871 861 863
3 871 869 868
3 871 870 868
3 871 873 872
3 871 870 872
3 907 904 906
3 907 904 905
3 907 908 906
3 907 909 908
3 913 914 912
3 913 914 915
3 917 916 914
3 917 914 915
3 917 916 918
3 917 919 918
3 939 938 936
3 939 936 937
3 939 938 940
3 939 941 940
3 933 932 930
3 933 931 930
3 957 954 956
3 957 954 955
3 957 958 956
3 957 958 959
3 911 910 908
3 911 909 908
3 911 910 912
3 911 913 912
3 997 996 994
3 997 994 995
3 903 904 905
3 903 902 904
3 903 902 900
3 903 901 900
3 923 922 924
3 923 925 924
3 990 991 989
3 990 989 988
3 993 992 994
3 993 994 995
3 993 990 992
3 993 990 991
3 986 987 989
3 986 989 988
3 986 987 985
3 986 984 985
3 943 940 942
3 943 941 940
3 949 948 946
3 949 946 947
3 949 948 950
3 949 951 950
3 927 926 924
3 927 925 924
3 952 953 951
3 952 951 950
3 952 953 955
3 952 954 955
3 964 963 965
3 964 963 962
3 967 964 966
3 967 964 965
3 967 966 968
3 967 969 968
3 921 919 918
3 921 920 918
3 921 920 922
3 921 923 922
3 977 976 974
3 977 974 975
3 983 984 985
3 983 982 984
3 983 982 980
3 983 981 980
3 945 944 946
3 945 946 947
3 945 944 942
3 945 943 942
3 935 936 937
3 935 934 936
3 935 933 932
3 935 934 932
3 929 928 930
3 929 931 930
3 929 926 928
3 929 927 926
3 973 972 974
3 973 974 975
3 961 958 959
3 961 960 958
3 961 963 962
3 961 960 962
3 999 901 900
3 999 998 900
3 999 997 996
3 999 998 996
3 970 982 980
3 970 914 912
3 970 910 912
3 970 916 918
3 970 938 936
3 970 986 988
3 970 948 950
3 970 972 974
3 970 964 962
3 970 944 942
3 970 934 936
3 970 908 906
3 970 960 962
3 970 922 924
3 970 940 942
3 970 952 950
3 970 910 908
3 970 904 906
3 970 916 914
3 970 902 900
3 970 992 994
3 970 920 918
3 970 938 940
3 970 990 988
3 970 932 930
3 970 928 930
3 970 954 956
3 970 926 924
3 970 996 994
3 970 902 904
3 970 920 922
3 970 976 974
3 970 944 946
3 970 948 946
3 970 926 928
3 970 966 968
3 970 958 956
3 970 990 992
3 970 986 984
3 970 998 900
3 970 982 984
3 970 934 932
3 970 952 954
3 970 964 966
3 970 978 980
3 970 960 958
3 970 998 996
3 970 978 976
3 979 981 980
3 979 978 980
3 979 977 976
3 979 978 976
3 971 953 955
3 971 939 937
3 971 913 915
3 971 945 947
3 971 923 925
3 971 907 905
3 971 903 905
3 971 911 909
3 971 987 985
3 971 949 947
3 971 921 919
3 971 929 931
3 971 997 995
3 971 917 915
3 971 983 985
3 971 993 995
3 971 957 955
3 971 907 909
3 971 963 965
3 971 917 919
3 971 987 989
3 971 991 989
3 971 977 975
3 971 939 941
3 971 933 931
3 971 953 951
3 971 927 925
3 971 957 959
3 971 973 975
3 971 911 913
3 971 961 959
3 971 903 901
3 971 967 965
3 971 993 991
3 971 943 941
3 971 949 951
3 971 935 937
3 971 967 969
3 971 921 923
3 971 999 901
3 971 983 981
3 971 945 943
3 971 935 933
3 971 929 927
3 971 979 981
3 971 961 963
3 971 999 997
3 971 979 977
3 971 969 968
3 971 970 968
3 971 973 972
3 971 970 972
3 1014 1013 1015
3 1014 1013 1012
3 1047 1044 1046
3 1047 1044 1045
3 1047 1048 1046
3 1047 1048 1049
3 1039 1038 1036
3 1039 1036 1037
3 1039 1040 1038
3 1039 1040 1041
3 1043 1044 1042
3 1043 1044 1045
3 1043 1040 1042
3 1043 1040 1041
3 1026 1027 1025
3 1026 1025 1024
3 1053 1054 1052
3 1053 1054 1055
3 1035 1034 1036
3 1035 1036 1037
3 1035 1032 1034
3 1035 1033 1032
3 1029 1026 1027
3 1029 1026 1028
3 1017 1014 1015
3 1017 1016 1014
3 1017 1016 1018
3 1017 1019 1018
3 1051 1048 1049
3 1051 1048 1050
3 1051 1052 1050
3 1051 1053 1052
3 1064 1063 1065
3 1064 1063 1062
3 1067 1064 1066
3 1067 1064 1065
3 1067 1066 1068
3 1067 1069 1068
3 1060 1063 1061
3 1060 1063 1062
3 1059 1060 1061
3 1059 1060 1058
3 1031 1032 1030
3 1031 1033 1032
3 1031 1028 1030
3 1031 1029 1028
3 1023 1022 1024
3 1023 1025 1024
3 1001 1002 1000
3 1001 1002 1003
3 1001 1098 1000
3 1001 1098 1099
3 1097 1096 1094
3 1097 1094 1095
3 1097 1098 1096
3 1097 1098 1099
3 1090 1091 1089
3 1090 1089 1088
3 1093 1092 1094
3 1093 1094 1095
3 1093 1090 1092
3 1093 1090 1091
3 1083 1084 1082
3 1083 1084 1085
3 1073 1072 1074
3 1073 1074 1075
3 1057 1054 1056
3 1057 1054 1055
3 1057 1058 1056
3 1057 1059 1058
3 1011 1013 1012
3 1011 1010 1012
3 1011 1008 1010
3 1011 1009 1008
3 1007 1008 1006
3 1007 1009 1008
3 1021 1019 1018
3 1021 1020 1018
3 1021 1020 1022
3 1021 1023 1022
3 1086 1087 1089
3 1086 1089 1088
3 1086 1087 1085
3 1086 1084 1085
3 1080 1083 1081
3 1080 1083 1082
3 1079 1080 1078
3 1079 1080 1081
3 1005 1004 1002
3 1005 1002 1003
3 1005 1004 1006
3 1005 1007 1006
3 1076 1014 1012
3 1076 1034 1036
3 1076 1026 1024
3 1076 1016 1018
3 1076 1022 1024
3 1076 1038 1036
3 1076 1008 1006
3 1076 1052 1050
3 1076 1048 1050
3 1076 1044 1042
3 1076 1040 1042
3 1076 1032 1030
3 1076 1070 1068
3 1076 1020 1018
3 1076 1064 1062
3 1076 1032 1034
3 1076 1010 1012
3 1076 1028 1030
3 1076 1004 1006
3 1076 1090 1088
3 1076 1054 1056
3 1076 1044 1046
3 1076 1048 1046
3 1076 1040 1038
3 1076 1072 1074
3 1076 1016 1014
3 1076 1002 1000
3 1076 1026 1028
3 1076 1096 1094
3 1076 1092 1094
3 1076 1098 1000
3 1076 1054 1052
3 1076 1066 1068
3 1076 1058 1056
3 1076 1008 1010
3 1076 1060 1062
3 1076 1020 1022
3 1076 1064 1066
3 1076 1080 1082
3 1076 1060 1058
3 1076 1004 1002
3 1076 1098 1096
3 1076 1084 1082
3 1076 1090 1092
3 1076 1086 1088
3 1076 1086 1084
3 1076 1080 1078
3 1076 1070 1072
3 1071 1069 1068
3 1071 1070 1068
3 1071 1073 1072
3 1071 1070 1072
3 1077 1087 1085
3 1077 1029 1027
3 1077 1043 1045
3 1077 1013 1015
3 1077 1047 1045
3 1077 1053 1055
3 1077 1027 1025
3 1077 1097 1095
3 1077 1067 1065
3 1077 1039 1037
3 1077 1063 1065
3 1077 1057 1055
3 1077 1017 1015
3 1077 1083 1085
3 1077 1047 1049
3 1077 1039 1041
3 1077 1043 1041
3 1077 1035 1037
3 1077 1031 1033
3 1077 1001 1003
3 1077 1021 1019
3 1077 1051 1049
3 1077 1063 1061
3 1077 1035 1033
3 1077 1073 1075
3 1077 1017 1019
3 1077 1023 1025
3 1077 1087 1089
3 1077 1091 1089
3 1077 1093 1095
3 1077 1051 1053
3 1077 1067 1069
3 1077 1059 1061
3 1077 1031 1029
3 1077 1011 1013
3 1077 1071 1069
3 1077 1001 1099
3 1077 1097 1099
3 1077 1093 1091
3 1077 1083 1081
3 1077 1005 1003
3 1077 1057 1059
3 1077 1011 1009
3 1077 1007 1009
3 1077 1021 1023
3 1077 1079 1081
3 1077 1005 1007
3 1077 1071 1073
3 1077 1074 1075
3 1077 1076 1074
3 1077 1079 1078
3 1077 1076 1078
3 1103 1104 1102
3 1103 1104 1105
3 1103 1102 1100
3 1103 1101 1100
3 1107 1104 1106
3 1107 1104 1105
3 1107 1108 1106
3 1107 1108 1109
3 1114 1115 1113
3 1114 1113 1112
3 1198 1199 1101
3 1198 1101 1100
3 1198 1199 1197
3 1198 1196 1197
3 1187 1188 1186
3 1187 1188 1189
3 1184 1187 1186
3 1184 1187 1185
3 1139 1138 1136
3 1139 1136 1137
3 1139 1138 1140
3 1139 1141 1140
3 1135 1134 1136
3 1135 1136 1137
3 1128 1131 1129
3 1128 1131 1130
3 1123 1120 1122
3 1123 1120 1121
3 1123 1122 1124
3 1123 1125 1124
3 1127 1128 1126
3 1127 1128 1129
3 1127 1126 1124
3 1127 1125 1124
3 1119 1120 1118
3 1119 1120 1121
3 1116 1119 1117
3 1116 1119 1118
3 1116 1114 1115
3 1116 1117 1115
3 1153 1154 1152
3 1153 1154 1155
3 1153 1152 1150
3 1153 1151 1150
3 1157 1154 1156
3 1157 1154 1155
3 1157 1158 1156
3 1157 1158 1159
3 1163 1164 1162
3 1163 1164 1165
3 1190 1191 1193
3 1190 1193 1192
3 1190 1191 1189
3 1190 1188 1189
3 1194 1195 1193
3 1194 1193 1192
3 1194 1196 1197
3 1194 1195 1197
3 1182 1181 1183
3 1182 1181 1180
3 1182 1185 1183
3 1182 1184 1185
3 1143 1140 1142
3 1143 1141 1140
3 1149 1148 1146
3 1149 1146 1147
3 1149 1148 1150
3 1149 1151 1150
3 1133 1132 1130
3 1133 1131 1130
3 1133 1134 1132
3 1133 1135 1134
3 1110 1113 1112
3 1110 1111 1113
3 1110 1108 1109
3 1110 1111 1109
3 1178 1181 1179
3 1178 1181 1180
3 1177 1176 1174
3 1177 1174 1175
3 1177 1178 1176
3 1177 1178 1179
3 1145 1144 1146
3 1145 1146 1147
3 1145 1144 1142
3 1145 1143 1142
3 1167 1164 1165
3 1167 1166 1164
3 1167 1166 1168
3 1167 1169 1168
3 1161 1158 1159
3 1161 1160 1158
3 1161 1163 1162
3 1161 1160 1162
3 1171 1133 1131
3 1171 1107 1105
3 1171 1199 1197
3 1171 1119 1121
3 1171 1187 1189
3 1171 1103 1105
3 1171 1135 1137
3 1171 1153 1155
3 1171 1145 1147
3 1171 1195 1197
3 1171 1139 1137
3 1171 1127 1129
3 1171 1115 1113
3 1171 1111 1113
3 1171 1199 1101
3 1171 1103 1101
3 1171 1191 1189
3 1171 1185 1183
3 1171 1177 1175
3 1171 1181 1183
3 1171 1131 1129
3 1171 1123 1121
3 1171 1107 1109
3 1171 1117 1115
3 1171 1157 1155
3 1171 1191 1193
3 1171 1195 1193
3 1171 1187 1185
3 1171 1163 1165
3 1171 1139 1141
3 1171 1149 1147
3 1171 1123 1125
3 1171 1127 1125
3 1171 1111 1109
3 1171 1119 1117
3 1171 1153 1151
3 1171 1173 1175
3 1171 1157 1159
3 1171 1167 1165
3 1171 1181 1179
3 1171 1143 1141
3 1171 1149 1151
3 1171 1133 1135
3 1171 1177 1179
3 1171 1145 1143
3 1171 1161 1159
3 1171 1167 1169
3 1171 1161 1163
3 1171 1170 1168
3 1171 1169 1168
3 1172 1144 1142
3 1172 1102 1100
3 1172 1134 1136
3 1172 1122 1124
3 1172 1138 1136
3 1172 1120 1118
3 1172 1110 1112
3 1172 1188 1186
3 1172 1194 1192
3 1172 1182 1180
3 1172 1152 1150
3 1172 1114 1112
3 1172 1104 1106
3 1172 1140 1142
3 1172 1132 1130
3 1172 1126 1124
3 1172 1164 1162
3 1172 1104 1102
3 1172 1166 1168
3 1172 1190 1192
3 1172 1198 1100
3 1172 1138 1140
3 1172 1184 1186
3 1172 1134 1132
3 1172 1148 1150
3 1172 1120 1122
3 1172 1108 1106
3 1172 1128 1130
3 1172 1116 1118
3 1172 1154 1156
3 1172 1198 1196
3 1172 1176 1174
3 1172 1144 1146
3 1172 1148 1146
3 1172 1128 1126
3 1172 1116 1114
3 1172 1154 1152
3 1172 1178 1180
3 1172 1158 1156
3 1172 1190 1188
3 1172 1194 1196
3 1172 1160 1162
3 1172 1182 1184
3 1172 1110 1108
3 1172 1170 1168
3 1172 1166 1164
3 1172 1160 1158
3 1172 1178 1176
3 1172 1174 1175
3 1172 1173 1175
3 1172 1171 1173
3 1172 1171 1170
3 1241 1240 1242
3 1241 1243 1242
3 1254 1257 1255
3 1254 1257 1256
3 1276 1277 1275
3 1276 1275 1274
3 1276 1279 1277
3 1276 1279 1278
3 1244 1245 1243
3 1244 1243 1242
3 1247 1248 1246
3 1247 1248 1249
3 1247 1244 1246
3 1247 1244 1245
3 1291 1290 1288
3 1291 1288 1289
3 1291 1290 1292
3 1291 1293 1292
3 1226 1227 1225
3 1226 1225 1224
3 1239 1238 1236
3 1239 1236 1237
3 1239 1238 1240
3 1239 1241 1240
3 1235 1234 1236
3 1235 1236 1237
3 1235 1232 1234
3 1235 1233 1232
3 1229 1226 1227
3 1229 1226 1228
3 1259 1258 1256
3 1259 1257 1256
3 1251 1248 1250
3 1251 1248 1249
3 1252 1251 1253
3 1252 1251 1250
3 1252 1254 1255
3 1252 1253 1255
3 1287 1288 1286
3 1287 1288 1289
3 1287 1284 1286
3 1287 1285 1284
3 1281 1278 1280
3 1281 1279 1278
3 1267 1266 1268
3 1267 1269 1268
3 1298 1299 1201
3 1298 1201 1200
3 1298 1299 1297
3 1298 1296 1297
3 1295 1294 1296
3 1295 1296 1297
3 1295 1293 1292
3 1295 1294 1292
3 1211 1210 1212
3 1211 1212 1213
3 1215 1214 1212
3 1215 1212 1213
3 1223 1225 1224
3 1223 1222 1224
3 1231 1232 1230
3 1231 1233 1232
3 1231 1228 1230
3 1231 1229 1228
3 1261 1260 1262
3 1261 1262 1263
3 1261 1260 1258
3 1261 1259 1258
3 1283 1284 1282
3 1283 1285 1284
3 1283 1282 1280
3 1283 1281 1280
3 1271 1269 1268
3 1271 1270 1268
3 1203 1202 1200
3 1203 1201 1200
3 1217 1216 1218
3 1217 1219 1218
3 1217 1216 1214
3 1217 1215 1214
3 1220 1234 1236
3 1220 1214 1212
3 1220 1270 1268
3 1220 1248 1250
3 1220 1204 1206
3 1220 1222 1224
3 1220 1216 1218
3 1220 1288 1286
3 1220 1290 1292
3 1220 1260 1262
3 1220 1210 1212
3 1220 1282 1280
3 1220 1284 1286
3 1220 1240 1242
3 1220 1238 1236
3 1220 1232 1230
3 1220 1276 1274
3 1220 1272 1274
3 1220 1294 1292
3 1220 1202 1200
3 1220 1284 1282
3 1220 1290 1288
3 1220 1238 1240
3 1220 1232 1234
3 1220 1258 1256
3 1220 1278 1280
3 1220 1248 1246
3 1220 1244 1242
3 1220 1228 1230
3 1220 1226 1224
3 1220 1260 1258
3 1220 1254 1256
3 1220 1276 1278
3 1220 1266 1268
3 1220 1252 1250
3 1220 1244 1246
3 1220 1294 1296
3 1220 1264 1262
3 1220 1298 1200
3 1220 1226 1228
3 1220 1216 1214
3 1220 1208 1206
3 1220 1252 1254
3 1220 1270 1272
3 1220 1298 1296
3 1220 1204 1202
3 1220 1264 1266
3 1220 1208 1210
3 1265 1262 1263
3 1265 1264 1262
3 1265 1267 1266
3 1265 1264 1266
3 1273 1275 1274
3 1273 1272 1274
3 1273 1270 1272
3 1273 1271 1270
3 1209 1208 1206
3 1209 1207 1206
3 1209 1211 1210
3 1209 1208 1210
3 1205 1204 1206
3 1205 1207 1206
3 1205 1204 1202
3 1205 1203 1202
3 1221 1251 1249
3 1221 1239 1237
3 1221 1211 1213
3 1221 1231 1233
3 1221 1291 1289
3 1221 1299 1201
3 1221 1295 1297
3 1221 1277 1275
3 1221 1281 1279
3 1221 1247 1249
3 1221 1227 1225
3 1221 1229 1227
3 1221 1279 1277
3 1221 1283 1285
3 1221 1245 1243
3 1221 1217 1219
3 1221 1265 1263
3 1221 1215 1213
3 1221 1241 1243
3 1221 1235 1237
3 1221 1257 1255
3 1221 1253 1255
3 1221 1287 1289
3 1221 1247 1245
3 1221 1299 1297
3 1221 1291 1293
3 1221 1239 1241
3 1221 1235 1233
3 1221 1223 1225
3 1221 1259 1257
3 1221 1251 1253
3 1221 1287 1285
3 1221 1261 1263
3 1221 1267 1269
3 1221 1295 1293
3 1221 1273 1275
3 1221 1203 1201
3 1221 1205 1207
3 1221 1231 1229
3 1221 1261 1259
3 1221 1283 1281
3 1221 1271 1269
3 1221 1209 1207
3 1221 1217 1215
3 1221 1265 1267
3 1221 1273 1271
3 1221 1209 1211
3 1221 1205 1203
3 1221 1219 1218
3 1221 1220 1218
3 1221 1223 1222
3 1221 1220 1222
3 1327 1328 1326
3 1327 1328 1329
3 1327 1326 1324
3 1327 1325 1324
3 1322 1325 1323
3 1322 1325 1324
3 1341 1342 1340
3 1341 1342 1343
3 1351 1352 1350
3 1351 1352 1353
3 1345 1342 1344
3 1345 1342 1343
3 1345 1346 1344
3 1345 1346 1347
3 1334 1335 1337
3 1334 1337 1336
3 1331 1328 1330
3 1331 1328 1329
3 1317 1314 1316
3 1317 1314 1315
3 1398 1301 1399
3 1398 1301 1300
3 1397 1398 1399
3 1397 1398 1396
3 1302 1301 1303
3 1302 1301 1300
3 1305 1304 1306
3 1305 1306 1307
3 1305 1302 1304
3 1305 1302 1303
3 1333 1334 1335
3 1333 1334 1332
3 1333 1332 1330
3 1333 1331 1330
3 1360 1361 1363
3 1360 1363 1362
3 1355 1352 1353
3 1355 1354 1352
3 1355 1354 1356
3 1355 1357 1356
3 1359 1360 1358
3 1359 1360 1361
3 1359 1358 1356
3 1359 1357 1356
3 1321 1322 1323
3 1321 1320 1322
3 1395 1392 1394
3 1395 1392 1393
3 1395 1396 1394
3 1395 1397 1396
3 1313 1314 1315
3 1313 1314 1312
3 1313 1310 1312
3 1313 1310 1311
3 1309 1308 1306
3 1309 1306 1307
3 1309 1310 1308
3 1309 1310 1311
3 1339 1337 1336
3 1339 1338 1336
3 1339 1341 1340
3 1339 1338 1340
3 1349 1346 1347
3 1349 1348 1346
3 1349 1351 1350
3 1349 1348 1350
3 1373 1372 1374
3 1373 1374 1375
3 1319 1316 1318
3 1319 1317 1316
3 1319 1320 1318
3 1319 1321 1320
3 1386 1389 1387
3 1386 1389 1388
3 1386 1385 1387
3 1386 1385 1384
3 1376 1377 1375
3 1376 1374 1375
3 1391 1390 1392
3 1391 1392 1393
3 1391 1390 1388
3 1391 1389 1388
3 1367 1366 1368
3 1367 1369 1368
3 1371 1370 1368
3 1371 1369 1368
3 1371 1373 1372
3 1371 1370 1372
3 1365 1363 1362
3 1365 1364 1362
3 1365 1366 1364
3 1365 1367 1366
3 1383 1333 1335
3 1383 1327 1329
3 1383 1341 1343
3 1383 1325 1323
3 1383 1331 1329
3 1383 1389 1387
3 1383 1349 1347
3 1383 1301 1399
3 1383 1345 1343
3 1383 1327 1325
3 1383 1321 1323
3 1383 1313 1315
3 1383 1351 1353
3 1383 1335 1337
3 1383 1361 1363
3 1383 1397 1399
3 1383 1319 1317
3 1383 1317 1315
3 1383 1301 1303
3 1383 1309 1307
3 1383 1339 1337
3 1383 1345 1347
3 1383 1305 1307
3 1383 1355 1353
3 1383 1391 1393
3 1383 1359 1361
3 1383 1385 1387
3 1383 1377 1375
3 1383 1395 1393
3 1383 1305 1303
3 1383 1333 1331
3 1383 1355 1357
3 1383 1359 1357
3 1383 1373 1375
3 1383 1371 1369
3 1383 1395 1397
3 1383 1313 1311
3 1383 1309 1311
3 1383 1339 1341
3 1383 1349 1351
3 1383 1379 1381
3 1383 1319 1321
3 1383 1365 1363
3 1383 1391 1389
3 1383 1367 1369
3 1383 1379 1377
3 1383 1371 1373
3 1383 1365 1367
3 1383 1382 1380
3 1383 1380 1381
3 1383 1385 1384
3 1383 1382 1384
3 1378 1342 1344
3 1378 1348 1350
3 1378 1320 1318
3 1378 1328 1330
3 1378 1326 1324
3 1378 1338 1336
3 1378 1352 1350
3 1378 1302 1300
3 1378 1332 1330
3 1378 1322 1324
3 1378 1398 1300
3 1378 1390 1388
3 1378 1354 1356
3 1378 1328 1326
3 1378 1360 1362
3 1378 1316 1318
3 1378 1386 1388
3 1378 1314 1312
3 1378 1366 1368
3 1378 1334 1336
3 1378 1372 1374
3 1378 1320 1322
3 1378 1396 1394
3 1378 1308 1306
3 1378 1304 1306
3 1378 1342 1340
3 1378 1346 1344
3 1378 1334 1332
3 1378 1354 1352
3 1378 1358 1356
3 1378 1314 1316
3 1378 1398 1396
3 1378 1364 1362
3 1378 1392 1394
3 1378 1302 1304
3 1378 1338 1340
3 1378 1348 1346
3 1378 1360 1358
3 1378 1376 1374
3 1378 1310 1312
3 1378 1370 1368
3 1378 1390 1392
3 1378 1310 1308
3 1378 1366 1364
3 1378 1386 1384
3 1378 1382 1380
3 1378 1370 1372
3 1378 1382 1384
3 1378 1379 1381
3 1378 1380 1381
3 1378 1376 1377
3 1378 1379 1377
3 1411 1410 1412
3 1411 1412 1413
3 1411 1410 1408
3 1411 1409 1408
3 1401 1402 1400
3 1401 1402 1403
3 1492 1495 1493
3 1492 1495 1494
3 1498 1401 1400
3 1498 1401 1499
3 1407 1408 1406
3 1407 1409 1408
3 1442 1443 1445
3 1442 1445 1444
3 1439 1438 1436
3 1439 1436 1437
3 1415 1414 1412
3 1415 1412 1413
3 1432 1433 1431
3 1432 1431 1430
3 1435 1434 1436
3 1435 1436 1437
3 1435 1432 1434
3 1435 1432 1433
3 1428 1429 1431
3 1428 1431 1430
3 1427 1426 1424
3 1427 1425 1424
3 1427 1428 1426
3 1427 1428 1429
3 1453 1454 1452
3 1453 1454 1455
3 1457 1454 1456
3 1457 1454 1455
3 1457 1458 1456
3 1457 1458 1459
3 1463 1464 1462
3 1463 1464 1465
3 1496 1495 1494
3 1496 1495 1497
3 1496 1499 1497
3 1496 1498 1499
3 1405 1404 1402
3 1405 1402 1403
3 1405 1404 1406
3 1405 1407 1406
3 1483 1484 1482
3 1483 1484 1485
3 1441 1442 1443
3 1441 1442 1440
3 1441 1438 1440
3 1441 1439 1438
3 1421 1420 1418
3 1421 1419 1418
3 1451 1448 1450
3 1451 1448 1449
3 1451 1452 1450
3 1451 1453 1452
3 1490 1491 1489
3 1490 1489 1488
3 1490 1492 1493
3 1490 1491 1493
3 1486 1487 1489
3 1486 1489 1488
3 1486 1487 1485
3 1486 1484 1485
3 1480 1483 1481
3 1480 1483 1482
3 1479 1480 1478
3 1479 1480 1481
3 1446 1445 1444
3 1446 1447 1445
3 1446 1447 1449
3 1446 1448 1449
3 1417 1416 1418
3 1417 1419 1418
3 1417 1415 1414
3 1417 1416 1414
3 1423 1422 1424
3 1423 1425 1424
3 1423 1420 1422
3 1423 1421 1420
3 1473 1472 1474
3 1473 1474 1475
3 1467 1464 1465
3 1467 1466 1464
3 1467 1466 1468
3 1467 1469 1468
3 1461 1458 1459
3 1461 1460 1458
3 1461 1463 1462
3 1461 1460 1462
3 1470 1490 1488
3 1470 1410 1412
3 1470 1442 1444
3 1470 1422 1424
3 1470 1414 1412
3 1470 1434 1436
3 1470 1404 1406
3 1470 1402 1400
3 1470 1438 1436
3 1470 1426 1424
3 1470 1452 1450
3 1470 1408 1406
3 1470 1460 1462
3 1470 1498 1400
3 1470 1432 1430
3 1470 1420 1418
3 1470 1464 1462
3 1470 1410 1408
3 1470 1416 1418
3 1470 1404 1402
3 1470 1496 1494
3 1470 1438 1440
3 1470 1446 1444
3 1470 1448 1450
3 1470 1428 1430
3 1470 1454 1456
3 1470 1492 1494
3 1470 1466 1468
3 1470 1442 1440
3 1470 1480 1482
3 1470 1420 1422
3 1470 1432 1434
3 1470 1428 1426
3 1470 1454 1452
3 1470 1472 1474
3 1470 1458 1456
3 1470 1496 1498
3 1470 1484 1482
3 1470 1486 1488
3 1470 1416 1414
3 1470 1476 1474
3 1470 1466 1464
3 1470 1460 1458
3 1470 1490 1492
3 1470 1486 1484
3 1470 1480 1478
3 1470 1446 1448
3 1470 1476 1478
3 1477 1474 1475
3 1477 1476 1474
3 1477 1479 1478
3 1477 1476 1478
3 1471 1463 1465
3 1471 1427 1425
3 1471 1401 1403
3 1471 1439 1437
3 1471 1487 1485
3 1471 1453 1455
3 1471 1423 1425
3 1471 1411 1413
3 1471 1451 1449
3 1471 1447 1445
3 1471 1415 1413
3 1471 1435 1437
3 1471 1495 1493
3 1471 1499 1497
3 1471 1491 1493
3 1471 1443 1445
3 1471 1441 1443
3 1471 1433 1431
3 1471 1429 1431
3 1471 1457 1455
3 1471 1411 1409
3 1471 1401 1499
3 1471 1495 1497
3 1471 1407 1409
3 1471 1487 1489
3 1471 1405 1403
3 1471 1483 1485
3 1471 1461 1459
3 1471 1435 1433
3 1471 1427 1429
3 1471 1417 1419
3 1471 1473 1475
3 1471 1457 1459
3 1471 1467 1465
3 1471 1491 1489
3 1471 1405 1407
3 1471 1483 1481
3 1471 1441 1439
3 1471 1447 1449
3 1471 1421 1419
3 1471 1451 1453
3 1471 1479 1481
3 1471 1417 1415
3 1471 1423 1421
3 1471 1477 1475
3 1471 1467 1469
3 1471 1461 1463
3 1471 1477 1479
3 1471 1469 1468
3 1471 1470 1468
3 1471 1473 1472
3 1471 1470 1472
3 1503 1502 1500
3 1503 1501 1500
3 1503 1504 1502
3 1503 1504 1505
3 1507 1508 1506
3 1507 1508 1509
3 1507 1504 1506
3 1507 1504 1505
3 1540 1541 1543
3 1540 1543 1542
3 1539 1538 1536
3 1539 1536 1537
3 1539 1540 1538
3 1539 1540 1541
3 1544 1545 1543
3 1544 1543 1542
3 1547 1548 1546
3 1547 1548 1549
3 1547 1544 1546
3 1547 1544 1545
3 1597 1594 1596
3 1597 1594 1595
3 1515 1514 1512
3 1515 1513 1512
3 1521 1520 1518
3 1521 1518 1519
3 1521 1520 1522
3 1521 1523 1522
3 1525 1526 1524
3 1525 1526 1527
3 1525 1522 1524
3 1525 1523 1522
3 1535 1534 1536
3 1535 1536 1537
3 1535 1532 1534
3 1535 1533 1532
3 1529 1528 1526
3 1529 1526 1527
3 1557 1558 1556
3 1557 1559 1558
3 1561 1560 1562
3 1561 1562 1563
3 1561 1560 1558
3 1561 1559 1558
3 1554 1557 1555
3 1554 1557 1556
3 1553 1554 1555
3 1553 1554 1552
3 1579 1578 1580
3 1579 1580 1581
3 1579 1578 1576
3 1579 1577 1576
3 1575 1572 1574
3 1575 1572 1573
3 1575 1576 1574
3 1575 1577 1576
3 1584 1566 1568
3 1584 1538 1536
3 1584 1532 1530
3 1584 1502 1500
3 1584 1564 1562
3 1584 1514 1512
3 1584 1522 1524
3 1584 1570 1568
3 1584 1594 1592
3 1584 1534 1536
3 1584 1560 1562
3 1584 1520 1518
3 1584 1548 1550
3 1584 1590 1592
3 1584 1598 1500
3 1584 1572 1574
3 1584 1526 1524
3 1584 1528 1530
3 1584 1540 1542
3 1584 1576 1574
3 1584 1588 1586
3 1584 1516 1518
3 1584 1508 1506
3 1584 1598 1596
3 1584 1532 1534
3 1584 1504 1506
3 1584 1558 1556
3 1584 1552 1550
3 1584 1548 1546
3 1584 1544 1542
3 1584 1582 1580
3 1584 1578 1580
3 1584 1516 1514
3 1584 1520 1522
3 1584 1504 1502
3 1584 1528 1526
3 1584 1560 1558
3 1584 1510 1512
3 1584 1566 1564
3 1584 1554 1556
3 1584 1540 1538
3 1584 1544 1546
3 1584 1578 1576
3 1584 1590 1588
3 1584 1594 1596
3 1584 1510 1508
3 1584 1554 1552
3 1584 1570 1572
3 1587 1588 1586
3 1587 1588 1589
3 1587 1584 1586
3 1587 1584 1585
3 1583 1582 1580
3 1583 1580 1581
3 1583 1584 1582
3 1583 1584 1585
3 1593 1594 1595
3 1593 1594 1592
3 1599 1598 1500
3 1599 1501 1500
3 1599 1598 1596
3 1599 1597 1596
3 1511 1508 1509
3 1511 1510 1508
3 1511 1510 1512
3 1511 1513 1512
3 1517 1516 1518
3 1517 1518 1519
3 1517 1516 1514
3 1517 1515 1514
3 1531 1532 1530
3 1531 1533 1532
3 1531 1528 1530
3 1531 1529 1528
3 1551 1548 1550
3 1551 1548 1549
3 1551 1552 1550
3 1551 1553 1552
3 1565 1564 1562
3 1565 1562 1563
3 1565 1566 1564
3 1565 1567 1566
3 1569 1566 1568
3 1569 1567 1566
3 1591 1590 1588
3 1591 1588 1589
3 1591 1590 1592
3 1591 1593 1592
3 1571 1531 1533
3 1571 1507 1509
3 1571 1539 1537
3 1571 1511 1509
3 1571 1525 1527
3 1571 1587 1589
3 1571 1591 1589
3 1571 1557 1555
3 1571 1551 1549
3 1571 1503 1501
3 1571 1561 1563
3 1571 1547 1549
3 1571 1541 1543
3 1571 1545 1543
3 1571 1583 1581
3 1571 1599 1501
3 1571 1521 1519
3 1571 1503 1505
3 1571 1507 1505
3 1571 1535 1537
3 1571 1529 1527
3 1571 1539 1541
3 1571 1547 1545
3 1571 1579 1581
3 1571 1575 1573
3 1571 1597 1595
3 1571 1515 1513
3 1571 1521 1523
3 1571 1525 1523
3 1571 1535 1533
3 1571 1517 1519
3 1571 1557 1559
3 1571 1561 1559
3 1571 1553 1555
3 1571 1565 1563
3 1571 1579 1577
3 1571 1575 1577
3 1571 1587 1585
3 1571 1583 1585
3 1571 1593 1595
3 1571 1599 1597
3 1571 1511 1513
3 1571 1517 1515
3 1571 1531 1529
3 1571 1551 1553
3 1571 1565 1567
3 1571 1569 1567
3 1571 1591 1593
3 1571 1570 1572
3 1571 1572 1573
3 1571 1570 1568
3 1571 1569 1568
3 1675 1676 1674
3 1675 1676 1677
3 1675 1672 1674
3 1675 1672 1673
3 1669 1666 1668
3 1669 1666 1667
3 1655 1652 1654
3 1655 1652 1653
3 1639 1636 1638
3 1639 1636 1637
3 1651 1652 1650
3 1651 1652 1653
3 1648 1651 1649
3 1648 1651 1650
3 1625 1626 1624
3 1625 1626 1627
3 1697 1698 1696
3 1697 1698 1699
3 1697 1694 1696
3 1697 1694 1695
3 1693 1694 1692
3 1693 1694 1695
3 1632 1633 1631
3 1632 1631 1630
3 1635 1636 1634
3 1635 1636 1637
3 1635 1632 1634
3 1635 1632 1633
3 1628 1629 1631
3 1628 1631 1630
3 1628 1629 1627
3 1628 1626 1627
3 1679 1676 1677
3 1679 1678 1676
3 1685 1684 1686
3 1685 1686 1687
3 1685 1682 1684
3 1685 1682 1683
3 1665 1664 1666
3 1665 1666 1667
3 1665 1664 1662
3 1665 1663 1662
3 1657 1658 1656
3 1657 1658 1659
3 1657 1654 1656
3 1657 1655 1654
3 1640 1639 1641
3 1640 1639 1638
3 1643 1642 1644
3 1643 1644 1645
3 1643 1640 1642
3 1643 1640 1641
3 1621 1620 1618
3 1621 1618 1619
3 1622 1625 1623
3 1622 1625 1624
3 1622 1621 1623
3 1622 1621 1620
3 1616 1617 1619
3 1616 1618 1619
3 1691 1690 1692
3 1691 1693 1692
3 1671 1672 1673
3 1671 1670 1672
3 1671 1669 1668
3 1671 1670 1668
3 1681 1682 1680
3 1681 1682 1683
3 1681 1678 1680
3 1681 1679 1678
3 1661 1660 1658
3 1661 1658 1659
3 1661 1663 1662
3 1661 1660 1662
3 1646 1644 1645
3 1646 1647 1645
3 1646 1648 1649
3 1646 1647 1649
3 1609 1608 1606
3 1609 1607 1606
3 1601 1698 1600
3 1601 1698 1699
3 1601 1602 1600
3 1601 1602 1603
3 1689 1688 1686
3 1689 1686 1687
3 1689 1690 1688
3 1689 1691 1690
3 1611 1610 1612
3 1611 1612 1613
3 1611 1610 1608
3 1611 1609 1608
3 1605 1661 1659
3 1605 1639 1637
3 1605 1675 1677
3 1605 1697 1699
3 1605 1679 1677
3 1605 1669 1667
3 1605 1655 1653
3 1605 1625 1627
3 1605 1651 1653
3 1605 1693 1695
3 1605 1629 1627
3 1605 1635 1637
3 1605 1685 1687
3 1605 1657 1659
3 1605 1643 1645
3 1605 1689 1687
3 1605 1601 1699
3 1605 1633 1631
3 1605 1629 1631
3 1605 1675 1673
3 1605 1615 1613
3 1605 1681 1683
3 1605 1665 1667
3 1605 1639 1641
3 1605 1651 1649
3 1605 1647 1645
3 1605 1625 1623
3 1605 1617 1619
3 1605 1697 1695
3 1605 1621 1619
3 1605 1635 1633
3 1605 1671 1673
3 1605 1685 1683
3 1605 1665 1663
3 1605 1657 1655
3 1605 1643 1641
3 1605 1647 1649
3 1605 1611 1613
3 1605 1621 1623
3 1605 1691 1693
3 1605 1671 1669
3 1605 1681 1679
3 1605 1661 1663
3 1605 1609 1607
3 1605 1601 1603
3 1605 1615 1617
3 1605 1689 1691
3 1605 1611 1609
3 1614 1615 1613
3 1614 1612 1613
3 1614 1616 1617
3 1614 1615 1617
3 1604 1688 1686
3 1604 1636 1638
3 1604 1684 1686
3 1604 1664 1662
3 1604 1676 1674
3 1604 1698 1600
3 1604 1640 1638
3 1604 1690 1692
3 1604 1626 1624
3 1604 1678 1680
3 1604 1652 1650
3 1604 1610 1612
3 1604 1660 1662
3 1604 1646 1644
3 1604 1694 1692
3 1604 1632 1630
3 1604 1666 1668
3 1604 1672 1674
3 1604 1654 1656
3 1604 1682 1680
3 1604 1690 1688
3 1604 1648 1650
3 1604 1622 1624
3 1604 1698 1696
3 1604 1636 1634
3 1604 1664 1666
3 1604 1628 1630
3 1604 1678 1676
3 1604 1670 1668
3 1604 1652 1654
3 1604 1658 1656
3 1604 1642 1644
3 1604 1602 1600
3 1604 1608 1606
3 1604 1620 1618
3 1604 1694 1696
3 1604 1632 1634
3 1604 1628 1626
3 1604 1670 1672
3 1604 1682 1684
3 1604 1660 1658
3 1604 1640 1642
3 1604 1610 1608
3 1604 1622 1620
3 1604 1616 1618
3 1604 1646 1648
3 1604 1614 1612
3 1604 1614 1616
3 1604 1607 1606
3 1604 1605 1607
3 1604 1602 1603
3 1604 1605 1603
3 1707 1708 1706
3 1707 1709 1708
3 1713 1714 1712
3 1713 1714 1715
3 1704 1707 1705
3 1704 1707 1706
3 1703 1704 1702
3 1703 1704 1705
3 1703 1702 1700
3 1703 1701 1700
3 1720 1719 1721
3 1720 1719 1718
3 1723 1722 1724
3 1723 1725 1724
3 1723 1720 1722
3 1723 1720 1721
3 1797 1794 1796
3 1797 1794 1795
3 1793 1794 1792
3 1793 1794 1795
3 1787 1788 1786
3 1787 1788 1789
3 1742 1743 1745
3 1742 1745 1744
3 1739 1736 1738
3 1739 1736 1737
3 1732 1733 1731
3 1732 1731 1730
3 1735 1736 1734
3 1735 1736 1737
3 1735 1732 1734
3 1735 1732 1733
3 1727 1726 1724
3 1727 1725 1724
3 1753 1754 1752
3 1753 1754 1755
3 1757 1754 1756
3 1757 1754 1755
3 1757 1758 1756
3 1757 1758 1759
3 1763 1764 1762
3 1763 1764 1765
3 1711 1710 1708
3 1711 1709 1708
3 1711 1710 1712
3 1711 1713 1712
3 1717 1716 1714
3 1717 1714 1715
3 1717 1716 1718
3 1717 1719 1718
3 1784 1787 1785
3 1784 1787 1786
3 1783 1784 1782
3 1783 1784 1785
3 1783 1782 1780
3 1783 1781 1780
3 1741 1742 1743
3 1741 1742 1740
3 1741 1740 1738
3 1741 1739 1738
3 1747 1745 1744
3 1747 1746 1744
3 1747 1748 1746
3 1747 1748 1749
3 1751 1748 1750
3 1751 1748 1749
3 1751 1752 1750
3 1751 1753 1752
3 1799 1701 1700
3 1799 1798 1700
3 1799 1797 1796
3 1799 1798 1796
3 1777 1776 1774
3 1777 1774 1775
3 1791 1788 1789
3 1791 1790 1788
3 1791 1793 1792
3 1791 1790 1792
3 1729 1731 1730
3 1729 1728 1730
3 1729 1727 1726
3 1729 1728 1726
3 1767 1764 1765
3 1767 1766 1764
3 1761 1758 1759
3 1761 1760 1758
3 1761 1763 1762
3 1761 1760 1762
3 1769 1770 1768
3 1769 1770 1771
3 1769 1766 1768
3 1769 1767 1766
3 1772 1736 1738
3 1772 1714 1712
3 1772 1710 1712
3 1772 1716 1718
3 1772 1742 1744
3 1772 1784 1786
3 1772 1726 1724
3 1772 1778 1780
3 1772 1722 1724
3 1772 1740 1738
3 1772 1752 1750
3 1772 1708 1706
3 1772 1702 1700
3 1772 1798 1700
3 1772 1788 1786
3 1772 1790 1792
3 1772 1764 1762
3 1772 1710 1708
3 1772 1766 1768
3 1772 1716 1714
3 1772 1704 1706
3 1772 1720 1718
3 1772 1794 1792
3 1772 1736 1734
3 1772 1748 1750
3 1772 1732 1730
3 1772 1754 1756
3 1772 1704 1702
3 1772 1720 1722
3 1772 1794 1796
3 1772 1782 1780
3 1772 1776 1774
3 1772 1742 1740
3 1772 1746 1744
3 1772 1732 1734
3 1772 1754 1752
3 1772 1728 1730
3 1772 1758 1756
3 1772 1798 1796
3 1772 1784 1782
3 1772 1760 1762
3 1772 1790 1788
3 1772 1748 1746
3 1772 1728 1726
3 1772 1766 1764
3 1772 1770 1768
3 1772 1760 1758
3 1772 1778 1776
3 1772 1774 1775
3 1772 1773 1775
3 1772 1773 1771
3 1772 1770 1771
3 1779 1753 1755
3 1779 1727 1725
3 1779 1703 1705
3 1779 1799 1701
3 1779 1797 1795
3 1779 1707 1705
3 1779 1711 1709
3 1779 1723 1725
3 1779 1787 1785
3 1779 1735 1737
3 1779 1739 1737
3 1779 1767 1765
3 1779 1713 1715
3 1779 1793 1795
3 1779 1743 1745
3 1779 1741 1743
3 1779 1733 1731
3 1779 1757 1755
3 1779 1707 1709
3 1779 1763 1765
3 1779 1703 1701
3 1779 1719 1721
3 1779 1723 1721
3 1779 1751 1749
3 1779 1717 1715
3 1779 1777 1775
3 1779 1787 1789
3 1779 1783 1785
3 1779 1735 1733
3 1779 1791 1789
3 1779 1747 1745
3 1779 1729 1731
3 1779 1757 1759
3 1779 1773 1775
3 1779 1711 1713
3 1779 1717 1719
3 1779 1783 1781
3 1779 1741 1739
3 1779 1747 1749
3 1779 1751 1753
3 1779 1799 1797
3 1779 1769 1771
3 1779 1791 1793
3 1779 1729 1727
3 1779 1761 1759
3 1779 1773 1771
3 1779 1761 1763
3 1779 1769 1767
3 1779 1781 1780
3 1779 1778 1780
3 1779 1777 1776
3 1779 1778 1776
3 1826 1827 1825
3 1826 1825 1824
3 1842 1843 1845
3 1842 1845 1844
3 1851 1848 1850
3 1851 1848 1849
3 1814 1813 1815
3 1814 1813 1812
3 1820 1819 1821
3 1820 1819 1818
3 1833 1832 1834
3 1833 1834 1835
3 1833 1832 1830
3 1833 1831 1830
3 1857 1854 1856
3 1857 1854 1855
3 1857 1858 1856
3 1857 1858 1859
3 1837 1834 1836
3 1837 1834 1835
3 1837 1838 1836
3 1837 1839 1838
3 1841 1842 1840
3 1841 1842 1843
3 1841 1838 1840
3 1841 1839 1838
3 1810 1813 1811
3 1810 1813 1812
3 1816 1819 1817
3 1816 1819 1818
3 1816 1815 1817
3 1816 1814 1815
3 1802 1801 1803
3 1802 1801 1800
3 1809 1810 1808
3 1809 1810 1811
3 1809 1808 1806
3 1809 1807 1806
3 1805 1802 1804
3 1805 1802 1803
3 1805 1804 1806
3 1805 1807 1806
3 1829 1826 1827
3 1829 1828 1826
3 1829 1831 1830
3 1829 1828 1830
3 1887 1884 1886
3 1887 1884 1885
3 1887 1888 1886
3 1887 1888 1889
3 1864 1863 1865
3 1864 1863 1862
3 1867 1864 1866
3 1867 1864 1865
3 1867 1866 1868
3 1867 1869 1868
3 1846 1845 1844
3 1846 1847 1845
3 1846 1848 1849
3 1846 1847 1849
3 1853 1854 1855
3 1853 1852 1854
3 1853 1851 1850
3 1853 1852 1850
3 1897 1894 1896
3 1897 1894 1895
3 1898 1801 1899
3 1898 1801 1800
3 1898 1897 1899
3 1898 1897 1896
3 1822 1825 1824
3 1822 1823 1825
3 1822 1820 1821
3 1822 1823 1821
3 1893 1894 1892
3 1893 1894 1895
3 1890 1893 1891
3 1890 1893 1892
3 1890 1891 1889
3 1890 1888 1889
3 1873 1872 1874
3 1873 1874 1875
3 1861 1858 1859
3 1861 1860 1858
3 1861 1863 1862
3 1861 1860 1862
3 1883 1884 1885
3 1883 1882 1884
3 1881 1878 1880
3 1881 1878 1879
3 1881 1882 1880
3 1881 1883 1882
3 1876 1814 1812
3 1876 1832 1830
3 1876 1842 1844
3 1876 1894 1892
3 1876 1826 1824
3 1876 1816 1818
3 1876 1834 1836
3 1876 1872 1874
3 1876 1864 1862
3 1876 1838 1836
3 1876 1852 1850
3 1876 1828 1830
3 1876 1888 1886
3 1876 1838 1840
3 1876 1832 1834
3 1876 1848 1850
3 1876 1898 1800
3 1876 1884 1886
3 1876 1854 1856
3 1876 1882 1880
3 1876 1842 1840
3 1876 1860 1862
3 1876 1808 1806
3 1876 1810 1812
3 1876 1804 1806
3 1876 1820 1818
3 1876 1828 1826
3 1876 1802 1800
3 1876 1866 1868
3 1876 1858 1856
3 1876 1852 1854
3 1876 1810 1808
3 1876 1816 1814
3 1876 1846 1844
3 1876 1802 1804
3 1876 1822 1824
3 1876 1870 1868
3 1876 1864 1866
3 1876 1890 1892
3 1876 1860 1858
3 1876 1846 1848
3 1876 1894 1896
3 1876 1898 1896
3 1876 1822 1820
3 1876 1882 1884
3 1876 1878 1880
3 1876 1890 1888
3 1876 1870 1872
3 1876 1874 1875
3 1876 1877 1875
3 1876 1877 1879
3 1876 1878 1879
3 1871 1863 1865
3 1871 1819 1817
3 1871 1801 1803
3 1871 1813 1811
3 1871 1883 1885
3 1871 1893 1895
3 1871 1815 1817
3 1871 1827 1825
3 1871 1829 1827
3 1871 1843 1845
3 1871 1841 1843
3 1871 1867 1865
3 1871 1853 1855
3 1871 1805 1803
3 1871 1823 1825
3 1871 1833 1835
3 1871 1857 1855
3 1871 1837 1835
3 1871 1851 1849
3 1871 1813 1815
3 1871 1847 1845
3 1871 1809 1811
3 1871 1819 1821
3 1871 1833 1831
3 1871 1897 1895
3 1871 1887 1885
3 1871 1857 1859
3 1871 1873 1875
3 1871 1837 1839
3 1871 1841 1839
3 1871 1847 1849
3 1871 1801 1899
3 1871 1809 1807
3 1871 1805 1807
3 1871 1823 1821
3 1871 1829 1831
3 1871 1861 1859
3 1871 1891 1889
3 1871 1887 1889
3 1871 1867 1869
3 1871 1853 1851
3 1871 1897 1899
3 1871 1893 1891
3 1871 1881 1879
3 1871 1861 1863
3 1871 1877 1875
3 1871 1877 1879
3 1871 1881 1883
3 1871 1869 1868
3 1871 1870 1868
3 1871 1873 1872
3 1871 1870 1872
3 1973 1970 1972
3 1973 1970 1971
3 1973 1972 1974
3 1973 1975 1974
3 1969 1970 1968
3 1969 1970 1971
3 1976 1977 1975
3 1976 1975 1974
3 1942 1943 1945
3 1942 1945 1944
3 1939 1938 1936
3 1939 1936 1937
3 1951 1952 1950
3 1951 1952 1953
3 1951 1948 1950
3 1951 1948 1949
3 1925 1926 1924
3 1925 1926 1927
3 1922 1925 1923
3 1922 1925 1924
3 1935 1934 1936
3 1935 1936 1937
3 1935 1934 1932
3 1935 1933 1932
3 1929 1926 1927
3 1929 1926 1928
3 1966 1969 1967
3 1966 1969 1968
3 1965 1964 1962
3 1965 1963 1962
3 1965 1966 1964
3 1965 1966 1967
3 1955 1954 1952
3 1955 1952 1953
3 1955 1954 1956
3 1955 1957 1956
3 1978 1977 1979
3 1978 1976 1977
3 1902 1901 1903
3 1902 1901 1900
3 1998 1901 1999
3 1998 1901 1900
3 1981 1978 1980
3 1981 1978 1979
3 1941 1942 1943
3 1941 1942 1940
3 1941 1938 1940
3 1941 1939 1938
3 1931 1932 1930
3 1931 1933 1932
3 1931 1928 1930
3 1931 1929 1928
3 1915 1914 1912
3 1915 1913 1912
3 1959 1958 1956
3 1959 1957 1956
3 1911 1910 1912
3 1911 1913 1912
3 1994 1995 1993
3 1994 1993 1992
3 1997 1998 1996
3 1997 1998 1999
3 1997 1994 1996
3 1997 1994 1995
3 1991 1990 1988
3 1991 1988 1989
3 1991 1990 1992
3 1991 1993 1992
3 1982 1981 1983
3 1982 1981 1980
3 1987 1988 1986
3 1987 1988 1989
3 1946 1945 1944
3 1946 1947 1945
3 1946 1948 1949
3 1946 1947 1949
3 1920 1921 1919
3 1920 1918 1919
3 1920 1922 1923
3 1920 1921 1923
3 1917 1916 1918
3 1917 1918 1919
3 1917 1916 1914
3 1917 1915 1914
3 1961 1963 1962
3 1961 1960 1962
3 1961 1960 1958
3 1961 1959 1958
3 1904 1905 1907
3 1904 1906 1907
3 1904 1902 1903
3 1904 1905 1903
3 1908 1934 1936
3 1908 1926 1924
3 1908 1972 1974
3 1908 1942 1944
3 1908 1976 1974
3 1908 1966 1968
3 1908 1978 1980
3 1908 1938 1936
3 1908 1970 1968
3 1908 1954 1956
3 1908 1952 1950
3 1908 1988 1986
3 1908 1932 1930
3 1908 1948 1950
3 1908 1914 1912
3 1908 1964 1962
3 1908 1990 1992
3 1908 1910 1912
3 1908 1938 1940
3 1908 1934 1932
3 1908 1928 1930
3 1908 1922 1924
3 1908 1970 1972
3 1908 1916 1918
3 1908 1954 1952
3 1908 1958 1956
3 1908 1960 1962
3 1908 1902 1900
3 1908 1984 1986
3 1908 1998 1900
3 1908 1942 1940
3 1908 1982 1980
3 1908 1926 1928
3 1908 1946 1944
3 1908 1916 1914
3 1908 1966 1964
3 1908 1960 1958
3 1908 1978 1976
3 1908 1920 1918
3 1908 1904 1906
3 1908 1998 1996
3 1908 1990 1988
3 1908 1994 1992
3 1908 1994 1996
3 1908 1982 1984
3 1908 1946 1948
3 1908 1920 1922
3 1908 1904 1902
3 1985 1982 1983
3 1985 1982 1984
3 1985 1984 1986
3 1985 1987 1986
3 1909 1977 1979
3 1909 1947 1945
3 1909 1901 1999
3 1909 1925 1927
3 1909 1973 1971
3 1909 1965 1963
3 1909 1955 1953
3 1909 1985 1983
3 1909 1939 1937
3 1909 1929 1927
3 1909 1987 1989
3 1909 1977 1975
3 1909 1969 1971
3 1909 1931 1933
3 1909 1943 1945
3 1909 1941 1943
3 1909 1951 1953
3 1909 1935 1937
3 1909 1973 1975
3 1909 1969 1967
3 1909 1917 1919
3 1909 1905 1907
3 1909 1997 1999
3 1909 1991 1989
3 1909 1981 1979
3 1909 1951 1949
3 1909 1925 1923
3 1909 1935 1933
3 1909 1921 1919
3 1909 1965 1967
3 1909 1955 1957
3 1909 1901 1903
3 1909 1995 1993
3 1909 1981 1983
3 1909 1941 1939
3 1909 1947 1949
3 1909 1921 1923
3 1909 1931 1929
3 1909 1915 1913
3 1909 1959 1957
3 1909 1905 1903
3 1909 1911 1913
3 1909 1997 1995
3 1909 1991 1993
3 1909 1961 1963
3 1909 1917 1915
3 1909 1961 1959
3 1909 1985 1987
3 1909 1906 1907
3 1909 1908 1906
3 1909 1911 1910
3 1909 1908 1910
3 2039 2040 2038
3 2039 2040 2041
3 2051 2048 2050
3 2051 2048 2049
3 2036 2039 2037
3 2036 2039 2038
3 2043 2040 2041
3 2043 2042 2040
3 2043 2042 2044
3 2043 2045 2044
3 2047 2048 2049
3 2047 2046 2048
3 2047 2046 2044
3 2047 2045 2044
3 2055 2054 2056
3 2055 2056 2057
3 2052 2051 2053
3 2052 2051 2050
3 2052 2055 2053
3 2052 2055 2054
3 2026 2027 2025
3 2026 2025 2024
3 2029 2028 2030
3 2029 2031 2030
3 2029 2026 2028
3 2029 2026 2027
3 2032 2033 2031
3 2032 2031 2030
3 2035 2036 2034
3 2035 2036 2037
3 2035 2032 2034
3 2035 2032 2033
3 2011 2010 2012
3 2011 2012 2013
3 2011 2010 2008
3 2011 2009 2008
3 2001 2002 2000
3 2001 2002 2003
3 2098 2001 2000
3 2098 2001 2099
3 2005 2004 2002
3 2005 2002 2003
3 2092 2095 2093
3 2092 2095 2094
3 2064 2065 2063
3 2064 2063 2062
3 2060 2061 2063
3 2060 2063 2062
3 2059 2058 2056
3 2059 2056 2057
3 2059 2060 2058
3 2059 2060 2061
3 2017 2016 2018
3 2017 2019 2018
3 2096 2095 2097
3 2096 2095 2094
3 2096 2099 2097
3 2096 2098 2099
3 2007 2008 2006
3 2007 2009 2008
3 2007 2004 2006
3 2007 2005 2004
3 2087 2084 2086
3 2087 2084 2085
3 2087 2088 2086
3 2087 2088 2089
3 2091 2092 2093
3 2091 2092 2090
3 2091 2088 2090
3 2091 2088 2089
3 2066 2069 2067
3 2066 2069 2068
3 2066 2065 2067
3 2066 2064 2065
3 2070 2069 2071
3 2070 2069 2068
3 2073 2072 2074
3 2073 2074 2075
3 2073 2070 2072
3 2073 2070 2071
3 2023 2025 2024
3 2023 2022 2024
3 2083 2084 2085
3 2083 2082 2084
3 2015 2012 2013
3 2015 2014 2012
3 2015 2017 2016
3 2015 2014 2016
3 2021 2020 2018
3 2021 2019 2018
3 2021 2022 2020
3 2021 2023 2022
3 2081 2047 2049
3 2081 2011 2013
3 2081 2095 2093
3 2081 2039 2041
3 2081 2029 2031
3 2081 2069 2067
3 2081 2039 2037
3 2081 2083 2085
3 2081 2027 2025
3 2081 2087 2085
3 2081 2043 2041
3 2081 2051 2049
3 2081 2065 2067
3 2081 2035 2037
3 2081 2005 2003
3 2081 2051 2053
3 2081 2055 2057
3 2081 2091 2093
3 2081 2033 2031
3 2081 2073 2075
3 2081 2001 2003
3 2081 2099 2097
3 2081 2095 2097
3 2081 2043 2045
3 2081 2047 2045
3 2081 2055 2053
3 2081 2065 2063
3 2081 2061 2063
3 2081 2059 2057
3 2081 2029 2027
3 2081 2035 2033
3 2081 2011 2009
3 2081 2001 2099
3 2081 2077 2075
3 2081 2007 2009
3 2081 2023 2025
3 2081 2059 2061
3 2081 2069 2071
3 2081 2017 2019
3 2081 2007 2005
3 2081 2087 2089
3 2081 2091 2089
3 2081 2073 2071
3 2081 2015 2013
3 2081 2021 2019
3 2081 2077 2079
3 2081 2015 2017
3 2081 2021 2023
3 2081 2078 2080
3 2081 2078 2079
3 2081 2082 2080
3 2081 2083 2082
3 2076 2002 2000
3 2076 2060 2062
3 2076 2040 2038
3 2076 2036 2038
3 2076 2048 2050
3 2076 2052 2050
3 2076 2082 2080
3 2076 2072 2074
3 2076 2064 2062
3 2076 2070 2068
3 2076 2096 2094
3 2076 2042 2044
3 2076 2046 2044
3 2076 2026 2024
3 2076 2028 2030
3 2076 2032 2030
3 2076 2008 2006
3 2076 2010 2012
3 2076 2004 2006
3 2076 2042 2040
3 2076 2046 2048
3 2076 2058 2056
3 2076 2054 2056
3 2076 2084 2086
3 2076 2036 2034
3 2076 2010 2008
3 2076 2004 2002
3 2076 2098 2000
3 2076 2092 2094
3 2076 2052 2054
3 2076 2026 2028
3 2076 2032 2034
3 2076 2016 2018
3 2076 2020 2018
3 2076 2022 2024
3 2076 2092 2090
3 2076 2088 2086
3 2076 2014 2012
3 2076 2060 2058
3 2076 2066 2068
3 2076 2022 2020
3 2076 2096 2098
3 2076 2088 2090
3 2076 2082 2084
3 2076 2078 2080
3 2076 2066 2064
3 2076 2070 2072
3 2076 2014 2016
3 2076 2074 2075
3 2076 2077 2075
3 2076 2077 2079
3 2076 2078 2079
3 2111 2108 2110
3 2111 2108 2109
3 2111 2110 2112
3 2111 2113 2112
3 2103 2102 2100
3 2103 2101 2100
3 2103 2104 2102
3 2103 2104 2105
3 2107 2108 2106
3 2107 2108 2109
3 2107 2104 2106
3 2107 2104 2105
3 2199 2198 2100
3 2199 2101 2100
3 2199 2198 2196
3 2199 2197 2196
3 2195 2192 2194
3 2195 2192 2193
3 2195 2196 2194
3 2195 2197 2196
3 2140 2141 2143
3 2140 2143 2142
3 2139 2138 2136
3 2139 2136 2137
3 2139 2140 2138
3 2139 2140 2141
3 2144 2145 2143
3 2144 2143 2142
3 2147 2148 2146
3 2147 2148 2149
3 2147 2144 2146
3 2147 2144 2145
3 2180 2183 2181
3 2180 2183 2182
3 2125 2126 2124
3 2125 2126 2127
3 2125 2122 2124
3 2125 2122 2123
3 2121 2120 2118
3 2121 2118 2119
3 2121 2122 2120
3 2121 2122 2123
3 2114 2115 2113
3 2114 2113 2112
3 2117 2116 2118
3 2117 2118 2119
3 2117 2114 2116
3 2117 2114 2115
3 2189 2186 2187
3 2189 2186 2188
3 2133 2132 2130
3 2133 2131 2130
3 2157 2154 2156
3 2157 2154 2155
3 2157 2158 2156
3 2157 2159 2158
3 2161 2160 2162
3 2161 2162 2163
3 2161 2160 2158
3 2161 2159 2158
3 2151 2148 2150
3 2151 2148 2149
3 2152 2151 2153
3 2152 2151 2150
3 2152 2153 2155
3 2152 2154 2155
3 2176 2160 2162
3 2176 2166 2168
3 2176 2132 2130
3 2176 2102 2100
3 2176 2172 2174
3 2176 2122 2124
3 2176 2180 2182
3 2176 2110 2112
3 2176 2104 2106
3 2176 2134 2136
3 2176 2138 2136
3 2176 2108 2106
3 2176 2148 2150
3 2176 2196 2194
3 2176 2198 2100
3 2176 2170 2168
3 2176 2126 2124
3 2176 2164 2162
3 2176 2140 2142
3 2176 2190 2188
3 2176 2116 2118
3 2176 2120 2118
3 2176 2152 2150
3 2176 2192 2194
3 2176 2198 2196
3 2176 2132 2134
3 2176 2184 2182
3 2176 2186 2188
3 2176 2158 2156
3 2176 2148 2146
3 2176 2144 2142
3 2176 2108 2110
3 2176 2104 2102
3 2176 2190 2192
3 2176 2114 2112
3 2176 2166 2164
3 2176 2128 2130
3 2176 2160 2158
3 2176 2154 2156
3 2176 2140 2138
3 2176 2144 2146
3 2176 2180 2178
3 2176 2122 2120
3 2176 2114 2116
3 2176 2184 2186
3 2176 2128 2126
3 2176 2170 2172
3 2176 2152 2154
3 2175 2172 2174
3 2175 2172 2173
3 2175 2176 2174
3 2175 2176 2177
3 2179 2180 2181
3 2179 2180 2178
3 2179 2176 2178
3 2179 2176 2177
3 2191 2190 2192
3 2191 2192 2193
3 2191 2190 2188
3 2191 2189 2188
3 2185 2186 2187
3 2185 2184 2186
3 2185 2183 2182
3 2185 2184 2182
3 2129 2126 2127
3 2129 2128 2126
3 2129 2128 2130
3 2129 2131 2130
3 2135 2134 2136
3 2135 2136 2137
3 2135 2132 2134
3 2135 2133 2132
3 2165 2164 2162
3 2165 2162 2163
3 2165 2166 2164
3 2165 2167 2166
3 2169 2166 2168
3 2169 2167 2166
3 2171 2195 2193
3 2171 2125 2127
3 2171 2107 2109
3 2171 2129 2127
3 2171 2183 2181
3 2171 2179 2181
3 2171 2111 2109
3 2171 2139 2137
3 2171 2161 2163
3 2171 2121 2119
3 2171 2103 2101
3 2171 2117 2119
3 2171 2199 2101
3 2171 2147 2149
3 2171 2157 2155
3 2171 2141 2143
3 2171 2145 2143
3 2171 2175 2173
3 2171 2115 2113
3 2171 2111 2113
3 2171 2103 2105
3 2171 2107 2105
3 2171 2191 2193
3 2171 2199 2197
3 2171 2195 2197
3 2171 2185 2187
3 2171 2135 2137
3 2171 2153 2155
3 2171 2139 2141
3 2171 2147 2145
3 2171 2151 2149
3 2171 2125 2123
3 2171 2121 2123
3 2171 2117 2115
3 2171 2189 2187
3 2171 2133 2131
3 2171 2165 2163
3 2171 2157 2159
3 2171 2161 2159
3 2171 2151 2153
3 2171 2175 2177
3 2171 2179 2177
3 2171 2191 2189
3 2171 2185 2183
3 2171 2129 2131
3 2171 2135 2133
3 2171 2165 2167
3 2171 2169 2167
3 2171 2170 2172
3 2171 2172 2173
3 2171 2170 2168
3 2171 2169 2168
3 2257 2254 2256
3 2257 2254 2255
3 2251 2248 2250
3 2251 2248 2249
3 2252 2251 2253
3 2252 2251 2250
3 2252 2253 2255
3 2252 2254 2255
3 2259 2260 2258
3 2259 2260 2261
3 2259 2258 2256
3 2259 2257 2256
3 2265 2266 2264
3 2265 2266 2267
3 2269 2266 2267
3 2269 2266 2268
3 2244 2245 2243
3 2244 2243 2242
3 2247 2248 2246
3 2247 2248 2249
3 2247 2244 2246
3 2247 2244 2245
3 2239 2238 2236
3 2239 2236 2237
3 2231 2228 2230
3 2231 2228 2229
3 2231 2232 2230
3 2231 2233 2232
3 2235 2234 2236
3 2235 2236 2237
3 2235 2234 2232
3 2235 2233 2232
3 2263 2260 2262
3 2263 2260 2261
3 2263 2264 2262
3 2263 2265 2264
3 2285 2284 2286
3 2285 2286 2287
3 2275 2272 2274
3 2275 2272 2273
3 2271 2270 2272
3 2271 2272 2273
3 2271 2270 2268
3 2271 2269 2268
3 2208 2209 2207
3 2208 2207 2206
3 2211 2210 2212
3 2211 2212 2213
3 2211 2208 2210
3 2211 2208 2209
3 2201 2298 2200
3 2201 2298 2299
3 2201 2202 2200
3 2201 2202 2203
3 2226 2227 2225
3 2226 2225 2224
3 2226 2227 2229
3 2226 2228 2229
3 2215 2214 2212
3 2215 2212 2213
3 2292 2295 2293
3 2292 2295 2294
3 2283 2282 2280
3 2283 2281 2280
3 2283 2284 2282
3 2283 2285 2284
3 2276 2275 2277
3 2276 2275 2274
3 2279 2278 2280
3 2279 2281 2280
3 2279 2276 2278
3 2279 2276 2277
3 2241 2243 2242
3 2241 2240 2242
3 2241 2239 2238
3 2241 2240 2238
3 2221 2220 2218
3 2221 2219 2218
3 2297 2296 2298
3 2297 2298 2299
3 2297 2296 2294
3 2297 2295 2294
3 2291 2292 2290
3 2291 2292 2293
3 2288 2286 2287
3 2288 2289 2287
3 2288 2291 2289
3 2288 2291 2290
3 2204 2270 2268
3 2204 2210 2212
3 2204 2216 2218
3 2204 2260 2262
3 2204 2214 2212
3 2204 2234 2236
3 2204 2202 2200
3 2204 2264 2262
3 2204 2272 2274
3 2204 2248 2250
3 2204 2208 2206
3 2204 2258 2256
3 2204 2252 2250
3 2204 2298 2200
3 2204 2266 2268
3 2204 2232 2230
3 2204 2284 2286
3 2204 2238 2236
3 2204 2244 2242
3 2204 2296 2294
3 2204 2260 2258
3 2204 2254 2256
3 2204 2282 2280
3 2204 2270 2272
3 2204 2234 2232
3 2204 2248 2246
3 2204 2292 2294
3 2204 2240 2242
3 2204 2228 2230
3 2204 2222 2224
3 2204 2252 2254
3 2204 2266 2264
3 2204 2284 2282
3 2204 2244 2246
3 2204 2276 2274
3 2204 2226 2224
3 2204 2296 2298
3 2204 2220 2218
3 2204 2278 2280
3 2204 2240 2238
3 2204 2208 2210
3 2204 2288 2286
3 2204 2226 2228
3 2204 2220 2222
3 2204 2292 2290
3 2204 2276 2278
3 2204 2216 2214
3 2204 2288 2290
3 2204 2207 2206
3 2204 2205 2207
3 2204 2202 2203
3 2204 2205 2203
3 2217 2216 2218
3 2217 2219 2218
3 2217 2215 2214
3 2217 2216 2214
3 2223 2201 2299
3 2223 2251 2249
3 2223 2217 2219
3 2223 2247 2249
3 2223 2259 2261
3 2223 2231 2229
3 2223 2275 2273
3 2223 2239 2237
3 2223 2263 2261
3 2223 2211 2213
3 2223 2253 2255
3 2223 2257 2255
3 2223 2285 2287
3 2223 2235 2237
3 2223 2245 2243
3 2223 2271 2273
3 2223 2227 2225
3 2223 2205 2207
3 2223 2215 2213
3 2223 2251 2253
3 2223 2259 2257
3 2223 2265 2267
3 2223 2283 2281
3 2223 2269 2267
3 2223 2247 2245
3 2223 2279 2281
3 2223 2209 2207
3 2223 2241 2243
3 2223 2227 2229
3 2223 2231 2233
3 2223 2235 2233
3 2223 2263 2265
3 2223 2289 2287
3 2223 2275 2277
3 2223 2271 2269
3 2223 2211 2209
3 2223 2201 2203
3 2223 2291 2293
3 2223 2295 2293
3 2223 2297 2299
3 2223 2283 2285
3 2223 2279 2277
3 2223 2241 2239
3 2223 2205 2203
3 2223 2221 2219
3 2223 2297 2295
3 2223 2291 2289
3 2223 2217 2215
3 2223 2222 2224
3 2223 2225 2224
3 2223 2220 2222
3 2223 2221 2220
3 2372 2373 2375
3 2372 2375 2374
3 2369 2366 2368
3 2369 2366 2367
3 2342 2343 2345
3 2342 2345 2344
3 2339 2338 2336
3 2339 2336 2337
3 2351 2348 2350
3 2351 2348 2349
3 2326 2327 2325
3 2326 2325 2324
3 2335 2334 2336
3 2335 2336 2337
3 2335 2334 2332
3 2335 2333 2332
3 2331 2332 2330
3 2331 2333 2332
3 2365 2364 2366
3 2365 2366 2367
3 2365 2364 2362
3 2365 2363 2362
3 2357 2358 2356
3 2357 2358 2359
3 2354 2357 2356
3 2354 2357 2355
3 2381 2382 2380
3 2381 2382 2383
3 2388 2387 2389
3 2388 2387 2386
3 2341 2342 2343
3 2341 2342 2340
3 2341 2338 2340
3 2341 2339 2338
3 2309 2308 2306
3 2309 2307 2306
3 2304 2307 2305
3 2304 2307 2306
3 2303 2304 2302
3 2303 2304 2305
3 2303 2302 2300
3 2303 2301 2300
3 2329 2326 2327
3 2329 2326 2328
3 2329 2328 2330
3 2329 2331 2330
3 2315 2314 2312
3 2315 2312 2313
3 2360 2361 2363
3 2360 2363 2362
3 2360 2361 2359
3 2360 2358 2359
3 2352 2351 2350
3 2352 2351 2353
3 2352 2355 2353
3 2352 2354 2355
3 2385 2382 2384
3 2385 2382 2383
3 2385 2384 2386
3 2385 2387 2386
3 2378 2381 2379
3 2378 2381 2380
3 2377 2375 2374
3 2377 2376 2374
3 2377 2378 2376
3 2377 2378 2379
3 2371 2372 2373
3 2371 2370 2372
3 2371 2369 2368
3 2371 2370 2368
3 2395 2396 2394
3 2395 2396 2397
3 2395 2392 2394
3 2395 2392 2393
3 2391 2388 2389
3 2391 2388 2390
3 2391 2392 2390
3 2391 2392 2393
3 2346 2345 2344
3 2346 2347 2345
3 2346 2348 2349
3 2346 2347 2349
3 2311 2310 2312
3 2311 2312 2313
3 2311 2310 2308
3 2311 2309 2308
3 2399 2398 2396
3 2399 2396 2397
3 2399 2301 2300
3 2399 2398 2300
3 2316 2348 2350
3 2316 2302 2300
3 2316 2384 2386
3 2316 2342 2344
3 2316 2338 2336
3 2316 2382 2380
3 2316 2372 2374
3 2316 2310 2312
3 2316 2314 2312
3 2316 2322 2324
3 2316 2370 2368
3 2316 2332 2330
3 2316 2334 2336
3 2316 2326 2324
3 2316 2366 2368
3 2316 2398 2300
3 2316 2364 2362
3 2316 2304 2306
3 2316 2338 2340
3 2316 2334 2332
3 2316 2308 2306
3 2316 2328 2330
3 2316 2364 2366
3 2316 2360 2362
3 2316 2376 2374
3 2316 2396 2394
3 2316 2378 2380
3 2316 2342 2340
3 2316 2392 2394
3 2316 2310 2308
3 2316 2388 2386
3 2316 2326 2328
3 2316 2346 2344
3 2316 2320 2318
3 2316 2358 2356
3 2316 2354 2356
3 2316 2382 2384
3 2316 2352 2350
3 2316 2370 2372
3 2316 2388 2390
3 2316 2304 2302
3 2316 2398 2396
3 2316 2322 2320
3 2316 2360 2358
3 2316 2352 2354
3 2316 2378 2376
3 2316 2392 2390
3 2316 2346 2348
3 2321 2320 2318
3 2321 2319 2318
3 2317 2316 2318
3 2317 2319 2318
3 2317 2315 2314
3 2317 2316 2314
3 2323 2339 2337
3 2323 2357 2359
3 2323 2351 2353
3 2323 2303 2305
3 2323 2311 2313
3 2323 2361 2359
3 2323 2355 2353
3 2323 2315 2313
3 2323 2369 2367
3 2323 2327 2325
3 2323 2329 2327
3 2323 2373 2375
3 2323 2381 2383
3 2323 2343 2345
3 2323 2341 2343
3 2323 2347 2345
3 2323 2335 2337
3 2323 2399 2397
3 2323 2361 2363
3 2323 2365 2367
3 2323 2385 2383
3 2323 2377 2375
3 2323 2371 2373
3 2323 2351 2349
3 2323 2307 2305
3 2323 2391 2389
3 2323 2335 2333
3 2323 2331 2333
3 2323 2365 2363
3 2323 2357 2355
3 2323 2387 2389
3 2323 2381 2379
3 2323 2395 2397
3 2323 2341 2339
3 2323 2347 2349
3 2323 2309 2307
3 2323 2303 2301
3 2323 2329 2331
3 2323 2317 2319
3 2323 2385 2387
3 2323 2377 2379
3 2323 2371 2369
3 2323 2395 2393
3 2323 2391 2393
3 2323 2311 2309
3 2323 2399 2301
3 2323 2321 2319
3 2323 2317 2315
3 2323 2325 2324
3 2323 2322 2324
3 2323 2322 2320
3 2323 2321 2320
3 2439 2436 2438
3 2439 2436 2437
3 2440 2439 2441
3 2440 2439 2438
3 2448 2451 2449
3 2448 2451 2450
3 2426 2427 2425
3 2426 2425 2424
3 2452 2451 2453
3 2452 2451 2450
3 2465 2466 2464
3 2465 2466 2467
3 2469 2466 2468
3 2469 2466 2467
3 2469 2470 2468
3 2469 2470 2471
3 2455 2452 2454
3 2455 2452 2453
3 2455 2454 2456
3 2455 2457 2456
3 2459 2460 2458
3 2459 2460 2461
3 2459 2458 2456
3 2459 2457 2456
3 2463 2460 2462
3 2463 2460 2461
3 2463 2464 2462
3 2463 2465 2464
3 2481 2482 2480
3 2481 2482 2483
3 2478 2481 2479
3 2478 2481 2480
3 2484 2487 2485
3 2484 2487 2486
3 2484 2485 2483
3 2484 2482 2483
3 2488 2487 2489
3 2488 2487 2486
3 2435 2436 2434
3 2435 2436 2437
3 2442 2443 2445
3 2442 2444 2445
3 2442 2440 2441
3 2442 2443 2441
3 2446 2447 2445
3 2446 2444 2445
3 2446 2448 2449
3 2446 2447 2449
3 2407 2404 2406
3 2407 2404 2405
3 2407 2408 2406
3 2407 2409 2408
3 2411 2410 2412
3 2411 2412 2413
3 2411 2410 2408
3 2411 2409 2408
3 2472 2473 2475
3 2472 2475 2474
3 2472 2470 2471
3 2472 2473 2471
3 2495 2496 2494
3 2495 2496 2497
3 2495 2492 2494
3 2495 2492 2493
3 2491 2488 2489
3 2491 2488 2490
3 2491 2492 2490
3 2491 2492 2493
3 2429 2426 2427
3 2429 2428 2426
3 2429 2428 2430
3 2429 2431 2430
3 2433 2432 2430
3 2433 2431 2430
3 2433 2432 2434
3 2433 2435 2434
3 2499 2498 2496
3 2499 2496 2497
3 2499 2498 2400
3 2499 2401 2400
3 2403 2404 2405
3 2403 2402 2404
3 2403 2402 2400
3 2403 2401 2400
3 2417 2416 2418
3 2417 2419 2418
3 2414 2412 2413
3 2414 2415 2413
3 2414 2417 2415
3 2414 2417 2416
3 2421 2420 2418
3 2421 2419 2418
3 2476 2484 2486
3 2476 2422 2424
3 2476 2464 2462
3 2476 2414 2412
3 2476 2440 2438
3 2476 2460 2462
3 2476 2410 2412
3 2476 2492 2494
3 2476 2452 2450
3 2476 2466 2468
3 2476 2436 2438
3 2476 2432 2430
3 2476 2448 2450
3 2476 2498 2400
3 2476 2426 2424
3 2476 2454 2456
3 2476 2402 2400
3 2476 2446 2444
3 2476 2436 2434
3 2476 2432 2434
3 2476 2428 2430
3 2476 2442 2444
3 2476 2408 2406
3 2476 2488 2486
3 2476 2466 2464
3 2476 2452 2454
3 2476 2458 2456
3 2476 2482 2480
3 2476 2470 2468
3 2476 2496 2494
3 2476 2472 2474
3 2476 2410 2408
3 2476 2404 2406
3 2476 2416 2418
3 2476 2420 2418
3 2476 2460 2458
3 2476 2478 2480
3 2476 2484 2482
3 2476 2488 2490
3 2476 2428 2426
3 2476 2442 2440
3 2476 2446 2448
3 2476 2498 2496
3 2476 2402 2404
3 2476 2422 2420
3 2476 2472 2470
3 2476 2492 2490
3 2476 2414 2416
3 2476 2477 2475
3 2476 2475 2474
3 2476 2478 2479
3 2476 2477 2479
3 2423 2439 2437
3 2423 2485 2483
3 2423 2451 2453
3 2423 2433 2431
3 2423 2469 2467
3 2423 2447 2445
3 2423 2465 2467
3 2423 2463 2461
3 2423 2477 2475
3 2423 2443 2445
3 2423 2427 2425
3 2423 2411 2413
3 2423 2481 2483
3 2423 2487 2489
3 2423 2439 2441
3 2423 2451 2449
3 2423 2407 2405
3 2423 2417 2419
3 2423 2455 2453
3 2423 2459 2461
3 2423 2415 2413
3 2423 2469 2471
3 2423 2473 2475
3 2423 2491 2489
3 2423 2443 2441
3 2423 2447 2449
3 2423 2435 2437
3 2423 2499 2497
3 2423 2455 2457
3 2423 2459 2457
3 2423 2463 2465
3 2423 2481 2479
3 2423 2473 2471
3 2423 2487 2485
3 2423 2495 2497
3 2423 2429 2427
3 2423 2407 2409
3 2423 2411 2409
3 2423 2403 2405
3 2423 2477 2479
3 2423 2495 2493
3 2423 2491 2493
3 2423 2429 2431
3 2423 2433 2435
3 2423 2499 2401
3 2423 2403 2401
3 2423 2417 2415
3 2423 2421 2419
3 2423 2425 2424
3 2423 2422 2424
3 2423 2422 2420
3 2423 2421 2420
3 2502 2503 2501
3 2502 2501 2500
3 2509 2510 2508
3 2509 2510 2511
3 2509 2508 2506
3 2509 2507 2506
3 2505 2502 2504
3 2505 2502 2503
3 2505 2504 2506
3 2505 2507 2506
3 2595 2594 2592
3 2595 2592 2593
3 2596 2595 2594
3 2596 2595 2597
3 2545 2542 2544
3 2545 2542 2543
3 2539 2538 2536
3 2539 2536 2537
3 2546 2545 2547
3 2546 2545 2544
3 2549 2546 2548
3 2549 2546 2547
3 2549 2548 2550
3 2549 2551 2550
3 2533 2532 2530
3 2533 2531 2530
3 2525 2522 2524
3 2525 2522 2523
3 2516 2519 2517
3 2516 2519 2518
3 2513 2510 2512
3 2513 2510 2511
3 2553 2554 2552
3 2553 2554 2555
3 2553 2552 2550
3 2553 2551 2550
3 2557 2554 2556
3 2557 2554 2555
3 2557 2558 2556
3 2557 2558 2559
3 2589 2588 2586
3 2589 2587 2586
3 2598 2599 2501
3 2598 2501 2500
3 2598 2599 2597
3 2598 2596 2597
3 2585 2582 2584
3 2585 2582 2583
3 2585 2584 2586
3 2585 2587 2586
3 2581 2582 2580
3 2581 2582 2583
3 2541 2542 2543
3 2541 2542 2540
3 2541 2538 2540
3 2541 2539 2538
3 2535 2534 2536
3 2535 2536 2537
3 2535 2534 2532
3 2535 2533 2532
3 2526 2525 2527
3 2526 2525 2524
3 2529 2531 2530
3 2529 2528 2530
3 2529 2526 2528
3 2529 2526 2527
3 2521 2520 2522
3 2521 2522 2523
3 2521 2520 2518
3 2521 2519 2518
3 2515 2516 2517
3 2515 2516 2514
3 2515 2514 2512
3 2515 2513 2512
3 2564 2563 2565
3 2564 2563 2562
3 2567 2564 2566
3 2567 2564 2565
3 2567 2566 2568
3 2567 2569 2568
3 2591 2590 2592
3 2591 2592 2593
3 2591 2590 2588
3 2591 2589 2588
3 2578 2581 2579
3 2578 2581 2580
3 2577 2576 2574
3 2577 2574 2575
3 2577 2578 2576
3 2577 2578 2579
3 2573 2572 2574
3 2573 2574 2575
3 2561 2558 2559
3 2561 2560 2558
3 2561 2563 2562
3 2561 2560 2562
3 2570 2548 2550
3 2570 2514 2512
3 2570 2546 2544
3 2570 2510 2512
3 2570 2538 2536
3 2570 2522 2524
3 2570 2590 2592
3 2570 2588 2586
3 2570 2582 2580
3 2570 2520 2518
3 2570 2552 2550
3 2570 2508 2506
3 2570 2564 2562
3 2570 2584 2586
3 2570 2532 2530
3 2570 2534 2536
3 2570 2526 2524
3 2570 2510 2508
3 2570 2504 2506
3 2570 2502 2500
3 2570 2594 2592
3 2570 2572 2574
3 2570 2538 2540
3 2570 2542 2544
3 2570 2534 2532
3 2570 2520 2522
3 2570 2576 2574
3 2570 2516 2518
3 2570 2554 2556
3 2570 2502 2504
3 2570 2590 2588
3 2570 2596 2594
3 2570 2598 2500
3 2570 2542 2540
3 2570 2546 2548
3 2570 2528 2530
3 2570 2516 2514
3 2570 2554 2552
3 2570 2566 2568
3 2570 2558 2556
3 2570 2598 2596
3 2570 2582 2584
3 2570 2560 2562
3 2570 2526 2528
3 2570 2564 2566
3 2570 2578 2580
3 2570 2560 2558
3 2570 2578 2576
3 2571 2549 2547
3 2571 2529 2531
3 2571 2599 2501
3 2571 2577 2575
3 2571 2595 2593
3 2571 2563 2565
3 2571 2553 2555
3 2571 2503 2501
3 2571 2505 2503
3 2571 2545 2547
3 2571 2513 2511
3 2571 2525 2523
3 2571 2541 2543
3 2571 2599 2597
3 2571 2509 2511
3 2571 2591 2593
3 2571 2539 2537
3 2571 2535 2537
3 2571 2557 2555
3 2571 2509 2507
3 2571 2505 2507
3 2571 2567 2565
3 2571 2595 2597
3 2571 2585 2583
3 2571 2545 2543
3 2571 2581 2583
3 2571 2549 2551
3 2571 2533 2531
3 2571 2525 2527
3 2571 2519 2517
3 2571 2521 2523
3 2571 2553 2551
3 2571 2515 2517
3 2571 2557 2559
3 2571 2573 2575
3 2571 2589 2587
3 2571 2585 2587
3 2571 2581 2579
3 2571 2541 2539
3 2571 2535 2533
3 2571 2529 2527
3 2571 2521 2519
3 2571 2515 2513
3 2571 2567 2569
3 2571 2591 2589
3 2571 2577 2579
3 2571 2561 2559
3 2571 2561 2563
3 2571 2569 2568
3 2571 2570 2568
3 2571 2573 2572
3 2571 2570 2572
3 2648 2649 2651
3 2648 2651 2650
3 2603 2602 2600
3 2603 2601 2600
3 2603 2604 2602
3 2603 2604 2605
3 2607 2608 2606
3 2607 2608 2609
3 2607 2604 2606
3 2607 2604 2605
3 2621 2620 2618
3 2621 2618 2619
3 2621 2622 2620
3 2621 2622 2623
3 2635 2636 2634
3 2635 2636 2637
3 2635 2632 2634
3 2635 2632 2633
3 2631 2628 2630
3 2631 2628 2629
3 2631 2632 2630
3 2631 2632 2633
3 2646 2648 2649
3 2646 2647 2649
3 2699 2698 2600
3 2699 2601 2600
3 2615 2614 2612
3 2615 2613 2612
3 2625 2622 2623
3 2625 2622 2624
3 2665 2664 2662
3 2665 2662 2663
3 2665 2666 2664
3 2665 2666 2667
3 2669 2670 2668
3 2669 2670 2671
3 2669 2666 2668
3 2669 2666 2667
3 2639 2636 2638
3 2639 2636 2637
3 2639 2640 2638
3 2639 2641 2640
3 2643 2640 2642
3 2643 2641 2640
3 2659 2658 2656
3 2659 2657 2656
3 2673 2670 2672
3 2673 2670 2671
3 2673 2672 2674
3 2673 2675 2674
3 2677 2676 2674
3 2677 2675 2674
3 2687 2688 2686
3 2687 2688 2689
3 2687 2684 2686
3 2687 2684 2685
3 2683 2682 2680
3 2683 2680 2681
3 2683 2684 2682
3 2683 2684 2685
3 2693 2694 2692
3 2693 2694 2695
3 2697 2694 2696
3 2697 2694 2695
3 2697 2698 2696
3 2697 2699 2698
3 2611 2608 2609
3 2611 2610 2608
3 2611 2610 2612
3 2611 2613 2612
3 2617 2616 2618
3 2617 2618 2619
3 2617 2616 2614
3 2617 2615 2614
3 2627 2626 2628
3 2627 2628 2629
3 2627 2626 2624
3 2627 2625 2624
3 2645 2646 2644
3 2645 2646 2647
3 2645 2642 2644
3 2645 2643 2642
3 2660 2664 2662
3 2660 2632 2630
3 2660 2636 2638
3 2660 2602 2600
3 2660 2684 2686
3 2660 2614 2612
3 2660 2626 2624
3 2660 2652 2650
3 2660 2694 2692
3 2660 2698 2600
3 2660 2604 2606
3 2660 2616 2618
3 2660 2648 2650
3 2660 2690 2692
3 2660 2622 2624
3 2660 2642 2644
3 2660 2640 2638
3 2660 2646 2644
3 2660 2676 2674
3 2660 2688 2686
3 2660 2620 2618
3 2660 2608 2606
3 2660 2698 2696
3 2660 2636 2634
3 2660 2628 2630
3 2660 2640 2642
3 2660 2670 2668
3 2660 2672 2674
3 2660 2666 2668
3 2660 2682 2680
3 2660 2678 2680
3 2660 2616 2614
3 2660 2604 2602
3 2660 2626 2628
3 2660 2622 2620
3 2660 2632 2634
3 2660 2610 2612
3 2660 2646 2648
3 2660 2658 2656
3 2660 2654 2656
3 2660 2678 2676
3 2660 2690 2688
3 2660 2694 2696
3 2660 2610 2608
3 2660 2670 2672
3 2660 2666 2664
3 2660 2652 2654
3 2660 2684 2682
3 2653 2651 2650
3 2653 2652 2650
3 2679 2678 2680
3 2679 2680 2681
3 2679 2678 2676
3 2679 2677 2676
3 2691 2690 2688
3 2691 2688 2689
3 2691 2690 2692
3 2691 2693 2692
3 2661 2662 2663
3 2661 2660 2662
3 2661 2659 2658
3 2661 2660 2658
3 2655 2631 2629
3 2655 2607 2609
3 2655 2627 2629
3 2655 2617 2619
3 2655 2621 2619
3 2655 2687 2689
3 2655 2699 2601
3 2655 2649 2651
3 2655 2673 2671
3 2655 2603 2601
3 2655 2611 2609
3 2655 2635 2637
3 2655 2669 2671
3 2655 2647 2649
3 2655 2645 2647
3 2655 2683 2681
3 2655 2697 2695
3 2655 2603 2605
3 2655 2607 2605
3 2655 2621 2623
3 2655 2635 2633
3 2655 2631 2633
3 2655 2665 2663
3 2655 2639 2637
3 2655 2691 2689
3 2655 2653 2651
3 2655 2679 2681
3 2655 2615 2613
3 2655 2625 2623
3 2655 2665 2667
3 2655 2669 2667
3 2655 2639 2641
3 2655 2643 2641
3 2655 2659 2657
3 2655 2673 2675
3 2655 2677 2675
3 2655 2687 2685
3 2655 2683 2685
3 2655 2693 2695
3 2655 2697 2699
3 2655 2611 2613
3 2655 2617 2615
3 2655 2627 2625
3 2655 2645 2643
3 2655 2661 2663
3 2655 2679 2677
3 2655 2691 2693
3 2655 2661 2659
3 2655 2654 2656
3 2655 2657 2656
3 2655 2652 2654
3 2655 2653 2652
3 2722 2723 2725
3 2722 2725 2724
3 2720 2723 2721
3 2720 2722 2723
3 2707 2708 2706
3 2707 2708 2709
3 2728 2729 2731
3 2728 2730 2731
3 2727 2725 2724
3 2727 2726 2724
3 2727 2728 2726
3 2727 2728 2729
3 2715 2714 2712
3 2715 2713 2712
3 2705 2704 2706
3 2705 2707 2706
3 2719 2720 2718
3 2719 2720 2721
3 2711 2708 2709
3 2711 2710 2708
3 2711 2713 2712
3 2711 2710 2712
3 2798 2701 2799
3 2798 2701 2700
3 2749 2748 2746
3 2749 2746 2747
3 2749 2748 2750
3 2749 2751 2750
3 2733 2732 2730
3 2733 2730 2731
3 2739 2738 2736
3 2739 2737 2736
3 2745 2744 2746
3 2745 2746 2747
3 2745 2744 2742
3 2745 2743 2742
3 2752 2751 2753
3 2752 2751 2750
3 2717 2716 2714
3 2717 2715 2714
3 2717 2716 2718
3 2717 2719 2718
3 2703 2702 2704
3 2703 2705 2704
3 2703 2702 2700
3 2703 2701 2700
3 2794 2795 2793
3 2794 2793 2792
3 2797 2798 2796
3 2797 2798 2799
3 2797 2794 2796
3 2797 2794 2795
3 2789 2788 2786
3 2789 2787 2786
3 2735 2734 2736
3 2735 2737 2736
3 2735 2732 2734
3 2735 2733 2732
3 2741 2740 2742
3 2741 2743 2742
3 2741 2738 2740
3 2741 2739 2738
3 2760 2761 2763
3 2760 2763 2762
3 2777 2776 2774
3 2777 2774 2775
3 2755 2752 2754
3 2755 2752 2753
3 2755 2754 2756
3 2755 2757 2756
3 2759 2760 2758
3 2759 2760 2761
3 2759 2758 2756
3 2759 2757 2756
3 2773 2772 2774
3 2773 2774 2775
3 2767 2766 2768
3 2767 2769 2768
3 2783 2782 2780
3 2783 2781 2780
3 2791 2793 2792
3 2791 2790 2792
3 2791 2789 2788
3 2791 2790 2788
3 2771 2770 2768
3 2771 2769 2768
3 2771 2772 2770
3 2771 2773 2772
3 2764 2732 2730
3 2764 2734 2736
3 2764 2722 2724
3 2764 2760 2762
3 2764 2702 2700
3 2764 2728 2730
3 2764 2714 2712
3 2764 2748 2750
3 2764 2720 2718
3 2764 2752 2750
3 2764 2740 2742
3 2764 2716 2718
3 2764 2726 2724
3 2764 2704 2706
3 2764 2710 2712
3 2764 2794 2792
3 2764 2716 2714
3 2764 2732 2734
3 2764 2744 2742
3 2764 2720 2722
3 2764 2702 2704
3 2764 2708 2706
3 2764 2798 2700
3 2764 2738 2736
3 2764 2788 2786
3 2764 2728 2726
3 2764 2710 2708
3 2764 2776 2774
3 2764 2778 2780
3 2764 2748 2746
3 2764 2738 2740
3 2764 2744 2746
3 2764 2754 2756
3 2764 2758 2756
3 2764 2772 2774
3 2764 2798 2796
3 2764 2784 2786
3 2764 2752 2754
3 2764 2770 2768
3 2764 2790 2792
3 2764 2782 2780
3 2764 2794 2796
3 2764 2760 2758
3 2764 2772 2770
3 2764 2766 2768
3 2764 2784 2782
3 2764 2790 2788
3 2764 2778 2776
3 2779 2778 2780
3 2779 2781 2780
3 2779 2777 2776
3 2779 2778 2776
3 2785 2787 2786
3 2785 2784 2786
3 2785 2784 2782
3 2785 2783 2782
3 2765 2751 2753
3 2765 2723 2721
3 2765 2729 2731
3 2765 2723 2725
3 2765 2707 2709
3 2765 2735 2737
3 2765 2741 2743
3 2765 2719 2721
3 2765 2701 2799
3 2765 2727 2725
3 2765 2715 2713
3 2765 2705 2707
3 2765 2703 2705
3 2765 2777 2775
3 2765 2745 2747
3 2765 2727 2729
3 2765 2749 2747
3 2765 2711 2709
3 2765 2797 2799
3 2765 2733 2731
3 2765 2759 2761
3 2765 2711 2713
3 2765 2717 2715
3 2765 2785 2787
3 2765 2795 2793
3 2765 2749 2751
3 2765 2789 2787
3 2765 2739 2737
3 2765 2745 2743
3 2765 2761 2763
3 2765 2773 2775
3 2765 2717 2719
3 2765 2703 2701
3 2765 2797 2795
3 2765 2779 2781
3 2765 2735 2733
3 2765 2741 2739
3 2765 2755 2753
3 2765 2771 2769
3 2765 2755 2757
3 2765 2759 2757
3 2765 2791 2793
3 2765 2767 2769
3 2765 2783 2781
3 2765 2791 2789
3 2765 2771 2773
3 2765 2779 2777
3 2765 2785 2783
3 2765 2763 2762
3 2765 2764 2762
3 2765 2767 2766
3 2765 2764 2766
3 2807 2808 2806
3 2807 2808 2809
3 2805 2804 2806
3 2805 2807 2806
3 2899 2898 2800
3 2899 2801 2800
3 2899 2896 2898
3 2899 2896 2897
3 2895 2896 2894
3 2895 2896 2897
3 2839 2838 2836
3 2839 2836 2837
3 2845 2842 2844
3 2845 2842 2843
3 2883 2882 2880
3 2883 2880 2881
3 2883 2884 2882
3 2883 2884 2885
3 2815 2814 2812
3 2815 2813 2812
3 2825 2826 2824
3 2825 2826 2827
3 2825 2822 2824
3 2825 2822 2823
3 2821 2820 2818
3 2821 2818 2819
3 2821 2822 2820
3 2821 2822 2823
3 2803 2802 2800
3 2803 2801 2800
3 2803 2802 2804
3 2803 2805 2804
3 2833 2832 2830
3 2833 2831 2830
3 2841 2842 2840
3 2841 2842 2843
3 2841 2838 2840
3 2841 2839 2838
3 2857 2854 2856
3 2857 2854 2855
3 2857 2858 2856
3 2857 2859 2858
3 2861 2860 2862
3 2861 2862 2863
3 2861 2860 2858
3 2861 2859 2858
3 2851 2848 2850
3 2851 2848 2849
3 2852 2851 2853
3 2852 2851 2850
3 2852 2853 2855
3 2852 2854 2855
3 2869 2870 2868
3 2869 2870 2871
3 2869 2866 2868
3 2869 2867 2866
3 2865 2864 2862
3 2865 2862 2863
3 2865 2864 2866
3 2865 2867 2866
3 2847 2846 2848
3 2847 2848 2849
3 2847 2846 2844
3 2847 2845 2844
3 2872 2864 2862
3 2872 2826 2824
3 2872 2832 2830
3 2872 2888 2886
3 2872 2848 2850
3 2872 2814 2812
3 2872 2810 2812
3 2872 2876 2874
3 2872 2898 2800
3 2872 2834 2836
3 2872 2860 2862
3 2872 2804 2806
3 2872 2802 2800
3 2872 2816 2818
3 2872 2884 2886
3 2872 2896 2894
3 2872 2838 2836
3 2872 2842 2844
3 2872 2828 2830
3 2872 2846 2844
3 2872 2802 2804
3 2872 2878 2880
3 2872 2820 2818
3 2872 2808 2806
3 2872 2832 2834
3 2872 2892 2894
3 2872 2838 2840
3 2872 2858 2856
3 2872 2866 2868
3 2872 2846 2848
3 2872 2882 2880
3 2872 2852 2850
3 2872 2822 2824
3 2872 2816 2814
3 2872 2896 2898
3 2872 2842 2840
3 2872 2860 2858
3 2872 2854 2856
3 2872 2864 2866
3 2872 2870 2868
3 2872 2878 2876
3 2872 2888 2890
3 2872 2884 2882
3 2872 2810 2808
3 2872 2822 2820
3 2872 2892 2890
3 2872 2828 2826
3 2872 2852 2854
3 2877 2876 2874
3 2877 2875 2874
3 2889 2888 2890
3 2889 2890 2891
3 2811 2808 2809
3 2811 2810 2808
3 2811 2810 2812
3 2811 2813 2812
3 2817 2816 2818
3 2817 2818 2819
3 2817 2816 2814
3 2817 2815 2814
3 2893 2892 2890
3 2893 2890 2891
3 2893 2895 2894
3 2893 2892 2894
3 2829 2826 2827
3 2829 2828 2826
3 2829 2828 2830
3 2829 2831 2830
3 2835 2834 2836
3 2835 2836 2837
3 2835 2832 2834
3 2835 2833 2832
3 2873 2870 2871
3 2873 2872 2870
3 2873 2872 2874
3 2873 2875 2874
3 2879 2878 2880
3 2879 2880 2881
3 2879 2878 2876
3 2879 2877 2876
3 2887 2817 2819
3 2887 2821 2819
3 2887 2807 2809
3 2887 2803 2801
3 2887 2839 2837
3 2887 2847 2849
3 2887 2883 2881
3 2887 2861 2863
3 2887 2825 2827
3 2887 2899 2801
3 2887 2869 2871
3 2887 2857 2855
3 2887 2865 2863
3 2887 2873 2871
3 2887 2889 2891
3 2887 2811 2809
3 2887 2805 2807
3 2887 2899 2897
3 2887 2895 2897
3 2887 2893 2891
3 2887 2829 2827
3 2887 2841 2843
3 2887 2853 2855
3 2887 2851 2849
3 2887 2845 2843
3 2887 2835 2837
3 2887 2883 2885
3 2887 2815 2813
3 2887 2825 2823
3 2887 2821 2823
3 2887 2803 2805
3 2887 2833 2831
3 2887 2841 2839
3 2887 2857 2859
3 2887 2861 2859
3 2887 2851 2853
3 2887 2869 2867
3 2887 2865 2867
3 2887 2847 2845
3 2887 2877 2875
3 2887 2879 2881
3 2887 2811 2813
3 2887 2817 2815
3 2887 2893 2895
3 2887 2829 2831
3 2887 2835 2833
3 2887 2873 2875
3 2887 2879 2877
3 2887 2884 2885
3 2887 2884 2886
3 2887 2888 2886
3 2887 2889 2888
3 2951 2948 2950
3 2951 2948 2949
3 2901 2902 2900
3 2901 2902 2903
3 2911 2910 2912
3 2911 2912 2913
3 2911 2908 2910
3 2911 2908 2909
3 2947 2948 2946
3 2947 2948 2949
3 2947 2944 2946
3 2947 2944 2945
3 2943 2940 2942
3 2943 2940 2941
3 2943 2944 2942
3 2943 2944 2945
3 2952 2951 2953
3 2952 2951 2950
3 2952 2953 2955
3 2952 2954 2955
3 2905 2902 2903
3 2905 2904 2902
3 2995 2994 2992
3 2995 2992 2993
3 2933 2932 2930
3 2933 2930 2931
3 2933 2932 2934
3 2933 2935 2934
3 2925 2922 2924
3 2925 2922 2923
3 2925 2926 2924
3 2925 2926 2927
3 2929 2928 2930
3 2929 2930 2931
3 2929 2926 2928
3 2929 2926 2927
3 2937 2934 2936
3 2937 2935 2934
3 2961 2960 2962
3 2961 2962 2963
3 2961 2960 2958
3 2961 2959 2958
3 2956 2957 2959
3 2956 2959 2958
3 2956 2954 2955
3 2956 2957 2955
3 2972 2973 2975
3 2972 2974 2975
3 2915 2914 2912
3 2915 2912 2913
3 2915 2916 2914
3 2915 2917 2916
3 2919 2916 2918
3 2919 2917 2916
3 2996 2995 2994
3 2996 2995 2997
3 2907 2908 2909
3 2907 2908 2906
3 2907 2904 2906
3 2907 2905 2904
3 2991 2990 2992
3 2991 2992 2993
3 2991 2990 2988
3 2991 2989 2988
3 2987 2988 2986
3 2987 2989 2988
3 2984 2987 2985
3 2984 2987 2986
3 2939 2938 2940
3 2939 2940 2941
3 2939 2938 2936
3 2939 2937 2936
3 2964 2965 2963
3 2964 2962 2963
3 2921 2922 2923
3 2921 2922 2920
3 2921 2920 2918
3 2921 2919 2918
3 2998 2901 2900
3 2998 2999 2901
3 2998 2999 2997
3 2998 2996 2997
3 2978 2981 2979
3 2978 2981 2980
3 2977 2974 2975
3 2977 2976 2974
3 2977 2978 2976
3 2977 2978 2979
3 2983 2901 2903
3 2983 2907 2909
3 2983 2925 2923
3 2983 2995 2993
3 2983 2957 2955
3 2983 2951 2949
3 2983 2965 2963
3 2983 2911 2913
3 2983 2953 2955
3 2983 2973 2975
3 2983 2921 2923
3 2983 2977 2975
3 2983 2999 2997
3 2983 2905 2903
3 2983 2947 2949
3 2983 2951 2953
3 2983 2943 2941
3 2983 2967 2969
3 2983 2911 2909
3 2983 2929 2931
3 2983 2933 2931
3 2983 2947 2945
3 2983 2943 2945
3 2983 2957 2959
3 2983 2939 2941
3 2983 2961 2963
3 2983 2915 2913
3 2983 2999 2901
3 2983 2971 2969
3 2983 2991 2993
3 2983 2995 2997
3 2983 2987 2985
3 2983 2933 2935
3 2983 2925 2927
3 2983 2929 2927
3 2983 2937 2935
3 2983 2961 2959
3 2983 2967 2965
3 2983 2915 2917
3 2983 2919 2917
3 2983 2907 2905
3 2983 2991 2989
3 2983 2987 2989
3 2983 2981 2979
3 2983 2939 2937
3 2983 2971 2973
3 2983 2921 2919
3 2983 2977 2979
3 2983 2984 2985
3 2983 2984 2982
3 2983 2982 2980
3 2983 2981 2980
3 2970 2971 2969
3 2970 2968 2969
3 2970 2972 2973
3 2970 2971 2973
3 2966 2934 2936
3 2966 2916 2918
3 2966 2902 2900
3 2966 2910 2912
3 2966 2964 2962
3 2966 2932 2930
3 2966 2960 2962
3 2966 2938 2936
3 2966 2948 2950
3 2966 2914 2912
3 2966 2972 2974
3 2966 2988 2986
3 2966 2944 2942
3 2966 2948 2946
3 2966 2956 2958
3 2966 2904 2906
3 2966 2952 2950
3 2966 2908 2906
3 2966 2984 2986
3 2966 2928 2930
3 2966 2940 2942
3 2966 2926 2924
3 2966 2976 2974
3 2966 2916 2914
3 2966 2920 2918
3 2966 2904 2902
3 2966 2908 2910
3 2966 2922 2924
3 2966 2994 2992
3 2966 2990 2992
3 2966 2932 2934
3 2966 2938 2940
3 2966 2944 2946
3 2966 2960 2958
3 2966 2952 2954
3 2966 2922 2920
3 2966 2990 2988
3 2966 2982 2980
3 2966 2926 2928
3 2966 2956 2954
3 2966 2978 2980
3 2966 2996 2994
3 2966 2984 2982
3 2966 2998 2900
3 2966 2970 2968
3 2966 2998 2996
3 2966 2978 2976
3 2966 2970 2972
3 2966 2967 2969
3 2966 2968 2969
3 2966 2967 2965
3 2966 2964 2965
3 3051 3048 3050
3 3051 3048 3049
3 3001 3002 3000
3 3001 3002 3003
3 3011 3010 3012
3 3011 3012 3013
3 3011 3008 3010
3 3011 3008 3009
3 3047 3048 3046
3 3047 3048 3049
3 3047 3044 3046
3 3047 3044 3045
3 3043 3040 3042
3 3043 3040 3041
3 3043 3044 3042
3 3043 3044 3045
3 3052 3051 3053
3 3052 3051 3050
3 3052 3053 3055
3 3052 3054 3055
3 3005 3002 3003
3 3005 3004 3002
3 3095 3094 3092
3 3095 3092 3093
3 3033 3032 3030
3 3033 3030 3031
3 3033 3032 3034
3 3033 3035 3034
3 3025 3022 3024
3 3025 3022 3023
3 3025 3026 3024
3 3025 3026 3027
3 3029 3028 3030
3 3029 3030 3031
3 3029 3026 3028
3 3029 3026 3027
3 3037 3034 3036
3 3037 3035 3034
3 3061 3060 3062
3 3061 3062 3063
3 3061 3060 3058
3 3061 3059 3058
3 3056 3057 3059
3 3056 3059 3058
3 3056 3054 3055
3 3056 3057 3055
3 3072 3073 3075
3 3072 3074 3075
3 3015 3014 3012
3 3015 3012 3013
3 3015 3016 3014
3 3015 3017 3016
3 3019 3016 3018
3 3019 3017 3016
3 3096 3095 3094
3 3096 3095 3097
3 3007 3008 3009
3 3007 3008 3006
3 3007 3004 3006
3 3007 3005 3004
3 3091 3090 3092
3 3091 3092 3093
3 3091 3090 3088
3 3091 3089 3088
3 3087 3088 3086
3 3087 3089 3088
3 3084 3087 3085
3 3084 3087 3086
3 3039 3038 3040
3 3039 3040 3041
3 3039 3038 3036
3 3039 3037 3036
3 3064 3065 3063
3 3064 3062 3063
3 3021 3022 3023
3 3021 3022 3020
3 3021 3020 3018
3 3021 3019 3018
3 3098 3001 3000
3 3098 3099 3001
3 3098 3099 3097
3 3098 3096 3097
3 3078 3081 3079
3 3078 3081 3080
3 3077 3074 3075
3 3077 3076 3074
3 3077 3078 3076
3 3077 3078 3079
3 3083 3001 3003
3 3083 3007 3009
3 3083 3025 3023
3 3083 3095 3093
3 3083 3057 3055
3 3083 3051 3049
3 3083 3065 3063
3 3083 3011 3013
3 3083 3053 3055
3 3083 3073 3075
3 3083 3021 3023
3 3083 3077 3075
3 3083 3099 3097
3 3083 3005 3003
3 3083 3047 3049
3 3083 3051 3053
3 3083 3043 3041
3 3083 3067 3069
3 3083 3011 3009
3 3083 3029 3031
3 3083 3033 3031
3 3083 3047 3045
3 3083 3043 3045
3 3083 3057 3059
3 3083 3039 3041
3 3083 3061 3063
3 3083 3015 3013
3 3083 3099 3001
3 3083 3071 3069
3 3083 3091 3093
3 3083 3095 3097
3 3083 3087 3085
3 3083 3033 3035
3 3083 3025 3027
3 3083 3029 3027
3 3083 3037 3035
3 3083 3061 3059
3 3083 3067 3065
3 3083 3015 3017
3 3083 3019 3017
3 3083 3007 3005
3 3083 3091 3089
3 3083 3087 3089
3 3083 3081 3079
3 3083 3039 3037
3 3083 3071 3073
3 3083 3021 3019
3 3083 3077 3079
3 3083 3084 3085
3 3083 3084 3082
3 3083 3082 3080
3 3083 3081 3080
3 3070 3071 3069
3 3070 3068 3069
3 3070 3072 3073
3 3070 3071 3073
3 3066 3034 3036
3 3066 3016 3018
3 3066 3002 3000
3 3066 3010 3012
3 3066 3064 3062
3 3066 3032 3030
3 3066 3060 3062
3 3066 3038 3036
3 3066 3048 3050
3 3066 3014 3012
3 3066 3072 3074
3 3066 3088 3086
3 3066 3044 3042
3 3066 3048 3046
3 3066 3056 3058
3 3066 3004 3006
3 3066 3052 3050
3 3066 3008 3006
3 3066 3084 3086
3 3066 3028 3030
3 3066 3040 3042
3 3066 3026 3024
3 3066 3076 3074
3 3066 3016 3014
3 3066 3020 3018
3 3066 3004 3002
3 3066 3008 3010
3 3066 3022 3024
3 3066 3094 3092
3 3066 3090 3092
3 3066 3032 3034
3 3066 3038 3040
3 3066 3044 3046
3 3066 3060 3058
3 3066 3052 3054
3 3066 3022 3020
3 3066 3090 3088
3 3066 3082 3080
3 3066 3026 3028
3 3066 3056 3054
3 3066 3078 3080
3 3066 3096 3094
3 3066 3084 3082
3 3066 3098 3000
3 3066 3070 3068
3 3066 3098 3096
3 3066 3078 3076
3 3066 3070 3072
3 3066 3067 3069
3 3066 3068 3069
3 3066 3067 3065
3 3066 3064 3065
CELL_TYPES 6076
5 5 5 5 5 5 5 5 5 5 
5 5 5 5 5 5 5 5 5 5 
5 5 5 5 5 5 5 5 5 5 
5 5 5 5 5 5 5 5 5 5 
5 5 5 5 5 5 5 5 5 5 
5 5 5 5 5 5 5 5 5 5 
5 5 5 5 5 5 5 5 5 5 
5 5 5 5 5 5 5 5 5 5 
5 5 5 5 5 5 5 5 5 5 
5 5 5 5 5 5 5 5 5 5 
5 5 5 5 5 5 5 5 5 5 
5 5 5 5 5 5 5 5 5 5 
5 5 5 5 5 5 5 5 5 5 
5 5 5 5 5 5 5 5 5 5 
5 5 5 5 5 5 5 5 5 5 
5 5 5 5 5 5 5 5 5 5 
5 5 5 5 5 5 5 5 5 5 
5 5 5 5 5 5 5 5 5 5 
5 5 5 5 5 5 5 5 5 5 
5 5 5 5 5 5 5 5 5 5 
5 5 5 5 5 5 5 5 5 5 
5 5 5 5 5 5 5 5 5 5 
5 5 5 5 5 5 5 5 5 5 
5 5 5 5 5 5 5 5 5 5 
5 5 5 5 5 5 5 5 5 5 
5 5 5 5 5 5 5 5 5 5 
5 5 5 5 5 5 5 5 5 5 
5 5 5 5 5 5 5 5 5 5 
5 5 5 5 5 5 5 5 5 5 
5 5 5 5 5 5 5 5 5 5 
5 5 5 5 5 5 5 5 5 5 
5 5 5 5 5 5 5 5 5 5 
5 5 5 5 5 5 5 5 5 5 
5 5 5 5 5 5 5 5 5 5 
5 5 5 5 5 5 5 5 5 5 
5 5 5 5 5 5 5 5 5 5 
5 5 5 5 5 5 5 5 5 5 
5 5 5 5 5 5 5 5 5 5 
5 5 5 5 5 5 5 5 5 5 
5 5 5 5 5 5 5 5 5 5 
5 5 5 5 5 5 5 5 5 5 
5 5 5 5 5 5 5 5 5 5 
5 5 5 5 5 5 5 5 5 5 
5 5 5 5 5 5 5 5 5 5 
5 5 5 5 5 5 5 5 5 5 
5 5 5 5 5 5 5 5 5 5 
5 5 5 5 5 5 5 5 5 5 
5 5 5 5 5 5 5 5 5 5 
5 5 5 5 5 5 5 5 5 5 
5 5 5 5 5 5 5 5 5 5 
5 5 5 5 5 5 5 5 5 5 
5 5 5 5 5 5 5 5 5 5 
5 5 5 5 5 5 5 5 5 5 
5 5 5 5 5 5 5 5 5 5 
5 5 5 5 5 5 5 5 5 5 
5 5 5 5 5 5 5 5 5 5 
5 5 5 5 5 5 5 5 5 5 
5 5 5 5 5 5 5 5 5 5 
5 5 5 5 5 5 5 5 5 5 
5 5 5 5 5 5 5 5 5 5 
5 5 5 5 5 5 5 5 5 5 
5 5 5 5 5 5 5 5 5 5 
5 5 5 5 5 5 5 5 5 5 
5 5 5 5 5 5 5 5 5 5 
5 5 5 5 5 5 5 5 5 5 
5 5 5 5 5 5 5 5 5 5 
5 5 5 5 5 5 5 5 5 5 
5 5 5 5 5 5 5 5 5 5 
5 5 5 5 5 5 5 5 5 5 
5 5 5 5 5 5 5 5 5 5 
5 5 5 5 5 5 5 5 5 5 
5 5 5 5 5 5 5 5 5 5 
5 5 5 5 5 5 5 5 5 5 
5 5 5 5 5 5 5 5 5 5 
5 5 5 5 5 5 5 5 5 5 
5 5 5 5 5 5 5 5 5 5 
5 5 5 5 5 5 5 5 5 5 
5 5 5 5 5 5 5 5 5 5 
5 5 5 5 5 5 5 5 5 5 
5 5 5 5 5 5 5 5 5 5 
5 5 5 5 5 5 5 5 5 5 
5 5 5 5 5 5 5 5 5 5 
5 5 5 5 5 5 5 5 5 5 
5 5 5 5 5 5 5 5 5 5 
5 5 5 5 5 5 5 5 5 5 
5 5 5 5 5 5 5 5 5 5 
5 5 5 5 5 5 5 5 5 5 
5 5 5 5 5 5 5 5 5 5 
5 5 5 5 5 5 5 5 5 5 
5 5 5 5 5 5 5 5 5 5 
5 5 5 5 5 5 5 5 5 5 
5 5 5 5 5 5 5 5 5 5 
5 5 5 5 5 5 5 5 5 5 
5 5 5 5 5 5 5 5 5 5 
5 5 5 5 5 5 5 5 5 5 
5 5 5 5 5 5 5 5 5 5 
5 5 5 5 5 5 5 5 5 5 
5 5 5 5 5 5 5 5 5 5 
5 5 5 5 5 5 5 5 5 5 
5 5 5 5 5 5 5 5 5 5 
5 5 5 5 5 5 5 5 5 5 
5 5 5 5 5 5 5 5 5 5 
5 5 5 5 5 5 5 5 5 5 
5 5 5 5 5 5 5 5 5 5 
5 5 5 5 5 5 5 5 5 5 
5 5 5 5 5 5 5 5 5 5 
5 5 5 5 5 5 5 5 5 5 
5 5 5 5 5 5 5 5 5 5 
5 5 5 5 5 5 5 5 5 5 
5 5 5 5 5 5 5 5 5 5 
5 5 5 5 5 5 5 5 5 5 
5 5 5 5 5 5 5 5 5 5 
5 5 5 5 5 5 5 5 5 5 
5 5 5 5 5 5 5 5 5 5 
5 5 5 5 5 5 5 5 5 5 
5 5 5 5 5 5 5 5 5 5 
5 5 5 5 5 5 5 5 5 5 
5 5 5 5 5 5 5 5 5 5 
5 5 5 5 5 5 5 5 5 5 
5 5 5 5 5 5 5 5 5 5 
5 5 5 5 5 5 5 5 5 5 
5 5 5 5 5 5 5 5 5 5 
5 5 5 5 5 5 5 5 5 5 
5 5 5 5 5 5 5 5 5 5 
5 5 5 5 5 5 5 5 5 5 
5 5 5 5 5 5 5 5 5 5 
5 5 5 5 5 5 5 5 5 5 
5 5 5 5 5 5 5 5 5 5 
5 5 5 5 5 5 5 5 5 5 
5 5 5 5 5 5 5 5 5 5 
5 5 5 5 5 5 5 5 5 5 
5 5 5 5 5 5 5 5 5 5 
5 5 5 5 5 5 5 5 5 5 
5 5 5 5 5 5 5 5 5 5 
5 5 5 5 5 5 5 5 5 5 
5 5 5 5 5 5 5 5 5 5 
5 5 5 5 5 5 5 5 5 5 
5 5 5 5 5 5 5 5 5 5 
5 5 5 5 5 5 5 5 5 5 
5 5 5 5 5 5 5 5 5 5 
5 5 5 5 5 5 5 5 5 5 
5 5 5 5 5 5 5 5 5 5 
5 5 5 5 5 5 5 5 5 5 
5 5 5 5 5 5 5 5 5 5 
5 5 5 5 5 5 5 5 5 5 
5 5 5 5 5 5 5 5 5 5 
5 5 5 5 5 5 5 5 5 5 
5 5 5 5 5 5 5 5 5 5 
5 5 5 5 5 5 5 5 5 5 
5 5 5 5 5 5 5 5 5 5 
5 5 5 5 5 5 5 5 5 5 
5 5 5 5 5 5 5 5 5 5 
5 5 5 5 5 5 5 5 5 5 
5 5 5 5 5 5 5 5 5 5 
5 5 5 5 5 5 5 5 5 5 
5 5 5 5 5 5 5 5 5 5 
5 5 5 5 5 5 5 5 5 5 
5 5 5 5 5 5 5 5 5 5 
5 5 5 5 5 5 5 5 5 5 
5 5 5 5 5 5 5 5 5 5 
5 5 5 5 5 5 5 5 5 5 
5 5 5 5 5 5 5 5 5 5 
5 5 5 5 5 5 5 5 5 5 
5 5 5 5 5 5 5 5 5 5 
5 5 5 5 5 5 5 5 5 5 
5 5 5 5 5 5 5 5 5 5 
5 5 5 5 5 5 5 5 5 5 
5 5 5 5 5 5 5 5 5 5 
5 5 5 5 5 5 5 5 5 5 
5 5 5 5 5 5 5 5 5 5 
5 5 5 5 5 5 5 5 5 5 
5 5 5 5 5 5 5 5 5 5 
5 5 5 5 5 5 5 5 5 5 
5 5 5 5 5 5 5 5 5 5 
5 5 5 5 5 5 5 5 5 5 
5 5 5 5 5 5 5 5 5 5 
5 5 5 5 5 5 5 5 5 5 
5 5 5 5 5 5 5 5 5 5 
5 5 5 5 5 5 5 5 5 5 
5 5 5 5 5 5 5 5 5 5 
5 5 5 5 5 5 5 5 5 5 
5 5 5 5 5 5 5 5 5 5 
5 5 5 5 5 5 5 5 5 5 
5 5 5 5 5 5 5 5 5 5 
5 5 5 5 5 5 5 5 5 5 
5 5 5 5 5 5 5 5 5 5 
5 5 5 5 5 5 5 5 5 5 
5 5 5 5 5 5 5 5 5 5 
5 5 5 5 5 5 5 5 5 5 
5 5 5 5 5 5 5 5 5 5 
5 5 5 5 5 5 5 5 5 5 
5 5 5 5 5 5 5 5 5 5 
5 5 5 5 5 5 5 5 5 5 
5 5 5 5 5 5 5 5 5 5 
5 5 5 5 5 5 5 5 5 5 
5 5 5 5 5 5 5 5 5 5 
5 5 5 5 5 5 5 5 5 5 
5 5 5 5 5 5 5 5 5 5 
5 5 5 5 5 5 5 5 5 5 
5 5 5 5 5 5 5 5 5 5 
5 5 5 5 5 5 5 5 5 5 
5 5 5 5 5 5 5 5 5 5 
5 5 5 5 5 5 5 5 5 5 
5 5 5 5 5 5 5 5 5 5 
5 5 5 5 5 5 5 5 5 5 
5 5 5 5 5 5 5 5 5 5 
5 5 5 5 5 5 5 5 5 5 
5 5 5 5 5 5 5 5 5 5 
5 5 5 5 5 5 5 5 5 5 
5 5 5 5 5 5 5 5 5 5 
5 5 5 5 5 5 5 5 5 5 
5 5 5 5 5 5 5 5 5 5 
5 5 5 5 5 5 5 5 5 5 
5 5 5 5 5 5 5 5 5 5 
5 5 5 5 5 5 5 5 5 5 
5 5 5 5 5 5 5 5 5 5 
5 5 5 5 5 5 5 5 5 5 
5 5 5 5 5 5 5 5 5 5 
5 5 5 5 5 5 5 5 5 5 
5 5 5 5 5 5 5 5 5 5 
5 5 5 5 5 5 5 5 5 5 
5 5 5 5 5 5 5 5 5 5 
5 5 5 5 5 5 5 5 5 5 
5 5 5 5 5 5 5 5 5 5 
5 5 5 5 5 5 5 5 5 5 
5 5 5 5 5 5 5 5 5 5 
5 5 5 5 5 5 5 5 5 5 
5 5 5 5 5 5 5 5 5 5 
5 5 5 5 5 5 5 5 5 5 
5 5 5 5 5 5 5 5 5 5 
5 5 5 5 5 5 5 5 5 5 
5 5 5 5 5 5 5 5 5 5 
5 5 5 5 5 5 5 5 5 5 
5 5 5 5 5 5 5 5 5 5 
5 5 5 5 5 5 5 5 5 5 
5 5 5 5 5 5 5 5 5 5 
5 5 5 5 5 5 5 5 5 5 
5 5 5 5 5 5 5 5 5 5 
5 5 5 5 5 5 5 5 5 5 
5 5 5 5 5 5 5 5 5 5 
5 5 5 5 5 5 5 5 5 5 
5 5 5 5 5 5 5 5 5 5 
5 5 5 5 5 5 5 5 5 5 
5 5 5 5 5 5 5 5 5 5 
5 5 5 5 5 5 5 5 5 5 
5 5 5 5 5 5 5 5 5 5 
5 5 5 5 5 5 5 5 5 5 
5 5 5 5 5 5 5 5 5 5 
5 5 5 5 5 5 5 5 5 5 
5 5 5 5 5 5 5 5 5 5 
5 5 5 5 5 5 5 5 5 5 
5 5 5 5 5 5 5 5 5 5 
5 5 5 5 5 5 5 5 5 5 
5 5 5 5 5 5 5 5 5 5 
5 5 5 5 5 5 5 5 5 5 
5 5 5 5 5 5 5 5 5 5 
5 5 5 5 5 5 5 5 5 5 
5 5 5 5 5 5 5 5 5 5 
5 5 5 5 5 5 5 5 5 5 
5 5 5 5 5 5 5 5 5 5 
5 5 5 5 5 5 5 5 5 5 
5 5 5 5 5 5 5 5 5 5 
5 5 5 5 5 5 5 5 5 5 
5 5 5 5 5 5 5 5 5 5 
5 5 5 5 5 5 5 5 5 5 
5 5 5 5 5 5 5 5 5 5 
5 5 5 5 5 5 5 5 5 5 
5 5 5 5 5 5 5 5 5 5 
5 5 5 5 5 5 5 5 5 5 
5 5 5 5 5 5 5 5 5 5 
5 5 5 5 5 5 5 5 5 5 
5 5 5 5 5 5 5 5 5 5 
5 5 5 5 5 5 5 5 5 5 
5 5 5 5 5 5 5 5 5 5 
5 5 5 5 5 5 5 5 5 5 
5 5 5 5 5 5 5 5 5 5 
5 5 5 5 5 5 5 5 5 5 
5 5 5 5 5 5 5 5 5 5 
5 5 5 5 5 5 5 5 5 5 
5 5 5 5 5 5 5 5 5 5 
5 5 5 5 5 5 5 5 5 5 
5 5 5 5 5 5 5 5 5 5 
5 5 5 5 5 5 5 5 5 5 
5 5 5 5 5 5 5 5 5 5 
5 5 5 5 5 5 5 5 5 5 
5 5 5 5 5 5 5 5 5 5 
5 5 5 5 5 5 5 5 5 5 
5 5 5 5 5 5 5 5 5 5 
5 5 5 5 5 5 5 5 5 5 
5 5 5 5 5 5 5 5 5 5 
5 5 5 5 5 5 5 5 5 5 
5 5 5 5 5 5 5 5 5 5 
5 5 5 5 5 5 5 5 5 5 
5 5 5 5 5 5 5 5 5 5 
5 5 5 5 5 5 5 5 5 5 
5 5 5 5 5 5 5 5 5 5 
5 5 5 5 5 5 5 5 5 5 
5 5 5 5 5 5 5 5 5 5 
5 5 5 5 5 5 5 5 5 5 
5 5 5 5 5 5 5 5 5 5 
5 5 5 5 5 5 5 5 5 5 
5 5 5 5 5 5 5 5 5 5 
5 5 5 5 5 5 5 5 5 5 
5 5 5 5 5 5 5 5 5 5 
5 5 5 5 5 5 5 5 5 5 
5 5 5 5 5 5 5 5 5 5 
5 5 5 5 5 5 5 5 5 5 
5 5 5 5 5 5 5 5 5 5 
5 5 5 5 5 5 5 5 5 5 
5 5 5 5 5 5 5 5 5 5 
5 5 5 5 5 5 5 5 5 5 
5 5 5 5 5 5 5 5 5 5 
5 5 5 5 5 5 5 5 5 5 
5 5 5 5 5 5 5 5 5 5 
5 5 5 5 5 5 5 5 5 5 
5 5 5 5 5 5 5 5 5 5 
5 5 5 5 5 5 5 5 5 5 
5 5 5 5 5 5 5 5 5 5 
5 5 5 5 5 5 5 5 5 5 
5 5 5 5 5 5 5 5 5 5 
5 5 5 5 5 5 5 5 5 5 
5 5 5 5 5 5 5 5 5 5 
5 5 5 5 5 5 5 5 5 5 
5 5 5 5 5 5 5 5 5 5 
5 5 5 5 5 5 5 5 5 5 
5 5 5 5 5 5 5 5 5 5 
5 5 5 5 5 5 5 5 5 5 
5 5 5 5 5 5 5 5 5 5 
5 5 5 5 5 5 5 5 5 5 
5 5 5 5 5 5 5 5 5 5 
5 5 5 5 5 5 5 5 5 5 
5 5 5 5 5 5 5 5 5 5 
5 5 5 5 5 5 5 5 5 5 
5 5 5 5 5 5 5 5 5 5 
5 5 5 5 5 5 5 5 5 5 
5 5 5 5 5 5 5 5 5 5 
5 5 5 5 5 5 5 5 5 5 
5 5 5 5 5 5 5 5 5 5 
5 5 5 5 5 5 5 5 5 5 
5 5 5 5 5 5 5 5 5 5 
5 5 5 5 5 5 5 5 5 5 
5 5 5 5 5 5 5 5 5 5 
5 5 5 5 5 5 5 5 5 5 
5 5 5 5 5 5 5 5 5 5 
5 5 5 5 5 5 5 5 5 5 
5 5 5 5 5 5 5 5 5 5 
5 5 5 5 5 5 5 5 5 5 
5 5 5 5 5 5 5 5 5 5 
5 5 5 5 5 5 5 5 5 5 
5 5 5 5 5 5 5 5 5 5 
5 5 5 5 5 5 5 5 5 5 
5 5 5 5 5 5 5 5 5 5 
5 5 5 5 5 5 5 5 5 5 
5 5 5 5 5 5 5 5 5 5 
5 5 5 5 5 5 5 5 5 5 
5 5 5 5 5 5 5 5 5 5 
5 5 5 5 5 5 5 5 5 5 
5 5 5 5 5 5 5 5 5 5 
5 5 5 5 5 5 5 5 5 5 
5 5 5 5 5 5 5 5 5 5 
5 5 5 5 5 5 5 5 5 5 
5 5 5 5 5 5 5 5 5 5 
5 5 5 5 5 5 5 5 5 5 
5 5 5 5 5 5 5 5 5 5 
5 5 5 5 5 5 5 5 5 5 
5 5 5 5 5 5 5 5 5 5 
5 5 5 5 5 5 5 5 5 5 
5 5 5 5 5 5 5 5 5 5 
5 5 5 5 5 5 5 5 5 5 
5 5 5 5 5 5 5 5 5 5 
5 5 5 5 5 5 5 5 5 5 
5 5 5 5 5 5 5 5 5 5 
5 5 5 5 5 5 5 5 5 5 
5 5 5 5 5 5 5 5 5 5 
5 5 5 5 5 5 5 5 5 5 
5 5 5 5 5 5 5 5 5 5 
5 5 5 5 5 5 5 5 5 5 
5 5 5 5 5 5 5 5 5 5 
5 5 5 5 5 5 5 5 5 5 
5 5 5 5 5 5 5 5 5 5 
5 5 5 5 5 5 5 5 5 5 
5 5 5 5 5 5 5 5 5 5 
5 5 5 5 5 5 5 5 5 5 
5 5 5 5 5 5 5 5 5 5 
5 5 5 5 5 5 5 5 5 5 
5 5 5 5 5 5 5 5 5 5 
5 5 5 5 5 5 5 5 5 5 
5 5 5 5 5 5 5 5 5 5 
5 5 5 5 5 5 5 5 5 5 
5 5 5 5 5 5 5 5 5 5 
5 5 5 5 5 5 5 5 5 5 
5 5 5 5 5 5 5 5 5 5 
5 5 5 5 5 5 5 5 5 5 
5 5 5 5 5 5 5 5 5 5 
5 5 5 5 5 5 5 5 5 5 
5 5 5 5 5 5 5 5 5 5 
5 5 5 5 5 5 5 5 5 5 
5 5 5 5 5 5 5 5 5 5 
5 5 5 5 5 5 5 5 5 5 
5 5 5 5 5 5 5 5 5 5 
5 5 5 5 5 5 5 5 5 5 
5 5 5 5 5 5 5 5 5 5 
5 5 5 5 5 5 5 5 5 5 
5 5 5 5 5 5 5 5 5 5 
5 5 5 5 5 5 5 5 5 5 
5 5 5 5 5 5 5 5 5 5 
5 5 5 5 5 5 5 5 5 5 
5 5 5 5 5 5 5 5 5 5 
5 5 5 5 5 5 5 5 5 5 
5 5 5 5 5 5 5 5 5 5 
5 5 5 5 5 5 5 5 5 5 
5 5 5 5 5 5 5 5 5 5 
5 5 5 5 5 5 5 5 5 5 
5 5 5 5 5 5 5 5 5 5 
5 5 5 5 5 5 5 5 5 5 
5 5 5 5 5 5 5 5 5 5 
5 5 5 5 5 5 5 5 5 5 
5 5 5 5 5 5 5 5 5 5 
5 5 5 5 5 5 5 5 5 5 
5 5 5 5 5 5 5 5 5 5 
5 5 5 5 5 5 5 5 5 5 
5 5 5 5 5 5 5 5 5 5 
5 5 5 5 5 5 5 5 5 5 
5 5 5 5 5 5 5 5 5 5 
5 5 5 5 5 5 5 5 5 5 
5 5 5 5 5 5 5 5 5 5 
5 5 5 5 5 5 5 5 5 5 
5 5 5 5 5 5 5 5 5 5 
5 5 5 5 5 5 5 5 5 5 
5 5 5 5 5 5 5 5 5 5 
5 5 5 5 5 5 5 5 5 5 
5 5 5 5 5 5 5 5 5 5 
5 5 5 5 5 5 5 5 5 5 
5 5 5 5 5 5 5 5 5 5 
5 5 5 5 5 5 5 5 5 5 
5 5 5 5 5 5 5 5 5 5 
5 5 5 5 5 5 5 5 5 5 
5 5 5 5 5 5 5 5 5 5 
5 5 5 5 5 5 5 5 5 5 
5 5 5 5 5 5 5 5 5 5 
5 5 5 5 5 5 5 5 5 5 
5 5 5 5 5 5 5 5 5 5 
5 5 5 5 5 5 5 5 5 5 
5 5 5 5 5 5 5 5 5 5 
5 5 5 5 5 5 5 5 5 5 
5 5 5 5 5 5 5 5 5 5 
5 5 5 5 5 5 5 5 5 5 
5 5 5 5 5 5 5 5 5 5 
5 5 5 5 5 5 5 5 5 5 
5 5 5 5 5 5 5 5 5 5 
5 5 5 5 5 5 5 5 5 5 
5 5 5 5 5 5 5 5 5 5 
5 5 5 5 5 5 5 5 5 5 
5 5 5 5 5 5 5 5 5 5 
5 5 5 5 5 5 5 5 5 5 
5 5 5 5 5 5 5 5 5 5 
5 5 5 5 5 5 5 5 5 5 
5 5 5 5 5 5 5 5 5 5 
5 5 5 5 5 5 5 5 5 5 
5 5 5 5 5 5 5 5 5 5 
5 5 5 5 5 5 5 5 5 5 
5 5 5 5 5 5 5 5 5 5 
5 5 5 5 5 5 5 5 5 5 
5 5 5 5 5 5 5 5 5 5 
5 5 5 5 5 5 5 5 5 5 
5 5 5 5 5 5 5 5 5 5 
5 5 5 5 5 5 5 5 5 5 
5 5 5 5 5 5 5 5 5 5 
5 5 5 5 5 5 5 5 5 5 
5 5 5 5 5 5 5 5 5 5 
5 5 5 5 5 5 5 5 5 5 
5 5 5 5 5 5 5 5 5 5 
5 5 5 5 5 5 5 5 5 5 
5 5 5 5 5 5 5 5 5 5 
5 5 5 5 5 5 5 5 5 5 
5 5 5 5 5 5 5 5 5 5 
5 5 5 5 5 5 5 5 5 5 
5 5 5 5 5 5 5 5 5 5 
5 5 5 5 5 5 5 5 5 5 
5 5 5 5 5 5 5 5 5 5 
5 5 5 5 5 5 5 5 5 5 
5 5 5 5 5 5 5 5 5 5 
5 5 5 5 5 5 5 5 5 5 
5 5 5 5 5 5 5 5 5 5 
5 5 5 5 5 5 5 5 5 5 
5 5 5 5 5 5 5 5 5 5 
5 5 5 5 5 5 5 5 5 5 
5 5 5 5 5 5 5 5 5 5 
5 5 5 5 5 5 5 5 5 5 
5 5 5 5 5 5 5 5 5 5 
5 5 5 5 5 5 5 5 5 5 
5 5 5 5 5 5 5 5 5 5 
5 5 5 5 5 5 5 5 5 5 
5 5 5 5 5 5 5 5 5 5 
5 5 5 5 5 5 5 5 5 5 
5 5 5 5 5 5 5 5 5 5 
5 5 5 5 5 5 5 5 5 5 
5 5 5 5 5 5 5 5 5 5 
5 5 5 5 5 5 5 5 5 5 
5 5 5 5 5 5 5 5 5 5 
5 5 5 5 5 5 5 5 5 5 
5 5 5 5 5 5 5 5 5 5 
5 5 5 5 5 5 5 5 5 5 
5 5 5 5 5 5 5 5 5 5 
5 5 5 5 5 5 5 5 5 5 
5 5 5 5 5 5 5 5 5 5 
5 5 5 5 5 5 5 5 5 5 
5 5 5 5 5 5 5 5 5 5 
5 5 5 5 5 5 5 5 5 5 
5 5 5 5 5 5 5 5 5 5 
5 5 5 5 5 5 5 5 5 5 
5 5 5 5 5 5 5 5 5 5 
5 5 5 5 5 5 5 5 5 5 
5 5 5 5 5 5 5 5 5 5 
5 5 5 5 5 5 5 5 5 5 
5 5 5 5 5 5 5 5 5 5 
5 5 5 5 5 5 5 5 5 5 
5 5 5 5 5 5 5 5 5 5 
5 5 5 5 5 5 5 5 5 5 
5 5 5 5 5 5 5 5 5 5 
5 5 5 5 5 5 5 5 5 5 
5 5 5 5 5 5 5 5 5 5 
5 5 5 5 5 5 5 5 5 5 
5 5 5 5 5 5 5 5 5 5 
5 5 5 5 5 5 5 5 5 5 
5 5 5 5 5 5 5 5 5 5 
5 5 5 5 5 5 5 5 5 5 
5 5 5 5 5 5 5 5 5 5 
5 5 5 5 5 5 5 5 5 5 
5 5 5 5 5 5 5 5 5 5 
5 5 5 5 5 5 5 5 5 5 
5 5 5 5 5 5 5 5 5 5 
5 5 5 5 5 5 5 5 5 5 
5 5 5 5 5 5 5 5 5 5 
5 5 5 5 5 5 5 5 5 5 
5 5 5 5 5 5 5 5 5 5 
5 5 5 5 5 5 5 5 5 5 
5 5 5 5 5 5 5 5 5 5 
5 5 5 5 5 5 5 5 5 5 
5 5 5 5 5 5 5 5 5 5 
5 5 5 5 5 5 5 5 5 5 
5 5 5 5 5 5 5 5 5 5 
5 5 5 5 5 5 5 5 5 5 
5 5 5 5 5 5 5 5 5 5 
5 5 5 5 5 5 5 5 5 5 
5 5 5 5 5 5 5 5 5 5 
5 5 5 5 5 5 5 5 5 5 
5 5 5 5 5 5 5 5 5 5 
5 5 5 5 5 5 5 5 5 5 
5 5 5 5 5 5 5 5 5 5 
5 5 5 5 5 5 5 5 5 5 
5 5 5 5 5 5 5 5 5 5 
5 5 5 5 5 5 5 5 5 5 
5 5 5 5 5 5 5 5 5 5 
5 5 5 5 5 5 5 5 5 5 
5 5 5 5 5 5 5 5 5 5 
5 5 5 5 5 5 5 5 5 5 
5 5 5 5 5 5 5 5 5 5 
5 5 5 5 5 5 5 5 5 5 
5 5 5 5 5 5 5 5 5 5 
5 5 5 5 5 5 5 5 5 5 
5 5 5 5 5 5 5 5 5 5 
5 5 5 5 5 5 5 5 5 5 
5 5 5 5 5 5 5 5 5 5 
5 5 5 5 5 5 5 5 5 5 
5 5 5 5 5 5 5 5 5 5 
5 5 5 5 5 5 5 5 5 5 
5 5 5 5 5 5 5 5 5 5 
5 5 5 5 5 5 5 5 5 5 
5 5 5 5 5 5 5 5 5 5 
5 5 5 5 5 5 5 5 5 5 
5 5 5 5 5 5 5 5 5 5 
5 5 5 5 5 5 5 5 5 5 
5 5 5 5 5 5 5 5 5 5 
5 5 5 5 5 5 5 5 5 5 
5 5 5 5 5 5 5 5 5 5 
5 5 5 5 5 5 5 5 5 5 
5 5 5 5 5 5 5 5 5 5 
5 5 5 5 5 5 5 5 5 5 
5 5 5 5 5 5 5 5 5 5 
5 5 5 5 5 5 5 5 5 5 
5 5 5 5 5 5 5 5 5 5 
5 5 5 5 5 5 5 5 5 5 
5 5 5 5 5 5 5 5 5 5 
5 5 5 5 5 5 5 5 5 5 
5 5 5 5 5 5 5 5 5 5 
5 5 5 5 5 5 5 5 5 5 
5 5 5 5 5 5 5 5 5 5 
5 5 5 5 5 5 5 5 5 5 
5 5 5 5 5 5 5 5 5 5 
5 5 5 5 5 5 5 5 5 5 
5 5 5 5 5 5 5 5 5 5 
5 5 5 5 5 5 5 5 5 5 
5 5 5 5 5 5 5 5 5 5 
5 5 5 5 5 5 5 5 5 5 
5 5 5 5 5 5 5 5 5 5 
5 5 5 5 5 5 5 5 5 5 
5 5 5 5 5 5 5 5 5 5 
5 5 5 5 5 5 5 5 5 5 
5 5 5 5 5 5 5 5 5 5 
5 5 5 5 5 5 5 5 5 5 
5 5 5 5 5 5 5 5 5 5 
5 5 5 5 5 5 5 5 5 5 
5 5 5 5 5 5 5 5 5 5 
5 5 5 5 5 5 5 5 5 5 
5 5 5 5 5 5 5 5 5 5 
5 5 5 5 5 5 5 5 5 5 
5 5 5 5 5 5 
CELL_DATA 6076
SCALARS Face_Number float 1
LOOKUP_TABLE default
6 6 6 6 6 6 6 6 6 
6 6 6 6 6 6 6 6 6 6 
6 6 6 6 6 6 6 6 6 6 
6 6 6 6 6 6 6 6 6 6 
6 6 6 6 6 6 6 6 6 6 
6 6 6 6 6 6 6 6 6 6 
6 6 6 6 6 6 6 6 6 6 
6 6 6 6 6 6 6 6 6 6 
6 6 6 6 6 6 6 6 6 6 
6 6 6 6 6 6 6 6 6 6 
6 6 6 6 6 6 6 6 6 6 
6 6 6 6 6 6 6 6 6 6 
6 6 6 6 6 6 6 6 6 6 
6 6 6 6 6 6 6 6 6 6 
6 6 6 6 6 6 6 6 6 6 
6 6 6 6 6 6 6 6 6 6 
6 6 6 6 6 6 6 6 6 6 
6 6 6 6 6 6 6 6 6 6 
6 6 6 6 6 6 6 6 6 6 
6 6 6 6 6 6 6 7 7 7 
7 7 7 7 7 7 7 7 7 7 
7 7 7 7 7 7 7 7 7 7 
7 7 7 7 7 7 7 7 7 7 
7 7 7 7 7 7 7 7 7 7 
7 7 7 7 7 7 7 7 7 7 
7 7 7 7 7 7 7 7 7 7 
7 7 7 7 7 7 7 7 7 7 
7 7 7 7 7 7 7 7 7 7 
7 7 7 7 7 7 7 7 7 7 
7 7 7 7 7 7 7 7 7 7 
7 7 7 7 7 7 7 7 7 7 
7 7 7 7 7 7 7 7 7 7 
7 7 7 7 7 7 7 7 7 7 
7 7 7 7 7 7 7 7 7 7 
7 7 7 7 7 7 7 7 7 7 
7 7 7 7 7 7 7 7 7 7 
7 7 7 7 7 7 7 7 7 7 
7 7 7 7 7 7 7 7 7 7 
7 7 7 7 7 7 7 7 7 7 
7 7 7 8 8 8 8 8 8 8 
8 8 8 8 8 8 8 8 8 8 
8 8 8 8 8 8 8 8 8 8 
8 8 8 8 8 8 8 8 8 8 
8 8 8 8 8 8 8 8 8 8 
8 8 8 8 8 8 8 8 8 8 
8 8 8 8 8 8 8 8 8 8 
8 8 8 8 8 8 8 8 8 8 
8 8 8 8 8 8 8 8 8 8 
8 8 8 8 8 8 8 8 8 8 
8 8 8 8 8 8 8 8 8 8 
8 8 8 8 8 8 8 8 8 8 
8 8 8 8 8 8 8 8 8 8 
8 8 8 8 8 8 8 8 8 8 
8 8 8 8 8 8 8 8 8 8 
8 8 8 8 8 8 8 8 8 8 
8 8 8 8 8 8 8 8 8 8 
8 8 8 8 8 8 8 8 8 8 
8 8 8 8 8 8 8 8 8 8 
8 8 8 8 8 8 8 8 8 9 
9 9 9 9 9 9 9 9 9 9 
9 9 9 9 9 9 9 9 9 9 
9 9 9 9 9 9 9 9 9 9 
9 9 9 9 9 9 9 9 9 9 
9 9 9 9 9 9 9 9 9 9 
9 9 9 9 9 9 9 9 9 9 
9 9 9 9 9 9 9 9 9 9 
9 9 9 9 9 9 9 9 9 9 
9 9 9 9 9 9 9 9 9 9 
9 9 9 9 9 9 9 9 9 9 
9 9 9 9 9 9 9 9 9 9 
9 9 9 9 9 9 9 9 9 9 
9 9 9 9 9 9 9 9 9 9 
9 9 9 9 9 9 9 9 9 9 
9 9 9 9 9 9 9 9 9 9 
9 9 9 9 9 9 9 9 9 9 
9 9 9 9 9 9 9 9 9 9 
9 9 9 9 9 9 9 9 9 9 
9 9 9 9 9 9 9 9 9 9 
9 9 9 9 9 10 10 10 10 10 
10 10 10 10 10 10 10 10 10 10 
10 10 10 10 10 10 10 10 10 10 
10 10 10 10 10 10 10 10 10 10 
10 10 10 10 10 10 10 10 10 10 
10 10 10 10 10 10 10 10 10 10 
10 10 10 10 10 10 10 10 10 10 
10 10 10 10 10 10 10 10 10 10 
10 10 10 10 10 10 10 10 10 10 
10 10 10 10 10 10 10 10 10 10 
10 10 10 10 10 10 10 10 10 10 
10 10 10 10 10 10 10 10 10 10 
10 10 10 10 10 10 10 10 10 10 
10 10 10 10 10 10 10 10 10 10 
10 10 10 10 10 10 10 10 10 10 
10 10 10 10 10 10 10 10 10 10 
10 10 10 10 10 10 10 10 10 10 
10 10 10 10 10 10 10 10 10 10 
10 10 10 10 10 10 10 10 10 10 
10 10 10 10 10 10 10 10 10 10 
10 11 11 11 11 11 11 11 11 11 
11 11 11 11 11 11 11 11 11 11 
11 11 11 11 11 11 11 11 11 11 
11 11 11 11 11 11 11 11 11 11 
11 11 11 11 11 11 11 11 11 11 
11 11 11 11 11 11 11 11 11 11 
11 11 11 11 11 11 11 11 11 11 
11 11 11 11 11 11 11 11 11 11 
11 11 11 11 11 11 11 11 11 11 
11 11 11 11 11 11 11 11 11 11 
11 11 11 11 11 11 11 11 11 11 
11 11 11 11 11 11 11 11 11 11 
11 11 11 11 11 11 11 11 11 11 
11 11 11 11 11 11 11 11 11 11 
11 11 11 11 11 11 11 11 11 11 
11 11 11 11 11 11 11 11 11 11 
11 11 11 11 11 11 11 11 11 11 
11 11 11 11 11 11 11 11 11 11 
11 11 11 11 11 11 11 11 11 11 
11 11 11 11 11 11 11 12 12 12 
12 12 12 12 12 12 12 12 12 12 
12 12 12 12 12 12 12 12 12 12 
12 12 12 12 12 12 12 12 12 12 
12 12 12 12 12 12 12 12 12 12 
12 12 12 12 12 12 12 12 12 12 
12 12 12 12 12 12 12 12 12 12 
12 12 12 12 12 12 12 12 12 12 
12 12 12 12 12 12 12 12 12 12 
12 12 12 12 12 12 12 12 12 12 
12 12 12 12 12 12 12 12 12 12 
12 12 12 12 12 12 12 12 12 12 
12 12 12 12 12 12 12 12 12 12 
12 12 12 12 12 12 12 12 12 12 
12 12 12 12 12 12 12 12 12 12 
12 12 12 12 12 12 12 12 12 12 
12 12 12 12 12 12 12 12 12 12 
12 12 12 12 12 12 12 12 12 12 
12 12 12 12 12 12 12 12 12 12 
12 12 12 12 12 12 12 12 12 12 
12 12 12 13 13 13 13 13 13 13 
13 13 13 13 13 13 13 13 13 13 
13 13 13 13 13 13 13 13 13 13 
13 13 13 13 13 13 13 13 13 13 
13 13 13 13 13 13 13 13 13 13 
13 13 13 13 13 13 13 13 13 13 
13 13 13 13 13 13 13 13 13 13 
13 13 13 13 13 13 13 13 13 13 
13 13 13 13 13 13 13 13 13 13 
13 13 13 13 13 13 13 13 13 13 
13 13 13 13 13 13 13 13 13 13 
13 13 13 13 13 13 13 13 13 13 
13 13 13 13 13 13 13 13 13 13 
13 13 13 13 13 13 13 13 13 13 
13 13 13 13 13 13 13 13 13 13 
13 13 13 13 13 13 13 13 13 13 
13 13 13 13 13 13 13 13 13 13 
13 13 13 13 13 13 13 13 13 13 
13 13 13 13 13 13 13 13 13 13 
13 13 13 13 13 13 13 13 13 14 
14 14 14 14 14 14 14 14 14 14 
14 14 14 14 14 14 14 14 14 14 
14 14 14 14 14 14 14 14 14 14 
14 14 14 14 14 14 14 14 14 14 
14 14 14 14 14 14 14 14 14 14 
14 14 14 14 14 14 14 14 14 14 
14 14 14 14 14 14 14 14 14 14 
14 14 14 14 14 14 14 14 14 14 
14 14 14 14 14 14 14 14 14 14 
14 14 14 14 14 14 14 14 14 14 
14 14 14 14 14 14 14 14 14 14 
14 14 14 14 14 14 14 14 14 14 
14 14 14 14 14 14 14 14 14 14 
14 14 14 14 14 14 14 14 14 14 
14 14 14 14 14 14 14 14 14 14 
14 14 14 14 14 14 14 14 14 14 
14 14 14 14 14 14 14 14 14 14 
14 14 14 14 14 14 14 14 14 14 
14 14 14 14 14 14 14 14 14 14 
14 14 14 14 14 15 15 15 15 15 
15 15 15 15 15 15 15 15 15 15 
15 15 15 15 15 15 15 15 15 15 
15 15 15 15 15 15 15 15 15 15 
15 15 15 15 15 15 15 15 15 15 
15 15 15 15 15 15 15 15 15 15 
15 15 15 15 15 15 15 15 15 15 
15 15 15 15 15 15 15 15 15 15 
15 15 15 15 15 15 15 15 15 15 
15 15 15 15 15 15 15 15 15 15 
15 15 15 15 15 15 15 15 15 15 
15 15 15 15 15 15 15 15 15 15 
15 15 15 15 15 15 15 15 15 15 
15 15 15 15 15 15 15 15 15 15 
15 15 15 15 15 15 15 15 15 15 
15 15 15 15 15 15 15 15 15 15 
15 15 15 15 15 15 15 15 15 15 
15 15 15 15 15 15 15 15 15 15 
15 15 15 15 15 15 15 15 15 15 
15 15 15 15 15 15 15 15 15 15 
15 16 16 16 16 16 16 16 16 16 
16 16 16 16 16 16 16 16 16 16 
16 16 16 16 16 16 16 16 16 16 
16 16 16 16 16 16 16 16 16 16 
16 16 16 16 16 16 16 16 16 16 
16 16 16 16 16 16 16 16 16 16 
16 16 16 16 16 16 16 16 16 16 
16 16 16 16 16 16 16 16 16 16 
16 16 16 16 16 16 16 16 16 16 
16 16 16 16 16 16 16 16 16 16 
16 16 16 16 16 16 16 16 16 16 
16 16 16 16 16 16 16 16 16 16 
16 16 16 16 16 16 16 16 16 16 
16 16 16 16 16 16 16 16 16 16 
16 16 16 16 16 16 16 16 16 16 
16 16 16 16 16 16 16 16 16 16 
16 16 16 16 16 16 16 16 16 16 
16 16 16 16 16 16 16 16 16 16 
16 16 16 16 16 16 16 16 16 16 
16 16 16 16 16 16 16 17 17 17 
17 17 17 17 17 17 17 17 17 17 
17 17 17 17 17 17 17 17 17 17 
17 17 17 17 17 17 17 17 17 17 
17 17 17 17 17 17 17 17 17 17 
17 17 17 17 17 17 17 17 17 17 
17 17 17 17 17 17 17 17 17 17 
17 17 17 17 17 17 17 17 17 17 
17 17 17 17 17 17 17 17 17 17 
17 17 17 17 17 17 17 17 17 17 
17 17 17 17 17 17 17 17 17 17 
17 17 17 17 17 17 17 17 17 17 
17 17 17 17 17 17 17 17 17 17 
17 17 17 17 17 17 17 17 17 17 
17 17 17 17 17 17 17 17 17 17 
17 17 17 17 17 17 17 17 17 17 
17 17 17 17 17 17 17 17 17 17 
17 17 17 17 17 17 17 17 17 17 
17 17 17 17 17 17 17 17 17 17 
17 17 17 17 17 17 17 17 17 17 
17 17 17 18 18 18 18 18 18 18 
18 18 18 18 18 18 18 18 18 18 
18 18 18 18 18 18 18 18 18 18 
18 18 18 18 18 18 18 18 18 18 
18 18 18 18 18 18 18 18 18 18 
18 18 18 18 18 18 18 18 18 18 
18 18 18 18 18 18 18 18 18 18 
18 18 18 18 18 18 18 18 18 18 
18 18 18 18 18 18 18 18 18 18 
18 18 18 18 18 18 18 18 18 18 
18 18 18 18 18 18 18 18 18 18 
18 18 18 18 18 18 18 18 18 18 
18 18 18 18 18 18 18 18 18 18 
18 18 18 18 18 18 18 18 18 18 
18 18 18 18 18 18 18 18 18 18 
18 18 18 18 18 18 18 18 18 18 
18 18 18 18 18 18 18 18 18 18 
18 18 18 18 18 18 18 18 18 18 
18 18 18 18 18 18 18 18 18 18 
18 18 18 18 18 18 18 18 18 19 
19 19 19 19 19 19 19 19 19 19 
19 19 19 19 19 19 19 19 19 19 
19 19 19 19 19 19 19 19 19 19 
19 19 19 19 19 19 19 19 19 19 
19 19 19 19 19 19 19 19 19 19 
19 19 19 19 19 19 19 19 19 19 
19 19 19 19 19 19 19 19 19 19 
19 19 19 19 19 19 19 19 19 19 
19 19 19 19 19 19 19 19 19 19 
19 19 19 19 19 19 19 19 19 19 
19 19 19 19 19 19 19 19 19 19 
19 19 19 19 19 19 19 19 19 19 
19 19 19 19 19 19 19 19 19 19 
19 19 19 19 19 19 19 19 19 19 
19 19 19 19 19 19 19 19 19 19 
19 19 19 19 19 19 19 19 19 19 
19 19 19 19 19 19 19 19 19 19 
19 19 19 19 19 19 19 19 19 19 
19 19 19 19 19 19 19 19 19 19 
19 19 19 19 19 20 20 20 20 20 
20 20 20 20 20 20 20 20 20 20 
20 20 20 20 20 20 20 20 20 20 
20 20 20 20 20 20 20 20 20 20 
20 20 20 20 20 20 20 20 20 20 
20 20 20 20 20 20 20 20 20 20 
20 20 20 20 20 20 20 20 20 20 
20 20 20 20 20 20 20 20 20 20 
20 20 20 20 20 20 20 20 20 20 
20 20 20 20 20 20 20 20 20 20 
20 20 20 20 20 20 20 20 20 20 
20 20 20 20 20 20 20 20 20 20 
20 20 20 20 20 20 20 20 20 20 
20 20 20 20 20 20 20 20 20 20 
20 20 20 20 20 20 20 20 20 20 
20 20 20 20 20 20 20 20 20 20 
20 20 20 20 20 20 20 20 20 20 
20 20 20 20 20 20 20 20 20 20 
20 20 20 20 20 20 20 20 20 20 
20 20 20 20 20 20 20 20 20 20 
20 21 21 21 21 21 21 21 21 21 
21 21 21 21 21 21 21 21 21 21 
21 21 21 21 21 21 21 21 21 21 
21 21 21 21 21 21 21 21 21 21 
21 21 21 21 21 21 21 21 21 21 
21 21 21 21 21 21 21 21 21 21 
21 21 21 21 21 21 21 21 21 21 
21 21 21 21 21 21 21 21 21 21 
21 21 21 21 21 21 21 21 21 21 
21 21 21 21 21 21 21 21 21 21 
21 21 21 21 21 21 21 21 21 21 
21 21 21 21 21 21 21 21 21 21 
21 21 21 21 21 21 21 21 21 21 
21 21 21 21 21 21 21 21 21 21 
21 21 21 21 21 21 21 21 21 21 
21 21 21 21 21 21 21 21 21 21 
21 21 21 21 21 21 21 21 21 21 
21 21 21 21 21 21 21 21 21 21 
21 21 21 21 21 21 21 21 21 21 
21 21 21 21 21 21 21 22 22 22 
22 22 22 22 22 22 22 22 22 22 
22 22 22 22 22 22 22 22 22 22 
22 22 22 22 22 22 22 22 22 22 
22 22 22 22 22 22 22 22 22 22 
22 22 22 22 22 22 22 22 22 22 
22 22 22 22 22 22 22 22 22 22 
22 22 22 22 22 22 22 22 22 22 
22 22 22 22 22 22 22 22 22 22 
22 22 22 22 22 22 22 22 22 22 
22 22 22 22 22 22 22 22 22 22 
22 22 22 22 22 22 22 22 22 22 
22 22 22 22 22 22 22 22 22 22 
22 22 22 22 22 22 22 22 22 22 
22 22 22 22 22 22 22 22 22 22 
22 22 22 22 22 22 22 22 22 22 
22 22 22 22 22 22 22 22 22 22 
22 22 22 22 22 22 22 22 22 22 
22 22 22 22 22 22 22 22 22 22 
22 22 22 22 22 22 22 22 22 22 
22 22 22 23 23 23 23 23 23 23 
23 23 23 23 23 23 23 23 23 23 
23 23 23 23 23 23 23 23 23 23 
23 23 23 23 23 23 23 23 23 23 
23 23 23 23 23 23 23 23 23 23 
23 23 23 23 23 23 23 23 23 23 
23 23 23 23 23 23 23 23 23 23 
23 23 23 23 23 23 23 23 23 23 
23 23 23 23 23 23 23 23 23 23 
23 23 23 23 23 23 23 23 23 23 
23 23 23 23 23 23 23 23 23 23 
23 23 23 23 23 23 23 23 23 23 
23 23 23 23 23 23 23 23 23 23 
23 23 23 23 23 23 23 23 23 23 
23 23 23 23 23 23 23 23 23 23 
23 23 23 23 23 23 23 23 23 23 
23 23 23 23 23 23 23 23 23 23 
23 23 23 23 23 23 23 23 23 23 
23 23 23 23 23 23 23 23 23 23 
23 23 23 23 23 23 23 23 23 24 
24 24 24 24 24 24 24 24 24 24 
24 24 24 24 24 24 24 24 24 24 
24 24 24 24 24 24 24 24 24 24 
24 24 24 24 24 24 24 24 24 24 
24 24 24 24 24 24 24 24 24 24 
24 24 24 24 24 24 24 24 24 24 
24 24 24 24 24 24 24 24 24 24 
24 24 24 24 24 24 24 24 24 24 
24 24 24 24 24 24 24 24 24 24 
24 24 24 24 24 24 24 24 24 24 
24 24 24 24 24 24 24 24 24 24 
24 24 24 24 24 24 24 24 24 24 
24 24 24 24 24 24 24 24 24 24 
24 24 24 24 24 24 24 24 24 24 
24 24 24 24 24 24 24 24 24 24 
24 24 24 24 24 24 24 24 24 24 
24 24 24 24 24 24 24 24 24 24 
24 24 24 24 24 24 24 24 24 24 
24 24 24 24 24 24 24 24 24 24 
24 24 24 24 24 25 25 25 25 25 
25 25 25 25 25 25 25 25 25 25 
25 25 25 25 25 25 25 25 25 25 
25 25 25 25 25 25 25 25 25 25 
25 25 25 25 25 25 25 25 25 25 
25 25 25 25 25 25 25 25 25 25 
25 25 25 25 25 25 25 25 25 25 
25 25 25 25 25 25 25 25 25 25 
25 25 25 25 25 25 25 25 25 25 
25 25 25 25 25 25 25 25 25 25 
25 25 25 25 25 25 25 25 25 25 
25 25 25 25 25 25 25 25 25 25 
25 25 25 25 25 25 25 25 25 25 
25 25 25 25 25 25 25 25 25 25 
25 25 25 25 25 25 25 25 25 25 
25 25 25 25 25 25 25 25 25 25 
25 25 25 25 25 25 25 25 25 25 
25 25 25 25 25 25 25 25 25 25 
25 25 25 25 25 25 25 25 25 25 
25 25 25 25 25 25 25 25 25 25 
25 26 26 26 26 26 26 26 26 26 
26 26 26 26 26 26 26 26 26 26 
26 26 26 26 26 26 26 26 26 26 
26 26 26 26 26 26 26 26 26 26 
26 26 26 26 26 26 26 26 26 26 
26 26 26 26 26 26 26 26 26 26 
26 26 26 26 26 26 26 26 26 26 
26 26 26 26 26 26 26 26 26 26 
26 26 26 26 26 26 26 26 26 26 
26 26 26 26 26 26 26 26 26 26 
26 26 26 26 26 26 26 26 26 26 
26 26 26 26 26 26 26 26 26 26 
26 26 26 26 26 26 26 26 26 26 
26 26 26 26 26 26 26 26 26 26 
26 26 26 26 26 26 26 26 26 26 
26 26 26 26 26 26 26 26 26 26 
26 26 26 26 26 26 26 26 26 26 
26 26 26 26 26 26 26 26 26 26 
26 26 26 26 26 26 26 26 26 26 
26 26 26 26 26 26 26 27 27 27 
27 27 27 27 27 27 27 27 27 27 
27 27 27 27 27 27 27 27 27 27 
27 27 27 27 27 27 27 27 27 27 
27 27 27 27 27 27 27 27 27 27 
27 27 27 27 27 27 27 27 27 27 
27 27 27 27 27 27 27 27 27 27 
27 27 27 27 27 27 27 27 27 27 
27 27 27 27 27 27 27 27 27 27 
27 27 27 27 27 27 27 27 27 27 
27 27 27 27 27 27 27 27 27 27 
27 27 27 27 27 27 27 27 27 27 
27 27 27 27 27 27 27 27 27 27 
27 27 27 27 27 27 27 27 27 27 
27 27 27 27 27 27 27 27 27 27 
27 27 27 27 27 27 27 27 27 27 
27 27 27 27 27 27 27 27 27 27 
27 27 27 27 27 27 27 27 27 27 
27 27 27 27 27 27 27 27 27 27 
27 27 27 27 27 27 27 27 27 27 
27 27 27 28 28 28 28 28 28 28 
28 28 28 28 28 28 28 28 28 28 
28 28 28 28 28 28 28 28 28 28 
28 28 28 28 28 28 28 28 28 28 
28 28 28 28 28 28 28 28 28 28 
28 28 28 28 28 28 28 28 28 28 
28 28 28 28 28 28 28 28 28 28 
28 28 28 28 28 28 28 28 28 28 
28 28 28 28 28 28 28 28 28 28 
28 28 28 28 28 28 28 28 28 28 
28 28 28 28 28 28 28 28 28 28 
28 28 28 28 28 28 28 28 28 28 
28 28 28 28 28 28 28 28 28 28 
28 28 28 28 28 28 28 28 28 28 
28 28 28 28 28 28 28 28 28 28 
28 28 28 28 28 28 28 28 28 28 
28 28 28 28 28 28 28 28 28 28 
28 28 28 28 28 28 28 28 28 28 
28 28 28 28 28 28 28 28 28 28 
28 28 28 28 28 28 28 28 28 29 
29 29 29 29 29 29 29 29 29 29 
29 29 29 29 29 29 29 29 29 29 
29 29 29 29 29 29 29 29 29 29 
29 29 29 29 29 29 29 29 29 29 
29 29 29 29 29 29 29 29 29 29 
29 29 29 29 29 29 29 29 29 29 
29 29 29 29 29 29 29 29 29 29 
29 29 29 29 29 29 29 29 29 29 
29 29 29 29 29 29 29 29 29 29 
29 29 29 29 29 29 29 29 29 29 
29 29 29 29 29 29 29 29 29 29 
29 29 29 29 29 29 29 29 29 29 
29 29 29 29 29 29 29 29 29 29 
29 29 29 29 29 29 29 29 29 29 
29 29 29 29 29 29 29 29 29 29 
29 29 29 29 29 29 29 29 29 29 
29 29 29 29 29 29 29 29 29 29 
29 29 29 29 29 29 29 29 29 29 
29 29 29 29 29 29 29 29 29 29 
29 29 29 29 29 30 30 30 30 30 
30 30 30 30 30 30 30 30 30 30 
30 30 30 30 30 30 30 30 30 30 
30 30 30 30 30 30 30 30 30 30 
30 30 30 30 30 30 30 30 30 30 
30 30 30 30 30 30 30 30 30 30 
30 30 30 30 30 30 30 30 30 30 
30 30 30 30 30 30 30 30 30 30 
30 30 30 30 30 30 30 30 30 30 
30 30 30 30 30 30 30 30 30 30 
30 30 30 30 30 30 30 30 30 30 
30 30 30 30 30 30 30 30 30 30 
30 30 30 30 30 30 30 30 30 30 
30 30 30 30 30 30 30 30 30 30 
30 30 30 30 30 30 30 30 30 30 
30 30 30 30 30 30 30 30 30 30 
30 30 30 30 30 30 30 30 30 30 
30 30 30 30 30 30 30 30 30 30 
30 30 30 30 30 30 30 30 30 30 
30 30 30 30 30 30 30 30 30 30 
30 31 31 31 31 31 31 31 31 31 
31 31 31 31 31 31 31 31 31 31 
31 31 31 31 31 31 31 31 31 31 
31 31 31 31 31 31 31 31 31 31 
31 31 31 31 31 31 31 31 31 31 
31 31 31 31 31 31 31 31 31 31 
31 31 31 31 31 31 31 31 31 31 
31 31 31 31 31 31 31 31 31 31 
31 31 31 31 31 31 31 31 31 31 
31 31 31 31 31 31 31 31 31 31 
31 31 31 31 31 31 31 31 31 31 
31 31 31 31 31 31 31 31 31 31 
31 31 31 31 31 31 31 31 31 31 
31 31 31 31 31 31 31 31 31 31 
31 31 31 31 31 31 31 31 31 31 
31 31 31 31 31 31 31 31 31 31 
31 31 31 31 31 31 31 31 31 31 
31 31 31 31 31 31 31 31 31 31 
31 31 31 31 31 31 31 31 31 31 
31 31 31 31 31 31 31 32 32 32 
32 32 32 32 32 32 32 32 32 32 
32 32 32 32 32 32 32 32 32 32 
32 32 32 32 32 32 32 32 32 32 
32 32 32 32 32 32 32 32 32 32 
32 32 32 32 32 32 32 32 32 32 
32 32 32 32 32 32 32 32 32 32 
32 32 32 32 32 32 32 32 32 32 
32 32 32 32 32 32 32 32 32 32 
32 32 32 32 32 32 32 32 32 32 
32 32 32 32 32 32 32 32 32 32 
32 32 32 32 32 32 32 32 32 32 
32 32 32 32 32 32 32 32 32 32 
32 32 32 32 32 32 32 32 32 32 
32 32 32 32 32 32 32 32 32 32 
32 32 32 32 32 32 32 32 32 32 
32 32 32 32 32 32 32 32 32 32 
32 32 32 32 32 32 32 32 32 32 
32 32 32 32 32 32 32 32 32 32 
32 32 32 32 32 32 32 32 32 32 
32 32 32 33 33 33 33 33 33 33 
33 33 33 33 33 33 33 33 33 33 
33 33 33 33 33 33 33 33 33 33 
33 33 33 33 33 33 33 33 33 33 
33 33 33 33 33 33 33 33 33 33 
33 33 33 33 33 33 33 33 33 33 
33 33 33 33 33 33 33 33 33 33 
33 33 33 33 33 33 33 33 33 33 
33 33 33 33 33 33 33 33 33 33 
33 33 33 33 33 33 33 33 33 33 
33 33 33 33 33 33 33 33 33 33 
33 33 33 33 33 33 33 33 33 33 
33 33 33 33 33 33 33 33 33 33 
33 33 33 33 33 33 33 33 33 33 
33 33 33 33 33 33 33 33 33 33 
33 33 33 33 33 33 33 33 33 33 
33 33 33 33 33 33 33 33 33 33 
33 33 33 33 33 33 33 33 33 33 
33 33 33 33 33 33 33 33 33 33 
33 33 33 33 33 33 33 33 33 34 
34 34 34 34 34 34 34 34 34 34 
34 34 34 34 34 34 34 34 34 34 
34 34 34 34 34 34 34 34 34 34 
34 34 34 34 34 34 34 34 34 34 
34 34 34 34 34 34 34 34 34 34 
34 34 34 34 34 34 34 34 34 34 
34 34 34 34 34 34 34 34 34 34 
34 34 34 34 34 34 34 34 34 34 
34 34 34 34 34 34 34 34 34 34 
34 34 34 34 34 34 34 34 34 34 
34 34 34 34 34 34 34 34 34 34 
34 34 34 34 34 34 34 34 34 34 
34 34 34 34 34 34 34 34 34 34 
34 34 34 34 34 34 34 34 34 34 
34 34 34 34 34 34 34 34 34 34 
34 34 34 34 34 34 34 34 34 34 
34 34 34 34 34 34 34 34 34 34 
34 34 34 34 34 34 34 34 34 34 
34 34 34 34 34 34 34 34 34 34 
34 34 34 34 34 35 35 35 35 35 
35 35 35 35 35 35 35 35 35 35 
35 35 35 35 35 35 35 35 35 35 
35 35 35 35 35 35 35 35 35 35 
35 35 35 35 35 35 35 35 35 35 
35 35 35 35 35 35 35 35 35 35 
35 35 35 35 35 35 35 35 35 35 
35 35 35 35 35 35 35 35 35 35 
35 35 35 35 35 35 35 35 35 35 
35 35 35 35 35 35 35 35 35 35 
35 35 35 35 35 35 35 35 35 35 
35 35 35 35 35 35 35 35 35 35 
35 35 35 35 35 35 35 35 35 35 
35 35 35 35 35 35 35 35 35 35 
35 35 35 35 35 35 35 35 35 35 
35 35 35 35 35 35 35 35 35 35 
35 35 35 35 35 35 35 35 35 35 
35 35 35 35 35 35 35 35 35 35 
35 35 35 35 35 35 35 35 35 35 
35 35 35 35 35 35 35 35 35 35 
35 36 36 36 36 36 36 36 36 36 
36 36 36 36 36 36 36 36 36 36 
36 36 36 36 36 36 36 36 36 36 
36 36 36 36 36 36 36 36 36 36 
36 36 36 36 36 36 36 36 36 36 
36 36 36 36 36 36 36 36 36 36 
36 36 36 36 36 36 36 36 36 36 
36 36 36 36 36 36 36 36 36 36 
36 36 36 36 36 36 36 36 36 36 
36 36 36 36 36 36 36 36 36 36 
36 36 36 36 36 36 36 36 36 36 
36 36 36 36 36 36 36 36 36 36 
36 36 36 36 36 36 36 36 36 36 
36 36 36 36 36 36 36 36 36 36 
36 36 36 36 36 36 36 36 36 36 
36 36 36 36 36 36 36 36 36 36 
36 36 36 36 36 36 36 36 36 36 
36 36 36 36 36 36 36 36 36 36 
36 36 36 36 36 36 36 36 36 36 
36 36 36 36 36 36 36 SCALARS Node_Number float 1
LOOKUP_TABLE default
-1 -1 -1 -1 -1 -1 -1 -1 -1 
-1 -1 -1 -1 -1 -1 -1 -1 -1 -1 
-1 -1 -1 -1 -1 -1 -1 -1 -1 -1 
-1 -1 -1 -1 -1 -1 -1 -1 -1 -1 
-1 -1 -1 -1 -1 -1 -1 -1 -1 -1 
-1 -1 -1 -1 -1 -1 -1 -1 -1 -1 
-1 -1 -1 -1 -1 -1 -1 -1 -1 -1 
-1 -1 -1 -1 -1 -1 -1 -1 -1 -1 
-1 -1 -1 -1 -1 -1 -1 -1 -1 -1 
-1 -1 -1 -1 -1 -1 -1 -1 -1 -1 
-1 -1 -1 -1 -1 -1 -1 -1 -1 -1 
-1 -1 -1 -1 -1 -1 -1 -1 -1 -1 
-1 -1 -1 -1 -1 -1 -1 -1 -1 -1 
-1 -1 -1 -1 -1 -1 -1 -1 -1 -1 
-1 -1 -1 -1 -1 -1 -1 -1 -1 -1 
-1 -1 -1 -1 -1 -1 -1 -1 -1 -1 
-1 -1 -1 -1 -1 -1 -1 -1 -1 -1 
-1 -1 -1 -1 -1 -1 -1 -1 -1 -1 
-1 -1 -1 -1 -1 -1 -1 -1 -1 -1 
-1 -1 -1 -1 -1 -1 -1 -1 -1 -1 
-1 -1 -1 -1 -1 -1 -1 -1 -1 -1 
-1 -1 -1 -1 -1 -1 -1 -1 -1 -1 
-1 -1 -1 -1 -1 -1 -1 -1 -1 -1 
-1 -1 -1 -1 -1 -1 -1 -1 -1 -1 
-1 -1 -1 -1 -1 -1 -1 -1 -1 -1 
-1 -1 -1 -1 -1 -1 -1 -1 -1 -1 
-1 -1 -1 -1 -1 -1 -1 -1 -1 -1 
-1 -1 -1 -1 -1 -1 -1 -1 -1 -1 
-1 -1 -1 -1 -1 -1 -1 -1 -1 -1 
-1 -1 -1 -1 -1 -1 -1 -1 -1 -1 
-1 -1 -1 -1 -1 -1 -1 -1 -1 -1 
-1 -1 -1 -1 -1 -1 -1 -1 -1 -1 
-1 -1 -1 -1 -1 -1 -1 -1 -1 -1 
-1 -1 -1 -1 -1 -1 -1 -1 -1 -1 
-1 -1 -1 -1 -1 -1 -1 -1 -1 -1 
-1 -1 -1 -1 -1 -1 -1 -1 -1 -1 
-1 -1 -1 -1 -1 -1 -1 -1 -1 -1 
-1 -1 -1 -1 -1 -1 -1 -1 -1 -1 
-1 -1 -1 -1 -1 -1 -1 -1 -1 -1 
-1 -1 -1 -1 -1 -1 -1 -1 -1 -1 
-1 -1 -1 -1 -1 -1 -1 -1 -1 -1 
-1 -1 -1 -1 -1 -1 -1 -1 -1 -1 
-1 -1 -1 -1 -1 -1 -1 -1 -1 -1 
-1 -1 -1 -1 -1 -1 -1 -1 -1 -1 
-1 -1 -1 -1 -1 -1 -1 -1 -1 -1 
-1 -1 -1 -1 -1 -1 -1 -1 -1 -1 
-1 -1 -1 -1 -1 -1 -1 -1 -1 -1 
-1 -1 -1 -1 -1 -1 -1 -1 -1 -1 
-1 -1 -1 -1 -1 -1 -1 -1 -1 -1 
-1 -1 -1 -1 -1 -1 -1 -1 -1 -1 
-1 -1 -1 -1 -1 -1 -1 -1 -1 -1 
-1 -1 -1 -1 -1 -1 -1 -1 -1 -1 
-1 -1 -1 -1 -1 -1 -1 -1 -1 -1 
-1 -1 -1 -1 -1 -1 -1 -1 -1 -1 
-1 -1 -1 -1 -1 -1 -1 -1 -1 -1 
-1 -1 -1 -1 -1 -1 -1 -1 -1 -1 
-1 -1 -1 -1 -1 -1 -1 -1 -1 -1 
-1 -1 -1 -1 -1 -1 -1 -1 -1 -1 
-1 -1 -1 -1 -1 -1 -1 -1 -1 -1 
-1 -1 -1 -1 -1 -1 -1 -1 -1 -1 
-1 -1 -1 -1 -1 -1 -1 -1 -1 -1 
-1 -1 -1 -1 -1 -1 -1 -1 -1 -1 
-1 -1 -1 -1 -1 -1 -1 -1 -1 -1 
-1 -1 -1 -1 -1 -1 -1 -1 -1 -1 
-1 -1 -1 -1 -1 -1 -1 -1 -1 -1 
-1 -1 -1 -1 -1 -1 -1 -1 -1 -1 
-1 -1 -1 -1 -1 -1 -1 -1 -1 -1 
-1 -1 -1 -1 -1 -1 -1 -1 -1 -1 
-1 -1 -1 -1 -1 -1 -1 -1 -1 -1 
-1 -1 -1 -1 -1 -1 -1 -1 -1 -1 
-1 -1 -1 -1 -1 -1 -1 -1 -1 -1 
-1 -1 -1 -1 -1 -1 -1 -1 -1 -1 
-1 -1 -1 -1 -1 -1 -1 -1 -1 -1 
-1 -1 -1 -1 -1 -1 -1 -1 -1 -1 
-1 -1 -1 -1 -1 -1 -1 -1 -1 -1 
-1 -1 -1 -1 -1 -1 -1 -1 -1 -1 
-1 -1 -1 -1 -1 -1 -1 -1 -1 -1 
-1 -1 -1 -1 -1 -1 -1 -1 -1 -1 
-1 -1 -1 -1 -1 -1 -1 -1 -1 -1 
-1 -1 -1 -1 -1 -1 -1 -1 -1 -1 
-1 -1 -1 -1 -1 -1 -1 -1 -1 -1 
-1 -1 -1 -1 -1 -1 -1 -1 -1 -1 
-1 -1 -1 -1 -1 -1 -1 -1 -1 -1 
-1 -1 -1 -1 -1 -1 -1 -1 -1 -1 
-1 -1 -1 -1 -1 -1 -1 -1 -1 -1 
-1 -1 -1 -1 -1 -1 -1 -1 -1 -1 
-1 -1 -1 -1 -1 -1 -1 -1 -1 -1 
-1 -1 -1 -1 -1 -1 -1 -1 -1 -1 
-1 -1 -1 -1 -1 -1 -1 -1 -1 -1 
-1 -1 -1 -1 -1 -1 -1 -1 -1 -1 
-1 -1 -1 -1 -1 -1 -1 -1 -1 -1 
-1 -1 -1 -1 -1 -1 -1 -1 -1 -1 
-1 -1 -1 -1 -1 -1 -1 -1 -1 -1 
-1 -1 -1 -1 -1 -1 -1 -1 -1 -1 
-1 -1 -1 -1 -1 -1 -1 -1 -1 -1 
-1 -1 -1 -1 -1 -1 -1 -1 -1 -1 
-1 -1 -1 -1 -1 -1 -1 -1 -1 -1 
-1 -1 -1 -1 -1 -1 -1 -1 -1 -1 
-1 -1 -1 -1 -1 -1 -1 -1 -1 -1 
-1 -1 -1 -1 -1 -1 -1 -1 -1 -1 
-1 -1 -1 -1 -1 -1 -1 -1 -1 -1 
-1 -1 -1 -1 -1 -1 -1 -1 -1 -1 
-1 -1 -1 -1 -1 -1 -1 -1 -1 -1 
-1 -1 -1 -1 -1 -1 -1 -1 -1 -1 
-1 -1 -1 -1 -1 -1 -1 -1 -1 -1 
-1 -1 -1 -1 -1 -1 -1 -1 -1 -1 
-1 -1 -1 -1 -1 -1 -1 -1 -1 -1 
-1 -1 -1 -1 -1 -1 -1 -1 -1 -1 
-1 -1 -1 -1 -1 -1 -1 -1 -1 -1 
-1 -1 -1 -1 -1 -1 -1 -1 -1 -1 
-1 -1 -1 -1 -1 -1 -1 -1 -1 -1 
-1 -1 -1 -1 -1 -1 -1 -1 -1 -1 
-1 -1 -1 -1 -1 -1 -1 -1 -1 -1 
-1 -1 -1 -1 -1 -1 -1 -1 -1 -1 
-1 -1 -1 -1 -1 -1 -1 -1 -1 -1 
-1 -1 -1 -1 -1 -1 -1 -1 -1 -1 
-1 -1 -1 -1 -1 -1 -1 -1 -1 -1 
-1 -1 -1 -1 -1 -1 -1 -1 -1 -1 
-1 -1 -1 -1 -1 -1 -1 -1 -1 -1 
-1 -1 -1 -1 -1 -1 -1 -1 -1 -1 
-1 -1 -1 -1 -1 -1 -1 -1 -1 -1 
-1 -1 -1 -1 -1 -1 -1 -1 -1 -1 
-1 -1 -1 -1 -1 -1 -1 -1 -1 -1 
-1 -1 -1 -1 -1 -1 -1 -1 -1 -1 
-1 -1 -1 -1 -1 -1 -1 -1 -1 -1 
-1 -1 -1 -1 -1 -1 -1 -1 -1 -1 
-1 -1 -1 -1 -1 -1 -1 -1 -1 -1 
-1 -1 -1 -1 -1 -1 -1 -1 -1 -1 
-1 -1 -1 -1 -1 -1 -1 -1 -1 -1 
-1 -1 -1 -1 -1 -1 -1 -1 -1 -1 
-1 -1 -1 -1 -1 -1 -1 -1 -1 -1 
-1 -1 -1 -1 -1 -1 -1 -1 -1 -1 
-1 -1 -1 -1 -1 -1 -1 -1 -1 -1 
-1 -1 -1 -1 -1 -1 -1 -1 -1 -1 
-1 -1 -1 -1 -1 -1 -1 -1 -1 -1 
-1 -1 -1 -1 -1 -1 -1 -1 -1 -1 
-1 -1 -1 -1 -1 -1 -1 -1 -1 -1 
-1 -1 -1 -1 -1 -1 -1 -1 -1 -1 
-1 -1 -1 -1 -1 -1 -1 -1 -1 -1 
-1 -1 -1 -1 -1 -1 -1 -1 -1 -1 
-1 -1 -1 -1 -1 -1 -1 -1 -1 -1 
-1 -1 -1 -1 -1 -1 -1 -1 -1 -1 
-1 -1 -1 -1 -1 -1 -1 -1 -1 -1 
-1 -1 -1 -1 -1 -1 -1 -1 -1 -1 
-1 -1 -1 -1 -1 -1 -1 -1 -1 -1 
-1 -1 -1 -1 -1 -1 -1 -1 -1 -1 
-1 -1 -1 -1 -1 -1 -1 -1 -1 -1 
-1 -1 -1 -1 -1 -1 -1 -1 -1 -1 
-1 -1 -1 -1 -1 -1 -1 -1 -1 -1 
-1 -1 -1 -1 -1 -1 -1 -1 -1 -1 
-1 -1 -1 -1 -1 -1 -1 -1 -1 -1 
-1 -1 -1 -1 -1 -1 -1 -1 -1 -1 
-1 -1 -1 -1 -1 -1 -1 -1 -1 -1 
-1 -1 -1 -1 -1 -1 -1 -1 -1 -1 
-1 -1 -1 -1 -1 -1 -1 -1 -1 -1 
-1 -1 -1 -1 -1 -1 -1 -1 -1 -1 
-1 -1 -1 -1 -1 -1 -1 -1 -1 -1 
-1 -1 -1 -1 -1 -1 -1 -1 -1 -1 
-1 -1 -1 -1 -1 -1 -1 -1 -1 -1 
-1 -1 -1 -1 -1 -1 -1 -1 -1 -1 
-1 -1 -1 -1 -1 -1 -1 -1 -1 -1 
-1 -1 -1 -1 -1 -1 -1 -1 -1 -1 
-1 -1 -1 -1 -1 -1 -1 -1 -1 -1 
-1 -1 -1 -1 -1 -1 -1 -1 -1 -1 
-1 -1 -1 -1 -1 -1 -1 -1 -1 -1 
-1 -1 -1 -1 -1 -1 -1 -1 -1 -1 
-1 -1 -1 -1 -1 -1 -1 -1 -1 -1 
-1 -1 -1 -1 -1 -1 -1 -1 -1 -1 
-1 -1 -1 -1 -1 -1 -1 -1 -1 -1 
-1 -1 -1 -1 -1 -1 -1 -1 -1 -1 
-1 -1 -1 -1 -1 -1 -1 -1 -1 -1 
-1 -1 -1 -1 -1 -1 -1 -1 -1 -1 
-1 -1 -1 -1 -1 -1 -1 -1 -1 -1 
-1 -1 -1 -1 -1 -1 -1 -1 -1 -1 
-1 -1 -1 -1 -1 -1 -1 -1 -1 -1 
-1 -1 -1 -1 -1 -1 -1 -1 -1 -1 
-1 -1 -1 -1 -1 -1 -1 -1 -1 -1 
-1 -1 -1 -1 -1 -1 -1 -1 -1 -1 
-1 -1 -1 -1 -1 -1 -1 -1 -1 -1 
-1 -1 -1 -1 -1 -1 -1 -1 -1 -1 
-1 -1 -1 -1 -1 -1 -1 -1 -1 -1 
-1 -1 -1 -1 -1 -1 -1 -1 -1 -1 
-1 -1 -1 -1 -1 -1 -1 -1 -1 -1 
-1 -1 -1 -1 -1 -1 -1 -1 -1 -1 
-1 -1 -1 -1 -1 -1 -1 -1 -1 -1 
-1 -1 -1 -1 -1 -1 -1 -1 -1 -1 
-1 -1 -1 -1 -1 -1 -1 -1 -1 -1 
-1 -1 -1 -1 -1 -1 -1 -1 -1 -1 
-1 -1 -1 -1 -1 -1 -1 -1 -1 -1 
-1 -1 -1 -1 -1 -1 -1 -1 -1 -1 
-1 -1 -1 -1 -1 -1 -1 -1 -1 -1 
-1 -1 -1 -1 -1 -1 -1 -1 -1 -1 
-1 -1 -1 -1 -1 -1 -1 -1 -1 -1 
-1 -1 -1 -1 -1 -1 -1 -1 -1 -1 
-1 -1 -1 -1 -1 -1 -1 -1 -1 -1 
-1 -1 -1 -1 -1 -1 -1 -1 -1 -1 
-1 -1 -1 -1 -1 -1 -1 -1 -1 -1 
-1 -1 -1 -1 -1 -1 -1 -1 -1 -1 
-1 -1 -1 -1 -1 -1 -1 -1 -1 -1 
-1 -1 -1 -1 -1 -1 -1 -1 -1 -1 
-1 -1 -1 -1 -1 -1 -1 -1 -1 -1 
-1 -1 -1 -1 -1 -1 -1 -1 -1 -1 
-1 -1 -1 -1 -1 -1 -1 -1 -1 -1 
-1 -1 -1 -1 -1 -1 -1 -1 -1 -1 
-1 -1 -1 -1 -1 -1 -1 -1 -1 -1 
-1 -1 -1 -1 -1 -1 -1 -1 -1 -1 
-1 -1 -1 -1 -1 -1 -1 -1 -1 -1 
-1 -1 -1 -1 -1 -1 -1 -1 -1 -1 
-1 -1 -1 -1 -1 -1 -1 -1 -1 -1 
-1 -1 -1 -1 -1 -1 -1 -1 -1 -1 
-1 -1 -1 -1 -1 -1 -1 -1 -1 -1 
-1 -1 -1 -1 -1 -1 -1 -1 -1 -1 
-1 -1 -1 -1 -1 -1 -1 -1 -1 -1 
-1 -1 -1 -1 -1 -1 -1 -1 -1 -1 
-1 -1 -1 -1 -1 -1 -1 -1 -1 -1 
-1 -1 -1 -1 -1 -1 -1 -1 -1 -1 
-1 -1 -1 -1 -1 -1 -1 -1 -1 -1 
-1 -1 -1 -1 -1 -1 -1 -1 -1 -1 
-1 -1 -1 -1 -1 -1 -1 -1 -1 -1 
-1 -1 -1 -1 -1 -1 -1 -1 -1 -1 
-1 -1 -1 -1 -1 -1 -1 -1 -1 -1 
-1 -1 -1 -1 -1 -1 -1 -1 -1 -1 
-1 -1 -1 -1 -1 -1 -1 -1 -1 -1 
-1 -1 -1 -1 -1 -1 -1 -1 -1 -1 
-1 -1 -1 -1 -1 -1 -1 -1 -1 -1 
-1 -1 -1 -1 -1 -1 -1 -1 -1 -1 
-1 -1 -1 -1 -1 -1 -1 -1 -1 -1 
-1 -1 -1 -1 -1 -1 -1 -1 -1 -1 
-1 -1 -1 -1 -1 -1 -1 -1 -1 -1 
-1 -1 -1 -1 -1 -1 -1 -1 -1 -1 
-1 -1 -1 -1 -1 -1 -1 -1 -1 -1 
-1 -1 -1 -1 -1 -1 -1 -1 -1 -1 
-1 -1 -1 -1 -1 -1 -1 -1 -1 -1 
-1 -1 -1 -1 -1 -1 -1 -1 -1 -1 
-1 -1 -1 -1 -1 -1 -1 -1 -1 -1 
-1 -1 -1 -1 -1 -1 -1 -1 -1 -1 
-1 -1 -1 -1 -1 -1 -1 -1 -1 -1 
-1 -1 -1 -1 -1 -1 -1 -1 -1 -1 
-1 -1 -1 -1 -1 -1 -1 -1 -1 -1 
-1 -1 -1 -1 -1 -1 -1 -1 -1 -1 
-1 -1 -1 -1 -1 -1 -1 -1 -1 -1 
-1 -1 -1 -1 -1 -1 -1 -1 -1 -1 
-1 -1 -1 -1 -1 -1 -1 -1 -1 -1 
-1 -1 -1 -1 -1 -1 -1 -1 -1 -1 
-1 -1 -1 -1 -1 -1 -1 -1 -1 -1 
-1 -1 -1 -1 -1 -1 -1 -1 -1 -1 
-1 -1 -1 -1 -1 -1 -1 -1 -1 -1 
-1 -1 -1 -1 -1 -1 -1 -1 -1 -1 
-1 -1 -1 -1 -1 -1 -1 -1 -1 -1 
-1 -1 -1 -1 -1 -1 -1 -1 -1 -1 
-1 -1 -1 -1 -1 -1 -1 -1 -1 -1 
-1 -1 -1 -1 -1 -1 -1 -1 -1 -1 
-1 -1 -1 -1 -1 -1 -1 -1 -1 -1 
-1 -1 -1 -1 -1 -1 -1 -1 -1 -1 
-1 -1 -1 -1 -1 -1 -1 -1 -1 56 
56 56 56 56 56 56 56 56 56 56 
56 56 56 56 56 56 56 56 56 56 
56 56 56 56 56 56 56 56 56 56 
56 56 56 56 56 56 56 56 56 56 
56 56 56 56 56 56 56 56 56 56 
56 56 56 56 56 56 56 56 56 56 
56 56 56 56 56 56 56 56 56 56 
56 56 56 56 56 56 56 56 56 56 
56 56 56 56 56 56 56 56 56 56 
56 56 56 56 56 56 56 56 56 56 
56 56 56 56 56 56 56 56 56 56 
56 56 56 56 56 56 56 56 56 56 
56 56 56 56 56 56 56 56 56 56 
56 56 56 56 56 56 56 56 56 56 
56 56 56 56 56 56 56 56 56 56 
56 56 56 56 56 56 56 56 56 56 
56 56 56 56 56 56 56 56 56 56 
56 56 56 56 56 56 56 56 56 56 
56 56 56 56 56 56 56 56 56 56 
56 56 56 56 56 -1 -1 -1 -1 -1 
-1 -1 -1 -1 -1 -1 -1 -1 -1 -1 
-1 -1 -1 -1 -1 -1 -1 -1 -1 -1 
-1 -1 -1 -1 -1 -1 -1 -1 -1 -1 
-1 -1 -1 -1 -1 -1 -1 -1 -1 -1 
-1 -1 -1 -1 -1 -1 -1 -1 -1 -1 
-1 -1 -1 -1 -1 -1 -1 -1 -1 -1 
-1 -1 -1 -1 -1 -1 -1 -1 -1 -1 
-1 -1 -1 -1 -1 -1 -1 -1 -1 -1 
-1 -1 -1 -1 -1 -1 -1 -1 -1 -1 
-1 -1 -1 -1 -1 -1 -1 -1 -1 -1 
-1 -1 -1 -1 -1 -1 -1 -1 -1 -1 
-1 -1 -1 -1 -1 -1 -1 -1 -1 -1 
-1 -1 -1 -1 -1 -1 -1 -1 -1 -1 
-1 -1 -1 -1 -1 -1 -1 -1 -1 -1 
-1 -1 -1 -1 -1 -1 -1 -1 -1 -1 
-1 -1 -1 -1 -1 -1 -1 -1 -1 -1 
-1 -1 -1 -1 -1 -1 -1 -1 -1 -1 
-1 -1 -1 -1 -1 -1 -1 -1 -1 -1 
-1 -1 -1 -1 -1 -1 -1 -1 -1 -1 
-1 -1 -1 -1 -1 -1 -1 -1 -1 -1 
-1 -1 -1 -1 -1 -1 -1 -1 -1 -1 
-1 -1 -1 -1 -1 -1 -1 -1 -1 -1 
-1 -1 -1 -1 -1 -1 -1 -1 -1 -1 
-1 -1 -1 -1 -1 -1 -1 -1 -1 -1 
-1 -1 -1 -1 -1 -1 -1 -1 -1 -1 
-1 -1 -1 -1 -1 -1 -1 -1 -1 -1 
-1 -1 -1 -1 -1 -1 -1 -1 -1 -1 
-1 -1 -1 -1 -1 -1 -1 -1 -1 -1 
-1 -1 -1 -1 -1 -1 -1 -1 -1 -1 
-1 -1 -1 -1 -1 -1 -1 -1 -1 -1 
-1 -1 -1 -1 -1 -1 -1 -1 -1 -1 
-1 -1 -1 -1 -1 -1 -1 -1 -1 -1 
-1 -1 -1 -1 -1 -1 -1 -1 -1 -1 
-1 -1 -1 -1 -1 -1 -1 -1 -1 -1 
-1 -1 -1 -1 -1 -1 -1 -1 -1 -1 
-1 -1 -1 -1 -1 -1 -1 -1 -1 -1 
-1 -1 -1 -1 -1 -1 -1 -1 -1 -1 
-1 -1 -1 -1 -1 -1 -1 -1 -1 -1 
-1 -1 -1 -1 -1 -1 -1 59 59 59 
59 59 59 59 59 59 59 59 59 59 
59 59 59 59 59 59 59 59 59 59 
59 59 59 59 59 59 59 59 59 59 
59 59 59 59 59 59 59 59 59 59 
59 59 59 59 59 59 59 59 59 59 
59 59 59 59 59 59 59 59 59 59 
59 59 59 59 59 59 59 59 59 59 
59 59 59 59 59 59 59 59 59 59 
59 59 59 59 59 59 59 59 59 59 
59 59 59 59 59 59 59 59 59 59 
59 59 59 59 59 59 59 59 59 59 
59 59 59 59 59 59 59 59 59 59 
59 59 59 59 59 59 59 59 59 59 
59 59 59 59 59 59 59 59 59 59 
59 59 59 59 59 59 59 59 59 59 
59 59 59 59 59 59 59 59 59 59 
59 59 59 59 59 59 59 59 59 59 
59 59 59 59 59 59 59 59 59 59 
59 59 59 59 59 59 59 59 59 59 
59 59 59 -1 -1 -1 -1 -1 -1 -1 
-1 -1 -1 -1 -1 -1 -1 -1 -1 -1 
-1 -1 -1 -1 -1 -1 -1 -1 -1 -1 
-1 -1 -1 -1 -1 -1 -1 -1 -1 -1 
-1 -1 -1 -1 -1 -1 -1 -1 -1 -1 
-1 -1 -1 -1 -1 -1 -1 -1 -1 -1 
-1 -1 -1 -1 -1 -1 -1 -1 -1 -1 
-1 -1 -1 -1 -1 -1 -1 -1 -1 -1 
-1 -1 -1 -1 -1 -1 -1 -1 -1 -1 
-1 -1 -1 -1 -1 -1 -1 -1 -1 -1 
-1 -1 -1 -1 -1 -1 -1 -1 -1 -1 
-1 -1 -1 -1 -1 -1 -1 -1 -1 -1 
-1 -1 -1 -1 -1 -1 -1 -1 -1 -1 
-1 -1 -1 -1 -1 -1 -1 -1 -1 -1 
-1 -1 -1 -1 -1 -1 -1 -1 -1 -1 
-1 -1 -1 -1 -1 -1 -1 -1 -1 -1 
-1 -1 -1 -1 -1 -1 -1 -1 -1 -1 
-1 -1 -1 -1 -1 -1 -1 -1 -1 -1 
-1 -1 -1 -1 -1 -1 -1 -1 -1 -1 
-1 -1 -1 -1 -1 -1 -1 -1 -1 -1 
-1 -1 -1 -1 -1 -1 -1 -1 -1 -1 
-1 -1 -1 -1 -1 -1 -1 -1 -1 -1 
-1 -1 -1 -1 -1 -1 -1 -1 -1 -1 
-1 -1 -1 -1 -1 -1 -1 -1 -1 -1 
-1 -1 -1 -1 -1 -1 -1 -1 -1 -1 
-1 -1 -1 -1 -1 -1 -1 -1 -1 -1 
-1 -1 -1 -1 -1 -1 -1 -1 -1 -1 
-1 -1 -1 -1 -1 -1 -1 -1 -1 -1 
-1 -1 -1 -1 -1 -1 -1 -1 -1 -1 
-1 -1 -1 -1 -1 -1 -1 -1 -1 -1 
-1 -1 -1 -1 -1 -1 -1 -1 -1 -1 
-1 -1 -1 -1 -1 -1 -1 -1 -1 -1 
-1 -1 -1 -1 -1 -1 -1 -1 -1 -1 
-1 -1 -1 -1 -1 -1 -1 -1 -1 -1 
-1 -1 -1 -1 -1 -1 -1 -1 -1 -1 
-1 -1 -1 -1 -1 -1 -1 -1 -1 -1 
-1 -1 -1 -1 -1 -1 -1 -1 -1 -1 
-1 -1 -1 -1 -1 -1 -1 -1 -1 -1 
-1 -1 -1 -1 -1 -1 -1 -1 -1 -1 
-1 -1 -1 -1 -1 -1 -1 -1 -1 -1 
-1 -1 -1 -1 -1 -1 -1 -1 -1 -1 
-1 -1 -1 -1 -1 -1 -1 -1 -1 -1 
-1 -1 -1 -1 -1 -1 -1 -1 -1 -1 
-1 -1 -1 -1 -1 -1 -1 -1 -1 -1 
-1 -1 -1 -1 -1 -1 -1 -1 -1 -1 
-1 -1 -1 -1 -1 -1 -1 -1 -1 -1 
-1 -1 -1 -1 -1 -1 -1 -1 -1 -1 
-1 -1 -1 -1 -1 -1 -1 -1 -1 -1 
-1 -1 -1 -1 -1 -1 -1 -1 -1 -1 
-1 -1 -1 -1 -1 -1 -1 -1 -1 -1 
-1 -1 -1 -1 -1 -1 -1 -1 -1 -1 
-1 -1 -1 -1 -1 -1 -1 -1 -1 -1 
-1 -1 -1 -1 -1 -1 -1 -1 -1 -1 
-1 -1 -1 -1 -1 -1 -1 -1 -1 -1 
-1 -1 -1 -1 -1 -1 -1 -1 -1 -1 
-1 -1 -1 -1 -1 -1 -1 -1 -1 -1 
-1 -1 -1 -1 -1 -1 -1 -1 -1 -1 
-1 -1 -1 -1 -1 -1 -1 -1 -1 -1 
-1 -1 -1 -1 -1 -1 -1 -1 -1 -1 
-1 46 46 46 46 46 46 46 46 46 
46 46 46 46 46 46 46 46 46 46 
46 46 46 46 46 46 46 46 46 46 
46 46 46 46 46 46 46 46 46 46 
46 46 46 46 46 46 46 46 46 46 
46 46 46 46 46 46 46 46 46 46 
46 46 46 46 46 46 46 46 46 46 
46 46 46 46 46 46 46 46 46 46 
46 46 46 46 46 46 46 46 46 46 
46 46 46 46 46 46 46 46 46 46 
46 46 46 46 46 46 46 46 46 46 
46 46 46 46 46 46 46 46 46 46 
46 46 46 46 46 46 46 46 46 46 
46 46 46 46 46 46 46 46 46 46 
46 46 46 46 46 46 46 46 46 46 
46 46 46 46 46 46 46 46 46 46 
46 46 46 46 46 46 46 46 46 46 
46 46 46 46 46 46 46 46 46 46 
46 46 46 46 46 46 46 46 46 46 
46 46 46 46 46 46 46 -1 -1 -1 
-1 -1 -1 -1 -1 -1 -1 -1 -1 -1 
-1 -1 -1 -1 -1 -1 -1 -1 -1 -1 
-1 -1 -1 -1 -1 -1 -1 -1 -1 -1 
-1 -1 -1 -1 -1 -1 -1 -1 -1 -1 
-1 -1 -1 -1 -1 -1 -1 -1 -1 -1 
-1 -1 -1 -1 -1 -1 -1 -1 -1 -1 
-1 -1 -1 -1 -1 -1 -1 -1 -1 -1 
-1 -1 -1 -1 -1 -1 -1 -1 -1 -1 
-1 -1 -1 -1 -1 -1 -1 -1 -1 -1 
-1 -1 -1 -1 -1 -1 -1 -1 -1 -1 
-1 -1 -1 -1 -1 -1 -1 -1 -1 -1 
-1 -1 -1 -1 -1 -1 -1 -1 -1 -1 
-1 -1 -1 -1 -1 -1 -1 -1 -1 -1 
-1 -1 -1 -1 -1 -1 -1 -1 -1 -1 
-1 -1 -1 -1 -1 -1 -1 -1 -1 -1 
-1 -1 -1 -1 -1 -1 -1 -1 -1 -1 
-1 -1 -1 -1 -1 -1 -1 -1 -1 -1 
-1 -1 -1 -1 -1 -1 -1 -1 -1 -1 
-1 -1 -1 -1 -1 -1 -1 -1 -1 -1 
-1 -1 -1 -1 -1 -1 -1 -1 -1 -1 
-1 -1 -1 -1 -1 -1 -1 -1 -1 -1 
-1 -1 -1 -1 -1 -1 -1 -1 -1 -1 
-1 -1 -1 -1 -1 -1 -1 -1 -1 -1 
-1 -1 -1 -1 -1 -1 -1 -1 -1 -1 
-1 -1 -1 -1 -1 -1 -1 -1 -1 -1 
-1 -1 -1 -1 -1 -1 -1 -1 -1 -1 
-1 -1 -1 -1 -1 -1 -1 -1 -1 -1 
-1 -1 -1 -1 -1 -1 -1 -1 -1 -1 
-1 -1 -1 -1 -1 -1 -1 -1 -1 -1 
-1 -1 -1 -1 -1 -1 -1 -1 -1 -1 
-1 -1 -1 -1 -1 -1 -1 -1 -1 -1 
-1 -1 -1 -1 -1 -1 -1 -1 -1 -1 
-1 -1 -1 -1 -1 -1 -1 -1 -1 -1 
-1 -1 -1 -1 -1 -1 -1 -1 -1 -1 
-1 -1 -1 -1 -1 -1 -1 -1 -1 -1 
-1 -1 -1 -1 -1 -1 -1 -1 -1 -1 
-1 -1 -1 -1 -1 -1 -1 -1 -1 -1 
-1 -1 -1 -1 -1 -1 -1 -1 -1 -1 
-1 -1 -1 -1 -1 -1 -1 -1 -1 -1 
-1 -1 -1 -1 -1 -1 -1 -1 -1 -1 
-1 -1 -1 -1 -1 -1 -1 -1 -1 -1 
-1 -1 -1 -1 -1 -1 -1 -1 -1 -1 
-1 -1 -1 -1 -1 -1 -1 -1 -1 -1 
-1 -1 -1 -1 -1 -1 -1 -1 -1 -1 
-1 -1 -1 -1 -1 -1 -1 -1 -1 -1 
-1 -1 -1 -1 -1 -1 -1 -1 -1 -1 
-1 -1 -1 -1 -1 -1 -1 -1 -1 -1 
-1 -1 -1 -1 -1 -1 -1 -1 -1 -1 
-1 -1 -1 -1 -1 -1 -1 -1 -1 -1 
-1 -1 -1 -1 -1 -1 -1 -1 -1 -1 
-1 -1 -1 -1 -1 -1 -1 -1 -1 -1 
-1 -1 -1 -1 -1 -1 -1 -1 -1 -1 
-1 -1 -1 -1 -1 -1 -1 -1 -1 -1 
-1 -1 -1 -1 -1 -1 -1 -1 -1 -1 
-1 -1 -1 -1 -1 -1 -1 -1 -1 -1 
-1 -1 -1 -1 -1 -1 -1 -1 -1 -1 
-1 -1 -1 -1 -1 -1 -1 -1 -1 -1 
-1 -1 -1 -1 -1 -1 -1 -1 -1 -1 
-1 -1 -1 -1 -1 -1 -1 -1 -1 -1 
-1 -1 -1 -1 -1 -1 -1 -1 -1 -1 
-1 -1 -1 -1 -1 -1 -1 -1 -1 -1 
-1 -1 -1 -1 -1 -1 -1 -1 -1 -1 
-1 -1 -1 -1 -1 -1 -1 -1 -1 -1 
-1 -1 -1 -1 -1 -1 -1 -1 -1 -1 
-1 -1 -1 -1 -1 -1 -1 -1 -1 -1 
-1 -1 -1 -1 -1 -1 -1 -1 -1 -1 
-1 -1 -1 -1 -1 -1 -1 -1 -1 -1 
-1 -1 -1 -1 -1 -1 -1 -1 -1 -1 
-1 -1 -1 -1 -1 -1 -1 -1 -1 -1 
-1 -1 -1 -1 -1 -1 -1 -1 -1 -1 
-1 -1 -1 -1 -1 -1 -1 -1 -1 -1 
-1 -1 -1 -1 -1 -1 -1 -1 -1 -1 
-1 -1 -1 -1 -1 -1 -1 -1 -1 -1 
-1 -1 -1 -1 -1 -1 -1 -1 -1 -1 
-1 -1 -1 -1 -1 -1 -1 -1 -1 -1 
-1 -1 -1 -1 -1 -1 -1 -1 -1 -1 
-1 -1 -1 -1 -1 -1 -1 -1 -1 -1 
-1 -1 -1 -1 -1 -1 -1 -1 -1 -1 
-1 -1 -1 -1 -1 -1 -1 -1 -1 -1 
-1 -1 -1 -1 -1 -1 -1 -1 -1 -1 
-1 -1 -1 -1 -1 -1 -1 -1 -1 -1 
-1 -1 -1 -1 -1 -1 -1 -1 -1 -1 
-1 -1 -1 -1 -1 -1 -1 -1 -1 -1 
-1 -1 -1 -1 -1 -1 -1 -1 -1 -1 
-1 -1 -1 -1 -1 -1 -1 -1 -1 -1 
-1 -1 -1 -1 -1 -1 -1 -1 -1 -1 
-1 -1 -1 -1 -1 -1 -1 -1 -1 -1 
-1 -1 -1 -1 -1 -1 -1 -1 -1 -1 
-1 -1 -1 -1 -1 -1 -1 -1 -1 -1 
-1 -1 -1 -1 -1 -1 -1 -1 -1 -1 
-1 -1 -1 -1 -1 -1 -1 -1 -1 -1 
-1 -1 -1 -1 -1 -1 -1 -1 -1 -1 
-1 -1 -1 -1 -1 -1 -1 -1 -1 -1 
-1 -1 -1 -1 -1 -1 -1 -1 -1 -1 
-1 -1 -1 -1 -1 -1 -1 -1 -1 -1 
-1 -1 -1 -1 -1 -1 -1 -1 -1 -1 
-1 -1 -1 -1 -1 -1 -1 -1 -1 -1 
-1 -1 -1 -1 -1 -1 -1 -1 -1 -1 
-1 -1 -1 -1 -1 -1 -1 -1 -1 -1 
-1 -1 -1 -1 -1 -1 -1 -1 -1 -1 
-1 -1 -1 -1 -1 -1 -1 -1 -1 -1 
-1 -1 -1 -1 -1 -1 -1 -1 -1 -1 
-1 -1 -1 -1 -1 -1 -1 -1 -1 -1 
-1 -1 -1 -1 -1 -1 -1 -1 -1 -1 
-1 -1 -1 -1 -1 -1 -1 -1 -1 -1 
-1 -1 -1 -1 -1 -1 -1 -1 -1 -1 
-1 -1 -1 -1 -1 -1 -1 -1 -1 -1 
-1 -1 -1 -1 -1 -1 -1 -1 -1 -1 
-1 -1 -1 -1 -1 -1 -1 -1 -1 -1 
-1 -1 -1 -1 -1 -1 -1 -1 -1 -1 
-1 -1 -1 -1 -1 -1 -1 -1 -1 -1 
-1 -1 -1 -1 -1 -1 -1 -1 -1 -1 
-1 -1 -1 -1 -1 -1 -1 -1 -1 -1 
-1 -1 -1 -1 -1 -1 -1 -1 -1 -1 
-1 -1 -1 -1 -1 -1 -1 -1 -1 -1 
-1 -1 -1 -1 -1 -1 -1 -1 -1 -1 
-1 -1 -1 -1 -1 -1 -1 -1 -1 -1 
-1 -1 -1 41 41 41 41 41 41 41 
41 41 41 41 41 41 41 41 41 41 
41 41 41 41 41 41 41 41 41 41 
41 41 41 41 41 41 41 41 41 41 
41 41 41 41 41 41 41 41 41 41 
41 41 41 41 41 41 41 41 41 41 
41 41 41 41 41 41 41 41 41 41 
41 41 41 41 41 41 41 41 41 41 
41 41 41 41 41 41 41 41 41 41 
41 41 41 41 41 41 41 41 41 41 
41 41 41 41 41 41 41 41 41 41 
41 41 41 41 41 41 41 41 41 41 
41 41 41 41 41 41 41 41 41 41 
41 41 41 41 41 41 41 41 41 41 
41 41 41 41 41 41 41 41 41 41 
41 41 41 41 41 41 41 41 41 41 
41 41 41 41 41 41 41 41 41 41 
41 41 41 41 41 41 41 41 41 41 
41 41 41 41 41 41 41 41 41 41 
41 41 41 41 41 41 41 41 41 -1 
-1 -1 -1 -1 -1 -1 -1 -1 -1 -1 
-1 -1 -1 -1 -1 -1 -1 -1 -1 -1 
-1 -1 -1 -1 -1 -1 -1 -1 -1 -1 
-1 -1 -1 -1 -1 -1 -1 -1 -1 -1 
-1 -1 -1 -1 -1 -1 -1 -1 -1 -1 
-1 -1 -1 -1 -1 -1 -1 -1 -1 -1 
-1 -1 -1 -1 -1 -1 -1 -1 -1 -1 
-1 -1 -1 -1 -1 -1 -1 -1 -1 -1 
-1 -1 -1 -1 -1 -1 -1 -1 -1 -1 
-1 -1 -1 -1 -1 -1 -1 -1 -1 -1 
-1 -1 -1 -1 -1 -1 -1 -1 -1 -1 
-1 -1 -1 -1 -1 -1 -1 -1 -1 -1 
-1 -1 -1 -1 -1 -1 -1 -1 -1 -1 
-1 -1 -1 -1 -1 -1 -1 -1 -1 -1 
-1 -1 -1 -1 -1 -1 -1 -1 -1 -1 
-1 -1 -1 -1 -1 -1 -1 -1 -1 -1 
-1 -1 -1 -1 -1 -1 -1 -1 -1 -1 
-1 -1 -1 -1 -1 -1 -1 -1 -1 -1 
-1 -1 -1 -1 -1 -1 -1 -1 -1 -1 
-1 -1 -1 -1 -1 19 19 19 19 19 
19 19 19 19 19 19 19 19 19 19 
19 19 19 19 19 19 19 19 19 19 
19 19 19 19 19 19 19 19 19 19 
19 19 19 19 19 19 19 19 19 19 
19 19 19 19 19 19 19 19 19 19 
19 19 19 19 19 19 19 19 19 19 
19 19 19 19 19 19 19 19 19 19 
19 19 19 19 19 19 19 19 19 19 
19 19 19 19 19 19 19 19 19 19 
19 19 19 19 19 19 19 19 19 19 
19 19 19 19 19 19 19 19 19 19 
19 19 19 19 19 19 19 19 19 19 
19 19 19 19 19 19 19 19 19 19 
19 19 19 19 19 19 19 19 19 19 
19 19 19 19 19 19 19 19 19 19 
19 19 19 19 19 19 19 19 19 19 
19 19 19 19 19 19 19 19 19 19 
19 19 19 19 19 19 19 19 19 19 
19 19 19 19 19 19 19 19 19 19 
19 22 22 22 22 22 22 22 22 22 
22 22 22 22 22 22 22 22 22 22 
22 22 22 22 22 22 22 22 22 22 
22 22 22 22 22 22 22 22 22 22 
22 22 22 22 22 22 22 22 22 22 
22 22 22 22 22 22 22 22 22 22 
22 22 22 22 22 22 22 22 22 22 
22 22 22 22 22 22 22 22 22 22 
22 22 22 22 22 22 22 22 22 22 
22 22 22 22 22 22 22 22 22 22 
22 22 22 22 22 22 22 22 22 22 
22 22 22 22 22 22 22 22 22 22 
22 22 22 22 22 22 22 22 22 22 
22 22 22 22 22 22 22 22 22 22 
22 22 22 22 22 22 22 22 22 22 
22 22 22 22 22 22 22 22 22 22 
22 22 22 22 22 22 22 22 22 22 
22 22 22 22 22 22 22 22 22 22 
22 22 22 22 22 22 22 22 22 22 
22 22 22 22 22 22 22 SCALARS Type float 1
LOOKUP_TABLE default
1 1 1 1 1 1 1 1 1 
1 1 1 1 1 1 1 1 1 1 
1 1 1 1 1 1 1 1 1 1 
1 1 1 1 1 1 1 1 1 1 
1 1 1 1 1 1 1 1 1 1 
1 1 1 1 1 1 1 1 1 1 
1 1 1 1 1 1 1 1 1 1 
1 1 1 1 1 1 1 1 1 1 
1 1 1 1 1 1 1 1 1 1 
1 1 1 1 1 1 1 1 1 1 
1 1 1 1 1 1 1 1 1 1 
1 1 1 1 1 1 1 1 1 1 
1 1 1 1 1 1 1 1 1 1 
1 1 1 1 1 1 1 1 1 1 
1 1 1 1 1 1 1 1 1 1 
1 1 1 1 1 1 1 1 1 1 
1 1 1 1 1 1 1 1 1 1 
1 1 1 1 1 1 1 1 1 1 
1 1 1 1 1 1 1 1 1 1 
1 1 1 1 1 1 1 1 1 1 
1 1 1 1 1 1 1 1 1 1 
1 1 1 1 1 1 1 1 1 1 
1 1 1 1 1 1 1 1 1 1 
1 1 1 1 1 1 1 1 1 1 
1 1 1 1 1 1 1 1 1 1 
1 1 1 1 1 1 1 1 1 1 
1 1 1 1 1 1 1 1 1 1 
1 1 1 1 1 1 1 1 1 1 
1 1 1 1 1 1 1 1 1 1 
1 1 1 1 1 1 1 1 1 1 
1 1 1 1 1 1 1 1 1 1 
1 1 1 1 1 1 1 1 1 1 
1 1 1 1 1 1 1 1 1 1 
1 1 1 1 1 1 1 1 1 1 
1 1 1 1 1 1 1 1 1 1 
1 1 1 1 1 1 1 1 1 1 
1 1 1 1 1 1 1 1 1 1 
1 1 1 1 1 1 1 1 1 1 
1 1 1 1 1 1 1 1 1 1 
1 1 1 1 1 1 1 1 1 1 
1 1 1 1 1 1 1 1 1 1 
1 1 1 1 1 1 1 1 1 1 
1 1 1 1 1 1 1 1 1 1 
1 1 1 1 1 1 1 1 1 1 
1 1 1 1 1 1 1 1 1 1 
1 1 1 1 1 1 1 1 1 1 
1 1 1 1 1 1 1 1 1 1 
1 1 1 1 1 1 1 1 1 1 
1 1 1 1 1 1 1 1 1 1 
1 1 1 1 1 1 1 1 1 1 
1 1 1 1 1 1 1 1 1 1 
1 1 1 1 1 1 1 1 1 1 
1 1 1 1 1 1 1 1 1 1 
1 1 1 1 1 1 1 1 1 1 
1 1 1 1 1 1 1 1 1 1 
1 1 1 1 1 1 1 1 1 1 
1 1 1 1 1 1 1 1 1 1 
1 1 1 1 1 1 1 1 1 1 
1 1 1 1 1 1 1 1 1 1 
1 1 1 1 1 1 1 1 1 1 
1 1 1 1 1 1 1 1 1 1 
1 1 1 1 1 1 1 1 1 1 
1 1 1 1 1 1 1 1 1 1 
1 1 1 1 1 1 1 1 1 1 
1 1 1 1 1 1 1 1 1 1 
1 1 1 1 1 1 1 1 1 1 
1 1 1 1 1 1 1 1 1 1 
1 1 1 1 1 1 1 1 1 1 
1 1 1 1 1 1 1 1 1 1 
1 1 1 1 1 1 1 1 1 1 
1 1 1 1 1 1 1 1 1 1 
1 1 1 1 1 1 1 1 1 1 
1 1 1 1 1 1 1 1 1 1 
1 1 1 1 1 1 1 1 1 1 
1 1 1 1 1 1 1 1 1 1 
1 1 1 1 1 1 1 1 1 1 
1 1 1 1 1 1 1 1 1 1 
1 1 1 1 1 1 1 1 1 1 
1 1 1 1 1 1 1 1 1 1 
1 1 1 1 1 1 1 1 1 1 
1 1 1 1 1 1 1 1 1 1 
1 1 1 1 1 1 1 1 1 1 
1 1 1 1 1 1 1 1 1 1 
1 1 1 1 1 1 1 1 1 1 
1 1 1 1 1 1 1 1 1 1 
1 1 1 1 1 1 1 1 1 1 
1 1 1 1 1 1 1 1 1 1 
1 1 1 1 1 1 1 1 1 1 
1 1 1 1 1 1 1 1 1 1 
1 1 1 1 1 1 1 1 1 1 
1 1 1 1 1 1 1 1 1 1 
1 1 1 1 1 1 1 1 1 1 
1 1 1 1 1 1 1 1 1 1 
1 1 1 1 1 1 1 1 1 1 
1 1 1 1 1 1 1 1 1 1 
1 1 1 1 1 1 1 1 1 1 
1 1 1 1 1 1 1 1 1 1 
1 1 1 1 1 1 1 1 1 1 
1 1 1 1 1 1 1 1 1 1 
1 1 1 1 1 1 1 1 1 1 
1 1 1 1 1 1 1 1 1 1 
1 1 1 1 1 1 1 1 1 1 
1 1 1 1 1 1 1 1 1 1 
1 1 1 1 1 1 1 1 1 1 
1 1 1 1 1 1 1 1 1 1 
1 1 1 1 1 1 1 1 1 1 
1 1 1 1 1 1 1 1 1 1 
1 1 1 1 1 1 1 1 1 1 
1 1 1 1 1 1 1 1 1 1 
1 1 1 1 1 1 1 1 1 1 
1 1 1 1 1 1 1 1 1 1 
1 1 1 1 1 1 1 1 1 1 
1 1 1 1 1 1 1 1 1 1 
1 1 1 1 1 1 1 1 1 1 
1 1 1 1 1 1 1 1 1 1 
1 1 1 1 1 1 1 1 1 1 
1 1 1 1 1 1 1 1 1 1 
1 1 1 1 1 1 1 1 1 1 
1 1 1 1 1 1 1 1 1 1 
1 1 1 1 1 1 1 1 1 1 
1 1 1 1 1 1 1 1 1 1 
1 1 1 1 1 1 1 1 1 1 
1 1 1 1 1 1 1 1 1 1 
1 1 1 1 1 1 1 1 1 1 
1 1 1 1 1 1 1 1 1 1 
1 1 1 1 1 1 1 1 1 1 
1 1 1 1 1 1 1 1 1 1 
1 1 1 1 1 1 1 1 1 1 
1 1 1 1 1 1 1 1 1 1 
1 1 1 1 1 1 1 1 1 1 
1 1 1 1 1 1 1 1 1 1 
1 1 1 1 1 1 1 1 1 1 
1 1 1 1 1 1 1 1 1 1 
1 1 1 1 1 1 1 1 1 1 
1 1 1 1 1 1 1 1 1 1 
1 1 1 1 1 1 1 1 1 1 
1 1 1 1 1 1 1 1 1 1 
1 1 1 1 1 1 1 1 1 1 
1 1 1 1 1 1 1 1 1 1 
1 1 1 1 1 1 1 1 1 1 
1 1 1 1 1 1 1 1 1 1 
1 1 1 1 1 1 1 1 1 1 
1 1 1 1 1 1 1 1 1 1 
1 1 1 1 1 1 1 1 1 1 
1 1 1 1 1 1 1 1 1 1 
1 1 1 1 1 1 1 1 1 1 
1 1 1 1 1 1 1 1 1 1 
1 1 1 1 1 1 1 1 1 1 
1 1 1 1 1 1 1 1 1 1 
1 1 1 1 1 1 1 1 1 1 
1 1 1 1 1 1 1 1 1 1 
1 1 1 1 1 1 1 1 1 1 
1 1 1 1 1 1 1 1 1 1 
1 1 1 1 1 1 1 1 1 1 
1 1 1 1 1 1 1 1 1 1 
1 1 1 1 1 1 1 1 1 1 
1 1 1 1 1 1 1 1 1 1 
1 1 1 1 1 1 1 1 1 1 
1 1 1 1 1 1 1 1 1 1 
1 1 1 1 1 1 1 1 1 1 
1 1 1 1 1 1 1 1 1 1 
1 1 1 1 1 1 1 1 1 1 
1 1 1 1 1 1 1 1 1 1 
1 1 1 1 1 1 1 1 1 1 
1 1 1 1 1 1 1 1 1 1 
1 1 1 1 1 1 1 1 1 1 
1 1 1 1 1 1 1 1 1 1 
1 1 1 1 1 1 1 1 1 1 
1 1 1 1 1 1 1 1 1 1 
1 1 1 1 1 1 1 1 1 1 
1 1 1 1 1 1 1 1 1 1 
1 1 1 1 1 1 1 1 1 1 
1 1 1 1 1 1 1 1 1 1 
1 1 1 1 1 1 1 1 1 1 
1 1 1 1 1 1 1 1 1 1 
1 1 1 1 1 1 1 1 1 1 
1 1 1 1 1 1 1 1 1 1 
1 1 1 1 1 1 1 1 1 1 
1 1 1 1 1 1 1 1 1 1 
1 1 1 1 1 1 1 1 1 1 
1 1 1 1 1 1 1 1 1 1 
1 1 1 1 1 1 1 1 1 1 
1 1 1 1 1 1 1 1 1 1 
1 1 1 1 1 1 1 1 1 1 
1 1 1 1 1 1 1 1 1 1 
1 1 1 1 1 1 1 1 1 1 
1 1 1 1 1 1 1 1 1 1 
1 1 1 1 1 1 1 1 1 1 
1 1 1 1 1 1 1 1 1 1 
1 1 1 1 1 1 1 1 1 1 
1 1 1 1 1 1 1 1 1 1 
1 1 1 1 1 1 1 1 1 1 
1 1 1 1 1 1 1 1 1 1 
1 1 1 1 1 1 1 1 1 1 
1 1 1 1 1 1 1 1 1 1 
1 1 1 1 1 1 1 1 1 1 
1 1 1 1 1 1 1 1 1 1 
1 1 1 1 1 1 1 1 1 1 
1 1 1 1 1 1 1 1 1 1 
1 1 1 1 1 1 1 1 1 1 
1 1 1 1 1 1 1 1 1 1 
1 1 1 1 1 1 1 1 1 1 
1 1 1 1 1 1 1 1 1 1 
1 1 1 1 1 1 1 1 1 1 
1 1 1 1 1 1 1 1 1 1 
1 1 1 1 1 1 1 1 1 1 
1 1 1 1 1 1 1 1 1 1 
1 1 1 1 1 1 1 1 1 1 
1 1 1 1 1 1 1 1 1 1 
1 1 1 1 1 1 1 1 1 1 
1 1 1 1 1 1 1 1 1 1 
1 1 1 1 1 1 1 1 1 1 
1 1 1 1 1 1 1 1 1 1 
1 1 1 1 1 1 1 1 1 1 
1 1 1 1 1 1 1 1 1 1 
1 1 1 1 1 1 1 1 1 1 
1 1 1 1 1 1 1 1 1 1 
1 1 1 1 1 1 1 1 1 1 
1 1 1 1 1 1 1 1 1 1 
1 1 1 1 1 1 1 1 1 1 
1 1 1 1 1 1 1 1 1 1 
1 1 1 1 1 1 1 1 1 1 
1 1 1 1 1 1 1 1 1 1 
1 1 1 1 1 1 1 1 1 1 
1 1 1 1 1 1 1 1 1 1 
1 1 1 1 1 1 1 1 1 1 
1 1 1 1 1 1 1 1 1 1 
1 1 1 1 1 1 1 1 1 1 
1 1 1 1 1 1 1 1 1 1 
1 1 1 1 1 1 1 1 1 1 
1 1 1 1 1 1 1 1 1 1 
1 1 1 1 1 1 1 1 1 1 
1 1 1 1 1 1 1 1 1 1 
1 1 1 1 1 1 1 1 1 1 
1 1 1 1 1 1 1 1 1 1 
1 1 1 1 1 1 1 1 1 1 
1 1 1 1 1 1 1 1 1 1 
1 1 1 1 1 1 1 1 1 1 
1 1 1 1 1 1 1 1 1 1 
1 1 1 1 1 1 1 1 1 1 
1 1 1 1 1 1 1 1 1 1 
1 1 1 1 1 1 1 1 1 1 
1 1 1 1 1 1 1 1 1 1 
1 1 1 1 1 1 1 1 1 1 
1 1 1 1 1 1 1 1 1 1 
1 1 1 1 1 1 1 1 1 1 
1 1 1 1 1 1 1 1 1 1 
1 1 1 1 1 1 1 1 1 1 
1 1 1 1 1 1 1 1 1 1 
1 1 1 1 1 1 1 1 1 1 
1 1 1 1 1 1 1 1 1 1 
1 1 1 1 1 1 1 1 1 1 
1 1 1 1 1 1 1 1 1 1 
1 1 1 1 1 1 1 1 1 1 
1 1 1 1 1 1 1 1 1 1 
1 1 1 1 1 1 1 1 1 1 
1 1 1 1 1 1 1 1 1 1 
1 1 1 1 1 1 1 1 1 1 
1 1 1 1 1 1 1 1 1 1 
1 1 1 1 1 1 1 1 1 1 
1 1 1 1 1 1 1 1 1 1 
1 1 1 1 1 1 1 1 1 1 
1 1 1 1 1 1 1 1 1 1 
1 1 1 1 1 1 1 1 1 1 
1 1 1 1 1 1 1 1 1 1 
1 1 1 1 1 1 1 1 1 1 
1 1 1 1 1 1 1 1 1 1 
1 1 1 1 1 1 1 1 1 1 
1 1 1 1 1 1 1 1 1 1 
1 1 1 1 1 1 1 1 1 1 
1 1 1 1 1 1 1 1 1 1 
1 1 1 1 1 1 1 1 1 1 
1 1 1 1 1 1 1 1 1 1 
1 1 1 1 1 1 1 1 1 1 
1 1 1 1 1 1 1 1 1 1 
1 1 1 1 1 1 1 1 1 1 
1 1 1 1 1 1 1 1 1 1 
1 1 1 1 1 1 1 1 1 1 
1 1 1 1 1 1 1 1 1 1 
1 1 1 1 1 1 1 1 1 1 
1 1 1 1 1 1 1 1 1 1 
1 1 1 1 1 1 1 1 1 1 
1 1 1 1 1 1 1 1 1 1 
1 1 1 1 1 1 1 1 1 1 
1 1 1 1 1 1 1 1 1 1 
1 1 1 1 1 1 1 1 1 1 
1 1 1 1 1 1 1 1 1 1 
1 1 1 1 1 1 1 1 1 1 
1 1 1 1 1 1 1 1 1 1 
1 1 1 1 1 1 1 1 1 1 
1 1 1 1 1 1 1 1 1 1 
1 1 1 1 1 1 1 1 1 1 
1 1 1 1 1 1 1 1 1 1 
1 1 1 1 1 1 1 1 1 1 
1 1 1 1 1 1 1 1 1 1 
1 1 1 1 1 1 1 1 1 1 
1 1 1 1 1 1 1 1 1 1 
1 1 1 1 1 1 1 1 1 1 
1 1 1 1 1 1 1 1 1 1 
1 1 1 1 1 1 1 1 1 1 
1 1 1 1 1 1 1 1 1 1 
1 1 1 1 1 1 1 1 1 1 
1 1 1 1 1 1 1 1 1 1 
1 1 1 1 1 1 1 1 1 1 
1 1 1 1 1 1 1 1 1 1 
1 1 1 1 1 1 1 1 1 1 
1 1 1 1 1 1 1 1 1 1 
1 1 1 1 1 1 1 1 1 1 
1 1 1 1 1 1 1 1 1 1 
1 1 1 1 1 1 1 1 1 1 
1 1 1 1 1 1 1 1 1 1 
1 1 1 1 1 1 1 1 1 1 
1 1 1 1 1 1 1 1 1 1 
1 1 1 1 1 1 1 1 1 1 
1 1 1 1 1 1 1 1 1 1 
1 1 1 1 1 1 1 1 1 1 
1 1 1 1 1 1 1 1 1 1 
1 1 1 1 1 1 1 1 1 1 
1 1 1 1 1 1 1 1 1 1 
1 1 1 1 1 1 1 1 1 1 
1 1 1 1 1 1 1 1 1 1 
1 1 1 1 1 1 1 1 1 1 
1 1 1 1 1 1 1 1 1 1 
1 1 1 1 1 1 1 1 1 1 
1 1 1 1 1 1 1 1 1 1 
1 1 1 1 1 1 1 1 1 1 
1 1 1 1 1 1 1 1 1 1 
1 1 1 1 1 1 1 1 1 1 
1 1 1 1 1 1 1 1 1 1 
1 1 1 1 1 1 1 1 1 1 
1 1 1 1 1 1 1 1 1 1 
1 1 1 1 1 1 1 1 1 1 
1 1 1 1 1 1 1 1 1 1 
1 1 1 1 1 1 1 1 1 1 
1 1 1 1 1 1 1 1 1 1 
1 1 1 1 1 1 1 1 1 1 
1 1 1 1 1 1 1 1 1 1 
1 1 1 1 1 1 1 1 1 1 
1 1 1 1 1 1 1 1 1 1 
1 1 1 1 1 1 1 1 1 1 
1 1 1 1 1 1 1 1 1 1 
1 1 1 1 1 1 1 1 1 1 
1 1 1 1 1 1 1 1 1 1 
1 1 1 1 1 1 1 1 1 1 
1 1 1 1 1 1 1 1 1 1 
1 1 1 1 1 1 1 1 1 1 
1 1 1 1 1 1 1 1 1 1 
1 1 1 1 1 1 1 1 1 1 
1 1 1 1 1 1 1 1 1 1 
1 1 1 1 1 1 1 1 1 1 
1 1 1 1 1 1 1 1 1 1 
1 1 1 1 1 1 1 1 1 1 
1 1 1 1 1 1 1 1 1 1 
1 1 1 1 1 1 1 1 1 1 
1 1 1 1 1 1 1 1 1 1 
1 1 1 1 1 1 1 1 1 1 
1 1 1 1 1 1 1 1 1 1 
1 1 1 1 1 1 1 1 1 1 
1 1 1 1 1 1 1 1 1 1 
1 1 1 1 1 1 1 1 1 1 
1 1 1 1 1 1 1 1 1 1 
1 1 1 1 1 1 1 1 1 1 
1 1 1 1 1 1 1 1 1 1 
1 1 1 1 1 1 1 1 1 1 
1 1 1 1 1 1 1 1 1 1 
1 1 1 1 1 1 1 1 1 1 
1 1 1 1 1 1 1 1 1 1 
1 1 1 1 1 1 1 1 1 1 
1 1 1 1 1 1 1 1 1 1 
1 1 1 1 1 1 1 1 1 1 
1 1 1 1 1 1 1 1 1 1 
1 1 1 1 1 1 1 1 1 1 
1 1 1 1 1 1 1 1 1 1 
1 1 1 1 1 1 1 1 1 1 
1 1 1 1 1 1 1 1 1 1 
1 1 1 1 1 1 1 1 1 1 
1 1 1 1 1 1 1 1 1 1 
1 1 1 1 1 1 1 1 1 1 
1 1 1 1 1 1 1 1 1 1 
1 1 1 1 1 1 1 1 1 1 
1 1 1 1 1 1 1 1 1 1 
1 1 1 1 1 1 1 1 1 1 
1 1 1 1 1 1 1 1 1 1 
1 1 1 1 1 1 1 1 1 1 
1 1 1 1 1 1 1 1 1 1 
1 1 1 1 1 1 1 1 1 1 
1 1 1 1 1 1 1 1 1 1 
1 1 1 1 1 1 1 1 1 1 
1 1 1 1 1 1 1 1 1 1 
1 1 1 1 1 1 1 1 1 1 
1 1 1 1 1 1 1 1 1 1 
1 1 1 1 1 1 1 1 1 1 
1 1 1 1 1 1 1 1 1 1 
1 1 1 1 1 1 1 1 1 1 
1 1 1 1 1 1 1 1 1 1 
1 1 1 1 1 1 1 1 1 1 
1 1 1 1 1 1 1 1 1 1 
1 1 1 1 1 1 1 1 1 1 
1 1 1 1 1 1 1 1 1 1 
1 1 1 1 1 1 1 1 1 1 
1 1 1 1 1 1 1 1 1 1 
1 1 1 1 1 1 1 1 1 1 
1 1 1 1 1 1 1 1 1 1 
1 1 1 1 1 1 1 1 1 1 
1 1 1 1 1 1 1 1 1 1 
1 1 1 1 1 1 1 1 1 1 
1 1 1 1 1 1 1 1 1 1 
1 1 1 1 1 1 1 1 1 1 
1 1 1 1 1 1 1 1 1 1 
1 1 1 1 1 1 1 1 1 1 
1 1 1 1 1 1 1 1 1 1 
1 1 1 1 1 1 1 1 1 1 
1 1 1 1 1 1 1 1 1 1 
1 1 1 1 1 1 1 1 1 1 
1 1 1 1 1 1 1 1 1 1 
1 1 1 1 1 1 1 1 1 1 
1 1 1 1 1 1 1 1 1 1 
1 1 1 1 1 1 1 1 1 1 
1 1 1 1 1 1 1 1 1 1 
1 1 1 1 1 1 1 1 1 1 
1 1 1 1 1 1 1 1 1 1 
1 1 1 1 1 1 1 1 1 1 
1 1 1 1 1 1 1 1 1 1 
1 1 1 1 1 1 1 1 1 1 
1 1 1 1 1 1 1 1 1 1 
1 1 1 1 1 1 1 1 1 1 
1 1 1 1 1 1 1 1 1 1 
1 1 1 1 1 1 1 1 1 1 
1 1 1 1 1 1 1 1 1 1 
1 1 1 1 1 1 1 1 1 1 
1 1 1 1 1 1 1 1 1 1 
1 1 1 1 1 1 1 1 1 1 
1 1 1 1 1 1 1 1 1 1 
1 1 1 1 1 1 1 1 1 1 
1 1 1 1 1 1 1 1 1 1 
1 1 1 1 1 1 1 1 1 1 
1 1 1 1 1 1 1 1 1 1 
1 1 1 1 1 1 1 1 1 1 
1 1 1 1 1 1 1 1 1 1 
1 1 1 1 1 1 1 1 1 1 
1 1 1 1 1 1 1 1 1 1 
1 1 1 1 1 1 1 1 1 1 
1 1 1 1 1 1 1 1 1 1 
1 1 1 1 1 1 1 1 1 1 
1 1 1 1 1 1 1 1 1 1 
1 1 1 1 1 1 1 1 1 1 
1 1 1 1 1 1 1 1 1 1 
1 1 1 1 1 1 1 1 1 1 
1 1 1 1 1 1 1 1 1 1 
1 1 1 1 1 1 1 1 1 1 
1 1 1 1 1 1 1 1 1 1 
1 1 1 1 1 1 1 1 1 1 
1 1 1 1 1 1 1 1 1 1 
1 1 1 1 1 1 1 1 1 1 
1 1 1 1 1 1 1 1 1 1 
1 1 1 1 1 1 1 1 1 1 
1 1 1 1 1 1 1 1 1 1 
1 1 1 1 1 1 1 1 1 1 
1 1 1 1 1 1 1 1 1 1 
1 1 1 1 1 1 1 1 1 1 
1 1 1 1 1 1 1 1 1 1 
1 1 1 1 1 1 1 1 1 1 
1 1 1 1 1 1 1 1 1 1 
1 1 1 1 1 1 1 1 1 1 
1 1 1 1 1 1 1 1 1 1 
1 1 1 1 1 1 1 1 1 1 
1 1 1 1 1 1 1 1 1 1 
1 1 1 1 1 1 1 1 1 1 
1 1 1 1 1 1 1 1 1 1 
1 1 1 1 1 1 1 1 1 1 
1 1 1 1 1 1 1 1 1 1 
1 1 1 1 1 1 1 1 1 1 
1 1 1 1 1 1 1 1 1 1 
1 1 1 1 1 1 1 1 1 1 
1 1 1 1 1 1 1 1 1 1 
1 1 1 1 1 1 1 1 1 1 
1 1 1 1 1 1 1 1 1 1 
1 1 1 1 1 1 1 1 1 1 
1 1 1 1 1 1 1 1 1 1 
1 1 1 1 1 1 1 1 1 1 
1 1 1 1 1 1 1 1 1 1 
1 1 1 1 1 1 1 1 1 1 
1 1 1 1 1 1 1 1 1 1 
1 1 1 1 1 1 1 1 1 1 
1 1 1 1 1 1 1 1 1 1 
1 1 1 1 1 1 1 1 1 1 
1 1 1 1 1 1 1 1 1 1 
1 1 1 1 1 1 1 1 1 1 
1 1 1 1 1 1 1 1 1 1 
1 1 1 1 1 1 1 1 1 1 
1 1 1 1 1 1 1 1 1 1 
1 1 1 1 1 1 1 1 1 1 
1 1 1 1 1 1 1 1 1 1 
1 1 1 1 1 1 1 1 1 1 
1 1 1 1 1 1 1 1 1 1 
1 1 1 1 1 1 1 1 1 1 
1 1 1 1 1 1 1 1 1 1 
1 1 1 1 1 1 1 1 1 1 
1 1 1 1 1 1 1 1 1 1 
1 1 1 1 1 1 1 1 1 1 
1 1 1 1 1 1 1 1 1 1 
1 1 1 1 1 1 1 1 1 1 
1 1 1 1 1 1 1 1 1 1 
1 1 1 1 1 1 1 1 1 1 
1 1 1 1 1 1 1 1 1 1 
1 1 1 1 1 1 1 1 1 1 
1 1 1 1 1 1 1 1 1 1 
1 1 1 1 1 1 1 1 1 1 
1 1 1 1 1 1 1 1 1 1 
1 1 1 1 1 1 1 1 1 1 
1 1 1 1 1 1 1 1 1 1 
1 1 1 1 1 1 1 1 1 1 
1 1 1 1 1 1 1 1 1 1 
1 1 1 1 1 1 1 1 1 1 
1 1 1 1 1 1 1 1 1 1 
1 1 1 1 1 1 1 1 1 1 
1 1 1 1 1 1 1 1 1 1 
1 1 1 1 1 1 1 1 1 1 
1 1 1 1 1 1 1 1 1 1 
1 1 1 1 1 1 1 1 1 1 
1 1 1 1 1 1 1 1 1 1 
1 1 1 1 1 1 1 1 1 1 
1 1 1 1 1 1 1 1 1 1 
1 1 1 1 1 1 1 1 1 1 
1 1 1 1 1 1 1 1 1 1 
1 1 1 1 1 1 1 1 1 1 
1 1 1 1 1 1 1 1 1 1 
1 1 1 1 1 1 1 1 1 1 
1 1 1 1 1 1 1 1 1 1 
1 1 1 1 1 1 1 1 1 1 
1 1 1 1 1 1 1 1 1 1 
1 1 1 1 1 1 1 1 1 1 
1 1 1 1 1 1 1 1 1 1 
1 1 1 1 1 1 1 1 1 1 
1 1 1 1 1 1 1 1 1 1 
1 1 1 1 1 1 1 1 1 1 
1 1 1 1 1 1 1 1 1 1 
1 1 1 1 1 1 1 1 1 1 
1 1 1 1 1 1 1 1 1 1 
1 1 1 1 1 1 1 1 1 1 
1 1 1 1 1 1 1 1 1 1 
1 1 1 1 1 1 1 1 1 1 
1 1 1 1 1 1 1 1 1 1 
1 1 1 1 1 1 1 1 1 1 
1 1 1 1 1 1 1 1 1 1 
1 1 1 1 1 1 1 1 1 1 
1 1 1 1 1 1 1 1 1 1 
1 1 1 1 1 1 1 1 1 1 
1 1 1 1 1 1 1 1 1 1 
1 1 1 1 1 1 1 1 1 1 
1 1 1 1 1 1 1 1 1 1 
1 1 1 1 1 1 1 1 1 1 
1 1 1 1 1 1 1 1 1 1 
1 1 1 1 1 1 1 1 1 1 
1 1 1 1 1 1 1 1 1 1 
1 1 1 1 1 1 1 1 1 1 
1 1 1 1 1 1 1 1 1 1 
1 1 1 1 1 1 1 1 1 1 
1 1 1 1 1 1 1 1 1 1 
1 1 1 1 1 1 1 1 1 1 
1 1 1 1 1 1 1 1 1 1 
1 1 1 1 1 1 1 1 1 1 
1 1 1 1 1 1 1 1 1 1 
1 1 1 1 1 1 1 1 1 1 
1 1 1 1 1 1 1 1 1 1 
1 1 1 1 1 1 1 1 1 1 
1 1 1 1 1 1 1 1 1 1 
1 1 1 1 1 1 1 1 1 1 
1 1 1 1 1 2 2 2 2 2 
2 2 2 2 2 2 2 2 2 2 
2 2 2 2 2 2 2 2 2 2 
2 2 2 2 2 2 2 2 2 2 
2 2 2 2 2 2 2 2 2 2 
2 2 2 2 2 2 2 2 2 2 
2 2 2 2 2 2 2 2 2 2 
2 2 2 2 2 2 2 2 2 2 
2 2 2 2 2 2 2 2 2 2 
2 2 2 2 2 2 2 2 2 2 
2 2 2 2 2 2 2 2 2 2 
2 2 2 2 2 2 2 2 2 2 
2 2 2 2 2 2 2 2 2 2 
2 2 2 2 2 2 2 2 2 2 
2 2 2 2 2 2 2 2 2 2 
2 2 2 2 2 2 2 2 2 2 
2 2 2 2 2 2 2 2 2 2 
2 2 2 2 2 2 2 2 2 2 
2 2 2 2 2 2 2 2 2 2 
2 2 2 2 2 2 2 2 2 2 
2 2 2 2 2 2 2 2 2 2 
2 2 2 2 2 2 2 2 2 2 
2 2 2 2 2 2 2 2 2 2 
2 2 2 2 2 2 2 2 2 2 
2 2 2 2 2 2 2 2 2 2 
2 2 2 2 2 2 2 2 2 2 
2 2 2 2 2 2 2 2 2 2 
2 2 2 2 2 2 2 2 2 2 
2 2 2 2 2 2 2 2 2 2 
2 2 2 2 2 2 2 2 2 2 
2 2 2 2 2 2 2 2 2 2 
2 2 2 2 2 2 2 2 2 2 
2 2 2 2 2 2 2 2 2 2 
2 2 2 2 2 2 2 2 2 2 
2 2 2 2 2 2 2 2 2 2 
2 2 2 2 2 2 2 2 2 2 
2 2 2 2 2 2 2 2 2 2 
2 2 2 2 2 2 2 2 2 2 
2 2 2 2 2 2 2 2 2 2 
2 2 2 2 2 2 2 SCALARS Sn_MPa float 1
LOOKUP_TABLE default
126.174 126.174 126.174 126.174 126.174 126.174 126.174 126.174 126.174 
126.174 126.174 126.174 126.174 126.174 126.174 126.174 126.174 126.174 126.174 
126.174 126.174 126.174 126.174 126.174 126.174 126.174 126.174 126.174 126.174 
126.174 126.174 126.174 126.174 126.174 126.174 126.174 126.174 126.174 126.174 
126.174 126.174 126.174 126.174 126.174 126.174 126.174 126.174 126.174 126.174 
126.174 126.174 126.174 126.174 126.174 126.174 126.174 126.174 126.174 126.174 
126.174 126.174 126.174 126.174 126.174 126.174 126.174 126.174 126.174 126.174 
126.174 126.174 126.174 126.174 126.174 126.174 126.174 126.174 126.174 126.174 
126.174 126.174 126.174 126.174 126.174 126.174 126.174 126.174 126.174 126.174 
126.174 126.174 126.174 126.174 126.174 126.174 126.174 126.174 126.174 126.174 
126.174 126.174 126.174 126.174 126.174 126.174 126.174 126.174 126.174 126.174 
126.174 126.174 126.174 126.174 126.174 126.174 126.174 126.174 126.174 126.174 
126.174 126.174 126.174 126.174 126.174 126.174 126.174 126.174 126.174 126.174 
126.174 126.174 126.174 126.174 126.174 126.174 126.174 126.174 126.174 126.174 
126.174 126.174 126.174 126.174 126.174 126.174 126.174 126.174 126.174 126.174 
126.174 126.174 126.174 126.174 126.174 126.174 126.174 126.174 126.174 126.174 
126.174 126.174 126.174 126.174 126.174 126.174 126.174 126.174 126.174 126.174 
126.174 126.174 126.174 126.174 126.174 126.174 126.174 126.174 126.174 126.174 
126.174 126.174 126.174 126.174 126.174 126.174 126.174 126.174 126.174 126.174 
126.174 126.174 126.174 126.174 126.174 126.174 126.174 119.025 119.025 119.025 
119.025 119.025 119.025 119.025 119.025 119.025 119.025 119.025 119.025 119.025 
119.025 119.025 119.025 119.025 119.025 119.025 119.025 119.025 119.025 119.025 
119.025 119.025 119.025 119.025 119.025 119.025 119.025 119.025 119.025 119.025 
119.025 119.025 119.025 119.025 119.025 119.025 119.025 119.025 119.025 119.025 
119.025 119.025 119.025 119.025 119.025 119.025 119.025 119.025 119.025 119.025 
119.025 119.025 119.025 119.025 119.025 119.025 119.025 119.025 119.025 119.025 
119.025 119.025 119.025 119.025 119.025 119.025 119.025 119.025 119.025 119.025 
119.025 119.025 119.025 119.025 119.025 119.025 119.025 119.025 119.025 119.025 
119.025 119.025 119.025 119.025 119.025 119.025 119.025 119.025 119.025 119.025 
119.025 119.025 119.025 119.025 119.025 119.025 119.025 119.025 119.025 119.025 
119.025 119.025 119.025 119.025 119.025 119.025 119.025 119.025 119.025 119.025 
119.025 119.025 119.025 119.025 119.025 119.025 119.025 119.025 119.025 119.025 
119.025 119.025 119.025 119.025 119.025 119.025 119.025 119.025 119.025 119.025 
119.025 119.025 119.025 119.025 119.025 119.025 119.025 119.025 119.025 119.025 
119.025 119.025 119.025 119.025 119.025 119.025 119.025 119.025 119.025 119.025 
119.025 119.025 119.025 119.025 119.025 119.025 119.025 119.025 119.025 119.025 
119.025 119.025 119.025 119.025 119.025 119.025 119.025 119.025 119.025 119.025 
119.025 119.025 119.025 119.025 119.025 119.025 119.025 119.025 119.025 119.025 
119.025 119.025 119.025 119.025 119.025 119.025 119.025 119.025 119.025 119.025 
119.025 119.025 119.025 115.273 115.273 115.273 115.273 115.273 115.273 115.273 
115.273 115.273 115.273 115.273 115.273 115.273 115.273 115.273 115.273 115.273 
115.273 115.273 115.273 115.273 115.273 115.273 115.273 115.273 115.273 115.273 
115.273 115.273 115.273 115.273 115.273 115.273 115.273 115.273 115.273 115.273 
115.273 115.273 115.273 115.273 115.273 115.273 115.273 115.273 115.273 115.273 
115.273 115.273 115.273 115.273 115.273 115.273 115.273 115.273 115.273 115.273 
115.273 115.273 115.273 115.273 115.273 115.273 115.273 115.273 115.273 115.273 
115.273 115.273 115.273 115.273 115.273 115.273 115.273 115.273 115.273 115.273 
115.273 115.273 115.273 115.273 115.273 115.273 115.273 115.273 115.273 115.273 
115.273 115.273 115.273 115.273 115.273 115.273 115.273 115.273 115.273 115.273 
115.273 115.273 115.273 115.273 115.273 115.273 115.273 115.273 115.273 115.273 
115.273 115.273 115.273 115.273 115.273 115.273 115.273 115.273 115.273 115.273 
115.273 115.273 115.273 115.273 115.273 115.273 115.273 115.273 115.273 115.273 
115.273 115.273 115.273 115.273 115.273 115.273 115.273 115.273 115.273 115.273 
115.273 115.273 115.273 115.273 115.273 115.273 115.273 115.273 115.273 115.273 
115.273 115.273 115.273 115.273 115.273 115.273 115.273 115.273 115.273 115.273 
115.273 115.273 115.273 115.273 115.273 115.273 115.273 115.273 115.273 115.273 
115.273 115.273 115.273 115.273 115.273 115.273 115.273 115.273 115.273 115.273 
115.273 115.273 115.273 115.273 115.273 115.273 115.273 115.273 115.273 115.273 
115.273 115.273 115.273 115.273 115.273 115.273 115.273 115.273 115.273 141.258 
141.258 141.258 141.258 141.258 141.258 141.258 141.258 141.258 141.258 141.258 
141.258 141.258 141.258 141.258 141.258 141.258 141.258 141.258 141.258 141.258 
141.258 141.258 141.258 141.258 141.258 141.258 141.258 141.258 141.258 141.258 
141.258 141.258 141.258 141.258 141.258 141.258 141.258 141.258 141.258 141.258 
141.258 141.258 141.258 141.258 141.258 141.258 141.258 141.258 141.258 141.258 
141.258 141.258 141.258 141.258 141.258 141.258 141.258 141.258 141.258 141.258 
141.258 141.258 141.258 141.258 141.258 141.258 141.258 141.258 141.258 141.258 
141.258 141.258 141.258 141.258 141.258 141.258 141.258 141.258 141.258 141.258 
141.258 141.258 141.258 141.258 141.258 141.258 141.258 141.258 141.258 141.258 
141.258 141.258 141.258 141.258 141.258 141.258 141.258 141.258 141.258 141.258 
141.258 141.258 141.258 141.258 141.258 141.258 141.258 141.258 141.258 141.258 
141.258 141.258 141.258 141.258 141.258 141.258 141.258 141.258 141.258 141.258 
141.258 141.258 141.258 141.258 141.258 141.258 141.258 141.258 141.258 141.258 
141.258 141.258 141.258 141.258 141.258 141.258 141.258 141.258 141.258 141.258 
141.258 141.258 141.258 141.258 141.258 141.258 141.258 141.258 141.258 141.258 
141.258 141.258 141.258 141.258 141.258 141.258 141.258 141.258 141.258 141.258 
141.258 141.258 141.258 141.258 141.258 141.258 141.258 141.258 141.258 141.258 
141.258 141.258 141.258 141.258 141.258 141.258 141.258 141.258 141.258 141.258 
141.258 141.258 141.258 141.258 141.258 141.258 141.258 141.258 141.258 141.258 
141.258 141.258 141.258 141.258 141.258 132.795 132.795 132.795 132.795 132.795 
132.795 132.795 132.795 132.795 132.795 132.795 132.795 132.795 132.795 132.795 
132.795 132.795 132.795 132.795 132.795 132.795 132.795 132.795 132.795 132.795 
132.795 132.795 132.795 132.795 132.795 132.795 132.795 132.795 132.795 132.795 
132.795 132.795 132.795 132.795 132.795 132.795 132.795 132.795 132.795 132.795 
132.795 132.795 132.795 132.795 132.795 132.795 132.795 132.795 132.795 132.795 
132.795 132.795 132.795 132.795 132.795 132.795 132.795 132.795 132.795 132.795 
132.795 132.795 132.795 132.795 132.795 132.795 132.795 132.795 132.795 132.795 
132.795 132.795 132.795 132.795 132.795 132.795 132.795 132.795 132.795 132.795 
132.795 132.795 132.795 132.795 132.795 132.795 132.795 132.795 132.795 132.795 
132.795 132.795 132.795 132.795 132.795 132.795 132.795 132.795 132.795 132.795 
132.795 132.795 132.795 132.795 132.795 132.795 132.795 132.795 132.795 132.795 
132.795 132.795 132.795 132.795 132.795 132.795 132.795 132.795 132.795 132.795 
132.795 132.795 132.795 132.795 132.795 132.795 132.795 132.795 132.795 132.795 
132.795 132.795 132.795 132.795 132.795 132.795 132.795 132.795 132.795 132.795 
132.795 132.795 132.795 132.795 132.795 132.795 132.795 132.795 132.795 132.795 
132.795 132.795 132.795 132.795 132.795 132.795 132.795 132.795 132.795 132.795 
132.795 132.795 132.795 132.795 132.795 132.795 132.795 132.795 132.795 132.795 
132.795 132.795 132.795 132.795 132.795 132.795 132.795 132.795 132.795 132.795 
132.795 132.795 132.795 132.795 132.795 132.795 132.795 132.795 132.795 132.795 
132.795 135.511 135.511 135.511 135.511 135.511 135.511 135.511 135.511 135.511 
135.511 135.511 135.511 135.511 135.511 135.511 135.511 135.511 135.511 135.511 
135.511 135.511 135.511 135.511 135.511 135.511 135.511 135.511 135.511 135.511 
135.511 135.511 135.511 135.511 135.511 135.511 135.511 135.511 135.511 135.511 
135.511 135.511 135.511 135.511 135.511 135.511 135.511 135.511 135.511 135.511 
135.511 135.511 135.511 135.511 135.511 135.511 135.511 135.511 135.511 135.511 
135.511 135.511 135.511 135.511 135.511 135.511 135.511 135.511 135.511 135.511 
135.511 135.511 135.511 135.511 135.511 135.511 135.511 135.511 135.511 135.511 
135.511 135.511 135.511 135.511 135.511 135.511 135.511 135.511 135.511 135.511 
135.511 135.511 135.511 135.511 135.511 135.511 135.511 135.511 135.511 135.511 
135.511 135.511 135.511 135.511 135.511 135.511 135.511 135.511 135.511 135.511 
135.511 135.511 135.511 135.511 135.511 135.511 135.511 135.511 135.511 135.511 
135.511 135.511 135.511 135.511 135.511 135.511 135.511 135.511 135.511 135.511 
135.511 135.511 135.511 135.511 135.511 135.511 135.511 135.511 135.511 135.511 
135.511 135.511 135.511 135.511 135.511 135.511 135.511 135.511 135.511 135.511 
135.511 135.511 135.511 135.511 135.511 135.511 135.511 135.511 135.511 135.511 
135.511 135.511 135.511 135.511 135.511 135.511 135.511 135.511 135.511 135.511 
135.511 135.511 135.511 135.511 135.511 135.511 135.511 135.511 135.511 135.511 
135.511 135.511 135.511 135.511 135.511 135.511 135.511 135.511 135.511 135.511 
135.511 135.511 135.511 135.511 135.511 135.511 135.511 137.413 137.413 137.413 
137.413 137.413 137.413 137.413 137.413 137.413 137.413 137.413 137.413 137.413 
137.413 137.413 137.413 137.413 137.413 137.413 137.413 137.413 137.413 137.413 
137.413 137.413 137.413 137.413 137.413 137.413 137.413 137.413 137.413 137.413 
137.413 137.413 137.413 137.413 137.413 137.413 137.413 137.413 137.413 137.413 
137.413 137.413 137.413 137.413 137.413 137.413 137.413 137.413 137.413 137.413 
137.413 137.413 137.413 137.413 137.413 137.413 137.413 137.413 137.413 137.413 
137.413 137.413 137.413 137.413 137.413 137.413 137.413 137.413 137.413 137.413 
137.413 137.413 137.413 137.413 137.413 137.413 137.413 137.413 137.413 137.413 
137.413 137.413 137.413 137.413 137.413 137.413 137.413 137.413 137.413 137.413 
137.413 137.413 137.413 137.413 137.413 137.413 137.413 137.413 137.413 137.413 
137.413 137.413 137.413 137.413 137.413 137.413 137.413 137.413 137.413 137.413 
137.413 137.413 137.413 137.413 137.413 137.413 137.413 137.413 137.413 137.413 
137.413 137.413 137.413 137.413 137.413 137.413 137.413 137.413 137.413 137.413 
137.413 137.413 137.413 137.413 137.413 137.413 137.413 137.413 137.413 137.413 
137.413 137.413 137.413 137.413 137.413 137.413 137.413 137.413 137.413 137.413 
137.413 137.413 137.413 137.413 137.413 137.413 137.413 137.413 137.413 137.413 
137.413 137.413 137.413 137.413 137.413 137.413 137.413 137.413 137.413 137.413 
137.413 137.413 137.413 137.413 137.413 137.413 137.413 137.413 137.413 137.413 
137.413 137.413 137.413 137.413 137.413 137.413 137.413 137.413 137.413 137.413 
137.413 137.413 137.413 137.871 137.871 137.871 137.871 137.871 137.871 137.871 
137.871 137.871 137.871 137.871 137.871 137.871 137.871 137.871 137.871 137.871 
137.871 137.871 137.871 137.871 137.871 137.871 137.871 137.871 137.871 137.871 
137.871 137.871 137.871 137.871 137.871 137.871 137.871 137.871 137.871 137.871 
137.871 137.871 137.871 137.871 137.871 137.871 137.871 137.871 137.871 137.871 
137.871 137.871 137.871 137.871 137.871 137.871 137.871 137.871 137.871 137.871 
137.871 137.871 137.871 137.871 137.871 137.871 137.871 137.871 137.871 137.871 
137.871 137.871 137.871 137.871 137.871 137.871 137.871 137.871 137.871 137.871 
137.871 137.871 137.871 137.871 137.871 137.871 137.871 137.871 137.871 137.871 
137.871 137.871 137.871 137.871 137.871 137.871 137.871 137.871 137.871 137.871 
137.871 137.871 137.871 137.871 137.871 137.871 137.871 137.871 137.871 137.871 
137.871 137.871 137.871 137.871 137.871 137.871 137.871 137.871 137.871 137.871 
137.871 137.871 137.871 137.871 137.871 137.871 137.871 137.871 137.871 137.871 
137.871 137.871 137.871 137.871 137.871 137.871 137.871 137.871 137.871 137.871 
137.871 137.871 137.871 137.871 137.871 137.871 137.871 137.871 137.871 137.871 
137.871 137.871 137.871 137.871 137.871 137.871 137.871 137.871 137.871 137.871 
137.871 137.871 137.871 137.871 137.871 137.871 137.871 137.871 137.871 137.871 
137.871 137.871 137.871 137.871 137.871 137.871 137.871 137.871 137.871 137.871 
137.871 137.871 137.871 137.871 137.871 137.871 137.871 137.871 137.871 137.871 
137.871 137.871 137.871 137.871 137.871 137.871 137.871 137.871 137.871 128.163 
128.163 128.163 128.163 128.163 128.163 128.163 128.163 128.163 128.163 128.163 
128.163 128.163 128.163 128.163 128.163 128.163 128.163 128.163 128.163 128.163 
128.163 128.163 128.163 128.163 128.163 128.163 128.163 128.163 128.163 128.163 
128.163 128.163 128.163 128.163 128.163 128.163 128.163 128.163 128.163 128.163 
128.163 128.163 128.163 128.163 128.163 128.163 128.163 128.163 128.163 128.163 
128.163 128.163 128.163 128.163 128.163 128.163 128.163 128.163 128.163 128.163 
128.163 128.163 128.163 128.163 128.163 128.163 128.163 128.163 128.163 128.163 
128.163 128.163 128.163 128.163 128.163 128.163 128.163 128.163 128.163 128.163 
128.163 128.163 128.163 128.163 128.163 128.163 128.163 128.163 128.163 128.163 
128.163 128.163 128.163 128.163 128.163 128.163 128.163 128.163 128.163 128.163 
128.163 128.163 128.163 128.163 128.163 128.163 128.163 128.163 128.163 128.163 
128.163 128.163 128.163 128.163 128.163 128.163 128.163 128.163 128.163 128.163 
128.163 128.163 128.163 128.163 128.163 128.163 128.163 128.163 128.163 128.163 
128.163 128.163 128.163 128.163 128.163 128.163 128.163 128.163 128.163 128.163 
128.163 128.163 128.163 128.163 128.163 128.163 128.163 128.163 128.163 128.163 
128.163 128.163 128.163 128.163 128.163 128.163 128.163 128.163 128.163 128.163 
128.163 128.163 128.163 128.163 128.163 128.163 128.163 128.163 128.163 128.163 
128.163 128.163 128.163 128.163 128.163 128.163 128.163 128.163 128.163 128.163 
128.163 128.163 128.163 128.163 128.163 128.163 128.163 128.163 128.163 128.163 
128.163 128.163 128.163 128.163 128.163 130.29 130.29 130.29 130.29 130.29 
130.29 130.29 130.29 130.29 130.29 130.29 130.29 130.29 130.29 130.29 
130.29 130.29 130.29 130.29 130.29 130.29 130.29 130.29 130.29 130.29 
130.29 130.29 130.29 130.29 130.29 130.29 130.29 130.29 130.29 130.29 
130.29 130.29 130.29 130.29 130.29 130.29 130.29 130.29 130.29 130.29 
130.29 130.29 130.29 130.29 130.29 130.29 130.29 130.29 130.29 130.29 
130.29 130.29 130.29 130.29 130.29 130.29 130.29 130.29 130.29 130.29 
130.29 130.29 130.29 130.29 130.29 130.29 130.29 130.29 130.29 130.29 
130.29 130.29 130.29 130.29 130.29 130.29 130.29 130.29 130.29 130.29 
130.29 130.29 130.29 130.29 130.29 130.29 130.29 130.29 130.29 130.29 
130.29 130.29 130.29 130.29 130.29 130.29 130.29 130.29 130.29 130.29 
130.29 130.29 130.29 130.29 130.29 130.29 130.29 130.29 130.29 130.29 
130.29 130.29 130.29 130.29 130.29 130.29 130.29 130.29 130.29 130.29 
130.29 130.29 130.29 130.29 130.29 130.29 130.29 130.29 130.29 130.29 
130.29 130.29 130.29 130.29 130.29 130.29 130.29 130.29 130.29 130.29 
130.29 130.29 130.29 130.29 130.29 130.29 130.29 130.29 130.29 130.29 
130.29 130.29 130.29 130.29 130.29 130.29 130.29 130.29 130.29 130.29 
130.29 130.29 130.29 130.29 130.29 130.29 130.29 130.29 130.29 130.29 
130.29 130.29 130.29 130.29 130.29 130.29 130.29 130.29 130.29 130.29 
130.29 130.29 130.29 130.29 130.29 130.29 130.29 130.29 130.29 130.29 
130.29 116.353 116.353 116.353 116.353 116.353 116.353 116.353 116.353 116.353 
116.353 116.353 116.353 116.353 116.353 116.353 116.353 116.353 116.353 116.353 
116.353 116.353 116.353 116.353 116.353 116.353 116.353 116.353 116.353 116.353 
116.353 116.353 116.353 116.353 116.353 116.353 116.353 116.353 116.353 116.353 
116.353 116.353 116.353 116.353 116.353 116.353 116.353 116.353 116.353 116.353 
116.353 116.353 116.353 116.353 116.353 116.353 116.353 116.353 116.353 116.353 
116.353 116.353 116.353 116.353 116.353 116.353 116.353 116.353 116.353 116.353 
116.353 116.353 116.353 116.353 116.353 116.353 116.353 116.353 116.353 116.353 
116.353 116.353 116.353 116.353 116.353 116.353 116.353 116.353 116.353 116.353 
116.353 116.353 116.353 116.353 116.353 116.353 116.353 116.353 116.353 116.353 
116.353 116.353 116.353 116.353 116.353 116.353 116.353 116.353 116.353 116.353 
116.353 116.353 116.353 116.353 116.353 116.353 116.353 116.353 116.353 116.353 
116.353 116.353 116.353 116.353 116.353 116.353 116.353 116.353 116.353 116.353 
116.353 116.353 116.353 116.353 116.353 116.353 116.353 116.353 116.353 116.353 
116.353 116.353 116.353 116.353 116.353 116.353 116.353 116.353 116.353 116.353 
116.353 116.353 116.353 116.353 116.353 116.353 116.353 116.353 116.353 116.353 
116.353 116.353 116.353 116.353 116.353 116.353 116.353 116.353 116.353 116.353 
116.353 116.353 116.353 116.353 116.353 116.353 116.353 116.353 116.353 116.353 
116.353 116.353 116.353 116.353 116.353 116.353 116.353 116.353 116.353 116.353 
116.353 116.353 116.353 116.353 116.353 116.353 116.353 134.484 134.484 134.484 
134.484 134.484 134.484 134.484 134.484 134.484 134.484 134.484 134.484 134.484 
134.484 134.484 134.484 134.484 134.484 134.484 134.484 134.484 134.484 134.484 
134.484 134.484 134.484 134.484 134.484 134.484 134.484 134.484 134.484 134.484 
134.484 134.484 134.484 134.484 134.484 134.484 134.484 134.484 134.484 134.484 
134.484 134.484 134.484 134.484 134.484 134.484 134.484 134.484 134.484 134.484 
134.484 134.484 134.484 134.484 134.484 134.484 134.484 134.484 134.484 134.484 
134.484 134.484 134.484 134.484 134.484 134.484 134.484 134.484 134.484 134.484 
134.484 134.484 134.484 134.484 134.484 134.484 134.484 134.484 134.484 134.484 
134.484 134.484 134.484 134.484 134.484 134.484 134.484 134.484 134.484 134.484 
134.484 134.484 134.484 134.484 134.484 134.484 134.484 134.484 134.484 134.484 
134.484 134.484 134.484 134.484 134.484 134.484 134.484 134.484 134.484 134.484 
134.484 134.484 134.484 134.484 134.484 134.484 134.484 134.484 134.484 134.484 
134.484 134.484 134.484 134.484 134.484 134.484 134.484 134.484 134.484 134.484 
134.484 134.484 134.484 134.484 134.484 134.484 134.484 134.484 134.484 134.484 
134.484 134.484 134.484 134.484 134.484 134.484 134.484 134.484 134.484 134.484 
134.484 134.484 134.484 134.484 134.484 134.484 134.484 134.484 134.484 134.484 
134.484 134.484 134.484 134.484 134.484 134.484 134.484 134.484 134.484 134.484 
134.484 134.484 134.484 134.484 134.484 134.484 134.484 134.484 134.484 134.484 
134.484 134.484 134.484 134.484 134.484 134.484 134.484 134.484 134.484 134.484 
134.484 134.484 134.484 125.542 125.542 125.542 125.542 125.542 125.542 125.542 
125.542 125.542 125.542 125.542 125.542 125.542 125.542 125.542 125.542 125.542 
125.542 125.542 125.542 125.542 125.542 125.542 125.542 125.542 125.542 125.542 
125.542 125.542 125.542 125.542 125.542 125.542 125.542 125.542 125.542 125.542 
125.542 125.542 125.542 125.542 125.542 125.542 125.542 125.542 125.542 125.542 
125.542 125.542 125.542 125.542 125.542 125.542 125.542 125.542 125.542 125.542 
125.542 125.542 125.542 125.542 125.542 125.542 125.542 125.542 125.542 125.542 
125.542 125.542 125.542 125.542 125.542 125.542 125.542 125.542 125.542 125.542 
125.542 125.542 125.542 125.542 125.542 125.542 125.542 125.542 125.542 125.542 
125.542 125.542 125.542 125.542 125.542 125.542 125.542 125.542 125.542 125.542 
125.542 125.542 125.542 125.542 125.542 125.542 125.542 125.542 125.542 125.542 
125.542 125.542 125.542 125.542 125.542 125.542 125.542 125.542 125.542 125.542 
125.542 125.542 125.542 125.542 125.542 125.542 125.542 125.542 125.542 125.542 
125.542 125.542 125.542 125.542 125.542 125.542 125.542 125.542 125.542 125.542 
125.542 125.542 125.542 125.542 125.542 125.542 125.542 125.542 125.542 125.542 
125.542 125.542 125.542 125.542 125.542 125.542 125.542 125.542 125.542 125.542 
125.542 125.542 125.542 125.542 125.542 125.542 125.542 125.542 125.542 125.542 
125.542 125.542 125.542 125.542 125.542 125.542 125.542 125.542 125.542 125.542 
125.542 125.542 125.542 125.542 125.542 125.542 125.542 125.542 125.542 125.542 
125.542 125.542 125.542 125.542 125.542 125.542 125.542 125.542 125.542 114.058 
114.058 114.058 114.058 114.058 114.058 114.058 114.058 114.058 114.058 114.058 
114.058 114.058 114.058 114.058 114.058 114.058 114.058 114.058 114.058 114.058 
114.058 114.058 114.058 114.058 114.058 114.058 114.058 114.058 114.058 114.058 
114.058 114.058 114.058 114.058 114.058 114.058 114.058 114.058 114.058 114.058 
114.058 114.058 114.058 114.058 114.058 114.058 114.058 114.058 114.058 114.058 
114.058 114.058 114.058 114.058 114.058 114.058 114.058 114.058 114.058 114.058 
114.058 114.058 114.058 114.058 114.058 114.058 114.058 114.058 114.058 114.058 
114.058 114.058 114.058 114.058 114.058 114.058 114.058 114.058 114.058 114.058 
114.058 114.058 114.058 114.058 114.058 114.058 114.058 114.058 114.058 114.058 
114.058 114.058 114.058 114.058 114.058 114.058 114.058 114.058 114.058 114.058 
114.058 114.058 114.058 114.058 114.058 114.058 114.058 114.058 114.058 114.058 
114.058 114.058 114.058 114.058 114.058 114.058 114.058 114.058 114.058 114.058 
114.058 114.058 114.058 114.058 114.058 114.058 114.058 114.058 114.058 114.058 
114.058 114.058 114.058 114.058 114.058 114.058 114.058 114.058 114.058 114.058 
114.058 114.058 114.058 114.058 114.058 114.058 114.058 114.058 114.058 114.058 
114.058 114.058 114.058 114.058 114.058 114.058 114.058 114.058 114.058 114.058 
114.058 114.058 114.058 114.058 114.058 114.058 114.058 114.058 114.058 114.058 
114.058 114.058 114.058 114.058 114.058 114.058 114.058 114.058 114.058 114.058 
114.058 114.058 114.058 114.058 114.058 114.058 114.058 114.058 114.058 114.058 
114.058 114.058 114.058 114.058 114.058 108.805 108.805 108.805 108.805 108.805 
108.805 108.805 108.805 108.805 108.805 108.805 108.805 108.805 108.805 108.805 
108.805 108.805 108.805 108.805 108.805 108.805 108.805 108.805 108.805 108.805 
108.805 108.805 108.805 108.805 108.805 108.805 108.805 108.805 108.805 108.805 
108.805 108.805 108.805 108.805 108.805 108.805 108.805 108.805 108.805 108.805 
108.805 108.805 108.805 108.805 108.805 108.805 108.805 108.805 108.805 108.805 
108.805 108.805 108.805 108.805 108.805 108.805 108.805 108.805 108.805 108.805 
108.805 108.805 108.805 108.805 108.805 108.805 108.805 108.805 108.805 108.805 
108.805 108.805 108.805 108.805 108.805 108.805 108.805 108.805 108.805 108.805 
108.805 108.805 108.805 108.805 108.805 108.805 108.805 108.805 108.805 108.805 
108.805 108.805 108.805 108.805 108.805 108.805 108.805 108.805 108.805 108.805 
108.805 108.805 108.805 108.805 108.805 108.805 108.805 108.805 108.805 108.805 
108.805 108.805 108.805 108.805 108.805 108.805 108.805 108.805 108.805 108.805 
108.805 108.805 108.805 108.805 108.805 108.805 108.805 108.805 108.805 108.805 
108.805 108.805 108.805 108.805 108.805 108.805 108.805 108.805 108.805 108.805 
108.805 108.805 108.805 108.805 108.805 108.805 108.805 108.805 108.805 108.805 
108.805 108.805 108.805 108.805 108.805 108.805 108.805 108.805 108.805 108.805 
108.805 108.805 108.805 108.805 108.805 108.805 108.805 108.805 108.805 108.805 
108.805 108.805 108.805 108.805 108.805 108.805 108.805 108.805 108.805 108.805 
108.805 108.805 108.805 108.805 108.805 108.805 108.805 108.805 108.805 108.805 
108.805 138.92 138.92 138.92 138.92 138.92 138.92 138.92 138.92 138.92 
138.92 138.92 138.92 138.92 138.92 138.92 138.92 138.92 138.92 138.92 
138.92 138.92 138.92 138.92 138.92 138.92 138.92 138.92 138.92 138.92 
138.92 138.92 138.92 138.92 138.92 138.92 138.92 138.92 138.92 138.92 
138.92 138.92 138.92 138.92 138.92 138.92 138.92 138.92 138.92 138.92 
138.92 138.92 138.92 138.92 138.92 138.92 138.92 138.92 138.92 138.92 
138.92 138.92 138.92 138.92 138.92 138.92 138.92 138.92 138.92 138.92 
138.92 138.92 138.92 138.92 138.92 138.92 138.92 138.92 138.92 138.92 
138.92 138.92 138.92 138.92 138.92 138.92 138.92 138.92 138.92 138.92 
138.92 138.92 138.92 138.92 138.92 138.92 138.92 138.92 138.92 138.92 
138.92 138.92 138.92 138.92 138.92 138.92 138.92 138.92 138.92 138.92 
138.92 138.92 138.92 138.92 138.92 138.92 138.92 138.92 138.92 138.92 
138.92 138.92 138.92 138.92 138.92 138.92 138.92 138.92 138.92 138.92 
138.92 138.92 138.92 138.92 138.92 138.92 138.92 138.92 138.92 138.92 
138.92 138.92 138.92 138.92 138.92 138.92 138.92 138.92 138.92 138.92 
138.92 138.92 138.92 138.92 138.92 138.92 138.92 138.92 138.92 138.92 
138.92 138.92 138.92 138.92 138.92 138.92 138.92 138.92 138.92 138.92 
138.92 138.92 138.92 138.92 138.92 138.92 138.92 138.92 138.92 138.92 
138.92 138.92 138.92 138.92 138.92 138.92 138.92 138.92 138.92 138.92 
138.92 138.92 138.92 138.92 138.92 138.92 138.92 135.631 135.631 135.631 
135.631 135.631 135.631 135.631 135.631 135.631 135.631 135.631 135.631 135.631 
135.631 135.631 135.631 135.631 135.631 135.631 135.631 135.631 135.631 135.631 
135.631 135.631 135.631 135.631 135.631 135.631 135.631 135.631 135.631 135.631 
135.631 135.631 135.631 135.631 135.631 135.631 135.631 135.631 135.631 135.631 
135.631 135.631 135.631 135.631 135.631 135.631 135.631 135.631 135.631 135.631 
135.631 135.631 135.631 135.631 135.631 135.631 135.631 135.631 135.631 135.631 
135.631 135.631 135.631 135.631 135.631 135.631 135.631 135.631 135.631 135.631 
135.631 135.631 135.631 135.631 135.631 135.631 135.631 135.631 135.631 135.631 
135.631 135.631 135.631 135.631 135.631 135.631 135.631 135.631 135.631 135.631 
135.631 135.631 135.631 135.631 135.631 135.631 135.631 135.631 135.631 135.631 
135.631 135.631 135.631 135.631 135.631 135.631 135.631 135.631 135.631 135.631 
135.631 135.631 135.631 135.631 135.631 135.631 135.631 135.631 135.631 135.631 
135.631 135.631 135.631 135.631 135.631 135.631 135.631 135.631 135.631 135.631 
135.631 135.631 135.631 135.631 135.631 135.631 135.631 135.631 135.631 135.631 
135.631 135.631 135.631 135.631 135.631 135.631 135.631 135.631 135.631 135.631 
135.631 135.631 135.631 135.631 135.631 135.631 135.631 135.631 135.631 135.631 
135.631 135.631 135.631 135.631 135.631 135.631 135.631 135.631 135.631 135.631 
135.631 135.631 135.631 135.631 135.631 135.631 135.631 135.631 135.631 135.631 
135.631 135.631 135.631 135.631 135.631 135.631 135.631 135.631 135.631 135.631 
135.631 135.631 135.631 140.221 140.221 140.221 140.221 140.221 140.221 140.221 
140.221 140.221 140.221 140.221 140.221 140.221 140.221 140.221 140.221 140.221 
140.221 140.221 140.221 140.221 140.221 140.221 140.221 140.221 140.221 140.221 
140.221 140.221 140.221 140.221 140.221 140.221 140.221 140.221 140.221 140.221 
140.221 140.221 140.221 140.221 140.221 140.221 140.221 140.221 140.221 140.221 
140.221 140.221 140.221 140.221 140.221 140.221 140.221 140.221 140.221 140.221 
140.221 140.221 140.221 140.221 140.221 140.221 140.221 140.221 140.221 140.221 
140.221 140.221 140.221 140.221 140.221 140.221 140.221 140.221 140.221 140.221 
140.221 140.221 140.221 140.221 140.221 140.221 140.221 140.221 140.221 140.221 
140.221 140.221 140.221 140.221 140.221 140.221 140.221 140.221 140.221 140.221 
140.221 140.221 140.221 140.221 140.221 140.221 140.221 140.221 140.221 140.221 
140.221 140.221 140.221 140.221 140.221 140.221 140.221 140.221 140.221 140.221 
140.221 140.221 140.221 140.221 140.221 140.221 140.221 140.221 140.221 140.221 
140.221 140.221 140.221 140.221 140.221 140.221 140.221 140.221 140.221 140.221 
140.221 140.221 140.221 140.221 140.221 140.221 140.221 140.221 140.221 140.221 
140.221 140.221 140.221 140.221 140.221 140.221 140.221 140.221 140.221 140.221 
140.221 140.221 140.221 140.221 140.221 140.221 140.221 140.221 140.221 140.221 
140.221 140.221 140.221 140.221 140.221 140.221 140.221 140.221 140.221 140.221 
140.221 140.221 140.221 140.221 140.221 140.221 140.221 140.221 140.221 140.221 
140.221 140.221 140.221 140.221 140.221 140.221 140.221 140.221 140.221 122.71 
122.71 122.71 122.71 122.71 122.71 122.71 122.71 122.71 122.71 122.71 
122.71 122.71 122.71 122.71 122.71 122.71 122.71 122.71 122.71 122.71 
122.71 122.71 122.71 122.71 122.71 122.71 122.71 122.71 122.71 122.71 
122.71 122.71 122.71 122.71 122.71 122.71 122.71 122.71 122.71 122.71 
122.71 122.71 122.71 122.71 122.71 122.71 122.71 122.71 122.71 122.71 
122.71 122.71 122.71 122.71 122.71 122.71 122.71 122.71 122.71 122.71 
122.71 122.71 122.71 122.71 122.71 122.71 122.71 122.71 122.71 122.71 
122.71 122.71 122.71 122.71 122.71 122.71 122.71 122.71 122.71 122.71 
122.71 122.71 122.71 122.71 122.71 122.71 122.71 122.71 122.71 122.71 
122.71 122.71 122.71 122.71 122.71 122.71 122.71 122.71 122.71 122.71 
122.71 122.71 122.71 122.71 122.71 122.71 122.71 122.71 122.71 122.71 
122.71 122.71 122.71 122.71 122.71 122.71 122.71 122.71 122.71 122.71 
122.71 122.71 122.71 122.71 122.71 122.71 122.71 122.71 122.71 122.71 
122.71 122.71 122.71 122.71 122.71 122.71 122.71 122.71 122.71 122.71 
122.71 122.71 122.71 122.71 122.71 122.71 122.71 122.71 122.71 122.71 
122.71 122.71 122.71 122.71 122.71 122.71 122.71 122.71 122.71 122.71 
122.71 122.71 122.71 122.71 122.71 122.71 122.71 122.71 122.71 122.71 
122.71 122.71 122.71 122.71 122.71 122.71 122.71 122.71 122.71 122.71 
122.71 122.71 122.71 122.71 122.71 122.71 122.71 122.71 122.71 122.71 
122.71 122.71 122.71 122.71 122.71 120.428 120.428 120.428 120.428 120.428 
120.428 120.428 120.428 120.428 120.428 120.428 120.428 120.428 120.428 120.428 
120.428 120.428 120.428 120.428 120.428 120.428 120.428 120.428 120.428 120.428 
120.428 120.428 120.428 120.428 120.428 120.428 120.428 120.428 120.428 120.428 
120.428 120.428 120.428 120.428 120.428 120.428 120.428 120.428 120.428 120.428 
120.428 120.428 120.428 120.428 120.428 120.428 120.428 120.428 120.428 120.428 
120.428 120.428 120.428 120.428 120.428 120.428 120.428 120.428 120.428 120.428 
120.428 120.428 120.428 120.428 120.428 120.428 120.428 120.428 120.428 120.428 
120.428 120.428 120.428 120.428 120.428 120.428 120.428 120.428 120.428 120.428 
120.428 120.428 120.428 120.428 120.428 120.428 120.428 120.428 120.428 120.428 
120.428 120.428 120.428 120.428 120.428 120.428 120.428 120.428 120.428 120.428 
120.428 120.428 120.428 120.428 120.428 120.428 120.428 120.428 120.428 120.428 
120.428 120.428 120.428 120.428 120.428 120.428 120.428 120.428 120.428 120.428 
120.428 120.428 120.428 120.428 120.428 120.428 120.428 120.428 120.428 120.428 
120.428 120.428 120.428 120.428 120.428 120.428 120.428 120.428 120.428 120.428 
120.428 120.428 120.428 120.428 120.428 120.428 120.428 120.428 120.428 120.428 
120.428 120.428 120.428 120.428 120.428 120.428 120.428 120.428 120.428 120.428 
120.428 120.428 120.428 120.428 120.428 120.428 120.428 120.428 120.428 120.428 
120.428 120.428 120.428 120.428 120.428 120.428 120.428 120.428 120.428 120.428 
120.428 120.428 120.428 120.428 120.428 120.428 120.428 120.428 120.428 120.428 
120.428 116.401 116.401 116.401 116.401 116.401 116.401 116.401 116.401 116.401 
116.401 116.401 116.401 116.401 116.401 116.401 116.401 116.401 116.401 116.401 
116.401 116.401 116.401 116.401 116.401 116.401 116.401 116.401 116.401 116.401 
116.401 116.401 116.401 116.401 116.401 116.401 116.401 116.401 116.401 116.401 
116.401 116.401 116.401 116.401 116.401 116.401 116.401 116.401 116.401 116.401 
116.401 116.401 116.401 116.401 116.401 116.401 116.401 116.401 116.401 116.401 
116.401 116.401 116.401 116.401 116.401 116.401 116.401 116.401 116.401 116.401 
116.401 116.401 116.401 116.401 116.401 116.401 116.401 116.401 116.401 116.401 
116.401 116.401 116.401 116.401 116.401 116.401 116.401 116.401 116.401 116.401 
116.401 116.401 116.401 116.401 116.401 116.401 116.401 116.401 116.401 116.401 
116.401 116.401 116.401 116.401 116.401 116.401 116.401 116.401 116.401 116.401 
116.401 116.401 116.401 116.401 116.401 116.401 116.401 116.401 116.401 116.401 
116.401 116.401 116.401 116.401 116.401 116.401 116.401 116.401 116.401 116.401 
116.401 116.401 116.401 116.401 116.401 116.401 116.401 116.401 116.401 116.401 
116.401 116.401 116.401 116.401 116.401 116.401 116.401 116.401 116.401 116.401 
116.401 116.401 116.401 116.401 116.401 116.401 116.401 116.401 116.401 116.401 
116.401 116.401 116.401 116.401 116.401 116.401 116.401 116.401 116.401 116.401 
116.401 116.401 116.401 116.401 116.401 116.401 116.401 116.401 116.401 116.401 
116.401 116.401 116.401 116.401 116.401 116.401 116.401 116.401 116.401 116.401 
116.401 116.401 116.401 116.401 116.401 116.401 116.401 125.067 125.067 125.067 
125.067 125.067 125.067 125.067 125.067 125.067 125.067 125.067 125.067 125.067 
125.067 125.067 125.067 125.067 125.067 125.067 125.067 125.067 125.067 125.067 
125.067 125.067 125.067 125.067 125.067 125.067 125.067 125.067 125.067 125.067 
125.067 125.067 125.067 125.067 125.067 125.067 125.067 125.067 125.067 125.067 
125.067 125.067 125.067 125.067 125.067 125.067 125.067 125.067 125.067 125.067 
125.067 125.067 125.067 125.067 125.067 125.067 125.067 125.067 125.067 125.067 
125.067 125.067 125.067 125.067 125.067 125.067 125.067 125.067 125.067 125.067 
125.067 125.067 125.067 125.067 125.067 125.067 125.067 125.067 125.067 125.067 
125.067 125.067 125.067 125.067 125.067 125.067 125.067 125.067 125.067 125.067 
125.067 125.067 125.067 125.067 125.067 125.067 125.067 125.067 125.067 125.067 
125.067 125.067 125.067 125.067 125.067 125.067 125.067 125.067 125.067 125.067 
125.067 125.067 125.067 125.067 125.067 125.067 125.067 125.067 125.067 125.067 
125.067 125.067 125.067 125.067 125.067 125.067 125.067 125.067 125.067 125.067 
125.067 125.067 125.067 125.067 125.067 125.067 125.067 125.067 125.067 125.067 
125.067 125.067 125.067 125.067 125.067 125.067 125.067 125.067 125.067 125.067 
125.067 125.067 125.067 125.067 125.067 125.067 125.067 125.067 125.067 125.067 
125.067 125.067 125.067 125.067 125.067 125.067 125.067 125.067 125.067 125.067 
125.067 125.067 125.067 125.067 125.067 125.067 125.067 125.067 125.067 125.067 
125.067 125.067 125.067 125.067 125.067 125.067 125.067 125.067 125.067 125.067 
125.067 125.067 125.067 140.787 140.787 140.787 140.787 140.787 140.787 140.787 
140.787 140.787 140.787 140.787 140.787 140.787 140.787 140.787 140.787 140.787 
140.787 140.787 140.787 140.787 140.787 140.787 140.787 140.787 140.787 140.787 
140.787 140.787 140.787 140.787 140.787 140.787 140.787 140.787 140.787 140.787 
140.787 140.787 140.787 140.787 140.787 140.787 140.787 140.787 140.787 140.787 
140.787 140.787 140.787 140.787 140.787 140.787 140.787 140.787 140.787 140.787 
140.787 140.787 140.787 140.787 140.787 140.787 140.787 140.787 140.787 140.787 
140.787 140.787 140.787 140.787 140.787 140.787 140.787 140.787 140.787 140.787 
140.787 140.787 140.787 140.787 140.787 140.787 140.787 140.787 140.787 140.787 
140.787 140.787 140.787 140.787 140.787 140.787 140.787 140.787 140.787 140.787 
140.787 140.787 140.787 140.787 140.787 140.787 140.787 140.787 140.787 140.787 
140.787 140.787 140.787 140.787 140.787 140.787 140.787 140.787 140.787 140.787 
140.787 140.787 140.787 140.787 140.787 140.787 140.787 140.787 140.787 140.787 
140.787 140.787 140.787 140.787 140.787 140.787 140.787 140.787 140.787 140.787 
140.787 140.787 140.787 140.787 140.787 140.787 140.787 140.787 140.787 140.787 
140.787 140.787 140.787 140.787 140.787 140.787 140.787 140.787 140.787 140.787 
140.787 140.787 140.787 140.787 140.787 140.787 140.787 140.787 140.787 140.787 
140.787 140.787 140.787 140.787 140.787 140.787 140.787 140.787 140.787 140.787 
140.787 140.787 140.787 140.787 140.787 140.787 140.787 140.787 140.787 140.787 
140.787 140.787 140.787 140.787 140.787 140.787 140.787 140.787 140.787 126.927 
126.927 126.927 126.927 126.927 126.927 126.927 126.927 126.927 126.927 126.927 
126.927 126.927 126.927 126.927 126.927 126.927 126.927 126.927 126.927 126.927 
126.927 126.927 126.927 126.927 126.927 126.927 126.927 126.927 126.927 126.927 
126.927 126.927 126.927 126.927 126.927 126.927 126.927 126.927 126.927 126.927 
126.927 126.927 126.927 126.927 126.927 126.927 126.927 126.927 126.927 126.927 
126.927 126.927 126.927 126.927 126.927 126.927 126.927 126.927 126.927 126.927 
126.927 126.927 126.927 126.927 126.927 126.927 126.927 126.927 126.927 126.927 
126.927 126.927 126.927 126.927 126.927 126.927 126.927 126.927 126.927 126.927 
126.927 126.927 126.927 126.927 126.927 126.927 126.927 126.927 126.927 126.927 
126.927 126.927 126.927 126.927 126.927 126.927 126.927 126.927 126.927 126.927 
126.927 126.927 126.927 126.927 126.927 126.927 126.927 126.927 126.927 126.927 
126.927 126.927 126.927 126.927 126.927 126.927 126.927 126.927 126.927 126.927 
126.927 126.927 126.927 126.927 126.927 126.927 126.927 126.927 126.927 126.927 
126.927 126.927 126.927 126.927 126.927 126.927 126.927 126.927 126.927 126.927 
126.927 126.927 126.927 126.927 126.927 126.927 126.927 126.927 126.927 126.927 
126.927 126.927 126.927 126.927 126.927 126.927 126.927 126.927 126.927 126.927 
126.927 126.927 126.927 126.927 126.927 126.927 126.927 126.927 126.927 126.927 
126.927 126.927 126.927 126.927 126.927 126.927 126.927 126.927 126.927 126.927 
126.927 126.927 126.927 126.927 126.927 126.927 126.927 126.927 126.927 126.927 
126.927 126.927 126.927 126.927 126.927 131.675 131.675 131.675 131.675 131.675 
131.675 131.675 131.675 131.675 131.675 131.675 131.675 131.675 131.675 131.675 
131.675 131.675 131.675 131.675 131.675 131.675 131.675 131.675 131.675 131.675 
131.675 131.675 131.675 131.675 131.675 131.675 131.675 131.675 131.675 131.675 
131.675 131.675 131.675 131.675 131.675 131.675 131.675 131.675 131.675 131.675 
131.675 131.675 131.675 131.675 131.675 131.675 131.675 131.675 131.675 131.675 
131.675 131.675 131.675 131.675 131.675 131.675 131.675 131.675 131.675 131.675 
131.675 131.675 131.675 131.675 131.675 131.675 131.675 131.675 131.675 131.675 
131.675 131.675 131.675 131.675 131.675 131.675 131.675 131.675 131.675 131.675 
131.675 131.675 131.675 131.675 131.675 131.675 131.675 131.675 131.675 131.675 
131.675 131.675 131.675 131.675 131.675 131.675 131.675 131.675 131.675 131.675 
131.675 131.675 131.675 131.675 131.675 131.675 131.675 131.675 131.675 131.675 
131.675 131.675 131.675 131.675 131.675 131.675 131.675 131.675 131.675 131.675 
131.675 131.675 131.675 131.675 131.675 131.675 131.675 131.675 131.675 131.675 
131.675 131.675 131.675 131.675 131.675 131.675 131.675 131.675 131.675 131.675 
131.675 131.675 131.675 131.675 131.675 131.675 131.675 131.675 131.675 131.675 
131.675 131.675 131.675 131.675 131.675 131.675 131.675 131.675 131.675 131.675 
131.675 131.675 131.675 131.675 131.675 131.675 131.675 131.675 131.675 131.675 
131.675 131.675 131.675 131.675 131.675 131.675 131.675 131.675 131.675 131.675 
131.675 131.675 131.675 131.675 131.675 131.675 131.675 131.675 131.675 131.675 
131.675 137.161 137.161 137.161 137.161 137.161 137.161 137.161 137.161 137.161 
137.161 137.161 137.161 137.161 137.161 137.161 137.161 137.161 137.161 137.161 
137.161 137.161 137.161 137.161 137.161 137.161 137.161 137.161 137.161 137.161 
137.161 137.161 137.161 137.161 137.161 137.161 137.161 137.161 137.161 137.161 
137.161 137.161 137.161 137.161 137.161 137.161 137.161 137.161 137.161 137.161 
137.161 137.161 137.161 137.161 137.161 137.161 137.161 137.161 137.161 137.161 
137.161 137.161 137.161 137.161 137.161 137.161 137.161 137.161 137.161 137.161 
137.161 137.161 137.161 137.161 137.161 137.161 137.161 137.161 137.161 137.161 
137.161 137.161 137.161 137.161 137.161 137.161 137.161 137.161 137.161 137.161 
137.161 137.161 137.161 137.161 137.161 137.161 137.161 137.161 137.161 137.161 
137.161 137.161 137.161 137.161 137.161 137.161 137.161 137.161 137.161 137.161 
137.161 137.161 137.161 137.161 137.161 137.161 137.161 137.161 137.161 137.161 
137.161 137.161 137.161 137.161 137.161 137.161 137.161 137.161 137.161 137.161 
137.161 137.161 137.161 137.161 137.161 137.161 137.161 137.161 137.161 137.161 
137.161 137.161 137.161 137.161 137.161 137.161 137.161 137.161 137.161 137.161 
137.161 137.161 137.161 137.161 137.161 137.161 137.161 137.161 137.161 137.161 
137.161 137.161 137.161 137.161 137.161 137.161 137.161 137.161 137.161 137.161 
137.161 137.161 137.161 137.161 137.161 137.161 137.161 137.161 137.161 137.161 
137.161 137.161 137.161 137.161 137.161 137.161 137.161 137.161 137.161 137.161 
137.161 137.161 137.161 137.161 137.161 137.161 137.161 103.852 103.852 103.852 
103.852 103.852 103.852 103.852 103.852 103.852 103.852 103.852 103.852 103.852 
103.852 103.852 103.852 103.852 103.852 103.852 103.852 103.852 103.852 103.852 
103.852 103.852 103.852 103.852 103.852 103.852 103.852 103.852 103.852 103.852 
103.852 103.852 103.852 103.852 103.852 103.852 103.852 103.852 103.852 103.852 
103.852 103.852 103.852 103.852 103.852 103.852 103.852 103.852 103.852 103.852 
103.852 103.852 103.852 103.852 103.852 103.852 103.852 103.852 103.852 103.852 
103.852 103.852 103.852 103.852 103.852 103.852 103.852 103.852 103.852 103.852 
103.852 103.852 103.852 103.852 103.852 103.852 103.852 103.852 103.852 103.852 
103.852 103.852 103.852 103.852 103.852 103.852 103.852 103.852 103.852 103.852 
103.852 103.852 103.852 103.852 103.852 103.852 103.852 103.852 103.852 103.852 
103.852 103.852 103.852 103.852 103.852 103.852 103.852 103.852 103.852 103.852 
103.852 103.852 103.852 103.852 103.852 103.852 103.852 103.852 103.852 103.852 
103.852 103.852 103.852 103.852 103.852 103.852 103.852 103.852 103.852 103.852 
103.852 103.852 103.852 103.852 103.852 103.852 103.852 103.852 103.852 103.852 
103.852 103.852 103.852 103.852 103.852 103.852 103.852 103.852 103.852 103.852 
103.852 103.852 103.852 103.852 103.852 103.852 103.852 103.852 103.852 103.852 
103.852 103.852 103.852 103.852 103.852 103.852 103.852 103.852 103.852 103.852 
103.852 103.852 103.852 103.852 103.852 103.852 103.852 103.852 103.852 103.852 
103.852 103.852 103.852 103.852 103.852 103.852 103.852 103.852 103.852 103.852 
103.852 103.852 103.852 114.01 114.01 114.01 114.01 114.01 114.01 114.01 
114.01 114.01 114.01 114.01 114.01 114.01 114.01 114.01 114.01 114.01 
114.01 114.01 114.01 114.01 114.01 114.01 114.01 114.01 114.01 114.01 
114.01 114.01 114.01 114.01 114.01 114.01 114.01 114.01 114.01 114.01 
114.01 114.01 114.01 114.01 114.01 114.01 114.01 114.01 114.01 114.01 
114.01 114.01 114.01 114.01 114.01 114.01 114.01 114.01 114.01 114.01 
114.01 114.01 114.01 114.01 114.01 114.01 114.01 114.01 114.01 114.01 
114.01 114.01 114.01 114.01 114.01 114.01 114.01 114.01 114.01 114.01 
114.01 114.01 114.01 114.01 114.01 114.01 114.01 114.01 114.01 114.01 
114.01 114.01 114.01 114.01 114.01 114.01 114.01 114.01 114.01 114.01 
114.01 114.01 114.01 114.01 114.01 114.01 114.01 114.01 114.01 114.01 
114.01 114.01 114.01 114.01 114.01 114.01 114.01 114.01 114.01 114.01 
114.01 114.01 114.01 114.01 114.01 114.01 114.01 114.01 114.01 114.01 
114.01 114.01 114.01 114.01 114.01 114.01 114.01 114.01 114.01 114.01 
114.01 114.01 114.01 114.01 114.01 114.01 114.01 114.01 114.01 114.01 
114.01 114.01 114.01 114.01 114.01 114.01 114.01 114.01 114.01 114.01 
114.01 114.01 114.01 114.01 114.01 114.01 114.01 114.01 114.01 114.01 
114.01 114.01 114.01 114.01 114.01 114.01 114.01 114.01 114.01 114.01 
114.01 114.01 114.01 114.01 114.01 114.01 114.01 114.01 114.01 114.01 
114.01 114.01 114.01 114.01 114.01 114.01 114.01 114.01 114.01 139.856 
139.856 139.856 139.856 139.856 139.856 139.856 139.856 139.856 139.856 139.856 
139.856 139.856 139.856 139.856 139.856 139.856 139.856 139.856 139.856 139.856 
139.856 139.856 139.856 139.856 139.856 139.856 139.856 139.856 139.856 139.856 
139.856 139.856 139.856 139.856 139.856 139.856 139.856 139.856 139.856 139.856 
139.856 139.856 139.856 139.856 139.856 139.856 139.856 139.856 139.856 139.856 
139.856 139.856 139.856 139.856 139.856 139.856 139.856 139.856 139.856 139.856 
139.856 139.856 139.856 139.856 139.856 139.856 139.856 139.856 139.856 139.856 
139.856 139.856 139.856 139.856 139.856 139.856 139.856 139.856 139.856 139.856 
139.856 139.856 139.856 139.856 139.856 139.856 139.856 139.856 139.856 139.856 
139.856 139.856 139.856 139.856 139.856 139.856 139.856 139.856 139.856 139.856 
139.856 139.856 139.856 139.856 139.856 139.856 139.856 139.856 139.856 139.856 
139.856 139.856 139.856 139.856 139.856 139.856 139.856 139.856 139.856 139.856 
139.856 139.856 139.856 139.856 139.856 139.856 139.856 139.856 139.856 139.856 
139.856 139.856 139.856 139.856 139.856 139.856 139.856 139.856 139.856 139.856 
139.856 139.856 139.856 139.856 139.856 139.856 139.856 139.856 139.856 139.856 
139.856 139.856 139.856 139.856 139.856 139.856 139.856 139.856 139.856 139.856 
139.856 139.856 139.856 139.856 139.856 139.856 139.856 139.856 139.856 139.856 
139.856 139.856 139.856 139.856 139.856 139.856 139.856 139.856 139.856 139.856 
139.856 139.856 139.856 139.856 139.856 139.856 139.856 139.856 139.856 139.856 
139.856 139.856 139.856 139.856 139.856 100.049 100.049 100.049 100.049 100.049 
100.049 100.049 100.049 100.049 100.049 100.049 100.049 100.049 100.049 100.049 
100.049 100.049 100.049 100.049 100.049 100.049 100.049 100.049 100.049 100.049 
100.049 100.049 100.049 100.049 100.049 100.049 100.049 100.049 100.049 100.049 
100.049 100.049 100.049 100.049 100.049 100.049 100.049 100.049 100.049 100.049 
100.049 100.049 100.049 100.049 100.049 100.049 100.049 100.049 100.049 100.049 
100.049 100.049 100.049 100.049 100.049 100.049 100.049 100.049 100.049 100.049 
100.049 100.049 100.049 100.049 100.049 100.049 100.049 100.049 100.049 100.049 
100.049 100.049 100.049 100.049 100.049 100.049 100.049 100.049 100.049 100.049 
100.049 100.049 100.049 100.049 100.049 100.049 100.049 100.049 100.049 100.049 
100.049 100.049 100.049 100.049 100.049 100.049 100.049 100.049 100.049 100.049 
100.049 100.049 100.049 100.049 100.049 100.049 100.049 100.049 100.049 100.049 
100.049 100.049 100.049 100.049 100.049 100.049 100.049 100.049 100.049 100.049 
100.049 100.049 100.049 100.049 100.049 100.049 100.049 100.049 100.049 100.049 
100.049 100.049 100.049 100.049 100.049 100.049 100.049 100.049 100.049 100.049 
100.049 100.049 100.049 100.049 100.049 100.049 100.049 100.049 100.049 100.049 
100.049 100.049 100.049 100.049 100.049 100.049 100.049 100.049 100.049 100.049 
100.049 100.049 100.049 100.049 100.049 100.049 100.049 100.049 100.049 100.049 
100.049 100.049 100.049 100.049 100.049 100.049 100.049 100.049 100.049 100.049 
100.049 100.049 100.049 100.049 100.049 100.049 100.049 100.049 100.049 100.049 
100.049 100.044 100.044 100.044 100.044 100.044 100.044 100.044 100.044 100.044 
100.044 100.044 100.044 100.044 100.044 100.044 100.044 100.044 100.044 100.044 
100.044 100.044 100.044 100.044 100.044 100.044 100.044 100.044 100.044 100.044 
100.044 100.044 100.044 100.044 100.044 100.044 100.044 100.044 100.044 100.044 
100.044 100.044 100.044 100.044 100.044 100.044 100.044 100.044 100.044 100.044 
100.044 100.044 100.044 100.044 100.044 100.044 100.044 100.044 100.044 100.044 
100.044 100.044 100.044 100.044 100.044 100.044 100.044 100.044 100.044 100.044 
100.044 100.044 100.044 100.044 100.044 100.044 100.044 100.044 100.044 100.044 
100.044 100.044 100.044 100.044 100.044 100.044 100.044 100.044 100.044 100.044 
100.044 100.044 100.044 100.044 100.044 100.044 100.044 100.044 100.044 100.044 
100.044 100.044 100.044 100.044 100.044 100.044 100.044 100.044 100.044 100.044 
100.044 100.044 100.044 100.044 100.044 100.044 100.044 100.044 100.044 100.044 
100.044 100.044 100.044 100.044 100.044 100.044 100.044 100.044 100.044 100.044 
100.044 100.044 100.044 100.044 100.044 100.044 100.044 100.044 100.044 100.044 
100.044 100.044 100.044 100.044 100.044 100.044 100.044 100.044 100.044 100.044 
100.044 100.044 100.044 100.044 100.044 100.044 100.044 100.044 100.044 100.044 
100.044 100.044 100.044 100.044 100.044 100.044 100.044 100.044 100.044 100.044 
100.044 100.044 100.044 100.044 100.044 100.044 100.044 100.044 100.044 100.044 
100.044 100.044 100.044 100.044 100.044 100.044 100.044 100.044 100.044 100.044 
100.044 100.044 100.044 100.044 100.044 100.044 100.044 SCALARS Pc_MPa float 1
LOOKUP_TABLE default
117.211 117.211 117.211 117.211 117.211 117.211 117.211 117.211 117.211 
117.211 117.211 117.211 117.211 117.211 117.211 117.211 117.211 117.211 117.211 
117.211 117.211 117.211 117.211 117.211 117.211 117.211 117.211 117.211 117.211 
117.211 117.211 117.211 117.211 117.211 117.211 117.211 117.211 117.211 117.211 
117.211 117.211 117.211 117.211 117.211 117.211 117.211 117.211 117.211 117.211 
117.211 117.211 117.211 117.211 117.211 117.211 117.211 117.211 117.211 117.211 
117.211 117.211 117.211 117.211 117.211 117.211 117.211 117.211 117.211 117.211 
117.211 117.211 117.211 117.211 117.211 117.211 117.211 117.211 117.211 117.211 
117.211 117.211 117.211 117.211 117.211 117.211 117.211 117.211 117.211 117.211 
117.211 117.211 117.211 117.211 117.211 117.211 117.211 117.211 117.211 117.211 
117.211 117.211 117.211 117.211 117.211 117.211 117.211 117.211 117.211 117.211 
117.211 117.211 117.211 117.211 117.211 117.211 117.211 117.211 117.211 117.211 
117.211 117.211 117.211 117.211 117.211 117.211 117.211 117.211 117.211 117.211 
117.211 117.211 117.211 117.211 117.211 117.211 117.211 117.211 117.211 117.211 
117.211 117.211 117.211 117.211 117.211 117.211 117.211 117.211 117.211 117.211 
117.211 117.211 117.211 117.211 117.211 117.211 117.211 117.211 117.211 117.211 
117.211 117.211 117.211 117.211 117.211 117.211 117.211 117.211 117.211 117.211 
117.211 117.211 117.211 117.211 117.211 117.211 117.211 117.211 117.211 117.211 
117.211 117.211 117.211 117.211 117.211 117.211 117.211 117.211 117.211 117.211 
117.211 117.211 117.211 117.211 117.211 117.211 117.211 96.5023 96.5023 96.5023 
96.5023 96.5023 96.5023 96.5023 96.5023 96.5023 96.5023 96.5023 96.5023 96.5023 
96.5023 96.5023 96.5023 96.5023 96.5023 96.5023 96.5023 96.5023 96.5023 96.5023 
96.5023 96.5023 96.5023 96.5023 96.5023 96.5023 96.5023 96.5023 96.5023 96.5023 
96.5023 96.5023 96.5023 96.5023 96.5023 96.5023 96.5023 96.5023 96.5023 96.5023 
96.5023 96.5023 96.5023 96.5023 96.5023 96.5023 96.5023 96.5023 96.5023 96.5023 
96.5023 96.5023 96.5023 96.5023 96.5023 96.5023 96.5023 96.5023 96.5023 96.5023 
96.5023 96.5023 96.5023 96.5023 96.5023 96.5023 96.5023 96.5023 96.5023 96.5023 
96.5023 96.5023 96.5023 96.5023 96.5023 96.5023 96.5023 96.5023 96.5023 96.5023 
96.5023 96.5023 96.5023 96.5023 96.5023 96.5023 96.5023 96.5023 96.5023 96.5023 
96.5023 96.5023 96.5023 96.5023 96.5023 96.5023 96.5023 96.5023 96.5023 96.5023 
96.5023 96.5023 96.5023 96.5023 96.5023 96.5023 96.5023 96.5023 96.5023 96.5023 
96.5023 96.5023 96.5023 96.5023 96.5023 96.5023 96.5023 96.5023 96.5023 96.5023 
96.5023 96.5023 96.5023 96.5023 96.5023 96.5023 96.5023 96.5023 96.5023 96.5023 
96.5023 96.5023 96.5023 96.5023 96.5023 96.5023 96.5023 96.5023 96.5023 96.5023 
96.5023 96.5023 96.5023 96.5023 96.5023 96.5023 96.5023 96.5023 96.5023 96.5023 
96.5023 96.5023 96.5023 96.5023 96.5023 96.5023 96.5023 96.5023 96.5023 96.5023 
96.5023 96.5023 96.5023 96.5023 96.5023 96.5023 96.5023 96.5023 96.5023 96.5023 
96.5023 96.5023 96.5023 96.5023 96.5023 96.5023 96.5023 96.5023 96.5023 96.5023 
96.5023 96.5023 96.5023 96.5023 96.5023 96.5023 96.5023 96.5023 96.5023 96.5023 
96.5023 96.5023 96.5023 106.101 106.101 106.101 106.101 106.101 106.101 106.101 
106.101 106.101 106.101 106.101 106.101 106.101 106.101 106.101 106.101 106.101 
106.101 106.101 106.101 106.101 106.101 106.101 106.101 106.101 106.101 106.101 
106.101 106.101 106.101 106.101 106.101 106.101 106.101 106.101 106.101 106.101 
106.101 106.101 106.101 106.101 106.101 106.101 106.101 106.101 106.101 106.101 
106.101 106.101 106.101 106.101 106.101 106.101 106.101 106.101 106.101 106.101 
106.101 106.101 106.101 106.101 106.101 106.101 106.101 106.101 106.101 106.101 
106.101 106.101 106.101 106.101 106.101 106.101 106.101 106.101 106.101 106.101 
106.101 106.101 106.101 106.101 106.101 106.101 106.101 106.101 106.101 106.101 
106.101 106.101 106.101 106.101 106.101 106.101 106.101 106.101 106.101 106.101 
106.101 106.101 106.101 106.101 106.101 106.101 106.101 106.101 106.101 106.101 
106.101 106.101 106.101 106.101 106.101 106.101 106.101 106.101 106.101 106.101 
106.101 106.101 106.101 106.101 106.101 106.101 106.101 106.101 106.101 106.101 
106.101 106.101 106.101 106.101 106.101 106.101 106.101 106.101 106.101 106.101 
106.101 106.101 106.101 106.101 106.101 106.101 106.101 106.101 106.101 106.101 
106.101 106.101 106.101 106.101 106.101 106.101 106.101 106.101 106.101 106.101 
106.101 106.101 106.101 106.101 106.101 106.101 106.101 106.101 106.101 106.101 
106.101 106.101 106.101 106.101 106.101 106.101 106.101 106.101 106.101 106.101 
106.101 106.101 106.101 106.101 106.101 106.101 106.101 106.101 106.101 106.101 
106.101 106.101 106.101 106.101 106.101 106.101 106.101 106.101 106.101 142.771 
142.771 142.771 142.771 142.771 142.771 142.771 142.771 142.771 142.771 142.771 
142.771 142.771 142.771 142.771 142.771 142.771 142.771 142.771 142.771 142.771 
142.771 142.771 142.771 142.771 142.771 142.771 142.771 142.771 142.771 142.771 
142.771 142.771 142.771 142.771 142.771 142.771 142.771 142.771 142.771 142.771 
142.771 142.771 142.771 142.771 142.771 142.771 142.771 142.771 142.771 142.771 
142.771 142.771 142.771 142.771 142.771 142.771 142.771 142.771 142.771 142.771 
142.771 142.771 142.771 142.771 142.771 142.771 142.771 142.771 142.771 142.771 
142.771 142.771 142.771 142.771 142.771 142.771 142.771 142.771 142.771 142.771 
142.771 142.771 142.771 142.771 142.771 142.771 142.771 142.771 142.771 142.771 
142.771 142.771 142.771 142.771 142.771 142.771 142.771 142.771 142.771 142.771 
142.771 142.771 142.771 142.771 142.771 142.771 142.771 142.771 142.771 142.771 
142.771 142.771 142.771 142.771 142.771 142.771 142.771 142.771 142.771 142.771 
142.771 142.771 142.771 142.771 142.771 142.771 142.771 142.771 142.771 142.771 
142.771 142.771 142.771 142.771 142.771 142.771 142.771 142.771 142.771 142.771 
142.771 142.771 142.771 142.771 142.771 142.771 142.771 142.771 142.771 142.771 
142.771 142.771 142.771 142.771 142.771 142.771 142.771 142.771 142.771 142.771 
142.771 142.771 142.771 142.771 142.771 142.771 142.771 142.771 142.771 142.771 
142.771 142.771 142.771 142.771 142.771 142.771 142.771 142.771 142.771 142.771 
142.771 142.771 142.771 142.771 142.771 142.771 142.771 142.771 142.771 142.771 
142.771 142.771 142.771 142.771 142.771 140.651 140.651 140.651 140.651 140.651 
140.651 140.651 140.651 140.651 140.651 140.651 140.651 140.651 140.651 140.651 
140.651 140.651 140.651 140.651 140.651 140.651 140.651 140.651 140.651 140.651 
140.651 140.651 140.651 140.651 140.651 140.651 140.651 140.651 140.651 140.651 
140.651 140.651 140.651 140.651 140.651 140.651 140.651 140.651 140.651 140.651 
140.651 140.651 140.651 140.651 140.651 140.651 140.651 140.651 140.651 140.651 
140.651 140.651 140.651 140.651 140.651 140.651 140.651 140.651 140.651 140.651 
140.651 140.651 140.651 140.651 140.651 140.651 140.651 140.651 140.651 140.651 
140.651 140.651 140.651 140.651 140.651 140.651 140.651 140.651 140.651 140.651 
140.651 140.651 140.651 140.651 140.651 140.651 140.651 140.651 140.651 140.651 
140.651 140.651 140.651 140.651 140.651 140.651 140.651 140.651 140.651 140.651 
140.651 140.651 140.651 140.651 140.651 140.651 140.651 140.651 140.651 140.651 
140.651 140.651 140.651 140.651 140.651 140.651 140.651 140.651 140.651 140.651 
140.651 140.651 140.651 140.651 140.651 140.651 140.651 140.651 140.651 140.651 
140.651 140.651 140.651 140.651 140.651 140.651 140.651 140.651 140.651 140.651 
140.651 140.651 140.651 140.651 140.651 140.651 140.651 140.651 140.651 140.651 
140.651 140.651 140.651 140.651 140.651 140.651 140.651 140.651 140.651 140.651 
140.651 140.651 140.651 140.651 140.651 140.651 140.651 140.651 140.651 140.651 
140.651 140.651 140.651 140.651 140.651 140.651 140.651 140.651 140.651 140.651 
140.651 140.651 140.651 140.651 140.651 140.651 140.651 140.651 140.651 140.651 
140.651 137.206 137.206 137.206 137.206 137.206 137.206 137.206 137.206 137.206 
137.206 137.206 137.206 137.206 137.206 137.206 137.206 137.206 137.206 137.206 
137.206 137.206 137.206 137.206 137.206 137.206 137.206 137.206 137.206 137.206 
137.206 137.206 137.206 137.206 137.206 137.206 137.206 137.206 137.206 137.206 
137.206 137.206 137.206 137.206 137.206 137.206 137.206 137.206 137.206 137.206 
137.206 137.206 137.206 137.206 137.206 137.206 137.206 137.206 137.206 137.206 
137.206 137.206 137.206 137.206 137.206 137.206 137.206 137.206 137.206 137.206 
137.206 137.206 137.206 137.206 137.206 137.206 137.206 137.206 137.206 137.206 
137.206 137.206 137.206 137.206 137.206 137.206 137.206 137.206 137.206 137.206 
137.206 137.206 137.206 137.206 137.206 137.206 137.206 137.206 137.206 137.206 
137.206 137.206 137.206 137.206 137.206 137.206 137.206 137.206 137.206 137.206 
137.206 137.206 137.206 137.206 137.206 137.206 137.206 137.206 137.206 137.206 
137.206 137.206 137.206 137.206 137.206 137.206 137.206 137.206 137.206 137.206 
137.206 137.206 137.206 137.206 137.206 137.206 137.206 137.206 137.206 137.206 
137.206 137.206 137.206 137.206 137.206 137.206 137.206 137.206 137.206 137.206 
137.206 137.206 137.206 137.206 137.206 137.206 137.206 137.206 137.206 137.206 
137.206 137.206 137.206 137.206 137.206 137.206 137.206 137.206 137.206 137.206 
137.206 137.206 137.206 137.206 137.206 137.206 137.206 137.206 137.206 137.206 
137.206 137.206 137.206 137.206 137.206 137.206 137.206 137.206 137.206 137.206 
137.206 137.206 137.206 137.206 137.206 137.206 137.206 154.169 154.169 154.169 
154.169 154.169 154.169 154.169 154.169 154.169 154.169 154.169 154.169 154.169 
154.169 154.169 154.169 154.169 154.169 154.169 154.169 154.169 154.169 154.169 
154.169 154.169 154.169 154.169 154.169 154.169 154.169 154.169 154.169 154.169 
154.169 154.169 154.169 154.169 154.169 154.169 154.169 154.169 154.169 154.169 
154.169 154.169 154.169 154.169 154.169 154.169 154.169 154.169 154.169 154.169 
154.169 154.169 154.169 154.169 154.169 154.169 154.169 154.169 154.169 154.169 
154.169 154.169 154.169 154.169 154.169 154.169 154.169 154.169 154.169 154.169 
154.169 154.169 154.169 154.169 154.169 154.169 154.169 154.169 154.169 154.169 
154.169 154.169 154.169 154.169 154.169 154.169 154.169 154.169 154.169 154.169 
154.169 154.169 154.169 154.169 154.169 154.169 154.169 154.169 154.169 154.169 
154.169 154.169 154.169 154.169 154.169 154.169 154.169 154.169 154.169 154.169 
154.169 154.169 154.169 154.169 154.169 154.169 154.169 154.169 154.169 154.169 
154.169 154.169 154.169 154.169 154.169 154.169 154.169 154.169 154.169 154.169 
154.169 154.169 154.169 154.169 154.169 154.169 154.169 154.169 154.169 154.169 
154.169 154.169 154.169 154.169 154.169 154.169 154.169 154.169 154.169 154.169 
154.169 154.169 154.169 154.169 154.169 154.169 154.169 154.169 154.169 154.169 
154.169 154.169 154.169 154.169 154.169 154.169 154.169 154.169 154.169 154.169 
154.169 154.169 154.169 154.169 154.169 154.169 154.169 154.169 154.169 154.169 
154.169 154.169 154.169 154.169 154.169 154.169 154.169 154.169 154.169 154.169 
154.169 154.169 154.169 140.381 140.381 140.381 140.381 140.381 140.381 140.381 
140.381 140.381 140.381 140.381 140.381 140.381 140.381 140.381 140.381 140.381 
140.381 140.381 140.381 140.381 140.381 140.381 140.381 140.381 140.381 140.381 
140.381 140.381 140.381 140.381 140.381 140.381 140.381 140.381 140.381 140.381 
140.381 140.381 140.381 140.381 140.381 140.381 140.381 140.381 140.381 140.381 
140.381 140.381 140.381 140.381 140.381 140.381 140.381 140.381 140.381 140.381 
140.381 140.381 140.381 140.381 140.381 140.381 140.381 140.381 140.381 140.381 
140.381 140.381 140.381 140.381 140.381 140.381 140.381 140.381 140.381 140.381 
140.381 140.381 140.381 140.381 140.381 140.381 140.381 140.381 140.381 140.381 
140.381 140.381 140.381 140.381 140.381 140.381 140.381 140.381 140.381 140.381 
140.381 140.381 140.381 140.381 140.381 140.381 140.381 140.381 140.381 140.381 
140.381 140.381 140.381 140.381 140.381 140.381 140.381 140.381 140.381 140.381 
140.381 140.381 140.381 140.381 140.381 140.381 140.381 140.381 140.381 140.381 
140.381 140.381 140.381 140.381 140.381 140.381 140.381 140.381 140.381 140.381 
140.381 140.381 140.381 140.381 140.381 140.381 140.381 140.381 140.381 140.381 
140.381 140.381 140.381 140.381 140.381 140.381 140.381 140.381 140.381 140.381 
140.381 140.381 140.381 140.381 140.381 140.381 140.381 140.381 140.381 140.381 
140.381 140.381 140.381 140.381 140.381 140.381 140.381 140.381 140.381 140.381 
140.381 140.381 140.381 140.381 140.381 140.381 140.381 140.381 140.381 140.381 
140.381 140.381 140.381 140.381 140.381 140.381 140.381 140.381 140.381 102.943 
102.943 102.943 102.943 102.943 102.943 102.943 102.943 102.943 102.943 102.943 
102.943 102.943 102.943 102.943 102.943 102.943 102.943 102.943 102.943 102.943 
102.943 102.943 102.943 102.943 102.943 102.943 102.943 102.943 102.943 102.943 
102.943 102.943 102.943 102.943 102.943 102.943 102.943 102.943 102.943 102.943 
102.943 102.943 102.943 102.943 102.943 102.943 102.943 102.943 102.943 102.943 
102.943 102.943 102.943 102.943 102.943 102.943 102.943 102.943 102.943 102.943 
102.943 102.943 102.943 102.943 102.943 102.943 102.943 102.943 102.943 102.943 
102.943 102.943 102.943 102.943 102.943 102.943 102.943 102.943 102.943 102.943 
102.943 102.943 102.943 102.943 102.943 102.943 102.943 102.943 102.943 102.943 
102.943 102.943 102.943 102.943 102.943 102.943 102.943 102.943 102.943 102.943 
102.943 102.943 102.943 102.943 102.943 102.943 102.943 102.943 102.943 102.943 
102.943 102.943 102.943 102.943 102.943 102.943 102.943 102.943 102.943 102.943 
102.943 102.943 102.943 102.943 102.943 102.943 102.943 102.943 102.943 102.943 
102.943 102.943 102.943 102.943 102.943 102.943 102.943 102.943 102.943 102.943 
102.943 102.943 102.943 102.943 102.943 102.943 102.943 102.943 102.943 102.943 
102.943 102.943 102.943 102.943 102.943 102.943 102.943 102.943 102.943 102.943 
102.943 102.943 102.943 102.943 102.943 102.943 102.943 102.943 102.943 102.943 
102.943 102.943 102.943 102.943 102.943 102.943 102.943 102.943 102.943 102.943 
102.943 102.943 102.943 102.943 102.943 102.943 102.943 102.943 102.943 102.943 
102.943 102.943 102.943 102.943 102.943 133.456 133.456 133.456 133.456 133.456 
133.456 133.456 133.456 133.456 133.456 133.456 133.456 133.456 133.456 133.456 
133.456 133.456 133.456 133.456 133.456 133.456 133.456 133.456 133.456 133.456 
133.456 133.456 133.456 133.456 133.456 133.456 133.456 133.456 133.456 133.456 
133.456 133.456 133.456 133.456 133.456 133.456 133.456 133.456 133.456 133.456 
133.456 133.456 133.456 133.456 133.456 133.456 133.456 133.456 133.456 133.456 
133.456 133.456 133.456 133.456 133.456 133.456 133.456 133.456 133.456 133.456 
133.456 133.456 133.456 133.456 133.456 133.456 133.456 133.456 133.456 133.456 
133.456 133.456 133.456 133.456 133.456 133.456 133.456 133.456 133.456 133.456 
133.456 133.456 133.456 133.456 133.456 133.456 133.456 133.456 133.456 133.456 
133.456 133.456 133.456 133.456 133.456 133.456 133.456 133.456 133.456 133.456 
133.456 133.456 133.456 133.456 133.456 133.456 133.456 133.456 133.456 133.456 
133.456 133.456 133.456 133.456 133.456 133.456 133.456 133.456 133.456 133.456 
133.456 133.456 133.456 133.456 133.456 133.456 133.456 133.456 133.456 133.456 
133.456 133.456 133.456 133.456 133.456 133.456 133.456 133.456 133.456 133.456 
133.456 133.456 133.456 133.456 133.456 133.456 133.456 133.456 133.456 133.456 
133.456 133.456 133.456 133.456 133.456 133.456 133.456 133.456 133.456 133.456 
133.456 133.456 133.456 133.456 133.456 133.456 133.456 133.456 133.456 133.456 
133.456 133.456 133.456 133.456 133.456 133.456 133.456 133.456 133.456 133.456 
133.456 133.456 133.456 133.456 133.456 133.456 133.456 133.456 133.456 133.456 
133.456 93.3012 93.3012 93.3012 93.3012 93.3012 93.3012 93.3012 93.3012 93.3012 
93.3012 93.3012 93.3012 93.3012 93.3012 93.3012 93.3012 93.3012 93.3012 93.3012 
93.3012 93.3012 93.3012 93.3012 93.3012 93.3012 93.3012 93.3012 93.3012 93.3012 
93.3012 93.3012 93.3012 93.3012 93.3012 93.3012 93.3012 93.3012 93.3012 93.3012 
93.3012 93.3012 93.3012 93.3012 93.3012 93.3012 93.3012 93.3012 93.3012 93.3012 
93.3012 93.3012 93.3012 93.3012 93.3012 93.3012 93.3012 93.3012 93.3012 93.3012 
93.3012 93.3012 93.3012 93.3012 93.3012 93.3012 93.3012 93.3012 93.3012 93.3012 
93.3012 93.3012 93.3012 93.3012 93.3012 93.3012 93.3012 93.3012 93.3012 93.3012 
93.3012 93.3012 93.3012 93.3012 93.3012 93.3012 93.3012 93.3012 93.3012 93.3012 
93.3012 93.3012 93.3012 93.3012 93.3012 93.3012 93.3012 93.3012 93.3012 93.3012 
93.3012 93.3012 93.3012 93.3012 93.3012 93.3012 93.3012 93.3012 93.3012 93.3012 
93.3012 93.3012 93.3012 93.3012 93.3012 93.3012 93.3012 93.3012 93.3012 93.3012 
93.3012 93.3012 93.3012 93.3012 93.3012 93.3012 93.3012 93.3012 93.3012 93.3012 
93.3012 93.3012 93.3012 93.3012 93.3012 93.3012 93.3012 93.3012 93.3012 93.3012 
93.3012 93.3012 93.3012 93.3012 93.3012 93.3012 93.3012 93.3012 93.3012 93.3012 
93.3012 93.3012 93.3012 93.3012 93.3012 93.3012 93.3012 93.3012 93.3012 93.3012 
93.3012 93.3012 93.3012 93.3012 93.3012 93.3012 93.3012 93.3012 93.3012 93.3012 
93.3012 93.3012 93.3012 93.3012 93.3012 93.3012 93.3012 93.3012 93.3012 93.3012 
93.3012 93.3012 93.3012 93.3012 93.3012 93.3012 93.3012 93.3012 93.3012 93.3012 
93.3012 93.3012 93.3012 93.3012 93.3012 93.3012 93.3012 137.265 137.265 137.265 
137.265 137.265 137.265 137.265 137.265 137.265 137.265 137.265 137.265 137.265 
137.265 137.265 137.265 137.265 137.265 137.265 137.265 137.265 137.265 137.265 
137.265 137.265 137.265 137.265 137.265 137.265 137.265 137.265 137.265 137.265 
137.265 137.265 137.265 137.265 137.265 137.265 137.265 137.265 137.265 137.265 
137.265 137.265 137.265 137.265 137.265 137.265 137.265 137.265 137.265 137.265 
137.265 137.265 137.265 137.265 137.265 137.265 137.265 137.265 137.265 137.265 
137.265 137.265 137.265 137.265 137.265 137.265 137.265 137.265 137.265 137.265 
137.265 137.265 137.265 137.265 137.265 137.265 137.265 137.265 137.265 137.265 
137.265 137.265 137.265 137.265 137.265 137.265 137.265 137.265 137.265 137.265 
137.265 137.265 137.265 137.265 137.265 137.265 137.265 137.265 137.265 137.265 
137.265 137.265 137.265 137.265 137.265 137.265 137.265 137.265 137.265 137.265 
137.265 137.265 137.265 137.265 137.265 137.265 137.265 137.265 137.265 137.265 
137.265 137.265 137.265 137.265 137.265 137.265 137.265 137.265 137.265 137.265 
137.265 137.265 137.265 137.265 137.265 137.265 137.265 137.265 137.265 137.265 
137.265 137.265 137.265 137.265 137.265 137.265 137.265 137.265 137.265 137.265 
137.265 137.265 137.265 137.265 137.265 137.265 137.265 137.265 137.265 137.265 
137.265 137.265 137.265 137.265 137.265 137.265 137.265 137.265 137.265 137.265 
137.265 137.265 137.265 137.265 137.265 137.265 137.265 137.265 137.265 137.265 
137.265 137.265 137.265 137.265 137.265 137.265 137.265 137.265 137.265 137.265 
137.265 137.265 137.265 94.3804 94.3804 94.3804 94.3804 94.3804 94.3804 94.3804 
94.3804 94.3804 94.3804 94.3804 94.3804 94.3804 94.3804 94.3804 94.3804 94.3804 
94.3804 94.3804 94.3804 94.3804 94.3804 94.3804 94.3804 94.3804 94.3804 94.3804 
94.3804 94.3804 94.3804 94.3804 94.3804 94.3804 94.3804 94.3804 94.3804 94.3804 
94.3804 94.3804 94.3804 94.3804 94.3804 94.3804 94.3804 94.3804 94.3804 94.3804 
94.3804 94.3804 94.3804 94.3804 94.3804 94.3804 94.3804 94.3804 94.3804 94.3804 
94.3804 94.3804 94.3804 94.3804 94.3804 94.3804 94.3804 94.3804 94.3804 94.3804 
94.3804 94.3804 94.3804 94.3804 94.3804 94.3804 94.3804 94.3804 94.3804 94.3804 
94.3804 94.3804 94.3804 94.3804 94.3804 94.3804 94.3804 94.3804 94.3804 94.3804 
94.3804 94.3804 94.3804 94.3804 94.3804 94.3804 94.3804 94.3804 94.3804 94.3804 
94.3804 94.3804 94.3804 94.3804 94.3804 94.3804 94.3804 94.3804 94.3804 94.3804 
94.3804 94.3804 94.3804 94.3804 94.3804 94.3804 94.3804 94.3804 94.3804 94.3804 
94.3804 94.3804 94.3804 94.3804 94.3804 94.3804 94.3804 94.3804 94.3804 94.3804 
94.3804 94.3804 94.3804 94.3804 94.3804 94.3804 94.3804 94.3804 94.3804 94.3804 
94.3804 94.3804 94.3804 94.3804 94.3804 94.3804 94.3804 94.3804 94.3804 94.3804 
94.3804 94.3804 94.3804 94.3804 94.3804 94.3804 94.3804 94.3804 94.3804 94.3804 
94.3804 94.3804 94.3804 94.3804 94.3804 94.3804 94.3804 94.3804 94.3804 94.3804 
94.3804 94.3804 94.3804 94.3804 94.3804 94.3804 94.3804 94.3804 94.3804 94.3804 
94.3804 94.3804 94.3804 94.3804 94.3804 94.3804 94.3804 94.3804 94.3804 94.3804 
94.3804 94.3804 94.3804 94.3804 94.3804 94.3804 94.3804 94.3804 94.3804 86.9278 
86.9278 86.9278 86.9278 86.9278 86.9278 86.9278 86.9278 86.9278 86.9278 86.9278 
86.9278 86.9278 86.9278 86.9278 86.9278 86.9278 86.9278 86.9278 86.9278 86.9278 
86.9278 86.9278 86.9278 86.9278 86.9278 86.9278 86.9278 86.9278 86.9278 86.9278 
86.9278 86.9278 86.9278 86.9278 86.9278 86.9278 86.9278 86.9278 86.9278 86.9278 
86.9278 86.9278 86.9278 86.9278 86.9278 86.9278 86.9278 86.9278 86.9278 86.9278 
86.9278 86.9278 86.9278 86.9278 86.9278 86.9278 86.9278 86.9278 86.9278 86.9278 
86.9278 86.9278 86.9278 86.9278 86.9278 86.9278 86.9278 86.9278 86.9278 86.9278 
86.9278 86.9278 86.9278 86.9278 86.9278 86.9278 86.9278 86.9278 86.9278 86.9278 
86.9278 86.9278 86.9278 86.9278 86.9278 86.9278 86.9278 86.9278 86.9278 86.9278 
86.9278 86.9278 86.9278 86.9278 86.9278 86.9278 86.9278 86.9278 86.9278 86.9278 
86.9278 86.9278 86.9278 86.9278 86.9278 86.9278 86.9278 86.9278 86.9278 86.9278 
86.9278 86.9278 86.9278 86.9278 86.9278 86.9278 86.9278 86.9278 86.9278 86.9278 
86.9278 86.9278 86.9278 86.9278 86.9278 86.9278 86.9278 86.9278 86.9278 86.9278 
86.9278 86.9278 86.9278 86.9278 86.9278 86.9278 86.9278 86.9278 86.9278 86.9278 
86.9278 86.9278 86.9278 86.9278 86.9278 86.9278 86.9278 86.9278 86.9278 86.9278 
86.9278 86.9278 86.9278 86.9278 86.9278 86.9278 86.9278 86.9278 86.9278 86.9278 
86.9278 86.9278 86.9278 86.9278 86.9278 86.9278 86.9278 86.9278 86.9278 86.9278 
86.9278 86.9278 86.9278 86.9278 86.9278 86.9278 86.9278 86.9278 86.9278 86.9278 
86.9278 86.9278 86.9278 86.9278 86.9278 86.9278 86.9278 86.9278 86.9278 86.9278 
86.9278 86.9278 86.9278 86.9278 86.9278 101.598 101.598 101.598 101.598 101.598 
101.598 101.598 101.598 101.598 101.598 101.598 101.598 101.598 101.598 101.598 
101.598 101.598 101.598 101.598 101.598 101.598 101.598 101.598 101.598 101.598 
101.598 101.598 101.598 101.598 101.598 101.598 101.598 101.598 101.598 101.598 
101.598 101.598 101.598 101.598 101.598 101.598 101.598 101.598 101.598 101.598 
101.598 101.598 101.598 101.598 101.598 101.598 101.598 101.598 101.598 101.598 
101.598 101.598 101.598 101.598 101.598 101.598 101.598 101.598 101.598 101.598 
101.598 101.598 101.598 101.598 101.598 101.598 101.598 101.598 101.598 101.598 
101.598 101.598 101.598 101.598 101.598 101.598 101.598 101.598 101.598 101.598 
101.598 101.598 101.598 101.598 101.598 101.598 101.598 101.598 101.598 101.598 
101.598 101.598 101.598 101.598 101.598 101.598 101.598 101.598 101.598 101.598 
101.598 101.598 101.598 101.598 101.598 101.598 101.598 101.598 101.598 101.598 
101.598 101.598 101.598 101.598 101.598 101.598 101.598 101.598 101.598 101.598 
101.598 101.598 101.598 101.598 101.598 101.598 101.598 101.598 101.598 101.598 
101.598 101.598 101.598 101.598 101.598 101.598 101.598 101.598 101.598 101.598 
101.598 101.598 101.598 101.598 101.598 101.598 101.598 101.598 101.598 101.598 
101.598 101.598 101.598 101.598 101.598 101.598 101.598 101.598 101.598 101.598 
101.598 101.598 101.598 101.598 101.598 101.598 101.598 101.598 101.598 101.598 
101.598 101.598 101.598 101.598 101.598 101.598 101.598 101.598 101.598 101.598 
101.598 101.598 101.598 101.598 101.598 101.598 101.598 101.598 101.598 101.598 
101.598 128.024 128.024 128.024 128.024 128.024 128.024 128.024 128.024 128.024 
128.024 128.024 128.024 128.024 128.024 128.024 128.024 128.024 128.024 128.024 
128.024 128.024 128.024 128.024 128.024 128.024 128.024 128.024 128.024 128.024 
128.024 128.024 128.024 128.024 128.024 128.024 128.024 128.024 128.024 128.024 
128.024 128.024 128.024 128.024 128.024 128.024 128.024 128.024 128.024 128.024 
128.024 128.024 128.024 128.024 128.024 128.024 128.024 128.024 128.024 128.024 
128.024 128.024 128.024 128.024 128.024 128.024 128.024 128.024 128.024 128.024 
128.024 128.024 128.024 128.024 128.024 128.024 128.024 128.024 128.024 128.024 
128.024 128.024 128.024 128.024 128.024 128.024 128.024 128.024 128.024 128.024 
128.024 128.024 128.024 128.024 128.024 128.024 128.024 128.024 128.024 128.024 
128.024 128.024 128.024 128.024 128.024 128.024 128.024 128.024 128.024 128.024 
128.024 128.024 128.024 128.024 128.024 128.024 128.024 128.024 128.024 128.024 
128.024 128.024 128.024 128.024 128.024 128.024 128.024 128.024 128.024 128.024 
128.024 128.024 128.024 128.024 128.024 128.024 128.024 128.024 128.024 128.024 
128.024 128.024 128.024 128.024 128.024 128.024 128.024 128.024 128.024 128.024 
128.024 128.024 128.024 128.024 128.024 128.024 128.024 128.024 128.024 128.024 
128.024 128.024 128.024 128.024 128.024 128.024 128.024 128.024 128.024 128.024 
128.024 128.024 128.024 128.024 128.024 128.024 128.024 128.024 128.024 128.024 
128.024 128.024 128.024 128.024 128.024 128.024 128.024 128.024 128.024 128.024 
128.024 128.024 128.024 128.024 128.024 128.024 128.024 130.712 130.712 130.712 
130.712 130.712 130.712 130.712 130.712 130.712 130.712 130.712 130.712 130.712 
130.712 130.712 130.712 130.712 130.712 130.712 130.712 130.712 130.712 130.712 
130.712 130.712 130.712 130.712 130.712 130.712 130.712 130.712 130.712 130.712 
130.712 130.712 130.712 130.712 130.712 130.712 130.712 130.712 130.712 130.712 
130.712 130.712 130.712 130.712 130.712 130.712 130.712 130.712 130.712 130.712 
130.712 130.712 130.712 130.712 130.712 130.712 130.712 130.712 130.712 130.712 
130.712 130.712 130.712 130.712 130.712 130.712 130.712 130.712 130.712 130.712 
130.712 130.712 130.712 130.712 130.712 130.712 130.712 130.712 130.712 130.712 
130.712 130.712 130.712 130.712 130.712 130.712 130.712 130.712 130.712 130.712 
130.712 130.712 130.712 130.712 130.712 130.712 130.712 130.712 130.712 130.712 
130.712 130.712 130.712 130.712 130.712 130.712 130.712 130.712 130.712 130.712 
130.712 130.712 130.712 130.712 130.712 130.712 130.712 130.712 130.712 130.712 
130.712 130.712 130.712 130.712 130.712 130.712 130.712 130.712 130.712 130.712 
130.712 130.712 130.712 130.712 130.712 130.712 130.712 130.712 130.712 130.712 
130.712 130.712 130.712 130.712 130.712 130.712 130.712 130.712 130.712 130.712 
130.712 130.712 130.712 130.712 130.712 130.712 130.712 130.712 130.712 130.712 
130.712 130.712 130.712 130.712 130.712 130.712 130.712 130.712 130.712 130.712 
130.712 130.712 130.712 130.712 130.712 130.712 130.712 130.712 130.712 130.712 
130.712 130.712 130.712 130.712 130.712 130.712 130.712 130.712 130.712 130.712 
130.712 130.712 130.712 144.917 144.917 144.917 144.917 144.917 144.917 144.917 
144.917 144.917 144.917 144.917 144.917 144.917 144.917 144.917 144.917 144.917 
144.917 144.917 144.917 144.917 144.917 144.917 144.917 144.917 144.917 144.917 
144.917 144.917 144.917 144.917 144.917 144.917 144.917 144.917 144.917 144.917 
144.917 144.917 144.917 144.917 144.917 144.917 144.917 144.917 144.917 144.917 
144.917 144.917 144.917 144.917 144.917 144.917 144.917 144.917 144.917 144.917 
144.917 144.917 144.917 144.917 144.917 144.917 144.917 144.917 144.917 144.917 
144.917 144.917 144.917 144.917 144.917 144.917 144.917 144.917 144.917 144.917 
144.917 144.917 144.917 144.917 144.917 144.917 144.917 144.917 144.917 144.917 
144.917 144.917 144.917 144.917 144.917 144.917 144.917 144.917 144.917 144.917 
144.917 144.917 144.917 144.917 144.917 144.917 144.917 144.917 144.917 144.917 
144.917 144.917 144.917 144.917 144.917 144.917 144.917 144.917 144.917 144.917 
144.917 144.917 144.917 144.917 144.917 144.917 144.917 144.917 144.917 144.917 
144.917 144.917 144.917 144.917 144.917 144.917 144.917 144.917 144.917 144.917 
144.917 144.917 144.917 144.917 144.917 144.917 144.917 144.917 144.917 144.917 
144.917 144.917 144.917 144.917 144.917 144.917 144.917 144.917 144.917 144.917 
144.917 144.917 144.917 144.917 144.917 144.917 144.917 144.917 144.917 144.917 
144.917 144.917 144.917 144.917 144.917 144.917 144.917 144.917 144.917 144.917 
144.917 144.917 144.917 144.917 144.917 144.917 144.917 144.917 144.917 144.917 
144.917 144.917 144.917 144.917 144.917 144.917 144.917 144.917 144.917 117.604 
117.604 117.604 117.604 117.604 117.604 117.604 117.604 117.604 117.604 117.604 
117.604 117.604 117.604 117.604 117.604 117.604 117.604 117.604 117.604 117.604 
117.604 117.604 117.604 117.604 117.604 117.604 117.604 117.604 117.604 117.604 
117.604 117.604 117.604 117.604 117.604 117.604 117.604 117.604 117.604 117.604 
117.604 117.604 117.604 117.604 117.604 117.604 117.604 117.604 117.604 117.604 
117.604 117.604 117.604 117.604 117.604 117.604 117.604 117.604 117.604 117.604 
117.604 117.604 117.604 117.604 117.604 117.604 117.604 117.604 117.604 117.604 
117.604 117.604 117.604 117.604 117.604 117.604 117.604 117.604 117.604 117.604 
117.604 117.604 117.604 117.604 117.604 117.604 117.604 117.604 117.604 117.604 
117.604 117.604 117.604 117.604 117.604 117.604 117.604 117.604 117.604 117.604 
117.604 117.604 117.604 117.604 117.604 117.604 117.604 117.604 117.604 117.604 
117.604 117.604 117.604 117.604 117.604 117.604 117.604 117.604 117.604 117.604 
117.604 117.604 117.604 117.604 117.604 117.604 117.604 117.604 117.604 117.604 
117.604 117.604 117.604 117.604 117.604 117.604 117.604 117.604 117.604 117.604 
117.604 117.604 117.604 117.604 117.604 117.604 117.604 117.604 117.604 117.604 
117.604 117.604 117.604 117.604 117.604 117.604 117.604 117.604 117.604 117.604 
117.604 117.604 117.604 117.604 117.604 117.604 117.604 117.604 117.604 117.604 
117.604 117.604 117.604 117.604 117.604 117.604 117.604 117.604 117.604 117.604 
117.604 117.604 117.604 117.604 117.604 117.604 117.604 117.604 117.604 117.604 
117.604 117.604 117.604 117.604 117.604 77.8197 77.8197 77.8197 77.8197 77.8197 
77.8197 77.8197 77.8197 77.8197 77.8197 77.8197 77.8197 77.8197 77.8197 77.8197 
77.8197 77.8197 77.8197 77.8197 77.8197 77.8197 77.8197 77.8197 77.8197 77.8197 
77.8197 77.8197 77.8197 77.8197 77.8197 77.8197 77.8197 77.8197 77.8197 77.8197 
77.8197 77.8197 77.8197 77.8197 77.8197 77.8197 77.8197 77.8197 77.8197 77.8197 
77.8197 77.8197 77.8197 77.8197 77.8197 77.8197 77.8197 77.8197 77.8197 77.8197 
77.8197 77.8197 77.8197 77.8197 77.8197 77.8197 77.8197 77.8197 77.8197 77.8197 
77.8197 77.8197 77.8197 77.8197 77.8197 77.8197 77.8197 77.8197 77.8197 77.8197 
77.8197 77.8197 77.8197 77.8197 77.8197 77.8197 77.8197 77.8197 77.8197 77.8197 
77.8197 77.8197 77.8197 77.8197 77.8197 77.8197 77.8197 77.8197 77.8197 77.8197 
77.8197 77.8197 77.8197 77.8197 77.8197 77.8197 77.8197 77.8197 77.8197 77.8197 
77.8197 77.8197 77.8197 77.8197 77.8197 77.8197 77.8197 77.8197 77.8197 77.8197 
77.8197 77.8197 77.8197 77.8197 77.8197 77.8197 77.8197 77.8197 77.8197 77.8197 
77.8197 77.8197 77.8197 77.8197 77.8197 77.8197 77.8197 77.8197 77.8197 77.8197 
77.8197 77.8197 77.8197 77.8197 77.8197 77.8197 77.8197 77.8197 77.8197 77.8197 
77.8197 77.8197 77.8197 77.8197 77.8197 77.8197 77.8197 77.8197 77.8197 77.8197 
77.8197 77.8197 77.8197 77.8197 77.8197 77.8197 77.8197 77.8197 77.8197 77.8197 
77.8197 77.8197 77.8197 77.8197 77.8197 77.8197 77.8197 77.8197 77.8197 77.8197 
77.8197 77.8197 77.8197 77.8197 77.8197 77.8197 77.8197 77.8197 77.8197 77.8197 
77.8197 77.8197 77.8197 77.8197 77.8197 77.8197 77.8197 77.8197 77.8197 77.8197 
77.8197 108.188 108.188 108.188 108.188 108.188 108.188 108.188 108.188 108.188 
108.188 108.188 108.188 108.188 108.188 108.188 108.188 108.188 108.188 108.188 
108.188 108.188 108.188 108.188 108.188 108.188 108.188 108.188 108.188 108.188 
108.188 108.188 108.188 108.188 108.188 108.188 108.188 108.188 108.188 108.188 
108.188 108.188 108.188 108.188 108.188 108.188 108.188 108.188 108.188 108.188 
108.188 108.188 108.188 108.188 108.188 108.188 108.188 108.188 108.188 108.188 
108.188 108.188 108.188 108.188 108.188 108.188 108.188 108.188 108.188 108.188 
108.188 108.188 108.188 108.188 108.188 108.188 108.188 108.188 108.188 108.188 
108.188 108.188 108.188 108.188 108.188 108.188 108.188 108.188 108.188 108.188 
108.188 108.188 108.188 108.188 108.188 108.188 108.188 108.188 108.188 108.188 
108.188 108.188 108.188 108.188 108.188 108.188 108.188 108.188 108.188 108.188 
108.188 108.188 108.188 108.188 108.188 108.188 108.188 108.188 108.188 108.188 
108.188 108.188 108.188 108.188 108.188 108.188 108.188 108.188 108.188 108.188 
108.188 108.188 108.188 108.188 108.188 108.188 108.188 108.188 108.188 108.188 
108.188 108.188 108.188 108.188 108.188 108.188 108.188 108.188 108.188 108.188 
108.188 108.188 108.188 108.188 108.188 108.188 108.188 108.188 108.188 108.188 
108.188 108.188 108.188 108.188 108.188 108.188 108.188 108.188 108.188 108.188 
108.188 108.188 108.188 108.188 108.188 108.188 108.188 108.188 108.188 108.188 
108.188 108.188 108.188 108.188 108.188 108.188 108.188 108.188 108.188 108.188 
108.188 108.188 108.188 108.188 108.188 108.188 108.188 119.57 119.57 119.57 
119.57 119.57 119.57 119.57 119.57 119.57 119.57 119.57 119.57 119.57 
119.57 119.57 119.57 119.57 119.57 119.57 119.57 119.57 119.57 119.57 
119.57 119.57 119.57 119.57 119.57 119.57 119.57 119.57 119.57 119.57 
119.57 119.57 119.57 119.57 119.57 119.57 119.57 119.57 119.57 119.57 
119.57 119.57 119.57 119.57 119.57 119.57 119.57 119.57 119.57 119.57 
119.57 119.57 119.57 119.57 119.57 119.57 119.57 119.57 119.57 119.57 
119.57 119.57 119.57 119.57 119.57 119.57 119.57 119.57 119.57 119.57 
119.57 119.57 119.57 119.57 119.57 119.57 119.57 119.57 119.57 119.57 
119.57 119.57 119.57 119.57 119.57 119.57 119.57 119.57 119.57 119.57 
119.57 119.57 119.57 119.57 119.57 119.57 119.57 119.57 119.57 119.57 
119.57 119.57 119.57 119.57 119.57 119.57 119.57 119.57 119.57 119.57 
119.57 119.57 119.57 119.57 119.57 119.57 119.57 119.57 119.57 119.57 
119.57 119.57 119.57 119.57 119.57 119.57 119.57 119.57 119.57 119.57 
119.57 119.57 119.57 119.57 119.57 119.57 119.57 119.57 119.57 119.57 
119.57 119.57 119.57 119.57 119.57 119.57 119.57 119.57 119.57 119.57 
119.57 119.57 119.57 119.57 119.57 119.57 119.57 119.57 119.57 119.57 
119.57 119.57 119.57 119.57 119.57 119.57 119.57 119.57 119.57 119.57 
119.57 119.57 119.57 119.57 119.57 119.57 119.57 119.57 119.57 119.57 
119.57 119.57 119.57 119.57 119.57 119.57 119.57 119.57 119.57 119.57 
119.57 119.57 119.57 151.958 151.958 151.958 151.958 151.958 151.958 151.958 
151.958 151.958 151.958 151.958 151.958 151.958 151.958 151.958 151.958 151.958 
151.958 151.958 151.958 151.958 151.958 151.958 151.958 151.958 151.958 151.958 
151.958 151.958 151.958 151.958 151.958 151.958 151.958 151.958 151.958 151.958 
151.958 151.958 151.958 151.958 151.958 151.958 151.958 151.958 151.958 151.958 
151.958 151.958 151.958 151.958 151.958 151.958 151.958 151.958 151.958 151.958 
151.958 151.958 151.958 151.958 151.958 151.958 151.958 151.958 151.958 151.958 
151.958 151.958 151.958 151.958 151.958 151.958 151.958 151.958 151.958 151.958 
151.958 151.958 151.958 151.958 151.958 151.958 151.958 151.958 151.958 151.958 
151.958 151.958 151.958 151.958 151.958 151.958 151.958 151.958 151.958 151.958 
151.958 151.958 151.958 151.958 151.958 151.958 151.958 151.958 151.958 151.958 
151.958 151.958 151.958 151.958 151.958 151.958 151.958 151.958 151.958 151.958 
151.958 151.958 151.958 151.958 151.958 151.958 151.958 151.958 151.958 151.958 
151.958 151.958 151.958 151.958 151.958 151.958 151.958 151.958 151.958 151.958 
151.958 151.958 151.958 151.958 151.958 151.958 151.958 151.958 151.958 151.958 
151.958 151.958 151.958 151.958 151.958 151.958 151.958 151.958 151.958 151.958 
151.958 151.958 151.958 151.958 151.958 151.958 151.958 151.958 151.958 151.958 
151.958 151.958 151.958 151.958 151.958 151.958 151.958 151.958 151.958 151.958 
151.958 151.958 151.958 151.958 151.958 151.958 151.958 151.958 151.958 151.958 
151.958 151.958 151.958 151.958 151.958 151.958 151.958 151.958 151.958 112.399 
112.399 112.399 112.399 112.399 112.399 112.399 112.399 112.399 112.399 112.399 
112.399 112.399 112.399 112.399 112.399 112.399 112.399 112.399 112.399 112.399 
112.399 112.399 112.399 112.399 112.399 112.399 112.399 112.399 112.399 112.399 
112.399 112.399 112.399 112.399 112.399 112.399 112.399 112.399 112.399 112.399 
112.399 112.399 112.399 112.399 112.399 112.399 112.399 112.399 112.399 112.399 
112.399 112.399 112.399 112.399 112.399 112.399 112.399 112.399 112.399 112.399 
112.399 112.399 112.399 112.399 112.399 112.399 112.399 112.399 112.399 112.399 
112.399 112.399 112.399 112.399 112.399 112.399 112.399 112.399 112.399 112.399 
112.399 112.399 112.399 112.399 112.399 112.399 112.399 112.399 112.399 112.399 
112.399 112.399 112.399 112.399 112.399 112.399 112.399 112.399 112.399 112.399 
112.399 112.399 112.399 112.399 112.399 112.399 112.399 112.399 112.399 112.399 
112.399 112.399 112.399 112.399 112.399 112.399 112.399 112.399 112.399 112.399 
112.399 112.399 112.399 112.399 112.399 112.399 112.399 112.399 112.399 112.399 
112.399 112.399 112.399 112.399 112.399 112.399 112.399 112.399 112.399 112.399 
112.399 112.399 112.399 112.399 112.399 112.399 112.399 112.399 112.399 112.399 
112.399 112.399 112.399 112.399 112.399 112.399 112.399 112.399 112.399 112.399 
112.399 112.399 112.399 112.399 112.399 112.399 112.399 112.399 112.399 112.399 
112.399 112.399 112.399 112.399 112.399 112.399 112.399 112.399 112.399 112.399 
112.399 112.399 112.399 112.399 112.399 112.399 112.399 112.399 112.399 112.399 
112.399 112.399 112.399 112.399 112.399 117.442 117.442 117.442 117.442 117.442 
117.442 117.442 117.442 117.442 117.442 117.442 117.442 117.442 117.442 117.442 
117.442 117.442 117.442 117.442 117.442 117.442 117.442 117.442 117.442 117.442 
117.442 117.442 117.442 117.442 117.442 117.442 117.442 117.442 117.442 117.442 
117.442 117.442 117.442 117.442 117.442 117.442 117.442 117.442 117.442 117.442 
117.442 117.442 117.442 117.442 117.442 117.442 117.442 117.442 117.442 117.442 
117.442 117.442 117.442 117.442 117.442 117.442 117.442 117.442 117.442 117.442 
117.442 117.442 117.442 117.442 117.442 117.442 117.442 117.442 117.442 117.442 
117.442 117.442 117.442 117.442 117.442 117.442 117.442 117.442 117.442 117.442 
117.442 117.442 117.442 117.442 117.442 117.442 117.442 117.442 117.442 117.442 
117.442 117.442 117.442 117.442 117.442 117.442 117.442 117.442 117.442 117.442 
117.442 117.442 117.442 117.442 117.442 117.442 117.442 117.442 117.442 117.442 
117.442 117.442 117.442 117.442 117.442 117.442 117.442 117.442 117.442 117.442 
117.442 117.442 117.442 117.442 117.442 117.442 117.442 117.442 117.442 117.442 
117.442 117.442 117.442 117.442 117.442 117.442 117.442 117.442 117.442 117.442 
117.442 117.442 117.442 117.442 117.442 117.442 117.442 117.442 117.442 117.442 
117.442 117.442 117.442 117.442 117.442 117.442 117.442 117.442 117.442 117.442 
117.442 117.442 117.442 117.442 117.442 117.442 117.442 117.442 117.442 117.442 
117.442 117.442 117.442 117.442 117.442 117.442 117.442 117.442 117.442 117.442 
117.442 117.442 117.442 117.442 117.442 117.442 117.442 117.442 117.442 117.442 
117.442 128.973 128.973 128.973 128.973 128.973 128.973 128.973 128.973 128.973 
128.973 128.973 128.973 128.973 128.973 128.973 128.973 128.973 128.973 128.973 
128.973 128.973 128.973 128.973 128.973 128.973 128.973 128.973 128.973 128.973 
128.973 128.973 128.973 128.973 128.973 128.973 128.973 128.973 128.973 128.973 
128.973 128.973 128.973 128.973 128.973 128.973 128.973 128.973 128.973 128.973 
128.973 128.973 128.973 128.973 128.973 128.973 128.973 128.973 128.973 128.973 
128.973 128.973 128.973 128.973 128.973 128.973 128.973 128.973 128.973 128.973 
128.973 128.973 128.973 128.973 128.973 128.973 128.973 128.973 128.973 128.973 
128.973 128.973 128.973 128.973 128.973 128.973 128.973 128.973 128.973 128.973 
128.973 128.973 128.973 128.973 128.973 128.973 128.973 128.973 128.973 128.973 
128.973 128.973 128.973 128.973 128.973 128.973 128.973 128.973 128.973 128.973 
128.973 128.973 128.973 128.973 128.973 128.973 128.973 128.973 128.973 128.973 
128.973 128.973 128.973 128.973 128.973 128.973 128.973 128.973 128.973 128.973 
128.973 128.973 128.973 128.973 128.973 128.973 128.973 128.973 128.973 128.973 
128.973 128.973 128.973 128.973 128.973 128.973 128.973 128.973 128.973 128.973 
128.973 128.973 128.973 128.973 128.973 128.973 128.973 128.973 128.973 128.973 
128.973 128.973 128.973 128.973 128.973 128.973 128.973 128.973 128.973 128.973 
128.973 128.973 128.973 128.973 128.973 128.973 128.973 128.973 128.973 128.973 
128.973 128.973 128.973 128.973 128.973 128.973 128.973 128.973 128.973 128.973 
128.973 128.973 128.973 128.973 128.973 128.973 128.973 106.761 106.761 106.761 
106.761 106.761 106.761 106.761 106.761 106.761 106.761 106.761 106.761 106.761 
106.761 106.761 106.761 106.761 106.761 106.761 106.761 106.761 106.761 106.761 
106.761 106.761 106.761 106.761 106.761 106.761 106.761 106.761 106.761 106.761 
106.761 106.761 106.761 106.761 106.761 106.761 106.761 106.761 106.761 106.761 
106.761 106.761 106.761 106.761 106.761 106.761 106.761 106.761 106.761 106.761 
106.761 106.761 106.761 106.761 106.761 106.761 106.761 106.761 106.761 106.761 
106.761 106.761 106.761 106.761 106.761 106.761 106.761 106.761 106.761 106.761 
106.761 106.761 106.761 106.761 106.761 106.761 106.761 106.761 106.761 106.761 
106.761 106.761 106.761 106.761 106.761 106.761 106.761 106.761 106.761 106.761 
106.761 106.761 106.761 106.761 106.761 106.761 106.761 106.761 106.761 106.761 
106.761 106.761 106.761 106.761 106.761 106.761 106.761 106.761 106.761 106.761 
106.761 106.761 106.761 106.761 106.761 106.761 106.761 106.761 106.761 106.761 
106.761 106.761 106.761 106.761 106.761 106.761 106.761 106.761 106.761 106.761 
106.761 106.761 106.761 106.761 106.761 106.761 106.761 106.761 106.761 106.761 
106.761 106.761 106.761 106.761 106.761 106.761 106.761 106.761 106.761 106.761 
106.761 106.761 106.761 106.761 106.761 106.761 106.761 106.761 106.761 106.761 
106.761 106.761 106.761 106.761 106.761 106.761 106.761 106.761 106.761 106.761 
106.761 106.761 106.761 106.761 106.761 106.761 106.761 106.761 106.761 106.761 
106.761 106.761 106.761 106.761 106.761 106.761 106.761 106.761 106.761 106.761 
106.761 106.761 106.761 99.7471 99.7471 99.7471 99.7471 99.7471 99.7471 99.7471 
99.7471 99.7471 99.7471 99.7471 99.7471 99.7471 99.7471 99.7471 99.7471 99.7471 
99.7471 99.7471 99.7471 99.7471 99.7471 99.7471 99.7471 99.7471 99.7471 99.7471 
99.7471 99.7471 99.7471 99.7471 99.7471 99.7471 99.7471 99.7471 99.7471 99.7471 
99.7471 99.7471 99.7471 99.7471 99.7471 99.7471 99.7471 99.7471 99.7471 99.7471 
99.7471 99.7471 99.7471 99.7471 99.7471 99.7471 99.7471 99.7471 99.7471 99.7471 
99.7471 99.7471 99.7471 99.7471 99.7471 99.7471 99.7471 99.7471 99.7471 99.7471 
99.7471 99.7471 99.7471 99.7471 99.7471 99.7471 99.7471 99.7471 99.7471 99.7471 
99.7471 99.7471 99.7471 99.7471 99.7471 99.7471 99.7471 99.7471 99.7471 99.7471 
99.7471 99.7471 99.7471 99.7471 99.7471 99.7471 99.7471 99.7471 99.7471 99.7471 
99.7471 99.7471 99.7471 99.7471 99.7471 99.7471 99.7471 99.7471 99.7471 99.7471 
99.7471 99.7471 99.7471 99.7471 99.7471 99.7471 99.7471 99.7471 99.7471 99.7471 
99.7471 99.7471 99.7471 99.7471 99.7471 99.7471 99.7471 99.7471 99.7471 99.7471 
99.7471 99.7471 99.7471 99.7471 99.7471 99.7471 99.7471 99.7471 99.7471 99.7471 
99.7471 99.7471 99.7471 99.7471 99.7471 99.7471 99.7471 99.7471 99.7471 99.7471 
99.7471 99.7471 99.7471 99.7471 99.7471 99.7471 99.7471 99.7471 99.7471 99.7471 
99.7471 99.7471 99.7471 99.7471 99.7471 99.7471 99.7471 99.7471 99.7471 99.7471 
99.7471 99.7471 99.7471 99.7471 99.7471 99.7471 99.7471 99.7471 99.7471 99.7471 
99.7471 99.7471 99.7471 99.7471 99.7471 99.7471 99.7471 99.7471 99.7471 99.7471 
99.7471 99.7471 99.7471 99.7471 99.7471 99.7471 99.7471 99.7471 99.7471 140.243 
140.243 140.243 140.243 140.243 140.243 140.243 140.243 140.243 140.243 140.243 
140.243 140.243 140.243 140.243 140.243 140.243 140.243 140.243 140.243 140.243 
140.243 140.243 140.243 140.243 140.243 140.243 140.243 140.243 140.243 140.243 
140.243 140.243 140.243 140.243 140.243 140.243 140.243 140.243 140.243 140.243 
140.243 140.243 140.243 140.243 140.243 140.243 140.243 140.243 140.243 140.243 
140.243 140.243 140.243 140.243 140.243 140.243 140.243 140.243 140.243 140.243 
140.243 140.243 140.243 140.243 140.243 140.243 140.243 140.243 140.243 140.243 
140.243 140.243 140.243 140.243 140.243 140.243 140.243 140.243 140.243 140.243 
140.243 140.243 140.243 140.243 140.243 140.243 140.243 140.243 140.243 140.243 
140.243 140.243 140.243 140.243 140.243 140.243 140.243 140.243 140.243 140.243 
140.243 140.243 140.243 140.243 140.243 140.243 140.243 140.243 140.243 140.243 
140.243 140.243 140.243 140.243 140.243 140.243 140.243 140.243 140.243 140.243 
140.243 140.243 140.243 140.243 140.243 140.243 140.243 140.243 140.243 140.243 
140.243 140.243 140.243 140.243 140.243 140.243 140.243 140.243 140.243 140.243 
140.243 140.243 140.243 140.243 140.243 140.243 140.243 140.243 140.243 140.243 
140.243 140.243 140.243 140.243 140.243 140.243 140.243 140.243 140.243 140.243 
140.243 140.243 140.243 140.243 140.243 140.243 140.243 140.243 140.243 140.243 
140.243 140.243 140.243 140.243 140.243 140.243 140.243 140.243 140.243 140.243 
140.243 140.243 140.243 140.243 140.243 140.243 140.243 140.243 140.243 140.243 
140.243 140.243 140.243 140.243 140.243 100.147 100.147 100.147 100.147 100.147 
100.147 100.147 100.147 100.147 100.147 100.147 100.147 100.147 100.147 100.147 
100.147 100.147 100.147 100.147 100.147 100.147 100.147 100.147 100.147 100.147 
100.147 100.147 100.147 100.147 100.147 100.147 100.147 100.147 100.147 100.147 
100.147 100.147 100.147 100.147 100.147 100.147 100.147 100.147 100.147 100.147 
100.147 100.147 100.147 100.147 100.147 100.147 100.147 100.147 100.147 100.147 
100.147 100.147 100.147 100.147 100.147 100.147 100.147 100.147 100.147 100.147 
100.147 100.147 100.147 100.147 100.147 100.147 100.147 100.147 100.147 100.147 
100.147 100.147 100.147 100.147 100.147 100.147 100.147 100.147 100.147 100.147 
100.147 100.147 100.147 100.147 100.147 100.147 100.147 100.147 100.147 100.147 
100.147 100.147 100.147 100.147 100.147 100.147 100.147 100.147 100.147 100.147 
100.147 100.147 100.147 100.147 100.147 100.147 100.147 100.147 100.147 100.147 
100.147 100.147 100.147 100.147 100.147 100.147 100.147 100.147 100.147 100.147 
100.147 100.147 100.147 100.147 100.147 100.147 100.147 100.147 100.147 100.147 
100.147 100.147 100.147 100.147 100.147 100.147 100.147 100.147 100.147 100.147 
100.147 100.147 100.147 100.147 100.147 100.147 100.147 100.147 100.147 100.147 
100.147 100.147 100.147 100.147 100.147 100.147 100.147 100.147 100.147 100.147 
100.147 100.147 100.147 100.147 100.147 100.147 100.147 100.147 100.147 100.147 
100.147 100.147 100.147 100.147 100.147 100.147 100.147 100.147 100.147 100.147 
100.147 100.147 100.147 100.147 100.147 100.147 100.147 100.147 100.147 100.147 
100.147 100.142 100.142 100.142 100.142 100.142 100.142 100.142 100.142 100.142 
100.142 100.142 100.142 100.142 100.142 100.142 100.142 100.142 100.142 100.142 
100.142 100.142 100.142 100.142 100.142 100.142 100.142 100.142 100.142 100.142 
100.142 100.142 100.142 100.142 100.142 100.142 100.142 100.142 100.142 100.142 
100.142 100.142 100.142 100.142 100.142 100.142 100.142 100.142 100.142 100.142 
100.142 100.142 100.142 100.142 100.142 100.142 100.142 100.142 100.142 100.142 
100.142 100.142 100.142 100.142 100.142 100.142 100.142 100.142 100.142 100.142 
100.142 100.142 100.142 100.142 100.142 100.142 100.142 100.142 100.142 100.142 
100.142 100.142 100.142 100.142 100.142 100.142 100.142 100.142 100.142 100.142 
100.142 100.142 100.142 100.142 100.142 100.142 100.142 100.142 100.142 100.142 
100.142 100.142 100.142 100.142 100.142 100.142 100.142 100.142 100.142 100.142 
100.142 100.142 100.142 100.142 100.142 100.142 100.142 100.142 100.142 100.142 
100.142 100.142 100.142 100.142 100.142 100.142 100.142 100.142 100.142 100.142 
100.142 100.142 100.142 100.142 100.142 100.142 100.142 100.142 100.142 100.142 
100.142 100.142 100.142 100.142 100.142 100.142 100.142 100.142 100.142 100.142 
100.142 100.142 100.142 100.142 100.142 100.142 100.142 100.142 100.142 100.142 
100.142 100.142 100.142 100.142 100.142 100.142 100.142 100.142 100.142 100.142 
100.142 100.142 100.142 100.142 100.142 100.142 100.142 100.142 100.142 100.142 
100.142 100.142 100.142 100.142 100.142 100.142 100.142 100.142 100.142 100.142 
100.142 100.142 100.142 100.142 100.142 100.142 100.142 SCALARS Tau_MPa float 1
LOOKUP_TABLE default
14.3727 14.3727 14.3727 14.3727 14.3727 14.3727 14.3727 14.3727 14.3727 
14.3727 14.3727 14.3727 14.3727 14.3727 14.3727 14.3727 14.3727 14.3727 14.3727 
14.3727 14.3727 14.3727 14.3727 14.3727 14.3727 14.3727 14.3727 14.3727 14.3727 
14.3727 14.3727 14.3727 14.3727 14.3727 14.3727 14.3727 14.3727 14.3727 14.3727 
14.3727 14.3727 14.3727 14.3727 14.3727 14.3727 14.3727 14.3727 14.3727 14.3727 
14.3727 14.3727 14.3727 14.3727 14.3727 14.3727 14.3727 14.3727 14.3727 14.3727 
14.3727 14.3727 14.3727 14.3727 14.3727 14.3727 14.3727 14.3727 14.3727 14.3727 
14.3727 14.3727 14.3727 14.3727 14.3727 14.3727 14.3727 14.3727 14.3727 14.3727 
14.3727 14.3727 14.3727 14.3727 14.3727 14.3727 14.3727 14.3727 14.3727 14.3727 
14.3727 14.3727 14.3727 14.3727 14.3727 14.3727 14.3727 14.3727 14.3727 14.3727 
14.3727 14.3727 14.3727 14.3727 14.3727 14.3727 14.3727 14.3727 14.3727 14.3727 
14.3727 14.3727 14.3727 14.3727 14.3727 14.3727 14.3727 14.3727 14.3727 14.3727 
14.3727 14.3727 14.3727 14.3727 14.3727 14.3727 14.3727 14.3727 14.3727 14.3727 
14.3727 14.3727 14.3727 14.3727 14.3727 14.3727 14.3727 14.3727 14.3727 14.3727 
14.3727 14.3727 14.3727 14.3727 14.3727 14.3727 14.3727 14.3727 14.3727 14.3727 
14.3727 14.3727 14.3727 14.3727 14.3727 14.3727 14.3727 14.3727 14.3727 14.3727 
14.3727 14.3727 14.3727 14.3727 14.3727 14.3727 14.3727 14.3727 14.3727 14.3727 
14.3727 14.3727 14.3727 14.3727 14.3727 14.3727 14.3727 14.3727 14.3727 14.3727 
14.3727 14.3727 14.3727 14.3727 14.3727 14.3727 14.3727 14.3727 14.3727 14.3727 
14.3727 14.3727 14.3727 14.3727 14.3727 14.3727 14.3727 18.7205 18.7205 18.7205 
18.7205 18.7205 18.7205 18.7205 18.7205 18.7205 18.7205 18.7205 18.7205 18.7205 
18.7205 18.7205 18.7205 18.7205 18.7205 18.7205 18.7205 18.7205 18.7205 18.7205 
18.7205 18.7205 18.7205 18.7205 18.7205 18.7205 18.7205 18.7205 18.7205 18.7205 
18.7205 18.7205 18.7205 18.7205 18.7205 18.7205 18.7205 18.7205 18.7205 18.7205 
18.7205 18.7205 18.7205 18.7205 18.7205 18.7205 18.7205 18.7205 18.7205 18.7205 
18.7205 18.7205 18.7205 18.7205 18.7205 18.7205 18.7205 18.7205 18.7205 18.7205 
18.7205 18.7205 18.7205 18.7205 18.7205 18.7205 18.7205 18.7205 18.7205 18.7205 
18.7205 18.7205 18.7205 18.7205 18.7205 18.7205 18.7205 18.7205 18.7205 18.7205 
18.7205 18.7205 18.7205 18.7205 18.7205 18.7205 18.7205 18.7205 18.7205 18.7205 
18.7205 18.7205 18.7205 18.7205 18.7205 18.7205 18.7205 18.7205 18.7205 18.7205 
18.7205 18.7205 18.7205 18.7205 18.7205 18.7205 18.7205 18.7205 18.7205 18.7205 
18.7205 18.7205 18.7205 18.7205 18.7205 18.7205 18.7205 18.7205 18.7205 18.7205 
18.7205 18.7205 18.7205 18.7205 18.7205 18.7205 18.7205 18.7205 18.7205 18.7205 
18.7205 18.7205 18.7205 18.7205 18.7205 18.7205 18.7205 18.7205 18.7205 18.7205 
18.7205 18.7205 18.7205 18.7205 18.7205 18.7205 18.7205 18.7205 18.7205 18.7205 
18.7205 18.7205 18.7205 18.7205 18.7205 18.7205 18.7205 18.7205 18.7205 18.7205 
18.7205 18.7205 18.7205 18.7205 18.7205 18.7205 18.7205 18.7205 18.7205 18.7205 
18.7205 18.7205 18.7205 18.7205 18.7205 18.7205 18.7205 18.7205 18.7205 18.7205 
18.7205 18.7205 18.7205 18.7205 18.7205 18.7205 18.7205 18.7205 18.7205 18.7205 
18.7205 18.7205 18.7205 19.9805 19.9805 19.9805 19.9805 19.9805 19.9805 19.9805 
19.9805 19.9805 19.9805 19.9805 19.9805 19.9805 19.9805 19.9805 19.9805 19.9805 
19.9805 19.9805 19.9805 19.9805 19.9805 19.9805 19.9805 19.9805 19.9805 19.9805 
19.9805 19.9805 19.9805 19.9805 19.9805 19.9805 19.9805 19.9805 19.9805 19.9805 
19.9805 19.9805 19.9805 19.9805 19.9805 19.9805 19.9805 19.9805 19.9805 19.9805 
19.9805 19.9805 19.9805 19.9805 19.9805 19.9805 19.9805 19.9805 19.9805 19.9805 
19.9805 19.9805 19.9805 19.9805 19.9805 19.9805 19.9805 19.9805 19.9805 19.9805 
19.9805 19.9805 19.9805 19.9805 19.9805 19.9805 19.9805 19.9805 19.9805 19.9805 
19.9805 19.9805 19.9805 19.9805 19.9805 19.9805 19.9805 19.9805 19.9805 19.9805 
19.9805 19.9805 19.9805 19.9805 19.9805 19.9805 19.9805 19.9805 19.9805 19.9805 
19.9805 19.9805 19.9805 19.9805 19.9805 19.9805 19.9805 19.9805 19.9805 19.9805 
19.9805 19.9805 19.9805 19.9805 19.9805 19.9805 19.9805 19.9805 19.9805 19.9805 
19.9805 19.9805 19.9805 19.9805 19.9805 19.9805 19.9805 19.9805 19.9805 19.9805 
19.9805 19.9805 19.9805 19.9805 19.9805 19.9805 19.9805 19.9805 19.9805 19.9805 
19.9805 19.9805 19.9805 19.9805 19.9805 19.9805 19.9805 19.9805 19.9805 19.9805 
19.9805 19.9805 19.9805 19.9805 19.9805 19.9805 19.9805 19.9805 19.9805 19.9805 
19.9805 19.9805 19.9805 19.9805 19.9805 19.9805 19.9805 19.9805 19.9805 19.9805 
19.9805 19.9805 19.9805 19.9805 19.9805 19.9805 19.9805 19.9805 19.9805 19.9805 
19.9805 19.9805 19.9805 19.9805 19.9805 19.9805 19.9805 19.9805 19.9805 19.9805 
19.9805 19.9805 19.9805 19.9805 19.9805 19.9805 19.9805 19.9805 19.9805 2.46247 
2.46247 2.46247 2.46247 2.46247 2.46247 2.46247 2.46247 2.46247 2.46247 2.46247 
2.46247 2.46247 2.46247 2.46247 2.46247 2.46247 2.46247 2.46247 2.46247 2.46247 
2.46247 2.46247 2.46247 2.46247 2.46247 2.46247 2.46247 2.46247 2.46247 2.46247 
2.46247 2.46247 2.46247 2.46247 2.46247 2.46247 2.46247 2.46247 2.46247 2.46247 
2.46247 2.46247 2.46247 2.46247 2.46247 2.46247 2.46247 2.46247 2.46247 2.46247 
2.46247 2.46247 2.46247 2.46247 2.46247 2.46247 2.46247 2.46247 2.46247 2.46247 
2.46247 2.46247 2.46247 2.46247 2.46247 2.46247 2.46247 2.46247 2.46247 2.46247 
2.46247 2.46247 2.46247 2.46247 2.46247 2.46247 2.46247 2.46247 2.46247 2.46247 
2.46247 2.46247 2.46247 2.46247 2.46247 2.46247 2.46247 2.46247 2.46247 2.46247 
2.46247 2.46247 2.46247 2.46247 2.46247 2.46247 2.46247 2.46247 2.46247 2.46247 
2.46247 2.46247 2.46247 2.46247 2.46247 2.46247 2.46247 2.46247 2.46247 2.46247 
2.46247 2.46247 2.46247 2.46247 2.46247 2.46247 2.46247 2.46247 2.46247 2.46247 
2.46247 2.46247 2.46247 2.46247 2.46247 2.46247 2.46247 2.46247 2.46247 2.46247 
2.46247 2.46247 2.46247 2.46247 2.46247 2.46247 2.46247 2.46247 2.46247 2.46247 
2.46247 2.46247 2.46247 2.46247 2.46247 2.46247 2.46247 2.46247 2.46247 2.46247 
2.46247 2.46247 2.46247 2.46247 2.46247 2.46247 2.46247 2.46247 2.46247 2.46247 
2.46247 2.46247 2.46247 2.46247 2.46247 2.46247 2.46247 2.46247 2.46247 2.46247 
2.46247 2.46247 2.46247 2.46247 2.46247 2.46247 2.46247 2.46247 2.46247 2.46247 
2.46247 2.46247 2.46247 2.46247 2.46247 2.46247 2.46247 2.46247 2.46247 2.46247 
2.46247 2.46247 2.46247 2.46247 2.46247 4.47634 4.47634 4.47634 4.47634 4.47634 
4.47634 4.47634 4.47634 4.47634 4.47634 4.47634 4.47634 4.47634 4.47634 4.47634 
4.47634 4.47634 4.47634 4.47634 4.47634 4.47634 4.47634 4.47634 4.47634 4.47634 
4.47634 4.47634 4.47634 4.47634 4.47634 4.47634 4.47634 4.47634 4.47634 4.47634 
4.47634 4.47634 4.47634 4.47634 4.47634 4.47634 4.47634 4.47634 4.47634 4.47634 
4.47634 4.47634 4.47634 4.47634 4.47634 4.47634 4.47634 4.47634 4.47634 4.47634 
4.47634 4.47634 4.47634 4.47634 4.47634 4.47634 4.47634 4.47634 4.47634 4.47634 
4.47634 4.47634 4.47634 4.47634 4.47634 4.47634 4.47634 4.47634 4.47634 4.47634 
4.47634 4.47634 4.47634 4.47634 4.47634 4.47634 4.47634 4.47634 4.47634 4.47634 
4.47634 4.47634 4.47634 4.47634 4.47634 4.47634 4.47634 4.47634 4.47634 4.47634 
4.47634 4.47634 4.47634 4.47634 4.47634 4.47634 4.47634 4.47634 4.47634 4.47634 
4.47634 4.47634 4.47634 4.47634 4.47634 4.47634 4.47634 4.47634 4.47634 4.47634 
4.47634 4.47634 4.47634 4.47634 4.47634 4.47634 4.47634 4.47634 4.47634 4.47634 
4.47634 4.47634 4.47634 4.47634 4.47634 4.47634 4.47634 4.47634 4.47634 4.47634 
4.47634 4.47634 4.47634 4.47634 4.47634 4.47634 4.47634 4.47634 4.47634 4.47634 
4.47634 4.47634 4.47634 4.47634 4.47634 4.47634 4.47634 4.47634 4.47634 4.47634 
4.47634 4.47634 4.47634 4.47634 4.47634 4.47634 4.47634 4.47634 4.47634 4.47634 
4.47634 4.47634 4.47634 4.47634 4.47634 4.47634 4.47634 4.47634 4.47634 4.47634 
4.47634 4.47634 4.47634 4.47634 4.47634 4.47634 4.47634 4.47634 4.47634 4.47634 
4.47634 4.47634 4.47634 4.47634 4.47634 4.47634 4.47634 4.47634 4.47634 4.47634 
4.47634 9.31076 9.31076 9.31076 9.31076 9.31076 9.31076 9.31076 9.31076 9.31076 
9.31076 9.31076 9.31076 9.31076 9.31076 9.31076 9.31076 9.31076 9.31076 9.31076 
9.31076 9.31076 9.31076 9.31076 9.31076 9.31076 9.31076 9.31076 9.31076 9.31076 
9.31076 9.31076 9.31076 9.31076 9.31076 9.31076 9.31076 9.31076 9.31076 9.31076 
9.31076 9.31076 9.31076 9.31076 9.31076 9.31076 9.31076 9.31076 9.31076 9.31076 
9.31076 9.31076 9.31076 9.31076 9.31076 9.31076 9.31076 9.31076 9.31076 9.31076 
9.31076 9.31076 9.31076 9.31076 9.31076 9.31076 9.31076 9.31076 9.31076 9.31076 
9.31076 9.31076 9.31076 9.31076 9.31076 9.31076 9.31076 9.31076 9.31076 9.31076 
9.31076 9.31076 9.31076 9.31076 9.31076 9.31076 9.31076 9.31076 9.31076 9.31076 
9.31076 9.31076 9.31076 9.31076 9.31076 9.31076 9.31076 9.31076 9.31076 9.31076 
9.31076 9.31076 9.31076 9.31076 9.31076 9.31076 9.31076 9.31076 9.31076 9.31076 
9.31076 9.31076 9.31076 9.31076 9.31076 9.31076 9.31076 9.31076 9.31076 9.31076 
9.31076 9.31076 9.31076 9.31076 9.31076 9.31076 9.31076 9.31076 9.31076 9.31076 
9.31076 9.31076 9.31076 9.31076 9.31076 9.31076 9.31076 9.31076 9.31076 9.31076 
9.31076 9.31076 9.31076 9.31076 9.31076 9.31076 9.31076 9.31076 9.31076 9.31076 
9.31076 9.31076 9.31076 9.31076 9.31076 9.31076 9.31076 9.31076 9.31076 9.31076 
9.31076 9.31076 9.31076 9.31076 9.31076 9.31076 9.31076 9.31076 9.31076 9.31076 
9.31076 9.31076 9.31076 9.31076 9.31076 9.31076 9.31076 9.31076 9.31076 9.31076 
9.31076 9.31076 9.31076 9.31076 9.31076 9.31076 9.31076 9.31076 9.31076 9.31076 
9.31076 9.31076 9.31076 9.31076 9.31076 9.31076 9.31076 7.01833 7.01833 7.01833 
7.01833 7.01833 7.01833 7.01833 7.01833 7.01833 7.01833 7.01833 7.01833 7.01833 
7.01833 7.01833 7.01833 7.01833 7.01833 7.01833 7.01833 7.01833 7.01833 7.01833 
7.01833 7.01833 7.01833 7.01833 7.01833 7.01833 7.01833 7.01833 7.01833 7.01833 
7.01833 7.01833 7.01833 7.01833 7.01833 7.01833 7.01833 7.01833 7.01833 7.01833 
7.01833 7.01833 7.01833 7.01833 7.01833 7.01833 7.01833 7.01833 7.01833 7.01833 
7.01833 7.01833 7.01833 7.01833 7.01833 7.01833 7.01833 7.01833 7.01833 7.01833 
7.01833 7.01833 7.01833 7.01833 7.01833 7.01833 7.01833 7.01833 7.01833 7.01833 
7.01833 7.01833 7.01833 7.01833 7.01833 7.01833 7.01833 7.01833 7.01833 7.01833 
7.01833 7.01833 7.01833 7.01833 7.01833 7.01833 7.01833 7.01833 7.01833 7.01833 
7.01833 7.01833 7.01833 7.01833 7.01833 7.01833 7.01833 7.01833 7.01833 7.01833 
7.01833 7.01833 7.01833 7.01833 7.01833 7.01833 7.01833 7.01833 7.01833 7.01833 
7.01833 7.01833 7.01833 7.01833 7.01833 7.01833 7.01833 7.01833 7.01833 7.01833 
7.01833 7.01833 7.01833 7.01833 7.01833 7.01833 7.01833 7.01833 7.01833 7.01833 
7.01833 7.01833 7.01833 7.01833 7.01833 7.01833 7.01833 7.01833 7.01833 7.01833 
7.01833 7.01833 7.01833 7.01833 7.01833 7.01833 7.01833 7.01833 7.01833 7.01833 
7.01833 7.01833 7.01833 7.01833 7.01833 7.01833 7.01833 7.01833 7.01833 7.01833 
7.01833 7.01833 7.01833 7.01833 7.01833 7.01833 7.01833 7.01833 7.01833 7.01833 
7.01833 7.01833 7.01833 7.01833 7.01833 7.01833 7.01833 7.01833 7.01833 7.01833 
7.01833 7.01833 7.01833 7.01833 7.01833 7.01833 7.01833 7.01833 7.01833 7.01833 
7.01833 7.01833 7.01833 11.4679 11.4679 11.4679 11.4679 11.4679 11.4679 11.4679 
11.4679 11.4679 11.4679 11.4679 11.4679 11.4679 11.4679 11.4679 11.4679 11.4679 
11.4679 11.4679 11.4679 11.4679 11.4679 11.4679 11.4679 11.4679 11.4679 11.4679 
11.4679 11.4679 11.4679 11.4679 11.4679 11.4679 11.4679 11.4679 11.4679 11.4679 
11.4679 11.4679 11.4679 11.4679 11.4679 11.4679 11.4679 11.4679 11.4679 11.4679 
11.4679 11.4679 11.4679 11.4679 11.4679 11.4679 11.4679 11.4679 11.4679 11.4679 
11.4679 11.4679 11.4679 11.4679 11.4679 11.4679 11.4679 11.4679 11.4679 11.4679 
11.4679 11.4679 11.4679 11.4679 11.4679 11.4679 11.4679 11.4679 11.4679 11.4679 
11.4679 11.4679 11.4679 11.4679 11.4679 11.4679 11.4679 11.4679 11.4679 11.4679 
11.4679 11.4679 11.4679 11.4679 11.4679 11.4679 11.4679 11.4679 11.4679 11.4679 
11.4679 11.4679 11.4679 11.4679 11.4679 11.4679 11.4679 11.4679 11.4679 11.4679 
11.4679 11.4679 11.4679 11.4679 11.4679 11.4679 11.4679 11.4679 11.4679 11.4679 
11.4679 11.4679 11.4679 11.4679 11.4679 11.4679 11.4679 11.4679 11.4679 11.4679 
11.4679 11.4679 11.4679 11.4679 11.4679 11.4679 11.4679 11.4679 11.4679 11.4679 
11.4679 11.4679 11.4679 11.4679 11.4679 11.4679 11.4679 11.4679 11.4679 11.4679 
11.4679 11.4679 11.4679 11.4679 11.4679 11.4679 11.4679 11.4679 11.4679 11.4679 
11.4679 11.4679 11.4679 11.4679 11.4679 11.4679 11.4679 11.4679 11.4679 11.4679 
11.4679 11.4679 11.4679 11.4679 11.4679 11.4679 11.4679 11.4679 11.4679 11.4679 
11.4679 11.4679 11.4679 11.4679 11.4679 11.4679 11.4679 11.4679 11.4679 11.4679 
11.4679 11.4679 11.4679 11.4679 11.4679 11.4679 11.4679 11.4679 11.4679 15.5356 
15.5356 15.5356 15.5356 15.5356 15.5356 15.5356 15.5356 15.5356 15.5356 15.5356 
15.5356 15.5356 15.5356 15.5356 15.5356 15.5356 15.5356 15.5356 15.5356 15.5356 
15.5356 15.5356 15.5356 15.5356 15.5356 15.5356 15.5356 15.5356 15.5356 15.5356 
15.5356 15.5356 15.5356 15.5356 15.5356 15.5356 15.5356 15.5356 15.5356 15.5356 
15.5356 15.5356 15.5356 15.5356 15.5356 15.5356 15.5356 15.5356 15.5356 15.5356 
15.5356 15.5356 15.5356 15.5356 15.5356 15.5356 15.5356 15.5356 15.5356 15.5356 
15.5356 15.5356 15.5356 15.5356 15.5356 15.5356 15.5356 15.5356 15.5356 15.5356 
15.5356 15.5356 15.5356 15.5356 15.5356 15.5356 15.5356 15.5356 15.5356 15.5356 
15.5356 15.5356 15.5356 15.5356 15.5356 15.5356 15.5356 15.5356 15.5356 15.5356 
15.5356 15.5356 15.5356 15.5356 15.5356 15.5356 15.5356 15.5356 15.5356 15.5356 
15.5356 15.5356 15.5356 15.5356 15.5356 15.5356 15.5356 15.5356 15.5356 15.5356 
15.5356 15.5356 15.5356 15.5356 15.5356 15.5356 15.5356 15.5356 15.5356 15.5356 
15.5356 15.5356 15.5356 15.5356 15.5356 15.5356 15.5356 15.5356 15.5356 15.5356 
15.5356 15.5356 15.5356 15.5356 15.5356 15.5356 15.5356 15.5356 15.5356 15.5356 
15.5356 15.5356 15.5356 15.5356 15.5356 15.5356 15.5356 15.5356 15.5356 15.5356 
15.5356 15.5356 15.5356 15.5356 15.5356 15.5356 15.5356 15.5356 15.5356 15.5356 
15.5356 15.5356 15.5356 15.5356 15.5356 15.5356 15.5356 15.5356 15.5356 15.5356 
15.5356 15.5356 15.5356 15.5356 15.5356 15.5356 15.5356 15.5356 15.5356 15.5356 
15.5356 15.5356 15.5356 15.5356 15.5356 15.5356 15.5356 15.5356 15.5356 15.5356 
15.5356 15.5356 15.5356 15.5356 15.5356 14.7535 14.7535 14.7535 14.7535 14.7535 
14.7535 14.7535 14.7535 14.7535 14.7535 14.7535 14.7535 14.7535 14.7535 14.7535 
14.7535 14.7535 14.7535 14.7535 14.7535 14.7535 14.7535 14.7535 14.7535 14.7535 
14.7535 14.7535 14.7535 14.7535 14.7535 14.7535 14.7535 14.7535 14.7535 14.7535 
14.7535 14.7535 14.7535 14.7535 14.7535 14.7535 14.7535 14.7535 14.7535 14.7535 
14.7535 14.7535 14.7535 14.7535 14.7535 14.7535 14.7535 14.7535 14.7535 14.7535 
14.7535 14.7535 14.7535 14.7535 14.7535 14.7535 14.7535 14.7535 14.7535 14.7535 
14.7535 14.7535 14.7535 14.7535 14.7535 14.7535 14.7535 14.7535 14.7535 14.7535 
14.7535 14.7535 14.7535 14.7535 14.7535 14.7535 14.7535 14.7535 14.7535 14.7535 
14.7535 14.7535 14.7535 14.7535 14.7535 14.7535 14.7535 14.7535 14.7535 14.7535 
14.7535 14.7535 14.7535 14.7535 14.7535 14.7535 14.7535 14.7535 14.7535 14.7535 
14.7535 14.7535 14.7535 14.7535 14.7535 14.7535 14.7535 14.7535 14.7535 14.7535 
14.7535 14.7535 14.7535 14.7535 14.7535 14.7535 14.7535 14.7535 14.7535 14.7535 
14.7535 14.7535 14.7535 14.7535 14.7535 14.7535 14.7535 14.7535 14.7535 14.7535 
14.7535 14.7535 14.7535 14.7535 14.7535 14.7535 14.7535 14.7535 14.7535 14.7535 
14.7535 14.7535 14.7535 14.7535 14.7535 14.7535 14.7535 14.7535 14.7535 14.7535 
14.7535 14.7535 14.7535 14.7535 14.7535 14.7535 14.7535 14.7535 14.7535 14.7535 
14.7535 14.7535 14.7535 14.7535 14.7535 14.7535 14.7535 14.7535 14.7535 14.7535 
14.7535 14.7535 14.7535 14.7535 14.7535 14.7535 14.7535 14.7535 14.7535 14.7535 
14.7535 14.7535 14.7535 14.7535 14.7535 14.7535 14.7535 14.7535 14.7535 14.7535 
14.7535 19.5872 19.5872 19.5872 19.5872 19.5872 19.5872 19.5872 19.5872 19.5872 
19.5872 19.5872 19.5872 19.5872 19.5872 19.5872 19.5872 19.5872 19.5872 19.5872 
19.5872 19.5872 19.5872 19.5872 19.5872 19.5872 19.5872 19.5872 19.5872 19.5872 
19.5872 19.5872 19.5872 19.5872 19.5872 19.5872 19.5872 19.5872 19.5872 19.5872 
19.5872 19.5872 19.5872 19.5872 19.5872 19.5872 19.5872 19.5872 19.5872 19.5872 
19.5872 19.5872 19.5872 19.5872 19.5872 19.5872 19.5872 19.5872 19.5872 19.5872 
19.5872 19.5872 19.5872 19.5872 19.5872 19.5872 19.5872 19.5872 19.5872 19.5872 
19.5872 19.5872 19.5872 19.5872 19.5872 19.5872 19.5872 19.5872 19.5872 19.5872 
19.5872 19.5872 19.5872 19.5872 19.5872 19.5872 19.5872 19.5872 19.5872 19.5872 
19.5872 19.5872 19.5872 19.5872 19.5872 19.5872 19.5872 19.5872 19.5872 19.5872 
19.5872 19.5872 19.5872 19.5872 19.5872 19.5872 19.5872 19.5872 19.5872 19.5872 
19.5872 19.5872 19.5872 19.5872 19.5872 19.5872 19.5872 19.5872 19.5872 19.5872 
19.5872 19.5872 19.5872 19.5872 19.5872 19.5872 19.5872 19.5872 19.5872 19.5872 
19.5872 19.5872 19.5872 19.5872 19.5872 19.5872 19.5872 19.5872 19.5872 19.5872 
19.5872 19.5872 19.5872 19.5872 19.5872 19.5872 19.5872 19.5872 19.5872 19.5872 
19.5872 19.5872 19.5872 19.5872 19.5872 19.5872 19.5872 19.5872 19.5872 19.5872 
19.5872 19.5872 19.5872 19.5872 19.5872 19.5872 19.5872 19.5872 19.5872 19.5872 
19.5872 19.5872 19.5872 19.5872 19.5872 19.5872 19.5872 19.5872 19.5872 19.5872 
19.5872 19.5872 19.5872 19.5872 19.5872 19.5872 19.5872 19.5872 19.5872 19.5872 
19.5872 19.5872 19.5872 19.5872 19.5872 19.5872 19.5872 10.756 10.756 10.756 
10.756 10.756 10.756 10.756 10.756 10.756 10.756 10.756 10.756 10.756 
10.756 10.756 10.756 10.756 10.756 10.756 10.756 10.756 10.756 10.756 
10.756 10.756 10.756 10.756 10.756 10.756 10.756 10.756 10.756 10.756 
10.756 10.756 10.756 10.756 10.756 10.756 10.756 10.756 10.756 10.756 
10.756 10.756 10.756 10.756 10.756 10.756 10.756 10.756 10.756 10.756 
10.756 10.756 10.756 10.756 10.756 10.756 10.756 10.756 10.756 10.756 
10.756 10.756 10.756 10.756 10.756 10.756 10.756 10.756 10.756 10.756 
10.756 10.756 10.756 10.756 10.756 10.756 10.756 10.756 10.756 10.756 
10.756 10.756 10.756 10.756 10.756 10.756 10.756 10.756 10.756 10.756 
10.756 10.756 10.756 10.756 10.756 10.756 10.756 10.756 10.756 10.756 
10.756 10.756 10.756 10.756 10.756 10.756 10.756 10.756 10.756 10.756 
10.756 10.756 10.756 10.756 10.756 10.756 10.756 10.756 10.756 10.756 
10.756 10.756 10.756 10.756 10.756 10.756 10.756 10.756 10.756 10.756 
10.756 10.756 10.756 10.756 10.756 10.756 10.756 10.756 10.756 10.756 
10.756 10.756 10.756 10.756 10.756 10.756 10.756 10.756 10.756 10.756 
10.756 10.756 10.756 10.756 10.756 10.756 10.756 10.756 10.756 10.756 
10.756 10.756 10.756 10.756 10.756 10.756 10.756 10.756 10.756 10.756 
10.756 10.756 10.756 10.756 10.756 10.756 10.756 10.756 10.756 10.756 
10.756 10.756 10.756 10.756 10.756 10.756 10.756 10.756 10.756 10.756 
10.756 10.756 10.756 18.5481 18.5481 18.5481 18.5481 18.5481 18.5481 18.5481 
18.5481 18.5481 18.5481 18.5481 18.5481 18.5481 18.5481 18.5481 18.5481 18.5481 
18.5481 18.5481 18.5481 18.5481 18.5481 18.5481 18.5481 18.5481 18.5481 18.5481 
18.5481 18.5481 18.5481 18.5481 18.5481 18.5481 18.5481 18.5481 18.5481 18.5481 
18.5481 18.5481 18.5481 18.5481 18.5481 18.5481 18.5481 18.5481 18.5481 18.5481 
18.5481 18.5481 18.5481 18.5481 18.5481 18.5481 18.5481 18.5481 18.5481 18.5481 
18.5481 18.5481 18.5481 18.5481 18.5481 18.5481 18.5481 18.5481 18.5481 18.5481 
18.5481 18.5481 18.5481 18.5481 18.5481 18.5481 18.5481 18.5481 18.5481 18.5481 
18.5481 18.5481 18.5481 18.5481 18.5481 18.5481 18.5481 18.5481 18.5481 18.5481 
18.5481 18.5481 18.5481 18.5481 18.5481 18.5481 18.5481 18.5481 18.5481 18.5481 
18.5481 18.5481 18.5481 18.5481 18.5481 18.5481 18.5481 18.5481 18.5481 18.5481 
18.5481 18.5481 18.5481 18.5481 18.5481 18.5481 18.5481 18.5481 18.5481 18.5481 
18.5481 18.5481 18.5481 18.5481 18.5481 18.5481 18.5481 18.5481 18.5481 18.5481 
18.5481 18.5481 18.5481 18.5481 18.5481 18.5481 18.5481 18.5481 18.5481 18.5481 
18.5481 18.5481 18.5481 18.5481 18.5481 18.5481 18.5481 18.5481 18.5481 18.5481 
18.5481 18.5481 18.5481 18.5481 18.5481 18.5481 18.5481 18.5481 18.5481 18.5481 
18.5481 18.5481 18.5481 18.5481 18.5481 18.5481 18.5481 18.5481 18.5481 18.5481 
18.5481 18.5481 18.5481 18.5481 18.5481 18.5481 18.5481 18.5481 18.5481 18.5481 
18.5481 18.5481 18.5481 18.5481 18.5481 18.5481 18.5481 18.5481 18.5481 18.5481 
18.5481 18.5481 18.5481 18.5481 18.5481 18.5481 18.5481 18.5481 18.5481 19.1402 
19.1402 19.1402 19.1402 19.1402 19.1402 19.1402 19.1402 19.1402 19.1402 19.1402 
19.1402 19.1402 19.1402 19.1402 19.1402 19.1402 19.1402 19.1402 19.1402 19.1402 
19.1402 19.1402 19.1402 19.1402 19.1402 19.1402 19.1402 19.1402 19.1402 19.1402 
19.1402 19.1402 19.1402 19.1402 19.1402 19.1402 19.1402 19.1402 19.1402 19.1402 
19.1402 19.1402 19.1402 19.1402 19.1402 19.1402 19.1402 19.1402 19.1402 19.1402 
19.1402 19.1402 19.1402 19.1402 19.1402 19.1402 19.1402 19.1402 19.1402 19.1402 
19.1402 19.1402 19.1402 19.1402 19.1402 19.1402 19.1402 19.1402 19.1402 19.1402 
19.1402 19.1402 19.1402 19.1402 19.1402 19.1402 19.1402 19.1402 19.1402 19.1402 
19.1402 19.1402 19.1402 19.1402 19.1402 19.1402 19.1402 19.1402 19.1402 19.1402 
19.1402 19.1402 19.1402 19.1402 19.1402 19.1402 19.1402 19.1402 19.1402 19.1402 
19.1402 19.1402 19.1402 19.1402 19.1402 19.1402 19.1402 19.1402 19.1402 19.1402 
19.1402 19.1402 19.1402 19.1402 19.1402 19.1402 19.1402 19.1402 19.1402 19.1402 
19.1402 19.1402 19.1402 19.1402 19.1402 19.1402 19.1402 19.1402 19.1402 19.1402 
19.1402 19.1402 19.1402 19.1402 19.1402 19.1402 19.1402 19.1402 19.1402 19.1402 
19.1402 19.1402 19.1402 19.1402 19.1402 19.1402 19.1402 19.1402 19.1402 19.1402 
19.1402 19.1402 19.1402 19.1402 19.1402 19.1402 19.1402 19.1402 19.1402 19.1402 
19.1402 19.1402 19.1402 19.1402 19.1402 19.1402 19.1402 19.1402 19.1402 19.1402 
19.1402 19.1402 19.1402 19.1402 19.1402 19.1402 19.1402 19.1402 19.1402 19.1402 
19.1402 19.1402 19.1402 19.1402 19.1402 19.1402 19.1402 19.1402 19.1402 19.1402 
19.1402 19.1402 19.1402 19.1402 19.1402 16.9119 16.9119 16.9119 16.9119 16.9119 
16.9119 16.9119 16.9119 16.9119 16.9119 16.9119 16.9119 16.9119 16.9119 16.9119 
16.9119 16.9119 16.9119 16.9119 16.9119 16.9119 16.9119 16.9119 16.9119 16.9119 
16.9119 16.9119 16.9119 16.9119 16.9119 16.9119 16.9119 16.9119 16.9119 16.9119 
16.9119 16.9119 16.9119 16.9119 16.9119 16.9119 16.9119 16.9119 16.9119 16.9119 
16.9119 16.9119 16.9119 16.9119 16.9119 16.9119 16.9119 16.9119 16.9119 16.9119 
16.9119 16.9119 16.9119 16.9119 16.9119 16.9119 16.9119 16.9119 16.9119 16.9119 
16.9119 16.9119 16.9119 16.9119 16.9119 16.9119 16.9119 16.9119 16.9119 16.9119 
16.9119 16.9119 16.9119 16.9119 16.9119 16.9119 16.9119 16.9119 16.9119 16.9119 
16.9119 16.9119 16.9119 16.9119 16.9119 16.9119 16.9119 16.9119 16.9119 16.9119 
16.9119 16.9119 16.9119 16.9119 16.9119 16.9119 16.9119 16.9119 16.9119 16.9119 
16.9119 16.9119 16.9119 16.9119 16.9119 16.9119 16.9119 16.9119 16.9119 16.9119 
16.9119 16.9119 16.9119 16.9119 16.9119 16.9119 16.9119 16.9119 16.9119 16.9119 
16.9119 16.9119 16.9119 16.9119 16.9119 16.9119 16.9119 16.9119 16.9119 16.9119 
16.9119 16.9119 16.9119 16.9119 16.9119 16.9119 16.9119 16.9119 16.9119 16.9119 
16.9119 16.9119 16.9119 16.9119 16.9119 16.9119 16.9119 16.9119 16.9119 16.9119 
16.9119 16.9119 16.9119 16.9119 16.9119 16.9119 16.9119 16.9119 16.9119 16.9119 
16.9119 16.9119 16.9119 16.9119 16.9119 16.9119 16.9119 16.9119 16.9119 16.9119 
16.9119 16.9119 16.9119 16.9119 16.9119 16.9119 16.9119 16.9119 16.9119 16.9119 
16.9119 16.9119 16.9119 16.9119 16.9119 16.9119 16.9119 16.9119 16.9119 16.9119 
16.9119 9.70115 9.70115 9.70115 9.70115 9.70115 9.70115 9.70115 9.70115 9.70115 
9.70115 9.70115 9.70115 9.70115 9.70115 9.70115 9.70115 9.70115 9.70115 9.70115 
9.70115 9.70115 9.70115 9.70115 9.70115 9.70115 9.70115 9.70115 9.70115 9.70115 
9.70115 9.70115 9.70115 9.70115 9.70115 9.70115 9.70115 9.70115 9.70115 9.70115 
9.70115 9.70115 9.70115 9.70115 9.70115 9.70115 9.70115 9.70115 9.70115 9.70115 
9.70115 9.70115 9.70115 9.70115 9.70115 9.70115 9.70115 9.70115 9.70115 9.70115 
9.70115 9.70115 9.70115 9.70115 9.70115 9.70115 9.70115 9.70115 9.70115 9.70115 
9.70115 9.70115 9.70115 9.70115 9.70115 9.70115 9.70115 9.70115 9.70115 9.70115 
9.70115 9.70115 9.70115 9.70115 9.70115 9.70115 9.70115 9.70115 9.70115 9.70115 
9.70115 9.70115 9.70115 9.70115 9.70115 9.70115 9.70115 9.70115 9.70115 9.70115 
9.70115 9.70115 9.70115 9.70115 9.70115 9.70115 9.70115 9.70115 9.70115 9.70115 
9.70115 9.70115 9.70115 9.70115 9.70115 9.70115 9.70115 9.70115 9.70115 9.70115 
9.70115 9.70115 9.70115 9.70115 9.70115 9.70115 9.70115 9.70115 9.70115 9.70115 
9.70115 9.70115 9.70115 9.70115 9.70115 9.70115 9.70115 9.70115 9.70115 9.70115 
9.70115 9.70115 9.70115 9.70115 9.70115 9.70115 9.70115 9.70115 9.70115 9.70115 
9.70115 9.70115 9.70115 9.70115 9.70115 9.70115 9.70115 9.70115 9.70115 9.70115 
9.70115 9.70115 9.70115 9.70115 9.70115 9.70115 9.70115 9.70115 9.70115 9.70115 
9.70115 9.70115 9.70115 9.70115 9.70115 9.70115 9.70115 9.70115 9.70115 9.70115 
9.70115 9.70115 9.70115 9.70115 9.70115 9.70115 9.70115 9.70115 9.70115 9.70115 
9.70115 9.70115 9.70115 9.70115 9.70115 9.70115 9.70115 6.72006 6.72006 6.72006 
6.72006 6.72006 6.72006 6.72006 6.72006 6.72006 6.72006 6.72006 6.72006 6.72006 
6.72006 6.72006 6.72006 6.72006 6.72006 6.72006 6.72006 6.72006 6.72006 6.72006 
6.72006 6.72006 6.72006 6.72006 6.72006 6.72006 6.72006 6.72006 6.72006 6.72006 
6.72006 6.72006 6.72006 6.72006 6.72006 6.72006 6.72006 6.72006 6.72006 6.72006 
6.72006 6.72006 6.72006 6.72006 6.72006 6.72006 6.72006 6.72006 6.72006 6.72006 
6.72006 6.72006 6.72006 6.72006 6.72006 6.72006 6.72006 6.72006 6.72006 6.72006 
6.72006 6.72006 6.72006 6.72006 6.72006 6.72006 6.72006 6.72006 6.72006 6.72006 
6.72006 6.72006 6.72006 6.72006 6.72006 6.72006 6.72006 6.72006 6.72006 6.72006 
6.72006 6.72006 6.72006 6.72006 6.72006 6.72006 6.72006 6.72006 6.72006 6.72006 
6.72006 6.72006 6.72006 6.72006 6.72006 6.72006 6.72006 6.72006 6.72006 6.72006 
6.72006 6.72006 6.72006 6.72006 6.72006 6.72006 6.72006 6.72006 6.72006 6.72006 
6.72006 6.72006 6.72006 6.72006 6.72006 6.72006 6.72006 6.72006 6.72006 6.72006 
6.72006 6.72006 6.72006 6.72006 6.72006 6.72006 6.72006 6.72006 6.72006 6.72006 
6.72006 6.72006 6.72006 6.72006 6.72006 6.72006 6.72006 6.72006 6.72006 6.72006 
6.72006 6.72006 6.72006 6.72006 6.72006 6.72006 6.72006 6.72006 6.72006 6.72006 
6.72006 6.72006 6.72006 6.72006 6.72006 6.72006 6.72006 6.72006 6.72006 6.72006 
6.72006 6.72006 6.72006 6.72006 6.72006 6.72006 6.72006 6.72006 6.72006 6.72006 
6.72006 6.72006 6.72006 6.72006 6.72006 6.72006 6.72006 6.72006 6.72006 6.72006 
6.72006 6.72006 6.72006 6.72006 6.72006 6.72006 6.72006 6.72006 6.72006 6.72006 
6.72006 6.72006 6.72006 6.37406 6.37406 6.37406 6.37406 6.37406 6.37406 6.37406 
6.37406 6.37406 6.37406 6.37406 6.37406 6.37406 6.37406 6.37406 6.37406 6.37406 
6.37406 6.37406 6.37406 6.37406 6.37406 6.37406 6.37406 6.37406 6.37406 6.37406 
6.37406 6.37406 6.37406 6.37406 6.37406 6.37406 6.37406 6.37406 6.37406 6.37406 
6.37406 6.37406 6.37406 6.37406 6.37406 6.37406 6.37406 6.37406 6.37406 6.37406 
6.37406 6.37406 6.37406 6.37406 6.37406 6.37406 6.37406 6.37406 6.37406 6.37406 
6.37406 6.37406 6.37406 6.37406 6.37406 6.37406 6.37406 6.37406 6.37406 6.37406 
6.37406 6.37406 6.37406 6.37406 6.37406 6.37406 6.37406 6.37406 6.37406 6.37406 
6.37406 6.37406 6.37406 6.37406 6.37406 6.37406 6.37406 6.37406 6.37406 6.37406 
6.37406 6.37406 6.37406 6.37406 6.37406 6.37406 6.37406 6.37406 6.37406 6.37406 
6.37406 6.37406 6.37406 6.37406 6.37406 6.37406 6.37406 6.37406 6.37406 6.37406 
6.37406 6.37406 6.37406 6.37406 6.37406 6.37406 6.37406 6.37406 6.37406 6.37406 
6.37406 6.37406 6.37406 6.37406 6.37406 6.37406 6.37406 6.37406 6.37406 6.37406 
6.37406 6.37406 6.37406 6.37406 6.37406 6.37406 6.37406 6.37406 6.37406 6.37406 
6.37406 6.37406 6.37406 6.37406 6.37406 6.37406 6.37406 6.37406 6.37406 6.37406 
6.37406 6.37406 6.37406 6.37406 6.37406 6.37406 6.37406 6.37406 6.37406 6.37406 
6.37406 6.37406 6.37406 6.37406 6.37406 6.37406 6.37406 6.37406 6.37406 6.37406 
6.37406 6.37406 6.37406 6.37406 6.37406 6.37406 6.37406 6.37406 6.37406 6.37406 
6.37406 6.37406 6.37406 6.37406 6.37406 6.37406 6.37406 6.37406 6.37406 6.37406 
6.37406 6.37406 6.37406 6.37406 6.37406 6.37406 6.37406 6.37406 6.37406 20.635 
20.635 20.635 20.635 20.635 20.635 20.635 20.635 20.635 20.635 20.635 
20.635 20.635 20.635 20.635 20.635 20.635 20.635 20.635 20.635 20.635 
20.635 20.635 20.635 20.635 20.635 20.635 20.635 20.635 20.635 20.635 
20.635 20.635 20.635 20.635 20.635 20.635 20.635 20.635 20.635 20.635 
20.635 20.635 20.635 20.635 20.635 20.635 20.635 20.635 20.635 20.635 
20.635 20.635 20.635 20.635 20.635 20.635 20.635 20.635 20.635 20.635 
20.635 20.635 20.635 20.635 20.635 20.635 20.635 20.635 20.635 20.635 
20.635 20.635 20.635 20.635 20.635 20.635 20.635 20.635 20.635 20.635 
20.635 20.635 20.635 20.635 20.635 20.635 20.635 20.635 20.635 20.635 
20.635 20.635 20.635 20.635 20.635 20.635 20.635 20.635 20.635 20.635 
20.635 20.635 20.635 20.635 20.635 20.635 20.635 20.635 20.635 20.635 
20.635 20.635 20.635 20.635 20.635 20.635 20.635 20.635 20.635 20.635 
20.635 20.635 20.635 20.635 20.635 20.635 20.635 20.635 20.635 20.635 
20.635 20.635 20.635 20.635 20.635 20.635 20.635 20.635 20.635 20.635 
20.635 20.635 20.635 20.635 20.635 20.635 20.635 20.635 20.635 20.635 
20.635 20.635 20.635 20.635 20.635 20.635 20.635 20.635 20.635 20.635 
20.635 20.635 20.635 20.635 20.635 20.635 20.635 20.635 20.635 20.635 
20.635 20.635 20.635 20.635 20.635 20.635 20.635 20.635 20.635 20.635 
20.635 20.635 20.635 20.635 20.635 20.635 20.635 20.635 20.635 20.635 
20.635 20.635 20.635 20.635 20.635 20.7289 20.7289 20.7289 20.7289 20.7289 
20.7289 20.7289 20.7289 20.7289 20.7289 20.7289 20.7289 20.7289 20.7289 20.7289 
20.7289 20.7289 20.7289 20.7289 20.7289 20.7289 20.7289 20.7289 20.7289 20.7289 
20.7289 20.7289 20.7289 20.7289 20.7289 20.7289 20.7289 20.7289 20.7289 20.7289 
20.7289 20.7289 20.7289 20.7289 20.7289 20.7289 20.7289 20.7289 20.7289 20.7289 
20.7289 20.7289 20.7289 20.7289 20.7289 20.7289 20.7289 20.7289 20.7289 20.7289 
20.7289 20.7289 20.7289 20.7289 20.7289 20.7289 20.7289 20.7289 20.7289 20.7289 
20.7289 20.7289 20.7289 20.7289 20.7289 20.7289 20.7289 20.7289 20.7289 20.7289 
20.7289 20.7289 20.7289 20.7289 20.7289 20.7289 20.7289 20.7289 20.7289 20.7289 
20.7289 20.7289 20.7289 20.7289 20.7289 20.7289 20.7289 20.7289 20.7289 20.7289 
20.7289 20.7289 20.7289 20.7289 20.7289 20.7289 20.7289 20.7289 20.7289 20.7289 
20.7289 20.7289 20.7289 20.7289 20.7289 20.7289 20.7289 20.7289 20.7289 20.7289 
20.7289 20.7289 20.7289 20.7289 20.7289 20.7289 20.7289 20.7289 20.7289 20.7289 
20.7289 20.7289 20.7289 20.7289 20.7289 20.7289 20.7289 20.7289 20.7289 20.7289 
20.7289 20.7289 20.7289 20.7289 20.7289 20.7289 20.7289 20.7289 20.7289 20.7289 
20.7289 20.7289 20.7289 20.7289 20.7289 20.7289 20.7289 20.7289 20.7289 20.7289 
20.7289 20.7289 20.7289 20.7289 20.7289 20.7289 20.7289 20.7289 20.7289 20.7289 
20.7289 20.7289 20.7289 20.7289 20.7289 20.7289 20.7289 20.7289 20.7289 20.7289 
20.7289 20.7289 20.7289 20.7289 20.7289 20.7289 20.7289 20.7289 20.7289 20.7289 
20.7289 20.7289 20.7289 20.7289 20.7289 20.7289 20.7289 20.7289 20.7289 20.7289 
20.7289 20.2414 20.2414 20.2414 20.2414 20.2414 20.2414 20.2414 20.2414 20.2414 
20.2414 20.2414 20.2414 20.2414 20.2414 20.2414 20.2414 20.2414 20.2414 20.2414 
20.2414 20.2414 20.2414 20.2414 20.2414 20.2414 20.2414 20.2414 20.2414 20.2414 
20.2414 20.2414 20.2414 20.2414 20.2414 20.2414 20.2414 20.2414 20.2414 20.2414 
20.2414 20.2414 20.2414 20.2414 20.2414 20.2414 20.2414 20.2414 20.2414 20.2414 
20.2414 20.2414 20.2414 20.2414 20.2414 20.2414 20.2414 20.2414 20.2414 20.2414 
20.2414 20.2414 20.2414 20.2414 20.2414 20.2414 20.2414 20.2414 20.2414 20.2414 
20.2414 20.2414 20.2414 20.2414 20.2414 20.2414 20.2414 20.2414 20.2414 20.2414 
20.2414 20.2414 20.2414 20.2414 20.2414 20.2414 20.2414 20.2414 20.2414 20.2414 
20.2414 20.2414 20.2414 20.2414 20.2414 20.2414 20.2414 20.2414 20.2414 20.2414 
20.2414 20.2414 20.2414 20.2414 20.2414 20.2414 20.2414 20.2414 20.2414 20.2414 
20.2414 20.2414 20.2414 20.2414 20.2414 20.2414 20.2414 20.2414 20.2414 20.2414 
20.2414 20.2414 20.2414 20.2414 20.2414 20.2414 20.2414 20.2414 20.2414 20.2414 
20.2414 20.2414 20.2414 20.2414 20.2414 20.2414 20.2414 20.2414 20.2414 20.2414 
20.2414 20.2414 20.2414 20.2414 20.2414 20.2414 20.2414 20.2414 20.2414 20.2414 
20.2414 20.2414 20.2414 20.2414 20.2414 20.2414 20.2414 20.2414 20.2414 20.2414 
20.2414 20.2414 20.2414 20.2414 20.2414 20.2414 20.2414 20.2414 20.2414 20.2414 
20.2414 20.2414 20.2414 20.2414 20.2414 20.2414 20.2414 20.2414 20.2414 20.2414 
20.2414 20.2414 20.2414 20.2414 20.2414 20.2414 20.2414 20.2414 20.2414 20.2414 
20.2414 20.2414 20.2414 20.2414 20.2414 20.2414 20.2414 20.2576 20.2576 20.2576 
20.2576 20.2576 20.2576 20.2576 20.2576 20.2576 20.2576 20.2576 20.2576 20.2576 
20.2576 20.2576 20.2576 20.2576 20.2576 20.2576 20.2576 20.2576 20.2576 20.2576 
20.2576 20.2576 20.2576 20.2576 20.2576 20.2576 20.2576 20.2576 20.2576 20.2576 
20.2576 20.2576 20.2576 20.2576 20.2576 20.2576 20.2576 20.2576 20.2576 20.2576 
20.2576 20.2576 20.2576 20.2576 20.2576 20.2576 20.2576 20.2576 20.2576 20.2576 
20.2576 20.2576 20.2576 20.2576 20.2576 20.2576 20.2576 20.2576 20.2576 20.2576 
20.2576 20.2576 20.2576 20.2576 20.2576 20.2576 20.2576 20.2576 20.2576 20.2576 
20.2576 20.2576 20.2576 20.2576 20.2576 20.2576 20.2576 20.2576 20.2576 20.2576 
20.2576 20.2576 20.2576 20.2576 20.2576 20.2576 20.2576 20.2576 20.2576 20.2576 
20.2576 20.2576 20.2576 20.2576 20.2576 20.2576 20.2576 20.2576 20.2576 20.2576 
20.2576 20.2576 20.2576 20.2576 20.2576 20.2576 20.2576 20.2576 20.2576 20.2576 
20.2576 20.2576 20.2576 20.2576 20.2576 20.2576 20.2576 20.2576 20.2576 20.2576 
20.2576 20.2576 20.2576 20.2576 20.2576 20.2576 20.2576 20.2576 20.2576 20.2576 
20.2576 20.2576 20.2576 20.2576 20.2576 20.2576 20.2576 20.2576 20.2576 20.2576 
20.2576 20.2576 20.2576 20.2576 20.2576 20.2576 20.2576 20.2576 20.2576 20.2576 
20.2576 20.2576 20.2576 20.2576 20.2576 20.2576 20.2576 20.2576 20.2576 20.2576 
20.2576 20.2576 20.2576 20.2576 20.2576 20.2576 20.2576 20.2576 20.2576 20.2576 
20.2576 20.2576 20.2576 20.2576 20.2576 20.2576 20.2576 20.2576 20.2576 20.2576 
20.2576 20.2576 20.2576 20.2576 20.2576 20.2576 20.2576 20.2576 20.2576 20.2576 
20.2576 20.2576 20.2576 5.42209 5.42209 5.42209 5.42209 5.42209 5.42209 5.42209 
5.42209 5.42209 5.42209 5.42209 5.42209 5.42209 5.42209 5.42209 5.42209 5.42209 
5.42209 5.42209 5.42209 5.42209 5.42209 5.42209 5.42209 5.42209 5.42209 5.42209 
5.42209 5.42209 5.42209 5.42209 5.42209 5.42209 5.42209 5.42209 5.42209 5.42209 
5.42209 5.42209 5.42209 5.42209 5.42209 5.42209 5.42209 5.42209 5.42209 5.42209 
5.42209 5.42209 5.42209 5.42209 5.42209 5.42209 5.42209 5.42209 5.42209 5.42209 
5.42209 5.42209 5.42209 5.42209 5.42209 5.42209 5.42209 5.42209 5.42209 5.42209 
5.42209 5.42209 5.42209 5.42209 5.42209 5.42209 5.42209 5.42209 5.42209 5.42209 
5.42209 5.42209 5.42209 5.42209 5.42209 5.42209 5.42209 5.42209 5.42209 5.42209 
5.42209 5.42209 5.42209 5.42209 5.42209 5.42209 5.42209 5.42209 5.42209 5.42209 
5.42209 5.42209 5.42209 5.42209 5.42209 5.42209 5.42209 5.42209 5.42209 5.42209 
5.42209 5.42209 5.42209 5.42209 5.42209 5.42209 5.42209 5.42209 5.42209 5.42209 
5.42209 5.42209 5.42209 5.42209 5.42209 5.42209 5.42209 5.42209 5.42209 5.42209 
5.42209 5.42209 5.42209 5.42209 5.42209 5.42209 5.42209 5.42209 5.42209 5.42209 
5.42209 5.42209 5.42209 5.42209 5.42209 5.42209 5.42209 5.42209 5.42209 5.42209 
5.42209 5.42209 5.42209 5.42209 5.42209 5.42209 5.42209 5.42209 5.42209 5.42209 
5.42209 5.42209 5.42209 5.42209 5.42209 5.42209 5.42209 5.42209 5.42209 5.42209 
5.42209 5.42209 5.42209 5.42209 5.42209 5.42209 5.42209 5.42209 5.42209 5.42209 
5.42209 5.42209 5.42209 5.42209 5.42209 5.42209 5.42209 5.42209 5.42209 5.42209 
5.42209 5.42209 5.42209 5.42209 5.42209 5.42209 5.42209 5.42209 5.42209 19.7896 
19.7896 19.7896 19.7896 19.7896 19.7896 19.7896 19.7896 19.7896 19.7896 19.7896 
19.7896 19.7896 19.7896 19.7896 19.7896 19.7896 19.7896 19.7896 19.7896 19.7896 
19.7896 19.7896 19.7896 19.7896 19.7896 19.7896 19.7896 19.7896 19.7896 19.7896 
19.7896 19.7896 19.7896 19.7896 19.7896 19.7896 19.7896 19.7896 19.7896 19.7896 
19.7896 19.7896 19.7896 19.7896 19.7896 19.7896 19.7896 19.7896 19.7896 19.7896 
19.7896 19.7896 19.7896 19.7896 19.7896 19.7896 19.7896 19.7896 19.7896 19.7896 
19.7896 19.7896 19.7896 19.7896 19.7896 19.7896 19.7896 19.7896 19.7896 19.7896 
19.7896 19.7896 19.7896 19.7896 19.7896 19.7896 19.7896 19.7896 19.7896 19.7896 
19.7896 19.7896 19.7896 19.7896 19.7896 19.7896 19.7896 19.7896 19.7896 19.7896 
19.7896 19.7896 19.7896 19.7896 19.7896 19.7896 19.7896 19.7896 19.7896 19.7896 
19.7896 19.7896 19.7896 19.7896 19.7896 19.7896 19.7896 19.7896 19.7896 19.7896 
19.7896 19.7896 19.7896 19.7896 19.7896 19.7896 19.7896 19.7896 19.7896 19.7896 
19.7896 19.7896 19.7896 19.7896 19.7896 19.7896 19.7896 19.7896 19.7896 19.7896 
19.7896 19.7896 19.7896 19.7896 19.7896 19.7896 19.7896 19.7896 19.7896 19.7896 
19.7896 19.7896 19.7896 19.7896 19.7896 19.7896 19.7896 19.7896 19.7896 19.7896 
19.7896 19.7896 19.7896 19.7896 19.7896 19.7896 19.7896 19.7896 19.7896 19.7896 
19.7896 19.7896 19.7896 19.7896 19.7896 19.7896 19.7896 19.7896 19.7896 19.7896 
19.7896 19.7896 19.7896 19.7896 19.7896 19.7896 19.7896 19.7896 19.7896 19.7896 
19.7896 19.7896 19.7896 19.7896 19.7896 19.7896 19.7896 19.7896 19.7896 19.7896 
19.7896 19.7896 19.7896 19.7896 19.7896 17.6128 17.6128 17.6128 17.6128 17.6128 
17.6128 17.6128 17.6128 17.6128 17.6128 17.6128 17.6128 17.6128 17.6128 17.6128 
17.6128 17.6128 17.6128 17.6128 17.6128 17.6128 17.6128 17.6128 17.6128 17.6128 
17.6128 17.6128 17.6128 17.6128 17.6128 17.6128 17.6128 17.6128 17.6128 17.6128 
17.6128 17.6128 17.6128 17.6128 17.6128 17.6128 17.6128 17.6128 17.6128 17.6128 
17.6128 17.6128 17.6128 17.6128 17.6128 17.6128 17.6128 17.6128 17.6128 17.6128 
17.6128 17.6128 17.6128 17.6128 17.6128 17.6128 17.6128 17.6128 17.6128 17.6128 
17.6128 17.6128 17.6128 17.6128 17.6128 17.6128 17.6128 17.6128 17.6128 17.6128 
17.6128 17.6128 17.6128 17.6128 17.6128 17.6128 17.6128 17.6128 17.6128 17.6128 
17.6128 17.6128 17.6128 17.6128 17.6128 17.6128 17.6128 17.6128 17.6128 17.6128 
17.6128 17.6128 17.6128 17.6128 17.6128 17.6128 17.6128 17.6128 17.6128 17.6128 
17.6128 17.6128 17.6128 17.6128 17.6128 17.6128 17.6128 17.6128 17.6128 17.6128 
17.6128 17.6128 17.6128 17.6128 17.6128 17.6128 17.6128 17.6128 17.6128 17.6128 
17.6128 17.6128 17.6128 17.6128 17.6128 17.6128 17.6128 17.6128 17.6128 17.6128 
17.6128 17.6128 17.6128 17.6128 17.6128 17.6128 17.6128 17.6128 17.6128 17.6128 
17.6128 17.6128 17.6128 17.6128 17.6128 17.6128 17.6128 17.6128 17.6128 17.6128 
17.6128 17.6128 17.6128 17.6128 17.6128 17.6128 17.6128 17.6128 17.6128 17.6128 
17.6128 17.6128 17.6128 17.6128 17.6128 17.6128 17.6128 17.6128 17.6128 17.6128 
17.6128 17.6128 17.6128 17.6128 17.6128 17.6128 17.6128 17.6128 17.6128 17.6128 
17.6128 17.6128 17.6128 17.6128 17.6128 17.6128 17.6128 17.6128 17.6128 17.6128 
17.6128 12.7055 12.7055 12.7055 12.7055 12.7055 12.7055 12.7055 12.7055 12.7055 
12.7055 12.7055 12.7055 12.7055 12.7055 12.7055 12.7055 12.7055 12.7055 12.7055 
12.7055 12.7055 12.7055 12.7055 12.7055 12.7055 12.7055 12.7055 12.7055 12.7055 
12.7055 12.7055 12.7055 12.7055 12.7055 12.7055 12.7055 12.7055 12.7055 12.7055 
12.7055 12.7055 12.7055 12.7055 12.7055 12.7055 12.7055 12.7055 12.7055 12.7055 
12.7055 12.7055 12.7055 12.7055 12.7055 12.7055 12.7055 12.7055 12.7055 12.7055 
12.7055 12.7055 12.7055 12.7055 12.7055 12.7055 12.7055 12.7055 12.7055 12.7055 
12.7055 12.7055 12.7055 12.7055 12.7055 12.7055 12.7055 12.7055 12.7055 12.7055 
12.7055 12.7055 12.7055 12.7055 12.7055 12.7055 12.7055 12.7055 12.7055 12.7055 
12.7055 12.7055 12.7055 12.7055 12.7055 12.7055 12.7055 12.7055 12.7055 12.7055 
12.7055 12.7055 12.7055 12.7055 12.7055 12.7055 12.7055 12.7055 12.7055 12.7055 
12.7055 12.7055 12.7055 12.7055 12.7055 12.7055 12.7055 12.7055 12.7055 12.7055 
12.7055 12.7055 12.7055 12.7055 12.7055 12.7055 12.7055 12.7055 12.7055 12.7055 
12.7055 12.7055 12.7055 12.7055 12.7055 12.7055 12.7055 12.7055 12.7055 12.7055 
12.7055 12.7055 12.7055 12.7055 12.7055 12.7055 12.7055 12.7055 12.7055 12.7055 
12.7055 12.7055 12.7055 12.7055 12.7055 12.7055 12.7055 12.7055 12.7055 12.7055 
12.7055 12.7055 12.7055 12.7055 12.7055 12.7055 12.7055 12.7055 12.7055 12.7055 
12.7055 12.7055 12.7055 12.7055 12.7055 12.7055 12.7055 12.7055 12.7055 12.7055 
12.7055 12.7055 12.7055 12.7055 12.7055 12.7055 12.7055 12.7055 12.7055 12.7055 
12.7055 12.7055 12.7055 12.7055 12.7055 12.7055 12.7055 11.957 11.957 11.957 
11.957 11.957 11.957 11.957 11.957 11.957 11.957 11.957 11.957 11.957 
11.957 11.957 11.957 11.957 11.957 11.957 11.957 11.957 11.957 11.957 
11.957 11.957 11.957 11.957 11.957 11.957 11.957 11.957 11.957 11.957 
11.957 11.957 11.957 11.957 11.957 11.957 11.957 11.957 11.957 11.957 
11.957 11.957 11.957 11.957 11.957 11.957 11.957 11.957 11.957 11.957 
11.957 11.957 11.957 11.957 11.957 11.957 11.957 11.957 11.957 11.957 
11.957 11.957 11.957 11.957 11.957 11.957 11.957 11.957 11.957 11.957 
11.957 11.957 11.957 11.957 11.957 11.957 11.957 11.957 11.957 11.957 
11.957 11.957 11.957 11.957 11.957 11.957 11.957 11.957 11.957 11.957 
11.957 11.957 11.957 11.957 11.957 11.957 11.957 11.957 11.957 11.957 
11.957 11.957 11.957 11.957 11.957 11.957 11.957 11.957 11.957 11.957 
11.957 11.957 11.957 11.957 11.957 11.957 11.957 11.957 11.957 11.957 
11.957 11.957 11.957 11.957 11.957 11.957 11.957 11.957 11.957 11.957 
11.957 11.957 11.957 11.957 11.957 11.957 11.957 11.957 11.957 11.957 
11.957 11.957 11.957 11.957 11.957 11.957 11.957 11.957 11.957 11.957 
11.957 11.957 11.957 11.957 11.957 11.957 11.957 11.957 11.957 11.957 
11.957 11.957 11.957 11.957 11.957 11.957 11.957 11.957 11.957 11.957 
11.957 11.957 11.957 11.957 11.957 11.957 11.957 11.957 11.957 11.957 
11.957 11.957 11.957 11.957 11.957 11.957 11.957 11.957 11.957 11.957 
11.957 11.957 11.957 19.5955 19.5955 19.5955 19.5955 19.5955 19.5955 19.5955 
19.5955 19.5955 19.5955 19.5955 19.5955 19.5955 19.5955 19.5955 19.5955 19.5955 
19.5955 19.5955 19.5955 19.5955 19.5955 19.5955 19.5955 19.5955 19.5955 19.5955 
19.5955 19.5955 19.5955 19.5955 19.5955 19.5955 19.5955 19.5955 19.5955 19.5955 
19.5955 19.5955 19.5955 19.5955 19.5955 19.5955 19.5955 19.5955 19.5955 19.5955 
19.5955 19.5955 19.5955 19.5955 19.5955 19.5955 19.5955 19.5955 19.5955 19.5955 
19.5955 19.5955 19.5955 19.5955 19.5955 19.5955 19.5955 19.5955 19.5955 19.5955 
19.5955 19.5955 19.5955 19.5955 19.5955 19.5955 19.5955 19.5955 19.5955 19.5955 
19.5955 19.5955 19.5955 19.5955 19.5955 19.5955 19.5955 19.5955 19.5955 19.5955 
19.5955 19.5955 19.5955 19.5955 19.5955 19.5955 19.5955 19.5955 19.5955 19.5955 
19.5955 19.5955 19.5955 19.5955 19.5955 19.5955 19.5955 19.5955 19.5955 19.5955 
19.5955 19.5955 19.5955 19.5955 19.5955 19.5955 19.5955 19.5955 19.5955 19.5955 
19.5955 19.5955 19.5955 19.5955 19.5955 19.5955 19.5955 19.5955 19.5955 19.5955 
19.5955 19.5955 19.5955 19.5955 19.5955 19.5955 19.5955 19.5955 19.5955 19.5955 
19.5955 19.5955 19.5955 19.5955 19.5955 19.5955 19.5955 19.5955 19.5955 19.5955 
19.5955 19.5955 19.5955 19.5955 19.5955 19.5955 19.5955 19.5955 19.5955 19.5955 
19.5955 19.5955 19.5955 19.5955 19.5955 19.5955 19.5955 19.5955 19.5955 19.5955 
19.5955 19.5955 19.5955 19.5955 19.5955 19.5955 19.5955 19.5955 19.5955 19.5955 
19.5955 19.5955 19.5955 19.5955 19.5955 19.5955 19.5955 19.5955 19.5955 19.5955 
19.5955 19.5955 19.5955 19.5955 19.5955 19.5955 19.5955 19.5955 19.5955 8.118 
8.118 8.118 8.118 8.118 8.118 8.118 8.118 8.118 8.118 8.118 
8.118 8.118 8.118 8.118 8.118 8.118 8.118 8.118 8.118 8.118 
8.118 8.118 8.118 8.118 8.118 8.118 8.118 8.118 8.118 8.118 
8.118 8.118 8.118 8.118 8.118 8.118 8.118 8.118 8.118 8.118 
8.118 8.118 8.118 8.118 8.118 8.118 8.118 8.118 8.118 8.118 
8.118 8.118 8.118 8.118 8.118 8.118 8.118 8.118 8.118 8.118 
8.118 8.118 8.118 8.118 8.118 8.118 8.118 8.118 8.118 8.118 
8.118 8.118 8.118 8.118 8.118 8.118 8.118 8.118 8.118 8.118 
8.118 8.118 8.118 8.118 8.118 8.118 8.118 8.118 8.118 8.118 
8.118 8.118 8.118 8.118 8.118 8.118 8.118 8.118 8.118 8.118 
8.118 8.118 8.118 8.118 8.118 8.118 8.118 8.118 8.118 8.118 
8.118 8.118 8.118 8.118 8.118 8.118 8.118 8.118 8.118 8.118 
8.118 8.118 8.118 8.118 8.118 8.118 8.118 8.118 8.118 8.118 
8.118 8.118 8.118 8.118 8.118 8.118 8.118 8.118 8.118 8.118 
8.118 8.118 8.118 8.118 8.118 8.118 8.118 8.118 8.118 8.118 
8.118 8.118 8.118 8.118 8.118 8.118 8.118 8.118 8.118 8.118 
8.118 8.118 8.118 8.118 8.118 8.118 8.118 8.118 8.118 8.118 
8.118 8.118 8.118 8.118 8.118 8.118 8.118 8.118 8.118 8.118 
8.118 8.118 8.118 8.118 8.118 8.118 8.118 8.118 8.118 8.118 
8.118 8.118 8.118 8.118 8.118 0.400614 0.400614 0.400614 0.400614 0.400614 
0.400614 0.400614 0.400614 0.400614 0.400614 0.400614 0.400614 0.400614 0.400614 0.400614 
0.400614 0.400614 0.400614 0.400614 0.400614 0.400614 0.400614 0.400614 0.400614 0.400614 
0.400614 0.400614 0.400614 0.400614 0.400614 0.400614 0.400614 0.400614 0.400614 0.400614 
0.400614 0.400614 0.400614 0.400614 0.400614 0.400614 0.400614 0.400614 0.400614 0.400614 
0.400614 0.400614 0.400614 0.400614 0.400614 0.400614 0.400614 0.400614 0.400614 0.400614 
0.400614 0.400614 0.400614 0.400614 0.400614 0.400614 0.400614 0.400614 0.400614 0.400614 
0.400614 0.400614 0.400614 0.400614 0.400614 0.400614 0.400614 0.400614 0.400614 0.400614 
0.400614 0.400614 0.400614 0.400614 0.400614 0.400614 0.400614 0.400614 0.400614 0.400614 
0.400614 0.400614 0.400614 0.400614 0.400614 0.400614 0.400614 0.400614 0.400614 0.400614 
0.400614 0.400614 0.400614 0.400614 0.400614 0.400614 0.400614 0.400614 0.400614 0.400614 
0.400614 0.400614 0.400614 0.400614 0.400614 0.400614 0.400614 0.400614 0.400614 0.400614 
0.400614 0.400614 0.400614 0.400614 0.400614 0.400614 0.400614 0.400614 0.400614 0.400614 
0.400614 0.400614 0.400614 0.400614 0.400614 0.400614 0.400614 0.400614 0.400614 0.400614 
0.400614 0.400614 0.400614 0.400614 0.400614 0.400614 0.400614 0.400614 0.400614 0.400614 
0.400614 0.400614 0.400614 0.400614 0.400614 0.400614 0.400614 0.400614 0.400614 0.400614 
0.400614 0.400614 0.400614 0.400614 0.400614 0.400614 0.400614 0.400614 0.400614 0.400614 
0.400614 0.400614 0.400614 0.400614 0.400614 0.400614 0.400614 0.400614 0.400614 0.400614 
0.400614 0.400614 0.400614 0.400614 0.400614 0.400614 0.400614 0.400614 0.400614 0.400614 
0.400614 0.400614 0.400614 0.400614 0.400614 0.400614 0.400614 0.400614 0.400614 0.400614 
0.400614 0.127225 0.127225 0.127225 0.127225 0.127225 0.127225 0.127225 0.127225 0.127225 
0.127225 0.127225 0.127225 0.127225 0.127225 0.127225 0.127225 0.127225 0.127225 0.127225 
0.127225 0.127225 0.127225 0.127225 0.127225 0.127225 0.127225 0.127225 0.127225 0.127225 
0.127225 0.127225 0.127225 0.127225 0.127225 0.127225 0.127225 0.127225 0.127225 0.127225 
0.127225 0.127225 0.127225 0.127225 0.127225 0.127225 0.127225 0.127225 0.127225 0.127225 
0.127225 0.127225 0.127225 0.127225 0.127225 0.127225 0.127225 0.127225 0.127225 0.127225 
0.127225 0.127225 0.127225 0.127225 0.127225 0.127225 0.127225 0.127225 0.127225 0.127225 
0.127225 0.127225 0.127225 0.127225 0.127225 0.127225 0.127225 0.127225 0.127225 0.127225 
0.127225 0.127225 0.127225 0.127225 0.127225 0.127225 0.127225 0.127225 0.127225 0.127225 
0.127225 0.127225 0.127225 0.127225 0.127225 0.127225 0.127225 0.127225 0.127225 0.127225 
0.127225 0.127225 0.127225 0.127225 0.127225 0.127225 0.127225 0.127225 0.127225 0.127225 
0.127225 0.127225 0.127225 0.127225 0.127225 0.127225 0.127225 0.127225 0.127225 0.127225 
0.127225 0.127225 0.127225 0.127225 0.127225 0.127225 0.127225 0.127225 0.127225 0.127225 
0.127225 0.127225 0.127225 0.127225 0.127225 0.127225 0.127225 0.127225 0.127225 0.127225 
0.127225 0.127225 0.127225 0.127225 0.127225 0.127225 0.127225 0.127225 0.127225 0.127225 
0.127225 0.127225 0.127225 0.127225 0.127225 0.127225 0.127225 0.127225 0.127225 0.127225 
0.127225 0.127225 0.127225 0.127225 0.127225 0.127225 0.127225 0.127225 0.127225 0.127225 
0.127225 0.127225 0.127225 0.127225 0.127225 0.127225 0.127225 0.127225 0.127225 0.127225 
0.127225 0.127225 0.127225 0.127225 0.127225 0.127225 0.127225 0.127225 0.127225 0.127225 
0.127225 0.127225 0.127225 0.127225 0.127225 0.127225 0.127225 
