# vtk DataFile Version 2.0
vtkObjects
ASCII
DATASET UNSTRUCTURED_GRID
POINTS 1000 float
-544.784 89.2175 2456.04
-542.12 89.2175 2456.04
-544.784 91.8815 2456.04
-542.12 91.8815 2456.04
-544.784 89.2175 2458.71
-542.12 89.2175 2458.71
-544.784 91.8815 2458.71
-542.12 91.8815 2458.71
-543.452 89.7263 2455.22
-543.452 91.3727 2455.22
-543.452 89.7263 2459.53
-543.452 91.3727 2459.53
-544.275 88.3943 2457.38
-542.628 88.3943 2457.38
-544.275 92.7047 2457.38
-542.628 92.7047 2457.38
-545.607 90.5495 2456.55
-545.607 90.5495 2458.2
-541.296 90.5495 2456.55
-541.296 90.5495 2458.2
-544.784 89.2175 2346.91
-542.12 89.2175 2346.91
-544.784 91.8815 2346.91
-542.12 91.8815 2346.91
-544.784 89.2175 2349.58
-542.12 89.2175 2349.58
-544.784 91.8815 2349.58
-542.12 91.8815 2349.58
-543.452 89.7263 2346.09
-543.452 91.3727 2346.09
-543.452 89.7263 2350.4
-543.452 91.3727 2350.4
-544.275 88.3943 2348.25
-542.628 88.3943 2348.25
-544.275 92.7047 2348.25
-542.628 92.7047 2348.25
-545.607 90.5495 2347.42
-545.607 90.5495 2349.07
-541.296 90.5495 2347.42
-541.296 90.5495 2349.07
-528.507 194.309 2456.14
-525.843 194.309 2456.14
-528.507 196.972 2456.14
-525.843 196.972 2456.14
-528.507 194.309 2458.81
-525.843 194.309 2458.81
-528.507 196.972 2458.81
-525.843 196.972 2458.81
-527.175 194.817 2455.32
-527.175 196.464 2455.32
-527.175 194.817 2459.63
-527.175 196.464 2459.63
-527.998 193.485 2457.47
-526.352 193.485 2457.47
-527.998 197.796 2457.47
-526.352 197.796 2457.47
-529.33 195.641 2456.65
-529.33 195.641 2458.3
-525.02 195.641 2456.65
-525.02 195.641 2458.3
-528.507 194.309 2347.01
-525.843 194.309 2347.01
-528.507 196.972 2347.01
-525.843 196.972 2347.01
-528.507 194.309 2349.68
-525.843 194.309 2349.68
-528.507 196.972 2349.68
-525.843 196.972 2349.68
-527.175 194.817 2346.19
-527.175 196.464 2346.19
-527.175 194.817 2350.5
-527.175 196.464 2350.5
-527.998 193.485 2348.35
-526.352 193.485 2348.35
-527.998 197.796 2348.35
-526.352 197.796 2348.35
-529.33 195.641 2347.52
-529.33 195.641 2349.17
-525.02 195.641 2347.52
-525.02 195.641 2349.17
-544.784 89.2175 2346.91
-542.12 89.2175 2346.91
-544.784 91.8815 2346.91
-542.12 91.8815 2346.91
-544.784 89.2175 2349.58
-542.12 89.2175 2349.58
-544.784 91.8815 2349.58
-542.12 91.8815 2349.58
-543.452 89.7263 2346.09
-543.452 91.3727 2346.09
-543.452 89.7263 2350.4
-543.452 91.3727 2350.4
-544.275 88.3943 2348.25
-542.628 88.3943 2348.25
-544.275 92.7047 2348.25
-542.628 92.7047 2348.25
-545.607 90.5495 2347.42
-545.607 90.5495 2349.07
-541.296 90.5495 2347.42
-541.296 90.5495 2349.07
-544.784 89.2175 254.17
-542.12 89.2175 254.17
-544.784 91.8815 254.17
-542.12 91.8815 254.17
-544.784 89.2175 256.834
-542.12 89.2175 256.834
-544.784 91.8815 256.834
-542.12 91.8815 256.834
-543.452 89.7263 253.347
-543.452 91.3727 253.347
-543.452 89.7263 257.657
-543.452 91.3727 257.657
-544.275 88.3943 255.502
-542.628 88.3943 255.502
-544.275 92.7047 255.502
-542.628 92.7047 255.502
-545.607 90.5495 254.679
-545.607 90.5495 256.325
-541.296 90.5495 254.679
-541.296 90.5495 256.325
-528.507 194.309 2347.01
-525.843 194.309 2347.01
-528.507 196.972 2347.01
-525.843 196.972 2347.01
-528.507 194.309 2349.68
-525.843 194.309 2349.68
-528.507 196.972 2349.68
-525.843 196.972 2349.68
-527.175 194.817 2346.19
-527.175 196.464 2346.19
-527.175 194.817 2350.5
-527.175 196.464 2350.5
-527.998 193.485 2348.35
-526.352 193.485 2348.35
-527.998 197.796 2348.35
-526.352 197.796 2348.35
-529.33 195.641 2347.52
-529.33 195.641 2349.17
-525.02 195.641 2347.52
-525.02 195.641 2349.17
-528.507 194.309 229.669
-525.843 194.309 229.669
-528.507 196.972 229.669
-525.843 196.972 229.669
-528.507 194.309 232.333
-525.843 194.309 232.333
-528.507 196.972 232.333
-525.843 196.972 232.333
-527.175 194.817 228.846
-527.175 196.464 228.846
-527.175 194.817 233.157
-527.175 196.464 233.157
-527.998 193.485 231.001
-526.352 193.485 231.001
-527.998 197.796 231.001
-526.352 197.796 231.001
-529.33 195.641 230.178
-529.33 195.641 231.825
-525.02 195.641 230.178
-525.02 195.641 231.825
-544.784 89.2175 254.17
-542.12 89.2175 254.17
-544.784 91.8815 254.17
-542.12 91.8815 254.17
-544.784 89.2175 256.834
-542.12 89.2175 256.834
-544.784 91.8815 256.834
-542.12 91.8815 256.834
-543.452 89.7263 253.347
-543.452 91.3727 253.347
-543.452 89.7263 257.657
-543.452 91.3727 257.657
-544.275 88.3943 255.502
-542.628 88.3943 255.502
-544.275 92.7047 255.502
-542.628 92.7047 255.502
-545.607 90.5495 254.679
-545.607 90.5495 256.325
-541.296 90.5495 254.679
-541.296 90.5495 256.325
-491.803 75.0555 228.62
-489.139 75.0555 228.62
-491.803 77.7195 228.62
-489.139 77.7195 228.62
-491.803 75.0555 231.284
-489.139 75.0555 231.284
-491.803 77.7195 231.284
-489.139 77.7195 231.284
-490.471 75.5643 227.796
-490.471 77.2107 227.796
-490.471 75.5643 232.107
-490.471 77.2107 232.107
-491.295 74.2323 229.952
-489.648 74.2323 229.952
-491.295 78.5427 229.952
-489.648 78.5427 229.952
-492.627 76.3875 229.128
-492.627 76.3875 230.775
-488.316 76.3875 229.128
-488.316 76.3875 230.775
-491.803 75.0555 228.62
-489.139 75.0555 228.62
-491.803 77.7195 228.62
-489.139 77.7195 228.62
-491.803 75.0555 231.284
-489.139 75.0555 231.284
-491.803 77.7195 231.284
-489.139 77.7195 231.284
-490.471 75.5643 227.796
-490.471 77.2107 227.796
-490.471 75.5643 232.107
-490.471 77.2107 232.107
-491.295 74.2323 229.952
-489.648 74.2323 229.952
-491.295 78.5427 229.952
-489.648 78.5427 229.952
-492.627 76.3875 229.128
-492.627 76.3875 230.775
-488.316 76.3875 229.128
-488.316 76.3875 230.775
-247.594 17.126 119.444
-244.93 17.126 119.444
-247.594 19.79 119.444
-244.93 19.79 119.444
-247.594 17.126 122.108
-244.93 17.126 122.108
-247.594 19.79 122.108
-244.93 19.79 122.108
-246.262 17.6348 118.621
-246.262 19.2812 118.621
-246.262 17.6348 122.931
-246.262 19.2812 122.931
-247.085 16.3028 120.776
-245.438 16.3028 120.776
-247.085 20.6132 120.776
-245.438 20.6132 120.776
-248.417 18.458 119.953
-248.417 18.458 121.599
-244.106 18.458 119.953
-244.106 18.458 121.599
-247.594 17.126 119.444
-244.93 17.126 119.444
-247.594 19.79 119.444
-244.93 19.79 119.444
-247.594 17.126 122.108
-244.93 17.126 122.108
-247.594 19.79 122.108
-244.93 19.79 122.108
-246.262 17.6348 118.621
-246.262 19.2812 118.621
-246.262 17.6348 122.931
-246.262 19.2812 122.931
-247.085 16.3028 120.776
-245.438 16.3028 120.776
-247.085 20.6132 120.776
-245.438 20.6132 120.776
-248.417 18.458 119.953
-248.417 18.458 121.599
-244.106 18.458 119.953
-244.106 18.458 121.599
-250.494 14.226 116.544
-247.83 14.226 116.544
-250.494 16.89 116.544
-247.83 16.89 116.544
-250.494 14.226 119.208
-247.83 14.226 119.208
-250.494 16.89 119.208
-247.83 16.89 119.208
-249.162 14.7348 115.721
-249.162 16.3812 115.721
-249.162 14.7348 120.031
-249.162 16.3812 120.031
-249.985 13.4028 117.876
-248.338 13.4028 117.876
-249.985 17.7132 117.876
-248.338 17.7132 117.876
-251.317 15.558 117.053
-251.317 15.558 118.699
-247.006 15.558 117.053
-247.006 15.558 118.699
-250.494 14.226 116.544
-247.83 14.226 116.544
-250.494 16.89 116.544
-247.83 16.89 116.544
-250.494 14.226 119.208
-247.83 14.226 119.208
-250.494 16.89 119.208
-247.83 16.89 119.208
-249.162 14.7348 115.721
-249.162 16.3812 115.721
-249.162 14.7348 120.031
-249.162 16.3812 120.031
-249.985 13.4028 117.876
-248.338 13.4028 117.876
-249.985 17.7132 117.876
-248.338 17.7132 117.876
-251.317 15.558 117.053
-251.317 15.558 118.699
-247.006 15.558 117.053
-247.006 15.558 118.699
-253.393 11.326 113.644
-250.73 11.326 113.644
-253.393 13.99 113.644
-250.73 13.99 113.644
-253.393 11.326 116.308
-250.73 11.326 116.308
-253.393 13.99 116.308
-250.73 13.99 116.308
-252.061 11.8348 112.821
-252.061 13.4812 112.821
-252.061 11.8348 117.131
-252.061 13.4812 117.131
-252.885 10.5028 114.976
-251.238 10.5028 114.976
-252.885 14.8132 114.976
-251.238 14.8132 114.976
-254.217 12.658 114.153
-254.217 12.658 115.799
-249.906 12.658 114.153
-249.906 12.658 115.799
-247.594 17.126 119.444
-244.93 17.126 119.444
-247.594 19.79 119.444
-244.93 19.79 119.444
-247.594 17.126 122.108
-244.93 17.126 122.108
-247.594 19.79 122.108
-244.93 19.79 122.108
-246.262 17.6348 118.621
-246.262 19.2812 118.621
-246.262 17.6348 122.931
-246.262 19.2812 122.931
-247.085 16.3028 120.776
-245.438 16.3028 120.776
-247.085 20.6132 120.776
-245.438 20.6132 120.776
-248.417 18.458 119.953
-248.417 18.458 121.599
-244.106 18.458 119.953
-244.106 18.458 121.599
-9.184 -46.6035 4.468
-6.52 -46.6035 4.468
-9.184 -43.9395 4.468
-6.52 -43.9395 4.468
-9.184 -46.6035 7.132
-6.52 -46.6035 7.132
-9.184 -43.9395 7.132
-6.52 -43.9395 7.132
-7.852 -46.0947 3.64478
-7.852 -44.4483 3.64478
-7.852 -46.0947 7.95522
-7.852 -44.4483 7.95522
-8.67522 -47.4267 5.8
-7.02878 -47.4267 5.8
-8.67522 -43.1163 5.8
-7.02878 -43.1163 5.8
-10.0072 -45.2715 4.97678
-10.0072 -45.2715 6.62322
-5.69678 -45.2715 4.97678
-5.69678 -45.2715 6.62322
-9.184 -46.6035 4.468
-6.52 -46.6035 4.468
-9.184 -43.9395 4.468
-6.52 -43.9395 4.468
-9.184 -46.6035 7.132
-6.52 -46.6035 7.132
-9.184 -43.9395 7.132
-6.52 -43.9395 7.132
-7.852 -46.0947 3.64478
-7.852 -44.4483 3.64478
-7.852 -46.0947 7.95522
-7.852 -44.4483 7.95522
-8.67522 -47.4267 5.8
-7.02878 -47.4267 5.8
-8.67522 -43.1163 5.8
-7.02878 -43.1163 5.8
-10.0072 -45.2715 4.97678
-10.0072 -45.2715 6.62322
-5.69678 -45.2715 4.97678
-5.69678 -45.2715 6.62322
-12.084 -49.5035 1.568
-9.42 -49.5035 1.568
-12.084 -46.8395 1.568
-9.42 -46.8395 1.568
-12.084 -49.5035 4.232
-9.42 -49.5035 4.232
-12.084 -46.8395 4.232
-9.42 -46.8395 4.232
-10.752 -48.9947 0.744779
-10.752 -47.3483 0.744779
-10.752 -48.9947 5.05522
-10.752 -47.3483 5.05522
-11.5752 -50.3267 2.9
-9.92878 -50.3267 2.9
-11.5752 -46.0163 2.9
-9.92878 -46.0163 2.9
-12.9072 -48.1715 2.07678
-12.9072 -48.1715 3.72322
-8.59678 -48.1715 2.07678
-8.59678 -48.1715 3.72322
-12.084 -49.5035 1.568
-9.42 -49.5035 1.568
-12.084 -46.8395 1.568
-9.42 -46.8395 1.568
-12.084 -49.5035 4.232
-9.42 -49.5035 4.232
-12.084 -46.8395 4.232
-9.42 -46.8395 4.232
-10.752 -48.9947 0.744779
-10.752 -47.3483 0.744779
-10.752 -48.9947 5.05522
-10.752 -47.3483 5.05522
-11.5752 -50.3267 2.9
-9.92878 -50.3267 2.9
-11.5752 -46.0163 2.9
-9.92878 -46.0163 2.9
-12.9072 -48.1715 2.07678
-12.9072 -48.1715 3.72322
-8.59678 -48.1715 2.07678
-8.59678 -48.1715 3.72322
-14.984 -52.4035 -1.332
-12.32 -52.4035 -1.332
-14.984 -49.7395 -1.332
-12.32 -49.7395 -1.332
-14.984 -52.4035 1.332
-12.32 -52.4035 1.332
-14.984 -49.7395 1.332
-12.32 -49.7395 1.332
-13.652 -51.8947 -2.15522
-13.652 -50.2483 -2.15522
-13.652 -51.8947 2.15522
-13.652 -50.2483 2.15522
-14.4752 -53.2267 0
-12.8288 -53.2267 0
-14.4752 -48.9163 0
-12.8288 -48.9163 0
-15.8072 -51.0715 -0.823221
-15.8072 -51.0715 0.823221
-11.4968 -51.0715 -0.823221
-11.4968 -51.0715 0.823221
-9.184 -46.6035 4.468
-6.52 -46.6035 4.468
-9.184 -43.9395 4.468
-6.52 -43.9395 4.468
-9.184 -46.6035 7.132
-6.52 -46.6035 7.132
-9.184 -43.9395 7.132
-6.52 -43.9395 7.132
-7.852 -46.0947 3.64478
-7.852 -44.4483 3.64478
-7.852 -46.0947 7.95522
-7.852 -44.4483 7.95522
-8.67522 -47.4267 5.8
-7.02878 -47.4267 5.8
-8.67522 -43.1163 5.8
-7.02878 -43.1163 5.8
-10.0072 -45.2715 4.97678
-10.0072 -45.2715 6.62322
-5.69678 -45.2715 4.97678
-5.69678 -45.2715 6.62322
229.226 -110.333 -110.508
231.889 -110.333 -110.508
229.226 -107.669 -110.508
231.889 -107.669 -110.508
229.226 -110.333 -107.844
231.889 -110.333 -107.844
229.226 -107.669 -107.844
231.889 -107.669 -107.844
230.558 -109.824 -111.331
230.558 -108.178 -111.331
230.558 -109.824 -107.021
230.558 -108.178 -107.021
229.734 -111.156 -109.176
231.381 -111.156 -109.176
229.734 -106.846 -109.176
231.381 -106.846 -109.176
228.402 -109.001 -109.999
228.402 -109.001 -108.353
232.713 -109.001 -109.999
232.713 -109.001 -108.353
229.226 -110.333 -110.508
231.889 -110.333 -110.508
229.226 -107.669 -110.508
231.889 -107.669 -110.508
229.226 -110.333 -107.844
231.889 -110.333 -107.844
229.226 -107.669 -107.844
231.889 -107.669 -107.844
230.558 -109.824 -111.331
230.558 -108.178 -111.331
230.558 -109.824 -107.021
230.558 -108.178 -107.021
229.734 -111.156 -109.176
231.381 -111.156 -109.176
229.734 -106.846 -109.176
231.381 -106.846 -109.176
228.402 -109.001 -109.999
228.402 -109.001 -108.353
232.713 -109.001 -109.999
232.713 -109.001 -108.353
226.326 -113.233 -113.408
228.989 -113.233 -113.408
226.326 -110.569 -113.408
228.989 -110.569 -113.408
226.326 -113.233 -110.744
228.989 -113.233 -110.744
226.326 -110.569 -110.744
228.989 -110.569 -110.744
227.657 -112.724 -114.231
227.657 -111.078 -114.231
227.657 -112.724 -109.921
227.657 -111.078 -109.921
226.834 -114.056 -112.076
228.481 -114.056 -112.076
226.834 -109.746 -112.076
228.481 -109.746 -112.076
225.502 -111.901 -112.899
225.502 -111.901 -111.253
229.813 -111.901 -112.899
229.813 -111.901 -111.253
226.326 -113.233 -113.408
228.989 -113.233 -113.408
226.326 -110.569 -113.408
228.989 -110.569 -113.408
226.326 -113.233 -110.744
228.989 -113.233 -110.744
226.326 -110.569 -110.744
228.989 -110.569 -110.744
227.657 -112.724 -114.231
227.657 -111.078 -114.231
227.657 -112.724 -109.921
227.657 -111.078 -109.921
226.834 -114.056 -112.076
228.481 -114.056 -112.076
226.834 -109.746 -112.076
228.481 -109.746 -112.076
225.502 -111.901 -112.899
225.502 -111.901 -111.253
229.813 -111.901 -112.899
229.813 -111.901 -111.253
223.425 -116.133 -116.308
226.089 -116.133 -116.308
223.425 -113.469 -116.308
226.089 -113.469 -116.308
223.425 -116.133 -113.644
226.089 -116.133 -113.644
223.425 -113.469 -113.644
226.089 -113.469 -113.644
224.757 -115.624 -117.131
224.757 -113.978 -117.131
224.757 -115.624 -112.821
224.757 -113.978 -112.821
223.934 -116.956 -114.976
225.581 -116.956 -114.976
223.934 -112.646 -114.976
225.581 -112.646 -114.976
222.602 -114.801 -115.799
222.602 -114.801 -114.153
226.913 -114.801 -115.799
226.913 -114.801 -114.153
229.226 -110.333 -110.508
231.889 -110.333 -110.508
229.226 -107.669 -110.508
231.889 -107.669 -110.508
229.226 -110.333 -107.844
231.889 -110.333 -107.844
229.226 -107.669 -107.844
231.889 -107.669 -107.844
230.558 -109.824 -111.331
230.558 -108.178 -111.331
230.558 -109.824 -107.021
230.558 -108.178 -107.021
229.734 -111.156 -109.176
231.381 -111.156 -109.176
229.734 -106.846 -109.176
231.381 -106.846 -109.176
228.402 -109.001 -109.999
228.402 -109.001 -108.353
232.713 -109.001 -109.999
232.713 -109.001 -108.353
461.836 -179.863 -231.284
464.5 -179.863 -231.284
461.836 -177.199 -231.284
464.5 -177.199 -231.284
461.836 -179.863 -228.62
464.5 -179.863 -228.62
461.836 -177.199 -228.62
464.5 -177.199 -228.62
463.168 -179.354 -232.107
463.168 -177.707 -232.107
463.168 -179.354 -227.796
463.168 -177.707 -227.796
462.344 -180.686 -229.952
463.991 -180.686 -229.952
462.344 -176.375 -229.952
463.991 -176.375 -229.952
461.012 -178.531 -230.775
461.012 -178.531 -229.128
465.323 -178.531 -230.775
465.323 -178.531 -229.128
-528.507 194.309 229.669
-525.843 194.309 229.669
-528.507 196.972 229.669
-525.843 196.972 229.669
-528.507 194.309 232.333
-525.843 194.309 232.333
-528.507 196.972 232.333
-525.843 196.972 232.333
-527.175 194.817 228.846
-527.175 196.464 228.846
-527.175 194.817 233.157
-527.175 196.464 233.157
-527.998 193.485 231.001
-526.352 193.485 231.001
-527.998 197.796 231.001
-526.352 197.796 231.001
-529.33 195.641 230.178
-529.33 195.641 231.825
-525.02 195.641 230.178
-525.02 195.641 231.825
-229.809 121.814 94.2165
-227.145 121.814 94.2165
-229.809 124.477 94.2165
-227.145 124.477 94.2165
-229.809 121.814 96.8805
-227.145 121.814 96.8805
-229.809 124.477 96.8805
-227.145 124.477 96.8805
-228.477 122.322 93.3933
-228.477 123.969 93.3933
-228.477 122.322 97.7037
-228.477 123.969 97.7037
-229.301 120.99 95.5485
-227.654 120.99 95.5485
-229.301 125.301 95.5485
-227.654 125.301 95.5485
-230.633 123.145 94.7253
-230.633 123.145 96.3717
-226.322 123.145 94.7253
-226.322 123.145 96.3717
-229.809 121.814 94.2165
-227.145 121.814 94.2165
-229.809 124.477 94.2165
-227.145 124.477 94.2165
-229.809 121.814 96.8805
-227.145 121.814 96.8805
-229.809 124.477 96.8805
-227.145 124.477 96.8805
-228.477 122.322 93.3933
-228.477 123.969 93.3933
-228.477 122.322 97.7037
-228.477 123.969 97.7037
-229.301 120.99 95.5485
-227.654 120.99 95.5485
-229.301 125.301 95.5485
-227.654 125.301 95.5485
-230.633 123.145 94.7253
-230.633 123.145 96.3717
-226.322 123.145 94.7253
-226.322 123.145 96.3717
-235.609 116.014 88.4165
-232.946 116.014 88.4165
-235.609 118.677 88.4165
-232.946 118.677 88.4165
-235.609 116.014 91.0805
-232.946 116.014 91.0805
-235.609 118.677 91.0805
-232.946 118.677 91.0805
-234.278 116.522 87.5933
-234.278 118.169 87.5933
-234.278 116.522 91.9037
-234.278 118.169 91.9037
-235.101 115.19 89.7485
-233.454 115.19 89.7485
-235.101 119.501 89.7485
-233.454 119.501 89.7485
-236.433 117.346 88.9253
-236.433 117.346 90.5717
-232.122 117.346 88.9253
-232.122 117.346 90.5717
-235.609 116.014 88.4165
-232.946 116.014 88.4165
-235.609 118.677 88.4165
-232.946 118.677 88.4165
-235.609 116.014 91.0805
-232.946 116.014 91.0805
-235.609 118.677 91.0805
-232.946 118.677 91.0805
-234.278 116.522 87.5933
-234.278 118.169 87.5933
-234.278 116.522 91.9037
-234.278 118.169 91.9037
-235.101 115.19 89.7485
-233.454 115.19 89.7485
-235.101 119.501 89.7485
-233.454 119.501 89.7485
-236.433 117.346 88.9253
-236.433 117.346 90.5717
-232.122 117.346 88.9253
-232.122 117.346 90.5717
-253.393 11.326 113.644
-250.73 11.326 113.644
-253.393 13.99 113.644
-250.73 13.99 113.644
-253.393 11.326 116.308
-250.73 11.326 116.308
-253.393 13.99 116.308
-250.73 13.99 116.308
-252.061 11.8348 112.821
-252.061 13.4812 112.821
-252.061 11.8348 117.131
-252.061 13.4812 117.131
-252.885 10.5028 114.976
-251.238 10.5028 114.976
-252.885 14.8132 114.976
-251.238 14.8132 114.976
-254.217 12.658 114.153
-254.217 12.658 115.799
-249.906 12.658 114.153
-249.906 12.658 115.799
-229.809 121.814 94.2165
-227.145 121.814 94.2165
-229.809 124.477 94.2165
-227.145 124.477 94.2165
-229.809 121.814 96.8805
-227.145 121.814 96.8805
-229.809 124.477 96.8805
-227.145 124.477 96.8805
-228.477 122.322 93.3933
-228.477 123.969 93.3933
-228.477 122.322 97.7037
-228.477 123.969 97.7037
-229.301 120.99 95.5485
-227.654 120.99 95.5485
-229.301 125.301 95.5485
-227.654 125.301 95.5485
-230.633 123.145 94.7253
-230.633 123.145 96.3717
-226.322 123.145 94.7253
-226.322 123.145 96.3717
9.0775 57.9565 -20.9895
11.7415 57.9565 -20.9895
9.0775 60.6205 -20.9895
11.7415 60.6205 -20.9895
9.0775 57.9565 -18.3255
11.7415 57.9565 -18.3255
9.0775 60.6205 -18.3255
11.7415 60.6205 -18.3255
10.4095 58.4653 -21.8127
10.4095 60.1117 -21.8127
10.4095 58.4653 -17.5023
10.4095 60.1117 -17.5023
9.58628 57.1333 -19.6575
11.2327 57.1333 -19.6575
9.58628 61.4437 -19.6575
11.2327 61.4437 -19.6575
8.25428 59.2885 -20.4807
8.25428 59.2885 -18.8343
12.5647 59.2885 -20.4807
12.5647 59.2885 -18.8343
9.0775 57.9565 -20.9895
11.7415 57.9565 -20.9895
9.0775 60.6205 -20.9895
11.7415 60.6205 -20.9895
9.0775 57.9565 -18.3255
11.7415 57.9565 -18.3255
9.0775 60.6205 -18.3255
11.7415 60.6205 -18.3255
10.4095 58.4653 -21.8127
10.4095 60.1117 -21.8127
10.4095 58.4653 -17.5023
10.4095 60.1117 -17.5023
9.58628 57.1333 -19.6575
11.2327 57.1333 -19.6575
9.58628 61.4437 -19.6575
11.2327 61.4437 -19.6575
8.25428 59.2885 -20.4807
8.25428 59.2885 -18.8343
12.5647 59.2885 -20.4807
12.5647 59.2885 -18.8343
3.2775 52.1565 -26.7895
5.9415 52.1565 -26.7895
3.2775 54.8205 -26.7895
5.9415 54.8205 -26.7895
3.2775 52.1565 -24.1255
5.9415 52.1565 -24.1255
3.2775 54.8205 -24.1255
5.9415 54.8205 -24.1255
4.6095 52.6653 -27.6127
4.6095 54.3117 -27.6127
4.6095 52.6653 -23.3023
4.6095 54.3117 -23.3023
3.78628 51.3333 -25.4575
5.43272 51.3333 -25.4575
3.78628 55.6437 -25.4575
5.43272 55.6437 -25.4575
2.45428 53.4885 -26.2807
2.45428 53.4885 -24.6343
6.76472 53.4885 -26.2807
6.76472 53.4885 -24.6343
3.2775 52.1565 -26.7895
5.9415 52.1565 -26.7895
3.2775 54.8205 -26.7895
5.9415 54.8205 -26.7895
3.2775 52.1565 -24.1255
5.9415 52.1565 -24.1255
3.2775 54.8205 -24.1255
5.9415 54.8205 -24.1255
4.6095 52.6653 -27.6127
4.6095 54.3117 -27.6127
4.6095 52.6653 -23.3023
4.6095 54.3117 -23.3023
3.78628 51.3333 -25.4575
5.43272 51.3333 -25.4575
3.78628 55.6437 -25.4575
5.43272 55.6437 -25.4575
2.45428 53.4885 -26.2807
2.45428 53.4885 -24.6343
6.76472 53.4885 -26.2807
6.76472 53.4885 -24.6343
-14.984 -52.4035 -1.332
-12.32 -52.4035 -1.332
-14.984 -49.7395 -1.332
-12.32 -49.7395 -1.332
-14.984 -52.4035 1.332
-12.32 -52.4035 1.332
-14.984 -49.7395 1.332
-12.32 -49.7395 1.332
-13.652 -51.8947 -2.15522
-13.652 -50.2483 -2.15522
-13.652 -51.8947 2.15522
-13.652 -50.2483 2.15522
-14.4752 -53.2267 0
-12.8288 -53.2267 0
-14.4752 -48.9163 0
-12.8288 -48.9163 0
-15.8072 -51.0715 -0.823221
-15.8072 -51.0715 0.823221
-11.4968 -51.0715 -0.823221
-11.4968 -51.0715 0.823221
9.0775 57.9565 -20.9895
11.7415 57.9565 -20.9895
9.0775 60.6205 -20.9895
11.7415 60.6205 -20.9895
9.0775 57.9565 -18.3255
11.7415 57.9565 -18.3255
9.0775 60.6205 -18.3255
11.7415 60.6205 -18.3255
10.4095 58.4653 -21.8127
10.4095 60.1117 -21.8127
10.4095 58.4653 -17.5023
10.4095 60.1117 -17.5023
9.58628 57.1333 -19.6575
11.2327 57.1333 -19.6575
9.58628 61.4437 -19.6575
11.2327 61.4437 -19.6575
8.25428 59.2885 -20.4807
8.25428 59.2885 -18.8343
12.5647 59.2885 -20.4807
12.5647 59.2885 -18.8343
246.872 -5.6085 -135.668
249.536 -5.6085 -135.668
246.872 -2.9445 -135.668
249.536 -2.9445 -135.668
246.872 -5.6085 -133.005
249.536 -5.6085 -133.005
246.872 -2.9445 -133.005
249.536 -2.9445 -133.005
248.204 -5.09972 -136.492
248.204 -3.45328 -136.492
248.204 -5.09972 -132.181
248.204 -3.45328 -132.181
247.381 -6.43172 -134.337
249.027 -6.43172 -134.337
247.381 -2.12128 -134.337
249.027 -2.12128 -134.337
246.049 -4.2765 -135.16
246.049 -4.2765 -133.513
250.359 -4.2765 -135.16
250.359 -4.2765 -133.513
246.872 -5.6085 -135.668
249.536 -5.6085 -135.668
246.872 -2.9445 -135.668
249.536 -2.9445 -135.668
246.872 -5.6085 -133.005
249.536 -5.6085 -133.005
246.872 -2.9445 -133.005
249.536 -2.9445 -133.005
248.204 -5.09972 -136.492
248.204 -3.45328 -136.492
248.204 -5.09972 -132.181
248.204 -3.45328 -132.181
247.381 -6.43172 -134.337
249.027 -6.43172 -134.337
247.381 -2.12128 -134.337
249.027 -2.12128 -134.337
246.049 -4.2765 -135.16
246.049 -4.2765 -133.513
250.359 -4.2765 -135.16
250.359 -4.2765 -133.513
241.072 -11.4085 -141.469
243.736 -11.4085 -141.469
241.072 -8.7445 -141.469
243.736 -8.7445 -141.469
241.072 -11.4085 -138.805
243.736 -11.4085 -138.805
241.072 -8.7445 -138.805
243.736 -8.7445 -138.805
242.404 -10.8997 -142.292
242.404 -9.25328 -142.292
242.404 -10.8997 -137.981
242.404 -9.25328 -137.981
241.581 -12.2317 -140.137
243.227 -12.2317 -140.137
241.581 -7.92128 -140.137
243.227 -7.92128 -140.137
240.249 -10.0765 -140.96
240.249 -10.0765 -139.313
244.559 -10.0765 -140.96
244.559 -10.0765 -139.313
241.072 -11.4085 -141.469
243.736 -11.4085 -141.469
241.072 -8.7445 -141.469
243.736 -8.7445 -141.469
241.072 -11.4085 -138.805
243.736 -11.4085 -138.805
241.072 -8.7445 -138.805
243.736 -8.7445 -138.805
242.404 -10.8997 -142.292
242.404 -9.25328 -142.292
242.404 -10.8997 -137.981
242.404 -9.25328 -137.981
241.581 -12.2317 -140.137
243.227 -12.2317 -140.137
241.581 -7.92128 -140.137
243.227 -7.92128 -140.137
240.249 -10.0765 -140.96
240.249 -10.0765 -139.313
244.559 -10.0765 -140.96
244.559 -10.0765 -139.313
223.425 -116.133 -116.308
226.089 -116.133 -116.308
223.425 -113.469 -116.308
226.089 -113.469 -116.308
223.425 -116.133 -113.644
226.089 -116.133 -113.644
223.425 -113.469 -113.644
226.089 -113.469 -113.644
224.757 -115.624 -117.131
224.757 -113.978 -117.131
224.757 -115.624 -112.821
224.757 -113.978 -112.821
223.934 -116.956 -114.976
225.581 -116.956 -114.976
223.934 -112.646 -114.976
225.581 -112.646 -114.976
222.602 -114.801 -115.799
222.602 -114.801 -114.153
226.913 -114.801 -115.799
226.913 -114.801 -114.153
246.872 -5.6085 -135.668
249.536 -5.6085 -135.668
246.872 -2.9445 -135.668
249.536 -2.9445 -135.668
246.872 -5.6085 -133.005
249.536 -5.6085 -133.005
246.872 -2.9445 -133.005
249.536 -2.9445 -133.005
248.204 -5.09972 -136.492
248.204 -3.45328 -136.492
248.204 -5.09972 -132.181
248.204 -3.45328 -132.181
247.381 -6.43172 -134.337
249.027 -6.43172 -134.337
247.381 -2.12128 -134.337
249.027 -2.12128 -134.337
246.049 -4.2765 -135.16
246.049 -4.2765 -133.513
250.359 -4.2765 -135.16
250.359 -4.2765 -133.513
531.091 -88.934 -281.334
533.755 -88.934 -281.334
531.091 -86.27 -281.334
533.755 -86.27 -281.334
531.091 -88.934 -278.67
533.755 -88.934 -278.67
531.091 -86.27 -278.67
533.755 -86.27 -278.67
532.423 -88.4252 -282.157
532.423 -86.7788 -282.157
532.423 -88.4252 -277.847
532.423 -86.7788 -277.847
531.6 -89.7572 -280.002
533.247 -89.7572 -280.002
531.6 -85.4468 -280.002
533.247 -85.4468 -280.002
530.268 -87.602 -280.825
530.268 -87.602 -279.179
534.579 -87.602 -280.825
534.579 -87.602 -279.179
CELLS 1424 5696
3 32 21 33
3 32 20 28
3 32 21 28
3 13 32 12
3 13 32 33
3 4 13 12
3 4 13 5
3 4 10 5
3 38 13 33
3 38 21 33
3 38 19 5
3 38 13 5
3 7 19 5
3 7 10 11
3 7 10 5
3 36 4 12
3 36 32 12
3 36 32 20
3 36 4 17
3 23 7 19
3 23 38 19
3 23 15 35
3 23 7 15
3 14 15 35
3 14 34 35
3 29 20 28
3 29 36 22
3 29 36 20
3 29 21 28
3 29 38 21
3 29 23 38
3 29 34 22
3 29 23 35
3 29 34 35
3 6 10 11
3 6 4 10
3 6 4 17
3 6 36 17
3 6 36 22
3 6 34 22
3 6 14 34
3 6 7 11
3 6 7 15
3 6 14 15
3 72 61 73
3 72 60 68
3 72 61 68
3 72 53 73
3 72 53 52
3 50 57 44
3 50 46 51
3 50 46 57
3 76 72 52
3 76 44 52
3 76 57 44
3 76 72 60
3 69 60 68
3 69 76 60
3 69 76 62
3 45 53 73
3 45 78 59
3 45 61 73
3 45 78 61
3 45 44 52
3 45 53 52
3 45 50 44
3 45 50 51
3 45 47 59
3 45 47 51
3 63 47 59
3 63 78 59
3 63 55 75
3 63 47 55
3 63 61 68
3 63 78 61
3 63 69 68
3 63 69 62
3 63 74 75
3 63 74 62
3 54 46 51
3 54 47 55
3 54 47 51
3 54 76 57
3 54 46 57
3 54 76 62
3 54 74 62
3 54 55 75
3 54 74 75
3 112 101 113
3 112 100 108
3 112 101 108
3 112 93 113
3 112 93 92
3 90 97 84
3 90 86 91
3 90 86 97
3 116 112 92
3 116 84 92
3 116 97 84
3 116 112 100
3 109 100 108
3 109 116 100
3 109 116 102
3 85 93 113
3 85 118 99
3 85 101 113
3 85 118 101
3 85 84 92
3 85 93 92
3 85 90 84
3 85 90 91
3 85 87 99
3 85 87 91
3 103 87 99
3 103 118 99
3 103 95 115
3 103 87 95
3 103 101 108
3 103 118 101
3 103 109 108
3 103 109 102
3 103 114 115
3 103 114 102
3 94 86 91
3 94 87 95
3 94 87 91
3 94 116 97
3 94 86 97
3 94 116 102
3 94 114 102
3 94 95 115
3 94 114 115
3 152 141 153
3 152 140 148
3 152 141 148
3 152 133 153
3 152 133 132
3 130 137 124
3 130 126 131
3 130 126 137
3 156 152 132
3 156 124 132
3 156 137 124
3 156 152 140
3 127 135 155
3 127 158 139
3 127 143 155
3 127 143 158
3 125 133 153
3 125 158 139
3 125 141 153
3 125 158 141
3 125 124 132
3 125 133 132
3 125 130 124
3 125 130 131
3 125 127 139
3 125 127 131
3 149 140 148
3 149 156 140
3 149 156 142
3 149 141 148
3 149 158 141
3 149 143 158
3 149 143 155
3 149 154 155
3 149 154 142
3 134 126 131
3 134 127 135
3 134 127 131
3 134 156 137
3 134 126 137
3 134 156 142
3 134 154 142
3 134 135 155
3 134 154 155
3 183 188 189
3 183 181 198
3 183 181 188
3 165 173 172
3 165 164 170
3 165 164 172
3 168 188 189
3 168 169 189
3 174 194 195
3 174 195 175
3 187 195 175
3 187 167 175
3 171 164 170
3 171 177 164
3 171 177 166
3 171 174 166
3 171 167 175
3 171 174 175
3 193 173 172
3 193 172 192
3 193 181 188
3 193 180 192
3 193 180 188
3 160 164 172
3 160 177 176
3 160 177 164
3 160 180 192
3 160 172 192
3 160 180 188
3 160 168 188
3 182 183 189
3 182 183 195
3 182 194 195
3 191 171 170
3 191 190 170
3 191 187 167
3 191 171 167
3 185 165 170
3 185 190 170
3 185 165 173
3 185 193 173
3 162 169 189
3 162 182 189
3 162 174 194
3 162 182 194
3 162 168 169
3 162 160 176
3 162 160 168
3 162 177 166
3 162 177 176
3 162 174 166
3 199 183 198
3 199 183 195
3 199 187 195
3 199 191 187
3 199 191 190
3 199 185 190
3 199 181 198
3 199 193 181
3 199 185 193
3 223 228 229
3 223 221 238
3 223 221 228
3 205 213 212
3 205 204 210
3 205 204 212
3 208 228 229
3 208 209 229
3 214 234 235
3 214 235 215
3 227 235 215
3 227 207 215
3 211 204 210
3 211 217 204
3 211 217 206
3 211 214 206
3 211 207 215
3 211 214 215
3 225 205 210
3 225 230 210
3 200 204 212
3 200 217 216
3 200 217 204
3 200 220 232
3 200 212 232
3 200 220 228
3 200 208 228
3 222 223 229
3 222 223 235
3 222 234 235
3 231 211 210
3 231 230 210
3 231 227 207
3 231 211 207
3 233 213 212
3 233 212 232
3 233 205 213
3 233 225 205
3 233 221 228
3 233 220 232
3 233 220 228
3 239 223 238
3 239 223 235
3 239 227 235
3 239 225 230
3 239 231 230
3 239 231 227
3 239 221 238
3 239 233 221
3 239 233 225
3 202 209 229
3 202 222 229
3 202 214 234
3 202 222 234
3 202 208 209
3 202 200 216
3 202 200 208
3 202 217 206
3 202 217 216
3 202 214 206
3 277 244 257
3 277 244 264
3 259 245 250
3 259 251 250
3 259 251 247
3 270 244 264
3 270 244 250
3 255 259 247
3 255 243 258
3 255 259 258
3 249 263 243
3 249 263 269
3 246 251 250
3 246 244 250
3 246 244 257
3 246 251 247
3 246 255 247
3 246 255 254
3 253 259 258
3 253 241 258
3 253 259 245
3 261 253 241
3 261 253 273
3 265 270 264
3 265 272 273
3 265 272 264
3 265 253 245
3 265 253 273
3 265 245 250
3 265 270 250
3 242 255 254
3 242 255 243
3 242 249 243
3 242 262 269
3 242 249 269
3 260 262 276
3 260 262 269
3 260 268 269
3 260 277 264
3 260 272 264
3 260 277 276
3 260 272 273
3 260 261 273
3 260 261 268
3 274 242 262
3 274 242 254
3 278 268 269
3 278 263 269
3 278 261 268
3 278 243 258
3 278 263 243
3 278 241 258
3 278 261 241
3 266 262 276
3 266 277 276
3 266 274 262
3 266 277 257
3 266 246 257
3 266 246 254
3 266 274 254
3 317 284 297
3 317 284 304
3 310 284 304
3 310 284 290
3 295 299 298
3 295 283 298
3 295 299 287
3 291 286 297
3 291 284 290
3 291 284 297
3 291 285 290
3 291 299 285
3 291 299 287
3 291 286 294
3 291 295 287
3 291 295 294
3 314 282 294
3 314 282 302
3 305 310 304
3 305 312 313
3 305 312 304
3 305 293 285
3 305 293 313
3 305 285 290
3 305 310 290
3 289 295 294
3 289 295 283
3 289 282 294
3 289 303 309
3 289 303 283
3 289 302 309
3 289 282 302
3 281 299 298
3 281 299 285
3 281 293 285
3 281 301 313
3 281 293 313
3 318 308 309
3 318 303 309
3 318 301 308
3 318 283 298
3 318 303 283
3 318 281 298
3 318 281 301
3 300 302 316
3 300 302 309
3 300 308 309
3 300 317 304
3 300 312 304
3 300 317 316
3 300 301 308
3 300 312 313
3 300 301 313
3 306 302 316
3 306 317 316
3 306 314 302
3 306 286 297
3 306 317 297
3 306 286 294
3 306 314 294
3 340 320 332
3 340 332 352
3 324 320 336
3 324 337 336
3 324 320 332
3 324 333 332
3 324 325 330
3 324 325 333
3 348 343 358
3 348 341 358
3 348 343 349
3 334 354 355
3 334 355 335
3 347 355 335
3 347 327 335
3 331 324 330
3 331 324 337
3 331 337 326
3 331 334 326
3 331 327 335
3 331 334 335
3 353 332 352
3 353 333 332
3 353 340 352
3 353 348 341
3 353 348 340
3 328 348 349
3 328 329 349
3 328 340 320
3 328 348 340
3 342 343 349
3 342 343 355
3 342 354 355
3 351 331 330
3 351 350 330
3 351 347 327
3 351 331 327
3 345 325 330
3 345 350 330
3 345 325 333
3 345 353 333
3 322 329 349
3 322 342 349
3 322 334 354
3 322 342 354
3 322 320 336
3 322 328 329
3 322 328 320
3 322 337 326
3 322 337 336
3 322 334 326
3 359 343 358
3 359 343 355
3 359 347 355
3 359 351 347
3 359 351 350
3 359 345 350
3 359 341 358
3 359 353 341
3 359 345 353
3 397 364 377
3 397 364 384
3 379 365 370
3 379 371 370
3 379 371 367
3 375 379 367
3 375 363 378
3 375 379 378
3 366 371 370
3 366 364 370
3 366 364 377
3 366 371 367
3 366 375 367
3 366 375 374
3 373 379 378
3 373 361 378
3 373 379 365
3 373 385 393
3 373 385 365
3 381 373 361
3 381 373 393
3 390 392 393
3 390 385 393
3 390 392 384
3 390 364 384
3 390 364 370
3 390 365 370
3 390 385 365
3 369 375 374
3 369 375 363
3 369 362 374
3 369 383 389
3 369 383 363
3 369 382 389
3 369 362 382
3 380 382 396
3 380 382 389
3 380 388 389
3 380 397 384
3 380 392 384
3 380 397 396
3 380 392 393
3 380 381 393
3 380 381 388
3 394 362 374
3 394 362 382
3 398 388 389
3 398 381 388
3 398 383 389
3 398 363 378
3 398 383 363
3 398 361 378
3 398 381 361
3 386 382 396
3 386 397 396
3 386 394 382
3 386 397 377
3 386 366 377
3 386 366 374
3 386 394 374
3 437 404 417
3 437 404 424
3 415 419 418
3 415 403 418
3 415 419 407
3 411 406 417
3 411 404 410
3 411 404 417
3 411 405 410
3 411 419 405
3 411 419 407
3 411 406 414
3 411 415 407
3 411 415 414
3 434 402 414
3 434 402 422
3 413 419 418
3 413 401 418
3 413 419 405
3 413 425 433
3 413 425 405
3 421 413 401
3 421 413 433
3 430 432 433
3 430 425 433
3 430 432 424
3 430 404 424
3 430 404 410
3 430 405 410
3 430 425 405
3 409 415 414
3 409 415 403
3 409 402 414
3 409 423 429
3 409 423 403
3 409 422 429
3 409 402 422
3 420 422 436
3 420 422 429
3 420 428 429
3 420 437 424
3 420 432 424
3 420 437 436
3 420 432 433
3 420 421 433
3 420 421 428
3 426 422 436
3 426 437 436
3 426 434 422
3 426 406 417
3 426 437 417
3 426 406 414
3 426 434 414
3 438 428 429
3 438 421 428
3 438 423 429
3 438 403 418
3 438 423 403
3 438 401 418
3 438 421 401
3 463 468 469
3 463 461 478
3 463 461 468
3 444 453 445
3 444 453 452
3 444 445 450
3 440 444 457
3 440 444 452
3 440 457 456
3 440 460 472
3 440 452 472
3 447 467 475
3 447 475 455
3 479 463 478
3 479 463 475
3 479 467 475
3 473 452 472
3 473 453 452
3 473 461 468
3 473 460 472
3 473 460 468
3 448 440 456
3 448 442 456
3 448 442 449
3 448 468 469
3 448 449 469
3 448 460 468
3 448 440 460
3 454 474 475
3 454 475 455
3 454 457 456
3 454 457 446
3 454 442 456
3 462 463 469
3 462 463 475
3 462 474 475
3 462 442 449
3 462 449 469
3 462 454 474
3 462 454 442
3 451 444 450
3 451 444 457
3 451 457 446
3 451 447 455
3 451 454 446
3 451 454 455
3 451 471 470
3 451 470 450
3 451 447 467
3 451 471 467
3 465 445 450
3 465 470 450
3 465 453 445
3 465 473 453
3 465 479 467
3 465 471 470
3 465 471 467
3 465 461 478
3 465 479 478
3 465 473 461
3 517 484 497
3 517 484 504
3 499 485 490
3 499 491 490
3 499 491 487
3 510 484 504
3 510 484 490
3 495 499 487
3 495 483 498
3 495 499 498
3 486 491 490
3 486 484 490
3 486 484 497
3 486 491 487
3 486 495 487
3 486 495 494
3 505 510 504
3 505 512 513
3 505 512 504
3 505 493 485
3 505 493 513
3 505 485 490
3 505 510 490
3 489 495 494
3 489 495 483
3 489 482 494
3 489 503 509
3 489 503 483
3 489 502 509
3 489 482 502
3 481 499 498
3 481 499 485
3 481 493 485
3 481 501 513
3 481 493 513
3 518 508 509
3 518 503 509
3 518 501 508
3 518 483 498
3 518 503 483
3 518 481 498
3 518 481 501
3 500 502 516
3 500 502 509
3 500 508 509
3 500 517 504
3 500 512 504
3 500 517 516
3 500 501 508
3 500 512 513
3 500 501 513
3 514 482 494
3 514 482 502
3 506 502 516
3 506 517 516
3 506 514 502
3 506 517 497
3 506 486 497
3 506 486 494
3 506 514 494
3 557 524 537
3 557 524 544
3 539 525 530
3 539 531 530
3 539 531 527
3 550 524 544
3 550 524 530
3 535 539 527
3 535 523 538
3 535 539 538
3 529 543 523
3 529 543 549
3 526 531 530
3 526 524 530
3 526 524 537
3 526 531 527
3 526 535 527
3 526 535 534
3 545 550 544
3 545 552 553
3 545 552 544
3 545 533 525
3 545 533 553
3 545 525 530
3 545 550 530
3 522 535 534
3 522 535 523
3 522 529 523
3 522 542 549
3 522 529 549
3 521 539 538
3 521 539 525
3 521 533 525
3 521 541 553
3 521 533 553
3 558 548 549
3 558 543 549
3 558 541 548
3 558 523 538
3 558 543 523
3 558 521 538
3 558 521 541
3 540 542 556
3 540 542 549
3 540 548 549
3 540 557 544
3 540 552 544
3 540 557 556
3 540 541 548
3 540 552 553
3 540 541 553
3 554 522 542
3 554 522 534
3 546 542 556
3 546 557 556
3 546 554 542
3 546 557 537
3 546 526 537
3 546 526 534
3 546 554 534
3 583 588 589
3 583 581 598
3 583 581 588
3 564 573 572
3 564 565 570
3 564 565 573
3 568 588 589
3 568 569 589
3 582 562 569
3 582 569 589
3 567 587 595
3 567 595 575
3 599 583 598
3 599 583 595
3 599 587 595
3 585 565 570
3 585 590 570
3 585 599 587
3 585 591 590
3 585 591 587
3 560 577 576
3 560 564 577
3 560 564 572
3 560 562 576
3 560 562 569
3 560 568 569
3 560 580 592
3 560 572 592
3 560 580 588
3 560 568 588
3 594 583 589
3 594 583 595
3 594 582 589
3 571 577 566
3 571 564 570
3 571 564 577
3 571 591 590
3 571 590 570
3 571 567 587
3 571 591 587
3 593 573 572
3 593 572 592
3 593 565 573
3 593 585 565
3 593 581 588
3 593 580 592
3 593 580 588
3 593 581 598
3 593 599 598
3 593 585 599
3 574 595 575
3 574 594 595
3 574 582 562
3 574 594 582
3 574 577 566
3 574 577 576
3 574 562 576
3 574 567 575
3 574 571 566
3 574 571 567
3 623 628 629
3 623 621 638
3 623 621 628
3 604 613 605
3 604 613 612
3 604 605 610
3 608 628 629
3 608 609 629
3 614 634 635
3 614 635 615
3 627 635 615
3 627 607 615
3 611 604 610
3 611 604 617
3 611 617 606
3 611 614 606
3 611 607 615
3 611 614 615
3 625 605 610
3 625 630 610
3 600 604 617
3 600 604 612
3 600 617 616
3 600 620 632
3 600 612 632
3 600 620 628
3 600 608 628
3 622 623 629
3 622 623 635
3 622 634 635
3 631 611 610
3 631 630 610
3 631 627 607
3 631 611 607
3 633 613 612
3 633 612 632
3 633 613 605
3 633 625 605
3 633 621 628
3 633 620 632
3 633 620 628
3 639 623 638
3 639 623 635
3 639 627 635
3 639 625 630
3 639 631 630
3 639 631 627
3 639 621 638
3 639 633 621
3 639 633 625
3 602 609 629
3 602 622 629
3 602 614 634
3 602 622 634
3 602 608 609
3 602 600 616
3 602 600 608
3 602 617 616
3 602 617 606
3 602 614 606
3 677 644 657
3 677 644 664
3 659 645 650
3 659 651 650
3 659 651 647
3 670 644 664
3 670 644 650
3 655 659 647
3 655 643 658
3 655 659 658
3 649 663 643
3 649 663 669
3 646 651 650
3 646 644 650
3 646 644 657
3 646 651 647
3 646 655 647
3 646 655 654
3 653 659 658
3 653 641 658
3 653 659 645
3 661 653 641
3 661 653 673
3 665 670 664
3 665 672 673
3 665 672 664
3 665 653 645
3 665 653 673
3 665 645 650
3 665 670 650
3 642 655 654
3 642 655 643
3 642 649 643
3 642 662 669
3 642 649 669
3 660 662 676
3 660 662 669
3 660 668 669
3 660 677 664
3 660 672 664
3 660 677 676
3 660 672 673
3 660 661 673
3 660 661 668
3 674 642 662
3 674 642 654
3 678 668 669
3 678 663 669
3 678 661 668
3 678 643 658
3 678 663 643
3 678 641 658
3 678 661 641
3 666 662 676
3 666 677 676
3 666 674 662
3 666 677 657
3 666 646 657
3 666 646 654
3 666 674 654
3 681 708 688
3 681 708 701
3 718 681 698
3 718 681 701
3 699 718 698
3 699 718 719
3 700 708 701
3 700 713 712
3 700 713 701
3 700 704 712
3 700 717 716
3 700 717 704
3 711 704 710
3 711 717 704
3 711 717 706
3 697 717 716
3 697 696 716
3 705 718 719
3 705 718 701
3 705 713 701
3 705 704 712
3 705 704 710
3 705 713 712
3 683 681 698
3 683 689 688
3 683 681 688
3 683 699 698
3 683 695 687
3 683 699 687
3 683 682 689
3 683 695 694
3 683 682 694
3 680 682 696
3 680 689 688
3 680 682 689
3 680 708 688
3 680 700 708
3 680 700 716
3 680 696 716
3 707 711 710
3 707 705 710
3 707 705 719
3 707 699 687
3 707 699 719
3 707 691 687
3 707 711 691
3 686 711 706
3 686 711 691
3 686 717 706
3 686 697 717
3 686 695 694
3 686 691 687
3 686 695 687
3 686 682 694
3 686 682 696
3 686 697 696
3 743 748 749
3 743 741 758
3 743 741 748
3 724 733 732
3 724 725 730
3 724 725 733
3 728 748 749
3 728 729 749
3 722 742 749
3 722 729 749
3 727 747 755
3 727 755 735
3 759 743 758
3 759 743 755
3 759 747 755
3 753 733 732
3 753 732 752
3 753 741 748
3 753 740 752
3 753 740 748
3 720 724 737
3 720 724 732
3 720 737 736
3 720 728 729
3 720 722 736
3 720 722 729
3 720 740 752
3 720 732 752
3 720 740 748
3 720 728 748
3 734 737 736
3 734 737 726
3 734 722 736
3 731 724 730
3 731 724 737
3 731 737 726
3 731 727 735
3 731 734 726
3 731 734 735
3 731 751 750
3 731 750 730
3 731 727 747
3 731 751 747
3 745 725 730
3 745 750 730
3 745 725 733
3 745 753 733
3 745 759 747
3 745 751 750
3 745 751 747
3 745 741 758
3 745 759 758
3 745 753 741
3 754 743 749
3 754 743 755
3 754 742 749
3 754 755 735
3 754 734 735
3 754 722 742
3 754 734 722
3 797 764 777
3 797 764 784
3 785 773 765
3 785 773 793
3 775 779 778
3 775 763 778
3 775 779 767
3 792 780 796
3 792 797 796
3 792 797 784
3 783 798 778
3 783 763 778
3 771 766 777
3 771 764 770
3 771 764 777
3 771 765 770
3 771 779 765
3 771 779 767
3 771 766 774
3 771 775 767
3 771 775 774
3 786 766 777
3 786 797 777
3 790 785 793
3 790 792 784
3 790 792 793
3 790 764 784
3 790 764 770
3 790 765 770
3 790 785 765
3 769 775 774
3 769 775 763
3 769 762 774
3 769 783 763
3 769 783 789
3 769 782 789
3 769 762 782
3 788 782 796
3 788 782 789
3 788 780 796
3 788 792 793
3 788 792 780
3 788 781 793
3 788 783 798
3 788 783 789
3 788 781 798
3 761 779 765
3 761 779 778
3 761 773 765
3 761 798 778
3 761 781 798
3 761 773 793
3 761 781 793
3 794 782 796
3 794 797 796
3 794 786 797
3 794 762 774
3 794 762 782
3 794 766 774
3 794 786 766
3 801 828 808
3 801 828 821
3 838 801 818
3 838 801 821
3 819 838 818
3 819 838 839
3 815 803 818
3 815 819 818
3 815 819 807
3 820 824 832
3 820 837 836
3 820 837 824
3 831 824 830
3 831 837 824
3 831 837 826
3 817 837 836
3 817 816 836
3 833 824 832
3 833 824 830
3 833 825 830
3 833 838 839
3 833 838 821
3 833 825 839
3 833 828 821
3 833 820 832
3 833 820 828
3 809 801 818
3 809 803 818
3 809 801 808
3 809 815 814
3 809 815 803
3 809 802 814
3 800 802 816
3 800 809 802
3 800 809 808
3 800 828 808
3 800 820 828
3 800 820 836
3 800 816 836
3 827 825 839
3 827 825 830
3 827 831 830
3 827 819 839
3 827 819 807
3 827 811 807
3 827 831 811
3 806 831 826
3 806 831 811
3 806 837 826
3 806 817 837
3 806 811 807
3 806 815 814
3 806 815 807
3 806 802 814
3 806 802 816
3 806 817 816
3 873 853 852
3 873 852 872
3 840 844 852
3 840 857 856
3 840 857 844
3 840 860 872
3 840 852 872
3 842 854 846
3 842 857 856
3 842 857 846
3 867 847 855
3 867 875 855
3 851 854 846
3 851 854 855
3 851 847 855
3 851 844 850
3 851 857 844
3 851 857 846
3 845 844 852
3 845 844 850
3 845 853 852
3 845 870 850
3 845 865 870
3 845 873 853
3 845 873 865
3 861 863 878
3 861 868 869
3 861 863 869
3 861 860 868
3 861 860 872
3 861 873 872
3 848 840 856
3 848 842 856
3 848 842 849
3 848 868 869
3 848 849 869
3 848 860 868
3 848 840 860
3 862 849 869
3 862 842 849
3 879 863 878
3 879 867 875
3 879 863 875
3 879 873 865
3 879 861 873
3 879 861 878
3 871 865 870
3 871 879 865
3 871 879 867
3 871 851 850
3 871 870 850
3 871 867 847
3 871 851 847
3 874 863 869
3 874 863 875
3 874 862 869
3 874 854 855
3 874 875 855
3 874 842 854
3 874 862 842
3 917 884 897
3 917 884 904
3 899 885 890
3 899 891 890
3 899 891 887
3 905 893 885
3 905 893 913
3 895 899 887
3 895 883 898
3 895 899 898
3 886 891 890
3 886 884 890
3 886 884 897
3 886 891 887
3 886 895 887
3 886 895 894
3 910 905 913
3 910 912 913
3 910 912 904
3 910 884 904
3 910 884 890
3 910 885 890
3 910 905 885
3 889 895 894
3 889 895 883
3 889 882 894
3 889 903 909
3 889 903 883
3 889 902 909
3 889 882 902
3 881 899 898
3 881 899 885
3 881 893 885
3 881 893 913
3 881 901 913
3 918 908 909
3 918 903 909
3 918 901 908
3 918 883 898
3 918 903 883
3 918 881 898
3 918 881 901
3 900 902 916
3 900 902 909
3 900 908 909
3 900 917 904
3 900 912 904
3 900 917 916
3 900 901 908
3 900 912 913
3 900 901 913
3 906 917 897
3 906 886 897
3 914 902 916
3 914 917 916
3 914 906 917
3 914 882 894
3 914 882 902
3 914 886 894
3 914 906 886
3 921 948 928
3 921 948 941
3 958 921 938
3 958 921 941
3 939 958 938
3 939 958 959
3 935 923 938
3 935 939 938
3 935 939 927
3 929 921 938
3 929 923 938
3 929 921 928
3 940 948 941
3 940 953 952
3 940 953 941
3 940 944 952
3 940 957 956
3 940 957 944
3 951 944 950
3 951 957 944
3 951 957 946
3 937 957 956
3 937 936 956
3 945 958 959
3 945 958 941
3 945 953 941
3 945 944 952
3 945 944 950
3 945 953 952
3 922 935 934
3 922 935 923
3 922 929 923
3 920 929 928
3 920 922 936
3 920 922 929
3 920 948 928
3 920 940 948
3 920 940 956
3 920 936 956
3 947 951 950
3 947 945 950
3 947 945 959
3 947 939 959
3 947 939 927
3 947 931 927
3 947 951 931
3 926 951 946
3 926 951 931
3 926 957 946
3 926 937 957
3 926 931 927
3 926 935 934
3 926 935 927
3 926 937 936
3 926 922 934
3 926 922 936
3 983 988 989
3 983 981 998
3 983 981 988
3 964 973 972
3 964 965 970
3 964 965 973
3 968 988 989
3 968 969 989
3 982 962 969
3 982 969 989
3 987 995 975
3 987 967 975
3 971 977 966
3 971 964 970
3 971 964 977
3 993 973 972
3 993 972 992
3 993 981 988
3 993 980 992
3 993 980 988
3 960 977 976
3 960 964 977
3 960 964 972
3 960 962 976
3 960 962 969
3 960 968 969
3 960 980 992
3 960 972 992
3 960 980 988
3 960 968 988
3 974 977 966
3 974 977 976
3 974 962 976
3 974 967 975
3 974 971 966
3 974 971 967
3 991 971 970
3 991 990 970
3 991 987 967
3 991 971 967
3 985 965 970
3 985 990 970
3 985 965 973
3 985 993 973
3 994 983 989
3 994 983 995
3 994 982 989
3 994 995 975
3 994 974 975
3 994 982 962
3 994 974 962
3 999 983 998
3 999 983 995
3 999 987 995
3 999 991 987
3 999 991 990
3 999 985 990
3 999 981 998
3 999 993 981
3 999 985 993
CELL_TYPES 1424
5 5 5 5 5 5 5 5 5 5 
5 5 5 5 5 5 5 5 5 5 
5 5 5 5 5 5 5 5 5 5 
5 5 5 5 5 5 5 5 5 5 
5 5 5 5 5 5 5 5 5 5 
5 5 5 5 5 5 5 5 5 5 
5 5 5 5 5 5 5 5 5 5 
5 5 5 5 5 5 5 5 5 5 
5 5 5 5 5 5 5 5 5 5 
5 5 5 5 5 5 5 5 5 5 
5 5 5 5 5 5 5 5 5 5 
5 5 5 5 5 5 5 5 5 5 
5 5 5 5 5 5 5 5 5 5 
5 5 5 5 5 5 5 5 5 5 
5 5 5 5 5 5 5 5 5 5 
5 5 5 5 5 5 5 5 5 5 
5 5 5 5 5 5 5 5 5 5 
5 5 5 5 5 5 5 5 5 5 
5 5 5 5 5 5 5 5 5 5 
5 5 5 5 5 5 5 5 5 5 
5 5 5 5 5 5 5 5 5 5 
5 5 5 5 5 5 5 5 5 5 
5 5 5 5 5 5 5 5 5 5 
5 5 5 5 5 5 5 5 5 5 
5 5 5 5 5 5 5 5 5 5 
5 5 5 5 5 5 5 5 5 5 
5 5 5 5 5 5 5 5 5 5 
5 5 5 5 5 5 5 5 5 5 
5 5 5 5 5 5 5 5 5 5 
5 5 5 5 5 5 5 5 5 5 
5 5 5 5 5 5 5 5 5 5 
5 5 5 5 5 5 5 5 5 5 
5 5 5 5 5 5 5 5 5 5 
5 5 5 5 5 5 5 5 5 5 
5 5 5 5 5 5 5 5 5 5 
5 5 5 5 5 5 5 5 5 5 
5 5 5 5 5 5 5 5 5 5 
5 5 5 5 5 5 5 5 5 5 
5 5 5 5 5 5 5 5 5 5 
5 5 5 5 5 5 5 5 5 5 
5 5 5 5 5 5 5 5 5 5 
5 5 5 5 5 5 5 5 5 5 
5 5 5 5 5 5 5 5 5 5 
5 5 5 5 5 5 5 5 5 5 
5 5 5 5 5 5 5 5 5 5 
5 5 5 5 5 5 5 5 5 5 
5 5 5 5 5 5 5 5 5 5 
5 5 5 5 5 5 5 5 5 5 
5 5 5 5 5 5 5 5 5 5 
5 5 5 5 5 5 5 5 5 5 
5 5 5 5 5 5 5 5 5 5 
5 5 5 5 5 5 5 5 5 5 
5 5 5 5 5 5 5 5 5 5 
5 5 5 5 5 5 5 5 5 5 
5 5 5 5 5 5 5 5 5 5 
5 5 5 5 5 5 5 5 5 5 
5 5 5 5 5 5 5 5 5 5 
5 5 5 5 5 5 5 5 5 5 
5 5 5 5 5 5 5 5 5 5 
5 5 5 5 5 5 5 5 5 5 
5 5 5 5 5 5 5 5 5 5 
5 5 5 5 5 5 5 5 5 5 
5 5 5 5 5 5 5 5 5 5 
5 5 5 5 5 5 5 5 5 5 
5 5 5 5 5 5 5 5 5 5 
5 5 5 5 5 5 5 5 5 5 
5 5 5 5 5 5 5 5 5 5 
5 5 5 5 5 5 5 5 5 5 
5 5 5 5 5 5 5 5 5 5 
5 5 5 5 5 5 5 5 5 5 
5 5 5 5 5 5 5 5 5 5 
5 5 5 5 5 5 5 5 5 5 
5 5 5 5 5 5 5 5 5 5 
5 5 5 5 5 5 5 5 5 5 
5 5 5 5 5 5 5 5 5 5 
5 5 5 5 5 5 5 5 5 5 
5 5 5 5 5 5 5 5 5 5 
5 5 5 5 5 5 5 5 5 5 
5 5 5 5 5 5 5 5 5 5 
5 5 5 5 5 5 5 5 5 5 
5 5 5 5 5 5 5 5 5 5 
5 5 5 5 5 5 5 5 5 5 
5 5 5 5 5 5 5 5 5 5 
5 5 5 5 5 5 5 5 5 5 
5 5 5 5 5 5 5 5 5 5 
5 5 5 5 5 5 5 5 5 5 
5 5 5 5 5 5 5 5 5 5 
5 5 5 5 5 5 5 5 5 5 
5 5 5 5 5 5 5 5 5 5 
5 5 5 5 5 5 5 5 5 5 
5 5 5 5 5 5 5 5 5 5 
5 5 5 5 5 5 5 5 5 5 
5 5 5 5 5 5 5 5 5 5 
5 5 5 5 5 5 5 5 5 5 
5 5 5 5 5 5 5 5 5 5 
5 5 5 5 5 5 5 5 5 5 
5 5 5 5 5 5 5 5 5 5 
5 5 5 5 5 5 5 5 5 5 
5 5 5 5 5 5 5 5 5 5 
5 5 5 5 5 5 5 5 5 5 
5 5 5 5 5 5 5 5 5 5 
5 5 5 5 5 5 5 5 5 5 
5 5 5 5 5 5 5 5 5 5 
5 5 5 5 5 5 5 5 5 5 
5 5 5 5 5 5 5 5 5 5 
5 5 5 5 5 5 5 5 5 5 
5 5 5 5 5 5 5 5 5 5 
5 5 5 5 5 5 5 5 5 5 
5 5 5 5 5 5 5 5 5 5 
5 5 5 5 5 5 5 5 5 5 
5 5 5 5 5 5 5 5 5 5 
5 5 5 5 5 5 5 5 5 5 
5 5 5 5 5 5 5 5 5 5 
5 5 5 5 5 5 5 5 5 5 
5 5 5 5 5 5 5 5 5 5 
5 5 5 5 5 5 5 5 5 5 
5 5 5 5 5 5 5 5 5 5 
5 5 5 5 5 5 5 5 5 5 
5 5 5 5 5 5 5 5 5 5 
5 5 5 5 5 5 5 5 5 5 
5 5 5 5 5 5 5 5 5 5 
5 5 5 5 5 5 5 5 5 5 
5 5 5 5 5 5 5 5 5 5 
5 5 5 5 5 5 5 5 5 5 
5 5 5 5 5 5 5 5 5 5 
5 5 5 5 5 5 5 5 5 5 
5 5 5 5 5 5 5 5 5 5 
5 5 5 5 5 5 5 5 5 5 
5 5 5 5 5 5 5 5 5 5 
5 5 5 5 5 5 5 5 5 5 
5 5 5 5 5 5 5 5 5 5 
5 5 5 5 5 5 5 5 5 5 
5 5 5 5 5 5 5 5 5 5 
5 5 5 5 5 5 5 5 5 5 
5 5 5 5 5 5 5 5 5 5 
5 5 5 5 5 5 5 5 5 5 
5 5 5 5 5 5 5 5 5 5 
5 5 5 5 5 5 5 5 5 5 
5 5 5 5 5 5 5 5 5 5 
5 5 5 5 5 5 5 5 5 5 
5 5 5 5 5 5 5 5 5 5 
5 5 5 5 5 5 5 5 5 5 
5 5 5 5 
CELL_DATA 1424
SCALARS Pipe_Number float 1
LOOKUP_TABLE default
0 0 0 0 0 0 0 0 0 
0 0 0 0 0 0 0 0 0 0 
0 0 0 0 0 0 0 0 0 0 
0 0 0 0 0 0 0 0 0 0 
0 0 0 0 0 1 1 1 1 1 
1 1 1 1 1 1 1 1 1 1 
1 1 1 1 1 1 1 1 1 1 
1 1 1 1 1 1 1 1 1 1 
1 1 1 1 1 1 1 1 1 2 
2 2 2 2 2 2 2 2 2 2 
2 2 2 2 2 2 2 2 2 2 
2 2 2 2 2 2 2 2 2 2 
2 2 2 2 2 2 2 2 2 2 
2 2 2 3 3 3 3 3 3 3 
3 3 3 3 3 3 3 3 3 3 
3 3 3 3 3 3 3 3 3 3 
3 3 3 3 3 3 3 3 3 3 
3 3 3 3 3 3 3 4 4 4 
4 4 4 4 4 4 4 4 4 4 
4 4 4 4 4 4 4 4 4 4 
4 4 4 4 4 4 4 4 4 4 
4 4 4 4 4 4 4 4 4 4 
4 4 4 4 4 4 4 4 4 4 
4 4 4 4 4 4 4 5 5 5 
5 5 5 5 5 5 5 5 5 5 
5 5 5 5 5 5 5 5 5 5 
5 5 5 5 5 5 5 5 5 5 
5 5 5 5 5 5 5 5 5 5 
5 5 5 5 5 5 5 5 5 5 
5 5 5 5 5 5 5 6 6 6 
6 6 6 6 6 6 6 6 6 6 
6 6 6 6 6 6 6 6 6 6 
6 6 6 6 6 6 6 6 6 6 
6 6 6 6 6 6 6 6 6 6 
6 6 6 6 6 6 6 6 6 6 
6 6 6 6 6 6 6 7 7 7 
7 7 7 7 7 7 7 7 7 7 
7 7 7 7 7 7 7 7 7 7 
7 7 7 7 7 7 7 7 7 7 
7 7 7 7 7 7 7 7 7 7 
7 7 7 7 7 7 7 7 7 7 
7 7 7 7 7 7 7 8 8 8 
8 8 8 8 8 8 8 8 8 8 
8 8 8 8 8 8 8 8 8 8 
8 8 8 8 8 8 8 8 8 8 
8 8 8 8 8 8 8 8 8 8 
8 8 8 8 8 8 8 8 8 8 
8 8 8 8 8 8 8 9 9 9 
9 9 9 9 9 9 9 9 9 9 
9 9 9 9 9 9 9 9 9 9 
9 9 9 9 9 9 9 9 9 9 
9 9 9 9 9 9 9 9 9 9 
9 9 9 9 9 9 9 9 9 9 
9 9 9 9 9 9 9 10 10 10 
10 10 10 10 10 10 10 10 10 10 
10 10 10 10 10 10 10 10 10 10 
10 10 10 10 10 10 10 10 10 10 
10 10 10 10 10 10 10 10 10 10 
10 10 10 10 10 10 10 10 10 10 
10 10 10 10 10 10 10 11 11 11 
11 11 11 11 11 11 11 11 11 11 
11 11 11 11 11 11 11 11 11 11 
11 11 11 11 11 11 11 11 11 11 
11 11 11 11 11 11 11 11 11 11 
11 11 11 11 11 11 11 11 11 11 
11 11 11 11 11 11 11 12 12 12 
12 12 12 12 12 12 12 12 12 12 
12 12 12 12 12 12 12 12 12 12 
12 12 12 12 12 12 12 12 12 12 
12 12 12 12 12 12 12 12 12 12 
12 12 12 12 12 12 12 12 12 12 
12 12 12 12 12 12 12 13 13 13 
13 13 13 13 13 13 13 13 13 13 
13 13 13 13 13 13 13 13 13 13 
13 13 13 13 13 13 13 13 13 13 
13 13 13 13 13 13 13 13 13 13 
13 13 13 13 13 13 13 13 13 13 
13 13 13 13 13 13 13 14 14 14 
14 14 14 14 14 14 14 14 14 14 
14 14 14 14 14 14 14 14 14 14 
14 14 14 14 14 14 14 14 14 14 
14 14 14 14 14 14 14 14 14 14 
14 14 14 14 14 14 14 14 14 14 
14 14 14 14 14 14 14 15 15 15 
15 15 15 15 15 15 15 15 15 15 
15 15 15 15 15 15 15 15 15 15 
15 15 15 15 15 15 15 15 15 15 
15 15 15 15 15 15 15 15 15 15 
15 15 15 15 15 15 15 15 15 15 
15 15 15 15 15 15 15 16 16 16 
16 16 16 16 16 16 16 16 16 16 
16 16 16 16 16 16 16 16 16 16 
16 16 16 16 16 16 16 16 16 16 
16 16 16 16 16 16 16 16 16 16 
16 16 16 16 16 16 16 16 16 16 
16 16 16 16 16 16 16 17 17 17 
17 17 17 17 17 17 17 17 17 17 
17 17 17 17 17 17 17 17 17 17 
17 17 17 17 17 17 17 17 17 17 
17 17 17 17 17 17 17 17 17 17 
17 17 17 17 17 17 17 17 17 17 
17 17 17 18 18 18 18 18 18 18 
18 18 18 18 18 18 18 18 18 18 
18 18 18 18 18 18 18 18 18 18 
18 18 18 18 18 18 18 18 18 18 
18 18 18 18 18 18 18 18 18 18 
18 18 18 18 18 18 18 18 18 18 
18 18 18 19 19 19 19 19 19 19 
19 19 19 19 19 19 19 19 19 19 
19 19 19 19 19 19 19 19 19 19 
19 19 19 19 19 19 19 19 19 19 
19 19 19 19 19 19 19 19 19 19 
19 19 19 19 19 19 19 19 19 19 
19 19 19 20 20 20 20 20 20 20 
20 20 20 20 20 20 20 20 20 20 
20 20 20 20 20 20 20 20 20 20 
20 20 20 20 20 20 20 20 20 20 
20 20 20 20 20 20 20 20 20 20 
20 20 20 20 20 20 20 20 20 21 
21 21 21 21 21 21 21 21 21 21 
21 21 21 21 21 21 21 21 21 21 
21 21 21 21 21 21 21 21 21 21 
21 21 21 21 21 21 21 21 21 21 
21 21 21 21 21 21 21 21 21 21 
21 21 21 21 21 21 21 21 21 22 
22 22 22 22 22 22 22 22 22 22 
22 22 22 22 22 22 22 22 22 22 
22 22 22 22 22 22 22 22 22 22 
22 22 22 22 22 22 22 22 22 22 
22 22 22 22 22 22 22 22 22 22 
22 22 22 22 22 22 22 22 22 23 
23 23 23 23 23 23 23 23 23 23 
23 23 23 23 23 23 23 23 23 23 
23 23 23 23 23 23 23 23 23 23 
23 23 23 23 23 23 23 23 23 23 
23 23 23 23 23 23 23 23 23 23 
23 23 23 23 23 24 24 24 24 24 
24 24 24 24 24 24 24 24 24 24 
24 24 24 24 24 24 24 24 24 24 
24 24 24 24 24 24 24 24 24 24 
24 24 24 24 24 24 24 24 24 24 
24 24 24 24 24 24 24 24 24 24 
24 24 24 24 24 SCALARS Type float 1
LOOKUP_TABLE default
-1 -1 -1 -1 -1 -1 -1 -1 -1 
-1 -1 -1 -1 -1 -1 -1 -1 -1 -1 
-1 -1 -1 -1 -1 -1 -1 -1 -1 -1 
-1 -1 -1 -1 -1 -1 -1 -1 -1 -1 
-1 -1 -1 -1 -1 -2 -2 -2 -2 -2 
-2 -2 -2 -2 -2 -2 -2 -2 -2 -2 
-2 -2 -2 -2 -2 -2 -2 -2 -2 -2 
-2 -2 -2 -2 -2 -2 -2 -2 -2 -2 
-2 -2 -2 -2 -2 -2 -2 -2 -2 0 
0 0 0 0 0 0 0 0 0 0 
0 0 0 0 0 0 0 0 0 0 
0 0 0 0 0 0 0 0 0 0 
0 0 0 0 0 0 0 0 0 0 
0 0 0 0 0 0 0 0 0 0 
0 0 0 0 0 0 0 0 0 0 
0 0 0 0 0 0 0 0 0 0 
0 0 0 0 0 0 0 0 0 0 
0 0 0 0 0 0 0 0 0 0 
0 0 0 0 0 0 0 0 0 0 
0 0 0 0 0 0 0 0 0 0 
0 0 0 0 0 0 0 0 0 0 
0 0 0 0 0 0 0 0 0 0 
0 0 0 0 0 0 0 0 0 0 
0 0 0 0 0 0 0 -3 -3 -3 
-3 -3 -3 -3 -3 -3 -3 -3 -3 -3 
-3 -3 -3 -3 -3 -3 -3 -3 -3 -3 
-3 -3 -3 -3 -3 -3 -3 -3 -3 -3 
-3 -3 -3 -3 -3 -3 -3 -3 -3 -3 
-3 -3 -3 -3 -3 -3 -3 -3 -3 -3 
-3 -3 -3 -3 -3 -3 -3 5 5 5 
5 5 5 5 5 5 5 5 5 5 
5 5 5 5 5 5 5 5 5 5 
5 5 5 5 5 5 5 5 5 5 
5 5 5 5 5 5 5 5 5 5 
5 5 5 5 5 5 5 5 5 5 
5 5 5 5 5 5 5 4 4 4 
4 4 4 4 4 4 4 4 4 4 
4 4 4 4 4 4 4 4 4 4 
4 4 4 4 4 4 4 4 4 4 
4 4 4 4 4 4 4 4 4 4 
4 4 4 4 4 4 4 4 4 4 
4 4 4 4 4 4 4 -3 -3 -3 
-3 -3 -3 -3 -3 -3 -3 -3 -3 -3 
-3 -3 -3 -3 -3 -3 -3 -3 -3 -3 
-3 -3 -3 -3 -3 -3 -3 -3 -3 -3 
-3 -3 -3 -3 -3 -3 -3 -3 -3 -3 
-3 -3 -3 -3 -3 -3 -3 -3 -3 -3 
-3 -3 -3 -3 -3 -3 -3 5 5 5 
5 5 5 5 5 5 5 5 5 5 
5 5 5 5 5 5 5 5 5 5 
5 5 5 5 5 5 5 5 5 5 
5 5 5 5 5 5 5 5 5 5 
5 5 5 5 5 5 5 5 5 5 
5 5 5 5 5 5 5 4 4 4 
4 4 4 4 4 4 4 4 4 4 
4 4 4 4 4 4 4 4 4 4 
4 4 4 4 4 4 4 4 4 4 
4 4 4 4 4 4 4 4 4 4 
4 4 4 4 4 4 4 4 4 4 
4 4 4 4 4 4 4 -3 -3 -3 
-3 -3 -3 -3 -3 -3 -3 -3 -3 -3 
-3 -3 -3 -3 -3 -3 -3 -3 -3 -3 
-3 -3 -3 -3 -3 -3 -3 -3 -3 -3 
-3 -3 -3 -3 -3 -3 -3 -3 -3 -3 
-3 -3 -3 -3 -3 -3 -3 -3 -3 -3 
-3 -3 -3 -3 -3 -3 -3 5 5 5 
5 5 5 5 5 5 5 5 5 5 
5 5 5 5 5 5 5 5 5 5 
5 5 5 5 5 5 5 5 5 5 
5 5 5 5 5 5 5 5 5 5 
5 5 5 5 5 5 5 5 5 5 
5 5 5 5 5 5 5 4 4 4 
4 4 4 4 4 4 4 4 4 4 
4 4 4 4 4 4 4 4 4 4 
4 4 4 4 4 4 4 4 4 4 
4 4 4 4 4 4 4 4 4 4 
4 4 4 4 4 4 4 4 4 4 
4 4 4 4 4 4 4 -3 -3 -3 
-3 -3 -3 -3 -3 -3 -3 -3 -3 -3 
-3 -3 -3 -3 -3 -3 -3 -3 -3 -3 
-3 -3 -3 -3 -3 -3 -3 -3 -3 -3 
-3 -3 -3 -3 -3 -3 -3 -3 -3 -3 
-3 -3 -3 -3 -3 -3 -3 -3 -3 -3 
-3 -3 -3 -3 -3 -3 -3 -4 -4 -4 
-4 -4 -4 -4 -4 -4 -4 -4 -4 -4 
-4 -4 -4 -4 -4 -4 -4 -4 -4 -4 
-4 -4 -4 -4 -4 -4 -4 -4 -4 -4 
-4 -4 -4 -4 -4 -4 -4 -4 -4 -4 
-4 -4 -4 -4 -4 -4 -4 -4 -4 -4 
-4 -4 -4 -4 -4 -4 -4 4 4 4 
4 4 4 4 4 4 4 4 4 4 
4 4 4 4 4 4 4 4 4 4 
4 4 4 4 4 4 4 4 4 4 
4 4 4 4 4 4 4 4 4 4 
4 4 4 4 4 4 4 4 4 4 
4 4 4 4 4 4 4 2 2 2 
2 2 2 2 2 2 2 2 2 2 
2 2 2 2 2 2 2 2 2 2 
2 2 2 2 2 2 2 2 2 2 
2 2 2 2 2 2 2 2 2 2 
2 2 2 2 2 2 2 2 2 2 
2 2 2 -4 -4 -4 -4 -4 -4 -4 
-4 -4 -4 -4 -4 -4 -4 -4 -4 -4 
-4 -4 -4 -4 -4 -4 -4 -4 -4 -4 
-4 -4 -4 -4 -4 -4 -4 -4 -4 -4 
-4 -4 -4 -4 -4 -4 -4 -4 -4 -4 
-4 -4 -4 -4 -4 -4 -4 -4 -4 -4 
-4 -4 -4 4 4 4 4 4 4 4 
4 4 4 4 4 4 4 4 4 4 
4 4 4 4 4 4 4 4 4 4 
4 4 4 4 4 4 4 4 4 4 
4 4 4 4 4 4 4 4 4 4 
4 4 4 4 4 4 4 4 4 4 
4 4 4 2 2 2 2 2 2 2 
2 2 2 2 2 2 2 2 2 2 
2 2 2 2 2 2 2 2 2 2 
2 2 2 2 2 2 2 2 2 2 
2 2 2 2 2 2 2 2 2 2 
2 2 2 2 2 2 2 2 2 -4 
-4 -4 -4 -4 -4 -4 -4 -4 -4 -4 
-4 -4 -4 -4 -4 -4 -4 -4 -4 -4 
-4 -4 -4 -4 -4 -4 -4 -4 -4 -4 
-4 -4 -4 -4 -4 -4 -4 -4 -4 -4 
-4 -4 -4 -4 -4 -4 -4 -4 -4 -4 
-4 -4 -4 -4 -4 -4 -4 -4 -4 4 
4 4 4 4 4 4 4 4 4 4 
4 4 4 4 4 4 4 4 4 4 
4 4 4 4 4 4 4 4 4 4 
4 4 4 4 4 4 4 4 4 4 
4 4 4 4 4 4 4 4 4 4 
4 4 4 4 4 4 4 4 4 2 
2 2 2 2 2 2 2 2 2 2 
2 2 2 2 2 2 2 2 2 2 
2 2 2 2 2 2 2 2 2 2 
2 2 2 2 2 2 2 2 2 2 
2 2 2 2 2 2 2 2 2 2 
2 2 2 2 2 -4 -4 -4 -4 -4 
-4 -4 -4 -4 -4 -4 -4 -4 -4 -4 
-4 -4 -4 -4 -4 -4 -4 -4 -4 -4 
-4 -4 -4 -4 -4 -4 -4 -4 -4 -4 
-4 -4 -4 -4 -4 -4 -4 -4 -4 -4 
-4 -4 -4 -4 -4 -4 -4 -4 -4 -4 
-4 -4 -4 -4 -4 SCALARS Pipe_Flow_Rate_m3_s float 1
LOOKUP_TABLE default
0.00481133 0.00481133 0.00481133 0.00481133 0.00481133 0.00481133 0.00481133 0.00481133 0.00481133 
0.00481133 0.00481133 0.00481133 0.00481133 0.00481133 0.00481133 0.00481133 0.00481133 0.00481133 0.00481133 
0.00481133 0.00481133 0.00481133 0.00481133 0.00481133 0.00481133 0.00481133 0.00481133 0.00481133 0.00481133 
0.00481133 0.00481133 0.00481133 0.00481133 0.00481133 0.00481133 0.00481133 0.00481133 0.00481133 0.00481133 
0.00481133 0.00481133 0.00481133 0.00481133 0.00481133 0.00481133 0.00481133 0.00481133 0.00481133 0.00481133 
0.00481133 0.00481133 0.00481133 0.00481133 0.00481133 0.00481133 0.00481133 0.00481133 0.00481133 0.00481133 
0.00481133 0.00481133 0.00481133 0.00481133 0.00481133 0.00481133 0.00481133 0.00481133 0.00481133 0.00481133 
0.00481133 0.00481133 0.00481133 0.00481133 0.00481133 0.00481133 0.00481133 0.00481133 0.00481133 0.00481133 
0.00481133 0.00481133 0.00481133 0.00481133 0.00481133 0.00481133 0.00481133 0.00481133 0.00481133 0.00481133 
0.00481133 0.00481133 0.00481133 0.00481133 0.00481133 0.00481133 0.00481133 0.00481133 0.00481133 0.00481133 
0.00481133 0.00481133 0.00481133 0.00481133 0.00481133 0.00481133 0.00481133 0.00481133 0.00481133 0.00481133 
0.00481133 0.00481133 0.00481133 0.00481133 0.00481133 0.00481133 0.00481133 0.00481133 0.00481133 0.00481133 
0.00481133 0.00481133 0.00481133 0.00481133 0.00481133 0.00481133 0.00481133 0.00481133 0.00481133 0.00481133 
0.00481133 0.00481133 0.00481133 0.00481133 0.00481133 0.00481133 0.00481133 0.00481133 0.00481133 0.00481133 
0.00481133 0.00481133 0.00481133 0.00481133 0.00481133 0.00481133 0.00481133 0.00481133 0.00481133 0.00481133 
0.00481133 0.00481133 0.00481133 0.00481133 0.00481133 0.00481133 0.00481133 0.00481133 0.00481133 0.00481133 
0.00481133 0.00481133 0.00481133 0.00481133 0.00481133 0.00481133 0.00481133 0.00481133 0.00481133 0.00481133 
0.00481133 0.00481133 0.00481133 0.00481133 0.00481133 0.00481133 0.00481133 0.00481133 0.00481133 0.00481133 
0.00481133 0.00481133 0.00481133 0.00481133 0.00481133 0.00481133 0.00481133 0.00481133 0.00481133 0.00481133 
0.00481133 0.00481133 0.00481133 0.00481133 0.00481133 0.00481133 0.00481133 0.00481133 0.00481133 0.00481133 
0.00481133 0.00481133 0.00481133 0.00481133 0.00481133 0.00481133 0.00481133 0.00481133 0.00481133 0.00481133 
0.00481133 0.00481133 0.00481133 0.00481133 0.00481133 0.00481133 0.00481133 0.00481133 0.00481133 0.00481133 
0.00481133 0.00481133 0.00481133 0.00481133 0.00481133 0.00481133 0.00481133 0.00481133 0.00481133 0.00481133 
0.00481133 0.00481133 0.00481133 0.00481133 0.00481133 0.00481133 0.00481133 0.00481133 0.00481133 0.00481133 
0.00481133 0.00481133 0.00481133 0.00481133 0.00481133 0.00481133 0.00481133 0.00481133 0.00481133 0.00481133 
0.00481133 0.00481133 0.00481133 0.00481133 0.00481133 0.00481133 0.00481133 0.00481133 0.00481133 0.00481133 
0.00481133 0.00481133 0.00481133 0.00481133 0.00481133 0.00481133 0.00481133 0.00481133 0.00481133 0.00481133 
0.00481133 0.00481133 0.00481133 0.00481133 0.00481133 0.00481133 0.00481133 0.00481133 0.00481133 0.00481133 
0.00481133 0.00481133 0.00481133 0.00481133 0.00481133 0.00481133 0.00481133 0.00481133 0.00481133 0.00481133 
0.00481133 0.00481133 0.00481133 0.00481133 0.00481133 0.00481133 0.00481133 0.00451399 0.00451399 0.00451399 
0.00451399 0.00451399 0.00451399 0.00451399 0.00451399 0.00451399 0.00451399 0.00451399 0.00451399 0.00451399 
0.00451399 0.00451399 0.00451399 0.00451399 0.00451399 0.00451399 0.00451399 0.00451399 0.00451399 0.00451399 
0.00451399 0.00451399 0.00451399 0.00451399 0.00451399 0.00451399 0.00451399 0.00451399 0.00451399 0.00451399 
0.00451399 0.00451399 0.00451399 0.00451399 0.00451399 0.00451399 0.00451399 0.00451399 0.00451399 0.00451399 
0.00451399 0.00451399 0.00451399 0.00451399 0.00451399 0.00451399 0.00451399 0.00451399 0.00451399 0.00451399 
0.00451399 0.00451399 0.00451399 0.00451399 0.00451399 0.00451399 0.00451399 0.00451399 0.00451399 0.00451399 
0.00451399 0.00451399 0.00451399 0.00451399 0.00451399 0.00451399 0.00451399 0.00451399 0.00451399 0.00451399 
0.00451399 0.00451399 0.00451399 0.00451399 0.00451399 0.00451399 0.00451399 0.00451399 0.00451399 0.00451399 
0.00451399 0.00451399 0.00451399 0.00451399 0.00451399 0.00451399 0.00451399 0.00451399 0.00451399 0.00451399 
0.00451399 0.00451399 0.00451399 0.00451399 0.00451399 0.00451399 0.00451399 0.00451399 0.00451399 0.00451399 
0.00451399 0.00451399 0.00451399 0.00451399 0.00451399 0.00451399 0.00451399 0.00451399 0.00451399 0.00451399 
0.00451399 0.00451399 0.00451399 0.00451399 0.00451399 0.00451399 0.00451399 0.000297339 0.000297339 0.000297339 
0.000297339 0.000297339 0.000297339 0.000297339 0.000297339 0.000297339 0.000297339 0.000297339 0.000297339 0.000297339 
0.000297339 0.000297339 0.000297339 0.000297339 0.000297339 0.000297339 0.000297339 0.000297339 0.000297339 0.000297339 
0.000297339 0.000297339 0.000297339 0.000297339 0.000297339 0.000297339 0.000297339 0.000297339 0.000297339 0.000297339 
0.000297339 0.000297339 0.000297339 0.000297339 0.000297339 0.000297339 0.000297339 0.000297339 0.000297339 0.000297339 
0.000297339 0.000297339 0.000297339 0.000297339 0.000297339 0.000297339 0.000297339 0.000297339 0.000297339 0.000297339 
0.000297339 0.000297339 0.000297339 0.000297339 0.000297339 0.000297339 0.000297339 4.76376e-05 4.76376e-05 4.76376e-05 
4.76376e-05 4.76376e-05 4.76376e-05 4.76376e-05 4.76376e-05 4.76376e-05 4.76376e-05 4.76376e-05 4.76376e-05 4.76376e-05 
4.76376e-05 4.76376e-05 4.76376e-05 4.76376e-05 4.76376e-05 4.76376e-05 4.76376e-05 4.76376e-05 4.76376e-05 4.76376e-05 
4.76376e-05 4.76376e-05 4.76376e-05 4.76376e-05 4.76376e-05 4.76376e-05 4.76376e-05 4.76376e-05 4.76376e-05 4.76376e-05 
4.76376e-05 4.76376e-05 4.76376e-05 4.76376e-05 4.76376e-05 4.76376e-05 4.76376e-05 4.76376e-05 4.76376e-05 4.76376e-05 
4.76376e-05 4.76376e-05 4.76376e-05 4.76376e-05 4.76376e-05 4.76376e-05 4.76376e-05 4.76376e-05 4.76376e-05 4.76376e-05 
4.76376e-05 4.76376e-05 4.76376e-05 4.76376e-05 4.76376e-05 4.76376e-05 4.76376e-05 4.76102e-05 4.76102e-05 4.76102e-05 
4.76102e-05 4.76102e-05 4.76102e-05 4.76102e-05 4.76102e-05 4.76102e-05 4.76102e-05 4.76102e-05 4.76102e-05 4.76102e-05 
4.76102e-05 4.76102e-05 4.76102e-05 4.76102e-05 4.76102e-05 4.76102e-05 4.76102e-05 4.76102e-05 4.76102e-05 4.76102e-05 
4.76102e-05 4.76102e-05 4.76102e-05 4.76102e-05 4.76102e-05 4.76102e-05 4.76102e-05 4.76102e-05 4.76102e-05 4.76102e-05 
4.76102e-05 4.76102e-05 4.76102e-05 4.76102e-05 4.76102e-05 4.76102e-05 4.76102e-05 4.76102e-05 4.76102e-05 4.76102e-05 
4.76102e-05 4.76102e-05 4.76102e-05 4.76102e-05 4.76102e-05 4.76102e-05 4.76102e-05 4.76102e-05 4.76102e-05 4.76102e-05 
4.76102e-05 4.76102e-05 4.76102e-05 4.76102e-05 4.76102e-05 4.76102e-05 4.76102e-05 0.000249729 0.000249729 0.000249729 
0.000249729 0.000249729 0.000249729 0.000249729 0.000249729 0.000249729 0.000249729 0.000249729 0.000249729 0.000249729 
0.000249729 0.000249729 0.000249729 0.000249729 0.000249729 0.000249729 0.000249729 0.000249729 0.000249729 0.000249729 
0.000249729 0.000249729 0.000249729 0.000249729 0.000249729 0.000249729 0.000249729 0.000249729 0.000249729 0.000249729 
0.000249729 0.000249729 0.000249729 0.000249729 0.000249729 0.000249729 0.000249729 0.000249729 0.000249729 0.000249729 
0.000249729 0.000249729 0.000249729 0.000249729 0.000249729 0.000249729 0.000249729 0.000249729 0.000249729 0.000249729 
0.000249729 0.000249729 0.000249729 0.000249729 0.000249729 0.000249729 0.000249729 0.000249729 0.000249729 0.000249729 
0.000249729 0.000249729 0.000249729 0.000249729 0.000249729 0.000249729 0.000249729 0.000249729 0.000249729 0.000249729 
0.000249729 0.000249729 0.000249729 0.000249729 0.000249729 0.000249729 0.000249729 0.000249729 0.000249729 0.000249729 
0.000249729 0.000249729 0.000249729 0.000249729 0.000249729 0.000249729 0.000249729 0.000249729 0.000249729 0.000249729 
0.000249729 0.000249729 0.000249729 0.000249729 0.000249729 0.000249729 0.000249729 0.000249729 0.000249729 0.000249729 
0.000249729 0.000249729 0.000249729 0.000249729 0.000249729 0.000249729 0.000249729 0.000249729 0.000249729 0.000249729 
0.000249729 0.000249729 0.000249729 0.000249729 0.000249729 0.000249729 0.000249729 0.000249729 0.000249729 0.000249729 
0.000249729 0.000249729 0.000249729 0.000249729 0.000249729 0.000249729 0.000249729 0.000249729 0.000249729 0.000249729 
0.000249729 0.000249729 0.000249729 0.000249729 0.000249729 0.000249729 0.000249729 0.000249729 0.000249729 0.000249729 
0.000249729 0.000249729 0.000249729 0.000249729 0.000249729 0.000249729 0.000249729 0.000249729 0.000249729 0.000249729 
0.000249729 0.000249729 0.000249729 0.000249729 0.000249729 0.000249729 0.000249729 0.000249729 0.000249729 0.000249729 
0.000249729 0.000249729 0.000249729 0.000249729 0.000249729 0.000249729 0.000249729 0.000249729 0.000249729 0.000249729 
0.000249729 0.000249729 0.000249729 0.000249729 0.000249729 0.000249729 0.000249729 6.98031e-06 6.98031e-06 6.98031e-06 
6.98031e-06 6.98031e-06 6.98031e-06 6.98031e-06 6.98031e-06 6.98031e-06 6.98031e-06 6.98031e-06 6.98031e-06 6.98031e-06 
6.98031e-06 6.98031e-06 6.98031e-06 6.98031e-06 6.98031e-06 6.98031e-06 6.98031e-06 6.98031e-06 6.98031e-06 6.98031e-06 
6.98031e-06 6.98031e-06 6.98031e-06 6.98031e-06 6.98031e-06 6.98031e-06 6.98031e-06 6.98031e-06 6.98031e-06 6.98031e-06 
6.98031e-06 6.98031e-06 6.98031e-06 6.98031e-06 6.98031e-06 6.98031e-06 6.98031e-06 6.98031e-06 6.98031e-06 6.98031e-06 
6.98031e-06 6.98031e-06 6.98031e-06 6.98031e-06 6.98031e-06 6.98031e-06 6.98031e-06 6.98031e-06 6.98031e-06 6.98031e-06 
6.98031e-06 6.98031e-06 6.98031e-06 6.98031e-06 6.98031e-06 6.98031e-06 6.98031e-06 0.00481133 0.00481133 0.00481133 
0.00481133 0.00481133 0.00481133 0.00481133 0.00481133 0.00481133 0.00481133 0.00481133 0.00481133 0.00481133 
0.00481133 0.00481133 0.00481133 0.00481133 0.00481133 0.00481133 0.00481133 0.00481133 0.00481133 0.00481133 
0.00481133 0.00481133 0.00481133 0.00481133 0.00481133 0.00481133 0.00481133 0.00481133 0.00481133 0.00481133 
0.00481133 0.00481133 0.00481133 0.00481133 0.00481133 0.00481133 0.00481133 0.00481133 0.00481133 0.00481133 
0.00481133 0.00481133 0.00481133 0.00481133 0.00481133 0.00481133 0.00481133 0.00481133 0.00481133 0.00481133 
0.00481133 0.00481133 0.00481133 0.00481133 0.00481133 0.00481133 0.00481133 0.00451399 0.00451399 0.00451399 
0.00451399 0.00451399 0.00451399 0.00451399 0.00451399 0.00451399 0.00451399 0.00451399 0.00451399 0.00451399 
0.00451399 0.00451399 0.00451399 0.00451399 0.00451399 0.00451399 0.00451399 0.00451399 0.00451399 0.00451399 
0.00451399 0.00451399 0.00451399 0.00451399 0.00451399 0.00451399 0.00451399 0.00451399 0.00451399 0.00451399 
0.00451399 0.00451399 0.00451399 0.00451399 0.00451399 0.00451399 0.00451399 0.00451399 0.00451399 0.00451399 
0.00451399 0.00451399 0.00451399 0.00451399 0.00451399 0.00451399 0.00451399 0.00451399 0.00451399 0.00451399 
0.00451399 0.00451399 0.00451399 0.00451399 0.00451399 0.00451399 0.00451399 0.00451399 0.00451399 0.00451399 
0.00451399 0.00451399 0.00451399 0.00451399 0.00451399 0.00451399 0.00451399 0.00451399 0.00451399 0.00451399 
0.00451399 0.00451399 0.00451399 0.00451399 0.00451399 0.00451399 0.00451399 0.00451399 0.00451399 0.00451399 
0.00451399 0.00451399 0.00451399 0.00451399 0.00451399 0.00451399 0.00451399 0.00451399 0.00451399 0.00451399 
0.00451399 0.00451399 0.00451399 0.00451399 0.00451399 0.00451399 0.00451399 0.00451399 0.00451399 0.00451399 
0.00451399 0.00451399 0.00451399 0.00451399 0.00451399 0.00451399 0.00451399 0.00451399 0.00451399 0.00451399 
0.00451399 0.00451399 0.00451399 0.000297339 0.000297339 0.000297339 0.000297339 0.000297339 0.000297339 0.000297339 
0.000297339 0.000297339 0.000297339 0.000297339 0.000297339 0.000297339 0.000297339 0.000297339 0.000297339 0.000297339 
0.000297339 0.000297339 0.000297339 0.000297339 0.000297339 0.000297339 0.000297339 0.000297339 0.000297339 0.000297339 
0.000297339 0.000297339 0.000297339 0.000297339 0.000297339 0.000297339 0.000297339 0.000297339 0.000297339 0.000297339 
0.000297339 0.000297339 0.000297339 0.000297339 0.000297339 0.000297339 0.000297339 0.000297339 0.000297339 0.000297339 
0.000297339 0.000297339 0.000297339 0.000297339 0.000297339 0.000297339 0.000297339 0.000297339 0.000297339 0.000297339 
0.000297339 0.000297339 0.000297339 4.76102e-05 4.76102e-05 4.76102e-05 4.76102e-05 4.76102e-05 4.76102e-05 4.76102e-05 
4.76102e-05 4.76102e-05 4.76102e-05 4.76102e-05 4.76102e-05 4.76102e-05 4.76102e-05 4.76102e-05 4.76102e-05 4.76102e-05 
4.76102e-05 4.76102e-05 4.76102e-05 4.76102e-05 4.76102e-05 4.76102e-05 4.76102e-05 4.76102e-05 4.76102e-05 4.76102e-05 
4.76102e-05 4.76102e-05 4.76102e-05 4.76102e-05 4.76102e-05 4.76102e-05 4.76102e-05 4.76102e-05 4.76102e-05 4.76102e-05 
4.76102e-05 4.76102e-05 4.76102e-05 4.76102e-05 4.76102e-05 4.76102e-05 4.76102e-05 4.76102e-05 4.76102e-05 4.76102e-05 
4.76102e-05 4.76102e-05 4.76102e-05 4.76102e-05 4.76102e-05 4.76102e-05 4.76102e-05 4.76102e-05 4.76102e-05 4.76102e-05 
4.76102e-05 4.76102e-05 4.76102e-05 4.76102e-05 4.76102e-05 4.76102e-05 4.76102e-05 4.76102e-05 4.76102e-05 4.76102e-05 
4.76102e-05 4.76102e-05 4.76102e-05 4.76102e-05 4.76102e-05 4.76102e-05 4.76102e-05 4.76102e-05 4.76102e-05 4.76102e-05 
4.76102e-05 4.76102e-05 4.76102e-05 4.76102e-05 4.76102e-05 4.76102e-05 4.76102e-05 4.76102e-05 4.76102e-05 4.76102e-05 
4.76102e-05 4.76102e-05 4.76102e-05 4.76102e-05 4.76102e-05 4.76102e-05 4.76102e-05 4.76102e-05 4.76102e-05 4.76102e-05 
4.76102e-05 4.76102e-05 4.76102e-05 4.76102e-05 4.76102e-05 4.76102e-05 4.76102e-05 4.76102e-05 4.76102e-05 4.76102e-05 
4.76102e-05 4.76102e-05 4.76102e-05 4.76102e-05 4.76102e-05 4.76102e-05 4.76102e-05 4.76102e-05 4.76102e-05 0.000249729 
0.000249729 0.000249729 0.000249729 0.000249729 0.000249729 0.000249729 0.000249729 0.000249729 0.000249729 0.000249729 
0.000249729 0.000249729 0.000249729 0.000249729 0.000249729 0.000249729 0.000249729 0.000249729 0.000249729 0.000249729 
0.000249729 0.000249729 0.000249729 0.000249729 0.000249729 0.000249729 0.000249729 0.000249729 0.000249729 0.000249729 
0.000249729 0.000249729 0.000249729 0.000249729 0.000249729 0.000249729 0.000249729 0.000249729 0.000249729 0.000249729 
0.000249729 0.000249729 0.000249729 0.000249729 0.000249729 0.000249729 0.000249729 0.000249729 0.000249729 0.000249729 
0.000249729 0.000249729 0.000249729 0.000249729 0.000249729 0.000249729 0.000249729 0.000249729 0.000249729 0.000249729 
0.000249729 0.000249729 0.000249729 0.000249729 0.000249729 0.000249729 0.000249729 0.000249729 0.000249729 0.000249729 
0.000249729 0.000249729 0.000249729 0.000249729 0.000249729 0.000249729 0.000249729 0.000249729 0.000249729 0.000249729 
0.000249729 0.000249729 0.000249729 0.000249729 0.000249729 0.000249729 0.000249729 0.000249729 0.000249729 0.000249729 
0.000249729 0.000249729 0.000249729 0.000249729 0.000249729 0.000249729 0.000249729 0.000249729 0.000249729 0.000249729 
0.000249729 0.000249729 0.000249729 0.000249729 0.000249729 0.000249729 0.000249729 0.000249729 0.000249729 0.000249729 
0.000249729 0.000249729 0.000249729 0.000249729 0.000249729 0.000249729 0.000249729 0.000249729 0.000249729 0.000249729 
0.000249729 0.000249729 0.000249729 0.000249729 0.000249729 0.000249729 0.000249729 0.000249729 0.000249729 0.000249729 
0.000249729 0.000249729 0.000249729 0.000249729 0.000249729 0.000249729 0.000249729 0.000249729 0.000249729 0.000249729 
0.000249729 0.000249729 0.000249729 0.000249729 0.000249729 0.000249729 0.000249729 0.000249729 0.000249729 0.000249729 
0.000249729 0.000249729 0.000249729 0.000249729 0.000249729 0.000249729 0.000249729 0.000249729 0.000249729 0.000249729 
0.000249729 0.000249729 0.000249729 0.000249729 0.000249729 0.000249729 0.000249729 0.000249729 0.000249729 0.000249729 
0.000249729 0.000249729 0.000249729 0.000249729 0.000249729 6.52207e-06 6.52207e-06 6.52207e-06 6.52207e-06 6.52207e-06 
6.52207e-06 6.52207e-06 6.52207e-06 6.52207e-06 6.52207e-06 6.52207e-06 6.52207e-06 6.52207e-06 6.52207e-06 6.52207e-06 
6.52207e-06 6.52207e-06 6.52207e-06 6.52207e-06 6.52207e-06 6.52207e-06 6.52207e-06 6.52207e-06 6.52207e-06 6.52207e-06 
6.52207e-06 6.52207e-06 6.52207e-06 6.52207e-06 6.52207e-06 6.52207e-06 6.52207e-06 6.52207e-06 6.52207e-06 6.52207e-06 
6.52207e-06 6.52207e-06 6.52207e-06 6.52207e-06 6.52207e-06 6.52207e-06 6.52207e-06 6.52207e-06 6.52207e-06 6.52207e-06 
6.52207e-06 6.52207e-06 6.52207e-06 6.52207e-06 6.52207e-06 6.52207e-06 6.52207e-06 6.52207e-06 6.52207e-06 6.52207e-06 
6.52207e-06 6.52207e-06 6.52207e-06 6.52207e-06 6.52207e-06 SCALARS Height_m float 1
LOOKUP_TABLE default
0.1778 0.1778 0.1778 0.1778 0.1778 0.1778 0.1778 0.1778 0.1778 
0.1778 0.1778 0.1778 0.1778 0.1778 0.1778 0.1778 0.1778 0.1778 0.1778 
0.1778 0.1778 0.1778 0.1778 0.1778 0.1778 0.1778 0.1778 0.1778 0.1778 
0.1778 0.1778 0.1778 0.1778 0.1778 0.1778 0.1778 0.1778 0.1778 0.1778 
0.1778 0.1778 0.1778 0.1778 0.1778 0.1778 0.1778 0.1778 0.1778 0.1778 
0.1778 0.1778 0.1778 0.1778 0.1778 0.1778 0.1778 0.1778 0.1778 0.1778 
0.1778 0.1778 0.1778 0.1778 0.1778 0.1778 0.1778 0.1778 0.1778 0.1778 
0.1778 0.1778 0.1778 0.1778 0.1778 0.1778 0.1778 0.1778 0.1778 0.1778 
0.1778 0.1778 0.1778 0.1778 0.1778 0.1778 0.1778 0.1778 0.1778 0.1778 
0.1778 0.1778 0.1778 0.1778 0.1778 0.1778 0.1778 0.1778 0.1778 0.1778 
0.1778 0.1778 0.1778 0.1778 0.1778 0.1778 0.1778 0.1778 0.1778 0.1778 
0.1778 0.1778 0.1778 0.1778 0.1778 0.1778 0.1778 0.1778 0.1778 0.1778 
0.1778 0.1778 0.1778 0.1778 0.1778 0.1778 0.1778 0.1778 0.1778 0.1778 
0.1778 0.1778 0.1778 0.1778 0.1778 0.1778 0.1778 0.1778 0.1778 0.1778 
0.1778 0.1778 0.1778 0.1778 0.1778 0.1778 0.1778 0.1778 0.1778 0.1778 
0.1778 0.1778 0.1778 0.1778 0.1778 0.1778 0.1778 0.1778 0.1778 0.1778 
0.1778 0.1778 0.1778 0.1778 0.1778 0.1778 0.1778 0.1778 0.1778 0.1778 
0.1778 0.1778 0.1778 0.1778 0.1778 0.1778 0.1778 0.1778 0.1778 0.1778 
0.1778 0.1778 0.1778 0.1778 0.1778 0.1778 0.1778 0.1778 0.1778 0.1778 
0.1778 0.1778 0.1778 0.1778 0.1778 0.1778 0.1778 0.1778 0.1778 0.1778 
0.1778 0.1778 0.1778 0.1778 0.1778 0.1778 0.1778 0.1778 0.1778 0.1778 
0.1778 0.1778 0.1778 0.1778 0.1778 0.1778 0.1778 0.1778 0.1778 0.1778 
0.1778 0.1778 0.1778 0.1778 0.1778 0.1778 0.1778 0.1778 0.1778 0.1778 
0.1778 0.1778 0.1778 0.1778 0.1778 0.1778 0.1778 0.1778 0.1778 0.1778 
0.1778 0.1778 0.1778 0.1778 0.1778 0.1778 0.1778 0.1778 0.1778 0.1778 
0.1778 0.1778 0.1778 0.1778 0.1778 0.1778 0.1778 0.1778 0.1778 0.1778 
0.1778 0.1778 0.1778 0.1778 0.1778 0.1778 0.1778 0.1778 0.1778 0.1778 
0.1778 0.1778 0.1778 0.1778 0.1778 0.1778 0.1778 0.1778 0.1778 0.1778 
0.1778 0.1778 0.1778 0.1778 0.1778 0.1778 0.1778 0.1778 0.1778 0.1778 
0.1778 0.1778 0.1778 0.1778 0.1778 0.1778 0.1778 0.0103622 0.0103622 0.0103622 
0.0103622 0.0103622 0.0103622 0.0103622 0.0103622 0.0103622 0.0103622 0.0103622 0.0103622 0.0103622 
0.0103622 0.0103622 0.0103622 0.0103622 0.0103622 0.0103622 0.0103622 0.0103622 0.0103622 0.0103622 
0.0103622 0.0103622 0.0103622 0.0103622 0.0103622 0.0103622 0.0103622 0.0103622 0.0103622 0.0103622 
0.0103622 0.0103622 0.0103622 0.0103622 0.0103622 0.0103622 0.0103622 0.0103622 0.0103622 0.0103622 
0.0103622 0.0103622 0.0103622 0.0103622 0.0103622 0.0103622 0.0103622 0.0103622 0.0103622 0.0103622 
0.0103622 0.0103622 0.0103622 0.0103622 0.0103622 0.0103622 0.0103622 0.358142 0.358142 0.358142 
0.358142 0.358142 0.358142 0.358142 0.358142 0.358142 0.358142 0.358142 0.358142 0.358142 
0.358142 0.358142 0.358142 0.358142 0.358142 0.358142 0.358142 0.358142 0.358142 0.358142 
0.358142 0.358142 0.358142 0.358142 0.358142 0.358142 0.358142 0.358142 0.358142 0.358142 
0.358142 0.358142 0.358142 0.358142 0.358142 0.358142 0.358142 0.358142 0.358142 0.358142 
0.358142 0.358142 0.358142 0.358142 0.358142 0.358142 0.358142 0.358142 0.358142 0.358142 
0.358142 0.358142 0.358142 0.358142 0.358142 0.358142 0.358142 0.1778 0.1778 0.1778 
0.1778 0.1778 0.1778 0.1778 0.1778 0.1778 0.1778 0.1778 0.1778 0.1778 
0.1778 0.1778 0.1778 0.1778 0.1778 0.1778 0.1778 0.1778 0.1778 0.1778 
0.1778 0.1778 0.1778 0.1778 0.1778 0.1778 0.1778 0.1778 0.1778 0.1778 
0.1778 0.1778 0.1778 0.1778 0.1778 0.1778 0.1778 0.1778 0.1778 0.1778 
0.1778 0.1778 0.1778 0.1778 0.1778 0.1778 0.1778 0.1778 0.1778 0.1778 
0.1778 0.1778 0.1778 0.1778 0.1778 0.1778 0.1778 0.0103622 0.0103622 0.0103622 
0.0103622 0.0103622 0.0103622 0.0103622 0.0103622 0.0103622 0.0103622 0.0103622 0.0103622 0.0103622 
0.0103622 0.0103622 0.0103622 0.0103622 0.0103622 0.0103622 0.0103622 0.0103622 0.0103622 0.0103622 
0.0103622 0.0103622 0.0103622 0.0103622 0.0103622 0.0103622 0.0103622 0.0103622 0.0103622 0.0103622 
0.0103622 0.0103622 0.0103622 0.0103622 0.0103622 0.0103622 0.0103622 0.0103622 0.0103622 0.0103622 
0.0103622 0.0103622 0.0103622 0.0103622 0.0103622 0.0103622 0.0103622 0.0103622 0.0103622 0.0103622 
0.0103622 0.0103622 0.0103622 0.0103622 0.0103622 0.0103622 0.0103622 0.358142 0.358142 0.358142 
0.358142 0.358142 0.358142 0.358142 0.358142 0.358142 0.358142 0.358142 0.358142 0.358142 
0.358142 0.358142 0.358142 0.358142 0.358142 0.358142 0.358142 0.358142 0.358142 0.358142 
0.358142 0.358142 0.358142 0.358142 0.358142 0.358142 0.358142 0.358142 0.358142 0.358142 
0.358142 0.358142 0.358142 0.358142 0.358142 0.358142 0.358142 0.358142 0.358142 0.358142 
0.358142 0.358142 0.358142 0.358142 0.358142 0.358142 0.358142 0.358142 0.358142 0.358142 
0.358142 0.358142 0.358142 0.358142 0.358142 0.358142 0.358142 0.1778 0.1778 0.1778 
0.1778 0.1778 0.1778 0.1778 0.1778 0.1778 0.1778 0.1778 0.1778 0.1778 
0.1778 0.1778 0.1778 0.1778 0.1778 0.1778 0.1778 0.1778 0.1778 0.1778 
0.1778 0.1778 0.1778 0.1778 0.1778 0.1778 0.1778 0.1778 0.1778 0.1778 
0.1778 0.1778 0.1778 0.1778 0.1778 0.1778 0.1778 0.1778 0.1778 0.1778 
0.1778 0.1778 0.1778 0.1778 0.1778 0.1778 0.1778 0.1778 0.1778 0.1778 
0.1778 0.1778 0.1778 0.1778 0.1778 0.1778 0.1778 0.0103622 0.0103622 0.0103622 
0.0103622 0.0103622 0.0103622 0.0103622 0.0103622 0.0103622 0.0103622 0.0103622 0.0103622 0.0103622 
0.0103622 0.0103622 0.0103622 0.0103622 0.0103622 0.0103622 0.0103622 0.0103622 0.0103622 0.0103622 
0.0103622 0.0103622 0.0103622 0.0103622 0.0103622 0.0103622 0.0103622 0.0103622 0.0103622 0.0103622 
0.0103622 0.0103622 0.0103622 0.0103622 0.0103622 0.0103622 0.0103622 0.0103622 0.0103622 0.0103622 
0.0103622 0.0103622 0.0103622 0.0103622 0.0103622 0.0103622 0.0103622 0.0103622 0.0103622 0.0103622 
0.0103622 0.0103622 0.0103622 0.0103622 0.0103622 0.0103622 0.0103622 0.358142 0.358142 0.358142 
0.358142 0.358142 0.358142 0.358142 0.358142 0.358142 0.358142 0.358142 0.358142 0.358142 
0.358142 0.358142 0.358142 0.358142 0.358142 0.358142 0.358142 0.358142 0.358142 0.358142 
0.358142 0.358142 0.358142 0.358142 0.358142 0.358142 0.358142 0.358142 0.358142 0.358142 
0.358142 0.358142 0.358142 0.358142 0.358142 0.358142 0.358142 0.358142 0.358142 0.358142 
0.358142 0.358142 0.358142 0.358142 0.358142 0.358142 0.358142 0.358142 0.358142 0.358142 
0.358142 0.358142 0.358142 0.358142 0.358142 0.358142 0.358142 0.1778 0.1778 0.1778 
0.1778 0.1778 0.1778 0.1778 0.1778 0.1778 0.1778 0.1778 0.1778 0.1778 
0.1778 0.1778 0.1778 0.1778 0.1778 0.1778 0.1778 0.1778 0.1778 0.1778 
0.1778 0.1778 0.1778 0.1778 0.1778 0.1778 0.1778 0.1778 0.1778 0.1778 
0.1778 0.1778 0.1778 0.1778 0.1778 0.1778 0.1778 0.1778 0.1778 0.1778 
0.1778 0.1778 0.1778 0.1778 0.1778 0.1778 0.1778 0.1778 0.1778 0.1778 
0.1778 0.1778 0.1778 0.1778 0.1778 0.1778 0.1778 0.1778 0.1778 0.1778 
0.1778 0.1778 0.1778 0.1778 0.1778 0.1778 0.1778 0.1778 0.1778 0.1778 
0.1778 0.1778 0.1778 0.1778 0.1778 0.1778 0.1778 0.1778 0.1778 0.1778 
0.1778 0.1778 0.1778 0.1778 0.1778 0.1778 0.1778 0.1778 0.1778 0.1778 
0.1778 0.1778 0.1778 0.1778 0.1778 0.1778 0.1778 0.1778 0.1778 0.1778 
0.1778 0.1778 0.1778 0.1778 0.1778 0.1778 0.1778 0.1778 0.1778 0.1778 
0.1778 0.1778 0.1778 0.1778 0.1778 0.1778 0.1778 0.358142 0.358142 0.358142 
0.358142 0.358142 0.358142 0.358142 0.358142 0.358142 0.358142 0.358142 0.358142 0.358142 
0.358142 0.358142 0.358142 0.358142 0.358142 0.358142 0.358142 0.358142 0.358142 0.358142 
0.358142 0.358142 0.358142 0.358142 0.358142 0.358142 0.358142 0.358142 0.358142 0.358142 
0.358142 0.358142 0.358142 0.358142 0.358142 0.358142 0.358142 0.358142 0.358142 0.358142 
0.358142 0.358142 0.358142 0.358142 0.358142 0.358142 0.358142 0.358142 0.358142 0.358142 
0.358142 0.358142 0.358142 0.358142 0.358142 0.358142 0.358142 263.661 263.661 263.661 
263.661 263.661 263.661 263.661 263.661 263.661 263.661 263.661 263.661 263.661 
263.661 263.661 263.661 263.661 263.661 263.661 263.661 263.661 263.661 263.661 
263.661 263.661 263.661 263.661 263.661 263.661 263.661 263.661 263.661 263.661 
263.661 263.661 263.661 263.661 263.661 263.661 263.661 263.661 263.661 263.661 
263.661 263.661 263.661 263.661 263.661 263.661 263.661 263.661 263.661 263.661 
263.661 263.661 263.661 0.1778 0.1778 0.1778 0.1778 0.1778 0.1778 0.1778 
0.1778 0.1778 0.1778 0.1778 0.1778 0.1778 0.1778 0.1778 0.1778 0.1778 
0.1778 0.1778 0.1778 0.1778 0.1778 0.1778 0.1778 0.1778 0.1778 0.1778 
0.1778 0.1778 0.1778 0.1778 0.1778 0.1778 0.1778 0.1778 0.1778 0.1778 
0.1778 0.1778 0.1778 0.1778 0.1778 0.1778 0.1778 0.1778 0.1778 0.1778 
0.1778 0.1778 0.1778 0.1778 0.1778 0.1778 0.1778 0.1778 0.1778 0.1778 
0.1778 0.1778 0.1778 0.358142 0.358142 0.358142 0.358142 0.358142 0.358142 0.358142 
0.358142 0.358142 0.358142 0.358142 0.358142 0.358142 0.358142 0.358142 0.358142 0.358142 
0.358142 0.358142 0.358142 0.358142 0.358142 0.358142 0.358142 0.358142 0.358142 0.358142 
0.358142 0.358142 0.358142 0.358142 0.358142 0.358142 0.358142 0.358142 0.358142 0.358142 
0.358142 0.358142 0.358142 0.358142 0.358142 0.358142 0.358142 0.358142 0.358142 0.358142 
0.358142 0.358142 0.358142 0.358142 0.358142 0.358142 0.358142 0.358142 0.358142 0.358142 
0.358142 0.358142 0.358142 263.661 263.661 263.661 263.661 263.661 263.661 263.661 
263.661 263.661 263.661 263.661 263.661 263.661 263.661 263.661 263.661 263.661 
263.661 263.661 263.661 263.661 263.661 263.661 263.661 263.661 263.661 263.661 
263.661 263.661 263.661 263.661 263.661 263.661 263.661 263.661 263.661 263.661 
263.661 263.661 263.661 263.661 263.661 263.661 263.661 263.661 263.661 263.661 
263.661 263.661 263.661 263.661 263.661 263.661 263.661 263.661 263.661 0.1778 
0.1778 0.1778 0.1778 0.1778 0.1778 0.1778 0.1778 0.1778 0.1778 0.1778 
0.1778 0.1778 0.1778 0.1778 0.1778 0.1778 0.1778 0.1778 0.1778 0.1778 
0.1778 0.1778 0.1778 0.1778 0.1778 0.1778 0.1778 0.1778 0.1778 0.1778 
0.1778 0.1778 0.1778 0.1778 0.1778 0.1778 0.1778 0.1778 0.1778 0.1778 
0.1778 0.1778 0.1778 0.1778 0.1778 0.1778 0.1778 0.1778 0.1778 0.1778 
0.1778 0.1778 0.1778 0.1778 0.1778 0.1778 0.1778 0.1778 0.1778 0.358142 
0.358142 0.358142 0.358142 0.358142 0.358142 0.358142 0.358142 0.358142 0.358142 0.358142 
0.358142 0.358142 0.358142 0.358142 0.358142 0.358142 0.358142 0.358142 0.358142 0.358142 
0.358142 0.358142 0.358142 0.358142 0.358142 0.358142 0.358142 0.358142 0.358142 0.358142 
0.358142 0.358142 0.358142 0.358142 0.358142 0.358142 0.358142 0.358142 0.358142 0.358142 
0.358142 0.358142 0.358142 0.358142 0.358142 0.358142 0.358142 0.358142 0.358142 0.358142 
0.358142 0.358142 0.358142 0.358142 0.358142 0.358142 0.358142 0.358142 0.358142 263.661 
263.661 263.661 263.661 263.661 263.661 263.661 263.661 263.661 263.661 263.661 
263.661 263.661 263.661 263.661 263.661 263.661 263.661 263.661 263.661 263.661 
263.661 263.661 263.661 263.661 263.661 263.661 263.661 263.661 263.661 263.661 
263.661 263.661 263.661 263.661 263.661 263.661 263.661 263.661 263.661 263.661 
263.661 263.661 263.661 263.661 263.661 263.661 263.661 263.661 263.661 263.661 
263.661 263.661 263.661 263.661 263.661 0.1778 0.1778 0.1778 0.1778 0.1778 
0.1778 0.1778 0.1778 0.1778 0.1778 0.1778 0.1778 0.1778 0.1778 0.1778 
0.1778 0.1778 0.1778 0.1778 0.1778 0.1778 0.1778 0.1778 0.1778 0.1778 
0.1778 0.1778 0.1778 0.1778 0.1778 0.1778 0.1778 0.1778 0.1778 0.1778 
0.1778 0.1778 0.1778 0.1778 0.1778 0.1778 0.1778 0.1778 0.1778 0.1778 
0.1778 0.1778 0.1778 0.1778 0.1778 0.1778 0.1778 0.1778 0.1778 0.1778 
0.1778 0.1778 0.1778 0.1778 0.1778 SCALARS Length_m float 1
LOOKUP_TABLE default
109.129 109.129 109.129 109.129 109.129 109.129 109.129 109.129 109.129 
109.129 109.129 109.129 109.129 109.129 109.129 109.129 109.129 109.129 109.129 
109.129 109.129 109.129 109.129 109.129 109.129 109.129 109.129 109.129 109.129 
109.129 109.129 109.129 109.129 109.129 109.129 109.129 109.129 109.129 109.129 
109.129 109.129 109.129 109.129 109.129 109.129 109.129 109.129 109.129 109.129 
109.129 109.129 109.129 109.129 109.129 109.129 109.129 109.129 109.129 109.129 
109.129 109.129 109.129 109.129 109.129 109.129 109.129 109.129 109.129 109.129 
109.129 109.129 109.129 109.129 109.129 109.129 109.129 109.129 109.129 109.129 
109.129 109.129 109.129 109.129 109.129 109.129 109.129 109.129 109.129 2092.74 
2092.74 2092.74 2092.74 2092.74 2092.74 2092.74 2092.74 2092.74 2092.74 2092.74 
2092.74 2092.74 2092.74 2092.74 2092.74 2092.74 2092.74 2092.74 2092.74 2092.74 
2092.74 2092.74 2092.74 2092.74 2092.74 2092.74 2092.74 2092.74 2092.74 2092.74 
2092.74 2092.74 2092.74 2092.74 2092.74 2092.74 2092.74 2092.74 2092.74 2092.74 
2092.74 2092.74 2092.74 2117.34 2117.34 2117.34 2117.34 2117.34 2117.34 2117.34 
2117.34 2117.34 2117.34 2117.34 2117.34 2117.34 2117.34 2117.34 2117.34 2117.34 
2117.34 2117.34 2117.34 2117.34 2117.34 2117.34 2117.34 2117.34 2117.34 2117.34 
2117.34 2117.34 2117.34 2117.34 2117.34 2117.34 2117.34 2117.34 2117.34 2117.34 
2117.34 2117.34 2117.34 2117.34 2117.34 2117.34 2117.34 60.5 60.5 60.5 
60.5 60.5 60.5 60.5 60.5 60.5 60.5 60.5 60.5 60.5 
60.5 60.5 60.5 60.5 60.5 60.5 60.5 60.5 60.5 60.5 
60.5 60.5 60.5 60.5 60.5 60.5 60.5 60.5 60.5 60.5 
60.5 60.5 60.5 60.5 60.5 60.5 60.5 60.5 60.5 60.5 
60.5 60.5 60.5 60.5 60.5 60.5 60.5 60.5 60.5 60.5 
60.5 60.5 60.5 60.5 60.5 60.5 60.5 272.25 272.25 272.25 
272.25 272.25 272.25 272.25 272.25 272.25 272.25 272.25 272.25 272.25 
272.25 272.25 272.25 272.25 272.25 272.25 272.25 272.25 272.25 272.25 
272.25 272.25 272.25 272.25 272.25 272.25 272.25 272.25 272.25 272.25 
272.25 272.25 272.25 272.25 272.25 272.25 272.25 272.25 272.25 272.25 
272.25 272.25 272.25 272.25 272.25 272.25 272.25 272.25 272.25 272.25 
272.25 272.25 272.25 272.25 272.25 272.25 272.25 0.0251 0.0251 0.0251 
0.0251 0.0251 0.0251 0.0251 0.0251 0.0251 0.0251 0.0251 0.0251 0.0251 
0.0251 0.0251 0.0251 0.0251 0.0251 0.0251 0.0251 0.0251 0.0251 0.0251 
0.0251 0.0251 0.0251 0.0251 0.0251 0.0251 0.0251 0.0251 0.0251 0.0251 
0.0251 0.0251 0.0251 0.0251 0.0251 0.0251 0.0251 0.0251 0.0251 0.0251 
0.0251 0.0251 0.0251 0.0251 0.0251 0.0251 0.0251 0.0251 0.0251 0.0251 
0.0251 0.0251 0.0251 0.0251 0.0251 0.0251 0.0251 0.342 0.342 0.342 
0.342 0.342 0.342 0.342 0.342 0.342 0.342 0.342 0.342 0.342 
0.342 0.342 0.342 0.342 0.342 0.342 0.342 0.342 0.342 0.342 
0.342 0.342 0.342 0.342 0.342 0.342 0.342 0.342 0.342 0.342 
0.342 0.342 0.342 0.342 0.342 0.342 0.342 0.342 0.342 0.342 
0.342 0.342 0.342 0.342 0.342 0.342 0.342 0.342 0.342 0.342 
0.342 0.342 0.342 0.342 0.342 0.342 0.342 272.25 272.25 272.25 
272.25 272.25 272.25 272.25 272.25 272.25 272.25 272.25 272.25 272.25 
272.25 272.25 272.25 272.25 272.25 272.25 272.25 272.25 272.25 272.25 
272.25 272.25 272.25 272.25 272.25 272.25 272.25 272.25 272.25 272.25 
272.25 272.25 272.25 272.25 272.25 272.25 272.25 272.25 272.25 272.25 
272.25 272.25 272.25 272.25 272.25 272.25 272.25 272.25 272.25 272.25 
272.25 272.25 272.25 272.25 272.25 272.25 272.25 0.0251 0.0251 0.0251 
0.0251 0.0251 0.0251 0.0251 0.0251 0.0251 0.0251 0.0251 0.0251 0.0251 
0.0251 0.0251 0.0251 0.0251 0.0251 0.0251 0.0251 0.0251 0.0251 0.0251 
0.0251 0.0251 0.0251 0.0251 0.0251 0.0251 0.0251 0.0251 0.0251 0.0251 
0.0251 0.0251 0.0251 0.0251 0.0251 0.0251 0.0251 0.0251 0.0251 0.0251 
0.0251 0.0251 0.0251 0.0251 0.0251 0.0251 0.0251 0.0251 0.0251 0.0251 
0.0251 0.0251 0.0251 0.0251 0.0251 0.0251 0.0251 0.342 0.342 0.342 
0.342 0.342 0.342 0.342 0.342 0.342 0.342 0.342 0.342 0.342 
0.342 0.342 0.342 0.342 0.342 0.342 0.342 0.342 0.342 0.342 
0.342 0.342 0.342 0.342 0.342 0.342 0.342 0.342 0.342 0.342 
0.342 0.342 0.342 0.342 0.342 0.342 0.342 0.342 0.342 0.342 
0.342 0.342 0.342 0.342 0.342 0.342 0.342 0.342 0.342 0.342 
0.342 0.342 0.342 0.342 0.342 0.342 0.342 272.25 272.25 272.25 
272.25 272.25 272.25 272.25 272.25 272.25 272.25 272.25 272.25 272.25 
272.25 272.25 272.25 272.25 272.25 272.25 272.25 272.25 272.25 272.25 
272.25 272.25 272.25 272.25 272.25 272.25 272.25 272.25 272.25 272.25 
272.25 272.25 272.25 272.25 272.25 272.25 272.25 272.25 272.25 272.25 
272.25 272.25 272.25 272.25 272.25 272.25 272.25 272.25 272.25 272.25 
272.25 272.25 272.25 272.25 272.25 272.25 272.25 0.0251 0.0251 0.0251 
0.0251 0.0251 0.0251 0.0251 0.0251 0.0251 0.0251 0.0251 0.0251 0.0251 
0.0251 0.0251 0.0251 0.0251 0.0251 0.0251 0.0251 0.0251 0.0251 0.0251 
0.0251 0.0251 0.0251 0.0251 0.0251 0.0251 0.0251 0.0251 0.0251 0.0251 
0.0251 0.0251 0.0251 0.0251 0.0251 0.0251 0.0251 0.0251 0.0251 0.0251 
0.0251 0.0251 0.0251 0.0251 0.0251 0.0251 0.0251 0.0251 0.0251 0.0251 
0.0251 0.0251 0.0251 0.0251 0.0251 0.0251 0.0251 0.342 0.342 0.342 
0.342 0.342 0.342 0.342 0.342 0.342 0.342 0.342 0.342 0.342 
0.342 0.342 0.342 0.342 0.342 0.342 0.342 0.342 0.342 0.342 
0.342 0.342 0.342 0.342 0.342 0.342 0.342 0.342 0.342 0.342 
0.342 0.342 0.342 0.342 0.342 0.342 0.342 0.342 0.342 0.342 
0.342 0.342 0.342 0.342 0.342 0.342 0.342 0.342 0.342 0.342 
0.342 0.342 0.342 0.342 0.342 0.342 0.342 272.25 272.25 272.25 
272.25 272.25 272.25 272.25 272.25 272.25 272.25 272.25 272.25 272.25 
272.25 272.25 272.25 272.25 272.25 272.25 272.25 272.25 272.25 272.25 
272.25 272.25 272.25 272.25 272.25 272.25 272.25 272.25 272.25 272.25 
272.25 272.25 272.25 272.25 272.25 272.25 272.25 272.25 272.25 272.25 
272.25 272.25 272.25 272.25 272.25 272.25 272.25 272.25 272.25 272.25 
272.25 272.25 272.25 272.25 272.25 272.25 272.25 334.472 334.472 334.472 
334.472 334.472 334.472 334.472 334.472 334.472 334.472 334.472 334.472 334.472 
334.472 334.472 334.472 334.472 334.472 334.472 334.472 334.472 334.472 334.472 
334.472 334.472 334.472 334.472 334.472 334.472 334.472 334.472 334.472 334.472 
334.472 334.472 334.472 334.472 334.472 334.472 334.472 334.472 334.472 334.472 
334.472 334.472 334.472 334.472 334.472 334.472 334.472 334.472 334.472 334.472 
334.472 334.472 334.472 334.472 334.472 334.472 334.472 0.342 0.342 0.342 
0.342 0.342 0.342 0.342 0.342 0.342 0.342 0.342 0.342 0.342 
0.342 0.342 0.342 0.342 0.342 0.342 0.342 0.342 0.342 0.342 
0.342 0.342 0.342 0.342 0.342 0.342 0.342 0.342 0.342 0.342 
0.342 0.342 0.342 0.342 0.342 0.342 0.342 0.342 0.342 0.342 
0.342 0.342 0.342 0.342 0.342 0.342 0.342 0.342 0.342 0.342 
0.342 0.342 0.342 0.342 0.342 0.342 0.342 109.143 109.143 109.143 
109.143 109.143 109.143 109.143 109.143 109.143 109.143 109.143 109.143 109.143 
109.143 109.143 109.143 109.143 109.143 109.143 109.143 109.143 109.143 109.143 
109.143 109.143 109.143 109.143 109.143 109.143 109.143 109.143 109.143 109.143 
109.143 109.143 109.143 109.143 109.143 109.143 109.143 109.143 109.143 109.143 
109.143 109.143 109.143 109.143 109.143 109.143 109.143 109.143 109.143 109.143 
109.143 109.143 109.143 272.795 272.795 272.795 272.795 272.795 272.795 272.795 
272.795 272.795 272.795 272.795 272.795 272.795 272.795 272.795 272.795 272.795 
272.795 272.795 272.795 272.795 272.795 272.795 272.795 272.795 272.795 272.795 
272.795 272.795 272.795 272.795 272.795 272.795 272.795 272.795 272.795 272.795 
272.795 272.795 272.795 272.795 272.795 272.795 272.795 272.795 272.795 272.795 
272.795 272.795 272.795 272.795 272.795 272.795 272.795 272.795 272.795 272.795 
272.795 272.795 272.795 0.342 0.342 0.342 0.342 0.342 0.342 0.342 
0.342 0.342 0.342 0.342 0.342 0.342 0.342 0.342 0.342 0.342 
0.342 0.342 0.342 0.342 0.342 0.342 0.342 0.342 0.342 0.342 
0.342 0.342 0.342 0.342 0.342 0.342 0.342 0.342 0.342 0.342 
0.342 0.342 0.342 0.342 0.342 0.342 0.342 0.342 0.342 0.342 
0.342 0.342 0.342 0.342 0.342 0.342 0.342 0.342 0.342 0.342 
0.342 0.342 0.342 109.153 109.153 109.153 109.153 109.153 109.153 109.153 
109.153 109.153 109.153 109.153 109.153 109.153 109.153 109.153 109.153 109.153 
109.153 109.153 109.153 109.153 109.153 109.153 109.153 109.153 109.153 109.153 
109.153 109.153 109.153 109.153 109.153 109.153 109.153 109.153 109.153 109.153 
109.153 109.153 109.153 109.153 109.153 109.153 109.153 109.153 109.153 109.153 
109.153 109.153 109.153 109.153 109.153 109.153 109.153 109.153 109.153 271.548 
271.548 271.548 271.548 271.548 271.548 271.548 271.548 271.548 271.548 271.548 
271.548 271.548 271.548 271.548 271.548 271.548 271.548 271.548 271.548 271.548 
271.548 271.548 271.548 271.548 271.548 271.548 271.548 271.548 271.548 271.548 
271.548 271.548 271.548 271.548 271.548 271.548 271.548 271.548 271.548 271.548 
271.548 271.548 271.548 271.548 271.548 271.548 271.548 271.548 271.548 271.548 
271.548 271.548 271.548 271.548 271.548 271.548 271.548 271.548 271.548 0.342 
0.342 0.342 0.342 0.342 0.342 0.342 0.342 0.342 0.342 0.342 
0.342 0.342 0.342 0.342 0.342 0.342 0.342 0.342 0.342 0.342 
0.342 0.342 0.342 0.342 0.342 0.342 0.342 0.342 0.342 0.342 
0.342 0.342 0.342 0.342 0.342 0.342 0.342 0.342 0.342 0.342 
0.342 0.342 0.342 0.342 0.342 0.342 0.342 0.342 0.342 0.342 
0.342 0.342 0.342 0.342 0.342 0.342 0.342 0.342 0.342 109.141 
109.141 109.141 109.141 109.141 109.141 109.141 109.141 109.141 109.141 109.141 
109.141 109.141 109.141 109.141 109.141 109.141 109.141 109.141 109.141 109.141 
109.141 109.141 109.141 109.141 109.141 109.141 109.141 109.141 109.141 109.141 
109.141 109.141 109.141 109.141 109.141 109.141 109.141 109.141 109.141 109.141 
109.141 109.141 109.141 109.141 109.141 109.141 109.141 109.141 109.141 109.141 
109.141 109.141 109.141 109.141 109.141 331.186 331.186 331.186 331.186 331.186 
331.186 331.186 331.186 331.186 331.186 331.186 331.186 331.186 331.186 331.186 
331.186 331.186 331.186 331.186 331.186 331.186 331.186 331.186 331.186 331.186 
331.186 331.186 331.186 331.186 331.186 331.186 331.186 331.186 331.186 331.186 
331.186 331.186 331.186 331.186 331.186 331.186 331.186 331.186 331.186 331.186 
331.186 331.186 331.186 331.186 331.186 331.186 331.186 331.186 331.186 331.186 
331.186 331.186 331.186 331.186 331.186 SCALARS Hydraulic_Aperture_mm float 1
LOOKUP_TABLE default
177.8 177.8 177.8 177.8 177.8 177.8 177.8 177.8 177.8 
177.8 177.8 177.8 177.8 177.8 177.8 177.8 177.8 177.8 177.8 
177.8 177.8 177.8 177.8 177.8 177.8 177.8 177.8 177.8 177.8 
177.8 177.8 177.8 177.8 177.8 177.8 177.8 177.8 177.8 177.8 
177.8 177.8 177.8 177.8 177.8 177.8 177.8 177.8 177.8 177.8 
177.8 177.8 177.8 177.8 177.8 177.8 177.8 177.8 177.8 177.8 
177.8 177.8 177.8 177.8 177.8 177.8 177.8 177.8 177.8 177.8 
177.8 177.8 177.8 177.8 177.8 177.8 177.8 177.8 177.8 177.8 
177.8 177.8 177.8 177.8 177.8 177.8 177.8 177.8 177.8 177.8 
177.8 177.8 177.8 177.8 177.8 177.8 177.8 177.8 177.8 177.8 
177.8 177.8 177.8 177.8 177.8 177.8 177.8 177.8 177.8 177.8 
177.8 177.8 177.8 177.8 177.8 177.8 177.8 177.8 177.8 177.8 
177.8 177.8 177.8 177.8 177.8 177.8 177.8 177.8 177.8 177.8 
177.8 177.8 177.8 177.8 177.8 177.8 177.8 177.8 177.8 177.8 
177.8 177.8 177.8 177.8 177.8 177.8 177.8 177.8 177.8 177.8 
177.8 177.8 177.8 177.8 177.8 177.8 177.8 177.8 177.8 177.8 
177.8 177.8 177.8 177.8 177.8 177.8 177.8 177.8 177.8 177.8 
177.8 177.8 177.8 177.8 177.8 177.8 177.8 177.8 177.8 177.8 
177.8 177.8 177.8 177.8 177.8 177.8 177.8 177.8 177.8 177.8 
177.8 177.8 177.8 177.8 177.8 177.8 177.8 177.8 177.8 177.8 
177.8 177.8 177.8 177.8 177.8 177.8 177.8 177.8 177.8 177.8 
177.8 177.8 177.8 177.8 177.8 177.8 177.8 177.8 177.8 177.8 
177.8 177.8 177.8 177.8 177.8 177.8 177.8 177.8 177.8 177.8 
177.8 177.8 177.8 177.8 177.8 177.8 177.8 177.8 177.8 177.8 
177.8 177.8 177.8 177.8 177.8 177.8 177.8 177.8 177.8 177.8 
177.8 177.8 177.8 177.8 177.8 177.8 177.8 177.8 177.8 177.8 
177.8 177.8 177.8 177.8 177.8 177.8 177.8 177.8 177.8 177.8 
177.8 177.8 177.8 177.8 177.8 177.8 177.8 177.8 177.8 177.8 
177.8 177.8 177.8 177.8 177.8 177.8 177.8 177.8 177.8 177.8 
177.8 177.8 177.8 177.8 177.8 177.8 177.8 10.3622 10.3622 10.3622 
10.3622 10.3622 10.3622 10.3622 10.3622 10.3622 10.3622 10.3622 10.3622 10.3622 
10.3622 10.3622 10.3622 10.3622 10.3622 10.3622 10.3622 10.3622 10.3622 10.3622 
10.3622 10.3622 10.3622 10.3622 10.3622 10.3622 10.3622 10.3622 10.3622 10.3622 
10.3622 10.3622 10.3622 10.3622 10.3622 10.3622 10.3622 10.3622 10.3622 10.3622 
10.3622 10.3622 10.3622 10.3622 10.3622 10.3622 10.3622 10.3622 10.3622 10.3622 
10.3622 10.3622 10.3622 10.3622 10.3622 10.3622 10.3622 0.150367 0.150367 0.150367 
0.150367 0.150367 0.150367 0.150367 0.150367 0.150367 0.150367 0.150367 0.150367 0.150367 
0.150367 0.150367 0.150367 0.150367 0.150367 0.150367 0.150367 0.150367 0.150367 0.150367 
0.150367 0.150367 0.150367 0.150367 0.150367 0.150367 0.150367 0.150367 0.150367 0.150367 
0.150367 0.150367 0.150367 0.150367 0.150367 0.150367 0.150367 0.150367 0.150367 0.150367 
0.150367 0.150367 0.150367 0.150367 0.150367 0.150367 0.150367 0.150367 0.150367 0.150367 
0.150367 0.150367 0.150367 0.150367 0.150367 0.150367 0.150367 177.8 177.8 177.8 
177.8 177.8 177.8 177.8 177.8 177.8 177.8 177.8 177.8 177.8 
177.8 177.8 177.8 177.8 177.8 177.8 177.8 177.8 177.8 177.8 
177.8 177.8 177.8 177.8 177.8 177.8 177.8 177.8 177.8 177.8 
177.8 177.8 177.8 177.8 177.8 177.8 177.8 177.8 177.8 177.8 
177.8 177.8 177.8 177.8 177.8 177.8 177.8 177.8 177.8 177.8 
177.8 177.8 177.8 177.8 177.8 177.8 177.8 10.3622 10.3622 10.3622 
10.3622 10.3622 10.3622 10.3622 10.3622 10.3622 10.3622 10.3622 10.3622 10.3622 
10.3622 10.3622 10.3622 10.3622 10.3622 10.3622 10.3622 10.3622 10.3622 10.3622 
10.3622 10.3622 10.3622 10.3622 10.3622 10.3622 10.3622 10.3622 10.3622 10.3622 
10.3622 10.3622 10.3622 10.3622 10.3622 10.3622 10.3622 10.3622 10.3622 10.3622 
10.3622 10.3622 10.3622 10.3622 10.3622 10.3622 10.3622 10.3622 10.3622 10.3622 
10.3622 10.3622 10.3622 10.3622 10.3622 10.3622 10.3622 0.0328742 0.0328742 0.0328742 
0.0328742 0.0328742 0.0328742 0.0328742 0.0328742 0.0328742 0.0328742 0.0328742 0.0328742 0.0328742 
0.0328742 0.0328742 0.0328742 0.0328742 0.0328742 0.0328742 0.0328742 0.0328742 0.0328742 0.0328742 
0.0328742 0.0328742 0.0328742 0.0328742 0.0328742 0.0328742 0.0328742 0.0328742 0.0328742 0.0328742 
0.0328742 0.0328742 0.0328742 0.0328742 0.0328742 0.0328742 0.0328742 0.0328742 0.0328742 0.0328742 
0.0328742 0.0328742 0.0328742 0.0328742 0.0328742 0.0328742 0.0328742 0.0328742 0.0328742 0.0328742 
0.0328742 0.0328742 0.0328742 0.0328742 0.0328742 0.0328742 0.0328742 177.8 177.8 177.8 
177.8 177.8 177.8 177.8 177.8 177.8 177.8 177.8 177.8 177.8 
177.8 177.8 177.8 177.8 177.8 177.8 177.8 177.8 177.8 177.8 
177.8 177.8 177.8 177.8 177.8 177.8 177.8 177.8 177.8 177.8 
177.8 177.8 177.8 177.8 177.8 177.8 177.8 177.8 177.8 177.8 
177.8 177.8 177.8 177.8 177.8 177.8 177.8 177.8 177.8 177.8 
177.8 177.8 177.8 177.8 177.8 177.8 177.8 10.3622 10.3622 10.3622 
10.3622 10.3622 10.3622 10.3622 10.3622 10.3622 10.3622 10.3622 10.3622 10.3622 
10.3622 10.3622 10.3622 10.3622 10.3622 10.3622 10.3622 10.3622 10.3622 10.3622 
10.3622 10.3622 10.3622 10.3622 10.3622 10.3622 10.3622 10.3622 10.3622 10.3622 
10.3622 10.3622 10.3622 10.3622 10.3622 10.3622 10.3622 10.3622 10.3622 10.3622 
10.3622 10.3622 10.3622 10.3622 10.3622 10.3622 10.3622 10.3622 10.3622 10.3622 
10.3622 10.3622 10.3622 10.3622 10.3622 10.3622 10.3622 0.132635 0.132635 0.132635 
0.132635 0.132635 0.132635 0.132635 0.132635 0.132635 0.132635 0.132635 0.132635 0.132635 
0.132635 0.132635 0.132635 0.132635 0.132635 0.132635 0.132635 0.132635 0.132635 0.132635 
0.132635 0.132635 0.132635 0.132635 0.132635 0.132635 0.132635 0.132635 0.132635 0.132635 
0.132635 0.132635 0.132635 0.132635 0.132635 0.132635 0.132635 0.132635 0.132635 0.132635 
0.132635 0.132635 0.132635 0.132635 0.132635 0.132635 0.132635 0.132635 0.132635 0.132635 
0.132635 0.132635 0.132635 0.132635 0.132635 0.132635 0.132635 177.8 177.8 177.8 
177.8 177.8 177.8 177.8 177.8 177.8 177.8 177.8 177.8 177.8 
177.8 177.8 177.8 177.8 177.8 177.8 177.8 177.8 177.8 177.8 
177.8 177.8 177.8 177.8 177.8 177.8 177.8 177.8 177.8 177.8 
177.8 177.8 177.8 177.8 177.8 177.8 177.8 177.8 177.8 177.8 
177.8 177.8 177.8 177.8 177.8 177.8 177.8 177.8 177.8 177.8 
177.8 177.8 177.8 177.8 177.8 177.8 177.8 177.8 177.8 177.8 
177.8 177.8 177.8 177.8 177.8 177.8 177.8 177.8 177.8 177.8 
177.8 177.8 177.8 177.8 177.8 177.8 177.8 177.8 177.8 177.8 
177.8 177.8 177.8 177.8 177.8 177.8 177.8 177.8 177.8 177.8 
177.8 177.8 177.8 177.8 177.8 177.8 177.8 177.8 177.8 177.8 
177.8 177.8 177.8 177.8 177.8 177.8 177.8 177.8 177.8 177.8 
177.8 177.8 177.8 177.8 177.8 177.8 177.8 0.150367 0.150367 0.150367 
0.150367 0.150367 0.150367 0.150367 0.150367 0.150367 0.150367 0.150367 0.150367 0.150367 
0.150367 0.150367 0.150367 0.150367 0.150367 0.150367 0.150367 0.150367 0.150367 0.150367 
0.150367 0.150367 0.150367 0.150367 0.150367 0.150367 0.150367 0.150367 0.150367 0.150367 
0.150367 0.150367 0.150367 0.150367 0.150367 0.150367 0.150367 0.150367 0.150367 0.150367 
0.150367 0.150367 0.150367 0.150367 0.150367 0.150367 0.150367 0.150367 0.150367 0.150367 
0.150367 0.150367 0.150367 0.150367 0.150367 0.150367 0.150367 0.150367 0.150367 0.150367 
0.150367 0.150367 0.150367 0.150367 0.150367 0.150367 0.150367 0.150367 0.150367 0.150367 
0.150367 0.150367 0.150367 0.150367 0.150367 0.150367 0.150367 0.150367 0.150367 0.150367 
0.150367 0.150367 0.150367 0.150367 0.150367 0.150367 0.150367 0.150367 0.150367 0.150367 
0.150367 0.150367 0.150367 0.150367 0.150367 0.150367 0.150367 0.150367 0.150367 0.150367 
0.150367 0.150367 0.150367 0.150367 0.150367 0.150367 0.150367 0.150367 0.150367 0.150367 
0.150367 0.150367 0.150367 177.8 177.8 177.8 177.8 177.8 177.8 177.8 
177.8 177.8 177.8 177.8 177.8 177.8 177.8 177.8 177.8 177.8 
177.8 177.8 177.8 177.8 177.8 177.8 177.8 177.8 177.8 177.8 
177.8 177.8 177.8 177.8 177.8 177.8 177.8 177.8 177.8 177.8 
177.8 177.8 177.8 177.8 177.8 177.8 177.8 177.8 177.8 177.8 
177.8 177.8 177.8 177.8 177.8 177.8 177.8 177.8 177.8 177.8 
177.8 177.8 177.8 0.0328742 0.0328742 0.0328742 0.0328742 0.0328742 0.0328742 0.0328742 
0.0328742 0.0328742 0.0328742 0.0328742 0.0328742 0.0328742 0.0328742 0.0328742 0.0328742 0.0328742 
0.0328742 0.0328742 0.0328742 0.0328742 0.0328742 0.0328742 0.0328742 0.0328742 0.0328742 0.0328742 
0.0328742 0.0328742 0.0328742 0.0328742 0.0328742 0.0328742 0.0328742 0.0328742 0.0328742 0.0328742 
0.0328742 0.0328742 0.0328742 0.0328742 0.0328742 0.0328742 0.0328742 0.0328742 0.0328742 0.0328742 
0.0328742 0.0328742 0.0328742 0.0328742 0.0328742 0.0328742 0.0328742 0.0328742 0.0328742 0.0328742 
0.0328742 0.0328742 0.0328742 0.0328742 0.0328742 0.0328742 0.0328742 0.0328742 0.0328742 0.0328742 
0.0328742 0.0328742 0.0328742 0.0328742 0.0328742 0.0328742 0.0328742 0.0328742 0.0328742 0.0328742 
0.0328742 0.0328742 0.0328742 0.0328742 0.0328742 0.0328742 0.0328742 0.0328742 0.0328742 0.0328742 
0.0328742 0.0328742 0.0328742 0.0328742 0.0328742 0.0328742 0.0328742 0.0328742 0.0328742 0.0328742 
0.0328742 0.0328742 0.0328742 0.0328742 0.0328742 0.0328742 0.0328742 0.0328742 0.0328742 0.0328742 
0.0328742 0.0328742 0.0328742 0.0328742 0.0328742 0.0328742 0.0328742 0.0328742 0.0328742 177.8 
177.8 177.8 177.8 177.8 177.8 177.8 177.8 177.8 177.8 177.8 
177.8 177.8 177.8 177.8 177.8 177.8 177.8 177.8 177.8 177.8 
177.8 177.8 177.8 177.8 177.8 177.8 177.8 177.8 177.8 177.8 
177.8 177.8 177.8 177.8 177.8 177.8 177.8 177.8 177.8 177.8 
177.8 177.8 177.8 177.8 177.8 177.8 177.8 177.8 177.8 177.8 
177.8 177.8 177.8 177.8 177.8 177.8 177.8 177.8 177.8 0.132635 
0.132635 0.132635 0.132635 0.132635 0.132635 0.132635 0.132635 0.132635 0.132635 0.132635 
0.132635 0.132635 0.132635 0.132635 0.132635 0.132635 0.132635 0.132635 0.132635 0.132635 
0.132635 0.132635 0.132635 0.132635 0.132635 0.132635 0.132635 0.132635 0.132635 0.132635 
0.132635 0.132635 0.132635 0.132635 0.132635 0.132635 0.132635 0.132635 0.132635 0.132635 
0.132635 0.132635 0.132635 0.132635 0.132635 0.132635 0.132635 0.132635 0.132635 0.132635 
0.132635 0.132635 0.132635 0.132635 0.132635 0.132635 0.132635 0.132635 0.132635 0.0328742 
0.0328742 0.0328742 0.0328742 0.0328742 0.0328742 0.0328742 0.0328742 0.0328742 0.0328742 0.0328742 
0.0328742 0.0328742 0.0328742 0.0328742 0.0328742 0.0328742 0.0328742 0.0328742 0.0328742 0.0328742 
0.0328742 0.0328742 0.0328742 0.0328742 0.0328742 0.0328742 0.0328742 0.0328742 0.0328742 0.0328742 
0.0328742 0.0328742 0.0328742 0.0328742 0.0328742 0.0328742 0.0328742 0.0328742 0.0328742 0.0328742 
0.0328742 0.0328742 0.0328742 0.0328742 0.0328742 0.0328742 0.0328742 0.0328742 0.0328742 0.0328742 
0.0328742 0.0328742 0.0328742 0.0328742 0.0328742 177.8 177.8 177.8 177.8 177.8 
177.8 177.8 177.8 177.8 177.8 177.8 177.8 177.8 177.8 177.8 
177.8 177.8 177.8 177.8 177.8 177.8 177.8 177.8 177.8 177.8 
177.8 177.8 177.8 177.8 177.8 177.8 177.8 177.8 177.8 177.8 
177.8 177.8 177.8 177.8 177.8 177.8 177.8 177.8 177.8 177.8 
177.8 177.8 177.8 177.8 177.8 177.8 177.8 177.8 177.8 177.8 
177.8 177.8 177.8 177.8 177.8 SCALARS Max_Aperture_mm float 1
LOOKUP_TABLE default
360.94 360.94 360.94 360.94 360.94 360.94 360.94 360.94 360.94 
360.94 360.94 360.94 360.94 360.94 360.94 360.94 360.94 360.94 360.94 
360.94 360.94 360.94 360.94 360.94 360.94 360.94 360.94 360.94 360.94 
360.94 360.94 360.94 360.94 360.94 360.94 360.94 360.94 360.94 360.94 
360.94 360.94 360.94 360.94 360.94 360.94 360.94 360.94 360.94 360.94 
360.94 360.94 360.94 360.94 360.94 360.94 360.94 360.94 360.94 360.94 
360.94 360.94 360.94 360.94 360.94 360.94 360.94 360.94 360.94 360.94 
360.94 360.94 360.94 360.94 360.94 360.94 360.94 360.94 360.94 360.94 
360.94 360.94 360.94 360.94 360.94 360.94 360.94 360.94 360.94 661.97 
661.97 661.97 661.97 661.97 661.97 661.97 661.97 661.97 661.97 661.97 
661.97 661.97 661.97 661.97 661.97 661.97 661.97 661.97 661.97 661.97 
661.97 661.97 661.97 661.97 661.97 661.97 661.97 661.97 661.97 661.97 
661.97 661.97 661.97 661.97 661.97 661.97 661.97 661.97 661.97 661.97 
661.97 661.97 661.97 663.56 663.56 663.56 663.56 663.56 663.56 663.56 
663.56 663.56 663.56 663.56 663.56 663.56 663.56 663.56 663.56 663.56 
663.56 663.56 663.56 663.56 663.56 663.56 663.56 663.56 663.56 663.56 
663.56 663.56 663.56 663.56 663.56 663.56 663.56 663.56 663.56 663.56 
663.56 663.56 663.56 663.56 663.56 663.56 663.56 319.764 319.764 319.764 
319.764 319.764 319.764 319.764 319.764 319.764 319.764 319.764 319.764 319.764 
319.764 319.764 319.764 319.764 319.764 319.764 319.764 319.764 319.764 319.764 
319.764 319.764 319.764 319.764 319.764 319.764 319.764 319.764 319.764 319.764 
319.764 319.764 319.764 319.764 319.764 319.764 319.764 319.764 319.764 319.764 
319.764 319.764 319.764 319.764 319.764 319.764 319.764 319.764 319.764 319.764 
319.764 319.764 319.764 319.764 319.764 319.764 319.764 435.471 435.471 435.471 
435.471 435.471 435.471 435.471 435.471 435.471 435.471 435.471 435.471 435.471 
435.471 435.471 435.471 435.471 435.471 435.471 435.471 435.471 435.471 435.471 
435.471 435.471 435.471 435.471 435.471 435.471 435.471 435.471 435.471 435.471 
435.471 435.471 435.471 435.471 435.471 435.471 435.471 435.471 435.471 435.471 
435.471 435.471 435.471 435.471 435.471 435.471 435.471 435.471 435.471 435.471 
435.471 435.471 435.471 435.471 435.471 435.471 435.471 76.1588 76.1588 76.1588 
76.1588 76.1588 76.1588 76.1588 76.1588 76.1588 76.1588 76.1588 76.1588 76.1588 
76.1588 76.1588 76.1588 76.1588 76.1588 76.1588 76.1588 76.1588 76.1588 76.1588 
76.1588 76.1588 76.1588 76.1588 76.1588 76.1588 76.1588 76.1588 76.1588 76.1588 
76.1588 76.1588 76.1588 76.1588 76.1588 76.1588 76.1588 76.1588 76.1588 76.1588 
76.1588 76.1588 76.1588 76.1588 76.1588 76.1588 76.1588 76.1588 76.1588 76.1588 
76.1588 76.1588 76.1588 76.1588 76.1588 76.1588 76.1588 2.79491 2.79491 2.79491 
2.79491 2.79491 2.79491 2.79491 2.79491 2.79491 2.79491 2.79491 2.79491 2.79491 
2.79491 2.79491 2.79491 2.79491 2.79491 2.79491 2.79491 2.79491 2.79491 2.79491 
2.79491 2.79491 2.79491 2.79491 2.79491 2.79491 2.79491 2.79491 2.79491 2.79491 
2.79491 2.79491 2.79491 2.79491 2.79491 2.79491 2.79491 2.79491 2.79491 2.79491 
2.79491 2.79491 2.79491 2.79491 2.79491 2.79491 2.79491 2.79491 2.79491 2.79491 
2.79491 2.79491 2.79491 2.79491 2.79491 2.79491 2.79491 435.471 435.471 435.471 
435.471 435.471 435.471 435.471 435.471 435.471 435.471 435.471 435.471 435.471 
435.471 435.471 435.471 435.471 435.471 435.471 435.471 435.471 435.471 435.471 
435.471 435.471 435.471 435.471 435.471 435.471 435.471 435.471 435.471 435.471 
435.471 435.471 435.471 435.471 435.471 435.471 435.471 435.471 435.471 435.471 
435.471 435.471 435.471 435.471 435.471 435.471 435.471 435.471 435.471 435.471 
435.471 435.471 435.471 435.471 435.471 435.471 435.471 76.1588 76.1588 76.1588 
76.1588 76.1588 76.1588 76.1588 76.1588 76.1588 76.1588 76.1588 76.1588 76.1588 
76.1588 76.1588 76.1588 76.1588 76.1588 76.1588 76.1588 76.1588 76.1588 76.1588 
76.1588 76.1588 76.1588 76.1588 76.1588 76.1588 76.1588 76.1588 76.1588 76.1588 
76.1588 76.1588 76.1588 76.1588 76.1588 76.1588 76.1588 76.1588 76.1588 76.1588 
76.1588 76.1588 76.1588 76.1588 76.1588 76.1588 76.1588 76.1588 76.1588 76.1588 
76.1588 76.1588 76.1588 76.1588 76.1588 76.1588 76.1588 2.79491 2.79491 2.79491 
2.79491 2.79491 2.79491 2.79491 2.79491 2.79491 2.79491 2.79491 2.79491 2.79491 
2.79491 2.79491 2.79491 2.79491 2.79491 2.79491 2.79491 2.79491 2.79491 2.79491 
2.79491 2.79491 2.79491 2.79491 2.79491 2.79491 2.79491 2.79491 2.79491 2.79491 
2.79491 2.79491 2.79491 2.79491 2.79491 2.79491 2.79491 2.79491 2.79491 2.79491 
2.79491 2.79491 2.79491 2.79491 2.79491 2.79491 2.79491 2.79491 2.79491 2.79491 
2.79491 2.79491 2.79491 2.79491 2.79491 2.79491 2.79491 435.471 435.471 435.471 
435.471 435.471 435.471 435.471 435.471 435.471 435.471 435.471 435.471 435.471 
435.471 435.471 435.471 435.471 435.471 435.471 435.471 435.471 435.471 435.471 
435.471 435.471 435.471 435.471 435.471 435.471 435.471 435.471 435.471 435.471 
435.471 435.471 435.471 435.471 435.471 435.471 435.471 435.471 435.471 435.471 
435.471 435.471 435.471 435.471 435.471 435.471 435.471 435.471 435.471 435.471 
435.471 435.471 435.471 435.471 435.471 435.471 435.471 76.1588 76.1588 76.1588 
76.1588 76.1588 76.1588 76.1588 76.1588 76.1588 76.1588 76.1588 76.1588 76.1588 
76.1588 76.1588 76.1588 76.1588 76.1588 76.1588 76.1588 76.1588 76.1588 76.1588 
76.1588 76.1588 76.1588 76.1588 76.1588 76.1588 76.1588 76.1588 76.1588 76.1588 
76.1588 76.1588 76.1588 76.1588 76.1588 76.1588 76.1588 76.1588 76.1588 76.1588 
76.1588 76.1588 76.1588 76.1588 76.1588 76.1588 76.1588 76.1588 76.1588 76.1588 
76.1588 76.1588 76.1588 76.1588 76.1588 76.1588 76.1588 2.79491 2.79491 2.79491 
2.79491 2.79491 2.79491 2.79491 2.79491 2.79491 2.79491 2.79491 2.79491 2.79491 
2.79491 2.79491 2.79491 2.79491 2.79491 2.79491 2.79491 2.79491 2.79491 2.79491 
2.79491 2.79491 2.79491 2.79491 2.79491 2.79491 2.79491 2.79491 2.79491 2.79491 
2.79491 2.79491 2.79491 2.79491 2.79491 2.79491 2.79491 2.79491 2.79491 2.79491 
2.79491 2.79491 2.79491 2.79491 2.79491 2.79491 2.79491 2.79491 2.79491 2.79491 
2.79491 2.79491 2.79491 2.79491 2.79491 2.79491 2.79491 435.471 435.471 435.471 
435.471 435.471 435.471 435.471 435.471 435.471 435.471 435.471 435.471 435.471 
435.471 435.471 435.471 435.471 435.471 435.471 435.471 435.471 435.471 435.471 
435.471 435.471 435.471 435.471 435.471 435.471 435.471 435.471 435.471 435.471 
435.471 435.471 435.471 435.471 435.471 435.471 435.471 435.471 435.471 435.471 
435.471 435.471 435.471 435.471 435.471 435.471 435.471 435.471 435.471 435.471 
435.471 435.471 435.471 435.471 435.471 435.471 435.471 454.271 454.271 454.271 
454.271 454.271 454.271 454.271 454.271 454.271 454.271 454.271 454.271 454.271 
454.271 454.271 454.271 454.271 454.271 454.271 454.271 454.271 454.271 454.271 
454.271 454.271 454.271 454.271 454.271 454.271 454.271 454.271 454.271 454.271 
454.271 454.271 454.271 454.271 454.271 454.271 454.271 454.271 454.271 454.271 
454.271 454.271 454.271 454.271 454.271 454.271 454.271 454.271 454.271 454.271 
454.271 454.271 454.271 454.271 454.271 454.271 454.271 2.79491 2.79491 2.79491 
2.79491 2.79491 2.79491 2.79491 2.79491 2.79491 2.79491 2.79491 2.79491 2.79491 
2.79491 2.79491 2.79491 2.79491 2.79491 2.79491 2.79491 2.79491 2.79491 2.79491 
2.79491 2.79491 2.79491 2.79491 2.79491 2.79491 2.79491 2.79491 2.79491 2.79491 
2.79491 2.79491 2.79491 2.79491 2.79491 2.79491 2.79491 2.79491 2.79491 2.79491 
2.79491 2.79491 2.79491 2.79491 2.79491 2.79491 2.79491 2.79491 2.79491 2.79491 
2.79491 2.79491 2.79491 2.79491 2.79491 2.79491 2.79491 2.11525 2.11525 2.11525 
2.11525 2.11525 2.11525 2.11525 2.11525 2.11525 2.11525 2.11525 2.11525 2.11525 
2.11525 2.11525 2.11525 2.11525 2.11525 2.11525 2.11525 2.11525 2.11525 2.11525 
2.11525 2.11525 2.11525 2.11525 2.11525 2.11525 2.11525 2.11525 2.11525 2.11525 
2.11525 2.11525 2.11525 2.11525 2.11525 2.11525 2.11525 2.11525 2.11525 2.11525 
2.11525 2.11525 2.11525 2.11525 2.11525 2.11525 2.11525 2.11525 2.11525 2.11525 
2.11525 2.11525 2.11525 435.65 435.65 435.65 435.65 435.65 435.65 435.65 
435.65 435.65 435.65 435.65 435.65 435.65 435.65 435.65 435.65 435.65 
435.65 435.65 435.65 435.65 435.65 435.65 435.65 435.65 435.65 435.65 
435.65 435.65 435.65 435.65 435.65 435.65 435.65 435.65 435.65 435.65 
435.65 435.65 435.65 435.65 435.65 435.65 435.65 435.65 435.65 435.65 
435.65 435.65 435.65 435.65 435.65 435.65 435.65 435.65 435.65 435.65 
435.65 435.65 435.65 2.79491 2.79491 2.79491 2.79491 2.79491 2.79491 2.79491 
2.79491 2.79491 2.79491 2.79491 2.79491 2.79491 2.79491 2.79491 2.79491 2.79491 
2.79491 2.79491 2.79491 2.79491 2.79491 2.79491 2.79491 2.79491 2.79491 2.79491 
2.79491 2.79491 2.79491 2.79491 2.79491 2.79491 2.79491 2.79491 2.79491 2.79491 
2.79491 2.79491 2.79491 2.79491 2.79491 2.79491 2.79491 2.79491 2.79491 2.79491 
2.79491 2.79491 2.79491 2.79491 2.79491 2.79491 2.79491 2.79491 2.79491 2.79491 
2.79491 2.79491 2.79491 2.11531 2.11531 2.11531 2.11531 2.11531 2.11531 2.11531 
2.11531 2.11531 2.11531 2.11531 2.11531 2.11531 2.11531 2.11531 2.11531 2.11531 
2.11531 2.11531 2.11531 2.11531 2.11531 2.11531 2.11531 2.11531 2.11531 2.11531 
2.11531 2.11531 2.11531 2.11531 2.11531 2.11531 2.11531 2.11531 2.11531 2.11531 
2.11531 2.11531 2.11531 2.11531 2.11531 2.11531 2.11531 2.11531 2.11531 2.11531 
2.11531 2.11531 2.11531 2.11531 2.11531 2.11531 2.11531 2.11531 2.11531 435.24 
435.24 435.24 435.24 435.24 435.24 435.24 435.24 435.24 435.24 435.24 
435.24 435.24 435.24 435.24 435.24 435.24 435.24 435.24 435.24 435.24 
435.24 435.24 435.24 435.24 435.24 435.24 435.24 435.24 435.24 435.24 
435.24 435.24 435.24 435.24 435.24 435.24 435.24 435.24 435.24 435.24 
435.24 435.24 435.24 435.24 435.24 435.24 435.24 435.24 435.24 435.24 
435.24 435.24 435.24 435.24 435.24 435.24 435.24 435.24 435.24 2.79491 
2.79491 2.79491 2.79491 2.79491 2.79491 2.79491 2.79491 2.79491 2.79491 2.79491 
2.79491 2.79491 2.79491 2.79491 2.79491 2.79491 2.79491 2.79491 2.79491 2.79491 
2.79491 2.79491 2.79491 2.79491 2.79491 2.79491 2.79491 2.79491 2.79491 2.79491 
2.79491 2.79491 2.79491 2.79491 2.79491 2.79491 2.79491 2.79491 2.79491 2.79491 
2.79491 2.79491 2.79491 2.79491 2.79491 2.79491 2.79491 2.79491 2.79491 2.79491 
2.79491 2.79491 2.79491 2.79491 2.79491 2.79491 2.79491 2.79491 2.79491 2.11523 
2.11523 2.11523 2.11523 2.11523 2.11523 2.11523 2.11523 2.11523 2.11523 2.11523 
2.11523 2.11523 2.11523 2.11523 2.11523 2.11523 2.11523 2.11523 2.11523 2.11523 
2.11523 2.11523 2.11523 2.11523 2.11523 2.11523 2.11523 2.11523 2.11523 2.11523 
2.11523 2.11523 2.11523 2.11523 2.11523 2.11523 2.11523 2.11523 2.11523 2.11523 
2.11523 2.11523 2.11523 2.11523 2.11523 2.11523 2.11523 2.11523 2.11523 2.11523 
2.11523 2.11523 2.11523 2.11523 2.11523 453.351 453.351 453.351 453.351 453.351 
453.351 453.351 453.351 453.351 453.351 453.351 453.351 453.351 453.351 453.351 
453.351 453.351 453.351 453.351 453.351 453.351 453.351 453.351 453.351 453.351 
453.351 453.351 453.351 453.351 453.351 453.351 453.351 453.351 453.351 453.351 
453.351 453.351 453.351 453.351 453.351 453.351 453.351 453.351 453.351 453.351 
453.351 453.351 453.351 453.351 453.351 453.351 453.351 453.351 453.351 453.351 
453.351 453.351 453.351 453.351 453.351 SCALARS Friction float 1
LOOKUP_TABLE default
80 80 80 80 80 80 80 80 80 
80 80 80 80 80 80 80 80 80 80 
80 80 80 80 80 80 80 80 80 80 
80 80 80 80 80 80 80 80 80 80 
80 80 80 80 80 80 80 80 80 80 
80 80 80 80 80 80 80 80 80 80 
80 80 80 80 80 80 80 80 80 80 
80 80 80 80 80 80 80 80 80 80 
80 80 80 80 80 80 80 80 80 80 
80 80 80 80 80 80 80 80 80 80 
80 80 80 80 80 80 80 80 80 80 
80 80 80 80 80 80 80 80 80 80 
80 80 80 80 80 80 80 80 80 80 
80 80 80 80 80 80 80 80 80 80 
80 80 80 80 80 80 80 80 80 80 
80 80 80 80 80 80 80 80 80 80 
80 80 80 80 80 80 80 80 80 80 
80 80 80 80 80 80 80 80 80 80 
80 80 80 80 80 80 80 80 80 80 
80 80 80 80 80 80 80 80 80 80 
80 80 80 80 80 80 80 80 80 80 
80 80 80 80 80 80 80 80 80 80 
80 80 80 80 80 80 80 80 80 80 
80 80 80 80 80 80 80 80 80 80 
80 80 80 80 80 80 80 80 80 80 
80 80 80 80 80 80 80 80 80 80 
80 80 80 80 80 80 80 80 80 80 
80 80 80 80 80 80 80 80 80 80 
80 80 80 80 80 80 80 80 80 80 
80 80 80 80 80 80 80 5.67299 5.67299 5.67299 
5.67299 5.67299 5.67299 5.67299 5.67299 5.67299 5.67299 5.67299 5.67299 5.67299 
5.67299 5.67299 5.67299 5.67299 5.67299 5.67299 5.67299 5.67299 5.67299 5.67299 
5.67299 5.67299 5.67299 5.67299 5.67299 5.67299 5.67299 5.67299 5.67299 5.67299 
5.67299 5.67299 5.67299 5.67299 5.67299 5.67299 5.67299 5.67299 5.67299 5.67299 
5.67299 5.67299 5.67299 5.67299 5.67299 5.67299 5.67299 5.67299 5.67299 5.67299 
5.67299 5.67299 5.67299 5.67299 5.67299 5.67299 5.67299 0.831768 0.831768 0.831768 
0.831768 0.831768 0.831768 0.831768 0.831768 0.831768 0.831768 0.831768 0.831768 0.831768 
0.831768 0.831768 0.831768 0.831768 0.831768 0.831768 0.831768 0.831768 0.831768 0.831768 
0.831768 0.831768 0.831768 0.831768 0.831768 0.831768 0.831768 0.831768 0.831768 0.831768 
0.831768 0.831768 0.831768 0.831768 0.831768 0.831768 0.831768 0.831768 0.831768 0.831768 
0.831768 0.831768 0.831768 0.831768 0.831768 0.831768 0.831768 0.831768 0.831768 0.831768 
0.831768 0.831768 0.831768 0.831768 0.831768 0.831768 0.831768 80 80 80 
80 80 80 80 80 80 80 80 80 80 
80 80 80 80 80 80 80 80 80 80 
80 80 80 80 80 80 80 80 80 80 
80 80 80 80 80 80 80 80 80 80 
80 80 80 80 80 80 80 80 80 80 
80 80 80 80 80 80 80 5.67299 5.67299 5.67299 
5.67299 5.67299 5.67299 5.67299 5.67299 5.67299 5.67299 5.67299 5.67299 5.67299 
5.67299 5.67299 5.67299 5.67299 5.67299 5.67299 5.67299 5.67299 5.67299 5.67299 
5.67299 5.67299 5.67299 5.67299 5.67299 5.67299 5.67299 5.67299 5.67299 5.67299 
5.67299 5.67299 5.67299 5.67299 5.67299 5.67299 5.67299 5.67299 5.67299 5.67299 
5.67299 5.67299 5.67299 5.67299 5.67299 5.67299 5.67299 5.67299 5.67299 5.67299 
5.67299 5.67299 5.67299 5.67299 5.67299 5.67299 5.67299 0.287163 0.287163 0.287163 
0.287163 0.287163 0.287163 0.287163 0.287163 0.287163 0.287163 0.287163 0.287163 0.287163 
0.287163 0.287163 0.287163 0.287163 0.287163 0.287163 0.287163 0.287163 0.287163 0.287163 
0.287163 0.287163 0.287163 0.287163 0.287163 0.287163 0.287163 0.287163 0.287163 0.287163 
0.287163 0.287163 0.287163 0.287163 0.287163 0.287163 0.287163 0.287163 0.287163 0.287163 
0.287163 0.287163 0.287163 0.287163 0.287163 0.287163 0.287163 0.287163 0.287163 0.287163 
0.287163 0.287163 0.287163 0.287163 0.287163 0.287163 0.287163 80 80 80 
80 80 80 80 80 80 80 80 80 80 
80 80 80 80 80 80 80 80 80 80 
80 80 80 80 80 80 80 80 80 80 
80 80 80 80 80 80 80 80 80 80 
80 80 80 80 80 80 80 80 80 80 
80 80 80 80 80 80 80 5.67299 5.67299 5.67299 
5.67299 5.67299 5.67299 5.67299 5.67299 5.67299 5.67299 5.67299 5.67299 5.67299 
5.67299 5.67299 5.67299 5.67299 5.67299 5.67299 5.67299 5.67299 5.67299 5.67299 
5.67299 5.67299 5.67299 5.67299 5.67299 5.67299 5.67299 5.67299 5.67299 5.67299 
5.67299 5.67299 5.67299 5.67299 5.67299 5.67299 5.67299 5.67299 5.67299 5.67299 
5.67299 5.67299 5.67299 5.67299 5.67299 5.67299 5.67299 5.67299 5.67299 5.67299 
5.67299 5.67299 5.67299 5.67299 5.67299 5.67299 5.67299 0.673716 0.673716 0.673716 
0.673716 0.673716 0.673716 0.673716 0.673716 0.673716 0.673716 0.673716 0.673716 0.673716 
0.673716 0.673716 0.673716 0.673716 0.673716 0.673716 0.673716 0.673716 0.673716 0.673716 
0.673716 0.673716 0.673716 0.673716 0.673716 0.673716 0.673716 0.673716 0.673716 0.673716 
0.673716 0.673716 0.673716 0.673716 0.673716 0.673716 0.673716 0.673716 0.673716 0.673716 
0.673716 0.673716 0.673716 0.673716 0.673716 0.673716 0.673716 0.673716 0.673716 0.673716 
0.673716 0.673716 0.673716 0.673716 0.673716 0.673716 0.673716 80 80 80 
80 80 80 80 80 80 80 80 80 80 
80 80 80 80 80 80 80 80 80 80 
80 80 80 80 80 80 80 80 80 80 
80 80 80 80 80 80 80 80 80 80 
80 80 80 80 80 80 80 80 80 80 
80 80 80 80 80 80 80 80 80 80 
80 80 80 80 80 80 80 80 80 80 
80 80 80 80 80 80 80 80 80 80 
80 80 80 80 80 80 80 80 80 80 
80 80 80 80 80 80 80 80 80 80 
80 80 80 80 80 80 80 80 80 80 
80 80 80 80 80 80 80 0.831768 0.831768 0.831768 
0.831768 0.831768 0.831768 0.831768 0.831768 0.831768 0.831768 0.831768 0.831768 0.831768 
0.831768 0.831768 0.831768 0.831768 0.831768 0.831768 0.831768 0.831768 0.831768 0.831768 
0.831768 0.831768 0.831768 0.831768 0.831768 0.831768 0.831768 0.831768 0.831768 0.831768 
0.831768 0.831768 0.831768 0.831768 0.831768 0.831768 0.831768 0.831768 0.831768 0.831768 
0.831768 0.831768 0.831768 0.831768 0.831768 0.831768 0.831768 0.831768 0.831768 0.831768 
0.831768 0.831768 0.831768 0.831768 0.831768 0.831768 0.831768 0.831768 0.831768 0.831768 
0.831768 0.831768 0.831768 0.831768 0.831768 0.831768 0.831768 0.831768 0.831768 0.831768 
0.831768 0.831768 0.831768 0.831768 0.831768 0.831768 0.831768 0.831768 0.831768 0.831768 
0.831768 0.831768 0.831768 0.831768 0.831768 0.831768 0.831768 0.831768 0.831768 0.831768 
0.831768 0.831768 0.831768 0.831768 0.831768 0.831768 0.831768 0.831768 0.831768 0.831768 
0.831768 0.831768 0.831768 0.831768 0.831768 0.831768 0.831768 0.831768 0.831768 0.831768 
0.831768 0.831768 0.831768 80 80 80 80 80 80 80 
80 80 80 80 80 80 80 80 80 80 
80 80 80 80 80 80 80 80 80 80 
80 80 80 80 80 80 80 80 80 80 
80 80 80 80 80 80 80 80 80 80 
80 80 80 80 80 80 80 80 80 80 
80 80 80 0.287163 0.287163 0.287163 0.287163 0.287163 0.287163 0.287163 
0.287163 0.287163 0.287163 0.287163 0.287163 0.287163 0.287163 0.287163 0.287163 0.287163 
0.287163 0.287163 0.287163 0.287163 0.287163 0.287163 0.287163 0.287163 0.287163 0.287163 
0.287163 0.287163 0.287163 0.287163 0.287163 0.287163 0.287163 0.287163 0.287163 0.287163 
0.287163 0.287163 0.287163 0.287163 0.287163 0.287163 0.287163 0.287163 0.287163 0.287163 
0.287163 0.287163 0.287163 0.287163 0.287163 0.287163 0.287163 0.287163 0.287163 0.287163 
0.287163 0.287163 0.287163 0.287163 0.287163 0.287163 0.287163 0.287163 0.287163 0.287163 
0.287163 0.287163 0.287163 0.287163 0.287163 0.287163 0.287163 0.287163 0.287163 0.287163 
0.287163 0.287163 0.287163 0.287163 0.287163 0.287163 0.287163 0.287163 0.287163 0.287163 
0.287163 0.287163 0.287163 0.287163 0.287163 0.287163 0.287163 0.287163 0.287163 0.287163 
0.287163 0.287163 0.287163 0.287163 0.287163 0.287163 0.287163 0.287163 0.287163 0.287163 
0.287163 0.287163 0.287163 0.287163 0.287163 0.287163 0.287163 0.287163 0.287163 80 
80 80 80 80 80 80 80 80 80 80 
80 80 80 80 80 80 80 80 80 80 
80 80 80 80 80 80 80 80 80 80 
80 80 80 80 80 80 80 80 80 80 
80 80 80 80 80 80 80 80 80 80 
80 80 80 80 80 80 80 80 80 0.673716 
0.673716 0.673716 0.673716 0.673716 0.673716 0.673716 0.673716 0.673716 0.673716 0.673716 
0.673716 0.673716 0.673716 0.673716 0.673716 0.673716 0.673716 0.673716 0.673716 0.673716 
0.673716 0.673716 0.673716 0.673716 0.673716 0.673716 0.673716 0.673716 0.673716 0.673716 
0.673716 0.673716 0.673716 0.673716 0.673716 0.673716 0.673716 0.673716 0.673716 0.673716 
0.673716 0.673716 0.673716 0.673716 0.673716 0.673716 0.673716 0.673716 0.673716 0.673716 
0.673716 0.673716 0.673716 0.673716 0.673716 0.673716 0.673716 0.673716 0.673716 0.673716 
0.673716 0.673716 0.673716 0.673716 0.673716 0.673716 0.673716 0.673716 0.673716 0.673716 
0.673716 0.673716 0.673716 0.673716 0.673716 0.673716 0.673716 0.673716 0.673716 0.673716 
0.673716 0.673716 0.673716 0.673716 0.673716 0.673716 0.673716 0.673716 0.673716 0.673716 
0.673716 0.673716 0.673716 0.673716 0.673716 0.673716 0.673716 0.673716 0.673716 0.673716 
0.673716 0.673716 0.673716 0.673716 0.673716 0.673716 0.673716 0.673716 0.673716 0.673716 
0.673716 0.673716 0.673716 0.673716 0.673716 80 80 80 80 80 
80 80 80 80 80 80 80 80 80 80 
80 80 80 80 80 80 80 80 80 80 
80 80 80 80 80 80 80 80 80 80 
80 80 80 80 80 80 80 80 80 80 
80 80 80 80 80 80 80 80 80 80 
80 80 80 80 80 SCALARS ThermRadius_m float 1
LOOKUP_TABLE default
75.4565 75.4565 75.4565 75.4565 75.4565 75.4565 75.4565 75.4565 75.4565 
75.4565 75.4565 75.4565 75.4565 75.4565 75.4565 75.4565 75.4565 75.4565 75.4565 
75.4565 75.4565 75.4565 75.4565 75.4565 75.4565 75.4565 75.4565 75.4565 75.4565 
75.4565 75.4565 75.4565 75.4565 75.4565 75.4565 75.4565 75.4565 75.4565 75.4565 
75.4565 75.4565 75.4565 75.4565 75.4565 78.7326 78.7326 78.7326 78.7326 78.7326 
78.7326 78.7326 78.7326 78.7326 78.7326 78.7326 78.7326 78.7326 78.7326 78.7326 
78.7326 78.7326 78.7326 78.7326 78.7326 78.7326 78.7326 78.7326 78.7326 78.7326 
78.7326 78.7326 78.7326 78.7326 78.7326 78.7326 78.7326 78.7326 78.7326 78.7326 
78.7326 78.7326 78.7326 78.7326 78.7326 78.7326 78.7326 78.7326 78.7326 126.027 
126.027 126.027 126.027 126.027 126.027 126.027 126.027 126.027 126.027 126.027 
126.027 126.027 126.027 126.027 126.027 126.027 126.027 126.027 126.027 126.027 
126.027 126.027 126.027 126.027 126.027 126.027 126.027 126.027 126.027 126.027 
126.027 126.027 126.027 126.027 126.027 126.027 126.027 126.027 126.027 126.027 
126.027 126.027 126.027 182.941 182.941 182.941 182.941 182.941 182.941 182.941 
182.941 182.941 182.941 182.941 182.941 182.941 182.941 182.941 182.941 182.941 
182.941 182.941 182.941 182.941 182.941 182.941 182.941 182.941 182.941 182.941 
182.941 182.941 182.941 182.941 182.941 182.941 182.941 182.941 182.941 182.941 
182.941 182.941 182.941 182.941 182.941 182.941 182.941 74.8954 74.8954 74.8954 
74.8954 74.8954 74.8954 74.8954 74.8954 74.8954 74.8954 74.8954 74.8954 74.8954 
74.8954 74.8954 74.8954 74.8954 74.8954 74.8954 74.8954 74.8954 74.8954 74.8954 
74.8954 74.8954 74.8954 74.8954 74.8954 74.8954 74.8954 74.8954 74.8954 74.8954 
74.8954 74.8954 74.8954 74.8954 74.8954 74.8954 74.8954 74.8954 74.8954 74.8954 
74.8954 74.8954 74.8954 74.8954 74.8954 74.8954 74.8954 74.8954 74.8954 74.8954 
74.8954 74.8954 74.8954 74.8954 74.8954 74.8954 74.8954 74.8387 74.8387 74.8387 
74.8387 74.8387 74.8387 74.8387 74.8387 74.8387 74.8387 74.8387 74.8387 74.8387 
74.8387 74.8387 74.8387 74.8387 74.8387 74.8387 74.8387 74.8387 74.8387 74.8387 
74.8387 74.8387 74.8387 74.8387 74.8387 74.8387 74.8387 74.8387 74.8387 74.8387 
74.8387 74.8387 74.8387 74.8387 74.8387 74.8387 74.8387 74.8387 74.8387 74.8387 
74.8387 74.8387 74.8387 74.8387 74.8387 74.8387 74.8387 74.8387 74.8387 74.8387 
74.8387 74.8387 74.8387 74.8387 74.8387 74.8387 74.8387 74.7952 74.7952 74.7952 
74.7952 74.7952 74.7952 74.7952 74.7952 74.7952 74.7952 74.7952 74.7952 74.7952 
74.7952 74.7952 74.7952 74.7952 74.7952 74.7952 74.7952 74.7952 74.7952 74.7952 
74.7952 74.7952 74.7952 74.7952 74.7952 74.7952 74.7952 74.7952 74.7952 74.7952 
74.7952 74.7952 74.7952 74.7952 74.7952 74.7952 74.7952 74.7952 74.7952 74.7952 
74.7952 74.7952 74.7952 74.7952 74.7952 74.7952 74.7952 74.7952 74.7952 74.7952 
74.7952 74.7952 74.7952 74.7952 74.7952 74.7952 74.7952 73.0015 73.0015 73.0015 
73.0015 73.0015 73.0015 73.0015 73.0015 73.0015 73.0015 73.0015 73.0015 73.0015 
73.0015 73.0015 73.0015 73.0015 73.0015 73.0015 73.0015 73.0015 73.0015 73.0015 
73.0015 73.0015 73.0015 73.0015 73.0015 73.0015 73.0015 73.0015 73.0015 73.0015 
73.0015 73.0015 73.0015 73.0015 73.0015 73.0015 73.0015 73.0015 73.0015 73.0015 
73.0015 73.0015 73.0015 73.0015 73.0015 73.0015 73.0015 73.0015 73.0015 73.0015 
73.0015 73.0015 73.0015 73.0015 73.0015 73.0015 73.0015 73.9733 73.9733 73.9733 
73.9733 73.9733 73.9733 73.9733 73.9733 73.9733 73.9733 73.9733 73.9733 73.9733 
73.9733 73.9733 73.9733 73.9733 73.9733 73.9733 73.9733 73.9733 73.9733 73.9733 
73.9733 73.9733 73.9733 73.9733 73.9733 73.9733 73.9733 73.9733 73.9733 73.9733 
73.9733 73.9733 73.9733 73.9733 73.9733 73.9733 73.9733 73.9733 73.9733 73.9733 
73.9733 73.9733 73.9733 73.9733 73.9733 73.9733 73.9733 73.9733 73.9733 73.9733 
73.9733 73.9733 73.9733 73.9733 73.9733 73.9733 73.9733 72.6044 72.6044 72.6044 
72.6044 72.6044 72.6044 72.6044 72.6044 72.6044 72.6044 72.6044 72.6044 72.6044 
72.6044 72.6044 72.6044 72.6044 72.6044 72.6044 72.6044 72.6044 72.6044 72.6044 
72.6044 72.6044 72.6044 72.6044 72.6044 72.6044 72.6044 72.6044 72.6044 72.6044 
72.6044 72.6044 72.6044 72.6044 72.6044 72.6044 72.6044 72.6044 72.6044 72.6044 
72.6044 72.6044 72.6044 72.6044 72.6044 72.6044 72.6044 72.6044 72.6044 72.6044 
72.6044 72.6044 72.6044 72.6044 72.6044 72.6044 72.6044 69.5101 69.5101 69.5101 
69.5101 69.5101 69.5101 69.5101 69.5101 69.5101 69.5101 69.5101 69.5101 69.5101 
69.5101 69.5101 69.5101 69.5101 69.5101 69.5101 69.5101 69.5101 69.5101 69.5101 
69.5101 69.5101 69.5101 69.5101 69.5101 69.5101 69.5101 69.5101 69.5101 69.5101 
69.5101 69.5101 69.5101 69.5101 69.5101 69.5101 69.5101 69.5101 69.5101 69.5101 
69.5101 69.5101 69.5101 69.5101 69.5101 69.5101 69.5101 69.5101 69.5101 69.5101 
69.5101 69.5101 69.5101 69.5101 69.5101 69.5101 69.5101 71.9529 71.9529 71.9529 
71.9529 71.9529 71.9529 71.9529 71.9529 71.9529 71.9529 71.9529 71.9529 71.9529 
71.9529 71.9529 71.9529 71.9529 71.9529 71.9529 71.9529 71.9529 71.9529 71.9529 
71.9529 71.9529 71.9529 71.9529 71.9529 71.9529 71.9529 71.9529 71.9529 71.9529 
71.9529 71.9529 71.9529 71.9529 71.9529 71.9529 71.9529 71.9529 71.9529 71.9529 
71.9529 71.9529 71.9529 71.9529 71.9529 71.9529 71.9529 71.9529 71.9529 71.9529 
71.9529 71.9529 71.9529 71.9529 71.9529 71.9529 71.9529 70.8489 70.8489 70.8489 
70.8489 70.8489 70.8489 70.8489 70.8489 70.8489 70.8489 70.8489 70.8489 70.8489 
70.8489 70.8489 70.8489 70.8489 70.8489 70.8489 70.8489 70.8489 70.8489 70.8489 
70.8489 70.8489 70.8489 70.8489 70.8489 70.8489 70.8489 70.8489 70.8489 70.8489 
70.8489 70.8489 70.8489 70.8489 70.8489 70.8489 70.8489 70.8489 70.8489 70.8489 
70.8489 70.8489 70.8489 70.8489 70.8489 70.8489 70.8489 70.8489 70.8489 70.8489 
70.8489 70.8489 70.8489 70.8489 70.8489 70.8489 70.8489 66.8231 66.8231 66.8231 
66.8231 66.8231 66.8231 66.8231 66.8231 66.8231 66.8231 66.8231 66.8231 66.8231 
66.8231 66.8231 66.8231 66.8231 66.8231 66.8231 66.8231 66.8231 66.8231 66.8231 
66.8231 66.8231 66.8231 66.8231 66.8231 66.8231 66.8231 66.8231 66.8231 66.8231 
66.8231 66.8231 66.8231 66.8231 66.8231 66.8231 66.8231 66.8231 66.8231 66.8231 
66.8231 66.8231 66.8231 66.8231 66.8231 66.8231 66.8231 66.8231 66.8231 66.8231 
66.8231 66.8231 66.8231 66.8231 66.8231 66.8231 66.8231 20.3246 20.3246 20.3246 
20.3246 20.3246 20.3246 20.3246 20.3246 20.3246 20.3246 20.3246 20.3246 20.3246 
20.3246 20.3246 20.3246 20.3246 20.3246 20.3246 20.3246 20.3246 20.3246 20.3246 
20.3246 20.3246 20.3246 20.3246 20.3246 20.3246 20.3246 20.3246 20.3246 20.3246 
20.3246 20.3246 20.3246 20.3246 20.3246 20.3246 20.3246 20.3246 20.3246 20.3246 
20.3246 20.3246 20.3246 20.3246 20.3246 20.3246 20.3246 20.3246 20.3246 20.3246 
20.3246 20.3246 20.3246 20.3246 20.3246 20.3246 20.3246 69.6871 69.6871 69.6871 
69.6871 69.6871 69.6871 69.6871 69.6871 69.6871 69.6871 69.6871 69.6871 69.6871 
69.6871 69.6871 69.6871 69.6871 69.6871 69.6871 69.6871 69.6871 69.6871 69.6871 
69.6871 69.6871 69.6871 69.6871 69.6871 69.6871 69.6871 69.6871 69.6871 69.6871 
69.6871 69.6871 69.6871 69.6871 69.6871 69.6871 69.6871 69.6871 69.6871 69.6871 
69.6871 69.6871 69.6871 69.6871 69.6871 69.6871 69.6871 69.6871 69.6871 69.6871 
69.6871 69.6871 69.6871 69.6871 69.6871 69.6871 69.6871 66.211 66.211 66.211 
66.211 66.211 66.211 66.211 66.211 66.211 66.211 66.211 66.211 66.211 
66.211 66.211 66.211 66.211 66.211 66.211 66.211 66.211 66.211 66.211 
66.211 66.211 66.211 66.211 66.211 66.211 66.211 66.211 66.211 66.211 
66.211 66.211 66.211 66.211 66.211 66.211 66.211 66.211 66.211 66.211 
66.211 66.211 66.211 66.211 66.211 66.211 66.211 66.211 66.211 66.211 
66.211 66.211 66.211 66.211 66.211 66.211 66.211 69.5702 69.5702 69.5702 
69.5702 69.5702 69.5702 69.5702 69.5702 69.5702 69.5702 69.5702 69.5702 69.5702 
69.5702 69.5702 69.5702 69.5702 69.5702 69.5702 69.5702 69.5702 69.5702 69.5702 
69.5702 69.5702 69.5702 69.5702 69.5702 69.5702 69.5702 69.5702 69.5702 69.5702 
69.5702 69.5702 69.5702 69.5702 69.5702 69.5702 69.5702 69.5702 69.5702 69.5702 
69.5702 69.5702 69.5702 69.5702 69.5702 69.5702 69.5702 69.5702 69.5702 69.5702 
69.5702 69.5702 69.5702 54.9245 54.9245 54.9245 54.9245 54.9245 54.9245 54.9245 
54.9245 54.9245 54.9245 54.9245 54.9245 54.9245 54.9245 54.9245 54.9245 54.9245 
54.9245 54.9245 54.9245 54.9245 54.9245 54.9245 54.9245 54.9245 54.9245 54.9245 
54.9245 54.9245 54.9245 54.9245 54.9245 54.9245 54.9245 54.9245 54.9245 54.9245 
54.9245 54.9245 54.9245 54.9245 54.9245 54.9245 54.9245 54.9245 54.9245 54.9245 
54.9245 54.9245 54.9245 54.9245 54.9245 54.9245 54.9245 54.9245 54.9245 54.9245 
54.9245 54.9245 54.9245 36.5424 36.5424 36.5424 36.5424 36.5424 36.5424 36.5424 
36.5424 36.5424 36.5424 36.5424 36.5424 36.5424 36.5424 36.5424 36.5424 36.5424 
36.5424 36.5424 36.5424 36.5424 36.5424 36.5424 36.5424 36.5424 36.5424 36.5424 
36.5424 36.5424 36.5424 36.5424 36.5424 36.5424 36.5424 36.5424 36.5424 36.5424 
36.5424 36.5424 36.5424 36.5424 36.5424 36.5424 36.5424 36.5424 36.5424 36.5424 
36.5424 36.5424 36.5424 36.5424 36.5424 36.5424 36.5424 36.5424 36.5424 36.5424 
36.5424 36.5424 36.5424 6.22197 6.22197 6.22197 6.22197 6.22197 6.22197 6.22197 
6.22197 6.22197 6.22197 6.22197 6.22197 6.22197 6.22197 6.22197 6.22197 6.22197 
6.22197 6.22197 6.22197 6.22197 6.22197 6.22197 6.22197 6.22197 6.22197 6.22197 
6.22197 6.22197 6.22197 6.22197 6.22197 6.22197 6.22197 6.22197 6.22197 6.22197 
6.22197 6.22197 6.22197 6.22197 6.22197 6.22197 6.22197 6.22197 6.22197 6.22197 
6.22197 6.22197 6.22197 6.22197 6.22197 6.22197 6.22197 6.22197 6.22197 53.8624 
53.8624 53.8624 53.8624 53.8624 53.8624 53.8624 53.8624 53.8624 53.8624 53.8624 
53.8624 53.8624 53.8624 53.8624 53.8624 53.8624 53.8624 53.8624 53.8624 53.8624 
53.8624 53.8624 53.8624 53.8624 53.8624 53.8624 53.8624 53.8624 53.8624 53.8624 
53.8624 53.8624 53.8624 53.8624 53.8624 53.8624 53.8624 53.8624 53.8624 53.8624 
53.8624 53.8624 53.8624 53.8624 53.8624 53.8624 53.8624 53.8624 53.8624 53.8624 
53.8624 53.8624 53.8624 53.8624 53.8624 53.8624 53.8624 53.8624 53.8624 6.88448 
6.88448 6.88448 6.88448 6.88448 6.88448 6.88448 6.88448 6.88448 6.88448 6.88448 
6.88448 6.88448 6.88448 6.88448 6.88448 6.88448 6.88448 6.88448 6.88448 6.88448 
6.88448 6.88448 6.88448 6.88448 6.88448 6.88448 6.88448 6.88448 6.88448 6.88448 
6.88448 6.88448 6.88448 6.88448 6.88448 6.88448 6.88448 6.88448 6.88448 6.88448 
6.88448 6.88448 6.88448 6.88448 6.88448 6.88448 6.88448 6.88448 6.88448 6.88448 
6.88448 6.88448 6.88448 6.88448 6.88448 6.88448 6.88448 6.88448 6.88448 32.566 
32.566 32.566 32.566 32.566 32.566 32.566 32.566 32.566 32.566 32.566 
32.566 32.566 32.566 32.566 32.566 32.566 32.566 32.566 32.566 32.566 
32.566 32.566 32.566 32.566 32.566 32.566 32.566 32.566 32.566 32.566 
32.566 32.566 32.566 32.566 32.566 32.566 32.566 32.566 32.566 32.566 
32.566 32.566 32.566 32.566 32.566 32.566 32.566 32.566 32.566 32.566 
32.566 32.566 32.566 32.566 32.566 12.3922 12.3922 12.3922 12.3922 12.3922 
12.3922 12.3922 12.3922 12.3922 12.3922 12.3922 12.3922 12.3922 12.3922 12.3922 
12.3922 12.3922 12.3922 12.3922 12.3922 12.3922 12.3922 12.3922 12.3922 12.3922 
12.3922 12.3922 12.3922 12.3922 12.3922 12.3922 12.3922 12.3922 12.3922 12.3922 
12.3922 12.3922 12.3922 12.3922 12.3922 12.3922 12.3922 12.3922 12.3922 12.3922 
12.3922 12.3922 12.3922 12.3922 12.3922 12.3922 12.3922 12.3922 12.3922 12.3922 
12.3922 12.3922 12.3922 12.3922 12.3922 SCALARS Parent_ID float 1
LOOKUP_TABLE default
0 0 0 0 0 0 0 0 0 
0 0 0 0 0 0 0 0 0 0 
0 0 0 0 0 0 0 0 0 0 
0 0 0 0 0 0 0 0 0 0 
0 0 0 0 0 1 1 1 1 1 
1 1 1 1 1 1 1 1 1 1 
1 1 1 1 1 1 1 1 1 1 
1 1 1 1 1 1 1 1 1 1 
1 1 1 1 1 1 1 1 1 0 
0 0 0 0 0 0 0 0 0 0 
0 0 0 0 0 0 0 0 0 0 
0 0 0 0 0 0 0 0 0 0 
0 0 0 0 0 0 0 0 0 0 
0 0 0 1 1 1 1 1 1 1 
1 1 1 1 1 1 1 1 1 1 
1 1 1 1 1 1 1 1 1 1 
1 1 1 1 1 1 1 1 1 1 
1 1 1 1 1 1 1 0 0 0 
0 0 0 0 0 0 0 0 0 0 
0 0 0 0 0 0 0 0 0 0 
0 0 0 0 0 0 0 0 0 0 
0 0 0 0 0 0 0 0 0 0 
0 0 0 0 0 0 0 0 0 0 
0 0 0 0 0 0 0 0 0 0 
0 0 0 0 0 0 0 0 0 0 
0 0 0 0 0 0 0 0 0 0 
0 0 0 0 0 0 0 0 0 0 
0 0 0 0 0 0 0 0 0 0 
0 0 0 0 0 0 0 0 0 0 
0 0 0 0 0 0 0 0 0 0 
0 0 0 0 0 0 0 0 0 0 
0 0 0 0 0 0 0 0 0 0 
0 0 0 0 0 0 0 0 0 0 
0 0 0 0 0 0 0 0 0 0 
0 0 0 0 0 0 0 0 0 0 
0 0 0 0 0 0 0 0 0 0 
0 0 0 0 0 0 0 0 0 0 
0 0 0 0 0 0 0 0 0 0 
0 0 0 0 0 0 0 0 0 0 
0 0 0 0 0 0 0 0 0 0 
0 0 0 0 0 0 0 0 0 0 
0 0 0 0 0 0 0 0 0 0 
0 0 0 0 0 0 0 0 0 0 
0 0 0 0 0 0 0 0 0 0 
0 0 0 0 0 0 0 0 0 0 
0 0 0 0 0 0 0 0 0 0 
0 0 0 0 0 0 0 0 0 0 
0 0 0 0 0 0 0 0 0 0 
0 0 0 0 0 0 0 0 0 0 
0 0 0 0 0 0 0 0 0 0 
0 0 0 0 0 0 0 0 0 0 
0 0 0 0 0 0 0 0 0 0 
0 0 0 0 0 0 0 0 0 0 
0 0 0 0 0 0 0 0 0 0 
0 0 0 0 0 0 0 0 0 0 
0 0 0 0 0 0 0 0 0 0 
0 0 0 0 0 0 0 0 0 0 
0 0 0 0 0 0 0 0 0 0 
0 0 0 0 0 0 0 0 0 0 
0 0 0 0 0 0 0 0 0 0 
0 0 0 0 0 0 0 0 0 0 
0 0 0 0 0 0 0 0 0 0 
0 0 0 0 0 0 0 0 0 0 
0 0 0 0 0 0 0 0 0 0 
0 0 0 0 0 0 0 0 0 0 
0 0 0 0 0 0 0 0 0 0 
0 0 0 0 0 0 0 0 0 0 
0 0 0 0 0 0 0 0 0 0 
0 0 0 0 0 0 0 0 0 0 
0 0 0 0 0 0 0 0 0 0 
0 0 0 0 0 0 0 0 0 0 
0 0 0 0 0 0 0 0 0 0 
0 0 0 0 0 0 0 0 0 0 
0 0 0 0 0 0 0 0 0 0 
0 0 0 0 0 0 0 0 0 0 
0 0 0 0 0 0 0 0 0 0 
0 0 0 0 0 0 0 0 0 0 
0 0 0 0 0 0 0 0 0 0 
0 0 0 0 0 0 0 0 0 0 
0 0 0 0 0 0 0 0 0 0 
0 0 0 0 0 0 0 0 0 0 
0 0 0 0 0 0 0 0 0 0 
0 0 0 0 0 0 0 0 0 0 
0 0 0 0 0 0 0 1 1 1 
1 1 1 1 1 1 1 1 1 1 
1 1 1 1 1 1 1 1 1 1 
1 1 1 1 1 1 1 1 1 1 
1 1 1 1 1 1 1 1 1 1 
1 1 1 1 1 1 1 1 1 1 
1 1 1 1 1 1 1 1 1 1 
1 1 1 1 1 1 1 1 1 1 
1 1 1 1 1 1 1 1 1 1 
1 1 1 1 1 1 1 1 1 1 
1 1 1 1 1 1 1 1 1 1 
1 1 1 1 1 1 1 1 1 1 
1 1 1 1 1 1 1 1 1 1 
1 1 1 1 1 1 1 1 1 1 
1 1 1 1 1 1 1 1 1 1 
1 1 1 1 1 1 1 1 1 1 
1 1 1 1 1 1 1 1 1 1 
1 1 1 1 1 1 1 1 1 1 
1 1 1 1 1 1 1 1 1 1 
1 1 1 1 1 1 1 1 1 1 
1 1 1 1 1 1 1 1 1 1 
1 1 1 1 1 1 1 1 1 1 
1 1 1 1 1 1 1 1 1 1 
1 1 1 1 1 1 1 1 1 1 
1 1 1 1 1 1 1 1 1 1 
1 1 1 1 1 1 1 1 1 1 
1 1 1 1 1 1 1 1 1 1 
1 1 1 1 1 1 1 1 1 1 
1 1 1 1 1 1 1 1 1 1 
1 1 1 1 1 1 1 1 1 1 
1 1 1 1 1 1 1 1 1 1 
1 1 1 1 1 1 1 1 1 1 
1 1 1 1 1 1 1 1 1 1 
1 1 1 1 1 1 1 1 1 1 
1 1 1 1 1 1 1 1 1 1 
1 1 1 1 1 1 1 1 1 1 
1 1 1 1 1 1 1 1 1 1 
1 1 1 1 1 1 1 1 1 1 
1 1 1 1 1 1 1 1 1 1 
1 1 1 1 1 1 1 1 1 1 
1 1 1 1 1 1 1 1 1 1 
1 1 1 1 1 1 1 1 1 1 
1 1 1 1 1 1 1 1 1 1 
1 1 1 1 1 1 1 1 1 1 
1 1 1 1 1 1 1 1 1 1 
1 1 1 1 1 1 1 1 1 1 
1 1 1 1 1 1 1 1 1 1 
1 1 1 1 1 1 1 1 1 1 
1 1 1 1 1 1 1 1 1 1 
1 1 1 1 1 1 1 1 1 1 
1 1 1 1 1 1 1 1 1 1 
1 1 1 1 1 1 1 1 1 1 
1 1 1 1 1 1 1 1 1 1 
1 1 1 1 1 1 1 1 1 1 
1 1 1 1 1 1 1 1 1 1 
1 1 1 1 1 1 1 1 1 1 
1 1 1 1 1 1 1 1 1 1 
1 1 1 1 1 1 1 1 1 1 
1 1 1 1 1 1 1 1 1 1 
1 1 1 1 1 
