# vtk DataFile Version 2.0
vtkObjects
ASCII
DATASET UNSTRUCTURED_GRID
POINTS 2200 float
-1135.24 -820.916 -353.159
-1135.25 -820.917 -353.144
-1122.88 -866.89 -351.981
-1122.89 -866.891 -351.967
-1105.34 -911.021 -348.467
-1105.35 -911.023 -348.452
-1082.89 -952.614 -342.671
-1082.9 -952.615 -342.657
-1055.88 -991.012 -334.686
-1055.89 -991.013 -334.671
-1024.74 -1025.61 -324.636
-1024.75 -1025.61 -324.622
-989.962 -1055.86 -312.681
-989.968 -1055.86 -312.667
-952.093 -1081.29 -299.009
-952.099 -1081.29 -298.995
-911.73 -1101.49 -283.836
-911.736 -1101.5 -283.821
-869.509 -1116.16 -267.401
-869.516 -1116.16 -267.386
-826.098 -1125.04 -249.963
-826.104 -1125.05 -249.948
-782.18 -1128.02 -231.797
-782.186 -1128.02 -231.782
-738.448 -1125.03 -213.189
-738.454 -1125.03 -213.175
-695.591 -1116.13 -194.434
-695.598 -1116.13 -194.42
-654.287 -1101.46 -175.827
-654.293 -1101.46 -175.812
-615.185 -1081.24 -157.661
-615.191 -1081.24 -157.646
-578.903 -1055.8 -140.223
-578.909 -1055.8 -140.208
-546.012 -1025.54 -123.788
-546.018 -1025.54 -123.773
-517.032 -990.935 -108.614
-517.039 -990.936 -108.6
-492.42 -952.53 -94.9424
-492.426 -952.531 -94.9277
-472.563 -910.931 -82.9874
-472.57 -910.933 -82.9727
-457.776 -866.796 -72.9379
-457.782 -866.797 -72.9232
-448.29 -820.818 -64.9523
-448.296 -820.82 -64.9376
-444.256 -773.725 -59.1567
-444.262 -773.726 -59.142
-445.737 -726.258 -55.6423
-445.743 -726.26 -55.6276
-452.71 -679.167 -54.4647
-452.716 -679.168 -54.4499
-465.065 -633.193 -55.6423
-465.071 -633.194 -55.6276
-482.607 -589.061 -59.1567
-482.613 -589.063 -59.142
-505.06 -547.469 -64.9523
-505.066 -547.47 -64.9376
-532.069 -509.071 -72.9379
-532.075 -509.072 -72.9232
-563.208 -474.474 -82.9874
-563.214 -474.475 -82.9727
-597.987 -444.222 -94.9424
-597.993 -444.223 -94.9277
-635.856 -418.793 -108.614
-635.863 -418.795 -108.6
-676.22 -398.589 -123.788
-676.226 -398.59 -123.773
-718.44 -383.926 -140.223
-718.446 -383.928 -140.208
-761.851 -375.038 -157.661
-761.857 -375.039 -157.646
-805.769 -372.064 -175.827
-805.775 -372.065 -175.812
-849.501 -375.051 -194.434
-849.507 -375.052 -194.42
-892.358 -383.951 -213.189
-892.364 -383.952 -213.175
-933.662 -398.625 -231.797
-933.669 -398.626 -231.782
-972.764 -418.841 -249.963
-972.77 -418.842 -249.948
-1009.05 -444.28 -267.401
-1009.05 -444.282 -267.386
-1041.94 -474.542 -283.836
-1041.94 -474.543 -283.821
-1070.92 -509.148 -299.009
-1070.92 -509.149 -298.995
-1095.53 -547.553 -312.681
-1095.54 -547.554 -312.667
-1115.39 -589.151 -324.636
-1115.39 -589.153 -324.622
-1130.17 -633.287 -334.686
-1130.18 -633.289 -334.671
-1139.66 -679.264 -342.671
-1139.67 -679.266 -342.657
-1143.69 -726.358 -348.467
-1143.7 -726.359 -348.452
-1142.21 -773.824 -351.981
-1142.22 -773.826 -351.967
-56.2902 167.283 -926.817
-56.2871 167.278 -926.802
-14.5848 199.025 -925.668
-14.5817 199.02 -925.653
23.022 235.387 -922.239
23.0251 235.383 -922.224
55.937 275.796 -916.583
55.9401 275.791 -916.568
83.6412 319.614 -908.79
83.6443 319.609 -908.775
105.698 366.149 -898.984
105.701 366.145 -898.969
121.759 414.669 -887.317
121.762 414.665 -887.302
131.571 464.408 -873.976
131.574 464.404 -873.961
134.979 514.582 -859.169
134.982 514.577 -859.154
131.93 564.399 -843.131
131.933 564.394 -843.116
122.472 613.073 -826.114
122.475 613.068 -826.099
106.754 659.838 -808.387
106.757 659.833 -808.372
85.0233 703.955 -790.229
85.0264 703.95 -790.214
57.6233 744.729 -771.927
57.6264 744.724 -771.912
24.9858 781.516 -753.77
24.9889 781.512 -753.755
-12.3743 813.738 -736.043
-12.3712 813.733 -736.028
-53.8679 840.884 -719.026
-53.8648 840.88 -719.011
-98.8407 862.529 -702.988
-98.8376 862.524 -702.973
-146.583 878.329 -688.181
-146.58 878.324 -688.166
-196.343 888.035 -674.839
-196.34 888.031 -674.825
-247.335 891.496 -663.173
-247.332 891.491 -663.158
-298.755 888.656 -653.367
-298.751 888.651 -653.352
-349.792 879.559 -645.574
-349.788 879.555 -645.559
-399.641 864.351 -639.918
-399.638 864.346 -639.903
-447.516 843.269 -636.489
-447.513 843.264 -636.474
-492.662 816.647 -635.34
-492.659 816.642 -635.325
-534.368 784.905 -636.489
-534.365 784.9 -636.474
-571.974 748.542 -639.918
-571.971 748.538 -639.903
-604.89 708.134 -645.574
-604.886 708.129 -645.559
-632.594 664.316 -653.367
-632.591 664.312 -653.352
-654.65 617.78 -663.173
-654.647 617.776 -663.158
-670.711 569.26 -674.839
-670.708 569.256 -674.825
-680.523 519.522 -688.181
-680.52 519.517 -688.166
-683.932 469.348 -702.988
-683.929 469.343 -702.973
-680.883 419.531 -719.026
-680.88 419.527 -719.011
-671.425 370.857 -736.043
-671.422 370.852 -736.028
-655.706 324.092 -753.77
-655.703 324.087 -753.755
-633.976 279.975 -771.927
-633.973 279.97 -771.912
-606.576 239.201 -790.229
-606.573 239.196 -790.214
-573.938 202.413 -808.387
-573.935 202.409 -808.372
-536.578 170.192 -826.114
-536.575 170.187 -826.099
-495.085 143.045 -843.131
-495.081 143.041 -843.116
-450.112 121.401 -859.169
-450.109 121.397 -859.154
-402.369 105.601 -873.976
-402.366 105.597 -873.961
-352.61 95.8943 -887.317
-352.606 95.8897 -887.302
-301.618 92.4337 -898.984
-301.615 92.4291 -898.969
-250.198 95.2739 -908.79
-250.195 95.2693 -908.775
-199.161 104.37 -916.583
-199.158 104.366 -916.568
-149.312 119.579 -922.239
-149.309 119.575 -922.224
-101.437 140.661 -925.668
-101.433 140.656 -925.653
-611.262 -0.439147 -262.184
-611.269 -0.443175 -262.17
-570.156 -62.7014 -259.846
-570.163 -62.7054 -259.832
-522.685 -119.881 -252.869
-522.692 -119.885 -252.856
-469.596 -171.077 -241.364
-469.603 -171.081 -241.35
-411.728 -215.481 -225.511
-411.735 -215.485 -225.497
-349.993 -252.393 -205.561
-350 -252.397 -205.547
-285.365 -281.232 -181.828
-285.372 -281.236 -181.814
-218.862 -301.541 -154.687
-218.869 -301.545 -154.673
-151.534 -313.002 -124.565
-151.541 -313.006 -124.551
-84.4418 -315.433 -91.9379
-84.4487 -315.437 -91.9241
-18.6444 -308.795 -57.32
-18.6513 -308.799 -57.3062
44.8209 -293.195 -21.2573
44.814 -293.199 -21.2434
104.953 -268.876 15.6816
104.946 -268.88 15.6955
160.804 -236.224 52.9142
160.797 -236.228 52.928
211.493 -195.753 89.8531
211.486 -195.757 89.8669
256.22 -148.101 125.916
256.213 -148.105 125.93
294.281 -94.0202 160.534
294.274 -94.0243 160.548
325.074 -34.3629 193.161
325.067 -34.3669 193.175
348.115 29.9299 223.283
348.108 29.9259 223.296
363.039 97.8443 250.424
363.032 97.8403 250.438
369.612 168.309 274.157
369.605 168.305 274.171
367.73 240.213 294.107
367.723 240.209 294.121
357.422 312.423 309.96
357.415 312.419 309.974
338.851 383.798 321.465
338.845 383.794 321.479
312.311 453.215 328.442
312.304 453.211 328.456
278.219 519.578 330.78
278.212 519.574 330.794
237.113 581.84 328.442
237.106 581.836 328.456
189.641 639.02 321.465
189.634 639.016 321.479
136.553 690.216 309.96
136.546 690.212 309.974
78.6849 734.62 294.107
78.678 734.616 294.121
16.9498 771.532 274.157
16.9429 771.528 274.171
-47.6787 800.371 250.424
-47.6856 800.366 250.438
-114.182 820.68 223.283
-114.188 820.676 223.296
-181.51 832.141 193.161
-181.517 832.137 193.175
-248.602 834.571 160.534
-248.608 834.567 160.548
-314.399 827.934 125.916
-314.406 827.93 125.93
-377.864 812.333 89.8531
-377.871 812.329 89.8669
-437.997 788.015 52.9142
-438.003 788.011 52.928
-493.848 755.363 15.6816
-493.854 755.359 15.6955
-544.536 714.892 -21.2573
-544.543 714.888 -21.2434
-589.264 667.24 -57.32
-589.271 667.236 -57.3062
-627.324 613.159 -91.9379
-627.331 613.155 -91.9241
-658.117 553.502 -124.565
-658.124 553.498 -124.551
-681.158 489.209 -154.687
-681.165 489.205 -154.673
-696.082 421.294 -181.828
-696.089 421.29 -181.814
-702.655 350.83 -205.561
-702.662 350.826 -205.547
-700.773 278.925 -225.511
-700.78 278.921 -225.497
-690.465 206.716 -241.364
-690.472 206.712 -241.35
-671.895 135.34 -252.869
-671.902 135.336 -252.856
-645.354 65.9236 -259.846
-645.361 65.9196 -259.832
-393.059 269.505 -17.324
-393.047 269.502 -17.3148
-385.093 301.38 -15.6291
-385.08 301.376 -15.6199
-379.521 333.406 -10.5712
-379.509 333.402 -10.5621
-376.433 365.079 -2.2301
-376.42 365.076 -2.22095
-375.876 395.9 9.26272
-375.863 395.896 9.27186
-377.859 425.382 23.726
-377.846 425.378 23.7351
-382.351 453.06 40.9316
-382.339 453.057 40.9407
-389.282 478.499 60.6082
-389.269 478.495 60.6174
-398.541 501.296 82.4456
-398.528 501.292 82.4547
-409.983 521.092 106.099
-409.97 521.089 106.108
-423.428 537.575 131.196
-423.415 537.572 131.205
-438.663 550.486 157.341
-438.65 550.482 157.35
-455.448 559.62 184.12
-455.435 559.616 184.129
-473.518 564.833 211.113
-473.506 564.829 211.122
-492.589 566.043 237.892
-492.576 566.039 237.901
-512.36 563.232 264.037
-512.347 563.228 264.046
-532.518 556.442 289.133
-532.505 556.439 289.143
-552.747 545.783 312.787
-552.734 545.779 312.796
-572.726 531.421 334.624
-572.713 531.417 334.634
-592.141 513.583 354.301
-592.128 513.579 354.31
-610.686 492.55 371.507
-610.673 492.547 371.516
-628.068 468.655 385.97
-628.055 468.651 385.979
-644.013 442.274 397.463
-644.001 442.27 397.472
-658.27 413.822 405.804
-658.257 413.819 405.813
-670.614 383.75 410.862
-670.601 383.746 410.871
-680.849 352.53 412.557
-680.837 352.526 412.566
-688.816 320.656 410.862
-688.803 320.652 410.871
-694.387 288.629 405.804
-694.374 288.626 405.813
-697.476 256.956 397.463
-697.463 256.952 397.472
-698.033 226.135 385.97
-698.02 226.132 385.979
-696.05 196.653 371.507
-696.037 196.65 371.516
-691.557 168.975 354.301
-691.545 168.971 354.31
-684.627 143.536 334.624
-684.614 143.533 334.634
-675.368 120.739 312.787
-675.355 120.736 312.796
-663.925 100.943 289.133
-663.913 100.939 289.143
-650.481 84.4597 264.037
-650.468 84.4561 264.046
-635.246 71.5494 237.892
-635.233 71.5458 237.901
-618.461 62.4157 211.113
-618.448 62.412 211.122
-600.39 57.2025 184.12
-600.378 57.1989 184.129
-581.319 55.9921 157.341
-581.307 55.9885 157.35
-561.549 58.8037 131.196
-561.536 58.8001 131.205
-541.39 65.5928 106.099
-541.378 65.5892 106.108
-521.162 76.2524 82.4456
-521.149 76.2488 82.4547
-501.183 90.6144 60.6082
-501.17 90.6108 60.6174
-481.767 108.452 40.9316
-481.755 108.449 40.9407
-463.222 129.485 23.726
-463.21 129.481 23.7351
-445.84 153.38 9.26272
-445.828 153.376 9.27186
-429.895 179.762 -2.2301
-429.883 179.758 -2.22095
-415.638 208.213 -10.5712
-415.626 208.209 -10.5621
-403.295 238.286 -15.6291
-403.282 238.282 -15.6199
307.138 64.3387 614.412
307.148 64.3491 614.419
298.301 72.4004 615.09
298.311 72.4108 615.097
289.152 79.8653 617.113
289.162 79.8757 617.12
279.833 86.6156 620.449
279.843 86.6259 620.456
270.493 92.5448 625.045
270.503 92.5551 625.052
261.277 97.5594 630.83
261.287 97.5698 630.837
252.333 101.58 637.712
252.343 101.591 637.719
243.8 104.544 645.581
243.81 104.555 645.588
235.813 106.405 654.315
235.823 106.415 654.322
228.498 107.132 663.776
228.508 107.142 663.783
221.971 106.714 673.813
221.981 106.724 673.82
216.335 105.158 684.27
216.345 105.169 684.277
211.678 102.489 694.981
211.688 102.5 694.988
208.073 98.7488 705.776
208.083 98.7592 705.783
205.579 93.996 716.487
205.589 94.0063 716.494
204.233 88.3056 726.944
204.243 88.316 726.951
204.058 81.7676 736.981
204.068 81.778 736.988
205.055 74.485 746.442
205.065 74.4954 746.449
207.21 66.5727 755.176
207.22 66.583 755.183
210.488 58.1553 763.046
210.498 58.1657 763.053
214.838 49.3658 769.927
214.848 49.3762 769.934
220.191 40.3427 775.712
220.201 40.353 775.719
226.462 31.2282 780.308
226.472 31.2386 780.315
233.553 22.1662 783.644
233.563 22.1766 783.651
241.352 13.2996 785.667
241.362 13.31 785.674
249.735 4.76811 786.345
249.745 4.77849 786.352
258.572 -3.29362 785.667
258.582 -3.28323 785.674
267.721 -10.7585 783.644
267.731 -10.7481 783.651
277.04 -17.5087 780.308
277.05 -17.4984 780.315
286.38 -23.4379 775.712
286.39 -23.4276 775.719
295.596 -28.4526 769.927
295.606 -28.4422 769.934
304.54 -32.4736 763.046
304.55 -32.4632 763.053
313.074 -35.4376 755.176
313.084 -35.4272 755.183
321.06 -37.2977 746.442
321.07 -37.2873 746.449
328.375 -38.0247 736.981
328.385 -38.0144 736.988
334.902 -37.6072 726.944
334.912 -37.5968 726.951
340.538 -36.0516 716.487
340.548 -36.0412 716.494
345.196 -33.3825 705.776
345.206 -33.3721 705.783
348.8 -29.642 694.981
348.81 -29.6316 694.988
351.295 -24.8891 684.27
351.305 -24.8788 684.277
352.64 -19.1988 673.813
352.65 -19.1884 673.82
352.816 -12.6608 663.776
352.826 -12.6504 663.783
351.818 -5.3782 654.315
351.828 -5.36782 654.322
349.663 2.53416 645.581
349.673 2.54454 645.588
346.385 10.9515 637.712
346.395 10.9619 637.719
342.035 19.741 630.83
342.045 19.7514 630.837
336.683 28.7642 625.045
336.693 28.7745 625.052
330.411 37.8786 620.449
330.421 37.889 620.456
323.32 46.9406 617.113
323.33 46.951 617.12
315.521 55.8072 615.09
315.531 55.8176 615.097
305.643 -407.778 676.878
305.658 -407.782 676.884
309.35 -392.517 677.792
309.364 -392.52 677.798
312.275 -377.302 680.519
312.289 -377.306 680.525
314.371 -362.373 685.017
314.386 -362.377 685.024
315.607 -347.967 691.215
315.621 -347.971 691.221
315.961 -334.31 699.015
315.976 -334.314 699.021
315.43 -321.617 708.294
315.444 -321.621 708.3
314.02 -310.089 718.905
314.034 -310.093 718.911
311.755 -299.907 730.681
311.769 -299.911 730.688
308.669 -291.233 743.437
308.683 -291.236 743.444
304.812 -284.202 756.972
304.827 -284.206 756.978
300.245 -278.926 771.071
300.26 -278.93 771.077
295.04 -275.488 785.513
295.054 -275.491 785.519
289.278 -273.942 800.069
289.292 -273.946 800.075
283.05 -274.312 814.511
283.064 -274.316 814.517
276.455 -276.593 828.61
276.469 -276.597 828.616
269.597 -280.749 842.144
269.611 -280.753 842.15
262.584 -286.714 854.9
262.598 -286.718 854.906
255.526 -294.395 866.677
255.54 -294.399 866.683
248.535 -303.669 877.288
248.549 -303.673 877.294
241.721 -314.391 886.567
241.735 -314.395 886.573
235.191 -326.391 894.367
235.206 -326.395 894.373
229.049 -339.481 900.564
229.064 -339.485 900.57
223.392 -353.454 905.063
223.406 -353.458 905.069
218.307 -368.089 907.79
218.322 -368.093 907.796
213.877 -383.157 908.704
213.891 -383.16 908.71
210.17 -398.418 907.79
210.185 -398.422 907.796
207.245 -413.633 905.063
207.26 -413.636 905.069
205.149 -428.561 900.564
205.163 -428.565 900.57
203.914 -442.967 894.367
203.928 -442.971 894.373
203.559 -456.625 886.567
203.573 -456.628 886.573
204.091 -469.317 877.288
204.105 -469.321 877.294
205.5 -480.845 866.677
205.515 -480.849 866.683
207.766 -491.027 854.9
207.78 -491.031 854.906
210.851 -499.702 842.144
210.865 -499.706 842.15
214.708 -506.732 828.61
214.722 -506.736 828.616
219.275 -512.009 814.511
219.289 -512.012 814.517
224.481 -515.447 800.069
224.495 -515.451 800.075
230.243 -516.993 785.513
230.257 -516.996 785.519
236.47 -516.622 771.071
236.485 -516.626 771.077
243.065 -514.341 756.972
243.079 -514.345 756.978
249.923 -510.185 743.437
249.938 -510.189 743.444
256.936 -504.22 730.681
256.951 -504.224 730.688
263.994 -496.54 718.905
264.009 -496.543 718.911
270.985 -487.265 708.294
271 -487.269 708.3
277.799 -476.544 699.015
277.814 -476.547 699.021
284.329 -464.543 691.215
284.343 -464.547 691.221
290.471 -451.453 685.017
290.485 -451.457 685.024
296.129 -437.48 680.519
296.143 -437.484 680.525
301.213 -422.845 677.792
301.227 -422.849 677.798
755.074 -81.4819 294.569
755.088 -81.4852 294.576
759.396 -60.9103 295.737
759.41 -60.9136 295.745
762.447 -40.3731 299.224
762.46 -40.3764 299.231
764.178 -20.1944 304.973
764.192 -20.1977 304.98
764.564 -0.692283 312.895
764.577 -0.695596 312.902
763.596 17.8256 322.864
763.61 17.8223 322.872
761.292 35.0673 334.724
761.306 35.064 334.731
757.687 50.7609 348.286
757.7 50.7576 348.294
752.837 64.6588 363.339
752.851 64.6555 363.346
746.82 76.5419 379.643
746.834 76.5386 379.65
739.731 86.2227 396.942
739.744 86.2194 396.949
731.68 93.5487 414.963
731.694 93.5454 414.97
722.796 98.4043 433.421
722.809 98.401 433.429
713.217 100.713 452.027
713.231 100.71 452.034
703.096 100.438 470.486
703.11 100.435 470.493
692.592 97.584 488.507
692.606 97.5807 488.514
681.871 92.196 505.806
681.884 92.1927 505.813
671.101 84.3589 522.11
671.115 84.3556 522.117
660.452 74.1964 537.162
660.466 74.193 537.169
650.093 61.8685 550.725
650.107 61.8652 550.732
640.187 47.5699 562.584
640.201 47.5666 562.592
630.89 31.526 572.554
630.903 31.5226 572.561
622.348 13.9897 580.475
622.362 13.9864 580.483
614.696 -4.76226 586.225
614.71 -4.76558 586.232
608.056 -24.4342 589.711
608.07 -24.4376 589.719
602.531 -44.716 590.879
602.545 -44.7193 590.887
598.21 -65.2876 589.711
598.223 -65.2909 589.719
595.159 -85.8248 586.225
595.172 -85.8281 586.232
593.427 -106.004 580.475
593.441 -106.007 580.483
593.042 -125.506 572.554
593.055 -125.509 572.561
594.009 -144.024 562.584
594.023 -144.027 562.592
596.313 -161.265 550.725
596.327 -161.269 550.732
599.919 -176.959 537.162
599.932 -176.962 537.169
604.768 -190.857 522.11
604.782 -190.86 522.117
610.785 -202.74 505.806
610.799 -202.743 505.813
617.875 -212.421 488.507
617.889 -212.424 488.514
625.925 -219.747 470.486
625.939 -219.75 470.493
634.81 -224.602 452.027
634.823 -224.605 452.034
644.388 -226.911 433.421
644.402 -226.914 433.429
654.509 -226.636 414.963
654.523 -226.639 414.97
665.013 -223.782 396.942
665.027 -223.785 396.949
675.735 -218.394 379.643
675.748 -218.397 379.65
686.505 -210.557 363.339
686.518 -210.56 363.346
697.153 -200.394 348.286
697.167 -200.398 348.294
707.512 -188.066 334.724
707.526 -188.07 334.731
717.418 -173.768 322.864
717.432 -173.771 322.872
726.716 -157.724 312.895
726.73 -157.727 312.902
735.258 -140.188 304.973
735.271 -140.191 304.98
742.909 -121.436 299.224
742.923 -121.439 299.231
749.549 -101.764 295.737
749.563 -101.767 295.745
388.377 -214.844 -425.377
388.388 -214.847 -425.366
398.246 -164.176 -423.079
398.257 -164.179 -423.067
403.508 -113.233 -416.22
403.519 -113.236 -416.208
404.078 -62.8182 -404.908
404.089 -62.8208 -404.897
399.949 -13.7268 -389.322
399.961 -13.7295 -389.311
391.186 33.267 -369.708
391.197 33.2643 -369.697
377.926 77.4221 -346.376
377.937 77.4195 -346.364
360.379 118.042 -319.692
360.39 118.04 -319.68
338.821 154.487 -290.078
338.832 154.484 -290.066
313.593 186.181 -258
313.604 186.178 -257.989
285.092 212.624 -223.966
285.103 212.622 -223.955
253.768 233.401 -188.511
253.779 233.398 -188.5
220.114 248.183 -152.195
220.125 248.18 -152.183
184.663 256.736 -115.59
184.674 256.733 -115.578
147.971 258.927 -79.2732
147.982 258.924 -79.2619
110.619 254.72 -43.8182
110.63 254.717 -43.8069
73.1958 244.182 -9.78369
73.2068 244.179 -9.7724
36.2907 227.479 22.2935
36.3017 227.476 22.3048
0.486088 204.875 51.9076
0.497106 204.872 51.9189
-33.6533 176.725 78.5915
-33.6423 176.722 78.6028
-65.5891 143.474 101.924
-65.5781 143.472 101.936
-94.8177 105.647 121.538
-94.8067 105.644 121.55
-120.878 63.8396 137.124
-120.867 63.8369 137.135
-143.359 18.7112 148.436
-143.348 18.7086 148.447
-161.907 -29.0262 155.295
-161.896 -29.0289 155.306
-176.228 -78.62 157.593
-176.217 -78.6227 157.604
-186.097 -129.288 155.295
-186.086 -129.291 155.306
-191.359 -180.231 148.436
-191.348 -180.234 148.447
-191.929 -230.646 137.124
-191.918 -230.648 137.135
-187.8 -279.737 121.538
-187.789 -279.74 121.55
-179.037 -326.731 101.924
-179.026 -326.734 101.936
-165.777 -370.886 78.5915
-165.766 -370.889 78.6028
-148.23 -411.506 51.9076
-148.219 -411.509 51.9189
-126.672 -447.951 22.2935
-126.661 -447.953 22.3048
-101.444 -479.645 -9.78369
-101.433 -479.647 -9.7724
-72.9429 -506.088 -43.8182
-72.9319 -506.091 -43.8069
-41.6188 -526.865 -79.2732
-41.6078 -526.868 -79.2619
-7.96541 -541.646 -115.59
-7.9544 -541.649 -115.578
27.4864 -550.2 -152.195
27.4974 -550.203 -152.183
64.1777 -552.391 -188.511
64.1887 -552.393 -188.5
101.53 -548.184 -223.966
101.541 -548.186 -223.955
138.953 -537.646 -258
138.964 -537.648 -257.989
175.858 -520.943 -290.078
175.869 -520.946 -290.066
211.663 -498.338 -319.692
211.674 -498.341 -319.68
245.802 -470.189 -346.376
245.813 -470.192 -346.364
277.738 -436.938 -369.708
277.749 -436.941 -369.697
306.967 -399.111 -389.322
306.978 -399.114 -389.311
333.027 -357.303 -404.908
333.038 -357.306 -404.897
355.508 -312.175 -416.22
355.519 -312.178 -416.208
374.056 -264.438 -423.079
374.067 -264.44 -423.067
689.708 -615.113 222.522
689.715 -615.115 222.536
695.658 -583.649 223.359
695.664 -583.651 223.374
697.965 -551.798 225.859
697.971 -551.8 225.874
696.592 -520.062 229.982
696.599 -520.063 229.997
691.563 -488.941 235.663
691.569 -488.943 235.677
682.955 -458.926 242.811
682.962 -458.928 242.826
670.905 -430.491 251.315
670.912 -430.493 251.33
655.603 -404.085 261.041
655.609 -404.086 261.055
637.29 -380.122 271.834
637.296 -380.124 271.849
616.255 -358.982 283.526
616.261 -358.984 283.54
592.829 -340.998 295.93
592.835 -340.999 295.945
567.382 -326.453 308.852
567.389 -326.454 308.867
540.316 -315.577 322.089
540.323 -315.578 322.103
512.057 -308.541 335.43
512.064 -308.542 335.445
483.051 -305.456 348.666
483.057 -305.458 348.681
453.755 -306.372 361.588
453.762 -306.373 361.603
424.632 -311.272 373.993
424.638 -311.274 374.008
396.14 -320.081 385.684
396.146 -320.083 385.699
368.729 -332.659 396.478
368.735 -332.661 396.492
342.831 -348.809 406.203
342.838 -348.81 406.218
318.855 -368.274 414.707
318.862 -368.276 414.722
297.179 -390.748 421.856
297.185 -390.75 421.87
278.144 -415.878 427.536
278.151 -415.879 427.551
262.051 -443.266 431.659
262.058 -443.267 431.674
249.154 -472.48 434.159
249.161 -472.482 434.174
239.656 -503.06 434.997
239.663 -503.062 435.011
233.707 -534.524 434.159
233.713 -534.526 434.174
231.4 -566.375 431.659
231.406 -566.377 431.674
232.772 -598.112 427.536
232.779 -598.113 427.551
237.802 -629.232 421.856
237.808 -629.234 421.87
246.41 -659.247 414.707
246.416 -659.249 414.722
258.459 -687.682 406.203
258.466 -687.683 406.218
273.762 -714.089 396.478
273.768 -714.09 396.492
292.075 -738.051 385.684
292.081 -738.053 385.699
313.11 -759.191 373.993
313.116 -759.193 374.008
336.536 -777.176 361.588
336.542 -777.177 361.603
361.982 -791.721 348.666
361.989 -791.722 348.681
389.048 -802.597 335.43
389.055 -802.598 335.445
417.307 -809.633 322.089
417.314 -809.634 322.103
446.314 -812.717 308.852
446.32 -812.719 308.867
475.609 -811.802 295.93
475.616 -811.803 295.945
504.733 -806.901 283.526
504.739 -806.903 283.54
533.225 -798.092 271.834
533.231 -798.094 271.849
560.636 -785.514 261.041
560.642 -785.515 261.055
586.533 -769.365 251.315
586.54 -769.366 251.33
610.509 -749.899 242.811
610.516 -749.901 242.826
632.186 -727.425 235.663
632.192 -727.426 235.677
651.22 -702.296 229.982
651.227 -702.297 229.997
667.313 -674.908 225.859
667.32 -674.909 225.874
680.21 -645.693 223.359
680.217 -645.695 223.374
-520.65 442.687 -78.3731
-520.641 442.683 -78.3602
-513.522 465.915 -77.4704
-513.513 465.911 -77.4575
-508.821 489.617 -74.7762
-508.812 489.614 -74.7633
-506.621 513.42 -70.3333
-506.612 513.417 -70.3204
-506.957 536.948 -64.2116
-506.948 536.945 -64.1987
-509.823 559.83 -56.5076
-509.814 559.827 -56.4947
-515.174 581.706 -47.3429
-515.165 581.702 -47.33
-522.925 602.229 -36.862
-522.916 602.226 -36.8491
-532.955 621.077 -25.2302
-532.946 621.074 -25.2173
-545.106 637.953 -12.6309
-545.097 637.95 -12.618
-559.185 652.59 0.737145
-559.176 652.587 0.750048
-574.97 664.757 14.6632
-574.961 664.754 14.6761
-592.213 674.263 28.9275
-592.205 674.259 28.9404
-610.642 680.957 43.3052
-610.634 680.954 43.3181
-629.966 684.734 57.5695
-629.958 684.731 57.5824
-649.881 685.535 71.4955
-649.872 685.531 71.5084
-670.072 683.346 84.8636
-670.063 683.343 84.8765
-690.22 678.203 97.4629
-690.211 678.2 97.4758
-710.009 670.186 109.095
-710 670.183 109.108
-729.125 659.422 119.576
-729.116 659.419 119.588
-747.268 646.081 128.74
-747.26 646.078 128.753
-764.152 630.373 136.444
-764.143 630.369 136.457
-779.51 612.545 142.566
-779.501 612.542 142.579
-793.1 592.879 147.009
-793.091 592.876 147.022
-804.707 571.686 149.703
-804.698 571.683 149.716
-814.149 549.298 150.606
-814.14 549.295 150.619
-821.276 526.07 149.703
-821.267 526.067 149.716
-825.977 502.368 147.009
-825.968 502.365 147.022
-828.177 478.565 142.566
-828.168 478.562 142.579
-827.842 455.037 136.444
-827.833 455.034 136.457
-824.976 432.155 128.74
-824.967 432.152 128.753
-819.625 410.28 119.576
-819.616 410.276 119.588
-811.873 389.756 109.095
-811.864 389.753 109.108
-801.843 370.908 97.4629
-801.834 370.904 97.4758
-789.693 354.032 84.8636
-789.684 354.029 84.8765
-775.614 339.395 71.4955
-775.605 339.392 71.5084
-759.828 327.228 57.5695
-759.819 327.225 57.5824
-742.585 317.723 43.3052
-742.576 317.719 43.3181
-724.156 311.028 28.9275
-724.147 311.025 28.9404
-704.832 307.251 14.6632
-704.823 307.248 14.6761
-684.918 306.45 0.737145
-684.909 306.447 0.750048
-664.727 308.639 -12.6309
-664.718 308.636 -12.618
-644.578 313.782 -25.2302
-644.57 313.779 -25.2173
-624.79 321.799 -36.862
-624.781 321.796 -36.8491
-605.673 332.563 -47.3429
-605.664 332.56 -47.33
-587.53 345.904 -56.5076
-587.521 345.901 -56.4947
-570.646 361.613 -64.2116
-570.637 361.609 -64.1987
-555.289 379.44 -70.3333
-555.28 379.437 -70.3204
-541.699 399.106 -74.7762
-541.69 399.103 -74.7633
-530.092 420.299 -77.4704
-530.083 420.296 -77.4575
-160.462 -247.474 503.859
-160.46 -247.475 503.875
-157.384 -236.126 503.959
-157.382 -236.127 503.975
-155.739 -224.488 504.26
-155.737 -224.488 504.276
-155.554 -212.742 504.755
-155.552 -212.742 504.771
-156.832 -201.073 505.437
-156.83 -201.074 505.453
-159.553 -189.666 506.296
-159.55 -189.667 506.312
-163.672 -178.701 507.317
-163.67 -178.702 507.333
-169.127 -168.35 508.486
-169.125 -168.351 508.501
-175.83 -158.777 509.782
-175.828 -158.778 509.798
-183.676 -150.133 511.186
-183.674 -150.134 511.202
-192.541 -142.554 512.676
-192.539 -142.555 512.692
-202.285 -136.159 514.228
-202.283 -136.16 514.244
-212.755 -131.05 515.818
-212.753 -131.051 515.834
-223.786 -127.307 517.421
-223.784 -127.308 517.437
-235.203 -124.989 519.011
-235.201 -124.99 519.027
-246.827 -124.132 520.563
-246.825 -124.133 520.579
-258.474 -124.751 522.053
-258.472 -124.752 522.069
-269.96 -126.835 523.457
-269.958 -126.836 523.473
-281.105 -130.351 524.754
-281.103 -130.352 524.77
-291.732 -135.245 525.922
-291.73 -135.246 525.938
-301.675 -141.438 526.943
-301.673 -141.439 526.959
-310.775 -148.834 527.802
-310.773 -148.834 527.818
-318.891 -157.315 528.484
-318.889 -157.315 528.5
-325.893 -166.748 528.98
-325.891 -166.748 528.995
-331.671 -176.983 529.28
-331.669 -176.984 529.296
-336.135 -187.861 529.38
-336.133 -187.862 529.396
-339.213 -199.208 529.28
-339.211 -199.209 529.296
-340.858 -210.847 528.98
-340.856 -210.848 528.995
-341.043 -222.593 528.484
-341.041 -222.594 528.5
-339.765 -234.262 527.802
-339.763 -234.263 527.818
-337.044 -245.669 526.943
-337.042 -245.669 526.959
-332.925 -256.634 525.922
-332.923 -256.635 525.938
-327.47 -266.985 524.754
-327.468 -266.985 524.77
-320.767 -276.558 523.457
-320.765 -276.558 523.473
-312.921 -285.202 522.053
-312.919 -285.202 522.069
-304.056 -292.781 520.563
-304.054 -292.782 520.579
-294.312 -299.176 519.011
-294.31 -299.176 519.027
-283.842 -304.285 517.421
-283.84 -304.285 517.437
-272.811 -308.028 515.818
-272.809 -308.028 515.834
-261.394 -310.346 514.228
-261.392 -310.347 514.244
-249.77 -311.202 512.676
-249.768 -311.203 512.692
-238.123 -310.584 511.186
-238.121 -310.584 511.202
-226.637 -308.5 509.782
-226.635 -308.501 509.798
-215.492 -304.983 508.486
-215.49 -304.984 508.501
-204.865 -300.09 507.317
-204.863 -300.091 507.333
-194.922 -293.897 506.296
-194.92 -293.897 506.312
-185.822 -286.501 505.437
-185.819 -286.502 505.453
-177.706 -278.02 504.755
-177.704 -278.021 504.771
-170.704 -268.587 504.26
-170.702 -268.588 504.276
-164.926 -258.351 503.959
-164.924 -258.352 503.975
-185.144 504.584 -183.606
-185.142 504.583 -183.59
-177.497 538.445 -183.332
-177.495 538.444 -183.316
-174.121 572.986 -182.514
-174.119 572.985 -182.498
-175.071 607.661 -181.165
-175.069 607.661 -181.149
-180.33 641.925 -179.307
-180.328 641.925 -179.291
-189.816 675.237 -176.968
-189.814 675.236 -176.952
-203.38 707.071 -174.186
-203.378 707.071 -174.17
-220.808 736.926 -171.005
-220.806 736.925 -170.989
-241.824 764.33 -167.474
-241.822 764.329 -167.458
-266.098 788.851 -163.649
-266.096 788.85 -163.633
-293.246 810.103 -159.591
-293.244 810.103 -159.575
-322.84 827.751 -155.363
-322.838 827.75 -155.348
-354.414 841.515 -151.033
-354.412 841.515 -151.017
-387.469 851.18 -146.669
-387.467 851.18 -146.653
-421.485 856.593 -142.339
-421.483 856.592 -142.323
-455.925 857.668 -138.111
-455.923 857.667 -138.095
-490.246 854.388 -134.053
-490.244 854.387 -134.037
-523.906 846.805 -130.229
-523.904 846.805 -130.213
-556.375 835.039 -126.698
-556.373 835.039 -126.682
-587.14 819.276 -123.516
-587.138 819.275 -123.5
-615.717 799.763 -120.734
-615.715 799.762 -120.718
-641.655 776.809 -118.395
-641.653 776.808 -118.379
-664.544 750.775 -116.537
-664.542 750.774 -116.521
-684.024 722.072 -115.188
-684.022 722.072 -115.172
-699.788 691.154 -114.37
-699.786 691.153 -114.355
-711.586 658.506 -114.096
-711.584 658.506 -114.081
-719.234 624.645 -114.37
-719.232 624.645 -114.355
-722.609 590.104 -115.188
-722.607 590.104 -115.172
-721.66 555.429 -116.537
-721.658 555.428 -116.521
-716.401 521.165 -118.395
-716.399 521.164 -118.379
-706.914 487.853 -120.734
-706.912 487.852 -120.718
-693.35 456.019 -123.516
-693.348 456.018 -123.5
-675.923 426.164 -126.698
-675.921 426.164 -126.682
-654.906 398.76 -130.229
-654.904 398.76 -130.213
-630.633 374.239 -134.053
-630.631 374.238 -134.037
-603.485 352.987 -138.111
-603.483 352.986 -138.095
-573.891 335.339 -142.339
-573.889 335.339 -142.323
-542.317 321.575 -146.669
-542.315 321.574 -146.653
-509.261 311.91 -151.033
-509.259 311.909 -151.017
-475.245 306.497 -155.363
-475.243 306.497 -155.348
-440.805 305.422 -159.591
-440.803 305.422 -159.575
-406.485 308.702 -163.649
-406.483 308.701 -163.633
-372.825 316.285 -167.474
-372.823 316.284 -167.458
-340.356 328.051 -171.005
-340.354 328.05 -170.989
-309.59 343.814 -174.186
-309.588 343.814 -174.17
-281.013 363.327 -176.968
-281.011 363.327 -176.952
-255.076 386.281 -179.307
-255.074 386.281 -179.291
-232.186 412.315 -181.165
-232.184 412.315 -181.149
-212.706 441.018 -182.514
-212.704 441.017 -182.498
-196.943 471.936 -183.332
-196.941 471.936 -183.316
469.293 -324.218 -647.627
469.296 -324.218 -647.612
474.934 -281.516 -647.075
474.937 -281.517 -647.059
475.289 -238.473 -645.426
475.292 -238.474 -645.41
470.352 -195.768 -642.707
470.355 -195.768 -642.691
460.201 -154.073 -638.96
460.205 -154.074 -638.944
444.997 -114.046 -634.245
445 -114.047 -634.23
424.978 -76.3195 -628.636
424.981 -76.3201 -628.621
400.461 -41.4871 -622.222
400.464 -41.4877 -622.206
371.832 -10.0986 -615.103
371.835 -10.0992 -615.087
339.542 17.351 -607.392
339.546 17.3504 -607.376
304.102 40.4289 -599.211
304.105 40.4282 -599.195
266.07 58.771 -590.688
266.073 58.7703 -590.672
226.045 72.088 -581.958
226.048 72.0874 -581.942
184.659 80.1701 -573.158
184.662 80.1695 -573.143
142.565 82.8897 -564.428
142.568 82.8891 -564.413
100.426 80.2039 -555.905
100.429 80.2033 -555.89
58.9073 72.1551 -547.724
58.9105 72.1545 -547.708
18.6632 58.8702 -540.013
18.6664 58.8696 -539.997
-19.6715 40.5588 -532.894
-19.6683 40.5581 -532.878
-55.4922 17.5095 -526.48
-55.489 17.5089 -526.464
-88.234 -9.91399 -520.871
-88.2308 -9.91462 -520.855
-117.381 -41.2793 -516.156
-117.377 -41.2799 -516.14
-142.472 -76.0918 -512.409
-142.469 -76.0924 -512.393
-163.113 -113.802 -509.69
-163.11 -113.803 -509.674
-178.978 -153.816 -508.041
-178.975 -153.817 -508.025
-189.817 -195.503 -507.489
-189.813 -195.503 -507.473
-195.458 -238.204 -508.041
-195.455 -238.205 -508.025
-195.813 -281.247 -509.69
-195.81 -281.248 -509.674
-190.876 -323.953 -512.409
-190.873 -323.953 -512.393
-180.725 -365.648 -516.156
-180.722 -365.648 -516.14
-165.52 -405.674 -520.871
-165.517 -405.675 -520.855
-145.501 -443.401 -526.48
-145.498 -443.402 -526.464
-120.984 -478.233 -532.894
-120.981 -478.234 -532.878
-92.3553 -509.622 -540.013
-92.3521 -509.622 -539.997
-60.066 -537.071 -547.724
-60.0628 -537.072 -547.708
-24.6258 -560.149 -555.905
-24.6226 -560.15 -555.89
13.4066 -578.491 -564.428
13.4098 -578.492 -564.413
53.4313 -591.808 -573.158
53.4345 -591.809 -573.143
94.8171 -599.891 -581.958
94.8203 -599.891 -581.942
136.911 -602.61 -590.688
136.915 -602.611 -590.672
179.05 -599.924 -599.211
179.053 -599.925 -599.195
220.569 -591.876 -607.392
220.572 -591.876 -607.376
260.813 -578.591 -615.103
260.816 -578.591 -615.087
299.148 -560.279 -622.222
299.151 -560.28 -622.206
334.969 -537.23 -628.636
334.972 -537.231 -628.621
367.71 -509.806 -634.245
367.714 -509.807 -634.23
396.857 -478.441 -638.96
396.86 -478.442 -638.944
421.949 -443.629 -642.707
421.952 -443.629 -642.691
442.59 -405.918 -645.426
442.593 -405.919 -645.41
458.454 -365.904 -647.075
458.458 -365.905 -647.059
1075.01 290.951 -180.688
1075.01 290.95 -180.673
1090.26 349.816 -179.72
1090.26 349.814 -179.704
1098.24 410.035 -176.83
1098.25 410.034 -176.814
1098.83 470.661 -172.063
1098.84 470.659 -172.048
1092.02 530.735 -165.495
1092.03 530.734 -165.48
1077.92 589.312 -157.23
1077.92 589.311 -157.215
1056.74 645.467 -147.398
1056.75 645.466 -147.383
1028.83 698.315 -136.154
1028.83 698.314 -136.139
994.619 747.022 -123.675
994.622 747.021 -123.66
954.65 790.821 -110.158
954.654 790.819 -110.143
909.554 829.019 -95.8169
909.557 829.018 -95.8014
860.041 861.016 -80.8767
860.045 861.015 -80.8613
806.893 886.306 -65.5736
806.897 886.305 -65.5581
750.947 904.49 -50.1488
750.951 904.489 -50.1334
693.087 915.283 -34.8457
693.091 915.281 -34.8302
634.224 918.512 -19.9056
634.228 918.511 -19.8901
575.287 914.129 -5.56397
575.291 914.128 -5.54849
517.205 902.201 7.95285
517.209 902.2 7.96833
460.894 882.917 20.4317
460.898 882.916 20.4472
407.243 856.581 31.6759
407.247 856.58 31.6914
357.097 823.609 41.508
357.101 823.607 41.5235
311.247 784.519 49.773
311.251 784.518 49.7885
270.416 739.93 56.3406
270.42 739.928 56.356
235.249 690.543 61.1071
235.253 690.542 61.1226
206.3 637.138 63.9974
206.304 637.137 64.0129
184.025 580.558 64.9659
184.029 580.556 64.9814
168.776 521.693 63.9974
168.779 521.692 64.0129
160.792 461.474 61.1071
160.796 461.472 61.1226
160.201 400.848 56.3406
160.205 400.847 56.356
167.012 340.774 49.773
167.015 340.772 49.7885
181.116 282.197 41.508
181.12 282.196 41.5235
202.292 226.042 31.6759
202.296 226.04 31.6914
230.205 173.194 20.4317
230.209 173.193 20.4472
264.416 124.487 7.95285
264.42 124.485 7.96833
304.385 80.6884 -5.56397
304.389 80.6872 -5.54849
349.481 42.4898 -19.9056
349.485 42.4885 -19.8901
398.994 10.4932 -34.8457
398.998 10.4919 -34.8302
452.142 -14.7968 -50.1488
452.146 -14.7981 -50.1334
508.087 -32.9814 -65.5736
508.091 -32.9826 -65.5581
565.948 -43.7737 -80.8767
565.952 -43.7749 -80.8613
624.811 -47.0035 -95.8169
624.815 -47.0047 -95.8014
683.748 -42.62 -110.158
683.752 -42.6212 -110.143
741.83 -30.6922 -123.675
741.834 -30.6934 -123.66
798.141 -11.4082 -136.154
798.144 -11.4095 -136.139
851.792 14.9277 -147.398
851.796 14.9265 -147.383
901.938 47.9004 -157.23
901.942 47.8991 -157.215
947.788 86.9897 -165.495
947.792 86.9885 -165.48
988.618 131.579 -172.063
988.622 131.578 -172.048
1023.79 180.966 -176.83
1023.79 180.965 -176.814
1052.73 234.371 -179.72
1052.74 234.369 -179.704
892.084 237.309 175.857
892.086 237.308 175.873
895.202 254.27 175.994
895.204 254.269 176.01
896.185 271.483 176.401
896.187 271.482 176.417
895.019 288.676 177.073
895.021 288.675 177.089
891.722 305.578 177.998
891.724 305.577 178.014
886.346 321.923 179.163
886.348 321.922 179.179
878.976 337.453 180.549
878.978 337.452 180.564
869.728 351.922 182.133
869.73 351.922 182.149
858.747 365.104 183.891
858.749 365.103 183.907
846.208 376.789 185.796
846.21 376.788 185.812
832.307 386.794 187.817
832.309 386.793 187.833
817.264 394.96 189.922
817.266 394.96 189.938
801.317 401.16 192.079
801.319 401.159 192.095
784.716 405.295 194.252
784.718 405.294 194.268
767.723 407.3 196.409
767.725 407.299 196.425
750.607 407.143 198.514
750.609 407.142 198.53
733.638 404.827 200.535
733.64 404.827 200.551
717.082 400.389 202.44
717.084 400.388 202.456
701.202 393.898 204.198
701.204 393.897 204.214
686.247 385.456 205.783
686.249 385.456 205.799
672.454 375.198 207.168
672.456 375.197 207.184
660.039 363.284 208.333
660.041 363.284 208.349
649.199 349.903 209.259
649.201 349.902 209.274
640.105 335.265 209.93
640.107 335.265 209.946
632.9 319.602 210.337
632.902 319.602 210.353
627.698 303.16 210.474
627.7 303.16 210.49
624.581 286.199 210.337
624.583 286.199 210.353
623.597 268.987 209.93
623.599 268.986 209.946
624.763 251.794 209.259
624.765 251.793 209.274
628.06 234.891 208.333
628.062 234.891 208.349
633.436 218.546 207.168
633.438 218.546 207.184
640.806 203.017 205.783
640.808 203.016 205.799
650.054 188.547 204.198
650.056 188.547 204.214
661.035 175.366 202.44
661.037 175.365 202.456
673.574 163.68 200.535
673.576 163.68 200.551
687.475 153.676 198.514
687.477 153.675 198.53
702.518 145.509 196.409
702.52 145.508 196.425
718.466 139.309 194.252
718.468 139.309 194.268
735.067 135.175 192.079
735.069 135.174 192.095
752.059 133.17 189.922
752.061 133.169 189.938
769.175 133.326 187.817
769.177 133.326 187.833
786.145 135.642 185.796
786.147 135.642 185.812
802.7 140.081 183.891
802.702 140.08 183.907
818.58 146.572 182.133
818.582 146.571 182.149
833.535 155.013 180.549
833.537 155.013 180.564
847.329 165.271 179.163
847.331 165.271 179.179
859.743 177.185 177.998
859.745 177.185 178.014
870.583 190.566 177.073
870.585 190.566 177.089
879.677 205.204 176.401
879.679 205.203 176.417
886.882 220.867 175.994
886.884 220.867 176.01
-322.082 -11.3672 -223.785
-322.098 -11.3694 -223.781
-315.825 -51.2806 -221.327
-315.84 -51.2828 -221.323
-308.383 -90.3845 -213.993
-308.399 -90.3866 -213.989
-299.875 -128.062 -201.898
-299.891 -128.064 -201.894
-290.435 -163.719 -185.233
-290.451 -163.722 -185.229
-280.212 -196.794 -164.261
-280.227 -196.796 -164.257
-269.366 -226.764 -139.312
-269.381 -226.766 -139.308
-258.069 -253.157 -110.781
-258.085 -253.159 -110.777
-246.499 -275.557 -79.1158
-246.515 -275.559 -79.1118
-234.839 -293.611 -44.8173
-234.854 -293.613 -44.8133
-223.272 -307.033 -8.42602
-223.288 -307.035 -8.42195
-211.981 -315.612 29.4842
-211.996 -315.614 29.4882
-201.144 -319.214 68.3154
-201.159 -319.216 68.3195
-190.931 -317.78 107.455
-190.947 -317.782 107.459
-181.505 -311.334 146.286
-181.52 -311.336 146.291
-173.013 -299.977 184.197
-173.028 -299.979 184.201
-165.589 -283.888 220.588
-165.604 -283.89 220.592
-159.351 -263.322 254.886
-159.366 -263.324 254.891
-154.397 -238.602 286.551
-154.412 -238.604 286.555
-150.804 -210.118 315.083
-150.82 -210.121 315.087
-148.631 -178.32 340.032
-148.646 -178.323 340.036
-147.91 -143.709 361.004
-147.925 -143.711 361.008
-148.654 -106.831 377.669
-148.669 -106.833 377.673
-150.85 -68.2672 389.764
-150.865 -68.2694 389.768
-154.464 -28.626 397.098
-154.479 -28.6282 397.102
-159.439 11.4674 399.555
-159.455 11.4653 399.559
-165.697 51.3808 397.098
-165.712 51.3787 397.102
-173.138 90.4847 389.764
-173.154 90.4826 389.768
-181.646 128.162 377.669
-181.661 128.16 377.673
-191.086 163.82 361.004
-191.102 163.818 361.008
-201.31 196.894 340.032
-201.325 196.892 340.036
-212.156 226.864 315.083
-212.171 226.862 315.087
-223.452 253.258 286.551
-223.468 253.255 286.555
-235.022 275.657 254.886
-235.037 275.655 254.891
-246.682 293.711 220.588
-246.698 293.709 220.592
-258.249 307.133 184.197
-258.265 307.131 184.201
-269.54 315.713 146.286
-269.556 315.71 146.291
-280.378 319.314 107.455
-280.393 319.312 107.459
-290.59 317.88 68.3154
-290.605 317.878 68.3195
-300.017 311.434 29.4842
-300.032 311.432 29.4882
-308.509 300.077 -8.42602
-308.524 300.075 -8.42195
-315.932 283.988 -44.8173
-315.948 283.986 -44.8133
-322.171 263.422 -79.1158
-322.186 263.42 -79.1118
-327.125 238.702 -110.781
-327.14 238.7 -110.777
-330.717 210.219 -139.312
-330.733 210.216 -139.308
-332.891 178.421 -164.261
-332.906 178.418 -164.257
-333.612 143.81 -185.233
-333.627 143.807 -185.229
-332.868 106.931 -201.898
-332.883 106.929 -201.894
-330.672 68.3675 -213.993
-330.687 68.3653 -213.989
-327.057 28.7262 -221.327
-327.073 28.7241 -221.323
-207.945 -7.05759 -121.725
-207.96 -7.05984 -121.721
-204.157 -30.129 -120.305
-204.172 -30.1313 -120.301
-199.67 -52.7248 -116.068
-199.685 -52.727 -116.063
-194.554 -74.4885 -109.08
-194.57 -74.4907 -109.076
-188.891 -95.0769 -99.4515
-188.907 -95.0792 -99.4473
-182.77 -114.165 -87.3348
-182.785 -114.168 -87.3306
-176.287 -131.453 -72.9206
-176.302 -131.455 -72.9165
-169.545 -146.667 -56.4364
-169.56 -146.669 -56.4322
-162.649 -159.567 -38.142
-162.664 -159.569 -38.1378
-155.709 -169.951 -18.3259
-155.724 -169.953 -18.3218
-148.833 -177.653 2.69921
-148.849 -177.655 2.70339
-142.132 -182.553 24.6019
-142.147 -182.556 24.6061
-135.709 -184.574 47.0367
-135.724 -184.577 47.0409
-129.667 -183.684 69.6499
-129.682 -183.686 69.654
-124.1 -179.896 92.0847
-124.115 -179.898 92.0889
-119.097 -173.27 113.987
-119.112 -173.273 113.992
-114.736 -163.912 135.013
-114.752 -163.914 135.017
-111.087 -151.968 154.829
-111.102 -151.97 154.833
-108.206 -137.627 173.123
-108.221 -137.629 173.127
-106.139 -121.114 189.607
-106.154 -121.117 189.611
-104.919 -102.692 204.021
-104.935 -102.694 204.026
-104.565 -82.6487 216.138
-104.581 -82.6509 216.142
-105.083 -61.3019 225.766
-105.098 -61.3041 225.77
-106.464 -38.9878 232.754
-106.479 -38.99 232.758
-108.687 -16.0583 236.991
-108.702 -16.0606 236.996
-111.716 7.12495 238.411
-111.731 7.1227 238.415
-115.504 30.1964 236.991
-115.519 30.1941 236.996
-119.991 52.7921 232.754
-120.006 52.7899 232.758
-125.106 74.5558 225.766
-125.121 74.5536 225.77
-130.769 95.1443 216.138
-130.784 95.142 216.142
-136.89 114.233 204.021
-136.906 114.231 204.026
-143.373 131.52 189.607
-143.389 131.518 189.611
-150.116 146.734 173.123
-150.131 146.732 173.127
-157.012 159.635 154.829
-157.027 159.632 154.833
-163.952 170.018 135.013
-163.967 170.016 135.017
-170.827 177.72 113.987
-170.842 177.718 113.992
-177.529 182.621 92.0847
-177.544 182.619 92.0889
-183.952 184.642 69.6499
-183.967 184.639 69.654
-189.994 183.751 47.0367
-190.009 183.749 47.0409
-195.56 179.963 24.6019
-195.576 179.961 24.6061
-200.564 173.338 2.69921
-200.579 173.336 2.70339
-204.924 163.979 -18.3259
-204.94 163.977 -18.3218
-208.574 152.035 -38.142
-208.589 152.033 -38.1378
-211.455 137.694 -56.4364
-211.47 137.692 -56.4322
-213.521 121.182 -72.9206
-213.537 121.179 -72.9165
-214.741 102.759 -87.3348
-214.756 102.757 -87.3306
-215.095 82.716 -99.4515
-215.11 82.7138 -99.4473
-214.578 61.3692 -109.08
-214.593 61.367 -109.076
-213.197 39.0552 -116.068
-213.212 39.0529 -116.063
-210.974 16.1257 -120.305
-210.989 16.1234 -120.301
-112.98 -5.12664 -96.0569
-112.995 -5.12894 -96.0527
-110.288 -21.1384 -95.0724
-110.303 -21.1407 -95.0681
-107.101 -36.8166 -92.1343
-107.117 -36.8189 -92.13
-103.47 -51.9138 -87.289
-103.485 -51.9161 -87.2847
-99.4512 -66.1921 -80.6128
-99.4665 -66.1944 -80.6086
-95.1083 -79.4262 -72.2111
-95.1235 -79.4285 -72.2069
-90.5097 -91.4074 -62.2164
-90.5249 -91.4097 -62.2122
-85.728 -101.947 -50.7863
-85.7432 -101.949 -50.7821
-80.8386 -110.878 -38.1011
-80.8539 -110.88 -38.0968
-75.9187 -118.061 -24.3608
-75.9339 -118.063 -24.3565
-71.0458 -123.381 -9.78203
-71.061 -123.383 -9.77777
-66.2967 -126.755 5.40519
-66.3119 -126.758 5.40944
-61.7464 -128.13 20.9614
-61.7616 -128.133 20.9656
-57.4666 -127.484 36.6412
-57.4818 -127.487 36.6455
-53.5248 -124.828 52.1974
-53.54 -124.83 52.2016
-49.9832 -120.202 67.3846
-49.9984 -120.204 67.3889
-46.8976 -113.68 81.9633
-46.9129 -113.683 81.9676
-44.3167 -105.366 95.7037
-44.332 -105.368 95.7079
-42.2812 -95.3892 108.389
-42.2965 -95.3915 108.393
-40.8232 -83.908 119.819
-40.8385 -83.9103 119.823
-39.9657 -71.1032 129.814
-39.981 -71.1055 129.818
-39.7222 -57.1769 138.215
-39.7375 -57.1792 138.22
-40.0966 -42.3485 144.892
-40.1118 -42.3508 144.896
-41.0829 -26.852 149.737
-41.0981 -26.8543 149.741
-42.6656 -10.9318 152.675
-42.6808 -10.9341 152.679
-44.8197 5.16109 153.66
-44.835 5.15878 153.664
-47.5113 21.1729 152.675
-47.5266 21.1706 152.679
-50.6979 36.851 149.737
-50.7132 36.8487 149.741
-54.3293 51.9482 144.892
-54.3445 51.9459 144.896
-58.3481 66.2265 138.215
-58.3634 66.2242 138.22
-62.6911 79.4606 129.814
-62.7064 79.4583 129.818
-67.2897 91.4418 119.819
-67.3049 91.4395 119.823
-72.0714 101.981 108.389
-72.0866 101.979 108.393
-76.9607 110.913 95.7037
-76.976 110.91 95.7079
-81.8807 118.095 81.9633
-81.8959 118.093 81.9676
-86.7536 123.415 67.3846
-86.7689 123.413 67.3889
-91.5027 126.79 52.1974
-91.5179 126.787 52.2016
-96.053 128.165 36.6412
-96.0682 128.162 36.6455
-100.333 127.519 20.9614
-100.348 127.516 20.9656
-104.275 124.862 5.40519
-104.29 124.86 5.40944
-107.816 120.236 -9.78203
-107.831 120.234 -9.77777
-110.902 113.715 -24.3608
-110.917 113.713 -24.3565
-113.483 105.4 -38.1011
-113.498 105.398 -38.0968
-115.518 95.4236 -50.7863
-115.533 95.4213 -50.7821
-116.976 83.9424 -62.2164
-116.991 83.9401 -62.2122
-117.834 71.1377 -72.2111
-117.849 71.1354 -72.2069
-118.077 57.2113 -80.6128
-118.092 57.209 -80.6086
-117.703 42.383 -87.289
-117.718 42.3807 -87.2847
-116.716 26.8865 -92.1343
-116.732 26.8842 -92.13
-115.134 10.9663 -95.0724
-115.149 10.964 -95.0681
-25.5842 -4.12005 -105.007
-25.5995 -4.12233 -105.003
-23.3698 -17.4679 -104.185
-23.3851 -17.4701 -104.181
-20.7548 -30.5402 -101.731
-20.7701 -30.5425 -101.727
-17.7805 -43.1309 -97.6849
-17.7958 -43.1331 -97.6808
-14.4937 -55.0413 -92.1098
-14.509 -55.0436 -92.1057
-10.9464 -66.0838 -85.0938
-10.9617 -66.086 -85.0897
-7.19437 -76.084 -76.7475
-7.20965 -76.0863 -76.7433
-3.29686 -84.8843 -67.2024
-3.31215 -84.8866 -67.1983
0.684668 -92.346 -56.6093
0.669382 -92.3482 -56.6051
4.68743 -98.3512 -45.135
4.67214 -98.3535 -45.1309
8.64829 -102.805 -32.9607
8.63301 -102.808 -32.9565
12.5048 -105.638 -20.2782
12.4895 -105.641 -20.274
16.1961 -106.805 -7.28755
16.1808 -106.808 -7.28341
19.6641 -106.288 5.80631
19.6488 -106.29 5.81045
22.8539 -104.094 18.7969
22.8386 -104.096 18.8011
25.7154 -100.259 31.4794
25.7001 -100.261 31.4836
28.2033 -94.8421 43.6538
28.188 -94.8444 43.6579
30.2785 -87.9299 55.128
30.2632 -87.9322 55.1322
31.9082 -79.6309 65.7212
31.8929 -79.6332 65.7253
33.0667 -70.0762 75.2662
33.0514 -70.0784 75.2704
33.7358 -59.4162 83.6126
33.7205 -59.4185 83.6167
33.9048 -47.8192 90.6286
33.8895 -47.8215 90.6327
33.5712 -35.4681 96.2037
33.5559 -35.4703 96.2078
32.7402 -22.5576 100.25
32.7249 -22.5598 100.254
31.4249 -9.2913 102.703
31.4096 -9.29358 102.708
29.646 4.1215 103.526
29.6307 4.11922 103.53
27.4316 17.4693 102.703
27.4163 17.467 102.708
24.8166 30.5416 100.25
24.8013 30.5394 100.254
21.8423 43.1323 96.2037
21.827 43.13 96.2078
18.5556 55.0428 90.6286
18.5403 55.0405 90.6327
15.0082 66.0852 83.6126
14.9929 66.0829 83.6167
11.2562 76.0854 75.2662
11.2409 76.0832 75.2704
7.35868 84.8858 65.7212
7.34339 84.8835 65.7253
3.37715 92.3474 55.128
3.36186 92.3451 55.1322
-0.625613 98.3527 43.6538
-0.640899 98.3504 43.6579
-4.58648 102.807 31.4794
-4.60176 102.805 31.4836
-8.44298 105.64 18.7969
-8.45827 105.638 18.8011
-12.1343 106.807 5.80631
-12.1496 106.804 5.81045
-15.6022 106.289 -7.28755
-15.6175 106.287 -7.28341
-18.7921 104.095 -20.2782
-18.8074 104.093 -20.274
-21.6535 100.26 -32.9607
-21.6688 100.258 -32.9565
-24.1415 94.8436 -45.135
-24.1568 94.8413 -45.1309
-26.2167 87.9314 -56.6093
-26.2319 87.9291 -56.6051
-27.8464 79.6324 -67.2024
-27.8616 79.6301 -67.1983
-29.0049 70.0776 -76.7475
-29.0202 70.0753 -76.7433
-29.6739 59.4177 -85.0938
-29.6892 59.4154 -85.0897
-29.843 47.8207 -92.1098
-29.8583 47.8184 -92.1057
-29.5094 35.4695 -97.6849
-29.5247 35.4672 -97.6808
-28.6784 22.559 -101.731
-28.6937 22.5567 -101.727
-27.3631 9.29276 -104.185
-27.3783 9.29047 -104.181
22.7796 -10.1222 -245.627
22.7645 -10.1247 -245.623
27.9001 -37.7077 -243.929
27.8849 -37.7102 -243.925
33.8889 -64.6988 -238.862
33.8737 -64.7013 -238.857
40.6516 -90.6698 -230.505
40.6365 -90.6724 -230.501
48.0816 -115.211 -218.991
48.0664 -115.214 -218.986
56.0617 -137.936 -204.5
56.0465 -137.938 -204.496
64.4659 -158.485 -187.262
64.4508 -158.488 -187.258
73.1619 -176.536 -167.549
73.1467 -176.538 -167.544
82.0124 -191.802 -145.67
81.9972 -191.805 -145.666
90.8779 -204.044 -121.972
90.8627 -204.047 -121.968
99.6185 -213.069 -96.8278
99.6033 -213.071 -96.8235
108.096 -218.733 -70.6343
108.081 -218.736 -70.6299
116.178 -220.948 -43.8043
116.163 -220.951 -43.7999
123.736 -219.679 -16.7611
123.72 -219.681 -16.7567
130.65 -214.945 10.0689
130.635 -214.948 10.0732
136.813 -206.822 36.2624
136.798 -206.825 36.2668
142.126 -195.438 61.4066
142.111 -195.441 61.4109
146.506 -180.972 85.1047
146.491 -180.974 85.1091
149.885 -163.651 106.983
149.869 -163.654 106.987
152.207 -143.751 126.697
152.192 -143.753 126.701
153.438 -121.583 143.935
153.423 -121.586 143.939
153.557 -97.4983 158.425
153.542 -97.5009 158.43
152.563 -71.8762 169.94
152.548 -71.8787 169.944
150.471 -45.1208 178.296
150.456 -45.1233 178.301
147.315 -17.654 183.364
147.299 -17.6566 183.368
143.143 10.0909 185.062
143.128 10.0884 185.066
138.023 37.6764 183.364
138.008 37.6739 183.368
132.034 64.6676 178.296
132.019 64.665 178.301
125.271 90.6386 169.94
125.256 90.636 169.944
117.841 115.18 158.425
117.826 115.177 158.43
109.861 137.905 143.935
109.846 137.902 143.939
101.457 158.454 126.697
101.442 158.452 126.701
92.761 176.505 106.983
92.7458 176.502 106.987
83.9105 191.771 85.1047
83.8953 191.769 85.1091
75.045 204.013 61.4066
75.0298 204.011 61.4109
66.3044 213.037 36.2624
66.2892 213.035 36.2668
57.8264 218.702 10.0689
57.8113 218.699 10.0732
49.7449 220.917 -16.7611
49.7297 220.914 -16.7567
42.1872 219.648 -43.8043
42.172 219.645 -43.7999
35.2726 214.914 -70.6343
35.2574 214.912 -70.6299
29.11 206.791 -96.8278
29.0948 206.789 -96.8235
23.7967 195.407 -121.972
23.7815 195.404 -121.968
19.4164 180.94 -145.67
19.4012 180.938 -145.666
16.0383 163.62 -167.549
16.0231 163.618 -167.544
13.7156 143.719 -187.262
13.7005 143.717 -187.258
12.485 121.552 -204.5
12.4698 121.549 -204.496
12.3658 97.4671 -218.991
12.3506 97.4645 -218.986
13.36 71.8449 -230.505
13.3448 71.8424 -230.501
15.4518 45.0895 -238.862
15.4366 45.087 -238.857
18.6083 17.6228 -243.929
18.5931 17.6202 -243.925
78.0729 -12.1722 -370.259
78.0577 -12.1744 -370.255
84.4077 -52.0741 -367.811
84.3924 -52.0762 -367.807
91.9959 -91.1552 -360.506
91.9807 -91.1573 -360.502
100.718 -128.799 -348.459
100.703 -128.801 -348.455
110.436 -164.413 -331.86
110.421 -164.415 -331.856
120.998 -197.433 -310.971
120.983 -197.436 -310.967
132.236 -227.341 -286.121
132.22 -227.343 -286.117
143.973 -253.664 -257.703
143.958 -253.666 -257.699
156.024 -275.987 -226.164
156.009 -275.989 -226.159
168.199 -293.958 -192.001
168.184 -293.961 -191.997
180.307 -307.294 -155.754
180.292 -307.296 -155.75
192.155 -315.784 -117.994
192.14 -315.786 -117.99
203.558 -319.295 -79.317
203.543 -319.297 -79.3127
214.335 -317.77 -40.3323
214.32 -317.772 -40.328
224.317 -311.235 -1.65504
224.302 -311.237 -1.65074
233.346 -299.791 36.1048
233.331 -299.793 36.1091
241.279 -283.621 72.3519
241.264 -283.623 72.3562
247.992 -262.978 106.514
247.977 -262.98 106.519
253.379 -238.188 138.054
253.364 -238.19 138.058
257.355 -209.642 166.472
257.339 -209.644 166.477
259.856 -177.791 191.322
259.841 -177.793 191.326
260.844 -143.136 212.211
260.829 -143.138 212.215
260.303 -106.224 228.81
260.288 -106.227 228.814
258.242 -67.6381 240.857
258.227 -67.6403 240.861
254.692 -27.9857 248.162
254.677 -27.9878 248.166
249.711 12.1076 250.61
249.696 12.1055 250.614
243.376 52.0095 248.162
243.361 52.0073 248.166
235.788 91.0906 240.857
235.773 91.0884 240.861
227.066 128.735 228.81
227.051 128.732 228.814
217.348 164.348 212.211
217.332 164.346 212.215
206.786 197.369 191.322
206.771 197.367 191.326
195.548 227.277 166.472
195.533 227.274 166.477
183.811 253.6 138.054
183.796 253.597 138.058
171.76 275.923 106.514
171.745 275.921 106.519
159.585 293.894 72.3519
159.569 293.892 72.3562
147.477 307.23 36.1048
147.462 307.227 36.1091
135.629 315.72 -1.65504
135.613 315.717 -1.65074
124.226 319.23 -40.3323
124.211 319.228 -40.328
113.449 317.705 -79.317
113.433 317.703 -79.3127
103.467 311.17 -117.994
103.452 311.168 -117.99
94.4381 299.727 -155.754
94.4228 299.724 -155.75
86.5046 283.556 -192.001
86.4894 283.554 -191.997
79.7916 262.913 -226.164
79.7763 262.911 -226.159
74.4049 238.123 -257.703
74.3897 238.121 -257.699
70.4295 209.577 -286.121
70.4142 209.575 -286.117
67.928 177.726 -310.971
67.9128 177.724 -310.967
66.94 143.071 -331.86
66.9247 143.069 -331.856
67.4809 106.16 -348.459
67.4656 106.158 -348.455
69.5423 67.5735 -360.506
69.527 67.5714 -360.502
73.0916 27.9211 -367.811
73.0764 27.9189 -367.807
161.083 -12.8667 -400.341
161.068 -12.869 -400.337
167.856 -52.6963 -397.889
167.84 -52.6986 -397.885
175.842 -91.6956 -390.571
175.827 -91.6979 -390.567
184.916 -129.25 -378.503
184.901 -129.252 -378.499
194.935 -164.766 -361.876
194.92 -164.768 -361.871
205.741 -197.685 -340.95
205.725 -197.687 -340.946
217.163 -227.487 -316.057
217.147 -227.489 -316.053
229.021 -253.702 -287.589
229.006 -253.704 -287.585
241.128 -275.917 -255.995
241.113 -275.919 -255.991
253.294 -293.781 -221.773
253.279 -293.783 -221.769
265.326 -307.013 -185.463
265.311 -307.015 -185.459
277.035 -315.403 -147.637
277.02 -315.406 -147.633
288.236 -318.821 -108.893
288.22 -318.823 -108.889
298.752 -317.211 -69.8403
298.737 -317.214 -69.8361
308.417 -310.6 -31.0957
308.402 -310.602 -31.0915
317.08 -299.091 6.72985
317.065 -299.093 6.73406
324.603 -282.865 43.0399
324.588 -282.868 43.0442
330.868 -262.18 77.2619
330.853 -262.182 77.2661
335.776 -237.361 108.856
335.761 -237.363 108.86
339.25 -208.799 137.324
339.234 -208.801 137.328
341.234 -176.945 162.217
341.219 -176.947 162.221
341.698 -142.301 183.142
341.683 -142.303 183.147
340.634 -105.414 199.77
340.619 -105.416 199.774
338.059 -66.8651 211.838
338.044 -66.8674 211.842
334.014 -27.2625 219.156
333.999 -27.2648 219.16
328.562 12.7693 221.608
328.547 12.7669 221.612
321.79 52.5989 219.156
321.774 52.5966 219.16
313.803 91.5982 211.838
313.788 91.5959 211.842
304.729 129.152 199.77
304.714 129.15 199.774
294.71 164.669 183.142
294.695 164.666 183.147
283.905 197.587 162.217
283.889 197.585 162.221
272.483 227.389 137.324
272.467 227.387 137.328
260.624 253.604 108.856
260.609 253.602 108.86
248.517 275.819 77.2619
248.502 275.817 77.2661
236.351 293.683 43.0399
236.336 293.681 43.0442
224.319 306.915 6.72985
224.304 306.913 6.73406
212.61 315.306 -31.0957
212.595 315.304 -31.0915
201.41 318.724 -69.8403
201.394 318.721 -69.8361
190.893 317.114 -108.893
190.878 317.112 -108.889
181.228 310.502 -147.637
181.213 310.5 -147.633
172.565 298.993 -185.463
172.55 298.991 -185.459
165.042 282.768 -221.773
165.027 282.766 -221.769
158.777 262.083 -255.995
158.762 262.08 -255.991
153.869 237.263 -287.589
153.854 237.261 -287.585
150.396 208.701 -316.057
150.38 208.699 -316.053
148.411 176.847 -340.95
148.396 176.845 -340.946
147.947 142.204 -361.876
147.932 142.201 -361.871
149.011 105.317 -378.503
148.996 105.314 -378.499
151.586 66.7677 -390.571
151.571 66.7653 -390.567
155.631 27.1651 -397.889
155.616 27.1627 -397.885
CELLS 4312 17248
3 1 2 0
3 1 2 3
3 87 88 86
3 87 88 89
3 28 31 29
3 28 31 30
3 9 10 8
3 9 10 11
3 9 8 6
3 9 7 6
3 13 10 12
3 13 10 11
3 13 14 12
3 13 14 15
3 98 1 0
3 98 99 1
3 98 99 97
3 98 96 97
3 45 42 44
3 45 42 43
3 41 42 43
3 41 42 40
3 46 45 47
3 46 45 44
3 49 46 48
3 49 46 47
3 49 48 50
3 49 51 50
3 33 32 30
3 33 31 30
3 5 2 3
3 5 4 2
3 5 7 6
3 5 4 6
3 19 20 18
3 19 20 21
3 16 19 17
3 16 19 18
3 16 17 15
3 16 14 15
3 57 54 56
3 57 54 55
3 57 58 56
3 57 58 59
3 63 64 62
3 63 64 65
3 90 91 93
3 90 93 92
3 90 88 89
3 90 91 89
3 94 95 93
3 94 93 92
3 94 96 97
3 94 95 97
3 81 82 80
3 81 82 83
3 78 81 79
3 78 81 80
3 39 38 36
3 39 36 37
3 39 38 40
3 39 41 40
3 35 34 36
3 35 36 37
3 35 34 32
3 35 33 32
3 23 22 20
3 23 20 21
3 23 22 24
3 23 25 24
3 27 28 29
3 27 26 28
3 27 26 24
3 27 25 24
3 52 51 50
3 52 53 51
3 52 53 55
3 52 54 55
3 84 87 86
3 84 85 87
3 84 85 83
3 84 82 83
3 73 72 74
3 73 74 75
3 67 64 65
3 67 66 64
3 67 66 68
3 67 69 68
3 61 58 59
3 61 60 58
3 61 63 62
3 61 60 62
3 76 77 75
3 76 74 75
3 76 78 79
3 76 77 79
3 70 48 50
3 70 2 0
3 70 34 36
3 70 22 24
3 70 38 36
3 70 46 44
3 70 52 50
3 70 88 86
3 70 60 62
3 70 4 6
3 70 84 86
3 70 10 12
3 70 14 12
3 70 98 0
3 70 32 30
3 70 20 18
3 70 8 6
3 70 64 62
3 70 66 68
3 70 90 92
3 70 94 92
3 70 38 40
3 70 42 44
3 70 34 32
3 70 28 30
3 70 10 8
3 70 4 2
3 70 26 24
3 70 54 56
3 70 16 18
3 70 98 96
3 70 42 40
3 70 46 48
3 70 22 20
3 70 26 28
3 70 16 14
3 70 72 74
3 70 58 56
3 70 90 88
3 70 94 96
3 70 82 80
3 70 78 80
3 70 52 54
3 70 76 74
3 70 66 64
3 70 60 58
3 70 84 82
3 70 76 78
3 71 19 21
3 71 9 11
3 71 1 3
3 71 87 89
3 71 85 83
3 71 99 97
3 71 39 37
3 71 53 55
3 71 77 75
3 71 45 47
3 71 49 47
3 71 35 37
3 71 5 3
3 71 13 11
3 71 99 1
3 71 91 89
3 71 95 97
3 71 27 29
3 71 81 83
3 71 31 29
3 71 23 21
3 71 9 7
3 71 17 15
3 71 13 15
3 71 57 55
3 71 91 93
3 71 95 93
3 71 85 87
3 71 63 65
3 71 45 43
3 71 41 43
3 71 49 51
3 71 33 31
3 71 5 7
3 71 19 17
3 71 53 51
3 71 73 75
3 71 57 59
3 71 67 65
3 71 81 79
3 71 39 41
3 71 35 33
3 71 23 25
3 71 27 25
3 71 77 79
3 71 61 59
3 71 67 69
3 71 61 63
3 71 69 68
3 71 70 68
3 71 73 72
3 71 70 72
3 111 110 112
3 111 112 113
3 111 110 108
3 111 109 108
3 101 102 100
3 101 102 103
3 198 101 100
3 198 101 199
3 107 108 106
3 107 109 108
3 145 142 144
3 145 142 143
3 141 142 143
3 141 142 140
3 146 145 147
3 146 145 144
3 149 146 148
3 149 146 147
3 149 148 150
3 149 151 150
3 115 114 112
3 115 112 113
3 132 133 131
3 132 131 130
3 135 134 136
3 135 136 137
3 135 132 134
3 135 132 133
3 128 129 131
3 128 131 130
3 127 126 124
3 127 125 124
3 127 128 126
3 127 128 129
3 153 154 152
3 153 154 155
3 153 152 150
3 153 151 150
3 157 154 156
3 157 154 155
3 157 158 156
3 157 158 159
3 163 164 162
3 163 164 165
3 192 195 193
3 192 195 194
3 196 195 197
3 196 195 194
3 196 199 197
3 196 198 199
3 105 104 102
3 105 102 103
3 105 104 106
3 105 107 106
3 178 181 179
3 178 181 180
3 186 189 187
3 186 189 188
3 186 185 187
3 186 185 184
3 182 181 183
3 182 181 180
3 182 185 183
3 182 185 184
3 139 138 136
3 139 136 137
3 139 138 140
3 139 141 140
3 123 122 124
3 123 125 124
3 191 192 193
3 191 192 190
3 191 190 188
3 191 189 188
3 117 116 118
3 117 119 118
3 117 115 114
3 117 116 114
3 121 120 118
3 121 119 118
3 121 122 120
3 121 123 122
3 173 172 174
3 173 174 175
3 167 164 165
3 167 166 164
3 167 166 168
3 167 169 168
3 161 158 159
3 161 160 158
3 161 163 162
3 161 160 162
3 176 177 175
3 176 174 175
3 176 178 179
3 176 177 179
3 170 196 194
3 170 110 112
3 170 138 136
3 170 146 144
3 170 114 112
3 170 134 136
3 170 104 106
3 170 102 100
3 170 148 150
3 170 126 124
3 170 152 150
3 170 108 106
3 170 190 188
3 170 160 162
3 170 132 130
3 170 122 124
3 170 164 162
3 170 110 108
3 170 116 118
3 170 104 102
3 170 198 100
3 170 138 140
3 170 142 144
3 170 182 180
3 170 120 118
3 170 128 130
3 170 154 156
3 170 166 168
3 170 192 194
3 170 186 188
3 170 142 140
3 170 146 148
3 170 122 120
3 170 132 134
3 170 128 126
3 170 154 152
3 170 172 174
3 170 158 156
3 170 192 190
3 170 196 198
3 170 178 180
3 170 186 184
3 170 182 184
3 170 116 114
3 170 176 174
3 170 166 164
3 170 160 158
3 170 176 178
3 171 163 165
3 171 127 125
3 171 101 103
3 171 149 147
3 171 123 125
3 171 153 155
3 171 121 119
3 171 111 113
3 171 145 147
3 171 139 137
3 171 115 113
3 171 135 137
3 171 195 193
3 171 199 197
3 171 181 183
3 171 191 193
3 171 185 183
3 171 133 131
3 171 129 131
3 171 157 155
3 171 111 109
3 171 101 199
3 171 195 197
3 171 107 109
3 171 105 103
3 171 145 143
3 171 141 143
3 171 149 151
3 171 177 175
3 171 135 133
3 171 127 129
3 171 153 151
3 171 173 175
3 171 157 159
3 171 167 165
3 171 189 187
3 171 105 107
3 171 181 179
3 171 185 187
3 171 139 141
3 171 117 119
3 171 191 189
3 171 177 179
3 171 117 115
3 171 121 123
3 171 161 159
3 171 167 169
3 171 161 163
3 171 169 168
3 171 170 168
3 171 173 172
3 171 170 172
3 251 248 250
3 251 248 249
3 237 236 238
3 237 238 239
3 237 236 234
3 237 235 234
3 242 243 245
3 242 245 244
3 241 240 238
3 241 238 239
3 241 242 240
3 241 242 243
3 247 248 249
3 247 246 248
3 247 246 244
3 247 245 244
3 257 258 256
3 257 258 259
3 252 251 253
3 252 251 250
3 277 278 276
3 277 278 279
3 277 276 274
3 277 275 274
3 223 220 222
3 223 220 221
3 223 222 224
3 223 225 224
3 202 203 201
3 202 201 200
3 214 215 213
3 214 213 212
3 233 234 232
3 233 235 234
3 227 226 228
3 227 228 229
3 227 226 224
3 227 225 224
3 254 257 256
3 254 257 255
3 254 255 253
3 254 252 253
3 261 258 259
3 261 260 258
3 261 260 262
3 261 263 262
3 295 292 294
3 295 292 293
3 296 295 297
3 296 295 294
3 284 285 287
3 284 287 286
3 281 278 280
3 281 278 279
3 219 220 218
3 219 220 221
3 216 219 217
3 216 219 218
3 216 214 215
3 216 217 215
3 211 213 212
3 211 210 212
3 211 210 208
3 211 209 208
3 231 230 228
3 231 228 229
3 231 230 232
3 231 233 232
3 273 275 274
3 273 272 274
3 270 271 269
3 270 268 269
3 270 273 271
3 270 273 272
3 267 266 268
3 267 268 269
3 291 292 290
3 291 292 293
3 288 289 287
3 288 287 286
3 288 291 289
3 288 291 290
3 283 284 285
3 283 284 282
3 283 282 280
3 283 281 280
3 207 208 206
3 207 209 208
3 265 263 262
3 265 264 262
3 265 264 266
3 265 267 266
3 298 248 250
3 298 236 238
3 298 222 224
3 298 288 286
3 298 252 250
3 298 270 268
3 298 240 238
3 298 272 274
3 298 242 244
3 298 276 274
3 298 226 224
3 298 234 232
3 298 230 232
3 298 246 244
3 298 202 200
3 298 292 294
3 298 214 212
3 298 282 280
3 298 236 234
3 298 278 280
3 298 246 248
3 298 258 256
3 298 260 262
3 298 254 256
3 298 220 218
3 298 208 206
3 298 278 276
3 298 230 228
3 298 226 228
3 298 242 240
3 298 210 212
3 298 216 218
3 298 260 258
3 298 266 268
3 298 220 222
3 298 264 262
3 298 284 286
3 298 204 206
3 298 210 208
3 298 254 252
3 298 264 266
3 298 292 290
3 298 296 294
3 298 284 282
3 298 204 202
3 298 216 214
3 298 270 272
3 298 288 290
3 298 201 200
3 298 299 201
3 298 296 297
3 298 299 297
3 205 237 239
3 205 251 249
3 205 247 249
3 205 277 279
3 205 271 269
3 205 203 201
3 205 295 293
3 205 241 239
3 205 257 259
3 205 223 221
3 205 291 293
3 205 211 213
3 205 219 221
3 205 251 253
3 205 243 245
3 205 255 253
3 205 227 229
3 205 273 275
3 205 261 259
3 205 281 279
3 205 215 213
3 205 237 235
3 205 241 243
3 205 247 245
3 205 257 255
3 205 277 275
3 205 223 225
3 205 267 269
3 205 285 287
3 205 217 215
3 205 283 285
3 205 233 235
3 205 227 225
3 205 231 229
3 205 261 263
3 205 289 287
3 205 295 297
3 205 299 201
3 205 219 217
3 205 211 209
3 205 231 233
3 205 273 271
3 205 265 263
3 205 291 289
3 205 299 297
3 205 283 281
3 205 207 209
3 205 265 267
3 205 202 203
3 205 204 202
3 205 204 206
3 205 207 206
3 301 302 300
3 301 302 303
3 387 388 386
3 387 388 389
3 343 340 342
3 343 341 340
3 339 338 336
3 339 336 337
3 339 338 340
3 339 341 340
3 344 343 345
3 344 343 342
3 347 344 346
3 347 344 345
3 347 348 346
3 347 348 349
3 333 332 330
3 333 331 330
3 328 329 331
3 328 331 330
3 327 326 324
3 327 325 324
3 327 328 326
3 327 328 329
3 353 354 352
3 353 354 355
3 357 354 356
3 357 354 355
3 357 358 356
3 357 358 359
3 363 364 362
3 363 364 365
3 311 310 312
3 311 312 313
3 311 308 310
3 311 309 308
3 307 308 306
3 307 309 308
3 397 394 396
3 397 394 395
3 398 301 300
3 398 301 399
3 398 397 399
3 398 397 396
3 384 387 385
3 384 387 386
3 383 384 382
3 383 384 385
3 383 382 380
3 383 381 380
3 393 394 392
3 393 394 395
3 390 393 391
3 390 393 392
3 390 391 389
3 390 388 389
3 317 316 318
3 317 319 318
3 314 315 313
3 314 312 313
3 314 317 315
3 314 317 316
3 321 320 318
3 321 319 318
3 335 334 336
3 335 336 337
3 335 334 332
3 335 333 332
3 351 348 349
3 351 348 350
3 351 352 350
3 351 353 352
3 305 304 302
3 305 302 303
3 305 304 306
3 305 307 306
3 377 376 374
3 377 374 375
3 323 322 324
3 323 325 324
3 323 320 322
3 323 321 320
3 373 372 374
3 373 374 375
3 367 364 365
3 367 366 364
3 367 366 368
3 367 369 368
3 361 358 359
3 361 360 358
3 361 363 362
3 361 360 362
3 370 384 386
3 370 310 312
3 370 338 336
3 370 308 306
3 370 390 392
3 370 322 324
3 370 302 300
3 370 304 306
3 370 344 342
3 370 326 324
3 370 352 350
3 370 334 336
3 370 398 300
3 370 340 342
3 370 320 318
3 370 332 330
3 370 364 362
3 370 308 310
3 370 314 312
3 370 394 392
3 370 338 340
3 370 388 386
3 370 316 318
3 370 348 350
3 370 334 332
3 370 328 330
3 370 354 356
3 370 304 302
3 370 366 368
3 370 382 380
3 370 376 374
3 370 344 346
3 370 348 346
3 370 320 322
3 370 328 326
3 370 354 352
3 370 372 374
3 370 358 356
3 370 394 396
3 370 398 396
3 370 384 382
3 370 360 362
3 370 390 388
3 370 314 316
3 370 378 380
3 370 366 364
3 370 360 358
3 370 378 376
3 379 381 380
3 379 378 380
3 379 377 376
3 379 378 376
3 371 305 303
3 371 315 313
3 371 323 325
3 371 347 345
3 371 301 303
3 371 353 355
3 371 351 349
3 371 343 345
3 371 317 319
3 371 327 325
3 371 377 375
3 371 363 365
3 371 383 385
3 371 387 385
3 371 339 337
3 371 329 331
3 371 357 355
3 371 311 313
3 371 301 399
3 371 397 395
3 371 391 389
3 371 387 389
3 371 343 341
3 371 339 341
3 371 347 349
3 371 393 395
3 371 333 331
3 371 327 329
3 371 335 337
3 371 373 375
3 371 357 359
3 371 367 365
3 371 311 309
3 371 307 309
3 371 397 399
3 371 383 381
3 371 393 391
3 371 317 315
3 371 321 319
3 371 335 333
3 371 351 353
3 371 305 307
3 371 361 359
3 371 323 321
3 371 379 381
3 371 367 369
3 371 361 363
3 371 379 377
3 371 369 368
3 371 370 368
3 371 373 372
3 371 370 372
3 459 460 458
3 459 460 461
3 426 427 425
3 426 425 424
3 451 448 450
3 451 448 449
3 452 451 453
3 452 451 450
3 452 453 455
3 452 454 455
3 457 454 456
3 457 454 455
3 457 458 456
3 457 459 458
3 463 460 462
3 463 460 461
3 469 466 468
3 469 467 466
3 444 445 443
3 444 443 442
3 447 448 446
3 447 448 449
3 447 444 446
3 447 444 445
3 441 440 442
3 441 443 442
3 435 434 436
3 435 436 437
3 435 434 432
3 435 433 432
3 465 464 466
3 465 467 466
3 465 464 462
3 465 463 462
3 483 482 480
3 483 481 480
3 475 472 474
3 475 472 473
3 475 476 474
3 475 476 477
3 471 470 472
3 471 472 473
3 471 470 468
3 471 469 468
3 411 410 412
3 411 412 413
3 404 407 405
3 404 407 406
3 401 498 400
3 401 498 499
3 429 426 427
3 429 428 426
3 415 414 412
3 415 412 413
3 494 495 493
3 494 493 492
3 497 498 496
3 497 498 499
3 497 494 496
3 497 494 495
3 489 488 486
3 489 486 487
3 485 484 486
3 485 486 487
3 485 484 482
3 485 483 482
3 439 436 437
3 439 438 436
3 439 441 440
3 439 438 440
3 409 408 406
3 409 407 406
3 409 410 408
3 409 411 410
3 403 404 405
3 403 404 402
3 403 402 400
3 403 401 400
3 431 432 430
3 431 433 432
3 431 428 430
3 431 429 428
3 421 420 418
3 421 419 418
3 478 470 468
3 478 444 442
3 478 488 486
3 478 460 462
3 478 414 412
3 478 434 436
3 478 426 424
3 478 404 406
3 478 472 474
3 478 448 450
3 478 410 412
3 478 458 456
3 478 466 468
3 478 464 462
3 478 452 450
3 478 432 430
3 478 484 486
3 478 476 474
3 478 428 430
3 478 498 400
3 478 460 458
3 478 454 456
3 478 464 466
3 478 482 480
3 478 470 472
3 478 434 432
3 478 448 446
3 478 440 442
3 478 408 406
3 478 402 400
3 478 422 424
3 478 452 454
3 478 484 482
3 478 444 446
3 478 410 408
3 478 438 436
3 478 428 426
3 478 494 492
3 478 420 418
3 478 498 496
3 478 416 418
3 478 490 492
3 478 438 440
3 478 404 402
3 478 422 420
3 478 494 496
3 478 416 414
3 478 490 488
3 478 481 480
3 478 479 481
3 478 476 477
3 478 479 477
3 417 416 418
3 417 419 418
3 417 415 414
3 417 416 414
3 423 425 424
3 423 422 424
3 423 422 420
3 423 421 420
3 491 429 427
3 491 459 461
3 491 497 499
3 491 447 449
3 491 457 455
3 491 471 473
3 491 475 473
3 491 479 481
3 491 465 467
3 491 427 425
3 491 453 455
3 491 451 449
3 491 489 487
3 491 463 461
3 491 445 443
3 491 411 413
3 491 401 499
3 491 431 433
3 491 435 437
3 491 451 453
3 491 457 459
3 491 415 413
3 491 485 487
3 491 469 467
3 491 447 445
3 491 441 443
3 491 407 405
3 491 435 433
3 491 495 493
3 491 465 463
3 491 483 481
3 491 475 477
3 491 471 469
3 491 439 437
3 491 409 407
3 491 403 405
3 491 417 419
3 491 497 495
3 491 423 425
3 491 485 483
3 491 479 477
3 491 439 441
3 491 409 411
3 491 403 401
3 491 431 429
3 491 421 419
3 491 417 415
3 491 423 421
3 491 493 492
3 491 490 492
3 491 489 488
3 491 490 488
3 552 551 553
3 552 551 550
3 555 552 553
3 555 552 554
3 549 546 548
3 549 546 547
3 549 548 550
3 549 551 550
3 545 546 544
3 545 546 547
3 566 569 567
3 566 569 568
3 561 560 558
3 561 558 559
3 561 560 562
3 561 563 562
3 565 566 564
3 565 566 567
3 565 564 562
3 565 563 562
3 557 558 556
3 557 558 559
3 557 554 556
3 557 555 554
3 542 545 543
3 542 545 544
3 541 542 540
3 541 542 543
3 526 527 525
3 526 525 524
3 535 534 536
3 535 536 537
3 535 534 532
3 535 533 532
3 529 526 527
3 529 526 528
3 581 582 580
3 581 583 582
3 585 584 586
3 585 586 587
3 585 584 582
3 585 583 582
3 578 581 579
3 578 581 580
3 575 572 574
3 575 572 573
3 571 570 572
3 571 572 573
3 571 570 568
3 571 569 568
3 531 532 530
3 531 533 532
3 531 528 530
3 531 529 528
3 515 514 512
3 515 512 513
3 511 510 512
3 511 512 513
3 505 504 506
3 505 507 506
3 577 578 579
3 577 578 576
3 577 576 574
3 577 575 574
3 539 536 537
3 539 538 536
3 539 541 540
3 539 538 540
3 521 520 518
3 521 519 518
3 592 534 536
3 592 578 580
3 592 584 586
3 592 564 562
3 592 514 512
3 592 516 518
3 592 570 568
3 592 520 518
3 592 572 574
3 592 546 544
3 592 548 550
3 592 558 556
3 592 560 562
3 592 510 512
3 592 532 530
3 592 554 556
3 592 552 550
3 592 526 524
3 592 522 524
3 592 542 544
3 592 560 558
3 592 582 580
3 592 570 572
3 592 576 574
3 592 534 532
3 592 552 554
3 592 546 548
3 592 566 568
3 592 528 530
3 592 508 506
3 592 504 506
3 592 584 582
3 592 502 500
3 592 566 564
3 592 542 540
3 592 526 528
3 592 598 500
3 592 538 536
3 592 588 586
3 592 596 594
3 592 510 508
3 592 502 504
3 592 578 576
3 592 538 540
3 592 520 522
3 592 598 596
3 592 516 514
3 592 588 590
3 597 596 594
3 597 595 594
3 509 508 506
3 509 507 506
3 509 510 508
3 509 511 510
3 503 502 500
3 503 501 500
3 503 502 504
3 503 505 504
3 517 516 518
3 517 519 518
3 517 515 514
3 517 516 514
3 523 525 524
3 523 522 524
3 523 520 522
3 523 521 520
3 589 586 587
3 589 588 586
3 589 588 590
3 589 591 590
3 593 592 594
3 593 595 594
3 593 592 590
3 593 591 590
3 599 531 533
3 599 575 573
3 599 565 567
3 599 557 559
3 599 545 547
3 599 523 525
3 599 577 579
3 599 515 513
3 599 581 579
3 599 551 553
3 599 549 547
3 599 527 525
3 599 585 587
3 599 561 559
3 599 555 553
3 599 549 551
3 599 545 543
3 599 535 537
3 599 539 537
3 599 517 519
3 599 511 513
3 599 529 527
3 599 569 567
3 599 561 563
3 599 565 563
3 599 557 555
3 599 541 543
3 599 535 533
3 599 571 573
3 599 581 583
3 599 585 583
3 599 509 507
3 599 571 569
3 599 531 529
3 599 503 501
3 599 589 587
3 599 593 595
3 599 505 507
3 599 577 575
3 599 539 541
3 599 521 519
3 599 597 595
3 599 509 511
3 599 503 505
3 599 517 515
3 599 523 521
3 599 589 591
3 599 593 591
3 599 598 500
3 599 501 500
3 599 598 596
3 599 597 596
3 607 604 606
3 607 604 605
3 607 608 606
3 607 609 608
3 613 614 612
3 613 614 615
3 617 616 614
3 617 614 615
3 617 616 618
3 617 619 618
3 697 694 696
3 697 694 695
3 687 684 686
3 687 684 685
3 639 638 636
3 639 636 637
3 635 634 636
3 635 636 637
3 657 654 656
3 657 654 655
3 657 658 656
3 657 658 659
3 611 610 608
3 611 609 608
3 611 610 612
3 611 613 612
3 603 604 605
3 603 602 604
3 603 602 600
3 603 601 600
3 623 622 624
3 623 625 624
3 688 687 689
3 688 687 686
3 691 688 689
3 691 688 690
3 649 648 646
3 649 646 647
3 649 648 650
3 649 651 650
3 641 640 642
3 641 643 642
3 641 638 640
3 641 639 638
3 645 644 646
3 645 646 647
3 645 644 642
3 645 643 642
3 627 626 624
3 627 625 624
3 652 653 651
3 652 651 650
3 652 653 655
3 652 654 655
3 664 663 665
3 664 663 662
3 667 664 666
3 667 664 665
3 667 666 668
3 667 669 668
3 621 620 618
3 621 619 618
3 621 622 620
3 621 623 622
3 699 601 600
3 699 698 600
3 699 697 696
3 699 698 696
3 683 684 685
3 683 682 684
3 693 694 692
3 693 694 695
3 693 690 692
3 693 691 690
3 633 632 630
3 633 631 630
3 633 635 634
3 633 632 634
3 629 628 630
3 629 631 630
3 629 626 628
3 629 627 626
3 673 672 674
3 673 674 675
3 661 658 659
3 661 660 658
3 661 663 662
3 661 660 662
3 681 678 680
3 681 678 679
3 681 682 680
3 681 683 682
3 676 677 675
3 676 674 675
3 676 677 679
3 676 678 679
3 670 634 636
3 670 614 612
3 670 610 612
3 670 616 618
3 670 638 636
3 670 682 680
3 670 644 642
3 670 672 674
3 670 602 600
3 670 660 662
3 670 632 630
3 670 608 606
3 670 664 662
3 670 684 686
3 670 640 642
3 670 652 650
3 670 610 608
3 670 604 606
3 670 616 614
3 670 620 618
3 670 622 624
3 670 694 692
3 670 638 640
3 670 648 650
3 670 688 686
3 670 628 630
3 670 654 656
3 670 626 624
3 670 602 604
3 670 622 620
3 670 694 696
3 670 698 600
3 670 690 692
3 670 648 646
3 670 644 646
3 670 626 628
3 670 666 668
3 670 658 656
3 670 698 696
3 670 682 684
3 670 678 680
3 670 688 690
3 670 632 634
3 670 652 654
3 670 664 666
3 670 676 674
3 670 660 658
3 670 676 678
3 671 653 655
3 671 639 637
3 671 613 615
3 671 635 637
3 671 697 695
3 671 607 605
3 671 603 605
3 671 617 615
3 671 623 625
3 671 645 647
3 671 687 685
3 671 629 631
3 671 611 609
3 671 683 685
3 671 677 675
3 671 641 643
3 671 657 655
3 671 607 609
3 671 663 665
3 671 617 619
3 671 621 619
3 671 699 601
3 671 687 689
3 671 649 647
3 671 693 695
3 671 653 651
3 671 627 625
3 671 657 659
3 671 673 675
3 671 611 613
3 671 603 601
3 671 667 665
3 671 691 689
3 671 649 651
3 671 641 639
3 671 645 643
3 671 633 631
3 671 667 669
3 671 621 623
3 671 699 697
3 671 661 659
3 671 677 679
3 671 693 691
3 671 633 635
3 671 629 627
3 671 681 679
3 671 661 663
3 671 681 683
3 671 669 668
3 671 670 668
3 671 673 672
3 671 670 672
3 726 727 725
3 726 725 724
3 742 743 745
3 742 745 744
3 710 713 711
3 710 713 712
3 715 716 714
3 715 716 717
3 715 714 712
3 715 713 712
3 719 716 718
3 719 716 717
3 733 734 732
3 733 734 735
3 733 732 730
3 733 731 730
3 757 754 756
3 757 754 755
3 737 734 736
3 737 734 735
3 737 738 736
3 737 739 738
3 741 742 740
3 741 742 743
3 741 738 740
3 741 739 738
3 747 745 744
3 747 746 744
3 747 748 746
3 747 748 749
3 751 748 750
3 751 748 749
3 752 751 753
3 752 751 750
3 752 753 755
3 752 754 755
3 701 702 700
3 701 702 703
3 720 719 721
3 720 719 718
3 723 725 724
3 723 722 724
3 723 720 722
3 723 720 721
3 729 726 727
3 729 728 726
3 729 731 730
3 729 728 730
3 758 757 759
3 758 757 756
3 761 758 759
3 761 758 760
3 798 701 799
3 798 701 700
3 797 796 794
3 797 794 795
3 797 798 796
3 797 798 799
3 709 710 711
3 709 708 710
3 709 708 706
3 709 707 706
3 705 702 703
3 705 704 702
3 705 704 706
3 705 707 706
3 793 792 794
3 793 794 795
3 783 784 782
3 783 784 785
3 773 772 774
3 773 774 775
3 767 766 764
3 767 764 765
3 767 766 768
3 767 769 768
3 763 764 762
3 763 764 765
3 763 760 762
3 763 761 760
3 791 790 788
3 791 789 788
3 791 792 790
3 791 793 792
3 786 787 789
3 786 789 788
3 786 787 785
3 786 784 785
3 780 783 781
3 780 783 782
3 779 780 778
3 779 780 781
3 776 714 712
3 776 734 736
3 776 742 744
3 776 716 718
3 776 726 724
3 776 752 750
3 776 738 736
3 776 748 750
3 776 770 768
3 776 732 730
3 776 710 712
3 776 790 788
3 776 764 762
3 776 738 740
3 776 734 732
3 776 760 762
3 776 702 700
3 776 722 724
3 776 728 730
3 776 754 756
3 776 798 700
3 776 742 740
3 776 746 744
3 776 758 756
3 776 708 706
3 776 716 714
3 776 704 706
3 776 728 726
3 776 720 718
3 776 792 794
3 776 772 774
3 776 766 768
3 776 748 746
3 776 752 754
3 776 796 794
3 776 708 710
3 776 704 702
3 776 720 722
3 776 792 790
3 776 784 782
3 776 780 782
3 776 766 764
3 776 758 760
3 776 798 796
3 776 786 788
3 776 786 784
3 776 780 778
3 776 770 772
3 771 769 768
3 771 770 768
3 771 773 772
3 771 770 772
3 777 757 755
3 777 719 717
3 777 715 717
3 777 753 755
3 777 733 735
3 777 783 785
3 777 797 795
3 777 727 725
3 777 705 703
3 777 743 745
3 777 741 743
3 777 713 711
3 777 767 765
3 777 701 703
3 777 723 725
3 777 729 727
3 777 791 789
3 777 737 735
3 777 747 745
3 777 751 749
3 777 709 711
3 777 715 713
3 777 719 721
3 777 733 731
3 777 773 775
3 777 757 759
3 777 737 739
3 777 741 739
3 777 747 749
3 777 751 753
3 777 701 799
3 777 723 721
3 777 729 731
3 777 793 795
3 777 787 785
3 777 761 759
3 777 797 799
3 777 709 707
3 777 705 707
3 777 763 765
3 777 787 789
3 777 783 781
3 777 771 769
3 777 767 769
3 777 763 761
3 777 791 793
3 777 779 781
3 777 771 773
3 777 774 775
3 777 776 774
3 777 779 778
3 777 776 778
3 801 802 800
3 801 802 803
3 809 810 808
3 809 810 811
3 809 808 806
3 809 807 806
3 898 801 800
3 898 801 899
3 898 897 899
3 898 897 896
3 894 893 895
3 894 893 892
3 894 897 895
3 894 897 896
3 887 888 886
3 887 888 889
3 882 881 880
3 882 881 883
3 821 820 818
3 821 818 819
3 821 820 822
3 821 823 822
3 825 826 824
3 825 826 827
3 825 822 824
3 825 823 822
3 817 816 818
3 817 818 819
3 817 816 814
3 817 815 814
3 813 810 812
3 813 810 811
3 813 814 812
3 813 815 814
3 805 802 803
3 805 804 802
3 805 807 806
3 805 804 806
3 890 891 893
3 890 893 892
3 890 891 889
3 890 888 889
3 884 887 886
3 884 887 885
3 884 885 883
3 884 882 883
3 839 838 836
3 839 836 837
3 839 840 838
3 839 841 840
3 843 840 842
3 843 841 840
3 849 848 846
3 849 846 847
3 855 854 856
3 855 856 857
3 855 852 854
3 855 852 853
3 833 832 830
3 833 831 830
3 860 861 863
3 860 863 862
3 859 858 856
3 859 856 857
3 859 860 858
3 859 860 861
3 875 876 874
3 875 876 877
3 875 872 874
3 875 872 873
3 878 881 880
3 878 879 881
3 878 879 877
3 878 876 877
3 845 844 846
3 845 846 847
3 845 844 842
3 845 843 842
3 851 852 850
3 851 852 853
3 851 848 850
3 851 849 848
3 829 826 827
3 829 828 826
3 829 828 830
3 829 831 830
3 835 834 836
3 835 836 837
3 835 832 834
3 835 833 832
3 864 865 863
3 864 863 862
3 864 865 867
3 864 866 867
3 869 879 877
3 869 813 811
3 869 829 827
3 869 859 857
3 869 887 889
3 869 801 803
3 869 855 857
3 869 891 889
3 869 865 867
3 869 897 895
3 869 849 847
3 869 825 827
3 869 809 811
3 869 801 899
3 869 893 895
3 869 885 883
3 869 835 837
3 869 821 819
3 869 817 819
3 869 809 807
3 869 805 803
3 869 891 893
3 869 897 899
3 869 887 885
3 869 881 883
3 869 839 837
3 869 851 853
3 869 821 823
3 869 825 823
3 869 817 815
3 869 813 815
3 869 805 807
3 869 865 863
3 869 861 863
3 869 875 877
3 869 879 881
3 869 839 841
3 869 843 841
3 869 845 847
3 869 855 853
3 869 833 831
3 869 859 861
3 869 875 873
3 869 871 873
3 869 845 843
3 869 851 849
3 869 829 831
3 869 835 833
3 869 866 868
3 869 866 867
3 870 834 836
3 870 802 800
3 870 832 830
3 870 816 818
3 870 840 842
3 870 814 812
3 870 860 862
3 870 888 886
3 870 838 836
3 870 822 824
3 870 878 880
3 870 810 812
3 870 848 850
3 870 894 892
3 870 844 842
3 870 826 824
3 870 820 818
3 870 808 806
3 870 804 806
3 870 884 886
3 870 898 800
3 870 876 874
3 870 840 838
3 870 890 892
3 870 832 834
3 870 852 850
3 870 820 822
3 870 816 814
3 870 810 808
3 870 804 802
3 870 858 856
3 870 828 830
3 870 898 896
3 870 894 896
3 870 872 874
3 870 882 880
3 870 844 846
3 870 848 846
3 870 854 856
3 870 890 888
3 870 884 882
3 870 852 854
3 870 828 826
3 870 866 868
3 870 860 858
3 870 864 862
3 870 878 876
3 870 864 866
3 870 869 871
3 870 869 868
3 870 872 873
3 870 871 873
3 901 902 900
3 901 902 903
3 998 901 999
3 998 901 900
3 988 991 989
3 988 991 990
3 905 902 904
3 905 902 903
3 905 904 906
3 905 907 906
3 909 910 908
3 909 910 911
3 909 908 906
3 909 907 906
3 987 988 986
3 987 988 989
3 945 946 944
3 945 946 947
3 945 942 944
3 945 942 943
3 939 938 936
3 939 936 937
3 925 926 924
3 925 926 927
3 925 922 924
3 925 922 923
3 921 920 918
3 921 918 919
3 921 922 920
3 921 922 923
3 917 916 918
3 917 918 919
3 917 916 914
3 917 915 914
3 913 910 912
3 913 910 911
3 913 914 912
3 913 915 914
3 957 954 956
3 957 954 955
3 957 958 956
3 957 958 959
3 963 964 962
3 963 964 965
3 996 998 999
3 996 997 999
3 996 997 995
3 996 994 995
3 983 982 980
3 983 980 981
3 984 987 985
3 984 987 986
3 984 983 985
3 984 983 982
3 976 977 975
3 976 974 975
3 941 942 943
3 941 942 940
3 941 938 940
3 941 939 938
3 949 946 947
3 949 948 946
3 949 948 950
3 949 951 950
3 935 934 936
3 935 936 937
3 952 953 951
3 952 951 950
3 952 953 955
3 952 954 955
3 992 991 990
3 992 993 991
3 992 994 995
3 992 993 995
3 929 926 927
3 929 928 926
3 929 928 930
3 929 931 930
3 933 932 930
3 933 931 930
3 933 932 934
3 933 935 934
3 967 964 965
3 967 966 964
3 967 966 968
3 967 969 968
3 961 958 959
3 961 960 958
3 961 963 962
3 961 960 962
3 978 980 981
3 978 979 981
3 978 976 977
3 978 979 977
3 971 939 937
3 971 921 919
3 971 953 955
3 971 997 995
3 971 987 989
3 971 901 903
3 971 925 927
3 971 933 931
3 971 991 989
3 971 945 947
3 971 913 911
3 971 905 903
3 971 909 911
3 971 901 999
3 971 963 965
3 971 993 995
3 971 977 975
3 971 941 943
3 971 949 947
3 971 917 919
3 971 905 907
3 971 909 907
3 971 957 955
3 971 997 999
3 971 987 985
3 971 935 937
3 971 945 943
3 971 983 981
3 971 979 981
3 971 925 923
3 971 921 923
3 971 917 915
3 971 913 915
3 971 953 951
3 971 973 975
3 971 957 959
3 971 967 965
3 971 993 991
3 971 983 985
3 971 941 939
3 971 949 951
3 971 929 927
3 971 979 977
3 971 929 931
3 971 933 935
3 971 961 959
3 971 967 969
3 971 961 963
3 971 970 968
3 971 969 968
3 972 934 936
3 972 910 912
3 972 932 930
3 972 916 918
3 972 938 936
3 972 914 912
3 972 988 986
3 972 902 900
3 972 984 986
3 972 948 950
3 972 928 930
3 972 904 906
3 972 998 900
3 972 996 998
3 972 942 944
3 972 920 918
3 972 926 924
3 972 908 906
3 972 964 962
3 972 902 904
3 972 952 950
3 972 988 990
3 972 960 962
3 972 938 940
3 972 946 944
3 972 932 934
3 972 976 974
3 972 916 914
3 972 910 908
3 972 954 956
3 972 922 924
3 972 966 968
3 972 982 980
3 972 942 940
3 972 948 946
3 972 922 920
3 972 978 980
3 972 958 956
3 972 996 994
3 972 984 982
3 972 992 990
3 972 928 926
3 972 952 954
3 972 970 968
3 972 966 964
3 972 960 958
3 972 992 994
3 972 978 976
3 972 974 975
3 972 973 975
3 972 971 973
3 972 971 970
3 1051 1052 1050
3 1051 1052 1053
3 1057 1058 1056
3 1057 1058 1059
3 1048 1051 1049
3 1048 1051 1050
3 1064 1063 1065
3 1064 1063 1062
3 1071 1070 1072
3 1071 1072 1073
3 1071 1070 1068
3 1071 1069 1068
3 1067 1064 1066
3 1067 1064 1065
3 1067 1066 1068
3 1067 1069 1068
3 1044 1045 1043
3 1044 1043 1042
3 1047 1048 1046
3 1047 1048 1049
3 1047 1044 1046
3 1047 1044 1045
3 1041 1040 1042
3 1041 1043 1042
3 1031 1028 1030
3 1031 1028 1029
3 1031 1032 1030
3 1031 1033 1032
3 1035 1034 1036
3 1035 1036 1037
3 1035 1034 1032
3 1035 1033 1032
3 1061 1060 1058
3 1061 1058 1059
3 1061 1060 1062
3 1061 1063 1062
3 1055 1052 1053
3 1055 1054 1052
3 1055 1057 1056
3 1055 1054 1056
3 1083 1082 1080
3 1083 1081 1080
3 1075 1072 1074
3 1075 1072 1073
3 1008 1009 1007
3 1008 1007 1006
3 1011 1010 1012
3 1011 1012 1013
3 1011 1008 1010
3 1011 1008 1009
3 1001 1098 1000
3 1001 1098 1099
3 1001 1002 1000
3 1001 1002 1003
3 1026 1027 1025
3 1026 1025 1024
3 1026 1027 1029
3 1026 1028 1029
3 1017 1016 1018
3 1017 1019 1018
3 1092 1095 1093
3 1092 1095 1094
3 1091 1092 1090
3 1091 1092 1093
3 1097 1098 1096
3 1097 1098 1099
3 1097 1096 1094
3 1097 1095 1094
3 1085 1084 1086
3 1085 1086 1087
3 1085 1084 1082
3 1085 1083 1082
3 1076 1075 1077
3 1076 1075 1074
3 1079 1081 1080
3 1079 1078 1080
3 1079 1076 1078
3 1079 1076 1077
3 1039 1036 1037
3 1039 1038 1036
3 1039 1041 1040
3 1039 1038 1040
3 1023 1025 1024
3 1023 1022 1024
3 1004 1084 1086
3 1004 1010 1012
3 1004 1014 1012
3 1004 1060 1062
3 1004 1076 1074
3 1004 1034 1036
3 1004 1070 1068
3 1004 1002 1000
3 1004 1072 1074
3 1004 1048 1050
3 1004 1008 1006
3 1004 1058 1056
3 1004 1052 1050
3 1004 1054 1056
3 1004 1032 1030
3 1004 1064 1062
3 1004 1092 1094
3 1004 1044 1042
3 1004 1098 1000
3 1004 1060 1058
3 1004 1026 1024
3 1004 1082 1080
3 1004 1070 1072
3 1004 1066 1068
3 1004 1034 1032
3 1004 1048 1046
3 1004 1040 1042
3 1004 1038 1036
3 1004 1028 1030
3 1004 1096 1094
3 1004 1054 1052
3 1004 1084 1082
3 1004 1064 1066
3 1004 1044 1046
3 1004 1016 1018
3 1004 1020 1018
3 1004 1098 1096
3 1004 1022 1024
3 1004 1078 1080
3 1004 1038 1040
3 1004 1008 1010
3 1004 1088 1086
3 1004 1026 1028
3 1004 1022 1020
3 1004 1092 1090
3 1004 1076 1078
3 1004 1014 1016
3 1004 1088 1090
3 1004 1007 1006
3 1004 1005 1007
3 1004 1002 1003
3 1004 1005 1003
3 1015 1012 1013
3 1015 1014 1012
3 1015 1017 1016
3 1015 1014 1016
3 1021 1020 1018
3 1021 1019 1018
3 1021 1022 1020
3 1021 1023 1022
3 1089 1001 1099
3 1089 1051 1049
3 1089 1023 1025
3 1089 1047 1049
3 1089 1057 1059
3 1089 1031 1029
3 1089 1067 1065
3 1089 1079 1081
3 1089 1055 1053
3 1089 1097 1099
3 1089 1011 1013
3 1089 1051 1053
3 1089 1061 1059
3 1089 1021 1019
3 1089 1071 1073
3 1089 1045 1043
3 1089 1075 1073
3 1089 1027 1025
3 1089 1005 1007
3 1089 1035 1037
3 1089 1063 1065
3 1089 1085 1087
3 1089 1071 1069
3 1089 1067 1069
3 1089 1047 1045
3 1089 1041 1043
3 1089 1009 1007
3 1089 1039 1037
3 1089 1027 1029
3 1089 1031 1033
3 1089 1035 1033
3 1089 1095 1093
3 1089 1061 1063
3 1089 1055 1057
3 1089 1083 1081
3 1089 1075 1077
3 1089 1011 1009
3 1089 1001 1003
3 1089 1017 1019
3 1089 1091 1093
3 1089 1097 1095
3 1089 1085 1083
3 1089 1079 1077
3 1089 1039 1041
3 1089 1005 1003
3 1089 1015 1013
3 1089 1015 1017
3 1089 1021 1023
3 1089 1086 1087
3 1089 1088 1086
3 1089 1091 1090
3 1089 1088 1090
3 1197 1198 1196
3 1197 1198 1199
3 1191 1190 1192
3 1191 1192 1193
3 1191 1190 1188
3 1191 1189 1188
3 1187 1188 1186
3 1187 1189 1188
3 1184 1187 1185
3 1184 1187 1186
3 1140 1141 1143
3 1140 1143 1142
3 1139 1138 1136
3 1139 1136 1137
3 1139 1140 1138
3 1139 1140 1141
3 1144 1145 1143
3 1144 1143 1142
3 1147 1148 1146
3 1147 1148 1149
3 1147 1144 1146
3 1147 1144 1145
3 1105 1104 1106
3 1105 1106 1107
3 1105 1104 1102
3 1105 1103 1102
3 1101 1198 1100
3 1101 1198 1199
3 1101 1102 1100
3 1101 1103 1102
3 1109 1108 1106
3 1109 1106 1107
3 1117 1116 1118
3 1117 1118 1119
3 1176 1177 1175
3 1176 1175 1174
3 1183 1184 1182
3 1183 1184 1185
3 1183 1182 1180
3 1183 1181 1180
3 1179 1176 1178
3 1179 1176 1177
3 1179 1178 1180
3 1179 1181 1180
3 1133 1132 1130
3 1133 1131 1130
3 1157 1158 1156
3 1157 1159 1158
3 1161 1160 1162
3 1161 1162 1163
3 1161 1160 1158
3 1161 1159 1158
3 1154 1157 1155
3 1154 1157 1156
3 1153 1154 1155
3 1153 1154 1152
3 1111 1110 1112
3 1111 1113 1112
3 1111 1108 1110
3 1111 1109 1108
3 1195 1192 1193
3 1195 1194 1192
3 1195 1197 1196
3 1195 1194 1196
3 1125 1126 1124
3 1125 1126 1127
3 1125 1122 1124
3 1125 1122 1123
3 1121 1120 1118
3 1121 1118 1119
3 1121 1122 1120
3 1121 1122 1123
3 1129 1128 1126
3 1129 1126 1127
3 1129 1128 1130
3 1129 1131 1130
3 1135 1134 1136
3 1135 1136 1137
3 1135 1132 1134
3 1135 1133 1132
3 1151 1148 1150
3 1151 1148 1149
3 1151 1152 1150
3 1151 1153 1152
3 1115 1113 1112
3 1115 1114 1112
3 1115 1117 1116
3 1115 1114 1116
3 1167 1166 1168
3 1167 1169 1168
3 1164 1122 1124
3 1164 1110 1112
3 1164 1134 1136
3 1164 1108 1106
3 1164 1188 1186
3 1164 1160 1162
3 1164 1194 1192
3 1164 1184 1186
3 1164 1138 1136
3 1164 1126 1124
3 1164 1102 1100
3 1164 1198 1100
3 1164 1190 1192
3 1164 1152 1150
3 1164 1172 1174
3 1164 1132 1130
3 1164 1140 1142
3 1164 1148 1150
3 1164 1104 1106
3 1164 1144 1142
3 1164 1154 1156
3 1164 1190 1188
3 1164 1182 1180
3 1164 1176 1174
3 1164 1132 1134
3 1164 1158 1156
3 1164 1148 1146
3 1164 1104 1102
3 1164 1108 1110
3 1164 1198 1196
3 1164 1120 1118
3 1164 1116 1118
3 1164 1114 1112
3 1164 1184 1182
3 1164 1178 1180
3 1164 1160 1158
3 1164 1128 1130
3 1164 1140 1138
3 1164 1144 1146
3 1164 1194 1196
3 1164 1176 1178
3 1164 1166 1168
3 1164 1170 1168
3 1164 1128 1126
3 1164 1154 1152
3 1164 1122 1120
3 1164 1114 1116
3 1164 1172 1170
3 1164 1162 1163
3 1164 1165 1163
3 1164 1167 1165
3 1164 1167 1166
3 1171 1170 1168
3 1171 1169 1168
3 1173 1121 1119
3 1173 1117 1119
3 1173 1147 1149
3 1173 1101 1199
3 1173 1187 1185
3 1173 1139 1137
3 1173 1179 1177
3 1173 1111 1113
3 1173 1157 1155
3 1173 1125 1127
3 1173 1109 1107
3 1173 1191 1193
3 1173 1177 1175
3 1173 1161 1163
3 1173 1141 1143
3 1173 1145 1143
3 1173 1105 1107
3 1173 1197 1199
3 1173 1191 1189
3 1173 1187 1189
3 1173 1183 1185
3 1173 1167 1169
3 1173 1165 1163
3 1173 1129 1127
3 1173 1139 1141
3 1173 1147 1145
3 1173 1105 1103
3 1173 1101 1103
3 1173 1135 1137
3 1173 1195 1193
3 1173 1151 1149
3 1173 1183 1181
3 1173 1179 1181
3 1173 1133 1131
3 1173 1157 1159
3 1173 1161 1159
3 1173 1153 1155
3 1173 1111 1109
3 1173 1195 1197
3 1173 1125 1123
3 1173 1121 1123
3 1173 1115 1113
3 1173 1129 1131
3 1173 1135 1133
3 1173 1151 1153
3 1173 1115 1117
3 1173 1167 1165
3 1173 1171 1169
3 1173 1175 1174
3 1173 1172 1174
3 1173 1172 1170
3 1173 1171 1170
3 1229 1226 1228
3 1229 1226 1227
3 1229 1228 1230
3 1229 1231 1230
3 1273 1272 1274
3 1273 1275 1274
3 1242 1243 1245
3 1242 1245 1244
3 1239 1238 1236
3 1239 1236 1237
3 1246 1247 1245
3 1246 1245 1244
3 1219 1216 1218
3 1219 1216 1217
3 1219 1220 1218
3 1219 1220 1221
3 1232 1233 1231
3 1232 1231 1230
3 1235 1234 1236
3 1235 1236 1237
3 1235 1232 1234
3 1235 1232 1233
3 1264 1263 1265
3 1264 1263 1262
3 1267 1266 1268
3 1267 1268 1269
3 1267 1264 1266
3 1267 1264 1265
3 1255 1252 1254
3 1255 1252 1253
3 1255 1254 1256
3 1255 1257 1256
3 1260 1263 1261
3 1260 1263 1262
3 1259 1260 1258
3 1259 1260 1261
3 1259 1258 1256
3 1259 1257 1256
3 1276 1277 1275
3 1276 1275 1274
3 1298 1201 1299
3 1298 1201 1200
3 1241 1242 1243
3 1241 1242 1240
3 1241 1238 1240
3 1241 1239 1238
3 1251 1252 1250
3 1251 1252 1253
3 1248 1251 1249
3 1248 1251 1250
3 1248 1246 1247
3 1248 1249 1247
3 1225 1226 1224
3 1225 1226 1227
3 1222 1225 1223
3 1222 1225 1224
3 1222 1223 1221
3 1222 1220 1221
3 1271 1268 1269
3 1271 1270 1268
3 1271 1273 1272
3 1271 1270 1272
3 1202 1201 1203
3 1202 1201 1200
3 1205 1204 1206
3 1205 1206 1207
3 1205 1202 1204
3 1205 1202 1203
3 1215 1216 1217
3 1215 1214 1216
3 1215 1214 1212
3 1215 1213 1212
3 1283 1282 1280
3 1283 1280 1281
3 1283 1284 1282
3 1283 1284 1285
3 1287 1288 1286
3 1287 1288 1289
3 1287 1284 1286
3 1287 1284 1285
3 1278 1279 1281
3 1278 1280 1281
3 1278 1276 1277
3 1278 1279 1277
3 1209 1208 1206
3 1209 1206 1207
3 1290 1288 1286
3 1290 1232 1230
3 1290 1260 1262
3 1290 1242 1244
3 1290 1210 1212
3 1290 1272 1274
3 1290 1270 1268
3 1290 1234 1236
3 1290 1222 1224
3 1290 1226 1224
3 1290 1294 1292
3 1290 1248 1250
3 1290 1238 1236
3 1290 1228 1230
3 1290 1266 1268
3 1290 1264 1262
3 1290 1252 1250
3 1290 1276 1274
3 1290 1298 1200
3 1290 1238 1240
3 1290 1216 1218
3 1290 1226 1228
3 1290 1254 1256
3 1290 1258 1256
3 1290 1282 1280
3 1290 1214 1212
3 1290 1202 1200
3 1290 1242 1240
3 1290 1246 1244
3 1290 1220 1218
3 1290 1232 1234
3 1290 1264 1266
3 1290 1252 1254
3 1290 1260 1258
3 1290 1284 1286
3 1290 1270 1272
3 1290 1204 1206
3 1290 1214 1216
3 1290 1208 1206
3 1290 1294 1296
3 1290 1298 1296
3 1290 1278 1280
3 1290 1248 1246
3 1290 1222 1220
3 1290 1202 1204
3 1290 1210 1208
3 1290 1284 1282
3 1290 1278 1276
3 1295 1294 1292
3 1295 1293 1292
3 1211 1213 1212
3 1211 1210 1212
3 1211 1210 1208
3 1211 1209 1208
3 1291 1288 1289
3 1291 1290 1288
3 1291 1290 1292
3 1291 1293 1292
3 1297 1251 1253
3 1297 1259 1261
3 1297 1229 1227
3 1297 1225 1227
3 1297 1239 1237
3 1297 1263 1261
3 1297 1267 1269
3 1297 1205 1207
3 1297 1201 1299
3 1297 1219 1217
3 1297 1279 1281
3 1297 1243 1245
3 1297 1247 1245
3 1297 1241 1243
3 1297 1233 1231
3 1297 1229 1231
3 1297 1235 1237
3 1297 1255 1253
3 1297 1277 1275
3 1297 1273 1275
3 1297 1271 1269
3 1297 1287 1289
3 1297 1215 1217
3 1297 1209 1207
3 1297 1249 1247
3 1297 1223 1221
3 1297 1219 1221
3 1297 1235 1233
3 1297 1263 1265
3 1297 1267 1265
3 1297 1255 1257
3 1297 1259 1257
3 1297 1201 1203
3 1297 1283 1281
3 1297 1241 1239
3 1297 1251 1249
3 1297 1225 1223
3 1297 1279 1277
3 1297 1271 1273
3 1297 1205 1203
3 1297 1215 1213
3 1297 1211 1213
3 1297 1283 1285
3 1297 1287 1285
3 1297 1291 1289
3 1297 1295 1293
3 1297 1211 1209
3 1297 1291 1293
3 1297 1298 1296
3 1297 1298 1299
3 1297 1294 1296
3 1297 1295 1294
3 1375 1376 1374
3 1375 1376 1377
3 1365 1366 1364
3 1365 1366 1367
3 1365 1364 1362
3 1365 1363 1362
3 1399 1398 1300
3 1399 1301 1300
3 1325 1326 1324
3 1325 1326 1327
3 1329 1328 1326
3 1329 1326 1327
3 1329 1328 1330
3 1329 1331 1330
3 1372 1375 1373
3 1372 1375 1374
3 1369 1366 1368
3 1369 1366 1367
3 1379 1376 1377
3 1379 1378 1376
3 1354 1355 1357
3 1354 1356 1357
3 1359 1358 1356
3 1359 1356 1357
3 1321 1320 1318
3 1321 1318 1319
3 1322 1325 1323
3 1322 1325 1324
3 1322 1321 1323
3 1322 1321 1320
3 1314 1315 1313
3 1314 1312 1313
3 1333 1332 1330
3 1333 1331 1330
3 1334 1335 1337
3 1334 1336 1337
3 1334 1333 1335
3 1334 1333 1332
3 1371 1372 1373
3 1371 1372 1370
3 1371 1370 1368
3 1371 1369 1368
3 1381 1382 1380
3 1381 1382 1383
3 1381 1378 1380
3 1381 1379 1378
3 1384 1385 1387
3 1384 1386 1387
3 1384 1385 1383
3 1384 1382 1383
3 1341 1340 1342
3 1341 1343 1342
3 1349 1348 1350
3 1349 1351 1350
3 1349 1348 1346
3 1349 1347 1346
3 1345 1344 1342
3 1345 1343 1342
3 1345 1344 1346
3 1345 1347 1346
3 1397 1396 1398
3 1397 1399 1398
3 1397 1396 1394
3 1397 1395 1394
3 1393 1392 1394
3 1393 1395 1394
3 1352 1353 1351
3 1352 1351 1350
3 1352 1354 1355
3 1352 1353 1355
3 1361 1363 1362
3 1361 1360 1362
3 1361 1359 1358
3 1361 1360 1358
3 1339 1338 1336
3 1339 1336 1337
3 1339 1338 1340
3 1339 1341 1340
3 1391 1392 1390
3 1391 1393 1392
3 1311 1312 1313
3 1311 1310 1312
3 1316 1318 1319
3 1316 1317 1319
3 1316 1314 1315
3 1316 1317 1315
3 1389 1388 1386
3 1389 1386 1387
3 1389 1388 1390
3 1389 1391 1390
3 1308 1396 1394
3 1308 1376 1374
3 1308 1364 1362
3 1308 1366 1368
3 1308 1352 1350
3 1308 1338 1336
3 1308 1398 1300
3 1308 1310 1312
3 1308 1326 1324
3 1308 1378 1380
3 1308 1384 1386
3 1308 1372 1374
3 1308 1388 1386
3 1308 1392 1394
3 1308 1314 1312
3 1308 1328 1330
3 1308 1344 1342
3 1308 1334 1336
3 1308 1396 1398
3 1308 1388 1390
3 1308 1392 1390
3 1308 1322 1324
3 1308 1332 1330
3 1308 1328 1326
3 1308 1366 1364
3 1308 1370 1368
3 1308 1378 1376
3 1308 1382 1380
3 1308 1358 1356
3 1308 1340 1342
3 1308 1348 1350
3 1308 1360 1362
3 1308 1320 1318
3 1308 1372 1370
3 1308 1354 1356
3 1308 1338 1340
3 1308 1348 1346
3 1308 1344 1346
3 1308 1322 1320
3 1308 1302 1300
3 1308 1334 1332
3 1308 1384 1382
3 1308 1360 1358
3 1308 1316 1318
3 1308 1304 1306
3 1308 1352 1354
3 1308 1302 1304
3 1308 1316 1314
3 1303 1301 1300
3 1303 1302 1300
3 1309 1308 1306
3 1309 1307 1306
3 1309 1311 1310
3 1309 1308 1310
3 1305 1329 1327
3 1305 1381 1383
3 1305 1365 1367
3 1305 1315 1313
3 1305 1353 1351
3 1305 1379 1377
3 1305 1375 1377
3 1305 1325 1327
3 1305 1335 1337
3 1305 1399 1301
3 1305 1369 1367
3 1305 1385 1387
3 1305 1359 1357
3 1305 1397 1399
3 1305 1311 1313
3 1305 1375 1373
3 1305 1355 1357
3 1305 1365 1363
3 1305 1361 1363
3 1305 1325 1323
3 1305 1393 1395
3 1305 1321 1319
3 1305 1329 1331
3 1305 1333 1331
3 1305 1371 1373
3 1305 1385 1383
3 1305 1317 1319
3 1305 1349 1351
3 1305 1345 1343
3 1305 1389 1387
3 1305 1321 1323
3 1305 1333 1335
3 1305 1371 1369
3 1305 1381 1379
3 1305 1353 1355
3 1305 1341 1343
3 1305 1349 1347
3 1305 1345 1347
3 1305 1397 1395
3 1305 1339 1337
3 1305 1317 1315
3 1305 1361 1359
3 1305 1339 1341
3 1305 1391 1393
3 1305 1303 1301
3 1305 1389 1391
3 1305 1309 1307
3 1305 1309 1311
3 1305 1304 1306
3 1305 1307 1306
3 1305 1302 1304
3 1305 1303 1302
3 1473 1470 1472
3 1473 1470 1471
3 1473 1472 1474
3 1473 1475 1474
3 1455 1452 1454
3 1455 1452 1453
3 1455 1454 1456
3 1455 1457 1456
3 1476 1477 1475
3 1476 1475 1474
3 1439 1438 1436
3 1439 1436 1437
3 1439 1440 1438
3 1439 1440 1441
3 1443 1444 1442
3 1443 1444 1445
3 1443 1440 1442
3 1443 1440 1441
3 1425 1426 1424
3 1425 1426 1427
3 1422 1425 1423
3 1422 1425 1424
3 1433 1432 1430
3 1433 1431 1430
3 1464 1465 1463
3 1464 1463 1462
3 1467 1464 1465
3 1467 1464 1466
3 1459 1457 1456
3 1459 1458 1456
3 1478 1477 1479
3 1478 1476 1477
3 1402 1401 1403
3 1402 1401 1400
3 1498 1401 1499
3 1498 1401 1400
3 1481 1478 1480
3 1481 1478 1479
3 1451 1452 1453
3 1451 1452 1450
3 1451 1448 1450
3 1451 1448 1449
3 1447 1444 1446
3 1447 1444 1445
3 1447 1448 1446
3 1447 1448 1449
3 1435 1434 1436
3 1435 1436 1437
3 1435 1434 1432
3 1435 1433 1432
3 1429 1426 1427
3 1429 1428 1426
3 1429 1431 1430
3 1429 1428 1430
3 1415 1414 1412
3 1415 1413 1412
3 1469 1470 1468
3 1469 1470 1471
3 1469 1466 1468
3 1469 1467 1466
3 1411 1410 1412
3 1411 1413 1412
3 1494 1495 1493
3 1494 1493 1492
3 1497 1498 1496
3 1497 1498 1499
3 1497 1494 1496
3 1497 1494 1495
3 1491 1490 1488
3 1491 1488 1489
3 1491 1490 1492
3 1491 1493 1492
3 1482 1481 1483
3 1482 1481 1480
3 1487 1488 1486
3 1487 1488 1489
3 1420 1421 1419
3 1420 1418 1419
3 1420 1422 1423
3 1420 1421 1423
3 1417 1416 1418
3 1417 1418 1419
3 1417 1416 1414
3 1417 1415 1414
3 1461 1463 1462
3 1461 1460 1462
3 1461 1459 1458
3 1461 1460 1458
3 1404 1405 1407
3 1404 1406 1407
3 1404 1402 1403
3 1404 1405 1403
3 1408 1434 1436
3 1408 1440 1442
3 1408 1472 1474
3 1408 1478 1480
3 1408 1476 1474
3 1408 1448 1450
3 1408 1438 1436
3 1408 1484 1486
3 1408 1470 1468
3 1408 1452 1450
3 1408 1416 1418
3 1408 1444 1442
3 1408 1432 1430
3 1408 1426 1424
3 1408 1414 1412
3 1408 1454 1456
3 1408 1490 1492
3 1408 1410 1412
3 1408 1488 1486
3 1408 1434 1432
3 1408 1422 1424
3 1408 1428 1430
3 1408 1470 1472
3 1408 1466 1468
3 1408 1452 1454
3 1408 1458 1456
3 1408 1464 1462
3 1408 1402 1400
3 1408 1460 1462
3 1408 1498 1400
3 1408 1444 1446
3 1408 1440 1438
3 1408 1482 1480
3 1408 1428 1426
3 1408 1416 1414
3 1408 1464 1466
3 1408 1478 1476
3 1408 1420 1418
3 1408 1404 1406
3 1408 1498 1496
3 1408 1490 1488
3 1408 1494 1492
3 1408 1448 1446
3 1408 1460 1458
3 1408 1494 1496
3 1408 1482 1484
3 1408 1420 1422
3 1408 1404 1402
3 1485 1482 1483
3 1485 1482 1484
3 1485 1484 1486
3 1485 1487 1486
3 1409 1477 1479
3 1409 1447 1445
3 1409 1401 1499
3 1409 1425 1427
3 1409 1421 1419
3 1409 1473 1471
3 1409 1417 1419
3 1409 1485 1483
3 1409 1481 1479
3 1409 1465 1463
3 1409 1487 1489
3 1409 1477 1475
3 1409 1455 1453
3 1409 1429 1427
3 1409 1439 1437
3 1409 1443 1445
3 1409 1435 1437
3 1409 1473 1475
3 1409 1455 1457
3 1409 1469 1471
3 1409 1405 1407
3 1409 1497 1499
3 1409 1491 1489
3 1409 1451 1453
3 1409 1439 1441
3 1409 1443 1441
3 1409 1425 1423
3 1409 1433 1431
3 1409 1467 1465
3 1409 1459 1457
3 1409 1401 1403
3 1409 1495 1493
3 1409 1481 1483
3 1409 1451 1449
3 1409 1447 1449
3 1409 1421 1423
3 1409 1435 1433
3 1409 1429 1431
3 1409 1415 1413
3 1409 1469 1467
3 1409 1405 1403
3 1409 1411 1413
3 1409 1497 1495
3 1409 1491 1493
3 1409 1461 1463
3 1409 1417 1415
3 1409 1461 1459
3 1409 1485 1487
3 1409 1406 1407
3 1409 1408 1406
3 1409 1411 1410
3 1409 1408 1410
3 1507 1508 1506
3 1507 1509 1508
3 1513 1514 1512
3 1513 1514 1515
3 1504 1507 1505
3 1504 1507 1506
3 1517 1516 1514
3 1517 1514 1515
3 1517 1516 1518
3 1517 1519 1518
3 1587 1584 1586
3 1587 1584 1585
3 1587 1588 1586
3 1587 1588 1589
3 1545 1542 1544
3 1545 1542 1543
3 1541 1542 1543
3 1541 1542 1540
3 1546 1545 1547
3 1546 1545 1544
3 1549 1546 1548
3 1549 1546 1547
3 1549 1548 1550
3 1549 1551 1550
3 1533 1532 1530
3 1533 1531 1530
3 1557 1554 1556
3 1557 1554 1555
3 1557 1558 1556
3 1557 1558 1559
3 1563 1564 1562
3 1563 1564 1565
3 1511 1510 1508
3 1511 1509 1508
3 1511 1510 1512
3 1511 1513 1512
3 1594 1593 1595
3 1594 1593 1592
3 1597 1594 1596
3 1597 1594 1595
3 1598 1501 1599
3 1598 1501 1500
3 1598 1597 1599
3 1598 1597 1596
3 1503 1504 1505
3 1503 1504 1502
3 1503 1502 1500
3 1503 1501 1500
3 1521 1519 1518
3 1521 1520 1518
3 1539 1538 1536
3 1539 1536 1537
3 1539 1538 1540
3 1539 1541 1540
3 1529 1531 1530
3 1529 1528 1530
3 1552 1551 1550
3 1552 1553 1551
3 1552 1553 1555
3 1552 1554 1555
3 1523 1522 1524
3 1523 1525 1524
3 1523 1520 1522
3 1523 1521 1520
3 1583 1584 1585
3 1583 1582 1584
3 1591 1588 1589
3 1591 1590 1588
3 1591 1593 1592
3 1591 1590 1592
3 1535 1536 1537
3 1535 1534 1536
3 1535 1533 1532
3 1535 1534 1532
3 1527 1526 1524
3 1527 1525 1524
3 1527 1528 1526
3 1527 1529 1528
3 1567 1564 1565
3 1567 1566 1564
3 1567 1566 1568
3 1567 1569 1568
3 1561 1558 1559
3 1561 1560 1558
3 1561 1563 1562
3 1561 1560 1562
3 1581 1578 1580
3 1581 1578 1579
3 1581 1582 1580
3 1581 1583 1582
3 1576 1577 1575
3 1576 1574 1575
3 1576 1577 1579
3 1576 1578 1579
3 1571 1553 1555
3 1571 1549 1547
3 1571 1597 1595
3 1571 1583 1585
3 1571 1517 1515
3 1571 1507 1505
3 1571 1503 1505
3 1571 1511 1509
3 1571 1545 1547
3 1571 1539 1537
3 1571 1591 1589
3 1571 1527 1525
3 1571 1513 1515
3 1571 1593 1595
3 1571 1587 1585
3 1571 1535 1537
3 1571 1557 1555
3 1571 1507 1509
3 1571 1563 1565
3 1571 1501 1599
3 1571 1517 1519
3 1571 1523 1525
3 1571 1577 1575
3 1571 1587 1589
3 1571 1545 1543
3 1571 1541 1543
3 1571 1549 1551
3 1571 1533 1531
3 1571 1553 1551
3 1571 1573 1575
3 1571 1557 1559
3 1571 1567 1565
3 1571 1511 1513
3 1571 1597 1599
3 1571 1503 1501
3 1571 1521 1519
3 1571 1539 1541
3 1571 1529 1531
3 1571 1523 1521
3 1571 1561 1559
3 1571 1577 1579
3 1571 1591 1593
3 1571 1535 1533
3 1571 1527 1529
3 1571 1581 1579
3 1571 1567 1569
3 1571 1561 1563
3 1571 1581 1583
3 1571 1570 1568
3 1571 1569 1568
3 1572 1590 1592
3 1572 1514 1512
3 1572 1510 1512
3 1572 1516 1518
3 1572 1538 1536
3 1572 1582 1580
3 1572 1526 1524
3 1572 1522 1524
3 1572 1504 1506
3 1572 1548 1550
3 1572 1534 1536
3 1572 1508 1506
3 1572 1502 1500
3 1572 1584 1586
3 1572 1588 1586
3 1572 1564 1562
3 1572 1510 1508
3 1572 1552 1550
3 1572 1516 1514
3 1572 1594 1592
3 1572 1520 1518
3 1572 1538 1540
3 1572 1542 1544
3 1572 1532 1530
3 1572 1546 1544
3 1572 1554 1556
3 1572 1528 1530
3 1572 1504 1502
3 1572 1566 1568
3 1572 1520 1522
3 1572 1598 1500
3 1572 1560 1562
3 1572 1542 1540
3 1572 1546 1548
3 1572 1528 1526
3 1572 1576 1574
3 1572 1558 1556
3 1572 1594 1596
3 1572 1598 1596
3 1572 1582 1584
3 1572 1578 1580
3 1572 1590 1588
3 1572 1534 1532
3 1572 1552 1554
3 1572 1570 1568
3 1572 1566 1564
3 1572 1560 1558
3 1572 1576 1578
3 1572 1573 1575
3 1572 1574 1575
3 1572 1571 1573
3 1572 1571 1570
3 1609 1610 1608
3 1609 1610 1611
3 1609 1608 1606
3 1609 1607 1606
3 1613 1610 1612
3 1613 1610 1611
3 1614 1613 1615
3 1614 1613 1612
3 1601 1602 1600
3 1601 1602 1603
3 1605 1604 1602
3 1605 1602 1603
3 1605 1607 1606
3 1605 1604 1606
3 1695 1694 1692
3 1695 1692 1693
3 1696 1695 1694
3 1696 1695 1697
3 1642 1643 1645
3 1642 1645 1644
3 1639 1638 1636
3 1639 1636 1637
3 1620 1621 1619
3 1620 1618 1619
3 1633 1632 1630
3 1633 1631 1630
3 1653 1654 1652
3 1653 1654 1655
3 1657 1654 1656
3 1657 1654 1655
3 1657 1658 1656
3 1657 1658 1659
3 1663 1664 1662
3 1663 1664 1665
3 1691 1690 1692
3 1691 1692 1693
3 1691 1690 1688
3 1691 1689 1688
3 1687 1684 1686
3 1687 1684 1685
3 1687 1688 1686
3 1687 1689 1688
3 1698 1601 1600
3 1698 1601 1699
3 1698 1699 1697
3 1698 1696 1697
3 1641 1642 1643
3 1641 1642 1640
3 1641 1638 1640
3 1641 1639 1638
3 1616 1618 1619
3 1616 1617 1619
3 1616 1614 1615
3 1616 1617 1615
3 1627 1626 1624
3 1627 1625 1624
3 1651 1648 1650
3 1651 1648 1649
3 1651 1652 1650
3 1651 1653 1652
3 1683 1684 1685
3 1683 1682 1684
3 1646 1645 1644
3 1646 1647 1645
3 1646 1647 1649
3 1646 1648 1649
3 1622 1623 1625
3 1622 1625 1624
3 1622 1620 1621
3 1622 1623 1621
3 1635 1636 1637
3 1635 1634 1636
3 1635 1633 1632
3 1635 1634 1632
3 1629 1631 1630
3 1629 1628 1630
3 1629 1628 1626
3 1629 1627 1626
3 1671 1670 1668
3 1671 1669 1668
3 1667 1664 1665
3 1667 1666 1664
3 1667 1666 1668
3 1667 1669 1668
3 1661 1658 1659
3 1661 1660 1658
3 1661 1663 1662
3 1661 1660 1662
3 1681 1678 1680
3 1681 1678 1679
3 1681 1682 1680
3 1681 1683 1682
3 1676 1677 1675
3 1676 1674 1675
3 1676 1677 1679
3 1676 1678 1679
3 1672 1616 1618
3 1672 1602 1600
3 1672 1682 1680
3 1672 1626 1624
3 1672 1642 1644
3 1672 1648 1650
3 1672 1690 1692
3 1672 1688 1686
3 1672 1614 1612
3 1672 1652 1650
3 1672 1608 1606
3 1672 1610 1612
3 1672 1604 1606
3 1672 1684 1686
3 1672 1638 1636
3 1672 1664 1662
3 1672 1610 1608
3 1672 1604 1602
3 1672 1634 1636
3 1672 1694 1692
3 1672 1666 1668
3 1672 1638 1640
3 1672 1622 1624
3 1672 1632 1630
3 1672 1646 1644
3 1672 1628 1630
3 1672 1654 1656
3 1672 1690 1688
3 1672 1696 1694
3 1672 1698 1600
3 1672 1642 1640
3 1672 1660 1662
3 1672 1620 1618
3 1672 1628 1626
3 1672 1654 1652
3 1672 1676 1674
3 1672 1658 1656
3 1672 1698 1696
3 1672 1682 1684
3 1672 1678 1680
3 1672 1616 1614
3 1672 1634 1632
3 1672 1670 1668
3 1672 1666 1664
3 1672 1660 1658
3 1672 1646 1648
3 1672 1622 1620
3 1672 1676 1678
3 1673 1663 1665
3 1673 1617 1619
3 1673 1629 1631
3 1673 1647 1645
3 1673 1695 1693
3 1673 1609 1611
3 1673 1677 1675
3 1673 1653 1655
3 1673 1601 1603
3 1673 1605 1603
3 1673 1683 1685
3 1673 1639 1637
3 1673 1623 1625
3 1673 1613 1611
3 1673 1699 1697
3 1673 1609 1607
3 1673 1643 1645
3 1673 1641 1643
3 1673 1621 1619
3 1673 1613 1615
3 1673 1657 1655
3 1673 1601 1699
3 1673 1605 1607
3 1673 1691 1693
3 1673 1695 1697
3 1673 1651 1649
3 1673 1687 1685
3 1673 1617 1615
3 1673 1633 1631
3 1673 1627 1625
3 1673 1681 1679
3 1673 1657 1659
3 1673 1667 1665
3 1673 1691 1689
3 1673 1687 1689
3 1673 1641 1639
3 1673 1647 1649
3 1673 1623 1621
3 1673 1635 1637
3 1673 1651 1653
3 1673 1661 1659
3 1673 1677 1679
3 1673 1635 1633
3 1673 1629 1627
3 1673 1671 1669
3 1673 1667 1669
3 1673 1661 1663
3 1673 1681 1683
3 1673 1674 1675
3 1673 1672 1674
3 1673 1671 1670
3 1673 1672 1670
3 1755 1752 1754
3 1755 1752 1753
3 1755 1754 1756
3 1755 1757 1756
3 1759 1758 1756
3 1759 1757 1756
3 1775 1776 1774
3 1775 1776 1777
3 1765 1764 1762
3 1765 1762 1763
3 1765 1766 1764
3 1765 1766 1767
3 1769 1770 1768
3 1769 1770 1771
3 1769 1766 1768
3 1769 1766 1767
3 1751 1752 1750
3 1751 1752 1753
3 1746 1745 1744
3 1746 1745 1747
3 1702 1701 1703
3 1702 1701 1700
3 1798 1701 1799
3 1798 1701 1700
3 1761 1760 1762
3 1761 1762 1763
3 1761 1760 1758
3 1761 1759 1758
3 1773 1770 1772
3 1773 1770 1771
3 1773 1772 1774
3 1773 1775 1774
3 1748 1751 1750
3 1748 1751 1749
3 1748 1749 1747
3 1748 1746 1747
3 1723 1722 1720
3 1723 1720 1721
3 1723 1722 1724
3 1723 1725 1724
3 1737 1734 1736
3 1737 1734 1735
3 1738 1737 1739
3 1738 1737 1736
3 1738 1739 1741
3 1738 1740 1741
3 1779 1776 1777
3 1779 1778 1776
3 1785 1784 1786
3 1785 1787 1786
3 1785 1782 1784
3 1785 1782 1783
3 1795 1792 1794
3 1795 1792 1793
3 1789 1788 1786
3 1789 1787 1786
3 1715 1714 1712
3 1715 1713 1712
3 1715 1716 1714
3 1715 1717 1716
3 1719 1720 1718
3 1719 1720 1721
3 1719 1716 1718
3 1719 1717 1716
3 1743 1742 1740
3 1743 1740 1741
3 1743 1745 1744
3 1743 1742 1744
3 1727 1726 1724
3 1727 1725 1724
3 1732 1733 1731
3 1732 1730 1731
3 1732 1734 1735
3 1732 1733 1735
3 1781 1782 1780
3 1781 1782 1783
3 1781 1778 1780
3 1781 1779 1778
3 1704 1705 1707
3 1704 1706 1707
3 1704 1702 1703
3 1704 1705 1703
3 1797 1798 1796
3 1797 1798 1799
3 1797 1796 1794
3 1797 1795 1794
3 1791 1792 1793
3 1791 1792 1790
3 1791 1788 1790
3 1791 1789 1788
3 1711 1710 1712
3 1711 1713 1712
3 1708 1772 1774
3 1708 1760 1762
3 1708 1776 1774
3 1708 1764 1762
3 1708 1722 1724
3 1708 1778 1780
3 1708 1714 1712
3 1708 1752 1750
3 1708 1728 1730
3 1708 1742 1744
3 1708 1758 1756
3 1708 1770 1768
3 1708 1754 1756
3 1708 1798 1700
3 1708 1702 1700
3 1708 1720 1718
3 1708 1784 1786
3 1708 1760 1758
3 1708 1716 1718
3 1708 1766 1768
3 1708 1752 1754
3 1708 1726 1724
3 1708 1734 1736
3 1708 1788 1786
3 1708 1796 1794
3 1708 1782 1780
3 1708 1716 1714
3 1708 1770 1772
3 1708 1766 1764
3 1708 1710 1712
3 1708 1746 1744
3 1708 1722 1720
3 1708 1748 1750
3 1708 1792 1794
3 1708 1778 1776
3 1708 1732 1730
3 1708 1798 1796
3 1708 1738 1736
3 1708 1788 1790
3 1708 1704 1706
3 1708 1742 1740
3 1708 1748 1746
3 1708 1728 1726
3 1708 1738 1740
3 1708 1782 1784
3 1708 1792 1790
3 1708 1732 1734
3 1708 1704 1702
3 1708 1709 1707
3 1708 1706 1707
3 1708 1711 1709
3 1708 1711 1710
3 1729 1739 1741
3 1729 1751 1753
3 1729 1769 1771
3 1729 1755 1753
3 1729 1733 1731
3 1729 1715 1713
3 1729 1775 1777
3 1729 1773 1771
3 1729 1709 1707
3 1729 1701 1799
3 1729 1785 1787
3 1729 1765 1763
3 1729 1749 1747
3 1729 1743 1741
3 1729 1737 1735
3 1729 1779 1777
3 1729 1705 1707
3 1729 1719 1721
3 1729 1755 1757
3 1729 1759 1757
3 1729 1761 1763
3 1729 1765 1767
3 1729 1769 1767
3 1729 1751 1749
3 1729 1745 1747
3 1729 1723 1721
3 1729 1701 1703
3 1729 1781 1783
3 1729 1789 1787
3 1729 1761 1759
3 1729 1773 1775
3 1729 1723 1725
3 1729 1737 1739
3 1729 1733 1735
3 1729 1711 1713
3 1729 1705 1703
3 1729 1785 1783
3 1729 1795 1793
3 1729 1797 1799
3 1729 1715 1717
3 1729 1719 1717
3 1729 1791 1793
3 1729 1743 1745
3 1729 1727 1725
3 1729 1781 1779
3 1729 1797 1795
3 1729 1791 1789
3 1729 1711 1709
3 1729 1728 1730
3 1729 1730 1731
3 1729 1728 1726
3 1729 1727 1726
3 1889 1890 1888
3 1889 1890 1891
3 1889 1888 1886
3 1889 1887 1886
3 1840 1841 1843
3 1840 1843 1842
3 1839 1838 1836
3 1839 1836 1837
3 1839 1840 1838
3 1839 1840 1841
3 1844 1845 1843
3 1844 1843 1842
3 1847 1848 1846
3 1847 1848 1849
3 1847 1844 1846
3 1847 1844 1845
3 1805 1804 1806
3 1805 1806 1807
3 1805 1804 1802
3 1805 1803 1802
3 1801 1898 1800
3 1801 1898 1899
3 1801 1802 1800
3 1801 1803 1802
3 1809 1808 1806
3 1809 1806 1807
3 1893 1890 1891
3 1893 1890 1892
3 1893 1894 1892
3 1893 1894 1895
3 1897 1898 1896
3 1897 1898 1899
3 1897 1894 1896
3 1897 1894 1895
3 1817 1816 1818
3 1817 1818 1819
3 1835 1834 1836
3 1835 1836 1837
3 1835 1832 1834
3 1835 1832 1833
3 1831 1828 1830
3 1831 1828 1829
3 1831 1832 1830
3 1831 1832 1833
3 1883 1882 1880
3 1883 1881 1880
3 1879 1878 1880
3 1879 1881 1880
3 1857 1858 1856
3 1857 1859 1858
3 1861 1860 1862
3 1861 1862 1863
3 1861 1860 1858
3 1861 1859 1858
3 1854 1857 1855
3 1854 1857 1856
3 1853 1854 1855
3 1853 1854 1852
3 1811 1810 1812
3 1811 1813 1812
3 1811 1808 1810
3 1811 1809 1808
3 1827 1828 1826
3 1827 1828 1829
3 1827 1826 1824
3 1827 1825 1824
3 1823 1822 1824
3 1823 1825 1824
3 1885 1887 1886
3 1885 1884 1886
3 1885 1884 1882
3 1885 1883 1882
3 1877 1876 1874
3 1877 1875 1874
3 1877 1876 1878
3 1877 1879 1878
3 1867 1866 1868
3 1867 1869 1868
3 1851 1848 1850
3 1851 1848 1849
3 1851 1852 1850
3 1851 1853 1852
3 1821 1820 1818
3 1821 1818 1819
3 1821 1820 1822
3 1821 1823 1822
3 1815 1813 1812
3 1815 1814 1812
3 1815 1817 1816
3 1815 1814 1816
3 1864 1854 1856
3 1864 1810 1812
3 1864 1834 1836
3 1864 1808 1806
3 1864 1888 1886
3 1864 1860 1862
3 1864 1876 1874
3 1864 1826 1824
3 1864 1838 1836
3 1864 1884 1886
3 1864 1802 1800
3 1864 1898 1800
3 1864 1890 1892
3 1864 1852 1850
3 1864 1828 1830
3 1864 1870 1868
3 1864 1840 1842
3 1864 1848 1850
3 1864 1804 1806
3 1864 1844 1842
3 1864 1822 1824
3 1864 1890 1888
3 1864 1882 1880
3 1864 1878 1880
3 1864 1832 1830
3 1864 1858 1856
3 1864 1848 1846
3 1864 1804 1802
3 1864 1808 1810
3 1864 1898 1896
3 1864 1894 1892
3 1864 1816 1818
3 1864 1820 1818
3 1864 1884 1882
3 1864 1876 1878
3 1864 1860 1858
3 1864 1872 1874
3 1864 1840 1838
3 1864 1844 1846
3 1864 1894 1896
3 1864 1820 1822
3 1864 1828 1826
3 1864 1832 1834
3 1864 1866 1868
3 1864 1814 1812
3 1864 1854 1852
3 1864 1814 1816
3 1864 1870 1872
3 1871 1869 1868
3 1871 1870 1868
3 1865 1862 1863
3 1865 1864 1862
3 1865 1867 1866
3 1865 1864 1866
3 1873 1809 1807
3 1873 1817 1819
3 1873 1847 1849
3 1873 1801 1899
3 1873 1831 1829
3 1873 1839 1837
3 1873 1877 1875
3 1873 1889 1891
3 1873 1857 1855
3 1873 1827 1829
3 1873 1897 1899
3 1873 1889 1887
3 1873 1851 1849
3 1873 1861 1863
3 1873 1841 1843
3 1873 1845 1843
3 1873 1805 1807
3 1873 1893 1891
3 1873 1835 1837
3 1873 1815 1813
3 1873 1885 1887
3 1873 1839 1841
3 1873 1847 1845
3 1873 1805 1803
3 1873 1801 1803
3 1873 1865 1863
3 1873 1893 1895
3 1873 1897 1895
3 1873 1811 1813
3 1873 1821 1819
3 1873 1835 1833
3 1873 1831 1833
3 1873 1883 1881
3 1873 1879 1881
3 1873 1857 1859
3 1873 1861 1859
3 1873 1853 1855
3 1873 1811 1809
3 1873 1827 1825
3 1873 1823 1825
3 1873 1885 1883
3 1873 1877 1879
3 1873 1867 1869
3 1873 1851 1853
3 1873 1821 1823
3 1873 1815 1817
3 1873 1871 1869
3 1873 1865 1867
3 1873 1872 1874
3 1873 1875 1874
3 1873 1870 1872
3 1873 1871 1870
3 1996 1995 1997
3 1996 1995 1994
3 1939 1938 1936
3 1939 1936 1937
3 1939 1938 1940
3 1939 1941 1940
3 1935 1934 1936
3 1935 1936 1937
3 1935 1932 1934
3 1935 1932 1933
3 1931 1928 1930
3 1931 1928 1929
3 1931 1932 1930
3 1931 1932 1933
3 1963 1964 1962
3 1963 1964 1965
3 1957 1954 1956
3 1957 1954 1955
3 1957 1958 1956
3 1957 1958 1959
3 1975 1972 1973
3 1975 1972 1974
3 1943 1940 1942
3 1943 1941 1940
3 1949 1948 1946
3 1949 1946 1947
3 1949 1948 1950
3 1949 1951 1950
3 1927 1926 1928
3 1927 1928 1929
3 1927 1926 1924
3 1927 1925 1924
3 1952 1953 1951
3 1952 1951 1950
3 1952 1953 1955
3 1952 1954 1955
3 1922 1923 1925
3 1922 1925 1924
3 1922 1923 1921
3 1922 1920 1921
3 1901 1902 1903
3 1901 1902 1900
3 1914 1915 1913
3 1914 1913 1912
3 1919 1920 1918
3 1919 1920 1921
3 1909 1908 1906
3 1909 1906 1907
3 1981 1978 1980
3 1981 1978 1979
3 1977 1978 1976
3 1977 1978 1979
3 1977 1976 1974
3 1977 1975 1974
3 1945 1944 1946
3 1945 1946 1947
3 1945 1944 1942
3 1945 1943 1942
3 1970 1971 1969
3 1970 1969 1968
3 1970 1972 1973
3 1970 1971 1973
3 1966 1967 1969
3 1966 1969 1968
3 1966 1964 1965
3 1966 1967 1965
3 1961 1958 1959
3 1961 1960 1958
3 1961 1963 1962
3 1961 1960 1962
3 1993 1995 1994
3 1993 1992 1994
3 1987 1986 1984
3 1987 1984 1985
3 1987 1986 1988
3 1987 1989 1988
3 1999 1996 1997
3 1999 1998 1996
3 1999 1998 1900
3 1999 1901 1900
3 1904 1905 1907
3 1904 1906 1907
3 1904 1902 1903
3 1904 1905 1903
3 1917 1914 1915
3 1917 1914 1916
3 1917 1916 1918
3 1917 1919 1918
3 1910 1934 1936
3 1910 1944 1942
3 1910 1932 1930
3 1910 1938 1936
3 1910 1922 1924
3 1910 1986 1988
3 1910 1976 1974
3 1910 1978 1980
3 1910 1948 1950
3 1910 1998 1900
3 1910 1940 1942
3 1910 1926 1924
3 1910 1964 1962
3 1910 1960 1962
3 1910 1952 1950
3 1910 1982 1980
3 1910 1938 1940
3 1910 1990 1988
3 1910 1928 1930
3 1910 1954 1956
3 1910 1972 1974
3 1910 1920 1918
3 1910 1916 1918
3 1910 1996 1994
3 1910 1902 1900
3 1910 1904 1906
3 1910 1944 1946
3 1910 1948 1946
3 1910 1926 1928
3 1910 1932 1934
3 1910 1914 1912
3 1910 1970 1968
3 1910 1958 1956
3 1910 1992 1994
3 1910 1998 1996
3 1910 1966 1968
3 1910 1908 1906
3 1910 1982 1984
3 1910 1978 1976
3 1910 1952 1954
3 1910 1960 1958
3 1910 1922 1920
3 1910 1990 1992
3 1910 1986 1984
3 1910 1914 1916
3 1910 1970 1972
3 1910 1966 1964
3 1910 1904 1902
3 1983 1982 1984
3 1983 1984 1985
3 1983 1982 1980
3 1983 1981 1980
3 1991 1990 1988
3 1991 1989 1988
3 1991 1990 1992
3 1991 1993 1992
3 1911 1967 1965
3 1911 1957 1955
3 1911 1931 1929
3 1911 1953 1955
3 1911 1993 1995
3 1911 1905 1907
3 1911 1939 1937
3 1911 1995 1997
3 1911 1963 1965
3 1911 1977 1979
3 1911 1975 1973
3 1911 1949 1947
3 1911 1935 1937
3 1911 1927 1929
3 1911 1923 1921
3 1911 1987 1985
3 1911 1919 1921
3 1911 1909 1907
3 1911 1939 1941
3 1911 1935 1933
3 1911 1931 1933
3 1911 1953 1951
3 1911 1971 1973
3 1911 1945 1947
3 1911 1957 1959
3 1911 1923 1925
3 1911 1961 1959
3 1911 1915 1913
3 1911 1917 1915
3 1911 1943 1941
3 1911 1949 1951
3 1911 1927 1925
3 1911 1971 1969
3 1911 1967 1969
3 1911 1901 1903
3 1911 1905 1903
3 1911 1999 1997
3 1911 1991 1989
3 1911 1981 1979
3 1911 1977 1975
3 1911 1945 1943
3 1911 1961 1963
3 1911 1983 1985
3 1911 1987 1989
3 1911 1999 1901
3 1911 1917 1919
3 1911 1983 1981
3 1911 1991 1993
3 1911 1913 1912
3 1911 1910 1912
3 1911 1909 1908
3 1911 1910 1908
3 2007 2008 2006
3 2007 2009 2008
3 2013 2014 2012
3 2013 2014 2015
3 2004 2007 2005
3 2004 2007 2006
3 2017 2016 2014
3 2017 2014 2015
3 2017 2016 2018
3 2017 2019 2018
3 2087 2084 2086
3 2087 2084 2085
3 2087 2088 2086
3 2087 2088 2089
3 2045 2042 2044
3 2045 2042 2043
3 2041 2042 2043
3 2041 2042 2040
3 2046 2045 2047
3 2046 2045 2044
3 2049 2046 2048
3 2049 2046 2047
3 2049 2048 2050
3 2049 2051 2050
3 2033 2032 2030
3 2033 2031 2030
3 2057 2054 2056
3 2057 2054 2055
3 2057 2058 2056
3 2057 2058 2059
3 2063 2064 2062
3 2063 2064 2065
3 2011 2010 2008
3 2011 2009 2008
3 2011 2010 2012
3 2011 2013 2012
3 2094 2093 2095
3 2094 2093 2092
3 2097 2094 2096
3 2097 2094 2095
3 2098 2001 2099
3 2098 2001 2000
3 2098 2097 2099
3 2098 2097 2096
3 2003 2004 2005
3 2003 2004 2002
3 2003 2002 2000
3 2003 2001 2000
3 2021 2019 2018
3 2021 2020 2018
3 2039 2038 2036
3 2039 2036 2037
3 2039 2038 2040
3 2039 2041 2040
3 2029 2031 2030
3 2029 2028 2030
3 2052 2051 2050
3 2052 2053 2051
3 2052 2053 2055
3 2052 2054 2055
3 2023 2022 2024
3 2023 2025 2024
3 2023 2020 2022
3 2023 2021 2020
3 2083 2084 2085
3 2083 2082 2084
3 2091 2088 2089
3 2091 2090 2088
3 2091 2093 2092
3 2091 2090 2092
3 2035 2036 2037
3 2035 2034 2036
3 2035 2033 2032
3 2035 2034 2032
3 2027 2026 2024
3 2027 2025 2024
3 2027 2028 2026
3 2027 2029 2028
3 2067 2064 2065
3 2067 2066 2064
3 2067 2066 2068
3 2067 2069 2068
3 2061 2058 2059
3 2061 2060 2058
3 2061 2063 2062
3 2061 2060 2062
3 2081 2078 2080
3 2081 2078 2079
3 2081 2082 2080
3 2081 2083 2082
3 2076 2077 2075
3 2076 2074 2075
3 2076 2077 2079
3 2076 2078 2079
3 2071 2053 2055
3 2071 2049 2047
3 2071 2097 2095
3 2071 2083 2085
3 2071 2017 2015
3 2071 2007 2005
3 2071 2003 2005
3 2071 2011 2009
3 2071 2045 2047
3 2071 2039 2037
3 2071 2091 2089
3 2071 2027 2025
3 2071 2013 2015
3 2071 2093 2095
3 2071 2087 2085
3 2071 2035 2037
3 2071 2057 2055
3 2071 2007 2009
3 2071 2063 2065
3 2071 2001 2099
3 2071 2017 2019
3 2071 2023 2025
3 2071 2077 2075
3 2071 2087 2089
3 2071 2045 2043
3 2071 2041 2043
3 2071 2049 2051
3 2071 2033 2031
3 2071 2053 2051
3 2071 2073 2075
3 2071 2057 2059
3 2071 2067 2065
3 2071 2011 2013
3 2071 2097 2099
3 2071 2003 2001
3 2071 2021 2019
3 2071 2039 2041
3 2071 2029 2031
3 2071 2023 2021
3 2071 2061 2059
3 2071 2077 2079
3 2071 2091 2093
3 2071 2035 2033
3 2071 2027 2029
3 2071 2081 2079
3 2071 2067 2069
3 2071 2061 2063
3 2071 2081 2083
3 2071 2070 2068
3 2071 2069 2068
3 2072 2090 2092
3 2072 2014 2012
3 2072 2010 2012
3 2072 2016 2018
3 2072 2038 2036
3 2072 2082 2080
3 2072 2026 2024
3 2072 2022 2024
3 2072 2004 2006
3 2072 2048 2050
3 2072 2034 2036
3 2072 2008 2006
3 2072 2002 2000
3 2072 2084 2086
3 2072 2088 2086
3 2072 2064 2062
3 2072 2010 2008
3 2072 2052 2050
3 2072 2016 2014
3 2072 2094 2092
3 2072 2020 2018
3 2072 2038 2040
3 2072 2042 2044
3 2072 2032 2030
3 2072 2046 2044
3 2072 2054 2056
3 2072 2028 2030
3 2072 2004 2002
3 2072 2066 2068
3 2072 2020 2022
3 2072 2098 2000
3 2072 2060 2062
3 2072 2042 2040
3 2072 2046 2048
3 2072 2028 2026
3 2072 2076 2074
3 2072 2058 2056
3 2072 2094 2096
3 2072 2098 2096
3 2072 2082 2084
3 2072 2078 2080
3 2072 2090 2088
3 2072 2034 2032
3 2072 2052 2054
3 2072 2070 2068
3 2072 2066 2064
3 2072 2060 2058
3 2072 2076 2078
3 2072 2073 2075
3 2072 2074 2075
3 2072 2071 2073
3 2072 2071 2070
3 2107 2108 2106
3 2107 2109 2108
3 2113 2114 2112
3 2113 2114 2115
3 2104 2107 2105
3 2104 2107 2106
3 2117 2116 2114
3 2117 2114 2115
3 2117 2116 2118
3 2117 2119 2118
3 2187 2184 2186
3 2187 2184 2185
3 2187 2188 2186
3 2187 2188 2189
3 2145 2142 2144
3 2145 2142 2143
3 2141 2142 2143
3 2141 2142 2140
3 2146 2145 2147
3 2146 2145 2144
3 2149 2146 2148
3 2149 2146 2147
3 2149 2148 2150
3 2149 2151 2150
3 2133 2132 2130
3 2133 2131 2130
3 2157 2154 2156
3 2157 2154 2155
3 2157 2158 2156
3 2157 2158 2159
3 2163 2164 2162
3 2163 2164 2165
3 2111 2110 2108
3 2111 2109 2108
3 2111 2110 2112
3 2111 2113 2112
3 2194 2193 2195
3 2194 2193 2192
3 2197 2194 2196
3 2197 2194 2195
3 2198 2101 2199
3 2198 2101 2100
3 2198 2197 2199
3 2198 2197 2196
3 2103 2104 2105
3 2103 2104 2102
3 2103 2102 2100
3 2103 2101 2100
3 2121 2119 2118
3 2121 2120 2118
3 2139 2138 2136
3 2139 2136 2137
3 2139 2138 2140
3 2139 2141 2140
3 2129 2131 2130
3 2129 2128 2130
3 2152 2151 2150
3 2152 2153 2151
3 2152 2153 2155
3 2152 2154 2155
3 2123 2122 2124
3 2123 2125 2124
3 2123 2120 2122
3 2123 2121 2120
3 2183 2184 2185
3 2183 2182 2184
3 2191 2188 2189
3 2191 2190 2188
3 2191 2193 2192
3 2191 2190 2192
3 2135 2136 2137
3 2135 2134 2136
3 2135 2133 2132
3 2135 2134 2132
3 2127 2126 2124
3 2127 2125 2124
3 2127 2128 2126
3 2127 2129 2128
3 2167 2164 2165
3 2167 2166 2164
3 2167 2166 2168
3 2167 2169 2168
3 2161 2158 2159
3 2161 2160 2158
3 2161 2163 2162
3 2161 2160 2162
3 2181 2178 2180
3 2181 2178 2179
3 2181 2182 2180
3 2181 2183 2182
3 2176 2177 2175
3 2176 2174 2175
3 2176 2177 2179
3 2176 2178 2179
3 2171 2153 2155
3 2171 2149 2147
3 2171 2197 2195
3 2171 2183 2185
3 2171 2117 2115
3 2171 2107 2105
3 2171 2103 2105
3 2171 2111 2109
3 2171 2145 2147
3 2171 2139 2137
3 2171 2191 2189
3 2171 2127 2125
3 2171 2113 2115
3 2171 2193 2195
3 2171 2187 2185
3 2171 2135 2137
3 2171 2157 2155
3 2171 2107 2109
3 2171 2163 2165
3 2171 2101 2199
3 2171 2117 2119
3 2171 2123 2125
3 2171 2177 2175
3 2171 2187 2189
3 2171 2145 2143
3 2171 2141 2143
3 2171 2149 2151
3 2171 2133 2131
3 2171 2153 2151
3 2171 2173 2175
3 2171 2157 2159
3 2171 2167 2165
3 2171 2111 2113
3 2171 2197 2199
3 2171 2103 2101
3 2171 2121 2119
3 2171 2139 2141
3 2171 2129 2131
3 2171 2123 2121
3 2171 2161 2159
3 2171 2177 2179
3 2171 2191 2193
3 2171 2135 2133
3 2171 2127 2129
3 2171 2181 2179
3 2171 2167 2169
3 2171 2161 2163
3 2171 2181 2183
3 2171 2170 2168
3 2171 2169 2168
3 2172 2190 2192
3 2172 2114 2112
3 2172 2110 2112
3 2172 2116 2118
3 2172 2138 2136
3 2172 2182 2180
3 2172 2126 2124
3 2172 2122 2124
3 2172 2104 2106
3 2172 2148 2150
3 2172 2134 2136
3 2172 2108 2106
3 2172 2102 2100
3 2172 2184 2186
3 2172 2188 2186
3 2172 2164 2162
3 2172 2110 2108
3 2172 2152 2150
3 2172 2116 2114
3 2172 2194 2192
3 2172 2120 2118
3 2172 2138 2140
3 2172 2142 2144
3 2172 2132 2130
3 2172 2146 2144
3 2172 2154 2156
3 2172 2128 2130
3 2172 2104 2102
3 2172 2166 2168
3 2172 2120 2122
3 2172 2198 2100
3 2172 2160 2162
3 2172 2142 2140
3 2172 2146 2148
3 2172 2128 2126
3 2172 2176 2174
3 2172 2158 2156
3 2172 2194 2196
3 2172 2198 2196
3 2172 2182 2184
3 2172 2178 2180
3 2172 2190 2188
3 2172 2134 2132
3 2172 2152 2154
3 2172 2170 2168
3 2172 2166 2164
3 2172 2160 2158
3 2172 2176 2178
3 2172 2173 2175
3 2172 2174 2175
3 2172 2171 2173
3 2172 2171 2170
CELL_TYPES 4312
5 5 5 5 5 5 5 5 5 5 
5 5 5 5 5 5 5 5 5 5 
5 5 5 5 5 5 5 5 5 5 
5 5 5 5 5 5 5 5 5 5 
5 5 5 5 5 5 5 5 5 5 
5 5 5 5 5 5 5 5 5 5 
5 5 5 5 5 5 5 5 5 5 
5 5 5 5 5 5 5 5 5 5 
5 5 5 5 5 5 5 5 5 5 
5 5 5 5 5 5 5 5 5 5 
5 5 5 5 5 5 5 5 5 5 
5 5 5 5 5 5 5 5 5 5 
5 5 5 5 5 5 5 5 5 5 
5 5 5 5 5 5 5 5 5 5 
5 5 5 5 5 5 5 5 5 5 
5 5 5 5 5 5 5 5 5 5 
5 5 5 5 5 5 5 5 5 5 
5 5 5 5 5 5 5 5 5 5 
5 5 5 5 5 5 5 5 5 5 
5 5 5 5 5 5 5 5 5 5 
5 5 5 5 5 5 5 5 5 5 
5 5 5 5 5 5 5 5 5 5 
5 5 5 5 5 5 5 5 5 5 
5 5 5 5 5 5 5 5 5 5 
5 5 5 5 5 5 5 5 5 5 
5 5 5 5 5 5 5 5 5 5 
5 5 5 5 5 5 5 5 5 5 
5 5 5 5 5 5 5 5 5 5 
5 5 5 5 5 5 5 5 5 5 
5 5 5 5 5 5 5 5 5 5 
5 5 5 5 5 5 5 5 5 5 
5 5 5 5 5 5 5 5 5 5 
5 5 5 5 5 5 5 5 5 5 
5 5 5 5 5 5 5 5 5 5 
5 5 5 5 5 5 5 5 5 5 
5 5 5 5 5 5 5 5 5 5 
5 5 5 5 5 5 5 5 5 5 
5 5 5 5 5 5 5 5 5 5 
5 5 5 5 5 5 5 5 5 5 
5 5 5 5 5 5 5 5 5 5 
5 5 5 5 5 5 5 5 5 5 
5 5 5 5 5 5 5 5 5 5 
5 5 5 5 5 5 5 5 5 5 
5 5 5 5 5 5 5 5 5 5 
5 5 5 5 5 5 5 5 5 5 
5 5 5 5 5 5 5 5 5 5 
5 5 5 5 5 5 5 5 5 5 
5 5 5 5 5 5 5 5 5 5 
5 5 5 5 5 5 5 5 5 5 
5 5 5 5 5 5 5 5 5 5 
5 5 5 5 5 5 5 5 5 5 
5 5 5 5 5 5 5 5 5 5 
5 5 5 5 5 5 5 5 5 5 
5 5 5 5 5 5 5 5 5 5 
5 5 5 5 5 5 5 5 5 5 
5 5 5 5 5 5 5 5 5 5 
5 5 5 5 5 5 5 5 5 5 
5 5 5 5 5 5 5 5 5 5 
5 5 5 5 5 5 5 5 5 5 
5 5 5 5 5 5 5 5 5 5 
5 5 5 5 5 5 5 5 5 5 
5 5 5 5 5 5 5 5 5 5 
5 5 5 5 5 5 5 5 5 5 
5 5 5 5 5 5 5 5 5 5 
5 5 5 5 5 5 5 5 5 5 
5 5 5 5 5 5 5 5 5 5 
5 5 5 5 5 5 5 5 5 5 
5 5 5 5 5 5 5 5 5 5 
5 5 5 5 5 5 5 5 5 5 
5 5 5 5 5 5 5 5 5 5 
5 5 5 5 5 5 5 5 5 5 
5 5 5 5 5 5 5 5 5 5 
5 5 5 5 5 5 5 5 5 5 
5 5 5 5 5 5 5 5 5 5 
5 5 5 5 5 5 5 5 5 5 
5 5 5 5 5 5 5 5 5 5 
5 5 5 5 5 5 5 5 5 5 
5 5 5 5 5 5 5 5 5 5 
5 5 5 5 5 5 5 5 5 5 
5 5 5 5 5 5 5 5 5 5 
5 5 5 5 5 5 5 5 5 5 
5 5 5 5 5 5 5 5 5 5 
5 5 5 5 5 5 5 5 5 5 
5 5 5 5 5 5 5 5 5 5 
5 5 5 5 5 5 5 5 5 5 
5 5 5 5 5 5 5 5 5 5 
5 5 5 5 5 5 5 5 5 5 
5 5 5 5 5 5 5 5 5 5 
5 5 5 5 5 5 5 5 5 5 
5 5 5 5 5 5 5 5 5 5 
5 5 5 5 5 5 5 5 5 5 
5 5 5 5 5 5 5 5 5 5 
5 5 5 5 5 5 5 5 5 5 
5 5 5 5 5 5 5 5 5 5 
5 5 5 5 5 5 5 5 5 5 
5 5 5 5 5 5 5 5 5 5 
5 5 5 5 5 5 5 5 5 5 
5 5 5 5 5 5 5 5 5 5 
5 5 5 5 5 5 5 5 5 5 
5 5 5 5 5 5 5 5 5 5 
5 5 5 5 5 5 5 5 5 5 
5 5 5 5 5 5 5 5 5 5 
5 5 5 5 5 5 5 5 5 5 
5 5 5 5 5 5 5 5 5 5 
5 5 5 5 5 5 5 5 5 5 
5 5 5 5 5 5 5 5 5 5 
5 5 5 5 5 5 5 5 5 5 
5 5 5 5 5 5 5 5 5 5 
5 5 5 5 5 5 5 5 5 5 
5 5 5 5 5 5 5 5 5 5 
5 5 5 5 5 5 5 5 5 5 
5 5 5 5 5 5 5 5 5 5 
5 5 5 5 5 5 5 5 5 5 
5 5 5 5 5 5 5 5 5 5 
5 5 5 5 5 5 5 5 5 5 
5 5 5 5 5 5 5 5 5 5 
5 5 5 5 5 5 5 5 5 5 
5 5 5 5 5 5 5 5 5 5 
5 5 5 5 5 5 5 5 5 5 
5 5 5 5 5 5 5 5 5 5 
5 5 5 5 5 5 5 5 5 5 
5 5 5 5 5 5 5 5 5 5 
5 5 5 5 5 5 5 5 5 5 
5 5 5 5 5 5 5 5 5 5 
5 5 5 5 5 5 5 5 5 5 
5 5 5 5 5 5 5 5 5 5 
5 5 5 5 5 5 5 5 5 5 
5 5 5 5 5 5 5 5 5 5 
5 5 5 5 5 5 5 5 5 5 
5 5 5 5 5 5 5 5 5 5 
5 5 5 5 5 5 5 5 5 5 
5 5 5 5 5 5 5 5 5 5 
5 5 5 5 5 5 5 5 5 5 
5 5 5 5 5 5 5 5 5 5 
5 5 5 5 5 5 5 5 5 5 
5 5 5 5 5 5 5 5 5 5 
5 5 5 5 5 5 5 5 5 5 
5 5 5 5 5 5 5 5 5 5 
5 5 5 5 5 5 5 5 5 5 
5 5 5 5 5 5 5 5 5 5 
5 5 5 5 5 5 5 5 5 5 
5 5 5 5 5 5 5 5 5 5 
5 5 5 5 5 5 5 5 5 5 
5 5 5 5 5 5 5 5 5 5 
5 5 5 5 5 5 5 5 5 5 
5 5 5 5 5 5 5 5 5 5 
5 5 5 5 5 5 5 5 5 5 
5 5 5 5 5 5 5 5 5 5 
5 5 5 5 5 5 5 5 5 5 
5 5 5 5 5 5 5 5 5 5 
5 5 5 5 5 5 5 5 5 5 
5 5 5 5 5 5 5 5 5 5 
5 5 5 5 5 5 5 5 5 5 
5 5 5 5 5 5 5 5 5 5 
5 5 5 5 5 5 5 5 5 5 
5 5 5 5 5 5 5 5 5 5 
5 5 5 5 5 5 5 5 5 5 
5 5 5 5 5 5 5 5 5 5 
5 5 5 5 5 5 5 5 5 5 
5 5 5 5 5 5 5 5 5 5 
5 5 5 5 5 5 5 5 5 5 
5 5 5 5 5 5 5 5 5 5 
5 5 5 5 5 5 5 5 5 5 
5 5 5 5 5 5 5 5 5 5 
5 5 5 5 5 5 5 5 5 5 
5 5 5 5 5 5 5 5 5 5 
5 5 5 5 5 5 5 5 5 5 
5 5 5 5 5 5 5 5 5 5 
5 5 5 5 5 5 5 5 5 5 
5 5 5 5 5 5 5 5 5 5 
5 5 5 5 5 5 5 5 5 5 
5 5 5 5 5 5 5 5 5 5 
5 5 5 5 5 5 5 5 5 5 
5 5 5 5 5 5 5 5 5 5 
5 5 5 5 5 5 5 5 5 5 
5 5 5 5 5 5 5 5 5 5 
5 5 5 5 5 5 5 5 5 5 
5 5 5 5 5 5 5 5 5 5 
5 5 5 5 5 5 5 5 5 5 
5 5 5 5 5 5 5 5 5 5 
5 5 5 5 5 5 5 5 5 5 
5 5 5 5 5 5 5 5 5 5 
5 5 5 5 5 5 5 5 5 5 
5 5 5 5 5 5 5 5 5 5 
5 5 5 5 5 5 5 5 5 5 
5 5 5 5 5 5 5 5 5 5 
5 5 5 5 5 5 5 5 5 5 
5 5 5 5 5 5 5 5 5 5 
5 5 5 5 5 5 5 5 5 5 
5 5 5 5 5 5 5 5 5 5 
5 5 5 5 5 5 5 5 5 5 
5 5 5 5 5 5 5 5 5 5 
5 5 5 5 5 5 5 5 5 5 
5 5 5 5 5 5 5 5 5 5 
5 5 5 5 5 5 5 5 5 5 
5 5 5 5 5 5 5 5 5 5 
5 5 5 5 5 5 5 5 5 5 
5 5 5 5 5 5 5 5 5 5 
5 5 5 5 5 5 5 5 5 5 
5 5 5 5 5 5 5 5 5 5 
5 5 5 5 5 5 5 5 5 5 
5 5 5 5 5 5 5 5 5 5 
5 5 5 5 5 5 5 5 5 5 
5 5 5 5 5 5 5 5 5 5 
5 5 5 5 5 5 5 5 5 5 
5 5 5 5 5 5 5 5 5 5 
5 5 5 5 5 5 5 5 5 5 
5 5 5 5 5 5 5 5 5 5 
5 5 5 5 5 5 5 5 5 5 
5 5 5 5 5 5 5 5 5 5 
5 5 5 5 5 5 5 5 5 5 
5 5 5 5 5 5 5 5 5 5 
5 5 5 5 5 5 5 5 5 5 
5 5 5 5 5 5 5 5 5 5 
5 5 5 5 5 5 5 5 5 5 
5 5 5 5 5 5 5 5 5 5 
5 5 5 5 5 5 5 5 5 5 
5 5 5 5 5 5 5 5 5 5 
5 5 5 5 5 5 5 5 5 5 
5 5 5 5 5 5 5 5 5 5 
5 5 5 5 5 5 5 5 5 5 
5 5 5 5 5 5 5 5 5 5 
5 5 5 5 5 5 5 5 5 5 
5 5 5 5 5 5 5 5 5 5 
5 5 5 5 5 5 5 5 5 5 
5 5 5 5 5 5 5 5 5 5 
5 5 5 5 5 5 5 5 5 5 
5 5 5 5 5 5 5 5 5 5 
5 5 5 5 5 5 5 5 5 5 
5 5 5 5 5 5 5 5 5 5 
5 5 5 5 5 5 5 5 5 5 
5 5 5 5 5 5 5 5 5 5 
5 5 5 5 5 5 5 5 5 5 
5 5 5 5 5 5 5 5 5 5 
5 5 5 5 5 5 5 5 5 5 
5 5 5 5 5 5 5 5 5 5 
5 5 5 5 5 5 5 5 5 5 
5 5 5 5 5 5 5 5 5 5 
5 5 5 5 5 5 5 5 5 5 
5 5 5 5 5 5 5 5 5 5 
5 5 5 5 5 5 5 5 5 5 
5 5 5 5 5 5 5 5 5 5 
5 5 5 5 5 5 5 5 5 5 
5 5 5 5 5 5 5 5 5 5 
5 5 5 5 5 5 5 5 5 5 
5 5 5 5 5 5 5 5 5 5 
5 5 5 5 5 5 5 5 5 5 
5 5 5 5 5 5 5 5 5 5 
5 5 5 5 5 5 5 5 5 5 
5 5 5 5 5 5 5 5 5 5 
5 5 5 5 5 5 5 5 5 5 
5 5 5 5 5 5 5 5 5 5 
5 5 5 5 5 5 5 5 5 5 
5 5 5 5 5 5 5 5 5 5 
5 5 5 5 5 5 5 5 5 5 
5 5 5 5 5 5 5 5 5 5 
5 5 5 5 5 5 5 5 5 5 
5 5 5 5 5 5 5 5 5 5 
5 5 5 5 5 5 5 5 5 5 
5 5 5 5 5 5 5 5 5 5 
5 5 5 5 5 5 5 5 5 5 
5 5 5 5 5 5 5 5 5 5 
5 5 5 5 5 5 5 5 5 5 
5 5 5 5 5 5 5 5 5 5 
5 5 5 5 5 5 5 5 5 5 
5 5 5 5 5 5 5 5 5 5 
5 5 5 5 5 5 5 5 5 5 
5 5 5 5 5 5 5 5 5 5 
5 5 5 5 5 5 5 5 5 5 
5 5 5 5 5 5 5 5 5 5 
5 5 5 5 5 5 5 5 5 5 
5 5 5 5 5 5 5 5 5 5 
5 5 5 5 5 5 5 5 5 5 
5 5 5 5 5 5 5 5 5 5 
5 5 5 5 5 5 5 5 5 5 
5 5 5 5 5 5 5 5 5 5 
5 5 5 5 5 5 5 5 5 5 
5 5 5 5 5 5 5 5 5 5 
5 5 5 5 5 5 5 5 5 5 
5 5 5 5 5 5 5 5 5 5 
5 5 5 5 5 5 5 5 5 5 
5 5 5 5 5 5 5 5 5 5 
5 5 5 5 5 5 5 5 5 5 
5 5 5 5 5 5 5 5 5 5 
5 5 5 5 5 5 5 5 5 5 
5 5 5 5 5 5 5 5 5 5 
5 5 5 5 5 5 5 5 5 5 
5 5 5 5 5 5 5 5 5 5 
5 5 5 5 5 5 5 5 5 5 
5 5 5 5 5 5 5 5 5 5 
5 5 5 5 5 5 5 5 5 5 
5 5 5 5 5 5 5 5 5 5 
5 5 5 5 5 5 5 5 5 5 
5 5 5 5 5 5 5 5 5 5 
5 5 5 5 5 5 5 5 5 5 
5 5 5 5 5 5 5 5 5 5 
5 5 5 5 5 5 5 5 5 5 
5 5 5 5 5 5 5 5 5 5 
5 5 5 5 5 5 5 5 5 5 
5 5 5 5 5 5 5 5 5 5 
5 5 5 5 5 5 5 5 5 5 
5 5 5 5 5 5 5 5 5 5 
5 5 5 5 5 5 5 5 5 5 
5 5 5 5 5 5 5 5 5 5 
5 5 5 5 5 5 5 5 5 5 
5 5 5 5 5 5 5 5 5 5 
5 5 5 5 5 5 5 5 5 5 
5 5 5 5 5 5 5 5 5 5 
5 5 5 5 5 5 5 5 5 5 
5 5 5 5 5 5 5 5 5 5 
5 5 5 5 5 5 5 5 5 5 
5 5 5 5 5 5 5 5 5 5 
5 5 5 5 5 5 5 5 5 5 
5 5 5 5 5 5 5 5 5 5 
5 5 5 5 5 5 5 5 5 5 
5 5 5 5 5 5 5 5 5 5 
5 5 5 5 5 5 5 5 5 5 
5 5 5 5 5 5 5 5 5 5 
5 5 5 5 5 5 5 5 5 5 
5 5 5 5 5 5 5 5 5 5 
5 5 5 5 5 5 5 5 5 5 
5 5 5 5 5 5 5 5 5 5 
5 5 5 5 5 5 5 5 5 5 
5 5 5 5 5 5 5 5 5 5 
5 5 5 5 5 5 5 5 5 5 
5 5 5 5 5 5 5 5 5 5 
5 5 5 5 5 5 5 5 5 5 
5 5 5 5 5 5 5 5 5 5 
5 5 5 5 5 5 5 5 5 5 
5 5 5 5 5 5 5 5 5 5 
5 5 5 5 5 5 5 5 5 5 
5 5 5 5 5 5 5 5 5 5 
5 5 5 5 5 5 5 5 5 5 
5 5 5 5 5 5 5 5 5 5 
5 5 5 5 5 5 5 5 5 5 
5 5 5 5 5 5 5 5 5 5 
5 5 5 5 5 5 5 5 5 5 
5 5 5 5 5 5 5 5 5 5 
5 5 5 5 5 5 5 5 5 5 
5 5 5 5 5 5 5 5 5 5 
5 5 5 5 5 5 5 5 5 5 
5 5 5 5 5 5 5 5 5 5 
5 5 5 5 5 5 5 5 5 5 
5 5 5 5 5 5 5 5 5 5 
5 5 5 5 5 5 5 5 5 5 
5 5 5 5 5 5 5 5 5 5 
5 5 5 5 5 5 5 5 5 5 
5 5 5 5 5 5 5 5 5 5 
5 5 5 5 5 5 5 5 5 5 
5 5 5 5 5 5 5 5 5 5 
5 5 5 5 5 5 5 5 5 5 
5 5 5 5 5 5 5 5 5 5 
5 5 5 5 5 5 5 5 5 5 
5 5 5 5 5 5 5 5 5 5 
5 5 5 5 5 5 5 5 5 5 
5 5 5 5 5 5 5 5 5 5 
5 5 5 5 5 5 5 5 5 5 
5 5 5 5 5 5 5 5 5 5 
5 5 5 5 5 5 5 5 5 5 
5 5 5 5 5 5 5 5 5 5 
5 5 5 5 5 5 5 5 5 5 
5 5 5 5 5 5 5 5 5 5 
5 5 5 5 5 5 5 5 5 5 
5 5 5 5 5 5 5 5 5 5 
5 5 5 5 5 5 5 5 5 5 
5 5 5 5 5 5 5 5 5 5 
5 5 5 5 5 5 5 5 5 5 
5 5 5 5 5 5 5 5 5 5 
5 5 5 5 5 5 5 5 5 5 
5 5 5 5 5 5 5 5 5 5 
5 5 5 5 5 5 5 5 5 5 
5 5 5 5 5 5 5 5 5 5 
5 5 5 5 5 5 5 5 5 5 
5 5 5 5 5 5 5 5 5 5 
5 5 5 5 5 5 5 5 5 5 
5 5 5 5 5 5 5 5 5 5 
5 5 5 5 5 5 5 5 5 5 
5 5 5 5 5 5 5 5 5 5 
5 5 5 5 5 5 5 5 5 5 
5 5 5 5 5 5 5 5 5 5 
5 5 5 5 5 5 5 5 5 5 
5 5 5 5 5 5 5 5 5 5 
5 5 5 5 5 5 5 5 5 5 
5 5 5 5 5 5 5 5 5 5 
5 5 5 5 5 5 5 5 5 5 
5 5 5 5 5 5 5 5 5 5 
5 5 5 5 5 5 5 5 5 5 
5 5 5 5 5 5 5 5 5 5 
5 5 5 5 5 5 5 5 5 5 
5 5 5 5 5 5 5 5 5 5 
5 5 5 5 5 5 5 5 5 5 
5 5 5 5 5 5 5 5 5 5 
5 5 5 5 5 5 5 5 5 5 
5 5 5 5 5 5 5 5 5 5 
5 5 5 5 5 5 5 5 5 5 
5 5 5 5 5 5 5 5 5 5 
5 5 5 5 5 5 5 5 5 5 
5 5 5 5 5 5 5 5 5 5 
5 5 5 5 5 5 5 5 5 5 
5 5 5 5 5 5 5 5 5 5 
5 5 5 5 5 5 5 5 5 5 
5 5 5 5 5 5 5 5 5 5 
5 5 5 5 5 5 5 5 5 5 
5 5 5 5 5 5 5 5 5 5 
5 5 5 5 5 5 5 5 5 5 
5 5 5 5 5 5 5 5 5 5 
5 5 5 5 5 5 5 5 5 5 
5 5 5 5 5 5 5 5 5 5 
5 5 5 5 5 5 5 5 5 5 
5 5 5 5 5 5 5 5 5 5 
5 5 5 5 5 5 5 5 5 5 
5 5 5 5 5 5 5 5 5 5 
5 5 5 5 5 5 5 5 5 5 
5 5 5 5 5 5 5 5 5 5 
5 5 5 5 5 5 5 5 5 5 
5 5 5 5 5 5 5 5 5 5 
5 5 5 5 5 5 5 5 5 5 
5 5 5 5 5 5 5 5 5 5 
5 5 5 5 5 5 5 5 5 5 
5 5 5 5 5 5 5 5 5 5 
5 5 5 5 5 5 5 5 5 5 
5 5 5 5 5 5 5 5 5 5 
5 5 5 5 5 5 5 5 5 5 
5 5 5 5 5 5 5 5 5 5 
5 5 5 5 5 5 5 5 5 5 
5 5 5 5 5 5 5 5 5 5 
5 5 5 5 5 5 5 5 5 5 
5 5 5 5 5 5 5 5 5 5 
5 5 5 5 5 5 5 5 5 5 
5 5 5 5 5 5 5 5 5 5 
5 5 5 5 5 5 5 5 5 5 
5 5 
CELL_DATA 4312
SCALARS Face_Number float 1
LOOKUP_TABLE default
6 6 6 6 6 6 6 6 6 
6 6 6 6 6 6 6 6 6 6 
6 6 6 6 6 6 6 6 6 6 
6 6 6 6 6 6 6 6 6 6 
6 6 6 6 6 6 6 6 6 6 
6 6 6 6 6 6 6 6 6 6 
6 6 6 6 6 6 6 6 6 6 
6 6 6 6 6 6 6 6 6 6 
6 6 6 6 6 6 6 6 6 6 
6 6 6 6 6 6 6 6 6 6 
6 6 6 6 6 6 6 6 6 6 
6 6 6 6 6 6 6 6 6 6 
6 6 6 6 6 6 6 6 6 6 
6 6 6 6 6 6 6 6 6 6 
6 6 6 6 6 6 6 6 6 6 
6 6 6 6 6 6 6 6 6 6 
6 6 6 6 6 6 6 6 6 6 
6 6 6 6 6 6 6 6 6 6 
6 6 6 6 6 6 6 6 6 6 
6 6 6 6 6 6 6 7 7 7 
7 7 7 7 7 7 7 7 7 7 
7 7 7 7 7 7 7 7 7 7 
7 7 7 7 7 7 7 7 7 7 
7 7 7 7 7 7 7 7 7 7 
7 7 7 7 7 7 7 7 7 7 
7 7 7 7 7 7 7 7 7 7 
7 7 7 7 7 7 7 7 7 7 
7 7 7 7 7 7 7 7 7 7 
7 7 7 7 7 7 7 7 7 7 
7 7 7 7 7 7 7 7 7 7 
7 7 7 7 7 7 7 7 7 7 
7 7 7 7 7 7 7 7 7 7 
7 7 7 7 7 7 7 7 7 7 
7 7 7 7 7 7 7 7 7 7 
7 7 7 7 7 7 7 7 7 7 
7 7 7 7 7 7 7 7 7 7 
7 7 7 7 7 7 7 7 7 7 
7 7 7 7 7 7 7 7 7 7 
7 7 7 7 7 7 7 7 7 7 
7 7 7 8 8 8 8 8 8 8 
8 8 8 8 8 8 8 8 8 8 
8 8 8 8 8 8 8 8 8 8 
8 8 8 8 8 8 8 8 8 8 
8 8 8 8 8 8 8 8 8 8 
8 8 8 8 8 8 8 8 8 8 
8 8 8 8 8 8 8 8 8 8 
8 8 8 8 8 8 8 8 8 8 
8 8 8 8 8 8 8 8 8 8 
8 8 8 8 8 8 8 8 8 8 
8 8 8 8 8 8 8 8 8 8 
8 8 8 8 8 8 8 8 8 8 
8 8 8 8 8 8 8 8 8 8 
8 8 8 8 8 8 8 8 8 8 
8 8 8 8 8 8 8 8 8 8 
8 8 8 8 8 8 8 8 8 8 
8 8 8 8 8 8 8 8 8 8 
8 8 8 8 8 8 8 8 8 8 
8 8 8 8 8 8 8 8 8 8 
8 8 8 8 8 8 8 8 8 9 
9 9 9 9 9 9 9 9 9 9 
9 9 9 9 9 9 9 9 9 9 
9 9 9 9 9 9 9 9 9 9 
9 9 9 9 9 9 9 9 9 9 
9 9 9 9 9 9 9 9 9 9 
9 9 9 9 9 9 9 9 9 9 
9 9 9 9 9 9 9 9 9 9 
9 9 9 9 9 9 9 9 9 9 
9 9 9 9 9 9 9 9 9 9 
9 9 9 9 9 9 9 9 9 9 
9 9 9 9 9 9 9 9 9 9 
9 9 9 9 9 9 9 9 9 9 
9 9 9 9 9 9 9 9 9 9 
9 9 9 9 9 9 9 9 9 9 
9 9 9 9 9 9 9 9 9 9 
9 9 9 9 9 9 9 9 9 9 
9 9 9 9 9 9 9 9 9 9 
9 9 9 9 9 9 9 9 9 9 
9 9 9 9 9 9 9 9 9 9 
9 9 9 9 9 10 10 10 10 10 
10 10 10 10 10 10 10 10 10 10 
10 10 10 10 10 10 10 10 10 10 
10 10 10 10 10 10 10 10 10 10 
10 10 10 10 10 10 10 10 10 10 
10 10 10 10 10 10 10 10 10 10 
10 10 10 10 10 10 10 10 10 10 
10 10 10 10 10 10 10 10 10 10 
10 10 10 10 10 10 10 10 10 10 
10 10 10 10 10 10 10 10 10 10 
10 10 10 10 10 10 10 10 10 10 
10 10 10 10 10 10 10 10 10 10 
10 10 10 10 10 10 10 10 10 10 
10 10 10 10 10 10 10 10 10 10 
10 10 10 10 10 10 10 10 10 10 
10 10 10 10 10 10 10 10 10 10 
10 10 10 10 10 10 10 10 10 10 
10 10 10 10 10 10 10 10 10 10 
10 10 10 10 10 10 10 10 10 10 
10 10 10 10 10 10 10 10 10 10 
10 11 11 11 11 11 11 11 11 11 
11 11 11 11 11 11 11 11 11 11 
11 11 11 11 11 11 11 11 11 11 
11 11 11 11 11 11 11 11 11 11 
11 11 11 11 11 11 11 11 11 11 
11 11 11 11 11 11 11 11 11 11 
11 11 11 11 11 11 11 11 11 11 
11 11 11 11 11 11 11 11 11 11 
11 11 11 11 11 11 11 11 11 11 
11 11 11 11 11 11 11 11 11 11 
11 11 11 11 11 11 11 11 11 11 
11 11 11 11 11 11 11 11 11 11 
11 11 11 11 11 11 11 11 11 11 
11 11 11 11 11 11 11 11 11 11 
11 11 11 11 11 11 11 11 11 11 
11 11 11 11 11 11 11 11 11 11 
11 11 11 11 11 11 11 11 11 11 
11 11 11 11 11 11 11 11 11 11 
11 11 11 11 11 11 11 11 11 11 
11 11 11 11 11 11 11 12 12 12 
12 12 12 12 12 12 12 12 12 12 
12 12 12 12 12 12 12 12 12 12 
12 12 12 12 12 12 12 12 12 12 
12 12 12 12 12 12 12 12 12 12 
12 12 12 12 12 12 12 12 12 12 
12 12 12 12 12 12 12 12 12 12 
12 12 12 12 12 12 12 12 12 12 
12 12 12 12 12 12 12 12 12 12 
12 12 12 12 12 12 12 12 12 12 
12 12 12 12 12 12 12 12 12 12 
12 12 12 12 12 12 12 12 12 12 
12 12 12 12 12 12 12 12 12 12 
12 12 12 12 12 12 12 12 12 12 
12 12 12 12 12 12 12 12 12 12 
12 12 12 12 12 12 12 12 12 12 
12 12 12 12 12 12 12 12 12 12 
12 12 12 12 12 12 12 12 12 12 
12 12 12 12 12 12 12 12 12 12 
12 12 12 12 12 12 12 12 12 12 
12 12 12 13 13 13 13 13 13 13 
13 13 13 13 13 13 13 13 13 13 
13 13 13 13 13 13 13 13 13 13 
13 13 13 13 13 13 13 13 13 13 
13 13 13 13 13 13 13 13 13 13 
13 13 13 13 13 13 13 13 13 13 
13 13 13 13 13 13 13 13 13 13 
13 13 13 13 13 13 13 13 13 13 
13 13 13 13 13 13 13 13 13 13 
13 13 13 13 13 13 13 13 13 13 
13 13 13 13 13 13 13 13 13 13 
13 13 13 13 13 13 13 13 13 13 
13 13 13 13 13 13 13 13 13 13 
13 13 13 13 13 13 13 13 13 13 
13 13 13 13 13 13 13 13 13 13 
13 13 13 13 13 13 13 13 13 13 
13 13 13 13 13 13 13 13 13 13 
13 13 13 13 13 13 13 13 13 13 
13 13 13 13 13 13 13 13 13 13 
13 13 13 13 13 13 13 13 13 14 
14 14 14 14 14 14 14 14 14 14 
14 14 14 14 14 14 14 14 14 14 
14 14 14 14 14 14 14 14 14 14 
14 14 14 14 14 14 14 14 14 14 
14 14 14 14 14 14 14 14 14 14 
14 14 14 14 14 14 14 14 14 14 
14 14 14 14 14 14 14 14 14 14 
14 14 14 14 14 14 14 14 14 14 
14 14 14 14 14 14 14 14 14 14 
14 14 14 14 14 14 14 14 14 14 
14 14 14 14 14 14 14 14 14 14 
14 14 14 14 14 14 14 14 14 14 
14 14 14 14 14 14 14 14 14 14 
14 14 14 14 14 14 14 14 14 14 
14 14 14 14 14 14 14 14 14 14 
14 14 14 14 14 14 14 14 14 14 
14 14 14 14 14 14 14 14 14 14 
14 14 14 14 14 14 14 14 14 14 
14 14 14 14 14 14 14 14 14 14 
14 14 14 14 14 15 15 15 15 15 
15 15 15 15 15 15 15 15 15 15 
15 15 15 15 15 15 15 15 15 15 
15 15 15 15 15 15 15 15 15 15 
15 15 15 15 15 15 15 15 15 15 
15 15 15 15 15 15 15 15 15 15 
15 15 15 15 15 15 15 15 15 15 
15 15 15 15 15 15 15 15 15 15 
15 15 15 15 15 15 15 15 15 15 
15 15 15 15 15 15 15 15 15 15 
15 15 15 15 15 15 15 15 15 15 
15 15 15 15 15 15 15 15 15 15 
15 15 15 15 15 15 15 15 15 15 
15 15 15 15 15 15 15 15 15 15 
15 15 15 15 15 15 15 15 15 15 
15 15 15 15 15 15 15 15 15 15 
15 15 15 15 15 15 15 15 15 15 
15 15 15 15 15 15 15 15 15 15 
15 15 15 15 15 15 15 15 15 15 
15 15 15 15 15 15 15 15 15 15 
15 16 16 16 16 16 16 16 16 16 
16 16 16 16 16 16 16 16 16 16 
16 16 16 16 16 16 16 16 16 16 
16 16 16 16 16 16 16 16 16 16 
16 16 16 16 16 16 16 16 16 16 
16 16 16 16 16 16 16 16 16 16 
16 16 16 16 16 16 16 16 16 16 
16 16 16 16 16 16 16 16 16 16 
16 16 16 16 16 16 16 16 16 16 
16 16 16 16 16 16 16 16 16 16 
16 16 16 16 16 16 16 16 16 16 
16 16 16 16 16 16 16 16 16 16 
16 16 16 16 16 16 16 16 16 16 
16 16 16 16 16 16 16 16 16 16 
16 16 16 16 16 16 16 16 16 16 
16 16 16 16 16 16 16 16 16 16 
16 16 16 16 16 16 16 16 16 16 
16 16 16 16 16 16 16 16 16 16 
16 16 16 16 16 16 16 16 16 16 
16 16 16 16 16 16 16 17 17 17 
17 17 17 17 17 17 17 17 17 17 
17 17 17 17 17 17 17 17 17 17 
17 17 17 17 17 17 17 17 17 17 
17 17 17 17 17 17 17 17 17 17 
17 17 17 17 17 17 17 17 17 17 
17 17 17 17 17 17 17 17 17 17 
17 17 17 17 17 17 17 17 17 17 
17 17 17 17 17 17 17 17 17 17 
17 17 17 17 17 17 17 17 17 17 
17 17 17 17 17 17 17 17 17 17 
17 17 17 17 17 17 17 17 17 17 
17 17 17 17 17 17 17 17 17 17 
17 17 17 17 17 17 17 17 17 17 
17 17 17 17 17 17 17 17 17 17 
17 17 17 17 17 17 17 17 17 17 
17 17 17 17 17 17 17 17 17 17 
17 17 17 17 17 17 17 17 17 17 
17 17 17 17 17 17 17 17 17 17 
17 17 17 17 17 17 17 17 17 17 
17 17 17 18 18 18 18 18 18 18 
18 18 18 18 18 18 18 18 18 18 
18 18 18 18 18 18 18 18 18 18 
18 18 18 18 18 18 18 18 18 18 
18 18 18 18 18 18 18 18 18 18 
18 18 18 18 18 18 18 18 18 18 
18 18 18 18 18 18 18 18 18 18 
18 18 18 18 18 18 18 18 18 18 
18 18 18 18 18 18 18 18 18 18 
18 18 18 18 18 18 18 18 18 18 
18 18 18 18 18 18 18 18 18 18 
18 18 18 18 18 18 18 18 18 18 
18 18 18 18 18 18 18 18 18 18 
18 18 18 18 18 18 18 18 18 18 
18 18 18 18 18 18 18 18 18 18 
18 18 18 18 18 18 18 18 18 18 
18 18 18 18 18 18 18 18 18 18 
18 18 18 18 18 18 18 18 18 18 
18 18 18 18 18 18 18 18 18 18 
18 18 18 18 18 18 18 18 18 19 
19 19 19 19 19 19 19 19 19 19 
19 19 19 19 19 19 19 19 19 19 
19 19 19 19 19 19 19 19 19 19 
19 19 19 19 19 19 19 19 19 19 
19 19 19 19 19 19 19 19 19 19 
19 19 19 19 19 19 19 19 19 19 
19 19 19 19 19 19 19 19 19 19 
19 19 19 19 19 19 19 19 19 19 
19 19 19 19 19 19 19 19 19 19 
19 19 19 19 19 19 19 19 19 19 
19 19 19 19 19 19 19 19 19 19 
19 19 19 19 19 19 19 19 19 19 
19 19 19 19 19 19 19 19 19 19 
19 19 19 19 19 19 19 19 19 19 
19 19 19 19 19 19 19 19 19 19 
19 19 19 19 19 19 19 19 19 19 
19 19 19 19 19 19 19 19 19 19 
19 19 19 19 19 19 19 19 19 19 
19 19 19 19 19 19 19 19 19 19 
19 19 19 19 19 20 20 20 20 20 
20 20 20 20 20 20 20 20 20 20 
20 20 20 20 20 20 20 20 20 20 
20 20 20 20 20 20 20 20 20 20 
20 20 20 20 20 20 20 20 20 20 
20 20 20 20 20 20 20 20 20 20 
20 20 20 20 20 20 20 20 20 20 
20 20 20 20 20 20 20 20 20 20 
20 20 20 20 20 20 20 20 20 20 
20 20 20 20 20 20 20 20 20 20 
20 20 20 20 20 20 20 20 20 20 
20 20 20 20 20 20 20 20 20 20 
20 20 20 20 20 20 20 20 20 20 
20 20 20 20 20 20 20 20 20 20 
20 20 20 20 20 20 20 20 20 20 
20 20 20 20 20 20 20 20 20 20 
20 20 20 20 20 20 20 20 20 20 
20 20 20 20 20 20 20 20 20 20 
20 20 20 20 20 20 20 20 20 20 
20 20 20 20 20 20 20 20 20 20 
20 21 21 21 21 21 21 21 21 21 
21 21 21 21 21 21 21 21 21 21 
21 21 21 21 21 21 21 21 21 21 
21 21 21 21 21 21 21 21 21 21 
21 21 21 21 21 21 21 21 21 21 
21 21 21 21 21 21 21 21 21 21 
21 21 21 21 21 21 21 21 21 21 
21 21 21 21 21 21 21 21 21 21 
21 21 21 21 21 21 21 21 21 21 
21 21 21 21 21 21 21 21 21 21 
21 21 21 21 21 21 21 21 21 21 
21 21 21 21 21 21 21 21 21 21 
21 21 21 21 21 21 21 21 21 21 
21 21 21 21 21 21 21 21 21 21 
21 21 21 21 21 21 21 21 21 21 
21 21 21 21 21 21 21 21 21 21 
21 21 21 21 21 21 21 21 21 21 
21 21 21 21 21 21 21 21 21 21 
21 21 21 21 21 21 21 21 21 21 
21 21 21 21 21 21 21 22 22 22 
22 22 22 22 22 22 22 22 22 22 
22 22 22 22 22 22 22 22 22 22 
22 22 22 22 22 22 22 22 22 22 
22 22 22 22 22 22 22 22 22 22 
22 22 22 22 22 22 22 22 22 22 
22 22 22 22 22 22 22 22 22 22 
22 22 22 22 22 22 22 22 22 22 
22 22 22 22 22 22 22 22 22 22 
22 22 22 22 22 22 22 22 22 22 
22 22 22 22 22 22 22 22 22 22 
22 22 22 22 22 22 22 22 22 22 
22 22 22 22 22 22 22 22 22 22 
22 22 22 22 22 22 22 22 22 22 
22 22 22 22 22 22 22 22 22 22 
22 22 22 22 22 22 22 22 22 22 
22 22 22 22 22 22 22 22 22 22 
22 22 22 22 22 22 22 22 22 22 
22 22 22 22 22 22 22 22 22 22 
22 22 22 22 22 22 22 22 22 22 
22 22 22 23 23 23 23 23 23 23 
23 23 23 23 23 23 23 23 23 23 
23 23 23 23 23 23 23 23 23 23 
23 23 23 23 23 23 23 23 23 23 
23 23 23 23 23 23 23 23 23 23 
23 23 23 23 23 23 23 23 23 23 
23 23 23 23 23 23 23 23 23 23 
23 23 23 23 23 23 23 23 23 23 
23 23 23 23 23 23 23 23 23 23 
23 23 23 23 23 23 23 23 23 23 
23 23 23 23 23 23 23 23 23 23 
23 23 23 23 23 23 23 23 23 23 
23 23 23 23 23 23 23 23 23 23 
23 23 23 23 23 23 23 23 23 23 
23 23 23 23 23 23 23 23 23 23 
23 23 23 23 23 23 23 23 23 23 
23 23 23 23 23 23 23 23 23 23 
23 23 23 23 23 23 23 23 23 23 
23 23 23 23 23 23 23 23 23 23 
23 23 23 23 23 23 23 23 23 24 
24 24 24 24 24 24 24 24 24 24 
24 24 24 24 24 24 24 24 24 24 
24 24 24 24 24 24 24 24 24 24 
24 24 24 24 24 24 24 24 24 24 
24 24 24 24 24 24 24 24 24 24 
24 24 24 24 24 24 24 24 24 24 
24 24 24 24 24 24 24 24 24 24 
24 24 24 24 24 24 24 24 24 24 
24 24 24 24 24 24 24 24 24 24 
24 24 24 24 24 24 24 24 24 24 
24 24 24 24 24 24 24 24 24 24 
24 24 24 24 24 24 24 24 24 24 
24 24 24 24 24 24 24 24 24 24 
24 24 24 24 24 24 24 24 24 24 
24 24 24 24 24 24 24 24 24 24 
24 24 24 24 24 24 24 24 24 24 
24 24 24 24 24 24 24 24 24 24 
24 24 24 24 24 24 24 24 24 24 
24 24 24 24 24 24 24 24 24 24 
24 24 24 24 24 25 25 25 25 25 
25 25 25 25 25 25 25 25 25 25 
25 25 25 25 25 25 25 25 25 25 
25 25 25 25 25 25 25 25 25 25 
25 25 25 25 25 25 25 25 25 25 
25 25 25 25 25 25 25 25 25 25 
25 25 25 25 25 25 25 25 25 25 
25 25 25 25 25 25 25 25 25 25 
25 25 25 25 25 25 25 25 25 25 
25 25 25 25 25 25 25 25 25 25 
25 25 25 25 25 25 25 25 25 25 
25 25 25 25 25 25 25 25 25 25 
25 25 25 25 25 25 25 25 25 25 
25 25 25 25 25 25 25 25 25 25 
25 25 25 25 25 25 25 25 25 25 
25 25 25 25 25 25 25 25 25 25 
25 25 25 25 25 25 25 25 25 25 
25 25 25 25 25 25 25 25 25 25 
25 25 25 25 25 25 25 25 25 25 
25 25 25 25 25 25 25 25 25 25 
25 26 26 26 26 26 26 26 26 26 
26 26 26 26 26 26 26 26 26 26 
26 26 26 26 26 26 26 26 26 26 
26 26 26 26 26 26 26 26 26 26 
26 26 26 26 26 26 26 26 26 26 
26 26 26 26 26 26 26 26 26 26 
26 26 26 26 26 26 26 26 26 26 
26 26 26 26 26 26 26 26 26 26 
26 26 26 26 26 26 26 26 26 26 
26 26 26 26 26 26 26 26 26 26 
26 26 26 26 26 26 26 26 26 26 
26 26 26 26 26 26 26 26 26 26 
26 26 26 26 26 26 26 26 26 26 
26 26 26 26 26 26 26 26 26 26 
26 26 26 26 26 26 26 26 26 26 
26 26 26 26 26 26 26 26 26 26 
26 26 26 26 26 26 26 26 26 26 
26 26 26 26 26 26 26 26 26 26 
26 26 26 26 26 26 26 26 26 26 
26 26 26 26 26 26 26 27 27 27 
27 27 27 27 27 27 27 27 27 27 
27 27 27 27 27 27 27 27 27 27 
27 27 27 27 27 27 27 27 27 27 
27 27 27 27 27 27 27 27 27 27 
27 27 27 27 27 27 27 27 27 27 
27 27 27 27 27 27 27 27 27 27 
27 27 27 27 27 27 27 27 27 27 
27 27 27 27 27 27 27 27 27 27 
27 27 27 27 27 27 27 27 27 27 
27 27 27 27 27 27 27 27 27 27 
27 27 27 27 27 27 27 27 27 27 
27 27 27 27 27 27 27 27 27 27 
27 27 27 27 27 27 27 27 27 27 
27 27 27 27 27 27 27 27 27 27 
27 27 27 27 27 27 27 27 27 27 
27 27 27 27 27 27 27 27 27 27 
27 27 27 27 27 27 27 27 27 27 
27 27 27 27 27 27 27 27 27 27 
27 27 27 27 27 27 27 27 27 27 
27 27 27 SCALARS Node_Number float 1
LOOKUP_TABLE default
-1 -1 -1 -1 -1 -1 -1 -1 -1 
-1 -1 -1 -1 -1 -1 -1 -1 -1 -1 
-1 -1 -1 -1 -1 -1 -1 -1 -1 -1 
-1 -1 -1 -1 -1 -1 -1 -1 -1 -1 
-1 -1 -1 -1 -1 -1 -1 -1 -1 -1 
-1 -1 -1 -1 -1 -1 -1 -1 -1 -1 
-1 -1 -1 -1 -1 -1 -1 -1 -1 -1 
-1 -1 -1 -1 -1 -1 -1 -1 -1 -1 
-1 -1 -1 -1 -1 -1 -1 -1 -1 -1 
-1 -1 -1 -1 -1 -1 -1 -1 -1 -1 
-1 -1 -1 -1 -1 -1 -1 -1 -1 -1 
-1 -1 -1 -1 -1 -1 -1 -1 -1 -1 
-1 -1 -1 -1 -1 -1 -1 -1 -1 -1 
-1 -1 -1 -1 -1 -1 -1 -1 -1 -1 
-1 -1 -1 -1 -1 -1 -1 -1 -1 -1 
-1 -1 -1 -1 -1 -1 -1 -1 -1 -1 
-1 -1 -1 -1 -1 -1 -1 -1 -1 -1 
-1 -1 -1 -1 -1 -1 -1 -1 -1 -1 
-1 -1 -1 -1 -1 -1 -1 -1 -1 -1 
-1 -1 -1 -1 -1 -1 -1 -1 -1 -1 
-1 -1 -1 -1 -1 -1 -1 -1 -1 -1 
-1 -1 -1 -1 -1 -1 -1 -1 -1 -1 
-1 -1 -1 -1 -1 -1 -1 -1 -1 -1 
-1 -1 -1 -1 -1 -1 -1 -1 -1 -1 
-1 -1 -1 -1 -1 -1 -1 -1 -1 -1 
-1 -1 -1 -1 -1 -1 -1 -1 -1 -1 
-1 -1 -1 -1 -1 -1 -1 -1 -1 -1 
-1 -1 -1 -1 -1 -1 -1 -1 -1 -1 
-1 -1 -1 -1 -1 -1 -1 -1 -1 -1 
-1 -1 -1 -1 -1 -1 -1 -1 -1 -1 
-1 -1 -1 -1 -1 -1 -1 -1 -1 -1 
-1 -1 -1 -1 -1 -1 -1 -1 -1 -1 
-1 -1 -1 -1 -1 -1 -1 -1 -1 -1 
-1 -1 -1 -1 -1 -1 -1 -1 -1 -1 
-1 -1 -1 -1 -1 -1 -1 -1 -1 -1 
-1 -1 -1 -1 -1 -1 -1 -1 -1 -1 
-1 -1 -1 -1 -1 -1 -1 -1 -1 -1 
-1 -1 -1 -1 -1 -1 -1 -1 -1 -1 
-1 -1 -1 -1 -1 -1 -1 -1 -1 -1 
-1 -1 -1 57 57 57 57 57 57 57 
57 57 57 57 57 57 57 57 57 57 
57 57 57 57 57 57 57 57 57 57 
57 57 57 57 57 57 57 57 57 57 
57 57 57 57 57 57 57 57 57 57 
57 57 57 57 57 57 57 57 57 57 
57 57 57 57 57 57 57 57 57 57 
57 57 57 57 57 57 57 57 57 57 
57 57 57 57 57 57 57 57 57 57 
57 57 57 57 57 57 57 57 57 57 
57 57 57 57 57 57 57 57 57 57 
57 57 57 57 57 57 57 57 57 57 
57 57 57 57 57 57 57 57 57 57 
57 57 57 57 57 57 57 57 57 57 
57 57 57 57 57 57 57 57 57 57 
57 57 57 57 57 57 57 57 57 57 
57 57 57 57 57 57 57 57 57 57 
57 57 57 57 57 57 57 57 57 57 
57 57 57 57 57 57 57 57 57 57 
57 57 57 57 57 57 57 57 57 -1 
-1 -1 -1 -1 -1 -1 -1 -1 -1 -1 
-1 -1 -1 -1 -1 -1 -1 -1 -1 -1 
-1 -1 -1 -1 -1 -1 -1 -1 -1 -1 
-1 -1 -1 -1 -1 -1 -1 -1 -1 -1 
-1 -1 -1 -1 -1 -1 -1 -1 -1 -1 
-1 -1 -1 -1 -1 -1 -1 -1 -1 -1 
-1 -1 -1 -1 -1 -1 -1 -1 -1 -1 
-1 -1 -1 -1 -1 -1 -1 -1 -1 -1 
-1 -1 -1 -1 -1 -1 -1 -1 -1 -1 
-1 -1 -1 -1 -1 -1 -1 -1 -1 -1 
-1 -1 -1 -1 -1 -1 -1 -1 -1 -1 
-1 -1 -1 -1 -1 -1 -1 -1 -1 -1 
-1 -1 -1 -1 -1 -1 -1 -1 -1 -1 
-1 -1 -1 -1 -1 -1 -1 -1 -1 -1 
-1 -1 -1 -1 -1 -1 -1 -1 -1 -1 
-1 -1 -1 -1 -1 -1 -1 -1 -1 -1 
-1 -1 -1 -1 -1 -1 -1 -1 -1 -1 
-1 -1 -1 -1 -1 -1 -1 -1 -1 -1 
-1 -1 -1 -1 -1 -1 -1 -1 -1 -1 
-1 -1 -1 -1 -1 -1 -1 -1 -1 -1 
-1 -1 -1 -1 -1 -1 -1 -1 -1 -1 
-1 -1 -1 -1 -1 -1 -1 -1 -1 -1 
-1 -1 -1 -1 -1 -1 -1 -1 -1 -1 
-1 -1 -1 -1 -1 -1 -1 -1 -1 -1 
-1 -1 -1 -1 -1 -1 -1 -1 -1 -1 
-1 -1 -1 -1 -1 -1 -1 -1 -1 -1 
-1 -1 -1 -1 -1 -1 -1 -1 -1 -1 
-1 -1 -1 -1 -1 -1 -1 -1 -1 -1 
-1 -1 -1 -1 -1 -1 -1 -1 -1 -1 
-1 -1 -1 -1 -1 -1 -1 -1 -1 -1 
-1 -1 -1 -1 -1 -1 -1 -1 -1 -1 
-1 -1 -1 -1 -1 -1 -1 -1 -1 -1 
-1 -1 -1 -1 -1 -1 -1 -1 -1 -1 
-1 -1 -1 -1 -1 -1 -1 -1 -1 -1 
-1 -1 -1 -1 -1 -1 -1 -1 -1 -1 
-1 -1 -1 -1 -1 -1 -1 -1 -1 -1 
-1 -1 -1 -1 -1 -1 -1 -1 -1 -1 
-1 -1 -1 -1 -1 -1 -1 -1 -1 -1 
-1 -1 -1 -1 -1 -1 -1 -1 -1 -1 
-1 -1 -1 -1 -1 -1 -1 -1 -1 -1 
-1 -1 -1 -1 -1 -1 -1 -1 -1 -1 
-1 -1 -1 -1 -1 -1 -1 -1 -1 -1 
-1 -1 -1 -1 -1 -1 -1 -1 -1 -1 
-1 -1 -1 -1 -1 -1 -1 -1 -1 -1 
-1 -1 -1 -1 -1 -1 -1 -1 -1 -1 
-1 -1 -1 -1 -1 -1 -1 -1 -1 -1 
-1 -1 -1 -1 -1 -1 -1 -1 -1 -1 
-1 -1 -1 -1 -1 -1 -1 -1 -1 -1 
-1 -1 -1 -1 -1 -1 -1 -1 -1 -1 
-1 -1 -1 -1 -1 -1 -1 -1 -1 -1 
-1 -1 -1 -1 -1 -1 -1 -1 -1 -1 
-1 -1 -1 -1 -1 -1 -1 -1 -1 -1 
-1 -1 -1 -1 -1 -1 -1 -1 -1 -1 
-1 -1 -1 -1 -1 -1 -1 -1 -1 -1 
-1 -1 -1 -1 -1 -1 -1 -1 -1 -1 
-1 -1 -1 -1 -1 -1 -1 -1 -1 -1 
-1 -1 -1 -1 -1 -1 -1 -1 -1 -1 
-1 -1 -1 -1 -1 -1 -1 -1 -1 -1 
-1 -1 -1 -1 -1 -1 -1 -1 -1 -1 
-1 -1 -1 -1 -1 -1 -1 -1 -1 -1 
-1 -1 -1 -1 -1 -1 -1 -1 -1 -1 
-1 -1 -1 -1 -1 -1 -1 -1 -1 -1 
-1 -1 -1 -1 -1 -1 -1 -1 -1 -1 
-1 -1 -1 -1 -1 -1 -1 -1 -1 -1 
-1 -1 -1 -1 -1 -1 -1 -1 -1 -1 
-1 -1 -1 -1 -1 -1 -1 -1 -1 -1 
-1 -1 -1 -1 -1 -1 -1 -1 -1 -1 
-1 -1 -1 -1 -1 -1 -1 -1 -1 -1 
-1 -1 -1 -1 -1 -1 -1 -1 -1 -1 
-1 -1 -1 -1 -1 -1 -1 -1 -1 -1 
-1 -1 -1 -1 -1 -1 -1 -1 -1 -1 
-1 -1 -1 -1 -1 -1 -1 -1 -1 -1 
-1 -1 -1 -1 -1 -1 -1 -1 -1 -1 
-1 -1 -1 -1 -1 -1 -1 -1 -1 -1 
-1 -1 -1 -1 -1 -1 -1 -1 -1 -1 
-1 -1 -1 -1 -1 -1 -1 -1 -1 -1 
-1 -1 -1 -1 -1 -1 -1 -1 -1 -1 
-1 -1 -1 -1 -1 -1 -1 -1 -1 -1 
-1 -1 -1 40 40 40 40 40 40 40 
40 40 40 40 40 40 40 40 40 40 
40 40 40 40 40 40 40 40 40 40 
40 40 40 40 40 40 40 40 40 40 
40 40 40 40 40 40 40 40 40 40 
40 40 40 40 40 40 40 40 40 40 
40 40 40 40 40 40 40 40 40 40 
40 40 40 40 40 40 40 40 40 40 
40 40 40 40 40 40 40 40 40 40 
40 40 40 40 40 40 40 40 40 40 
40 40 40 40 40 40 40 40 40 40 
40 40 40 40 40 40 40 40 40 40 
40 40 40 40 40 40 40 40 40 40 
40 40 40 40 40 40 40 40 40 40 
40 40 40 40 40 40 40 40 40 40 
40 40 40 40 40 40 40 40 40 40 
40 40 40 40 40 40 40 40 40 40 
40 40 40 40 40 40 40 40 40 40 
40 40 40 40 40 40 40 40 40 40 
40 40 40 40 40 40 40 40 40 -1 
-1 -1 -1 -1 -1 -1 -1 -1 -1 -1 
-1 -1 -1 -1 -1 -1 -1 -1 -1 -1 
-1 -1 -1 -1 -1 -1 -1 -1 -1 -1 
-1 -1 -1 -1 -1 -1 -1 -1 -1 -1 
-1 -1 -1 -1 -1 -1 -1 -1 -1 -1 
-1 -1 -1 -1 -1 -1 -1 -1 -1 -1 
-1 -1 -1 -1 -1 -1 -1 -1 -1 -1 
-1 -1 -1 -1 -1 -1 -1 -1 -1 -1 
-1 -1 -1 -1 -1 -1 -1 -1 -1 -1 
-1 -1 -1 -1 -1 -1 -1 -1 -1 -1 
-1 -1 -1 -1 -1 -1 -1 -1 -1 -1 
-1 -1 -1 -1 -1 -1 -1 -1 -1 -1 
-1 -1 -1 -1 -1 -1 -1 -1 -1 -1 
-1 -1 -1 -1 -1 -1 -1 -1 -1 -1 
-1 -1 -1 -1 -1 -1 -1 -1 -1 -1 
-1 -1 -1 -1 -1 -1 -1 -1 -1 -1 
-1 -1 -1 -1 -1 -1 -1 -1 -1 -1 
-1 -1 -1 -1 -1 -1 -1 -1 -1 -1 
-1 -1 -1 -1 -1 -1 -1 -1 -1 -1 
-1 -1 -1 -1 -1 68 68 68 68 68 
68 68 68 68 68 68 68 68 68 68 
68 68 68 68 68 68 68 68 68 68 
68 68 68 68 68 68 68 68 68 68 
68 68 68 68 68 68 68 68 68 68 
68 68 68 68 68 68 68 68 68 68 
68 68 68 68 68 68 68 68 68 68 
68 68 68 68 68 68 68 68 68 68 
68 68 68 68 68 68 68 68 68 68 
68 68 68 68 68 68 68 68 68 68 
68 68 68 68 68 68 68 68 68 68 
68 68 68 68 68 68 68 68 68 68 
68 68 68 68 68 68 68 68 68 68 
68 68 68 68 68 68 68 68 68 68 
68 68 68 68 68 68 68 68 68 68 
68 68 68 68 68 68 68 68 68 68 
68 68 68 68 68 68 68 68 68 68 
68 68 68 68 68 68 68 68 68 68 
68 68 68 68 68 68 68 68 68 68 
68 68 68 68 68 68 68 68 68 68 
68 -1 -1 -1 -1 -1 -1 -1 -1 -1 
-1 -1 -1 -1 -1 -1 -1 -1 -1 -1 
-1 -1 -1 -1 -1 -1 -1 -1 -1 -1 
-1 -1 -1 -1 -1 -1 -1 -1 -1 -1 
-1 -1 -1 -1 -1 -1 -1 -1 -1 -1 
-1 -1 -1 -1 -1 -1 -1 -1 -1 -1 
-1 -1 -1 -1 -1 -1 -1 -1 -1 -1 
-1 -1 -1 -1 -1 -1 -1 -1 -1 -1 
-1 -1 -1 -1 -1 -1 -1 -1 -1 -1 
-1 -1 -1 -1 -1 -1 -1 -1 -1 -1 
-1 -1 -1 -1 -1 -1 -1 -1 -1 -1 
-1 -1 -1 -1 -1 -1 -1 -1 -1 -1 
-1 -1 -1 -1 -1 -1 -1 -1 -1 -1 
-1 -1 -1 -1 -1 -1 -1 -1 -1 -1 
-1 -1 -1 -1 -1 -1 -1 -1 -1 -1 
-1 -1 -1 -1 -1 -1 -1 -1 -1 -1 
-1 -1 -1 -1 -1 -1 -1 -1 -1 -1 
-1 -1 -1 -1 -1 -1 -1 -1 -1 -1 
-1 -1 -1 -1 -1 -1 -1 -1 -1 -1 
-1 -1 -1 -1 -1 -1 -1 70 70 70 
70 70 70 70 70 70 70 70 70 70 
70 70 70 70 70 70 70 70 70 70 
70 70 70 70 70 70 70 70 70 70 
70 70 70 70 70 70 70 70 70 70 
70 70 70 70 70 70 70 70 70 70 
70 70 70 70 70 70 70 70 70 70 
70 70 70 70 70 70 70 70 70 70 
70 70 70 70 70 70 70 70 70 70 
70 70 70 70 70 70 70 70 70 70 
70 70 70 70 70 70 70 70 70 70 
70 70 70 70 70 70 70 70 70 70 
70 70 70 70 70 70 70 70 70 70 
70 70 70 70 70 70 70 70 70 70 
70 70 70 70 70 70 70 70 70 70 
70 70 70 70 70 70 70 70 70 70 
70 70 70 70 70 70 70 70 70 70 
70 70 70 70 70 70 70 70 70 70 
70 70 70 70 70 70 70 70 70 70 
70 70 70 70 70 70 70 70 70 70 
70 70 70 -1 -1 -1 -1 -1 -1 -1 
-1 -1 -1 -1 -1 -1 -1 -1 -1 -1 
-1 -1 -1 -1 -1 -1 -1 -1 -1 -1 
-1 -1 -1 -1 -1 -1 -1 -1 -1 -1 
-1 -1 -1 -1 -1 -1 -1 -1 -1 -1 
-1 -1 -1 -1 -1 -1 -1 -1 -1 -1 
-1 -1 -1 -1 -1 -1 -1 -1 -1 -1 
-1 -1 -1 -1 -1 -1 -1 -1 -1 -1 
-1 -1 -1 -1 -1 -1 -1 -1 -1 -1 
-1 -1 -1 -1 -1 -1 -1 -1 -1 -1 
-1 -1 -1 -1 -1 -1 -1 -1 -1 -1 
-1 -1 -1 -1 -1 -1 -1 -1 -1 -1 
-1 -1 -1 -1 -1 -1 -1 -1 -1 -1 
-1 -1 -1 -1 -1 -1 -1 -1 -1 -1 
-1 -1 -1 -1 -1 -1 -1 -1 -1 -1 
-1 -1 -1 -1 -1 -1 -1 -1 -1 -1 
-1 -1 -1 -1 -1 -1 -1 -1 -1 -1 
-1 -1 -1 -1 -1 -1 -1 -1 -1 -1 
-1 -1 -1 -1 -1 -1 -1 -1 -1 -1 
-1 -1 -1 -1 -1 -1 -1 -1 -1 85 
85 85 85 85 85 85 85 85 85 85 
85 85 85 85 85 85 85 85 85 85 
85 85 85 85 85 85 85 85 85 85 
85 85 85 85 85 85 85 85 85 85 
85 85 85 85 85 85 85 85 85 85 
85 85 85 85 85 85 85 85 85 85 
85 85 85 85 85 85 85 85 85 85 
85 85 85 85 85 85 85 85 85 85 
85 85 85 85 85 85 85 85 85 85 
85 85 85 85 85 85 85 85 85 85 
85 85 85 85 85 85 85 85 85 85 
85 85 85 85 85 85 85 85 85 85 
85 85 85 85 85 85 85 85 85 85 
85 85 85 85 85 85 85 85 85 85 
85 85 85 85 85 85 85 85 85 85 
85 85 85 85 85 85 85 85 85 85 
85 85 85 85 85 85 85 85 85 85 
85 85 85 85 85 85 85 85 85 85 
85 85 85 85 85 85 85 85 85 85 
85 85 85 85 85 -1 -1 -1 -1 -1 
-1 -1 -1 -1 -1 -1 -1 -1 -1 -1 
-1 -1 -1 -1 -1 -1 -1 -1 -1 -1 
-1 -1 -1 -1 -1 -1 -1 -1 -1 -1 
-1 -1 -1 -1 -1 -1 -1 -1 -1 -1 
-1 -1 -1 -1 -1 -1 -1 -1 -1 -1 
-1 -1 -1 -1 -1 -1 -1 -1 -1 -1 
-1 -1 -1 -1 -1 -1 -1 -1 -1 -1 
-1 -1 -1 -1 -1 -1 -1 -1 -1 -1 
-1 -1 -1 -1 -1 -1 -1 -1 -1 -1 
-1 -1 -1 -1 -1 -1 -1 -1 -1 -1 
-1 -1 -1 -1 -1 -1 -1 -1 -1 -1 
-1 -1 -1 -1 -1 -1 -1 -1 -1 -1 
-1 -1 -1 -1 -1 -1 -1 -1 -1 -1 
-1 -1 -1 -1 -1 -1 -1 -1 -1 -1 
-1 -1 -1 -1 -1 -1 -1 -1 -1 -1 
-1 -1 -1 -1 -1 -1 -1 -1 -1 -1 
-1 -1 -1 -1 -1 -1 -1 -1 -1 -1 
-1 -1 -1 -1 -1 -1 -1 -1 -1 -1 
-1 -1 -1 -1 -1 -1 -1 -1 -1 -1 
-1 24 24 24 24 24 24 24 24 24 
24 24 24 24 24 24 24 24 24 24 
24 24 24 24 24 24 24 24 24 24 
24 24 24 24 24 24 24 24 24 24 
24 24 24 24 24 24 24 24 24 24 
24 24 24 24 24 24 24 24 24 24 
24 24 24 24 24 24 24 24 24 24 
24 24 24 24 24 24 24 24 24 24 
24 24 24 24 24 24 24 24 24 24 
24 24 24 24 24 24 24 24 24 24 
24 24 24 24 24 24 24 24 24 24 
24 24 24 24 24 24 24 24 24 24 
24 24 24 24 24 24 24 24 24 24 
24 24 24 24 24 24 24 24 24 24 
24 24 24 24 24 24 24 24 24 24 
24 24 24 24 24 24 24 24 24 24 
24 24 24 24 24 24 24 24 24 24 
24 24 24 24 24 24 24 24 24 24 
24 24 24 24 24 24 24 24 24 24 
24 24 24 24 24 24 24 28 28 28 
28 28 28 28 28 28 28 28 28 28 
28 28 28 28 28 28 28 28 28 28 
28 28 28 28 28 28 28 28 28 28 
28 28 28 28 28 28 28 28 28 28 
28 28 28 28 28 28 28 28 28 28 
28 28 28 28 28 28 28 28 28 28 
28 28 28 28 28 28 28 28 28 28 
28 28 28 28 28 28 28 28 28 28 
28 28 28 28 28 28 28 28 28 28 
28 28 28 28 28 28 28 28 28 28 
28 28 28 28 28 28 28 28 28 28 
28 28 28 28 28 28 28 28 28 28 
28 28 28 28 28 28 28 28 28 28 
28 28 28 28 28 28 28 28 28 28 
28 28 28 28 28 28 28 28 28 28 
28 28 28 28 28 28 28 28 28 28 
28 28 28 28 28 28 28 28 28 28 
28 28 28 28 28 28 28 28 28 28 
28 28 28 28 28 28 28 28 28 28 
28 28 28 32 32 32 32 32 32 32 
32 32 32 32 32 32 32 32 32 32 
32 32 32 32 32 32 32 32 32 32 
32 32 32 32 32 32 32 32 32 32 
32 32 32 32 32 32 32 32 32 32 
32 32 32 32 32 32 32 32 32 32 
32 32 32 32 32 32 32 32 32 32 
32 32 32 32 32 32 32 32 32 32 
32 32 32 32 32 32 32 32 32 32 
32 32 32 32 32 32 32 32 32 32 
32 32 32 32 32 32 32 32 32 32 
32 32 32 32 32 32 32 32 32 32 
32 32 32 32 32 32 32 32 32 32 
32 32 32 32 32 32 32 32 32 32 
32 32 32 32 32 32 32 32 32 32 
32 32 32 32 32 32 32 32 32 32 
32 32 32 32 32 32 32 32 32 32 
32 32 32 32 32 32 32 32 32 32 
32 32 32 32 32 32 32 32 32 32 
32 32 32 32 32 32 32 32 32 36 
36 36 36 36 36 36 36 36 36 36 
36 36 36 36 36 36 36 36 36 36 
36 36 36 36 36 36 36 36 36 36 
36 36 36 36 36 36 36 36 36 36 
36 36 36 36 36 36 36 36 36 36 
36 36 36 36 36 36 36 36 36 36 
36 36 36 36 36 36 36 36 36 36 
36 36 36 36 36 36 36 36 36 36 
36 36 36 36 36 36 36 36 36 36 
36 36 36 36 36 36 36 36 36 36 
36 36 36 36 36 36 36 36 36 36 
36 36 36 36 36 36 36 36 36 36 
36 36 36 36 36 36 36 36 36 36 
36 36 36 36 36 36 36 36 36 36 
36 36 36 36 36 36 36 36 36 36 
36 36 36 36 36 36 36 36 36 36 
36 36 36 36 36 36 36 36 36 36 
36 36 36 36 36 36 36 36 36 36 
36 36 36 36 36 36 36 36 36 36 
36 36 36 36 36 44 44 44 44 44 
44 44 44 44 44 44 44 44 44 44 
44 44 44 44 44 44 44 44 44 44 
44 44 44 44 44 44 44 44 44 44 
44 44 44 44 44 44 44 44 44 44 
44 44 44 44 44 44 44 44 44 44 
44 44 44 44 44 44 44 44 44 44 
44 44 44 44 44 44 44 44 44 44 
44 44 44 44 44 44 44 44 44 44 
44 44 44 44 44 44 44 44 44 44 
44 44 44 44 44 44 44 44 44 44 
44 44 44 44 44 44 44 44 44 44 
44 44 44 44 44 44 44 44 44 44 
44 44 44 44 44 44 44 44 44 44 
44 44 44 44 44 44 44 44 44 44 
44 44 44 44 44 44 44 44 44 44 
44 44 44 44 44 44 44 44 44 44 
44 44 44 44 44 44 44 44 44 44 
44 44 44 44 44 44 44 44 44 44 
44 44 44 44 44 44 44 44 44 44 
44 48 48 48 48 48 48 48 48 48 
48 48 48 48 48 48 48 48 48 48 
48 48 48 48 48 48 48 48 48 48 
48 48 48 48 48 48 48 48 48 48 
48 48 48 48 48 48 48 48 48 48 
48 48 48 48 48 48 48 48 48 48 
48 48 48 48 48 48 48 48 48 48 
48 48 48 48 48 48 48 48 48 48 
48 48 48 48 48 48 48 48 48 48 
48 48 48 48 48 48 48 48 48 48 
48 48 48 48 48 48 48 48 48 48 
48 48 48 48 48 48 48 48 48 48 
48 48 48 48 48 48 48 48 48 48 
48 48 48 48 48 48 48 48 48 48 
48 48 48 48 48 48 48 48 48 48 
48 48 48 48 48 48 48 48 48 48 
48 48 48 48 48 48 48 48 48 48 
48 48 48 48 48 48 48 48 48 48 
48 48 48 48 48 48 48 48 48 48 
48 48 48 48 48 48 48 52 52 52 
52 52 52 52 52 52 52 52 52 52 
52 52 52 52 52 52 52 52 52 52 
52 52 52 52 52 52 52 52 52 52 
52 52 52 52 52 52 52 52 52 52 
52 52 52 52 52 52 52 52 52 52 
52 52 52 52 52 52 52 52 52 52 
52 52 52 52 52 52 52 52 52 52 
52 52 52 52 52 52 52 52 52 52 
52 52 52 52 52 52 52 52 52 52 
52 52 52 52 52 52 52 52 52 52 
52 52 52 52 52 52 52 52 52 52 
52 52 52 52 52 52 52 52 52 52 
52 52 52 52 52 52 52 52 52 52 
52 52 52 52 52 52 52 52 52 52 
52 52 52 52 52 52 52 52 52 52 
52 52 52 52 52 52 52 52 52 52 
52 52 52 52 52 52 52 52 52 52 
52 52 52 52 52 52 52 52 52 52 
52 52 52 52 52 52 52 52 52 52 
52 52 52 SCALARS Type float 1
LOOKUP_TABLE default
1 1 1 1 1 1 1 1 1 
1 1 1 1 1 1 1 1 1 1 
1 1 1 1 1 1 1 1 1 1 
1 1 1 1 1 1 1 1 1 1 
1 1 1 1 1 1 1 1 1 1 
1 1 1 1 1 1 1 1 1 1 
1 1 1 1 1 1 1 1 1 1 
1 1 1 1 1 1 1 1 1 1 
1 1 1 1 1 1 1 1 1 1 
1 1 1 1 1 1 1 1 1 1 
1 1 1 1 1 1 1 1 1 1 
1 1 1 1 1 1 1 1 1 1 
1 1 1 1 1 1 1 1 1 1 
1 1 1 1 1 1 1 1 1 1 
1 1 1 1 1 1 1 1 1 1 
1 1 1 1 1 1 1 1 1 1 
1 1 1 1 1 1 1 1 1 1 
1 1 1 1 1 1 1 1 1 1 
1 1 1 1 1 1 1 1 1 1 
1 1 1 1 1 1 1 1 1 1 
1 1 1 1 1 1 1 1 1 1 
1 1 1 1 1 1 1 1 1 1 
1 1 1 1 1 1 1 1 1 1 
1 1 1 1 1 1 1 1 1 1 
1 1 1 1 1 1 1 1 1 1 
1 1 1 1 1 1 1 1 1 1 
1 1 1 1 1 1 1 1 1 1 
1 1 1 1 1 1 1 1 1 1 
1 1 1 1 1 1 1 1 1 1 
1 1 1 1 1 1 1 1 1 1 
1 1 1 1 1 1 1 1 1 1 
1 1 1 1 1 1 1 1 1 1 
1 1 1 1 1 1 1 1 1 1 
1 1 1 1 1 1 1 1 1 1 
1 1 1 1 1 1 1 1 1 1 
1 1 1 1 1 1 1 1 1 1 
1 1 1 1 1 1 1 1 1 1 
1 1 1 1 1 1 1 1 1 1 
1 1 1 1 1 1 1 1 1 1 
1 1 1 1 1 1 1 1 1 1 
1 1 1 1 1 1 1 1 1 1 
1 1 1 1 1 1 1 1 1 1 
1 1 1 1 1 1 1 1 1 1 
1 1 1 1 1 1 1 1 1 1 
1 1 1 1 1 1 1 1 1 1 
1 1 1 1 1 1 1 1 1 1 
1 1 1 1 1 1 1 1 1 1 
1 1 1 1 1 1 1 1 1 1 
1 1 1 1 1 1 1 1 1 1 
1 1 1 1 1 1 1 1 1 1 
1 1 1 1 1 1 1 1 1 1 
1 1 1 1 1 1 1 1 1 1 
1 1 1 1 1 1 1 1 1 1 
1 1 1 1 1 1 1 1 1 1 
1 1 1 1 1 1 1 1 1 1 
1 1 1 1 1 1 1 1 1 1 
1 1 1 1 1 1 1 1 1 1 
1 1 1 1 1 1 1 1 1 1 
1 1 1 1 1 1 1 1 1 1 
1 1 1 1 1 1 1 1 1 1 
1 1 1 1 1 1 1 1 1 1 
1 1 1 1 1 1 1 1 1 1 
1 1 1 1 1 1 1 1 1 1 
1 1 1 1 1 1 1 1 1 1 
1 1 1 1 1 1 1 1 1 1 
1 1 1 1 1 1 1 1 1 1 
1 1 1 1 1 1 1 1 1 1 
1 1 1 1 1 1 1 1 1 1 
1 1 1 1 1 1 1 1 1 1 
1 1 1 1 1 1 1 1 1 1 
1 1 1 1 1 1 1 1 1 1 
1 1 1 1 1 1 1 1 1 1 
1 1 1 1 1 1 1 1 1 1 
1 1 1 1 1 1 1 1 1 1 
1 1 1 1 1 1 1 1 1 1 
1 1 1 1 1 1 1 1 1 1 
1 1 1 1 1 1 1 1 1 1 
1 1 1 1 1 1 1 1 1 1 
1 1 1 1 1 1 1 1 1 1 
1 1 1 1 1 1 1 1 1 1 
1 1 1 1 1 1 1 1 1 1 
1 1 1 1 1 1 1 1 1 1 
1 1 1 1 1 1 1 1 1 1 
1 1 1 1 1 1 1 1 1 1 
1 1 1 1 1 1 1 1 1 1 
1 1 1 1 1 1 1 1 1 1 
1 1 1 1 1 1 1 1 1 1 
1 1 1 1 1 1 1 1 1 1 
1 1 1 1 1 1 1 1 1 1 
1 1 1 1 1 1 1 1 1 1 
1 1 1 1 1 1 1 1 1 1 
1 1 1 1 1 1 1 1 1 1 
1 1 1 1 1 1 1 1 1 1 
1 1 1 1 1 1 1 1 1 1 
1 1 1 1 1 1 1 1 1 1 
1 1 1 1 1 1 1 1 1 1 
1 1 1 1 1 1 1 1 1 1 
1 1 1 1 1 1 1 1 1 1 
1 1 1 1 1 1 1 1 1 1 
1 1 1 1 1 1 1 1 1 1 
1 1 1 1 1 1 1 1 1 1 
1 1 1 1 1 1 1 1 1 1 
1 1 1 1 1 1 1 1 1 1 
1 1 1 1 1 1 1 1 1 1 
1 1 1 1 1 1 1 1 1 1 
1 1 1 1 1 1 1 1 1 1 
1 1 1 1 1 1 1 1 1 1 
1 1 1 1 1 1 1 1 1 1 
1 1 1 1 1 1 1 1 1 1 
1 1 1 1 1 1 1 1 1 1 
1 1 1 1 1 1 1 1 1 1 
1 1 1 1 1 1 1 1 1 1 
1 1 1 1 1 1 1 1 1 1 
1 1 1 1 1 1 1 1 1 1 
1 1 1 1 1 1 1 1 1 1 
1 1 1 1 1 1 1 1 1 1 
1 1 1 1 1 1 1 1 1 1 
1 1 1 1 1 1 1 1 1 1 
1 1 1 1 1 1 1 1 1 1 
1 1 1 1 1 1 1 1 1 1 
1 1 1 1 1 1 1 1 1 1 
1 1 1 1 1 1 1 1 1 1 
1 1 1 1 1 1 1 1 1 1 
1 1 1 1 1 1 1 1 1 1 
1 1 1 1 1 1 1 1 1 1 
1 1 1 1 1 1 1 1 1 1 
1 1 1 1 1 1 1 1 1 1 
1 1 1 1 1 1 1 1 1 1 
1 1 1 1 1 1 1 1 1 1 
1 1 1 1 1 1 1 1 1 1 
1 1 1 1 1 1 1 1 1 1 
1 1 1 1 1 1 1 1 1 1 
1 1 1 1 1 1 1 1 1 1 
1 1 1 1 1 1 1 1 1 1 
1 1 1 1 1 1 1 1 1 1 
1 1 1 1 1 1 1 1 1 1 
1 1 1 1 1 1 1 1 1 1 
1 1 1 1 1 1 1 1 1 1 
1 1 1 1 1 1 1 1 1 1 
1 1 1 1 1 1 1 1 1 1 
1 1 1 1 1 1 1 1 1 1 
1 1 1 1 1 1 1 1 1 1 
1 1 1 1 1 1 1 1 1 1 
1 1 1 1 1 1 1 1 1 1 
1 1 1 1 1 1 1 1 1 1 
1 1 1 1 1 1 1 1 1 1 
1 1 1 1 1 1 1 1 1 1 
1 1 1 1 1 1 1 1 1 1 
1 1 1 1 1 1 1 1 1 1 
1 1 1 1 1 1 1 1 1 1 
1 1 1 1 1 1 1 1 1 1 
1 1 1 1 1 1 1 1 1 1 
1 1 1 1 1 1 1 1 1 1 
1 1 1 1 1 1 1 1 1 1 
1 1 1 1 1 1 1 1 1 1 
1 1 1 1 1 1 1 1 1 1 
1 1 1 1 1 1 1 1 1 1 
1 1 1 1 1 1 1 1 1 1 
1 1 1 1 1 1 1 1 1 1 
1 1 1 1 1 1 1 1 1 1 
1 1 1 1 1 1 1 1 1 1 
1 1 1 1 1 1 1 1 1 1 
1 1 1 1 1 1 1 1 1 1 
1 1 1 1 1 1 1 1 1 1 
1 1 1 1 1 1 1 1 1 1 
1 1 1 1 1 1 1 1 1 1 
1 1 1 1 1 1 1 1 1 1 
1 1 1 1 1 1 1 1 1 1 
1 1 1 1 1 1 1 1 1 1 
1 1 1 1 1 1 1 1 1 1 
1 1 1 1 1 1 1 1 1 1 
1 1 1 1 1 1 1 1 1 1 
1 1 1 1 1 1 1 1 1 1 
1 1 1 1 1 1 1 1 1 1 
1 1 1 1 1 1 1 1 1 1 
1 1 1 1 1 1 1 1 1 1 
1 1 1 1 1 1 1 1 1 1 
1 1 1 1 1 1 1 1 1 1 
1 1 1 1 1 1 1 1 1 1 
1 1 1 1 1 1 1 1 1 1 
1 1 1 1 1 1 1 1 1 1 
1 1 1 1 1 1 1 1 1 1 
1 1 1 1 1 1 1 1 1 1 
1 1 1 1 1 1 1 1 1 1 
1 1 1 1 1 1 1 1 1 1 
1 1 1 1 1 1 1 1 1 1 
1 1 1 1 1 1 1 1 1 1 
1 1 1 1 1 1 1 1 1 1 
1 1 1 1 1 1 1 1 1 1 
1 1 1 1 1 1 1 1 1 1 
1 1 1 1 1 1 1 1 1 1 
1 1 1 1 1 1 1 1 1 1 
1 1 1 1 1 1 1 1 1 1 
1 1 1 1 1 1 1 1 1 1 
1 1 1 1 1 1 1 1 1 1 
1 1 1 1 1 1 1 1 1 1 
1 1 1 1 1 1 1 1 1 1 
1 1 1 1 1 1 1 1 1 1 
1 1 1 1 1 1 1 1 1 1 
1 1 1 1 1 1 1 1 1 1 
1 1 1 1 1 1 1 1 1 1 
1 1 1 1 1 1 1 1 1 1 
1 1 1 1 1 1 1 1 1 1 
1 1 1 1 1 1 1 1 1 1 
1 1 1 1 1 1 1 1 1 1 
1 1 1 1 1 1 1 1 1 1 
1 1 1 1 1 1 1 1 1 1 
1 1 1 1 1 1 1 1 1 1 
1 1 1 1 1 1 1 1 1 1 
1 1 1 1 1 1 1 1 1 1 
1 1 1 1 1 1 1 1 1 1 
1 1 1 1 1 1 1 1 1 1 
1 1 1 1 1 1 1 1 1 1 
1 1 1 1 1 1 1 1 1 1 
1 1 1 1 1 1 1 1 1 1 
1 1 1 1 1 1 1 1 1 1 
1 1 1 1 1 1 1 1 1 1 
1 1 1 1 1 1 1 1 1 1 
1 1 1 1 1 1 1 1 1 1 
1 1 1 1 1 1 1 1 1 1 
1 1 1 1 1 1 1 1 1 1 
1 1 1 1 1 1 1 1 1 1 
1 1 1 1 1 1 1 1 1 1 
1 1 1 1 1 1 1 1 1 1 
1 1 1 1 1 1 1 1 1 1 
1 1 1 1 1 1 1 1 1 1 
1 1 1 1 1 1 1 1 1 1 
1 1 1 1 1 1 1 1 1 1 
1 1 1 1 1 1 1 1 1 1 
1 1 1 1 1 1 1 1 1 1 
1 1 1 1 1 1 1 1 1 1 
1 1 1 1 1 1 1 1 1 1 
1 1 1 1 1 1 1 1 1 1 
1 1 1 1 1 1 1 1 1 1 
1 1 1 1 1 1 1 1 1 1 
1 1 1 1 1 1 1 1 1 1 
1 1 1 1 1 1 1 1 1 1 
1 1 1 1 1 1 1 1 1 1 
1 1 1 1 1 1 1 1 1 1 
1 1 1 1 1 1 1 1 1 1 
1 1 1 1 1 1 1 1 1 1 
1 1 1 1 1 1 1 1 1 1 
1 1 1 1 1 1 1 1 1 1 
1 1 1 1 1 1 1 1 1 1 
1 1 1 1 1 1 1 1 1 1 
1 1 1 1 1 1 1 1 1 1 
1 1 1 1 1 1 1 1 1 1 
1 1 1 1 1 1 1 1 1 1 
1 1 1 1 1 1 1 1 1 1 
1 1 1 1 1 1 1 1 1 1 
1 1 1 1 1 1 1 1 1 1 
1 1 1 1 1 1 1 1 1 1 
1 1 1 1 1 1 1 1 1 1 
1 1 1 1 1 1 1 1 1 1 
1 1 1 1 1 1 1 1 1 1 
1 1 1 1 1 1 1 1 1 1 
1 1 1 1 1 1 1 1 1 1 
1 1 1 1 1 1 1 1 1 1 
1 1 1 1 1 1 1 1 1 1 
1 1 1 1 1 1 1 1 1 1 
1 1 1 1 1 1 1 1 1 1 
1 1 1 1 1 1 1 1 1 1 
1 1 1 1 1 1 1 1 1 1 
1 1 1 1 1 1 1 1 1 1 
1 1 1 1 1 1 1 1 1 1 
1 1 1 1 1 1 1 1 1 1 
1 1 1 1 1 1 1 1 1 1 
1 1 1 1 1 1 1 1 1 1 
1 1 1 1 1 1 1 1 1 1 
1 1 1 1 1 1 1 1 1 1 
1 1 1 1 1 1 1 1 1 1 
1 1 1 1 1 1 1 1 1 1 
1 1 1 1 1 1 1 1 1 1 
1 1 1 1 1 1 1 1 1 1 
1 1 1 1 1 1 1 1 1 1 
1 1 1 1 1 1 1 1 1 1 
1 1 1 1 1 1 1 1 1 1 
1 1 1 1 1 1 1 1 1 1 
1 1 1 1 1 1 1 1 1 1 
1 1 1 1 1 1 1 1 1 1 
1 1 1 1 1 1 1 1 1 1 
1 1 1 1 1 1 1 1 1 1 
1 1 1 1 1 1 1 1 1 1 
1 1 1 1 1 1 1 1 1 1 
1 1 1 1 1 1 1 1 1 1 
1 1 1 1 1 1 1 1 1 1 
1 1 1 1 1 1 1 1 1 1 
1 1 1 1 1 1 1 1 1 1 
1 1 1 1 1 1 1 1 1 1 
1 1 1 1 1 1 1 1 1 1 
1 1 1 1 1 1 1 1 1 1 
1 1 1 1 1 1 1 1 1 1 
1 1 1 1 1 1 1 1 1 1 
1 1 1 1 1 1 1 1 1 1 
1 2 2 2 2 2 2 2 2 2 
2 2 2 2 2 2 2 2 2 2 
2 2 2 2 2 2 2 2 2 2 
2 2 2 2 2 2 2 2 2 2 
2 2 2 2 2 2 2 2 2 2 
2 2 2 2 2 2 2 2 2 2 
2 2 2 2 2 2 2 2 2 2 
2 2 2 2 2 2 2 2 2 2 
2 2 2 2 2 2 2 2 2 2 
2 2 2 2 2 2 2 2 2 2 
2 2 2 2 2 2 2 2 2 2 
2 2 2 2 2 2 2 2 2 2 
2 2 2 2 2 2 2 2 2 2 
2 2 2 2 2 2 2 2 2 2 
2 2 2 2 2 2 2 2 2 2 
2 2 2 2 2 2 2 2 2 2 
2 2 2 2 2 2 2 2 2 2 
2 2 2 2 2 2 2 2 2 2 
2 2 2 2 2 2 2 2 2 2 
2 2 2 2 2 2 2 2 2 2 
2 2 2 2 2 2 2 2 2 2 
2 2 2 2 2 2 2 2 2 2 
2 2 2 2 2 2 2 2 2 2 
2 2 2 2 2 2 2 2 2 2 
2 2 2 2 2 2 2 2 2 2 
2 2 2 2 2 2 2 2 2 2 
2 2 2 2 2 2 2 2 2 2 
2 2 2 2 2 2 2 2 2 2 
2 2 2 2 2 2 2 2 2 2 
2 2 2 2 2 2 2 2 2 2 
2 2 2 2 2 2 2 2 2 2 
2 2 2 2 2 2 2 2 2 2 
2 2 2 2 2 2 2 2 2 2 
2 2 2 2 2 2 2 2 2 2 
2 2 2 2 2 2 2 2 2 2 
2 2 2 2 2 2 2 2 2 2 
2 2 2 2 2 2 2 2 2 2 
2 2 2 2 2 2 2 2 2 2 
2 2 2 2 2 2 2 2 2 2 
2 2 2 2 2 2 2 2 2 2 
2 2 2 2 2 2 2 2 2 2 
2 2 2 2 2 2 2 2 2 2 
2 2 2 2 2 2 2 2 2 2 
2 2 2 2 2 2 2 2 2 2 
2 2 2 2 2 2 2 2 2 2 
2 2 2 2 2 2 2 2 2 2 
2 2 2 2 2 2 2 2 2 2 
2 2 2 2 2 2 2 2 2 2 
2 2 2 2 2 2 2 2 2 2 
2 2 2 2 2 2 2 2 2 2 
2 2 2 2 2 2 2 2 2 2 
2 2 2 2 2 2 2 2 2 2 
2 2 2 2 2 2 2 2 2 2 
2 2 2 2 2 2 2 2 2 2 
2 2 2 2 2 2 2 2 2 2 
2 2 2 2 2 2 2 2 2 2 
2 2 2 2 2 2 2 2 2 2 
2 2 2 2 2 2 2 2 2 2 
2 2 2 2 2 2 2 2 2 2 
2 2 2 2 2 2 2 2 2 2 
2 2 2 2 2 2 2 2 2 2 
2 2 2 2 2 2 2 2 2 2 
2 2 2 2 2 2 2 2 2 2 
2 2 2 2 2 2 2 2 2 2 
2 2 2 2 2 2 2 2 2 2 
2 2 2 2 2 2 2 2 2 2 
2 2 2 2 2 2 2 2 2 2 
2 2 2 2 2 2 2 2 2 2 
2 2 2 2 2 2 2 2 2 2 
2 2 2 2 2 2 2 2 2 2 
2 2 2 2 2 2 2 2 2 2 
2 2 2 2 2 2 2 2 2 2 
2 2 2 2 2 2 2 2 2 2 
2 2 2 2 2 2 2 2 2 2 
2 2 2 2 2 2 2 2 2 2 
2 2 2 2 2 2 2 2 2 2 
2 2 2 2 2 2 2 2 2 2 
2 2 2 2 2 2 2 2 2 2 
2 2 2 2 2 2 2 2 2 2 
2 2 2 2 2 2 2 2 2 2 
2 2 2 2 2 2 2 2 2 2 
2 2 2 2 2 2 2 2 2 2 
2 2 2 2 2 2 2 2 2 2 
2 2 2 2 2 2 2 2 2 2 
2 2 2 2 2 2 2 2 2 2 
2 2 2 2 2 2 2 2 2 2 
2 2 2 2 2 2 2 2 2 2 
2 2 2 2 2 2 2 2 2 2 
2 2 2 2 2 2 2 2 2 2 
2 2 2 2 2 2 2 2 2 2 
2 2 2 2 2 2 2 2 2 2 
2 2 2 2 2 2 2 2 2 2 
2 2 2 2 2 2 2 2 2 2 
2 2 2 2 2 2 2 2 2 2 
2 2 2 2 2 2 2 2 2 2 
2 2 2 2 2 2 2 2 2 2 
2 2 2 2 2 2 2 2 2 2 
2 2 2 2 2 2 2 2 2 2 
2 2 2 2 2 2 2 2 2 2 
2 2 2 2 2 2 2 2 2 2 
2 2 2 2 2 2 2 2 2 2 
2 2 2 2 2 2 2 2 2 2 
2 2 2 2 2 2 2 2 2 2 
2 2 2 2 2 2 2 2 2 2 
2 2 2 2 2 2 2 2 2 2 
2 2 2 2 2 2 2 2 2 2 
2 2 2 2 2 2 2 2 2 2 
2 2 2 2 2 2 2 2 2 2 
2 2 2 2 2 2 2 2 2 2 
2 2 2 2 2 2 2 2 2 2 
2 2 2 2 2 2 2 2 2 2 
2 2 2 2 2 2 2 2 2 2 
2 2 2 2 2 2 2 2 2 2 
2 2 2 2 2 2 2 2 2 2 
2 2 2 2 2 2 2 2 2 2 
2 2 2 2 2 2 2 2 2 2 
2 2 2 2 2 2 2 2 2 2 
2 2 2 2 2 2 2 2 2 2 
2 2 2 2 2 2 2 2 2 2 
2 2 2 2 2 2 2 2 2 2 
2 2 2 2 2 2 2 2 2 2 
2 2 2 2 2 2 2 2 2 2 
2 2 2 2 2 2 2 2 2 2 
2 2 2 2 2 2 2 2 2 2 
2 2 2 2 2 2 2 2 2 2 
2 2 2 2 2 2 2 2 2 2 
2 2 2 2 2 2 2 2 2 2 
2 2 2 2 2 2 2 2 2 2 
2 2 2 2 2 2 2 2 2 2 
2 2 2 2 2 2 2 2 2 2 
2 2 2 2 2 2 2 2 2 2 
2 2 2 2 2 2 2 2 2 2 
2 2 2 2 2 2 2 2 2 2 
2 2 2 2 2 2 2 2 2 2 
2 2 2 2 2 2 2 2 2 2 
2 2 2 2 2 2 2 2 2 2 
2 2 2 2 2 2 2 2 2 2 
2 2 2 SCALARS Sn_MPa float 1
LOOKUP_TABLE default
70.0638 70.0638 70.0638 70.0638 70.0638 70.0638 70.0638 70.0638 70.0638 
70.0638 70.0638 70.0638 70.0638 70.0638 70.0638 70.0638 70.0638 70.0638 70.0638 
70.0638 70.0638 70.0638 70.0638 70.0638 70.0638 70.0638 70.0638 70.0638 70.0638 
70.0638 70.0638 70.0638 70.0638 70.0638 70.0638 70.0638 70.0638 70.0638 70.0638 
70.0638 70.0638 70.0638 70.0638 70.0638 70.0638 70.0638 70.0638 70.0638 70.0638 
70.0638 70.0638 70.0638 70.0638 70.0638 70.0638 70.0638 70.0638 70.0638 70.0638 
70.0638 70.0638 70.0638 70.0638 70.0638 70.0638 70.0638 70.0638 70.0638 70.0638 
70.0638 70.0638 70.0638 70.0638 70.0638 70.0638 70.0638 70.0638 70.0638 70.0638 
70.0638 70.0638 70.0638 70.0638 70.0638 70.0638 70.0638 70.0638 70.0638 70.0638 
70.0638 70.0638 70.0638 70.0638 70.0638 70.0638 70.0638 70.0638 70.0638 70.0638 
70.0638 70.0638 70.0638 70.0638 70.0638 70.0638 70.0638 70.0638 70.0638 70.0638 
70.0638 70.0638 70.0638 70.0638 70.0638 70.0638 70.0638 70.0638 70.0638 70.0638 
70.0638 70.0638 70.0638 70.0638 70.0638 70.0638 70.0638 70.0638 70.0638 70.0638 
70.0638 70.0638 70.0638 70.0638 70.0638 70.0638 70.0638 70.0638 70.0638 70.0638 
70.0638 70.0638 70.0638 70.0638 70.0638 70.0638 70.0638 70.0638 70.0638 70.0638 
70.0638 70.0638 70.0638 70.0638 70.0638 70.0638 70.0638 70.0638 70.0638 70.0638 
70.0638 70.0638 70.0638 70.0638 70.0638 70.0638 70.0638 70.0638 70.0638 70.0638 
70.0638 70.0638 70.0638 70.0638 70.0638 70.0638 70.0638 70.0638 70.0638 70.0638 
70.0638 70.0638 70.0638 70.0638 70.0638 70.0638 70.0638 70.0638 70.0638 70.0638 
70.0638 70.0638 70.0638 70.0638 70.0638 70.0638 70.0638 82.1725 82.1725 82.1725 
82.1725 82.1725 82.1725 82.1725 82.1725 82.1725 82.1725 82.1725 82.1725 82.1725 
82.1725 82.1725 82.1725 82.1725 82.1725 82.1725 82.1725 82.1725 82.1725 82.1725 
82.1725 82.1725 82.1725 82.1725 82.1725 82.1725 82.1725 82.1725 82.1725 82.1725 
82.1725 82.1725 82.1725 82.1725 82.1725 82.1725 82.1725 82.1725 82.1725 82.1725 
82.1725 82.1725 82.1725 82.1725 82.1725 82.1725 82.1725 82.1725 82.1725 82.1725 
82.1725 82.1725 82.1725 82.1725 82.1725 82.1725 82.1725 82.1725 82.1725 82.1725 
82.1725 82.1725 82.1725 82.1725 82.1725 82.1725 82.1725 82.1725 82.1725 82.1725 
82.1725 82.1725 82.1725 82.1725 82.1725 82.1725 82.1725 82.1725 82.1725 82.1725 
82.1725 82.1725 82.1725 82.1725 82.1725 82.1725 82.1725 82.1725 82.1725 82.1725 
82.1725 82.1725 82.1725 82.1725 82.1725 82.1725 82.1725 82.1725 82.1725 82.1725 
82.1725 82.1725 82.1725 82.1725 82.1725 82.1725 82.1725 82.1725 82.1725 82.1725 
82.1725 82.1725 82.1725 82.1725 82.1725 82.1725 82.1725 82.1725 82.1725 82.1725 
82.1725 82.1725 82.1725 82.1725 82.1725 82.1725 82.1725 82.1725 82.1725 82.1725 
82.1725 82.1725 82.1725 82.1725 82.1725 82.1725 82.1725 82.1725 82.1725 82.1725 
82.1725 82.1725 82.1725 82.1725 82.1725 82.1725 82.1725 82.1725 82.1725 82.1725 
82.1725 82.1725 82.1725 82.1725 82.1725 82.1725 82.1725 82.1725 82.1725 82.1725 
82.1725 82.1725 82.1725 82.1725 82.1725 82.1725 82.1725 82.1725 82.1725 82.1725 
82.1725 82.1725 82.1725 82.1725 82.1725 82.1725 82.1725 82.1725 82.1725 82.1725 
82.1725 82.1725 82.1725 82.1725 82.1725 82.1725 82.1725 82.1725 82.1725 82.1725 
82.1725 82.1725 82.1725 68.6226 68.6226 68.6226 68.6226 68.6226 68.6226 68.6226 
68.6226 68.6226 68.6226 68.6226 68.6226 68.6226 68.6226 68.6226 68.6226 68.6226 
68.6226 68.6226 68.6226 68.6226 68.6226 68.6226 68.6226 68.6226 68.6226 68.6226 
68.6226 68.6226 68.6226 68.6226 68.6226 68.6226 68.6226 68.6226 68.6226 68.6226 
68.6226 68.6226 68.6226 68.6226 68.6226 68.6226 68.6226 68.6226 68.6226 68.6226 
68.6226 68.6226 68.6226 68.6226 68.6226 68.6226 68.6226 68.6226 68.6226 68.6226 
68.6226 68.6226 68.6226 68.6226 68.6226 68.6226 68.6226 68.6226 68.6226 68.6226 
68.6226 68.6226 68.6226 68.6226 68.6226 68.6226 68.6226 68.6226 68.6226 68.6226 
68.6226 68.6226 68.6226 68.6226 68.6226 68.6226 68.6226 68.6226 68.6226 68.6226 
68.6226 68.6226 68.6226 68.6226 68.6226 68.6226 68.6226 68.6226 68.6226 68.6226 
68.6226 68.6226 68.6226 68.6226 68.6226 68.6226 68.6226 68.6226 68.6226 68.6226 
68.6226 68.6226 68.6226 68.6226 68.6226 68.6226 68.6226 68.6226 68.6226 68.6226 
68.6226 68.6226 68.6226 68.6226 68.6226 68.6226 68.6226 68.6226 68.6226 68.6226 
68.6226 68.6226 68.6226 68.6226 68.6226 68.6226 68.6226 68.6226 68.6226 68.6226 
68.6226 68.6226 68.6226 68.6226 68.6226 68.6226 68.6226 68.6226 68.6226 68.6226 
68.6226 68.6226 68.6226 68.6226 68.6226 68.6226 68.6226 68.6226 68.6226 68.6226 
68.6226 68.6226 68.6226 68.6226 68.6226 68.6226 68.6226 68.6226 68.6226 68.6226 
68.6226 68.6226 68.6226 68.6226 68.6226 68.6226 68.6226 68.6226 68.6226 68.6226 
68.6226 68.6226 68.6226 68.6226 68.6226 68.6226 68.6226 68.6226 68.6226 68.6226 
68.6226 68.6226 68.6226 68.6226 68.6226 68.6226 68.6226 68.6226 68.6226 74.1176 
74.1176 74.1176 74.1176 74.1176 74.1176 74.1176 74.1176 74.1176 74.1176 74.1176 
74.1176 74.1176 74.1176 74.1176 74.1176 74.1176 74.1176 74.1176 74.1176 74.1176 
74.1176 74.1176 74.1176 74.1176 74.1176 74.1176 74.1176 74.1176 74.1176 74.1176 
74.1176 74.1176 74.1176 74.1176 74.1176 74.1176 74.1176 74.1176 74.1176 74.1176 
74.1176 74.1176 74.1176 74.1176 74.1176 74.1176 74.1176 74.1176 74.1176 74.1176 
74.1176 74.1176 74.1176 74.1176 74.1176 74.1176 74.1176 74.1176 74.1176 74.1176 
74.1176 74.1176 74.1176 74.1176 74.1176 74.1176 74.1176 74.1176 74.1176 74.1176 
74.1176 74.1176 74.1176 74.1176 74.1176 74.1176 74.1176 74.1176 74.1176 74.1176 
74.1176 74.1176 74.1176 74.1176 74.1176 74.1176 74.1176 74.1176 74.1176 74.1176 
74.1176 74.1176 74.1176 74.1176 74.1176 74.1176 74.1176 74.1176 74.1176 74.1176 
74.1176 74.1176 74.1176 74.1176 74.1176 74.1176 74.1176 74.1176 74.1176 74.1176 
74.1176 74.1176 74.1176 74.1176 74.1176 74.1176 74.1176 74.1176 74.1176 74.1176 
74.1176 74.1176 74.1176 74.1176 74.1176 74.1176 74.1176 74.1176 74.1176 74.1176 
74.1176 74.1176 74.1176 74.1176 74.1176 74.1176 74.1176 74.1176 74.1176 74.1176 
74.1176 74.1176 74.1176 74.1176 74.1176 74.1176 74.1176 74.1176 74.1176 74.1176 
74.1176 74.1176 74.1176 74.1176 74.1176 74.1176 74.1176 74.1176 74.1176 74.1176 
74.1176 74.1176 74.1176 74.1176 74.1176 74.1176 74.1176 74.1176 74.1176 74.1176 
74.1176 74.1176 74.1176 74.1176 74.1176 74.1176 74.1176 74.1176 74.1176 74.1176 
74.1176 74.1176 74.1176 74.1176 74.1176 74.1176 74.1176 74.1176 74.1176 74.1176 
74.1176 74.1176 74.1176 74.1176 74.1176 76.4925 76.4925 76.4925 76.4925 76.4925 
76.4925 76.4925 76.4925 76.4925 76.4925 76.4925 76.4925 76.4925 76.4925 76.4925 
76.4925 76.4925 76.4925 76.4925 76.4925 76.4925 76.4925 76.4925 76.4925 76.4925 
76.4925 76.4925 76.4925 76.4925 76.4925 76.4925 76.4925 76.4925 76.4925 76.4925 
76.4925 76.4925 76.4925 76.4925 76.4925 76.4925 76.4925 76.4925 76.4925 76.4925 
76.4925 76.4925 76.4925 76.4925 76.4925 76.4925 76.4925 76.4925 76.4925 76.4925 
76.4925 76.4925 76.4925 76.4925 76.4925 76.4925 76.4925 76.4925 76.4925 76.4925 
76.4925 76.4925 76.4925 76.4925 76.4925 76.4925 76.4925 76.4925 76.4925 76.4925 
76.4925 76.4925 76.4925 76.4925 76.4925 76.4925 76.4925 76.4925 76.4925 76.4925 
76.4925 76.4925 76.4925 76.4925 76.4925 76.4925 76.4925 76.4925 76.4925 76.4925 
76.4925 76.4925 76.4925 76.4925 76.4925 76.4925 76.4925 76.4925 76.4925 76.4925 
76.4925 76.4925 76.4925 76.4925 76.4925 76.4925 76.4925 76.4925 76.4925 76.4925 
76.4925 76.4925 76.4925 76.4925 76.4925 76.4925 76.4925 76.4925 76.4925 76.4925 
76.4925 76.4925 76.4925 76.4925 76.4925 76.4925 76.4925 76.4925 76.4925 76.4925 
76.4925 76.4925 76.4925 76.4925 76.4925 76.4925 76.4925 76.4925 76.4925 76.4925 
76.4925 76.4925 76.4925 76.4925 76.4925 76.4925 76.4925 76.4925 76.4925 76.4925 
76.4925 76.4925 76.4925 76.4925 76.4925 76.4925 76.4925 76.4925 76.4925 76.4925 
76.4925 76.4925 76.4925 76.4925 76.4925 76.4925 76.4925 76.4925 76.4925 76.4925 
76.4925 76.4925 76.4925 76.4925 76.4925 76.4925 76.4925 76.4925 76.4925 76.4925 
76.4925 76.4925 76.4925 76.4925 76.4925 76.4925 76.4925 76.4925 76.4925 76.4925 
76.4925 69.2084 69.2084 69.2084 69.2084 69.2084 69.2084 69.2084 69.2084 69.2084 
69.2084 69.2084 69.2084 69.2084 69.2084 69.2084 69.2084 69.2084 69.2084 69.2084 
69.2084 69.2084 69.2084 69.2084 69.2084 69.2084 69.2084 69.2084 69.2084 69.2084 
69.2084 69.2084 69.2084 69.2084 69.2084 69.2084 69.2084 69.2084 69.2084 69.2084 
69.2084 69.2084 69.2084 69.2084 69.2084 69.2084 69.2084 69.2084 69.2084 69.2084 
69.2084 69.2084 69.2084 69.2084 69.2084 69.2084 69.2084 69.2084 69.2084 69.2084 
69.2084 69.2084 69.2084 69.2084 69.2084 69.2084 69.2084 69.2084 69.2084 69.2084 
69.2084 69.2084 69.2084 69.2084 69.2084 69.2084 69.2084 69.2084 69.2084 69.2084 
69.2084 69.2084 69.2084 69.2084 69.2084 69.2084 69.2084 69.2084 69.2084 69.2084 
69.2084 69.2084 69.2084 69.2084 69.2084 69.2084 69.2084 69.2084 69.2084 69.2084 
69.2084 69.2084 69.2084 69.2084 69.2084 69.2084 69.2084 69.2084 69.2084 69.2084 
69.2084 69.2084 69.2084 69.2084 69.2084 69.2084 69.2084 69.2084 69.2084 69.2084 
69.2084 69.2084 69.2084 69.2084 69.2084 69.2084 69.2084 69.2084 69.2084 69.2084 
69.2084 69.2084 69.2084 69.2084 69.2084 69.2084 69.2084 69.2084 69.2084 69.2084 
69.2084 69.2084 69.2084 69.2084 69.2084 69.2084 69.2084 69.2084 69.2084 69.2084 
69.2084 69.2084 69.2084 69.2084 69.2084 69.2084 69.2084 69.2084 69.2084 69.2084 
69.2084 69.2084 69.2084 69.2084 69.2084 69.2084 69.2084 69.2084 69.2084 69.2084 
69.2084 69.2084 69.2084 69.2084 69.2084 69.2084 69.2084 69.2084 69.2084 69.2084 
69.2084 69.2084 69.2084 69.2084 69.2084 69.2084 69.2084 69.2084 69.2084 69.2084 
69.2084 69.2084 69.2084 69.2084 69.2084 69.2084 69.2084 70.7001 70.7001 70.7001 
70.7001 70.7001 70.7001 70.7001 70.7001 70.7001 70.7001 70.7001 70.7001 70.7001 
70.7001 70.7001 70.7001 70.7001 70.7001 70.7001 70.7001 70.7001 70.7001 70.7001 
70.7001 70.7001 70.7001 70.7001 70.7001 70.7001 70.7001 70.7001 70.7001 70.7001 
70.7001 70.7001 70.7001 70.7001 70.7001 70.7001 70.7001 70.7001 70.7001 70.7001 
70.7001 70.7001 70.7001 70.7001 70.7001 70.7001 70.7001 70.7001 70.7001 70.7001 
70.7001 70.7001 70.7001 70.7001 70.7001 70.7001 70.7001 70.7001 70.7001 70.7001 
70.7001 70.7001 70.7001 70.7001 70.7001 70.7001 70.7001 70.7001 70.7001 70.7001 
70.7001 70.7001 70.7001 70.7001 70.7001 70.7001 70.7001 70.7001 70.7001 70.7001 
70.7001 70.7001 70.7001 70.7001 70.7001 70.7001 70.7001 70.7001 70.7001 70.7001 
70.7001 70.7001 70.7001 70.7001 70.7001 70.7001 70.7001 70.7001 70.7001 70.7001 
70.7001 70.7001 70.7001 70.7001 70.7001 70.7001 70.7001 70.7001 70.7001 70.7001 
70.7001 70.7001 70.7001 70.7001 70.7001 70.7001 70.7001 70.7001 70.7001 70.7001 
70.7001 70.7001 70.7001 70.7001 70.7001 70.7001 70.7001 70.7001 70.7001 70.7001 
70.7001 70.7001 70.7001 70.7001 70.7001 70.7001 70.7001 70.7001 70.7001 70.7001 
70.7001 70.7001 70.7001 70.7001 70.7001 70.7001 70.7001 70.7001 70.7001 70.7001 
70.7001 70.7001 70.7001 70.7001 70.7001 70.7001 70.7001 70.7001 70.7001 70.7001 
70.7001 70.7001 70.7001 70.7001 70.7001 70.7001 70.7001 70.7001 70.7001 70.7001 
70.7001 70.7001 70.7001 70.7001 70.7001 70.7001 70.7001 70.7001 70.7001 70.7001 
70.7001 70.7001 70.7001 70.7001 70.7001 70.7001 70.7001 70.7001 70.7001 70.7001 
70.7001 70.7001 70.7001 76.672 76.672 76.672 76.672 76.672 76.672 76.672 
76.672 76.672 76.672 76.672 76.672 76.672 76.672 76.672 76.672 76.672 
76.672 76.672 76.672 76.672 76.672 76.672 76.672 76.672 76.672 76.672 
76.672 76.672 76.672 76.672 76.672 76.672 76.672 76.672 76.672 76.672 
76.672 76.672 76.672 76.672 76.672 76.672 76.672 76.672 76.672 76.672 
76.672 76.672 76.672 76.672 76.672 76.672 76.672 76.672 76.672 76.672 
76.672 76.672 76.672 76.672 76.672 76.672 76.672 76.672 76.672 76.672 
76.672 76.672 76.672 76.672 76.672 76.672 76.672 76.672 76.672 76.672 
76.672 76.672 76.672 76.672 76.672 76.672 76.672 76.672 76.672 76.672 
76.672 76.672 76.672 76.672 76.672 76.672 76.672 76.672 76.672 76.672 
76.672 76.672 76.672 76.672 76.672 76.672 76.672 76.672 76.672 76.672 
76.672 76.672 76.672 76.672 76.672 76.672 76.672 76.672 76.672 76.672 
76.672 76.672 76.672 76.672 76.672 76.672 76.672 76.672 76.672 76.672 
76.672 76.672 76.672 76.672 76.672 76.672 76.672 76.672 76.672 76.672 
76.672 76.672 76.672 76.672 76.672 76.672 76.672 76.672 76.672 76.672 
76.672 76.672 76.672 76.672 76.672 76.672 76.672 76.672 76.672 76.672 
76.672 76.672 76.672 76.672 76.672 76.672 76.672 76.672 76.672 76.672 
76.672 76.672 76.672 76.672 76.672 76.672 76.672 76.672 76.672 76.672 
76.672 76.672 76.672 76.672 76.672 76.672 76.672 76.672 76.672 76.672 
76.672 76.672 76.672 76.672 76.672 76.672 76.672 76.672 76.672 80.8034 
80.8034 80.8034 80.8034 80.8034 80.8034 80.8034 80.8034 80.8034 80.8034 80.8034 
80.8034 80.8034 80.8034 80.8034 80.8034 80.8034 80.8034 80.8034 80.8034 80.8034 
80.8034 80.8034 80.8034 80.8034 80.8034 80.8034 80.8034 80.8034 80.8034 80.8034 
80.8034 80.8034 80.8034 80.8034 80.8034 80.8034 80.8034 80.8034 80.8034 80.8034 
80.8034 80.8034 80.8034 80.8034 80.8034 80.8034 80.8034 80.8034 80.8034 80.8034 
80.8034 80.8034 80.8034 80.8034 80.8034 80.8034 80.8034 80.8034 80.8034 80.8034 
80.8034 80.8034 80.8034 80.8034 80.8034 80.8034 80.8034 80.8034 80.8034 80.8034 
80.8034 80.8034 80.8034 80.8034 80.8034 80.8034 80.8034 80.8034 80.8034 80.8034 
80.8034 80.8034 80.8034 80.8034 80.8034 80.8034 80.8034 80.8034 80.8034 80.8034 
80.8034 80.8034 80.8034 80.8034 80.8034 80.8034 80.8034 80.8034 80.8034 80.8034 
80.8034 80.8034 80.8034 80.8034 80.8034 80.8034 80.8034 80.8034 80.8034 80.8034 
80.8034 80.8034 80.8034 80.8034 80.8034 80.8034 80.8034 80.8034 80.8034 80.8034 
80.8034 80.8034 80.8034 80.8034 80.8034 80.8034 80.8034 80.8034 80.8034 80.8034 
80.8034 80.8034 80.8034 80.8034 80.8034 80.8034 80.8034 80.8034 80.8034 80.8034 
80.8034 80.8034 80.8034 80.8034 80.8034 80.8034 80.8034 80.8034 80.8034 80.8034 
80.8034 80.8034 80.8034 80.8034 80.8034 80.8034 80.8034 80.8034 80.8034 80.8034 
80.8034 80.8034 80.8034 80.8034 80.8034 80.8034 80.8034 80.8034 80.8034 80.8034 
80.8034 80.8034 80.8034 80.8034 80.8034 80.8034 80.8034 80.8034 80.8034 80.8034 
80.8034 80.8034 80.8034 80.8034 80.8034 80.8034 80.8034 80.8034 80.8034 80.8034 
80.8034 80.8034 80.8034 80.8034 80.8034 79.9824 79.9824 79.9824 79.9824 79.9824 
79.9824 79.9824 79.9824 79.9824 79.9824 79.9824 79.9824 79.9824 79.9824 79.9824 
79.9824 79.9824 79.9824 79.9824 79.9824 79.9824 79.9824 79.9824 79.9824 79.9824 
79.9824 79.9824 79.9824 79.9824 79.9824 79.9824 79.9824 79.9824 79.9824 79.9824 
79.9824 79.9824 79.9824 79.9824 79.9824 79.9824 79.9824 79.9824 79.9824 79.9824 
79.9824 79.9824 79.9824 79.9824 79.9824 79.9824 79.9824 79.9824 79.9824 79.9824 
79.9824 79.9824 79.9824 79.9824 79.9824 79.9824 79.9824 79.9824 79.9824 79.9824 
79.9824 79.9824 79.9824 79.9824 79.9824 79.9824 79.9824 79.9824 79.9824 79.9824 
79.9824 79.9824 79.9824 79.9824 79.9824 79.9824 79.9824 79.9824 79.9824 79.9824 
79.9824 79.9824 79.9824 79.9824 79.9824 79.9824 79.9824 79.9824 79.9824 79.9824 
79.9824 79.9824 79.9824 79.9824 79.9824 79.9824 79.9824 79.9824 79.9824 79.9824 
79.9824 79.9824 79.9824 79.9824 79.9824 79.9824 79.9824 79.9824 79.9824 79.9824 
79.9824 79.9824 79.9824 79.9824 79.9824 79.9824 79.9824 79.9824 79.9824 79.9824 
79.9824 79.9824 79.9824 79.9824 79.9824 79.9824 79.9824 79.9824 79.9824 79.9824 
79.9824 79.9824 79.9824 79.9824 79.9824 79.9824 79.9824 79.9824 79.9824 79.9824 
79.9824 79.9824 79.9824 79.9824 79.9824 79.9824 79.9824 79.9824 79.9824 79.9824 
79.9824 79.9824 79.9824 79.9824 79.9824 79.9824 79.9824 79.9824 79.9824 79.9824 
79.9824 79.9824 79.9824 79.9824 79.9824 79.9824 79.9824 79.9824 79.9824 79.9824 
79.9824 79.9824 79.9824 79.9824 79.9824 79.9824 79.9824 79.9824 79.9824 79.9824 
79.9824 79.9824 79.9824 79.9824 79.9824 79.9824 79.9824 79.9824 79.9824 79.9824 
79.9824 80.2655 80.2655 80.2655 80.2655 80.2655 80.2655 80.2655 80.2655 80.2655 
80.2655 80.2655 80.2655 80.2655 80.2655 80.2655 80.2655 80.2655 80.2655 80.2655 
80.2655 80.2655 80.2655 80.2655 80.2655 80.2655 80.2655 80.2655 80.2655 80.2655 
80.2655 80.2655 80.2655 80.2655 80.2655 80.2655 80.2655 80.2655 80.2655 80.2655 
80.2655 80.2655 80.2655 80.2655 80.2655 80.2655 80.2655 80.2655 80.2655 80.2655 
80.2655 80.2655 80.2655 80.2655 80.2655 80.2655 80.2655 80.2655 80.2655 80.2655 
80.2655 80.2655 80.2655 80.2655 80.2655 80.2655 80.2655 80.2655 80.2655 80.2655 
80.2655 80.2655 80.2655 80.2655 80.2655 80.2655 80.2655 80.2655 80.2655 80.2655 
80.2655 80.2655 80.2655 80.2655 80.2655 80.2655 80.2655 80.2655 80.2655 80.2655 
80.2655 80.2655 80.2655 80.2655 80.2655 80.2655 80.2655 80.2655 80.2655 80.2655 
80.2655 80.2655 80.2655 80.2655 80.2655 80.2655 80.2655 80.2655 80.2655 80.2655 
80.2655 80.2655 80.2655 80.2655 80.2655 80.2655 80.2655 80.2655 80.2655 80.2655 
80.2655 80.2655 80.2655 80.2655 80.2655 80.2655 80.2655 80.2655 80.2655 80.2655 
80.2655 80.2655 80.2655 80.2655 80.2655 80.2655 80.2655 80.2655 80.2655 80.2655 
80.2655 80.2655 80.2655 80.2655 80.2655 80.2655 80.2655 80.2655 80.2655 80.2655 
80.2655 80.2655 80.2655 80.2655 80.2655 80.2655 80.2655 80.2655 80.2655 80.2655 
80.2655 80.2655 80.2655 80.2655 80.2655 80.2655 80.2655 80.2655 80.2655 80.2655 
80.2655 80.2655 80.2655 80.2655 80.2655 80.2655 80.2655 80.2655 80.2655 80.2655 
80.2655 80.2655 80.2655 80.2655 80.2655 80.2655 80.2655 80.2655 80.2655 80.2655 
80.2655 80.2655 80.2655 80.2655 80.2655 80.2655 80.2655 80.1873 80.1873 80.1873 
80.1873 80.1873 80.1873 80.1873 80.1873 80.1873 80.1873 80.1873 80.1873 80.1873 
80.1873 80.1873 80.1873 80.1873 80.1873 80.1873 80.1873 80.1873 80.1873 80.1873 
80.1873 80.1873 80.1873 80.1873 80.1873 80.1873 80.1873 80.1873 80.1873 80.1873 
80.1873 80.1873 80.1873 80.1873 80.1873 80.1873 80.1873 80.1873 80.1873 80.1873 
80.1873 80.1873 80.1873 80.1873 80.1873 80.1873 80.1873 80.1873 80.1873 80.1873 
80.1873 80.1873 80.1873 80.1873 80.1873 80.1873 80.1873 80.1873 80.1873 80.1873 
80.1873 80.1873 80.1873 80.1873 80.1873 80.1873 80.1873 80.1873 80.1873 80.1873 
80.1873 80.1873 80.1873 80.1873 80.1873 80.1873 80.1873 80.1873 80.1873 80.1873 
80.1873 80.1873 80.1873 80.1873 80.1873 80.1873 80.1873 80.1873 80.1873 80.1873 
80.1873 80.1873 80.1873 80.1873 80.1873 80.1873 80.1873 80.1873 80.1873 80.1873 
80.1873 80.1873 80.1873 80.1873 80.1873 80.1873 80.1873 80.1873 80.1873 80.1873 
80.1873 80.1873 80.1873 80.1873 80.1873 80.1873 80.1873 80.1873 80.1873 80.1873 
80.1873 80.1873 80.1873 80.1873 80.1873 80.1873 80.1873 80.1873 80.1873 80.1873 
80.1873 80.1873 80.1873 80.1873 80.1873 80.1873 80.1873 80.1873 80.1873 80.1873 
80.1873 80.1873 80.1873 80.1873 80.1873 80.1873 80.1873 80.1873 80.1873 80.1873 
80.1873 80.1873 80.1873 80.1873 80.1873 80.1873 80.1873 80.1873 80.1873 80.1873 
80.1873 80.1873 80.1873 80.1873 80.1873 80.1873 80.1873 80.1873 80.1873 80.1873 
80.1873 80.1873 80.1873 80.1873 80.1873 80.1873 80.1873 80.1873 80.1873 80.1873 
80.1873 80.1873 80.1873 80.1873 80.1873 80.1873 80.1873 80.1873 80.1873 80.1873 
80.1873 80.1873 80.1873 80.7232 80.7232 80.7232 80.7232 80.7232 80.7232 80.7232 
80.7232 80.7232 80.7232 80.7232 80.7232 80.7232 80.7232 80.7232 80.7232 80.7232 
80.7232 80.7232 80.7232 80.7232 80.7232 80.7232 80.7232 80.7232 80.7232 80.7232 
80.7232 80.7232 80.7232 80.7232 80.7232 80.7232 80.7232 80.7232 80.7232 80.7232 
80.7232 80.7232 80.7232 80.7232 80.7232 80.7232 80.7232 80.7232 80.7232 80.7232 
80.7232 80.7232 80.7232 80.7232 80.7232 80.7232 80.7232 80.7232 80.7232 80.7232 
80.7232 80.7232 80.7232 80.7232 80.7232 80.7232 80.7232 80.7232 80.7232 80.7232 
80.7232 80.7232 80.7232 80.7232 80.7232 80.7232 80.7232 80.7232 80.7232 80.7232 
80.7232 80.7232 80.7232 80.7232 80.7232 80.7232 80.7232 80.7232 80.7232 80.7232 
80.7232 80.7232 80.7232 80.7232 80.7232 80.7232 80.7232 80.7232 80.7232 80.7232 
80.7232 80.7232 80.7232 80.7232 80.7232 80.7232 80.7232 80.7232 80.7232 80.7232 
80.7232 80.7232 80.7232 80.7232 80.7232 80.7232 80.7232 80.7232 80.7232 80.7232 
80.7232 80.7232 80.7232 80.7232 80.7232 80.7232 80.7232 80.7232 80.7232 80.7232 
80.7232 80.7232 80.7232 80.7232 80.7232 80.7232 80.7232 80.7232 80.7232 80.7232 
80.7232 80.7232 80.7232 80.7232 80.7232 80.7232 80.7232 80.7232 80.7232 80.7232 
80.7232 80.7232 80.7232 80.7232 80.7232 80.7232 80.7232 80.7232 80.7232 80.7232 
80.7232 80.7232 80.7232 80.7232 80.7232 80.7232 80.7232 80.7232 80.7232 80.7232 
80.7232 80.7232 80.7232 80.7232 80.7232 80.7232 80.7232 80.7232 80.7232 80.7232 
80.7232 80.7232 80.7232 80.7232 80.7232 80.7232 80.7232 80.7232 80.7232 80.7232 
80.7232 80.7232 80.7232 80.7232 80.7232 80.7232 80.7232 80.7232 80.7232 80.98 
80.98 80.98 80.98 80.98 80.98 80.98 80.98 80.98 80.98 80.98 
80.98 80.98 80.98 80.98 80.98 80.98 80.98 80.98 80.98 80.98 
80.98 80.98 80.98 80.98 80.98 80.98 80.98 80.98 80.98 80.98 
80.98 80.98 80.98 80.98 80.98 80.98 80.98 80.98 80.98 80.98 
80.98 80.98 80.98 80.98 80.98 80.98 80.98 80.98 80.98 80.98 
80.98 80.98 80.98 80.98 80.98 80.98 80.98 80.98 80.98 80.98 
80.98 80.98 80.98 80.98 80.98 80.98 80.98 80.98 80.98 80.98 
80.98 80.98 80.98 80.98 80.98 80.98 80.98 80.98 80.98 80.98 
80.98 80.98 80.98 80.98 80.98 80.98 80.98 80.98 80.98 80.98 
80.98 80.98 80.98 80.98 80.98 80.98 80.98 80.98 80.98 80.98 
80.98 80.98 80.98 80.98 80.98 80.98 80.98 80.98 80.98 80.98 
80.98 80.98 80.98 80.98 80.98 80.98 80.98 80.98 80.98 80.98 
80.98 80.98 80.98 80.98 80.98 80.98 80.98 80.98 80.98 80.98 
80.98 80.98 80.98 80.98 80.98 80.98 80.98 80.98 80.98 80.98 
80.98 80.98 80.98 80.98 80.98 80.98 80.98 80.98 80.98 80.98 
80.98 80.98 80.98 80.98 80.98 80.98 80.98 80.98 80.98 80.98 
80.98 80.98 80.98 80.98 80.98 80.98 80.98 80.98 80.98 80.98 
80.98 80.98 80.98 80.98 80.98 80.98 80.98 80.98 80.98 80.98 
80.98 80.98 80.98 80.98 80.98 80.98 80.98 80.98 80.98 80.98 
80.98 80.98 80.98 80.98 80.98 80.1989 80.1989 80.1989 80.1989 80.1989 
80.1989 80.1989 80.1989 80.1989 80.1989 80.1989 80.1989 80.1989 80.1989 80.1989 
80.1989 80.1989 80.1989 80.1989 80.1989 80.1989 80.1989 80.1989 80.1989 80.1989 
80.1989 80.1989 80.1989 80.1989 80.1989 80.1989 80.1989 80.1989 80.1989 80.1989 
80.1989 80.1989 80.1989 80.1989 80.1989 80.1989 80.1989 80.1989 80.1989 80.1989 
80.1989 80.1989 80.1989 80.1989 80.1989 80.1989 80.1989 80.1989 80.1989 80.1989 
80.1989 80.1989 80.1989 80.1989 80.1989 80.1989 80.1989 80.1989 80.1989 80.1989 
80.1989 80.1989 80.1989 80.1989 80.1989 80.1989 80.1989 80.1989 80.1989 80.1989 
80.1989 80.1989 80.1989 80.1989 80.1989 80.1989 80.1989 80.1989 80.1989 80.1989 
80.1989 80.1989 80.1989 80.1989 80.1989 80.1989 80.1989 80.1989 80.1989 80.1989 
80.1989 80.1989 80.1989 80.1989 80.1989 80.1989 80.1989 80.1989 80.1989 80.1989 
80.1989 80.1989 80.1989 80.1989 80.1989 80.1989 80.1989 80.1989 80.1989 80.1989 
80.1989 80.1989 80.1989 80.1989 80.1989 80.1989 80.1989 80.1989 80.1989 80.1989 
80.1989 80.1989 80.1989 80.1989 80.1989 80.1989 80.1989 80.1989 80.1989 80.1989 
80.1989 80.1989 80.1989 80.1989 80.1989 80.1989 80.1989 80.1989 80.1989 80.1989 
80.1989 80.1989 80.1989 80.1989 80.1989 80.1989 80.1989 80.1989 80.1989 80.1989 
80.1989 80.1989 80.1989 80.1989 80.1989 80.1989 80.1989 80.1989 80.1989 80.1989 
80.1989 80.1989 80.1989 80.1989 80.1989 80.1989 80.1989 80.1989 80.1989 80.1989 
80.1989 80.1989 80.1989 80.1989 80.1989 80.1989 80.1989 80.1989 80.1989 80.1989 
80.1989 80.1989 80.1989 80.1989 80.1989 80.1989 80.1989 80.1989 80.1989 80.1989 
80.1989 53.2276 53.2276 53.2276 53.2276 53.2276 53.2276 53.2276 53.2276 53.2276 
53.2276 53.2276 53.2276 53.2276 53.2276 53.2276 53.2276 53.2276 53.2276 53.2276 
53.2276 53.2276 53.2276 53.2276 53.2276 53.2276 53.2276 53.2276 53.2276 53.2276 
53.2276 53.2276 53.2276 53.2276 53.2276 53.2276 53.2276 53.2276 53.2276 53.2276 
53.2276 53.2276 53.2276 53.2276 53.2276 53.2276 53.2276 53.2276 53.2276 53.2276 
53.2276 53.2276 53.2276 53.2276 53.2276 53.2276 53.2276 53.2276 53.2276 53.2276 
53.2276 53.2276 53.2276 53.2276 53.2276 53.2276 53.2276 53.2276 53.2276 53.2276 
53.2276 53.2276 53.2276 53.2276 53.2276 53.2276 53.2276 53.2276 53.2276 53.2276 
53.2276 53.2276 53.2276 53.2276 53.2276 53.2276 53.2276 53.2276 53.2276 53.2276 
53.2276 53.2276 53.2276 53.2276 53.2276 53.2276 53.2276 53.2276 53.2276 53.2276 
53.2276 53.2276 53.2276 53.2276 53.2276 53.2276 53.2276 53.2276 53.2276 53.2276 
53.2276 53.2276 53.2276 53.2276 53.2276 53.2276 53.2276 53.2276 53.2276 53.2276 
53.2276 53.2276 53.2276 53.2276 53.2276 53.2276 53.2276 53.2276 53.2276 53.2276 
53.2276 53.2276 53.2276 53.2276 53.2276 53.2276 53.2276 53.2276 53.2276 53.2276 
53.2276 53.2276 53.2276 53.2276 53.2276 53.2276 53.2276 53.2276 53.2276 53.2276 
53.2276 53.2276 53.2276 53.2276 53.2276 53.2276 53.2276 53.2276 53.2276 53.2276 
53.2276 53.2276 53.2276 53.2276 53.2276 53.2276 53.2276 53.2276 53.2276 53.2276 
53.2276 53.2276 53.2276 53.2276 53.2276 53.2276 53.2276 53.2276 53.2276 53.2276 
53.2276 53.2276 53.2276 53.2276 53.2276 53.2276 53.2276 53.2276 53.2276 53.2276 
53.2276 53.2276 53.2276 53.2276 53.2276 53.2276 53.2276 53.215 53.215 53.215 
53.215 53.215 53.215 53.215 53.215 53.215 53.215 53.215 53.215 53.215 
53.215 53.215 53.215 53.215 53.215 53.215 53.215 53.215 53.215 53.215 
53.215 53.215 53.215 53.215 53.215 53.215 53.215 53.215 53.215 53.215 
53.215 53.215 53.215 53.215 53.215 53.215 53.215 53.215 53.215 53.215 
53.215 53.215 53.215 53.215 53.215 53.215 53.215 53.215 53.215 53.215 
53.215 53.215 53.215 53.215 53.215 53.215 53.215 53.215 53.215 53.215 
53.215 53.215 53.215 53.215 53.215 53.215 53.215 53.215 53.215 53.215 
53.215 53.215 53.215 53.215 53.215 53.215 53.215 53.215 53.215 53.215 
53.215 53.215 53.215 53.215 53.215 53.215 53.215 53.215 53.215 53.215 
53.215 53.215 53.215 53.215 53.215 53.215 53.215 53.215 53.215 53.215 
53.215 53.215 53.215 53.215 53.215 53.215 53.215 53.215 53.215 53.215 
53.215 53.215 53.215 53.215 53.215 53.215 53.215 53.215 53.215 53.215 
53.215 53.215 53.215 53.215 53.215 53.215 53.215 53.215 53.215 53.215 
53.215 53.215 53.215 53.215 53.215 53.215 53.215 53.215 53.215 53.215 
53.215 53.215 53.215 53.215 53.215 53.215 53.215 53.215 53.215 53.215 
53.215 53.215 53.215 53.215 53.215 53.215 53.215 53.215 53.215 53.215 
53.215 53.215 53.215 53.215 53.215 53.215 53.215 53.215 53.215 53.215 
53.215 53.215 53.215 53.215 53.215 53.215 53.215 53.215 53.215 53.215 
53.215 53.215 53.215 53.215 53.215 53.215 53.215 53.215 53.215 53.215 
53.215 53.215 53.215 53.2108 53.2108 53.2108 53.2108 53.2108 53.2108 53.2108 
53.2108 53.2108 53.2108 53.2108 53.2108 53.2108 53.2108 53.2108 53.2108 53.2108 
53.2108 53.2108 53.2108 53.2108 53.2108 53.2108 53.2108 53.2108 53.2108 53.2108 
53.2108 53.2108 53.2108 53.2108 53.2108 53.2108 53.2108 53.2108 53.2108 53.2108 
53.2108 53.2108 53.2108 53.2108 53.2108 53.2108 53.2108 53.2108 53.2108 53.2108 
53.2108 53.2108 53.2108 53.2108 53.2108 53.2108 53.2108 53.2108 53.2108 53.2108 
53.2108 53.2108 53.2108 53.2108 53.2108 53.2108 53.2108 53.2108 53.2108 53.2108 
53.2108 53.2108 53.2108 53.2108 53.2108 53.2108 53.2108 53.2108 53.2108 53.2108 
53.2108 53.2108 53.2108 53.2108 53.2108 53.2108 53.2108 53.2108 53.2108 53.2108 
53.2108 53.2108 53.2108 53.2108 53.2108 53.2108 53.2108 53.2108 53.2108 53.2108 
53.2108 53.2108 53.2108 53.2108 53.2108 53.2108 53.2108 53.2108 53.2108 53.2108 
53.2108 53.2108 53.2108 53.2108 53.2108 53.2108 53.2108 53.2108 53.2108 53.2108 
53.2108 53.2108 53.2108 53.2108 53.2108 53.2108 53.2108 53.2108 53.2108 53.2108 
53.2108 53.2108 53.2108 53.2108 53.2108 53.2108 53.2108 53.2108 53.2108 53.2108 
53.2108 53.2108 53.2108 53.2108 53.2108 53.2108 53.2108 53.2108 53.2108 53.2108 
53.2108 53.2108 53.2108 53.2108 53.2108 53.2108 53.2108 53.2108 53.2108 53.2108 
53.2108 53.2108 53.2108 53.2108 53.2108 53.2108 53.2108 53.2108 53.2108 53.2108 
53.2108 53.2108 53.2108 53.2108 53.2108 53.2108 53.2108 53.2108 53.2108 53.2108 
53.2108 53.2108 53.2108 53.2108 53.2108 53.2108 53.2108 53.2108 53.2108 53.2108 
53.2108 53.2108 53.2108 53.2108 53.2108 53.2108 53.2108 53.2108 53.2108 53.2139 
53.2139 53.2139 53.2139 53.2139 53.2139 53.2139 53.2139 53.2139 53.2139 53.2139 
53.2139 53.2139 53.2139 53.2139 53.2139 53.2139 53.2139 53.2139 53.2139 53.2139 
53.2139 53.2139 53.2139 53.2139 53.2139 53.2139 53.2139 53.2139 53.2139 53.2139 
53.2139 53.2139 53.2139 53.2139 53.2139 53.2139 53.2139 53.2139 53.2139 53.2139 
53.2139 53.2139 53.2139 53.2139 53.2139 53.2139 53.2139 53.2139 53.2139 53.2139 
53.2139 53.2139 53.2139 53.2139 53.2139 53.2139 53.2139 53.2139 53.2139 53.2139 
53.2139 53.2139 53.2139 53.2139 53.2139 53.2139 53.2139 53.2139 53.2139 53.2139 
53.2139 53.2139 53.2139 53.2139 53.2139 53.2139 53.2139 53.2139 53.2139 53.2139 
53.2139 53.2139 53.2139 53.2139 53.2139 53.2139 53.2139 53.2139 53.2139 53.2139 
53.2139 53.2139 53.2139 53.2139 53.2139 53.2139 53.2139 53.2139 53.2139 53.2139 
53.2139 53.2139 53.2139 53.2139 53.2139 53.2139 53.2139 53.2139 53.2139 53.2139 
53.2139 53.2139 53.2139 53.2139 53.2139 53.2139 53.2139 53.2139 53.2139 53.2139 
53.2139 53.2139 53.2139 53.2139 53.2139 53.2139 53.2139 53.2139 53.2139 53.2139 
53.2139 53.2139 53.2139 53.2139 53.2139 53.2139 53.2139 53.2139 53.2139 53.2139 
53.2139 53.2139 53.2139 53.2139 53.2139 53.2139 53.2139 53.2139 53.2139 53.2139 
53.2139 53.2139 53.2139 53.2139 53.2139 53.2139 53.2139 53.2139 53.2139 53.2139 
53.2139 53.2139 53.2139 53.2139 53.2139 53.2139 53.2139 53.2139 53.2139 53.2139 
53.2139 53.2139 53.2139 53.2139 53.2139 53.2139 53.2139 53.2139 53.2139 53.2139 
53.2139 53.2139 53.2139 53.2139 53.2139 53.2139 53.2139 53.2139 53.2139 53.2139 
53.2139 53.2139 53.2139 53.2139 53.2139 53.2096 53.2096 53.2096 53.2096 53.2096 
53.2096 53.2096 53.2096 53.2096 53.2096 53.2096 53.2096 53.2096 53.2096 53.2096 
53.2096 53.2096 53.2096 53.2096 53.2096 53.2096 53.2096 53.2096 53.2096 53.2096 
53.2096 53.2096 53.2096 53.2096 53.2096 53.2096 53.2096 53.2096 53.2096 53.2096 
53.2096 53.2096 53.2096 53.2096 53.2096 53.2096 53.2096 53.2096 53.2096 53.2096 
53.2096 53.2096 53.2096 53.2096 53.2096 53.2096 53.2096 53.2096 53.2096 53.2096 
53.2096 53.2096 53.2096 53.2096 53.2096 53.2096 53.2096 53.2096 53.2096 53.2096 
53.2096 53.2096 53.2096 53.2096 53.2096 53.2096 53.2096 53.2096 53.2096 53.2096 
53.2096 53.2096 53.2096 53.2096 53.2096 53.2096 53.2096 53.2096 53.2096 53.2096 
53.2096 53.2096 53.2096 53.2096 53.2096 53.2096 53.2096 53.2096 53.2096 53.2096 
53.2096 53.2096 53.2096 53.2096 53.2096 53.2096 53.2096 53.2096 53.2096 53.2096 
53.2096 53.2096 53.2096 53.2096 53.2096 53.2096 53.2096 53.2096 53.2096 53.2096 
53.2096 53.2096 53.2096 53.2096 53.2096 53.2096 53.2096 53.2096 53.2096 53.2096 
53.2096 53.2096 53.2096 53.2096 53.2096 53.2096 53.2096 53.2096 53.2096 53.2096 
53.2096 53.2096 53.2096 53.2096 53.2096 53.2096 53.2096 53.2096 53.2096 53.2096 
53.2096 53.2096 53.2096 53.2096 53.2096 53.2096 53.2096 53.2096 53.2096 53.2096 
53.2096 53.2096 53.2096 53.2096 53.2096 53.2096 53.2096 53.2096 53.2096 53.2096 
53.2096 53.2096 53.2096 53.2096 53.2096 53.2096 53.2096 53.2096 53.2096 53.2096 
53.2096 53.2096 53.2096 53.2096 53.2096 53.2096 53.2096 53.2096 53.2096 53.2096 
53.2096 53.2096 53.2096 53.2096 53.2096 53.2096 53.2096 53.2096 53.2096 53.2096 
53.2096 53.2222 53.2222 53.2222 53.2222 53.2222 53.2222 53.2222 53.2222 53.2222 
53.2222 53.2222 53.2222 53.2222 53.2222 53.2222 53.2222 53.2222 53.2222 53.2222 
53.2222 53.2222 53.2222 53.2222 53.2222 53.2222 53.2222 53.2222 53.2222 53.2222 
53.2222 53.2222 53.2222 53.2222 53.2222 53.2222 53.2222 53.2222 53.2222 53.2222 
53.2222 53.2222 53.2222 53.2222 53.2222 53.2222 53.2222 53.2222 53.2222 53.2222 
53.2222 53.2222 53.2222 53.2222 53.2222 53.2222 53.2222 53.2222 53.2222 53.2222 
53.2222 53.2222 53.2222 53.2222 53.2222 53.2222 53.2222 53.2222 53.2222 53.2222 
53.2222 53.2222 53.2222 53.2222 53.2222 53.2222 53.2222 53.2222 53.2222 53.2222 
53.2222 53.2222 53.2222 53.2222 53.2222 53.2222 53.2222 53.2222 53.2222 53.2222 
53.2222 53.2222 53.2222 53.2222 53.2222 53.2222 53.2222 53.2222 53.2222 53.2222 
53.2222 53.2222 53.2222 53.2222 53.2222 53.2222 53.2222 53.2222 53.2222 53.2222 
53.2222 53.2222 53.2222 53.2222 53.2222 53.2222 53.2222 53.2222 53.2222 53.2222 
53.2222 53.2222 53.2222 53.2222 53.2222 53.2222 53.2222 53.2222 53.2222 53.2222 
53.2222 53.2222 53.2222 53.2222 53.2222 53.2222 53.2222 53.2222 53.2222 53.2222 
53.2222 53.2222 53.2222 53.2222 53.2222 53.2222 53.2222 53.2222 53.2222 53.2222 
53.2222 53.2222 53.2222 53.2222 53.2222 53.2222 53.2222 53.2222 53.2222 53.2222 
53.2222 53.2222 53.2222 53.2222 53.2222 53.2222 53.2222 53.2222 53.2222 53.2222 
53.2222 53.2222 53.2222 53.2222 53.2222 53.2222 53.2222 53.2222 53.2222 53.2222 
53.2222 53.2222 53.2222 53.2222 53.2222 53.2222 53.2222 53.2222 53.2222 53.2222 
53.2222 53.2222 53.2222 53.2222 53.2222 53.2222 53.2222 53.2095 53.2095 53.2095 
53.2095 53.2095 53.2095 53.2095 53.2095 53.2095 53.2095 53.2095 53.2095 53.2095 
53.2095 53.2095 53.2095 53.2095 53.2095 53.2095 53.2095 53.2095 53.2095 53.2095 
53.2095 53.2095 53.2095 53.2095 53.2095 53.2095 53.2095 53.2095 53.2095 53.2095 
53.2095 53.2095 53.2095 53.2095 53.2095 53.2095 53.2095 53.2095 53.2095 53.2095 
53.2095 53.2095 53.2095 53.2095 53.2095 53.2095 53.2095 53.2095 53.2095 53.2095 
53.2095 53.2095 53.2095 53.2095 53.2095 53.2095 53.2095 53.2095 53.2095 53.2095 
53.2095 53.2095 53.2095 53.2095 53.2095 53.2095 53.2095 53.2095 53.2095 53.2095 
53.2095 53.2095 53.2095 53.2095 53.2095 53.2095 53.2095 53.2095 53.2095 53.2095 
53.2095 53.2095 53.2095 53.2095 53.2095 53.2095 53.2095 53.2095 53.2095 53.2095 
53.2095 53.2095 53.2095 53.2095 53.2095 53.2095 53.2095 53.2095 53.2095 53.2095 
53.2095 53.2095 53.2095 53.2095 53.2095 53.2095 53.2095 53.2095 53.2095 53.2095 
53.2095 53.2095 53.2095 53.2095 53.2095 53.2095 53.2095 53.2095 53.2095 53.2095 
53.2095 53.2095 53.2095 53.2095 53.2095 53.2095 53.2095 53.2095 53.2095 53.2095 
53.2095 53.2095 53.2095 53.2095 53.2095 53.2095 53.2095 53.2095 53.2095 53.2095 
53.2095 53.2095 53.2095 53.2095 53.2095 53.2095 53.2095 53.2095 53.2095 53.2095 
53.2095 53.2095 53.2095 53.2095 53.2095 53.2095 53.2095 53.2095 53.2095 53.2095 
53.2095 53.2095 53.2095 53.2095 53.2095 53.2095 53.2095 53.2095 53.2095 53.2095 
53.2095 53.2095 53.2095 53.2095 53.2095 53.2095 53.2095 53.2095 53.2095 53.2095 
53.2095 53.2095 53.2095 53.2095 53.2095 53.2095 53.2095 53.2095 53.2095 53.2095 
53.2095 53.2095 53.2095 SCALARS Pc_MPa float 1
LOOKUP_TABLE default
60.2358 60.2358 60.2358 60.2358 60.2358 60.2358 60.2358 60.2358 60.2358 
60.2358 60.2358 60.2358 60.2358 60.2358 60.2358 60.2358 60.2358 60.2358 60.2358 
60.2358 60.2358 60.2358 60.2358 60.2358 60.2358 60.2358 60.2358 60.2358 60.2358 
60.2358 60.2358 60.2358 60.2358 60.2358 60.2358 60.2358 60.2358 60.2358 60.2358 
60.2358 60.2358 60.2358 60.2358 60.2358 60.2358 60.2358 60.2358 60.2358 60.2358 
60.2358 60.2358 60.2358 60.2358 60.2358 60.2358 60.2358 60.2358 60.2358 60.2358 
60.2358 60.2358 60.2358 60.2358 60.2358 60.2358 60.2358 60.2358 60.2358 60.2358 
60.2358 60.2358 60.2358 60.2358 60.2358 60.2358 60.2358 60.2358 60.2358 60.2358 
60.2358 60.2358 60.2358 60.2358 60.2358 60.2358 60.2358 60.2358 60.2358 60.2358 
60.2358 60.2358 60.2358 60.2358 60.2358 60.2358 60.2358 60.2358 60.2358 60.2358 
60.2358 60.2358 60.2358 60.2358 60.2358 60.2358 60.2358 60.2358 60.2358 60.2358 
60.2358 60.2358 60.2358 60.2358 60.2358 60.2358 60.2358 60.2358 60.2358 60.2358 
60.2358 60.2358 60.2358 60.2358 60.2358 60.2358 60.2358 60.2358 60.2358 60.2358 
60.2358 60.2358 60.2358 60.2358 60.2358 60.2358 60.2358 60.2358 60.2358 60.2358 
60.2358 60.2358 60.2358 60.2358 60.2358 60.2358 60.2358 60.2358 60.2358 60.2358 
60.2358 60.2358 60.2358 60.2358 60.2358 60.2358 60.2358 60.2358 60.2358 60.2358 
60.2358 60.2358 60.2358 60.2358 60.2358 60.2358 60.2358 60.2358 60.2358 60.2358 
60.2358 60.2358 60.2358 60.2358 60.2358 60.2358 60.2358 60.2358 60.2358 60.2358 
60.2358 60.2358 60.2358 60.2358 60.2358 60.2358 60.2358 60.2358 60.2358 60.2358 
60.2358 60.2358 60.2358 60.2358 60.2358 60.2358 60.2358 79.3177 79.3177 79.3177 
79.3177 79.3177 79.3177 79.3177 79.3177 79.3177 79.3177 79.3177 79.3177 79.3177 
79.3177 79.3177 79.3177 79.3177 79.3177 79.3177 79.3177 79.3177 79.3177 79.3177 
79.3177 79.3177 79.3177 79.3177 79.3177 79.3177 79.3177 79.3177 79.3177 79.3177 
79.3177 79.3177 79.3177 79.3177 79.3177 79.3177 79.3177 79.3177 79.3177 79.3177 
79.3177 79.3177 79.3177 79.3177 79.3177 79.3177 79.3177 79.3177 79.3177 79.3177 
79.3177 79.3177 79.3177 79.3177 79.3177 79.3177 79.3177 79.3177 79.3177 79.3177 
79.3177 79.3177 79.3177 79.3177 79.3177 79.3177 79.3177 79.3177 79.3177 79.3177 
79.3177 79.3177 79.3177 79.3177 79.3177 79.3177 79.3177 79.3177 79.3177 79.3177 
79.3177 79.3177 79.3177 79.3177 79.3177 79.3177 79.3177 79.3177 79.3177 79.3177 
79.3177 79.3177 79.3177 79.3177 79.3177 79.3177 79.3177 79.3177 79.3177 79.3177 
79.3177 79.3177 79.3177 79.3177 79.3177 79.3177 79.3177 79.3177 79.3177 79.3177 
79.3177 79.3177 79.3177 79.3177 79.3177 79.3177 79.3177 79.3177 79.3177 79.3177 
79.3177 79.3177 79.3177 79.3177 79.3177 79.3177 79.3177 79.3177 79.3177 79.3177 
79.3177 79.3177 79.3177 79.3177 79.3177 79.3177 79.3177 79.3177 79.3177 79.3177 
79.3177 79.3177 79.3177 79.3177 79.3177 79.3177 79.3177 79.3177 79.3177 79.3177 
79.3177 79.3177 79.3177 79.3177 79.3177 79.3177 79.3177 79.3177 79.3177 79.3177 
79.3177 79.3177 79.3177 79.3177 79.3177 79.3177 79.3177 79.3177 79.3177 79.3177 
79.3177 79.3177 79.3177 79.3177 79.3177 79.3177 79.3177 79.3177 79.3177 79.3177 
79.3177 79.3177 79.3177 79.3177 79.3177 79.3177 79.3177 79.3177 79.3177 79.3177 
79.3177 79.3177 79.3177 51.6647 51.6647 51.6647 51.6647 51.6647 51.6647 51.6647 
51.6647 51.6647 51.6647 51.6647 51.6647 51.6647 51.6647 51.6647 51.6647 51.6647 
51.6647 51.6647 51.6647 51.6647 51.6647 51.6647 51.6647 51.6647 51.6647 51.6647 
51.6647 51.6647 51.6647 51.6647 51.6647 51.6647 51.6647 51.6647 51.6647 51.6647 
51.6647 51.6647 51.6647 51.6647 51.6647 51.6647 51.6647 51.6647 51.6647 51.6647 
51.6647 51.6647 51.6647 51.6647 51.6647 51.6647 51.6647 51.6647 51.6647 51.6647 
51.6647 51.6647 51.6647 51.6647 51.6647 51.6647 51.6647 51.6647 51.6647 51.6647 
51.6647 51.6647 51.6647 51.6647 51.6647 51.6647 51.6647 51.6647 51.6647 51.6647 
51.6647 51.6647 51.6647 51.6647 51.6647 51.6647 51.6647 51.6647 51.6647 51.6647 
51.6647 51.6647 51.6647 51.6647 51.6647 51.6647 51.6647 51.6647 51.6647 51.6647 
51.6647 51.6647 51.6647 51.6647 51.6647 51.6647 51.6647 51.6647 51.6647 51.6647 
51.6647 51.6647 51.6647 51.6647 51.6647 51.6647 51.6647 51.6647 51.6647 51.6647 
51.6647 51.6647 51.6647 51.6647 51.6647 51.6647 51.6647 51.6647 51.6647 51.6647 
51.6647 51.6647 51.6647 51.6647 51.6647 51.6647 51.6647 51.6647 51.6647 51.6647 
51.6647 51.6647 51.6647 51.6647 51.6647 51.6647 51.6647 51.6647 51.6647 51.6647 
51.6647 51.6647 51.6647 51.6647 51.6647 51.6647 51.6647 51.6647 51.6647 51.6647 
51.6647 51.6647 51.6647 51.6647 51.6647 51.6647 51.6647 51.6647 51.6647 51.6647 
51.6647 51.6647 51.6647 51.6647 51.6647 51.6647 51.6647 51.6647 51.6647 51.6647 
51.6647 51.6647 51.6647 51.6647 51.6647 51.6647 51.6647 51.6647 51.6647 51.6647 
51.6647 51.6647 51.6647 51.6647 51.6647 51.6647 51.6647 51.6647 51.6647 62.9183 
62.9183 62.9183 62.9183 62.9183 62.9183 62.9183 62.9183 62.9183 62.9183 62.9183 
62.9183 62.9183 62.9183 62.9183 62.9183 62.9183 62.9183 62.9183 62.9183 62.9183 
62.9183 62.9183 62.9183 62.9183 62.9183 62.9183 62.9183 62.9183 62.9183 62.9183 
62.9183 62.9183 62.9183 62.9183 62.9183 62.9183 62.9183 62.9183 62.9183 62.9183 
62.9183 62.9183 62.9183 62.9183 62.9183 62.9183 62.9183 62.9183 62.9183 62.9183 
62.9183 62.9183 62.9183 62.9183 62.9183 62.9183 62.9183 62.9183 62.9183 62.9183 
62.9183 62.9183 62.9183 62.9183 62.9183 62.9183 62.9183 62.9183 62.9183 62.9183 
62.9183 62.9183 62.9183 62.9183 62.9183 62.9183 62.9183 62.9183 62.9183 62.9183 
62.9183 62.9183 62.9183 62.9183 62.9183 62.9183 62.9183 62.9183 62.9183 62.9183 
62.9183 62.9183 62.9183 62.9183 62.9183 62.9183 62.9183 62.9183 62.9183 62.9183 
62.9183 62.9183 62.9183 62.9183 62.9183 62.9183 62.9183 62.9183 62.9183 62.9183 
62.9183 62.9183 62.9183 62.9183 62.9183 62.9183 62.9183 62.9183 62.9183 62.9183 
62.9183 62.9183 62.9183 62.9183 62.9183 62.9183 62.9183 62.9183 62.9183 62.9183 
62.9183 62.9183 62.9183 62.9183 62.9183 62.9183 62.9183 62.9183 62.9183 62.9183 
62.9183 62.9183 62.9183 62.9183 62.9183 62.9183 62.9183 62.9183 62.9183 62.9183 
62.9183 62.9183 62.9183 62.9183 62.9183 62.9183 62.9183 62.9183 62.9183 62.9183 
62.9183 62.9183 62.9183 62.9183 62.9183 62.9183 62.9183 62.9183 62.9183 62.9183 
62.9183 62.9183 62.9183 62.9183 62.9183 62.9183 62.9183 62.9183 62.9183 62.9183 
62.9183 62.9183 62.9183 62.9183 62.9183 62.9183 62.9183 62.9183 62.9183 62.9183 
62.9183 62.9183 62.9183 62.9183 62.9183 63.3263 63.3263 63.3263 63.3263 63.3263 
63.3263 63.3263 63.3263 63.3263 63.3263 63.3263 63.3263 63.3263 63.3263 63.3263 
63.3263 63.3263 63.3263 63.3263 63.3263 63.3263 63.3263 63.3263 63.3263 63.3263 
63.3263 63.3263 63.3263 63.3263 63.3263 63.3263 63.3263 63.3263 63.3263 63.3263 
63.3263 63.3263 63.3263 63.3263 63.3263 63.3263 63.3263 63.3263 63.3263 63.3263 
63.3263 63.3263 63.3263 63.3263 63.3263 63.3263 63.3263 63.3263 63.3263 63.3263 
63.3263 63.3263 63.3263 63.3263 63.3263 63.3263 63.3263 63.3263 63.3263 63.3263 
63.3263 63.3263 63.3263 63.3263 63.3263 63.3263 63.3263 63.3263 63.3263 63.3263 
63.3263 63.3263 63.3263 63.3263 63.3263 63.3263 63.3263 63.3263 63.3263 63.3263 
63.3263 63.3263 63.3263 63.3263 63.3263 63.3263 63.3263 63.3263 63.3263 63.3263 
63.3263 63.3263 63.3263 63.3263 63.3263 63.3263 63.3263 63.3263 63.3263 63.3263 
63.3263 63.3263 63.3263 63.3263 63.3263 63.3263 63.3263 63.3263 63.3263 63.3263 
63.3263 63.3263 63.3263 63.3263 63.3263 63.3263 63.3263 63.3263 63.3263 63.3263 
63.3263 63.3263 63.3263 63.3263 63.3263 63.3263 63.3263 63.3263 63.3263 63.3263 
63.3263 63.3263 63.3263 63.3263 63.3263 63.3263 63.3263 63.3263 63.3263 63.3263 
63.3263 63.3263 63.3263 63.3263 63.3263 63.3263 63.3263 63.3263 63.3263 63.3263 
63.3263 63.3263 63.3263 63.3263 63.3263 63.3263 63.3263 63.3263 63.3263 63.3263 
63.3263 63.3263 63.3263 63.3263 63.3263 63.3263 63.3263 63.3263 63.3263 63.3263 
63.3263 63.3263 63.3263 63.3263 63.3263 63.3263 63.3263 63.3263 63.3263 63.3263 
63.3263 63.3263 63.3263 63.3263 63.3263 63.3263 63.3263 63.3263 63.3263 63.3263 
63.3263 54.2375 54.2375 54.2375 54.2375 54.2375 54.2375 54.2375 54.2375 54.2375 
54.2375 54.2375 54.2375 54.2375 54.2375 54.2375 54.2375 54.2375 54.2375 54.2375 
54.2375 54.2375 54.2375 54.2375 54.2375 54.2375 54.2375 54.2375 54.2375 54.2375 
54.2375 54.2375 54.2375 54.2375 54.2375 54.2375 54.2375 54.2375 54.2375 54.2375 
54.2375 54.2375 54.2375 54.2375 54.2375 54.2375 54.2375 54.2375 54.2375 54.2375 
54.2375 54.2375 54.2375 54.2375 54.2375 54.2375 54.2375 54.2375 54.2375 54.2375 
54.2375 54.2375 54.2375 54.2375 54.2375 54.2375 54.2375 54.2375 54.2375 54.2375 
54.2375 54.2375 54.2375 54.2375 54.2375 54.2375 54.2375 54.2375 54.2375 54.2375 
54.2375 54.2375 54.2375 54.2375 54.2375 54.2375 54.2375 54.2375 54.2375 54.2375 
54.2375 54.2375 54.2375 54.2375 54.2375 54.2375 54.2375 54.2375 54.2375 54.2375 
54.2375 54.2375 54.2375 54.2375 54.2375 54.2375 54.2375 54.2375 54.2375 54.2375 
54.2375 54.2375 54.2375 54.2375 54.2375 54.2375 54.2375 54.2375 54.2375 54.2375 
54.2375 54.2375 54.2375 54.2375 54.2375 54.2375 54.2375 54.2375 54.2375 54.2375 
54.2375 54.2375 54.2375 54.2375 54.2375 54.2375 54.2375 54.2375 54.2375 54.2375 
54.2375 54.2375 54.2375 54.2375 54.2375 54.2375 54.2375 54.2375 54.2375 54.2375 
54.2375 54.2375 54.2375 54.2375 54.2375 54.2375 54.2375 54.2375 54.2375 54.2375 
54.2375 54.2375 54.2375 54.2375 54.2375 54.2375 54.2375 54.2375 54.2375 54.2375 
54.2375 54.2375 54.2375 54.2375 54.2375 54.2375 54.2375 54.2375 54.2375 54.2375 
54.2375 54.2375 54.2375 54.2375 54.2375 54.2375 54.2375 54.2375 54.2375 54.2375 
54.2375 54.2375 54.2375 54.2375 54.2375 54.2375 54.2375 51.8467 51.8467 51.8467 
51.8467 51.8467 51.8467 51.8467 51.8467 51.8467 51.8467 51.8467 51.8467 51.8467 
51.8467 51.8467 51.8467 51.8467 51.8467 51.8467 51.8467 51.8467 51.8467 51.8467 
51.8467 51.8467 51.8467 51.8467 51.8467 51.8467 51.8467 51.8467 51.8467 51.8467 
51.8467 51.8467 51.8467 51.8467 51.8467 51.8467 51.8467 51.8467 51.8467 51.8467 
51.8467 51.8467 51.8467 51.8467 51.8467 51.8467 51.8467 51.8467 51.8467 51.8467 
51.8467 51.8467 51.8467 51.8467 51.8467 51.8467 51.8467 51.8467 51.8467 51.8467 
51.8467 51.8467 51.8467 51.8467 51.8467 51.8467 51.8467 51.8467 51.8467 51.8467 
51.8467 51.8467 51.8467 51.8467 51.8467 51.8467 51.8467 51.8467 51.8467 51.8467 
51.8467 51.8467 51.8467 51.8467 51.8467 51.8467 51.8467 51.8467 51.8467 51.8467 
51.8467 51.8467 51.8467 51.8467 51.8467 51.8467 51.8467 51.8467 51.8467 51.8467 
51.8467 51.8467 51.8467 51.8467 51.8467 51.8467 51.8467 51.8467 51.8467 51.8467 
51.8467 51.8467 51.8467 51.8467 51.8467 51.8467 51.8467 51.8467 51.8467 51.8467 
51.8467 51.8467 51.8467 51.8467 51.8467 51.8467 51.8467 51.8467 51.8467 51.8467 
51.8467 51.8467 51.8467 51.8467 51.8467 51.8467 51.8467 51.8467 51.8467 51.8467 
51.8467 51.8467 51.8467 51.8467 51.8467 51.8467 51.8467 51.8467 51.8467 51.8467 
51.8467 51.8467 51.8467 51.8467 51.8467 51.8467 51.8467 51.8467 51.8467 51.8467 
51.8467 51.8467 51.8467 51.8467 51.8467 51.8467 51.8467 51.8467 51.8467 51.8467 
51.8467 51.8467 51.8467 51.8467 51.8467 51.8467 51.8467 51.8467 51.8467 51.8467 
51.8467 51.8467 51.8467 51.8467 51.8467 51.8467 51.8467 51.8467 51.8467 51.8467 
51.8467 51.8467 51.8467 64.7917 64.7917 64.7917 64.7917 64.7917 64.7917 64.7917 
64.7917 64.7917 64.7917 64.7917 64.7917 64.7917 64.7917 64.7917 64.7917 64.7917 
64.7917 64.7917 64.7917 64.7917 64.7917 64.7917 64.7917 64.7917 64.7917 64.7917 
64.7917 64.7917 64.7917 64.7917 64.7917 64.7917 64.7917 64.7917 64.7917 64.7917 
64.7917 64.7917 64.7917 64.7917 64.7917 64.7917 64.7917 64.7917 64.7917 64.7917 
64.7917 64.7917 64.7917 64.7917 64.7917 64.7917 64.7917 64.7917 64.7917 64.7917 
64.7917 64.7917 64.7917 64.7917 64.7917 64.7917 64.7917 64.7917 64.7917 64.7917 
64.7917 64.7917 64.7917 64.7917 64.7917 64.7917 64.7917 64.7917 64.7917 64.7917 
64.7917 64.7917 64.7917 64.7917 64.7917 64.7917 64.7917 64.7917 64.7917 64.7917 
64.7917 64.7917 64.7917 64.7917 64.7917 64.7917 64.7917 64.7917 64.7917 64.7917 
64.7917 64.7917 64.7917 64.7917 64.7917 64.7917 64.7917 64.7917 64.7917 64.7917 
64.7917 64.7917 64.7917 64.7917 64.7917 64.7917 64.7917 64.7917 64.7917 64.7917 
64.7917 64.7917 64.7917 64.7917 64.7917 64.7917 64.7917 64.7917 64.7917 64.7917 
64.7917 64.7917 64.7917 64.7917 64.7917 64.7917 64.7917 64.7917 64.7917 64.7917 
64.7917 64.7917 64.7917 64.7917 64.7917 64.7917 64.7917 64.7917 64.7917 64.7917 
64.7917 64.7917 64.7917 64.7917 64.7917 64.7917 64.7917 64.7917 64.7917 64.7917 
64.7917 64.7917 64.7917 64.7917 64.7917 64.7917 64.7917 64.7917 64.7917 64.7917 
64.7917 64.7917 64.7917 64.7917 64.7917 64.7917 64.7917 64.7917 64.7917 64.7917 
64.7917 64.7917 64.7917 64.7917 64.7917 64.7917 64.7917 64.7917 64.7917 64.7917 
64.7917 64.7917 64.7917 64.7917 64.7917 64.7917 64.7917 64.7917 64.7917 79.4638 
79.4638 79.4638 79.4638 79.4638 79.4638 79.4638 79.4638 79.4638 79.4638 79.4638 
79.4638 79.4638 79.4638 79.4638 79.4638 79.4638 79.4638 79.4638 79.4638 79.4638 
79.4638 79.4638 79.4638 79.4638 79.4638 79.4638 79.4638 79.4638 79.4638 79.4638 
79.4638 79.4638 79.4638 79.4638 79.4638 79.4638 79.4638 79.4638 79.4638 79.4638 
79.4638 79.4638 79.4638 79.4638 79.4638 79.4638 79.4638 79.4638 79.4638 79.4638 
79.4638 79.4638 79.4638 79.4638 79.4638 79.4638 79.4638 79.4638 79.4638 79.4638 
79.4638 79.4638 79.4638 79.4638 79.4638 79.4638 79.4638 79.4638 79.4638 79.4638 
79.4638 79.4638 79.4638 79.4638 79.4638 79.4638 79.4638 79.4638 79.4638 79.4638 
79.4638 79.4638 79.4638 79.4638 79.4638 79.4638 79.4638 79.4638 79.4638 79.4638 
79.4638 79.4638 79.4638 79.4638 79.4638 79.4638 79.4638 79.4638 79.4638 79.4638 
79.4638 79.4638 79.4638 79.4638 79.4638 79.4638 79.4638 79.4638 79.4638 79.4638 
79.4638 79.4638 79.4638 79.4638 79.4638 79.4638 79.4638 79.4638 79.4638 79.4638 
79.4638 79.4638 79.4638 79.4638 79.4638 79.4638 79.4638 79.4638 79.4638 79.4638 
79.4638 79.4638 79.4638 79.4638 79.4638 79.4638 79.4638 79.4638 79.4638 79.4638 
79.4638 79.4638 79.4638 79.4638 79.4638 79.4638 79.4638 79.4638 79.4638 79.4638 
79.4638 79.4638 79.4638 79.4638 79.4638 79.4638 79.4638 79.4638 79.4638 79.4638 
79.4638 79.4638 79.4638 79.4638 79.4638 79.4638 79.4638 79.4638 79.4638 79.4638 
79.4638 79.4638 79.4638 79.4638 79.4638 79.4638 79.4638 79.4638 79.4638 79.4638 
79.4638 79.4638 79.4638 79.4638 79.4638 79.4638 79.4638 79.4638 79.4638 79.4638 
79.4638 79.4638 79.4638 79.4638 79.4638 74.2829 74.2829 74.2829 74.2829 74.2829 
74.2829 74.2829 74.2829 74.2829 74.2829 74.2829 74.2829 74.2829 74.2829 74.2829 
74.2829 74.2829 74.2829 74.2829 74.2829 74.2829 74.2829 74.2829 74.2829 74.2829 
74.2829 74.2829 74.2829 74.2829 74.2829 74.2829 74.2829 74.2829 74.2829 74.2829 
74.2829 74.2829 74.2829 74.2829 74.2829 74.2829 74.2829 74.2829 74.2829 74.2829 
74.2829 74.2829 74.2829 74.2829 74.2829 74.2829 74.2829 74.2829 74.2829 74.2829 
74.2829 74.2829 74.2829 74.2829 74.2829 74.2829 74.2829 74.2829 74.2829 74.2829 
74.2829 74.2829 74.2829 74.2829 74.2829 74.2829 74.2829 74.2829 74.2829 74.2829 
74.2829 74.2829 74.2829 74.2829 74.2829 74.2829 74.2829 74.2829 74.2829 74.2829 
74.2829 74.2829 74.2829 74.2829 74.2829 74.2829 74.2829 74.2829 74.2829 74.2829 
74.2829 74.2829 74.2829 74.2829 74.2829 74.2829 74.2829 74.2829 74.2829 74.2829 
74.2829 74.2829 74.2829 74.2829 74.2829 74.2829 74.2829 74.2829 74.2829 74.2829 
74.2829 74.2829 74.2829 74.2829 74.2829 74.2829 74.2829 74.2829 74.2829 74.2829 
74.2829 74.2829 74.2829 74.2829 74.2829 74.2829 74.2829 74.2829 74.2829 74.2829 
74.2829 74.2829 74.2829 74.2829 74.2829 74.2829 74.2829 74.2829 74.2829 74.2829 
74.2829 74.2829 74.2829 74.2829 74.2829 74.2829 74.2829 74.2829 74.2829 74.2829 
74.2829 74.2829 74.2829 74.2829 74.2829 74.2829 74.2829 74.2829 74.2829 74.2829 
74.2829 74.2829 74.2829 74.2829 74.2829 74.2829 74.2829 74.2829 74.2829 74.2829 
74.2829 74.2829 74.2829 74.2829 74.2829 74.2829 74.2829 74.2829 74.2829 74.2829 
74.2829 74.2829 74.2829 74.2829 74.2829 74.2829 74.2829 74.2829 74.2829 74.2829 
74.2829 78.9437 78.9437 78.9437 78.9437 78.9437 78.9437 78.9437 78.9437 78.9437 
78.9437 78.9437 78.9437 78.9437 78.9437 78.9437 78.9437 78.9437 78.9437 78.9437 
78.9437 78.9437 78.9437 78.9437 78.9437 78.9437 78.9437 78.9437 78.9437 78.9437 
78.9437 78.9437 78.9437 78.9437 78.9437 78.9437 78.9437 78.9437 78.9437 78.9437 
78.9437 78.9437 78.9437 78.9437 78.9437 78.9437 78.9437 78.9437 78.9437 78.9437 
78.9437 78.9437 78.9437 78.9437 78.9437 78.9437 78.9437 78.9437 78.9437 78.9437 
78.9437 78.9437 78.9437 78.9437 78.9437 78.9437 78.9437 78.9437 78.9437 78.9437 
78.9437 78.9437 78.9437 78.9437 78.9437 78.9437 78.9437 78.9437 78.9437 78.9437 
78.9437 78.9437 78.9437 78.9437 78.9437 78.9437 78.9437 78.9437 78.9437 78.9437 
78.9437 78.9437 78.9437 78.9437 78.9437 78.9437 78.9437 78.9437 78.9437 78.9437 
78.9437 78.9437 78.9437 78.9437 78.9437 78.9437 78.9437 78.9437 78.9437 78.9437 
78.9437 78.9437 78.9437 78.9437 78.9437 78.9437 78.9437 78.9437 78.9437 78.9437 
78.9437 78.9437 78.9437 78.9437 78.9437 78.9437 78.9437 78.9437 78.9437 78.9437 
78.9437 78.9437 78.9437 78.9437 78.9437 78.9437 78.9437 78.9437 78.9437 78.9437 
78.9437 78.9437 78.9437 78.9437 78.9437 78.9437 78.9437 78.9437 78.9437 78.9437 
78.9437 78.9437 78.9437 78.9437 78.9437 78.9437 78.9437 78.9437 78.9437 78.9437 
78.9437 78.9437 78.9437 78.9437 78.9437 78.9437 78.9437 78.9437 78.9437 78.9437 
78.9437 78.9437 78.9437 78.9437 78.9437 78.9437 78.9437 78.9437 78.9437 78.9437 
78.9437 78.9437 78.9437 78.9437 78.9437 78.9437 78.9437 78.9437 78.9437 78.9437 
78.9437 78.9437 78.9437 78.9437 78.9437 78.9437 78.9437 78.2565 78.2565 78.2565 
78.2565 78.2565 78.2565 78.2565 78.2565 78.2565 78.2565 78.2565 78.2565 78.2565 
78.2565 78.2565 78.2565 78.2565 78.2565 78.2565 78.2565 78.2565 78.2565 78.2565 
78.2565 78.2565 78.2565 78.2565 78.2565 78.2565 78.2565 78.2565 78.2565 78.2565 
78.2565 78.2565 78.2565 78.2565 78.2565 78.2565 78.2565 78.2565 78.2565 78.2565 
78.2565 78.2565 78.2565 78.2565 78.2565 78.2565 78.2565 78.2565 78.2565 78.2565 
78.2565 78.2565 78.2565 78.2565 78.2565 78.2565 78.2565 78.2565 78.2565 78.2565 
78.2565 78.2565 78.2565 78.2565 78.2565 78.2565 78.2565 78.2565 78.2565 78.2565 
78.2565 78.2565 78.2565 78.2565 78.2565 78.2565 78.2565 78.2565 78.2565 78.2565 
78.2565 78.2565 78.2565 78.2565 78.2565 78.2565 78.2565 78.2565 78.2565 78.2565 
78.2565 78.2565 78.2565 78.2565 78.2565 78.2565 78.2565 78.2565 78.2565 78.2565 
78.2565 78.2565 78.2565 78.2565 78.2565 78.2565 78.2565 78.2565 78.2565 78.2565 
78.2565 78.2565 78.2565 78.2565 78.2565 78.2565 78.2565 78.2565 78.2565 78.2565 
78.2565 78.2565 78.2565 78.2565 78.2565 78.2565 78.2565 78.2565 78.2565 78.2565 
78.2565 78.2565 78.2565 78.2565 78.2565 78.2565 78.2565 78.2565 78.2565 78.2565 
78.2565 78.2565 78.2565 78.2565 78.2565 78.2565 78.2565 78.2565 78.2565 78.2565 
78.2565 78.2565 78.2565 78.2565 78.2565 78.2565 78.2565 78.2565 78.2565 78.2565 
78.2565 78.2565 78.2565 78.2565 78.2565 78.2565 78.2565 78.2565 78.2565 78.2565 
78.2565 78.2565 78.2565 78.2565 78.2565 78.2565 78.2565 78.2565 78.2565 78.2565 
78.2565 78.2565 78.2565 78.2565 78.2565 78.2565 78.2565 78.2565 78.2565 78.2565 
78.2565 78.2565 78.2565 81.6185 81.6185 81.6185 81.6185 81.6185 81.6185 81.6185 
81.6185 81.6185 81.6185 81.6185 81.6185 81.6185 81.6185 81.6185 81.6185 81.6185 
81.6185 81.6185 81.6185 81.6185 81.6185 81.6185 81.6185 81.6185 81.6185 81.6185 
81.6185 81.6185 81.6185 81.6185 81.6185 81.6185 81.6185 81.6185 81.6185 81.6185 
81.6185 81.6185 81.6185 81.6185 81.6185 81.6185 81.6185 81.6185 81.6185 81.6185 
81.6185 81.6185 81.6185 81.6185 81.6185 81.6185 81.6185 81.6185 81.6185 81.6185 
81.6185 81.6185 81.6185 81.6185 81.6185 81.6185 81.6185 81.6185 81.6185 81.6185 
81.6185 81.6185 81.6185 81.6185 81.6185 81.6185 81.6185 81.6185 81.6185 81.6185 
81.6185 81.6185 81.6185 81.6185 81.6185 81.6185 81.6185 81.6185 81.6185 81.6185 
81.6185 81.6185 81.6185 81.6185 81.6185 81.6185 81.6185 81.6185 81.6185 81.6185 
81.6185 81.6185 81.6185 81.6185 81.6185 81.6185 81.6185 81.6185 81.6185 81.6185 
81.6185 81.6185 81.6185 81.6185 81.6185 81.6185 81.6185 81.6185 81.6185 81.6185 
81.6185 81.6185 81.6185 81.6185 81.6185 81.6185 81.6185 81.6185 81.6185 81.6185 
81.6185 81.6185 81.6185 81.6185 81.6185 81.6185 81.6185 81.6185 81.6185 81.6185 
81.6185 81.6185 81.6185 81.6185 81.6185 81.6185 81.6185 81.6185 81.6185 81.6185 
81.6185 81.6185 81.6185 81.6185 81.6185 81.6185 81.6185 81.6185 81.6185 81.6185 
81.6185 81.6185 81.6185 81.6185 81.6185 81.6185 81.6185 81.6185 81.6185 81.6185 
81.6185 81.6185 81.6185 81.6185 81.6185 81.6185 81.6185 81.6185 81.6185 81.6185 
81.6185 81.6185 81.6185 81.6185 81.6185 81.6185 81.6185 81.6185 81.6185 81.6185 
81.6185 81.6185 81.6185 81.6185 81.6185 81.6185 81.6185 81.6185 81.6185 81.6212 
81.6212 81.6212 81.6212 81.6212 81.6212 81.6212 81.6212 81.6212 81.6212 81.6212 
81.6212 81.6212 81.6212 81.6212 81.6212 81.6212 81.6212 81.6212 81.6212 81.6212 
81.6212 81.6212 81.6212 81.6212 81.6212 81.6212 81.6212 81.6212 81.6212 81.6212 
81.6212 81.6212 81.6212 81.6212 81.6212 81.6212 81.6212 81.6212 81.6212 81.6212 
81.6212 81.6212 81.6212 81.6212 81.6212 81.6212 81.6212 81.6212 81.6212 81.6212 
81.6212 81.6212 81.6212 81.6212 81.6212 81.6212 81.6212 81.6212 81.6212 81.6212 
81.6212 81.6212 81.6212 81.6212 81.6212 81.6212 81.6212 81.6212 81.6212 81.6212 
81.6212 81.6212 81.6212 81.6212 81.6212 81.6212 81.6212 81.6212 81.6212 81.6212 
81.6212 81.6212 81.6212 81.6212 81.6212 81.6212 81.6212 81.6212 81.6212 81.6212 
81.6212 81.6212 81.6212 81.6212 81.6212 81.6212 81.6212 81.6212 81.6212 81.6212 
81.6212 81.6212 81.6212 81.6212 81.6212 81.6212 81.6212 81.6212 81.6212 81.6212 
81.6212 81.6212 81.6212 81.6212 81.6212 81.6212 81.6212 81.6212 81.6212 81.6212 
81.6212 81.6212 81.6212 81.6212 81.6212 81.6212 81.6212 81.6212 81.6212 81.6212 
81.6212 81.6212 81.6212 81.6212 81.6212 81.6212 81.6212 81.6212 81.6212 81.6212 
81.6212 81.6212 81.6212 81.6212 81.6212 81.6212 81.6212 81.6212 81.6212 81.6212 
81.6212 81.6212 81.6212 81.6212 81.6212 81.6212 81.6212 81.6212 81.6212 81.6212 
81.6212 81.6212 81.6212 81.6212 81.6212 81.6212 81.6212 81.6212 81.6212 81.6212 
81.6212 81.6212 81.6212 81.6212 81.6212 81.6212 81.6212 81.6212 81.6212 81.6212 
81.6212 81.6212 81.6212 81.6212 81.6212 81.6212 81.6212 81.6212 81.6212 81.6212 
81.6212 81.6212 81.6212 81.6212 81.6212 78.3261 78.3261 78.3261 78.3261 78.3261 
78.3261 78.3261 78.3261 78.3261 78.3261 78.3261 78.3261 78.3261 78.3261 78.3261 
78.3261 78.3261 78.3261 78.3261 78.3261 78.3261 78.3261 78.3261 78.3261 78.3261 
78.3261 78.3261 78.3261 78.3261 78.3261 78.3261 78.3261 78.3261 78.3261 78.3261 
78.3261 78.3261 78.3261 78.3261 78.3261 78.3261 78.3261 78.3261 78.3261 78.3261 
78.3261 78.3261 78.3261 78.3261 78.3261 78.3261 78.3261 78.3261 78.3261 78.3261 
78.3261 78.3261 78.3261 78.3261 78.3261 78.3261 78.3261 78.3261 78.3261 78.3261 
78.3261 78.3261 78.3261 78.3261 78.3261 78.3261 78.3261 78.3261 78.3261 78.3261 
78.3261 78.3261 78.3261 78.3261 78.3261 78.3261 78.3261 78.3261 78.3261 78.3261 
78.3261 78.3261 78.3261 78.3261 78.3261 78.3261 78.3261 78.3261 78.3261 78.3261 
78.3261 78.3261 78.3261 78.3261 78.3261 78.3261 78.3261 78.3261 78.3261 78.3261 
78.3261 78.3261 78.3261 78.3261 78.3261 78.3261 78.3261 78.3261 78.3261 78.3261 
78.3261 78.3261 78.3261 78.3261 78.3261 78.3261 78.3261 78.3261 78.3261 78.3261 
78.3261 78.3261 78.3261 78.3261 78.3261 78.3261 78.3261 78.3261 78.3261 78.3261 
78.3261 78.3261 78.3261 78.3261 78.3261 78.3261 78.3261 78.3261 78.3261 78.3261 
78.3261 78.3261 78.3261 78.3261 78.3261 78.3261 78.3261 78.3261 78.3261 78.3261 
78.3261 78.3261 78.3261 78.3261 78.3261 78.3261 78.3261 78.3261 78.3261 78.3261 
78.3261 78.3261 78.3261 78.3261 78.3261 78.3261 78.3261 78.3261 78.3261 78.3261 
78.3261 78.3261 78.3261 78.3261 78.3261 78.3261 78.3261 78.3261 78.3261 78.3261 
78.3261 78.3261 78.3261 78.3261 78.3261 78.3261 78.3261 78.3261 78.3261 78.3261 
78.3261 53.4875 53.4875 53.4875 53.4875 53.4875 53.4875 53.4875 53.4875 53.4875 
53.4875 53.4875 53.4875 53.4875 53.4875 53.4875 53.4875 53.4875 53.4875 53.4875 
53.4875 53.4875 53.4875 53.4875 53.4875 53.4875 53.4875 53.4875 53.4875 53.4875 
53.4875 53.4875 53.4875 53.4875 53.4875 53.4875 53.4875 53.4875 53.4875 53.4875 
53.4875 53.4875 53.4875 53.4875 53.4875 53.4875 53.4875 53.4875 53.4875 53.4875 
53.4875 53.4875 53.4875 53.4875 53.4875 53.4875 53.4875 53.4875 53.4875 53.4875 
53.4875 53.4875 53.4875 53.4875 53.4875 53.4875 53.4875 53.4875 53.4875 53.4875 
53.4875 53.4875 53.4875 53.4875 53.4875 53.4875 53.4875 53.4875 53.4875 53.4875 
53.4875 53.4875 53.4875 53.4875 53.4875 53.4875 53.4875 53.4875 53.4875 53.4875 
53.4875 53.4875 53.4875 53.4875 53.4875 53.4875 53.4875 53.4875 53.4875 53.4875 
53.4875 53.4875 53.4875 53.4875 53.4875 53.4875 53.4875 53.4875 53.4875 53.4875 
53.4875 53.4875 53.4875 53.4875 53.4875 53.4875 53.4875 53.4875 53.4875 53.4875 
53.4875 53.4875 53.4875 53.4875 53.4875 53.4875 53.4875 53.4875 53.4875 53.4875 
53.4875 53.4875 53.4875 53.4875 53.4875 53.4875 53.4875 53.4875 53.4875 53.4875 
53.4875 53.4875 53.4875 53.4875 53.4875 53.4875 53.4875 53.4875 53.4875 53.4875 
53.4875 53.4875 53.4875 53.4875 53.4875 53.4875 53.4875 53.4875 53.4875 53.4875 
53.4875 53.4875 53.4875 53.4875 53.4875 53.4875 53.4875 53.4875 53.4875 53.4875 
53.4875 53.4875 53.4875 53.4875 53.4875 53.4875 53.4875 53.4875 53.4875 53.4875 
53.4875 53.4875 53.4875 53.4875 53.4875 53.4875 53.4875 53.4875 53.4875 53.4875 
53.4875 53.4875 53.4875 53.4875 53.4875 53.4875 53.4875 53.4749 53.4749 53.4749 
53.4749 53.4749 53.4749 53.4749 53.4749 53.4749 53.4749 53.4749 53.4749 53.4749 
53.4749 53.4749 53.4749 53.4749 53.4749 53.4749 53.4749 53.4749 53.4749 53.4749 
53.4749 53.4749 53.4749 53.4749 53.4749 53.4749 53.4749 53.4749 53.4749 53.4749 
53.4749 53.4749 53.4749 53.4749 53.4749 53.4749 53.4749 53.4749 53.4749 53.4749 
53.4749 53.4749 53.4749 53.4749 53.4749 53.4749 53.4749 53.4749 53.4749 53.4749 
53.4749 53.4749 53.4749 53.4749 53.4749 53.4749 53.4749 53.4749 53.4749 53.4749 
53.4749 53.4749 53.4749 53.4749 53.4749 53.4749 53.4749 53.4749 53.4749 53.4749 
53.4749 53.4749 53.4749 53.4749 53.4749 53.4749 53.4749 53.4749 53.4749 53.4749 
53.4749 53.4749 53.4749 53.4749 53.4749 53.4749 53.4749 53.4749 53.4749 53.4749 
53.4749 53.4749 53.4749 53.4749 53.4749 53.4749 53.4749 53.4749 53.4749 53.4749 
53.4749 53.4749 53.4749 53.4749 53.4749 53.4749 53.4749 53.4749 53.4749 53.4749 
53.4749 53.4749 53.4749 53.4749 53.4749 53.4749 53.4749 53.4749 53.4749 53.4749 
53.4749 53.4749 53.4749 53.4749 53.4749 53.4749 53.4749 53.4749 53.4749 53.4749 
53.4749 53.4749 53.4749 53.4749 53.4749 53.4749 53.4749 53.4749 53.4749 53.4749 
53.4749 53.4749 53.4749 53.4749 53.4749 53.4749 53.4749 53.4749 53.4749 53.4749 
53.4749 53.4749 53.4749 53.4749 53.4749 53.4749 53.4749 53.4749 53.4749 53.4749 
53.4749 53.4749 53.4749 53.4749 53.4749 53.4749 53.4749 53.4749 53.4749 53.4749 
53.4749 53.4749 53.4749 53.4749 53.4749 53.4749 53.4749 53.4749 53.4749 53.4749 
53.4749 53.4749 53.4749 53.4749 53.4749 53.4749 53.4749 53.4749 53.4749 53.4749 
53.4749 53.4749 53.4749 53.4706 53.4706 53.4706 53.4706 53.4706 53.4706 53.4706 
53.4706 53.4706 53.4706 53.4706 53.4706 53.4706 53.4706 53.4706 53.4706 53.4706 
53.4706 53.4706 53.4706 53.4706 53.4706 53.4706 53.4706 53.4706 53.4706 53.4706 
53.4706 53.4706 53.4706 53.4706 53.4706 53.4706 53.4706 53.4706 53.4706 53.4706 
53.4706 53.4706 53.4706 53.4706 53.4706 53.4706 53.4706 53.4706 53.4706 53.4706 
53.4706 53.4706 53.4706 53.4706 53.4706 53.4706 53.4706 53.4706 53.4706 53.4706 
53.4706 53.4706 53.4706 53.4706 53.4706 53.4706 53.4706 53.4706 53.4706 53.4706 
53.4706 53.4706 53.4706 53.4706 53.4706 53.4706 53.4706 53.4706 53.4706 53.4706 
53.4706 53.4706 53.4706 53.4706 53.4706 53.4706 53.4706 53.4706 53.4706 53.4706 
53.4706 53.4706 53.4706 53.4706 53.4706 53.4706 53.4706 53.4706 53.4706 53.4706 
53.4706 53.4706 53.4706 53.4706 53.4706 53.4706 53.4706 53.4706 53.4706 53.4706 
53.4706 53.4706 53.4706 53.4706 53.4706 53.4706 53.4706 53.4706 53.4706 53.4706 
53.4706 53.4706 53.4706 53.4706 53.4706 53.4706 53.4706 53.4706 53.4706 53.4706 
53.4706 53.4706 53.4706 53.4706 53.4706 53.4706 53.4706 53.4706 53.4706 53.4706 
53.4706 53.4706 53.4706 53.4706 53.4706 53.4706 53.4706 53.4706 53.4706 53.4706 
53.4706 53.4706 53.4706 53.4706 53.4706 53.4706 53.4706 53.4706 53.4706 53.4706 
53.4706 53.4706 53.4706 53.4706 53.4706 53.4706 53.4706 53.4706 53.4706 53.4706 
53.4706 53.4706 53.4706 53.4706 53.4706 53.4706 53.4706 53.4706 53.4706 53.4706 
53.4706 53.4706 53.4706 53.4706 53.4706 53.4706 53.4706 53.4706 53.4706 53.4706 
53.4706 53.4706 53.4706 53.4706 53.4706 53.4706 53.4706 53.4706 53.4706 53.4738 
53.4738 53.4738 53.4738 53.4738 53.4738 53.4738 53.4738 53.4738 53.4738 53.4738 
53.4738 53.4738 53.4738 53.4738 53.4738 53.4738 53.4738 53.4738 53.4738 53.4738 
53.4738 53.4738 53.4738 53.4738 53.4738 53.4738 53.4738 53.4738 53.4738 53.4738 
53.4738 53.4738 53.4738 53.4738 53.4738 53.4738 53.4738 53.4738 53.4738 53.4738 
53.4738 53.4738 53.4738 53.4738 53.4738 53.4738 53.4738 53.4738 53.4738 53.4738 
53.4738 53.4738 53.4738 53.4738 53.4738 53.4738 53.4738 53.4738 53.4738 53.4738 
53.4738 53.4738 53.4738 53.4738 53.4738 53.4738 53.4738 53.4738 53.4738 53.4738 
53.4738 53.4738 53.4738 53.4738 53.4738 53.4738 53.4738 53.4738 53.4738 53.4738 
53.4738 53.4738 53.4738 53.4738 53.4738 53.4738 53.4738 53.4738 53.4738 53.4738 
53.4738 53.4738 53.4738 53.4738 53.4738 53.4738 53.4738 53.4738 53.4738 53.4738 
53.4738 53.4738 53.4738 53.4738 53.4738 53.4738 53.4738 53.4738 53.4738 53.4738 
53.4738 53.4738 53.4738 53.4738 53.4738 53.4738 53.4738 53.4738 53.4738 53.4738 
53.4738 53.4738 53.4738 53.4738 53.4738 53.4738 53.4738 53.4738 53.4738 53.4738 
53.4738 53.4738 53.4738 53.4738 53.4738 53.4738 53.4738 53.4738 53.4738 53.4738 
53.4738 53.4738 53.4738 53.4738 53.4738 53.4738 53.4738 53.4738 53.4738 53.4738 
53.4738 53.4738 53.4738 53.4738 53.4738 53.4738 53.4738 53.4738 53.4738 53.4738 
53.4738 53.4738 53.4738 53.4738 53.4738 53.4738 53.4738 53.4738 53.4738 53.4738 
53.4738 53.4738 53.4738 53.4738 53.4738 53.4738 53.4738 53.4738 53.4738 53.4738 
53.4738 53.4738 53.4738 53.4738 53.4738 53.4738 53.4738 53.4738 53.4738 53.4738 
53.4738 53.4738 53.4738 53.4738 53.4738 53.4695 53.4695 53.4695 53.4695 53.4695 
53.4695 53.4695 53.4695 53.4695 53.4695 53.4695 53.4695 53.4695 53.4695 53.4695 
53.4695 53.4695 53.4695 53.4695 53.4695 53.4695 53.4695 53.4695 53.4695 53.4695 
53.4695 53.4695 53.4695 53.4695 53.4695 53.4695 53.4695 53.4695 53.4695 53.4695 
53.4695 53.4695 53.4695 53.4695 53.4695 53.4695 53.4695 53.4695 53.4695 53.4695 
53.4695 53.4695 53.4695 53.4695 53.4695 53.4695 53.4695 53.4695 53.4695 53.4695 
53.4695 53.4695 53.4695 53.4695 53.4695 53.4695 53.4695 53.4695 53.4695 53.4695 
53.4695 53.4695 53.4695 53.4695 53.4695 53.4695 53.4695 53.4695 53.4695 53.4695 
53.4695 53.4695 53.4695 53.4695 53.4695 53.4695 53.4695 53.4695 53.4695 53.4695 
53.4695 53.4695 53.4695 53.4695 53.4695 53.4695 53.4695 53.4695 53.4695 53.4695 
53.4695 53.4695 53.4695 53.4695 53.4695 53.4695 53.4695 53.4695 53.4695 53.4695 
53.4695 53.4695 53.4695 53.4695 53.4695 53.4695 53.4695 53.4695 53.4695 53.4695 
53.4695 53.4695 53.4695 53.4695 53.4695 53.4695 53.4695 53.4695 53.4695 53.4695 
53.4695 53.4695 53.4695 53.4695 53.4695 53.4695 53.4695 53.4695 53.4695 53.4695 
53.4695 53.4695 53.4695 53.4695 53.4695 53.4695 53.4695 53.4695 53.4695 53.4695 
53.4695 53.4695 53.4695 53.4695 53.4695 53.4695 53.4695 53.4695 53.4695 53.4695 
53.4695 53.4695 53.4695 53.4695 53.4695 53.4695 53.4695 53.4695 53.4695 53.4695 
53.4695 53.4695 53.4695 53.4695 53.4695 53.4695 53.4695 53.4695 53.4695 53.4695 
53.4695 53.4695 53.4695 53.4695 53.4695 53.4695 53.4695 53.4695 53.4695 53.4695 
53.4695 53.4695 53.4695 53.4695 53.4695 53.4695 53.4695 53.4695 53.4695 53.4695 
53.4695 53.4821 53.4821 53.4821 53.4821 53.4821 53.4821 53.4821 53.4821 53.4821 
53.4821 53.4821 53.4821 53.4821 53.4821 53.4821 53.4821 53.4821 53.4821 53.4821 
53.4821 53.4821 53.4821 53.4821 53.4821 53.4821 53.4821 53.4821 53.4821 53.4821 
53.4821 53.4821 53.4821 53.4821 53.4821 53.4821 53.4821 53.4821 53.4821 53.4821 
53.4821 53.4821 53.4821 53.4821 53.4821 53.4821 53.4821 53.4821 53.4821 53.4821 
53.4821 53.4821 53.4821 53.4821 53.4821 53.4821 53.4821 53.4821 53.4821 53.4821 
53.4821 53.4821 53.4821 53.4821 53.4821 53.4821 53.4821 53.4821 53.4821 53.4821 
53.4821 53.4821 53.4821 53.4821 53.4821 53.4821 53.4821 53.4821 53.4821 53.4821 
53.4821 53.4821 53.4821 53.4821 53.4821 53.4821 53.4821 53.4821 53.4821 53.4821 
53.4821 53.4821 53.4821 53.4821 53.4821 53.4821 53.4821 53.4821 53.4821 53.4821 
53.4821 53.4821 53.4821 53.4821 53.4821 53.4821 53.4821 53.4821 53.4821 53.4821 
53.4821 53.4821 53.4821 53.4821 53.4821 53.4821 53.4821 53.4821 53.4821 53.4821 
53.4821 53.4821 53.4821 53.4821 53.4821 53.4821 53.4821 53.4821 53.4821 53.4821 
53.4821 53.4821 53.4821 53.4821 53.4821 53.4821 53.4821 53.4821 53.4821 53.4821 
53.4821 53.4821 53.4821 53.4821 53.4821 53.4821 53.4821 53.4821 53.4821 53.4821 
53.4821 53.4821 53.4821 53.4821 53.4821 53.4821 53.4821 53.4821 53.4821 53.4821 
53.4821 53.4821 53.4821 53.4821 53.4821 53.4821 53.4821 53.4821 53.4821 53.4821 
53.4821 53.4821 53.4821 53.4821 53.4821 53.4821 53.4821 53.4821 53.4821 53.4821 
53.4821 53.4821 53.4821 53.4821 53.4821 53.4821 53.4821 53.4821 53.4821 53.4821 
53.4821 53.4821 53.4821 53.4821 53.4821 53.4821 53.4821 53.4694 53.4694 53.4694 
53.4694 53.4694 53.4694 53.4694 53.4694 53.4694 53.4694 53.4694 53.4694 53.4694 
53.4694 53.4694 53.4694 53.4694 53.4694 53.4694 53.4694 53.4694 53.4694 53.4694 
53.4694 53.4694 53.4694 53.4694 53.4694 53.4694 53.4694 53.4694 53.4694 53.4694 
53.4694 53.4694 53.4694 53.4694 53.4694 53.4694 53.4694 53.4694 53.4694 53.4694 
53.4694 53.4694 53.4694 53.4694 53.4694 53.4694 53.4694 53.4694 53.4694 53.4694 
53.4694 53.4694 53.4694 53.4694 53.4694 53.4694 53.4694 53.4694 53.4694 53.4694 
53.4694 53.4694 53.4694 53.4694 53.4694 53.4694 53.4694 53.4694 53.4694 53.4694 
53.4694 53.4694 53.4694 53.4694 53.4694 53.4694 53.4694 53.4694 53.4694 53.4694 
53.4694 53.4694 53.4694 53.4694 53.4694 53.4694 53.4694 53.4694 53.4694 53.4694 
53.4694 53.4694 53.4694 53.4694 53.4694 53.4694 53.4694 53.4694 53.4694 53.4694 
53.4694 53.4694 53.4694 53.4694 53.4694 53.4694 53.4694 53.4694 53.4694 53.4694 
53.4694 53.4694 53.4694 53.4694 53.4694 53.4694 53.4694 53.4694 53.4694 53.4694 
53.4694 53.4694 53.4694 53.4694 53.4694 53.4694 53.4694 53.4694 53.4694 53.4694 
53.4694 53.4694 53.4694 53.4694 53.4694 53.4694 53.4694 53.4694 53.4694 53.4694 
53.4694 53.4694 53.4694 53.4694 53.4694 53.4694 53.4694 53.4694 53.4694 53.4694 
53.4694 53.4694 53.4694 53.4694 53.4694 53.4694 53.4694 53.4694 53.4694 53.4694 
53.4694 53.4694 53.4694 53.4694 53.4694 53.4694 53.4694 53.4694 53.4694 53.4694 
53.4694 53.4694 53.4694 53.4694 53.4694 53.4694 53.4694 53.4694 53.4694 53.4694 
53.4694 53.4694 53.4694 53.4694 53.4694 53.4694 53.4694 53.4694 53.4694 53.4694 
53.4694 53.4694 53.4694 SCALARS Tau_MPa float 1
LOOKUP_TABLE default
13.4599 13.4599 13.4599 13.4599 13.4599 13.4599 13.4599 13.4599 13.4599 
13.4599 13.4599 13.4599 13.4599 13.4599 13.4599 13.4599 13.4599 13.4599 13.4599 
13.4599 13.4599 13.4599 13.4599 13.4599 13.4599 13.4599 13.4599 13.4599 13.4599 
13.4599 13.4599 13.4599 13.4599 13.4599 13.4599 13.4599 13.4599 13.4599 13.4599 
13.4599 13.4599 13.4599 13.4599 13.4599 13.4599 13.4599 13.4599 13.4599 13.4599 
13.4599 13.4599 13.4599 13.4599 13.4599 13.4599 13.4599 13.4599 13.4599 13.4599 
13.4599 13.4599 13.4599 13.4599 13.4599 13.4599 13.4599 13.4599 13.4599 13.4599 
13.4599 13.4599 13.4599 13.4599 13.4599 13.4599 13.4599 13.4599 13.4599 13.4599 
13.4599 13.4599 13.4599 13.4599 13.4599 13.4599 13.4599 13.4599 13.4599 13.4599 
13.4599 13.4599 13.4599 13.4599 13.4599 13.4599 13.4599 13.4599 13.4599 13.4599 
13.4599 13.4599 13.4599 13.4599 13.4599 13.4599 13.4599 13.4599 13.4599 13.4599 
13.4599 13.4599 13.4599 13.4599 13.4599 13.4599 13.4599 13.4599 13.4599 13.4599 
13.4599 13.4599 13.4599 13.4599 13.4599 13.4599 13.4599 13.4599 13.4599 13.4599 
13.4599 13.4599 13.4599 13.4599 13.4599 13.4599 13.4599 13.4599 13.4599 13.4599 
13.4599 13.4599 13.4599 13.4599 13.4599 13.4599 13.4599 13.4599 13.4599 13.4599 
13.4599 13.4599 13.4599 13.4599 13.4599 13.4599 13.4599 13.4599 13.4599 13.4599 
13.4599 13.4599 13.4599 13.4599 13.4599 13.4599 13.4599 13.4599 13.4599 13.4599 
13.4599 13.4599 13.4599 13.4599 13.4599 13.4599 13.4599 13.4599 13.4599 13.4599 
13.4599 13.4599 13.4599 13.4599 13.4599 13.4599 13.4599 13.4599 13.4599 13.4599 
13.4599 13.4599 13.4599 13.4599 13.4599 13.4599 13.4599 5.98572 5.98572 5.98572 
5.98572 5.98572 5.98572 5.98572 5.98572 5.98572 5.98572 5.98572 5.98572 5.98572 
5.98572 5.98572 5.98572 5.98572 5.98572 5.98572 5.98572 5.98572 5.98572 5.98572 
5.98572 5.98572 5.98572 5.98572 5.98572 5.98572 5.98572 5.98572 5.98572 5.98572 
5.98572 5.98572 5.98572 5.98572 5.98572 5.98572 5.98572 5.98572 5.98572 5.98572 
5.98572 5.98572 5.98572 5.98572 5.98572 5.98572 5.98572 5.98572 5.98572 5.98572 
5.98572 5.98572 5.98572 5.98572 5.98572 5.98572 5.98572 5.98572 5.98572 5.98572 
5.98572 5.98572 5.98572 5.98572 5.98572 5.98572 5.98572 5.98572 5.98572 5.98572 
5.98572 5.98572 5.98572 5.98572 5.98572 5.98572 5.98572 5.98572 5.98572 5.98572 
5.98572 5.98572 5.98572 5.98572 5.98572 5.98572 5.98572 5.98572 5.98572 5.98572 
5.98572 5.98572 5.98572 5.98572 5.98572 5.98572 5.98572 5.98572 5.98572 5.98572 
5.98572 5.98572 5.98572 5.98572 5.98572 5.98572 5.98572 5.98572 5.98572 5.98572 
5.98572 5.98572 5.98572 5.98572 5.98572 5.98572 5.98572 5.98572 5.98572 5.98572 
5.98572 5.98572 5.98572 5.98572 5.98572 5.98572 5.98572 5.98572 5.98572 5.98572 
5.98572 5.98572 5.98572 5.98572 5.98572 5.98572 5.98572 5.98572 5.98572 5.98572 
5.98572 5.98572 5.98572 5.98572 5.98572 5.98572 5.98572 5.98572 5.98572 5.98572 
5.98572 5.98572 5.98572 5.98572 5.98572 5.98572 5.98572 5.98572 5.98572 5.98572 
5.98572 5.98572 5.98572 5.98572 5.98572 5.98572 5.98572 5.98572 5.98572 5.98572 
5.98572 5.98572 5.98572 5.98572 5.98572 5.98572 5.98572 5.98572 5.98572 5.98572 
5.98572 5.98572 5.98572 5.98572 5.98572 5.98572 5.98572 5.98572 5.98572 5.98572 
5.98572 5.98572 5.98572 14.5626 14.5626 14.5626 14.5626 14.5626 14.5626 14.5626 
14.5626 14.5626 14.5626 14.5626 14.5626 14.5626 14.5626 14.5626 14.5626 14.5626 
14.5626 14.5626 14.5626 14.5626 14.5626 14.5626 14.5626 14.5626 14.5626 14.5626 
14.5626 14.5626 14.5626 14.5626 14.5626 14.5626 14.5626 14.5626 14.5626 14.5626 
14.5626 14.5626 14.5626 14.5626 14.5626 14.5626 14.5626 14.5626 14.5626 14.5626 
14.5626 14.5626 14.5626 14.5626 14.5626 14.5626 14.5626 14.5626 14.5626 14.5626 
14.5626 14.5626 14.5626 14.5626 14.5626 14.5626 14.5626 14.5626 14.5626 14.5626 
14.5626 14.5626 14.5626 14.5626 14.5626 14.5626 14.5626 14.5626 14.5626 14.5626 
14.5626 14.5626 14.5626 14.5626 14.5626 14.5626 14.5626 14.5626 14.5626 14.5626 
14.5626 14.5626 14.5626 14.5626 14.5626 14.5626 14.5626 14.5626 14.5626 14.5626 
14.5626 14.5626 14.5626 14.5626 14.5626 14.5626 14.5626 14.5626 14.5626 14.5626 
14.5626 14.5626 14.5626 14.5626 14.5626 14.5626 14.5626 14.5626 14.5626 14.5626 
14.5626 14.5626 14.5626 14.5626 14.5626 14.5626 14.5626 14.5626 14.5626 14.5626 
14.5626 14.5626 14.5626 14.5626 14.5626 14.5626 14.5626 14.5626 14.5626 14.5626 
14.5626 14.5626 14.5626 14.5626 14.5626 14.5626 14.5626 14.5626 14.5626 14.5626 
14.5626 14.5626 14.5626 14.5626 14.5626 14.5626 14.5626 14.5626 14.5626 14.5626 
14.5626 14.5626 14.5626 14.5626 14.5626 14.5626 14.5626 14.5626 14.5626 14.5626 
14.5626 14.5626 14.5626 14.5626 14.5626 14.5626 14.5626 14.5626 14.5626 14.5626 
14.5626 14.5626 14.5626 14.5626 14.5626 14.5626 14.5626 14.5626 14.5626 14.5626 
14.5626 14.5626 14.5626 14.5626 14.5626 14.5626 14.5626 14.5626 14.5626 15.2276 
15.2276 15.2276 15.2276 15.2276 15.2276 15.2276 15.2276 15.2276 15.2276 15.2276 
15.2276 15.2276 15.2276 15.2276 15.2276 15.2276 15.2276 15.2276 15.2276 15.2276 
15.2276 15.2276 15.2276 15.2276 15.2276 15.2276 15.2276 15.2276 15.2276 15.2276 
15.2276 15.2276 15.2276 15.2276 15.2276 15.2276 15.2276 15.2276 15.2276 15.2276 
15.2276 15.2276 15.2276 15.2276 15.2276 15.2276 15.2276 15.2276 15.2276 15.2276 
15.2276 15.2276 15.2276 15.2276 15.2276 15.2276 15.2276 15.2276 15.2276 15.2276 
15.2276 15.2276 15.2276 15.2276 15.2276 15.2276 15.2276 15.2276 15.2276 15.2276 
15.2276 15.2276 15.2276 15.2276 15.2276 15.2276 15.2276 15.2276 15.2276 15.2276 
15.2276 15.2276 15.2276 15.2276 15.2276 15.2276 15.2276 15.2276 15.2276 15.2276 
15.2276 15.2276 15.2276 15.2276 15.2276 15.2276 15.2276 15.2276 15.2276 15.2276 
15.2276 15.2276 15.2276 15.2276 15.2276 15.2276 15.2276 15.2276 15.2276 15.2276 
15.2276 15.2276 15.2276 15.2276 15.2276 15.2276 15.2276 15.2276 15.2276 15.2276 
15.2276 15.2276 15.2276 15.2276 15.2276 15.2276 15.2276 15.2276 15.2276 15.2276 
15.2276 15.2276 15.2276 15.2276 15.2276 15.2276 15.2276 15.2276 15.2276 15.2276 
15.2276 15.2276 15.2276 15.2276 15.2276 15.2276 15.2276 15.2276 15.2276 15.2276 
15.2276 15.2276 15.2276 15.2276 15.2276 15.2276 15.2276 15.2276 15.2276 15.2276 
15.2276 15.2276 15.2276 15.2276 15.2276 15.2276 15.2276 15.2276 15.2276 15.2276 
15.2276 15.2276 15.2276 15.2276 15.2276 15.2276 15.2276 15.2276 15.2276 15.2276 
15.2276 15.2276 15.2276 15.2276 15.2276 15.2276 15.2276 15.2276 15.2276 15.2276 
15.2276 15.2276 15.2276 15.2276 15.2276 17.9056 17.9056 17.9056 17.9056 17.9056 
17.9056 17.9056 17.9056 17.9056 17.9056 17.9056 17.9056 17.9056 17.9056 17.9056 
17.9056 17.9056 17.9056 17.9056 17.9056 17.9056 17.9056 17.9056 17.9056 17.9056 
17.9056 17.9056 17.9056 17.9056 17.9056 17.9056 17.9056 17.9056 17.9056 17.9056 
17.9056 17.9056 17.9056 17.9056 17.9056 17.9056 17.9056 17.9056 17.9056 17.9056 
17.9056 17.9056 17.9056 17.9056 17.9056 17.9056 17.9056 17.9056 17.9056 17.9056 
17.9056 17.9056 17.9056 17.9056 17.9056 17.9056 17.9056 17.9056 17.9056 17.9056 
17.9056 17.9056 17.9056 17.9056 17.9056 17.9056 17.9056 17.9056 17.9056 17.9056 
17.9056 17.9056 17.9056 17.9056 17.9056 17.9056 17.9056 17.9056 17.9056 17.9056 
17.9056 17.9056 17.9056 17.9056 17.9056 17.9056 17.9056 17.9056 17.9056 17.9056 
17.9056 17.9056 17.9056 17.9056 17.9056 17.9056 17.9056 17.9056 17.9056 17.9056 
17.9056 17.9056 17.9056 17.9056 17.9056 17.9056 17.9056 17.9056 17.9056 17.9056 
17.9056 17.9056 17.9056 17.9056 17.9056 17.9056 17.9056 17.9056 17.9056 17.9056 
17.9056 17.9056 17.9056 17.9056 17.9056 17.9056 17.9056 17.9056 17.9056 17.9056 
17.9056 17.9056 17.9056 17.9056 17.9056 17.9056 17.9056 17.9056 17.9056 17.9056 
17.9056 17.9056 17.9056 17.9056 17.9056 17.9056 17.9056 17.9056 17.9056 17.9056 
17.9056 17.9056 17.9056 17.9056 17.9056 17.9056 17.9056 17.9056 17.9056 17.9056 
17.9056 17.9056 17.9056 17.9056 17.9056 17.9056 17.9056 17.9056 17.9056 17.9056 
17.9056 17.9056 17.9056 17.9056 17.9056 17.9056 17.9056 17.9056 17.9056 17.9056 
17.9056 17.9056 17.9056 17.9056 17.9056 17.9056 17.9056 17.9056 17.9056 17.9056 
17.9056 17.133 17.133 17.133 17.133 17.133 17.133 17.133 17.133 17.133 
17.133 17.133 17.133 17.133 17.133 17.133 17.133 17.133 17.133 17.133 
17.133 17.133 17.133 17.133 17.133 17.133 17.133 17.133 17.133 17.133 
17.133 17.133 17.133 17.133 17.133 17.133 17.133 17.133 17.133 17.133 
17.133 17.133 17.133 17.133 17.133 17.133 17.133 17.133 17.133 17.133 
17.133 17.133 17.133 17.133 17.133 17.133 17.133 17.133 17.133 17.133 
17.133 17.133 17.133 17.133 17.133 17.133 17.133 17.133 17.133 17.133 
17.133 17.133 17.133 17.133 17.133 17.133 17.133 17.133 17.133 17.133 
17.133 17.133 17.133 17.133 17.133 17.133 17.133 17.133 17.133 17.133 
17.133 17.133 17.133 17.133 17.133 17.133 17.133 17.133 17.133 17.133 
17.133 17.133 17.133 17.133 17.133 17.133 17.133 17.133 17.133 17.133 
17.133 17.133 17.133 17.133 17.133 17.133 17.133 17.133 17.133 17.133 
17.133 17.133 17.133 17.133 17.133 17.133 17.133 17.133 17.133 17.133 
17.133 17.133 17.133 17.133 17.133 17.133 17.133 17.133 17.133 17.133 
17.133 17.133 17.133 17.133 17.133 17.133 17.133 17.133 17.133 17.133 
17.133 17.133 17.133 17.133 17.133 17.133 17.133 17.133 17.133 17.133 
17.133 17.133 17.133 17.133 17.133 17.133 17.133 17.133 17.133 17.133 
17.133 17.133 17.133 17.133 17.133 17.133 17.133 17.133 17.133 17.133 
17.133 17.133 17.133 17.133 17.133 17.133 17.133 17.133 17.133 17.133 
17.133 17.133 17.133 17.133 17.133 17.133 17.133 16.2556 16.2556 16.2556 
16.2556 16.2556 16.2556 16.2556 16.2556 16.2556 16.2556 16.2556 16.2556 16.2556 
16.2556 16.2556 16.2556 16.2556 16.2556 16.2556 16.2556 16.2556 16.2556 16.2556 
16.2556 16.2556 16.2556 16.2556 16.2556 16.2556 16.2556 16.2556 16.2556 16.2556 
16.2556 16.2556 16.2556 16.2556 16.2556 16.2556 16.2556 16.2556 16.2556 16.2556 
16.2556 16.2556 16.2556 16.2556 16.2556 16.2556 16.2556 16.2556 16.2556 16.2556 
16.2556 16.2556 16.2556 16.2556 16.2556 16.2556 16.2556 16.2556 16.2556 16.2556 
16.2556 16.2556 16.2556 16.2556 16.2556 16.2556 16.2556 16.2556 16.2556 16.2556 
16.2556 16.2556 16.2556 16.2556 16.2556 16.2556 16.2556 16.2556 16.2556 16.2556 
16.2556 16.2556 16.2556 16.2556 16.2556 16.2556 16.2556 16.2556 16.2556 16.2556 
16.2556 16.2556 16.2556 16.2556 16.2556 16.2556 16.2556 16.2556 16.2556 16.2556 
16.2556 16.2556 16.2556 16.2556 16.2556 16.2556 16.2556 16.2556 16.2556 16.2556 
16.2556 16.2556 16.2556 16.2556 16.2556 16.2556 16.2556 16.2556 16.2556 16.2556 
16.2556 16.2556 16.2556 16.2556 16.2556 16.2556 16.2556 16.2556 16.2556 16.2556 
16.2556 16.2556 16.2556 16.2556 16.2556 16.2556 16.2556 16.2556 16.2556 16.2556 
16.2556 16.2556 16.2556 16.2556 16.2556 16.2556 16.2556 16.2556 16.2556 16.2556 
16.2556 16.2556 16.2556 16.2556 16.2556 16.2556 16.2556 16.2556 16.2556 16.2556 
16.2556 16.2556 16.2556 16.2556 16.2556 16.2556 16.2556 16.2556 16.2556 16.2556 
16.2556 16.2556 16.2556 16.2556 16.2556 16.2556 16.2556 16.2556 16.2556 16.2556 
16.2556 16.2556 16.2556 16.2556 16.2556 16.2556 16.2556 16.2556 16.2556 16.2556 
16.2556 16.2556 16.2556 12.3758 12.3758 12.3758 12.3758 12.3758 12.3758 12.3758 
12.3758 12.3758 12.3758 12.3758 12.3758 12.3758 12.3758 12.3758 12.3758 12.3758 
12.3758 12.3758 12.3758 12.3758 12.3758 12.3758 12.3758 12.3758 12.3758 12.3758 
12.3758 12.3758 12.3758 12.3758 12.3758 12.3758 12.3758 12.3758 12.3758 12.3758 
12.3758 12.3758 12.3758 12.3758 12.3758 12.3758 12.3758 12.3758 12.3758 12.3758 
12.3758 12.3758 12.3758 12.3758 12.3758 12.3758 12.3758 12.3758 12.3758 12.3758 
12.3758 12.3758 12.3758 12.3758 12.3758 12.3758 12.3758 12.3758 12.3758 12.3758 
12.3758 12.3758 12.3758 12.3758 12.3758 12.3758 12.3758 12.3758 12.3758 12.3758 
12.3758 12.3758 12.3758 12.3758 12.3758 12.3758 12.3758 12.3758 12.3758 12.3758 
12.3758 12.3758 12.3758 12.3758 12.3758 12.3758 12.3758 12.3758 12.3758 12.3758 
12.3758 12.3758 12.3758 12.3758 12.3758 12.3758 12.3758 12.3758 12.3758 12.3758 
12.3758 12.3758 12.3758 12.3758 12.3758 12.3758 12.3758 12.3758 12.3758 12.3758 
12.3758 12.3758 12.3758 12.3758 12.3758 12.3758 12.3758 12.3758 12.3758 12.3758 
12.3758 12.3758 12.3758 12.3758 12.3758 12.3758 12.3758 12.3758 12.3758 12.3758 
12.3758 12.3758 12.3758 12.3758 12.3758 12.3758 12.3758 12.3758 12.3758 12.3758 
12.3758 12.3758 12.3758 12.3758 12.3758 12.3758 12.3758 12.3758 12.3758 12.3758 
12.3758 12.3758 12.3758 12.3758 12.3758 12.3758 12.3758 12.3758 12.3758 12.3758 
12.3758 12.3758 12.3758 12.3758 12.3758 12.3758 12.3758 12.3758 12.3758 12.3758 
12.3758 12.3758 12.3758 12.3758 12.3758 12.3758 12.3758 12.3758 12.3758 12.3758 
12.3758 12.3758 12.3758 12.3758 12.3758 12.3758 12.3758 12.3758 12.3758 4.471 
4.471 4.471 4.471 4.471 4.471 4.471 4.471 4.471 4.471 4.471 
4.471 4.471 4.471 4.471 4.471 4.471 4.471 4.471 4.471 4.471 
4.471 4.471 4.471 4.471 4.471 4.471 4.471 4.471 4.471 4.471 
4.471 4.471 4.471 4.471 4.471 4.471 4.471 4.471 4.471 4.471 
4.471 4.471 4.471 4.471 4.471 4.471 4.471 4.471 4.471 4.471 
4.471 4.471 4.471 4.471 4.471 4.471 4.471 4.471 4.471 4.471 
4.471 4.471 4.471 4.471 4.471 4.471 4.471 4.471 4.471 4.471 
4.471 4.471 4.471 4.471 4.471 4.471 4.471 4.471 4.471 4.471 
4.471 4.471 4.471 4.471 4.471 4.471 4.471 4.471 4.471 4.471 
4.471 4.471 4.471 4.471 4.471 4.471 4.471 4.471 4.471 4.471 
4.471 4.471 4.471 4.471 4.471 4.471 4.471 4.471 4.471 4.471 
4.471 4.471 4.471 4.471 4.471 4.471 4.471 4.471 4.471 4.471 
4.471 4.471 4.471 4.471 4.471 4.471 4.471 4.471 4.471 4.471 
4.471 4.471 4.471 4.471 4.471 4.471 4.471 4.471 4.471 4.471 
4.471 4.471 4.471 4.471 4.471 4.471 4.471 4.471 4.471 4.471 
4.471 4.471 4.471 4.471 4.471 4.471 4.471 4.471 4.471 4.471 
4.471 4.471 4.471 4.471 4.471 4.471 4.471 4.471 4.471 4.471 
4.471 4.471 4.471 4.471 4.471 4.471 4.471 4.471 4.471 4.471 
4.471 4.471 4.471 4.471 4.471 4.471 4.471 4.471 4.471 4.471 
4.471 4.471 4.471 4.471 4.471 9.17343 9.17343 9.17343 9.17343 9.17343 
9.17343 9.17343 9.17343 9.17343 9.17343 9.17343 9.17343 9.17343 9.17343 9.17343 
9.17343 9.17343 9.17343 9.17343 9.17343 9.17343 9.17343 9.17343 9.17343 9.17343 
9.17343 9.17343 9.17343 9.17343 9.17343 9.17343 9.17343 9.17343 9.17343 9.17343 
9.17343 9.17343 9.17343 9.17343 9.17343 9.17343 9.17343 9.17343 9.17343 9.17343 
9.17343 9.17343 9.17343 9.17343 9.17343 9.17343 9.17343 9.17343 9.17343 9.17343 
9.17343 9.17343 9.17343 9.17343 9.17343 9.17343 9.17343 9.17343 9.17343 9.17343 
9.17343 9.17343 9.17343 9.17343 9.17343 9.17343 9.17343 9.17343 9.17343 9.17343 
9.17343 9.17343 9.17343 9.17343 9.17343 9.17343 9.17343 9.17343 9.17343 9.17343 
9.17343 9.17343 9.17343 9.17343 9.17343 9.17343 9.17343 9.17343 9.17343 9.17343 
9.17343 9.17343 9.17343 9.17343 9.17343 9.17343 9.17343 9.17343 9.17343 9.17343 
9.17343 9.17343 9.17343 9.17343 9.17343 9.17343 9.17343 9.17343 9.17343 9.17343 
9.17343 9.17343 9.17343 9.17343 9.17343 9.17343 9.17343 9.17343 9.17343 9.17343 
9.17343 9.17343 9.17343 9.17343 9.17343 9.17343 9.17343 9.17343 9.17343 9.17343 
9.17343 9.17343 9.17343 9.17343 9.17343 9.17343 9.17343 9.17343 9.17343 9.17343 
9.17343 9.17343 9.17343 9.17343 9.17343 9.17343 9.17343 9.17343 9.17343 9.17343 
9.17343 9.17343 9.17343 9.17343 9.17343 9.17343 9.17343 9.17343 9.17343 9.17343 
9.17343 9.17343 9.17343 9.17343 9.17343 9.17343 9.17343 9.17343 9.17343 9.17343 
9.17343 9.17343 9.17343 9.17343 9.17343 9.17343 9.17343 9.17343 9.17343 9.17343 
9.17343 9.17343 9.17343 9.17343 9.17343 9.17343 9.17343 9.17343 9.17343 9.17343 
9.17343 4.17703 4.17703 4.17703 4.17703 4.17703 4.17703 4.17703 4.17703 4.17703 
4.17703 4.17703 4.17703 4.17703 4.17703 4.17703 4.17703 4.17703 4.17703 4.17703 
4.17703 4.17703 4.17703 4.17703 4.17703 4.17703 4.17703 4.17703 4.17703 4.17703 
4.17703 4.17703 4.17703 4.17703 4.17703 4.17703 4.17703 4.17703 4.17703 4.17703 
4.17703 4.17703 4.17703 4.17703 4.17703 4.17703 4.17703 4.17703 4.17703 4.17703 
4.17703 4.17703 4.17703 4.17703 4.17703 4.17703 4.17703 4.17703 4.17703 4.17703 
4.17703 4.17703 4.17703 4.17703 4.17703 4.17703 4.17703 4.17703 4.17703 4.17703 
4.17703 4.17703 4.17703 4.17703 4.17703 4.17703 4.17703 4.17703 4.17703 4.17703 
4.17703 4.17703 4.17703 4.17703 4.17703 4.17703 4.17703 4.17703 4.17703 4.17703 
4.17703 4.17703 4.17703 4.17703 4.17703 4.17703 4.17703 4.17703 4.17703 4.17703 
4.17703 4.17703 4.17703 4.17703 4.17703 4.17703 4.17703 4.17703 4.17703 4.17703 
4.17703 4.17703 4.17703 4.17703 4.17703 4.17703 4.17703 4.17703 4.17703 4.17703 
4.17703 4.17703 4.17703 4.17703 4.17703 4.17703 4.17703 4.17703 4.17703 4.17703 
4.17703 4.17703 4.17703 4.17703 4.17703 4.17703 4.17703 4.17703 4.17703 4.17703 
4.17703 4.17703 4.17703 4.17703 4.17703 4.17703 4.17703 4.17703 4.17703 4.17703 
4.17703 4.17703 4.17703 4.17703 4.17703 4.17703 4.17703 4.17703 4.17703 4.17703 
4.17703 4.17703 4.17703 4.17703 4.17703 4.17703 4.17703 4.17703 4.17703 4.17703 
4.17703 4.17703 4.17703 4.17703 4.17703 4.17703 4.17703 4.17703 4.17703 4.17703 
4.17703 4.17703 4.17703 4.17703 4.17703 4.17703 4.17703 4.17703 4.17703 4.17703 
4.17703 4.17703 4.17703 4.17703 4.17703 4.17703 4.17703 4.31871 4.31871 4.31871 
4.31871 4.31871 4.31871 4.31871 4.31871 4.31871 4.31871 4.31871 4.31871 4.31871 
4.31871 4.31871 4.31871 4.31871 4.31871 4.31871 4.31871 4.31871 4.31871 4.31871 
4.31871 4.31871 4.31871 4.31871 4.31871 4.31871 4.31871 4.31871 4.31871 4.31871 
4.31871 4.31871 4.31871 4.31871 4.31871 4.31871 4.31871 4.31871 4.31871 4.31871 
4.31871 4.31871 4.31871 4.31871 4.31871 4.31871 4.31871 4.31871 4.31871 4.31871 
4.31871 4.31871 4.31871 4.31871 4.31871 4.31871 4.31871 4.31871 4.31871 4.31871 
4.31871 4.31871 4.31871 4.31871 4.31871 4.31871 4.31871 4.31871 4.31871 4.31871 
4.31871 4.31871 4.31871 4.31871 4.31871 4.31871 4.31871 4.31871 4.31871 4.31871 
4.31871 4.31871 4.31871 4.31871 4.31871 4.31871 4.31871 4.31871 4.31871 4.31871 
4.31871 4.31871 4.31871 4.31871 4.31871 4.31871 4.31871 4.31871 4.31871 4.31871 
4.31871 4.31871 4.31871 4.31871 4.31871 4.31871 4.31871 4.31871 4.31871 4.31871 
4.31871 4.31871 4.31871 4.31871 4.31871 4.31871 4.31871 4.31871 4.31871 4.31871 
4.31871 4.31871 4.31871 4.31871 4.31871 4.31871 4.31871 4.31871 4.31871 4.31871 
4.31871 4.31871 4.31871 4.31871 4.31871 4.31871 4.31871 4.31871 4.31871 4.31871 
4.31871 4.31871 4.31871 4.31871 4.31871 4.31871 4.31871 4.31871 4.31871 4.31871 
4.31871 4.31871 4.31871 4.31871 4.31871 4.31871 4.31871 4.31871 4.31871 4.31871 
4.31871 4.31871 4.31871 4.31871 4.31871 4.31871 4.31871 4.31871 4.31871 4.31871 
4.31871 4.31871 4.31871 4.31871 4.31871 4.31871 4.31871 4.31871 4.31871 4.31871 
4.31871 4.31871 4.31871 4.31871 4.31871 4.31871 4.31871 4.31871 4.31871 4.31871 
4.31871 4.31871 4.31871 2.40459 2.40459 2.40459 2.40459 2.40459 2.40459 2.40459 
2.40459 2.40459 2.40459 2.40459 2.40459 2.40459 2.40459 2.40459 2.40459 2.40459 
2.40459 2.40459 2.40459 2.40459 2.40459 2.40459 2.40459 2.40459 2.40459 2.40459 
2.40459 2.40459 2.40459 2.40459 2.40459 2.40459 2.40459 2.40459 2.40459 2.40459 
2.40459 2.40459 2.40459 2.40459 2.40459 2.40459 2.40459 2.40459 2.40459 2.40459 
2.40459 2.40459 2.40459 2.40459 2.40459 2.40459 2.40459 2.40459 2.40459 2.40459 
2.40459 2.40459 2.40459 2.40459 2.40459 2.40459 2.40459 2.40459 2.40459 2.40459 
2.40459 2.40459 2.40459 2.40459 2.40459 2.40459 2.40459 2.40459 2.40459 2.40459 
2.40459 2.40459 2.40459 2.40459 2.40459 2.40459 2.40459 2.40459 2.40459 2.40459 
2.40459 2.40459 2.40459 2.40459 2.40459 2.40459 2.40459 2.40459 2.40459 2.40459 
2.40459 2.40459 2.40459 2.40459 2.40459 2.40459 2.40459 2.40459 2.40459 2.40459 
2.40459 2.40459 2.40459 2.40459 2.40459 2.40459 2.40459 2.40459 2.40459 2.40459 
2.40459 2.40459 2.40459 2.40459 2.40459 2.40459 2.40459 2.40459 2.40459 2.40459 
2.40459 2.40459 2.40459 2.40459 2.40459 2.40459 2.40459 2.40459 2.40459 2.40459 
2.40459 2.40459 2.40459 2.40459 2.40459 2.40459 2.40459 2.40459 2.40459 2.40459 
2.40459 2.40459 2.40459 2.40459 2.40459 2.40459 2.40459 2.40459 2.40459 2.40459 
2.40459 2.40459 2.40459 2.40459 2.40459 2.40459 2.40459 2.40459 2.40459 2.40459 
2.40459 2.40459 2.40459 2.40459 2.40459 2.40459 2.40459 2.40459 2.40459 2.40459 
2.40459 2.40459 2.40459 2.40459 2.40459 2.40459 2.40459 2.40459 2.40459 2.40459 
2.40459 2.40459 2.40459 2.40459 2.40459 2.40459 2.40459 2.40459 2.40459 2.23902 
2.23902 2.23902 2.23902 2.23902 2.23902 2.23902 2.23902 2.23902 2.23902 2.23902 
2.23902 2.23902 2.23902 2.23902 2.23902 2.23902 2.23902 2.23902 2.23902 2.23902 
2.23902 2.23902 2.23902 2.23902 2.23902 2.23902 2.23902 2.23902 2.23902 2.23902 
2.23902 2.23902 2.23902 2.23902 2.23902 2.23902 2.23902 2.23902 2.23902 2.23902 
2.23902 2.23902 2.23902 2.23902 2.23902 2.23902 2.23902 2.23902 2.23902 2.23902 
2.23902 2.23902 2.23902 2.23902 2.23902 2.23902 2.23902 2.23902 2.23902 2.23902 
2.23902 2.23902 2.23902 2.23902 2.23902 2.23902 2.23902 2.23902 2.23902 2.23902 
2.23902 2.23902 2.23902 2.23902 2.23902 2.23902 2.23902 2.23902 2.23902 2.23902 
2.23902 2.23902 2.23902 2.23902 2.23902 2.23902 2.23902 2.23902 2.23902 2.23902 
2.23902 2.23902 2.23902 2.23902 2.23902 2.23902 2.23902 2.23902 2.23902 2.23902 
2.23902 2.23902 2.23902 2.23902 2.23902 2.23902 2.23902 2.23902 2.23902 2.23902 
2.23902 2.23902 2.23902 2.23902 2.23902 2.23902 2.23902 2.23902 2.23902 2.23902 
2.23902 2.23902 2.23902 2.23902 2.23902 2.23902 2.23902 2.23902 2.23902 2.23902 
2.23902 2.23902 2.23902 2.23902 2.23902 2.23902 2.23902 2.23902 2.23902 2.23902 
2.23902 2.23902 2.23902 2.23902 2.23902 2.23902 2.23902 2.23902 2.23902 2.23902 
2.23902 2.23902 2.23902 2.23902 2.23902 2.23902 2.23902 2.23902 2.23902 2.23902 
2.23902 2.23902 2.23902 2.23902 2.23902 2.23902 2.23902 2.23902 2.23902 2.23902 
2.23902 2.23902 2.23902 2.23902 2.23902 2.23902 2.23902 2.23902 2.23902 2.23902 
2.23902 2.23902 2.23902 2.23902 2.23902 2.23902 2.23902 2.23902 2.23902 2.23902 
2.23902 2.23902 2.23902 2.23902 2.23902 4.24203 4.24203 4.24203 4.24203 4.24203 
4.24203 4.24203 4.24203 4.24203 4.24203 4.24203 4.24203 4.24203 4.24203 4.24203 
4.24203 4.24203 4.24203 4.24203 4.24203 4.24203 4.24203 4.24203 4.24203 4.24203 
4.24203 4.24203 4.24203 4.24203 4.24203 4.24203 4.24203 4.24203 4.24203 4.24203 
4.24203 4.24203 4.24203 4.24203 4.24203 4.24203 4.24203 4.24203 4.24203 4.24203 
4.24203 4.24203 4.24203 4.24203 4.24203 4.24203 4.24203 4.24203 4.24203 4.24203 
4.24203 4.24203 4.24203 4.24203 4.24203 4.24203 4.24203 4.24203 4.24203 4.24203 
4.24203 4.24203 4.24203 4.24203 4.24203 4.24203 4.24203 4.24203 4.24203 4.24203 
4.24203 4.24203 4.24203 4.24203 4.24203 4.24203 4.24203 4.24203 4.24203 4.24203 
4.24203 4.24203 4.24203 4.24203 4.24203 4.24203 4.24203 4.24203 4.24203 4.24203 
4.24203 4.24203 4.24203 4.24203 4.24203 4.24203 4.24203 4.24203 4.24203 4.24203 
4.24203 4.24203 4.24203 4.24203 4.24203 4.24203 4.24203 4.24203 4.24203 4.24203 
4.24203 4.24203 4.24203 4.24203 4.24203 4.24203 4.24203 4.24203 4.24203 4.24203 
4.24203 4.24203 4.24203 4.24203 4.24203 4.24203 4.24203 4.24203 4.24203 4.24203 
4.24203 4.24203 4.24203 4.24203 4.24203 4.24203 4.24203 4.24203 4.24203 4.24203 
4.24203 4.24203 4.24203 4.24203 4.24203 4.24203 4.24203 4.24203 4.24203 4.24203 
4.24203 4.24203 4.24203 4.24203 4.24203 4.24203 4.24203 4.24203 4.24203 4.24203 
4.24203 4.24203 4.24203 4.24203 4.24203 4.24203 4.24203 4.24203 4.24203 4.24203 
4.24203 4.24203 4.24203 4.24203 4.24203 4.24203 4.24203 4.24203 4.24203 4.24203 
4.24203 4.24203 4.24203 4.24203 4.24203 4.24203 4.24203 4.24203 4.24203 4.24203 
4.24203 0.9332 0.9332 0.9332 0.9332 0.9332 0.9332 0.9332 0.9332 0.9332 
0.9332 0.9332 0.9332 0.9332 0.9332 0.9332 0.9332 0.9332 0.9332 0.9332 
0.9332 0.9332 0.9332 0.9332 0.9332 0.9332 0.9332 0.9332 0.9332 0.9332 
0.9332 0.9332 0.9332 0.9332 0.9332 0.9332 0.9332 0.9332 0.9332 0.9332 
0.9332 0.9332 0.9332 0.9332 0.9332 0.9332 0.9332 0.9332 0.9332 0.9332 
0.9332 0.9332 0.9332 0.9332 0.9332 0.9332 0.9332 0.9332 0.9332 0.9332 
0.9332 0.9332 0.9332 0.9332 0.9332 0.9332 0.9332 0.9332 0.9332 0.9332 
0.9332 0.9332 0.9332 0.9332 0.9332 0.9332 0.9332 0.9332 0.9332 0.9332 
0.9332 0.9332 0.9332 0.9332 0.9332 0.9332 0.9332 0.9332 0.9332 0.9332 
0.9332 0.9332 0.9332 0.9332 0.9332 0.9332 0.9332 0.9332 0.9332 0.9332 
0.9332 0.9332 0.9332 0.9332 0.9332 0.9332 0.9332 0.9332 0.9332 0.9332 
0.9332 0.9332 0.9332 0.9332 0.9332 0.9332 0.9332 0.9332 0.9332 0.9332 
0.9332 0.9332 0.9332 0.9332 0.9332 0.9332 0.9332 0.9332 0.9332 0.9332 
0.9332 0.9332 0.9332 0.9332 0.9332 0.9332 0.9332 0.9332 0.9332 0.9332 
0.9332 0.9332 0.9332 0.9332 0.9332 0.9332 0.9332 0.9332 0.9332 0.9332 
0.9332 0.9332 0.9332 0.9332 0.9332 0.9332 0.9332 0.9332 0.9332 0.9332 
0.9332 0.9332 0.9332 0.9332 0.9332 0.9332 0.9332 0.9332 0.9332 0.9332 
0.9332 0.9332 0.9332 0.9332 0.9332 0.9332 0.9332 0.9332 0.9332 0.9332 
0.9332 0.9332 0.9332 0.9332 0.9332 0.9332 0.9332 0.9332 0.9332 0.9332 
0.9332 0.9332 0.9332 0.9332 0.9332 0.9332 0.9332 0.600344 0.600344 0.600344 
0.600344 0.600344 0.600344 0.600344 0.600344 0.600344 0.600344 0.600344 0.600344 0.600344 
0.600344 0.600344 0.600344 0.600344 0.600344 0.600344 0.600344 0.600344 0.600344 0.600344 
0.600344 0.600344 0.600344 0.600344 0.600344 0.600344 0.600344 0.600344 0.600344 0.600344 
0.600344 0.600344 0.600344 0.600344 0.600344 0.600344 0.600344 0.600344 0.600344 0.600344 
0.600344 0.600344 0.600344 0.600344 0.600344 0.600344 0.600344 0.600344 0.600344 0.600344 
0.600344 0.600344 0.600344 0.600344 0.600344 0.600344 0.600344 0.600344 0.600344 0.600344 
0.600344 0.600344 0.600344 0.600344 0.600344 0.600344 0.600344 0.600344 0.600344 0.600344 
0.600344 0.600344 0.600344 0.600344 0.600344 0.600344 0.600344 0.600344 0.600344 0.600344 
0.600344 0.600344 0.600344 0.600344 0.600344 0.600344 0.600344 0.600344 0.600344 0.600344 
0.600344 0.600344 0.600344 0.600344 0.600344 0.600344 0.600344 0.600344 0.600344 0.600344 
0.600344 0.600344 0.600344 0.600344 0.600344 0.600344 0.600344 0.600344 0.600344 0.600344 
0.600344 0.600344 0.600344 0.600344 0.600344 0.600344 0.600344 0.600344 0.600344 0.600344 
0.600344 0.600344 0.600344 0.600344 0.600344 0.600344 0.600344 0.600344 0.600344 0.600344 
0.600344 0.600344 0.600344 0.600344 0.600344 0.600344 0.600344 0.600344 0.600344 0.600344 
0.600344 0.600344 0.600344 0.600344 0.600344 0.600344 0.600344 0.600344 0.600344 0.600344 
0.600344 0.600344 0.600344 0.600344 0.600344 0.600344 0.600344 0.600344 0.600344 0.600344 
0.600344 0.600344 0.600344 0.600344 0.600344 0.600344 0.600344 0.600344 0.600344 0.600344 
0.600344 0.600344 0.600344 0.600344 0.600344 0.600344 0.600344 0.600344 0.600344 0.600344 
0.600344 0.600344 0.600344 0.600344 0.600344 0.600344 0.600344 0.600344 0.600344 0.600344 
0.600344 0.600344 0.600344 0.430705 0.430705 0.430705 0.430705 0.430705 0.430705 0.430705 
0.430705 0.430705 0.430705 0.430705 0.430705 0.430705 0.430705 0.430705 0.430705 0.430705 
0.430705 0.430705 0.430705 0.430705 0.430705 0.430705 0.430705 0.430705 0.430705 0.430705 
0.430705 0.430705 0.430705 0.430705 0.430705 0.430705 0.430705 0.430705 0.430705 0.430705 
0.430705 0.430705 0.430705 0.430705 0.430705 0.430705 0.430705 0.430705 0.430705 0.430705 
0.430705 0.430705 0.430705 0.430705 0.430705 0.430705 0.430705 0.430705 0.430705 0.430705 
0.430705 0.430705 0.430705 0.430705 0.430705 0.430705 0.430705 0.430705 0.430705 0.430705 
0.430705 0.430705 0.430705 0.430705 0.430705 0.430705 0.430705 0.430705 0.430705 0.430705 
0.430705 0.430705 0.430705 0.430705 0.430705 0.430705 0.430705 0.430705 0.430705 0.430705 
0.430705 0.430705 0.430705 0.430705 0.430705 0.430705 0.430705 0.430705 0.430705 0.430705 
0.430705 0.430705 0.430705 0.430705 0.430705 0.430705 0.430705 0.430705 0.430705 0.430705 
0.430705 0.430705 0.430705 0.430705 0.430705 0.430705 0.430705 0.430705 0.430705 0.430705 
0.430705 0.430705 0.430705 0.430705 0.430705 0.430705 0.430705 0.430705 0.430705 0.430705 
0.430705 0.430705 0.430705 0.430705 0.430705 0.430705 0.430705 0.430705 0.430705 0.430705 
0.430705 0.430705 0.430705 0.430705 0.430705 0.430705 0.430705 0.430705 0.430705 0.430705 
0.430705 0.430705 0.430705 0.430705 0.430705 0.430705 0.430705 0.430705 0.430705 0.430705 
0.430705 0.430705 0.430705 0.430705 0.430705 0.430705 0.430705 0.430705 0.430705 0.430705 
0.430705 0.430705 0.430705 0.430705 0.430705 0.430705 0.430705 0.430705 0.430705 0.430705 
0.430705 0.430705 0.430705 0.430705 0.430705 0.430705 0.430705 0.430705 0.430705 0.430705 
0.430705 0.430705 0.430705 0.430705 0.430705 0.430705 0.430705 0.430705 0.430705 0.546472 
0.546472 0.546472 0.546472 0.546472 0.546472 0.546472 0.546472 0.546472 0.546472 0.546472 
0.546472 0.546472 0.546472 0.546472 0.546472 0.546472 0.546472 0.546472 0.546472 0.546472 
0.546472 0.546472 0.546472 0.546472 0.546472 0.546472 0.546472 0.546472 0.546472 0.546472 
0.546472 0.546472 0.546472 0.546472 0.546472 0.546472 0.546472 0.546472 0.546472 0.546472 
0.546472 0.546472 0.546472 0.546472 0.546472 0.546472 0.546472 0.546472 0.546472 0.546472 
0.546472 0.546472 0.546472 0.546472 0.546472 0.546472 0.546472 0.546472 0.546472 0.546472 
0.546472 0.546472 0.546472 0.546472 0.546472 0.546472 0.546472 0.546472 0.546472 0.546472 
0.546472 0.546472 0.546472 0.546472 0.546472 0.546472 0.546472 0.546472 0.546472 0.546472 
0.546472 0.546472 0.546472 0.546472 0.546472 0.546472 0.546472 0.546472 0.546472 0.546472 
0.546472 0.546472 0.546472 0.546472 0.546472 0.546472 0.546472 0.546472 0.546472 0.546472 
0.546472 0.546472 0.546472 0.546472 0.546472 0.546472 0.546472 0.546472 0.546472 0.546472 
0.546472 0.546472 0.546472 0.546472 0.546472 0.546472 0.546472 0.546472 0.546472 0.546472 
0.546472 0.546472 0.546472 0.546472 0.546472 0.546472 0.546472 0.546472 0.546472 0.546472 
0.546472 0.546472 0.546472 0.546472 0.546472 0.546472 0.546472 0.546472 0.546472 0.546472 
0.546472 0.546472 0.546472 0.546472 0.546472 0.546472 0.546472 0.546472 0.546472 0.546472 
0.546472 0.546472 0.546472 0.546472 0.546472 0.546472 0.546472 0.546472 0.546472 0.546472 
0.546472 0.546472 0.546472 0.546472 0.546472 0.546472 0.546472 0.546472 0.546472 0.546472 
0.546472 0.546472 0.546472 0.546472 0.546472 0.546472 0.546472 0.546472 0.546472 0.546472 
0.546472 0.546472 0.546472 0.546472 0.546472 0.546472 0.546472 0.546472 0.546472 0.546472 
0.546472 0.546472 0.546472 0.546472 0.546472 0.336796 0.336796 0.336796 0.336796 0.336796 
0.336796 0.336796 0.336796 0.336796 0.336796 0.336796 0.336796 0.336796 0.336796 0.336796 
0.336796 0.336796 0.336796 0.336796 0.336796 0.336796 0.336796 0.336796 0.336796 0.336796 
0.336796 0.336796 0.336796 0.336796 0.336796 0.336796 0.336796 0.336796 0.336796 0.336796 
0.336796 0.336796 0.336796 0.336796 0.336796 0.336796 0.336796 0.336796 0.336796 0.336796 
0.336796 0.336796 0.336796 0.336796 0.336796 0.336796 0.336796 0.336796 0.336796 0.336796 
0.336796 0.336796 0.336796 0.336796 0.336796 0.336796 0.336796 0.336796 0.336796 0.336796 
0.336796 0.336796 0.336796 0.336796 0.336796 0.336796 0.336796 0.336796 0.336796 0.336796 
0.336796 0.336796 0.336796 0.336796 0.336796 0.336796 0.336796 0.336796 0.336796 0.336796 
0.336796 0.336796 0.336796 0.336796 0.336796 0.336796 0.336796 0.336796 0.336796 0.336796 
0.336796 0.336796 0.336796 0.336796 0.336796 0.336796 0.336796 0.336796 0.336796 0.336796 
0.336796 0.336796 0.336796 0.336796 0.336796 0.336796 0.336796 0.336796 0.336796 0.336796 
0.336796 0.336796 0.336796 0.336796 0.336796 0.336796 0.336796 0.336796 0.336796 0.336796 
0.336796 0.336796 0.336796 0.336796 0.336796 0.336796 0.336796 0.336796 0.336796 0.336796 
0.336796 0.336796 0.336796 0.336796 0.336796 0.336796 0.336796 0.336796 0.336796 0.336796 
0.336796 0.336796 0.336796 0.336796 0.336796 0.336796 0.336796 0.336796 0.336796 0.336796 
0.336796 0.336796 0.336796 0.336796 0.336796 0.336796 0.336796 0.336796 0.336796 0.336796 
0.336796 0.336796 0.336796 0.336796 0.336796 0.336796 0.336796 0.336796 0.336796 0.336796 
0.336796 0.336796 0.336796 0.336796 0.336796 0.336796 0.336796 0.336796 0.336796 0.336796 
0.336796 0.336796 0.336796 0.336796 0.336796 0.336796 0.336796 0.336796 0.336796 0.336796 
0.336796 0.831872 0.831872 0.831872 0.831872 0.831872 0.831872 0.831872 0.831872 0.831872 
0.831872 0.831872 0.831872 0.831872 0.831872 0.831872 0.831872 0.831872 0.831872 0.831872 
0.831872 0.831872 0.831872 0.831872 0.831872 0.831872 0.831872 0.831872 0.831872 0.831872 
0.831872 0.831872 0.831872 0.831872 0.831872 0.831872 0.831872 0.831872 0.831872 0.831872 
0.831872 0.831872 0.831872 0.831872 0.831872 0.831872 0.831872 0.831872 0.831872 0.831872 
0.831872 0.831872 0.831872 0.831872 0.831872 0.831872 0.831872 0.831872 0.831872 0.831872 
0.831872 0.831872 0.831872 0.831872 0.831872 0.831872 0.831872 0.831872 0.831872 0.831872 
0.831872 0.831872 0.831872 0.831872 0.831872 0.831872 0.831872 0.831872 0.831872 0.831872 
0.831872 0.831872 0.831872 0.831872 0.831872 0.831872 0.831872 0.831872 0.831872 0.831872 
0.831872 0.831872 0.831872 0.831872 0.831872 0.831872 0.831872 0.831872 0.831872 0.831872 
0.831872 0.831872 0.831872 0.831872 0.831872 0.831872 0.831872 0.831872 0.831872 0.831872 
0.831872 0.831872 0.831872 0.831872 0.831872 0.831872 0.831872 0.831872 0.831872 0.831872 
0.831872 0.831872 0.831872 0.831872 0.831872 0.831872 0.831872 0.831872 0.831872 0.831872 
0.831872 0.831872 0.831872 0.831872 0.831872 0.831872 0.831872 0.831872 0.831872 0.831872 
0.831872 0.831872 0.831872 0.831872 0.831872 0.831872 0.831872 0.831872 0.831872 0.831872 
0.831872 0.831872 0.831872 0.831872 0.831872 0.831872 0.831872 0.831872 0.831872 0.831872 
0.831872 0.831872 0.831872 0.831872 0.831872 0.831872 0.831872 0.831872 0.831872 0.831872 
0.831872 0.831872 0.831872 0.831872 0.831872 0.831872 0.831872 0.831872 0.831872 0.831872 
0.831872 0.831872 0.831872 0.831872 0.831872 0.831872 0.831872 0.831872 0.831872 0.831872 
0.831872 0.831872 0.831872 0.831872 0.831872 0.831872 0.831872 0.354051 0.354051 0.354051 
0.354051 0.354051 0.354051 0.354051 0.354051 0.354051 0.354051 0.354051 0.354051 0.354051 
0.354051 0.354051 0.354051 0.354051 0.354051 0.354051 0.354051 0.354051 0.354051 0.354051 
0.354051 0.354051 0.354051 0.354051 0.354051 0.354051 0.354051 0.354051 0.354051 0.354051 
0.354051 0.354051 0.354051 0.354051 0.354051 0.354051 0.354051 0.354051 0.354051 0.354051 
0.354051 0.354051 0.354051 0.354051 0.354051 0.354051 0.354051 0.354051 0.354051 0.354051 
0.354051 0.354051 0.354051 0.354051 0.354051 0.354051 0.354051 0.354051 0.354051 0.354051 
0.354051 0.354051 0.354051 0.354051 0.354051 0.354051 0.354051 0.354051 0.354051 0.354051 
0.354051 0.354051 0.354051 0.354051 0.354051 0.354051 0.354051 0.354051 0.354051 0.354051 
0.354051 0.354051 0.354051 0.354051 0.354051 0.354051 0.354051 0.354051 0.354051 0.354051 
0.354051 0.354051 0.354051 0.354051 0.354051 0.354051 0.354051 0.354051 0.354051 0.354051 
0.354051 0.354051 0.354051 0.354051 0.354051 0.354051 0.354051 0.354051 0.354051 0.354051 
0.354051 0.354051 0.354051 0.354051 0.354051 0.354051 0.354051 0.354051 0.354051 0.354051 
0.354051 0.354051 0.354051 0.354051 0.354051 0.354051 0.354051 0.354051 0.354051 0.354051 
0.354051 0.354051 0.354051 0.354051 0.354051 0.354051 0.354051 0.354051 0.354051 0.354051 
0.354051 0.354051 0.354051 0.354051 0.354051 0.354051 0.354051 0.354051 0.354051 0.354051 
0.354051 0.354051 0.354051 0.354051 0.354051 0.354051 0.354051 0.354051 0.354051 0.354051 
0.354051 0.354051 0.354051 0.354051 0.354051 0.354051 0.354051 0.354051 0.354051 0.354051 
0.354051 0.354051 0.354051 0.354051 0.354051 0.354051 0.354051 0.354051 0.354051 0.354051 
0.354051 0.354051 0.354051 0.354051 0.354051 0.354051 0.354051 0.354051 0.354051 0.354051 
0.354051 0.354051 0.354051 
