# vtk DataFile Version 2.0
vtkObjects
ASCII
DATASET UNSTRUCTURED_GRID
POINTS 3760 float
-264.09 -1.0121 94.9459
-261.959 -1.0121 94.9459
-264.09 1.1191 94.9459
-261.959 1.1191 94.9459
-264.09 -1.0121 97.0771
-261.959 -1.0121 97.0771
-264.09 1.1191 97.0771
-261.959 1.1191 97.0771
-263.024 -0.605077 94.2873
-263.024 0.712077 94.2873
-263.024 -0.605077 97.7357
-263.024 0.712077 97.7357
-263.683 -1.67068 96.0115
-262.366 -1.67068 96.0115
-263.683 1.77768 96.0115
-262.366 1.77768 96.0115
-264.749 0.0535 95.3529
-264.749 0.0535 96.6701
-261.3 0.0535 95.3529
-261.3 0.0535 96.6701
-260.044 -1.0131 93.4689
-257.912 -1.0131 93.4689
-260.044 1.1181 93.4689
-257.912 1.1181 93.4689
-260.044 -1.0131 95.6001
-257.912 -1.0131 95.6001
-260.044 1.1181 95.6001
-257.912 1.1181 95.6001
-258.978 -0.606077 92.8103
-258.978 0.711077 92.8103
-258.978 -0.606077 96.2587
-258.978 0.711077 96.2587
-259.637 -1.67168 94.5345
-258.319 -1.67168 94.5345
-259.637 1.77668 94.5345
-258.319 1.77668 94.5345
-260.702 0.0525 93.8759
-260.702 0.0525 95.1931
-257.254 0.0525 93.8759
-257.254 0.0525 95.1931
-183.16 -1.0286 65.4039
-181.028 -1.0286 65.4039
-183.16 1.1026 65.4039
-181.028 1.1026 65.4039
-183.16 -1.0286 67.5351
-181.028 -1.0286 67.5351
-183.16 1.1026 67.5351
-181.028 1.1026 67.5351
-182.094 -0.621577 64.7453
-182.094 0.695577 64.7453
-182.094 -0.621577 68.1937
-182.094 0.695577 68.1937
-182.753 -1.68718 66.4695
-181.435 -1.68718 66.4695
-182.753 1.76118 66.4695
-181.435 1.76118 66.4695
-183.818 0.037 65.8109
-183.818 0.037 67.1281
-180.37 0.037 65.8109
-180.37 0.037 67.1281
-179.113 -1.0291 63.9269
-176.982 -1.0291 63.9269
-179.113 1.1021 63.9269
-176.982 1.1021 63.9269
-179.113 -1.0291 66.0581
-176.982 -1.0291 66.0581
-179.113 1.1021 66.0581
-176.982 1.1021 66.0581
-178.048 -0.622077 63.2683
-178.048 0.695077 63.2683
-178.048 -0.622077 66.7167
-178.048 0.695077 66.7167
-178.706 -1.68768 64.9925
-177.389 -1.68768 64.9925
-178.706 1.76068 64.9925
-177.389 1.76068 64.9925
-179.772 0.0365 64.3339
-179.772 0.0365 65.6511
-176.323 0.0365 64.3339
-176.323 0.0365 65.6511
-102.229 -1.0451 35.8619
-100.097 -1.0451 35.8619
-102.229 1.0861 35.8619
-100.097 1.0861 35.8619
-102.229 -1.0451 37.9931
-100.097 -1.0451 37.9931
-102.229 1.0861 37.9931
-100.097 1.0861 37.9931
-101.163 -0.638077 35.2033
-101.163 0.679077 35.2033
-101.163 -0.638077 38.6517
-101.163 0.679077 38.6517
-101.822 -1.70368 36.9275
-100.504 -1.70368 36.9275
-101.822 1.74468 36.9275
-100.504 1.74468 36.9275
-102.887 0.0205 36.2689
-102.887 0.0205 37.5861
-99.4388 0.0205 36.2689
-99.4388 0.0205 37.5861
-98.1821 -1.0456 34.3849
-96.0509 -1.0456 34.3849
-98.1821 1.0856 34.3849
-96.0509 1.0856 34.3849
-98.1821 -1.0456 36.5161
-96.0509 -1.0456 36.5161
-98.1821 1.0856 36.5161
-96.0509 1.0856 36.5161
-97.1165 -0.638577 33.7263
-97.1165 0.678577 33.7263
-97.1165 -0.638577 37.1747
-97.1165 0.678577 37.1747
-97.7751 -1.70418 35.4505
-96.4579 -1.70418 35.4505
-97.7751 1.74418 35.4505
-96.4579 1.74418 35.4505
-98.8407 0.02 34.7919
-98.8407 0.02 36.1091
-95.3923 0.02 34.7919
-95.3923 0.02 36.1091
-21.2981 -1.0616 6.3199
-19.1669 -1.0616 6.3199
-21.2981 1.0696 6.3199
-19.1669 1.0696 6.3199
-21.2981 -1.0616 8.4511
-19.1669 -1.0616 8.4511
-21.2981 1.0696 8.4511
-19.1669 1.0696 8.4511
-20.2325 -0.654577 5.66132
-20.2325 0.662577 5.66132
-20.2325 -0.654577 9.10968
-20.2325 0.662577 9.10968
-20.8911 -1.72018 7.3855
-19.5739 -1.72018 7.3855
-20.8911 1.72818 7.3855
-19.5739 1.72818 7.3855
-21.9567 0.004 6.72692
-21.9567 0.004 8.04408
-18.5083 0.004 6.72692
-18.5083 0.004 8.04408
-17.2516 -1.0621 4.8429
-15.1204 -1.0621 4.8429
-17.2516 1.0691 4.8429
-15.1204 1.0691 4.8429
-17.2516 -1.0621 6.9741
-15.1204 -1.0621 6.9741
-17.2516 1.0691 6.9741
-15.1204 1.0691 6.9741
-16.186 -0.655077 4.18432
-16.186 0.662077 4.18432
-16.186 -0.655077 7.63268
-16.186 0.662077 7.63268
-16.8446 -1.72068 5.9085
-15.5274 -1.72068 5.9085
-16.8446 1.72768 5.9085
-15.5274 1.72768 5.9085
-17.9102 0.0035 5.24992
-17.9102 0.0035 6.56708
-14.4618 0.0035 5.24992
-14.4618 0.0035 6.56708
59.6324 -1.0781 -23.2221
61.7636 -1.0781 -23.2221
59.6324 1.0531 -23.2221
61.7636 1.0531 -23.2221
59.6324 -1.0781 -21.0909
61.7636 -1.0781 -21.0909
59.6324 1.0531 -21.0909
61.7636 1.0531 -21.0909
60.698 -0.671077 -23.8807
60.698 0.646077 -23.8807
60.698 -0.671077 -20.4323
60.698 0.646077 -20.4323
60.0394 -1.73668 -22.1565
61.3566 -1.73668 -22.1565
60.0394 1.71168 -22.1565
61.3566 1.71168 -22.1565
58.9738 -0.0125 -22.8151
58.9738 -0.0125 -21.4979
62.4222 -0.0125 -22.8151
62.4222 -0.0125 -21.4979
63.6789 -1.0786 -24.6991
65.8101 -1.0786 -24.6991
63.6789 1.0526 -24.6991
65.8101 1.0526 -24.6991
63.6789 -1.0786 -22.5679
65.8101 -1.0786 -22.5679
63.6789 1.0526 -22.5679
65.8101 1.0526 -22.5679
64.7445 -0.671577 -25.3577
64.7445 0.645577 -25.3577
64.7445 -0.671577 -21.9093
64.7445 0.645577 -21.9093
64.0859 -1.73718 -23.6335
65.4031 -1.73718 -23.6335
64.0859 1.71118 -23.6335
65.4031 1.71118 -23.6335
63.0203 -0.013 -24.2921
63.0203 -0.013 -22.9749
66.4687 -0.013 -24.2921
66.4687 -0.013 -22.9749
140.563 -1.0946 -52.7641
142.694 -1.0946 -52.7641
140.563 1.0366 -52.7641
142.694 1.0366 -52.7641
140.563 -1.0946 -50.6329
142.694 -1.0946 -50.6329
140.563 1.0366 -50.6329
142.694 1.0366 -50.6329
141.629 -0.687577 -53.4227
141.629 0.629577 -53.4227
141.629 -0.687577 -49.9743
141.629 0.629577 -49.9743
140.97 -1.75318 -51.6985
142.287 -1.75318 -51.6985
140.97 1.69518 -51.6985
142.287 1.69518 -51.6985
139.904 -0.029 -52.3571
139.904 -0.029 -51.0399
143.353 -0.029 -52.3571
143.353 -0.029 -51.0399
144.609 -1.0951 -54.2411
146.741 -1.0951 -54.2411
144.609 1.0361 -54.2411
146.741 1.0361 -54.2411
144.609 -1.0951 -52.1099
146.741 -1.0951 -52.1099
144.609 1.0361 -52.1099
146.741 1.0361 -52.1099
145.675 -0.688077 -54.8997
145.675 0.629077 -54.8997
145.675 -0.688077 -51.4513
145.675 0.629077 -51.4513
145.016 -1.75368 -53.1755
146.334 -1.75368 -53.1755
145.016 1.69468 -53.1755
146.334 1.69468 -53.1755
143.951 -0.0295 -53.8341
143.951 -0.0295 -52.5169
147.399 -0.0295 -53.8341
147.399 -0.0295 -52.5169
221.493 -1.1111 -82.3061
223.625 -1.1111 -82.3061
221.493 1.0201 -82.3061
223.625 1.0201 -82.3061
221.493 -1.1111 -80.1749
223.625 -1.1111 -80.1749
221.493 1.0201 -80.1749
223.625 1.0201 -80.1749
222.559 -0.704077 -82.9647
222.559 0.613077 -82.9647
222.559 -0.704077 -79.5163
222.559 0.613077 -79.5163
221.9 -1.76968 -81.2405
223.218 -1.76968 -81.2405
221.9 1.67868 -81.2405
223.218 1.67868 -81.2405
220.835 -0.0455 -81.8991
220.835 -0.0455 -80.5819
224.283 -0.0455 -81.8991
224.283 -0.0455 -80.5819
225.54 -1.1116 -83.7831
227.671 -1.1116 -83.7831
225.54 1.0196 -83.7831
227.671 1.0196 -83.7831
225.54 -1.1116 -81.6519
227.671 -1.1116 -81.6519
225.54 1.0196 -81.6519
227.671 1.0196 -81.6519
226.606 -0.704577 -84.4417
226.606 0.612577 -84.4417
226.606 -0.704577 -80.9933
226.606 0.612577 -80.9933
225.947 -1.77018 -82.7175
227.264 -1.77018 -82.7175
225.947 1.67818 -82.7175
227.264 1.67818 -82.7175
224.881 -0.046 -83.3761
224.881 -0.046 -82.0589
228.33 -0.046 -83.3761
228.33 -0.046 -82.0589
-493.297 -0.8961 3145.72
-491.166 -0.8961 3145.72
-493.297 1.2351 3145.72
-491.166 1.2351 3145.72
-493.297 -0.8961 3147.85
-491.166 -0.8961 3147.85
-493.297 1.2351 3147.85
-491.166 1.2351 3147.85
-492.231 -0.489077 3145.06
-492.231 0.828077 3145.06
-492.231 -0.489077 3148.51
-492.231 0.828077 3148.51
-492.89 -1.55468 3146.78
-491.573 -1.55468 3146.78
-492.89 1.89368 3146.78
-491.573 1.89368 3146.78
-493.956 0.1695 3146.12
-493.956 0.1695 3147.44
-490.507 0.1695 3146.12
-490.507 0.1695 3147.44
-493.297 -0.8961 2991.3
-491.166 -0.8961 2991.3
-493.297 1.2351 2991.3
-491.166 1.2351 2991.3
-493.297 -0.8961 2993.43
-491.166 -0.8961 2993.43
-493.297 1.2351 2993.43
-491.166 1.2351 2993.43
-492.231 -0.489077 2990.64
-492.231 0.828077 2990.64
-492.231 -0.489077 2994.09
-492.231 0.828077 2994.09
-492.89 -1.55468 2992.36
-491.573 -1.55468 2992.36
-492.89 1.89368 2992.36
-491.573 1.89368 2992.36
-493.956 0.1695 2991.71
-493.956 0.1695 2993.02
-490.507 0.1695 2991.71
-490.507 0.1695 2993.02
-318.493 293.153 3145.72
-316.362 293.153 3145.72
-318.493 295.284 3145.72
-316.362 295.284 3145.72
-318.493 293.153 3147.85
-316.362 293.153 3147.85
-318.493 295.284 3147.85
-316.362 295.284 3147.85
-317.428 293.56 3145.06
-317.428 294.877 3145.06
-317.428 293.56 3148.51
-317.428 294.877 3148.51
-318.086 292.494 3146.78
-316.769 292.494 3146.78
-318.086 295.943 3146.78
-316.769 295.943 3146.78
-319.152 294.219 3146.12
-319.152 294.219 3147.44
-315.703 294.219 3146.12
-315.703 294.219 3147.44
-318.493 293.153 2991.3
-316.362 293.153 2991.3
-318.493 295.284 2991.3
-316.362 295.284 2991.3
-318.493 293.153 2993.43
-316.362 293.153 2993.43
-318.493 295.284 2993.43
-316.362 295.284 2993.43
-317.428 293.56 2990.64
-317.428 294.877 2990.64
-317.428 293.56 2994.09
-317.428 294.877 2994.09
-318.086 292.494 2992.36
-316.769 292.494 2992.36
-318.086 295.943 2992.36
-316.769 295.943 2992.36
-319.152 294.219 2991.71
-319.152 294.219 2993.02
-315.703 294.219 2991.71
-315.703 294.219 2993.02
-318.654 -295.224 3145.72
-316.523 -295.224 3145.72
-318.654 -293.093 3145.72
-316.523 -293.093 3145.72
-318.654 -295.224 3147.85
-316.523 -295.224 3147.85
-318.654 -293.093 3147.85
-316.523 -293.093 3147.85
-317.589 -294.817 3145.06
-317.589 -293.5 3145.06
-317.589 -294.817 3148.51
-317.589 -293.5 3148.51
-318.247 -295.883 3146.78
-316.93 -295.883 3146.78
-318.247 -292.434 3146.78
-316.93 -292.434 3146.78
-319.313 -294.159 3146.12
-319.313 -294.159 3147.44
-315.864 -294.159 3146.12
-315.864 -294.159 3147.44
-318.654 -295.224 2991.3
-316.523 -295.224 2991.3
-318.654 -293.093 2991.3
-316.523 -293.093 2991.3
-318.654 -295.224 2993.43
-316.523 -295.224 2993.43
-318.654 -293.093 2993.43
-316.523 -293.093 2993.43
-317.589 -294.817 2990.64
-317.589 -293.5 2990.64
-317.589 -294.817 2994.09
-317.589 -293.5 2994.09
-318.247 -295.883 2992.36
-316.93 -295.883 2992.36
-318.247 -292.434 2992.36
-316.93 -292.434 2992.36
-319.313 -294.159 2991.71
-319.313 -294.159 2993.02
-315.864 -294.159 2991.71
-315.864 -294.159 2993.02
-264.09 -1.0121 2991.3
-261.959 -1.0121 2991.3
-264.09 1.1191 2991.3
-261.959 1.1191 2991.3
-264.09 -1.0121 2993.43
-261.959 -1.0121 2993.43
-264.09 1.1191 2993.43
-261.959 1.1191 2993.43
-263.024 -0.605077 2990.64
-263.024 0.712077 2990.64
-263.024 -0.605077 2994.09
-263.024 0.712077 2994.09
-263.683 -1.67068 2992.36
-262.366 -1.67068 2992.36
-263.683 1.77768 2992.36
-262.366 1.77768 2992.36
-264.749 0.0535 2991.71
-264.749 0.0535 2993.02
-261.3 0.0535 2991.71
-261.3 0.0535 2993.02
-264.09 -1.0121 94.9459
-261.959 -1.0121 94.9459
-264.09 1.1191 94.9459
-261.959 1.1191 94.9459
-264.09 -1.0121 97.0771
-261.959 -1.0121 97.0771
-264.09 1.1191 97.0771
-261.959 1.1191 97.0771
-263.024 -0.605077 94.2873
-263.024 0.712077 94.2873
-263.024 -0.605077 97.7357
-263.024 0.712077 97.7357
-263.683 -1.67068 96.0115
-262.366 -1.67068 96.0115
-263.683 1.77768 96.0115
-262.366 1.77768 96.0115
-264.749 0.0535 95.3529
-264.749 0.0535 96.6701
-261.3 0.0535 95.3529
-261.3 0.0535 96.6701
-260.044 -1.0131 93.4689
-257.912 -1.0131 93.4689
-260.044 1.1181 93.4689
-257.912 1.1181 93.4689
-260.044 -1.0131 95.6001
-257.912 -1.0131 95.6001
-260.044 1.1181 95.6001
-257.912 1.1181 95.6001
-258.978 -0.606077 92.8103
-258.978 0.711077 92.8103
-258.978 -0.606077 96.2587
-258.978 0.711077 96.2587
-259.637 -1.67168 94.5345
-258.319 -1.67168 94.5345
-259.637 1.77668 94.5345
-258.319 1.77668 94.5345
-260.702 0.0525 93.8759
-260.702 0.0525 95.1931
-257.254 0.0525 93.8759
-257.254 0.0525 95.1931
-237.194 3.6234 91.4619
-235.063 3.6234 91.4619
-237.194 5.7546 91.4619
-235.063 5.7546 91.4619
-237.194 3.6234 93.5931
-235.063 3.6234 93.5931
-237.194 5.7546 93.5931
-235.063 5.7546 93.5931
-236.129 4.03042 90.8033
-236.129 5.34758 90.8033
-236.129 4.03042 94.2517
-236.129 5.34758 94.2517
-236.787 2.96482 92.5275
-235.47 2.96482 92.5275
-236.787 6.41318 92.5275
-235.47 6.41318 92.5275
-237.853 4.689 91.8689
-237.853 4.689 93.1861
-234.404 4.689 91.8689
-234.404 4.689 93.1861
-237.194 3.6234 91.4619
-235.063 3.6234 91.4619
-237.194 5.7546 91.4619
-235.063 5.7546 91.4619
-237.194 3.6234 93.5931
-235.063 3.6234 93.5931
-237.194 5.7546 93.5931
-235.063 5.7546 93.5931
-236.129 4.03042 90.8033
-236.129 5.34758 90.8033
-236.129 4.03042 94.2517
-236.129 5.34758 94.2517
-236.787 2.96482 92.5275
-235.47 2.96482 92.5275
-236.787 6.41318 92.5275
-235.47 6.41318 92.5275
-237.853 4.689 91.8689
-237.853 4.689 93.1861
-234.404 4.689 91.8689
-234.404 4.689 93.1861
-239.514 1.3034 89.1419
-237.383 1.3034 89.1419
-239.514 3.4346 89.1419
-237.383 3.4346 89.1419
-239.514 1.3034 91.2731
-237.383 1.3034 91.2731
-239.514 3.4346 91.2731
-237.383 3.4346 91.2731
-238.448 1.71042 88.4833
-238.448 3.02758 88.4833
-238.448 1.71042 91.9317
-238.448 3.02758 91.9317
-239.107 0.644823 90.2075
-237.79 0.644823 90.2075
-239.107 4.09318 90.2075
-237.79 4.09318 90.2075
-240.173 2.369 89.5489
-240.173 2.369 90.8661
-236.724 2.369 89.5489
-236.724 2.369 90.8661
-239.514 1.3034 89.1419
-237.383 1.3034 89.1419
-239.514 3.4346 89.1419
-237.383 3.4346 89.1419
-239.514 1.3034 91.2731
-237.383 1.3034 91.2731
-239.514 3.4346 91.2731
-237.383 3.4346 91.2731
-238.448 1.71042 88.4833
-238.448 3.02758 88.4833
-238.448 1.71042 91.9317
-238.448 3.02758 91.9317
-239.107 0.644823 90.2075
-237.79 0.644823 90.2075
-239.107 4.09318 90.2075
-237.79 4.09318 90.2075
-240.173 2.369 89.5489
-240.173 2.369 90.8661
-236.724 2.369 89.5489
-236.724 2.369 90.8661
-241.834 -1.0166 86.8219
-239.703 -1.0166 86.8219
-241.834 1.1146 86.8219
-239.703 1.1146 86.8219
-241.834 -1.0166 88.9531
-239.703 -1.0166 88.9531
-241.834 1.1146 88.9531
-239.703 1.1146 88.9531
-240.769 -0.609577 86.1633
-240.769 0.707577 86.1633
-240.769 -0.609577 89.6117
-240.769 0.707577 89.6117
-241.427 -1.67518 87.8875
-240.11 -1.67518 87.8875
-241.427 1.77318 87.8875
-240.11 1.77318 87.8875
-242.493 0.049 87.2289
-242.493 0.049 88.5461
-239.044 0.049 87.2289
-239.044 0.049 88.5461
-237.194 3.6234 91.4619
-235.063 3.6234 91.4619
-237.194 5.7546 91.4619
-235.063 5.7546 91.4619
-237.194 3.6234 93.5931
-235.063 3.6234 93.5931
-237.194 5.7546 93.5931
-235.063 5.7546 93.5931
-236.129 4.03042 90.8033
-236.129 5.34758 90.8033
-236.129 4.03042 94.2517
-236.129 5.34758 94.2517
-236.787 2.96482 92.5275
-235.47 2.96482 92.5275
-236.787 6.41318 92.5275
-235.47 6.41318 92.5275
-237.853 4.689 91.8689
-237.853 4.689 93.1861
-234.404 4.689 91.8689
-234.404 4.689 93.1861
-223.625 -1.0201 80.1749
-221.493 -1.0201 80.1749
-223.625 1.1111 80.1749
-221.493 1.1111 80.1749
-223.625 -1.0201 82.3061
-221.493 -1.0201 82.3061
-223.625 1.1111 82.3061
-221.493 1.1111 82.3061
-222.559 -0.613077 79.5163
-222.559 0.704077 79.5163
-222.559 -0.613077 82.9647
-222.559 0.704077 82.9647
-223.218 -1.67868 81.2405
-221.9 -1.67868 81.2405
-223.218 1.76968 81.2405
-221.9 1.76968 81.2405
-224.283 0.0455 80.5819
-224.283 0.0455 81.8991
-220.835 0.0455 80.5819
-220.835 0.0455 81.8991
-179.113 -1.0291 63.9269
-176.982 -1.0291 63.9269
-179.113 1.1021 63.9269
-176.982 1.1021 63.9269
-179.113 -1.0291 66.0581
-176.982 -1.0291 66.0581
-179.113 1.1021 66.0581
-176.982 1.1021 66.0581
-178.048 -0.622077 63.2683
-178.048 0.695077 63.2683
-178.048 -0.622077 66.7167
-178.048 0.695077 66.7167
-178.706 -1.68768 64.9925
-177.389 -1.68768 64.9925
-178.706 1.76068 64.9925
-177.389 1.76068 64.9925
-179.772 0.0365 64.3339
-179.772 0.0365 65.6511
-176.323 0.0365 64.3339
-176.323 0.0365 65.6511
-156.264 3.6069 61.9199
-154.132 3.6069 61.9199
-156.264 5.7381 61.9199
-154.132 5.7381 61.9199
-156.264 3.6069 64.0511
-154.132 3.6069 64.0511
-156.264 5.7381 64.0511
-154.132 5.7381 64.0511
-155.198 4.01392 61.2613
-155.198 5.33108 61.2613
-155.198 4.01392 64.7097
-155.198 5.33108 64.7097
-155.857 2.94832 62.9855
-154.539 2.94832 62.9855
-155.857 6.39668 62.9855
-154.539 6.39668 62.9855
-156.922 4.6725 62.3269
-156.922 4.6725 63.6441
-153.474 4.6725 62.3269
-153.474 4.6725 63.6441
-156.264 3.6069 61.9199
-154.132 3.6069 61.9199
-156.264 5.7381 61.9199
-154.132 5.7381 61.9199
-156.264 3.6069 64.0511
-154.132 3.6069 64.0511
-156.264 5.7381 64.0511
-154.132 5.7381 64.0511
-155.198 4.01392 61.2613
-155.198 5.33108 61.2613
-155.198 4.01392 64.7097
-155.198 5.33108 64.7097
-155.857 2.94832 62.9855
-154.539 2.94832 62.9855
-155.857 6.39668 62.9855
-154.539 6.39668 62.9855
-156.922 4.6725 62.3269
-156.922 4.6725 63.6441
-153.474 4.6725 62.3269
-153.474 4.6725 63.6441
-158.584 1.2869 59.5999
-156.452 1.2869 59.5999
-158.584 3.4181 59.5999
-156.452 3.4181 59.5999
-158.584 1.2869 61.7311
-156.452 1.2869 61.7311
-158.584 3.4181 61.7311
-156.452 3.4181 61.7311
-157.518 1.69392 58.9413
-157.518 3.01108 58.9413
-157.518 1.69392 62.3897
-157.518 3.01108 62.3897
-158.177 0.628323 60.6655
-156.859 0.628323 60.6655
-158.177 4.07668 60.6655
-156.859 4.07668 60.6655
-159.242 2.3525 60.0069
-159.242 2.3525 61.3241
-155.794 2.3525 60.0069
-155.794 2.3525 61.3241
-158.584 1.2869 59.5999
-156.452 1.2869 59.5999
-158.584 3.4181 59.5999
-156.452 3.4181 59.5999
-158.584 1.2869 61.7311
-156.452 1.2869 61.7311
-158.584 3.4181 61.7311
-156.452 3.4181 61.7311
-157.518 1.69392 58.9413
-157.518 3.01108 58.9413
-157.518 1.69392 62.3897
-157.518 3.01108 62.3897
-158.177 0.628323 60.6655
-156.859 0.628323 60.6655
-158.177 4.07668 60.6655
-156.859 4.07668 60.6655
-159.242 2.3525 60.0069
-159.242 2.3525 61.3241
-155.794 2.3525 60.0069
-155.794 2.3525 61.3241
-160.904 -1.0331 57.2799
-158.772 -1.0331 57.2799
-160.904 1.0981 57.2799
-158.772 1.0981 57.2799
-160.904 -1.0331 59.4111
-158.772 -1.0331 59.4111
-160.904 1.0981 59.4111
-158.772 1.0981 59.4111
-159.838 -0.626077 56.6213
-159.838 0.691077 56.6213
-159.838 -0.626077 60.0697
-159.838 0.691077 60.0697
-160.497 -1.69168 58.3455
-159.179 -1.69168 58.3455
-160.497 1.75668 58.3455
-159.179 1.75668 58.3455
-161.562 0.0325 57.6869
-161.562 0.0325 59.0041
-158.114 0.0325 57.6869
-158.114 0.0325 59.0041
-156.264 3.6069 61.9199
-154.132 3.6069 61.9199
-156.264 5.7381 61.9199
-154.132 5.7381 61.9199
-156.264 3.6069 64.0511
-154.132 3.6069 64.0511
-156.264 5.7381 64.0511
-154.132 5.7381 64.0511
-155.198 4.01392 61.2613
-155.198 5.33108 61.2613
-155.198 4.01392 64.7097
-155.198 5.33108 64.7097
-155.857 2.94832 62.9855
-154.539 2.94832 62.9855
-155.857 6.39668 62.9855
-154.539 6.39668 62.9855
-156.922 4.6725 62.3269
-156.922 4.6725 63.6441
-153.474 4.6725 62.3269
-153.474 4.6725 63.6441
-142.694 -1.0366 50.6329
-140.563 -1.0366 50.6329
-142.694 1.0946 50.6329
-140.563 1.0946 50.6329
-142.694 -1.0366 52.7641
-140.563 -1.0366 52.7641
-142.694 1.0946 52.7641
-140.563 1.0946 52.7641
-141.629 -0.629577 49.9743
-141.629 0.687577 49.9743
-141.629 -0.629577 53.4227
-141.629 0.687577 53.4227
-142.287 -1.69518 51.6985
-140.97 -1.69518 51.6985
-142.287 1.75318 51.6985
-140.97 1.75318 51.6985
-143.353 0.029 51.0399
-143.353 0.029 52.3571
-139.904 0.029 51.0399
-139.904 0.029 52.3571
-98.1821 -1.0456 34.3849
-96.0509 -1.0456 34.3849
-98.1821 1.0856 34.3849
-96.0509 1.0856 34.3849
-98.1821 -1.0456 36.5161
-96.0509 -1.0456 36.5161
-98.1821 1.0856 36.5161
-96.0509 1.0856 36.5161
-97.1165 -0.638577 33.7263
-97.1165 0.678577 33.7263
-97.1165 -0.638577 37.1747
-97.1165 0.678577 37.1747
-97.7751 -1.70418 35.4505
-96.4579 -1.70418 35.4505
-97.7751 1.74418 35.4505
-96.4579 1.74418 35.4505
-98.8407 0.02 34.7919
-98.8407 0.02 36.1091
-95.3923 0.02 34.7919
-95.3923 0.02 36.1091
-75.3331 3.5904 32.3779
-73.2019 3.5904 32.3779
-75.3331 5.7216 32.3779
-73.2019 5.7216 32.3779
-75.3331 3.5904 34.5091
-73.2019 3.5904 34.5091
-75.3331 5.7216 34.5091
-73.2019 5.7216 34.5091
-74.2675 3.99742 31.7193
-74.2675 5.31458 31.7193
-74.2675 3.99742 35.1677
-74.2675 5.31458 35.1677
-74.9261 2.93182 33.4435
-73.6089 2.93182 33.4435
-74.9261 6.38018 33.4435
-73.6089 6.38018 33.4435
-75.9917 4.656 32.7849
-75.9917 4.656 34.1021
-72.5433 4.656 32.7849
-72.5433 4.656 34.1021
-75.3331 3.5904 32.3779
-73.2019 3.5904 32.3779
-75.3331 5.7216 32.3779
-73.2019 5.7216 32.3779
-75.3331 3.5904 34.5091
-73.2019 3.5904 34.5091
-75.3331 5.7216 34.5091
-73.2019 5.7216 34.5091
-74.2675 3.99742 31.7193
-74.2675 5.31458 31.7193
-74.2675 3.99742 35.1677
-74.2675 5.31458 35.1677
-74.9261 2.93182 33.4435
-73.6089 2.93182 33.4435
-74.9261 6.38018 33.4435
-73.6089 6.38018 33.4435
-75.9917 4.656 32.7849
-75.9917 4.656 34.1021
-72.5433 4.656 32.7849
-72.5433 4.656 34.1021
-77.6531 1.2704 30.0579
-75.5219 1.2704 30.0579
-77.6531 3.4016 30.0579
-75.5219 3.4016 30.0579
-77.6531 1.2704 32.1891
-75.5219 1.2704 32.1891
-77.6531 3.4016 32.1891
-75.5219 3.4016 32.1891
-76.5875 1.67742 29.3993
-76.5875 2.99458 29.3993
-76.5875 1.67742 32.8477
-76.5875 2.99458 32.8477
-77.2461 0.611823 31.1235
-75.9289 0.611823 31.1235
-77.2461 4.06018 31.1235
-75.9289 4.06018 31.1235
-78.3117 2.336 30.4649
-78.3117 2.336 31.7821
-74.8633 2.336 30.4649
-74.8633 2.336 31.7821
-77.6531 1.2704 30.0579
-75.5219 1.2704 30.0579
-77.6531 3.4016 30.0579
-75.5219 3.4016 30.0579
-77.6531 1.2704 32.1891
-75.5219 1.2704 32.1891
-77.6531 3.4016 32.1891
-75.5219 3.4016 32.1891
-76.5875 1.67742 29.3993
-76.5875 2.99458 29.3993
-76.5875 1.67742 32.8477
-76.5875 2.99458 32.8477
-77.2461 0.611823 31.1235
-75.9289 0.611823 31.1235
-77.2461 4.06018 31.1235
-75.9289 4.06018 31.1235
-78.3117 2.336 30.4649
-78.3117 2.336 31.7821
-74.8633 2.336 30.4649
-74.8633 2.336 31.7821
-79.9731 -1.0496 27.7379
-77.8419 -1.0496 27.7379
-79.9731 1.0816 27.7379
-77.8419 1.0816 27.7379
-79.9731 -1.0496 29.8691
-77.8419 -1.0496 29.8691
-79.9731 1.0816 29.8691
-77.8419 1.0816 29.8691
-78.9075 -0.642577 27.0793
-78.9075 0.674577 27.0793
-78.9075 -0.642577 30.5277
-78.9075 0.674577 30.5277
-79.5661 -1.70818 28.8035
-78.2489 -1.70818 28.8035
-79.5661 1.74018 28.8035
-78.2489 1.74018 28.8035
-80.6317 0.016 28.1449
-80.6317 0.016 29.4621
-77.1833 0.016 28.1449
-77.1833 0.016 29.4621
-75.3331 3.5904 32.3779
-73.2019 3.5904 32.3779
-75.3331 5.7216 32.3779
-73.2019 5.7216 32.3779
-75.3331 3.5904 34.5091
-73.2019 3.5904 34.5091
-75.3331 5.7216 34.5091
-73.2019 5.7216 34.5091
-74.2675 3.99742 31.7193
-74.2675 5.31458 31.7193
-74.2675 3.99742 35.1677
-74.2675 5.31458 35.1677
-74.9261 2.93182 33.4435
-73.6089 2.93182 33.4435
-74.9261 6.38018 33.4435
-73.6089 6.38018 33.4435
-75.9917 4.656 32.7849
-75.9917 4.656 34.1021
-72.5433 4.656 32.7849
-72.5433 4.656 34.1021
-61.7636 -1.0531 21.0909
-59.6324 -1.0531 21.0909
-61.7636 1.0781 21.0909
-59.6324 1.0781 21.0909
-61.7636 -1.0531 23.2221
-59.6324 -1.0531 23.2221
-61.7636 1.0781 23.2221
-59.6324 1.0781 23.2221
-60.698 -0.646077 20.4323
-60.698 0.671077 20.4323
-60.698 -0.646077 23.8807
-60.698 0.671077 23.8807
-61.3566 -1.71168 22.1565
-60.0394 -1.71168 22.1565
-61.3566 1.73668 22.1565
-60.0394 1.73668 22.1565
-62.4222 0.0125 21.4979
-62.4222 0.0125 22.8151
-58.9738 0.0125 21.4979
-58.9738 0.0125 22.8151
-17.2516 -1.0621 4.8429
-15.1204 -1.0621 4.8429
-17.2516 1.0691 4.8429
-15.1204 1.0691 4.8429
-17.2516 -1.0621 6.9741
-15.1204 -1.0621 6.9741
-17.2516 1.0691 6.9741
-15.1204 1.0691 6.9741
-16.186 -0.655077 4.18432
-16.186 0.662077 4.18432
-16.186 -0.655077 7.63268
-16.186 0.662077 7.63268
-16.8446 -1.72068 5.9085
-15.5274 -1.72068 5.9085
-16.8446 1.72768 5.9085
-15.5274 1.72768 5.9085
-17.9102 0.0035 5.24992
-17.9102 0.0035 6.56708
-14.4618 0.0035 5.24992
-14.4618 0.0035 6.56708
5.5979 3.5739 2.8359
7.7291 3.5739 2.8359
5.5979 5.7051 2.8359
7.7291 5.7051 2.8359
5.5979 3.5739 4.9671
7.7291 3.5739 4.9671
5.5979 5.7051 4.9671
7.7291 5.7051 4.9671
6.6635 3.98092 2.17732
6.6635 5.29808 2.17732
6.6635 3.98092 5.62568
6.6635 5.29808 5.62568
6.00492 2.91532 3.9015
7.32208 2.91532 3.9015
6.00492 6.36368 3.9015
7.32208 6.36368 3.9015
4.93932 4.6395 3.24292
4.93932 4.6395 4.56008
8.38768 4.6395 3.24292
8.38768 4.6395 4.56008
5.5979 3.5739 2.8359
7.7291 3.5739 2.8359
5.5979 5.7051 2.8359
7.7291 5.7051 2.8359
5.5979 3.5739 4.9671
7.7291 3.5739 4.9671
5.5979 5.7051 4.9671
7.7291 5.7051 4.9671
6.6635 3.98092 2.17732
6.6635 5.29808 2.17732
6.6635 3.98092 5.62568
6.6635 5.29808 5.62568
6.00492 2.91532 3.9015
7.32208 2.91532 3.9015
6.00492 6.36368 3.9015
7.32208 6.36368 3.9015
4.93932 4.6395 3.24292
4.93932 4.6395 4.56008
8.38768 4.6395 3.24292
8.38768 4.6395 4.56008
3.2779 1.2539 0.5159
5.4091 1.2539 0.5159
3.2779 3.3851 0.5159
5.4091 3.3851 0.5159
3.2779 1.2539 2.6471
5.4091 1.2539 2.6471
3.2779 3.3851 2.6471
5.4091 3.3851 2.6471
4.3435 1.66092 -0.142677
4.3435 2.97808 -0.142677
4.3435 1.66092 3.30568
4.3435 2.97808 3.30568
3.68492 0.595323 1.5815
5.00208 0.595323 1.5815
3.68492 4.04368 1.5815
5.00208 4.04368 1.5815
2.61932 2.3195 0.922923
2.61932 2.3195 2.24008
6.06768 2.3195 0.922923
6.06768 2.3195 2.24008
3.2779 1.2539 0.5159
5.4091 1.2539 0.5159
3.2779 3.3851 0.5159
5.4091 3.3851 0.5159
3.2779 1.2539 2.6471
5.4091 1.2539 2.6471
3.2779 3.3851 2.6471
5.4091 3.3851 2.6471
4.3435 1.66092 -0.142677
4.3435 2.97808 -0.142677
4.3435 1.66092 3.30568
4.3435 2.97808 3.30568
3.68492 0.595323 1.5815
5.00208 0.595323 1.5815
3.68492 4.04368 1.5815
5.00208 4.04368 1.5815
2.61932 2.3195 0.922923
2.61932 2.3195 2.24008
6.06768 2.3195 0.922923
6.06768 2.3195 2.24008
0.9579 -1.0661 -1.8041
3.0891 -1.0661 -1.8041
0.9579 1.0651 -1.8041
3.0891 1.0651 -1.8041
0.9579 -1.0661 0.3271
3.0891 -1.0661 0.3271
0.9579 1.0651 0.3271
3.0891 1.0651 0.3271
2.0235 -0.659077 -2.46268
2.0235 0.658077 -2.46268
2.0235 -0.659077 0.985677
2.0235 0.658077 0.985677
1.36492 -1.72468 -0.7385
2.68208 -1.72468 -0.7385
1.36492 1.72368 -0.7385
2.68208 1.72368 -0.7385
0.299323 -0.0005 -1.39708
0.299323 -0.0005 -0.079923
3.74768 -0.0005 -1.39708
3.74768 -0.0005 -0.079923
5.5979 3.5739 2.8359
7.7291 3.5739 2.8359
5.5979 5.7051 2.8359
7.7291 5.7051 2.8359
5.5979 3.5739 4.9671
7.7291 3.5739 4.9671
5.5979 5.7051 4.9671
7.7291 5.7051 4.9671
6.6635 3.98092 2.17732
6.6635 5.29808 2.17732
6.6635 3.98092 5.62568
6.6635 5.29808 5.62568
6.00492 2.91532 3.9015
7.32208 2.91532 3.9015
6.00492 6.36368 3.9015
7.32208 6.36368 3.9015
4.93932 4.6395 3.24292
4.93932 4.6395 4.56008
8.38768 4.6395 3.24292
8.38768 4.6395 4.56008
10.3894 3.5729 1.0869
12.5206 3.5729 1.0869
10.3894 5.7041 1.0869
12.5206 5.7041 1.0869
10.3894 3.5729 3.2181
12.5206 3.5729 3.2181
10.3894 5.7041 3.2181
12.5206 5.7041 3.2181
11.455 3.97992 0.428323
11.455 5.29708 0.428323
11.455 3.97992 3.87668
11.455 5.29708 3.87668
10.7964 2.91432 2.1525
12.1136 2.91432 2.1525
10.7964 6.36268 2.1525
12.1136 6.36268 2.1525
9.73082 4.6385 1.49392
9.73082 4.6385 2.81108
13.1792 4.6385 1.49392
13.1792 4.6385 2.81108
10.3894 3.5729 1.0869
12.5206 3.5729 1.0869
10.3894 5.7041 1.0869
12.5206 5.7041 1.0869
10.3894 3.5729 3.2181
12.5206 3.5729 3.2181
10.3894 5.7041 3.2181
12.5206 5.7041 3.2181
11.455 3.97992 0.428323
11.455 5.29708 0.428323
11.455 3.97992 3.87668
11.455 5.29708 3.87668
10.7964 2.91432 2.1525
12.1136 2.91432 2.1525
10.7964 6.36268 2.1525
12.1136 6.36268 2.1525
9.73082 4.6385 1.49392
9.73082 4.6385 2.81108
13.1792 4.6385 1.49392
13.1792 4.6385 2.81108
8.0694 1.2529 -1.2331
10.2006 1.2529 -1.2331
8.0694 3.3841 -1.2331
10.2006 3.3841 -1.2331
8.0694 1.2529 0.8981
10.2006 1.2529 0.8981
8.0694 3.3841 0.8981
10.2006 3.3841 0.8981
9.135 1.65992 -1.89168
9.135 2.97708 -1.89168
9.135 1.65992 1.55668
9.135 2.97708 1.55668
8.47642 0.594323 -0.1675
9.79358 0.594323 -0.1675
8.47642 4.04268 -0.1675
9.79358 4.04268 -0.1675
7.41082 2.3185 -0.826077
7.41082 2.3185 0.491077
10.8592 2.3185 -0.826077
10.8592 2.3185 0.491077
8.0694 1.2529 -1.2331
10.2006 1.2529 -1.2331
8.0694 3.3841 -1.2331
10.2006 3.3841 -1.2331
8.0694 1.2529 0.8981
10.2006 1.2529 0.8981
8.0694 3.3841 0.8981
10.2006 3.3841 0.8981
9.135 1.65992 -1.89168
9.135 2.97708 -1.89168
9.135 1.65992 1.55668
9.135 2.97708 1.55668
8.47642 0.594323 -0.1675
9.79358 0.594323 -0.1675
8.47642 4.04268 -0.1675
9.79358 4.04268 -0.1675
7.41082 2.3185 -0.826077
7.41082 2.3185 0.491077
10.8592 2.3185 -0.826077
10.8592 2.3185 0.491077
5.7494 -1.0671 -3.5531
7.8806 -1.0671 -3.5531
5.7494 1.0641 -3.5531
7.8806 1.0641 -3.5531
5.7494 -1.0671 -1.4219
7.8806 -1.0671 -1.4219
5.7494 1.0641 -1.4219
7.8806 1.0641 -1.4219
6.815 -0.660077 -4.21168
6.815 0.657077 -4.21168
6.815 -0.660077 -0.763323
6.815 0.657077 -0.763323
6.15642 -1.72568 -2.4875
7.47358 -1.72568 -2.4875
6.15642 1.72268 -2.4875
7.47358 1.72268 -2.4875
5.09082 -0.0015 -3.14608
5.09082 -0.0015 -1.82892
8.53918 -0.0015 -3.14608
8.53918 -0.0015 -1.82892
5.7494 -1.0671 -3.5531
7.8806 -1.0671 -3.5531
5.7494 1.0641 -3.5531
7.8806 1.0641 -3.5531
5.7494 -1.0671 -1.4219
7.8806 -1.0671 -1.4219
5.7494 1.0641 -1.4219
7.8806 1.0641 -1.4219
6.815 -0.660077 -4.21168
6.815 0.657077 -4.21168
6.815 -0.660077 -0.763323
6.815 0.657077 -0.763323
6.15642 -1.72568 -2.4875
7.47358 -1.72568 -2.4875
6.15642 1.72268 -2.4875
7.47358 1.72268 -2.4875
5.09082 -0.0015 -3.14608
5.09082 -0.0015 -1.82892
8.53918 -0.0015 -3.14608
8.53918 -0.0015 -1.82892
105.014 -147.799 -134.952
107.146 -147.799 -134.952
105.014 -145.668 -134.952
107.146 -145.668 -134.952
105.014 -147.799 -132.821
107.146 -147.799 -132.821
105.014 -145.668 -132.821
107.146 -145.668 -132.821
106.08 -147.392 -135.611
106.08 -146.075 -135.611
106.08 -147.392 -132.162
106.08 -146.075 -132.162
105.421 -148.458 -133.887
106.739 -148.458 -133.887
105.421 -145.009 -133.887
106.739 -145.009 -133.887
104.356 -146.733 -134.545
104.356 -146.733 -133.228
107.804 -146.733 -134.545
107.804 -146.733 -133.228
10.3894 3.5729 1.0869
12.5206 3.5729 1.0869
10.3894 5.7041 1.0869
12.5206 5.7041 1.0869
10.3894 3.5729 3.2181
12.5206 3.5729 3.2181
10.3894 5.7041 3.2181
12.5206 5.7041 3.2181
11.455 3.97992 0.428323
11.455 5.29708 0.428323
11.455 3.97992 3.87668
11.455 5.29708 3.87668
10.7964 2.91432 2.1525
12.1136 2.91432 2.1525
10.7964 6.36268 2.1525
12.1136 6.36268 2.1525
9.73082 4.6385 1.49392
9.73082 4.6385 2.81108
13.1792 4.6385 1.49392
13.1792 4.6385 2.81108
19.1669 -1.0696 -8.4511
21.2981 -1.0696 -8.4511
19.1669 1.0616 -8.4511
21.2981 1.0616 -8.4511
19.1669 -1.0696 -6.3199
21.2981 -1.0696 -6.3199
19.1669 1.0616 -6.3199
21.2981 1.0616 -6.3199
20.2325 -0.662577 -9.10968
20.2325 0.654577 -9.10968
20.2325 -0.662577 -5.66132
20.2325 0.654577 -5.66132
19.5739 -1.72818 -7.3855
20.8911 -1.72818 -7.3855
19.5739 1.72018 -7.3855
20.8911 1.72018 -7.3855
18.5083 -0.004 -8.04408
18.5083 -0.004 -6.72692
21.9567 -0.004 -8.04408
21.9567 -0.004 -6.72692
63.6789 -1.0786 -24.6991
65.8101 -1.0786 -24.6991
63.6789 1.0526 -24.6991
65.8101 1.0526 -24.6991
63.6789 -1.0786 -22.5679
65.8101 -1.0786 -22.5679
63.6789 1.0526 -22.5679
65.8101 1.0526 -22.5679
64.7445 -0.671577 -25.3577
64.7445 0.645577 -25.3577
64.7445 -0.671577 -21.9093
64.7445 0.645577 -21.9093
64.0859 -1.73718 -23.6335
65.4031 -1.73718 -23.6335
64.0859 1.71118 -23.6335
65.4031 1.71118 -23.6335
63.0203 -0.013 -24.2921
63.0203 -0.013 -22.9749
66.4687 -0.013 -24.2921
66.4687 -0.013 -22.9749
86.5284 3.5574 -26.7061
88.6596 3.5574 -26.7061
86.5284 5.6886 -26.7061
88.6596 5.6886 -26.7061
86.5284 3.5574 -24.5749
88.6596 3.5574 -24.5749
86.5284 5.6886 -24.5749
88.6596 5.6886 -24.5749
87.594 3.96442 -27.3647
87.594 5.28158 -27.3647
87.594 3.96442 -23.9163
87.594 5.28158 -23.9163
86.9354 2.89882 -25.6405
88.2526 2.89882 -25.6405
86.9354 6.34718 -25.6405
88.2526 6.34718 -25.6405
85.8698 4.623 -26.2991
85.8698 4.623 -24.9819
89.3182 4.623 -26.2991
89.3182 4.623 -24.9819
86.5284 3.5574 -26.7061
88.6596 3.5574 -26.7061
86.5284 5.6886 -26.7061
88.6596 5.6886 -26.7061
86.5284 3.5574 -24.5749
88.6596 3.5574 -24.5749
86.5284 5.6886 -24.5749
88.6596 5.6886 -24.5749
87.594 3.96442 -27.3647
87.594 5.28158 -27.3647
87.594 3.96442 -23.9163
87.594 5.28158 -23.9163
86.9354 2.89882 -25.6405
88.2526 2.89882 -25.6405
86.9354 6.34718 -25.6405
88.2526 6.34718 -25.6405
85.8698 4.623 -26.2991
85.8698 4.623 -24.9819
89.3182 4.623 -26.2991
89.3182 4.623 -24.9819
84.2084 1.2374 -29.0261
86.3396 1.2374 -29.0261
84.2084 3.3686 -29.0261
86.3396 3.3686 -29.0261
84.2084 1.2374 -26.8949
86.3396 1.2374 -26.8949
84.2084 3.3686 -26.8949
86.3396 3.3686 -26.8949
85.274 1.64442 -29.6847
85.274 2.96158 -29.6847
85.274 1.64442 -26.2363
85.274 2.96158 -26.2363
84.6154 0.578823 -27.9605
85.9326 0.578823 -27.9605
84.6154 4.02718 -27.9605
85.9326 4.02718 -27.9605
83.5498 2.303 -28.6191
83.5498 2.303 -27.3019
86.9982 2.303 -28.6191
86.9982 2.303 -27.3019
84.2084 1.2374 -29.0261
86.3396 1.2374 -29.0261
84.2084 3.3686 -29.0261
86.3396 3.3686 -29.0261
84.2084 1.2374 -26.8949
86.3396 1.2374 -26.8949
84.2084 3.3686 -26.8949
86.3396 3.3686 -26.8949
85.274 1.64442 -29.6847
85.274 2.96158 -29.6847
85.274 1.64442 -26.2363
85.274 2.96158 -26.2363
84.6154 0.578823 -27.9605
85.9326 0.578823 -27.9605
84.6154 4.02718 -27.9605
85.9326 4.02718 -27.9605
83.5498 2.303 -28.6191
83.5498 2.303 -27.3019
86.9982 2.303 -28.6191
86.9982 2.303 -27.3019
81.8884 -1.0826 -31.3461
84.0196 -1.0826 -31.3461
81.8884 1.0486 -31.3461
84.0196 1.0486 -31.3461
81.8884 -1.0826 -29.2149
84.0196 -1.0826 -29.2149
81.8884 1.0486 -29.2149
84.0196 1.0486 -29.2149
82.954 -0.675577 -32.0047
82.954 0.641577 -32.0047
82.954 -0.675577 -28.5563
82.954 0.641577 -28.5563
82.2954 -1.74118 -30.2805
83.6126 -1.74118 -30.2805
82.2954 1.70718 -30.2805
83.6126 1.70718 -30.2805
81.2298 -0.017 -30.9391
81.2298 -0.017 -29.6219
84.6782 -0.017 -30.9391
84.6782 -0.017 -29.6219
86.5284 3.5574 -26.7061
88.6596 3.5574 -26.7061
86.5284 5.6886 -26.7061
88.6596 5.6886 -26.7061
86.5284 3.5574 -24.5749
88.6596 3.5574 -24.5749
86.5284 5.6886 -24.5749
88.6596 5.6886 -24.5749
87.594 3.96442 -27.3647
87.594 5.28158 -27.3647
87.594 3.96442 -23.9163
87.594 5.28158 -23.9163
86.9354 2.89882 -25.6405
88.2526 2.89882 -25.6405
86.9354 6.34718 -25.6405
88.2526 6.34718 -25.6405
85.8698 4.623 -26.2991
85.8698 4.623 -24.9819
89.3182 4.623 -26.2991
89.3182 4.623 -24.9819
100.097 -1.0861 -37.9931
102.229 -1.0861 -37.9931
100.097 1.0451 -37.9931
102.229 1.0451 -37.9931
100.097 -1.0861 -35.8619
102.229 -1.0861 -35.8619
100.097 1.0451 -35.8619
102.229 1.0451 -35.8619
101.163 -0.679077 -38.6517
101.163 0.638077 -38.6517
101.163 -0.679077 -35.2033
101.163 0.638077 -35.2033
100.504 -1.74468 -36.9275
101.822 -1.74468 -36.9275
100.504 1.70368 -36.9275
101.822 1.70368 -36.9275
99.4388 -0.0205 -37.5861
99.4388 -0.0205 -36.2689
102.887 -0.0205 -37.5861
102.887 -0.0205 -36.2689
144.609 -1.0951 -54.2411
146.741 -1.0951 -54.2411
144.609 1.0361 -54.2411
146.741 1.0361 -54.2411
144.609 -1.0951 -52.1099
146.741 -1.0951 -52.1099
144.609 1.0361 -52.1099
146.741 1.0361 -52.1099
145.675 -0.688077 -54.8997
145.675 0.629077 -54.8997
145.675 -0.688077 -51.4513
145.675 0.629077 -51.4513
145.016 -1.75368 -53.1755
146.334 -1.75368 -53.1755
145.016 1.69468 -53.1755
146.334 1.69468 -53.1755
143.951 -0.0295 -53.8341
143.951 -0.0295 -52.5169
147.399 -0.0295 -53.8341
147.399 -0.0295 -52.5169
167.459 3.5409 -56.2481
169.59 3.5409 -56.2481
167.459 5.6721 -56.2481
169.59 5.6721 -56.2481
167.459 3.5409 -54.1169
169.59 3.5409 -54.1169
167.459 5.6721 -54.1169
169.59 5.6721 -54.1169
168.525 3.94792 -56.9067
168.525 5.26508 -56.9067
168.525 3.94792 -53.4583
168.525 5.26508 -53.4583
167.866 2.88232 -55.1825
169.183 2.88232 -55.1825
167.866 6.33068 -55.1825
169.183 6.33068 -55.1825
166.8 4.6065 -55.8411
166.8 4.6065 -54.5239
170.249 4.6065 -55.8411
170.249 4.6065 -54.5239
167.459 3.5409 -56.2481
169.59 3.5409 -56.2481
167.459 5.6721 -56.2481
169.59 5.6721 -56.2481
167.459 3.5409 -54.1169
169.59 3.5409 -54.1169
167.459 5.6721 -54.1169
169.59 5.6721 -54.1169
168.525 3.94792 -56.9067
168.525 5.26508 -56.9067
168.525 3.94792 -53.4583
168.525 5.26508 -53.4583
167.866 2.88232 -55.1825
169.183 2.88232 -55.1825
167.866 6.33068 -55.1825
169.183 6.33068 -55.1825
166.8 4.6065 -55.8411
166.8 4.6065 -54.5239
170.249 4.6065 -55.8411
170.249 4.6065 -54.5239
165.139 1.2209 -58.5681
167.27 1.2209 -58.5681
165.139 3.3521 -58.5681
167.27 3.3521 -58.5681
165.139 1.2209 -56.4369
167.27 1.2209 -56.4369
165.139 3.3521 -56.4369
167.27 3.3521 -56.4369
166.204 1.62792 -59.2267
166.204 2.94508 -59.2267
166.204 1.62792 -55.7783
166.204 2.94508 -55.7783
165.546 0.562323 -57.5025
166.863 0.562323 -57.5025
165.546 4.01068 -57.5025
166.863 4.01068 -57.5025
164.48 2.2865 -58.1611
164.48 2.2865 -56.8439
167.929 2.2865 -58.1611
167.929 2.2865 -56.8439
165.139 1.2209 -58.5681
167.27 1.2209 -58.5681
165.139 3.3521 -58.5681
167.27 3.3521 -58.5681
165.139 1.2209 -56.4369
167.27 1.2209 -56.4369
165.139 3.3521 -56.4369
167.27 3.3521 -56.4369
166.204 1.62792 -59.2267
166.204 2.94508 -59.2267
166.204 1.62792 -55.7783
166.204 2.94508 -55.7783
165.546 0.562323 -57.5025
166.863 0.562323 -57.5025
165.546 4.01068 -57.5025
166.863 4.01068 -57.5025
164.48 2.2865 -58.1611
164.48 2.2865 -56.8439
167.929 2.2865 -58.1611
167.929 2.2865 -56.8439
162.819 -1.0991 -60.8881
164.95 -1.0991 -60.8881
162.819 1.0321 -60.8881
164.95 1.0321 -60.8881
162.819 -1.0991 -58.7569
164.95 -1.0991 -58.7569
162.819 1.0321 -58.7569
164.95 1.0321 -58.7569
163.885 -0.692077 -61.5467
163.885 0.625077 -61.5467
163.885 -0.692077 -58.0983
163.885 0.625077 -58.0983
163.226 -1.75768 -59.8225
164.543 -1.75768 -59.8225
163.226 1.69068 -59.8225
164.543 1.69068 -59.8225
162.16 -0.0335 -60.4811
162.16 -0.0335 -59.1639
165.609 -0.0335 -60.4811
165.609 -0.0335 -59.1639
167.459 3.5409 -56.2481
169.59 3.5409 -56.2481
167.459 5.6721 -56.2481
169.59 5.6721 -56.2481
167.459 3.5409 -54.1169
169.59 3.5409 -54.1169
167.459 5.6721 -54.1169
169.59 5.6721 -54.1169
168.525 3.94792 -56.9067
168.525 5.26508 -56.9067
168.525 3.94792 -53.4583
168.525 5.26508 -53.4583
167.866 2.88232 -55.1825
169.183 2.88232 -55.1825
167.866 6.33068 -55.1825
169.183 6.33068 -55.1825
166.8 4.6065 -55.8411
166.8 4.6065 -54.5239
170.249 4.6065 -55.8411
170.249 4.6065 -54.5239
181.028 -1.1026 -67.5351
183.16 -1.1026 -67.5351
181.028 1.0286 -67.5351
183.16 1.0286 -67.5351
181.028 -1.1026 -65.4039
183.16 -1.1026 -65.4039
181.028 1.0286 -65.4039
183.16 1.0286 -65.4039
182.094 -0.695577 -68.1937
182.094 0.621577 -68.1937
182.094 -0.695577 -64.7453
182.094 0.621577 -64.7453
181.435 -1.76118 -66.4695
182.753 -1.76118 -66.4695
181.435 1.68718 -66.4695
182.753 1.68718 -66.4695
180.37 -0.037 -67.1281
180.37 -0.037 -65.8109
183.818 -0.037 -67.1281
183.818 -0.037 -65.8109
225.54 -1.1116 -83.7831
227.671 -1.1116 -83.7831
225.54 1.0196 -83.7831
227.671 1.0196 -83.7831
225.54 -1.1116 -81.6519
227.671 -1.1116 -81.6519
225.54 1.0196 -81.6519
227.671 1.0196 -81.6519
226.606 -0.704577 -84.4417
226.606 0.612577 -84.4417
226.606 -0.704577 -80.9933
226.606 0.612577 -80.9933
225.947 -1.77018 -82.7175
227.264 -1.77018 -82.7175
225.947 1.67818 -82.7175
227.264 1.67818 -82.7175
224.881 -0.046 -83.3761
224.881 -0.046 -82.0589
228.33 -0.046 -83.3761
228.33 -0.046 -82.0589
248.389 3.5244 -85.7901
250.521 3.5244 -85.7901
248.389 5.6556 -85.7901
250.521 5.6556 -85.7901
248.389 3.5244 -83.6589
250.521 3.5244 -83.6589
248.389 5.6556 -83.6589
250.521 5.6556 -83.6589
249.455 3.93142 -86.4487
249.455 5.24858 -86.4487
249.455 3.93142 -83.0003
249.455 5.24858 -83.0003
248.796 2.86582 -84.7245
250.114 2.86582 -84.7245
248.796 6.31418 -84.7245
250.114 6.31418 -84.7245
247.731 4.59 -85.3831
247.731 4.59 -84.0659
251.179 4.59 -85.3831
251.179 4.59 -84.0659
248.389 3.5244 -85.7901
250.521 3.5244 -85.7901
248.389 5.6556 -85.7901
250.521 5.6556 -85.7901
248.389 3.5244 -83.6589
250.521 3.5244 -83.6589
248.389 5.6556 -83.6589
250.521 5.6556 -83.6589
249.455 3.93142 -86.4487
249.455 5.24858 -86.4487
249.455 3.93142 -83.0003
249.455 5.24858 -83.0003
248.796 2.86582 -84.7245
250.114 2.86582 -84.7245
248.796 6.31418 -84.7245
250.114 6.31418 -84.7245
247.731 4.59 -85.3831
247.731 4.59 -84.0659
251.179 4.59 -85.3831
251.179 4.59 -84.0659
246.069 1.2044 -88.1101
248.201 1.2044 -88.1101
246.069 3.3356 -88.1101
248.201 3.3356 -88.1101
246.069 1.2044 -85.9789
248.201 1.2044 -85.9789
246.069 3.3356 -85.9789
248.201 3.3356 -85.9789
247.135 1.61142 -88.7687
247.135 2.92858 -88.7687
247.135 1.61142 -85.3203
247.135 2.92858 -85.3203
246.476 0.545823 -87.0445
247.794 0.545823 -87.0445
246.476 3.99418 -87.0445
247.794 3.99418 -87.0445
245.411 2.27 -87.7031
245.411 2.27 -86.3859
248.859 2.27 -87.7031
248.859 2.27 -86.3859
246.069 1.2044 -88.1101
248.201 1.2044 -88.1101
246.069 3.3356 -88.1101
248.201 3.3356 -88.1101
246.069 1.2044 -85.9789
248.201 1.2044 -85.9789
246.069 3.3356 -85.9789
248.201 3.3356 -85.9789
247.135 1.61142 -88.7687
247.135 2.92858 -88.7687
247.135 1.61142 -85.3203
247.135 2.92858 -85.3203
246.476 0.545823 -87.0445
247.794 0.545823 -87.0445
246.476 3.99418 -87.0445
247.794 3.99418 -87.0445
245.411 2.27 -87.7031
245.411 2.27 -86.3859
248.859 2.27 -87.7031
248.859 2.27 -86.3859
243.749 -1.1156 -90.4301
245.881 -1.1156 -90.4301
243.749 1.0156 -90.4301
245.881 1.0156 -90.4301
243.749 -1.1156 -88.2989
245.881 -1.1156 -88.2989
243.749 1.0156 -88.2989
245.881 1.0156 -88.2989
244.815 -0.708577 -91.0887
244.815 0.608577 -91.0887
244.815 -0.708577 -87.6403
244.815 0.608577 -87.6403
244.156 -1.77418 -89.3645
245.474 -1.77418 -89.3645
244.156 1.67418 -89.3645
245.474 1.67418 -89.3645
243.091 -0.05 -90.0231
243.091 -0.05 -88.7059
246.539 -0.05 -90.0231
246.539 -0.05 -88.7059
248.389 3.5244 -85.7901
250.521 3.5244 -85.7901
248.389 5.6556 -85.7901
250.521 5.6556 -85.7901
248.389 3.5244 -83.6589
250.521 3.5244 -83.6589
248.389 5.6556 -83.6589
250.521 5.6556 -83.6589
249.455 3.93142 -86.4487
249.455 5.24858 -86.4487
249.455 3.93142 -83.0003
249.455 5.24858 -83.0003
248.796 2.86582 -84.7245
250.114 2.86582 -84.7245
248.796 6.31418 -84.7245
250.114 6.31418 -84.7245
247.731 4.59 -85.3831
247.731 4.59 -84.0659
251.179 4.59 -85.3831
251.179 4.59 -84.0659
261.959 -1.1191 -97.0771
264.09 -1.1191 -97.0771
261.959 1.0121 -97.0771
264.09 1.0121 -97.0771
261.959 -1.1191 -94.9459
264.09 -1.1191 -94.9459
261.959 1.0121 -94.9459
264.09 1.0121 -94.9459
263.024 -0.712077 -97.7357
263.024 0.605077 -97.7357
263.024 -0.712077 -94.2873
263.024 0.605077 -94.2873
262.366 -1.77768 -96.0115
263.683 -1.77768 -96.0115
262.366 1.67068 -96.0115
263.683 1.67068 -96.0115
261.3 -0.0535 -96.6701
261.3 -0.0535 -95.3529
264.749 -0.0535 -96.6701
264.749 -0.0535 -95.3529
-493.297 -0.8961 2991.3
-491.166 -0.8961 2991.3
-493.297 1.2351 2991.3
-491.166 1.2351 2991.3
-493.297 -0.8961 2993.43
-491.166 -0.8961 2993.43
-493.297 1.2351 2993.43
-491.166 1.2351 2993.43
-492.231 -0.489077 2990.64
-492.231 0.828077 2990.64
-492.231 -0.489077 2994.09
-492.231 0.828077 2994.09
-492.89 -1.55468 2992.36
-491.573 -1.55468 2992.36
-492.89 1.89368 2992.36
-491.573 1.89368 2992.36
-493.956 0.1695 2991.71
-493.956 0.1695 2993.02
-490.507 0.1695 2991.71
-490.507 0.1695 2993.02
-493.297 -0.8961 -183.011
-491.166 -0.8961 -183.011
-493.297 1.2351 -183.011
-491.166 1.2351 -183.011
-493.297 -0.8961 -180.88
-491.166 -0.8961 -180.88
-493.297 1.2351 -180.88
-491.166 1.2351 -180.88
-492.231 -0.489077 -183.67
-492.231 0.828077 -183.67
-492.231 -0.489077 -180.221
-492.231 0.828077 -180.221
-492.89 -1.55468 -181.946
-491.573 -1.55468 -181.946
-492.89 1.89368 -181.946
-491.573 1.89368 -181.946
-493.956 0.1695 -182.604
-493.956 0.1695 -181.287
-490.507 0.1695 -182.604
-490.507 0.1695 -181.287
-493.297 -0.8961 -183.011
-491.166 -0.8961 -183.011
-493.297 1.2351 -183.011
-491.166 1.2351 -183.011
-493.297 -0.8961 -180.88
-491.166 -0.8961 -180.88
-493.297 1.2351 -180.88
-491.166 1.2351 -180.88
-492.231 -0.489077 -183.67
-492.231 0.828077 -183.67
-492.231 -0.489077 -180.221
-492.231 0.828077 -180.221
-492.89 -1.55468 -181.946
-491.573 -1.55468 -181.946
-492.89 1.89368 -181.946
-491.573 1.89368 -181.946
-493.956 0.1695 -182.604
-493.956 0.1695 -181.287
-490.507 0.1695 -182.604
-490.507 0.1695 -181.287
-464.388 3.7389 -187.23
-462.257 3.7389 -187.23
-464.388 5.8701 -187.23
-462.257 5.8701 -187.23
-464.388 3.7389 -185.098
-462.257 3.7389 -185.098
-464.388 5.8701 -185.098
-462.257 5.8701 -185.098
-463.322 4.14592 -187.888
-463.322 5.46308 -187.888
-463.322 4.14592 -184.44
-463.322 5.46308 -184.44
-463.981 3.08032 -186.164
-462.664 3.08032 -186.164
-463.981 6.52868 -186.164
-462.664 6.52868 -186.164
-465.047 4.8045 -186.823
-465.047 4.8045 -185.505
-461.598 4.8045 -186.823
-461.598 4.8045 -185.505
-464.388 3.7389 -187.23
-462.257 3.7389 -187.23
-464.388 5.8701 -187.23
-462.257 5.8701 -187.23
-464.388 3.7389 -185.098
-462.257 3.7389 -185.098
-464.388 5.8701 -185.098
-462.257 5.8701 -185.098
-463.322 4.14592 -187.888
-463.322 5.46308 -187.888
-463.322 4.14592 -184.44
-463.322 5.46308 -184.44
-463.981 3.08032 -186.164
-462.664 3.08032 -186.164
-463.981 6.52868 -186.164
-462.664 6.52868 -186.164
-465.047 4.8045 -186.823
-465.047 4.8045 -185.505
-461.598 4.8045 -186.823
-461.598 4.8045 -185.505
-469.028 -0.9011 -191.87
-466.897 -0.9011 -191.87
-469.028 1.2301 -191.87
-466.897 1.2301 -191.87
-469.028 -0.9011 -189.738
-466.897 -0.9011 -189.738
-469.028 1.2301 -189.738
-466.897 1.2301 -189.738
-467.963 -0.494077 -192.528
-467.963 0.823077 -192.528
-467.963 -0.494077 -189.08
-467.963 0.823077 -189.08
-468.621 -1.55968 -190.804
-467.304 -1.55968 -190.804
-468.621 1.88868 -190.804
-467.304 1.88868 -190.804
-469.687 0.1645 -191.463
-469.687 0.1645 -190.145
-466.238 0.1645 -191.463
-466.238 0.1645 -190.145
-469.028 -0.9011 -191.87
-466.897 -0.9011 -191.87
-469.028 1.2301 -191.87
-466.897 1.2301 -191.87
-469.028 -0.9011 -189.738
-466.897 -0.9011 -189.738
-469.028 1.2301 -189.738
-466.897 1.2301 -189.738
-467.963 -0.494077 -192.528
-467.963 0.823077 -192.528
-467.963 -0.494077 -189.08
-467.963 0.823077 -189.08
-468.621 -1.55968 -190.804
-467.304 -1.55968 -190.804
-468.621 1.88868 -190.804
-467.304 1.88868 -190.804
-469.687 0.1645 -191.463
-469.687 0.1645 -190.145
-466.238 0.1645 -191.463
-466.238 0.1645 -190.145
-167.591 258.502 33.2394
-165.459 258.502 33.2394
-167.591 260.633 33.2394
-165.459 260.633 33.2394
-167.591 258.502 35.3706
-165.459 258.502 35.3706
-167.591 260.633 35.3706
-165.459 260.633 35.3706
-166.525 258.909 32.5808
-166.525 260.226 32.5808
-166.525 258.909 36.0292
-166.525 260.226 36.0292
-167.184 257.843 34.305
-165.866 257.843 34.305
-167.184 261.292 34.305
-165.866 261.292 34.305
-168.249 259.567 33.6464
-168.249 259.567 34.9636
-164.801 259.567 33.6464
-164.801 259.567 34.9636
-464.388 3.7389 -187.23
-462.257 3.7389 -187.23
-464.388 5.8701 -187.23
-462.257 5.8701 -187.23
-464.388 3.7389 -185.098
-462.257 3.7389 -185.098
-464.388 5.8701 -185.098
-462.257 5.8701 -185.098
-463.322 4.14592 -187.888
-463.322 5.46308 -187.888
-463.322 4.14592 -184.44
-463.322 5.46308 -184.44
-463.981 3.08032 -186.164
-462.664 3.08032 -186.164
-463.981 6.52868 -186.164
-462.664 6.52868 -186.164
-465.047 4.8045 -186.823
-465.047 4.8045 -185.505
-461.598 4.8045 -186.823
-461.598 4.8045 -185.505
258.201 -1.0491 -457.329
260.333 -1.0491 -457.329
258.201 1.0821 -457.329
260.333 1.0821 -457.329
258.201 -1.0491 -455.198
260.333 -1.0491 -455.198
258.201 1.0821 -455.198
260.333 1.0821 -455.198
259.267 -0.642077 -457.988
259.267 0.675077 -457.988
259.267 -0.642077 -454.539
259.267 0.675077 -454.539
258.608 -1.70768 -456.264
259.926 -1.70768 -456.264
258.608 1.74068 -456.264
259.926 1.74068 -456.264
257.543 0.0165 -456.922
257.543 0.0165 -455.605
260.991 0.0165 -456.922
260.991 0.0165 -455.605
-318.493 293.153 2991.3
-316.362 293.153 2991.3
-318.493 295.284 2991.3
-316.362 295.284 2991.3
-318.493 293.153 2993.43
-316.362 293.153 2993.43
-318.493 295.284 2993.43
-316.362 295.284 2993.43
-317.428 293.56 2990.64
-317.428 294.877 2990.64
-317.428 293.56 2994.09
-317.428 294.877 2994.09
-318.086 292.494 2992.36
-316.769 292.494 2992.36
-318.086 295.943 2992.36
-316.769 295.943 2992.36
-319.152 294.219 2991.71
-319.152 294.219 2993.02
-315.703 294.219 2991.71
-315.703 294.219 2993.02
-318.493 293.153 295.702
-316.362 293.153 295.702
-318.493 295.284 295.702
-316.362 295.284 295.702
-318.493 293.153 297.833
-316.362 293.153 297.833
-318.493 295.284 297.833
-316.362 295.284 297.833
-317.428 293.56 295.043
-317.428 294.877 295.043
-317.428 293.56 298.492
-317.428 294.877 298.492
-318.086 292.494 296.767
-316.769 292.494 296.767
-318.086 295.943 296.767
-316.769 295.943 296.767
-319.152 294.219 296.109
-319.152 294.219 297.426
-315.703 294.219 296.109
-315.703 294.219 297.426
-318.493 293.153 295.702
-316.362 293.153 295.702
-318.493 295.284 295.702
-316.362 295.284 295.702
-318.493 293.153 297.833
-316.362 293.153 297.833
-318.493 295.284 297.833
-316.362 295.284 297.833
-317.428 293.56 295.043
-317.428 294.877 295.043
-317.428 293.56 298.492
-317.428 294.877 298.492
-318.086 292.494 296.767
-316.769 292.494 296.767
-318.086 295.943 296.767
-316.769 295.943 296.767
-319.152 294.219 296.109
-319.152 294.219 297.426
-315.703 294.219 296.109
-315.703 294.219 297.426
66.0164 297.715 161.679
68.1476 297.715 161.679
66.0164 299.847 161.679
68.1476 299.847 161.679
66.0164 297.715 163.81
68.1476 297.715 163.81
66.0164 299.847 163.81
68.1476 299.847 163.81
67.082 298.122 161.02
67.082 299.44 161.02
67.082 298.122 164.469
67.082 299.44 164.469
66.4234 297.057 162.745
67.7406 297.057 162.745
66.4234 300.505 162.745
67.7406 300.505 162.745
65.3578 298.781 162.086
65.3578 298.781 163.403
68.8062 298.781 162.086
68.8062 298.781 163.403
66.0164 297.715 161.679
68.1476 297.715 161.679
66.0164 299.847 161.679
68.1476 299.847 161.679
66.0164 297.715 163.81
68.1476 297.715 163.81
66.0164 299.847 163.81
68.1476 299.847 163.81
67.082 298.122 161.02
67.082 299.44 161.02
67.082 298.122 164.469
67.082 299.44 164.469
66.4234 297.057 162.745
67.7406 297.057 162.745
66.4234 300.505 162.745
67.7406 300.505 162.745
65.3578 298.781 162.086
65.3578 298.781 163.403
68.8062 298.781 162.086
68.8062 298.781 163.403
61.3764 293.075 157.039
63.5076 293.075 157.039
61.3764 295.207 157.039
63.5076 295.207 157.039
61.3764 293.075 159.17
63.5076 293.075 159.17
61.3764 295.207 159.17
63.5076 295.207 159.17
62.442 293.482 156.38
62.442 294.8 156.38
62.442 293.482 159.829
62.442 294.8 159.829
61.7834 292.417 158.105
63.1006 292.417 158.105
61.7834 295.865 158.105
63.1006 295.865 158.105
60.7178 294.141 157.446
60.7178 294.141 158.763
64.1662 294.141 157.446
64.1662 294.141 158.763
61.3764 293.075 157.039
63.5076 293.075 157.039
61.3764 295.207 157.039
63.5076 295.207 157.039
61.3764 293.075 159.17
63.5076 293.075 159.17
61.3764 295.207 159.17
63.5076 295.207 159.17
62.442 293.482 156.38
62.442 294.8 156.38
62.442 293.482 159.829
62.442 294.8 159.829
61.7834 292.417 158.105
63.1006 292.417 158.105
61.7834 295.865 158.105
63.1006 295.865 158.105
60.7178 294.141 157.446
60.7178 294.141 158.763
64.1662 294.141 157.446
64.1662 294.141 158.763
-167.591 258.502 33.2394
-165.459 258.502 33.2394
-167.591 260.633 33.2394
-165.459 260.633 33.2394
-167.591 258.502 35.3706
-165.459 258.502 35.3706
-167.591 260.633 35.3706
-165.459 260.633 35.3706
-166.525 258.909 32.5808
-166.525 260.226 32.5808
-166.525 258.909 36.0292
-166.525 260.226 36.0292
-167.184 257.843 34.305
-165.866 257.843 34.305
-167.184 261.292 34.305
-165.866 261.292 34.305
-168.249 259.567 33.6464
-168.249 259.567 34.9636
-164.801 259.567 33.6464
-164.801 259.567 34.9636
66.0164 297.715 161.679
68.1476 297.715 161.679
66.0164 299.847 161.679
68.1476 299.847 161.679
66.0164 297.715 163.81
68.1476 297.715 163.81
66.0164 299.847 163.81
68.1476 299.847 163.81
67.082 298.122 161.02
67.082 299.44 161.02
67.082 298.122 164.469
67.082 299.44 164.469
66.4234 297.057 162.745
67.7406 297.057 162.745
66.4234 300.505 162.745
67.7406 300.505 162.745
65.3578 298.781 162.086
65.3578 298.781 163.403
68.8062 298.781 162.086
68.8062 298.781 163.403
433.005 293 21.3839
435.136 293 21.3839
433.005 295.131 21.3839
435.136 295.131 21.3839
433.005 293 23.5151
435.136 293 23.5151
433.005 295.131 23.5151
435.136 295.131 23.5151
434.07 293.407 20.7253
434.07 294.724 20.7253
434.07 293.407 24.1737
434.07 294.724 24.1737
433.412 292.341 22.4495
434.729 292.341 22.4495
433.412 295.79 22.4495
434.729 295.79 22.4495
432.346 294.065 21.7909
432.346 294.065 23.1081
435.795 294.065 21.7909
435.795 294.065 23.1081
-318.654 -295.224 2991.3
-316.523 -295.224 2991.3
-318.654 -293.093 2991.3
-316.523 -293.093 2991.3
-318.654 -295.224 2993.43
-316.523 -295.224 2993.43
-318.654 -293.093 2993.43
-316.523 -293.093 2993.43
-317.589 -294.817 2990.64
-317.589 -293.5 2990.64
-317.589 -294.817 2994.09
-317.589 -293.5 2994.09
-318.247 -295.883 2992.36
-316.93 -295.883 2992.36
-318.247 -292.434 2992.36
-316.93 -292.434 2992.36
-319.313 -294.159 2991.71
-319.313 -294.159 2993.02
-315.864 -294.159 2991.71
-315.864 -294.159 2993.02
-318.654 -295.224 295.589
-316.523 -295.224 295.589
-318.654 -293.093 295.589
-316.523 -293.093 295.589
-318.654 -295.224 297.721
-316.523 -295.224 297.721
-318.654 -293.093 297.721
-316.523 -293.093 297.721
-317.589 -294.817 294.931
-317.589 -293.5 294.931
-317.589 -294.817 298.379
-317.589 -293.5 298.379
-318.247 -295.883 296.655
-316.93 -295.883 296.655
-318.247 -292.434 296.655
-316.93 -292.434 296.655
-319.313 -294.159 295.996
-319.313 -294.159 297.314
-315.864 -294.159 295.996
-315.864 -294.159 297.314
-318.654 -295.224 295.589
-316.523 -295.224 295.589
-318.654 -293.093 295.589
-316.523 -293.093 295.589
-318.654 -295.224 297.721
-316.523 -295.224 297.721
-318.654 -293.093 297.721
-316.523 -293.093 297.721
-317.589 -294.817 294.931
-317.589 -293.5 294.931
-317.589 -294.817 298.379
-317.589 -293.5 298.379
-318.247 -295.883 296.655
-316.93 -295.883 296.655
-318.247 -292.434 296.655
-316.93 -292.434 296.655
-319.313 -294.159 295.996
-319.313 -294.159 297.314
-315.864 -294.159 295.996
-315.864 -294.159 297.314
432.844 -295.377 21.2714
434.975 -295.377 21.2714
432.844 -293.246 21.2714
434.975 -293.246 21.2714
432.844 -295.377 23.4026
434.975 -295.377 23.4026
432.844 -293.246 23.4026
434.975 -293.246 23.4026
433.91 -294.97 20.6128
433.91 -293.653 20.6128
433.91 -294.97 24.0612
433.91 -293.653 24.0612
433.251 -296.036 22.337
434.568 -296.036 22.337
433.251 -292.587 22.337
434.568 -292.587 22.337
432.185 -294.312 21.6784
432.185 -294.312 22.9956
435.634 -294.312 21.6784
435.634 -294.312 22.9956
-167.591 258.502 33.2394
-165.459 258.502 33.2394
-167.591 260.633 33.2394
-165.459 260.633 33.2394
-167.591 258.502 35.3706
-165.459 258.502 35.3706
-167.591 260.633 35.3706
-165.459 260.633 35.3706
-166.525 258.909 32.5808
-166.525 260.226 32.5808
-166.525 258.909 36.0292
-166.525 260.226 36.0292
-167.184 257.843 34.305
-165.866 257.843 34.305
-167.184 261.292 34.305
-165.866 261.292 34.305
-168.249 259.567 33.6464
-168.249 259.567 34.9636
-164.801 259.567 33.6464
-164.801 259.567 34.9636
-230.141 798.934 159.137
-228.009 798.934 159.137
-230.141 801.066 159.137
-228.009 801.066 159.137
-230.141 798.934 161.269
-228.009 798.934 161.269
-230.141 801.066 161.269
-228.009 801.066 161.269
-229.075 799.341 158.479
-229.075 800.659 158.479
-229.075 799.341 161.927
-229.075 800.659 161.927
-229.734 798.276 160.203
-228.416 798.276 160.203
-229.734 801.724 160.203
-228.416 801.724 160.203
-230.799 800 159.544
-230.799 800 160.862
-227.351 800 159.544
-227.351 800 160.862
-167.591 258.502 33.2394
-165.459 258.502 33.2394
-167.591 260.633 33.2394
-165.459 260.633 33.2394
-167.591 258.502 35.3706
-165.459 258.502 35.3706
-167.591 260.633 35.3706
-165.459 260.633 35.3706
-166.525 258.909 32.5808
-166.525 260.226 32.5808
-166.525 258.909 36.0292
-166.525 260.226 36.0292
-167.184 257.843 34.305
-165.866 257.843 34.305
-167.184 261.292 34.305
-165.866 261.292 34.305
-168.249 259.567 33.6464
-168.249 259.567 34.9636
-164.801 259.567 33.6464
-164.801 259.567 34.9636
-24.0936 -65.9761 10.2849
-21.9624 -65.9761 10.2849
-24.0936 -63.8449 10.2849
-21.9624 -63.8449 10.2849
-24.0936 -65.9761 12.4161
-21.9624 -65.9761 12.4161
-24.0936 -63.8449 12.4161
-21.9624 -63.8449 12.4161
-23.028 -65.5691 9.62632
-23.028 -64.2519 9.62632
-23.028 -65.5691 13.0747
-23.028 -64.2519 13.0747
-23.6866 -66.6347 11.3505
-22.3694 -66.6347 11.3505
-23.6866 -63.1863 11.3505
-22.3694 -63.1863 11.3505
-24.7522 -64.9105 10.6919
-24.7522 -64.9105 12.0091
-21.3038 -64.9105 10.6919
-21.3038 -64.9105 12.0091
-24.0936 -65.9761 10.2849
-21.9624 -65.9761 10.2849
-24.0936 -63.8449 10.2849
-21.9624 -63.8449 10.2849
-24.0936 -65.9761 12.4161
-21.9624 -65.9761 12.4161
-24.0936 -63.8449 12.4161
-21.9624 -63.8449 12.4161
-23.028 -65.5691 9.62632
-23.028 -64.2519 9.62632
-23.028 -65.5691 13.0747
-23.028 -64.2519 13.0747
-23.6866 -66.6347 11.3505
-22.3694 -66.6347 11.3505
-23.6866 -63.1863 11.3505
-22.3694 -63.1863 11.3505
-24.7522 -64.9105 10.6919
-24.7522 -64.9105 12.0091
-21.3038 -64.9105 10.6919
-21.3038 -64.9105 12.0091
105.014 -147.799 -134.952
107.146 -147.799 -134.952
105.014 -145.668 -134.952
107.146 -145.668 -134.952
105.014 -147.799 -132.821
107.146 -147.799 -132.821
105.014 -145.668 -132.821
107.146 -145.668 -132.821
106.08 -147.392 -135.611
106.08 -146.075 -135.611
106.08 -147.392 -132.162
106.08 -146.075 -132.162
105.421 -148.458 -133.887
106.739 -148.458 -133.887
105.421 -145.009 -133.887
106.739 -145.009 -133.887
104.356 -146.733 -134.545
104.356 -146.733 -133.228
107.804 -146.733 -134.545
107.804 -146.733 -133.228
-167.591 258.502 33.2394
-165.459 258.502 33.2394
-167.591 260.633 33.2394
-165.459 260.633 33.2394
-167.591 258.502 35.3706
-165.459 258.502 35.3706
-167.591 260.633 35.3706
-165.459 260.633 35.3706
-166.525 258.909 32.5808
-166.525 260.226 32.5808
-166.525 258.909 36.0292
-166.525 260.226 36.0292
-167.184 257.843 34.305
-165.866 257.843 34.305
-167.184 261.292 34.305
-165.866 261.292 34.305
-168.249 259.567 33.6464
-168.249 259.567 34.9636
-164.801 259.567 33.6464
-164.801 259.567 34.9636
-516.09 526.644 -62.0201
-513.958 526.644 -62.0201
-516.09 528.775 -62.0201
-513.958 528.775 -62.0201
-516.09 526.644 -59.8889
-513.958 526.644 -59.8889
-516.09 528.775 -59.8889
-513.958 528.775 -59.8889
-515.024 527.051 -62.6787
-515.024 528.368 -62.6787
-515.024 527.051 -59.2303
-515.024 528.368 -59.2303
-515.683 525.985 -60.9545
-514.365 525.985 -60.9545
-515.683 529.434 -60.9545
-514.365 529.434 -60.9545
-516.748 527.71 -61.6131
-516.748 527.71 -60.2959
-513.3 527.71 -61.6131
-513.3 527.71 -60.2959
-516.09 526.644 -62.0201
-513.958 526.644 -62.0201
-516.09 528.775 -62.0201
-513.958 528.775 -62.0201
-516.09 526.644 -59.8889
-513.958 526.644 -59.8889
-516.09 528.775 -59.8889
-513.958 528.775 -59.8889
-515.024 527.051 -62.6787
-515.024 528.368 -62.6787
-515.024 527.051 -59.2303
-515.024 528.368 -59.2303
-515.683 525.985 -60.9545
-514.365 525.985 -60.9545
-515.683 529.434 -60.9545
-514.365 529.434 -60.9545
-516.748 527.71 -61.6131
-516.748 527.71 -60.2959
-513.3 527.71 -61.6131
-513.3 527.71 -60.2959
-668.461 494.925 35.0574
-666.329 494.925 35.0574
-668.461 497.057 35.0574
-666.329 497.057 35.0574
-668.461 494.925 37.1886
-666.329 494.925 37.1886
-668.461 497.057 37.1886
-666.329 497.057 37.1886
-667.395 495.332 34.3988
-667.395 496.65 34.3988
-667.395 495.332 37.8472
-667.395 496.65 37.8472
-668.054 494.267 36.123
-666.736 494.267 36.123
-668.054 497.715 36.123
-666.736 497.715 36.123
-669.119 495.991 35.4644
-669.119 495.991 36.7816
-665.671 495.991 35.4644
-665.671 495.991 36.7816
-167.591 258.502 33.2394
-165.459 258.502 33.2394
-167.591 260.633 33.2394
-165.459 260.633 33.2394
-167.591 258.502 35.3706
-165.459 258.502 35.3706
-167.591 260.633 35.3706
-165.459 260.633 35.3706
-166.525 258.909 32.5808
-166.525 260.226 32.5808
-166.525 258.909 36.0292
-166.525 260.226 36.0292
-167.184 257.843 34.305
-165.866 257.843 34.305
-167.184 261.292 34.305
-165.866 261.292 34.305
-168.249 259.567 33.6464
-168.249 259.567 34.9636
-164.801 259.567 33.6464
-164.801 259.567 34.9636
-613.172 441.696 -134.927
-611.041 441.696 -134.927
-613.172 443.828 -134.927
-611.041 443.828 -134.927
-613.172 441.696 -132.796
-611.041 441.696 -132.796
-613.172 443.828 -132.796
-611.041 443.828 -132.796
-612.106 442.103 -135.586
-612.106 443.421 -135.586
-612.106 442.103 -132.137
-612.106 443.421 -132.137
-612.765 441.038 -133.862
-611.448 441.038 -133.862
-612.765 444.486 -133.862
-611.448 444.486 -133.862
-613.831 442.762 -134.52
-613.831 442.762 -133.203
-610.382 442.762 -134.52
-610.382 442.762 -133.203
-613.172 441.696 -134.927
-611.041 441.696 -134.927
-613.172 443.828 -134.927
-611.041 443.828 -134.927
-613.172 441.696 -132.796
-611.041 441.696 -132.796
-613.172 443.828 -132.796
-611.041 443.828 -132.796
-612.106 442.103 -135.586
-612.106 443.421 -135.586
-612.106 442.103 -132.137
-612.106 443.421 -132.137
-612.765 441.038 -133.862
-611.448 441.038 -133.862
-612.765 444.486 -133.862
-611.448 444.486 -133.862
-613.831 442.762 -134.52
-613.831 442.762 -133.203
-610.382 442.762 -134.52
-610.382 442.762 -133.203
-449.43 580.479 -149.909
-447.299 580.479 -149.909
-449.43 582.61 -149.909
-447.299 582.61 -149.909
-449.43 580.479 -147.777
-447.299 580.479 -147.777
-449.43 582.61 -147.777
-447.299 582.61 -147.777
-448.365 580.886 -150.567
-448.365 582.203 -150.567
-448.365 580.886 -147.119
-448.365 582.203 -147.119
-449.023 579.82 -148.843
-447.706 579.82 -148.843
-449.023 583.269 -148.843
-447.706 583.269 -148.843
-450.089 581.544 -149.502
-450.089 581.544 -148.184
-446.64 581.544 -149.502
-446.64 581.544 -148.184
-167.591 258.502 33.2394
-165.459 258.502 33.2394
-167.591 260.633 33.2394
-165.459 260.633 33.2394
-167.591 258.502 35.3706
-165.459 258.502 35.3706
-167.591 260.633 35.3706
-165.459 260.633 35.3706
-166.525 258.909 32.5808
-166.525 260.226 32.5808
-166.525 258.909 36.0292
-166.525 260.226 36.0292
-167.184 257.843 34.305
-165.866 257.843 34.305
-167.184 261.292 34.305
-165.866 261.292 34.305
-168.249 259.567 33.6464
-168.249 259.567 34.9636
-164.801 259.567 33.6464
-164.801 259.567 34.9636
-295.735 40.9534 -93.6156
-293.603 40.9534 -93.6156
-295.735 43.0846 -93.6156
-293.603 43.0846 -93.6156
-295.735 40.9534 -91.4844
-293.603 40.9534 -91.4844
-295.735 43.0846 -91.4844
-293.603 43.0846 -91.4844
-294.669 41.3604 -94.2742
-294.669 42.6776 -94.2742
-294.669 41.3604 -90.8258
-294.669 42.6776 -90.8258
-295.328 40.2948 -92.55
-294.01 40.2948 -92.55
-295.328 43.7432 -92.55
-294.01 43.7432 -92.55
-296.393 42.019 -93.2086
-296.393 42.019 -91.8914
-292.945 42.019 -93.2086
-292.945 42.019 -91.8914
-295.735 40.9534 -93.6156
-293.603 40.9534 -93.6156
-295.735 43.0846 -93.6156
-293.603 43.0846 -93.6156
-295.735 40.9534 -91.4844
-293.603 40.9534 -91.4844
-295.735 43.0846 -91.4844
-293.603 43.0846 -91.4844
-294.669 41.3604 -94.2742
-294.669 42.6776 -94.2742
-294.669 41.3604 -90.8258
-294.669 42.6776 -90.8258
-295.328 40.2948 -92.55
-294.01 40.2948 -92.55
-295.328 43.7432 -92.55
-294.01 43.7432 -92.55
-296.393 42.019 -93.2086
-296.393 42.019 -91.8914
-292.945 42.019 -93.2086
-292.945 42.019 -91.8914
-241.834 -1.0166 86.8219
-239.703 -1.0166 86.8219
-241.834 1.1146 86.8219
-239.703 1.1146 86.8219
-241.834 -1.0166 88.9531
-239.703 -1.0166 88.9531
-241.834 1.1146 88.9531
-239.703 1.1146 88.9531
-240.769 -0.609577 86.1633
-240.769 0.707577 86.1633
-240.769 -0.609577 89.6117
-240.769 0.707577 89.6117
-241.427 -1.67518 87.8875
-240.11 -1.67518 87.8875
-241.427 1.77318 87.8875
-240.11 1.77318 87.8875
-242.493 0.049 87.2289
-242.493 0.049 88.5461
-239.044 0.049 87.2289
-239.044 0.049 88.5461
-167.591 258.502 33.2394
-165.459 258.502 33.2394
-167.591 260.633 33.2394
-165.459 260.633 33.2394
-167.591 258.502 35.3706
-165.459 258.502 35.3706
-167.591 260.633 35.3706
-165.459 260.633 35.3706
-166.525 258.909 32.5808
-166.525 260.226 32.5808
-166.525 258.909 36.0292
-166.525 260.226 36.0292
-167.184 257.843 34.305
-165.866 257.843 34.305
-167.184 261.292 34.305
-165.866 261.292 34.305
-168.249 259.567 33.6464
-168.249 259.567 34.9636
-164.801 259.567 33.6464
-164.801 259.567 34.9636
-193.14 22.8619 -47.8981
-191.008 22.8619 -47.8981
-193.14 24.9931 -47.8981
-191.008 24.9931 -47.8981
-193.14 22.8619 -45.7669
-191.008 22.8619 -45.7669
-193.14 24.9931 -45.7669
-191.008 24.9931 -45.7669
-192.074 23.2689 -48.5567
-192.074 24.5861 -48.5567
-192.074 23.2689 -45.1083
-192.074 24.5861 -45.1083
-192.733 22.2033 -46.8325
-191.415 22.2033 -46.8325
-192.733 25.6517 -46.8325
-191.415 25.6517 -46.8325
-193.798 23.9275 -47.4911
-193.798 23.9275 -46.1739
-190.35 23.9275 -47.4911
-190.35 23.9275 -46.1739
-193.14 22.8619 -47.8981
-191.008 22.8619 -47.8981
-193.14 24.9931 -47.8981
-191.008 24.9931 -47.8981
-193.14 22.8619 -45.7669
-191.008 22.8619 -45.7669
-193.14 24.9931 -45.7669
-191.008 24.9931 -45.7669
-192.074 23.2689 -48.5567
-192.074 24.5861 -48.5567
-192.074 23.2689 -45.1083
-192.074 24.5861 -45.1083
-192.733 22.2033 -46.8325
-191.415 22.2033 -46.8325
-192.733 25.6517 -46.8325
-191.415 25.6517 -46.8325
-193.798 23.9275 -47.4911
-193.798 23.9275 -46.1739
-190.35 23.9275 -47.4911
-190.35 23.9275 -46.1739
-160.904 -1.0331 57.2799
-158.772 -1.0331 57.2799
-160.904 1.0981 57.2799
-158.772 1.0981 57.2799
-160.904 -1.0331 59.4111
-158.772 -1.0331 59.4111
-160.904 1.0981 59.4111
-158.772 1.0981 59.4111
-159.838 -0.626077 56.6213
-159.838 0.691077 56.6213
-159.838 -0.626077 60.0697
-159.838 0.691077 60.0697
-160.497 -1.69168 58.3455
-159.179 -1.69168 58.3455
-160.497 1.75668 58.3455
-159.179 1.75668 58.3455
-161.562 0.0325 57.6869
-161.562 0.0325 59.0041
-158.114 0.0325 57.6869
-158.114 0.0325 59.0041
-167.591 258.502 33.2394
-165.459 258.502 33.2394
-167.591 260.633 33.2394
-165.459 260.633 33.2394
-167.591 258.502 35.3706
-165.459 258.502 35.3706
-167.591 260.633 35.3706
-165.459 260.633 35.3706
-166.525 258.909 32.5808
-166.525 260.226 32.5808
-166.525 258.909 36.0292
-166.525 260.226 36.0292
-167.184 257.843 34.305
-165.866 257.843 34.305
-167.184 261.292 34.305
-165.866 261.292 34.305
-168.249 259.567 33.6464
-168.249 259.567 34.9636
-164.801 259.567 33.6464
-164.801 259.567 34.9636
-89.0441 5.4629 -1.2341
-86.9129 5.4629 -1.2341
-89.0441 7.5941 -1.2341
-86.9129 7.5941 -1.2341
-89.0441 5.4629 0.8971
-86.9129 5.4629 0.8971
-89.0441 7.5941 0.8971
-86.9129 7.5941 0.8971
-87.9785 5.86992 -1.89268
-87.9785 7.18708 -1.89268
-87.9785 5.86992 1.55568
-87.9785 7.18708 1.55568
-88.6371 4.80432 -0.1685
-87.3199 4.80432 -0.1685
-88.6371 8.25268 -0.1685
-87.3199 8.25268 -0.1685
-89.7027 6.5285 -0.827077
-89.7027 6.5285 0.490077
-86.2543 6.5285 -0.827077
-86.2543 6.5285 0.490077
-89.0441 5.4629 -1.2341
-86.9129 5.4629 -1.2341
-89.0441 7.5941 -1.2341
-86.9129 7.5941 -1.2341
-89.0441 5.4629 0.8971
-86.9129 5.4629 0.8971
-89.0441 7.5941 0.8971
-86.9129 7.5941 0.8971
-87.9785 5.86992 -1.89268
-87.9785 7.18708 -1.89268
-87.9785 5.86992 1.55568
-87.9785 7.18708 1.55568
-88.6371 4.80432 -0.1685
-87.3199 4.80432 -0.1685
-88.6371 8.25268 -0.1685
-87.3199 8.25268 -0.1685
-89.7027 6.5285 -0.827077
-89.7027 6.5285 0.490077
-86.2543 6.5285 -0.827077
-86.2543 6.5285 0.490077
-79.9731 -1.0496 27.7379
-77.8419 -1.0496 27.7379
-79.9731 1.0816 27.7379
-77.8419 1.0816 27.7379
-79.9731 -1.0496 29.8691
-77.8419 -1.0496 29.8691
-79.9731 1.0816 29.8691
-77.8419 1.0816 29.8691
-78.9075 -0.642577 27.0793
-78.9075 0.674577 27.0793
-78.9075 -0.642577 30.5277
-78.9075 0.674577 30.5277
-79.5661 -1.70818 28.8035
-78.2489 -1.70818 28.8035
-79.5661 1.74018 28.8035
-78.2489 1.74018 28.8035
-80.6317 0.016 28.1449
-80.6317 0.016 29.4621
-77.1833 0.016 28.1449
-77.1833 0.016 29.4621
-167.591 258.502 33.2394
-165.459 258.502 33.2394
-167.591 260.633 33.2394
-165.459 260.633 33.2394
-167.591 258.502 35.3706
-165.459 258.502 35.3706
-167.591 260.633 35.3706
-165.459 260.633 35.3706
-166.525 258.909 32.5808
-166.525 260.226 32.5808
-166.525 258.909 36.0292
-166.525 260.226 36.0292
-167.184 257.843 34.305
-165.866 257.843 34.305
-167.184 261.292 34.305
-165.866 261.292 34.305
-168.249 259.567 33.6464
-168.249 259.567 34.9636
-164.801 259.567 33.6464
-164.801 259.567 34.9636
15.4024 -11.7511 45.6574
17.5336 -11.7511 45.6574
15.4024 -9.6199 45.6574
17.5336 -9.6199 45.6574
15.4024 -11.7511 47.7886
17.5336 -11.7511 47.7886
15.4024 -9.6199 47.7886
17.5336 -9.6199 47.7886
16.468 -11.3441 44.9988
16.468 -10.0269 44.9988
16.468 -11.3441 48.4472
16.468 -10.0269 48.4472
15.8094 -12.4097 46.723
17.1266 -12.4097 46.723
15.8094 -8.96132 46.723
17.1266 -8.96132 46.723
14.7438 -10.6855 46.0644
14.7438 -10.6855 47.3816
18.1922 -10.6855 46.0644
18.1922 -10.6855 47.3816
15.4024 -11.7511 45.6574
17.5336 -11.7511 45.6574
15.4024 -9.6199 45.6574
17.5336 -9.6199 45.6574
15.4024 -11.7511 47.7886
17.5336 -11.7511 47.7886
15.4024 -9.6199 47.7886
17.5336 -9.6199 47.7886
16.468 -11.3441 44.9988
16.468 -10.0269 44.9988
16.468 -11.3441 48.4472
16.468 -10.0269 48.4472
15.8094 -12.4097 46.723
17.1266 -12.4097 46.723
15.8094 -8.96132 46.723
17.1266 -8.96132 46.723
14.7438 -10.6855 46.0644
14.7438 -10.6855 47.3816
18.1922 -10.6855 46.0644
18.1922 -10.6855 47.3816
0.9579 -1.0661 -1.8041
3.0891 -1.0661 -1.8041
0.9579 1.0651 -1.8041
3.0891 1.0651 -1.8041
0.9579 -1.0661 0.3271
3.0891 -1.0661 0.3271
0.9579 1.0651 0.3271
3.0891 1.0651 0.3271
2.0235 -0.659077 -2.46268
2.0235 0.658077 -2.46268
2.0235 -0.659077 0.985677
2.0235 0.658077 0.985677
1.36492 -1.72468 -0.7385
2.68208 -1.72468 -0.7385
1.36492 1.72368 -0.7385
2.68208 1.72368 -0.7385
0.299323 -0.0005 -1.39708
0.299323 -0.0005 -0.079923
3.74768 -0.0005 -1.39708
3.74768 -0.0005 -0.079923
-167.591 258.502 33.2394
-165.459 258.502 33.2394
-167.591 260.633 33.2394
-165.459 260.633 33.2394
-167.591 258.502 35.3706
-165.459 258.502 35.3706
-167.591 260.633 35.3706
-165.459 260.633 35.3706
-166.525 258.909 32.5808
-166.525 260.226 32.5808
-166.525 258.909 36.0292
-166.525 260.226 36.0292
-167.184 257.843 34.305
-165.866 257.843 34.305
-167.184 261.292 34.305
-165.866 261.292 34.305
-168.249 259.567 33.6464
-168.249 259.567 34.9636
-164.801 259.567 33.6464
-164.801 259.567 34.9636
122.407 -27.4261 94.2674
124.539 -27.4261 94.2674
122.407 -25.2949 94.2674
124.539 -25.2949 94.2674
122.407 -27.4261 96.3986
124.539 -27.4261 96.3986
122.407 -25.2949 96.3986
124.539 -25.2949 96.3986
123.473 -27.0191 93.6088
123.473 -25.7019 93.6088
123.473 -27.0191 97.0572
123.473 -25.7019 97.0572
122.814 -28.0847 95.333
124.132 -28.0847 95.333
122.814 -24.6363 95.333
124.132 -24.6363 95.333
121.749 -26.3605 94.6744
121.749 -26.3605 95.9916
125.197 -26.3605 94.6744
125.197 -26.3605 95.9916
122.407 -27.4261 94.2674
124.539 -27.4261 94.2674
122.407 -25.2949 94.2674
124.539 -25.2949 94.2674
122.407 -27.4261 96.3986
124.539 -27.4261 96.3986
122.407 -25.2949 96.3986
124.539 -25.2949 96.3986
123.473 -27.0191 93.6088
123.473 -25.7019 93.6088
123.473 -27.0191 97.0572
123.473 -25.7019 97.0572
122.814 -28.0847 95.333
124.132 -28.0847 95.333
122.814 -24.6363 95.333
124.132 -24.6363 95.333
121.749 -26.3605 94.6744
121.749 -26.3605 95.9916
125.197 -26.3605 94.6744
125.197 -26.3605 95.9916
81.8884 -1.0826 -31.3461
84.0196 -1.0826 -31.3461
81.8884 1.0486 -31.3461
84.0196 1.0486 -31.3461
81.8884 -1.0826 -29.2149
84.0196 -1.0826 -29.2149
81.8884 1.0486 -29.2149
84.0196 1.0486 -29.2149
82.954 -0.675577 -32.0047
82.954 0.641577 -32.0047
82.954 -0.675577 -28.5563
82.954 0.641577 -28.5563
82.2954 -1.74118 -30.2805
83.6126 -1.74118 -30.2805
82.2954 1.70718 -30.2805
83.6126 1.70718 -30.2805
81.2298 -0.017 -30.9391
81.2298 -0.017 -29.6219
84.6782 -0.017 -30.9391
84.6782 -0.017 -29.6219
-167.591 258.502 33.2394
-165.459 258.502 33.2394
-167.591 260.633 33.2394
-165.459 260.633 33.2394
-167.591 258.502 35.3706
-165.459 258.502 35.3706
-167.591 260.633 35.3706
-165.459 260.633 35.3706
-166.525 258.909 32.5808
-166.525 260.226 32.5808
-166.525 258.909 36.0292
-166.525 260.226 36.0292
-167.184 257.843 34.305
-165.866 257.843 34.305
-167.184 261.292 34.305
-165.866 261.292 34.305
-168.249 259.567 33.6464
-168.249 259.567 34.9636
-164.801 259.567 33.6464
-164.801 259.567 34.9636
222.337 5.4189 153.456
224.469 5.4189 153.456
222.337 7.5501 153.456
224.469 7.5501 153.456
222.337 5.4189 155.587
224.469 5.4189 155.587
222.337 7.5501 155.587
224.469 7.5501 155.587
223.403 5.82592 152.797
223.403 7.14308 152.797
223.403 5.82592 156.246
223.403 7.14308 156.246
222.744 4.76032 154.522
224.062 4.76032 154.522
222.744 8.20868 154.522
224.062 8.20868 154.522
221.679 6.4845 153.863
221.679 6.4845 155.18
225.127 6.4845 153.863
225.127 6.4845 155.18
222.337 5.4189 153.456
224.469 5.4189 153.456
222.337 7.5501 153.456
224.469 7.5501 153.456
222.337 5.4189 155.587
224.469 5.4189 155.587
222.337 7.5501 155.587
224.469 7.5501 155.587
223.403 5.82592 152.797
223.403 7.14308 152.797
223.403 5.82592 156.246
223.403 7.14308 156.246
222.744 4.76032 154.522
224.062 4.76032 154.522
222.744 8.20868 154.522
224.062 8.20868 154.522
221.679 6.4845 153.863
221.679 6.4845 155.18
225.127 6.4845 153.863
225.127 6.4845 155.18
162.819 -1.0991 -60.8881
164.95 -1.0991 -60.8881
162.819 1.0321 -60.8881
164.95 1.0321 -60.8881
162.819 -1.0991 -58.7569
164.95 -1.0991 -58.7569
162.819 1.0321 -58.7569
164.95 1.0321 -58.7569
163.885 -0.692077 -61.5467
163.885 0.625077 -61.5467
163.885 -0.692077 -58.0983
163.885 0.625077 -58.0983
163.226 -1.75768 -59.8225
164.543 -1.75768 -59.8225
163.226 1.69068 -59.8225
164.543 1.69068 -59.8225
162.16 -0.0335 -60.4811
162.16 -0.0335 -59.1639
165.609 -0.0335 -60.4811
165.609 -0.0335 -59.1639
-167.591 258.502 33.2394
-165.459 258.502 33.2394
-167.591 260.633 33.2394
-165.459 260.633 33.2394
-167.591 258.502 35.3706
-165.459 258.502 35.3706
-167.591 260.633 35.3706
-165.459 260.633 35.3706
-166.525 258.909 32.5808
-166.525 260.226 32.5808
-166.525 258.909 36.0292
-166.525 260.226 36.0292
-167.184 257.843 34.305
-165.866 257.843 34.305
-167.184 261.292 34.305
-165.866 261.292 34.305
-168.249 259.567 33.6464
-168.249 259.567 34.9636
-164.801 259.567 33.6464
-164.801 259.567 34.9636
323.064 14.8644 206.243
325.195 14.8644 206.243
323.064 16.9956 206.243
325.195 16.9956 206.243
323.064 14.8644 208.375
325.195 14.8644 208.375
323.064 16.9956 208.375
325.195 16.9956 208.375
324.13 15.2714 205.585
324.13 16.5886 205.585
324.13 15.2714 209.033
324.13 16.5886 209.033
323.471 14.2058 207.309
324.788 14.2058 207.309
323.471 17.6542 207.309
324.788 17.6542 207.309
322.405 15.93 206.65
322.405 15.93 207.968
325.854 15.93 206.65
325.854 15.93 207.968
323.064 14.8644 206.243
325.195 14.8644 206.243
323.064 16.9956 206.243
325.195 16.9956 206.243
323.064 14.8644 208.375
325.195 14.8644 208.375
323.064 16.9956 208.375
325.195 16.9956 208.375
324.13 15.2714 205.585
324.13 16.5886 205.585
324.13 15.2714 209.033
324.13 16.5886 209.033
323.471 14.2058 207.309
324.788 14.2058 207.309
323.471 17.6542 207.309
324.788 17.6542 207.309
322.405 15.93 206.65
322.405 15.93 207.968
325.854 15.93 206.65
325.854 15.93 207.968
243.749 -1.1156 -90.4301
245.881 -1.1156 -90.4301
243.749 1.0156 -90.4301
245.881 1.0156 -90.4301
243.749 -1.1156 -88.2989
245.881 -1.1156 -88.2989
243.749 1.0156 -88.2989
245.881 1.0156 -88.2989
244.815 -0.708577 -91.0887
244.815 0.608577 -91.0887
244.815 -0.708577 -87.6403
244.815 0.608577 -87.6403
244.156 -1.77418 -89.3645
245.474 -1.77418 -89.3645
244.156 1.67418 -89.3645
245.474 1.67418 -89.3645
243.091 -0.05 -90.0231
243.091 -0.05 -88.7059
246.539 -0.05 -90.0231
246.539 -0.05 -88.7059
105.014 -147.799 -134.952
107.146 -147.799 -134.952
105.014 -145.668 -134.952
107.146 -145.668 -134.952
105.014 -147.799 -132.821
107.146 -147.799 -132.821
105.014 -145.668 -132.821
107.146 -145.668 -132.821
106.08 -147.392 -135.611
106.08 -146.075 -135.611
106.08 -147.392 -132.162
106.08 -146.075 -132.162
105.421 -148.458 -133.887
106.739 -148.458 -133.887
105.421 -145.009 -133.887
106.739 -145.009 -133.887
104.356 -146.733 -134.545
104.356 -146.733 -133.228
107.804 -146.733 -134.545
107.804 -146.733 -133.228
-133.885 -78.3866 114.489
-131.753 -78.3866 114.489
-133.885 -76.2554 114.489
-131.753 -76.2554 114.489
-133.885 -78.3866 116.62
-131.753 -78.3866 116.62
-133.885 -76.2554 116.62
-131.753 -76.2554 116.62
-132.819 -77.9796 113.83
-132.819 -76.6624 113.83
-132.819 -77.9796 117.279
-132.819 -76.6624 117.279
-133.478 -79.0452 115.555
-132.16 -79.0452 115.555
-133.478 -75.5968 115.555
-132.16 -75.5968 115.555
-134.543 -77.321 114.896
-134.543 -77.321 116.213
-131.095 -77.321 114.896
-131.095 -77.321 116.213
-133.885 -78.3866 114.489
-131.753 -78.3866 114.489
-133.885 -76.2554 114.489
-131.753 -76.2554 114.489
-133.885 -78.3866 116.62
-131.753 -78.3866 116.62
-133.885 -76.2554 116.62
-131.753 -76.2554 116.62
-132.819 -77.9796 113.83
-132.819 -76.6624 113.83
-132.819 -77.9796 117.279
-132.819 -76.6624 117.279
-133.478 -79.0452 115.555
-132.16 -79.0452 115.555
-133.478 -75.5968 115.555
-132.16 -75.5968 115.555
-134.543 -77.321 114.896
-134.543 -77.321 116.213
-131.095 -77.321 114.896
-131.095 -77.321 116.213
-160.904 -1.0331 57.2799
-158.772 -1.0331 57.2799
-160.904 1.0981 57.2799
-158.772 1.0981 57.2799
-160.904 -1.0331 59.4111
-158.772 -1.0331 59.4111
-160.904 1.0981 59.4111
-158.772 1.0981 59.4111
-159.838 -0.626077 56.6213
-159.838 0.691077 56.6213
-159.838 -0.626077 60.0697
-159.838 0.691077 60.0697
-160.497 -1.69168 58.3455
-159.179 -1.69168 58.3455
-160.497 1.75668 58.3455
-159.179 1.75668 58.3455
-161.562 0.0325 57.6869
-161.562 0.0325 59.0041
-158.114 0.0325 57.6869
-158.114 0.0325 59.0041
105.014 -147.799 -134.952
107.146 -147.799 -134.952
105.014 -145.668 -134.952
107.146 -145.668 -134.952
105.014 -147.799 -132.821
107.146 -147.799 -132.821
105.014 -145.668 -132.821
107.146 -145.668 -132.821
106.08 -147.392 -135.611
106.08 -146.075 -135.611
106.08 -147.392 -132.162
106.08 -146.075 -132.162
105.421 -148.458 -133.887
106.739 -148.458 -133.887
105.421 -145.009 -133.887
106.739 -145.009 -133.887
104.356 -146.733 -134.545
104.356 -146.733 -133.228
107.804 -146.733 -134.545
107.804 -146.733 -133.228
-67.7761 -11.6491 65.6964
-65.6449 -11.6491 65.6964
-67.7761 -9.5179 65.6964
-65.6449 -9.5179 65.6964
-67.7761 -11.6491 67.8276
-65.6449 -11.6491 67.8276
-67.7761 -9.5179 67.8276
-65.6449 -9.5179 67.8276
-66.7105 -11.2421 65.0378
-66.7105 -9.92492 65.0378
-66.7105 -11.2421 68.4862
-66.7105 -9.92492 68.4862
-67.3691 -12.3077 66.762
-66.0519 -12.3077 66.762
-67.3691 -8.85932 66.762
-66.0519 -8.85932 66.762
-68.4347 -10.5835 66.1034
-68.4347 -10.5835 67.4206
-64.9863 -10.5835 66.1034
-64.9863 -10.5835 67.4206
-67.7761 -11.6491 65.6964
-65.6449 -11.6491 65.6964
-67.7761 -9.5179 65.6964
-65.6449 -9.5179 65.6964
-67.7761 -11.6491 67.8276
-65.6449 -11.6491 67.8276
-67.7761 -9.5179 67.8276
-65.6449 -9.5179 67.8276
-66.7105 -11.2421 65.0378
-66.7105 -9.92492 65.0378
-66.7105 -11.2421 68.4862
-66.7105 -9.92492 68.4862
-67.3691 -12.3077 66.762
-66.0519 -12.3077 66.762
-67.3691 -8.85932 66.762
-66.0519 -8.85932 66.762
-68.4347 -10.5835 66.1034
-68.4347 -10.5835 67.4206
-64.9863 -10.5835 66.1034
-64.9863 -10.5835 67.4206
-79.9731 -1.0496 27.7379
-77.8419 -1.0496 27.7379
-79.9731 1.0816 27.7379
-77.8419 1.0816 27.7379
-79.9731 -1.0496 29.8691
-77.8419 -1.0496 29.8691
-79.9731 1.0816 29.8691
-77.8419 1.0816 29.8691
-78.9075 -0.642577 27.0793
-78.9075 0.674577 27.0793
-78.9075 -0.642577 30.5277
-78.9075 0.674577 30.5277
-79.5661 -1.70818 28.8035
-78.2489 -1.70818 28.8035
-79.5661 1.74018 28.8035
-78.2489 1.74018 28.8035
-80.6317 0.016 28.1449
-80.6317 0.016 29.4621
-77.1833 0.016 28.1449
-77.1833 0.016 29.4621
105.014 -147.799 -134.952
107.146 -147.799 -134.952
105.014 -145.668 -134.952
107.146 -145.668 -134.952
105.014 -147.799 -132.821
107.146 -147.799 -132.821
105.014 -145.668 -132.821
107.146 -145.668 -132.821
106.08 -147.392 -135.611
106.08 -146.075 -135.611
106.08 -147.392 -132.162
106.08 -146.075 -132.162
105.421 -148.458 -133.887
106.739 -148.458 -133.887
105.421 -145.009 -133.887
106.739 -145.009 -133.887
104.356 -146.733 -134.545
104.356 -146.733 -133.228
107.804 -146.733 -134.545
107.804 -146.733 -133.228
1.6249 -1.6641 0.3304
3.7561 -1.6641 0.3304
1.6249 0.4671 0.3304
3.7561 0.4671 0.3304
1.6249 -1.6641 2.4616
3.7561 -1.6641 2.4616
1.6249 0.4671 2.4616
3.7561 0.4671 2.4616
2.6905 -1.25708 -0.328177
2.6905 0.060077 -0.328177
2.6905 -1.25708 3.12018
2.6905 0.060077 3.12018
2.03192 -2.32268 1.396
3.34908 -2.32268 1.396
2.03192 1.12568 1.396
3.34908 1.12568 1.396
0.966323 -0.5985 0.737423
0.966323 -0.5985 2.05458
4.41468 -0.5985 0.737423
4.41468 -0.5985 2.05458
1.6249 -1.6641 0.3304
3.7561 -1.6641 0.3304
1.6249 0.4671 0.3304
3.7561 0.4671 0.3304
1.6249 -1.6641 2.4616
3.7561 -1.6641 2.4616
1.6249 0.4671 2.4616
3.7561 0.4671 2.4616
2.6905 -1.25708 -0.328177
2.6905 0.060077 -0.328177
2.6905 -1.25708 3.12018
2.6905 0.060077 3.12018
2.03192 -2.32268 1.396
3.34908 -2.32268 1.396
2.03192 1.12568 1.396
3.34908 1.12568 1.396
0.966323 -0.5985 0.737423
0.966323 -0.5985 2.05458
4.41468 -0.5985 0.737423
4.41468 -0.5985 2.05458
0.9579 -1.0661 -1.8041
3.0891 -1.0661 -1.8041
0.9579 1.0651 -1.8041
3.0891 1.0651 -1.8041
0.9579 -1.0661 0.3271
3.0891 -1.0661 0.3271
0.9579 1.0651 0.3271
3.0891 1.0651 0.3271
2.0235 -0.659077 -2.46268
2.0235 0.658077 -2.46268
2.0235 -0.659077 0.985677
2.0235 0.658077 0.985677
1.36492 -1.72468 -0.7385
2.68208 -1.72468 -0.7385
1.36492 1.72368 -0.7385
2.68208 1.72368 -0.7385
0.299323 -0.0005 -1.39708
0.299323 -0.0005 -0.079923
3.74768 -0.0005 -1.39708
3.74768 -0.0005 -0.079923
105.014 -147.799 -134.952
107.146 -147.799 -134.952
105.014 -145.668 -134.952
107.146 -145.668 -134.952
105.014 -147.799 -132.821
107.146 -147.799 -132.821
105.014 -145.668 -132.821
107.146 -145.668 -132.821
106.08 -147.392 -135.611
106.08 -146.075 -135.611
106.08 -147.392 -132.162
106.08 -146.075 -132.162
105.421 -148.458 -133.887
106.739 -148.458 -133.887
105.421 -145.009 -133.887
106.739 -145.009 -133.887
104.356 -146.733 -134.545
104.356 -146.733 -133.228
107.804 -146.733 -134.545
107.804 -146.733 -133.228
70.7064 8.4414 -64.6951
72.8376 8.4414 -64.6951
70.7064 10.5726 -64.6951
72.8376 10.5726 -64.6951
70.7064 8.4414 -62.5639
72.8376 8.4414 -62.5639
70.7064 10.5726 -62.5639
72.8376 10.5726 -62.5639
71.772 8.84842 -65.3537
71.772 10.1656 -65.3537
71.772 8.84842 -61.9053
71.772 10.1656 -61.9053
71.1134 7.78282 -63.6295
72.4306 7.78282 -63.6295
71.1134 11.2312 -63.6295
72.4306 11.2312 -63.6295
70.0478 9.507 -64.2881
70.0478 9.507 -62.9709
73.4962 9.507 -64.2881
73.4962 9.507 -62.9709
70.7064 8.4414 -64.6951
72.8376 8.4414 -64.6951
70.7064 10.5726 -64.6951
72.8376 10.5726 -64.6951
70.7064 8.4414 -62.5639
72.8376 8.4414 -62.5639
70.7064 10.5726 -62.5639
72.8376 10.5726 -62.5639
71.772 8.84842 -65.3537
71.772 10.1656 -65.3537
71.772 8.84842 -61.9053
71.772 10.1656 -61.9053
71.1134 7.78282 -63.6295
72.4306 7.78282 -63.6295
71.1134 11.2312 -63.6295
72.4306 11.2312 -63.6295
70.0478 9.507 -64.2881
70.0478 9.507 -62.9709
73.4962 9.507 -64.2881
73.4962 9.507 -62.9709
81.8884 -1.0826 -31.3461
84.0196 -1.0826 -31.3461
81.8884 1.0486 -31.3461
84.0196 1.0486 -31.3461
81.8884 -1.0826 -29.2149
84.0196 -1.0826 -29.2149
81.8884 1.0486 -29.2149
84.0196 1.0486 -29.2149
82.954 -0.675577 -32.0047
82.954 0.641577 -32.0047
82.954 -0.675577 -28.5563
82.954 0.641577 -28.5563
82.2954 -1.74118 -30.2805
83.6126 -1.74118 -30.2805
82.2954 1.70718 -30.2805
83.6126 1.70718 -30.2805
81.2298 -0.017 -30.9391
81.2298 -0.017 -29.6219
84.6782 -0.017 -30.9391
84.6782 -0.017 -29.6219
105.014 -147.799 -134.952
107.146 -147.799 -134.952
105.014 -145.668 -134.952
107.146 -145.668 -134.952
105.014 -147.799 -132.821
107.146 -147.799 -132.821
105.014 -145.668 -132.821
107.146 -145.668 -132.821
106.08 -147.392 -135.611
106.08 -146.075 -135.611
106.08 -147.392 -132.162
106.08 -146.075 -132.162
105.421 -148.458 -133.887
106.739 -148.458 -133.887
105.421 -145.009 -133.887
106.739 -145.009 -133.887
104.356 -146.733 -134.545
104.356 -146.733 -133.228
107.804 -146.733 -134.545
107.804 -146.733 -133.228
142.302 -12.9441 -139.588
144.434 -12.9441 -139.588
142.302 -10.8129 -139.588
144.434 -10.8129 -139.588
142.302 -12.9441 -137.457
144.434 -12.9441 -137.457
142.302 -10.8129 -137.457
144.434 -10.8129 -137.457
143.368 -12.5371 -140.247
143.368 -11.2199 -140.247
143.368 -12.5371 -136.798
143.368 -11.2199 -136.798
142.709 -13.6027 -138.523
144.027 -13.6027 -138.523
142.709 -10.1543 -138.523
144.027 -10.1543 -138.523
141.644 -11.8785 -139.181
141.644 -11.8785 -137.864
145.092 -11.8785 -139.181
145.092 -11.8785 -137.864
142.302 -12.9441 -139.588
144.434 -12.9441 -139.588
142.302 -10.8129 -139.588
144.434 -10.8129 -139.588
142.302 -12.9441 -137.457
144.434 -12.9441 -137.457
142.302 -10.8129 -137.457
144.434 -10.8129 -137.457
143.368 -12.5371 -140.247
143.368 -11.2199 -140.247
143.368 -12.5371 -136.798
143.368 -11.2199 -136.798
142.709 -13.6027 -138.523
144.027 -13.6027 -138.523
142.709 -10.1543 -138.523
144.027 -10.1543 -138.523
141.644 -11.8785 -139.181
141.644 -11.8785 -137.864
145.092 -11.8785 -139.181
145.092 -11.8785 -137.864
162.819 -1.0991 -60.8881
164.95 -1.0991 -60.8881
162.819 1.0321 -60.8881
164.95 1.0321 -60.8881
162.819 -1.0991 -58.7569
164.95 -1.0991 -58.7569
162.819 1.0321 -58.7569
164.95 1.0321 -58.7569
163.885 -0.692077 -61.5467
163.885 0.625077 -61.5467
163.885 -0.692077 -58.0983
163.885 0.625077 -58.0983
163.226 -1.75768 -59.8225
164.543 -1.75768 -59.8225
163.226 1.69068 -59.8225
164.543 1.69068 -59.8225
162.16 -0.0335 -60.4811
162.16 -0.0335 -59.1639
165.609 -0.0335 -60.4811
165.609 -0.0335 -59.1639
105.014 -147.799 -134.952
107.146 -147.799 -134.952
105.014 -145.668 -134.952
107.146 -145.668 -134.952
105.014 -147.799 -132.821
107.146 -147.799 -132.821
105.014 -145.668 -132.821
107.146 -145.668 -132.821
106.08 -147.392 -135.611
106.08 -146.075 -135.611
106.08 -147.392 -132.162
106.08 -146.075 -132.162
105.421 -148.458 -133.887
106.739 -148.458 -133.887
105.421 -145.009 -133.887
106.739 -145.009 -133.887
104.356 -146.733 -134.545
104.356 -146.733 -133.228
107.804 -146.733 -134.545
107.804 -146.733 -133.228
212.286 -2.6536 -205.451
214.418 -2.6536 -205.451
212.286 -0.5224 -205.451
214.418 -0.5224 -205.451
212.286 -2.6536 -203.319
214.418 -2.6536 -203.319
212.286 -0.5224 -203.319
214.418 -0.5224 -203.319
213.352 -2.24658 -206.109
213.352 -0.929423 -206.109
213.352 -2.24658 -202.661
213.352 -0.929423 -202.661
212.693 -3.31218 -204.385
214.011 -3.31218 -204.385
212.693 0.136177 -204.385
214.011 0.136177 -204.385
211.628 -1.588 -205.044
211.628 -1.588 -203.726
215.076 -1.588 -205.044
215.076 -1.588 -203.726
212.286 -2.6536 -205.451
214.418 -2.6536 -205.451
212.286 -0.5224 -205.451
214.418 -0.5224 -205.451
212.286 -2.6536 -203.319
214.418 -2.6536 -203.319
212.286 -0.5224 -203.319
214.418 -0.5224 -203.319
213.352 -2.24658 -206.109
213.352 -0.929423 -206.109
213.352 -2.24658 -202.661
213.352 -0.929423 -202.661
212.693 -3.31218 -204.385
214.011 -3.31218 -204.385
212.693 0.136177 -204.385
214.011 0.136177 -204.385
211.628 -1.588 -205.044
211.628 -1.588 -203.726
215.076 -1.588 -205.044
215.076 -1.588 -203.726
243.749 -1.1156 -90.4301
245.881 -1.1156 -90.4301
243.749 1.0156 -90.4301
245.881 1.0156 -90.4301
243.749 -1.1156 -88.2989
245.881 -1.1156 -88.2989
243.749 1.0156 -88.2989
245.881 1.0156 -88.2989
244.815 -0.708577 -91.0887
244.815 0.608577 -91.0887
244.815 -0.708577 -87.6403
244.815 0.608577 -87.6403
244.156 -1.77418 -89.3645
245.474 -1.77418 -89.3645
244.156 1.67418 -89.3645
245.474 1.67418 -89.3645
243.091 -0.05 -90.0231
243.091 -0.05 -88.7059
246.539 -0.05 -90.0231
246.539 -0.05 -88.7059
243.749 -1.1156 -90.4301
245.881 -1.1156 -90.4301
243.749 1.0156 -90.4301
245.881 1.0156 -90.4301
243.749 -1.1156 -88.2989
245.881 -1.1156 -88.2989
243.749 1.0156 -88.2989
245.881 1.0156 -88.2989
244.815 -0.708577 -91.0887
244.815 0.608577 -91.0887
244.815 -0.708577 -87.6403
244.815 0.608577 -87.6403
244.156 -1.77418 -89.3645
245.474 -1.77418 -89.3645
244.156 1.67418 -89.3645
245.474 1.67418 -89.3645
243.091 -0.05 -90.0231
243.091 -0.05 -88.7059
246.539 -0.05 -90.0231
246.539 -0.05 -88.7059
240.541 219.302 20.3549
242.673 219.302 20.3549
240.541 221.433 20.3549
242.673 221.433 20.3549
240.541 219.302 22.4861
242.673 219.302 22.4861
240.541 221.433 22.4861
242.673 221.433 22.4861
241.607 219.709 19.6963
241.607 221.026 19.6963
241.607 219.709 23.1447
241.607 221.026 23.1447
240.948 218.643 21.4205
242.266 218.643 21.4205
240.948 222.092 21.4205
242.266 222.092 21.4205
239.883 220.368 20.7619
239.883 220.368 22.0791
243.331 220.368 20.7619
243.331 220.368 22.0791
240.541 219.302 20.3549
242.673 219.302 20.3549
240.541 221.433 20.3549
242.673 221.433 20.3549
240.541 219.302 22.4861
242.673 219.302 22.4861
240.541 221.433 22.4861
242.673 221.433 22.4861
241.607 219.709 19.6963
241.607 221.026 19.6963
241.607 219.709 23.1447
241.607 221.026 23.1447
240.948 218.643 21.4205
242.266 218.643 21.4205
240.948 222.092 21.4205
242.266 222.092 21.4205
239.883 220.368 20.7619
239.883 220.368 22.0791
243.331 220.368 20.7619
243.331 220.368 22.0791
628.454 434.688 -58.9191
630.585 434.688 -58.9191
628.454 436.82 -58.9191
630.585 436.82 -58.9191
628.454 434.688 -56.7879
630.585 434.688 -56.7879
628.454 436.82 -56.7879
630.585 436.82 -56.7879
629.519 435.095 -59.5777
629.519 436.413 -59.5777
629.519 435.095 -56.1293
629.519 436.413 -56.1293
628.861 434.03 -57.8535
630.178 434.03 -57.8535
628.861 437.478 -57.8535
630.178 437.478 -57.8535
627.795 435.754 -58.5121
627.795 435.754 -57.1949
631.244 435.754 -58.5121
631.244 435.754 -57.1949
-668.461 494.925 35.0574
-666.329 494.925 35.0574
-668.461 497.057 35.0574
-666.329 497.057 35.0574
-668.461 494.925 37.1886
-666.329 494.925 37.1886
-668.461 497.057 37.1886
-666.329 497.057 37.1886
-667.395 495.332 34.3988
-667.395 496.65 34.3988
-667.395 495.332 37.8472
-667.395 496.65 37.8472
-668.054 494.267 36.123
-666.736 494.267 36.123
-668.054 497.715 36.123
-666.736 497.715 36.123
-669.119 495.991 35.4644
-669.119 495.991 36.7816
-665.671 495.991 35.4644
-665.671 495.991 36.7816
-801.066 473.393 121.062
-798.934 473.393 121.062
-801.066 475.525 121.062
-798.934 475.525 121.062
-801.066 473.393 123.193
-798.934 473.393 123.193
-801.066 475.525 123.193
-798.934 475.525 123.193
-800 473.8 120.403
-800 475.118 120.403
-800 473.8 123.852
-800 475.118 123.852
-800.659 472.735 122.127
-799.341 472.735 122.127
-800.659 476.183 122.127
-799.341 476.183 122.127
-801.724 474.459 121.469
-801.724 474.459 122.786
-798.276 474.459 121.469
-798.276 474.459 122.786
-449.43 580.479 -149.909
-447.299 580.479 -149.909
-449.43 582.61 -149.909
-447.299 582.61 -149.909
-449.43 580.479 -147.777
-447.299 580.479 -147.777
-449.43 582.61 -147.777
-447.299 582.61 -147.777
-448.365 580.886 -150.567
-448.365 582.203 -150.567
-448.365 580.886 -147.119
-448.365 582.203 -147.119
-449.023 579.82 -148.843
-447.706 579.82 -148.843
-449.023 583.269 -148.843
-447.706 583.269 -148.843
-450.089 581.544 -149.502
-450.089 581.544 -148.184
-446.64 581.544 -149.502
-446.64 581.544 -148.184
-448.499 798.934 -142.253
-446.367 798.934 -142.253
-448.499 801.066 -142.253
-446.367 801.066 -142.253
-448.499 798.934 -140.121
-446.367 798.934 -140.121
-448.499 801.066 -140.121
-446.367 801.066 -140.121
-447.433 799.341 -142.911
-447.433 800.659 -142.911
-447.433 799.341 -139.463
-447.433 800.659 -139.463
-448.092 798.276 -141.187
-446.774 798.276 -141.187
-448.092 801.724 -141.187
-446.774 801.724 -141.187
-449.157 800 -141.846
-449.157 800 -140.528
-445.709 800 -141.846
-445.709 800 -140.528
628.454 434.688 -58.9191
630.585 434.688 -58.9191
628.454 436.82 -58.9191
630.585 436.82 -58.9191
628.454 434.688 -56.7879
630.585 434.688 -56.7879
628.454 436.82 -56.7879
630.585 436.82 -56.7879
629.519 435.095 -59.5777
629.519 436.413 -59.5777
629.519 435.095 -56.1293
629.519 436.413 -56.1293
628.861 434.03 -57.8535
630.178 434.03 -57.8535
628.861 437.478 -57.8535
630.178 437.478 -57.8535
627.795 435.754 -58.5121
627.795 435.754 -57.1949
631.244 435.754 -58.5121
631.244 435.754 -57.1949
798.934 438.111 -101.154
801.066 438.111 -101.154
798.934 440.243 -101.154
801.066 440.243 -101.154
798.934 438.111 -99.0224
801.066 438.111 -99.0224
798.934 440.243 -99.0224
801.066 440.243 -99.0224
800 438.518 -101.812
800 439.836 -101.812
800 438.518 -98.3638
800 439.836 -98.3638
799.341 437.453 -100.088
800.659 437.453 -100.088
799.341 440.901 -100.088
800.659 440.901 -100.088
798.276 439.177 -100.747
798.276 439.177 -99.4294
801.724 439.177 -100.747
801.724 439.177 -99.4294
628.454 434.688 -58.9191
630.585 434.688 -58.9191
628.454 436.82 -58.9191
630.585 436.82 -58.9191
628.454 434.688 -56.7879
630.585 434.688 -56.7879
628.454 436.82 -56.7879
630.585 436.82 -56.7879
629.519 435.095 -59.5777
629.519 436.413 -59.5777
629.519 435.095 -56.1293
629.519 436.413 -56.1293
628.861 434.03 -57.8535
630.178 434.03 -57.8535
628.861 437.478 -57.8535
630.178 437.478 -57.8535
627.795 435.754 -58.5121
627.795 435.754 -57.1949
631.244 435.754 -58.5121
631.244 435.754 -57.1949
635.385 798.934 -31.1241
637.516 798.934 -31.1241
635.385 801.066 -31.1241
637.516 801.066 -31.1241
635.385 798.934 -28.9929
637.516 798.934 -28.9929
635.385 801.066 -28.9929
637.516 801.066 -28.9929
636.451 799.341 -31.7827
636.451 800.659 -31.7827
636.451 799.341 -28.3343
636.451 800.659 -28.3343
635.792 798.276 -30.0585
637.109 798.276 -30.0585
635.792 801.724 -30.0585
637.109 801.724 -30.0585
634.726 800 -30.7171
634.726 800 -29.3999
638.175 800 -30.7171
638.175 800 -29.3999
CELLS 5340 21360
3 33 12 32
3 33 13 12
3 35 14 34
3 35 14 15
3 39 23 38
3 39 35 27
3 39 35 23
3 5 13 12
3 5 4 10
3 5 4 12
3 5 33 13
3 5 33 25
3 21 39 38
3 21 39 25
3 21 33 25
3 17 2 16
3 17 14 6
3 17 14 2
3 17 4 12
3 17 0 16
3 17 0 12
3 20 33 32
3 20 21 28
3 20 21 33
3 20 12 32
3 20 0 12
3 20 0 8
3 20 8 28
3 9 2 16
3 9 0 16
3 9 0 8
3 30 31 27
3 30 39 25
3 30 39 27
3 30 5 10
3 30 5 25
3 7 35 27
3 7 35 15
3 22 14 2
3 22 14 34
3 11 4 10
3 11 17 4
3 11 17 6
3 11 14 6
3 11 14 15
3 11 7 15
3 11 30 31
3 11 30 10
3 11 31 27
3 11 7 27
3 29 23 38
3 29 21 38
3 29 21 28
3 29 35 34
3 29 35 23
3 29 22 34
3 29 8 28
3 29 9 8
3 29 9 2
3 29 22 2
3 75 54 74
3 75 54 55
3 53 44 50
3 53 45 50
3 53 44 52
3 73 61 78
3 73 79 78
3 73 79 65
3 73 61 68
3 73 60 72
3 73 60 68
3 73 53 52
3 73 52 72
3 73 53 45
3 73 45 65
3 57 42 56
3 57 54 46
3 57 54 42
3 40 60 72
3 40 52 72
3 40 60 68
3 40 48 68
3 40 44 52
3 40 57 56
3 40 57 44
3 62 54 42
3 62 54 74
3 49 42 56
3 49 40 56
3 49 40 48
3 49 62 42
3 49 62 69
3 49 69 68
3 49 48 68
3 70 71 67
3 70 79 67
3 70 79 65
3 70 45 50
3 70 45 65
3 51 44 50
3 51 57 44
3 51 57 46
3 51 70 71
3 51 70 50
3 63 61 68
3 63 61 78
3 63 69 68
3 63 79 78
3 63 79 67
3 63 75 67
3 63 75 74
3 63 62 74
3 63 62 69
3 47 54 46
3 47 54 55
3 47 51 46
3 47 75 67
3 47 75 55
3 47 71 67
3 47 51 71
3 94 97 96
3 94 82 96
3 94 97 86
3 115 94 114
3 115 94 95
3 119 103 118
3 119 115 107
3 119 115 103
3 113 101 118
3 113 119 118
3 113 119 105
3 113 101 108
3 113 100 112
3 113 100 108
3 113 93 92
3 113 92 112
3 113 93 85
3 113 85 105
3 84 85 90
3 84 93 92
3 84 93 85
3 80 100 112
3 80 92 112
3 80 100 108
3 80 88 108
3 80 97 96
3 80 84 97
3 80 84 92
3 109 101 108
3 109 101 118
3 109 103 118
3 110 111 107
3 110 119 105
3 110 119 107
3 110 85 90
3 110 85 105
3 87 115 107
3 87 115 95
3 89 82 96
3 89 80 96
3 89 80 88
3 89 88 108
3 89 109 108
3 102 115 114
3 102 115 103
3 102 109 103
3 102 94 82
3 102 94 114
3 102 89 82
3 102 89 109
3 91 97 86
3 91 84 90
3 91 84 97
3 91 94 86
3 91 94 95
3 91 87 95
3 91 110 111
3 91 110 90
3 91 111 107
3 91 87 107
3 155 134 154
3 155 134 135
3 159 143 158
3 159 155 147
3 159 155 143
3 133 124 130
3 133 125 130
3 133 124 132
3 153 141 158
3 153 159 158
3 153 159 145
3 153 141 148
3 153 140 152
3 153 140 148
3 153 133 132
3 153 132 152
3 153 133 125
3 153 125 145
3 137 122 136
3 137 134 126
3 137 134 122
3 120 140 152
3 120 132 152
3 120 140 148
3 120 128 148
3 120 124 132
3 120 137 136
3 120 137 124
3 129 122 136
3 129 120 136
3 129 120 128
3 150 151 147
3 150 159 145
3 150 159 147
3 150 125 130
3 150 125 145
3 127 155 147
3 127 155 135
3 142 134 122
3 142 134 154
3 131 124 130
3 131 137 124
3 131 137 126
3 131 134 126
3 131 134 135
3 131 127 135
3 131 150 151
3 131 150 130
3 131 151 147
3 131 127 147
3 149 141 148
3 149 141 158
3 149 143 158
3 149 155 154
3 149 155 143
3 149 142 154
3 149 128 148
3 149 129 128
3 149 129 122
3 149 142 122
3 195 174 194
3 195 174 175
3 199 183 198
3 199 195 187
3 199 195 183
3 165 173 172
3 165 164 170
3 165 164 172
3 193 181 198
3 193 199 198
3 193 199 185
3 193 173 172
3 193 172 192
3 193 165 173
3 193 165 185
3 177 162 176
3 177 174 166
3 177 174 162
3 177 164 172
3 177 160 176
3 177 160 172
3 180 181 188
3 180 193 181
3 180 193 192
3 180 160 172
3 180 172 192
3 180 160 168
3 180 168 188
3 169 162 176
3 169 160 176
3 169 160 168
3 190 191 187
3 190 199 185
3 190 199 187
3 190 165 170
3 190 165 185
3 167 195 187
3 167 195 175
3 182 174 162
3 182 174 194
3 171 164 170
3 171 177 164
3 171 177 166
3 171 174 166
3 171 174 175
3 171 167 175
3 171 190 191
3 171 190 170
3 171 191 187
3 171 167 187
3 189 181 188
3 189 181 198
3 189 183 198
3 189 195 194
3 189 195 183
3 189 182 194
3 189 168 188
3 189 169 168
3 189 169 162
3 189 182 162
3 235 214 234
3 235 214 215
3 239 223 238
3 239 235 227
3 239 235 223
3 213 204 210
3 213 205 210
3 213 204 212
3 233 221 238
3 233 239 238
3 233 239 225
3 233 221 228
3 233 220 232
3 233 220 228
3 233 213 212
3 233 212 232
3 233 213 205
3 233 205 225
3 217 202 216
3 217 214 206
3 217 214 202
3 200 220 232
3 200 212 232
3 200 220 228
3 200 208 228
3 200 204 212
3 200 217 216
3 200 217 204
3 229 221 228
3 229 221 238
3 229 223 238
3 230 231 227
3 230 239 225
3 230 239 227
3 230 205 210
3 230 205 225
3 207 235 227
3 207 235 215
3 209 202 216
3 209 200 216
3 209 200 208
3 209 208 228
3 209 229 228
3 222 235 234
3 222 235 223
3 222 229 223
3 222 214 202
3 222 214 234
3 222 209 202
3 222 209 229
3 211 204 210
3 211 217 204
3 211 217 206
3 211 214 206
3 211 214 215
3 211 207 215
3 211 230 231
3 211 230 210
3 211 231 227
3 211 207 227
3 275 254 274
3 275 254 255
3 279 263 278
3 279 275 267
3 279 275 263
3 245 253 252
3 245 244 250
3 245 244 252
3 273 261 268
3 273 260 272
3 273 260 268
3 273 261 278
3 273 279 278
3 273 279 265
3 273 253 252
3 273 252 272
3 273 245 253
3 273 245 265
3 257 242 256
3 257 254 246
3 257 254 242
3 240 260 272
3 240 252 272
3 240 260 268
3 240 248 268
3 240 244 252
3 240 257 256
3 240 257 244
3 269 261 268
3 269 261 278
3 269 263 278
3 270 271 267
3 270 279 265
3 270 279 267
3 270 245 250
3 270 245 265
3 247 275 267
3 247 275 255
3 249 242 256
3 249 240 256
3 249 240 248
3 249 248 268
3 249 269 268
3 262 275 274
3 262 275 263
3 262 269 263
3 262 254 242
3 262 254 274
3 262 249 242
3 262 249 269
3 251 244 250
3 251 257 244
3 251 257 246
3 251 254 246
3 251 254 255
3 251 247 255
3 251 270 271
3 251 270 250
3 251 271 267
3 251 247 267
3 312 301 313
3 312 300 308
3 312 301 308
3 293 312 292
3 293 312 313
3 284 293 292
3 284 293 285
3 284 290 285
3 318 293 313
3 318 301 313
3 318 299 285
3 318 293 285
3 287 299 285
3 287 290 291
3 287 290 285
3 316 284 292
3 316 312 292
3 316 312 300
3 316 284 297
3 303 287 299
3 303 318 299
3 303 295 315
3 303 287 295
3 294 295 315
3 294 314 315
3 309 300 308
3 309 316 302
3 309 316 300
3 309 301 308
3 309 318 301
3 309 303 318
3 309 314 302
3 309 303 315
3 309 314 315
3 286 290 291
3 286 284 290
3 286 284 297
3 286 316 297
3 286 316 302
3 286 314 302
3 286 294 314
3 286 287 291
3 286 287 295
3 286 294 295
3 352 341 353
3 352 340 348
3 352 341 348
3 333 352 332
3 333 352 353
3 324 333 332
3 324 333 325
3 324 330 325
3 358 333 353
3 358 341 353
3 358 339 325
3 358 333 325
3 327 339 325
3 327 330 331
3 327 330 325
3 356 324 332
3 356 352 332
3 356 352 340
3 356 324 337
3 349 340 348
3 349 356 342
3 349 356 340
3 334 335 355
3 334 354 355
3 343 327 339
3 343 358 339
3 343 335 355
3 343 327 335
3 343 341 348
3 343 358 341
3 343 349 348
3 343 354 342
3 343 354 355
3 343 349 342
3 326 330 331
3 326 324 330
3 326 324 337
3 326 356 337
3 326 356 342
3 326 354 342
3 326 334 354
3 326 327 331
3 326 327 335
3 326 334 335
3 392 381 393
3 392 380 388
3 392 381 388
3 373 392 372
3 373 392 393
3 370 373 372
3 370 373 365
3 370 364 372
3 398 373 393
3 398 381 393
3 398 379 365
3 398 373 365
3 367 379 365
3 367 370 365
3 367 370 371
3 396 364 372
3 396 392 372
3 396 392 380
3 396 364 377
3 383 367 379
3 383 398 379
3 383 375 395
3 383 367 375
3 374 375 395
3 374 394 395
3 389 380 388
3 389 396 382
3 389 396 380
3 389 381 388
3 389 398 381
3 389 383 398
3 389 394 382
3 389 383 395
3 389 394 395
3 366 364 377
3 366 370 371
3 366 370 364
3 366 396 377
3 366 396 382
3 366 394 382
3 366 374 394
3 366 367 371
3 366 367 375
3 366 374 375
3 432 421 433
3 432 420 428
3 432 421 428
3 413 432 412
3 413 432 433
3 410 413 412
3 410 413 405
3 410 404 412
3 438 413 433
3 438 421 433
3 438 419 405
3 438 413 405
3 407 419 405
3 407 410 405
3 407 410 411
3 436 404 412
3 436 432 412
3 436 432 420
3 436 404 417
3 423 407 419
3 423 438 419
3 423 415 435
3 423 407 415
3 414 415 435
3 414 434 435
3 429 420 428
3 429 436 422
3 429 436 420
3 429 421 428
3 429 438 421
3 429 423 438
3 429 434 422
3 429 423 435
3 429 434 435
3 406 404 417
3 406 410 411
3 406 410 404
3 406 436 417
3 406 436 422
3 406 434 422
3 406 414 434
3 406 407 411
3 406 407 415
3 406 414 415
3 445 465 470
3 445 470 450
3 462 442 454
3 462 454 474
3 451 471 470
3 451 470 450
3 475 462 474
3 475 463 469
3 475 462 469
3 452 457 456
3 452 440 456
3 452 457 444
3 452 445 450
3 452 444 450
3 452 445 453
3 449 462 469
3 449 462 442
3 473 465 479
3 473 479 478
3 473 461 478
3 473 445 465
3 473 445 453
3 473 441 453
3 473 461 441
3 468 461 478
3 468 463 478
3 468 463 469
3 467 471 470
3 467 465 470
3 467 465 479
3 467 463 478
3 467 479 478
3 467 475 463
3 467 475 474
3 467 466 474
3 467 466 471
3 448 442 456
3 448 440 456
3 448 449 442
3 448 449 469
3 448 468 469
3 448 452 453
3 448 441 453
3 448 452 440
3 448 461 441
3 448 468 461
3 446 454 474
3 446 466 474
3 446 451 471
3 446 466 471
3 446 442 454
3 446 442 456
3 446 457 456
3 446 457 444
3 446 444 450
3 446 451 450
3 517 484 497
3 517 484 504
3 499 485 490
3 499 491 490
3 499 491 487
3 505 493 485
3 505 493 513
3 495 499 487
3 495 483 498
3 495 499 498
3 486 491 490
3 486 484 490
3 486 484 497
3 486 491 487
3 486 495 487
3 486 495 494
3 510 505 513
3 510 512 513
3 510 512 504
3 510 484 504
3 510 484 490
3 510 485 490
3 510 505 485
3 489 495 494
3 489 495 483
3 489 482 494
3 489 503 509
3 489 503 483
3 489 502 509
3 489 482 502
3 481 499 498
3 481 499 485
3 481 493 485
3 481 493 513
3 481 501 513
3 518 508 509
3 518 503 509
3 518 501 508
3 518 483 498
3 518 503 483
3 518 481 498
3 518 481 501
3 500 502 516
3 500 502 509
3 500 508 509
3 500 517 504
3 500 512 504
3 500 517 516
3 500 501 508
3 500 512 513
3 500 501 513
3 506 517 497
3 506 486 497
3 514 502 516
3 514 517 516
3 514 506 517
3 514 482 494
3 514 482 502
3 514 486 494
3 514 506 486
3 557 524 537
3 557 524 544
3 539 525 530
3 539 531 530
3 539 531 527
3 535 539 527
3 535 523 538
3 535 539 538
3 526 531 530
3 526 524 530
3 526 524 537
3 526 531 527
3 526 535 527
3 526 535 534
3 533 539 538
3 533 521 538
3 533 539 525
3 533 545 553
3 533 545 525
3 541 533 521
3 541 533 553
3 550 552 553
3 550 545 553
3 550 552 544
3 550 524 544
3 550 524 530
3 550 525 530
3 550 545 525
3 529 535 534
3 529 535 523
3 529 522 534
3 529 543 549
3 529 543 523
3 529 542 549
3 529 522 542
3 540 542 556
3 540 542 549
3 540 548 549
3 540 557 544
3 540 552 544
3 540 557 556
3 540 552 553
3 540 541 553
3 540 541 548
3 546 557 537
3 546 526 537
3 558 548 549
3 558 541 548
3 558 543 549
3 558 523 538
3 558 543 523
3 558 521 538
3 558 541 521
3 554 542 556
3 554 557 556
3 554 546 557
3 554 522 534
3 554 522 542
3 554 526 534
3 554 546 526
3 562 596 576
3 562 596 582
3 574 562 576
3 574 577 576
3 574 577 566
3 573 593 592
3 573 572 592
3 571 574 566
3 571 567 575
3 571 574 575
3 587 567 575
3 587 595 575
3 564 577 576
3 564 560 576
3 564 560 572
3 564 577 566
3 564 571 566
3 564 571 570
3 594 562 582
3 594 574 562
3 594 574 575
3 594 595 575
3 565 571 570
3 565 571 567
3 565 579 567
3 565 573 572
3 565 564 570
3 565 564 572
3 565 573 593
3 565 593 585
3 599 583 598
3 599 587 595
3 599 583 595
3 599 565 579
3 599 565 585
3 599 579 567
3 599 587 567
3 580 560 572
3 580 572 592
3 580 596 576
3 580 560 576
3 581 593 585
3 581 599 598
3 581 599 585
3 581 593 592
3 581 580 592
3 581 580 588
3 589 583 595
3 589 594 582
3 589 594 595
3 589 596 582
3 589 580 588
3 589 580 596
3 589 583 598
3 589 581 588
3 589 581 598
3 635 623 629
3 635 622 634
3 635 622 629
3 601 633 621
3 601 633 613
3 604 612 613
3 604 605 610
3 604 605 613
3 602 622 634
3 602 614 634
3 631 611 610
3 631 630 610
3 625 605 610
3 625 630 610
3 625 605 613
3 625 633 613
3 625 621 638
3 625 639 638
3 625 633 621
3 628 623 629
3 628 623 638
3 628 621 638
3 600 604 617
3 600 604 612
3 600 617 616
3 627 623 638
3 627 635 623
3 627 639 638
3 627 631 630
3 627 625 639
3 627 625 630
3 626 635 634
3 626 627 635
3 626 627 631
3 609 622 629
3 609 602 622
3 606 614 634
3 606 626 634
3 606 631 611
3 606 626 631
3 606 604 610
3 606 611 610
3 606 604 617
3 606 617 616
3 606 602 614
3 606 602 616
3 608 602 616
3 608 600 616
3 608 609 602
3 608 628 629
3 608 609 629
3 608 612 613
3 608 601 613
3 608 600 612
3 608 601 621
3 608 628 621
3 677 644 657
3 677 644 664
3 659 645 650
3 659 651 650
3 659 651 647
3 665 653 645
3 665 653 673
3 655 659 647
3 655 643 658
3 655 659 658
3 646 651 650
3 646 644 650
3 646 644 657
3 646 651 647
3 646 655 647
3 646 655 654
3 670 665 673
3 670 672 673
3 670 672 664
3 670 644 664
3 670 644 650
3 670 645 650
3 670 665 645
3 649 655 654
3 649 655 643
3 649 642 654
3 649 663 669
3 649 663 643
3 649 662 669
3 649 642 662
3 641 659 658
3 641 659 645
3 641 653 645
3 641 653 673
3 641 661 673
3 678 668 669
3 678 663 669
3 678 661 668
3 678 643 658
3 678 663 643
3 678 641 658
3 678 641 661
3 660 662 676
3 660 662 669
3 660 668 669
3 660 677 664
3 660 672 664
3 660 677 676
3 660 661 668
3 660 672 673
3 660 661 673
3 674 642 654
3 674 642 662
3 666 662 676
3 666 677 676
3 666 674 662
3 666 677 657
3 666 646 657
3 666 646 654
3 666 674 654
3 717 684 697
3 717 684 704
3 699 685 690
3 699 691 690
3 699 691 687
3 710 684 704
3 710 684 690
3 695 699 687
3 695 683 698
3 695 699 698
3 686 691 690
3 686 684 690
3 686 684 697
3 686 691 687
3 686 695 687
3 686 695 694
3 705 710 704
3 705 712 713
3 705 712 704
3 705 693 685
3 705 693 713
3 705 685 690
3 705 710 690
3 689 695 694
3 689 695 683
3 689 682 694
3 689 703 709
3 689 703 683
3 689 702 709
3 689 682 702
3 681 699 698
3 681 699 685
3 681 693 685
3 681 701 713
3 681 693 713
3 718 708 709
3 718 703 709
3 718 701 708
3 718 683 698
3 718 703 683
3 718 681 698
3 718 681 701
3 700 702 716
3 700 702 709
3 700 708 709
3 700 717 704
3 700 712 704
3 700 717 716
3 700 701 708
3 700 712 713
3 700 701 713
3 706 717 697
3 706 686 697
3 714 702 716
3 714 717 716
3 714 706 717
3 714 682 694
3 714 682 702
3 714 686 694
3 714 706 686
3 722 756 736
3 722 756 742
3 734 722 736
3 734 737 736
3 734 737 726
3 733 753 752
3 733 732 752
3 731 734 726
3 731 727 735
3 731 734 735
3 747 727 735
3 747 755 735
3 724 737 736
3 724 720 736
3 724 720 732
3 724 737 726
3 724 731 726
3 724 731 730
3 754 722 742
3 754 734 722
3 754 734 735
3 754 755 735
3 725 731 730
3 725 731 727
3 725 739 727
3 725 733 732
3 725 724 730
3 725 724 732
3 725 733 753
3 725 753 745
3 759 743 758
3 759 747 755
3 759 743 755
3 759 725 739
3 759 725 745
3 759 739 727
3 759 747 727
3 740 720 732
3 740 732 752
3 740 756 736
3 740 720 736
3 741 753 745
3 741 759 758
3 741 759 745
3 741 753 752
3 741 740 752
3 741 740 748
3 749 743 755
3 749 754 742
3 749 754 755
3 749 756 742
3 749 740 748
3 749 740 756
3 749 743 758
3 749 741 748
3 749 741 758
3 765 764 770
3 765 772 773
3 765 772 764
3 765 785 790
3 765 790 770
3 762 782 794
3 762 774 794
3 771 791 790
3 771 790 770
3 787 791 790
3 787 785 790
3 787 785 799
3 793 785 799
3 793 799 798
3 793 781 798
3 793 765 785
3 793 765 773
3 793 761 773
3 793 781 761
3 788 783 789
3 788 781 798
3 788 783 798
3 788 768 761
3 788 781 761
3 760 772 764
3 760 777 776
3 760 777 764
3 760 772 773
3 760 761 773
3 760 768 761
3 769 762 776
3 769 760 768
3 769 760 776
3 769 788 789
3 769 788 768
3 769 782 789
3 769 762 782
3 795 783 789
3 795 782 794
3 795 782 789
3 795 783 798
3 795 799 798
3 795 787 799
3 795 787 791
3 795 786 794
3 795 786 791
3 766 774 794
3 766 786 794
3 766 771 791
3 766 786 791
3 766 777 776
3 766 762 774
3 766 762 776
3 766 764 770
3 766 777 764
3 766 771 770
3 837 804 817
3 837 804 824
3 819 805 810
3 819 811 810
3 819 811 807
3 815 819 807
3 815 803 818
3 815 819 818
3 806 811 810
3 806 804 810
3 806 804 817
3 806 811 807
3 806 815 807
3 806 815 814
3 813 819 818
3 813 801 818
3 813 819 805
3 813 825 833
3 813 825 805
3 821 813 801
3 821 813 833
3 830 832 833
3 830 825 833
3 830 832 824
3 830 804 824
3 830 804 810
3 830 805 810
3 830 825 805
3 809 815 814
3 809 815 803
3 809 802 814
3 809 823 829
3 809 823 803
3 809 822 829
3 809 802 822
3 820 822 836
3 820 822 829
3 820 828 829
3 820 837 824
3 820 832 824
3 820 837 836
3 820 832 833
3 820 821 833
3 820 821 828
3 826 837 817
3 826 806 817
3 838 828 829
3 838 821 828
3 838 823 829
3 838 803 818
3 838 823 803
3 838 801 818
3 838 821 801
3 834 822 836
3 834 837 836
3 834 826 837
3 834 802 814
3 834 802 822
3 834 806 814
3 834 826 806
3 877 844 857
3 877 844 864
3 855 859 858
3 855 843 858
3 855 859 847
3 849 863 843
3 849 863 869
3 860 862 876
3 860 862 869
3 860 868 869
3 851 846 857
3 851 844 850
3 851 844 857
3 851 845 850
3 851 859 845
3 851 859 847
3 851 846 854
3 851 855 847
3 851 855 854
3 853 859 858
3 853 841 858
3 853 859 845
3 853 865 873
3 853 865 845
3 861 853 841
3 861 853 873
3 870 844 864
3 870 844 850
3 870 845 850
3 870 865 845
3 842 855 854
3 842 855 843
3 842 849 843
3 842 874 862
3 842 874 854
3 842 862 869
3 842 849 869
3 872 877 864
3 872 877 876
3 872 860 876
3 872 860 868
3 872 861 873
3 872 861 868
3 872 865 873
3 872 870 865
3 872 870 864
3 866 862 876
3 866 877 876
3 866 874 862
3 866 846 857
3 866 877 857
3 866 846 854
3 866 874 854
3 878 868 869
3 878 863 869
3 878 861 868
3 878 843 858
3 878 863 843
3 878 841 858
3 878 861 841
3 882 916 896
3 882 916 902
3 893 913 912
3 893 892 912
3 885 884 892
3 885 884 890
3 885 893 892
3 885 893 913
3 885 913 905
3 891 894 895
3 891 887 895
3 891 894 886
3 907 887 895
3 907 915 895
3 897 884 892
3 897 880 896
3 897 880 892
3 897 882 896
3 897 894 886
3 897 894 882
3 897 884 890
3 897 891 886
3 897 891 890
3 914 882 902
3 914 894 882
3 914 894 895
3 914 915 895
3 919 903 918
3 919 907 915
3 919 903 915
3 900 880 892
3 900 892 912
3 900 916 896
3 900 880 896
3 901 913 905
3 901 919 918
3 901 919 905
3 901 913 912
3 901 900 912
3 901 900 908
3 909 903 915
3 909 914 902
3 909 914 915
3 909 916 902
3 909 900 908
3 909 900 916
3 909 903 918
3 909 901 908
3 909 901 918
3 899 885 890
3 899 891 890
3 899 891 887
3 899 907 887
3 899 919 907
3 899 885 905
3 899 919 905
3 925 950 930
3 925 945 950
3 953 925 945
3 953 925 933
3 942 943 949
3 942 955 954
3 942 955 943
3 942 934 954
3 942 922 934
3 951 950 930
3 951 931 930
3 932 925 930
3 932 924 930
3 932 925 933
3 932 937 936
3 932 920 936
3 932 937 924
3 928 932 920
3 928 921 933
3 928 932 933
3 941 959 958
3 941 953 945
3 941 945 959
3 941 953 933
3 941 921 933
3 947 955 943
3 947 959 958
3 947 943 958
3 947 945 950
3 947 945 959
3 947 951 950
3 946 955 954
3 946 947 955
3 946 947 951
3 929 920 936
3 929 922 936
3 929 928 920
3 929 942 949
3 929 942 922
3 948 943 949
3 948 943 958
3 948 941 958
3 948 929 928
3 948 929 949
3 948 928 921
3 948 941 921
3 926 934 954
3 926 946 954
3 926 951 931
3 926 946 951
3 926 931 930
3 926 924 930
3 926 937 924
3 926 922 934
3 926 937 936
3 926 922 936
3 997 964 977
3 997 964 984
3 979 965 970
3 979 971 970
3 979 971 967
3 990 964 984
3 990 964 970
3 975 979 967
3 975 963 978
3 975 979 978
3 992 980 996
3 992 997 996
3 992 997 984
3 983 969 963
3 983 969 989
3 983 998 978
3 983 963 978
3 988 982 996
3 988 982 989
3 988 980 996
3 966 971 970
3 966 964 970
3 966 964 977
3 966 971 967
3 966 975 967
3 966 975 974
3 961 979 965
3 961 979 978
3 961 973 965
3 985 990 984
3 985 992 984
3 985 992 993
3 985 973 965
3 985 973 993
3 985 965 970
3 985 990 970
3 962 975 974
3 962 975 963
3 962 969 963
3 962 982 989
3 962 969 989
3 981 983 998
3 981 983 989
3 981 988 989
3 981 992 993
3 981 992 980
3 981 988 980
3 981 961 973
3 981 973 993
3 981 998 978
3 981 961 978
3 986 997 977
3 986 966 977
3 994 982 996
3 994 997 996
3 994 986 997
3 994 962 982
3 994 962 974
3 994 966 974
3 994 986 966
3 1037 1004 1017
3 1037 1004 1024
3 1019 1005 1010
3 1019 1011 1010
3 1019 1011 1007
3 1015 1019 1007
3 1015 1003 1018
3 1015 1019 1018
3 1006 1011 1010
3 1006 1004 1010
3 1006 1004 1017
3 1006 1011 1007
3 1006 1015 1007
3 1006 1015 1014
3 1013 1019 1018
3 1013 1001 1018
3 1013 1019 1005
3 1013 1025 1033
3 1013 1025 1005
3 1021 1013 1001
3 1021 1013 1033
3 1030 1032 1033
3 1030 1025 1033
3 1030 1032 1024
3 1030 1004 1024
3 1030 1004 1010
3 1030 1005 1010
3 1030 1025 1005
3 1009 1015 1014
3 1009 1015 1003
3 1009 1002 1014
3 1009 1023 1029
3 1009 1023 1003
3 1009 1022 1029
3 1009 1002 1022
3 1020 1022 1036
3 1020 1022 1029
3 1020 1028 1029
3 1020 1037 1024
3 1020 1032 1024
3 1020 1037 1036
3 1020 1032 1033
3 1020 1021 1033
3 1020 1021 1028
3 1026 1037 1017
3 1026 1006 1017
3 1038 1028 1029
3 1038 1021 1028
3 1038 1023 1029
3 1038 1003 1018
3 1038 1023 1003
3 1038 1001 1018
3 1038 1021 1001
3 1034 1022 1036
3 1034 1037 1036
3 1034 1026 1037
3 1034 1002 1014
3 1034 1002 1022
3 1034 1006 1014
3 1034 1026 1006
3 1073 1052 1072
3 1073 1053 1052
3 1075 1054 1074
3 1075 1054 1055
3 1079 1063 1078
3 1079 1075 1067
3 1079 1075 1063
3 1045 1053 1052
3 1045 1044 1050
3 1045 1044 1052
3 1045 1073 1053
3 1045 1073 1065
3 1061 1073 1072
3 1061 1060 1072
3 1061 1060 1068
3 1061 1079 1078
3 1061 1079 1065
3 1061 1073 1065
3 1057 1042 1056
3 1057 1054 1046
3 1057 1054 1042
3 1040 1052 1072
3 1040 1060 1072
3 1040 1060 1068
3 1040 1048 1068
3 1040 1044 1052
3 1040 1057 1056
3 1040 1057 1044
3 1049 1042 1056
3 1049 1040 1056
3 1049 1040 1048
3 1070 1071 1067
3 1070 1079 1065
3 1070 1079 1067
3 1070 1045 1050
3 1070 1045 1065
3 1051 1044 1050
3 1051 1057 1044
3 1051 1057 1046
3 1051 1070 1071
3 1051 1070 1050
3 1069 1063 1078
3 1069 1061 1078
3 1069 1061 1068
3 1069 1048 1068
3 1069 1049 1048
3 1047 1054 1046
3 1047 1054 1055
3 1047 1051 1046
3 1047 1075 1067
3 1047 1075 1055
3 1047 1071 1067
3 1047 1051 1071
3 1062 1075 1074
3 1062 1075 1063
3 1062 1069 1063
3 1062 1054 1042
3 1062 1054 1074
3 1062 1049 1042
3 1062 1069 1049
3 1117 1084 1097
3 1117 1084 1104
3 1099 1085 1090
3 1099 1091 1090
3 1099 1091 1087
3 1105 1093 1085
3 1105 1093 1113
3 1095 1099 1087
3 1095 1083 1098
3 1095 1099 1098
3 1089 1103 1083
3 1089 1103 1109
3 1086 1091 1090
3 1086 1084 1090
3 1086 1084 1097
3 1086 1091 1087
3 1086 1095 1087
3 1086 1095 1094
3 1110 1105 1113
3 1110 1112 1113
3 1110 1112 1104
3 1110 1084 1104
3 1110 1084 1090
3 1110 1085 1090
3 1110 1105 1085
3 1082 1095 1094
3 1082 1095 1083
3 1082 1089 1083
3 1082 1102 1109
3 1082 1089 1109
3 1081 1099 1098
3 1081 1099 1085
3 1081 1093 1085
3 1081 1093 1113
3 1081 1101 1113
3 1118 1108 1109
3 1118 1103 1109
3 1118 1101 1108
3 1118 1083 1098
3 1118 1103 1083
3 1118 1081 1098
3 1118 1081 1101
3 1100 1102 1116
3 1100 1102 1109
3 1100 1108 1109
3 1100 1117 1104
3 1100 1112 1104
3 1100 1117 1116
3 1100 1101 1108
3 1100 1112 1113
3 1100 1101 1113
3 1114 1082 1102
3 1114 1082 1094
3 1106 1102 1116
3 1106 1117 1116
3 1106 1114 1102
3 1106 1117 1097
3 1106 1086 1097
3 1106 1086 1094
3 1106 1114 1094
3 1157 1124 1137
3 1157 1124 1144
3 1139 1125 1130
3 1139 1131 1130
3 1139 1131 1127
3 1145 1133 1125
3 1145 1133 1153
3 1135 1139 1127
3 1135 1123 1138
3 1135 1139 1138
3 1152 1140 1156
3 1152 1157 1156
3 1152 1157 1144
3 1143 1158 1138
3 1143 1123 1138
3 1126 1131 1130
3 1126 1124 1130
3 1126 1124 1137
3 1126 1131 1127
3 1126 1135 1127
3 1126 1135 1134
3 1150 1145 1153
3 1150 1152 1144
3 1150 1152 1153
3 1150 1124 1144
3 1150 1124 1130
3 1150 1125 1130
3 1150 1145 1125
3 1129 1135 1134
3 1129 1135 1123
3 1129 1122 1134
3 1129 1143 1123
3 1129 1143 1149
3 1129 1142 1149
3 1129 1122 1142
3 1148 1142 1156
3 1148 1142 1149
3 1148 1140 1156
3 1148 1152 1153
3 1148 1152 1140
3 1148 1141 1153
3 1148 1143 1158
3 1148 1143 1149
3 1148 1141 1158
3 1121 1139 1125
3 1121 1139 1138
3 1121 1133 1125
3 1121 1158 1138
3 1121 1141 1158
3 1121 1133 1153
3 1121 1141 1153
3 1154 1122 1134
3 1154 1122 1142
3 1146 1142 1156
3 1146 1157 1156
3 1146 1154 1142
3 1146 1157 1137
3 1146 1126 1137
3 1146 1126 1134
3 1146 1154 1134
3 1162 1196 1182
3 1162 1196 1176
3 1174 1162 1176
3 1174 1177 1176
3 1174 1177 1166
3 1160 1177 1176
3 1160 1172 1164
3 1160 1177 1164
3 1165 1190 1185
3 1165 1190 1170
3 1199 1165 1185
3 1199 1165 1179
3 1184 1193 1192
3 1184 1193 1185
3 1184 1190 1185
3 1184 1172 1164
3 1184 1172 1192
3 1184 1164 1170
3 1184 1190 1170
3 1180 1160 1172
3 1180 1172 1192
3 1180 1196 1176
3 1180 1160 1176
3 1189 1196 1182
3 1189 1180 1188
3 1189 1180 1196
3 1189 1162 1182
3 1189 1169 1162
3 1189 1169 1163
3 1189 1183 1163
3 1181 1193 1185
3 1181 1199 1198
3 1181 1199 1185
3 1181 1193 1192
3 1181 1180 1192
3 1181 1180 1188
3 1181 1189 1188
3 1181 1183 1198
3 1181 1189 1183
3 1171 1177 1166
3 1171 1164 1170
3 1171 1177 1164
3 1171 1165 1170
3 1171 1165 1179
3 1171 1167 1179
3 1175 1174 1162
3 1175 1169 1163
3 1175 1169 1162
3 1175 1174 1166
3 1175 1171 1167
3 1175 1171 1166
3 1195 1183 1163
3 1195 1175 1163
3 1187 1199 1198
3 1187 1183 1198
3 1187 1195 1183
3 1187 1199 1179
3 1187 1167 1179
3 1187 1175 1167
3 1187 1195 1175
3 1202 1236 1216
3 1202 1236 1222
3 1213 1233 1232
3 1213 1212 1232
3 1211 1214 1215
3 1211 1207 1215
3 1211 1214 1206
3 1227 1207 1215
3 1227 1235 1215
3 1217 1204 1212
3 1217 1200 1216
3 1217 1200 1212
3 1217 1202 1216
3 1217 1214 1206
3 1217 1214 1202
3 1217 1204 1210
3 1217 1211 1206
3 1217 1211 1210
3 1234 1202 1222
3 1234 1214 1202
3 1234 1214 1215
3 1234 1235 1215
3 1205 1211 1210
3 1205 1211 1207
3 1205 1219 1207
3 1205 1204 1212
3 1205 1204 1210
3 1205 1213 1212
3 1205 1213 1233
3 1205 1233 1225
3 1239 1223 1238
3 1239 1227 1235
3 1239 1223 1235
3 1239 1205 1219
3 1239 1205 1225
3 1239 1219 1207
3 1239 1227 1207
3 1220 1200 1212
3 1220 1212 1232
3 1220 1236 1216
3 1220 1200 1216
3 1221 1233 1225
3 1221 1239 1238
3 1221 1239 1225
3 1221 1233 1232
3 1221 1220 1232
3 1221 1220 1228
3 1229 1223 1235
3 1229 1234 1222
3 1229 1234 1235
3 1229 1236 1222
3 1229 1220 1228
3 1229 1220 1236
3 1229 1223 1238
3 1229 1221 1228
3 1229 1221 1238
3 1263 1262 1274
3 1263 1275 1274
3 1263 1262 1269
3 1265 1245 1250
3 1265 1270 1250
3 1244 1252 1253
3 1244 1245 1250
3 1244 1245 1253
3 1242 1262 1274
3 1242 1254 1274
3 1271 1270 1250
3 1271 1251 1250
3 1273 1245 1253
3 1273 1265 1245
3 1240 1244 1257
3 1240 1244 1252
3 1240 1257 1256
3 1249 1242 1256
3 1249 1240 1256
3 1249 1240 1248
3 1249 1268 1269
3 1249 1248 1268
3 1249 1262 1269
3 1249 1242 1262
3 1267 1279 1278
3 1267 1263 1278
3 1267 1263 1275
3 1267 1265 1270
3 1267 1271 1270
3 1267 1265 1279
3 1246 1244 1250
3 1246 1251 1250
3 1246 1244 1257
3 1246 1257 1256
3 1246 1242 1254
3 1246 1242 1256
3 1261 1263 1278
3 1261 1263 1269
3 1261 1268 1269
3 1261 1279 1278
3 1261 1265 1279
3 1261 1273 1265
3 1266 1275 1274
3 1266 1267 1275
3 1266 1267 1271
3 1266 1254 1274
3 1266 1246 1254
3 1266 1271 1251
3 1266 1246 1251
3 1241 1252 1253
3 1241 1240 1252
3 1241 1240 1248
3 1241 1273 1253
3 1241 1261 1273
3 1241 1248 1268
3 1241 1261 1268
3 1317 1284 1297
3 1317 1284 1304
3 1299 1285 1290
3 1299 1291 1290
3 1299 1291 1287
3 1310 1284 1304
3 1310 1284 1290
3 1295 1299 1287
3 1295 1283 1298
3 1295 1299 1298
3 1289 1303 1283
3 1289 1303 1309
3 1286 1291 1290
3 1286 1284 1290
3 1286 1284 1297
3 1286 1291 1287
3 1286 1295 1287
3 1286 1295 1294
3 1305 1310 1304
3 1305 1312 1313
3 1305 1312 1304
3 1305 1293 1285
3 1305 1293 1313
3 1305 1285 1290
3 1305 1310 1290
3 1282 1295 1294
3 1282 1295 1283
3 1282 1289 1283
3 1282 1302 1309
3 1282 1289 1309
3 1281 1299 1298
3 1281 1299 1285
3 1281 1293 1285
3 1281 1301 1313
3 1281 1293 1313
3 1318 1308 1309
3 1318 1303 1309
3 1318 1301 1308
3 1318 1283 1298
3 1318 1303 1283
3 1318 1281 1298
3 1318 1281 1301
3 1300 1302 1316
3 1300 1302 1309
3 1300 1308 1309
3 1300 1317 1304
3 1300 1312 1304
3 1300 1317 1316
3 1300 1301 1308
3 1300 1312 1313
3 1300 1301 1313
3 1314 1282 1302
3 1314 1282 1294
3 1306 1302 1316
3 1306 1317 1316
3 1306 1314 1302
3 1306 1317 1297
3 1306 1286 1297
3 1306 1286 1294
3 1306 1314 1294
3 1357 1324 1337
3 1357 1324 1344
3 1339 1325 1330
3 1339 1331 1330
3 1339 1331 1327
3 1350 1324 1344
3 1350 1324 1330
3 1335 1339 1327
3 1335 1323 1338
3 1335 1339 1338
3 1340 1342 1356
3 1340 1342 1349
3 1340 1348 1349
3 1326 1331 1330
3 1326 1324 1330
3 1326 1324 1337
3 1326 1331 1327
3 1326 1335 1327
3 1326 1335 1334
3 1345 1333 1325
3 1345 1333 1353
3 1345 1325 1330
3 1345 1350 1330
3 1329 1335 1334
3 1329 1335 1323
3 1329 1322 1334
3 1329 1343 1349
3 1329 1343 1323
3 1329 1342 1349
3 1329 1322 1342
3 1321 1339 1338
3 1321 1339 1325
3 1321 1333 1325
3 1321 1341 1353
3 1321 1333 1353
3 1358 1348 1349
3 1358 1343 1349
3 1358 1341 1348
3 1358 1323 1338
3 1358 1343 1323
3 1358 1321 1338
3 1358 1321 1341
3 1352 1357 1344
3 1352 1357 1356
3 1352 1340 1356
3 1352 1341 1348
3 1352 1341 1353
3 1352 1340 1348
3 1352 1350 1344
3 1352 1345 1353
3 1352 1345 1350
3 1346 1357 1337
3 1346 1326 1337
3 1354 1342 1356
3 1354 1357 1356
3 1354 1346 1357
3 1354 1322 1334
3 1354 1322 1342
3 1354 1326 1334
3 1354 1346 1326
3 1362 1396 1376
3 1362 1396 1382
3 1373 1393 1392
3 1373 1372 1392
3 1365 1364 1372
3 1365 1364 1370
3 1365 1373 1372
3 1365 1373 1393
3 1365 1393 1385
3 1371 1374 1375
3 1371 1367 1375
3 1371 1374 1366
3 1387 1367 1375
3 1387 1395 1375
3 1377 1364 1372
3 1377 1360 1376
3 1377 1360 1372
3 1377 1362 1376
3 1377 1374 1366
3 1377 1374 1362
3 1377 1364 1370
3 1377 1371 1366
3 1377 1371 1370
3 1394 1362 1382
3 1394 1374 1362
3 1394 1374 1375
3 1394 1395 1375
3 1399 1383 1398
3 1399 1387 1395
3 1399 1383 1395
3 1380 1360 1372
3 1380 1372 1392
3 1380 1396 1376
3 1380 1360 1376
3 1381 1393 1385
3 1381 1399 1398
3 1381 1399 1385
3 1381 1393 1392
3 1381 1380 1392
3 1381 1380 1388
3 1389 1383 1395
3 1389 1394 1382
3 1389 1394 1395
3 1389 1396 1382
3 1389 1380 1388
3 1389 1380 1396
3 1389 1383 1398
3 1389 1381 1388
3 1389 1381 1398
3 1379 1365 1370
3 1379 1371 1370
3 1379 1371 1367
3 1379 1387 1367
3 1379 1399 1387
3 1379 1365 1385
3 1379 1399 1385
3 1405 1404 1410
3 1405 1412 1413
3 1405 1412 1404
3 1405 1425 1430
3 1405 1430 1410
3 1433 1405 1425
3 1433 1405 1413
3 1402 1422 1434
3 1402 1414 1434
3 1411 1431 1430
3 1411 1430 1410
3 1435 1423 1429
3 1435 1422 1434
3 1435 1422 1429
3 1400 1412 1404
3 1400 1417 1416
3 1400 1417 1404
3 1400 1412 1413
3 1400 1401 1413
3 1400 1408 1401
3 1409 1402 1416
3 1409 1400 1408
3 1409 1400 1416
3 1409 1428 1429
3 1409 1428 1408
3 1409 1422 1429
3 1409 1402 1422
3 1427 1431 1430
3 1427 1425 1430
3 1427 1425 1439
3 1427 1439 1438
3 1427 1435 1423
3 1427 1423 1438
3 1427 1435 1434
3 1427 1426 1434
3 1427 1426 1431
3 1421 1425 1439
3 1421 1433 1425
3 1421 1439 1438
3 1421 1423 1429
3 1421 1423 1438
3 1421 1428 1429
3 1421 1433 1413
3 1421 1401 1413
3 1421 1408 1401
3 1421 1428 1408
3 1406 1414 1434
3 1406 1426 1434
3 1406 1411 1431
3 1406 1426 1431
3 1406 1417 1416
3 1406 1402 1414
3 1406 1402 1416
3 1406 1404 1410
3 1406 1417 1404
3 1406 1411 1410
3 1477 1444 1457
3 1477 1444 1464
3 1459 1445 1450
3 1459 1451 1450
3 1459 1451 1447
3 1455 1459 1447
3 1455 1443 1458
3 1455 1459 1458
3 1446 1451 1450
3 1446 1444 1450
3 1446 1444 1457
3 1446 1451 1447
3 1446 1455 1447
3 1446 1455 1454
3 1453 1459 1458
3 1453 1441 1458
3 1453 1459 1445
3 1453 1465 1473
3 1453 1465 1445
3 1461 1453 1441
3 1461 1453 1473
3 1470 1472 1473
3 1470 1465 1473
3 1470 1472 1464
3 1470 1444 1464
3 1470 1444 1450
3 1470 1445 1450
3 1470 1465 1445
3 1449 1455 1454
3 1449 1455 1443
3 1449 1442 1454
3 1449 1463 1469
3 1449 1463 1443
3 1449 1462 1469
3 1449 1442 1462
3 1460 1462 1476
3 1460 1462 1469
3 1460 1468 1469
3 1460 1477 1464
3 1460 1472 1464
3 1460 1477 1476
3 1460 1472 1473
3 1460 1461 1473
3 1460 1461 1468
3 1466 1477 1457
3 1466 1446 1457
3 1478 1468 1469
3 1478 1461 1468
3 1478 1463 1469
3 1478 1443 1458
3 1478 1463 1443
3 1478 1441 1458
3 1478 1461 1441
3 1474 1462 1476
3 1474 1477 1476
3 1474 1466 1477
3 1474 1442 1454
3 1474 1442 1462
3 1474 1446 1454
3 1474 1466 1446
3 1517 1484 1497
3 1517 1484 1504
3 1499 1485 1490
3 1499 1491 1490
3 1499 1491 1487
3 1510 1484 1504
3 1510 1484 1490
3 1495 1499 1487
3 1495 1483 1498
3 1495 1499 1498
3 1486 1491 1490
3 1486 1484 1490
3 1486 1484 1497
3 1486 1491 1487
3 1486 1495 1487
3 1486 1495 1494
3 1493 1499 1498
3 1493 1481 1498
3 1493 1499 1485
3 1501 1493 1481
3 1501 1493 1513
3 1505 1510 1504
3 1505 1512 1513
3 1505 1512 1504
3 1505 1493 1485
3 1505 1493 1513
3 1505 1485 1490
3 1505 1510 1490
3 1489 1495 1494
3 1489 1495 1483
3 1489 1482 1494
3 1489 1503 1509
3 1489 1503 1483
3 1489 1502 1509
3 1489 1482 1502
3 1500 1502 1516
3 1500 1502 1509
3 1500 1508 1509
3 1500 1517 1504
3 1500 1512 1504
3 1500 1517 1516
3 1500 1512 1513
3 1500 1501 1513
3 1500 1501 1508
3 1506 1517 1497
3 1506 1486 1497
3 1518 1508 1509
3 1518 1501 1508
3 1518 1503 1509
3 1518 1483 1498
3 1518 1503 1483
3 1518 1481 1498
3 1518 1501 1481
3 1514 1502 1516
3 1514 1517 1516
3 1514 1506 1517
3 1514 1482 1494
3 1514 1482 1502
3 1514 1486 1494
3 1514 1506 1486
3 1522 1556 1536
3 1522 1556 1542
3 1533 1553 1552
3 1533 1532 1552
3 1547 1527 1535
3 1547 1555 1535
3 1537 1524 1532
3 1537 1520 1536
3 1537 1520 1532
3 1537 1524 1530
3 1537 1531 1530
3 1537 1531 1526
3 1534 1554 1555
3 1534 1555 1535
3 1534 1522 1542
3 1534 1554 1542
3 1534 1531 1527
3 1534 1531 1526
3 1534 1527 1535
3 1534 1522 1536
3 1534 1537 1526
3 1534 1537 1536
3 1525 1531 1530
3 1525 1531 1527
3 1525 1539 1527
3 1525 1524 1532
3 1525 1524 1530
3 1525 1533 1532
3 1525 1533 1553
3 1525 1553 1545
3 1559 1543 1558
3 1559 1543 1555
3 1559 1547 1555
3 1559 1525 1539
3 1559 1525 1545
3 1559 1539 1527
3 1559 1547 1527
3 1540 1520 1532
3 1540 1532 1552
3 1540 1556 1536
3 1540 1520 1536
3 1541 1553 1545
3 1541 1559 1558
3 1541 1559 1545
3 1541 1553 1552
3 1541 1540 1552
3 1541 1540 1548
3 1549 1554 1542
3 1549 1543 1555
3 1549 1554 1555
3 1549 1556 1542
3 1549 1540 1548
3 1549 1540 1556
3 1549 1543 1558
3 1549 1541 1548
3 1549 1541 1558
3 1585 1565 1570
3 1585 1590 1570
3 1564 1572 1573
3 1564 1565 1570
3 1564 1565 1573
3 1582 1562 1574
3 1582 1574 1594
3 1571 1590 1570
3 1571 1591 1590
3 1595 1583 1589
3 1595 1582 1594
3 1595 1582 1589
3 1593 1565 1573
3 1593 1585 1565
3 1560 1577 1576
3 1560 1564 1572
3 1560 1564 1577
3 1569 1562 1576
3 1569 1560 1576
3 1569 1560 1568
3 1569 1582 1589
3 1569 1582 1562
3 1569 1588 1589
3 1569 1568 1588
3 1587 1585 1599
3 1587 1585 1590
3 1587 1591 1590
3 1587 1583 1598
3 1587 1599 1598
3 1587 1595 1583
3 1587 1595 1594
3 1587 1586 1594
3 1587 1586 1591
3 1581 1583 1589
3 1581 1583 1598
3 1581 1588 1589
3 1581 1585 1599
3 1581 1599 1598
3 1581 1593 1585
3 1566 1574 1594
3 1566 1586 1594
3 1566 1571 1591
3 1566 1586 1591
3 1566 1562 1576
3 1566 1577 1576
3 1566 1562 1574
3 1566 1564 1570
3 1566 1564 1577
3 1566 1571 1570
3 1561 1572 1573
3 1561 1560 1572
3 1561 1560 1568
3 1561 1593 1573
3 1561 1581 1593
3 1561 1568 1588
3 1561 1581 1588
3 1637 1604 1617
3 1637 1604 1624
3 1619 1605 1610
3 1619 1611 1610
3 1619 1611 1607
3 1615 1619 1607
3 1615 1603 1618
3 1615 1619 1618
3 1609 1623 1603
3 1609 1623 1629
3 1606 1611 1610
3 1606 1604 1610
3 1606 1604 1617
3 1606 1611 1607
3 1606 1615 1607
3 1606 1615 1614
3 1613 1619 1618
3 1613 1601 1618
3 1613 1619 1605
3 1613 1625 1633
3 1613 1625 1605
3 1621 1613 1601
3 1621 1613 1633
3 1630 1632 1633
3 1630 1625 1633
3 1630 1632 1624
3 1630 1604 1624
3 1630 1604 1610
3 1630 1605 1610
3 1630 1625 1605
3 1602 1615 1614
3 1602 1615 1603
3 1602 1609 1603
3 1602 1622 1629
3 1602 1609 1629
3 1620 1622 1636
3 1620 1622 1629
3 1620 1628 1629
3 1620 1637 1624
3 1620 1632 1624
3 1620 1637 1636
3 1620 1632 1633
3 1620 1621 1633
3 1620 1621 1628
3 1634 1602 1622
3 1634 1602 1614
3 1638 1628 1629
3 1638 1623 1629
3 1638 1621 1628
3 1638 1603 1618
3 1638 1623 1603
3 1638 1601 1618
3 1638 1621 1601
3 1626 1622 1636
3 1626 1637 1636
3 1626 1634 1622
3 1626 1637 1617
3 1626 1606 1617
3 1626 1606 1614
3 1626 1634 1614
3 1677 1644 1657
3 1677 1644 1664
3 1659 1645 1650
3 1659 1651 1650
3 1659 1651 1647
3 1665 1653 1645
3 1665 1653 1673
3 1655 1659 1647
3 1655 1643 1658
3 1655 1659 1658
3 1646 1651 1650
3 1646 1644 1650
3 1646 1644 1657
3 1646 1651 1647
3 1646 1655 1647
3 1646 1655 1654
3 1670 1665 1673
3 1670 1672 1673
3 1670 1672 1664
3 1670 1644 1664
3 1670 1644 1650
3 1670 1645 1650
3 1670 1665 1645
3 1649 1655 1654
3 1649 1655 1643
3 1649 1642 1654
3 1649 1663 1669
3 1649 1663 1643
3 1649 1662 1669
3 1649 1642 1662
3 1641 1659 1658
3 1641 1659 1645
3 1641 1653 1645
3 1641 1653 1673
3 1641 1661 1673
3 1678 1668 1669
3 1678 1663 1669
3 1678 1661 1668
3 1678 1643 1658
3 1678 1663 1643
3 1678 1641 1658
3 1678 1641 1661
3 1660 1662 1676
3 1660 1662 1669
3 1660 1668 1669
3 1660 1677 1664
3 1660 1672 1664
3 1660 1677 1676
3 1660 1661 1668
3 1660 1672 1673
3 1660 1661 1673
3 1674 1642 1654
3 1674 1642 1662
3 1666 1662 1676
3 1666 1677 1676
3 1666 1674 1662
3 1666 1677 1657
3 1666 1646 1657
3 1666 1646 1654
3 1666 1674 1654
3 1682 1716 1696
3 1682 1716 1702
3 1693 1713 1712
3 1693 1692 1712
3 1685 1684 1692
3 1685 1684 1690
3 1685 1693 1692
3 1685 1693 1713
3 1685 1713 1705
3 1691 1694 1695
3 1691 1687 1695
3 1691 1694 1686
3 1707 1687 1695
3 1707 1715 1695
3 1697 1684 1692
3 1697 1680 1696
3 1697 1680 1692
3 1697 1682 1696
3 1697 1694 1686
3 1697 1694 1682
3 1697 1684 1690
3 1697 1691 1686
3 1697 1691 1690
3 1714 1682 1702
3 1714 1694 1682
3 1714 1694 1695
3 1714 1715 1695
3 1719 1703 1718
3 1719 1707 1715
3 1719 1703 1715
3 1700 1680 1692
3 1700 1692 1712
3 1700 1716 1696
3 1700 1680 1696
3 1701 1713 1705
3 1701 1719 1718
3 1701 1719 1705
3 1701 1713 1712
3 1701 1700 1712
3 1701 1700 1708
3 1709 1703 1715
3 1709 1714 1702
3 1709 1714 1715
3 1709 1716 1702
3 1709 1700 1708
3 1709 1700 1716
3 1709 1703 1718
3 1709 1701 1708
3 1709 1701 1718
3 1699 1685 1690
3 1699 1691 1690
3 1699 1691 1687
3 1699 1707 1687
3 1699 1719 1707
3 1699 1685 1705
3 1699 1719 1705
3 1752 1741 1753
3 1752 1740 1748
3 1752 1741 1748
3 1752 1733 1753
3 1752 1733 1732
3 1730 1737 1724
3 1730 1726 1731
3 1730 1726 1737
3 1756 1752 1732
3 1756 1724 1732
3 1756 1737 1724
3 1756 1752 1740
3 1727 1735 1755
3 1727 1758 1739
3 1727 1743 1755
3 1727 1743 1758
3 1725 1733 1753
3 1725 1758 1739
3 1725 1741 1753
3 1725 1758 1741
3 1725 1724 1732
3 1725 1733 1732
3 1725 1730 1724
3 1725 1730 1731
3 1725 1727 1739
3 1725 1727 1731
3 1749 1740 1748
3 1749 1756 1740
3 1749 1756 1742
3 1749 1741 1748
3 1749 1758 1741
3 1749 1743 1758
3 1749 1743 1755
3 1749 1754 1755
3 1749 1754 1742
3 1734 1726 1731
3 1734 1727 1735
3 1734 1727 1731
3 1734 1756 1737
3 1734 1726 1737
3 1734 1756 1742
3 1734 1754 1742
3 1734 1735 1755
3 1734 1754 1755
3 1785 1765 1770
3 1785 1790 1770
3 1764 1772 1773
3 1764 1765 1770
3 1764 1765 1773
3 1762 1782 1794
3 1762 1774 1794
3 1771 1790 1770
3 1771 1791 1790
3 1787 1785 1799
3 1787 1785 1790
3 1787 1791 1790
3 1793 1765 1773
3 1793 1785 1765
3 1760 1764 1772
3 1760 1764 1777
3 1760 1777 1776
3 1769 1762 1776
3 1769 1760 1776
3 1769 1760 1768
3 1769 1788 1789
3 1769 1768 1788
3 1769 1782 1789
3 1769 1762 1782
3 1795 1783 1789
3 1795 1782 1794
3 1795 1782 1789
3 1795 1783 1798
3 1795 1799 1798
3 1795 1787 1799
3 1795 1787 1791
3 1795 1786 1794
3 1795 1786 1791
3 1781 1783 1789
3 1781 1783 1798
3 1781 1788 1789
3 1781 1785 1799
3 1781 1799 1798
3 1781 1793 1785
3 1766 1774 1794
3 1766 1786 1794
3 1766 1771 1791
3 1766 1786 1791
3 1766 1777 1776
3 1766 1762 1774
3 1766 1762 1776
3 1766 1764 1770
3 1766 1764 1777
3 1766 1771 1770
3 1761 1772 1773
3 1761 1760 1772
3 1761 1760 1768
3 1761 1793 1773
3 1761 1781 1793
3 1761 1768 1788
3 1761 1781 1788
3 1837 1804 1817
3 1837 1804 1824
3 1830 1804 1824
3 1830 1804 1810
3 1815 1819 1818
3 1815 1803 1818
3 1815 1819 1807
3 1832 1820 1836
3 1832 1837 1836
3 1832 1837 1824
3 1823 1838 1818
3 1823 1803 1818
3 1811 1806 1817
3 1811 1804 1810
3 1811 1804 1817
3 1811 1805 1810
3 1811 1819 1805
3 1811 1819 1807
3 1811 1806 1814
3 1811 1815 1807
3 1811 1815 1814
3 1826 1806 1817
3 1826 1837 1817
3 1825 1830 1824
3 1825 1832 1824
3 1825 1832 1833
3 1825 1813 1805
3 1825 1813 1833
3 1825 1805 1810
3 1825 1830 1810
3 1809 1815 1814
3 1809 1815 1803
3 1809 1802 1814
3 1809 1823 1803
3 1809 1823 1829
3 1809 1822 1829
3 1809 1802 1822
3 1828 1822 1836
3 1828 1822 1829
3 1828 1820 1836
3 1828 1832 1833
3 1828 1832 1820
3 1828 1821 1833
3 1828 1823 1838
3 1828 1823 1829
3 1828 1821 1838
3 1801 1819 1805
3 1801 1819 1818
3 1801 1813 1805
3 1801 1838 1818
3 1801 1821 1838
3 1801 1821 1833
3 1801 1813 1833
3 1834 1822 1836
3 1834 1837 1836
3 1834 1826 1837
3 1834 1802 1814
3 1834 1802 1822
3 1834 1806 1814
3 1834 1826 1806
3 1854 1866 1874
3 1854 1866 1846
3 1861 1873 1853
3 1861 1841 1853
3 1842 1840 1856
3 1842 1848 1849
3 1842 1848 1840
3 1852 1841 1853
3 1852 1848 1840
3 1852 1848 1841
3 1865 1879 1878
3 1865 1861 1878
3 1865 1861 1873
3 1865 1879 1867
3 1865 1871 1870
3 1865 1871 1867
3 1875 1879 1867
3 1875 1879 1878
3 1875 1863 1878
3 1875 1866 1874
3 1875 1871 1867
3 1875 1871 1866
3 1843 1863 1869
3 1843 1869 1849
3 1862 1875 1874
3 1862 1875 1863
3 1862 1863 1869
3 1862 1854 1874
3 1862 1842 1854
3 1862 1842 1849
3 1862 1869 1849
3 1845 1873 1853
3 1845 1865 1873
3 1845 1865 1870
3 1845 1850 1870
3 1877 1871 1866
3 1877 1871 1870
3 1877 1864 1870
3 1858 1848 1841
3 1858 1848 1849
3 1858 1843 1849
3 1858 1861 1841
3 1858 1861 1878
3 1858 1863 1878
3 1858 1843 1863
3 1857 1866 1846
3 1857 1877 1866
3 1857 1854 1846
3 1857 1842 1856
3 1857 1842 1854
3 1844 1864 1870
3 1844 1850 1870
3 1844 1877 1864
3 1844 1857 1877
3 1844 1845 1853
3 1844 1852 1853
3 1844 1845 1850
3 1844 1840 1856
3 1844 1852 1840
3 1844 1857 1856
3 1880 1884 1892
3 1880 1884 1897
3 1880 1897 1896
3 1902 1894 1882
3 1902 1894 1914
3 1885 1893 1892
3 1885 1884 1890
3 1885 1884 1892
3 1900 1880 1892
3 1900 1892 1912
3 1889 1902 1909
3 1889 1902 1882
3 1886 1884 1897
3 1886 1884 1890
3 1886 1891 1890
3 1886 1897 1896
3 1886 1882 1896
3 1886 1894 1882
3 1887 1886 1894
3 1887 1886 1891
3 1887 1894 1895
3 1915 1903 1909
3 1915 1902 1909
3 1915 1902 1914
3 1915 1903 1918
3 1915 1919 1918
3 1915 1907 1919
3 1915 1894 1914
3 1915 1894 1895
3 1915 1887 1895
3 1915 1887 1907
3 1911 1891 1890
3 1911 1910 1890
3 1911 1887 1891
3 1911 1887 1907
3 1905 1885 1890
3 1905 1910 1890
3 1905 1911 1907
3 1905 1907 1919
3 1905 1911 1910
3 1908 1903 1918
3 1908 1901 1918
3 1908 1903 1909
3 1913 1893 1892
3 1913 1892 1912
3 1913 1885 1893
3 1913 1905 1885
3 1913 1919 1918
3 1913 1901 1918
3 1913 1905 1919
3 1913 1900 1912
3 1913 1908 1901
3 1913 1908 1900
3 1888 1880 1896
3 1888 1882 1896
3 1888 1889 1882
3 1888 1900 1880
3 1888 1908 1900
3 1888 1889 1909
3 1888 1908 1909
3 1952 1941 1953
3 1952 1940 1948
3 1952 1941 1948
3 1952 1933 1953
3 1952 1933 1932
3 1930 1937 1924
3 1930 1926 1931
3 1930 1926 1937
3 1956 1952 1932
3 1956 1924 1932
3 1956 1937 1924
3 1956 1952 1940
3 1927 1935 1955
3 1927 1958 1939
3 1927 1943 1955
3 1927 1943 1958
3 1925 1933 1953
3 1925 1958 1939
3 1925 1941 1953
3 1925 1958 1941
3 1925 1924 1932
3 1925 1933 1932
3 1925 1930 1924
3 1925 1930 1931
3 1925 1927 1939
3 1925 1927 1931
3 1949 1940 1948
3 1949 1956 1940
3 1949 1956 1942
3 1949 1941 1948
3 1949 1958 1941
3 1949 1943 1958
3 1949 1943 1955
3 1949 1954 1955
3 1949 1954 1942
3 1934 1926 1931
3 1934 1927 1935
3 1934 1927 1931
3 1934 1956 1937
3 1934 1926 1937
3 1934 1956 1942
3 1934 1954 1942
3 1934 1935 1955
3 1934 1954 1955
3 1995 1974 1994
3 1995 1974 1975
3 1967 1995 1987
3 1967 1995 1975
3 1967 1987 1991
3 1967 1971 1991
3 1966 1967 1971
3 1966 1974 1975
3 1966 1967 1975
3 1999 1983 1998
3 1999 1995 1983
3 1999 1995 1987
3 1999 1981 1998
3 1999 1981 1993
3 1999 1985 1993
3 1990 1987 1991
3 1990 1999 1985
3 1990 1999 1987
3 1990 1971 1991
3 1990 1971 1970
3 1968 1980 1988
3 1968 1980 1960
3 1989 1968 1988
3 1989 1968 1969
3 1989 1995 1994
3 1989 1982 1994
3 1989 1995 1983
3 1989 1981 1998
3 1989 1983 1998
3 1989 1981 1988
3 1962 1982 1994
3 1962 1974 1994
3 1962 1989 1969
3 1962 1989 1982
3 1962 1968 1960
3 1962 1960 1976
3 1962 1968 1969
3 1965 1990 1985
3 1965 1990 1970
3 1965 1985 1993
3 1965 1973 1993
3 1972 1964 1970
3 1972 1965 1970
3 1972 1965 1973
3 1977 1966 1971
3 1977 1971 1970
3 1977 1964 1970
3 1977 1966 1974
3 1977 1962 1976
3 1977 1962 1974
3 1977 1960 1976
3 1977 1972 1964
3 1977 1972 1960
3 1992 1981 1988
3 1992 1981 1993
3 1992 1980 1988
3 1992 1973 1993
3 1992 1972 1973
3 1992 1980 1960
3 1992 1972 1960
3 2037 2004 2017
3 2037 2004 2024
3 2030 2004 2024
3 2030 2004 2010
3 2015 2019 2018
3 2015 2003 2018
3 2015 2019 2007
3 2020 2022 2036
3 2020 2022 2029
3 2020 2028 2029
3 2011 2006 2017
3 2011 2004 2010
3 2011 2004 2017
3 2011 2005 2010
3 2011 2019 2005
3 2011 2019 2007
3 2011 2006 2014
3 2011 2015 2007
3 2011 2015 2014
3 2026 2006 2017
3 2026 2037 2017
3 2013 2019 2018
3 2013 2001 2018
3 2013 2019 2005
3 2021 2013 2001
3 2021 2013 2033
3 2025 2013 2005
3 2025 2013 2033
3 2025 2005 2010
3 2025 2030 2010
3 2009 2015 2014
3 2009 2015 2003
3 2009 2002 2014
3 2009 2023 2029
3 2009 2023 2003
3 2009 2022 2029
3 2009 2002 2022
3 2032 2037 2024
3 2032 2037 2036
3 2032 2020 2036
3 2032 2020 2028
3 2032 2021 2033
3 2032 2021 2028
3 2032 2030 2024
3 2032 2025 2033
3 2032 2025 2030
3 2034 2022 2036
3 2034 2037 2036
3 2034 2026 2037
3 2034 2002 2014
3 2034 2002 2022
3 2034 2006 2014
3 2034 2026 2006
3 2038 2028 2029
3 2038 2021 2028
3 2038 2023 2029
3 2038 2003 2018
3 2038 2023 2003
3 2038 2001 2018
3 2038 2021 2001
3 2074 2046 2054
3 2074 2046 2066
3 2041 2053 2073
3 2041 2061 2073
3 2055 2059 2058
3 2055 2043 2058
3 2055 2059 2047
3 2055 2046 2054
3 2055 2051 2047
3 2055 2051 2046
3 2077 2074 2066
3 2077 2062 2076
3 2077 2062 2074
3 2045 2059 2058
3 2045 2041 2058
3 2045 2041 2053
3 2045 2059 2047
3 2045 2051 2050
3 2045 2051 2047
3 2071 2046 2066
3 2071 2051 2046
3 2075 2055 2043
3 2075 2043 2063
3 2075 2074 2054
3 2075 2055 2054
3 2044 2045 2050
3 2044 2045 2053
3 2044 2052 2053
3 2072 2053 2073
3 2072 2052 2053
3 2072 2044 2052
3 2072 2044 2064
3 2072 2077 2076
3 2072 2060 2076
3 2072 2077 2064
3 2049 2043 2058
3 2049 2041 2058
3 2049 2048 2041
3 2070 2077 2064
3 2070 2077 2066
3 2070 2071 2066
3 2070 2044 2050
3 2070 2044 2064
3 2070 2051 2050
3 2070 2071 2051
3 2068 2041 2061
3 2068 2048 2041
3 2068 2061 2073
3 2068 2072 2073
3 2068 2072 2060
3 2069 2043 2063
3 2069 2049 2043
3 2069 2049 2048
3 2069 2068 2048
3 2069 2075 2063
3 2069 2062 2074
3 2069 2075 2074
3 2069 2062 2076
3 2069 2060 2076
3 2069 2068 2060
3 2102 2089 2082
3 2102 2089 2109
3 2102 2094 2082
3 2102 2094 2114
3 2115 2094 2114
3 2115 2094 2095
3 2115 2087 2095
3 2115 2087 2107
3 2093 2084 2090
3 2093 2085 2090
3 2093 2084 2092
3 2097 2084 2092
3 2097 2080 2096
3 2097 2080 2092
3 2097 2082 2096
3 2097 2094 2086
3 2097 2094 2082
3 2100 2080 2092
3 2100 2092 2112
3 2091 2094 2086
3 2091 2094 2095
3 2091 2087 2095
3 2091 2084 2090
3 2091 2097 2086
3 2091 2097 2084
3 2091 2111 2110
3 2091 2110 2090
3 2091 2087 2107
3 2091 2111 2107
3 2103 2102 2114
3 2103 2102 2109
3 2103 2115 2114
3 2103 2115 2107
3 2103 2119 2118
3 2103 2119 2107
3 2105 2085 2090
3 2105 2110 2090
3 2105 2119 2107
3 2105 2111 2110
3 2105 2111 2107
3 2088 2080 2096
3 2088 2082 2096
3 2088 2089 2082
3 2113 2093 2092
3 2113 2092 2112
3 2113 2093 2085
3 2113 2105 2085
3 2113 2119 2118
3 2113 2101 2118
3 2113 2105 2119
3 2108 2089 2109
3 2108 2088 2089
3 2108 2100 2080
3 2108 2088 2080
3 2108 2103 2118
3 2108 2101 2118
3 2108 2103 2109
3 2108 2100 2112
3 2108 2113 2101
3 2108 2113 2112
3 2152 2141 2153
3 2152 2140 2148
3 2152 2141 2148
3 2152 2133 2153
3 2152 2133 2132
3 2130 2137 2124
3 2130 2126 2131
3 2130 2126 2137
3 2156 2152 2132
3 2156 2124 2132
3 2156 2137 2124
3 2156 2152 2140
3 2127 2135 2155
3 2127 2158 2139
3 2127 2143 2155
3 2127 2143 2158
3 2125 2133 2153
3 2125 2158 2139
3 2125 2141 2153
3 2125 2158 2141
3 2125 2124 2132
3 2125 2133 2132
3 2125 2130 2124
3 2125 2130 2131
3 2125 2127 2139
3 2125 2127 2131
3 2149 2140 2148
3 2149 2156 2140
3 2149 2156 2142
3 2149 2141 2148
3 2149 2158 2141
3 2149 2143 2158
3 2149 2143 2155
3 2149 2154 2155
3 2149 2154 2142
3 2134 2126 2131
3 2134 2127 2135
3 2134 2127 2131
3 2134 2156 2137
3 2134 2126 2137
3 2134 2156 2142
3 2134 2154 2142
3 2134 2135 2155
3 2134 2154 2155
3 2166 2164 2177
3 2166 2164 2170
3 2166 2171 2170
3 2183 2188 2189
3 2183 2181 2198
3 2183 2181 2188
3 2174 2177 2176
3 2174 2162 2176
3 2174 2166 2177
3 2187 2183 2198
3 2187 2183 2195
3 2187 2199 2198
3 2173 2164 2170
3 2173 2165 2170
3 2173 2164 2172
3 2160 2180 2192
3 2160 2172 2192
3 2160 2180 2188
3 2160 2168 2188
3 2160 2164 2177
3 2160 2164 2172
3 2160 2177 2176
3 2169 2162 2176
3 2169 2160 2176
3 2169 2160 2168
3 2169 2188 2189
3 2169 2168 2188
3 2182 2169 2189
3 2182 2169 2162
3 2167 2166 2171
3 2167 2174 2166
3 2167 2174 2175
3 2167 2187 2195
3 2167 2195 2175
3 2191 2171 2170
3 2191 2190 2170
3 2191 2167 2171
3 2191 2167 2187
3 2193 2173 2172
3 2193 2172 2192
3 2193 2181 2188
3 2193 2180 2192
3 2193 2180 2188
3 2194 2183 2189
3 2194 2183 2195
3 2194 2182 2189
3 2194 2174 2175
3 2194 2195 2175
3 2194 2174 2162
3 2194 2182 2162
3 2185 2165 2170
3 2185 2190 2170
3 2185 2173 2165
3 2185 2193 2173
3 2185 2191 2187
3 2185 2187 2199
3 2185 2191 2190
3 2185 2181 2198
3 2185 2199 2198
3 2185 2193 2181
3 2217 2200 2212
3 2217 2204 2212
3 2217 2200 2216
3 2217 2224 2204
3 2217 2224 2237
3 2217 2237 2236
3 2217 2216 2236
3 2226 2222 2236
3 2226 2237 2236
3 2226 2222 2234
3 2210 2224 2204
3 2210 2224 2230
3 2225 2210 2230
3 2225 2210 2205
3 2219 2239 2238
3 2219 2238 2218
3 2219 2225 2239
3 2219 2225 2205
3 2213 2204 2212
3 2213 2210 2204
3 2213 2210 2205
3 2213 2201 2218
3 2213 2219 2218
3 2213 2219 2205
3 2208 2203 2218
3 2208 2201 2218
3 2208 2203 2209
3 2208 2200 2212
3 2208 2213 2201
3 2208 2213 2212
3 2202 2200 2216
3 2202 2208 2200
3 2202 2208 2209
3 2202 2222 2229
3 2202 2229 2209
3 2202 2222 2236
3 2202 2216 2236
3 2223 2203 2218
3 2223 2238 2218
3 2223 2203 2209
3 2223 2229 2209
3 2223 2222 2234
3 2223 2235 2234
3 2223 2222 2229
3 2223 2235 2227
3 2223 2239 2238
3 2223 2227 2239
3 2231 2224 2237
3 2231 2226 2237
3 2231 2224 2230
3 2231 2226 2234
3 2231 2235 2234
3 2231 2235 2227
3 2231 2227 2239
3 2231 2225 2230
3 2231 2225 2239
3 2269 2248 2249
3 2269 2248 2268
3 2276 2257 2256
3 2276 2257 2277
3 2264 2257 2277
3 2264 2257 2244
3 2264 2260 2272
3 2264 2276 2260
3 2264 2276 2277
3 2254 2242 2256
3 2254 2257 2256
3 2254 2257 2246
3 2240 2242 2249
3 2240 2242 2256
3 2240 2248 2249
3 2240 2276 2256
3 2240 2276 2260
3 2240 2260 2268
3 2240 2248 2268
3 2263 2261 2278
3 2263 2261 2268
3 2263 2269 2268
3 2263 2269 2249
3 2263 2249 2243
3 2258 2263 2278
3 2258 2263 2243
3 2251 2244 2250
3 2251 2257 2246
3 2251 2257 2244
3 2273 2260 2272
3 2273 2261 2268
3 2273 2260 2268
3 2279 2261 2278
3 2279 2273 2265
3 2279 2273 2261
3 2279 2258 2278
3 2279 2258 2259
3 2270 2251 2250
3 2270 2251 2271
3 2270 2244 2250
3 2270 2264 2244
3 2270 2264 2272
3 2270 2273 2272
3 2270 2273 2265
3 2270 2279 2265
3 2270 2267 2271
3 2270 2279 2267
3 2255 2242 2249
3 2255 2254 2242
3 2255 2249 2243
3 2247 2258 2243
3 2247 2258 2259
3 2247 2255 2243
3 2247 2254 2246
3 2247 2251 2246
3 2247 2255 2254
3 2247 2279 2267
3 2247 2279 2259
3 2247 2267 2271
3 2247 2251 2271
3 2282 2316 2296
3 2282 2316 2302
3 2293 2313 2312
3 2293 2292 2312
3 2285 2319 2305
3 2285 2319 2299
3 2285 2313 2305
3 2285 2293 2313
3 2284 2297 2296
3 2284 2280 2296
3 2284 2280 2292
3 2284 2293 2292
3 2284 2285 2290
3 2284 2285 2293
3 2284 2297 2286
3 2284 2291 2290
3 2284 2291 2286
3 2287 2285 2290
3 2287 2285 2299
3 2287 2291 2290
3 2294 2314 2315
3 2294 2315 2295
3 2294 2282 2302
3 2294 2314 2302
3 2294 2282 2296
3 2294 2297 2296
3 2294 2297 2286
3 2294 2291 2286
3 2294 2287 2291
3 2294 2287 2295
3 2300 2280 2292
3 2300 2292 2312
3 2300 2316 2296
3 2300 2280 2296
3 2301 2319 2318
3 2301 2313 2305
3 2301 2319 2305
3 2301 2313 2312
3 2301 2300 2312
3 2301 2300 2308
3 2309 2303 2315
3 2309 2314 2302
3 2309 2314 2315
3 2309 2316 2302
3 2309 2300 2308
3 2309 2300 2316
3 2309 2303 2318
3 2309 2301 2308
3 2309 2301 2318
3 2307 2303 2318
3 2307 2319 2318
3 2307 2303 2315
3 2307 2287 2295
3 2307 2315 2295
3 2307 2319 2299
3 2307 2287 2299
3 2344 2324 2332
3 2344 2352 2332
3 2339 2325 2330
3 2339 2331 2330
3 2339 2331 2327
3 2323 2321 2328
3 2323 2321 2338
3 2323 2329 2328
3 2333 2324 2332
3 2333 2325 2330
3 2333 2324 2330
3 2333 2320 2328
3 2333 2320 2332
3 2333 2321 2328
3 2333 2339 2325
3 2333 2321 2338
3 2333 2339 2338
3 2351 2331 2327
3 2351 2327 2347
3 2340 2352 2332
3 2340 2320 2332
3 2340 2320 2328
3 2340 2348 2328
3 2335 2339 2327
3 2335 2339 2338
3 2335 2323 2338
3 2350 2324 2330
3 2350 2344 2324
3 2350 2331 2330
3 2350 2351 2331
3 2349 2340 2348
3 2349 2340 2356
3 2349 2342 2356
3 2349 2323 2329
3 2349 2323 2343
3 2349 2329 2328
3 2349 2348 2328
3 2355 2327 2347
3 2355 2335 2327
3 2355 2335 2323
3 2355 2323 2343
3 2355 2351 2347
3 2355 2346 2354
3 2355 2346 2351
3 2355 2342 2354
3 2355 2349 2342
3 2355 2349 2343
3 2357 2344 2352
3 2357 2340 2356
3 2357 2340 2352
3 2357 2342 2356
3 2357 2342 2354
3 2357 2346 2354
3 2357 2350 2351
3 2357 2350 2344
3 2357 2346 2351
3 2380 2376 2396
3 2380 2376 2360
3 2395 2375 2374
3 2395 2394 2374
3 2395 2375 2367
3 2395 2387 2367
3 2379 2361 2378
3 2379 2361 2373
3 2379 2365 2373
3 2385 2365 2373
3 2385 2393 2373
3 2392 2380 2360
3 2392 2372 2360
3 2392 2372 2373
3 2392 2393 2373
3 2386 2382 2396
3 2386 2397 2396
3 2386 2382 2394
3 2386 2395 2387
3 2386 2395 2394
3 2386 2391 2387
3 2363 2375 2367
3 2363 2379 2378
3 2363 2379 2367
3 2368 2372 2360
3 2368 2361 2373
3 2368 2372 2373
3 2368 2361 2378
3 2368 2363 2378
3 2368 2363 2369
3 2362 2375 2374
3 2362 2363 2369
3 2362 2363 2375
3 2362 2382 2394
3 2362 2394 2374
3 2362 2376 2360
3 2362 2368 2369
3 2362 2368 2360
3 2362 2376 2396
3 2362 2382 2396
3 2399 2391 2387
3 2399 2391 2390
3 2399 2385 2390
3 2399 2387 2367
3 2399 2379 2367
3 2399 2379 2365
3 2399 2385 2365
3 2384 2380 2396
3 2384 2397 2396
3 2384 2392 2380
3 2384 2385 2390
3 2384 2385 2393
3 2384 2392 2393
3 2384 2391 2390
3 2384 2386 2391
3 2384 2386 2397
3 2432 2404 2412
3 2432 2404 2424
3 2420 2429 2428
3 2420 2422 2436
3 2420 2422 2429
3 2430 2404 2410
3 2430 2404 2424
3 2411 2430 2410
3 2411 2430 2431
3 2437 2432 2424
3 2437 2420 2436
3 2437 2420 2432
3 2413 2404 2412
3 2413 2405 2410
3 2413 2404 2410
3 2413 2419 2405
3 2413 2419 2418
3 2413 2401 2418
3 2403 2423 2435
3 2403 2415 2435
3 2400 2413 2401
3 2400 2413 2412
3 2400 2401 2408
3 2400 2432 2412
3 2400 2420 2432
3 2400 2420 2428
3 2400 2408 2428
3 2407 2405 2410
3 2407 2419 2405
3 2407 2411 2410
3 2407 2419 2418
3 2407 2403 2418
3 2407 2403 2415
3 2426 2430 2424
3 2426 2430 2431
3 2426 2437 2424
3 2409 2401 2418
3 2409 2401 2408
3 2409 2403 2418
3 2409 2429 2428
3 2409 2408 2428
3 2409 2423 2429
3 2409 2403 2423
3 2427 2415 2435
3 2427 2407 2415
3 2427 2411 2431
3 2427 2407 2411
3 2434 2422 2429
3 2434 2423 2429
3 2434 2423 2435
3 2434 2422 2436
3 2434 2437 2436
3 2434 2426 2437
3 2434 2426 2431
3 2434 2427 2435
3 2434 2427 2431
3 2454 2466 2446
3 2454 2466 2474
3 2444 2457 2456
3 2444 2440 2456
3 2444 2440 2452
3 2444 2457 2446
3 2444 2451 2450
3 2444 2451 2446
3 2442 2457 2446
3 2442 2457 2456
3 2442 2454 2446
3 2442 2440 2456
3 2442 2448 2440
3 2442 2448 2449
3 2442 2462 2469
3 2442 2449 2469
3 2442 2462 2474
3 2442 2454 2474
3 2453 2440 2452
3 2453 2448 2441
3 2453 2448 2440
3 2468 2463 2478
3 2468 2463 2469
3 2468 2461 2478
3 2468 2448 2449
3 2468 2449 2469
3 2468 2448 2441
3 2468 2461 2441
3 2473 2453 2441
3 2473 2461 2441
3 2445 2444 2452
3 2445 2444 2450
3 2445 2453 2452
3 2445 2470 2450
3 2445 2465 2470
3 2445 2473 2465
3 2445 2473 2453
3 2475 2462 2474
3 2475 2463 2469
3 2475 2462 2469
3 2471 2466 2474
3 2471 2475 2474
3 2471 2475 2467
3 2471 2451 2450
3 2471 2470 2450
3 2471 2466 2446
3 2471 2451 2446
3 2479 2461 2478
3 2479 2473 2461
3 2479 2473 2465
3 2479 2463 2478
3 2479 2475 2467
3 2479 2475 2463
3 2479 2465 2470
3 2479 2471 2467
3 2479 2471 2470
3 2499 2491 2490
3 2499 2485 2490
3 2499 2491 2487
3 2482 2502 2509
3 2482 2489 2509
3 2482 2502 2516
3 2482 2496 2516
3 2510 2485 2490
3 2510 2485 2505
3 2484 2510 2490
3 2484 2510 2504
3 2517 2496 2497
3 2517 2496 2516
3 2517 2484 2497
3 2517 2484 2504
3 2486 2496 2497
3 2486 2482 2494
3 2486 2482 2496
3 2486 2491 2487
3 2486 2495 2494
3 2486 2495 2487
3 2486 2491 2490
3 2486 2484 2490
3 2486 2484 2497
3 2519 2499 2485
3 2519 2485 2505
3 2519 2499 2498
3 2519 2518 2498
3 2508 2502 2516
3 2508 2502 2509
3 2508 2500 2516
3 2508 2501 2518
3 2508 2503 2509
3 2508 2503 2518
3 2512 2500 2516
3 2512 2517 2504
3 2512 2517 2516
3 2483 2503 2518
3 2483 2518 2498
3 2483 2489 2509
3 2483 2503 2509
3 2483 2482 2494
3 2483 2482 2489
3 2483 2495 2494
3 2483 2499 2487
3 2483 2495 2487
3 2483 2499 2498
3 2513 2519 2505
3 2513 2501 2518
3 2513 2519 2518
3 2513 2510 2504
3 2513 2510 2505
3 2513 2512 2504
3 2513 2508 2501
3 2513 2508 2500
3 2513 2512 2500
3 2544 2524 2532
3 2544 2532 2552
3 2551 2544 2550
3 2551 2557 2546
3 2551 2544 2557
3 2559 2545 2550
3 2559 2551 2550
3 2559 2551 2547
3 2553 2545 2550
3 2553 2544 2552
3 2553 2544 2550
3 2553 2559 2558
3 2553 2541 2558
3 2553 2559 2545
3 2553 2533 2532
3 2553 2532 2552
3 2537 2557 2546
3 2537 2526 2546
3 2537 2520 2532
3 2537 2520 2536
3 2537 2524 2532
3 2537 2544 2557
3 2537 2544 2524
3 2522 2520 2528
3 2522 2520 2536
3 2522 2529 2528
3 2555 2551 2546
3 2555 2551 2547
3 2555 2554 2546
3 2555 2559 2547
3 2555 2543 2558
3 2555 2559 2558
3 2534 2555 2554
3 2534 2555 2535
3 2534 2554 2546
3 2534 2526 2546
3 2534 2537 2536
3 2534 2537 2526
3 2534 2522 2536
3 2523 2534 2535
3 2523 2522 2529
3 2523 2534 2522
3 2523 2555 2543
3 2523 2555 2535
3 2523 2543 2558
3 2523 2538 2558
3 2521 2553 2541
3 2521 2553 2533
3 2521 2541 2558
3 2521 2538 2558
3 2521 2520 2532
3 2521 2520 2528
3 2521 2533 2532
3 2521 2529 2528
3 2521 2523 2529
3 2521 2523 2538
3 2598 2579 2578
3 2598 2579 2599
3 2562 2589 2569
3 2562 2582 2589
3 2564 2571 2570
3 2564 2566 2577
3 2564 2566 2571
3 2565 2571 2570
3 2565 2567 2571
3 2565 2567 2579
3 2565 2585 2590
3 2565 2590 2570
3 2565 2579 2599
3 2565 2585 2599
3 2584 2564 2570
3 2584 2590 2570
3 2584 2564 2577
3 2584 2597 2577
3 2575 2566 2571
3 2575 2567 2571
3 2575 2566 2574
3 2575 2567 2579
3 2575 2579 2578
3 2575 2563 2578
3 2575 2562 2574
3 2575 2562 2569
3 2575 2563 2569
3 2583 2563 2569
3 2583 2589 2569
3 2583 2563 2578
3 2583 2598 2578
3 2576 2566 2574
3 2576 2566 2577
3 2576 2562 2574
3 2576 2597 2577
3 2576 2597 2596
3 2576 2562 2582
3 2576 2582 2596
3 2580 2597 2596
3 2580 2584 2597
3 2580 2592 2584
3 2580 2582 2596
3 2580 2582 2589
3 2580 2588 2589
3 2593 2585 2590
3 2593 2584 2590
3 2593 2592 2584
3 2581 2583 2598
3 2581 2583 2589
3 2581 2588 2589
3 2581 2598 2599
3 2581 2585 2599
3 2581 2593 2585
3 2581 2580 2588
3 2581 2580 2592
3 2581 2593 2592
3 2633 2613 2612
3 2633 2612 2632
3 2639 2633 2621
3 2639 2621 2638
3 2639 2633 2625
3 2631 2630 2625
3 2631 2639 2625
3 2631 2639 2627
3 2624 2633 2625
3 2624 2633 2632
3 2624 2630 2625
3 2624 2631 2626
3 2624 2637 2626
3 2624 2631 2630
3 2624 2604 2612
3 2624 2612 2632
3 2617 2637 2626
3 2617 2606 2626
3 2617 2600 2612
3 2617 2600 2616
3 2617 2604 2612
3 2617 2624 2637
3 2617 2624 2604
3 2602 2600 2608
3 2602 2600 2616
3 2602 2609 2608
3 2635 2631 2627
3 2635 2634 2626
3 2635 2631 2626
3 2635 2639 2638
3 2635 2639 2627
3 2635 2623 2638
3 2614 2635 2634
3 2614 2635 2615
3 2614 2634 2626
3 2614 2606 2626
3 2614 2617 2616
3 2614 2617 2606
3 2614 2602 2616
3 2601 2600 2612
3 2601 2600 2608
3 2601 2613 2612
3 2601 2633 2621
3 2601 2633 2613
3 2601 2621 2638
3 2601 2618 2638
3 2603 2614 2615
3 2603 2602 2609
3 2603 2614 2602
3 2603 2609 2608
3 2603 2601 2608
3 2603 2601 2618
3 2603 2635 2623
3 2603 2635 2615
3 2603 2623 2638
3 2603 2618 2638
3 2663 2649 2669
3 2663 2649 2643
3 2664 2670 2650
3 2664 2644 2650
3 2658 2663 2678
3 2658 2663 2643
3 2679 2658 2678
3 2679 2658 2659
3 2668 2663 2678
3 2668 2661 2678
3 2668 2663 2669
3 2651 2644 2650
3 2651 2657 2644
3 2651 2657 2646
3 2677 2664 2672
3 2677 2660 2672
3 2677 2660 2676
3 2677 2657 2656
3 2677 2676 2656
3 2677 2664 2644
3 2677 2657 2644
3 2671 2670 2650
3 2671 2651 2650
3 2647 2658 2643
3 2647 2658 2659
3 2647 2655 2643
3 2673 2664 2670
3 2673 2664 2672
3 2673 2665 2670
3 2673 2661 2678
3 2673 2679 2678
3 2673 2665 2679
3 2673 2668 2661
3 2673 2660 2672
3 2673 2660 2668
3 2654 2657 2646
3 2654 2657 2656
3 2654 2642 2656
3 2654 2649 2643
3 2654 2655 2643
3 2654 2642 2649
3 2654 2651 2646
3 2654 2647 2655
3 2654 2647 2651
3 2648 2649 2669
3 2648 2668 2669
3 2667 2665 2670
3 2667 2665 2679
3 2667 2671 2670
3 2667 2679 2659
3 2667 2647 2659
3 2667 2671 2651
3 2667 2647 2651
3 2640 2642 2656
3 2640 2642 2649
3 2640 2648 2649
3 2640 2676 2656
3 2640 2660 2676
3 2640 2660 2668
3 2640 2648 2668
3 2713 2693 2692
3 2713 2692 2712
3 2719 2713 2701
3 2719 2701 2718
3 2719 2713 2705
3 2711 2710 2705
3 2711 2719 2705
3 2711 2719 2707
3 2704 2713 2705
3 2704 2713 2712
3 2704 2710 2705
3 2704 2711 2706
3 2704 2717 2706
3 2704 2711 2710
3 2704 2684 2692
3 2704 2692 2712
3 2697 2717 2706
3 2697 2686 2706
3 2697 2680 2692
3 2697 2680 2696
3 2697 2684 2692
3 2697 2704 2717
3 2697 2704 2684
3 2682 2680 2688
3 2682 2680 2696
3 2682 2689 2688
3 2715 2711 2707
3 2715 2714 2706
3 2715 2711 2706
3 2715 2719 2718
3 2715 2719 2707
3 2715 2703 2718
3 2694 2715 2714
3 2694 2715 2695
3 2694 2714 2706
3 2694 2686 2706
3 2694 2697 2696
3 2694 2697 2686
3 2694 2682 2696
3 2681 2680 2692
3 2681 2680 2688
3 2681 2693 2692
3 2681 2713 2701
3 2681 2713 2693
3 2681 2701 2718
3 2681 2698 2718
3 2683 2694 2695
3 2683 2682 2689
3 2683 2694 2682
3 2683 2689 2688
3 2683 2681 2688
3 2683 2681 2698
3 2683 2715 2703
3 2683 2715 2695
3 2683 2703 2718
3 2683 2698 2718
3 2741 2753 2752
3 2741 2740 2752
3 2741 2740 2748
3 2745 2744 2750
3 2745 2744 2752
3 2745 2753 2752
3 2724 2744 2750
3 2724 2730 2750
3 2759 2741 2753
3 2759 2745 2753
3 2759 2741 2758
3 2759 2745 2750
3 2759 2751 2750
3 2759 2751 2747
3 2720 2740 2748
3 2720 2728 2748
3 2743 2759 2747
3 2743 2759 2758
3 2743 2755 2747
3 2743 2741 2748
3 2743 2741 2758
3 2743 2749 2748
3 2735 2755 2747
3 2735 2747 2727
3 2735 2743 2755
3 2735 2743 2723
3 2731 2751 2747
3 2731 2747 2727
3 2731 2730 2750
3 2731 2751 2750
3 2731 2726 2734
3 2731 2735 2727
3 2731 2735 2734
3 2737 2726 2734
3 2737 2722 2736
3 2737 2722 2734
3 2737 2724 2730
3 2737 2731 2726
3 2737 2731 2730
3 2732 2720 2736
3 2732 2737 2724
3 2732 2737 2736
3 2732 2744 2752
3 2732 2724 2744
3 2732 2740 2752
3 2732 2720 2740
3 2729 2720 2728
3 2729 2722 2736
3 2729 2720 2736
3 2729 2722 2734
3 2729 2735 2734
3 2729 2735 2723
3 2729 2743 2749
3 2729 2743 2723
3 2729 2749 2748
3 2729 2728 2748
3 2773 2793 2792
3 2773 2792 2772
3 2779 2773 2761
3 2779 2761 2778
3 2779 2773 2765
3 2771 2770 2765
3 2771 2779 2765
3 2771 2779 2767
3 2764 2773 2765
3 2764 2773 2772
3 2764 2770 2765
3 2764 2771 2766
3 2764 2777 2766
3 2764 2771 2770
3 2764 2784 2792
3 2764 2792 2772
3 2797 2777 2766
3 2797 2786 2766
3 2797 2780 2792
3 2797 2780 2796
3 2797 2784 2792
3 2797 2764 2777
3 2797 2764 2784
3 2782 2780 2788
3 2782 2780 2796
3 2782 2789 2788
3 2775 2771 2767
3 2775 2774 2766
3 2775 2771 2766
3 2775 2779 2778
3 2775 2779 2767
3 2775 2763 2778
3 2794 2775 2774
3 2794 2775 2795
3 2794 2774 2766
3 2794 2786 2766
3 2794 2797 2796
3 2794 2797 2786
3 2794 2782 2796
3 2781 2780 2792
3 2781 2780 2788
3 2781 2793 2792
3 2781 2773 2761
3 2781 2773 2793
3 2781 2761 2778
3 2781 2798 2778
3 2783 2794 2795
3 2783 2782 2789
3 2783 2794 2782
3 2783 2789 2788
3 2783 2781 2788
3 2783 2781 2798
3 2783 2775 2763
3 2783 2775 2795
3 2783 2763 2778
3 2783 2798 2778
3 2839 2825 2830
3 2839 2831 2830
3 2839 2831 2827
3 2800 2820 2832
3 2800 2812 2832
3 2833 2824 2832
3 2833 2825 2830
3 2833 2824 2830
3 2833 2820 2828
3 2833 2820 2832
3 2833 2821 2828
3 2833 2839 2825
3 2833 2821 2838
3 2833 2839 2838
3 2811 2831 2827
3 2811 2827 2807
3 2808 2829 2828
3 2808 2829 2809
3 2808 2820 2828
3 2808 2800 2820
3 2802 2800 2816
3 2802 2808 2800
3 2802 2808 2809
3 2815 2835 2827
3 2815 2827 2807
3 2815 2802 2814
3 2815 2803 2809
3 2815 2802 2809
3 2823 2839 2838
3 2823 2839 2827
3 2823 2835 2827
3 2823 2815 2835
3 2823 2815 2803
3 2823 2821 2828
3 2823 2821 2838
3 2823 2829 2828
3 2823 2829 2809
3 2823 2803 2809
3 2806 2817 2816
3 2806 2802 2816
3 2806 2802 2814
3 2806 2811 2807
3 2806 2815 2814
3 2806 2815 2807
3 2810 2831 2830
3 2810 2811 2831
3 2804 2806 2811
3 2804 2806 2817
3 2804 2810 2811
3 2804 2824 2830
3 2804 2810 2830
3 2804 2817 2816
3 2804 2800 2816
3 2804 2800 2812
3 2804 2824 2832
3 2804 2812 2832
3 2853 2873 2872
3 2853 2872 2852
3 2859 2853 2841
3 2859 2841 2858
3 2859 2853 2845
3 2851 2850 2845
3 2851 2859 2845
3 2851 2859 2847
3 2844 2853 2845
3 2844 2853 2852
3 2844 2850 2845
3 2844 2851 2846
3 2844 2857 2846
3 2844 2851 2850
3 2844 2864 2872
3 2844 2872 2852
3 2877 2857 2846
3 2877 2866 2846
3 2877 2860 2872
3 2877 2860 2876
3 2877 2864 2872
3 2877 2844 2857
3 2877 2844 2864
3 2862 2860 2868
3 2862 2860 2876
3 2862 2869 2868
3 2855 2851 2847
3 2855 2854 2846
3 2855 2851 2846
3 2855 2859 2858
3 2855 2859 2847
3 2855 2843 2858
3 2874 2855 2854
3 2874 2855 2875
3 2874 2854 2846
3 2874 2866 2846
3 2874 2877 2876
3 2874 2877 2866
3 2874 2862 2876
3 2861 2860 2872
3 2861 2860 2868
3 2861 2873 2872
3 2861 2853 2841
3 2861 2853 2873
3 2861 2841 2858
3 2861 2878 2858
3 2863 2874 2875
3 2863 2862 2869
3 2863 2874 2862
3 2863 2869 2868
3 2863 2861 2868
3 2863 2861 2878
3 2863 2855 2843
3 2863 2855 2875
3 2863 2843 2858
3 2863 2878 2858
3 2919 2905 2910
3 2919 2911 2910
3 2919 2911 2907
3 2913 2904 2910
3 2913 2904 2912
3 2913 2905 2910
3 2909 2889 2888
3 2909 2908 2888
3 2884 2904 2912
3 2884 2892 2912
3 2901 2919 2918
3 2901 2919 2905
3 2901 2913 2905
3 2900 2913 2912
3 2900 2901 2908
3 2900 2901 2913
3 2900 2892 2912
3 2900 2880 2892
3 2900 2880 2888
3 2900 2908 2888
3 2882 2889 2888
3 2882 2880 2896
3 2882 2880 2888
3 2895 2915 2907
3 2895 2907 2887
3 2895 2882 2889
3 2895 2883 2889
3 2895 2882 2894
3 2903 2895 2915
3 2903 2895 2883
3 2903 2909 2889
3 2903 2883 2889
3 2903 2919 2907
3 2903 2919 2918
3 2903 2915 2907
3 2903 2909 2908
3 2903 2901 2918
3 2903 2901 2908
3 2891 2911 2907
3 2891 2907 2887
3 2890 2904 2910
3 2890 2884 2904
3 2890 2911 2910
3 2890 2891 2911
3 2886 2895 2887
3 2886 2895 2894
3 2886 2891 2887
3 2897 2880 2896
3 2897 2884 2892
3 2897 2880 2892
3 2897 2882 2896
3 2897 2882 2894
3 2897 2886 2894
3 2897 2890 2891
3 2897 2890 2884
3 2897 2886 2891
3 2935 2954 2955
3 2935 2954 2934
3 2924 2926 2931
3 2924 2926 2937
3 2924 2931 2930
3 2927 2935 2934
3 2927 2926 2934
3 2927 2926 2931
3 2927 2923 2938
3 2927 2939 2938
3 2927 2923 2935
3 2927 2931 2930
3 2927 2925 2930
3 2927 2925 2939
3 2946 2954 2934
3 2946 2926 2934
3 2957 2926 2937
3 2957 2946 2926
3 2932 2924 2930
3 2932 2925 2930
3 2932 2925 2933
3 2943 2949 2948
3 2943 2941 2948
3 2943 2941 2958
3 2943 2935 2955
3 2943 2923 2935
3 2943 2923 2938
3 2943 2958 2938
3 2942 2940 2948
3 2942 2940 2956
3 2942 2949 2948
3 2942 2946 2954
3 2942 2957 2956
3 2942 2957 2946
3 2942 2954 2955
3 2942 2943 2949
3 2942 2943 2955
3 2921 2939 2938
3 2921 2925 2939
3 2921 2925 2933
3 2921 2941 2958
3 2921 2958 2938
3 2921 2941 2953
3 2921 2933 2953
3 2944 2924 2937
3 2944 2957 2937
3 2952 2940 2948
3 2952 2941 2953
3 2952 2941 2948
3 2952 2940 2956
3 2952 2957 2956
3 2952 2944 2957
3 2952 2932 2933
3 2952 2933 2953
3 2952 2932 2924
3 2952 2944 2924
3 2999 2985 2990
3 2999 2991 2990
3 2999 2991 2987
3 2995 2999 2987
3 2995 2983 2998
3 2995 2999 2998
3 2989 2983 2998
3 2989 2981 2998
3 2989 2981 2988
3 2989 2969 2968
3 2989 2988 2968
3 2989 2963 2969
3 2989 2963 2983
3 2993 2984 2990
3 2993 2984 2992
3 2993 2985 2990
3 2993 2999 2998
3 2993 2999 2985
3 2993 2981 2998
3 2980 2981 2988
3 2980 2993 2981
3 2980 2993 2992
3 2980 2972 2992
3 2980 2960 2972
3 2980 2960 2968
3 2980 2988 2968
3 2962 2969 2968
3 2962 2960 2976
3 2962 2960 2968
3 2975 2963 2969
3 2975 2962 2969
3 2975 2962 2974
3 2975 2995 2987
3 2975 2987 2967
3 2975 2995 2983
3 2975 2963 2983
3 2964 2984 2992
3 2964 2972 2992
3 2964 2984 2990
3 2964 2970 2990
3 2971 2991 2987
3 2971 2987 2967
3 2971 2991 2990
3 2971 2970 2990
3 2966 2975 2974
3 2966 2975 2967
3 2966 2971 2967
3 2977 2960 2976
3 2977 2960 2972
3 2977 2964 2972
3 2977 2962 2976
3 2977 2962 2974
3 2977 2966 2974
3 2977 2964 2970
3 2977 2971 2970
3 2977 2966 2971
3 3015 3034 3035
3 3015 3034 3014
3 3005 3019 3018
3 3005 3001 3018
3 3005 3001 3013
3 3007 3015 3014
3 3007 3006 3014
3 3007 3006 3011
3 3007 3003 3018
3 3007 3019 3018
3 3007 3003 3015
3 3007 3011 3010
3 3007 3005 3010
3 3007 3005 3019
3 3026 3034 3014
3 3026 3006 3014
3 3004 3006 3011
3 3004 3006 3017
3 3004 3011 3010
3 3004 3005 3013
3 3004 3005 3010
3 3004 3012 3013
3 3032 3012 3013
3 3032 3013 3033
3 3023 3015 3035
3 3023 3003 3015
3 3023 3003 3018
3 3023 3038 3018
3 3022 3020 3036
3 3022 3020 3028
3 3022 3029 3028
3 3022 3034 3035
3 3022 3023 3035
3 3022 3023 3029
3 3021 3001 3013
3 3021 3013 3033
3 3021 3001 3018
3 3021 3038 3018
3 3021 3020 3028
3 3021 3032 3033
3 3021 3032 3020
3 3021 3029 3028
3 3021 3023 3029
3 3021 3023 3038
3 3037 3026 3034
3 3037 3022 3034
3 3037 3022 3036
3 3037 3006 3017
3 3037 3026 3006
3 3024 3020 3036
3 3024 3032 3020
3 3024 3037 3036
3 3024 3004 3012
3 3024 3032 3012
3 3024 3004 3017
3 3024 3037 3017
3 3062 3056 3076
3 3062 3056 3042
3 3073 3053 3052
3 3073 3072 3052
3 3047 3067 3075
3 3047 3055 3075
3 3077 3064 3072
3 3077 3060 3076
3 3077 3060 3072
3 3077 3064 3070
3 3077 3071 3070
3 3077 3071 3066
3 3074 3054 3055
3 3074 3055 3075
3 3074 3062 3042
3 3074 3054 3042
3 3074 3071 3067
3 3074 3071 3066
3 3074 3067 3075
3 3074 3062 3076
3 3074 3077 3066
3 3074 3077 3076
3 3065 3064 3072
3 3065 3064 3070
3 3065 3073 3072
3 3065 3073 3053
3 3065 3053 3045
3 3065 3071 3070
3 3065 3071 3067
3 3065 3079 3067
3 3059 3043 3058
3 3059 3043 3055
3 3059 3047 3055
3 3059 3065 3045
3 3059 3065 3079
3 3059 3079 3067
3 3059 3047 3067
3 3040 3060 3072
3 3040 3072 3052
3 3040 3056 3076
3 3040 3060 3076
3 3041 3053 3045
3 3041 3059 3058
3 3041 3059 3045
3 3041 3053 3052
3 3041 3040 3052
3 3041 3040 3048
3 3049 3054 3042
3 3049 3043 3055
3 3049 3054 3055
3 3049 3056 3042
3 3049 3040 3048
3 3049 3040 3056
3 3049 3043 3058
3 3049 3041 3048
3 3049 3041 3058
3 3080 3100 3108
3 3080 3088 3108
3 3080 3084 3092
3 3080 3084 3097
3 3080 3096 3097
3 3080 3100 3116
3 3080 3096 3116
3 3093 3084 3092
3 3093 3085 3090
3 3093 3084 3090
3 3109 3100 3116
3 3109 3100 3108
3 3109 3102 3116
3 3081 3099 3085
3 3081 3093 3085
3 3081 3099 3098
3 3081 3080 3092
3 3081 3080 3088
3 3081 3093 3092
3 3091 3085 3090
3 3091 3099 3085
3 3091 3099 3087
3 3091 3087 3107
3 3091 3111 3107
3 3117 3096 3097
3 3117 3096 3116
3 3119 3099 3087
3 3119 3087 3107
3 3119 3099 3098
3 3119 3118 3098
3 3101 3109 3108
3 3101 3103 3118
3 3101 3103 3109
3 3101 3088 3108
3 3101 3081 3088
3 3101 3081 3098
3 3101 3118 3098
3 3106 3102 3116
3 3106 3117 3116
3 3106 3114 3102
3 3115 3119 3107
3 3115 3119 3118
3 3115 3103 3118
3 3115 3109 3102
3 3115 3103 3109
3 3115 3114 3102
3 3115 3111 3107
3 3115 3106 3114
3 3115 3106 3111
3 3086 3084 3090
3 3086 3084 3097
3 3086 3091 3090
3 3086 3117 3097
3 3086 3106 3117
3 3086 3091 3111
3 3086 3106 3111
3 3142 3136 3156
3 3142 3136 3122
3 3157 3144 3152
3 3157 3140 3156
3 3157 3140 3152
3 3157 3142 3156
3 3157 3154 3146
3 3157 3154 3142
3 3127 3139 3138
3 3127 3123 3138
3 3127 3123 3135
3 3145 3130 3125
3 3145 3130 3150
3 3124 3133 3125
3 3124 3133 3132
3 3124 3130 3125
3 3124 3144 3152
3 3124 3152 3132
3 3124 3144 3150
3 3124 3130 3150
3 3147 3127 3135
3 3147 3135 3155
3 3143 3154 3142
3 3143 3154 3155
3 3143 3149 3142
3 3143 3123 3135
3 3143 3135 3155
3 3120 3140 3152
3 3120 3152 3132
3 3120 3136 3156
3 3120 3140 3156
3 3121 3139 3138
3 3121 3133 3125
3 3121 3139 3125
3 3121 3133 3132
3 3121 3120 3132
3 3121 3120 3128
3 3129 3136 3122
3 3129 3120 3128
3 3129 3120 3136
3 3129 3123 3138
3 3129 3121 3128
3 3129 3121 3138
3 3129 3142 3122
3 3129 3149 3142
3 3129 3143 3149
3 3129 3143 3123
3 3151 3144 3150
3 3151 3157 3146
3 3151 3157 3144
3 3151 3154 3146
3 3151 3154 3155
3 3151 3147 3155
3 3159 3145 3150
3 3159 3151 3147
3 3159 3151 3150
3 3159 3139 3125
3 3159 3145 3125
3 3159 3127 3139
3 3159 3147 3127
3 3173 3193 3192
3 3173 3192 3172
3 3179 3173 3161
3 3179 3161 3178
3 3179 3173 3165
3 3171 3170 3165
3 3171 3179 3165
3 3171 3179 3167
3 3164 3173 3165
3 3164 3173 3172
3 3164 3170 3165
3 3164 3171 3166
3 3164 3177 3166
3 3164 3171 3170
3 3164 3184 3192
3 3164 3192 3172
3 3197 3177 3166
3 3197 3186 3166
3 3197 3180 3192
3 3197 3180 3196
3 3197 3184 3192
3 3197 3164 3177
3 3197 3164 3184
3 3182 3180 3188
3 3182 3180 3196
3 3182 3189 3188
3 3175 3171 3167
3 3175 3174 3166
3 3175 3171 3166
3 3175 3179 3178
3 3175 3179 3167
3 3175 3163 3178
3 3194 3175 3174
3 3194 3175 3195
3 3194 3174 3166
3 3194 3186 3166
3 3194 3197 3196
3 3194 3197 3186
3 3194 3182 3196
3 3183 3194 3195
3 3183 3182 3189
3 3183 3194 3182
3 3183 3175 3163
3 3183 3175 3195
3 3183 3163 3178
3 3183 3198 3178
3 3181 3173 3161
3 3181 3173 3193
3 3181 3161 3178
3 3181 3198 3178
3 3181 3180 3192
3 3181 3180 3188
3 3181 3193 3192
3 3181 3189 3188
3 3181 3183 3189
3 3181 3183 3198
3 3222 3216 3202
3 3222 3216 3236
3 3234 3222 3236
3 3234 3237 3236
3 3234 3237 3226
3 3220 3237 3236
3 3220 3232 3224
3 3220 3237 3224
3 3225 3210 3205
3 3225 3210 3230
3 3219 3225 3205
3 3219 3225 3239
3 3204 3213 3212
3 3204 3213 3205
3 3204 3210 3205
3 3204 3232 3224
3 3204 3232 3212
3 3204 3224 3230
3 3204 3210 3230
3 3200 3220 3232
3 3200 3232 3212
3 3200 3216 3236
3 3200 3220 3236
3 3209 3216 3202
3 3209 3200 3208
3 3209 3200 3216
3 3209 3222 3202
3 3209 3229 3222
3 3209 3229 3223
3 3209 3203 3223
3 3201 3213 3205
3 3201 3219 3218
3 3201 3219 3205
3 3201 3213 3212
3 3201 3200 3212
3 3201 3200 3208
3 3201 3209 3208
3 3201 3203 3218
3 3201 3209 3203
3 3231 3237 3226
3 3231 3224 3230
3 3231 3237 3224
3 3231 3225 3230
3 3231 3225 3239
3 3231 3227 3239
3 3235 3234 3222
3 3235 3229 3223
3 3235 3229 3222
3 3235 3234 3226
3 3235 3231 3227
3 3235 3231 3226
3 3215 3203 3223
3 3215 3235 3223
3 3207 3219 3218
3 3207 3203 3218
3 3207 3215 3203
3 3207 3219 3239
3 3207 3227 3239
3 3207 3235 3227
3 3207 3215 3235
3 3253 3244 3250
3 3253 3244 3252
3 3253 3245 3250
3 3241 3253 3245
3 3241 3259 3258
3 3241 3259 3245
3 3241 3278 3258
3 3241 3278 3261
3 3272 3244 3252
3 3272 3264 3244
3 3243 3259 3247
3 3243 3255 3247
3 3243 3259 3258
3 3268 3260 3276
3 3268 3262 3276
3 3268 3262 3269
3 3263 3278 3261
3 3263 3268 3261
3 3263 3268 3269
3 3263 3243 3255
3 3263 3255 3275
3 3263 3278 3258
3 3263 3243 3258
3 3273 3272 3260
3 3273 3268 3260
3 3273 3268 3261
3 3273 3241 3261
3 3273 3241 3253
3 3273 3253 3252
3 3273 3272 3252
3 3274 3262 3269
3 3274 3263 3269
3 3274 3263 3275
3 3251 3245 3250
3 3251 3259 3245
3 3251 3259 3247
3 3251 3244 3250
3 3251 3257 3246
3 3251 3257 3244
3 3254 3255 3247
3 3254 3251 3246
3 3254 3251 3247
3 3254 3255 3275
3 3254 3274 3275
3 3266 3254 3274
3 3266 3254 3246
3 3277 3262 3276
3 3277 3274 3262
3 3277 3266 3274
3 3277 3257 3246
3 3277 3266 3246
3 3277 3272 3264
3 3277 3260 3276
3 3277 3272 3260
3 3277 3264 3244
3 3277 3257 3244
3 3302 3296 3282
3 3302 3296 3316
3 3318 3283 3298
3 3318 3283 3303
3 3305 3290 3285
3 3305 3290 3310
3 3299 3318 3298
3 3299 3318 3319
3 3299 3305 3285
3 3299 3305 3319
3 3284 3293 3292
3 3284 3293 3285
3 3284 3290 3285
3 3284 3290 3310
3 3284 3304 3310
3 3317 3296 3316
3 3317 3297 3296
3 3317 3284 3297
3 3317 3284 3304
3 3317 3311 3310
3 3317 3304 3310
3 3317 3311 3306
3 3314 3302 3316
3 3314 3317 3306
3 3314 3317 3316
3 3307 3305 3310
3 3307 3305 3319
3 3307 3311 3310
3 3281 3299 3298
3 3281 3293 3285
3 3281 3299 3285
3 3280 3284 3297
3 3280 3284 3292
3 3280 3297 3296
3 3280 3293 3292
3 3280 3281 3288
3 3280 3281 3293
3 3289 3283 3298
3 3289 3281 3298
3 3289 3281 3288
3 3289 3296 3282
3 3289 3280 3288
3 3289 3280 3296
3 3289 3302 3282
3 3289 3302 3309
3 3289 3283 3303
3 3289 3309 3303
3 3315 3314 3302
3 3315 3309 3303
3 3315 3302 3309
3 3315 3318 3303
3 3315 3318 3319
3 3315 3307 3319
3 3315 3311 3306
3 3315 3314 3306
3 3315 3307 3311
3 3344 3324 3332
3 3344 3332 3352
3 3351 3344 3350
3 3351 3357 3346
3 3351 3344 3357
3 3359 3345 3350
3 3359 3351 3350
3 3359 3351 3347
3 3353 3345 3350
3 3353 3344 3352
3 3353 3344 3350
3 3353 3359 3358
3 3353 3341 3358
3 3353 3359 3345
3 3353 3333 3332
3 3353 3332 3352
3 3337 3357 3346
3 3337 3326 3346
3 3337 3320 3332
3 3337 3320 3336
3 3337 3324 3332
3 3337 3344 3357
3 3337 3344 3324
3 3322 3320 3328
3 3322 3320 3336
3 3322 3329 3328
3 3355 3351 3346
3 3355 3351 3347
3 3355 3354 3346
3 3355 3359 3347
3 3355 3343 3358
3 3355 3359 3358
3 3334 3355 3354
3 3334 3355 3335
3 3334 3354 3346
3 3334 3326 3346
3 3334 3337 3336
3 3334 3337 3326
3 3334 3322 3336
3 3323 3334 3335
3 3323 3322 3329
3 3323 3334 3322
3 3323 3355 3343
3 3323 3355 3335
3 3323 3343 3358
3 3323 3338 3358
3 3321 3353 3341
3 3321 3353 3333
3 3321 3341 3358
3 3321 3338 3358
3 3321 3320 3332
3 3321 3320 3328
3 3321 3333 3332
3 3321 3329 3328
3 3321 3323 3329
3 3321 3323 3338
3 3360 3368 3361
3 3360 3373 3361
3 3360 3373 3372
3 3364 3360 3372
3 3364 3377 3376
3 3364 3360 3376
3 3365 3373 3361
3 3365 3378 3361
3 3365 3378 3379
3 3365 3373 3372
3 3365 3364 3372
3 3365 3364 3370
3 3365 3390 3370
3 3365 3385 3390
3 3369 3362 3376
3 3369 3360 3376
3 3369 3360 3368
3 3369 3388 3389
3 3369 3388 3368
3 3369 3382 3389
3 3369 3382 3362
3 3381 3383 3398
3 3381 3383 3389
3 3381 3388 3389
3 3381 3378 3361
3 3381 3378 3398
3 3381 3368 3361
3 3381 3388 3368
3 3396 3377 3376
3 3396 3377 3397
3 3396 3362 3376
3 3396 3382 3362
3 3386 3382 3394
3 3386 3396 3382
3 3386 3396 3397
3 3395 3383 3389
3 3395 3382 3394
3 3395 3382 3389
3 3371 3390 3370
3 3371 3391 3390
3 3399 3378 3379
3 3399 3378 3398
3 3399 3365 3379
3 3399 3365 3385
3 3366 3364 3370
3 3366 3364 3377
3 3366 3371 3370
3 3366 3377 3397
3 3366 3386 3397
3 3366 3386 3391
3 3366 3371 3391
3 3387 3386 3391
3 3387 3386 3394
3 3387 3395 3394
3 3387 3385 3390
3 3387 3391 3390
3 3387 3399 3385
3 3387 3383 3398
3 3387 3395 3383
3 3387 3399 3398
3 3435 3414 3415
3 3435 3414 3434
3 3426 3424 3430
3 3426 3431 3430
3 3426 3424 3437
3 3401 3421 3433
3 3401 3433 3413
3 3417 3424 3437
3 3417 3404 3424
3 3427 3435 3434
3 3427 3426 3431
3 3427 3426 3434
3 3403 3414 3415
3 3403 3402 3414
3 3403 3402 3409
3 3403 3435 3415
3 3403 3423 3435
3 3400 3402 3409
3 3400 3402 3416
3 3400 3409 3408
3 3412 3401 3413
3 3412 3401 3408
3 3412 3400 3408
3 3412 3417 3416
3 3412 3417 3404
3 3412 3400 3416
3 3406 3402 3416
3 3406 3417 3416
3 3406 3402 3414
3 3406 3414 3434
3 3406 3426 3434
3 3406 3426 3437
3 3406 3417 3437
3 3439 3425 3433
3 3439 3421 3433
3 3439 3421 3438
3 3439 3423 3438
3 3439 3427 3435
3 3439 3423 3435
3 3439 3431 3430
3 3439 3425 3430
3 3439 3427 3431
3 3418 3409 3408
3 3418 3403 3409
3 3418 3401 3408
3 3418 3421 3438
3 3418 3401 3421
3 3418 3423 3438
3 3418 3403 3423
3 3432 3424 3430
3 3432 3425 3430
3 3432 3425 3433
3 3432 3433 3413
3 3432 3412 3413
3 3432 3404 3424
3 3432 3412 3404
3 3461 3448 3468
3 3461 3448 3441
3 3466 3454 3474
3 3466 3454 3446
3 3451 3466 3446
3 3451 3466 3471
3 3453 3448 3441
3 3453 3440 3452
3 3453 3440 3448
3 3463 3469 3468
3 3463 3461 3478
3 3463 3461 3468
3 3463 3475 3474
3 3463 3462 3474
3 3463 3462 3469
3 3444 3451 3446
3 3444 3451 3450
3 3444 3457 3446
3 3444 3457 3456
3 3444 3440 3456
3 3444 3440 3452
3 3444 3453 3452
3 3444 3453 3445
3 3444 3445 3450
3 3442 3454 3446
3 3442 3457 3456
3 3442 3457 3446
3 3442 3462 3476
3 3442 3476 3456
3 3442 3454 3474
3 3442 3462 3474
3 3460 3462 3476
3 3460 3469 3468
3 3460 3462 3469
3 3460 3448 3468
3 3460 3440 3448
3 3460 3440 3456
3 3460 3476 3456
3 3473 3461 3441
3 3473 3453 3441
3 3467 3451 3471
3 3467 3447 3451
3 3467 3466 3474
3 3467 3475 3474
3 3467 3466 3471
3 3467 3463 3475
3 3467 3479 3478
3 3467 3463 3478
3 3459 3451 3450
3 3459 3445 3450
3 3459 3447 3451
3 3459 3467 3447
3 3459 3467 3479
3 3465 3461 3478
3 3465 3479 3478
3 3465 3473 3461
3 3465 3459 3445
3 3465 3459 3479
3 3465 3453 3445
3 3465 3473 3453
3 3515 3494 3495
3 3515 3494 3514
3 3511 3504 3510
3 3511 3506 3517
3 3511 3504 3517
3 3486 3494 3514
3 3486 3506 3514
3 3486 3506 3517
3 3486 3497 3517
3 3512 3505 3513
3 3512 3504 3510
3 3512 3505 3510
3 3483 3489 3488
3 3483 3481 3488
3 3483 3481 3498
3 3483 3515 3495
3 3483 3503 3515
3 3483 3503 3518
3 3483 3498 3518
3 3482 3480 3488
3 3482 3480 3496
3 3482 3489 3488
3 3482 3486 3494
3 3482 3486 3497
3 3482 3497 3496
3 3482 3494 3495
3 3482 3483 3489
3 3482 3483 3495
3 3501 3505 3519
3 3501 3519 3518
3 3501 3505 3513
3 3501 3481 3498
3 3501 3498 3518
3 3501 3481 3493
3 3501 3513 3493
3 3507 3519 3518
3 3507 3503 3518
3 3507 3503 3515
3 3507 3505 3510
3 3507 3505 3519
3 3507 3511 3510
3 3507 3515 3514
3 3507 3506 3514
3 3507 3511 3506
3 3492 3480 3488
3 3492 3481 3493
3 3492 3481 3488
3 3492 3512 3513
3 3492 3513 3493
3 3484 3480 3496
3 3484 3497 3496
3 3484 3492 3480
3 3484 3504 3517
3 3484 3497 3517
3 3484 3512 3504
3 3484 3492 3512
3 3542 3536 3522
3 3542 3536 3556
3 3529 3542 3522
3 3529 3542 3549
3 3520 3536 3522
3 3520 3529 3522
3 3520 3529 3528
3 3537 3520 3536
3 3537 3524 3532
3 3537 3520 3532
3 3537 3544 3557
3 3537 3544 3524
3 3537 3536 3556
3 3537 3557 3556
3 3530 3544 3550
3 3530 3544 3524
3 3545 3530 3550
3 3545 3530 3525
3 3539 3559 3558
3 3539 3558 3538
3 3539 3545 3559
3 3539 3545 3525
3 3546 3544 3550
3 3546 3551 3550
3 3546 3544 3557
3 3523 3521 3538
3 3523 3529 3528
3 3523 3521 3528
3 3533 3530 3525
3 3533 3524 3532
3 3533 3530 3524
3 3533 3520 3532
3 3533 3520 3528
3 3533 3521 3528
3 3533 3539 3525
3 3533 3539 3538
3 3533 3521 3538
3 3543 3558 3538
3 3543 3523 3538
3 3543 3529 3549
3 3543 3523 3529
3 3547 3545 3550
3 3547 3551 3550
3 3547 3545 3559
3 3547 3559 3558
3 3547 3543 3558
3 3547 3543 3555
3 3554 3542 3556
3 3554 3557 3556
3 3554 3546 3557
3 3554 3542 3549
3 3554 3543 3555
3 3554 3543 3549
3 3554 3546 3551
3 3554 3547 3555
3 3554 3547 3551
3 3574 3586 3566
3 3574 3586 3594
3 3565 3585 3590
3 3565 3590 3570
3 3564 3577 3576
3 3564 3560 3576
3 3564 3560 3572
3 3564 3577 3566
3 3564 3571 3570
3 3564 3571 3566
3 3562 3577 3566
3 3562 3577 3576
3 3562 3574 3566
3 3562 3560 3568
3 3562 3560 3576
3 3562 3569 3568
3 3562 3582 3594
3 3562 3574 3594
3 3562 3582 3589
3 3562 3569 3589
3 3588 3583 3598
3 3588 3583 3589
3 3588 3581 3598
3 3588 3569 3568
3 3588 3569 3589
3 3588 3568 3561
3 3588 3581 3561
3 3573 3568 3561
3 3573 3560 3572
3 3573 3560 3568
3 3573 3565 3570
3 3573 3564 3570
3 3573 3564 3572
3 3595 3582 3594
3 3595 3583 3589
3 3595 3582 3589
3 3595 3583 3598
3 3595 3599 3598
3 3595 3599 3587
3 3591 3585 3590
3 3591 3599 3587
3 3591 3599 3585
3 3591 3586 3594
3 3591 3595 3587
3 3591 3595 3594
3 3591 3590 3570
3 3591 3571 3570
3 3591 3586 3566
3 3591 3571 3566
3 3593 3581 3598
3 3593 3599 3598
3 3593 3599 3585
3 3593 3565 3585
3 3593 3573 3565
3 3593 3581 3561
3 3593 3573 3561
3 3620 3616 3600
3 3620 3616 3636
3 3627 3615 3635
3 3627 3615 3607
3 3634 3615 3614
3 3634 3615 3635
3 3619 3601 3618
3 3619 3601 3613
3 3619 3605 3613
3 3612 3620 3600
3 3612 3632 3620
3 3633 3612 3632
3 3633 3612 3613
3 3603 3615 3607
3 3603 3619 3618
3 3603 3619 3607
3 3608 3601 3613
3 3608 3612 3600
3 3608 3612 3613
3 3608 3601 3618
3 3608 3603 3618
3 3608 3603 3609
3 3602 3615 3614
3 3602 3603 3609
3 3602 3603 3615
3 3602 3634 3614
3 3602 3634 3622
3 3602 3616 3600
3 3602 3608 3609
3 3602 3608 3600
3 3602 3616 3636
3 3602 3622 3636
3 3639 3627 3607
3 3639 3619 3607
3 3625 3624 3632
3 3625 3633 3632
3 3625 3624 3630
3 3625 3605 3613
3 3625 3633 3613
3 3625 3619 3605
3 3625 3639 3619
3 3631 3627 3635
3 3631 3634 3635
3 3631 3626 3634
3 3631 3639 3627
3 3631 3625 3630
3 3631 3625 3639
3 3637 3620 3636
3 3637 3632 3620
3 3637 3624 3632
3 3637 3626 3634
3 3637 3622 3636
3 3637 3634 3622
3 3637 3624 3630
3 3637 3631 3630
3 3637 3631 3626
3 3667 3663 3678
3 3667 3679 3678
3 3667 3663 3675
3 3662 3663 3669
3 3662 3663 3675
3 3662 3675 3674
3 3665 3645 3650
3 3665 3650 3670
3 3665 3645 3659
3 3665 3679 3659
3 3671 3675 3674
3 3671 3667 3675
3 3671 3666 3674
3 3671 3667 3679
3 3671 3665 3670
3 3671 3665 3679
3 3676 3666 3674
3 3676 3662 3674
3 3676 3666 3677
3 3676 3657 3656
3 3676 3657 3677
3 3676 3642 3656
3 3676 3662 3642
3 3658 3679 3678
3 3658 3679 3659
3 3658 3663 3678
3 3658 3643 3663
3 3649 3662 3669
3 3649 3662 3642
3 3649 3663 3669
3 3649 3643 3663
3 3664 3666 3677
3 3664 3671 3670
3 3664 3671 3666
3 3664 3644 3650
3 3664 3650 3670
3 3664 3644 3657
3 3664 3657 3677
3 3653 3644 3650
3 3653 3645 3650
3 3653 3644 3652
3 3640 3644 3657
3 3640 3644 3652
3 3640 3657 3656
3 3641 3645 3659
3 3641 3658 3659
3 3641 3653 3645
3 3648 3642 3656
3 3648 3649 3642
3 3648 3640 3656
3 3648 3658 3643
3 3648 3649 3643
3 3648 3641 3658
3 3648 3653 3652
3 3648 3640 3652
3 3648 3641 3653
3 3702 3703 3709
3 3702 3715 3714
3 3702 3715 3703
3 3684 3691 3690
3 3684 3686 3697
3 3684 3686 3691
3 3680 3684 3692
3 3680 3697 3696
3 3680 3684 3697
3 3682 3702 3709
3 3682 3689 3709
3 3693 3684 3690
3 3693 3685 3690
3 3693 3684 3692
3 3708 3703 3709
3 3708 3703 3718
3 3708 3701 3718
3 3710 3691 3690
3 3710 3711 3691
3 3707 3687 3695
3 3707 3715 3695
3 3707 3687 3691
3 3707 3711 3691
3 3694 3686 3691
3 3694 3687 3695
3 3694 3687 3691
3 3694 3686 3697
3 3694 3697 3696
3 3694 3682 3696
3 3694 3715 3714
3 3694 3715 3695
3 3694 3702 3714
3 3694 3682 3702
3 3688 3680 3696
3 3688 3682 3696
3 3688 3682 3689
3 3688 3689 3709
3 3688 3708 3709
3 3700 3680 3692
3 3700 3692 3712
3 3700 3688 3680
3 3700 3688 3708
3 3713 3693 3692
3 3713 3692 3712
3 3713 3708 3701
3 3713 3700 3712
3 3713 3700 3708
3 3705 3685 3690
3 3705 3710 3690
3 3705 3693 3685
3 3705 3713 3693
3 3719 3703 3718
3 3719 3715 3703
3 3719 3707 3715
3 3719 3710 3711
3 3719 3707 3711
3 3719 3705 3710
3 3719 3701 3718
3 3719 3713 3701
3 3719 3705 3713
3 3742 3755 3754
3 3742 3755 3743
3 3742 3743 3749
3 3744 3751 3750
3 3744 3746 3757
3 3744 3746 3751
3 3725 3745 3759
3 3725 3759 3739
3 3725 3745 3750
3 3725 3730 3750
3 3747 3751 3750
3 3747 3745 3750
3 3747 3745 3759
3 3747 3746 3751
3 3747 3746 3754
3 3747 3755 3754
3 3747 3743 3758
3 3747 3759 3758
3 3747 3755 3743
3 3756 3746 3754
3 3756 3746 3757
3 3756 3742 3754
3 3756 3737 3736
3 3756 3737 3757
3 3756 3722 3736
3 3756 3742 3722
3 3724 3744 3750
3 3724 3730 3750
3 3724 3744 3757
3 3724 3737 3757
3 3724 3720 3736
3 3724 3737 3736
3 3724 3720 3732
3 3738 3759 3758
3 3738 3759 3739
3 3738 3743 3758
3 3738 3723 3743
3 3729 3720 3736
3 3729 3722 3736
3 3729 3728 3720
3 3729 3742 3749
3 3729 3742 3722
3 3729 3743 3749
3 3729 3723 3743
3 3721 3738 3723
3 3721 3729 3728
3 3721 3729 3723
3 3733 3725 3730
3 3733 3724 3730
3 3733 3724 3732
3 3733 3725 3739
3 3733 3738 3739
3 3733 3721 3738
3 3733 3720 3732
3 3733 3728 3720
3 3733 3721 3728
CELL_TYPES 5340
5 5 5 5 5 5 5 5 5 5 
5 5 5 5 5 5 5 5 5 5 
5 5 5 5 5 5 5 5 5 5 
5 5 5 5 5 5 5 5 5 5 
5 5 5 5 5 5 5 5 5 5 
5 5 5 5 5 5 5 5 5 5 
5 5 5 5 5 5 5 5 5 5 
5 5 5 5 5 5 5 5 5 5 
5 5 5 5 5 5 5 5 5 5 
5 5 5 5 5 5 5 5 5 5 
5 5 5 5 5 5 5 5 5 5 
5 5 5 5 5 5 5 5 5 5 
5 5 5 5 5 5 5 5 5 5 
5 5 5 5 5 5 5 5 5 5 
5 5 5 5 5 5 5 5 5 5 
5 5 5 5 5 5 5 5 5 5 
5 5 5 5 5 5 5 5 5 5 
5 5 5 5 5 5 5 5 5 5 
5 5 5 5 5 5 5 5 5 5 
5 5 5 5 5 5 5 5 5 5 
5 5 5 5 5 5 5 5 5 5 
5 5 5 5 5 5 5 5 5 5 
5 5 5 5 5 5 5 5 5 5 
5 5 5 5 5 5 5 5 5 5 
5 5 5 5 5 5 5 5 5 5 
5 5 5 5 5 5 5 5 5 5 
5 5 5 5 5 5 5 5 5 5 
5 5 5 5 5 5 5 5 5 5 
5 5 5 5 5 5 5 5 5 5 
5 5 5 5 5 5 5 5 5 5 
5 5 5 5 5 5 5 5 5 5 
5 5 5 5 5 5 5 5 5 5 
5 5 5 5 5 5 5 5 5 5 
5 5 5 5 5 5 5 5 5 5 
5 5 5 5 5 5 5 5 5 5 
5 5 5 5 5 5 5 5 5 5 
5 5 5 5 5 5 5 5 5 5 
5 5 5 5 5 5 5 5 5 5 
5 5 5 5 5 5 5 5 5 5 
5 5 5 5 5 5 5 5 5 5 
5 5 5 5 5 5 5 5 5 5 
5 5 5 5 5 5 5 5 5 5 
5 5 5 5 5 5 5 5 5 5 
5 5 5 5 5 5 5 5 5 5 
5 5 5 5 5 5 5 5 5 5 
5 5 5 5 5 5 5 5 5 5 
5 5 5 5 5 5 5 5 5 5 
5 5 5 5 5 5 5 5 5 5 
5 5 5 5 5 5 5 5 5 5 
5 5 5 5 5 5 5 5 5 5 
5 5 5 5 5 5 5 5 5 5 
5 5 5 5 5 5 5 5 5 5 
5 5 5 5 5 5 5 5 5 5 
5 5 5 5 5 5 5 5 5 5 
5 5 5 5 5 5 5 5 5 5 
5 5 5 5 5 5 5 5 5 5 
5 5 5 5 5 5 5 5 5 5 
5 5 5 5 5 5 5 5 5 5 
5 5 5 5 5 5 5 5 5 5 
5 5 5 5 5 5 5 5 5 5 
5 5 5 5 5 5 5 5 5 5 
5 5 5 5 5 5 5 5 5 5 
5 5 5 5 5 5 5 5 5 5 
5 5 5 5 5 5 5 5 5 5 
5 5 5 5 5 5 5 5 5 5 
5 5 5 5 5 5 5 5 5 5 
5 5 5 5 5 5 5 5 5 5 
5 5 5 5 5 5 5 5 5 5 
5 5 5 5 5 5 5 5 5 5 
5 5 5 5 5 5 5 5 5 5 
5 5 5 5 5 5 5 5 5 5 
5 5 5 5 5 5 5 5 5 5 
5 5 5 5 5 5 5 5 5 5 
5 5 5 5 5 5 5 5 5 5 
5 5 5 5 5 5 5 5 5 5 
5 5 5 5 5 5 5 5 5 5 
5 5 5 5 5 5 5 5 5 5 
5 5 5 5 5 5 5 5 5 5 
5 5 5 5 5 5 5 5 5 5 
5 5 5 5 5 5 5 5 5 5 
5 5 5 5 5 5 5 5 5 5 
5 5 5 5 5 5 5 5 5 5 
5 5 5 5 5 5 5 5 5 5 
5 5 5 5 5 5 5 5 5 5 
5 5 5 5 5 5 5 5 5 5 
5 5 5 5 5 5 5 5 5 5 
5 5 5 5 5 5 5 5 5 5 
5 5 5 5 5 5 5 5 5 5 
5 5 5 5 5 5 5 5 5 5 
5 5 5 5 5 5 5 5 5 5 
5 5 5 5 5 5 5 5 5 5 
5 5 5 5 5 5 5 5 5 5 
5 5 5 5 5 5 5 5 5 5 
5 5 5 5 5 5 5 5 5 5 
5 5 5 5 5 5 5 5 5 5 
5 5 5 5 5 5 5 5 5 5 
5 5 5 5 5 5 5 5 5 5 
5 5 5 5 5 5 5 5 5 5 
5 5 5 5 5 5 5 5 5 5 
5 5 5 5 5 5 5 5 5 5 
5 5 5 5 5 5 5 5 5 5 
5 5 5 5 5 5 5 5 5 5 
5 5 5 5 5 5 5 5 5 5 
5 5 5 5 5 5 5 5 5 5 
5 5 5 5 5 5 5 5 5 5 
5 5 5 5 5 5 5 5 5 5 
5 5 5 5 5 5 5 5 5 5 
5 5 5 5 5 5 5 5 5 5 
5 5 5 5 5 5 5 5 5 5 
5 5 5 5 5 5 5 5 5 5 
5 5 5 5 5 5 5 5 5 5 
5 5 5 5 5 5 5 5 5 5 
5 5 5 5 5 5 5 5 5 5 
5 5 5 5 5 5 5 5 5 5 
5 5 5 5 5 5 5 5 5 5 
5 5 5 5 5 5 5 5 5 5 
5 5 5 5 5 5 5 5 5 5 
5 5 5 5 5 5 5 5 5 5 
5 5 5 5 5 5 5 5 5 5 
5 5 5 5 5 5 5 5 5 5 
5 5 5 5 5 5 5 5 5 5 
5 5 5 5 5 5 5 5 5 5 
5 5 5 5 5 5 5 5 5 5 
5 5 5 5 5 5 5 5 5 5 
5 5 5 5 5 5 5 5 5 5 
5 5 5 5 5 5 5 5 5 5 
5 5 5 5 5 5 5 5 5 5 
5 5 5 5 5 5 5 5 5 5 
5 5 5 5 5 5 5 5 5 5 
5 5 5 5 5 5 5 5 5 5 
5 5 5 5 5 5 5 5 5 5 
5 5 5 5 5 5 5 5 5 5 
5 5 5 5 5 5 5 5 5 5 
5 5 5 5 5 5 5 5 5 5 
5 5 5 5 5 5 5 5 5 5 
5 5 5 5 5 5 5 5 5 5 
5 5 5 5 5 5 5 5 5 5 
5 5 5 5 5 5 5 5 5 5 
5 5 5 5 5 5 5 5 5 5 
5 5 5 5 5 5 5 5 5 5 
5 5 5 5 5 5 5 5 5 5 
5 5 5 5 5 5 5 5 5 5 
5 5 5 5 5 5 5 5 5 5 
5 5 5 5 5 5 5 5 5 5 
5 5 5 5 5 5 5 5 5 5 
5 5 5 5 5 5 5 5 5 5 
5 5 5 5 5 5 5 5 5 5 
5 5 5 5 5 5 5 5 5 5 
5 5 5 5 5 5 5 5 5 5 
5 5 5 5 5 5 5 5 5 5 
5 5 5 5 5 5 5 5 5 5 
5 5 5 5 5 5 5 5 5 5 
5 5 5 5 5 5 5 5 5 5 
5 5 5 5 5 5 5 5 5 5 
5 5 5 5 5 5 5 5 5 5 
5 5 5 5 5 5 5 5 5 5 
5 5 5 5 5 5 5 5 5 5 
5 5 5 5 5 5 5 5 5 5 
5 5 5 5 5 5 5 5 5 5 
5 5 5 5 5 5 5 5 5 5 
5 5 5 5 5 5 5 5 5 5 
5 5 5 5 5 5 5 5 5 5 
5 5 5 5 5 5 5 5 5 5 
5 5 5 5 5 5 5 5 5 5 
5 5 5 5 5 5 5 5 5 5 
5 5 5 5 5 5 5 5 5 5 
5 5 5 5 5 5 5 5 5 5 
5 5 5 5 5 5 5 5 5 5 
5 5 5 5 5 5 5 5 5 5 
5 5 5 5 5 5 5 5 5 5 
5 5 5 5 5 5 5 5 5 5 
5 5 5 5 5 5 5 5 5 5 
5 5 5 5 5 5 5 5 5 5 
5 5 5 5 5 5 5 5 5 5 
5 5 5 5 5 5 5 5 5 5 
5 5 5 5 5 5 5 5 5 5 
5 5 5 5 5 5 5 5 5 5 
5 5 5 5 5 5 5 5 5 5 
5 5 5 5 5 5 5 5 5 5 
5 5 5 5 5 5 5 5 5 5 
5 5 5 5 5 5 5 5 5 5 
5 5 5 5 5 5 5 5 5 5 
5 5 5 5 5 5 5 5 5 5 
5 5 5 5 5 5 5 5 5 5 
5 5 5 5 5 5 5 5 5 5 
5 5 5 5 5 5 5 5 5 5 
5 5 5 5 5 5 5 5 5 5 
5 5 5 5 5 5 5 5 5 5 
5 5 5 5 5 5 5 5 5 5 
5 5 5 5 5 5 5 5 5 5 
5 5 5 5 5 5 5 5 5 5 
5 5 5 5 5 5 5 5 5 5 
5 5 5 5 5 5 5 5 5 5 
5 5 5 5 5 5 5 5 5 5 
5 5 5 5 5 5 5 5 5 5 
5 5 5 5 5 5 5 5 5 5 
5 5 5 5 5 5 5 5 5 5 
5 5 5 5 5 5 5 5 5 5 
5 5 5 5 5 5 5 5 5 5 
5 5 5 5 5 5 5 5 5 5 
5 5 5 5 5 5 5 5 5 5 
5 5 5 5 5 5 5 5 5 5 
5 5 5 5 5 5 5 5 5 5 
5 5 5 5 5 5 5 5 5 5 
5 5 5 5 5 5 5 5 5 5 
5 5 5 5 5 5 5 5 5 5 
5 5 5 5 5 5 5 5 5 5 
5 5 5 5 5 5 5 5 5 5 
5 5 5 5 5 5 5 5 5 5 
5 5 5 5 5 5 5 5 5 5 
5 5 5 5 5 5 5 5 5 5 
5 5 5 5 5 5 5 5 5 5 
5 5 5 5 5 5 5 5 5 5 
5 5 5 5 5 5 5 5 5 5 
5 5 5 5 5 5 5 5 5 5 
5 5 5 5 5 5 5 5 5 5 
5 5 5 5 5 5 5 5 5 5 
5 5 5 5 5 5 5 5 5 5 
5 5 5 5 5 5 5 5 5 5 
5 5 5 5 5 5 5 5 5 5 
5 5 5 5 5 5 5 5 5 5 
5 5 5 5 5 5 5 5 5 5 
5 5 5 5 5 5 5 5 5 5 
5 5 5 5 5 5 5 5 5 5 
5 5 5 5 5 5 5 5 5 5 
5 5 5 5 5 5 5 5 5 5 
5 5 5 5 5 5 5 5 5 5 
5 5 5 5 5 5 5 5 5 5 
5 5 5 5 5 5 5 5 5 5 
5 5 5 5 5 5 5 5 5 5 
5 5 5 5 5 5 5 5 5 5 
5 5 5 5 5 5 5 5 5 5 
5 5 5 5 5 5 5 5 5 5 
5 5 5 5 5 5 5 5 5 5 
5 5 5 5 5 5 5 5 5 5 
5 5 5 5 5 5 5 5 5 5 
5 5 5 5 5 5 5 5 5 5 
5 5 5 5 5 5 5 5 5 5 
5 5 5 5 5 5 5 5 5 5 
5 5 5 5 5 5 5 5 5 5 
5 5 5 5 5 5 5 5 5 5 
5 5 5 5 5 5 5 5 5 5 
5 5 5 5 5 5 5 5 5 5 
5 5 5 5 5 5 5 5 5 5 
5 5 5 5 5 5 5 5 5 5 
5 5 5 5 5 5 5 5 5 5 
5 5 5 5 5 5 5 5 5 5 
5 5 5 5 5 5 5 5 5 5 
5 5 5 5 5 5 5 5 5 5 
5 5 5 5 5 5 5 5 5 5 
5 5 5 5 5 5 5 5 5 5 
5 5 5 5 5 5 5 5 5 5 
5 5 5 5 5 5 5 5 5 5 
5 5 5 5 5 5 5 5 5 5 
5 5 5 5 5 5 5 5 5 5 
5 5 5 5 5 5 5 5 5 5 
5 5 5 5 5 5 5 5 5 5 
5 5 5 5 5 5 5 5 5 5 
5 5 5 5 5 5 5 5 5 5 
5 5 5 5 5 5 5 5 5 5 
5 5 5 5 5 5 5 5 5 5 
5 5 5 5 5 5 5 5 5 5 
5 5 5 5 5 5 5 5 5 5 
5 5 5 5 5 5 5 5 5 5 
5 5 5 5 5 5 5 5 5 5 
5 5 5 5 5 5 5 5 5 5 
5 5 5 5 5 5 5 5 5 5 
5 5 5 5 5 5 5 5 5 5 
5 5 5 5 5 5 5 5 5 5 
5 5 5 5 5 5 5 5 5 5 
5 5 5 5 5 5 5 5 5 5 
5 5 5 5 5 5 5 5 5 5 
5 5 5 5 5 5 5 5 5 5 
5 5 5 5 5 5 5 5 5 5 
5 5 5 5 5 5 5 5 5 5 
5 5 5 5 5 5 5 5 5 5 
5 5 5 5 5 5 5 5 5 5 
5 5 5 5 5 5 5 5 5 5 
5 5 5 5 5 5 5 5 5 5 
5 5 5 5 5 5 5 5 5 5 
5 5 5 5 5 5 5 5 5 5 
5 5 5 5 5 5 5 5 5 5 
5 5 5 5 5 5 5 5 5 5 
5 5 5 5 5 5 5 5 5 5 
5 5 5 5 5 5 5 5 5 5 
5 5 5 5 5 5 5 5 5 5 
5 5 5 5 5 5 5 5 5 5 
5 5 5 5 5 5 5 5 5 5 
5 5 5 5 5 5 5 5 5 5 
5 5 5 5 5 5 5 5 5 5 
5 5 5 5 5 5 5 5 5 5 
5 5 5 5 5 5 5 5 5 5 
5 5 5 5 5 5 5 5 5 5 
5 5 5 5 5 5 5 5 5 5 
5 5 5 5 5 5 5 5 5 5 
5 5 5 5 5 5 5 5 5 5 
5 5 5 5 5 5 5 5 5 5 
5 5 5 5 5 5 5 5 5 5 
5 5 5 5 5 5 5 5 5 5 
5 5 5 5 5 5 5 5 5 5 
5 5 5 5 5 5 5 5 5 5 
5 5 5 5 5 5 5 5 5 5 
5 5 5 5 5 5 5 5 5 5 
5 5 5 5 5 5 5 5 5 5 
5 5 5 5 5 5 5 5 5 5 
5 5 5 5 5 5 5 5 5 5 
5 5 5 5 5 5 5 5 5 5 
5 5 5 5 5 5 5 5 5 5 
5 5 5 5 5 5 5 5 5 5 
5 5 5 5 5 5 5 5 5 5 
5 5 5 5 5 5 5 5 5 5 
5 5 5 5 5 5 5 5 5 5 
5 5 5 5 5 5 5 5 5 5 
5 5 5 5 5 5 5 5 5 5 
5 5 5 5 5 5 5 5 5 5 
5 5 5 5 5 5 5 5 5 5 
5 5 5 5 5 5 5 5 5 5 
5 5 5 5 5 5 5 5 5 5 
5 5 5 5 5 5 5 5 5 5 
5 5 5 5 5 5 5 5 5 5 
5 5 5 5 5 5 5 5 5 5 
5 5 5 5 5 5 5 5 5 5 
5 5 5 5 5 5 5 5 5 5 
5 5 5 5 5 5 5 5 5 5 
5 5 5 5 5 5 5 5 5 5 
5 5 5 5 5 5 5 5 5 5 
5 5 5 5 5 5 5 5 5 5 
5 5 5 5 5 5 5 5 5 5 
5 5 5 5 5 5 5 5 5 5 
5 5 5 5 5 5 5 5 5 5 
5 5 5 5 5 5 5 5 5 5 
5 5 5 5 5 5 5 5 5 5 
5 5 5 5 5 5 5 5 5 5 
5 5 5 5 5 5 5 5 5 5 
5 5 5 5 5 5 5 5 5 5 
5 5 5 5 5 5 5 5 5 5 
5 5 5 5 5 5 5 5 5 5 
5 5 5 5 5 5 5 5 5 5 
5 5 5 5 5 5 5 5 5 5 
5 5 5 5 5 5 5 5 5 5 
5 5 5 5 5 5 5 5 5 5 
5 5 5 5 5 5 5 5 5 5 
5 5 5 5 5 5 5 5 5 5 
5 5 5 5 5 5 5 5 5 5 
5 5 5 5 5 5 5 5 5 5 
5 5 5 5 5 5 5 5 5 5 
5 5 5 5 5 5 5 5 5 5 
5 5 5 5 5 5 5 5 5 5 
5 5 5 5 5 5 5 5 5 5 
5 5 5 5 5 5 5 5 5 5 
5 5 5 5 5 5 5 5 5 5 
5 5 5 5 5 5 5 5 5 5 
5 5 5 5 5 5 5 5 5 5 
5 5 5 5 5 5 5 5 5 5 
5 5 5 5 5 5 5 5 5 5 
5 5 5 5 5 5 5 5 5 5 
5 5 5 5 5 5 5 5 5 5 
5 5 5 5 5 5 5 5 5 5 
5 5 5 5 5 5 5 5 5 5 
5 5 5 5 5 5 5 5 5 5 
5 5 5 5 5 5 5 5 5 5 
5 5 5 5 5 5 5 5 5 5 
5 5 5 5 5 5 5 5 5 5 
5 5 5 5 5 5 5 5 5 5 
5 5 5 5 5 5 5 5 5 5 
5 5 5 5 5 5 5 5 5 5 
5 5 5 5 5 5 5 5 5 5 
5 5 5 5 5 5 5 5 5 5 
5 5 5 5 5 5 5 5 5 5 
5 5 5 5 5 5 5 5 5 5 
5 5 5 5 5 5 5 5 5 5 
5 5 5 5 5 5 5 5 5 5 
5 5 5 5 5 5 5 5 5 5 
5 5 5 5 5 5 5 5 5 5 
5 5 5 5 5 5 5 5 5 5 
5 5 5 5 5 5 5 5 5 5 
5 5 5 5 5 5 5 5 5 5 
5 5 5 5 5 5 5 5 5 5 
5 5 5 5 5 5 5 5 5 5 
5 5 5 5 5 5 5 5 5 5 
5 5 5 5 5 5 5 5 5 5 
5 5 5 5 5 5 5 5 5 5 
5 5 5 5 5 5 5 5 5 5 
5 5 5 5 5 5 5 5 5 5 
5 5 5 5 5 5 5 5 5 5 
5 5 5 5 5 5 5 5 5 5 
5 5 5 5 5 5 5 5 5 5 
5 5 5 5 5 5 5 5 5 5 
5 5 5 5 5 5 5 5 5 5 
5 5 5 5 5 5 5 5 5 5 
5 5 5 5 5 5 5 5 5 5 
5 5 5 5 5 5 5 5 5 5 
5 5 5 5 5 5 5 5 5 5 
5 5 5 5 5 5 5 5 5 5 
5 5 5 5 5 5 5 5 5 5 
5 5 5 5 5 5 5 5 5 5 
5 5 5 5 5 5 5 5 5 5 
5 5 5 5 5 5 5 5 5 5 
5 5 5 5 5 5 5 5 5 5 
5 5 5 5 5 5 5 5 5 5 
5 5 5 5 5 5 5 5 5 5 
5 5 5 5 5 5 5 5 5 5 
5 5 5 5 5 5 5 5 5 5 
5 5 5 5 5 5 5 5 5 5 
5 5 5 5 5 5 5 5 5 5 
5 5 5 5 5 5 5 5 5 5 
5 5 5 5 5 5 5 5 5 5 
5 5 5 5 5 5 5 5 5 5 
5 5 5 5 5 5 5 5 5 5 
5 5 5 5 5 5 5 5 5 5 
5 5 5 5 5 5 5 5 5 5 
5 5 5 5 5 5 5 5 5 5 
5 5 5 5 5 5 5 5 5 5 
5 5 5 5 5 5 5 5 5 5 
5 5 5 5 5 5 5 5 5 5 
5 5 5 5 5 5 5 5 5 5 
5 5 5 5 5 5 5 5 5 5 
5 5 5 5 5 5 5 5 5 5 
5 5 5 5 5 5 5 5 5 5 
5 5 5 5 5 5 5 5 5 5 
5 5 5 5 5 5 5 5 5 5 
5 5 5 5 5 5 5 5 5 5 
5 5 5 5 5 5 5 5 5 5 
5 5 5 5 5 5 5 5 5 5 
5 5 5 5 5 5 5 5 5 5 
5 5 5 5 5 5 5 5 5 5 
5 5 5 5 5 5 5 5 5 5 
5 5 5 5 5 5 5 5 5 5 
5 5 5 5 5 5 5 5 5 5 
5 5 5 5 5 5 5 5 5 5 
5 5 5 5 5 5 5 5 5 5 
5 5 5 5 5 5 5 5 5 5 
5 5 5 5 5 5 5 5 5 5 
5 5 5 5 5 5 5 5 5 5 
5 5 5 5 5 5 5 5 5 5 
5 5 5 5 5 5 5 5 5 5 
5 5 5 5 5 5 5 5 5 5 
5 5 5 5 5 5 5 5 5 5 
5 5 5 5 5 5 5 5 5 5 
5 5 5 5 5 5 5 5 5 5 
5 5 5 5 5 5 5 5 5 5 
5 5 5 5 5 5 5 5 5 5 
5 5 5 5 5 5 5 5 5 5 
5 5 5 5 5 5 5 5 5 5 
5 5 5 5 5 5 5 5 5 5 
5 5 5 5 5 5 5 5 5 5 
5 5 5 5 5 5 5 5 5 5 
5 5 5 5 5 5 5 5 5 5 
5 5 5 5 5 5 5 5 5 5 
5 5 5 5 5 5 5 5 5 5 
5 5 5 5 5 5 5 5 5 5 
5 5 5 5 5 5 5 5 5 5 
5 5 5 5 5 5 5 5 5 5 
5 5 5 5 5 5 5 5 5 5 
5 5 5 5 5 5 5 5 5 5 
5 5 5 5 5 5 5 5 5 5 
5 5 5 5 5 5 5 5 5 5 
5 5 5 5 5 5 5 5 5 5 
5 5 5 5 5 5 5 5 5 5 
5 5 5 5 5 5 5 5 5 5 
5 5 5 5 5 5 5 5 5 5 
5 5 5 5 5 5 5 5 5 5 
5 5 5 5 5 5 5 5 5 5 
5 5 5 5 5 5 5 5 5 5 
5 5 5 5 5 5 5 5 5 5 
5 5 5 5 5 5 5 5 5 5 
5 5 5 5 5 5 5 5 5 5 
5 5 5 5 5 5 5 5 5 5 
5 5 5 5 5 5 5 5 5 5 
5 5 5 5 5 5 5 5 5 5 
5 5 5 5 5 5 5 5 5 5 
5 5 5 5 5 5 5 5 5 5 
5 5 5 5 5 5 5 5 5 5 
5 5 5 5 5 5 5 5 5 5 
5 5 5 5 5 5 5 5 5 5 
5 5 5 5 5 5 5 5 5 5 
5 5 5 5 5 5 5 5 5 5 
5 5 5 5 5 5 5 5 5 5 
5 5 5 5 5 5 5 5 5 5 
5 5 5 5 5 5 5 5 5 5 
5 5 5 5 5 5 5 5 5 5 
5 5 5 5 5 5 5 5 5 5 
5 5 5 5 5 5 5 5 5 5 
5 5 5 5 5 5 5 5 5 5 
5 5 5 5 5 5 5 5 5 5 
5 5 5 5 5 5 5 5 5 5 
5 5 5 5 5 5 5 5 5 5 
5 5 5 5 5 5 5 5 5 5 
5 5 5 5 5 5 5 5 5 5 
5 5 5 5 5 5 5 5 5 5 
5 5 5 5 5 5 5 5 5 5 
5 5 5 5 5 5 5 5 5 5 
5 5 5 5 5 5 5 5 5 5 
5 5 5 5 5 5 5 5 5 5 
5 5 5 5 5 5 5 5 5 5 
5 5 5 5 5 5 5 5 5 5 
5 5 5 5 5 5 5 5 5 5 
5 5 5 5 5 5 5 5 5 5 
5 5 5 5 5 5 5 5 5 5 
5 5 5 5 5 5 5 5 5 5 
5 5 5 5 5 5 5 5 5 5 
5 5 5 5 5 5 5 5 5 5 
5 5 5 5 5 5 5 5 5 5 
5 5 5 5 5 5 5 5 5 5 
5 5 5 5 5 5 5 5 5 5 
5 5 5 5 5 5 5 5 5 5 
5 5 5 5 5 5 5 5 5 5 
5 5 5 5 5 5 5 5 5 5 
5 5 5 5 5 5 5 5 5 5 
5 5 5 5 5 5 5 5 5 5 
5 5 5 5 5 5 5 5 5 5 
5 5 5 5 5 5 5 5 5 5 
5 5 5 5 5 5 5 5 5 5 
5 5 5 5 5 5 5 5 5 5 
5 5 5 5 5 5 5 5 5 5 
5 5 5 5 5 5 5 5 5 5 
5 5 5 5 5 5 5 5 5 5 
5 5 5 5 5 5 5 5 5 5 
5 5 5 5 5 5 5 5 5 5 
5 5 5 5 5 5 5 5 5 5 
5 5 5 5 5 5 5 5 5 5 
5 5 5 5 5 5 5 5 5 5 
5 5 5 5 5 5 5 5 5 5 
5 5 5 5 5 5 5 5 5 5 
5 5 5 5 5 5 5 5 5 5 
5 5 5 5 5 5 5 5 5 5 
5 5 5 5 5 5 5 5 5 5 
5 5 5 5 5 5 5 5 5 5 
5 5 5 5 5 5 5 5 5 5 
5 5 5 5 5 5 5 5 5 5 
5 5 5 5 5 5 5 5 5 5 
5 5 5 5 5 5 5 5 5 5 
5 5 5 5 5 5 5 5 5 5 
5 5 5 5 5 5 5 5 5 5 

CELL_DATA 5340
SCALARS Pipe_Number float 1
LOOKUP_TABLE default
0 0 0 0 0 0 0 0 0 
0 0 0 0 0 0 0 0 0 0 
0 0 0 0 0 0 0 0 0 0 
0 0 0 0 0 0 0 0 0 0 
0 0 0 0 0 0 0 0 0 0 
0 0 0 0 0 0 0 0 0 0 
0 1 1 1 1 1 1 1 1 1 
1 1 1 1 1 1 1 1 1 1 
1 1 1 1 1 1 1 1 1 1 
1 1 1 1 1 1 1 1 1 1 
1 1 1 1 1 1 1 1 1 1 
1 1 1 1 1 1 1 1 1 1 
1 2 2 2 2 2 2 2 2 2 
2 2 2 2 2 2 2 2 2 2 
2 2 2 2 2 2 2 2 2 2 
2 2 2 2 2 2 2 2 2 2 
2 2 2 2 2 2 2 2 2 2 
2 2 2 2 2 2 2 2 2 2 
2 3 3 3 3 3 3 3 3 3 
3 3 3 3 3 3 3 3 3 3 
3 3 3 3 3 3 3 3 3 3 
3 3 3 3 3 3 3 3 3 3 
3 3 3 3 3 3 3 3 3 3 
3 3 3 3 3 3 3 3 3 3 
3 4 4 4 4 4 4 4 4 4 
4 4 4 4 4 4 4 4 4 4 
4 4 4 4 4 4 4 4 4 4 
4 4 4 4 4 4 4 4 4 4 
4 4 4 4 4 4 4 4 4 4 
4 4 4 4 4 4 4 4 4 4 
4 5 5 5 5 5 5 5 5 5 
5 5 5 5 5 5 5 5 5 5 
5 5 5 5 5 5 5 5 5 5 
5 5 5 5 5 5 5 5 5 5 
5 5 5 5 5 5 5 5 5 5 
5 5 5 5 5 5 5 5 5 5 
5 6 6 6 6 6 6 6 6 6 
6 6 6 6 6 6 6 6 6 6 
6 6 6 6 6 6 6 6 6 6 
6 6 6 6 6 6 6 6 6 6 
6 6 6 6 6 6 6 6 6 6 
6 6 6 6 6 6 6 6 6 6 
6 7 7 7 7 7 7 7 7 7 
7 7 7 7 7 7 7 7 7 7 
7 7 7 7 7 7 7 7 7 7 
7 7 7 7 7 7 7 7 7 7 
7 7 7 7 7 8 8 8 8 8 
8 8 8 8 8 8 8 8 8 8 
8 8 8 8 8 8 8 8 8 8 
8 8 8 8 8 8 8 8 8 8 
8 8 8 8 8 8 8 8 8 9 
9 9 9 9 9 9 9 9 9 9 
9 9 9 9 9 9 9 9 9 9 
9 9 9 9 9 9 9 9 9 9 
9 9 9 9 9 9 9 9 9 9 
9 9 9 10 10 10 10 10 10 10 
10 10 10 10 10 10 10 10 10 10 
10 10 10 10 10 10 10 10 10 10 
10 10 10 10 10 10 10 10 10 10 
10 10 10 10 10 10 10 11 11 11 
11 11 11 11 11 11 11 11 11 11 
11 11 11 11 11 11 11 11 11 11 
11 11 11 11 11 11 11 11 11 11 
11 11 11 11 11 11 11 11 11 11 
11 11 11 11 11 11 11 11 11 11 
11 11 11 12 12 12 12 12 12 12 
12 12 12 12 12 12 12 12 12 12 
12 12 12 12 12 12 12 12 12 12 
12 12 12 12 12 12 12 12 12 12 
12 12 12 12 12 12 12 12 12 12 
12 12 12 12 12 12 12 12 12 12 
12 12 12 13 13 13 13 13 13 13 
13 13 13 13 13 13 13 13 13 13 
13 13 13 13 13 13 13 13 13 13 
13 13 13 13 13 13 13 13 13 13 
13 13 13 13 13 13 13 13 13 13 
13 13 13 13 13 13 13 13 13 13 
13 13 13 14 14 14 14 14 14 14 
14 14 14 14 14 14 14 14 14 14 
14 14 14 14 14 14 14 14 14 14 
14 14 14 14 14 14 14 14 14 14 
14 14 14 14 14 14 14 14 14 14 
14 14 14 14 14 14 14 14 14 15 
15 15 15 15 15 15 15 15 15 15 
15 15 15 15 15 15 15 15 15 15 
15 15 15 15 15 15 15 15 15 15 
15 15 15 15 15 15 15 15 15 15 
15 15 15 15 15 15 15 15 15 15 
15 15 15 15 15 16 16 16 16 16 
16 16 16 16 16 16 16 16 16 16 
16 16 16 16 16 16 16 16 16 16 
16 16 16 16 16 16 16 16 16 16 
16 16 16 16 16 16 16 16 16 16 
16 16 16 16 16 16 16 16 16 16 
16 16 16 16 16 17 17 17 17 17 
17 17 17 17 17 17 17 17 17 17 
17 17 17 17 17 17 17 17 17 17 
17 17 17 17 17 17 17 17 17 17 
17 17 17 17 17 17 17 17 17 17 
17 17 17 17 17 17 17 17 17 17 
17 17 17 17 17 18 18 18 18 18 
18 18 18 18 18 18 18 18 18 18 
18 18 18 18 18 18 18 18 18 18 
18 18 18 18 18 18 18 18 18 18 
18 18 18 18 18 18 18 18 18 18 
18 18 18 18 18 18 18 18 18 18 
18 19 19 19 19 19 19 19 19 19 
19 19 19 19 19 19 19 19 19 19 
19 19 19 19 19 19 19 19 19 19 
19 19 19 19 19 19 19 19 19 19 
19 19 19 19 19 19 19 19 19 19 
19 19 19 19 19 19 19 20 20 20 
20 20 20 20 20 20 20 20 20 20 
20 20 20 20 20 20 20 20 20 20 
20 20 20 20 20 20 20 20 20 20 
20 20 20 20 20 20 20 20 20 20 
20 20 20 20 20 20 20 20 20 20 
20 20 20 20 20 20 20 21 21 21 
21 21 21 21 21 21 21 21 21 21 
21 21 21 21 21 21 21 21 21 21 
21 21 21 21 21 21 21 21 21 21 
21 21 21 21 21 21 21 21 21 21 
21 21 21 21 21 21 21 21 21 21 
21 21 21 21 21 21 21 22 22 22 
22 22 22 22 22 22 22 22 22 22 
22 22 22 22 22 22 22 22 22 22 
22 22 22 22 22 22 22 22 22 22 
22 22 22 22 22 22 22 22 22 22 
22 22 22 22 22 22 22 22 22 22 
22 22 22 23 23 23 23 23 23 23 
23 23 23 23 23 23 23 23 23 23 
23 23 23 23 23 23 23 23 23 23 
23 23 23 23 23 23 23 23 23 23 
23 23 23 23 23 23 23 23 23 23 
23 23 23 23 23 23 23 23 23 24 
24 24 24 24 24 24 24 24 24 24 
24 24 24 24 24 24 24 24 24 24 
24 24 24 24 24 24 24 24 24 24 
24 24 24 24 24 24 24 24 24 24 
24 24 24 24 24 24 24 24 24 24 
24 24 24 24 24 24 24 24 24 25 
25 25 25 25 25 25 25 25 25 25 
25 25 25 25 25 25 25 25 25 25 
25 25 25 25 25 25 25 25 25 25 
25 25 25 25 25 25 25 25 25 25 
25 25 25 25 25 25 25 25 25 25 
25 25 25 25 25 25 25 25 25 26 
26 26 26 26 26 26 26 26 26 26 
26 26 26 26 26 26 26 26 26 26 
26 26 26 26 26 26 26 26 26 26 
26 26 26 26 26 26 26 26 26 26 
26 26 26 26 26 26 26 26 26 26 
26 26 26 26 26 26 26 26 26 27 
27 27 27 27 27 27 27 27 27 27 
27 27 27 27 27 27 27 27 27 27 
27 27 27 27 27 27 27 27 27 27 
27 27 27 27 27 27 27 27 27 27 
27 27 27 27 27 27 27 27 27 27 
27 27 27 27 27 27 27 27 27 28 
28 28 28 28 28 28 28 28 28 28 
28 28 28 28 28 28 28 28 28 28 
28 28 28 28 28 28 28 28 28 28 
28 28 28 28 28 28 28 28 28 28 
28 28 28 28 28 28 28 28 28 28 
28 28 28 28 28 28 28 28 28 29 
29 29 29 29 29 29 29 29 29 29 
29 29 29 29 29 29 29 29 29 29 
29 29 29 29 29 29 29 29 29 29 
29 29 29 29 29 29 29 29 29 29 
29 29 29 29 29 29 29 29 29 29 
29 29 29 29 29 29 29 29 29 30 
30 30 30 30 30 30 30 30 30 30 
30 30 30 30 30 30 30 30 30 30 
30 30 30 30 30 30 30 30 30 30 
30 30 30 30 30 30 30 30 30 30 
30 30 30 30 30 30 30 30 30 30 
30 30 30 30 30 31 31 31 31 31 
31 31 31 31 31 31 31 31 31 31 
31 31 31 31 31 31 31 31 31 31 
31 31 31 31 31 31 31 31 31 31 
31 31 31 31 31 31 31 31 31 31 
31 31 31 31 31 31 31 31 31 31 
31 32 32 32 32 32 32 32 32 32 
32 32 32 32 32 32 32 32 32 32 
32 32 32 32 32 32 32 32 32 32 
32 32 32 32 32 32 32 32 32 32 
32 32 32 32 32 32 32 32 32 32 
32 32 32 32 32 32 32 32 32 32 
32 33 33 33 33 33 33 33 33 33 
33 33 33 33 33 33 33 33 33 33 
33 33 33 33 33 33 33 33 33 33 
33 33 33 33 33 33 33 33 33 33 
33 33 33 33 33 33 33 33 33 33 
33 33 33 33 33 33 33 33 33 33 
33 34 34 34 34 34 34 34 34 34 
34 34 34 34 34 34 34 34 34 34 
34 34 34 34 34 34 34 34 34 34 
34 34 34 34 34 34 34 34 34 34 
34 34 34 34 34 34 34 34 34 34 
34 34 34 34 34 34 34 35 35 35 
35 35 35 35 35 35 35 35 35 35 
35 35 35 35 35 35 35 35 35 35 
35 35 35 35 35 35 35 35 35 35 
35 35 35 35 35 35 35 35 35 35 
35 35 35 35 35 35 35 35 35 35 
35 35 35 36 36 36 36 36 36 36 
36 36 36 36 36 36 36 36 36 36 
36 36 36 36 36 36 36 36 36 36 
36 36 36 36 36 36 36 36 36 36 
36 36 36 36 36 36 36 36 36 36 
36 36 36 36 36 36 36 36 36 36 
36 36 36 37 37 37 37 37 37 37 
37 37 37 37 37 37 37 37 37 37 
37 37 37 37 37 37 37 37 37 37 
37 37 37 37 37 37 37 37 37 37 
37 37 37 37 37 37 37 37 37 37 
37 37 37 37 37 37 37 37 37 37 
37 37 37 38 38 38 38 38 38 38 
38 38 38 38 38 38 38 38 38 38 
38 38 38 38 38 38 38 38 38 38 
38 38 38 38 38 38 38 38 38 38 
38 38 38 38 38 38 38 38 38 38 
38 38 38 38 38 38 38 38 38 39 
39 39 39 39 39 39 39 39 39 39 
39 39 39 39 39 39 39 39 39 39 
39 39 39 39 39 39 39 39 39 39 
39 39 39 39 39 39 39 39 39 39 
39 39 39 39 39 39 39 39 39 39 
39 39 39 39 39 40 40 40 40 40 
40 40 40 40 40 40 40 40 40 40 
40 40 40 40 40 40 40 40 40 40 
40 40 40 40 40 40 40 40 40 40 
40 40 40 40 40 40 40 40 40 40 
40 40 40 40 40 40 40 40 40 40 
40 40 40 40 40 41 41 41 41 41 
41 41 41 41 41 41 41 41 41 41 
41 41 41 41 41 41 41 41 41 41 
41 41 41 41 41 41 41 41 41 41 
41 41 41 41 41 41 41 41 41 41 
41 41 41 41 41 41 41 41 41 41 
41 41 41 41 41 42 42 42 42 42 
42 42 42 42 42 42 42 42 42 42 
42 42 42 42 42 42 42 42 42 42 
42 42 42 42 42 42 42 42 42 42 
42 42 42 42 42 42 42 42 42 42 
42 42 42 42 42 42 42 42 42 42 
42 43 43 43 43 43 43 43 43 43 
43 43 43 43 43 43 43 43 43 43 
43 43 43 43 43 43 43 43 43 43 
43 43 43 43 43 43 43 43 43 43 
43 43 43 43 43 44 44 44 44 44 
44 44 44 44 44 44 44 44 44 44 
44 44 44 44 44 44 44 44 44 44 
44 44 44 44 44 44 44 44 44 44 
44 44 44 44 44 44 44 44 44 44 
44 44 44 44 44 44 44 44 44 44 
44 45 45 45 45 45 45 45 45 45 
45 45 45 45 45 45 45 45 45 45 
45 45 45 45 45 45 45 45 45 45 
45 45 45 45 45 45 45 45 45 45 
45 45 45 45 45 45 45 45 45 45 
45 45 45 45 45 45 45 45 45 45 
45 46 46 46 46 46 46 46 46 46 
46 46 46 46 46 46 46 46 46 46 
46 46 46 46 46 46 46 46 46 46 
46 46 46 46 46 46 46 46 46 46 
46 46 46 46 46 46 46 46 46 46 
46 46 46 46 46 46 46 46 46 46 
46 47 47 47 47 47 47 47 47 47 
47 47 47 47 47 47 47 47 47 47 
47 47 47 47 47 47 47 47 47 47 
47 47 47 47 47 47 47 47 47 47 
47 47 47 47 47 47 47 47 47 47 
47 47 47 47 47 47 47 47 47 47 
47 48 48 48 48 48 48 48 48 48 
48 48 48 48 48 48 48 48 48 48 
48 48 48 48 48 48 48 48 48 48 
48 48 48 48 48 48 48 48 48 48 
48 48 48 48 48 49 49 49 49 49 
49 49 49 49 49 49 49 49 49 49 
49 49 49 49 49 49 49 49 49 49 
49 49 49 49 49 49 49 49 49 49 
49 49 49 49 49 49 49 49 49 49 
49 49 49 49 49 49 49 49 49 49 
49 49 49 49 49 50 50 50 50 50 
50 50 50 50 50 50 50 50 50 50 
50 50 50 50 50 50 50 50 50 50 
50 50 50 50 50 50 50 50 50 50 
50 50 50 50 50 50 50 50 50 50 
50 50 50 50 50 50 50 50 50 50 
50 50 50 50 50 51 51 51 51 51 
51 51 51 51 51 51 51 51 51 51 
51 51 51 51 51 51 51 51 51 51 
51 51 51 51 51 51 51 51 51 51 
51 51 51 51 51 51 51 51 51 51 
51 51 51 51 51 51 51 51 51 51 
51 51 51 51 51 52 52 52 52 52 
52 52 52 52 52 52 52 52 52 52 
52 52 52 52 52 52 52 52 52 52 
52 52 52 52 52 52 52 52 52 52 
52 52 52 52 52 52 52 52 52 52 
52 52 52 52 52 52 52 52 52 52 
52 52 52 52 52 53 53 53 53 53 
53 53 53 53 53 53 53 53 53 53 
53 53 53 53 53 53 53 53 53 53 
53 53 53 53 53 53 53 53 53 53 
53 53 53 53 53 53 53 53 53 54 
54 54 54 54 54 54 54 54 54 54 
54 54 54 54 54 54 54 54 54 54 
54 54 54 54 54 54 54 54 54 54 
54 54 54 54 54 54 54 54 54 54 
54 54 54 54 54 54 54 54 54 54 
54 54 54 54 54 54 54 54 54 55 
55 55 55 55 55 55 55 55 55 55 
55 55 55 55 55 55 55 55 55 55 
55 55 55 55 55 55 55 55 55 55 
55 55 55 55 55 55 55 55 55 55 
55 55 55 55 55 55 55 55 55 55 
55 55 55 55 55 57 57 57 57 57 
57 57 57 57 57 57 57 57 57 57 
57 57 57 57 57 57 57 57 57 57 
57 57 57 57 57 57 57 57 57 57 
57 57 57 57 57 57 57 57 57 57 
57 57 57 57 57 57 57 57 57 57 
57 57 57 57 57 58 58 58 58 58 
58 58 58 58 58 58 58 58 58 58 
58 58 58 58 58 58 58 58 58 58 
58 58 58 58 58 58 58 58 58 58 
58 58 58 58 58 58 58 58 58 58 
58 58 58 58 58 58 58 58 58 58 
58 59 59 59 59 59 59 59 59 59 
59 59 59 59 59 59 59 59 59 59 
59 59 59 59 59 59 59 59 59 59 
59 59 59 59 59 59 59 59 59 59 
59 59 59 59 59 59 59 59 59 59 
59 59 59 59 59 59 59 60 60 60 
60 60 60 60 60 60 60 60 60 60 
60 60 60 60 60 60 60 60 60 60 
60 60 60 60 60 60 60 60 60 60 
60 60 60 60 60 60 60 60 60 60 
60 60 60 60 60 60 60 60 60 60 
60 60 60 61 61 61 61 61 61 61 
61 61 61 61 61 61 61 61 61 61 
61 61 61 61 61 61 61 61 61 61 
61 61 61 61 61 61 61 61 61 61 
61 61 61 61 61 61 61 61 61 61 
61 61 61 61 61 61 61 61 61 62 
62 62 62 62 62 62 62 62 62 62 
62 62 62 62 62 62 62 62 62 62 
62 62 62 62 62 62 62 62 62 62 
62 62 62 62 62 62 62 62 62 62 
62 62 62 62 62 62 62 62 62 62 
62 62 62 62 62 63 63 63 63 63 
63 63 63 63 63 63 63 63 63 63 
63 63 63 63 63 63 63 63 63 63 
63 63 63 63 63 63 63 63 63 63 
63 63 63 63 63 63 63 63 63 63 
63 63 63 63 63 63 63 63 63 63 
63 64 64 64 64 64 64 64 64 64 
64 64 64 64 64 64 64 64 64 64 
64 64 64 64 64 64 64 64 64 64 
64 64 64 64 64 64 64 64 64 64 
64 64 64 64 64 64 64 64 64 64 
64 64 64 64 64 64 64 65 65 65 
65 65 65 65 65 65 65 65 65 65 
65 65 65 65 65 65 65 65 65 65 
65 65 65 65 65 65 65 65 65 65 
65 65 65 65 65 65 65 65 65 65 
65 65 65 65 65 65 65 65 65 65 
65 65 65 66 66 66 66 66 66 66 
66 66 66 66 66 66 66 66 66 66 
66 66 66 66 66 66 66 66 66 66 
66 66 66 66 66 66 66 66 66 66 
66 66 66 66 66 66 66 66 66 66 
66 66 66 66 66 66 66 66 66 67 
67 67 67 67 67 67 67 67 67 67 
67 67 67 67 67 67 67 67 67 67 
67 67 67 67 67 67 67 67 67 67 
67 67 67 67 67 67 67 67 67 67 
67 67 67 67 67 67 67 67 67 67 
67 67 67 67 67 67 67 67 67 68 
68 68 68 68 68 68 68 68 68 68 
68 68 68 68 68 68 68 68 68 68 
68 68 68 68 68 68 68 68 68 68 
68 68 68 68 68 68 68 68 68 68 
68 68 68 68 68 68 68 68 68 68 
68 68 68 68 68 69 69 69 69 69 
69 69 69 69 69 69 69 69 69 69 
69 69 69 69 69 69 69 69 69 69 
69 69 69 69 69 69 69 69 69 69 
69 69 69 69 69 69 69 69 69 69 
69 69 69 69 69 69 69 69 69 69 
69 70 70 70 70 70 70 70 70 70 
70 70 70 70 70 70 70 70 70 70 
70 70 70 70 70 70 70 70 70 70 
70 70 70 70 70 70 70 70 70 70 
70 70 70 70 70 70 70 70 70 70 
70 70 70 70 70 70 70 71 71 71 
71 71 71 71 71 71 71 71 71 71 
71 71 71 71 71 71 71 71 71 71 
71 71 71 71 71 71 71 71 71 71 
71 71 71 71 71 71 71 71 71 71 
71 71 71 71 71 71 71 71 71 71 
71 71 71 72 72 72 72 72 72 72 
72 72 72 72 72 72 72 72 72 72 
72 72 72 72 72 72 72 72 72 72 
72 72 72 72 72 72 72 72 72 72 
72 72 72 72 72 72 72 72 72 72 
72 72 72 72 72 72 72 72 72 73 
73 73 73 73 73 73 73 73 73 73 
73 73 73 73 73 73 73 73 73 73 
73 73 73 73 73 73 73 73 73 73 
73 73 73 73 73 73 73 73 73 73 
73 73 73 73 73 73 73 73 73 73 
73 73 73 73 73 74 74 74 74 74 
74 74 74 74 74 74 74 74 74 74 
74 74 74 74 74 74 74 74 74 74 
74 74 74 74 74 74 74 74 74 74 
74 74 74 74 74 74 74 74 74 74 
74 74 74 74 74 74 74 74 74 74 
74 75 75 75 75 75 75 75 75 75 
75 75 75 75 75 75 75 75 75 75 
75 75 75 75 75 75 75 75 75 75 
75 75 75 75 75 75 75 75 75 75 
75 75 75 75 75 75 75 75 75 75 
75 75 75 75 75 75 75 76 76 76 
76 76 76 76 76 76 76 76 76 76 
76 76 76 76 76 76 76 76 76 76 
76 76 76 76 76 76 76 76 76 76 
76 76 76 76 76 76 76 76 76 76 
76 76 76 76 76 76 76 76 76 76 
76 76 76 77 77 77 77 77 77 77 
77 77 77 77 77 77 77 77 77 77 
77 77 77 77 77 77 77 77 77 77 
77 77 77 77 77 77 77 77 77 77 
77 77 77 77 77 77 77 77 77 77 
77 77 77 77 77 77 77 77 77 78 
78 78 78 78 78 78 78 78 78 78 
78 78 78 78 78 78 78 78 78 78 
78 78 78 78 78 78 78 78 78 78 
78 78 78 78 78 78 78 78 78 78 
78 78 78 78 78 78 78 78 78 78 
78 78 78 78 78 79 79 79 79 79 
79 79 79 79 79 79 79 79 79 79 
79 79 79 79 79 79 79 79 79 79 
79 79 79 79 79 79 79 79 79 79 
79 79 79 79 79 79 79 79 79 79 
79 79 79 79 79 79 79 79 79 79 
79 79 79 79 79 80 80 80 80 80 
80 80 80 80 80 80 80 80 80 80 
80 80 80 80 80 80 80 80 80 80 
80 80 80 80 80 80 80 80 80 80 
80 80 80 80 80 80 80 80 80 80 
80 80 80 80 80 80 80 80 80 80 
80 81 81 81 81 81 81 81 81 81 
81 81 81 81 81 81 81 81 81 81 
81 81 81 81 81 81 81 81 81 81 
81 81 81 81 81 81 81 81 81 81 
81 81 81 81 81 81 81 81 81 81 
81 81 81 81 81 81 81 81 81 81 
81 82 82 82 82 82 82 82 82 82 
82 82 82 82 82 82 82 82 82 82 
82 82 82 82 82 82 82 82 82 82 
82 82 82 82 82 82 82 82 82 82 
82 82 82 82 82 82 82 82 82 82 
82 82 82 82 82 82 82 83 83 83 
83 83 83 83 83 83 83 83 83 83 
83 83 83 83 83 83 83 83 83 83 
83 83 83 83 83 83 83 83 83 83 
83 83 83 83 83 83 83 83 83 83 
83 83 83 83 83 83 83 83 83 83 
83 83 83 84 84 84 84 84 84 84 
84 84 84 84 84 84 84 84 84 84 
84 84 84 84 84 84 84 84 84 84 
84 84 84 84 84 84 84 84 84 84 
84 84 84 84 84 84 84 84 84 84 
84 84 84 84 84 84 84 84 84 85 
85 85 85 85 85 85 85 85 85 85 
85 85 85 85 85 85 85 85 85 85 
85 85 85 85 85 85 85 85 85 85 
85 85 85 85 85 85 85 85 85 85 
85 85 85 85 85 85 85 85 85 85 
85 85 85 85 85 85 85 85 85 86 
86 86 86 86 86 86 86 86 86 86 
86 86 86 86 86 86 86 86 86 86 
86 86 86 86 86 86 86 86 86 86 
86 86 86 86 86 86 86 86 86 86 
86 86 86 86 86 86 86 86 86 86 
86 86 86 86 86 87 87 87 87 87 
87 87 87 87 87 87 87 87 87 87 
87 87 87 87 87 87 87 87 87 87 
87 87 87 87 87 87 87 87 87 87 
87 87 87 87 87 87 87 87 87 87 
87 87 87 87 87 87 87 87 87 87 
87 87 87 87 87 88 88 88 88 88 
88 88 88 88 88 88 88 88 88 88 
88 88 88 88 88 88 88 88 88 88 
88 88 88 88 88 88 88 88 88 88 
88 88 88 88 88 88 88 88 88 88 
88 88 88 88 88 88 88 88 88 88 
88 89 89 89 89 89 89 89 89 89 
89 89 89 89 89 89 89 89 89 89 
89 89 89 89 89 89 89 89 89 89 
89 89 89 89 89 89 89 89 89 89 
89 89 89 89 89 89 89 89 89 89 
89 89 89 89 89 89 89 90 90 90 
90 90 90 90 90 90 90 90 90 90 
90 90 90 90 90 90 90 90 90 90 
90 90 90 90 90 90 90 90 90 90 
90 90 90 90 90 90 90 90 90 90 
90 90 90 90 90 90 90 90 90 90 
90 90 90 91 91 91 91 91 91 91 
91 91 91 91 91 91 91 91 91 91 
91 91 91 91 91 91 91 91 91 91 
91 91 91 91 91 91 91 91 91 91 
91 91 91 91 91 91 91 91 91 91 
91 91 91 91 91 91 91 91 91 93 
93 93 93 93 93 93 93 93 93 93 
93 93 93 93 93 93 93 93 93 93 
93 93 93 93 93 93 93 93 93 93 
93 93 93 93 93 93 93 93 93 93 
93 93 93 93 93 93 93 93 93 93 
93 93 93 93 93 95 95 95 95 95 
95 95 95 95 95 95 95 95 95 95 
95 95 95 95 95 95 95 95 95 95 
95 95 95 95 95 95 95 95 95 95 
95 95 95 95 95 95 95 95 95 95 
95 95 95 95 95 95 95 95 95 95 
95 95 95 95 95 97 97 97 97 97 
97 97 97 97 97 97 97 97 97 97 
97 97 97 97 97 97 97 97 97 97 
97 97 97 97 97 97 97 97 97 97 
97 97 97 97 97 97 97 97 97 97 
97 97 97 97 97 97 97 97 97 97 
97 SCALARS Type float 1
LOOKUP_TABLE default
-1 -1 -1 -1 -1 -1 -1 -1 -1 
-1 -1 -1 -1 -1 -1 -1 -1 -1 -1 
-1 -1 -1 -1 -1 -1 -1 -1 -1 -1 
-1 -1 -1 -1 -1 -1 -1 -1 -1 -1 
-1 -1 -1 -1 -1 -1 -1 -1 -1 -1 
-1 -1 -1 -1 -1 -1 -1 -1 -1 -1 
-1 -1 -1 -1 -1 -1 -1 -1 -1 -1 
-1 -1 -1 -1 -1 -1 -1 -1 -1 -1 
-1 -1 -1 -1 -1 -1 -1 -1 -1 -1 
-1 -1 -1 -1 -1 -1 -1 -1 -1 -1 
-1 -1 -1 -1 -1 -1 -1 -1 -1 -1 
-1 -1 -1 -1 -1 -1 -1 -1 -1 -1 
-1 -1 -1 -1 -1 -1 -1 -1 -1 -1 
-1 -1 -1 -1 -1 -1 -1 -1 -1 -1 
-1 -1 -1 -1 -1 -1 -1 -1 -1 -1 
-1 -1 -1 -1 -1 -1 -1 -1 -1 -1 
-1 -1 -1 -1 -1 -1 -1 -1 -1 -1 
-1 -1 -1 -1 -1 -1 -1 -1 -1 -1 
-1 -1 -1 -1 -1 -1 -1 -1 -1 -1 
-1 -1 -1 -1 -1 -1 -1 -1 -1 -1 
-1 -1 -1 -1 -1 -1 -1 -1 -1 -1 
-1 -1 -1 -1 -1 -1 -1 -1 -1 -1 
-1 -1 -1 -1 -1 -1 -1 -1 -1 -1 
-1 -1 -1 -1 -1 -1 -1 -1 -1 -1 
-1 -1 -1 -1 -1 -1 -1 -1 -1 -1 
-1 -1 -1 -1 -1 -1 -1 -1 -1 -1 
-1 -1 -1 -1 -1 -1 -1 -1 -1 -1 
-1 -1 -1 -1 -1 -1 -1 -1 -1 -1 
-1 -1 -1 -1 -1 -1 -1 -1 -1 -1 
-1 -1 -1 -1 -1 -1 -1 -1 -1 -1 
-1 -1 -1 -1 -1 -1 -1 -1 -1 -1 
-1 -1 -1 -1 -1 -1 -1 -1 -1 -1 
-1 -1 -1 -1 -1 -1 -1 -1 -1 -1 
-1 -1 -1 -1 -1 -1 -1 -1 -1 -1 
-1 -1 -1 -1 -1 -1 -1 -1 -1 -1 
-1 -1 -1 -1 -1 -1 -1 -1 -1 -1 
-1 -1 -1 -1 -1 -1 -1 -1 -1 -1 
-1 -1 -1 -1 -1 -1 -1 -1 -1 -1 
-1 -1 -1 -1 -1 -1 -1 -1 -1 -1 
-1 -1 -1 -1 -1 -1 -1 -1 -1 -1 
-1 -1 -1 -1 -1 -1 -1 -1 -1 -1 
-1 -1 -1 -1 -1 -1 -1 -1 -1 -1 
-1 -2 -2 -2 -2 -2 -2 -2 -2 -2 
-2 -2 -2 -2 -2 -2 -2 -2 -2 -2 
-2 -2 -2 -2 -2 -2 -2 -2 -2 -2 
-2 -2 -2 -2 -2 -2 -2 -2 -2 -2 
-2 -2 -2 -2 -2 -2 -2 -2 -2 -2 
-2 -2 -2 -2 -2 -2 -2 -2 -2 -2 
-2 -2 -2 -2 -2 -2 -2 -2 -2 -2 
-2 -2 -2 -2 -2 -2 -2 -2 -2 -2 
-2 -2 -2 -2 -2 -2 -2 -2 -2 -2 
-2 -2 -2 -2 -2 -2 -2 -2 -2 -2 
-2 -2 -2 -2 -2 -2 -2 -2 -2 -2 
-2 -2 -2 -2 -2 -2 -2 -2 -2 -2 
-2 -2 -2 -2 -2 -2 -2 -2 -2 -2 
-2 -2 -2 0 0 0 0 0 0 0 
0 0 0 0 0 0 0 0 0 0 
0 0 0 0 0 0 0 0 0 0 
0 0 0 0 0 0 0 0 0 0 
0 0 0 0 0 0 0 -3 -3 -3 
-3 -3 -3 -3 -3 -3 -3 -3 -3 -3 
-3 -3 -3 -3 -3 -3 -3 -3 -3 -3 
-3 -3 -3 -3 -3 -3 -3 -3 -3 -3 
-3 -3 -3 -3 -3 -3 -3 -3 -3 -3 
-3 -3 -3 -3 -3 -3 -3 -3 -3 -3 
-3 -3 -3 5 5 5 5 5 5 5 
5 5 5 5 5 5 5 5 5 5 
5 5 5 5 5 5 5 5 5 5 
5 5 5 5 5 5 5 5 5 5 
5 5 5 5 5 5 5 5 5 5 
5 5 5 5 5 5 5 5 5 5 
5 5 5 4 4 4 4 4 4 4 
4 4 4 4 4 4 4 4 4 4 
4 4 4 4 4 4 4 4 4 4 
4 4 4 4 4 4 4 4 4 4 
4 4 4 4 4 4 4 4 4 4 
4 4 4 4 4 4 4 4 4 4 
4 4 4 -3 -3 -3 -3 -3 -3 -3 
-3 -3 -3 -3 -3 -3 -3 -3 -3 -3 
-3 -3 -3 -3 -3 -3 -3 -3 -3 -3 
-3 -3 -3 -3 -3 -3 -3 -3 -3 -3 
-3 -3 -3 -3 -3 -3 -3 -3 -3 -3 
-3 -3 -3 -3 -3 -3 -3 -3 -3 -3 
-3 -3 -3 -3 -3 -3 -3 -3 -3 -3 
-3 -3 -3 -3 -3 -3 -3 -3 -3 -3 
-3 -3 -3 -3 -3 -3 -3 -3 -3 -3 
-3 -3 -3 -3 -3 -3 -3 -3 -3 -3 
-3 -3 -3 -3 -3 -3 -3 -3 -3 -3 
-3 -3 -3 -3 -3 5 5 5 5 5 
5 5 5 5 5 5 5 5 5 5 
5 5 5 5 5 5 5 5 5 5 
5 5 5 5 5 5 5 5 5 5 
5 5 5 5 5 5 5 5 5 5 
5 5 5 5 5 5 5 5 5 5 
5 5 5 5 5 4 4 4 4 4 
4 4 4 4 4 4 4 4 4 4 
4 4 4 4 4 4 4 4 4 4 
4 4 4 4 4 4 4 4 4 4 
4 4 4 4 4 4 4 4 4 4 
4 4 4 4 4 4 4 4 4 4 
4 4 4 4 4 -3 -3 -3 -3 -3 
-3 -3 -3 -3 -3 -3 -3 -3 -3 -3 
-3 -3 -3 -3 -3 -3 -3 -3 -3 -3 
-3 -3 -3 -3 -3 -3 -3 -3 -3 -3 
-3 -3 -3 -3 -3 -3 -3 -3 -3 -3 
-3 -3 -3 -3 -3 -3 -3 -3 -3 -3 
-3 -3 -3 -3 -3 -3 -3 -3 -3 -3 
-3 -3 -3 -3 -3 -3 -3 -3 -3 -3 
-3 -3 -3 -3 -3 -3 -3 -3 -3 -3 
-3 -3 -3 -3 -3 -3 -3 -3 -3 -3 
-3 -3 -3 -3 -3 -3 -3 -3 -3 -3 
-3 -3 -3 -3 -3 -3 -3 5 5 5 
5 5 5 5 5 5 5 5 5 5 
5 5 5 5 5 5 5 5 5 5 
5 5 5 5 5 5 5 5 5 5 
5 5 5 5 5 5 5 5 5 5 
5 5 5 5 5 5 5 5 5 5 
5 5 5 5 5 5 5 4 4 4 
4 4 4 4 4 4 4 4 4 4 
4 4 4 4 4 4 4 4 4 4 
4 4 4 4 4 4 4 4 4 4 
4 4 4 4 4 4 4 4 4 4 
4 4 4 4 4 4 4 4 4 4 
4 4 4 4 4 4 4 -3 -3 -3 
-3 -3 -3 -3 -3 -3 -3 -3 -3 -3 
-3 -3 -3 -3 -3 -3 -3 -3 -3 -3 
-3 -3 -3 -3 -3 -3 -3 -3 -3 -3 
-3 -3 -3 -3 -3 -3 -3 -3 -3 -3 
-3 -3 -3 -3 -3 -3 -3 -3 -3 -3 
-3 -3 -3 -3 -3 -3 -3 -3 -3 -3 
-3 -3 -3 -3 -3 -3 -3 -3 -3 -3 
-3 -3 -3 -3 -3 -3 -3 -3 -3 -3 
-3 -3 -3 -3 -3 -3 -3 -3 -3 -3 
-3 -3 -3 -3 -3 -3 -3 -3 -3 -3 
-3 -3 -3 -3 -3 -3 -3 -3 -3 5 
5 5 5 5 5 5 5 5 5 5 
5 5 5 5 5 5 5 5 5 5 
5 5 5 5 5 5 5 5 5 5 
5 5 5 5 5 5 5 5 5 5 
5 5 5 5 5 5 5 5 5 5 
5 5 5 5 5 5 5 5 5 4 
4 4 4 4 4 4 4 4 4 4 
4 4 4 4 4 4 4 4 4 4 
4 4 4 4 4 4 4 4 4 4 
4 4 4 4 4 4 4 4 4 4 
4 4 4 4 4 4 4 4 4 4 
4 4 4 4 4 4 4 4 4 -3 
-3 -3 -3 -3 -3 -3 -3 -3 -3 -3 
-3 -3 -3 -3 -3 -3 -3 -3 -3 -3 
-3 -3 -3 -3 -3 -3 -3 -3 -3 -3 
-3 -3 -3 -3 -3 -3 -3 -3 -3 -3 
-3 -3 -3 -3 -3 -3 -3 -3 -3 -3 
-3 -3 -3 -3 -3 -3 -3 -3 -3 5 
5 5 5 5 5 5 5 5 5 5 
5 5 5 5 5 5 5 5 5 5 
5 5 5 5 5 5 5 5 5 5 
5 5 5 5 5 5 5 5 5 5 
5 5 5 5 5 5 5 5 5 5 
5 5 5 5 5 5 5 5 5 4 
4 4 4 4 4 4 4 4 4 4 
4 4 4 4 4 4 4 4 4 4 
4 4 4 4 4 4 4 4 4 4 
4 4 4 4 4 4 4 4 4 4 
4 4 4 4 4 4 4 4 4 4 
4 4 4 4 4 4 4 4 4 2 
2 2 2 2 2 2 2 2 2 2 
2 2 2 2 2 2 2 2 2 2 
2 2 2 2 2 2 2 2 2 2 
2 2 2 2 2 2 2 2 2 2 
2 2 2 2 2 2 2 2 2 2 
2 2 2 2 2 2 2 2 2 -3 
-3 -3 -3 -3 -3 -3 -3 -3 -3 -3 
-3 -3 -3 -3 -3 -3 -3 -3 -3 -3 
-3 -3 -3 -3 -3 -3 -3 -3 -3 -3 
-3 -3 -3 -3 -3 -3 -3 -3 -3 -3 
-3 -3 -3 -3 -3 -3 -3 -3 -3 -3 
-3 -3 -3 -3 -3 -3 -3 -3 -3 -3 
-3 -3 -3 -3 -3 -3 -3 -3 -3 -3 
-3 -3 -3 -3 -3 -3 -3 -3 -3 -3 
-3 -3 -3 -3 -3 -3 -3 -3 -3 -3 
-3 -3 -3 -3 -3 -3 -3 -3 -3 -3 
-3 -3 -3 -3 -3 -3 -3 -3 -3 -3 
-3 5 5 5 5 5 5 5 5 5 
5 5 5 5 5 5 5 5 5 5 
5 5 5 5 5 5 5 5 5 5 
5 5 5 5 5 5 5 5 5 5 
5 5 5 5 5 5 5 5 5 5 
5 5 5 5 5 5 5 5 5 5 
5 4 4 4 4 4 4 4 4 4 
4 4 4 4 4 4 4 4 4 4 
4 4 4 4 4 4 4 4 4 4 
4 4 4 4 4 4 4 4 4 4 
4 4 4 4 4 4 4 4 4 4 
4 4 4 4 4 4 4 4 4 4 
4 -3 -3 -3 -3 -3 -3 -3 -3 -3 
-3 -3 -3 -3 -3 -3 -3 -3 -3 -3 
-3 -3 -3 -3 -3 -3 -3 -3 -3 -3 
-3 -3 -3 -3 -3 -3 -3 -3 -3 -3 
-3 -3 -3 -3 -3 -3 -3 -3 -3 -3 
-3 -3 -3 -3 -3 -3 -3 -3 -3 -3 
-3 -3 -3 -3 -3 -3 -3 -3 -3 -3 
-3 -3 -3 -3 -3 -3 -3 -3 -3 -3 
-3 -3 -3 -3 -3 -3 -3 -3 -3 -3 
-3 -3 -3 -3 -3 -3 -3 -3 -3 -3 
-3 -3 -3 -3 -3 -3 -3 -3 -3 -3 
-3 -3 -3 5 5 5 5 5 5 5 
5 5 5 5 5 5 5 5 5 5 
5 5 5 5 5 5 5 5 5 5 
5 5 5 5 5 5 5 5 5 5 
5 5 5 5 5 5 5 5 5 5 
5 5 5 5 5 5 5 5 5 5 
5 5 5 4 4 4 4 4 4 4 
4 4 4 4 4 4 4 4 4 4 
4 4 4 4 4 4 4 4 4 4 
4 4 4 4 4 4 4 4 4 4 
4 4 4 4 4 4 4 4 4 4 
4 4 4 4 4 4 4 4 4 4 
4 4 4 -3 -3 -3 -3 -3 -3 -3 
-3 -3 -3 -3 -3 -3 -3 -3 -3 -3 
-3 -3 -3 -3 -3 -3 -3 -3 -3 -3 
-3 -3 -3 -3 -3 -3 -3 -3 -3 -3 
-3 -3 -3 -3 -3 -3 -3 -3 -3 -3 
-3 -3 -3 -3 -3 -3 -3 -3 -3 -3 
-3 -3 -3 -3 -3 -3 -3 -3 -3 -3 
-3 -3 -3 -3 -3 -3 -3 -3 -3 -3 
-3 -3 -3 -3 -3 -3 -3 -3 -3 -3 
-3 -3 -3 -3 -3 -3 -3 -3 -3 -3 
-3 -3 -3 -3 -3 -3 -3 -3 -3 -3 
-3 -3 -3 -3 -3 5 5 5 5 5 
5 5 5 5 5 5 5 5 5 5 
5 5 5 5 5 5 5 5 5 5 
5 5 5 5 5 5 5 5 5 5 
5 5 5 5 5 5 5 5 5 5 
5 5 5 5 5 5 5 5 5 5 
5 5 5 5 5 4 4 4 4 4 
4 4 4 4 4 4 4 4 4 4 
4 4 4 4 4 4 4 4 4 4 
4 4 4 4 4 4 4 4 4 4 
4 4 4 4 4 4 4 4 4 4 
4 4 4 4 4 4 4 4 4 4 
4 4 4 4 4 -3 -3 -3 -3 -3 
-3 -3 -3 -3 -3 -3 -3 -3 -3 -3 
-3 -3 -3 -3 -3 -3 -3 -3 -3 -3 
-3 -3 -3 -3 -3 -3 -3 -3 -3 -3 
-3 -3 -3 -3 -3 -3 -3 -3 -3 -3 
-3 -3 -3 -3 -3 -3 -3 -3 -3 -3 
-3 0 0 0 0 0 0 0 0 0 
0 0 0 0 0 0 0 0 0 0 
0 0 0 0 0 0 0 0 0 0 
0 0 0 0 0 0 0 0 0 0 
0 0 0 0 0 -4 -4 -4 -4 -4 
-4 -4 -4 -4 -4 -4 -4 -4 -4 -4 
-4 -4 -4 -4 -4 -4 -4 -4 -4 -4 
-4 -4 -4 -4 -4 -4 -4 -4 -4 -4 
-4 -4 -4 -4 -4 -4 -4 -4 -4 -4 
-4 -4 -4 -4 -4 -4 -4 -4 -4 -4 
-4 4 4 4 4 4 4 4 4 4 
4 4 4 4 4 4 4 4 4 4 
4 4 4 4 4 4 4 4 4 4 
4 4 4 4 4 4 4 4 4 4 
4 4 4 4 4 4 4 4 4 4 
4 4 4 4 4 4 4 4 4 4 
4 2 2 2 2 2 2 2 2 2 
2 2 2 2 2 2 2 2 2 2 
2 2 2 2 2 2 2 2 2 2 
2 2 2 2 2 2 2 2 2 2 
2 2 2 2 2 2 2 2 2 2 
2 2 2 2 2 2 2 2 2 2 
2 -4 -4 -4 -4 -4 -4 -4 -4 -4 
-4 -4 -4 -4 -4 -4 -4 -4 -4 -4 
-4 -4 -4 -4 -4 -4 -4 -4 -4 -4 
-4 -4 -4 -4 -4 -4 -4 -4 -4 -4 
-4 -4 -4 -4 -4 -4 -4 -4 -4 -4 
-4 -4 -4 -4 -4 -4 -4 -4 -4 -4 
-4 0 0 0 0 0 0 0 0 0 
0 0 0 0 0 0 0 0 0 0 
0 0 0 0 0 0 0 0 0 0 
0 0 0 0 0 0 0 0 0 0 
0 0 0 0 0 -4 -4 -4 -4 -4 
-4 -4 -4 -4 -4 -4 -4 -4 -4 -4 
-4 -4 -4 -4 -4 -4 -4 -4 -4 -4 
-4 -4 -4 -4 -4 -4 -4 -4 -4 -4 
-4 -4 -4 -4 -4 -4 -4 -4 -4 -4 
-4 -4 -4 -4 -4 -4 -4 -4 -4 -4 
-4 -4 -4 -4 -4 4 4 4 4 4 
4 4 4 4 4 4 4 4 4 4 
4 4 4 4 4 4 4 4 4 4 
4 4 4 4 4 4 4 4 4 4 
4 4 4 4 4 4 4 4 4 4 
4 4 4 4 4 4 4 4 4 4 
4 4 4 4 4 2 2 2 2 2 
2 2 2 2 2 2 2 2 2 2 
2 2 2 2 2 2 2 2 2 2 
2 2 2 2 2 2 2 2 2 2 
2 2 2 2 2 2 2 2 2 2 
2 2 2 2 2 2 2 2 2 2 
2 2 2 2 2 -4 -4 -4 -4 -4 
-4 -4 -4 -4 -4 -4 -4 -4 -4 -4 
-4 -4 -4 -4 -4 -4 -4 -4 -4 -4 
-4 -4 -4 -4 -4 -4 -4 -4 -4 -4 
-4 -4 -4 -4 -4 -4 -4 -4 -4 -4 
-4 -4 -4 -4 -4 -4 -4 -4 -4 -4 
-4 -4 -4 -4 -4 0 0 0 0 0 
0 0 0 0 0 0 0 0 0 0 
0 0 0 0 0 0 0 0 0 0 
0 0 0 0 0 0 0 0 0 0 
0 0 0 0 0 0 0 0 0 -4 
-4 -4 -4 -4 -4 -4 -4 -4 -4 -4 
-4 -4 -4 -4 -4 -4 -4 -4 -4 -4 
-4 -4 -4 -4 -4 -4 -4 -4 -4 -4 
-4 -4 -4 -4 -4 -4 -4 -4 -4 -4 
-4 -4 -4 -4 -4 -4 -4 -4 -4 -4 
-4 -4 -4 -4 -4 -4 -4 -4 -4 1 
1 1 1 1 1 1 1 1 1 1 
1 1 1 1 1 1 1 1 1 1 
1 1 1 1 1 1 1 1 1 1 
1 1 1 1 1 1 1 1 1 1 
1 1 1 1 1 1 1 1 1 1 
1 1 1 1 1 1 1 1 1 1 
1 1 1 1 1 1 1 1 1 1 
1 1 1 1 1 1 1 1 1 1 
1 1 1 1 1 1 1 1 1 1 
1 1 1 1 1 1 1 1 1 1 
1 1 1 1 1 1 1 1 1 1 
1 1 1 1 1 1 1 1 1 1 
1 1 1 1 1 1 1 1 1 1 
1 1 1 1 1 1 1 1 1 1 
1 1 1 1 1 1 1 1 1 1 
1 1 1 1 1 1 1 1 1 1 
1 1 1 1 1 1 1 1 1 1 
1 1 1 1 1 1 1 1 1 1 
1 1 1 1 1 1 1 1 1 1 
1 1 1 1 1 1 1 1 1 1 
1 1 1 1 1 1 1 1 1 1 
1 1 1 1 1 1 1 1 1 1 
1 1 1 1 1 1 1 1 1 1 
1 1 1 1 1 1 1 1 1 1 
1 1 1 1 1 1 1 1 1 1 
1 1 1 1 1 1 1 1 1 1 
1 1 1 1 1 1 1 1 1 1 
1 1 1 1 1 1 1 1 1 1 
1 1 1 1 1 1 1 1 1 1 
1 1 1 1 1 1 1 1 1 1 
1 1 1 1 1 1 1 1 1 1 
1 1 1 1 1 1 1 1 1 1 
1 1 1 1 1 1 1 1 1 1 
1 1 1 1 1 1 1 1 1 1 
1 1 1 1 1 1 1 1 1 1 
1 1 1 1 1 1 1 1 1 1 
1 1 1 1 1 1 1 1 1 1 
1 1 1 1 1 1 1 1 1 1 
1 1 1 1 1 1 1 1 1 1 
1 1 1 1 1 1 1 1 1 1 
1 1 1 1 1 1 1 1 1 1 
1 1 1 1 1 1 1 1 1 1 
1 1 1 1 1 1 1 1 1 1 
1 1 1 1 1 1 1 1 1 1 
1 1 1 1 1 1 1 1 1 1 
1 2 2 2 2 2 2 2 2 2 
2 2 2 2 2 2 2 2 2 2 
2 2 2 2 2 2 2 2 2 2 
2 2 2 2 2 2 2 2 2 2 
2 2 2 2 2 2 2 2 2 2 
2 2 2 2 2 2 2 1 1 1 
1 1 1 1 1 1 1 1 1 1 
1 1 1 1 1 1 1 1 1 1 
1 1 1 1 1 1 1 1 1 1 
1 1 1 1 1 1 1 1 1 1 
1 1 1 1 1 1 1 1 1 1 
1 1 1 2 2 2 2 2 2 2 
2 2 2 2 2 2 2 2 2 2 
2 2 2 2 2 2 2 2 2 2 
2 2 2 2 2 2 2 2 2 2 
2 2 2 2 2 2 2 2 2 2 
2 2 2 2 2 2 2 2 2 1 
1 1 1 1 1 1 1 1 1 1 
1 1 1 1 1 1 1 1 1 1 
1 1 1 1 1 1 1 1 1 1 
1 1 1 1 1 1 1 1 1 1 
1 1 1 1 1 1 1 1 1 1 
1 1 1 1 1 1 1 1 1 2 
2 2 2 2 2 2 2 2 2 2 
2 2 2 2 2 2 2 2 2 2 
2 2 2 2 2 2 2 2 2 2 
2 2 2 2 2 2 2 2 2 2 
2 2 2 2 2 2 2 2 2 2 
2 2 2 2 2 1 1 1 1 1 
1 1 1 1 1 1 1 1 1 1 
1 1 1 1 1 1 1 1 1 1 
1 1 1 1 1 1 1 1 1 1 
1 1 1 1 1 1 1 1 1 1 
1 1 1 1 1 1 1 1 1 1 
1 2 2 2 2 2 2 2 2 2 
2 2 2 2 2 2 2 2 2 2 
2 2 2 2 2 2 2 2 2 2 
2 2 2 2 2 2 2 2 2 2 
2 2 2 2 2 2 2 2 2 2 
2 2 2 2 2 2 2 1 1 1 
1 1 1 1 1 1 1 1 1 1 
1 1 1 1 1 1 1 1 1 1 
1 1 1 1 1 1 1 1 1 1 
1 1 1 1 1 1 1 1 1 1 
1 1 1 1 1 1 1 1 1 1 
1 1 1 2 2 2 2 2 2 2 
2 2 2 2 2 2 2 2 2 2 
2 2 2 2 2 2 2 2 2 2 
2 2 2 2 2 2 2 2 2 2 
2 2 2 2 2 2 2 2 2 2 
2 2 2 2 2 2 2 2 2 1 
1 1 1 1 1 1 1 1 1 1 
1 1 1 1 1 1 1 1 1 1 
1 1 1 1 1 1 1 1 1 1 
1 1 1 1 1 1 1 1 1 1 
1 1 1 1 1 1 1 1 1 1 
1 1 1 1 1 2 2 2 2 2 
2 2 2 2 2 2 2 2 2 2 
2 2 2 2 2 2 2 2 2 2 
2 2 2 2 2 2 2 2 2 2 
2 2 2 2 2 2 2 2 2 2 
2 2 2 2 2 2 2 2 2 2 
2 1 1 1 1 1 1 1 1 1 
1 1 1 1 1 1 1 1 1 1 
1 1 1 1 1 1 1 1 1 1 
1 1 1 1 1 1 1 1 1 1 
1 1 1 1 1 1 1 1 1 1 
1 1 1 1 1 1 1 2 2 2 
2 2 2 2 2 2 2 2 2 2 
2 2 2 2 2 2 2 2 2 2 
2 2 2 2 2 2 2 2 2 2 
2 2 2 2 2 2 2 2 2 2 
2 2 2 2 2 2 2 2 2 2 
2 2 2 1 1 1 1 1 1 1 
1 1 1 1 1 1 1 1 1 1 
1 1 1 1 1 1 1 1 1 1 
1 1 1 1 1 1 1 1 1 1 
1 1 1 1 1 1 1 1 1 1 
1 1 1 1 1 1 1 1 1 2 
2 2 2 2 2 2 2 2 2 2 
2 2 2 2 2 2 2 2 2 2 
2 2 2 2 2 2 2 2 2 2 
2 2 2 2 2 2 2 2 2 2 
2 2 2 2 2 2 2 2 2 2 
2 2 2 2 2 1 1 1 1 1 
1 1 1 1 1 1 1 1 1 1 
1 1 1 1 1 1 1 1 1 1 
1 1 1 1 1 1 1 1 1 1 
1 1 1 1 1 1 1 1 1 1 
1 1 1 1 1 1 1 1 1 1 
1 1 1 1 1 2 2 2 2 2 
2 2 2 2 2 2 2 2 2 2 
2 2 2 2 2 2 2 2 2 2 
2 2 2 2 2 2 2 2 2 2 
2 2 2 2 2 2 2 2 2 2 
2 2 2 2 2 2 2 2 2 2 
2 1 1 1 1 1 1 1 1 1 
1 1 1 1 1 1 1 1 1 1 
1 1 1 1 1 1 1 1 1 1 
1 1 1 1 1 1 1 1 1 1 
1 1 1 1 1 1 1 1 1 1 
1 1 1 1 1 1 1 1 1 1 
1 2 2 2 2 2 2 2 2 2 
2 2 2 2 2 2 2 2 2 2 
2 2 2 2 2 2 2 2 2 2 
2 2 2 2 2 2 2 2 2 2 
2 2 2 2 2 2 2 2 2 2 
2 2 2 2 2 2 2 1 1 1 
1 1 1 1 1 1 1 1 1 1 
1 1 1 1 1 1 1 1 1 1 
1 1 1 1 1 1 1 1 1 1 
1 1 1 1 1 1 1 1 1 1 
1 1 1 1 1 1 1 1 1 1 
1 1 1 2 2 2 2 2 2 2 
2 2 2 2 2 2 2 2 2 2 
2 2 2 2 2 2 2 2 2 2 
2 2 2 2 2 2 2 2 2 2 
2 2 2 2 2 2 2 2 2 2 
2 2 2 2 2 2 2 2 2 1 
1 1 1 1 1 1 1 1 1 1 
1 1 1 1 1 1 1 1 1 1 
1 1 1 1 1 1 1 1 1 1 
1 1 1 1 1 1 1 1 1 1 
1 1 1 1 1 1 1 1 1 1 
1 1 1 1 1 1 1 1 1 2 
2 2 2 2 2 2 2 2 2 2 
2 2 2 2 2 2 2 2 2 2 
2 2 2 2 2 2 2 2 2 2 
2 2 2 2 2 2 2 2 2 2 
2 2 2 2 2 2 2 2 2 2 
2 2 2 2 2 1 1 1 1 1 
1 1 1 1 1 1 1 1 1 1 
1 1 1 1 1 1 1 1 1 1 
1 1 1 1 1 1 1 1 1 1 
1 1 1 1 1 1 1 1 1 1 
1 1 1 1 1 1 1 1 1 1 
1 1 1 1 1 2 2 2 2 2 
2 2 2 2 2 2 2 2 2 2 
2 2 2 2 2 2 2 2 2 2 
2 2 2 2 2 2 2 2 2 2 
2 2 2 2 2 2 2 2 2 2 
2 2 2 2 2 2 2 2 2 2 
2 2 2 2 2 2 2 2 2 2 
2 2 2 2 2 2 2 2 2 2 
2 2 2 2 2 2 2 2 2 2 
2 2 2 2 2 2 2 2 2 2 
2 2 2 2 2 2 2 2 2 2 
2 2 2 2 2 2 2 1 1 1 
1 1 1 1 1 1 1 1 1 1 
1 1 1 1 1 1 1 1 1 1 
1 1 1 1 1 1 1 1 1 1 
1 1 1 1 1 1 1 1 1 1 
1 1 1 1 1 1 1 1 1 1 
1 1 1 1 1 1 1 1 1 1 
1 1 1 1 1 1 1 1 1 1 
1 1 1 1 1 1 1 1 1 1 
1 1 1 1 1 1 1 1 1 1 
1 1 1 1 1 1 1 1 1 1 
1 1 1 1 1 1 1 1 1 1 
1 1 1 1 1 1 1 1 1 1 
1 1 1 1 1 1 1 1 1 1 
1 1 1 1 1 1 1 1 1 1 
1 1 1 1 1 1 1 1 1 1 
1 1 1 1 1 1 1 1 1 1 
1 1 1 1 1 1 1 1 1 1 
1 1 1 1 1 1 1 1 1 1 
1 1 1 1 1 1 1 1 1 1 
1 1 1 1 1 1 1 1 1 1 
1 1 1 1 1 1 1 1 1 1 
1 1 1 1 1 1 1 1 1 1 
1 1 1 1 1 1 1 1 1 1 
1 1 1 1 1 1 1 1 1 1 
1 1 1 1 1 1 1 1 1 1 
1 1 1 1 1 1 1 1 1 1 
1 1 1 1 1 1 1 1 1 1 
1 1 1 1 1 1 1 1 1 1 
1 SCALARS Pipe_Flow_Rate_m3_s float 1
LOOKUP_TABLE default
0.0127777 0.0127777 0.0127777 0.0127777 0.0127777 0.0127777 0.0127777 0.0127777 0.0127777 
0.0127777 0.0127777 0.0127777 0.0127777 0.0127777 0.0127777 0.0127777 0.0127777 0.0127777 0.0127777 
0.0127777 0.0127777 0.0127777 0.0127777 0.0127777 0.0127777 0.0127777 0.0127777 0.0127777 0.0127777 
0.0127777 0.0127777 0.0127777 0.0127777 0.0127777 0.0127777 0.0127777 0.0127777 0.0127777 0.0127777 
0.0127777 0.0127777 0.0127777 0.0127777 0.0127777 0.0127777 0.0127777 0.0127777 0.0127777 0.0127777 
0.0127777 0.0127777 0.0127777 0.0127777 0.0127777 0.0127777 0.0127777 0.0127777 0.0127777 0.0127777 
0.0127777 0.0127777 0.0127777 0.0127777 0.0127777 0.0127777 0.0127777 0.0127777 0.0127777 0.0127777 
0.0127777 0.0127777 0.0127777 0.0127777 0.0127777 0.0127777 0.0127777 0.0127777 0.0127777 0.0127777 
0.0127777 0.0127777 0.0127777 0.0127777 0.0127777 0.0127777 0.0127777 0.0127777 0.0127777 0.0127777 
0.0127777 0.0127777 0.0127777 0.0127777 0.0127777 0.0127777 0.0127777 0.0127777 0.0127777 0.0127777 
0.0127777 0.0127777 0.0127777 0.0127777 0.0127777 0.0127777 0.0127777 0.0127777 0.0127777 0.0127777 
0.0127777 0.0127777 0.0127777 0.0127777 0.0127777 0.0127777 0.0127777 0.0127777 0.0127777 0.0127777 
0.0127777 0.0127777 0.0127777 0.0127777 0.0127777 0.0127777 0.0127777 0.0127777 0.0127777 0.0127777 
0.0127777 0.0127777 0.0127777 0.0127777 0.0127777 0.0127777 0.0127777 0.0127777 0.0127777 0.0127777 
0.0127777 0.0127777 0.0127777 0.0127777 0.0127777 0.0127777 0.0127777 0.0127777 0.0127777 0.0127777 
0.0127777 0.0127777 0.0127777 0.0127777 0.0127777 0.0127777 0.0127777 0.0127777 0.0127777 0.0127777 
0.0127777 0.0127777 0.0127777 0.0127777 0.0127777 0.0127777 0.0127777 0.0127777 0.0127777 0.0127777 
0.0127777 0.0127777 0.0127777 0.0127777 0.0127777 0.0127777 0.0127777 0.0127777 0.0127777 0.0127777 
0.0127777 0.0127777 0.0127777 0.0127777 0.0127777 0.0127777 0.0127777 0.0127777 0.0127777 0.0127777 
0.0127777 0.0127777 0.0127777 0.0127777 0.0127777 0.0127777 0.0127777 0.0127777 0.0127777 0.0127777 
0.0127777 0.0127777 0.0127777 0.0127777 0.0127777 0.0127777 0.0127777 0.0127777 0.0127777 0.0127777 
0.0127777 0.0127777 0.0127777 0.0127777 0.0127777 0.0127777 0.0127777 0.0127777 0.0127777 0.0127777 
0.0127777 0.0127777 0.0127777 0.0127777 0.0127777 0.0127777 0.0127777 0.0127777 0.0127777 0.0127777 
0.0127777 0.0127777 0.0127777 0.0127777 0.0127777 0.0127777 0.0127777 0.0127777 0.0127777 0.0127777 
0.0127777 0.0127777 0.0127777 0.0127777 0.0127777 0.0127777 0.0127777 0.0127777 0.0127777 0.0127777 
0.0127777 0.0127777 0.0127777 0.0127777 0.0127777 0.0127777 0.0127777 0.0127777 0.0127777 0.0127777 
0.0127777 0.0127777 0.0127777 0.0127777 0.0127777 0.0127777 0.0127777 0.0127777 0.0127777 0.0127777 
0.0127777 0.0127777 0.0127777 0.0127777 0.0127777 0.0127777 0.0127777 0.0127777 0.0127777 0.0127777 
0.0127777 0.0127777 0.0127777 0.0127777 0.0127777 0.0127777 0.0127777 0.0127777 0.0127777 0.0127777 
0.0127777 0.0127777 0.0127777 0.0127777 0.0127777 0.0127777 0.0127777 0.0127777 0.0127777 0.0127777 
0.0127777 0.0127777 0.0127777 0.0127777 0.0127777 0.0127777 0.0127777 0.0127777 0.0127777 0.0127777 
0.0127777 0.0127777 0.0127777 0.0127777 0.0127777 0.0127777 0.0127777 0.0127777 0.0127777 0.0127777 
0.0127777 0.0127777 0.0127777 0.0127777 0.0127777 0.0127777 0.0127777 0.0127777 0.0127777 0.0127777 
0.0127777 0.0127777 0.0127777 0.0127777 0.0127777 0.0127777 0.0127777 0.0127777 0.0127777 0.0127777 
0.0127777 0.0127777 0.0127777 0.0127777 0.0127777 0.0127777 0.0127777 0.0127777 0.0127777 0.0127777 
0.0127777 0.0127777 0.0127777 0.0127777 0.0127777 0.0127777 0.0127777 0.0127777 0.0127777 0.0127777 
0.0127777 0.0127777 0.0127777 0.0127777 0.0127777 0.0127777 0.0127777 0.0127777 0.0127777 0.0127777 
0.0127777 0.0127777 0.0127777 0.0127777 0.0127777 0.0127777 0.0127777 0.0127777 0.0127777 0.0127777 
0.0127777 0.0127777 0.0127777 0.0127777 0.0127777 0.0127777 0.0127777 0.0127777 0.0127777 0.0127777 
0.0127777 0.0127777 0.0127777 0.0127777 0.0127777 0.0127777 0.0127777 0.0127777 0.0127777 0.0127777 
0.0127777 0.0127777 0.0127777 0.0127777 0.0127777 0.0127777 0.0127777 0.0127777 0.0127777 0.0127777 
0.0127777 0.0127777 0.0127777 0.0127777 0.0127777 0.0127777 0.0127777 0.0127777 0.0127777 0.0127777 
0.0127777 0.00297914 0.00297914 0.00297914 0.00297914 0.00297914 0.00297914 0.00297914 0.00297914 0.00297914 
0.00297914 0.00297914 0.00297914 0.00297914 0.00297914 0.00297914 0.00297914 0.00297914 0.00297914 0.00297914 
0.00297914 0.00297914 0.00297914 0.00297914 0.00297914 0.00297914 0.00297914 0.00297914 0.00297914 0.00297914 
0.00297914 0.00297914 0.00297914 0.00297914 0.00297914 0.00297914 0.00297914 0.00297914 0.00297914 0.00297914 
0.00297914 0.00297914 0.00297914 0.00297914 0.00297914 0.0037296 0.0037296 0.0037296 0.0037296 0.0037296 
0.0037296 0.0037296 0.0037296 0.0037296 0.0037296 0.0037296 0.0037296 0.0037296 0.0037296 0.0037296 
0.0037296 0.0037296 0.0037296 0.0037296 0.0037296 0.0037296 0.0037296 0.0037296 0.0037296 0.0037296 
0.0037296 0.0037296 0.0037296 0.0037296 0.0037296 0.0037296 0.0037296 0.0037296 0.0037296 0.0037296 
0.0037296 0.0037296 0.0037296 0.0037296 0.0037296 0.0037296 0.0037296 0.0037296 0.0037296 0.000172515 
0.000172515 0.000172515 0.000172515 0.000172515 0.000172515 0.000172515 0.000172515 0.000172515 0.000172515 0.000172515 
0.000172515 0.000172515 0.000172515 0.000172515 0.000172515 0.000172515 0.000172515 0.000172515 0.000172515 0.000172515 
0.000172515 0.000172515 0.000172515 0.000172515 0.000172515 0.000172515 0.000172515 0.000172515 0.000172515 0.000172515 
0.000172515 0.000172515 0.000172515 0.000172515 0.000172515 0.000172515 0.000172515 0.000172515 0.000172515 0.000172515 
0.000172515 0.000172515 0.000172515 1.30055e-05 1.30055e-05 1.30055e-05 1.30055e-05 1.30055e-05 1.30055e-05 1.30055e-05 
1.30055e-05 1.30055e-05 1.30055e-05 1.30055e-05 1.30055e-05 1.30055e-05 1.30055e-05 1.30055e-05 1.30055e-05 1.30055e-05 
1.30055e-05 1.30055e-05 1.30055e-05 1.30055e-05 1.30055e-05 1.30055e-05 1.30055e-05 1.30055e-05 1.30055e-05 1.30055e-05 
1.30055e-05 1.30055e-05 1.30055e-05 1.30055e-05 1.30055e-05 1.30055e-05 1.30055e-05 1.30055e-05 1.30055e-05 1.30055e-05 
1.30055e-05 1.30055e-05 1.30055e-05 1.30055e-05 1.30055e-05 1.30055e-05 1.30055e-05 0.0127777 0.0127777 0.0127777 
0.0127777 0.0127777 0.0127777 0.0127777 0.0127777 0.0127777 0.0127777 0.0127777 0.0127777 0.0127777 
0.0127777 0.0127777 0.0127777 0.0127777 0.0127777 0.0127777 0.0127777 0.0127777 0.0127777 0.0127777 
0.0127777 0.0127777 0.0127777 0.0127777 0.0127777 0.0127777 0.0127777 0.0127777 0.0127777 0.0127777 
0.0127777 0.0127777 0.0127777 0.0127777 0.0127777 0.0127777 0.0127777 0.0127777 0.0127777 0.0127777 
0.0127777 0.0127777 0.0127777 0.0127777 0.0127777 0.0127777 0.0127777 0.0127777 0.0127777 0.0127777 
0.0127777 0.0127777 0.0127777 0.0127777 0.0127777 0.0127777 0.0127777 0.0127777 0.0127777 0.0127777 
0.0127777 0.0127777 0.0127777 0.0127777 0.0127777 0.0127777 0.0127777 0.0127777 0.0127777 0.0127777 
0.0127777 0.0127777 0.0127777 0.0127777 0.0127777 0.0127777 0.0127777 0.0127777 0.0127777 0.0127777 
0.0127777 0.0127777 0.0127777 0.0127777 0.0127777 0.0127777 0.0127777 0.0127777 0.0127777 0.0127777 
0.0127777 0.0127777 0.0127777 0.0127777 0.0127777 0.0127777 0.0127777 0.0127777 0.0127777 0.0127777 
0.0127777 0.0127777 0.0127777 0.0127777 0.0127777 0.0127777 0.0127777 0.0127777 0.0127777 0.0127777 
0.0127777 0.0127777 0.0127777 0.0127777 0.0127777 0.0127777 0.0127777 0.0127777 0.0127777 0.0127777 
0.0127777 0.0127777 0.0127777 0.0127777 0.0127777 0.0127777 0.0127777 0.0127777 0.0127777 0.0127777 
0.0127777 0.0127777 0.0127777 0.0127777 0.0127777 0.0127777 0.0127777 0.0127777 0.0127777 0.0127777 
0.0127777 0.0127777 0.0127777 0.0127777 0.0127777 0.0127777 0.0127777 0.0127777 0.0127777 0.0127777 
0.0127777 0.0127777 0.0127777 0.0127777 0.0127777 0.0127777 0.0127777 0.0127777 0.0127777 0.0127777 
0.0127777 0.0127777 0.0127777 0.0127777 0.0127777 0.0127777 0.0127777 0.0127777 0.0127777 0.0127777 
0.0127777 0.0127777 0.0127777 6.12353e-05 6.12353e-05 6.12353e-05 6.12353e-05 6.12353e-05 6.12353e-05 6.12353e-05 
6.12353e-05 6.12353e-05 6.12353e-05 6.12353e-05 6.12353e-05 6.12353e-05 6.12353e-05 6.12353e-05 6.12353e-05 6.12353e-05 
6.12353e-05 6.12353e-05 6.12353e-05 6.12353e-05 6.12353e-05 6.12353e-05 6.12353e-05 6.12353e-05 6.12353e-05 6.12353e-05 
6.12353e-05 6.12353e-05 6.12353e-05 6.12353e-05 6.12353e-05 6.12353e-05 6.12353e-05 6.12353e-05 6.12353e-05 6.12353e-05 
6.12353e-05 6.12353e-05 6.12353e-05 6.12353e-05 6.12353e-05 6.12353e-05 6.12353e-05 6.12353e-05 6.12353e-05 6.12353e-05 
6.12353e-05 6.12353e-05 6.12353e-05 6.12353e-05 6.12353e-05 6.12353e-05 6.12353e-05 6.12353e-05 6.12353e-05 0.0127777 
0.0127777 0.0127777 0.0127777 0.0127777 0.0127777 0.0127777 0.0127777 0.0127777 0.0127777 0.0127777 
0.0127777 0.0127777 0.0127777 0.0127777 0.0127777 0.0127777 0.0127777 0.0127777 0.0127777 0.0127777 
0.0127777 0.0127777 0.0127777 0.0127777 0.0127777 0.0127777 0.0127777 0.0127777 0.0127777 0.0127777 
0.0127777 0.0127777 0.0127777 0.0127777 0.0127777 0.0127777 0.0127777 0.0127777 0.0127777 0.0127777 
0.0127777 0.0127777 0.0127777 0.0127777 0.0127777 0.0127777 0.0127777 0.0127777 0.0127777 0.0127777 
0.0127777 0.0127777 0.0127777 0.0127777 0.0127777 0.0127777 0.0127777 0.0127777 0.0127777 0.0127777 
0.0127777 0.0127777 0.0127777 0.0127777 0.0127777 0.0127777 0.0127777 0.0127777 0.0127777 0.0127777 
0.0127777 0.0127777 0.0127777 0.0127777 0.0127777 0.0127777 0.0127777 0.0127777 0.0127777 0.0127777 
0.0127777 0.0127777 0.0127777 0.0127777 0.0127777 0.0127777 0.0127777 0.0127777 0.0127777 0.0127777 
0.0127777 0.0127777 0.0127777 0.0127777 0.0127777 0.0127777 0.0127777 0.0127777 0.0127777 0.0127777 
0.0127777 0.0127777 0.0127777 0.0127777 0.0127777 0.0127777 0.0127777 0.0127777 0.0127777 0.0127777 
0.0127777 0.0127777 0.0127777 0.0127777 0.0127777 0.0127777 0.0127777 0.0127777 0.0127777 0.0127777 
0.0127777 0.0127777 0.0127777 0.0127777 0.0127777 0.0127777 0.0127777 0.0127777 0.0127777 0.0127777 
0.0127777 0.0127777 0.0127777 0.0127777 0.0127777 0.0127777 0.0127777 0.0127777 0.0127777 0.0127777 
0.0127777 0.0127777 0.0127777 0.0127777 0.0127777 0.0127777 0.0127777 0.0127777 0.0127777 0.0127777 
0.0127777 0.0127777 0.0127777 0.0127777 0.0127777 0.0127777 0.0127777 0.0127777 0.0127777 0.0127777 
0.0127777 0.0127777 0.0127777 0.0127777 0.0127777 0.0127777 0.0127777 0.0127777 0.0127777 0.0127777 
0.0127777 0.0127777 0.0127777 0.0127777 0.0127777 0.000141983 0.000141983 0.000141983 0.000141983 0.000141983 
0.000141983 0.000141983 0.000141983 0.000141983 0.000141983 0.000141983 0.000141983 0.000141983 0.000141983 0.000141983 
0.000141983 0.000141983 0.000141983 0.000141983 0.000141983 0.000141983 0.000141983 0.000141983 0.000141983 0.000141983 
0.000141983 0.000141983 0.000141983 0.000141983 0.000141983 0.000141983 0.000141983 0.000141983 0.000141983 0.000141983 
0.000141983 0.000141983 0.000141983 0.000141983 0.000141983 0.000141983 0.000141983 0.000141983 0.000141983 0.000141983 
0.000141983 0.000141983 0.000141983 0.000141983 0.000141983 0.000141983 0.000141983 0.000141983 0.000141983 0.000141983 
0.000141983 0.0127777 0.0127777 0.0127777 0.0127777 0.0127777 0.0127777 0.0127777 0.0127777 0.0127777 
0.0127777 0.0127777 0.0127777 0.0127777 0.0127777 0.0127777 0.0127777 0.0127777 0.0127777 0.0127777 
0.0127777 0.0127777 0.0127777 0.0127777 0.0127777 0.0127777 0.0127777 0.0127777 0.0127777 0.0127777 
0.0127777 0.0127777 0.0127777 0.0127777 0.0127777 0.0127777 0.0127777 0.0127777 0.0127777 0.0127777 
0.0127777 0.0127777 0.0127777 0.0127777 0.0127777 0.0127777 0.0127777 0.0127777 0.0127777 0.0127777 
0.0127777 0.0127777 0.0127777 0.0127777 0.0127777 0.0127777 0.0127777 0.0127777 0.0127777 0.0127777 
0.0127777 0.0127777 0.0127777 0.0127777 0.0127777 0.0127777 0.0127777 0.0127777 0.0127777 0.0127777 
0.0127777 0.0127777 0.0127777 0.0127777 0.0127777 0.0127777 0.0127777 0.0127777 0.0127777 0.0127777 
0.0127777 0.0127777 0.0127777 0.0127777 0.0127777 0.0127777 0.0127777 0.0127777 0.0127777 0.0127777 
0.0127777 0.0127777 0.0127777 0.0127777 0.0127777 0.0127777 0.0127777 0.0127777 0.0127777 0.0127777 
0.0127777 0.0127777 0.0127777 0.0127777 0.0127777 0.0127777 0.0127777 0.0127777 0.0127777 0.0127777 
0.0127777 0.0127777 0.0127777 0.0127777 0.0127777 0.0127777 0.0127777 0.0127777 0.0127777 0.0127777 
0.0127777 0.0127777 0.0127777 0.0127777 0.0127777 0.0127777 0.0127777 0.0127777 0.0127777 0.0127777 
0.0127777 0.0127777 0.0127777 0.0127777 0.0127777 0.0127777 0.0127777 0.0127777 0.0127777 0.0127777 
0.0127777 0.0127777 0.0127777 0.0127777 0.0127777 0.0127777 0.0127777 0.0127777 0.0127777 0.0127777 
0.0127777 0.0127777 0.0127777 0.0127777 0.0127777 0.0127777 0.0127777 0.0127777 0.0127777 0.0127777 
0.0127777 0.0127777 0.0127777 0.0127777 0.0127777 0.0127777 0.0127777 0.0127777 0.0127777 0.0127777 
0.0127777 0.0127777 0.0127777 0.0127777 0.0127777 0.0127777 0.0127777 8.57523e-05 8.57523e-05 8.57523e-05 
8.57523e-05 8.57523e-05 8.57523e-05 8.57523e-05 8.57523e-05 8.57523e-05 8.57523e-05 8.57523e-05 8.57523e-05 8.57523e-05 
8.57523e-05 8.57523e-05 8.57523e-05 8.57523e-05 8.57523e-05 8.57523e-05 8.57523e-05 8.57523e-05 8.57523e-05 8.57523e-05 
8.57523e-05 8.57523e-05 8.57523e-05 8.57523e-05 8.57523e-05 8.57523e-05 8.57523e-05 8.57523e-05 8.57523e-05 8.57523e-05 
8.57523e-05 8.57523e-05 8.57523e-05 8.57523e-05 8.57523e-05 8.57523e-05 8.57523e-05 8.57523e-05 8.57523e-05 8.57523e-05 
8.57523e-05 8.57523e-05 8.57523e-05 8.57523e-05 8.57523e-05 8.57523e-05 8.57523e-05 8.57523e-05 8.57523e-05 8.57523e-05 
8.57523e-05 8.57523e-05 8.57523e-05 0.0127777 0.0127777 0.0127777 0.0127777 0.0127777 0.0127777 0.0127777 
0.0127777 0.0127777 0.0127777 0.0127777 0.0127777 0.0127777 0.0127777 0.0127777 0.0127777 0.0127777 
0.0127777 0.0127777 0.0127777 0.0127777 0.0127777 0.0127777 0.0127777 0.0127777 0.0127777 0.0127777 
0.0127777 0.0127777 0.0127777 0.0127777 0.0127777 0.0127777 0.0127777 0.0127777 0.0127777 0.0127777 
0.0127777 0.0127777 0.0127777 0.0127777 0.0127777 0.0127777 0.0127777 0.0127777 0.0127777 0.0127777 
0.0127777 0.0127777 0.0127777 0.0127777 0.0127777 0.0127777 0.0127777 0.0127777 0.0127777 0.0124887 
0.0124887 0.0124887 0.0124887 0.0124887 0.0124887 0.0124887 0.0124887 0.0124887 0.0124887 0.0124887 
0.0124887 0.0124887 0.0124887 0.0124887 0.0124887 0.0124887 0.0124887 0.0124887 0.0124887 0.0124887 
0.0124887 0.0124887 0.0124887 0.0124887 0.0124887 0.0124887 0.0124887 0.0124887 0.0124887 0.0124887 
0.0124887 0.0124887 0.0124887 0.0124887 0.0124887 0.0124887 0.0124887 0.0124887 0.0124887 0.0124887 
0.0124887 0.0124887 0.0124887 0.0124887 0.0124887 0.0124887 0.0124887 0.0124887 0.0124887 0.0124887 
0.0124887 0.0124887 0.0124887 0.0124887 0.0124887 0.0124887 0.0124887 0.0124887 0.0124887 0.0124887 
0.0124887 0.0124887 0.0124887 0.0124887 0.0124887 0.0124887 0.0124887 0.0124887 0.0124887 0.0124887 
0.0124887 0.0124887 0.0124887 0.0124887 0.0124887 0.0124887 0.0124887 0.0124887 0.0124887 0.0124887 
0.0124887 0.0124887 0.0124887 0.0124887 0.0124887 0.0124887 0.0124887 0.0124887 0.0124887 0.0124887 
0.0124887 0.0124887 0.0124887 0.0124887 0.0124887 0.0124887 0.0124887 0.0124887 0.0124887 0.0124887 
0.0124887 0.0124887 0.0124887 0.0124887 0.0124887 0.0124887 0.0124887 0.0124887 0.0124887 0.0124887 
0.0124887 0.0124887 0.0124887 0.0124887 0.0124887 0.0124887 0.0124887 0.0124887 0.0124887 0.000288929 
0.000288929 0.000288929 0.000288929 0.000288929 0.000288929 0.000288929 0.000288929 0.000288929 0.000288929 0.000288929 
0.000288929 0.000288929 0.000288929 0.000288929 0.000288929 0.000288929 0.000288929 0.000288929 0.000288929 0.000288929 
0.000288929 0.000288929 0.000288929 0.000288929 0.000288929 0.000288929 0.000288929 0.000288929 0.000288929 0.000288929 
0.000288929 0.000288929 0.000288929 0.000288929 0.000288929 0.000288929 0.000288929 0.000288929 0.000288929 0.000288929 
0.000288929 0.000288929 0.000288929 0.000288929 0.000288929 0.000288929 0.000288929 0.000288929 0.000288929 0.000288929 
0.000288929 0.000288929 0.000288929 0.000288929 0.000288929 0.000288929 0.000288929 0.000288929 0.000288929 0.000288929 
0.000288929 0.000288929 0.000288929 0.000288929 0.000288929 0.000288929 0.000288929 0.000288929 0.000288929 0.000288929 
0.000288929 0.000288929 0.000288929 0.000288929 0.000288929 0.000288929 0.000288929 0.000288929 0.000288929 0.000288929 
0.000288929 0.000288929 0.000288929 0.000288929 0.000288929 0.000288929 0.000288929 0.000288929 0.000288929 0.000288929 
0.000288929 0.000288929 0.000288929 0.000288929 0.000288929 0.000288929 0.000288929 0.000288929 0.000288929 0.000288929 
0.000288929 0.000288929 0.000288929 0.000288929 0.000288929 0.000288929 0.000288929 0.000288929 0.000288929 0.000288929 
0.000288929 0.000288929 0.000288929 0.000288929 0.000288929 0.000288929 0.000288929 0.000288929 0.000288929 0.000288929 
0.000288929 0.000288929 0.000288929 0.000288929 0.000288929 0.000288929 0.000288929 0.000288929 0.000288929 0.000288929 
0.000288929 0.000288929 0.000288929 0.000288929 0.000288929 0.000288929 0.000288929 0.000288929 0.000288929 0.000288929 
0.000288929 0.000288929 0.000288929 0.000288929 0.000288929 0.000288929 0.000288929 0.000288929 0.000288929 0.000288929 
0.000288929 0.000288929 0.000288929 0.000288929 0.000288929 0.000288929 0.000288929 0.000288929 0.000288929 0.000288929 
0.000288929 0.000288929 0.000288929 0.000288929 0.000288929 0.000288929 0.000288929 0.000288929 0.000288929 0.000288929 
0.000288929 0.000288929 0.000288929 0.000288929 0.000288929 0.000288929 0.000288929 0.000288929 0.000288929 0.000288929 
0.000288929 0.000288929 0.000288929 0.000288929 0.000288929 0.000288929 0.000288929 0.000288929 0.000288929 0.000288929 
0.000288929 0.000288929 0.000288929 0.000288929 0.000288929 0.000288929 0.000288929 0.000288929 0.000288929 0.000288929 
0.000288929 0.000288929 0.000288929 0.000288929 0.000288929 0.000288929 0.000288929 0.000288929 0.000288929 0.000288929 
0.000288929 0.000288929 0.000288929 0.000288929 0.000288929 0.000288929 0.000288929 0.000288929 0.000288929 0.000288929 
0.000288929 0.000288929 0.000288929 0.000288929 0.000288929 0.000288929 0.000288929 0.000288929 0.000288929 0.000288929 
0.000288929 0.000288929 0.000288929 0.000288929 0.000288929 0.000288929 0.000288929 0.000288929 0.000288929 7.99876e-05 
7.99876e-05 7.99876e-05 7.99876e-05 7.99876e-05 7.99876e-05 7.99876e-05 7.99876e-05 7.99876e-05 7.99876e-05 7.99876e-05 
7.99876e-05 7.99876e-05 7.99876e-05 7.99876e-05 7.99876e-05 7.99876e-05 7.99876e-05 7.99876e-05 7.99876e-05 7.99876e-05 
7.99876e-05 7.99876e-05 7.99876e-05 7.99876e-05 7.99876e-05 7.99876e-05 7.99876e-05 7.99876e-05 7.99876e-05 7.99876e-05 
7.99876e-05 7.99876e-05 7.99876e-05 7.99876e-05 7.99876e-05 7.99876e-05 7.99876e-05 7.99876e-05 7.99876e-05 7.99876e-05 
7.99876e-05 7.99876e-05 7.99876e-05 7.99876e-05 7.99876e-05 7.99876e-05 7.99876e-05 7.99876e-05 7.99876e-05 7.99876e-05 
7.99876e-05 7.99876e-05 7.99876e-05 7.99876e-05 7.99876e-05 0.0127777 0.0127777 0.0127777 0.0127777 0.0127777 
0.0127777 0.0127777 0.0127777 0.0127777 0.0127777 0.0127777 0.0127777 0.0127777 0.0127777 0.0127777 
0.0127777 0.0127777 0.0127777 0.0127777 0.0127777 0.0127777 0.0127777 0.0127777 0.0127777 0.0127777 
0.0127777 0.0127777 0.0127777 0.0127777 0.0127777 0.0127777 0.0127777 0.0127777 0.0127777 0.0127777 
0.0127777 0.0127777 0.0127777 0.0127777 0.0127777 0.0127777 0.0127777 0.0127777 0.0127777 0.0127777 
0.0127777 0.0127777 0.0127777 0.0127777 0.0127777 0.0127777 0.0127777 0.0127777 0.0127777 0.0127777 
0.0127777 0.0127777 0.0127777 0.0127777 0.0127777 0.0127777 0.0127777 0.0127777 0.0127777 0.0127777 
0.0127777 0.0127777 0.0127777 0.0127777 0.0127777 0.0127777 0.0127777 0.0127777 0.0127777 0.0127777 
0.0127777 0.0127777 0.0127777 0.0127777 0.0127777 0.0127777 0.0127777 0.0127777 0.0127777 0.0127777 
0.0127777 0.0127777 0.0127777 0.0127777 0.0127777 0.0127777 0.0127777 0.0127777 0.0127777 0.0127777 
0.0127777 0.0127777 0.0127777 0.0127777 0.0127777 0.0127777 0.0127777 0.0127777 0.0127777 0.0127777 
0.0127777 0.0127777 0.0127777 0.0127777 0.0127777 0.0127777 0.0127777 0.0127777 0.0127777 0.0127777 
0.0127777 0.0127777 0.0127777 0.0127777 0.0127777 0.0127777 0.0127777 0.0127777 0.0127777 0.0127777 
0.0127777 0.0127777 0.0127777 0.0127777 0.0127777 0.0127777 0.0127777 0.0127777 0.0127777 0.0127777 
0.0127777 0.0127777 0.0127777 0.0127777 0.0127777 0.0127777 0.0127777 0.0127777 0.0127777 0.0127777 
0.0127777 0.0127777 0.0127777 0.0127777 0.0127777 0.0127777 0.0127777 0.0127777 0.0127777 0.0127777 
0.0127777 0.0127777 0.0127777 0.0127777 0.0127777 0.0127777 0.0127777 0.0127777 0.0127777 0.0127777 
0.0127777 0.0127777 0.0127777 0.0127777 0.0127777 0.0127777 0.0127777 0.0127777 0.0127777 0.0127777 
0.0127777 0.000117379 0.000117379 0.000117379 0.000117379 0.000117379 0.000117379 0.000117379 0.000117379 0.000117379 
0.000117379 0.000117379 0.000117379 0.000117379 0.000117379 0.000117379 0.000117379 0.000117379 0.000117379 0.000117379 
0.000117379 0.000117379 0.000117379 0.000117379 0.000117379 0.000117379 0.000117379 0.000117379 0.000117379 0.000117379 
0.000117379 0.000117379 0.000117379 0.000117379 0.000117379 0.000117379 0.000117379 0.000117379 0.000117379 0.000117379 
0.000117379 0.000117379 0.000117379 0.000117379 0.000117379 0.000117379 0.000117379 0.000117379 0.000117379 0.000117379 
0.000117379 0.000117379 0.000117379 0.000117379 0.000117379 0.000117379 0.000117379 0.0127777 0.0127777 0.0127777 
0.0127777 0.0127777 0.0127777 0.0127777 0.0127777 0.0127777 0.0127777 0.0127777 0.0127777 0.0127777 
0.0127777 0.0127777 0.0127777 0.0127777 0.0127777 0.0127777 0.0127777 0.0127777 0.0127777 0.0127777 
0.0127777 0.0127777 0.0127777 0.0127777 0.0127777 0.0127777 0.0127777 0.0127777 0.0127777 0.0127777 
0.0127777 0.0127777 0.0127777 0.0127777 0.0127777 0.0127777 0.0127777 0.0127777 0.0127777 0.0127777 
0.0127777 0.0127777 0.0127777 0.0127777 0.0127777 0.0127777 0.0127777 0.0127777 0.0127777 0.0127777 
0.0127777 0.0127777 0.0127777 0.0127777 0.0127777 0.0127777 0.0127777 0.0127777 0.0127777 0.0127777 
0.0127777 0.0127777 0.0127777 0.0127777 0.0127777 0.0127777 0.0127777 0.0127777 0.0127777 0.0127777 
0.0127777 0.0127777 0.0127777 0.0127777 0.0127777 0.0127777 0.0127777 0.0127777 0.0127777 0.0127777 
0.0127777 0.0127777 0.0127777 0.0127777 0.0127777 0.0127777 0.0127777 0.0127777 0.0127777 0.0127777 
0.0127777 0.0127777 0.0127777 0.0127777 0.0127777 0.0127777 0.0127777 0.0127777 0.0127777 0.0127777 
0.0127777 0.0127777 0.0127777 0.0127777 0.0127777 0.0127777 0.0127777 0.0127777 0.0127777 0.0127777 
0.0127777 0.0127777 0.0127777 0.0127777 0.0127777 0.0127777 0.0127777 0.0127777 0.0127777 0.0127777 
0.0127777 0.0127777 0.0127777 0.0127777 0.0127777 0.0127777 0.0127777 0.0127777 0.0127777 0.0127777 
0.0127777 0.0127777 0.0127777 0.0127777 0.0127777 0.0127777 0.0127777 0.0127777 0.0127777 0.0127777 
0.0127777 0.0127777 0.0127777 0.0127777 0.0127777 0.0127777 0.0127777 0.0127777 0.0127777 0.0127777 
0.0127777 0.0127777 0.0127777 0.0127777 0.0127777 0.0127777 0.0127777 0.0127777 0.0127777 0.0127777 
0.0127777 0.0127777 0.0127777 0.0127777 0.0127777 0.0127777 0.0127777 0.0127777 0.0127777 0.0127777 
0.0127777 0.0127777 0.0127777 7.42062e-05 7.42062e-05 7.42062e-05 7.42062e-05 7.42062e-05 7.42062e-05 7.42062e-05 
7.42062e-05 7.42062e-05 7.42062e-05 7.42062e-05 7.42062e-05 7.42062e-05 7.42062e-05 7.42062e-05 7.42062e-05 7.42062e-05 
7.42062e-05 7.42062e-05 7.42062e-05 7.42062e-05 7.42062e-05 7.42062e-05 7.42062e-05 7.42062e-05 7.42062e-05 7.42062e-05 
7.42062e-05 7.42062e-05 7.42062e-05 7.42062e-05 7.42062e-05 7.42062e-05 7.42062e-05 7.42062e-05 7.42062e-05 7.42062e-05 
7.42062e-05 7.42062e-05 7.42062e-05 7.42062e-05 7.42062e-05 7.42062e-05 7.42062e-05 7.42062e-05 7.42062e-05 7.42062e-05 
7.42062e-05 7.42062e-05 7.42062e-05 7.42062e-05 7.42062e-05 7.42062e-05 7.42062e-05 7.42062e-05 7.42062e-05 0.0127777 
0.0127777 0.0127777 0.0127777 0.0127777 0.0127777 0.0127777 0.0127777 0.0127777 0.0127777 0.0127777 
0.0127777 0.0127777 0.0127777 0.0127777 0.0127777 0.0127777 0.0127777 0.0127777 0.0127777 0.0127777 
0.0127777 0.0127777 0.0127777 0.0127777 0.0127777 0.0127777 0.0127777 0.0127777 0.0127777 0.0127777 
0.0127777 0.0127777 0.0127777 0.0127777 0.0127777 0.0127777 0.0127777 0.0127777 0.0127777 0.0127777 
0.0127777 0.0127777 0.0127777 0.0127777 0.0127777 0.0127777 0.0127777 0.0127777 0.0127777 0.0127777 
0.0127777 0.0127777 0.0127777 0.0127777 0.0127777 0.0127777 0.0127777 0.0127777 0.0127777 0.0127777 
0.0127777 0.0127777 0.0127777 0.0127777 0.0127777 0.0127777 0.0127777 0.0127777 0.0127777 0.0127777 
0.0127777 0.0127777 0.0127777 0.0127777 0.0127777 0.0127777 0.0127777 0.0127777 0.0127777 0.0127777 
0.0127777 0.0127777 0.0127777 0.0127777 0.0127777 0.0127777 0.0127777 0.0127777 0.0127777 0.0127777 
0.0127777 0.0127777 0.0127777 0.0127777 0.0127777 0.0127777 0.0127777 0.0127777 0.0127777 0.0127777 
0.0127777 0.0127777 0.0127777 0.0127777 0.0127777 0.0127777 0.0127777 0.0127777 0.0127777 0.0127777 
0.0127777 0.0127777 0.0127777 0.0127777 0.0127777 0.0127777 0.0127777 0.0127777 0.0127777 0.0127777 
0.0127777 0.0127777 0.0127777 0.0127777 0.0127777 0.0127777 0.0127777 0.0127777 0.0127777 0.0127777 
0.0127777 0.0127777 0.0127777 0.0127777 0.0127777 0.0127777 0.0127777 0.0127777 0.0127777 0.0127777 
0.0127777 0.0127777 0.0127777 0.0127777 0.0127777 0.0127777 0.0127777 0.0127777 0.0127777 0.0127777 
0.0127777 0.0127777 0.0127777 0.0127777 0.0127777 0.0127777 0.0127777 0.0127777 0.0127777 0.0127777 
0.0127777 0.0127777 0.0127777 0.0127777 0.0127777 0.0127777 0.0127777 0.0127777 0.0127777 0.0127777 
0.0127777 0.0127777 0.0127777 0.0127777 0.0127777 7.39976e-05 7.39976e-05 7.39976e-05 7.39976e-05 7.39976e-05 
7.39976e-05 7.39976e-05 7.39976e-05 7.39976e-05 7.39976e-05 7.39976e-05 7.39976e-05 7.39976e-05 7.39976e-05 7.39976e-05 
7.39976e-05 7.39976e-05 7.39976e-05 7.39976e-05 7.39976e-05 7.39976e-05 7.39976e-05 7.39976e-05 7.39976e-05 7.39976e-05 
7.39976e-05 7.39976e-05 7.39976e-05 7.39976e-05 7.39976e-05 7.39976e-05 7.39976e-05 7.39976e-05 7.39976e-05 7.39976e-05 
7.39976e-05 7.39976e-05 7.39976e-05 7.39976e-05 7.39976e-05 7.39976e-05 7.39976e-05 7.39976e-05 7.39976e-05 7.39976e-05 
7.39976e-05 7.39976e-05 7.39976e-05 7.39976e-05 7.39976e-05 7.39976e-05 7.39976e-05 7.39976e-05 7.39976e-05 7.39976e-05 
7.39976e-05 0.00297914 0.00297914 0.00297914 0.00297914 0.00297914 0.00297914 0.00297914 0.00297914 0.00297914 
0.00297914 0.00297914 0.00297914 0.00297914 0.00297914 0.00297914 0.00297914 0.00297914 0.00297914 0.00297914 
0.00297914 0.00297914 0.00297914 0.00297914 0.00297914 0.00297914 0.00297914 0.00297914 0.00297914 0.00297914 
0.00297914 0.00297914 0.00297914 0.00297914 0.00297914 0.00297914 0.00297914 0.00297914 0.00297914 0.00297914 
0.00297914 0.00297914 0.00297914 0.00297914 0.00297914 0.00297914 0.00297914 0.00297914 0.00297914 0.00297914 
0.00297914 0.00297914 0.00297914 0.00297914 0.00297914 0.00297914 0.00297914 0.00297914 0.00297914 0.00297914 
0.00297914 0.00297914 0.00297914 0.00297914 0.00297914 0.00297914 0.00297914 0.00297914 0.00297914 0.00297914 
0.00297914 0.00297914 0.00297914 0.00297914 0.00297914 0.00297914 0.00297914 0.00297914 0.00297914 0.00297914 
0.00297914 0.00297914 0.00297914 0.00297914 0.00297914 0.00297914 0.00297914 0.00297914 0.00297914 0.00297914 
0.00297914 0.00297914 0.00297914 0.00297914 0.00297914 0.00297914 0.00297914 0.00297914 0.00297914 0.00297914 
0.00297914 0.00297914 0.00297914 0.00297914 0.00297914 0.00297914 0.00297914 0.00297914 0.00297914 0.00297914 
0.00297914 0.00297914 0.00297914 0.00297914 0.00297914 0.00297914 0.00297914 0.00297914 0.00297914 0.00297914 
0.00297914 0.00297914 0.00297914 0.00297914 0.00297914 0.00297914 0.00297914 0.00297914 0.00297914 0.00297914 
0.00297914 0.00297914 0.00297914 0.00297914 0.00297914 0.00297914 0.00297914 0.00297914 0.00297914 0.00297914 
0.00297914 0.00297914 0.00297914 0.00297914 0.00297914 0.00297914 0.00297914 0.00297914 0.00297914 0.00297914 
0.00297914 0.00297914 0.00297914 0.00297914 0.00297914 0.00297914 0.00297914 0.00297914 0.00297914 0.00297914 
0.00297914 0.00297914 0.00297914 0.00297914 0.00297914 0.00297914 0.00297914 0.00297914 0.00297914 0.00297914 
0.00297914 0.00297914 0.00297914 0.00297914 0.00297914 0.00297914 0.00297914 0.00297914 0.00297914 0.00297914 
0.00297914 0.00297914 0.00297914 0.00297914 0.00297914 0.00297914 0.00297914 0.00297914 0.00297914 0.00297914 
0.00297914 0.00297914 0.00297914 0.00297914 0.00297914 0.00297914 0.00297914 0.00297914 0.00297914 0.00297914 
0.00297914 0.00297914 0.00297914 0.00297914 0.00297914 0.00297914 0.00297914 0.00297914 0.00297914 0.00297914 
0.00297914 0.00297914 0.00297914 0.00297914 0.00297914 0.00297914 0.00297914 0.00297914 0.00297914 0.00297914 
0.00297914 4.02452e-06 4.02452e-06 4.02452e-06 4.02452e-06 4.02452e-06 4.02452e-06 4.02452e-06 4.02452e-06 4.02452e-06 
4.02452e-06 4.02452e-06 4.02452e-06 4.02452e-06 4.02452e-06 4.02452e-06 4.02452e-06 4.02452e-06 4.02452e-06 4.02452e-06 
4.02452e-06 4.02452e-06 4.02452e-06 4.02452e-06 4.02452e-06 4.02452e-06 4.02452e-06 4.02452e-06 4.02452e-06 4.02452e-06 
4.02452e-06 4.02452e-06 4.02452e-06 4.02452e-06 4.02452e-06 4.02452e-06 4.02452e-06 4.02452e-06 4.02452e-06 4.02452e-06 
4.02452e-06 4.02452e-06 4.02452e-06 4.02452e-06 4.02452e-06 4.02452e-06 4.02452e-06 4.02452e-06 4.02452e-06 4.02452e-06 
4.02452e-06 4.02452e-06 4.02452e-06 4.02452e-06 4.02452e-06 4.02452e-06 4.02452e-06 4.02452e-06 4.02452e-06 4.02452e-06 
4.02452e-06 0.0037296 0.0037296 0.0037296 0.0037296 0.0037296 0.0037296 0.0037296 0.0037296 0.0037296 
0.0037296 0.0037296 0.0037296 0.0037296 0.0037296 0.0037296 0.0037296 0.0037296 0.0037296 0.0037296 
0.0037296 0.0037296 0.0037296 0.0037296 0.0037296 0.0037296 0.0037296 0.0037296 0.0037296 0.0037296 
0.0037296 0.0037296 0.0037296 0.0037296 0.0037296 0.0037296 0.0037296 0.0037296 0.0037296 0.0037296 
0.0037296 0.0037296 0.0037296 0.0037296 0.0037296 0.0037296 0.0037296 0.0037296 0.0037296 0.0037296 
0.0037296 0.0037296 0.0037296 0.0037296 0.0037296 0.0037296 0.0037296 0.0037296 0.0037296 0.0037296 
0.0037296 0.0037296 0.0037296 0.0037296 0.0037296 0.0037296 0.0037296 0.0037296 0.0037296 0.0037296 
0.0037296 0.0037296 0.0037296 0.0037296 0.0037296 0.0037296 0.0037296 0.0037296 0.0037296 0.0037296 
0.0037296 0.0037296 0.0037296 0.0037296 0.0037296 0.0037296 0.0037296 0.0037296 0.0037296 0.0037296 
0.0037296 0.0037296 0.0037296 0.0037296 0.0037296 0.0037296 0.0037296 0.0037296 0.0037296 0.0037296 
0.0037296 0.0037296 0.0037296 0.0037296 0.0037296 0.0037296 0.0037296 0.0037296 0.0037296 0.0037296 
0.0037296 0.0037296 0.0037296 0.0037296 0.0037296 0.0037296 0.0037296 0.0037296 0.0037296 0.0037296 
0.0037296 0.0037296 0.0037296 0.0037296 0.0037296 0.0037296 0.0037296 0.0037296 0.0037296 0.0037296 
0.0037296 0.0037296 0.0037296 0.0037296 0.0037296 0.0037296 0.0037296 0.0037296 0.0037296 0.0037296 
0.0037296 0.0037296 0.0037296 0.0037296 0.0037296 0.0037296 0.0037296 0.0037296 0.0037296 0.0037296 
0.0037296 0.0037296 0.0037296 0.0037296 0.0037296 0.0037296 0.0037296 0.0037296 0.0037296 0.0037296 
0.0037296 0.0037296 0.0037296 0.0037296 0.0037296 0.0037296 0.0037296 0.0037296 0.0037296 0.0037296 
0.0037296 0.0037296 0.0037296 0.0037296 0.0037296 0.0037296 0.0037296 0.0037296 0.0037296 0.0037296 
0.0037296 0.0037296 0.0037296 0.0037296 0.0037296 0.0037296 0.0037296 0.0037296 0.0037296 0.0037296 
0.0037296 0.0037296 0.0037296 0.0037296 0.0037296 0.0037296 0.0037296 0.0037296 0.0037296 0.0037296 
0.0037296 0.0037296 0.0037296 0.0037296 0.0037296 0.0037296 0.0037296 0.0037296 0.0037296 0.0037296 
0.0037296 0.0037296 0.0037296 0.0037296 0.0037296 0.0037296 0.0037296 0.0037296 0.0037296 0.0037296 
0.0037296 0.0037296 0.0037296 0.0037296 0.0037296 3.62279e-05 3.62279e-05 3.62279e-05 3.62279e-05 3.62279e-05 
3.62279e-05 3.62279e-05 3.62279e-05 3.62279e-05 3.62279e-05 3.62279e-05 3.62279e-05 3.62279e-05 3.62279e-05 3.62279e-05 
3.62279e-05 3.62279e-05 3.62279e-05 3.62279e-05 3.62279e-05 3.62279e-05 3.62279e-05 3.62279e-05 3.62279e-05 3.62279e-05 
3.62279e-05 3.62279e-05 3.62279e-05 3.62279e-05 3.62279e-05 3.62279e-05 3.62279e-05 3.62279e-05 3.62279e-05 3.62279e-05 
3.62279e-05 3.62279e-05 3.62279e-05 3.62279e-05 3.62279e-05 3.62279e-05 3.62279e-05 3.62279e-05 3.62279e-05 3.62279e-05 
3.62279e-05 3.62279e-05 3.62279e-05 3.62279e-05 3.62279e-05 3.62279e-05 3.62279e-05 3.62279e-05 3.62279e-05 3.62279e-05 
3.62279e-05 3.62279e-05 3.62279e-05 3.62279e-05 3.62279e-05 3.21395e-06 3.21395e-06 3.21395e-06 3.21395e-06 3.21395e-06 
3.21395e-06 3.21395e-06 3.21395e-06 3.21395e-06 3.21395e-06 3.21395e-06 3.21395e-06 3.21395e-06 3.21395e-06 3.21395e-06 
3.21395e-06 3.21395e-06 3.21395e-06 3.21395e-06 3.21395e-06 3.21395e-06 3.21395e-06 3.21395e-06 3.21395e-06 3.21395e-06 
3.21395e-06 3.21395e-06 3.21395e-06 3.21395e-06 3.21395e-06 3.21395e-06 3.21395e-06 3.21395e-06 3.21395e-06 3.21395e-06 
3.21395e-06 3.21395e-06 3.21395e-06 3.21395e-06 3.21395e-06 3.21395e-06 3.21395e-06 3.21395e-06 3.21395e-06 1.44272e-05 
1.44272e-05 1.44272e-05 1.44272e-05 1.44272e-05 1.44272e-05 1.44272e-05 1.44272e-05 1.44272e-05 1.44272e-05 1.44272e-05 
1.44272e-05 1.44272e-05 1.44272e-05 1.44272e-05 1.44272e-05 1.44272e-05 1.44272e-05 1.44272e-05 1.44272e-05 1.44272e-05 
1.44272e-05 1.44272e-05 1.44272e-05 1.44272e-05 1.44272e-05 1.44272e-05 1.44272e-05 1.44272e-05 1.44272e-05 1.44272e-05 
1.44272e-05 1.44272e-05 1.44272e-05 1.44272e-05 1.44272e-05 1.44272e-05 1.44272e-05 1.44272e-05 1.44272e-05 1.44272e-05 
1.44272e-05 1.44272e-05 1.44272e-05 1.44272e-05 1.44272e-05 1.44272e-05 1.44272e-05 1.44272e-05 1.44272e-05 1.44272e-05 
1.44272e-05 1.44272e-05 1.44272e-05 1.44272e-05 1.44272e-05 1.44272e-05 1.44272e-05 1.44272e-05 1.44272e-05 0.0824514 
0.0824514 0.0824514 0.0824514 0.0824514 0.0824514 0.0824514 0.0824514 0.0824514 0.0824514 0.0824514 
0.0824514 0.0824514 0.0824514 0.0824514 0.0824514 0.0824514 0.0824514 0.0824514 0.0824514 0.0824514 
0.0824514 0.0824514 0.0824514 0.0824514 0.0824514 0.0824514 0.0824514 0.0824514 0.0824514 0.0824514 
0.0824514 0.0824514 0.0824514 0.0824514 0.0824514 0.0824514 0.0824514 0.0824514 0.0824514 0.0824514 
0.0824514 0.0824514 0.0824514 0.0824514 0.0824514 0.0824514 0.0824514 0.0824514 0.0824514 0.0824514 
0.0824514 0.0824514 0.0824514 0.0824514 0.0824514 0.000259438 0.000259438 0.000259438 0.000259438 0.000259438 
0.000259438 0.000259438 0.000259438 0.000259438 0.000259438 0.000259438 0.000259438 0.000259438 0.000259438 0.000259438 
0.000259438 0.000259438 0.000259438 0.000259438 0.000259438 0.000259438 0.000259438 0.000259438 0.000259438 0.000259438 
0.000259438 0.000259438 0.000259438 0.000259438 0.000259438 0.000259438 0.000259438 0.000259438 0.000259438 0.000259438 
0.000259438 0.000259438 0.000259438 0.000259438 0.000259438 0.000259438 0.000259438 0.000259438 0.000259438 0.000259438 
0.000259438 0.000259438 0.000259438 0.000259438 0.000259438 0.000259438 0.000259438 0.000259438 0.000259438 0.000259438 
0.000259438 0.000259438 0.000259438 0.000259438 0.000259438 0.000259438 0.000259438 0.000259438 0.000259438 0.000259438 
0.000259438 0.000259438 0.000259438 0.000259438 0.000259438 0.000259438 0.000259438 0.000259438 0.000259438 0.000259438 
0.000259438 0.000259438 0.000259438 0.000259438 0.000259438 0.000259438 0.000259438 0.000259438 0.000259438 0.000259438 
0.000259438 0.000259438 0.000259438 0.000259438 0.000259438 0.000259438 0.000259438 0.000259438 0.000259438 0.000259438 
0.000259438 0.000259438 0.000259438 0.000259438 0.000259438 0.000259438 0.000259438 0.000259438 0.000259438 0.000259438 
0.000259438 0.000259438 0.000259438 0.000259438 0.000259438 0.000259438 0.000259438 0.000259438 0.000259438 0.000259438 
0.000259438 5.14293e-05 5.14293e-05 5.14293e-05 5.14293e-05 5.14293e-05 5.14293e-05 5.14293e-05 5.14293e-05 5.14293e-05 
5.14293e-05 5.14293e-05 5.14293e-05 5.14293e-05 5.14293e-05 5.14293e-05 5.14293e-05 5.14293e-05 5.14293e-05 5.14293e-05 
5.14293e-05 5.14293e-05 5.14293e-05 5.14293e-05 5.14293e-05 5.14293e-05 5.14293e-05 5.14293e-05 5.14293e-05 5.14293e-05 
5.14293e-05 5.14293e-05 5.14293e-05 5.14293e-05 5.14293e-05 5.14293e-05 5.14293e-05 5.14293e-05 5.14293e-05 5.14293e-05 
5.14293e-05 5.14293e-05 5.14293e-05 5.14293e-05 5.14293e-05 5.14293e-05 5.14293e-05 5.14293e-05 5.14293e-05 5.14293e-05 
5.14293e-05 5.14293e-05 5.14293e-05 5.14293e-05 5.14293e-05 5.14293e-05 5.14293e-05 5.14293e-05 5.14293e-05 5.14293e-05 
5.14293e-05 5.14293e-05 5.14293e-05 5.14293e-05 5.14293e-05 5.14293e-05 5.14293e-05 5.14293e-05 5.14293e-05 5.14293e-05 
5.14293e-05 5.14293e-05 5.14293e-05 5.14293e-05 5.14293e-05 5.14293e-05 5.14293e-05 5.14293e-05 5.14293e-05 5.14293e-05 
5.14293e-05 5.14293e-05 5.14293e-05 5.14293e-05 5.14293e-05 5.14293e-05 5.14293e-05 5.14293e-05 5.14293e-05 5.14293e-05 
5.14293e-05 5.14293e-05 5.14293e-05 5.14293e-05 5.14293e-05 5.14293e-05 5.14293e-05 5.14293e-05 5.14293e-05 5.14293e-05 
5.14293e-05 5.14293e-05 5.14293e-05 5.14293e-05 5.14293e-05 5.14293e-05 5.14293e-05 5.14293e-05 5.14293e-05 5.14293e-05 
5.14293e-05 5.14293e-05 5.14293e-05 7.98771e-05 7.98771e-05 7.98771e-05 7.98771e-05 7.98771e-05 7.98771e-05 7.98771e-05 
7.98771e-05 7.98771e-05 7.98771e-05 7.98771e-05 7.98771e-05 7.98771e-05 7.98771e-05 7.98771e-05 7.98771e-05 7.98771e-05 
7.98771e-05 7.98771e-05 7.98771e-05 7.98771e-05 7.98771e-05 7.98771e-05 7.98771e-05 7.98771e-05 7.98771e-05 7.98771e-05 
7.98771e-05 7.98771e-05 7.98771e-05 7.98771e-05 7.98771e-05 7.98771e-05 7.98771e-05 7.98771e-05 7.98771e-05 7.98771e-05 
7.98771e-05 7.98771e-05 7.98771e-05 7.98771e-05 7.98771e-05 7.98771e-05 7.98771e-05 7.98771e-05 7.98771e-05 7.98771e-05 
7.98771e-05 7.98771e-05 7.98771e-05 7.98771e-05 7.98771e-05 7.98771e-05 7.98771e-05 7.98771e-05 7.98771e-05 7.98771e-05 
7.98771e-05 7.98771e-05 7.98771e-05 7.98771e-05 7.98771e-05 7.98771e-05 7.98771e-05 7.98771e-05 7.98771e-05 7.98771e-05 
7.98771e-05 7.98771e-05 7.98771e-05 7.98771e-05 7.98771e-05 7.98771e-05 7.98771e-05 7.98771e-05 7.98771e-05 7.98771e-05 
7.98771e-05 7.98771e-05 7.98771e-05 7.98771e-05 7.98771e-05 7.98771e-05 7.98771e-05 7.98771e-05 7.98771e-05 7.98771e-05 
7.98771e-05 7.98771e-05 7.98771e-05 7.98771e-05 7.98771e-05 7.98771e-05 7.98771e-05 7.98771e-05 7.98771e-05 7.98771e-05 
7.98771e-05 7.98771e-05 7.98771e-05 7.98771e-05 7.98771e-05 7.98771e-05 7.98771e-05 7.98771e-05 7.98771e-05 7.98771e-05 
7.98771e-05 7.98771e-05 7.98771e-05 7.98771e-05 7.98771e-05 0.0127777 0.0127777 0.0127777 0.0127777 0.0127777 
0.0127777 0.0127777 0.0127777 0.0127777 0.0127777 0.0127777 0.0127777 0.0127777 0.0127777 0.0127777 
0.0127777 0.0127777 0.0127777 0.0127777 0.0127777 0.0127777 0.0127777 0.0127777 0.0127777 0.0127777 
0.0127777 0.0127777 0.0127777 0.0127777 0.0127777 0.0127777 0.0127777 0.0127777 0.0127777 0.0127777 
0.0127777 0.0127777 0.0127777 0.0127777 0.0127777 0.0127777 0.0127777 0.0127777 0.0127777 0.0127777 
0.0127777 0.0127777 0.0127777 0.0127777 0.0127777 0.0127777 0.0127777 0.0127777 0.0127777 0.0127777 
0.0127777 0.0127777 0.0127777 0.0127777 0.0127777 0.0127777 0.0127777 0.0127777 0.0127777 0.0127777 
0.0127777 0.0127777 0.0127777 0.0127777 0.0127777 0.0127777 0.0127777 0.0127777 0.0127777 0.0127777 
0.0127777 0.0127777 0.0127777 0.0127777 0.0127777 0.0127777 0.0127777 0.0127777 0.0127777 0.0127777 
0.0127777 0.0127777 0.0127777 0.0127777 0.0127777 0.0127777 0.0127777 0.0127777 0.0127777 0.0127777 
0.0127777 0.0127777 0.0127777 0.0127777 0.0127777 0.0127777 0.0127777 0.0127777 0.0127777 0.0127777 
0.0127777 0.0127777 0.0127777 0.0127777 0.0127777 0.0127777 0.0127777 0.0128067 0.0128067 0.0128067 
0.0128067 0.0128067 0.0128067 0.0128067 0.0128067 0.0128067 0.0128067 0.0128067 0.0128067 0.0128067 
0.0128067 0.0128067 0.0128067 0.0128067 0.0128067 0.0128067 0.0128067 0.0128067 0.0128067 0.0128067 
0.0128067 0.0128067 0.0128067 0.0128067 0.0128067 0.0128067 0.0128067 0.0128067 0.0128067 0.0128067 
0.0128067 0.0128067 0.0128067 0.0128067 0.0128067 0.0128067 0.0128067 0.0128067 0.0128067 0.0128067 
0.0128067 0.0128067 0.0128067 0.0128067 0.0128067 0.0128067 0.0128067 0.0128067 0.0128067 0.0128067 
0.0128067 0.0128067 0.0128067 0.0128067 0.0128067 0.0128067 0.0128067 0.0128067 0.0128067 0.0128067 
0.0128067 0.0128067 0.0128067 0.0128067 0.0128067 0.0128067 0.0128067 0.0128067 0.0128067 0.0128067 
0.0128067 0.0128067 0.0128067 0.0128067 0.0128067 0.0128067 0.0128067 0.0128067 0.0128067 0.0128067 
0.0128067 0.0128067 0.0128067 0.0128067 0.0128067 0.0128067 0.0128067 0.0128067 0.0128067 0.0128067 
0.0128067 0.0128067 0.0128067 0.0128067 0.0128067 0.0128067 0.0128067 0.0128067 0.0128067 0.0128067 
0.0128067 0.0128067 0.0128067 0.0128067 0.0128067 0.0128067 0.0128067 0.0128067 0.0128067 0.0128379 
0.0128379 0.0128379 0.0128379 0.0128379 0.0128379 0.0128379 0.0128379 0.0128379 0.0128379 0.0128379 
0.0128379 0.0128379 0.0128379 0.0128379 0.0128379 0.0128379 0.0128379 0.0128379 0.0128379 0.0128379 
0.0128379 0.0128379 0.0128379 0.0128379 0.0128379 0.0128379 0.0128379 0.0128379 0.0128379 0.0128379 
0.0128379 0.0128379 0.0128379 0.0128379 0.0128379 0.0128379 0.0128379 0.0128379 0.0128379 0.0128379 
0.0128379 0.0128379 0.0128379 0.0128379 0.0128379 0.0128379 0.0128379 0.0128379 0.0128379 0.0128379 
0.0128379 0.0128379 0.0128379 0.0128379 0.0128379 0.0128379 0.0128379 0.0128379 0.0128379 0.0128379 
0.0128379 0.0128379 0.0128379 0.0128379 0.0128379 0.0128379 0.0128379 0.0128379 0.0128379 0.0128379 
0.0128379 0.0128379 0.0128379 0.0128379 0.0128379 0.0128379 0.0128379 0.0128379 0.0128379 0.0128379 
0.0128379 0.0128379 0.0128379 0.0128379 0.0128379 0.0128379 0.0128379 0.0128379 0.0128379 0.0128379 
0.0128379 0.0128379 0.0128379 0.0128379 0.0128379 0.0128379 0.0128379 0.0128379 0.0128379 0.0128379 
0.0128379 0.0128379 0.0128379 0.0128379 0.0128379 0.0128379 0.0128379 0.0128379 0.0128379 0.0128379 
0.0128379 0.0128379 0.0128379 0.0128379 0.0128379 0.0124969 0.0124969 0.0124969 0.0124969 0.0124969 
0.0124969 0.0124969 0.0124969 0.0124969 0.0124969 0.0124969 0.0124969 0.0124969 0.0124969 0.0124969 
0.0124969 0.0124969 0.0124969 0.0124969 0.0124969 0.0124969 0.0124969 0.0124969 0.0124969 0.0124969 
0.0124969 0.0124969 0.0124969 0.0124969 0.0124969 0.0124969 0.0124969 0.0124969 0.0124969 0.0124969 
0.0124969 0.0124969 0.0124969 0.0124969 0.0124969 0.0124969 0.0124969 0.0124969 0.0124969 0.0124969 
0.0124969 0.0124969 0.0124969 0.0124969 0.0124969 0.0124969 0.0124969 0.0124969 0.0124969 0.0124969 
0.0124969 0.0124969 0.0124969 0.0124969 0.0124969 0.0124969 0.0124969 0.0124969 0.0124969 0.0124969 
0.0124969 0.0124969 0.0124969 0.0124969 0.0124969 0.0124969 0.0124969 0.0124969 0.0124969 0.0124969 
0.0124969 0.0124969 0.0124969 0.0124969 0.0124969 0.0124969 0.0124969 0.0124969 0.0124969 0.0124969 
0.0124969 0.0124969 0.0124969 0.0124969 0.0124969 0.0124969 0.0124969 0.0124969 0.0124969 0.0124969 
0.0124969 0.0124969 0.0124969 0.0124969 0.0124969 0.0124969 0.0124969 0.0124969 0.0124969 0.0124969 
0.0124969 0.0124969 0.0124969 0.0124969 0.0124969 0.0124969 0.0124969 0.0128981 0.0128981 0.0128981 
0.0128981 0.0128981 0.0128981 0.0128981 0.0128981 0.0128981 0.0128981 0.0128981 0.0128981 0.0128981 
0.0128981 0.0128981 0.0128981 0.0128981 0.0128981 0.0128981 0.0128981 0.0128981 0.0128981 0.0128981 
0.0128981 0.0128981 0.0128981 0.0128981 0.0128981 0.0128981 0.0128981 0.0128981 0.0128981 0.0128981 
0.0128981 0.0128981 0.0128981 0.0128981 0.0128981 0.0128981 0.0128981 0.0128981 0.0128981 0.0128981 
0.0128981 0.0128981 0.0128981 0.0128981 0.0128981 0.0128981 0.0128981 0.0128981 0.0128981 0.0128981 
0.0128981 0.0128981 0.0128981 0.0128981 0.0128981 0.0128981 0.0128981 0.0128981 0.0128981 0.0128981 
0.0128981 0.0128981 0.0128981 0.0128981 0.0128981 0.0128981 0.0128981 0.0128981 0.0128981 0.0128981 
0.0128981 0.0128981 0.0128981 0.0128981 0.0128981 0.0128981 0.0128981 0.0128981 0.0128981 0.0128981 
0.0128981 0.0128981 0.0128981 0.0128981 0.0128981 0.0128981 0.0128981 0.0128981 0.0128981 0.0128981 
0.0128981 0.0128981 0.0128981 0.0128981 0.0128981 0.0128981 0.0128981 0.0128981 0.0128981 0.0128981 
0.0128981 0.0128981 0.0128981 0.0128981 0.0128981 0.0128981 0.0128981 0.0128981 0.0128981 0.0129857 
0.0129857 0.0129857 0.0129857 0.0129857 0.0129857 0.0129857 0.0129857 0.0129857 0.0129857 0.0129857 
0.0129857 0.0129857 0.0129857 0.0129857 0.0129857 0.0129857 0.0129857 0.0129857 0.0129857 0.0129857 
0.0129857 0.0129857 0.0129857 0.0129857 0.0129857 0.0129857 0.0129857 0.0129857 0.0129857 0.0129857 
0.0129857 0.0129857 0.0129857 0.0129857 0.0129857 0.0129857 0.0129857 0.0129857 0.0129857 0.0129857 
0.0129857 0.0129857 0.0129857 0.0129857 0.0129857 0.0129857 0.0129857 0.0129857 0.0129857 0.0129857 
0.0129857 0.0129857 0.0129857 0.0129857 0.0129857 0.0129857 0.0129857 0.0129857 0.0129857 0.0129857 
0.0129857 0.0129857 0.0129857 0.0129857 0.0129857 0.0129857 0.0129857 0.0129857 0.0129857 0.0129857 
0.0129857 0.0129857 0.0129857 0.0129857 0.0129857 0.0129857 0.0129857 0.0129857 0.0129857 0.0129857 
0.0129857 0.0129857 0.0129857 0.0129857 0.0129857 0.0129857 0.0129857 0.0129857 0.0129857 0.0129857 
0.0129857 0.0129857 0.0129857 0.0129857 0.0129857 0.0129857 0.0129857 0.0129857 0.0129857 0.0129857 
0.0129857 0.0129857 0.0129857 0.0129857 0.0129857 0.0129857 0.0129857 0.0129857 0.0129857 0.0129857 
0.0129857 0.012229 0.012229 0.012229 0.012229 0.012229 0.012229 0.012229 0.012229 0.012229 
0.012229 0.012229 0.012229 0.012229 0.012229 0.012229 0.012229 0.012229 0.012229 0.012229 
0.012229 0.012229 0.012229 0.012229 0.012229 0.012229 0.012229 0.012229 0.012229 0.012229 
0.012229 0.012229 0.012229 0.012229 0.012229 0.012229 0.012229 0.012229 0.012229 0.012229 
0.012229 0.012229 0.012229 0.012229 0.012229 0.012229 0.012229 0.012229 0.012229 0.012229 
0.012229 0.012229 0.012229 0.012229 0.012229 0.012229 0.012229 0.012229 0.012229 0.012229 
0.012229 0.012229 0.012229 0.012229 0.012229 0.012229 0.012229 0.012229 0.012229 0.012229 
0.012229 0.012229 0.012229 0.012229 0.012229 0.012229 0.012229 0.012229 0.012229 0.012229 
0.012229 0.012229 0.012229 0.012229 0.012229 0.012229 0.012229 0.012229 0.012229 0.012229 
0.012229 0.012229 0.012229 0.012229 0.012229 0.012229 0.012229 0.012229 0.012229 0.012229 
0.012229 0.012229 0.012229 0.012229 0.012229 0.012229 0.012229 0.012229 0.012229 0.012229 
0.012229 0.012229 0.012229 2.90808e-05 2.90808e-05 2.90808e-05 2.90808e-05 2.90808e-05 2.90808e-05 2.90808e-05 
2.90808e-05 2.90808e-05 2.90808e-05 2.90808e-05 2.90808e-05 2.90808e-05 2.90808e-05 2.90808e-05 2.90808e-05 2.90808e-05 
2.90808e-05 2.90808e-05 2.90808e-05 2.90808e-05 2.90808e-05 2.90808e-05 2.90808e-05 2.90808e-05 2.90808e-05 2.90808e-05 
2.90808e-05 2.90808e-05 2.90808e-05 2.90808e-05 2.90808e-05 2.90808e-05 2.90808e-05 2.90808e-05 2.90808e-05 2.90808e-05 
2.90808e-05 2.90808e-05 2.90808e-05 2.90808e-05 2.90808e-05 2.90808e-05 2.90808e-05 2.90808e-05 2.90808e-05 2.90808e-05 
2.90808e-05 2.90808e-05 2.90808e-05 2.90808e-05 2.90808e-05 2.90808e-05 2.90808e-05 2.90808e-05 2.90808e-05 2.90808e-05 
2.90808e-05 2.90808e-05 2.90808e-05 2.90808e-05 2.90808e-05 2.90808e-05 2.90808e-05 2.90808e-05 2.90808e-05 2.90808e-05 
2.90808e-05 2.90808e-05 2.90808e-05 2.90808e-05 2.90808e-05 2.90808e-05 2.90808e-05 2.90808e-05 2.90808e-05 2.90808e-05 
2.90808e-05 2.90808e-05 2.90808e-05 2.90808e-05 2.90808e-05 2.90808e-05 2.90808e-05 2.90808e-05 2.90808e-05 2.90808e-05 
2.90808e-05 2.90808e-05 2.90808e-05 2.90808e-05 2.90808e-05 2.90808e-05 2.90808e-05 2.90808e-05 2.90808e-05 2.90808e-05 
2.90808e-05 2.90808e-05 2.90808e-05 2.90808e-05 2.90808e-05 2.90808e-05 2.90808e-05 2.90808e-05 2.90808e-05 2.90808e-05 
2.90808e-05 2.90808e-05 2.90808e-05 2.90808e-05 2.90808e-05 6.02697e-05 6.02697e-05 6.02697e-05 6.02697e-05 6.02697e-05 
6.02697e-05 6.02697e-05 6.02697e-05 6.02697e-05 6.02697e-05 6.02697e-05 6.02697e-05 6.02697e-05 6.02697e-05 6.02697e-05 
6.02697e-05 6.02697e-05 6.02697e-05 6.02697e-05 6.02697e-05 6.02697e-05 6.02697e-05 6.02697e-05 6.02697e-05 6.02697e-05 
6.02697e-05 6.02697e-05 6.02697e-05 6.02697e-05 6.02697e-05 6.02697e-05 6.02697e-05 6.02697e-05 6.02697e-05 6.02697e-05 
6.02697e-05 6.02697e-05 6.02697e-05 6.02697e-05 6.02697e-05 6.02697e-05 6.02697e-05 6.02697e-05 6.02697e-05 6.02697e-05 
6.02697e-05 6.02697e-05 6.02697e-05 6.02697e-05 6.02697e-05 6.02697e-05 6.02697e-05 6.02697e-05 6.02697e-05 6.02697e-05 
6.02697e-05 6.02697e-05 6.02697e-05 6.02697e-05 6.02697e-05 6.02697e-05 6.02697e-05 6.02697e-05 6.02697e-05 6.02697e-05 
6.02697e-05 6.02697e-05 6.02697e-05 6.02697e-05 6.02697e-05 6.02697e-05 6.02697e-05 6.02697e-05 6.02697e-05 6.02697e-05 
6.02697e-05 6.02697e-05 6.02697e-05 6.02697e-05 6.02697e-05 6.02697e-05 6.02697e-05 6.02697e-05 6.02697e-05 6.02697e-05 
6.02697e-05 6.02697e-05 6.02697e-05 6.02697e-05 6.02697e-05 6.02697e-05 6.02697e-05 6.02697e-05 6.02697e-05 6.02697e-05 
6.02697e-05 6.02697e-05 6.02697e-05 6.02697e-05 6.02697e-05 6.02697e-05 6.02697e-05 6.02697e-05 6.02697e-05 6.02697e-05 
6.02697e-05 6.02697e-05 6.02697e-05 6.02697e-05 6.02697e-05 6.02697e-05 6.02697e-05 6.02697e-05 6.02697e-05 6.02697e-05 
6.02697e-05 8.19344e-06 8.19344e-06 8.19344e-06 8.19344e-06 8.19344e-06 8.19344e-06 8.19344e-06 8.19344e-06 8.19344e-06 
8.19344e-06 8.19344e-06 8.19344e-06 8.19344e-06 8.19344e-06 8.19344e-06 8.19344e-06 8.19344e-06 8.19344e-06 8.19344e-06 
8.19344e-06 8.19344e-06 8.19344e-06 8.19344e-06 8.19344e-06 8.19344e-06 8.19344e-06 8.19344e-06 8.19344e-06 8.19344e-06 
8.19344e-06 8.19344e-06 8.19344e-06 8.19344e-06 8.19344e-06 8.19344e-06 8.19344e-06 8.19344e-06 8.19344e-06 8.19344e-06 
8.19344e-06 8.19344e-06 8.19344e-06 8.19344e-06 8.19344e-06 8.19344e-06 8.19344e-06 8.19344e-06 8.19344e-06 8.19344e-06 
8.19344e-06 8.19344e-06 8.19344e-06 8.19344e-06 8.19344e-06 8.19344e-06 8.19344e-06 8.19344e-06 8.19344e-06 8.19344e-06 
8.19344e-06 8.19344e-06 8.19344e-06 8.19344e-06 8.19344e-06 8.19344e-06 8.19344e-06 8.19344e-06 8.19344e-06 8.19344e-06 
8.19344e-06 8.19344e-06 8.19344e-06 8.19344e-06 8.19344e-06 8.19344e-06 8.19344e-06 8.19344e-06 8.19344e-06 8.19344e-06 
8.19344e-06 8.19344e-06 8.19344e-06 8.19344e-06 8.19344e-06 8.19344e-06 8.19344e-06 8.19344e-06 8.19344e-06 8.19344e-06 
8.19344e-06 8.19344e-06 8.19344e-06 8.19344e-06 8.19344e-06 8.19344e-06 8.19344e-06 8.19344e-06 8.19344e-06 8.19344e-06 
8.19344e-06 8.19344e-06 8.19344e-06 8.19344e-06 8.19344e-06 8.19344e-06 8.19344e-06 8.19344e-06 8.19344e-06 8.19344e-06 
8.19344e-06 8.19344e-06 8.19344e-06 8.19344e-06 8.19344e-06 8.19344e-06 8.19344e-06 0.000120478 0.000120478 0.000120478 
0.000120478 0.000120478 0.000120478 0.000120478 0.000120478 0.000120478 0.000120478 0.000120478 0.000120478 0.000120478 
0.000120478 0.000120478 0.000120478 0.000120478 0.000120478 0.000120478 0.000120478 0.000120478 0.000120478 0.000120478 
0.000120478 0.000120478 0.000120478 0.000120478 0.000120478 0.000120478 0.000120478 0.000120478 0.000120478 0.000120478 
0.000120478 0.000120478 0.000120478 0.000120478 0.000120478 0.000120478 0.000120478 0.000120478 0.000120478 0.000120478 
0.000120478 0.000120478 0.000120478 0.000120478 0.000120478 0.000120478 0.000120478 0.000120478 0.000120478 0.000120478 
0.000120478 0.000120478 0.000120478 0.000120478 0.000120478 0.000120478 0.000120478 0.000120478 0.000120478 0.000120478 
0.000120478 0.000120478 0.000120478 0.000120478 0.000120478 0.000120478 0.000120478 0.000120478 0.000120478 0.000120478 
0.000120478 0.000120478 0.000120478 0.000120478 0.000120478 0.000120478 0.000120478 0.000120478 0.000120478 0.000120478 
0.000120478 0.000120478 0.000120478 0.000120478 0.000120478 0.000120478 0.000120478 0.000120478 0.000120478 0.000120478 
0.000120478 0.000120478 0.000120478 0.000120478 0.000120478 0.000120478 0.000120478 0.000120478 0.000120478 0.000120478 
0.000120478 0.000120478 0.000120478 0.000120478 0.000120478 0.000120478 0.000120478 0.000120478 0.000120478 0.000208035 
0.000208035 0.000208035 0.000208035 0.000208035 0.000208035 0.000208035 0.000208035 0.000208035 0.000208035 0.000208035 
0.000208035 0.000208035 0.000208035 0.000208035 0.000208035 0.000208035 0.000208035 0.000208035 0.000208035 0.000208035 
0.000208035 0.000208035 0.000208035 0.000208035 0.000208035 0.000208035 0.000208035 0.000208035 0.000208035 0.000208035 
0.000208035 0.000208035 0.000208035 0.000208035 0.000208035 0.000208035 0.000208035 0.000208035 0.000208035 0.000208035 
0.000208035 0.000208035 0.000208035 0.000208035 0.000208035 0.000208035 0.000208035 0.000208035 0.000208035 0.000208035 
0.000208035 0.000208035 0.000208035 0.000208035 0.000208035 0.000208035 0.000208035 0.000208035 0.000208035 0.000208035 
0.000208035 0.000208035 0.000208035 0.000208035 0.000208035 0.000208035 0.000208035 0.000208035 0.000208035 0.000208035 
0.000208035 0.000208035 0.000208035 0.000208035 0.000208035 0.000208035 0.000208035 0.000208035 0.000208035 0.000208035 
0.000208035 0.000208035 0.000208035 0.000208035 0.000208035 0.000208035 0.000208035 0.000208035 0.000208035 0.000208035 
0.000208035 0.000208035 0.000208035 0.000208035 0.000208035 0.000208035 0.000208035 0.000208035 0.000208035 0.000208035 
0.000208035 0.000208035 0.000208035 0.000208035 0.000208035 0.000208035 0.000208035 0.000208035 0.000208035 0.000208035 
0.000208035 0.000208035 0.000208035 0.000208035 0.000208035 0.000396565 0.000396565 0.000396565 0.000396565 0.000396565 
0.000396565 0.000396565 0.000396565 0.000396565 0.000396565 0.000396565 0.000396565 0.000396565 0.000396565 0.000396565 
0.000396565 0.000396565 0.000396565 0.000396565 0.000396565 0.000396565 0.000396565 0.000396565 0.000396565 0.000396565 
0.000396565 0.000396565 0.000396565 0.000396565 0.000396565 0.000396565 0.000396565 0.000396565 0.000396565 0.000396565 
0.000396565 0.000396565 0.000396565 0.000396565 0.000396565 0.000396565 0.000396565 0.000396565 0.000396565 0.000396565 
0.000396565 0.000396565 0.000396565 0.000396565 0.000396565 0.000396565 0.000396565 0.000396565 0.000396565 0.000396565 
0.000396565 0.000396565 0.000396565 0.000396565 0.000396565 0.000396565 0.000396565 0.000396565 0.000396565 0.000396565 
0.000396565 0.000396565 0.000396565 0.000396565 0.000396565 0.000396565 0.000396565 0.000396565 0.000396565 0.000396565 
0.000396565 0.000396565 0.000396565 0.000396565 0.000396565 0.000396565 0.000396565 0.000396565 0.000396565 0.000396565 
0.000396565 0.000396565 0.000396565 0.000396565 0.000396565 0.000396565 0.000396565 0.000396565 0.000396565 0.000396565 
0.000396565 0.000396565 0.000396565 0.000396565 0.000396565 0.000396565 0.000396565 0.000396565 0.000396565 0.000396565 
0.000396565 0.000396565 0.000396565 0.000396565 0.000396565 0.000396565 0.000396565 0.000396565 0.000396565 0.000396565 
0.000396565 0.000152118 0.000152118 0.000152118 0.000152118 0.000152118 0.000152118 0.000152118 0.000152118 0.000152118 
0.000152118 0.000152118 0.000152118 0.000152118 0.000152118 0.000152118 0.000152118 0.000152118 0.000152118 0.000152118 
0.000152118 0.000152118 0.000152118 0.000152118 0.000152118 0.000152118 0.000152118 0.000152118 0.000152118 0.000152118 
0.000152118 0.000152118 0.000152118 0.000152118 0.000152118 0.000152118 0.000152118 0.000152118 0.000152118 0.000152118 
0.000152118 0.000152118 0.000152118 0.000152118 0.000152118 0.000152118 0.000152118 0.000152118 0.000152118 0.000152118 
0.000152118 0.000152118 0.000152118 0.000152118 0.000152118 0.000152118 0.000152118 0.000152118 0.000152118 0.000152118 
0.000152118 0.000152118 0.000152118 0.000152118 0.000152118 0.000152118 0.000152118 0.000152118 0.000152118 0.000152118 
0.000152118 0.000152118 0.000152118 0.000152118 0.000152118 0.000152118 0.000152118 0.000152118 0.000152118 0.000152118 
0.000152118 0.000152118 0.000152118 0.000152118 0.000152118 0.000152118 0.000152118 0.000152118 0.000152118 0.000152118 
0.000152118 0.000152118 0.000152118 0.000152118 0.000152118 0.000152118 0.000152118 0.000152118 0.000152118 0.000152118 
0.000152118 0.000152118 0.000152118 0.000152118 0.000152118 0.000152118 0.000152118 0.000152118 0.000152118 0.000152118 
0.000152118 0.000152118 0.000152118 5.14293e-05 5.14293e-05 5.14293e-05 5.14293e-05 5.14293e-05 5.14293e-05 5.14293e-05 
5.14293e-05 5.14293e-05 5.14293e-05 5.14293e-05 5.14293e-05 5.14293e-05 5.14293e-05 5.14293e-05 5.14293e-05 5.14293e-05 
5.14293e-05 5.14293e-05 5.14293e-05 5.14293e-05 5.14293e-05 5.14293e-05 5.14293e-05 5.14293e-05 5.14293e-05 5.14293e-05 
5.14293e-05 5.14293e-05 5.14293e-05 5.14293e-05 5.14293e-05 5.14293e-05 5.14293e-05 5.14293e-05 5.14293e-05 5.14293e-05 
5.14293e-05 5.14293e-05 5.14293e-05 5.14293e-05 5.14293e-05 5.14293e-05 5.14293e-05 5.14293e-05 5.14293e-05 5.14293e-05 
5.14293e-05 5.14293e-05 5.14293e-05 5.14293e-05 5.14293e-05 5.14293e-05 5.14293e-05 5.14293e-05 5.14293e-05 7.98771e-05 
7.98771e-05 7.98771e-05 7.98771e-05 7.98771e-05 7.98771e-05 7.98771e-05 7.98771e-05 7.98771e-05 7.98771e-05 7.98771e-05 
7.98771e-05 7.98771e-05 7.98771e-05 7.98771e-05 7.98771e-05 7.98771e-05 7.98771e-05 7.98771e-05 7.98771e-05 7.98771e-05 
7.98771e-05 7.98771e-05 7.98771e-05 7.98771e-05 7.98771e-05 7.98771e-05 7.98771e-05 7.98771e-05 7.98771e-05 7.98771e-05 
7.98771e-05 7.98771e-05 7.98771e-05 7.98771e-05 7.98771e-05 7.98771e-05 7.98771e-05 7.98771e-05 7.98771e-05 7.98771e-05 
7.98771e-05 7.98771e-05 7.98771e-05 7.98771e-05 7.98771e-05 7.98771e-05 7.98771e-05 7.98771e-05 7.98771e-05 7.98771e-05 
7.98771e-05 7.98771e-05 7.98771e-05 7.98771e-05 7.98771e-05 0.000113584 0.000113584 0.000113584 0.000113584 0.000113584 
0.000113584 0.000113584 0.000113584 0.000113584 0.000113584 0.000113584 0.000113584 0.000113584 0.000113584 0.000113584 
0.000113584 0.000113584 0.000113584 0.000113584 0.000113584 0.000113584 0.000113584 0.000113584 0.000113584 0.000113584 
0.000113584 0.000113584 0.000113584 0.000113584 0.000113584 0.000113584 0.000113584 0.000113584 0.000113584 0.000113584 
0.000113584 0.000113584 0.000113584 0.000113584 0.000113584 0.000113584 0.000113584 0.000113584 0.000113584 0.000113584 
0.000113584 0.000113584 0.000113584 0.000113584 0.000113584 0.000113584 0.000113584 0.000113584 0.000113584 0.000113584 
0.000113584 0.000113584 0.000113584 0.000113584 0.000113584 3.85335e-05 3.85335e-05 3.85335e-05 3.85335e-05 3.85335e-05 
3.85335e-05 3.85335e-05 3.85335e-05 3.85335e-05 3.85335e-05 3.85335e-05 3.85335e-05 3.85335e-05 3.85335e-05 3.85335e-05 
3.85335e-05 3.85335e-05 3.85335e-05 3.85335e-05 3.85335e-05 3.85335e-05 3.85335e-05 3.85335e-05 3.85335e-05 3.85335e-05 
3.85335e-05 3.85335e-05 3.85335e-05 3.85335e-05 3.85335e-05 3.85335e-05 3.85335e-05 3.85335e-05 3.85335e-05 3.85335e-05 
3.85335e-05 3.85335e-05 3.85335e-05 3.85335e-05 3.85335e-05 3.85335e-05 3.85335e-05 3.85335e-05 3.85335e-05 3.85335e-05 
3.85335e-05 3.85335e-05 3.85335e-05 3.85335e-05 3.85335e-05 3.85335e-05 3.85335e-05 3.85335e-05 3.85335e-05 3.85335e-05 
3.85335e-05 SCALARS Height_m float 1
LOOKUP_TABLE default
0.204 0.204 0.204 0.204 0.204 0.204 0.204 0.204 0.204 
0.204 0.204 0.204 0.204 0.204 0.204 0.204 0.204 0.204 0.204 
0.204 0.204 0.204 0.204 0.204 0.204 0.204 0.204 0.204 0.204 
0.204 0.204 0.204 0.204 0.204 0.204 0.204 0.204 0.204 0.204 
0.204 0.204 0.204 0.204 0.204 0.204 0.204 0.204 0.204 0.204 
0.204 0.204 0.204 0.204 0.204 0.204 0.204 0.204 0.204 0.204 
0.204 0.204 0.204 0.204 0.204 0.204 0.204 0.204 0.204 0.204 
0.204 0.204 0.204 0.204 0.204 0.204 0.204 0.204 0.204 0.204 
0.204 0.204 0.204 0.204 0.204 0.204 0.204 0.204 0.204 0.204 
0.204 0.204 0.204 0.204 0.204 0.204 0.204 0.204 0.204 0.204 
0.204 0.204 0.204 0.204 0.204 0.204 0.204 0.204 0.204 0.204 
0.204 0.204 0.204 0.204 0.204 0.204 0.204 0.204 0.204 0.204 
0.204 0.204 0.204 0.204 0.204 0.204 0.204 0.204 0.204 0.204 
0.204 0.204 0.204 0.204 0.204 0.204 0.204 0.204 0.204 0.204 
0.204 0.204 0.204 0.204 0.204 0.204 0.204 0.204 0.204 0.204 
0.204 0.204 0.204 0.204 0.204 0.204 0.204 0.204 0.204 0.204 
0.204 0.204 0.204 0.204 0.204 0.204 0.204 0.204 0.204 0.204 
0.204 0.204 0.204 0.204 0.204 0.204 0.204 0.204 0.204 0.204 
0.204 0.204 0.204 0.204 0.204 0.204 0.204 0.204 0.204 0.204 
0.204 0.204 0.204 0.204 0.204 0.204 0.204 0.204 0.204 0.204 
0.204 0.204 0.204 0.204 0.204 0.204 0.204 0.204 0.204 0.204 
0.204 0.204 0.204 0.204 0.204 0.204 0.204 0.204 0.204 0.204 
0.204 0.204 0.204 0.204 0.204 0.204 0.204 0.204 0.204 0.204 
0.204 0.204 0.204 0.204 0.204 0.204 0.204 0.204 0.204 0.204 
0.204 0.204 0.204 0.204 0.204 0.204 0.204 0.204 0.204 0.204 
0.204 0.204 0.204 0.204 0.204 0.204 0.204 0.204 0.204 0.204 
0.204 0.204 0.204 0.204 0.204 0.204 0.204 0.204 0.204 0.204 
0.204 0.204 0.204 0.204 0.204 0.204 0.204 0.204 0.204 0.204 
0.204 0.204 0.204 0.204 0.204 0.204 0.204 0.204 0.204 0.204 
0.204 0.204 0.204 0.204 0.204 0.204 0.204 0.204 0.204 0.204 
0.204 0.204 0.204 0.204 0.204 0.204 0.204 0.204 0.204 0.204 
0.204 0.204 0.204 0.204 0.204 0.204 0.204 0.204 0.204 0.204 
0.204 0.204 0.204 0.204 0.204 0.204 0.204 0.204 0.204 0.204 
0.204 0.204 0.204 0.204 0.204 0.204 0.204 0.204 0.204 0.204 
0.204 0.204 0.204 0.204 0.204 0.204 0.204 0.204 0.204 0.204 
0.204 0.204 0.204 0.204 0.204 0.204 0.204 0.204 0.204 0.204 
0.204 0.204 0.204 0.204 0.204 0.204 0.204 0.204 0.204 0.204 
0.204 0.204 0.204 0.204 0.204 0.204 0.204 0.204 0.204 0.204 
0.204 0.204 0.204 0.204 0.204 0.204 0.204 0.204 0.204 0.204 
0.204 0.204 0.204 0.204 0.204 0.204 0.204 0.204 0.204 0.204 
0.204 0.204 0.204 0.204 0.204 0.204 0.204 0.204 0.204 0.204 
0.204 0.204 0.204 0.204 0.204 0.204 0.204 0.204 0.204 0.204 
0.204 0.204 0.204 0.204 0.204 0.204 0.204 0.204 0.204 0.204 
0.204 0.204 0.204 0.204 0.204 0.204 0.204 0.204 0.204 0.204 
0.204 0.204 0.204 0.204 0.204 0.204 0.204 0.204 0.204 0.204 
0.204 0.204 0.204 0.204 0.204 0.204 0.204 0.204 0.204 0.204 
0.204 0.204 0.204 0.204 0.204 0.204 0.204 0.204 0.204 0.204 
0.204 0.204 0.204 0.204 0.204 0.204 0.204 0.204 0.204 0.204 
0.204 0.204 0.204 0.204 0.204 0.204 0.204 0.204 0.204 0.204 
0.204 0.204 0.204 0.204 0.204 0.204 0.204 0.204 0.204 0.204 
0.204 0.204 0.204 0.204 0.204 0.204 0.204 0.204 0.204 0.204 
0.204 0.204 0.204 0.204 0.204 0.204 0.204 0.204 0.204 0.204 
0.204 0.204 0.204 0.204 0.204 0.204 0.204 0.204 0.204 0.204 
0.204 0.204 0.204 0.204 0.204 0.204 0.204 0.204 0.204 0.204 
0.204 0.204 0.204 0.204 0.204 0.204 0.204 0.204 0.204 0.204 
0.204 0.204 0.204 0.204 0.204 0.204 0.204 0.204 0.204 0.204 
0.204 0.204 0.204 0.204 0.204 0.204 0.204 0.204 0.204 0.204 
0.204 0.204 0.204 0.204 0.204 0.204 0.204 0.204 0.204 0.204 
0.204 0.204 0.204 0.204 0.204 0.204 0.204 0.204 0.204 0.204 
0.204 0.204 0.204 0.204 0.204 0.204 0.204 0.204 0.204 0.204 
0.204 0.204 0.204 0.204 0.204 0.204 0.204 0.204 0.204 0.204 
0.204 0.204 0.204 0.204 0.204 0.204 0.204 0.204 0.204 0.204 
0.204 0.204 0.204 0.204 0.204 0.204 0.204 0.204 0.204 0.204 
0.204 0.204 0.204 0.204 0.204 0.204 0.204 0.204 0.204 0.204 
0.204 0.204 0.204 0.204 0.204 0.204 0.204 0.204 0.204 0.204 
0.204 0.204 0.204 0.0187742 0.0187742 0.0187742 0.0187742 0.0187742 0.0187742 0.0187742 
0.0187742 0.0187742 0.0187742 0.0187742 0.0187742 0.0187742 0.0187742 0.0187742 0.0187742 0.0187742 
0.0187742 0.0187742 0.0187742 0.0187742 0.0187742 0.0187742 0.0187742 0.0187742 0.0187742 0.0187742 
0.0187742 0.0187742 0.0187742 0.0187742 0.0187742 0.0187742 0.0187742 0.0187742 0.0187742 0.0187742 
0.0187742 0.0187742 0.0187742 0.0187742 0.0187742 0.0187742 0.0187742 0.0187742 0.0187742 0.0187742 
0.0187742 0.0187742 0.0187742 0.0187742 0.0187742 0.0187742 0.0187742 0.0187742 0.0187742 0.0187742 
0.0187742 0.0187742 0.0187742 0.559203 0.559203 0.559203 0.559203 0.559203 0.559203 0.559203 
0.559203 0.559203 0.559203 0.559203 0.559203 0.559203 0.559203 0.559203 0.559203 0.559203 
0.559203 0.559203 0.559203 0.559203 0.559203 0.559203 0.559203 0.559203 0.559203 0.559203 
0.559203 0.559203 0.559203 0.559203 0.559203 0.559203 0.559203 0.559203 0.559203 0.559203 
0.559203 0.559203 0.559203 0.559203 0.559203 0.559203 0.559203 0.559203 0.559203 0.559203 
0.559203 0.559203 0.559203 0.559203 0.559203 0.559203 0.559203 0.559203 0.559203 0.559203 
0.559203 0.559203 0.559203 0.204 0.204 0.204 0.204 0.204 0.204 0.204 
0.204 0.204 0.204 0.204 0.204 0.204 0.204 0.204 0.204 0.204 
0.204 0.204 0.204 0.204 0.204 0.204 0.204 0.204 0.204 0.204 
0.204 0.204 0.204 0.204 0.204 0.204 0.204 0.204 0.204 0.204 
0.204 0.204 0.204 0.204 0.204 0.204 0.204 0.204 0.204 0.204 
0.204 0.204 0.204 0.204 0.204 0.204 0.204 0.204 0.204 0.204 
0.204 0.204 0.204 0.204 0.204 0.204 0.204 0.204 0.204 0.204 
0.204 0.204 0.204 0.204 0.204 0.204 0.204 0.204 0.204 0.204 
0.204 0.204 0.204 0.204 0.204 0.204 0.204 0.204 0.204 0.204 
0.204 0.204 0.204 0.204 0.204 0.204 0.204 0.204 0.204 0.204 
0.204 0.204 0.204 0.204 0.204 0.204 0.204 0.204 0.204 0.204 
0.204 0.204 0.204 0.204 0.204 0.0187742 0.0187742 0.0187742 0.0187742 0.0187742 
0.0187742 0.0187742 0.0187742 0.0187742 0.0187742 0.0187742 0.0187742 0.0187742 0.0187742 0.0187742 
0.0187742 0.0187742 0.0187742 0.0187742 0.0187742 0.0187742 0.0187742 0.0187742 0.0187742 0.0187742 
0.0187742 0.0187742 0.0187742 0.0187742 0.0187742 0.0187742 0.0187742 0.0187742 0.0187742 0.0187742 
0.0187742 0.0187742 0.0187742 0.0187742 0.0187742 0.0187742 0.0187742 0.0187742 0.0187742 0.0187742 
0.0187742 0.0187742 0.0187742 0.0187742 0.0187742 0.0187742 0.0187742 0.0187742 0.0187742 0.0187742 
0.0187742 0.0187742 0.0187742 0.0187742 0.0187742 0.559203 0.559203 0.559203 0.559203 0.559203 
0.559203 0.559203 0.559203 0.559203 0.559203 0.559203 0.559203 0.559203 0.559203 0.559203 
0.559203 0.559203 0.559203 0.559203 0.559203 0.559203 0.559203 0.559203 0.559203 0.559203 
0.559203 0.559203 0.559203 0.559203 0.559203 0.559203 0.559203 0.559203 0.559203 0.559203 
0.559203 0.559203 0.559203 0.559203 0.559203 0.559203 0.559203 0.559203 0.559203 0.559203 
0.559203 0.559203 0.559203 0.559203 0.559203 0.559203 0.559203 0.559203 0.559203 0.559203 
0.559203 0.559203 0.559203 0.559203 0.559203 0.204 0.204 0.204 0.204 0.204 
0.204 0.204 0.204 0.204 0.204 0.204 0.204 0.204 0.204 0.204 
0.204 0.204 0.204 0.204 0.204 0.204 0.204 0.204 0.204 0.204 
0.204 0.204 0.204 0.204 0.204 0.204 0.204 0.204 0.204 0.204 
0.204 0.204 0.204 0.204 0.204 0.204 0.204 0.204 0.204 0.204 
0.204 0.204 0.204 0.204 0.204 0.204 0.204 0.204 0.204 0.204 
0.204 0.204 0.204 0.204 0.204 0.204 0.204 0.204 0.204 0.204 
0.204 0.204 0.204 0.204 0.204 0.204 0.204 0.204 0.204 0.204 
0.204 0.204 0.204 0.204 0.204 0.204 0.204 0.204 0.204 0.204 
0.204 0.204 0.204 0.204 0.204 0.204 0.204 0.204 0.204 0.204 
0.204 0.204 0.204 0.204 0.204 0.204 0.204 0.204 0.204 0.204 
0.204 0.204 0.204 0.204 0.204 0.204 0.204 0.0187742 0.0187742 0.0187742 
0.0187742 0.0187742 0.0187742 0.0187742 0.0187742 0.0187742 0.0187742 0.0187742 0.0187742 0.0187742 
0.0187742 0.0187742 0.0187742 0.0187742 0.0187742 0.0187742 0.0187742 0.0187742 0.0187742 0.0187742 
0.0187742 0.0187742 0.0187742 0.0187742 0.0187742 0.0187742 0.0187742 0.0187742 0.0187742 0.0187742 
0.0187742 0.0187742 0.0187742 0.0187742 0.0187742 0.0187742 0.0187742 0.0187742 0.0187742 0.0187742 
0.0187742 0.0187742 0.0187742 0.0187742 0.0187742 0.0187742 0.0187742 0.0187742 0.0187742 0.0187742 
0.0187742 0.0187742 0.0187742 0.0187742 0.0187742 0.0187742 0.0187742 0.559203 0.559203 0.559203 
0.559203 0.559203 0.559203 0.559203 0.559203 0.559203 0.559203 0.559203 0.559203 0.559203 
0.559203 0.559203 0.559203 0.559203 0.559203 0.559203 0.559203 0.559203 0.559203 0.559203 
0.559203 0.559203 0.559203 0.559203 0.559203 0.559203 0.559203 0.559203 0.559203 0.559203 
0.559203 0.559203 0.559203 0.559203 0.559203 0.559203 0.559203 0.559203 0.559203 0.559203 
0.559203 0.559203 0.559203 0.559203 0.559203 0.559203 0.559203 0.559203 0.559203 0.559203 
0.559203 0.559203 0.559203 0.559203 0.559203 0.559203 0.559203 0.204 0.204 0.204 
0.204 0.204 0.204 0.204 0.204 0.204 0.204 0.204 0.204 0.204 
0.204 0.204 0.204 0.204 0.204 0.204 0.204 0.204 0.204 0.204 
0.204 0.204 0.204 0.204 0.204 0.204 0.204 0.204 0.204 0.204 
0.204 0.204 0.204 0.204 0.204 0.204 0.204 0.204 0.204 0.204 
0.204 0.204 0.204 0.204 0.204 0.204 0.204 0.204 0.204 0.204 
0.204 0.204 0.204 0.204 0.204 0.204 0.204 0.204 0.204 0.204 
0.204 0.204 0.204 0.204 0.204 0.204 0.204 0.204 0.204 0.204 
0.204 0.204 0.204 0.204 0.204 0.204 0.204 0.204 0.204 0.204 
0.204 0.204 0.204 0.204 0.204 0.204 0.204 0.204 0.204 0.204 
0.204 0.204 0.204 0.204 0.204 0.204 0.204 0.204 0.204 0.204 
0.204 0.204 0.204 0.204 0.204 0.204 0.204 0.204 0.204 0.0187742 
0.0187742 0.0187742 0.0187742 0.0187742 0.0187742 0.0187742 0.0187742 0.0187742 0.0187742 0.0187742 
0.0187742 0.0187742 0.0187742 0.0187742 0.0187742 0.0187742 0.0187742 0.0187742 0.0187742 0.0187742 
0.0187742 0.0187742 0.0187742 0.0187742 0.0187742 0.0187742 0.0187742 0.0187742 0.0187742 0.0187742 
0.0187742 0.0187742 0.0187742 0.0187742 0.0187742 0.0187742 0.0187742 0.0187742 0.0187742 0.0187742 
0.0187742 0.0187742 0.0187742 0.0187742 0.0187742 0.0187742 0.0187742 0.0187742 0.0187742 0.0187742 
0.0187742 0.0187742 0.0187742 0.0187742 0.0187742 0.0187742 0.0187742 0.0187742 0.0187742 0.559203 
0.559203 0.559203 0.559203 0.559203 0.559203 0.559203 0.559203 0.559203 0.559203 0.559203 
0.559203 0.559203 0.559203 0.559203 0.559203 0.559203 0.559203 0.559203 0.559203 0.559203 
0.559203 0.559203 0.559203 0.559203 0.559203 0.559203 0.559203 0.559203 0.559203 0.559203 
0.559203 0.559203 0.559203 0.559203 0.559203 0.559203 0.559203 0.559203 0.559203 0.559203 
0.559203 0.559203 0.559203 0.559203 0.559203 0.559203 0.559203 0.559203 0.559203 0.559203 
0.559203 0.559203 0.559203 0.559203 0.559203 0.559203 0.559203 0.559203 0.559203 0.204 
0.204 0.204 0.204 0.204 0.204 0.204 0.204 0.204 0.204 0.204 
0.204 0.204 0.204 0.204 0.204 0.204 0.204 0.204 0.204 0.204 
0.204 0.204 0.204 0.204 0.204 0.204 0.204 0.204 0.204 0.204 
0.204 0.204 0.204 0.204 0.204 0.204 0.204 0.204 0.204 0.204 
0.204 0.204 0.204 0.204 0.204 0.204 0.204 0.204 0.204 0.204 
0.204 0.204 0.204 0.204 0.204 0.204 0.204 0.204 0.204 0.0187742 
0.0187742 0.0187742 0.0187742 0.0187742 0.0187742 0.0187742 0.0187742 0.0187742 0.0187742 0.0187742 
0.0187742 0.0187742 0.0187742 0.0187742 0.0187742 0.0187742 0.0187742 0.0187742 0.0187742 0.0187742 
0.0187742 0.0187742 0.0187742 0.0187742 0.0187742 0.0187742 0.0187742 0.0187742 0.0187742 0.0187742 
0.0187742 0.0187742 0.0187742 0.0187742 0.0187742 0.0187742 0.0187742 0.0187742 0.0187742 0.0187742 
0.0187742 0.0187742 0.0187742 0.0187742 0.0187742 0.0187742 0.0187742 0.0187742 0.0187742 0.0187742 
0.0187742 0.0187742 0.0187742 0.0187742 0.0187742 0.0187742 0.0187742 0.0187742 0.0187742 0.559203 
0.559203 0.559203 0.559203 0.559203 0.559203 0.559203 0.559203 0.559203 0.559203 0.559203 
0.559203 0.559203 0.559203 0.559203 0.559203 0.559203 0.559203 0.559203 0.559203 0.559203 
0.559203 0.559203 0.559203 0.559203 0.559203 0.559203 0.559203 0.559203 0.559203 0.559203 
0.559203 0.559203 0.559203 0.559203 0.559203 0.559203 0.559203 0.559203 0.559203 0.559203 
0.559203 0.559203 0.559203 0.559203 0.559203 0.559203 0.559203 0.559203 0.559203 0.559203 
0.559203 0.559203 0.559203 0.559203 0.559203 0.559203 0.559203 0.559203 0.559203 356.322 
356.322 356.322 356.322 356.322 356.322 356.322 356.322 356.322 356.322 356.322 
356.322 356.322 356.322 356.322 356.322 356.322 356.322 356.322 356.322 356.322 
356.322 356.322 356.322 356.322 356.322 356.322 356.322 356.322 356.322 356.322 
356.322 356.322 356.322 356.322 356.322 356.322 356.322 356.322 356.322 356.322 
356.322 356.322 356.322 356.322 356.322 356.322 356.322 356.322 356.322 356.322 
356.322 356.322 356.322 356.322 356.322 356.322 356.322 356.322 356.322 0.204 
0.204 0.204 0.204 0.204 0.204 0.204 0.204 0.204 0.204 0.204 
0.204 0.204 0.204 0.204 0.204 0.204 0.204 0.204 0.204 0.204 
0.204 0.204 0.204 0.204 0.204 0.204 0.204 0.204 0.204 0.204 
0.204 0.204 0.204 0.204 0.204 0.204 0.204 0.204 0.204 0.204 
0.204 0.204 0.204 0.204 0.204 0.204 0.204 0.204 0.204 0.204 
0.204 0.204 0.204 0.204 0.204 0.204 0.204 0.204 0.204 0.204 
0.204 0.204 0.204 0.204 0.204 0.204 0.204 0.204 0.204 0.204 
0.204 0.204 0.204 0.204 0.204 0.204 0.204 0.204 0.204 0.204 
0.204 0.204 0.204 0.204 0.204 0.204 0.204 0.204 0.204 0.204 
0.204 0.204 0.204 0.204 0.204 0.204 0.204 0.204 0.204 0.204 
0.204 0.204 0.204 0.204 0.204 0.204 0.204 0.204 0.204 0.204 
0.204 0.0187742 0.0187742 0.0187742 0.0187742 0.0187742 0.0187742 0.0187742 0.0187742 0.0187742 
0.0187742 0.0187742 0.0187742 0.0187742 0.0187742 0.0187742 0.0187742 0.0187742 0.0187742 0.0187742 
0.0187742 0.0187742 0.0187742 0.0187742 0.0187742 0.0187742 0.0187742 0.0187742 0.0187742 0.0187742 
0.0187742 0.0187742 0.0187742 0.0187742 0.0187742 0.0187742 0.0187742 0.0187742 0.0187742 0.0187742 
0.0187742 0.0187742 0.0187742 0.0187742 0.0187742 0.0187742 0.0187742 0.0187742 0.0187742 0.0187742 
0.0187742 0.0187742 0.0187742 0.0187742 0.0187742 0.0187742 0.0187742 0.0187742 0.0187742 0.0187742 
0.0187742 0.559203 0.559203 0.559203 0.559203 0.559203 0.559203 0.559203 0.559203 0.559203 
0.559203 0.559203 0.559203 0.559203 0.559203 0.559203 0.559203 0.559203 0.559203 0.559203 
0.559203 0.559203 0.559203 0.559203 0.559203 0.559203 0.559203 0.559203 0.559203 0.559203 
0.559203 0.559203 0.559203 0.559203 0.559203 0.559203 0.559203 0.559203 0.559203 0.559203 
0.559203 0.559203 0.559203 0.559203 0.559203 0.559203 0.559203 0.559203 0.559203 0.559203 
0.559203 0.559203 0.559203 0.559203 0.559203 0.559203 0.559203 0.559203 0.559203 0.559203 
0.559203 0.204 0.204 0.204 0.204 0.204 0.204 0.204 0.204 0.204 
0.204 0.204 0.204 0.204 0.204 0.204 0.204 0.204 0.204 0.204 
0.204 0.204 0.204 0.204 0.204 0.204 0.204 0.204 0.204 0.204 
0.204 0.204 0.204 0.204 0.204 0.204 0.204 0.204 0.204 0.204 
0.204 0.204 0.204 0.204 0.204 0.204 0.204 0.204 0.204 0.204 
0.204 0.204 0.204 0.204 0.204 0.204 0.204 0.204 0.204 0.204 
0.204 0.204 0.204 0.204 0.204 0.204 0.204 0.204 0.204 0.204 
0.204 0.204 0.204 0.204 0.204 0.204 0.204 0.204 0.204 0.204 
0.204 0.204 0.204 0.204 0.204 0.204 0.204 0.204 0.204 0.204 
0.204 0.204 0.204 0.204 0.204 0.204 0.204 0.204 0.204 0.204 
0.204 0.204 0.204 0.204 0.204 0.204 0.204 0.204 0.204 0.204 
0.204 0.204 0.204 0.0187742 0.0187742 0.0187742 0.0187742 0.0187742 0.0187742 0.0187742 
0.0187742 0.0187742 0.0187742 0.0187742 0.0187742 0.0187742 0.0187742 0.0187742 0.0187742 0.0187742 
0.0187742 0.0187742 0.0187742 0.0187742 0.0187742 0.0187742 0.0187742 0.0187742 0.0187742 0.0187742 
0.0187742 0.0187742 0.0187742 0.0187742 0.0187742 0.0187742 0.0187742 0.0187742 0.0187742 0.0187742 
0.0187742 0.0187742 0.0187742 0.0187742 0.0187742 0.0187742 0.0187742 0.0187742 0.0187742 0.0187742 
0.0187742 0.0187742 0.0187742 0.0187742 0.0187742 0.0187742 0.0187742 0.0187742 0.0187742 0.0187742 
0.0187742 0.0187742 0.0187742 0.559203 0.559203 0.559203 0.559203 0.559203 0.559203 0.559203 
0.559203 0.559203 0.559203 0.559203 0.559203 0.559203 0.559203 0.559203 0.559203 0.559203 
0.559203 0.559203 0.559203 0.559203 0.559203 0.559203 0.559203 0.559203 0.559203 0.559203 
0.559203 0.559203 0.559203 0.559203 0.559203 0.559203 0.559203 0.559203 0.559203 0.559203 
0.559203 0.559203 0.559203 0.559203 0.559203 0.559203 0.559203 0.559203 0.559203 0.559203 
0.559203 0.559203 0.559203 0.559203 0.559203 0.559203 0.559203 0.559203 0.559203 0.559203 
0.559203 0.559203 0.559203 0.204 0.204 0.204 0.204 0.204 0.204 0.204 
0.204 0.204 0.204 0.204 0.204 0.204 0.204 0.204 0.204 0.204 
0.204 0.204 0.204 0.204 0.204 0.204 0.204 0.204 0.204 0.204 
0.204 0.204 0.204 0.204 0.204 0.204 0.204 0.204 0.204 0.204 
0.204 0.204 0.204 0.204 0.204 0.204 0.204 0.204 0.204 0.204 
0.204 0.204 0.204 0.204 0.204 0.204 0.204 0.204 0.204 0.204 
0.204 0.204 0.204 0.204 0.204 0.204 0.204 0.204 0.204 0.204 
0.204 0.204 0.204 0.204 0.204 0.204 0.204 0.204 0.204 0.204 
0.204 0.204 0.204 0.204 0.204 0.204 0.204 0.204 0.204 0.204 
0.204 0.204 0.204 0.204 0.204 0.204 0.204 0.204 0.204 0.204 
0.204 0.204 0.204 0.204 0.204 0.204 0.204 0.204 0.204 0.204 
0.204 0.204 0.204 0.204 0.204 0.0187742 0.0187742 0.0187742 0.0187742 0.0187742 
0.0187742 0.0187742 0.0187742 0.0187742 0.0187742 0.0187742 0.0187742 0.0187742 0.0187742 0.0187742 
0.0187742 0.0187742 0.0187742 0.0187742 0.0187742 0.0187742 0.0187742 0.0187742 0.0187742 0.0187742 
0.0187742 0.0187742 0.0187742 0.0187742 0.0187742 0.0187742 0.0187742 0.0187742 0.0187742 0.0187742 
0.0187742 0.0187742 0.0187742 0.0187742 0.0187742 0.0187742 0.0187742 0.0187742 0.0187742 0.0187742 
0.0187742 0.0187742 0.0187742 0.0187742 0.0187742 0.0187742 0.0187742 0.0187742 0.0187742 0.0187742 
0.0187742 0.0187742 0.0187742 0.0187742 0.0187742 0.559203 0.559203 0.559203 0.559203 0.559203 
0.559203 0.559203 0.559203 0.559203 0.559203 0.559203 0.559203 0.559203 0.559203 0.559203 
0.559203 0.559203 0.559203 0.559203 0.559203 0.559203 0.559203 0.559203 0.559203 0.559203 
0.559203 0.559203 0.559203 0.559203 0.559203 0.559203 0.559203 0.559203 0.559203 0.559203 
0.559203 0.559203 0.559203 0.559203 0.559203 0.559203 0.559203 0.559203 0.559203 0.559203 
0.559203 0.559203 0.559203 0.559203 0.559203 0.559203 0.559203 0.559203 0.559203 0.559203 
0.559203 0.559203 0.559203 0.559203 0.559203 0.204 0.204 0.204 0.204 0.204 
0.204 0.204 0.204 0.204 0.204 0.204 0.204 0.204 0.204 0.204 
0.204 0.204 0.204 0.204 0.204 0.204 0.204 0.204 0.204 0.204 
0.204 0.204 0.204 0.204 0.204 0.204 0.204 0.204 0.204 0.204 
0.204 0.204 0.204 0.204 0.204 0.204 0.204 0.204 0.204 0.204 
0.204 0.204 0.204 0.204 0.204 0.204 0.204 0.204 0.204 0.204 
0.204 0.204 0.204 0.204 0.204 0.204 0.204 0.204 0.204 0.204 
0.204 0.204 0.204 0.204 0.204 0.204 0.204 0.204 0.204 0.204 
0.204 0.204 0.204 0.204 0.204 0.204 0.204 0.204 0.204 0.204 
0.204 0.204 0.204 0.204 0.204 0.204 0.204 0.204 0.204 0.204 
0.204 0.204 0.204 0.204 0.204 0.204 0.204 0.204 0.204 0.204 
0.204 0.204 0.204 0.204 0.204 0.204 0.204 0.204 0.204 0.204 
0.204 0.204 0.204 0.204 0.204 0.204 0.204 0.204 0.204 0.204 
0.204 0.204 0.204 0.204 0.204 0.204 0.204 0.204 0.204 0.204 
0.204 0.204 0.204 0.204 0.204 0.204 0.204 0.204 0.204 0.204 
0.204 0.204 0.204 0.204 0.204 0.204 0.204 0.204 0.204 0.204 
0.204 0.559203 0.559203 0.559203 0.559203 0.559203 0.559203 0.559203 0.559203 0.559203 
0.559203 0.559203 0.559203 0.559203 0.559203 0.559203 0.559203 0.559203 0.559203 0.559203 
0.559203 0.559203 0.559203 0.559203 0.559203 0.559203 0.559203 0.559203 0.559203 0.559203 
0.559203 0.559203 0.559203 0.559203 0.559203 0.559203 0.559203 0.559203 0.559203 0.559203 
0.559203 0.559203 0.559203 0.559203 0.559203 0.559203 0.559203 0.559203 0.559203 0.559203 
0.559203 0.559203 0.559203 0.559203 0.559203 0.559203 0.559203 0.559203 0.559203 0.559203 
0.559203 514.742 514.742 514.742 514.742 514.742 514.742 514.742 514.742 514.742 
514.742 514.742 514.742 514.742 514.742 514.742 514.742 514.742 514.742 514.742 
514.742 514.742 514.742 514.742 514.742 514.742 514.742 514.742 514.742 514.742 
514.742 514.742 514.742 514.742 514.742 514.742 514.742 514.742 514.742 514.742 
514.742 514.742 514.742 514.742 514.742 514.742 514.742 514.742 514.742 514.742 
514.742 514.742 514.742 514.742 514.742 514.742 514.742 514.742 514.742 514.742 
514.742 0.204 0.204 0.204 0.204 0.204 0.204 0.204 0.204 0.204 
0.204 0.204 0.204 0.204 0.204 0.204 0.204 0.204 0.204 0.204 
0.204 0.204 0.204 0.204 0.204 0.204 0.204 0.204 0.204 0.204 
0.204 0.204 0.204 0.204 0.204 0.204 0.204 0.204 0.204 0.204 
0.204 0.204 0.204 0.204 0.204 0.204 0.204 0.204 0.204 0.204 
0.204 0.204 0.204 0.204 0.204 0.204 0.204 0.204 0.204 0.204 
0.204 0.204 0.204 0.204 0.204 0.204 0.204 0.204 0.204 0.204 
0.204 0.204 0.204 0.204 0.204 0.204 0.204 0.204 0.204 0.204 
0.204 0.204 0.204 0.204 0.204 0.204 0.204 0.204 0.204 0.204 
0.204 0.204 0.204 0.204 0.204 0.204 0.204 0.204 0.204 0.204 
0.204 0.204 0.204 0.204 0.204 0.204 0.204 0.204 0.204 0.204 
0.204 0.204 0.204 0.204 0.204 0.204 0.204 0.204 0.204 0.204 
0.204 0.204 0.204 0.204 0.204 0.204 0.204 0.204 0.204 0.204 
0.204 0.204 0.204 0.204 0.204 0.204 0.204 0.204 0.204 0.204 
0.204 0.204 0.204 0.204 0.204 0.204 0.204 0.204 0.204 0.204 
0.204 0.204 0.204 0.204 0.204 0.204 0.204 0.204 0.204 0.204 
0.204 0.204 0.204 0.204 0.204 0.559203 0.559203 0.559203 0.559203 0.559203 
0.559203 0.559203 0.559203 0.559203 0.559203 0.559203 0.559203 0.559203 0.559203 0.559203 
0.559203 0.559203 0.559203 0.559203 0.559203 0.559203 0.559203 0.559203 0.559203 0.559203 
0.559203 0.559203 0.559203 0.559203 0.559203 0.559203 0.559203 0.559203 0.559203 0.559203 
0.559203 0.559203 0.559203 0.559203 0.559203 0.559203 0.559203 0.559203 0.559203 0.559203 
0.559203 0.559203 0.559203 0.559203 0.559203 0.559203 0.559203 0.559203 0.559203 0.559203 
0.559203 0.559203 0.559203 0.559203 0.559203 514.742 514.742 514.742 514.742 514.742 
514.742 514.742 514.742 514.742 514.742 514.742 514.742 514.742 514.742 514.742 
514.742 514.742 514.742 514.742 514.742 514.742 514.742 514.742 514.742 514.742 
514.742 514.742 514.742 514.742 514.742 514.742 514.742 514.742 514.742 514.742 
514.742 514.742 514.742 514.742 514.742 514.742 514.742 514.742 514.742 514.742 
514.742 514.742 514.742 514.742 514.742 514.742 514.742 514.742 514.742 514.742 
514.742 514.742 514.742 514.742 514.742 0.204 0.204 0.204 0.204 0.204 
0.204 0.204 0.204 0.204 0.204 0.204 0.204 0.204 0.204 0.204 
0.204 0.204 0.204 0.204 0.204 0.204 0.204 0.204 0.204 0.204 
0.204 0.204 0.204 0.204 0.204 0.204 0.204 0.204 0.204 0.204 
0.204 0.204 0.204 0.204 0.204 0.204 0.204 0.204 0.204 0.204 
0.204 0.204 0.204 0.204 0.204 0.204 0.204 0.204 0.204 0.204 
0.204 0.204 0.204 0.204 0.204 0.204 0.204 0.204 0.204 0.204 
0.204 0.204 0.204 0.204 0.204 0.204 0.204 0.204 0.204 0.204 
0.204 0.204 0.204 0.204 0.204 0.204 0.204 0.204 0.204 0.204 
0.204 0.204 0.204 0.204 0.204 0.204 0.204 0.204 0.204 0.204 
0.204 0.204 0.204 0.204 0.204 0.204 0.204 0.204 0.204 0.204 
0.204 0.204 0.204 0.204 0.204 0.204 0.204 0.204 0.204 0.204 
0.204 0.204 0.204 0.204 0.204 0.204 0.204 0.204 0.204 0.204 
0.204 0.204 0.204 0.204 0.204 0.204 0.204 0.204 0.204 0.204 
0.204 0.204 0.204 0.204 0.204 0.204 0.204 0.204 0.204 0.204 
0.204 0.204 0.204 0.204 0.204 0.204 0.204 0.204 0.204 0.204 
0.204 0.204 0.204 0.204 0.204 0.204 0.204 0.204 0.204 407.283 
407.283 407.283 407.283 407.283 407.283 407.283 407.283 407.283 407.283 407.283 
407.283 407.283 407.283 407.283 407.283 407.283 407.283 407.283 407.283 407.283 
407.283 407.283 407.283 407.283 407.283 407.283 407.283 407.283 407.283 407.283 
407.283 407.283 407.283 407.283 407.283 407.283 407.283 407.283 407.283 407.283 
407.283 407.283 407.283 407.283 407.283 407.283 407.283 407.283 407.283 407.283 
407.283 407.283 407.283 407.283 407.283 504.08 504.08 504.08 504.08 504.08 
504.08 504.08 504.08 504.08 504.08 504.08 504.08 504.08 504.08 504.08 
504.08 504.08 504.08 504.08 504.08 504.08 504.08 504.08 504.08 504.08 
504.08 504.08 504.08 504.08 504.08 504.08 504.08 504.08 504.08 504.08 
504.08 504.08 504.08 504.08 504.08 504.08 504.08 504.08 504.08 504.08 
504.08 504.08 504.08 504.08 504.08 504.08 504.08 504.08 504.08 504.08 
504.08 504.08 504.08 504.08 504.08 504.08 504.08 504.08 504.08 504.08 
504.08 504.08 504.08 504.08 504.08 504.08 504.08 504.08 504.08 504.08 
504.08 504.08 504.08 504.08 504.08 504.08 504.08 504.08 504.08 504.08 
504.08 504.08 504.08 504.08 504.08 504.08 504.08 504.08 504.08 504.08 
504.08 504.08 504.08 504.08 504.08 504.08 504.08 504.08 504.08 504.08 
504.08 504.08 504.08 504.08 504.08 504.08 504.08 504.08 504.08 504.08 
504.08 123.901 123.901 123.901 123.901 123.901 123.901 123.901 123.901 123.901 
123.901 123.901 123.901 123.901 123.901 123.901 123.901 123.901 123.901 123.901 
123.901 123.901 123.901 123.901 123.901 123.901 123.901 123.901 123.901 123.901 
123.901 123.901 123.901 123.901 123.901 123.901 123.901 123.901 123.901 123.901 
123.901 123.901 123.901 123.901 123.901 123.901 123.901 123.901 123.901 123.901 
123.901 123.901 123.901 123.901 123.901 123.901 123.901 123.901 123.901 123.901 
123.901 123.901 123.901 123.901 123.901 123.901 123.901 123.901 123.901 123.901 
123.901 123.901 123.901 123.901 123.901 123.901 123.901 123.901 123.901 123.901 
123.901 123.901 123.901 123.901 123.901 123.901 123.901 123.901 123.901 123.901 
123.901 123.901 123.901 123.901 123.901 123.901 123.901 123.901 123.901 123.901 
123.901 123.901 123.901 123.901 123.901 123.901 123.901 123.901 123.901 123.901 
123.901 123.901 123.901 241.259 241.259 241.259 241.259 241.259 241.259 241.259 
241.259 241.259 241.259 241.259 241.259 241.259 241.259 241.259 241.259 241.259 
241.259 241.259 241.259 241.259 241.259 241.259 241.259 241.259 241.259 241.259 
241.259 241.259 241.259 241.259 241.259 241.259 241.259 241.259 241.259 241.259 
241.259 241.259 241.259 241.259 241.259 241.259 241.259 241.259 241.259 241.259 
241.259 241.259 241.259 241.259 241.259 241.259 241.259 241.259 241.259 241.259 
241.259 241.259 241.259 241.259 241.259 241.259 241.259 241.259 241.259 241.259 
241.259 241.259 241.259 241.259 241.259 241.259 241.259 241.259 241.259 241.259 
241.259 241.259 241.259 241.259 241.259 241.259 241.259 241.259 241.259 241.259 
241.259 241.259 241.259 241.259 241.259 241.259 241.259 241.259 241.259 241.259 
241.259 241.259 241.259 241.259 241.259 241.259 241.259 241.259 241.259 241.259 
241.259 241.259 241.259 241.259 241.259 516.362 516.362 516.362 516.362 516.362 
516.362 516.362 516.362 516.362 516.362 516.362 516.362 516.362 516.362 516.362 
516.362 516.362 516.362 516.362 516.362 516.362 516.362 516.362 516.362 516.362 
516.362 516.362 516.362 516.362 516.362 516.362 516.362 516.362 516.362 516.362 
516.362 516.362 516.362 516.362 516.362 516.362 516.362 516.362 516.362 516.362 
516.362 516.362 516.362 516.362 516.362 516.362 516.362 516.362 516.362 516.362 
516.362 516.362 516.362 516.362 516.362 516.362 516.362 516.362 516.362 516.362 
516.362 516.362 516.362 516.362 516.362 516.362 516.362 516.362 516.362 516.362 
516.362 516.362 516.362 516.362 516.362 516.362 516.362 516.362 516.362 516.362 
516.362 516.362 516.362 516.362 516.362 516.362 516.362 516.362 516.362 516.362 
516.362 516.362 516.362 516.362 516.362 516.362 516.362 516.362 516.362 516.362 
516.362 516.362 516.362 516.362 516.362 516.362 516.362 297.437 297.437 297.437 
297.437 297.437 297.437 297.437 297.437 297.437 297.437 297.437 297.437 297.437 
297.437 297.437 297.437 297.437 297.437 297.437 297.437 297.437 297.437 297.437 
297.437 297.437 297.437 297.437 297.437 297.437 297.437 297.437 297.437 297.437 
297.437 297.437 297.437 297.437 297.437 297.437 297.437 297.437 297.437 297.437 
297.437 297.437 297.437 297.437 297.437 297.437 297.437 297.437 297.437 297.437 
297.437 297.437 297.437 297.437 297.437 297.437 297.437 297.437 297.437 297.437 
297.437 297.437 297.437 297.437 297.437 297.437 297.437 297.437 297.437 297.437 
297.437 297.437 297.437 297.437 297.437 297.437 297.437 297.437 297.437 297.437 
297.437 297.437 297.437 297.437 297.437 297.437 297.437 297.437 297.437 297.437 
297.437 297.437 297.437 297.437 297.437 297.437 297.437 297.437 297.437 297.437 
297.437 297.437 297.437 297.437 297.437 297.437 297.437 297.437 297.437 251.503 
251.503 251.503 251.503 251.503 251.503 251.503 251.503 251.503 251.503 251.503 
251.503 251.503 251.503 251.503 251.503 251.503 251.503 251.503 251.503 251.503 
251.503 251.503 251.503 251.503 251.503 251.503 251.503 251.503 251.503 251.503 
251.503 251.503 251.503 251.503 251.503 251.503 251.503 251.503 251.503 251.503 
251.503 251.503 251.503 251.503 251.503 251.503 251.503 251.503 251.503 251.503 
251.503 251.503 251.503 251.503 251.503 251.503 251.503 251.503 251.503 251.503 
251.503 251.503 251.503 251.503 251.503 251.503 251.503 251.503 251.503 251.503 
251.503 251.503 251.503 251.503 251.503 251.503 251.503 251.503 251.503 251.503 
251.503 251.503 251.503 251.503 251.503 251.503 251.503 251.503 251.503 251.503 
251.503 251.503 251.503 251.503 251.503 251.503 251.503 251.503 251.503 251.503 
251.503 251.503 251.503 251.503 251.503 251.503 251.503 251.503 251.503 251.503 
251.503 251.503 251.503 251.503 251.503 190.532 190.532 190.532 190.532 190.532 
190.532 190.532 190.532 190.532 190.532 190.532 190.532 190.532 190.532 190.532 
190.532 190.532 190.532 190.532 190.532 190.532 190.532 190.532 190.532 190.532 
190.532 190.532 190.532 190.532 190.532 190.532 190.532 190.532 190.532 190.532 
190.532 190.532 190.532 190.532 190.532 190.532 190.532 190.532 190.532 190.532 
190.532 190.532 190.532 190.532 190.532 190.532 190.532 190.532 190.532 190.532 
190.532 190.532 190.532 190.532 190.532 190.532 190.532 190.532 190.532 190.532 
190.532 190.532 190.532 190.532 190.532 190.532 190.532 190.532 190.532 190.532 
190.532 190.532 190.532 190.532 190.532 190.532 190.532 190.532 190.532 190.532 
190.532 190.532 190.532 190.532 190.532 190.532 190.532 190.532 190.532 190.532 
190.532 190.532 190.532 190.532 190.532 190.532 190.532 190.532 190.532 190.532 
190.532 190.532 190.532 190.532 190.532 190.532 190.532 357.674 357.674 357.674 
357.674 357.674 357.674 357.674 357.674 357.674 357.674 357.674 357.674 357.674 
357.674 357.674 357.674 357.674 357.674 357.674 357.674 357.674 357.674 357.674 
357.674 357.674 357.674 357.674 357.674 357.674 357.674 357.674 357.674 357.674 
357.674 357.674 357.674 357.674 357.674 357.674 357.674 357.674 357.674 357.674 
357.674 357.674 357.674 357.674 357.674 357.674 357.674 357.674 357.674 357.674 
357.674 357.674 357.674 357.674 357.674 357.674 357.674 357.674 357.674 357.674 
357.674 357.674 357.674 357.674 357.674 357.674 357.674 357.674 357.674 357.674 
357.674 357.674 357.674 357.674 357.674 357.674 357.674 357.674 357.674 357.674 
357.674 357.674 357.674 357.674 357.674 357.674 357.674 357.674 357.674 357.674 
357.674 357.674 357.674 357.674 357.674 357.674 357.674 357.674 357.674 357.674 
357.674 357.674 357.674 357.674 357.674 357.674 357.674 357.674 357.674 368.514 
368.514 368.514 368.514 368.514 368.514 368.514 368.514 368.514 368.514 368.514 
368.514 368.514 368.514 368.514 368.514 368.514 368.514 368.514 368.514 368.514 
368.514 368.514 368.514 368.514 368.514 368.514 368.514 368.514 368.514 368.514 
368.514 368.514 368.514 368.514 368.514 368.514 368.514 368.514 368.514 368.514 
368.514 368.514 368.514 368.514 368.514 368.514 368.514 368.514 368.514 368.514 
368.514 368.514 368.514 368.514 368.514 368.514 368.514 368.514 368.514 368.514 
368.514 368.514 368.514 368.514 368.514 368.514 368.514 368.514 368.514 368.514 
368.514 368.514 368.514 368.514 368.514 368.514 368.514 368.514 368.514 368.514 
368.514 368.514 368.514 368.514 368.514 368.514 368.514 368.514 368.514 368.514 
368.514 368.514 368.514 368.514 368.514 368.514 368.514 368.514 368.514 368.514 
368.514 368.514 368.514 368.514 368.514 368.514 368.514 368.514 368.514 368.514 
368.514 90.5808 90.5808 90.5808 90.5808 90.5808 90.5808 90.5808 90.5808 90.5808 
90.5808 90.5808 90.5808 90.5808 90.5808 90.5808 90.5808 90.5808 90.5808 90.5808 
90.5808 90.5808 90.5808 90.5808 90.5808 90.5808 90.5808 90.5808 90.5808 90.5808 
90.5808 90.5808 90.5808 90.5808 90.5808 90.5808 90.5808 90.5808 90.5808 90.5808 
90.5808 90.5808 90.5808 90.5808 90.5808 90.5808 90.5808 90.5808 90.5808 90.5808 
90.5808 90.5808 90.5808 90.5808 90.5808 90.5808 90.5808 90.5808 90.5808 90.5808 
90.5808 90.5808 90.5808 90.5808 90.5808 90.5808 90.5808 90.5808 90.5808 90.5808 
90.5808 90.5808 90.5808 90.5808 90.5808 90.5808 90.5808 90.5808 90.5808 90.5808 
90.5808 90.5808 90.5808 90.5808 90.5808 90.5808 90.5808 90.5808 90.5808 90.5808 
90.5808 90.5808 90.5808 90.5808 90.5808 90.5808 90.5808 90.5808 90.5808 90.5808 
90.5808 90.5808 90.5808 90.5808 90.5808 90.5808 90.5808 90.5808 90.5808 90.5808 
90.5808 90.5808 90.5808 218.005 218.005 218.005 218.005 218.005 218.005 218.005 
218.005 218.005 218.005 218.005 218.005 218.005 218.005 218.005 218.005 218.005 
218.005 218.005 218.005 218.005 218.005 218.005 218.005 218.005 218.005 218.005 
218.005 218.005 218.005 218.005 218.005 218.005 218.005 218.005 218.005 218.005 
218.005 218.005 218.005 218.005 218.005 218.005 218.005 218.005 218.005 218.005 
218.005 218.005 218.005 218.005 218.005 218.005 218.005 218.005 218.005 218.005 
218.005 218.005 218.005 218.005 218.005 218.005 218.005 218.005 218.005 218.005 
218.005 218.005 218.005 218.005 218.005 218.005 218.005 218.005 218.005 218.005 
218.005 218.005 218.005 218.005 218.005 218.005 218.005 218.005 218.005 218.005 
218.005 218.005 218.005 218.005 218.005 218.005 218.005 218.005 218.005 218.005 
218.005 218.005 218.005 218.005 218.005 218.005 218.005 218.005 218.005 218.005 
218.005 218.005 218.005 218.005 218.005 245.565 245.565 245.565 245.565 245.565 
245.565 245.565 245.565 245.565 245.565 245.565 245.565 245.565 245.565 245.565 
245.565 245.565 245.565 245.565 245.565 245.565 245.565 245.565 245.565 245.565 
245.565 245.565 245.565 245.565 245.565 245.565 245.565 245.565 245.565 245.565 
245.565 245.565 245.565 245.565 245.565 245.565 245.565 245.565 245.565 245.565 
245.565 245.565 245.565 245.565 245.565 245.565 245.565 245.565 245.565 245.565 
245.565 245.565 245.565 245.565 245.565 245.565 245.565 245.565 245.565 245.565 
245.565 245.565 245.565 245.565 245.565 245.565 245.565 245.565 245.565 245.565 
245.565 245.565 245.565 245.565 245.565 245.565 245.565 245.565 245.565 245.565 
245.565 245.565 245.565 245.565 245.565 245.565 245.565 245.565 245.565 245.565 
245.565 245.565 245.565 245.565 245.565 245.565 245.565 245.565 245.565 245.565 
245.565 245.565 245.565 245.565 245.565 245.565 245.565 245.565 245.565 245.565 
245.565 215.83 215.83 215.83 215.83 215.83 215.83 215.83 215.83 215.83 
215.83 215.83 215.83 215.83 215.83 215.83 215.83 215.83 215.83 215.83 
215.83 215.83 215.83 215.83 215.83 215.83 215.83 215.83 215.83 215.83 
215.83 215.83 215.83 215.83 215.83 215.83 215.83 215.83 215.83 215.83 
215.83 215.83 215.83 215.83 215.83 215.83 215.83 215.83 215.83 215.83 
215.83 215.83 215.83 215.83 215.83 215.83 215.83 215.83 215.83 215.83 
215.83 215.83 215.83 215.83 215.83 215.83 215.83 215.83 215.83 215.83 
215.83 215.83 215.83 215.83 215.83 215.83 215.83 215.83 215.83 215.83 
215.83 215.83 215.83 215.83 215.83 215.83 215.83 215.83 215.83 215.83 
215.83 215.83 215.83 215.83 215.83 215.83 215.83 215.83 215.83 215.83 
215.83 215.83 215.83 215.83 215.83 215.83 215.83 215.83 215.83 215.83 
215.83 215.83 215.83 215.83 215.83 215.83 215.83 441.676 441.676 441.676 
441.676 441.676 441.676 441.676 441.676 441.676 441.676 441.676 441.676 441.676 
441.676 441.676 441.676 441.676 441.676 441.676 441.676 441.676 441.676 441.676 
441.676 441.676 441.676 441.676 441.676 441.676 441.676 441.676 441.676 441.676 
441.676 441.676 441.676 441.676 441.676 441.676 441.676 441.676 441.676 441.676 
441.676 441.676 441.676 441.676 441.676 441.676 441.676 441.676 441.676 441.676 
441.676 441.676 441.676 441.676 441.676 441.676 441.676 441.676 441.676 441.676 
441.676 441.676 441.676 441.676 441.676 441.676 441.676 441.676 441.676 441.676 
441.676 441.676 441.676 441.676 441.676 441.676 441.676 441.676 441.676 441.676 
441.676 441.676 441.676 441.676 441.676 441.676 441.676 441.676 441.676 441.676 
441.676 441.676 441.676 441.676 441.676 441.676 441.676 441.676 441.676 441.676 
441.676 441.676 441.676 441.676 441.676 441.676 441.676 441.676 441.676 562.085 
562.085 562.085 562.085 562.085 562.085 562.085 562.085 562.085 562.085 562.085 
562.085 562.085 562.085 562.085 562.085 562.085 562.085 562.085 562.085 562.085 
562.085 562.085 562.085 562.085 562.085 562.085 562.085 562.085 562.085 562.085 
562.085 562.085 562.085 562.085 562.085 562.085 562.085 562.085 562.085 562.085 
562.085 562.085 562.085 562.085 562.085 562.085 562.085 562.085 562.085 562.085 
562.085 562.085 562.085 562.085 562.085 562.085 562.085 562.085 562.085 562.085 
562.085 562.085 562.085 562.085 562.085 562.085 562.085 562.085 562.085 562.085 
562.085 562.085 562.085 562.085 562.085 562.085 562.085 562.085 562.085 562.085 
562.085 562.085 562.085 562.085 562.085 562.085 562.085 562.085 562.085 562.085 
562.085 562.085 562.085 562.085 562.085 562.085 562.085 562.085 562.085 562.085 
562.085 562.085 562.085 562.085 562.085 562.085 562.085 562.085 562.085 562.085 
562.085 562.085 562.085 562.085 562.085 537.054 537.054 537.054 537.054 537.054 
537.054 537.054 537.054 537.054 537.054 537.054 537.054 537.054 537.054 537.054 
537.054 537.054 537.054 537.054 537.054 537.054 537.054 537.054 537.054 537.054 
537.054 537.054 537.054 537.054 537.054 537.054 537.054 537.054 537.054 537.054 
537.054 537.054 537.054 537.054 537.054 537.054 537.054 537.054 537.054 537.054 
537.054 537.054 537.054 537.054 537.054 537.054 537.054 537.054 537.054 537.054 
537.054 537.054 537.054 537.054 537.054 537.054 537.054 537.054 537.054 537.054 
537.054 537.054 537.054 537.054 537.054 537.054 537.054 537.054 537.054 537.054 
537.054 537.054 537.054 537.054 537.054 537.054 537.054 537.054 537.054 537.054 
537.054 537.054 537.054 537.054 537.054 537.054 537.054 537.054 537.054 537.054 
537.054 537.054 537.054 537.054 537.054 537.054 537.054 537.054 537.054 537.054 
537.054 537.054 537.054 537.054 537.054 537.054 537.054 537.054 537.054 537.054 
537.054 159.382 159.382 159.382 159.382 159.382 159.382 159.382 159.382 159.382 
159.382 159.382 159.382 159.382 159.382 159.382 159.382 159.382 159.382 159.382 
159.382 159.382 159.382 159.382 159.382 159.382 159.382 159.382 159.382 159.382 
159.382 159.382 159.382 159.382 159.382 159.382 159.382 159.382 159.382 159.382 
159.382 159.382 159.382 159.382 159.382 159.382 159.382 159.382 159.382 159.382 
159.382 159.382 159.382 159.382 159.382 159.382 159.382 159.382 159.382 159.382 
159.382 159.382 159.382 159.382 159.382 159.382 159.382 159.382 159.382 159.382 
159.382 159.382 159.382 159.382 159.382 159.382 159.382 159.382 159.382 159.382 
159.382 159.382 159.382 159.382 159.382 159.382 159.382 159.382 159.382 159.382 
159.382 159.382 159.382 159.382 159.382 159.382 159.382 159.382 159.382 159.382 
159.382 159.382 159.382 159.382 159.382 159.382 159.382 159.382 159.382 159.382 
159.382 159.382 159.382 219.456 219.456 219.456 219.456 219.456 219.456 219.456 
219.456 219.456 219.456 219.456 219.456 219.456 219.456 219.456 219.456 219.456 
219.456 219.456 219.456 219.456 219.456 219.456 219.456 219.456 219.456 219.456 
219.456 219.456 219.456 219.456 219.456 219.456 219.456 219.456 219.456 219.456 
219.456 219.456 219.456 219.456 219.456 219.456 219.456 219.456 219.456 219.456 
219.456 219.456 219.456 219.456 219.456 219.456 219.456 219.456 219.456 338.432 
338.432 338.432 338.432 338.432 338.432 338.432 338.432 338.432 338.432 338.432 
338.432 338.432 338.432 338.432 338.432 338.432 338.432 338.432 338.432 338.432 
338.432 338.432 338.432 338.432 338.432 338.432 338.432 338.432 338.432 338.432 
338.432 338.432 338.432 338.432 338.432 338.432 338.432 338.432 338.432 338.432 
338.432 338.432 338.432 338.432 338.432 338.432 338.432 338.432 338.432 338.432 
338.432 338.432 338.432 338.432 338.432 902.572 902.572 902.572 902.572 902.572 
902.572 902.572 902.572 902.572 902.572 902.572 902.572 902.572 902.572 902.572 
902.572 902.572 902.572 902.572 902.572 902.572 902.572 902.572 902.572 902.572 
902.572 902.572 902.572 902.572 902.572 902.572 902.572 902.572 902.572 902.572 
902.572 902.572 902.572 902.572 902.572 902.572 902.572 902.572 902.572 902.572 
902.572 902.572 902.572 902.572 902.572 902.572 902.572 902.572 902.572 902.572 
902.572 902.572 902.572 902.572 902.572 635.68 635.68 635.68 635.68 635.68 
635.68 635.68 635.68 635.68 635.68 635.68 635.68 635.68 635.68 635.68 
635.68 635.68 635.68 635.68 635.68 635.68 635.68 635.68 635.68 635.68 
635.68 635.68 635.68 635.68 635.68 635.68 635.68 635.68 635.68 635.68 
635.68 635.68 635.68 635.68 635.68 635.68 635.68 635.68 635.68 635.68 
635.68 635.68 635.68 635.68 635.68 635.68 635.68 635.68 635.68 635.68 
635.68 SCALARS Length_m float 1
LOOKUP_TABLE default
4.30769 4.30769 4.30769 4.30769 4.30769 4.30769 4.30769 4.30769 4.30769 
4.30769 4.30769 4.30769 4.30769 4.30769 4.30769 4.30769 4.30769 4.30769 4.30769 
4.30769 4.30769 4.30769 4.30769 4.30769 4.30769 4.30769 4.30769 4.30769 4.30769 
4.30769 4.30769 4.30769 4.30769 4.30769 4.30769 4.30769 4.30769 4.30769 4.30769 
4.30769 4.30769 4.30769 4.30769 4.30769 4.30769 4.30769 4.30769 4.30769 4.30769 
4.30769 4.30769 4.30769 4.30769 4.30769 4.30769 4.30769 4.30769 4.30769 4.30769 
4.30769 4.30769 4.30769 4.30769 4.30769 4.30769 4.30769 4.30769 4.30769 4.30769 
4.30769 4.30769 4.30769 4.30769 4.30769 4.30769 4.30769 4.30769 4.30769 4.30769 
4.30769 4.30769 4.30769 4.30769 4.30769 4.30769 4.30769 4.30769 4.30769 4.30769 
4.30769 4.30769 4.30769 4.30769 4.30769 4.30769 4.30769 4.30769 4.30769 4.30769 
4.30769 4.30769 4.30769 4.30769 4.30769 4.30769 4.30769 4.30769 4.30769 4.30769 
4.30769 4.30769 4.30769 4.30769 4.30769 4.30769 4.30769 4.30769 4.30769 4.30769 
4.30769 4.30769 4.30769 4.30769 4.30769 4.30769 4.30769 4.30769 4.30769 4.30769 
4.30769 4.30769 4.30769 4.30769 4.30769 4.30769 4.30769 4.30769 4.30769 4.30769 
4.30769 4.30769 4.30769 4.30769 4.30769 4.30769 4.30769 4.30769 4.30769 4.30769 
4.30769 4.30769 4.30769 4.30769 4.30769 4.30769 4.30769 4.30769 4.30769 4.30769 
4.30769 4.30769 4.30769 4.30769 4.30769 4.30769 4.30769 4.30769 4.30769 4.30769 
4.30769 4.30769 4.30769 4.30769 4.30769 4.30769 4.30769 4.30769 4.30769 4.30769 
4.30769 4.30769 4.30769 4.30769 4.30769 4.30769 4.30769 4.30769 4.30769 4.30769 
4.30769 4.30769 4.30769 4.30769 4.30769 4.30769 4.30769 4.30769 4.30769 4.30769 
4.30769 4.30769 4.30769 4.30769 4.30769 4.30769 4.30769 4.30769 4.30769 4.30769 
4.30769 4.30769 4.30769 4.30769 4.30769 4.30769 4.30769 4.30769 4.30769 4.30769 
4.30769 4.30769 4.30769 4.30769 4.30769 4.30769 4.30769 4.30769 4.30769 4.30769 
4.30769 4.30769 4.30769 4.30769 4.30769 4.30769 4.30769 4.30769 4.30769 4.30769 
4.30769 4.30769 4.30769 4.30769 4.30769 4.30769 4.30769 4.30769 4.30769 4.30769 
4.30769 4.30769 4.30769 4.30769 4.30769 4.30769 4.30769 4.30769 4.30769 4.30769 
4.30769 4.30769 4.30769 4.30769 4.30769 4.30769 4.30769 4.30769 4.30769 4.30769 
4.30769 4.30769 4.30769 4.30769 4.30769 4.30769 4.30769 4.30769 4.30769 4.30769 
4.30769 4.30769 4.30769 4.30769 4.30769 4.30769 4.30769 4.30769 4.30769 4.30769 
4.30769 4.30769 4.30769 4.30769 4.30769 4.30769 4.30769 4.30769 4.30769 4.30769 
4.30769 4.30769 4.30769 4.30769 4.30769 4.30769 4.30769 4.30769 4.30769 4.30769 
4.30769 4.30769 4.30769 4.30769 4.30769 4.30769 4.30769 4.30769 4.30769 4.30769 
4.30769 4.30769 4.30769 4.30769 4.30769 4.30769 4.30769 4.30769 4.30769 4.30769 
4.30769 4.30769 4.30769 4.30769 4.30769 4.30769 4.30769 4.30769 4.30769 4.30769 
4.30769 4.30769 4.30769 4.30769 4.30769 4.30769 4.30769 4.30769 4.30769 4.30769 
4.30769 4.30769 4.30769 4.30769 4.30769 4.30769 4.30769 4.30769 4.30769 4.30769 
4.30769 4.30769 4.30769 4.30769 4.30769 4.30769 4.30769 4.30769 4.30769 4.30769 
4.30769 4.30769 4.30769 4.30769 4.30769 4.30769 4.30769 4.30769 4.30769 4.30769 
4.30769 4.30769 4.30769 4.30769 4.30769 4.30769 4.30769 4.30769 4.30769 4.30769 
4.30769 4.30769 4.30769 4.30769 4.30769 4.30769 4.30769 4.30769 4.30769 4.30769 
4.30769 4.30769 4.30769 4.30769 4.30769 4.30769 4.30769 4.30769 4.30769 4.30769 
4.30769 4.30769 4.30769 4.30769 4.30769 4.30769 4.30769 4.30769 4.30769 4.30769 
4.30769 154.419 154.419 154.419 154.419 154.419 154.419 154.419 154.419 154.419 
154.419 154.419 154.419 154.419 154.419 154.419 154.419 154.419 154.419 154.419 
154.419 154.419 154.419 154.419 154.419 154.419 154.419 154.419 154.419 154.419 
154.419 154.419 154.419 154.419 154.419 154.419 154.419 154.419 154.419 154.419 
154.419 154.419 154.419 154.419 154.419 154.419 154.419 154.419 154.419 154.419 
154.419 154.419 154.419 154.419 154.419 154.419 154.419 154.419 154.419 154.419 
154.419 154.419 154.419 154.419 154.419 154.419 154.419 154.419 154.419 154.419 
154.419 154.419 154.419 154.419 154.419 154.419 154.419 154.419 154.419 154.419 
154.419 154.419 154.419 154.419 154.419 154.419 154.419 154.419 154.419 154.419 
154.419 154.419 154.419 154.419 154.419 154.419 154.419 154.419 154.419 154.419 
154.419 154.419 154.419 154.419 154.419 154.419 154.419 154.419 154.419 154.419 
154.419 154.419 154.419 154.419 154.419 154.419 154.419 154.419 154.419 154.419 
154.419 154.419 154.419 154.419 154.419 154.419 154.419 154.419 154.419 154.419 
154.419 154.419 154.419 2896.35 2896.35 2896.35 2896.35 2896.35 2896.35 2896.35 
2896.35 2896.35 2896.35 2896.35 2896.35 2896.35 2896.35 2896.35 2896.35 2896.35 
2896.35 2896.35 2896.35 2896.35 2896.35 2896.35 2896.35 2896.35 2896.35 2896.35 
2896.35 2896.35 2896.35 2896.35 2896.35 2896.35 2896.35 2896.35 2896.35 2896.35 
2896.35 2896.35 2896.35 2896.35 2896.35 2896.35 2896.35 19.3846 19.3846 19.3846 
19.3846 19.3846 19.3846 19.3846 19.3846 19.3846 19.3846 19.3846 19.3846 19.3846 
19.3846 19.3846 19.3846 19.3846 19.3846 19.3846 19.3846 19.3846 19.3846 19.3846 
19.3846 19.3846 19.3846 19.3846 19.3846 19.3846 19.3846 19.3846 19.3846 19.3846 
19.3846 19.3846 19.3846 19.3846 19.3846 19.3846 19.3846 19.3846 19.3846 19.3846 
19.3846 19.3846 19.3846 19.3846 19.3846 19.3846 19.3846 19.3846 19.3846 19.3846 
19.3846 19.3846 19.3846 0.076 0.076 0.076 0.076 0.076 0.076 0.076 
0.076 0.076 0.076 0.076 0.076 0.076 0.076 0.076 0.076 0.076 
0.076 0.076 0.076 0.076 0.076 0.076 0.076 0.076 0.076 0.076 
0.076 0.076 0.076 0.076 0.076 0.076 0.076 0.076 0.076 0.076 
0.076 0.076 0.076 0.076 0.076 0.076 0.076 0.076 0.076 0.076 
0.076 0.076 0.076 0.076 0.076 0.076 0.076 0.076 0.076 0.076 
0.076 0.076 0.076 0.534 0.534 0.534 0.534 0.534 0.534 0.534 
0.534 0.534 0.534 0.534 0.534 0.534 0.534 0.534 0.534 0.534 
0.534 0.534 0.534 0.534 0.534 0.534 0.534 0.534 0.534 0.534 
0.534 0.534 0.534 0.534 0.534 0.534 0.534 0.534 0.534 0.534 
0.534 0.534 0.534 0.534 0.534 0.534 0.534 0.534 0.534 0.534 
0.534 0.534 0.534 0.534 0.534 0.534 0.534 0.534 0.534 0.534 
0.534 0.534 0.534 19.3846 19.3846 19.3846 19.3846 19.3846 19.3846 19.3846 
19.3846 19.3846 19.3846 19.3846 19.3846 19.3846 19.3846 19.3846 19.3846 19.3846 
19.3846 19.3846 19.3846 19.3846 19.3846 19.3846 19.3846 19.3846 19.3846 19.3846 
19.3846 19.3846 19.3846 19.3846 19.3846 19.3846 19.3846 19.3846 19.3846 19.3846 
19.3846 19.3846 19.3846 19.3846 19.3846 19.3846 19.3846 19.3846 19.3846 19.3846 
19.3846 19.3846 19.3846 19.3846 19.3846 19.3846 19.3846 19.3846 19.3846 19.3846 
19.3846 19.3846 19.3846 19.3846 19.3846 19.3846 19.3846 19.3846 19.3846 19.3846 
19.3846 19.3846 19.3846 19.3846 19.3846 19.3846 19.3846 19.3846 19.3846 19.3846 
19.3846 19.3846 19.3846 19.3846 19.3846 19.3846 19.3846 19.3846 19.3846 19.3846 
19.3846 19.3846 19.3846 19.3846 19.3846 19.3846 19.3846 19.3846 19.3846 19.3846 
19.3846 19.3846 19.3846 19.3846 19.3846 19.3846 19.3846 19.3846 19.3846 19.3846 
19.3846 19.3846 19.3846 19.3846 19.3846 0.076 0.076 0.076 0.076 0.076 
0.076 0.076 0.076 0.076 0.076 0.076 0.076 0.076 0.076 0.076 
0.076 0.076 0.076 0.076 0.076 0.076 0.076 0.076 0.076 0.076 
0.076 0.076 0.076 0.076 0.076 0.076 0.076 0.076 0.076 0.076 
0.076 0.076 0.076 0.076 0.076 0.076 0.076 0.076 0.076 0.076 
0.076 0.076 0.076 0.076 0.076 0.076 0.076 0.076 0.076 0.076 
0.076 0.076 0.076 0.076 0.076 0.534 0.534 0.534 0.534 0.534 
0.534 0.534 0.534 0.534 0.534 0.534 0.534 0.534 0.534 0.534 
0.534 0.534 0.534 0.534 0.534 0.534 0.534 0.534 0.534 0.534 
0.534 0.534 0.534 0.534 0.534 0.534 0.534 0.534 0.534 0.534 
0.534 0.534 0.534 0.534 0.534 0.534 0.534 0.534 0.534 0.534 
0.534 0.534 0.534 0.534 0.534 0.534 0.534 0.534 0.534 0.534 
0.534 0.534 0.534 0.534 0.534 19.3846 19.3846 19.3846 19.3846 19.3846 
19.3846 19.3846 19.3846 19.3846 19.3846 19.3846 19.3846 19.3846 19.3846 19.3846 
19.3846 19.3846 19.3846 19.3846 19.3846 19.3846 19.3846 19.3846 19.3846 19.3846 
19.3846 19.3846 19.3846 19.3846 19.3846 19.3846 19.3846 19.3846 19.3846 19.3846 
19.3846 19.3846 19.3846 19.3846 19.3846 19.3846 19.3846 19.3846 19.3846 19.3846 
19.3846 19.3846 19.3846 19.3846 19.3846 19.3846 19.3846 19.3846 19.3846 19.3846 
19.3846 19.3846 19.3846 19.3846 19.3846 19.3846 19.3846 19.3846 19.3846 19.3846 
19.3846 19.3846 19.3846 19.3846 19.3846 19.3846 19.3846 19.3846 19.3846 19.3846 
19.3846 19.3846 19.3846 19.3846 19.3846 19.3846 19.3846 19.3846 19.3846 19.3846 
19.3846 19.3846 19.3846 19.3846 19.3846 19.3846 19.3846 19.3846 19.3846 19.3846 
19.3846 19.3846 19.3846 19.3846 19.3846 19.3846 19.3846 19.3846 19.3846 19.3846 
19.3846 19.3846 19.3846 19.3846 19.3846 19.3846 19.3846 0.076 0.076 0.076 
0.076 0.076 0.076 0.076 0.076 0.076 0.076 0.076 0.076 0.076 
0.076 0.076 0.076 0.076 0.076 0.076 0.076 0.076 0.076 0.076 
0.076 0.076 0.076 0.076 0.076 0.076 0.076 0.076 0.076 0.076 
0.076 0.076 0.076 0.076 0.076 0.076 0.076 0.076 0.076 0.076 
0.076 0.076 0.076 0.076 0.076 0.076 0.076 0.076 0.076 0.076 
0.076 0.076 0.076 0.076 0.076 0.076 0.076 0.534 0.534 0.534 
0.534 0.534 0.534 0.534 0.534 0.534 0.534 0.534 0.534 0.534 
0.534 0.534 0.534 0.534 0.534 0.534 0.534 0.534 0.534 0.534 
0.534 0.534 0.534 0.534 0.534 0.534 0.534 0.534 0.534 0.534 
0.534 0.534 0.534 0.534 0.534 0.534 0.534 0.534 0.534 0.534 
0.534 0.534 0.534 0.534 0.534 0.534 0.534 0.534 0.534 0.534 
0.534 0.534 0.534 0.534 0.534 0.534 0.534 19.3846 19.3846 19.3846 
19.3846 19.3846 19.3846 19.3846 19.3846 19.3846 19.3846 19.3846 19.3846 19.3846 
19.3846 19.3846 19.3846 19.3846 19.3846 19.3846 19.3846 19.3846 19.3846 19.3846 
19.3846 19.3846 19.3846 19.3846 19.3846 19.3846 19.3846 19.3846 19.3846 19.3846 
19.3846 19.3846 19.3846 19.3846 19.3846 19.3846 19.3846 19.3846 19.3846 19.3846 
19.3846 19.3846 19.3846 19.3846 19.3846 19.3846 19.3846 19.3846 19.3846 19.3846 
19.3846 19.3846 19.3846 19.3846 19.3846 19.3846 19.3846 19.3846 19.3846 19.3846 
19.3846 19.3846 19.3846 19.3846 19.3846 19.3846 19.3846 19.3846 19.3846 19.3846 
19.3846 19.3846 19.3846 19.3846 19.3846 19.3846 19.3846 19.3846 19.3846 19.3846 
19.3846 19.3846 19.3846 19.3846 19.3846 19.3846 19.3846 19.3846 19.3846 19.3846 
19.3846 19.3846 19.3846 19.3846 19.3846 19.3846 19.3846 19.3846 19.3846 19.3846 
19.3846 19.3846 19.3846 19.3846 19.3846 19.3846 19.3846 19.3846 19.3846 0.076 
0.076 0.076 0.076 0.076 0.076 0.076 0.076 0.076 0.076 0.076 
0.076 0.076 0.076 0.076 0.076 0.076 0.076 0.076 0.076 0.076 
0.076 0.076 0.076 0.076 0.076 0.076 0.076 0.076 0.076 0.076 
0.076 0.076 0.076 0.076 0.076 0.076 0.076 0.076 0.076 0.076 
0.076 0.076 0.076 0.076 0.076 0.076 0.076 0.076 0.076 0.076 
0.076 0.076 0.076 0.076 0.076 0.076 0.076 0.076 0.076 0.534 
0.534 0.534 0.534 0.534 0.534 0.534 0.534 0.534 0.534 0.534 
0.534 0.534 0.534 0.534 0.534 0.534 0.534 0.534 0.534 0.534 
0.534 0.534 0.534 0.534 0.534 0.534 0.534 0.534 0.534 0.534 
0.534 0.534 0.534 0.534 0.534 0.534 0.534 0.534 0.534 0.534 
0.534 0.534 0.534 0.534 0.534 0.534 0.534 0.534 0.534 0.534 
0.534 0.534 0.534 0.534 0.534 0.534 0.534 0.534 0.534 5.10115 
5.10115 5.10115 5.10115 5.10115 5.10115 5.10115 5.10115 5.10115 5.10115 5.10115 
5.10115 5.10115 5.10115 5.10115 5.10115 5.10115 5.10115 5.10115 5.10115 5.10115 
5.10115 5.10115 5.10115 5.10115 5.10115 5.10115 5.10115 5.10115 5.10115 5.10115 
5.10115 5.10115 5.10115 5.10115 5.10115 5.10115 5.10115 5.10115 5.10115 5.10115 
5.10115 5.10115 5.10115 5.10115 5.10115 5.10115 5.10115 5.10115 5.10115 5.10115 
5.10115 5.10115 5.10115 5.10115 5.10115 5.10115 5.10115 5.10115 5.10115 0.076 
0.076 0.076 0.076 0.076 0.076 0.076 0.076 0.076 0.076 0.076 
0.076 0.076 0.076 0.076 0.076 0.076 0.076 0.076 0.076 0.076 
0.076 0.076 0.076 0.076 0.076 0.076 0.076 0.076 0.076 0.076 
0.076 0.076 0.076 0.076 0.076 0.076 0.076 0.076 0.076 0.076 
0.076 0.076 0.076 0.076 0.076 0.076 0.076 0.076 0.076 0.076 
0.076 0.076 0.076 0.076 0.076 0.076 0.076 0.076 0.076 0.534 
0.534 0.534 0.534 0.534 0.534 0.534 0.534 0.534 0.534 0.534 
0.534 0.534 0.534 0.534 0.534 0.534 0.534 0.534 0.534 0.534 
0.534 0.534 0.534 0.534 0.534 0.534 0.534 0.534 0.534 0.534 
0.534 0.534 0.534 0.534 0.534 0.534 0.534 0.534 0.534 0.534 
0.534 0.534 0.534 0.534 0.534 0.534 0.534 0.534 0.534 0.534 
0.534 0.534 0.534 0.534 0.534 0.534 0.534 0.534 0.534 220.566 
220.566 220.566 220.566 220.566 220.566 220.566 220.566 220.566 220.566 220.566 
220.566 220.566 220.566 220.566 220.566 220.566 220.566 220.566 220.566 220.566 
220.566 220.566 220.566 220.566 220.566 220.566 220.566 220.566 220.566 220.566 
220.566 220.566 220.566 220.566 220.566 220.566 220.566 220.566 220.566 220.566 
220.566 220.566 220.566 220.566 220.566 220.566 220.566 220.566 220.566 220.566 
220.566 220.566 220.566 220.566 220.566 220.566 220.566 220.566 220.566 14.2835 
14.2835 14.2835 14.2835 14.2835 14.2835 14.2835 14.2835 14.2835 14.2835 14.2835 
14.2835 14.2835 14.2835 14.2835 14.2835 14.2835 14.2835 14.2835 14.2835 14.2835 
14.2835 14.2835 14.2835 14.2835 14.2835 14.2835 14.2835 14.2835 14.2835 14.2835 
14.2835 14.2835 14.2835 14.2835 14.2835 14.2835 14.2835 14.2835 14.2835 14.2835 
14.2835 14.2835 14.2835 14.2835 14.2835 14.2835 14.2835 14.2835 14.2835 14.2835 
14.2835 14.2835 14.2835 14.2835 14.2835 19.3846 19.3846 19.3846 19.3846 19.3846 
19.3846 19.3846 19.3846 19.3846 19.3846 19.3846 19.3846 19.3846 19.3846 19.3846 
19.3846 19.3846 19.3846 19.3846 19.3846 19.3846 19.3846 19.3846 19.3846 19.3846 
19.3846 19.3846 19.3846 19.3846 19.3846 19.3846 19.3846 19.3846 19.3846 19.3846 
19.3846 19.3846 19.3846 19.3846 19.3846 19.3846 19.3846 19.3846 19.3846 19.3846 
19.3846 19.3846 19.3846 19.3846 19.3846 19.3846 19.3846 19.3846 19.3846 19.3846 
19.3846 0.076 0.076 0.076 0.076 0.076 0.076 0.076 0.076 0.076 
0.076 0.076 0.076 0.076 0.076 0.076 0.076 0.076 0.076 0.076 
0.076 0.076 0.076 0.076 0.076 0.076 0.076 0.076 0.076 0.076 
0.076 0.076 0.076 0.076 0.076 0.076 0.076 0.076 0.076 0.076 
0.076 0.076 0.076 0.076 0.076 0.076 0.076 0.076 0.076 0.076 
0.076 0.076 0.076 0.076 0.076 0.076 0.076 0.076 0.076 0.076 
0.076 0.534 0.534 0.534 0.534 0.534 0.534 0.534 0.534 0.534 
0.534 0.534 0.534 0.534 0.534 0.534 0.534 0.534 0.534 0.534 
0.534 0.534 0.534 0.534 0.534 0.534 0.534 0.534 0.534 0.534 
0.534 0.534 0.534 0.534 0.534 0.534 0.534 0.534 0.534 0.534 
0.534 0.534 0.534 0.534 0.534 0.534 0.534 0.534 0.534 0.534 
0.534 0.534 0.534 0.534 0.534 0.534 0.534 0.534 0.534 0.534 
0.534 19.3846 19.3846 19.3846 19.3846 19.3846 19.3846 19.3846 19.3846 19.3846 
19.3846 19.3846 19.3846 19.3846 19.3846 19.3846 19.3846 19.3846 19.3846 19.3846 
19.3846 19.3846 19.3846 19.3846 19.3846 19.3846 19.3846 19.3846 19.3846 19.3846 
19.3846 19.3846 19.3846 19.3846 19.3846 19.3846 19.3846 19.3846 19.3846 19.3846 
19.3846 19.3846 19.3846 19.3846 19.3846 19.3846 19.3846 19.3846 19.3846 19.3846 
19.3846 19.3846 19.3846 19.3846 19.3846 19.3846 19.3846 19.3846 19.3846 19.3846 
19.3846 19.3846 19.3846 19.3846 19.3846 19.3846 19.3846 19.3846 19.3846 19.3846 
19.3846 19.3846 19.3846 19.3846 19.3846 19.3846 19.3846 19.3846 19.3846 19.3846 
19.3846 19.3846 19.3846 19.3846 19.3846 19.3846 19.3846 19.3846 19.3846 19.3846 
19.3846 19.3846 19.3846 19.3846 19.3846 19.3846 19.3846 19.3846 19.3846 19.3846 
19.3846 19.3846 19.3846 19.3846 19.3846 19.3846 19.3846 19.3846 19.3846 19.3846 
19.3846 19.3846 19.3846 0.076 0.076 0.076 0.076 0.076 0.076 0.076 
0.076 0.076 0.076 0.076 0.076 0.076 0.076 0.076 0.076 0.076 
0.076 0.076 0.076 0.076 0.076 0.076 0.076 0.076 0.076 0.076 
0.076 0.076 0.076 0.076 0.076 0.076 0.076 0.076 0.076 0.076 
0.076 0.076 0.076 0.076 0.076 0.076 0.076 0.076 0.076 0.076 
0.076 0.076 0.076 0.076 0.076 0.076 0.076 0.076 0.076 0.076 
0.076 0.076 0.076 0.534 0.534 0.534 0.534 0.534 0.534 0.534 
0.534 0.534 0.534 0.534 0.534 0.534 0.534 0.534 0.534 0.534 
0.534 0.534 0.534 0.534 0.534 0.534 0.534 0.534 0.534 0.534 
0.534 0.534 0.534 0.534 0.534 0.534 0.534 0.534 0.534 0.534 
0.534 0.534 0.534 0.534 0.534 0.534 0.534 0.534 0.534 0.534 
0.534 0.534 0.534 0.534 0.534 0.534 0.534 0.534 0.534 0.534 
0.534 0.534 0.534 19.3846 19.3846 19.3846 19.3846 19.3846 19.3846 19.3846 
19.3846 19.3846 19.3846 19.3846 19.3846 19.3846 19.3846 19.3846 19.3846 19.3846 
19.3846 19.3846 19.3846 19.3846 19.3846 19.3846 19.3846 19.3846 19.3846 19.3846 
19.3846 19.3846 19.3846 19.3846 19.3846 19.3846 19.3846 19.3846 19.3846 19.3846 
19.3846 19.3846 19.3846 19.3846 19.3846 19.3846 19.3846 19.3846 19.3846 19.3846 
19.3846 19.3846 19.3846 19.3846 19.3846 19.3846 19.3846 19.3846 19.3846 19.3846 
19.3846 19.3846 19.3846 19.3846 19.3846 19.3846 19.3846 19.3846 19.3846 19.3846 
19.3846 19.3846 19.3846 19.3846 19.3846 19.3846 19.3846 19.3846 19.3846 19.3846 
19.3846 19.3846 19.3846 19.3846 19.3846 19.3846 19.3846 19.3846 19.3846 19.3846 
19.3846 19.3846 19.3846 19.3846 19.3846 19.3846 19.3846 19.3846 19.3846 19.3846 
19.3846 19.3846 19.3846 19.3846 19.3846 19.3846 19.3846 19.3846 19.3846 19.3846 
19.3846 19.3846 19.3846 19.3846 19.3846 0.076 0.076 0.076 0.076 0.076 
0.076 0.076 0.076 0.076 0.076 0.076 0.076 0.076 0.076 0.076 
0.076 0.076 0.076 0.076 0.076 0.076 0.076 0.076 0.076 0.076 
0.076 0.076 0.076 0.076 0.076 0.076 0.076 0.076 0.076 0.076 
0.076 0.076 0.076 0.076 0.076 0.076 0.076 0.076 0.076 0.076 
0.076 0.076 0.076 0.076 0.076 0.076 0.076 0.076 0.076 0.076 
0.076 0.076 0.076 0.076 0.076 0.534 0.534 0.534 0.534 0.534 
0.534 0.534 0.534 0.534 0.534 0.534 0.534 0.534 0.534 0.534 
0.534 0.534 0.534 0.534 0.534 0.534 0.534 0.534 0.534 0.534 
0.534 0.534 0.534 0.534 0.534 0.534 0.534 0.534 0.534 0.534 
0.534 0.534 0.534 0.534 0.534 0.534 0.534 0.534 0.534 0.534 
0.534 0.534 0.534 0.534 0.534 0.534 0.534 0.534 0.534 0.534 
0.534 0.534 0.534 0.534 0.534 19.3846 19.3846 19.3846 19.3846 19.3846 
19.3846 19.3846 19.3846 19.3846 19.3846 19.3846 19.3846 19.3846 19.3846 19.3846 
19.3846 19.3846 19.3846 19.3846 19.3846 19.3846 19.3846 19.3846 19.3846 19.3846 
19.3846 19.3846 19.3846 19.3846 19.3846 19.3846 19.3846 19.3846 19.3846 19.3846 
19.3846 19.3846 19.3846 19.3846 19.3846 19.3846 19.3846 19.3846 19.3846 19.3846 
19.3846 19.3846 19.3846 19.3846 19.3846 19.3846 19.3846 19.3846 19.3846 19.3846 
19.3846 3174.31 3174.31 3174.31 3174.31 3174.31 3174.31 3174.31 3174.31 3174.31 
3174.31 3174.31 3174.31 3174.31 3174.31 3174.31 3174.31 3174.31 3174.31 3174.31 
3174.31 3174.31 3174.31 3174.31 3174.31 3174.31 3174.31 3174.31 3174.31 3174.31 
3174.31 3174.31 3174.31 3174.31 3174.31 3174.31 3174.31 3174.31 3174.31 3174.31 
3174.31 3174.31 3174.31 3174.31 3174.31 25.8349 25.8349 25.8349 25.8349 25.8349 
25.8349 25.8349 25.8349 25.8349 25.8349 25.8349 25.8349 25.8349 25.8349 25.8349 
25.8349 25.8349 25.8349 25.8349 25.8349 25.8349 25.8349 25.8349 25.8349 25.8349 
25.8349 25.8349 25.8349 25.8349 25.8349 25.8349 25.8349 25.8349 25.8349 25.8349 
25.8349 25.8349 25.8349 25.8349 25.8349 25.8349 25.8349 25.8349 25.8349 25.8349 
25.8349 25.8349 25.8349 25.8349 25.8349 25.8349 25.8349 25.8349 25.8349 25.8349 
25.8349 0.534 0.534 0.534 0.534 0.534 0.534 0.534 0.534 0.534 
0.534 0.534 0.534 0.534 0.534 0.534 0.534 0.534 0.534 0.534 
0.534 0.534 0.534 0.534 0.534 0.534 0.534 0.534 0.534 0.534 
0.534 0.534 0.534 0.534 0.534 0.534 0.534 0.534 0.534 0.534 
0.534 0.534 0.534 0.534 0.534 0.534 0.534 0.534 0.534 0.534 
0.534 0.534 0.534 0.534 0.534 0.534 0.534 0.534 0.534 0.534 
0.534 456.978 456.978 456.978 456.978 456.978 456.978 456.978 456.978 456.978 
456.978 456.978 456.978 456.978 456.978 456.978 456.978 456.978 456.978 456.978 
456.978 456.978 456.978 456.978 456.978 456.978 456.978 456.978 456.978 456.978 
456.978 456.978 456.978 456.978 456.978 456.978 456.978 456.978 456.978 456.978 
456.978 456.978 456.978 456.978 456.978 456.978 456.978 456.978 456.978 456.978 
456.978 456.978 456.978 456.978 456.978 456.978 456.978 456.978 456.978 456.978 
456.978 774.165 774.165 774.165 774.165 774.165 774.165 774.165 774.165 774.165 
774.165 774.165 774.165 774.165 774.165 774.165 774.165 774.165 774.165 774.165 
774.165 774.165 774.165 774.165 774.165 774.165 774.165 774.165 774.165 774.165 
774.165 774.165 774.165 774.165 774.165 774.165 774.165 774.165 774.165 774.165 
774.165 774.165 774.165 774.165 774.165 774.165 774.165 774.165 774.165 774.165 
774.165 774.165 774.165 774.165 774.165 774.165 774.165 774.165 774.165 774.165 
774.165 2695.6 2695.6 2695.6 2695.6 2695.6 2695.6 2695.6 2695.6 2695.6 
2695.6 2695.6 2695.6 2695.6 2695.6 2695.6 2695.6 2695.6 2695.6 2695.6 
2695.6 2695.6 2695.6 2695.6 2695.6 2695.6 2695.6 2695.6 2695.6 2695.6 
2695.6 2695.6 2695.6 2695.6 2695.6 2695.6 2695.6 2695.6 2695.6 2695.6 
2695.6 2695.6 2695.6 2695.6 2695.6 404.386 404.386 404.386 404.386 404.386 
404.386 404.386 404.386 404.386 404.386 404.386 404.386 404.386 404.386 404.386 
404.386 404.386 404.386 404.386 404.386 404.386 404.386 404.386 404.386 404.386 
404.386 404.386 404.386 404.386 404.386 404.386 404.386 404.386 404.386 404.386 
404.386 404.386 404.386 404.386 404.386 404.386 404.386 404.386 404.386 404.386 
404.386 404.386 404.386 404.386 404.386 404.386 404.386 404.386 404.386 404.386 
404.386 404.386 404.386 404.386 404.386 0.534 0.534 0.534 0.534 0.534 
0.534 0.534 0.534 0.534 0.534 0.534 0.534 0.534 0.534 0.534 
0.534 0.534 0.534 0.534 0.534 0.534 0.534 0.534 0.534 0.534 
0.534 0.534 0.534 0.534 0.534 0.534 0.534 0.534 0.534 0.534 
0.534 0.534 0.534 0.534 0.534 0.534 0.534 0.534 0.534 0.534 
0.534 0.534 0.534 0.534 0.534 0.534 0.534 0.534 0.534 0.534 
0.534 0.534 0.534 0.534 0.534 262.579 262.579 262.579 262.579 262.579 
262.579 262.579 262.579 262.579 262.579 262.579 262.579 262.579 262.579 262.579 
262.579 262.579 262.579 262.579 262.579 262.579 262.579 262.579 262.579 262.579 
262.579 262.579 262.579 262.579 262.579 262.579 262.579 262.579 262.579 262.579 
262.579 262.579 262.579 262.579 262.579 262.579 262.579 262.579 262.579 262.579 
262.579 262.579 262.579 262.579 262.579 262.579 262.579 262.579 262.579 262.579 
262.579 262.579 262.579 262.579 262.579 395.614 395.614 395.614 395.614 395.614 
395.614 395.614 395.614 395.614 395.614 395.614 395.614 395.614 395.614 395.614 
395.614 395.614 395.614 395.614 395.614 395.614 395.614 395.614 395.614 395.614 
395.614 395.614 395.614 395.614 395.614 395.614 395.614 395.614 395.614 395.614 
395.614 395.614 395.614 395.614 395.614 395.614 395.614 395.614 395.614 395.614 
395.614 395.614 395.614 395.614 395.614 395.614 395.614 395.614 395.614 395.614 
395.614 395.614 395.614 395.614 395.614 2695.71 2695.71 2695.71 2695.71 2695.71 
2695.71 2695.71 2695.71 2695.71 2695.71 2695.71 2695.71 2695.71 2695.71 2695.71 
2695.71 2695.71 2695.71 2695.71 2695.71 2695.71 2695.71 2695.71 2695.71 2695.71 
2695.71 2695.71 2695.71 2695.71 2695.71 2695.71 2695.71 2695.71 2695.71 2695.71 
2695.71 2695.71 2695.71 2695.71 2695.71 2695.71 2695.71 2695.71 2695.71 800 
800 800 800 800 800 800 800 800 800 800 
800 800 800 800 800 800 800 800 800 800 
800 800 800 800 800 800 800 800 800 800 
800 800 800 800 800 800 800 800 800 800 
800 800 800 800 800 800 800 800 800 800 
800 800 800 800 800 800 800 800 800 558.418 
558.418 558.418 558.418 558.418 558.418 558.418 558.418 558.418 558.418 558.418 
558.418 558.418 558.418 558.418 558.418 558.418 558.418 558.418 558.418 558.418 
558.418 558.418 558.418 558.418 558.418 558.418 558.418 558.418 558.418 558.418 
558.418 558.418 558.418 558.418 558.418 558.418 558.418 558.418 558.418 558.418 
558.418 558.418 558.418 558.418 558.418 558.418 558.418 558.418 558.418 558.418 
558.418 558.418 558.418 558.418 558.418 355.534 355.534 355.534 355.534 355.534 
355.534 355.534 355.534 355.534 355.534 355.534 355.534 355.534 355.534 355.534 
355.534 355.534 355.534 355.534 355.534 355.534 355.534 355.534 355.534 355.534 
355.534 355.534 355.534 355.534 355.534 355.534 355.534 355.534 355.534 355.534 
355.534 355.534 355.534 355.534 355.534 355.534 355.534 355.534 355.534 355.534 
355.534 355.534 355.534 355.534 355.534 355.534 355.534 355.534 355.534 355.534 
355.534 355.534 355.534 355.534 355.534 210.85 210.85 210.85 210.85 210.85 
210.85 210.85 210.85 210.85 210.85 210.85 210.85 210.85 210.85 210.85 
210.85 210.85 210.85 210.85 210.85 210.85 210.85 210.85 210.85 210.85 
210.85 210.85 210.85 210.85 210.85 210.85 210.85 210.85 210.85 210.85 
210.85 210.85 210.85 210.85 210.85 210.85 210.85 210.85 210.85 210.85 
210.85 210.85 210.85 210.85 210.85 210.85 210.85 210.85 210.85 210.85 
210.85 449.918 449.918 449.918 449.918 449.918 449.918 449.918 449.918 449.918 
449.918 449.918 449.918 449.918 449.918 449.918 449.918 449.918 449.918 449.918 
449.918 449.918 449.918 449.918 449.918 449.918 449.918 449.918 449.918 449.918 
449.918 449.918 449.918 449.918 449.918 449.918 449.918 449.918 449.918 449.918 
449.918 449.918 449.918 449.918 449.918 449.918 449.918 449.918 449.918 449.918 
449.918 449.918 449.918 449.918 449.918 449.918 449.918 183.431 183.431 183.431 
183.431 183.431 183.431 183.431 183.431 183.431 183.431 183.431 183.431 183.431 
183.431 183.431 183.431 183.431 183.431 183.431 183.431 183.431 183.431 183.431 
183.431 183.431 183.431 183.431 183.431 183.431 183.431 183.431 183.431 183.431 
183.431 183.431 183.431 183.431 183.431 183.431 183.431 183.431 183.431 183.431 
183.431 183.431 183.431 183.431 183.431 183.431 183.431 183.431 183.431 183.431 
183.431 183.431 183.431 510.277 510.277 510.277 510.277 510.277 510.277 510.277 
510.277 510.277 510.277 510.277 510.277 510.277 510.277 510.277 510.277 510.277 
510.277 510.277 510.277 510.277 510.277 510.277 510.277 510.277 510.277 510.277 
510.277 510.277 510.277 510.277 510.277 510.277 510.277 510.277 510.277 510.277 
510.277 510.277 510.277 510.277 510.277 510.277 510.277 510.277 510.277 510.277 
510.277 510.277 510.277 510.277 510.277 510.277 510.277 510.277 510.277 215.166 
215.166 215.166 215.166 215.166 215.166 215.166 215.166 215.166 215.166 215.166 
215.166 215.166 215.166 215.166 215.166 215.166 215.166 215.166 215.166 215.166 
215.166 215.166 215.166 215.166 215.166 215.166 215.166 215.166 215.166 215.166 
215.166 215.166 215.166 215.166 215.166 215.166 215.166 215.166 215.166 215.166 
215.166 215.166 215.166 215.166 215.166 215.166 215.166 215.166 215.166 215.166 
215.166 215.166 215.166 215.166 215.166 282.56 282.56 282.56 282.56 282.56 
282.56 282.56 282.56 282.56 282.56 282.56 282.56 282.56 282.56 282.56 
282.56 282.56 282.56 282.56 282.56 282.56 282.56 282.56 282.56 282.56 
282.56 282.56 282.56 282.56 282.56 282.56 282.56 282.56 282.56 282.56 
282.56 282.56 282.56 282.56 282.56 282.56 282.56 282.56 282.56 282.56 
282.56 282.56 282.56 282.56 282.56 282.56 282.56 282.56 282.56 282.56 
282.56 192.936 192.936 192.936 192.936 192.936 192.936 192.936 192.936 192.936 
192.936 192.936 192.936 192.936 192.936 192.936 192.936 192.936 192.936 192.936 
192.936 192.936 192.936 192.936 192.936 192.936 192.936 192.936 192.936 192.936 
192.936 192.936 192.936 192.936 192.936 192.936 192.936 192.936 192.936 192.936 
192.936 192.936 192.936 192.936 192.936 192.936 192.936 192.936 192.936 192.936 
192.936 192.936 192.936 192.936 192.936 192.936 192.936 250.524 250.524 250.524 
250.524 250.524 250.524 250.524 250.524 250.524 250.524 250.524 250.524 250.524 
250.524 250.524 250.524 250.524 250.524 250.524 250.524 250.524 250.524 250.524 
250.524 250.524 250.524 250.524 250.524 250.524 250.524 250.524 250.524 250.524 
250.524 250.524 250.524 250.524 250.524 250.524 250.524 250.524 250.524 250.524 
250.524 250.524 250.524 250.524 250.524 250.524 250.524 250.524 250.524 250.524 
250.524 250.524 250.524 112.572 112.572 112.572 112.572 112.572 112.572 112.572 
112.572 112.572 112.572 112.572 112.572 112.572 112.572 112.572 112.572 112.572 
112.572 112.572 112.572 112.572 112.572 112.572 112.572 112.572 112.572 112.572 
112.572 112.572 112.572 112.572 112.572 112.572 112.572 112.572 112.572 112.572 
112.572 112.572 112.572 112.572 112.572 112.572 112.572 112.572 112.572 112.572 
112.572 112.572 112.572 112.572 112.572 112.572 112.572 112.572 112.572 267.183 
267.183 267.183 267.183 267.183 267.183 267.183 267.183 267.183 267.183 267.183 
267.183 267.183 267.183 267.183 267.183 267.183 267.183 267.183 267.183 267.183 
267.183 267.183 267.183 267.183 267.183 267.183 267.183 267.183 267.183 267.183 
267.183 267.183 267.183 267.183 267.183 267.183 267.183 267.183 267.183 267.183 
267.183 267.183 267.183 267.183 267.183 267.183 267.183 267.183 267.183 267.183 
267.183 267.183 267.183 267.183 267.183 267.183 267.183 267.183 267.183 31.0496 
31.0496 31.0496 31.0496 31.0496 31.0496 31.0496 31.0496 31.0496 31.0496 31.0496 
31.0496 31.0496 31.0496 31.0496 31.0496 31.0496 31.0496 31.0496 31.0496 31.0496 
31.0496 31.0496 31.0496 31.0496 31.0496 31.0496 31.0496 31.0496 31.0496 31.0496 
31.0496 31.0496 31.0496 31.0496 31.0496 31.0496 31.0496 31.0496 31.0496 31.0496 
31.0496 31.0496 31.0496 31.0496 31.0496 31.0496 31.0496 31.0496 31.0496 31.0496 
31.0496 31.0496 31.0496 31.0496 31.0496 326.615 326.615 326.615 326.615 326.615 
326.615 326.615 326.615 326.615 326.615 326.615 326.615 326.615 326.615 326.615 
326.615 326.615 326.615 326.615 326.615 326.615 326.615 326.615 326.615 326.615 
326.615 326.615 326.615 326.615 326.615 326.615 326.615 326.615 326.615 326.615 
326.615 326.615 326.615 326.615 326.615 326.615 326.615 326.615 326.615 326.615 
326.615 326.615 326.615 326.615 326.615 326.615 326.615 326.615 326.615 326.615 
326.615 50.7487 50.7487 50.7487 50.7487 50.7487 50.7487 50.7487 50.7487 50.7487 
50.7487 50.7487 50.7487 50.7487 50.7487 50.7487 50.7487 50.7487 50.7487 50.7487 
50.7487 50.7487 50.7487 50.7487 50.7487 50.7487 50.7487 50.7487 50.7487 50.7487 
50.7487 50.7487 50.7487 50.7487 50.7487 50.7487 50.7487 50.7487 50.7487 50.7487 
50.7487 50.7487 50.7487 50.7487 50.7487 50.7487 50.7487 50.7487 50.7487 50.7487 
50.7487 50.7487 50.7487 50.7487 50.7487 50.7487 50.7487 411.798 411.798 411.798 
411.798 411.798 411.798 411.798 411.798 411.798 411.798 411.798 411.798 411.798 
411.798 411.798 411.798 411.798 411.798 411.798 411.798 411.798 411.798 411.798 
411.798 411.798 411.798 411.798 411.798 411.798 411.798 411.798 411.798 411.798 
411.798 411.798 411.798 411.798 411.798 411.798 411.798 411.798 411.798 411.798 
411.798 411.798 411.798 411.798 411.798 411.798 411.798 411.798 411.798 411.798 
411.798 411.798 411.798 134.59 134.59 134.59 134.59 134.59 134.59 134.59 
134.59 134.59 134.59 134.59 134.59 134.59 134.59 134.59 134.59 134.59 
134.59 134.59 134.59 134.59 134.59 134.59 134.59 134.59 134.59 134.59 
134.59 134.59 134.59 134.59 134.59 134.59 134.59 134.59 134.59 134.59 
134.59 134.59 134.59 134.59 134.59 134.59 134.59 134.59 134.59 134.59 
134.59 134.59 134.59 134.59 134.59 134.59 134.59 134.59 134.59 480.153 
480.153 480.153 480.153 480.153 480.153 480.153 480.153 480.153 480.153 480.153 
480.153 480.153 480.153 480.153 480.153 480.153 480.153 480.153 480.153 480.153 
480.153 480.153 480.153 480.153 480.153 480.153 480.153 480.153 480.153 480.153 
480.153 480.153 480.153 480.153 480.153 480.153 480.153 480.153 480.153 480.153 
480.153 480.153 480.153 480.153 480.153 480.153 480.153 480.153 480.153 480.153 
480.153 480.153 480.153 480.153 480.153 222.55 222.55 222.55 222.55 222.55 
222.55 222.55 222.55 222.55 222.55 222.55 222.55 222.55 222.55 222.55 
222.55 222.55 222.55 222.55 222.55 222.55 222.55 222.55 222.55 222.55 
222.55 222.55 222.55 222.55 222.55 222.55 222.55 222.55 222.55 222.55 
222.55 222.55 222.55 222.55 222.55 222.55 222.55 222.55 222.55 222.55 
222.55 222.55 222.55 222.55 222.55 222.55 222.55 222.55 222.55 222.55 
222.55 574.483 574.483 574.483 574.483 574.483 574.483 574.483 574.483 574.483 
574.483 574.483 574.483 574.483 574.483 574.483 574.483 574.483 574.483 574.483 
574.483 574.483 574.483 574.483 574.483 574.483 574.483 574.483 574.483 574.483 
574.483 574.483 574.483 574.483 574.483 574.483 574.483 574.483 574.483 574.483 
574.483 574.483 574.483 574.483 574.483 574.483 574.483 574.483 574.483 574.483 
574.483 574.483 574.483 574.483 574.483 574.483 574.483 307.508 307.508 307.508 
307.508 307.508 307.508 307.508 307.508 307.508 307.508 307.508 307.508 307.508 
307.508 307.508 307.508 307.508 307.508 307.508 307.508 307.508 307.508 307.508 
307.508 307.508 307.508 307.508 307.508 307.508 307.508 307.508 307.508 307.508 
307.508 307.508 307.508 307.508 307.508 307.508 307.508 307.508 307.508 307.508 
307.508 307.508 307.508 307.508 307.508 307.508 307.508 307.508 307.508 307.508 
307.508 307.508 307.508 352.295 352.295 352.295 352.295 352.295 352.295 352.295 
352.295 352.295 352.295 352.295 352.295 352.295 352.295 352.295 352.295 352.295 
352.295 352.295 352.295 352.295 352.295 352.295 352.295 352.295 352.295 352.295 
352.295 352.295 352.295 352.295 352.295 352.295 352.295 352.295 352.295 352.295 
352.295 352.295 352.295 352.295 352.295 352.295 352.295 352.295 352.295 352.295 
352.295 352.295 352.295 352.295 352.295 352.295 352.295 352.295 352.295 99.9326 
99.9326 99.9326 99.9326 99.9326 99.9326 99.9326 99.9326 99.9326 99.9326 99.9326 
99.9326 99.9326 99.9326 99.9326 99.9326 99.9326 99.9326 99.9326 99.9326 99.9326 
99.9326 99.9326 99.9326 99.9326 99.9326 99.9326 99.9326 99.9326 99.9326 99.9326 
99.9326 99.9326 99.9326 99.9326 99.9326 99.9326 99.9326 99.9326 99.9326 99.9326 
99.9326 99.9326 99.9326 99.9326 99.9326 99.9326 99.9326 99.9326 99.9326 99.9326 
99.9326 99.9326 99.9326 99.9326 99.9326 297.747 297.747 297.747 297.747 297.747 
297.747 297.747 297.747 297.747 297.747 297.747 297.747 297.747 297.747 297.747 
297.747 297.747 297.747 297.747 297.747 297.747 297.747 297.747 297.747 297.747 
297.747 297.747 297.747 297.747 297.747 297.747 297.747 297.747 297.747 297.747 
297.747 297.747 297.747 297.747 297.747 297.747 297.747 297.747 297.747 297.747 
297.747 297.747 297.747 297.747 297.747 297.747 297.747 297.747 297.747 297.747 
297.747 297.747 297.747 297.747 297.747 41.2551 41.2551 41.2551 41.2551 41.2551 
41.2551 41.2551 41.2551 41.2551 41.2551 41.2551 41.2551 41.2551 41.2551 41.2551 
41.2551 41.2551 41.2551 41.2551 41.2551 41.2551 41.2551 41.2551 41.2551 41.2551 
41.2551 41.2551 41.2551 41.2551 41.2551 41.2551 41.2551 41.2551 41.2551 41.2551 
41.2551 41.2551 41.2551 41.2551 41.2551 41.2551 41.2551 41.2551 41.2551 41.2551 
41.2551 41.2551 41.2551 41.2551 41.2551 41.2551 41.2551 41.2551 41.2551 41.2551 
41.2551 224.379 224.379 224.379 224.379 224.379 224.379 224.379 224.379 224.379 
224.379 224.379 224.379 224.379 224.379 224.379 224.379 224.379 224.379 224.379 
224.379 224.379 224.379 224.379 224.379 224.379 224.379 224.379 224.379 224.379 
224.379 224.379 224.379 224.379 224.379 224.379 224.379 224.379 224.379 224.379 
224.379 224.379 224.379 224.379 224.379 224.379 224.379 224.379 224.379 224.379 
224.379 224.379 224.379 224.379 224.379 224.379 224.379 224.379 224.379 224.379 
224.379 2.31522 2.31522 2.31522 2.31522 2.31522 2.31522 2.31522 2.31522 2.31522 
2.31522 2.31522 2.31522 2.31522 2.31522 2.31522 2.31522 2.31522 2.31522 2.31522 
2.31522 2.31522 2.31522 2.31522 2.31522 2.31522 2.31522 2.31522 2.31522 2.31522 
2.31522 2.31522 2.31522 2.31522 2.31522 2.31522 2.31522 2.31522 2.31522 2.31522 
2.31522 2.31522 2.31522 2.31522 2.31522 2.31522 2.31522 2.31522 2.31522 2.31522 
2.31522 2.31522 2.31522 2.31522 2.31522 2.31522 2.31522 174.711 174.711 174.711 
174.711 174.711 174.711 174.711 174.711 174.711 174.711 174.711 174.711 174.711 
174.711 174.711 174.711 174.711 174.711 174.711 174.711 174.711 174.711 174.711 
174.711 174.711 174.711 174.711 174.711 174.711 174.711 174.711 174.711 174.711 
174.711 174.711 174.711 174.711 174.711 174.711 174.711 174.711 174.711 174.711 
174.711 174.711 174.711 174.711 174.711 174.711 174.711 174.711 174.711 174.711 
174.711 174.711 174.711 36.4401 36.4401 36.4401 36.4401 36.4401 36.4401 36.4401 
36.4401 36.4401 36.4401 36.4401 36.4401 36.4401 36.4401 36.4401 36.4401 36.4401 
36.4401 36.4401 36.4401 36.4401 36.4401 36.4401 36.4401 36.4401 36.4401 36.4401 
36.4401 36.4401 36.4401 36.4401 36.4401 36.4401 36.4401 36.4401 36.4401 36.4401 
36.4401 36.4401 36.4401 36.4401 36.4401 36.4401 36.4401 36.4401 36.4401 36.4401 
36.4401 36.4401 36.4401 36.4401 36.4401 36.4401 36.4401 36.4401 36.4401 139.992 
139.992 139.992 139.992 139.992 139.992 139.992 139.992 139.992 139.992 139.992 
139.992 139.992 139.992 139.992 139.992 139.992 139.992 139.992 139.992 139.992 
139.992 139.992 139.992 139.992 139.992 139.992 139.992 139.992 139.992 139.992 
139.992 139.992 139.992 139.992 139.992 139.992 139.992 139.992 139.992 139.992 
139.992 139.992 139.992 139.992 139.992 139.992 139.992 139.992 139.992 139.992 
139.992 139.992 139.992 139.992 139.992 139.992 139.992 139.992 139.992 82.1882 
82.1882 82.1882 82.1882 82.1882 82.1882 82.1882 82.1882 82.1882 82.1882 82.1882 
82.1882 82.1882 82.1882 82.1882 82.1882 82.1882 82.1882 82.1882 82.1882 82.1882 
82.1882 82.1882 82.1882 82.1882 82.1882 82.1882 82.1882 82.1882 82.1882 82.1882 
82.1882 82.1882 82.1882 82.1882 82.1882 82.1882 82.1882 82.1882 82.1882 82.1882 
82.1882 82.1882 82.1882 82.1882 82.1882 82.1882 82.1882 82.1882 82.1882 82.1882 
82.1882 82.1882 82.1882 82.1882 82.1882 193.764 193.764 193.764 193.764 193.764 
193.764 193.764 193.764 193.764 193.764 193.764 193.764 193.764 193.764 193.764 
193.764 193.764 193.764 193.764 193.764 193.764 193.764 193.764 193.764 193.764 
193.764 193.764 193.764 193.764 193.764 193.764 193.764 193.764 193.764 193.764 
193.764 193.764 193.764 193.764 193.764 193.764 193.764 193.764 193.764 193.764 
193.764 193.764 193.764 193.764 193.764 193.764 193.764 193.764 193.764 193.764 
193.764 193.764 193.764 193.764 193.764 119.256 119.256 119.256 119.256 119.256 
119.256 119.256 119.256 119.256 119.256 119.256 119.256 119.256 119.256 119.256 
119.256 119.256 119.256 119.256 119.256 119.256 119.256 119.256 119.256 119.256 
119.256 119.256 119.256 119.256 119.256 119.256 119.256 119.256 119.256 119.256 
119.256 119.256 119.256 119.256 119.256 119.256 119.256 119.256 119.256 119.256 
119.256 119.256 119.256 119.256 119.256 119.256 119.256 119.256 119.256 119.256 
119.256 246.713 246.713 246.713 246.713 246.713 246.713 246.713 246.713 246.713 
246.713 246.713 246.713 246.713 246.713 246.713 246.713 246.713 246.713 246.713 
246.713 246.713 246.713 246.713 246.713 246.713 246.713 246.713 246.713 246.713 
246.713 246.713 246.713 246.713 246.713 246.713 246.713 246.713 246.713 246.713 
246.713 246.713 246.713 246.713 246.713 246.713 246.713 246.713 246.713 246.713 
246.713 246.713 246.713 246.713 246.713 246.713 246.713 450.723 450.723 450.723 
450.723 450.723 450.723 450.723 450.723 450.723 450.723 450.723 450.723 450.723 
450.723 450.723 450.723 450.723 450.723 450.723 450.723 450.723 450.723 450.723 
450.723 450.723 450.723 450.723 450.723 450.723 450.723 450.723 450.723 450.723 
450.723 450.723 450.723 450.723 450.723 450.723 450.723 450.723 450.723 450.723 
450.723 450.723 450.723 450.723 450.723 450.723 450.723 450.723 450.723 450.723 
450.723 450.723 450.723 159.514 159.514 159.514 159.514 159.514 159.514 159.514 
159.514 159.514 159.514 159.514 159.514 159.514 159.514 159.514 159.514 159.514 
159.514 159.514 159.514 159.514 159.514 159.514 159.514 159.514 159.514 159.514 
159.514 159.514 159.514 159.514 159.514 159.514 159.514 159.514 159.514 159.514 
159.514 159.514 159.514 159.514 159.514 159.514 159.514 159.514 159.514 159.514 
159.514 159.514 159.514 159.514 159.514 159.514 159.514 159.514 159.514 218.591 
218.591 218.591 218.591 218.591 218.591 218.591 218.591 218.591 218.591 218.591 
218.591 218.591 218.591 218.591 218.591 218.591 218.591 218.591 218.591 218.591 
218.591 218.591 218.591 218.591 218.591 218.591 218.591 218.591 218.591 218.591 
218.591 218.591 218.591 218.591 218.591 218.591 218.591 218.591 218.591 218.591 
218.591 218.591 218.591 218.591 218.591 218.591 218.591 218.591 218.591 218.591 
218.591 218.591 218.591 218.591 218.591 175.668 175.668 175.668 175.668 175.668 
175.668 175.668 175.668 175.668 175.668 175.668 175.668 175.668 175.668 175.668 
175.668 175.668 175.668 175.668 175.668 175.668 175.668 175.668 175.668 175.668 
175.668 175.668 175.668 175.668 175.668 175.668 175.668 175.668 175.668 175.668 
175.668 175.668 175.668 175.668 175.668 175.668 175.668 175.668 175.668 175.668 
175.668 175.668 175.668 175.668 175.668 175.668 175.668 175.668 175.668 175.668 
175.668 175.668 175.668 175.668 175.668 365.371 365.371 365.371 365.371 365.371 
365.371 365.371 365.371 365.371 365.371 365.371 365.371 365.371 365.371 365.371 
365.371 365.371 365.371 365.371 365.371 365.371 365.371 365.371 365.371 365.371 
365.371 365.371 365.371 365.371 365.371 365.371 365.371 365.371 365.371 365.371 
365.371 365.371 365.371 365.371 365.371 365.371 365.371 365.371 365.371 365.371 
365.371 365.371 365.371 365.371 365.371 365.371 365.371 365.371 365.371 365.371 
365.371 SCALARS Hydraulic_Aperture_mm float 1
LOOKUP_TABLE default
124.433 124.433 124.433 124.433 124.433 124.433 124.433 124.433 124.433 
124.433 124.433 124.433 124.433 124.433 124.433 124.433 124.433 124.433 124.433 
124.433 124.433 124.433 124.433 124.433 124.433 124.433 124.433 124.433 124.433 
124.433 124.433 124.433 124.433 124.433 124.433 124.433 124.433 124.433 124.433 
124.433 124.433 124.433 124.433 124.433 124.433 124.433 124.433 124.433 124.433 
124.433 124.433 124.433 124.433 124.433 124.433 124.433 124.433 124.433 124.433 
124.433 124.433 124.433 124.433 124.433 124.433 124.433 124.433 124.433 124.433 
124.433 124.433 124.433 124.433 124.433 124.433 124.433 124.433 124.433 124.433 
124.433 124.433 124.433 124.433 124.433 124.433 124.433 124.433 124.433 124.433 
124.433 124.433 124.433 124.433 124.433 124.433 124.433 124.433 124.433 124.433 
124.433 124.433 124.433 124.433 124.433 124.433 124.433 124.433 124.433 124.433 
124.433 124.433 124.433 124.433 124.433 124.433 124.433 124.433 124.433 124.433 
124.433 124.433 124.433 124.433 124.433 124.433 124.433 124.433 124.433 124.433 
124.433 124.433 124.433 124.433 124.433 124.433 124.433 124.433 124.433 124.433 
124.433 124.433 124.433 124.433 124.433 124.433 124.433 124.433 124.433 124.433 
124.433 124.433 124.433 124.433 124.433 124.433 124.433 124.433 124.433 124.433 
124.433 124.433 124.433 124.433 124.433 124.433 124.433 124.433 124.433 124.433 
124.433 124.433 124.433 124.433 124.433 124.433 124.433 124.433 124.433 124.433 
124.433 124.433 124.433 124.433 124.433 124.433 124.433 124.433 124.433 124.433 
124.433 124.433 124.433 124.433 124.433 124.433 124.433 124.433 124.433 124.433 
124.433 124.433 124.433 124.433 124.433 124.433 124.433 124.433 124.433 124.433 
124.433 124.433 124.433 124.433 124.433 124.433 124.433 124.433 124.433 124.433 
124.433 124.433 124.433 124.433 124.433 124.433 124.433 124.433 124.433 124.433 
124.433 124.433 124.433 124.433 124.433 124.433 124.433 124.433 124.433 124.433 
124.433 124.433 124.433 124.433 124.433 124.433 124.433 124.433 124.433 124.433 
124.433 124.433 124.433 124.433 124.433 124.433 124.433 124.433 124.433 124.433 
124.433 124.433 124.433 124.433 124.433 124.433 124.433 124.433 124.433 124.433 
124.433 124.433 124.433 124.433 124.433 124.433 124.433 124.433 124.433 124.433 
124.433 124.433 124.433 124.433 124.433 124.433 124.433 124.433 124.433 124.433 
124.433 124.433 124.433 124.433 124.433 124.433 124.433 124.433 124.433 124.433 
124.433 124.433 124.433 124.433 124.433 124.433 124.433 124.433 124.433 124.433 
124.433 124.433 124.433 124.433 124.433 124.433 124.433 124.433 124.433 124.433 
124.433 124.433 124.433 124.433 124.433 124.433 124.433 124.433 124.433 124.433 
124.433 124.433 124.433 124.433 124.433 124.433 124.433 124.433 124.433 124.433 
124.433 124.433 124.433 124.433 124.433 124.433 124.433 124.433 124.433 124.433 
124.433 124.433 124.433 124.433 124.433 124.433 124.433 124.433 124.433 124.433 
124.433 124.433 124.433 124.433 124.433 124.433 124.433 124.433 124.433 124.433 
124.433 124.433 124.433 124.433 124.433 124.433 124.433 124.433 124.433 124.433 
124.433 124.433 124.433 124.433 124.433 124.433 124.433 124.433 124.433 124.433 
124.433 124.433 124.433 124.433 124.433 124.433 124.433 124.433 124.433 124.433 
124.433 124.433 124.433 124.433 124.433 124.433 124.433 124.433 124.433 124.433 
124.433 124.433 124.433 124.433 124.433 124.433 124.433 124.433 124.433 124.433 
124.433 204 204 204 204 204 204 204 204 204 
204 204 204 204 204 204 204 204 204 204 
204 204 204 204 204 204 204 204 204 204 
204 204 204 204 204 204 204 204 204 204 
204 204 204 204 204 204 204 204 204 204 
204 204 204 204 204 204 204 204 204 204 
204 204 204 204 204 204 204 204 204 204 
204 204 204 204 204 204 204 204 204 204 
204 204 204 204 204 204 204 204 204 204 
204 204 204 204 204 204 204 204 204 204 
204 204 204 204 204 204 204 204 204 204 
204 204 204 204 204 204 204 204 204 204 
204 204 204 204 204 204 204 204 204 204 
204 204 204 204 204 204 204 204 204 204 
204 204 204 204 204 204 204 204 204 204 
204 204 204 204 204 204 204 204 204 204 
204 204 204 204 204 204 204 204 204 204 
204 204 204 204 204 204 204 169.46 169.46 169.46 
169.46 169.46 169.46 169.46 169.46 169.46 169.46 169.46 169.46 169.46 
169.46 169.46 169.46 169.46 169.46 169.46 169.46 169.46 169.46 169.46 
169.46 169.46 169.46 169.46 169.46 169.46 169.46 169.46 169.46 169.46 
169.46 169.46 169.46 169.46 169.46 169.46 169.46 169.46 169.46 169.46 
169.46 169.46 169.46 169.46 169.46 169.46 169.46 169.46 169.46 169.46 
169.46 169.46 169.46 18.7742 18.7742 18.7742 18.7742 18.7742 18.7742 18.7742 
18.7742 18.7742 18.7742 18.7742 18.7742 18.7742 18.7742 18.7742 18.7742 18.7742 
18.7742 18.7742 18.7742 18.7742 18.7742 18.7742 18.7742 18.7742 18.7742 18.7742 
18.7742 18.7742 18.7742 18.7742 18.7742 18.7742 18.7742 18.7742 18.7742 18.7742 
18.7742 18.7742 18.7742 18.7742 18.7742 18.7742 18.7742 18.7742 18.7742 18.7742 
18.7742 18.7742 18.7742 18.7742 18.7742 18.7742 18.7742 18.7742 18.7742 18.7742 
18.7742 18.7742 18.7742 0.145348 0.145348 0.145348 0.145348 0.145348 0.145348 0.145348 
0.145348 0.145348 0.145348 0.145348 0.145348 0.145348 0.145348 0.145348 0.145348 0.145348 
0.145348 0.145348 0.145348 0.145348 0.145348 0.145348 0.145348 0.145348 0.145348 0.145348 
0.145348 0.145348 0.145348 0.145348 0.145348 0.145348 0.145348 0.145348 0.145348 0.145348 
0.145348 0.145348 0.145348 0.145348 0.145348 0.145348 0.145348 0.145348 0.145348 0.145348 
0.145348 0.145348 0.145348 0.145348 0.145348 0.145348 0.145348 0.145348 0.145348 0.145348 
0.145348 0.145348 0.145348 169.46 169.46 169.46 169.46 169.46 169.46 169.46 
169.46 169.46 169.46 169.46 169.46 169.46 169.46 169.46 169.46 169.46 
169.46 169.46 169.46 169.46 169.46 169.46 169.46 169.46 169.46 169.46 
169.46 169.46 169.46 169.46 169.46 169.46 169.46 169.46 169.46 169.46 
169.46 169.46 169.46 169.46 169.46 169.46 169.46 169.46 169.46 169.46 
169.46 169.46 169.46 169.46 169.46 169.46 169.46 169.46 169.46 169.46 
169.46 169.46 169.46 169.46 169.46 169.46 169.46 169.46 169.46 169.46 
169.46 169.46 169.46 169.46 169.46 169.46 169.46 169.46 169.46 169.46 
169.46 169.46 169.46 169.46 169.46 169.46 169.46 169.46 169.46 169.46 
169.46 169.46 169.46 169.46 169.46 169.46 169.46 169.46 169.46 169.46 
169.46 169.46 169.46 169.46 169.46 169.46 169.46 169.46 169.46 169.46 
169.46 169.46 169.46 169.46 169.46 18.7742 18.7742 18.7742 18.7742 18.7742 
18.7742 18.7742 18.7742 18.7742 18.7742 18.7742 18.7742 18.7742 18.7742 18.7742 
18.7742 18.7742 18.7742 18.7742 18.7742 18.7742 18.7742 18.7742 18.7742 18.7742 
18.7742 18.7742 18.7742 18.7742 18.7742 18.7742 18.7742 18.7742 18.7742 18.7742 
18.7742 18.7742 18.7742 18.7742 18.7742 18.7742 18.7742 18.7742 18.7742 18.7742 
18.7742 18.7742 18.7742 18.7742 18.7742 18.7742 18.7742 18.7742 18.7742 18.7742 
18.7742 18.7742 18.7742 18.7742 18.7742 0.22363 0.22363 0.22363 0.22363 0.22363 
0.22363 0.22363 0.22363 0.22363 0.22363 0.22363 0.22363 0.22363 0.22363 0.22363 
0.22363 0.22363 0.22363 0.22363 0.22363 0.22363 0.22363 0.22363 0.22363 0.22363 
0.22363 0.22363 0.22363 0.22363 0.22363 0.22363 0.22363 0.22363 0.22363 0.22363 
0.22363 0.22363 0.22363 0.22363 0.22363 0.22363 0.22363 0.22363 0.22363 0.22363 
0.22363 0.22363 0.22363 0.22363 0.22363 0.22363 0.22363 0.22363 0.22363 0.22363 
0.22363 0.22363 0.22363 0.22363 0.22363 169.46 169.46 169.46 169.46 169.46 
169.46 169.46 169.46 169.46 169.46 169.46 169.46 169.46 169.46 169.46 
169.46 169.46 169.46 169.46 169.46 169.46 169.46 169.46 169.46 169.46 
169.46 169.46 169.46 169.46 169.46 169.46 169.46 169.46 169.46 169.46 
169.46 169.46 169.46 169.46 169.46 169.46 169.46 169.46 169.46 169.46 
169.46 169.46 169.46 169.46 169.46 169.46 169.46 169.46 169.46 169.46 
169.46 169.46 169.46 169.46 169.46 169.46 169.46 169.46 169.46 169.46 
169.46 169.46 169.46 169.46 169.46 169.46 169.46 169.46 169.46 169.46 
169.46 169.46 169.46 169.46 169.46 169.46 169.46 169.46 169.46 169.46 
169.46 169.46 169.46 169.46 169.46 169.46 169.46 169.46 169.46 169.46 
169.46 169.46 169.46 169.46 169.46 169.46 169.46 169.46 169.46 169.46 
169.46 169.46 169.46 169.46 169.46 169.46 169.46 18.7742 18.7742 18.7742 
18.7742 18.7742 18.7742 18.7742 18.7742 18.7742 18.7742 18.7742 18.7742 18.7742 
18.7742 18.7742 18.7742 18.7742 18.7742 18.7742 18.7742 18.7742 18.7742 18.7742 
18.7742 18.7742 18.7742 18.7742 18.7742 18.7742 18.7742 18.7742 18.7742 18.7742 
18.7742 18.7742 18.7742 18.7742 18.7742 18.7742 18.7742 18.7742 18.7742 18.7742 
18.7742 18.7742 18.7742 18.7742 18.7742 18.7742 18.7742 18.7742 18.7742 18.7742 
18.7742 18.7742 18.7742 18.7742 18.7742 18.7742 18.7742 0.203253 0.203253 0.203253 
0.203253 0.203253 0.203253 0.203253 0.203253 0.203253 0.203253 0.203253 0.203253 0.203253 
0.203253 0.203253 0.203253 0.203253 0.203253 0.203253 0.203253 0.203253 0.203253 0.203253 
0.203253 0.203253 0.203253 0.203253 0.203253 0.203253 0.203253 0.203253 0.203253 0.203253 
0.203253 0.203253 0.203253 0.203253 0.203253 0.203253 0.203253 0.203253 0.203253 0.203253 
0.203253 0.203253 0.203253 0.203253 0.203253 0.203253 0.203253 0.203253 0.203253 0.203253 
0.203253 0.203253 0.203253 0.203253 0.203253 0.203253 0.203253 169.46 169.46 169.46 
169.46 169.46 169.46 169.46 169.46 169.46 169.46 169.46 169.46 169.46 
169.46 169.46 169.46 169.46 169.46 169.46 169.46 169.46 169.46 169.46 
169.46 169.46 169.46 169.46 169.46 169.46 169.46 169.46 169.46 169.46 
169.46 169.46 169.46 169.46 169.46 169.46 169.46 169.46 169.46 169.46 
169.46 169.46 169.46 169.46 169.46 169.46 169.46 169.46 169.46 169.46 
169.46 169.46 169.46 169.46 169.46 169.46 169.46 169.46 169.46 169.46 
169.46 169.46 169.46 169.46 169.46 169.46 169.46 169.46 169.46 169.46 
169.46 169.46 169.46 169.46 169.46 169.46 169.46 169.46 169.46 169.46 
169.46 169.46 169.46 169.46 169.46 169.46 169.46 169.46 169.46 169.46 
169.46 169.46 169.46 169.46 169.46 169.46 169.46 169.46 169.46 169.46 
169.46 169.46 169.46 169.46 169.46 169.46 169.46 169.46 169.46 18.7742 
18.7742 18.7742 18.7742 18.7742 18.7742 18.7742 18.7742 18.7742 18.7742 18.7742 
18.7742 18.7742 18.7742 18.7742 18.7742 18.7742 18.7742 18.7742 18.7742 18.7742 
18.7742 18.7742 18.7742 18.7742 18.7742 18.7742 18.7742 18.7742 18.7742 18.7742 
18.7742 18.7742 18.7742 18.7742 18.7742 18.7742 18.7742 18.7742 18.7742 18.7742 
18.7742 18.7742 18.7742 18.7742 18.7742 18.7742 18.7742 18.7742 18.7742 18.7742 
18.7742 18.7742 18.7742 18.7742 18.7742 18.7742 18.7742 18.7742 18.7742 0.170342 
0.170342 0.170342 0.170342 0.170342 0.170342 0.170342 0.170342 0.170342 0.170342 0.170342 
0.170342 0.170342 0.170342 0.170342 0.170342 0.170342 0.170342 0.170342 0.170342 0.170342 
0.170342 0.170342 0.170342 0.170342 0.170342 0.170342 0.170342 0.170342 0.170342 0.170342 
0.170342 0.170342 0.170342 0.170342 0.170342 0.170342 0.170342 0.170342 0.170342 0.170342 
0.170342 0.170342 0.170342 0.170342 0.170342 0.170342 0.170342 0.170342 0.170342 0.170342 
0.170342 0.170342 0.170342 0.170342 0.170342 0.170342 0.170342 0.170342 0.170342 128.829 
128.829 128.829 128.829 128.829 128.829 128.829 128.829 128.829 128.829 128.829 
128.829 128.829 128.829 128.829 128.829 128.829 128.829 128.829 128.829 128.829 
128.829 128.829 128.829 128.829 128.829 128.829 128.829 128.829 128.829 128.829 
128.829 128.829 128.829 128.829 128.829 128.829 128.829 128.829 128.829 128.829 
128.829 128.829 128.829 128.829 128.829 128.829 128.829 128.829 128.829 128.829 
128.829 128.829 128.829 128.829 128.829 128.829 128.829 128.829 128.829 18.7742 
18.7742 18.7742 18.7742 18.7742 18.7742 18.7742 18.7742 18.7742 18.7742 18.7742 
18.7742 18.7742 18.7742 18.7742 18.7742 18.7742 18.7742 18.7742 18.7742 18.7742 
18.7742 18.7742 18.7742 18.7742 18.7742 18.7742 18.7742 18.7742 18.7742 18.7742 
18.7742 18.7742 18.7742 18.7742 18.7742 18.7742 18.7742 18.7742 18.7742 18.7742 
18.7742 18.7742 18.7742 18.7742 18.7742 18.7742 18.7742 18.7742 18.7742 18.7742 
18.7742 18.7742 18.7742 18.7742 18.7742 18.7742 18.7742 18.7742 18.7742 0.0490375 
0.0490375 0.0490375 0.0490375 0.0490375 0.0490375 0.0490375 0.0490375 0.0490375 0.0490375 0.0490375 
0.0490375 0.0490375 0.0490375 0.0490375 0.0490375 0.0490375 0.0490375 0.0490375 0.0490375 0.0490375 
0.0490375 0.0490375 0.0490375 0.0490375 0.0490375 0.0490375 0.0490375 0.0490375 0.0490375 0.0490375 
0.0490375 0.0490375 0.0490375 0.0490375 0.0490375 0.0490375 0.0490375 0.0490375 0.0490375 0.0490375 
0.0490375 0.0490375 0.0490375 0.0490375 0.0490375 0.0490375 0.0490375 0.0490375 0.0490375 0.0490375 
0.0490375 0.0490375 0.0490375 0.0490375 0.0490375 0.0490375 0.0490375 0.0490375 0.0490375 0.170342 
0.170342 0.170342 0.170342 0.170342 0.170342 0.170342 0.170342 0.170342 0.170342 0.170342 
0.170342 0.170342 0.170342 0.170342 0.170342 0.170342 0.170342 0.170342 0.170342 0.170342 
0.170342 0.170342 0.170342 0.170342 0.170342 0.170342 0.170342 0.170342 0.170342 0.170342 
0.170342 0.170342 0.170342 0.170342 0.170342 0.170342 0.170342 0.170342 0.170342 0.170342 
0.170342 0.170342 0.170342 0.170342 0.170342 0.170342 0.170342 0.170342 0.170342 0.170342 
0.170342 0.170342 0.170342 0.170342 0.170342 0.170342 0.170342 0.170342 0.170342 159.16 
159.16 159.16 159.16 159.16 159.16 159.16 159.16 159.16 159.16 159.16 
159.16 159.16 159.16 159.16 159.16 159.16 159.16 159.16 159.16 159.16 
159.16 159.16 159.16 159.16 159.16 159.16 159.16 159.16 159.16 159.16 
159.16 159.16 159.16 159.16 159.16 159.16 159.16 159.16 159.16 159.16 
159.16 159.16 159.16 159.16 159.16 159.16 159.16 159.16 159.16 159.16 
159.16 159.16 159.16 159.16 159.16 169.46 169.46 169.46 169.46 169.46 
169.46 169.46 169.46 169.46 169.46 169.46 169.46 169.46 169.46 169.46 
169.46 169.46 169.46 169.46 169.46 169.46 169.46 169.46 169.46 169.46 
169.46 169.46 169.46 169.46 169.46 169.46 169.46 169.46 169.46 169.46 
169.46 169.46 169.46 169.46 169.46 169.46 169.46 169.46 169.46 169.46 
169.46 169.46 169.46 169.46 169.46 169.46 169.46 169.46 169.46 169.46 
169.46 18.7742 18.7742 18.7742 18.7742 18.7742 18.7742 18.7742 18.7742 18.7742 
18.7742 18.7742 18.7742 18.7742 18.7742 18.7742 18.7742 18.7742 18.7742 18.7742 
18.7742 18.7742 18.7742 18.7742 18.7742 18.7742 18.7742 18.7742 18.7742 18.7742 
18.7742 18.7742 18.7742 18.7742 18.7742 18.7742 18.7742 18.7742 18.7742 18.7742 
18.7742 18.7742 18.7742 18.7742 18.7742 18.7742 18.7742 18.7742 18.7742 18.7742 
18.7742 18.7742 18.7742 18.7742 18.7742 18.7742 18.7742 18.7742 18.7742 18.7742 
18.7742 0.230802 0.230802 0.230802 0.230802 0.230802 0.230802 0.230802 0.230802 0.230802 
0.230802 0.230802 0.230802 0.230802 0.230802 0.230802 0.230802 0.230802 0.230802 0.230802 
0.230802 0.230802 0.230802 0.230802 0.230802 0.230802 0.230802 0.230802 0.230802 0.230802 
0.230802 0.230802 0.230802 0.230802 0.230802 0.230802 0.230802 0.230802 0.230802 0.230802 
0.230802 0.230802 0.230802 0.230802 0.230802 0.230802 0.230802 0.230802 0.230802 0.230802 
0.230802 0.230802 0.230802 0.230802 0.230802 0.230802 0.230802 0.230802 0.230802 0.230802 
0.230802 169.46 169.46 169.46 169.46 169.46 169.46 169.46 169.46 169.46 
169.46 169.46 169.46 169.46 169.46 169.46 169.46 169.46 169.46 169.46 
169.46 169.46 169.46 169.46 169.46 169.46 169.46 169.46 169.46 169.46 
169.46 169.46 169.46 169.46 169.46 169.46 169.46 169.46 169.46 169.46 
169.46 169.46 169.46 169.46 169.46 169.46 169.46 169.46 169.46 169.46 
169.46 169.46 169.46 169.46 169.46 169.46 169.46 169.46 169.46 169.46 
169.46 169.46 169.46 169.46 169.46 169.46 169.46 169.46 169.46 169.46 
169.46 169.46 169.46 169.46 169.46 169.46 169.46 169.46 169.46 169.46 
169.46 169.46 169.46 169.46 169.46 169.46 169.46 169.46 169.46 169.46 
169.46 169.46 169.46 169.46 169.46 169.46 169.46 169.46 169.46 169.46 
169.46 169.46 169.46 169.46 169.46 169.46 169.46 169.46 169.46 169.46 
169.46 169.46 169.46 18.7742 18.7742 18.7742 18.7742 18.7742 18.7742 18.7742 
18.7742 18.7742 18.7742 18.7742 18.7742 18.7742 18.7742 18.7742 18.7742 18.7742 
18.7742 18.7742 18.7742 18.7742 18.7742 18.7742 18.7742 18.7742 18.7742 18.7742 
18.7742 18.7742 18.7742 18.7742 18.7742 18.7742 18.7742 18.7742 18.7742 18.7742 
18.7742 18.7742 18.7742 18.7742 18.7742 18.7742 18.7742 18.7742 18.7742 18.7742 
18.7742 18.7742 18.7742 18.7742 18.7742 18.7742 18.7742 18.7742 18.7742 18.7742 
18.7742 18.7742 18.7742 0.284103 0.284103 0.284103 0.284103 0.284103 0.284103 0.284103 
0.284103 0.284103 0.284103 0.284103 0.284103 0.284103 0.284103 0.284103 0.284103 0.284103 
0.284103 0.284103 0.284103 0.284103 0.284103 0.284103 0.284103 0.284103 0.284103 0.284103 
0.284103 0.284103 0.284103 0.284103 0.284103 0.284103 0.284103 0.284103 0.284103 0.284103 
0.284103 0.284103 0.284103 0.284103 0.284103 0.284103 0.284103 0.284103 0.284103 0.284103 
0.284103 0.284103 0.284103 0.284103 0.284103 0.284103 0.284103 0.284103 0.284103 0.284103 
0.284103 0.284103 0.284103 169.46 169.46 169.46 169.46 169.46 169.46 169.46 
169.46 169.46 169.46 169.46 169.46 169.46 169.46 169.46 169.46 169.46 
169.46 169.46 169.46 169.46 169.46 169.46 169.46 169.46 169.46 169.46 
169.46 169.46 169.46 169.46 169.46 169.46 169.46 169.46 169.46 169.46 
169.46 169.46 169.46 169.46 169.46 169.46 169.46 169.46 169.46 169.46 
169.46 169.46 169.46 169.46 169.46 169.46 169.46 169.46 169.46 169.46 
169.46 169.46 169.46 169.46 169.46 169.46 169.46 169.46 169.46 169.46 
169.46 169.46 169.46 169.46 169.46 169.46 169.46 169.46 169.46 169.46 
169.46 169.46 169.46 169.46 169.46 169.46 169.46 169.46 169.46 169.46 
169.46 169.46 169.46 169.46 169.46 169.46 169.46 169.46 169.46 169.46 
169.46 169.46 169.46 169.46 169.46 169.46 169.46 169.46 169.46 169.46 
169.46 169.46 169.46 169.46 169.46 18.7742 18.7742 18.7742 18.7742 18.7742 
18.7742 18.7742 18.7742 18.7742 18.7742 18.7742 18.7742 18.7742 18.7742 18.7742 
18.7742 18.7742 18.7742 18.7742 18.7742 18.7742 18.7742 18.7742 18.7742 18.7742 
18.7742 18.7742 18.7742 18.7742 18.7742 18.7742 18.7742 18.7742 18.7742 18.7742 
18.7742 18.7742 18.7742 18.7742 18.7742 18.7742 18.7742 18.7742 18.7742 18.7742 
18.7742 18.7742 18.7742 18.7742 18.7742 18.7742 18.7742 18.7742 18.7742 18.7742 
18.7742 18.7742 18.7742 18.7742 18.7742 0.302435 0.302435 0.302435 0.302435 0.302435 
0.302435 0.302435 0.302435 0.302435 0.302435 0.302435 0.302435 0.302435 0.302435 0.302435 
0.302435 0.302435 0.302435 0.302435 0.302435 0.302435 0.302435 0.302435 0.302435 0.302435 
0.302435 0.302435 0.302435 0.302435 0.302435 0.302435 0.302435 0.302435 0.302435 0.302435 
0.302435 0.302435 0.302435 0.302435 0.302435 0.302435 0.302435 0.302435 0.302435 0.302435 
0.302435 0.302435 0.302435 0.302435 0.302435 0.302435 0.302435 0.302435 0.302435 0.302435 
0.302435 0.302435 0.302435 0.302435 0.302435 169.46 169.46 169.46 169.46 169.46 
169.46 169.46 169.46 169.46 169.46 169.46 169.46 169.46 169.46 169.46 
169.46 169.46 169.46 169.46 169.46 169.46 169.46 169.46 169.46 169.46 
169.46 169.46 169.46 169.46 169.46 169.46 169.46 169.46 169.46 169.46 
169.46 169.46 169.46 169.46 169.46 169.46 169.46 169.46 169.46 169.46 
169.46 169.46 169.46 169.46 169.46 169.46 169.46 169.46 169.46 169.46 
169.46 204 204 204 204 204 204 204 204 204 
204 204 204 204 204 204 204 204 204 204 
204 204 204 204 204 204 204 204 204 204 
204 204 204 204 204 204 204 204 204 204 
204 204 204 204 204 179.756 179.756 179.756 179.756 179.756 
179.756 179.756 179.756 179.756 179.756 179.756 179.756 179.756 179.756 179.756 
179.756 179.756 179.756 179.756 179.756 179.756 179.756 179.756 179.756 179.756 
179.756 179.756 179.756 179.756 179.756 179.756 179.756 179.756 179.756 179.756 
179.756 179.756 179.756 179.756 179.756 179.756 179.756 179.756 179.756 179.756 
179.756 179.756 179.756 179.756 179.756 179.756 179.756 179.756 179.756 179.756 
179.756 0.495498 0.495498 0.495498 0.495498 0.495498 0.495498 0.495498 0.495498 0.495498 
0.495498 0.495498 0.495498 0.495498 0.495498 0.495498 0.495498 0.495498 0.495498 0.495498 
0.495498 0.495498 0.495498 0.495498 0.495498 0.495498 0.495498 0.495498 0.495498 0.495498 
0.495498 0.495498 0.495498 0.495498 0.495498 0.495498 0.495498 0.495498 0.495498 0.495498 
0.495498 0.495498 0.495498 0.495498 0.495498 0.495498 0.495498 0.495498 0.495498 0.495498 
0.495498 0.495498 0.495498 0.495498 0.495498 0.495498 0.495498 0.495498 0.495498 0.495498 
0.495498 0.495498 0.495498 0.495498 0.495498 0.495498 0.495498 0.495498 0.495498 0.495498 
0.495498 0.495498 0.495498 0.495498 0.495498 0.495498 0.495498 0.495498 0.495498 0.495498 
0.495498 0.495498 0.495498 0.495498 0.495498 0.495498 0.495498 0.495498 0.495498 0.495498 
0.495498 0.495498 0.495498 0.495498 0.495498 0.495498 0.495498 0.495498 0.495498 0.495498 
0.495498 0.495498 0.495498 0.495498 0.495498 0.495498 0.495498 0.495498 0.495498 0.495498 
0.495498 0.495498 0.495498 0.495498 0.495498 0.495498 0.495498 0.495498 0.495498 0.495498 
0.495498 204 204 204 204 204 204 204 204 204 
204 204 204 204 204 204 204 204 204 204 
204 204 204 204 204 204 204 204 204 204 
204 204 204 204 204 204 204 204 204 204 
204 204 204 204 204 204 204 204 204 204 
204 204 204 204 204 204 204 204 204 204 
204 204 204 204 204 204 204 204 204 204 
204 204 204 204 204 204 204 204 204 204 
204 204 204 204 204 204 204 204 204 204 
204 204 204 204 204 204 204 204 204 204 
204 204 204 204 204 204 204 204 204 204 
204 204 204 204 204 204 204 204 204 204 
204 204 204 204 204 204 204 204 204 204 
204 204 204 204 204 204 204 204 204 204 
204 204 204 204 204 204 204 204 204 204 
204 204 204 204 204 204 204 204 204 204 
204 204 204 204 204 0.495498 0.495498 0.495498 0.495498 0.495498 
0.495498 0.495498 0.495498 0.495498 0.495498 0.495498 0.495498 0.495498 0.495498 0.495498 
0.495498 0.495498 0.495498 0.495498 0.495498 0.495498 0.495498 0.495498 0.495498 0.495498 
0.495498 0.495498 0.495498 0.495498 0.495498 0.495498 0.495498 0.495498 0.495498 0.495498 
0.495498 0.495498 0.495498 0.495498 0.495498 0.495498 0.495498 0.495498 0.495498 0.495498 
0.495498 0.495498 0.495498 0.495498 0.495498 0.495498 0.495498 0.495498 0.495498 0.495498 
0.495498 0.495498 0.495498 0.495498 0.495498 0.495498 0.495498 0.495498 0.495498 0.495498 
0.495498 0.495498 0.495498 0.495498 0.495498 0.495498 0.495498 0.495498 0.495498 0.495498 
0.495498 0.495498 0.495498 0.495498 0.495498 0.495498 0.495498 0.495498 0.495498 0.495498 
0.495498 0.495498 0.495498 0.495498 0.495498 0.495498 0.495498 0.495498 0.495498 0.495498 
0.495498 0.495498 0.495498 0.495498 0.495498 0.495498 0.495498 0.495498 0.495498 0.495498 
0.495498 0.495498 0.495498 0.495498 0.495498 0.495498 0.495498 0.495498 0.495498 0.495498 
0.495498 0.495498 0.495498 0.495498 0.495498 204 204 204 204 204 
204 204 204 204 204 204 204 204 204 204 
204 204 204 204 204 204 204 204 204 204 
204 204 204 204 204 204 204 204 204 204 
204 204 204 204 204 204 204 204 204 204 
204 204 204 204 204 204 204 204 204 204 
204 204 204 204 204 204 204 204 204 204 
204 204 204 204 204 204 204 204 204 204 
204 204 204 204 204 204 204 204 204 204 
204 204 204 204 204 204 204 204 204 204 
204 204 204 204 204 204 204 204 204 204 
204 204 204 204 204 204 204 204 204 204 
204 204 204 204 204 204 204 204 204 204 
204 204 204 204 204 204 204 204 204 204 
204 204 204 204 204 204 204 204 204 204 
204 204 204 204 204 204 204 204 204 204 
204 204 204 204 204 204 204 204 204 0.495498 
0.495498 0.495498 0.495498 0.495498 0.495498 0.495498 0.495498 0.495498 0.495498 0.495498 
0.495498 0.495498 0.495498 0.495498 0.495498 0.495498 0.495498 0.495498 0.495498 0.495498 
0.495498 0.495498 0.495498 0.495498 0.495498 0.495498 0.495498 0.495498 0.495498 0.495498 
0.495498 0.495498 0.495498 0.495498 0.495498 0.495498 0.495498 0.495498 0.495498 0.495498 
0.495498 0.495498 0.495498 0.495498 0.495498 0.495498 0.495498 0.495498 0.495498 0.495498 
0.495498 0.495498 0.495498 0.495498 0.495498 0.495498 0.495498 0.495498 0.495498 0.495498 
0.495498 0.495498 0.495498 0.495498 0.495498 0.495498 0.495498 0.495498 0.495498 0.495498 
0.495498 0.495498 0.495498 0.495498 0.495498 0.495498 0.495498 0.495498 0.495498 0.495498 
0.495498 0.495498 0.495498 0.495498 0.495498 0.495498 0.495498 0.495498 0.495498 0.495498 
0.495498 0.495498 0.495498 0.495498 0.495498 0.495498 0.495498 0.495498 0.495498 0.495498 
0.495498 0.495498 0.495498 0.495498 0.495498 0.495498 0.495498 0.495498 0.495498 0.495498 
0.495498 0.495498 0.495498 0.495498 0.495498 0.0490375 0.0490375 0.0490375 0.0490375 0.0490375 
0.0490375 0.0490375 0.0490375 0.0490375 0.0490375 0.0490375 0.0490375 0.0490375 0.0490375 0.0490375 
0.0490375 0.0490375 0.0490375 0.0490375 0.0490375 0.0490375 0.0490375 0.0490375 0.0490375 0.0490375 
0.0490375 0.0490375 0.0490375 0.0490375 0.0490375 0.0490375 0.0490375 0.0490375 0.0490375 0.0490375 
0.0490375 0.0490375 0.0490375 0.0490375 0.0490375 0.0490375 0.0490375 0.0490375 0.0490375 0.0490375 
0.0490375 0.0490375 0.0490375 0.0490375 0.0490375 0.0490375 0.0490375 0.0490375 0.0490375 0.0490375 
0.0490375 0.495498 0.495498 0.495498 0.495498 0.495498 0.495498 0.495498 0.495498 0.495498 
0.495498 0.495498 0.495498 0.495498 0.495498 0.495498 0.495498 0.495498 0.495498 0.495498 
0.495498 0.495498 0.495498 0.495498 0.495498 0.495498 0.495498 0.495498 0.495498 0.495498 
0.495498 0.495498 0.495498 0.495498 0.495498 0.495498 0.495498 0.495498 0.495498 0.495498 
0.495498 0.495498 0.495498 0.495498 0.495498 0.495498 0.495498 0.495498 0.495498 0.495498 
0.495498 0.495498 0.495498 0.495498 0.495498 0.495498 0.495498 0.0376564 0.0376564 0.0376564 
0.0376564 0.0376564 0.0376564 0.0376564 0.0376564 0.0376564 0.0376564 0.0376564 0.0376564 0.0376564 
0.0376564 0.0376564 0.0376564 0.0376564 0.0376564 0.0376564 0.0376564 0.0376564 0.0376564 0.0376564 
0.0376564 0.0376564 0.0376564 0.0376564 0.0376564 0.0376564 0.0376564 0.0376564 0.0376564 0.0376564 
0.0376564 0.0376564 0.0376564 0.0376564 0.0376564 0.0376564 0.0376564 0.0376564 0.0376564 0.0376564 
0.0376564 0.0376564 0.0376564 0.0376564 0.0376564 0.0376564 0.0376564 0.0376564 0.0376564 0.0376564 
0.0376564 0.0376564 0.0376564 0.495498 0.495498 0.495498 0.495498 0.495498 0.495498 0.495498 
0.495498 0.495498 0.495498 0.495498 0.495498 0.495498 0.495498 0.495498 0.495498 0.495498 
0.495498 0.495498 0.495498 0.495498 0.495498 0.495498 0.495498 0.495498 0.495498 0.495498 
0.495498 0.495498 0.495498 0.495498 0.495498 0.495498 0.495498 0.495498 0.495498 0.495498 
0.495498 0.495498 0.495498 0.495498 0.495498 0.495498 0.495498 0.495498 0.495498 0.495498 
0.495498 0.495498 0.495498 0.495498 0.495498 0.495498 0.495498 0.495498 0.495498 0.038658 
0.038658 0.038658 0.038658 0.038658 0.038658 0.038658 0.038658 0.038658 0.038658 0.038658 
0.038658 0.038658 0.038658 0.038658 0.038658 0.038658 0.038658 0.038658 0.038658 0.038658 
0.038658 0.038658 0.038658 0.038658 0.038658 0.038658 0.038658 0.038658 0.038658 0.038658 
0.038658 0.038658 0.038658 0.038658 0.038658 0.038658 0.038658 0.038658 0.038658 0.038658 
0.038658 0.038658 0.038658 0.038658 0.038658 0.038658 0.038658 0.038658 0.038658 0.038658 
0.038658 0.038658 0.038658 0.038658 0.038658 0.495498 0.495498 0.495498 0.495498 0.495498 
0.495498 0.495498 0.495498 0.495498 0.495498 0.495498 0.495498 0.495498 0.495498 0.495498 
0.495498 0.495498 0.495498 0.495498 0.495498 0.495498 0.495498 0.495498 0.495498 0.495498 
0.495498 0.495498 0.495498 0.495498 0.495498 0.495498 0.495498 0.495498 0.495498 0.495498 
0.495498 0.495498 0.495498 0.495498 0.495498 0.495498 0.495498 0.495498 0.495498 0.495498 
0.495498 0.495498 0.495498 0.495498 0.495498 0.495498 0.495498 0.495498 0.495498 0.495498 
0.495498 0.145348 0.145348 0.145348 0.145348 0.145348 0.145348 0.145348 0.145348 0.145348 
0.145348 0.145348 0.145348 0.145348 0.145348 0.145348 0.145348 0.145348 0.145348 0.145348 
0.145348 0.145348 0.145348 0.145348 0.145348 0.145348 0.145348 0.145348 0.145348 0.145348 
0.145348 0.145348 0.145348 0.145348 0.145348 0.145348 0.145348 0.145348 0.145348 0.145348 
0.145348 0.145348 0.145348 0.145348 0.145348 0.145348 0.145348 0.145348 0.145348 0.145348 
0.145348 0.145348 0.145348 0.145348 0.145348 0.145348 0.145348 0.495498 0.495498 0.495498 
0.495498 0.495498 0.495498 0.495498 0.495498 0.495498 0.495498 0.495498 0.495498 0.495498 
0.495498 0.495498 0.495498 0.495498 0.495498 0.495498 0.495498 0.495498 0.495498 0.495498 
0.495498 0.495498 0.495498 0.495498 0.495498 0.495498 0.495498 0.495498 0.495498 0.495498 
0.495498 0.495498 0.495498 0.495498 0.495498 0.495498 0.495498 0.495498 0.495498 0.495498 
0.495498 0.495498 0.495498 0.495498 0.495498 0.495498 0.495498 0.495498 0.495498 0.495498 
0.495498 0.495498 0.495498 0.22363 0.22363 0.22363 0.22363 0.22363 0.22363 0.22363 
0.22363 0.22363 0.22363 0.22363 0.22363 0.22363 0.22363 0.22363 0.22363 0.22363 
0.22363 0.22363 0.22363 0.22363 0.22363 0.22363 0.22363 0.22363 0.22363 0.22363 
0.22363 0.22363 0.22363 0.22363 0.22363 0.22363 0.22363 0.22363 0.22363 0.22363 
0.22363 0.22363 0.22363 0.22363 0.22363 0.22363 0.22363 0.22363 0.22363 0.22363 
0.22363 0.22363 0.22363 0.22363 0.22363 0.22363 0.22363 0.22363 0.22363 0.495498 
0.495498 0.495498 0.495498 0.495498 0.495498 0.495498 0.495498 0.495498 0.495498 0.495498 
0.495498 0.495498 0.495498 0.495498 0.495498 0.495498 0.495498 0.495498 0.495498 0.495498 
0.495498 0.495498 0.495498 0.495498 0.495498 0.495498 0.495498 0.495498 0.495498 0.495498 
0.495498 0.495498 0.495498 0.495498 0.495498 0.495498 0.495498 0.495498 0.495498 0.495498 
0.495498 0.495498 0.495498 0.495498 0.495498 0.495498 0.495498 0.495498 0.495498 0.495498 
0.495498 0.495498 0.495498 0.495498 0.495498 0.495498 0.495498 0.495498 0.495498 0.203253 
0.203253 0.203253 0.203253 0.203253 0.203253 0.203253 0.203253 0.203253 0.203253 0.203253 
0.203253 0.203253 0.203253 0.203253 0.203253 0.203253 0.203253 0.203253 0.203253 0.203253 
0.203253 0.203253 0.203253 0.203253 0.203253 0.203253 0.203253 0.203253 0.203253 0.203253 
0.203253 0.203253 0.203253 0.203253 0.203253 0.203253 0.203253 0.203253 0.203253 0.203253 
0.203253 0.203253 0.203253 0.203253 0.203253 0.203253 0.203253 0.203253 0.203253 0.203253 
0.203253 0.203253 0.203253 0.203253 0.203253 0.495498 0.495498 0.495498 0.495498 0.495498 
0.495498 0.495498 0.495498 0.495498 0.495498 0.495498 0.495498 0.495498 0.495498 0.495498 
0.495498 0.495498 0.495498 0.495498 0.495498 0.495498 0.495498 0.495498 0.495498 0.495498 
0.495498 0.495498 0.495498 0.495498 0.495498 0.495498 0.495498 0.495498 0.495498 0.495498 
0.495498 0.495498 0.495498 0.495498 0.495498 0.495498 0.495498 0.495498 0.495498 0.495498 
0.495498 0.495498 0.495498 0.495498 0.495498 0.495498 0.495498 0.495498 0.495498 0.495498 
0.495498 0.170342 0.170342 0.170342 0.170342 0.170342 0.170342 0.170342 0.170342 0.170342 
0.170342 0.170342 0.170342 0.170342 0.170342 0.170342 0.170342 0.170342 0.170342 0.170342 
0.170342 0.170342 0.170342 0.170342 0.170342 0.170342 0.170342 0.170342 0.170342 0.170342 
0.170342 0.170342 0.170342 0.170342 0.170342 0.170342 0.170342 0.170342 0.170342 0.170342 
0.170342 0.170342 0.170342 0.170342 0.170342 0.170342 0.170342 0.170342 0.170342 0.170342 
0.170342 0.170342 0.170342 0.170342 0.170342 0.170342 0.170342 0.495498 0.495498 0.495498 
0.495498 0.495498 0.495498 0.495498 0.495498 0.495498 0.495498 0.495498 0.495498 0.495498 
0.495498 0.495498 0.495498 0.495498 0.495498 0.495498 0.495498 0.495498 0.495498 0.495498 
0.495498 0.495498 0.495498 0.495498 0.495498 0.495498 0.495498 0.495498 0.495498 0.495498 
0.495498 0.495498 0.495498 0.495498 0.495498 0.495498 0.495498 0.495498 0.495498 0.495498 
0.495498 0.495498 0.495498 0.495498 0.495498 0.495498 0.495498 0.495498 0.495498 0.495498 
0.495498 0.495498 0.495498 0.230802 0.230802 0.230802 0.230802 0.230802 0.230802 0.230802 
0.230802 0.230802 0.230802 0.230802 0.230802 0.230802 0.230802 0.230802 0.230802 0.230802 
0.230802 0.230802 0.230802 0.230802 0.230802 0.230802 0.230802 0.230802 0.230802 0.230802 
0.230802 0.230802 0.230802 0.230802 0.230802 0.230802 0.230802 0.230802 0.230802 0.230802 
0.230802 0.230802 0.230802 0.230802 0.230802 0.230802 0.230802 0.230802 0.230802 0.230802 
0.230802 0.230802 0.230802 0.230802 0.230802 0.230802 0.230802 0.230802 0.230802 0.495498 
0.495498 0.495498 0.495498 0.495498 0.495498 0.495498 0.495498 0.495498 0.495498 0.495498 
0.495498 0.495498 0.495498 0.495498 0.495498 0.495498 0.495498 0.495498 0.495498 0.495498 
0.495498 0.495498 0.495498 0.495498 0.495498 0.495498 0.495498 0.495498 0.495498 0.495498 
0.495498 0.495498 0.495498 0.495498 0.495498 0.495498 0.495498 0.495498 0.495498 0.495498 
0.495498 0.495498 0.495498 0.495498 0.495498 0.495498 0.495498 0.495498 0.495498 0.495498 
0.495498 0.495498 0.495498 0.495498 0.495498 0.284103 0.284103 0.284103 0.284103 0.284103 
0.284103 0.284103 0.284103 0.284103 0.284103 0.284103 0.284103 0.284103 0.284103 0.284103 
0.284103 0.284103 0.284103 0.284103 0.284103 0.284103 0.284103 0.284103 0.284103 0.284103 
0.284103 0.284103 0.284103 0.284103 0.284103 0.284103 0.284103 0.284103 0.284103 0.284103 
0.284103 0.284103 0.284103 0.284103 0.284103 0.284103 0.284103 0.284103 0.284103 0.284103 
0.284103 0.284103 0.284103 0.284103 0.284103 0.284103 0.284103 0.284103 0.284103 0.284103 
0.284103 0.495498 0.495498 0.495498 0.495498 0.495498 0.495498 0.495498 0.495498 0.495498 
0.495498 0.495498 0.495498 0.495498 0.495498 0.495498 0.495498 0.495498 0.495498 0.495498 
0.495498 0.495498 0.495498 0.495498 0.495498 0.495498 0.495498 0.495498 0.495498 0.495498 
0.495498 0.495498 0.495498 0.495498 0.495498 0.495498 0.495498 0.495498 0.495498 0.495498 
0.495498 0.495498 0.495498 0.495498 0.495498 0.495498 0.495498 0.495498 0.495498 0.495498 
0.495498 0.495498 0.495498 0.495498 0.495498 0.495498 0.495498 0.302435 0.302435 0.302435 
0.302435 0.302435 0.302435 0.302435 0.302435 0.302435 0.302435 0.302435 0.302435 0.302435 
0.302435 0.302435 0.302435 0.302435 0.302435 0.302435 0.302435 0.302435 0.302435 0.302435 
0.302435 0.302435 0.302435 0.302435 0.302435 0.302435 0.302435 0.302435 0.302435 0.302435 
0.302435 0.302435 0.302435 0.302435 0.302435 0.302435 0.302435 0.302435 0.302435 0.302435 
0.302435 0.302435 0.302435 0.302435 0.302435 0.302435 0.302435 0.302435 0.302435 0.302435 
0.302435 0.302435 0.302435 0.0490375 0.0490375 0.0490375 0.0490375 0.0490375 0.0490375 0.0490375 
0.0490375 0.0490375 0.0490375 0.0490375 0.0490375 0.0490375 0.0490375 0.0490375 0.0490375 0.0490375 
0.0490375 0.0490375 0.0490375 0.0490375 0.0490375 0.0490375 0.0490375 0.0490375 0.0490375 0.0490375 
0.0490375 0.0490375 0.0490375 0.0490375 0.0490375 0.0490375 0.0490375 0.0490375 0.0490375 0.0490375 
0.0490375 0.0490375 0.0490375 0.0490375 0.0490375 0.0490375 0.0490375 0.0490375 0.0490375 0.0490375 
0.0490375 0.0490375 0.0490375 0.0490375 0.0490375 0.0490375 0.0490375 0.0490375 0.0490375 0.22363 
0.22363 0.22363 0.22363 0.22363 0.22363 0.22363 0.22363 0.22363 0.22363 0.22363 
0.22363 0.22363 0.22363 0.22363 0.22363 0.22363 0.22363 0.22363 0.22363 0.22363 
0.22363 0.22363 0.22363 0.22363 0.22363 0.22363 0.22363 0.22363 0.22363 0.22363 
0.22363 0.22363 0.22363 0.22363 0.22363 0.22363 0.22363 0.22363 0.22363 0.22363 
0.22363 0.22363 0.22363 0.22363 0.22363 0.22363 0.22363 0.22363 0.22363 0.22363 
0.22363 0.22363 0.22363 0.22363 0.22363 0.0490375 0.0490375 0.0490375 0.0490375 0.0490375 
0.0490375 0.0490375 0.0490375 0.0490375 0.0490375 0.0490375 0.0490375 0.0490375 0.0490375 0.0490375 
0.0490375 0.0490375 0.0490375 0.0490375 0.0490375 0.0490375 0.0490375 0.0490375 0.0490375 0.0490375 
0.0490375 0.0490375 0.0490375 0.0490375 0.0490375 0.0490375 0.0490375 0.0490375 0.0490375 0.0490375 
0.0490375 0.0490375 0.0490375 0.0490375 0.0490375 0.0490375 0.0490375 0.0490375 0.0490375 0.0490375 
0.0490375 0.0490375 0.0490375 0.0490375 0.0490375 0.0490375 0.0490375 0.0490375 0.0490375 0.0490375 
0.0490375 0.0490375 0.0490375 0.0490375 0.0490375 0.203253 0.203253 0.203253 0.203253 0.203253 
0.203253 0.203253 0.203253 0.203253 0.203253 0.203253 0.203253 0.203253 0.203253 0.203253 
0.203253 0.203253 0.203253 0.203253 0.203253 0.203253 0.203253 0.203253 0.203253 0.203253 
0.203253 0.203253 0.203253 0.203253 0.203253 0.203253 0.203253 0.203253 0.203253 0.203253 
0.203253 0.203253 0.203253 0.203253 0.203253 0.203253 0.203253 0.203253 0.203253 0.203253 
0.203253 0.203253 0.203253 0.203253 0.203253 0.203253 0.203253 0.203253 0.203253 0.203253 
0.203253 0.0490375 0.0490375 0.0490375 0.0490375 0.0490375 0.0490375 0.0490375 0.0490375 0.0490375 
0.0490375 0.0490375 0.0490375 0.0490375 0.0490375 0.0490375 0.0490375 0.0490375 0.0490375 0.0490375 
0.0490375 0.0490375 0.0490375 0.0490375 0.0490375 0.0490375 0.0490375 0.0490375 0.0490375 0.0490375 
0.0490375 0.0490375 0.0490375 0.0490375 0.0490375 0.0490375 0.0490375 0.0490375 0.0490375 0.0490375 
0.0490375 0.0490375 0.0490375 0.0490375 0.0490375 0.0490375 0.0490375 0.0490375 0.0490375 0.0490375 
0.0490375 0.0490375 0.0490375 0.0490375 0.0490375 0.0490375 0.0490375 0.0490375 0.0490375 0.0490375 
0.0490375 0.170342 0.170342 0.170342 0.170342 0.170342 0.170342 0.170342 0.170342 0.170342 
0.170342 0.170342 0.170342 0.170342 0.170342 0.170342 0.170342 0.170342 0.170342 0.170342 
0.170342 0.170342 0.170342 0.170342 0.170342 0.170342 0.170342 0.170342 0.170342 0.170342 
0.170342 0.170342 0.170342 0.170342 0.170342 0.170342 0.170342 0.170342 0.170342 0.170342 
0.170342 0.170342 0.170342 0.170342 0.170342 0.170342 0.170342 0.170342 0.170342 0.170342 
0.170342 0.170342 0.170342 0.170342 0.170342 0.170342 0.170342 0.0490375 0.0490375 0.0490375 
0.0490375 0.0490375 0.0490375 0.0490375 0.0490375 0.0490375 0.0490375 0.0490375 0.0490375 0.0490375 
0.0490375 0.0490375 0.0490375 0.0490375 0.0490375 0.0490375 0.0490375 0.0490375 0.0490375 0.0490375 
0.0490375 0.0490375 0.0490375 0.0490375 0.0490375 0.0490375 0.0490375 0.0490375 0.0490375 0.0490375 
0.0490375 0.0490375 0.0490375 0.0490375 0.0490375 0.0490375 0.0490375 0.0490375 0.0490375 0.0490375 
0.0490375 0.0490375 0.0490375 0.0490375 0.0490375 0.0490375 0.0490375 0.0490375 0.0490375 0.0490375 
0.0490375 0.0490375 0.0490375 0.230802 0.230802 0.230802 0.230802 0.230802 0.230802 0.230802 
0.230802 0.230802 0.230802 0.230802 0.230802 0.230802 0.230802 0.230802 0.230802 0.230802 
0.230802 0.230802 0.230802 0.230802 0.230802 0.230802 0.230802 0.230802 0.230802 0.230802 
0.230802 0.230802 0.230802 0.230802 0.230802 0.230802 0.230802 0.230802 0.230802 0.230802 
0.230802 0.230802 0.230802 0.230802 0.230802 0.230802 0.230802 0.230802 0.230802 0.230802 
0.230802 0.230802 0.230802 0.230802 0.230802 0.230802 0.230802 0.230802 0.230802 0.0490375 
0.0490375 0.0490375 0.0490375 0.0490375 0.0490375 0.0490375 0.0490375 0.0490375 0.0490375 0.0490375 
0.0490375 0.0490375 0.0490375 0.0490375 0.0490375 0.0490375 0.0490375 0.0490375 0.0490375 0.0490375 
0.0490375 0.0490375 0.0490375 0.0490375 0.0490375 0.0490375 0.0490375 0.0490375 0.0490375 0.0490375 
0.0490375 0.0490375 0.0490375 0.0490375 0.0490375 0.0490375 0.0490375 0.0490375 0.0490375 0.0490375 
0.0490375 0.0490375 0.0490375 0.0490375 0.0490375 0.0490375 0.0490375 0.0490375 0.0490375 0.0490375 
0.0490375 0.0490375 0.0490375 0.0490375 0.0490375 0.0490375 0.0490375 0.0490375 0.0490375 0.284103 
0.284103 0.284103 0.284103 0.284103 0.284103 0.284103 0.284103 0.284103 0.284103 0.284103 
0.284103 0.284103 0.284103 0.284103 0.284103 0.284103 0.284103 0.284103 0.284103 0.284103 
0.284103 0.284103 0.284103 0.284103 0.284103 0.284103 0.284103 0.284103 0.284103 0.284103 
0.284103 0.284103 0.284103 0.284103 0.284103 0.284103 0.284103 0.284103 0.284103 0.284103 
0.284103 0.284103 0.284103 0.284103 0.284103 0.284103 0.284103 0.284103 0.284103 0.284103 
0.284103 0.284103 0.284103 0.284103 0.284103 0.0490375 0.0490375 0.0490375 0.0490375 0.0490375 
0.0490375 0.0490375 0.0490375 0.0490375 0.0490375 0.0490375 0.0490375 0.0490375 0.0490375 0.0490375 
0.0490375 0.0490375 0.0490375 0.0490375 0.0490375 0.0490375 0.0490375 0.0490375 0.0490375 0.0490375 
0.0490375 0.0490375 0.0490375 0.0490375 0.0490375 0.0490375 0.0490375 0.0490375 0.0490375 0.0490375 
0.0490375 0.0490375 0.0490375 0.0490375 0.0490375 0.0490375 0.0490375 0.0490375 0.0490375 0.0490375 
0.0490375 0.0490375 0.0490375 0.0490375 0.0490375 0.0490375 0.0490375 0.0490375 0.0490375 0.0490375 
0.0490375 0.0490375 0.0490375 0.0490375 0.0490375 0.302435 0.302435 0.302435 0.302435 0.302435 
0.302435 0.302435 0.302435 0.302435 0.302435 0.302435 0.302435 0.302435 0.302435 0.302435 
0.302435 0.302435 0.302435 0.302435 0.302435 0.302435 0.302435 0.302435 0.302435 0.302435 
0.302435 0.302435 0.302435 0.302435 0.302435 0.302435 0.302435 0.302435 0.302435 0.302435 
0.302435 0.302435 0.302435 0.302435 0.302435 0.302435 0.302435 0.302435 0.302435 0.302435 
0.302435 0.302435 0.302435 0.302435 0.302435 0.302435 0.302435 0.302435 0.302435 0.302435 
0.302435 0.302435 0.302435 0.302435 0.302435 0.302435 0.302435 0.302435 0.302435 0.302435 
0.302435 0.302435 0.302435 0.302435 0.302435 0.302435 0.302435 0.302435 0.302435 0.302435 
0.302435 0.302435 0.302435 0.302435 0.302435 0.302435 0.302435 0.302435 0.302435 0.302435 
0.302435 0.302435 0.302435 0.302435 0.302435 0.302435 0.302435 0.302435 0.302435 0.302435 
0.302435 0.302435 0.302435 0.302435 0.302435 0.302435 0.302435 0.302435 0.302435 0.302435 
0.302435 0.302435 0.302435 0.302435 0.302435 0.302435 0.302435 0.0473592 0.0473592 0.0473592 
0.0473592 0.0473592 0.0473592 0.0473592 0.0473592 0.0473592 0.0473592 0.0473592 0.0473592 0.0473592 
0.0473592 0.0473592 0.0473592 0.0473592 0.0473592 0.0473592 0.0473592 0.0473592 0.0473592 0.0473592 
0.0473592 0.0473592 0.0473592 0.0473592 0.0473592 0.0473592 0.0473592 0.0473592 0.0473592 0.0473592 
0.0473592 0.0473592 0.0473592 0.0473592 0.0473592 0.0473592 0.0473592 0.0473592 0.0473592 0.0473592 
0.0473592 0.0473592 0.0473592 0.0473592 0.0473592 0.0473592 0.0473592 0.0473592 0.0473592 0.0473592 
0.0473592 0.0473592 0.0473592 0.0376564 0.0376564 0.0376564 0.0376564 0.0376564 0.0376564 0.0376564 
0.0376564 0.0376564 0.0376564 0.0376564 0.0376564 0.0376564 0.0376564 0.0376564 0.0376564 0.0376564 
0.0376564 0.0376564 0.0376564 0.0376564 0.0376564 0.0376564 0.0376564 0.0376564 0.0376564 0.0376564 
0.0376564 0.0376564 0.0376564 0.0376564 0.0376564 0.0376564 0.0376564 0.0376564 0.0376564 0.0376564 
0.0376564 0.0376564 0.0376564 0.0376564 0.0376564 0.0376564 0.0376564 0.0376564 0.0376564 0.0376564 
0.0376564 0.0376564 0.0376564 0.0376564 0.0376564 0.0376564 0.0376564 0.0376564 0.0376564 0.038658 
0.038658 0.038658 0.038658 0.038658 0.038658 0.038658 0.038658 0.038658 0.038658 0.038658 
0.038658 0.038658 0.038658 0.038658 0.038658 0.038658 0.038658 0.038658 0.038658 0.038658 
0.038658 0.038658 0.038658 0.038658 0.038658 0.038658 0.038658 0.038658 0.038658 0.038658 
0.038658 0.038658 0.038658 0.038658 0.038658 0.038658 0.038658 0.038658 0.038658 0.038658 
0.038658 0.038658 0.038658 0.038658 0.038658 0.038658 0.038658 0.038658 0.038658 0.038658 
0.038658 0.038658 0.038658 0.038658 0.038658 0.0473592 0.0473592 0.0473592 0.0473592 0.0473592 
0.0473592 0.0473592 0.0473592 0.0473592 0.0473592 0.0473592 0.0473592 0.0473592 0.0473592 0.0473592 
0.0473592 0.0473592 0.0473592 0.0473592 0.0473592 0.0473592 0.0473592 0.0473592 0.0473592 0.0473592 
0.0473592 0.0473592 0.0473592 0.0473592 0.0473592 0.0473592 0.0473592 0.0473592 0.0473592 0.0473592 
0.0473592 0.0473592 0.0473592 0.0473592 0.0473592 0.0473592 0.0473592 0.0473592 0.0473592 0.0473592 
0.0473592 0.0473592 0.0473592 0.0473592 0.0473592 0.0473592 0.0473592 0.0473592 0.0473592 0.0473592 
0.0473592 0.0473592 0.0473592 0.0473592 0.0473592 0.0473592 0.0473592 0.0473592 0.0473592 0.0473592 
0.0473592 0.0473592 0.0473592 0.0473592 0.0473592 0.0473592 0.0473592 0.0473592 0.0473592 0.0473592 
0.0473592 0.0473592 0.0473592 0.0473592 0.0473592 0.0473592 0.0473592 0.0473592 0.0473592 0.0473592 
0.0473592 0.0473592 0.0473592 0.0473592 0.0473592 0.0473592 0.0473592 0.0473592 0.0473592 0.0473592 
0.0473592 0.0473592 0.0473592 0.0473592 0.0473592 0.0473592 0.0473592 0.0473592 0.0473592 0.0473592 
0.0473592 0.0473592 0.0473592 0.0473592 0.0473592 0.0473592 0.0473592 0.0473592 0.0473592 0.0473592 
0.0473592 SCALARS Max_Aperture_mm float 1
LOOKUP_TABLE default
124.433 124.433 124.433 124.433 124.433 124.433 124.433 124.433 124.433 
124.433 124.433 124.433 124.433 124.433 124.433 124.433 124.433 124.433 124.433 
124.433 124.433 124.433 124.433 124.433 124.433 124.433 124.433 124.433 124.433 
124.433 124.433 124.433 124.433 124.433 124.433 124.433 124.433 124.433 124.433 
124.433 124.433 124.433 124.433 124.433 124.433 124.433 124.433 124.433 124.433 
124.433 124.433 124.433 124.433 124.433 124.433 124.433 124.433 124.433 124.433 
124.433 124.433 124.433 124.433 124.433 124.433 124.433 124.433 124.433 124.433 
124.433 124.433 124.433 124.433 124.433 124.433 124.433 124.433 124.433 124.433 
124.433 124.433 124.433 124.433 124.433 124.433 124.433 124.433 124.433 124.433 
124.433 124.433 124.433 124.433 124.433 124.433 124.433 124.433 124.433 124.433 
124.433 124.433 124.433 124.433 124.433 124.433 124.433 124.433 124.433 124.433 
124.433 124.433 124.433 124.433 124.433 124.433 124.433 124.433 124.433 124.433 
124.433 124.433 124.433 124.433 124.433 124.433 124.433 124.433 124.433 124.433 
124.433 124.433 124.433 124.433 124.433 124.433 124.433 124.433 124.433 124.433 
124.433 124.433 124.433 124.433 124.433 124.433 124.433 124.433 124.433 124.433 
124.433 124.433 124.433 124.433 124.433 124.433 124.433 124.433 124.433 124.433 
124.433 124.433 124.433 124.433 124.433 124.433 124.433 124.433 124.433 124.433 
124.433 124.433 124.433 124.433 124.433 124.433 124.433 124.433 124.433 124.433 
124.433 124.433 124.433 124.433 124.433 124.433 124.433 124.433 124.433 124.433 
124.433 124.433 124.433 124.433 124.433 124.433 124.433 124.433 124.433 124.433 
124.433 124.433 124.433 124.433 124.433 124.433 124.433 124.433 124.433 124.433 
124.433 124.433 124.433 124.433 124.433 124.433 124.433 124.433 124.433 124.433 
124.433 124.433 124.433 124.433 124.433 124.433 124.433 124.433 124.433 124.433 
124.433 124.433 124.433 124.433 124.433 124.433 124.433 124.433 124.433 124.433 
124.433 124.433 124.433 124.433 124.433 124.433 124.433 124.433 124.433 124.433 
124.433 124.433 124.433 124.433 124.433 124.433 124.433 124.433 124.433 124.433 
124.433 124.433 124.433 124.433 124.433 124.433 124.433 124.433 124.433 124.433 
124.433 124.433 124.433 124.433 124.433 124.433 124.433 124.433 124.433 124.433 
124.433 124.433 124.433 124.433 124.433 124.433 124.433 124.433 124.433 124.433 
124.433 124.433 124.433 124.433 124.433 124.433 124.433 124.433 124.433 124.433 
124.433 124.433 124.433 124.433 124.433 124.433 124.433 124.433 124.433 124.433 
124.433 124.433 124.433 124.433 124.433 124.433 124.433 124.433 124.433 124.433 
124.433 124.433 124.433 124.433 124.433 124.433 124.433 124.433 124.433 124.433 
124.433 124.433 124.433 124.433 124.433 124.433 124.433 124.433 124.433 124.433 
124.433 124.433 124.433 124.433 124.433 124.433 124.433 124.433 124.433 124.433 
124.433 124.433 124.433 124.433 124.433 124.433 124.433 124.433 124.433 124.433 
124.433 124.433 124.433 124.433 124.433 124.433 124.433 124.433 124.433 124.433 
124.433 124.433 124.433 124.433 124.433 124.433 124.433 124.433 124.433 124.433 
124.433 124.433 124.433 124.433 124.433 124.433 124.433 124.433 124.433 124.433 
124.433 124.433 124.433 124.433 124.433 124.433 124.433 124.433 124.433 124.433 
124.433 124.433 124.433 124.433 124.433 124.433 124.433 124.433 124.433 124.433 
124.433 124.433 124.433 124.433 124.433 124.433 124.433 124.433 124.433 124.433 
124.433 259.494 259.494 259.494 259.494 259.494 259.494 259.494 259.494 259.494 
259.494 259.494 259.494 259.494 259.494 259.494 259.494 259.494 259.494 259.494 
259.494 259.494 259.494 259.494 259.494 259.494 259.494 259.494 259.494 259.494 
259.494 259.494 259.494 259.494 259.494 259.494 259.494 259.494 259.494 259.494 
259.494 259.494 259.494 259.494 259.494 259.494 259.494 259.494 259.494 259.494 
259.494 259.494 259.494 259.494 259.494 259.494 259.494 259.494 259.494 259.494 
259.494 259.494 259.494 259.494 259.494 259.494 259.494 259.494 259.494 259.494 
259.494 259.494 259.494 259.494 259.494 259.494 259.494 259.494 259.494 259.494 
259.494 259.494 259.494 259.494 259.494 259.494 259.494 259.494 259.494 259.494 
259.494 259.494 259.494 259.494 259.494 259.494 259.494 259.494 259.494 259.494 
259.494 259.494 259.494 259.494 259.494 259.494 259.494 259.494 259.494 259.494 
259.494 259.494 259.494 259.494 259.494 259.494 259.494 259.494 259.494 259.494 
259.494 259.494 259.494 259.494 259.494 259.494 259.494 259.494 259.494 259.494 
259.494 259.494 259.494 473.756 473.756 473.756 473.756 473.756 473.756 473.756 
473.756 473.756 473.756 473.756 473.756 473.756 473.756 473.756 473.756 473.756 
473.756 473.756 473.756 473.756 473.756 473.756 473.756 473.756 473.756 473.756 
473.756 473.756 473.756 473.756 473.756 473.756 473.756 473.756 473.756 473.756 
473.756 473.756 473.756 473.756 473.756 473.756 473.756 169.46 169.46 169.46 
169.46 169.46 169.46 169.46 169.46 169.46 169.46 169.46 169.46 169.46 
169.46 169.46 169.46 169.46 169.46 169.46 169.46 169.46 169.46 169.46 
169.46 169.46 169.46 169.46 169.46 169.46 169.46 169.46 169.46 169.46 
169.46 169.46 169.46 169.46 169.46 169.46 169.46 169.46 169.46 169.46 
169.46 169.46 169.46 169.46 169.46 169.46 169.46 169.46 169.46 169.46 
169.46 169.46 169.46 32.8728 32.8728 32.8728 32.8728 32.8728 32.8728 32.8728 
32.8728 32.8728 32.8728 32.8728 32.8728 32.8728 32.8728 32.8728 32.8728 32.8728 
32.8728 32.8728 32.8728 32.8728 32.8728 32.8728 32.8728 32.8728 32.8728 32.8728 
32.8728 32.8728 32.8728 32.8728 32.8728 32.8728 32.8728 32.8728 32.8728 32.8728 
32.8728 32.8728 32.8728 32.8728 32.8728 32.8728 32.8728 32.8728 32.8728 32.8728 
32.8728 32.8728 32.8728 32.8728 32.8728 32.8728 32.8728 32.8728 32.8728 32.8728 
32.8728 32.8728 32.8728 1.45707 1.45707 1.45707 1.45707 1.45707 1.45707 1.45707 
1.45707 1.45707 1.45707 1.45707 1.45707 1.45707 1.45707 1.45707 1.45707 1.45707 
1.45707 1.45707 1.45707 1.45707 1.45707 1.45707 1.45707 1.45707 1.45707 1.45707 
1.45707 1.45707 1.45707 1.45707 1.45707 1.45707 1.45707 1.45707 1.45707 1.45707 
1.45707 1.45707 1.45707 1.45707 1.45707 1.45707 1.45707 1.45707 1.45707 1.45707 
1.45707 1.45707 1.45707 1.45707 1.45707 1.45707 1.45707 1.45707 1.45707 1.45707 
1.45707 1.45707 1.45707 169.46 169.46 169.46 169.46 169.46 169.46 169.46 
169.46 169.46 169.46 169.46 169.46 169.46 169.46 169.46 169.46 169.46 
169.46 169.46 169.46 169.46 169.46 169.46 169.46 169.46 169.46 169.46 
169.46 169.46 169.46 169.46 169.46 169.46 169.46 169.46 169.46 169.46 
169.46 169.46 169.46 169.46 169.46 169.46 169.46 169.46 169.46 169.46 
169.46 169.46 169.46 169.46 169.46 169.46 169.46 169.46 169.46 169.46 
169.46 169.46 169.46 169.46 169.46 169.46 169.46 169.46 169.46 169.46 
169.46 169.46 169.46 169.46 169.46 169.46 169.46 169.46 169.46 169.46 
169.46 169.46 169.46 169.46 169.46 169.46 169.46 169.46 169.46 169.46 
169.46 169.46 169.46 169.46 169.46 169.46 169.46 169.46 169.46 169.46 
169.46 169.46 169.46 169.46 169.46 169.46 169.46 169.46 169.46 169.46 
169.46 169.46 169.46 169.46 169.46 32.8728 32.8728 32.8728 32.8728 32.8728 
32.8728 32.8728 32.8728 32.8728 32.8728 32.8728 32.8728 32.8728 32.8728 32.8728 
32.8728 32.8728 32.8728 32.8728 32.8728 32.8728 32.8728 32.8728 32.8728 32.8728 
32.8728 32.8728 32.8728 32.8728 32.8728 32.8728 32.8728 32.8728 32.8728 32.8728 
32.8728 32.8728 32.8728 32.8728 32.8728 32.8728 32.8728 32.8728 32.8728 32.8728 
32.8728 32.8728 32.8728 32.8728 32.8728 32.8728 32.8728 32.8728 32.8728 32.8728 
32.8728 32.8728 32.8728 32.8728 32.8728 1.45707 1.45707 1.45707 1.45707 1.45707 
1.45707 1.45707 1.45707 1.45707 1.45707 1.45707 1.45707 1.45707 1.45707 1.45707 
1.45707 1.45707 1.45707 1.45707 1.45707 1.45707 1.45707 1.45707 1.45707 1.45707 
1.45707 1.45707 1.45707 1.45707 1.45707 1.45707 1.45707 1.45707 1.45707 1.45707 
1.45707 1.45707 1.45707 1.45707 1.45707 1.45707 1.45707 1.45707 1.45707 1.45707 
1.45707 1.45707 1.45707 1.45707 1.45707 1.45707 1.45707 1.45707 1.45707 1.45707 
1.45707 1.45707 1.45707 1.45707 1.45707 169.46 169.46 169.46 169.46 169.46 
169.46 169.46 169.46 169.46 169.46 169.46 169.46 169.46 169.46 169.46 
169.46 169.46 169.46 169.46 169.46 169.46 169.46 169.46 169.46 169.46 
169.46 169.46 169.46 169.46 169.46 169.46 169.46 169.46 169.46 169.46 
169.46 169.46 169.46 169.46 169.46 169.46 169.46 169.46 169.46 169.46 
169.46 169.46 169.46 169.46 169.46 169.46 169.46 169.46 169.46 169.46 
169.46 169.46 169.46 169.46 169.46 169.46 169.46 169.46 169.46 169.46 
169.46 169.46 169.46 169.46 169.46 169.46 169.46 169.46 169.46 169.46 
169.46 169.46 169.46 169.46 169.46 169.46 169.46 169.46 169.46 169.46 
169.46 169.46 169.46 169.46 169.46 169.46 169.46 169.46 169.46 169.46 
169.46 169.46 169.46 169.46 169.46 169.46 169.46 169.46 169.46 169.46 
169.46 169.46 169.46 169.46 169.46 169.46 169.46 32.8728 32.8728 32.8728 
32.8728 32.8728 32.8728 32.8728 32.8728 32.8728 32.8728 32.8728 32.8728 32.8728 
32.8728 32.8728 32.8728 32.8728 32.8728 32.8728 32.8728 32.8728 32.8728 32.8728 
32.8728 32.8728 32.8728 32.8728 32.8728 32.8728 32.8728 32.8728 32.8728 32.8728 
32.8728 32.8728 32.8728 32.8728 32.8728 32.8728 32.8728 32.8728 32.8728 32.8728 
32.8728 32.8728 32.8728 32.8728 32.8728 32.8728 32.8728 32.8728 32.8728 32.8728 
32.8728 32.8728 32.8728 32.8728 32.8728 32.8728 32.8728 1.45707 1.45707 1.45707 
1.45707 1.45707 1.45707 1.45707 1.45707 1.45707 1.45707 1.45707 1.45707 1.45707 
1.45707 1.45707 1.45707 1.45707 1.45707 1.45707 1.45707 1.45707 1.45707 1.45707 
1.45707 1.45707 1.45707 1.45707 1.45707 1.45707 1.45707 1.45707 1.45707 1.45707 
1.45707 1.45707 1.45707 1.45707 1.45707 1.45707 1.45707 1.45707 1.45707 1.45707 
1.45707 1.45707 1.45707 1.45707 1.45707 1.45707 1.45707 1.45707 1.45707 1.45707 
1.45707 1.45707 1.45707 1.45707 1.45707 1.45707 1.45707 169.46 169.46 169.46 
169.46 169.46 169.46 169.46 169.46 169.46 169.46 169.46 169.46 169.46 
169.46 169.46 169.46 169.46 169.46 169.46 169.46 169.46 169.46 169.46 
169.46 169.46 169.46 169.46 169.46 169.46 169.46 169.46 169.46 169.46 
169.46 169.46 169.46 169.46 169.46 169.46 169.46 169.46 169.46 169.46 
169.46 169.46 169.46 169.46 169.46 169.46 169.46 169.46 169.46 169.46 
169.46 169.46 169.46 169.46 169.46 169.46 169.46 169.46 169.46 169.46 
169.46 169.46 169.46 169.46 169.46 169.46 169.46 169.46 169.46 169.46 
169.46 169.46 169.46 169.46 169.46 169.46 169.46 169.46 169.46 169.46 
169.46 169.46 169.46 169.46 169.46 169.46 169.46 169.46 169.46 169.46 
169.46 169.46 169.46 169.46 169.46 169.46 169.46 169.46 169.46 169.46 
169.46 169.46 169.46 169.46 169.46 169.46 169.46 169.46 169.46 32.8728 
32.8728 32.8728 32.8728 32.8728 32.8728 32.8728 32.8728 32.8728 32.8728 32.8728 
32.8728 32.8728 32.8728 32.8728 32.8728 32.8728 32.8728 32.8728 32.8728 32.8728 
32.8728 32.8728 32.8728 32.8728 32.8728 32.8728 32.8728 32.8728 32.8728 32.8728 
32.8728 32.8728 32.8728 32.8728 32.8728 32.8728 32.8728 32.8728 32.8728 32.8728 
32.8728 32.8728 32.8728 32.8728 32.8728 32.8728 32.8728 32.8728 32.8728 32.8728 
32.8728 32.8728 32.8728 32.8728 32.8728 32.8728 32.8728 32.8728 32.8728 1.45707 
1.45707 1.45707 1.45707 1.45707 1.45707 1.45707 1.45707 1.45707 1.45707 1.45707 
1.45707 1.45707 1.45707 1.45707 1.45707 1.45707 1.45707 1.45707 1.45707 1.45707 
1.45707 1.45707 1.45707 1.45707 1.45707 1.45707 1.45707 1.45707 1.45707 1.45707 
1.45707 1.45707 1.45707 1.45707 1.45707 1.45707 1.45707 1.45707 1.45707 1.45707 
1.45707 1.45707 1.45707 1.45707 1.45707 1.45707 1.45707 1.45707 1.45707 1.45707 
1.45707 1.45707 1.45707 1.45707 1.45707 1.45707 1.45707 1.45707 1.45707 128.829 
128.829 128.829 128.829 128.829 128.829 128.829 128.829 128.829 128.829 128.829 
128.829 128.829 128.829 128.829 128.829 128.829 128.829 128.829 128.829 128.829 
128.829 128.829 128.829 128.829 128.829 128.829 128.829 128.829 128.829 128.829 
128.829 128.829 128.829 128.829 128.829 128.829 128.829 128.829 128.829 128.829 
128.829 128.829 128.829 128.829 128.829 128.829 128.829 128.829 128.829 128.829 
128.829 128.829 128.829 128.829 128.829 128.829 128.829 128.829 128.829 32.8728 
32.8728 32.8728 32.8728 32.8728 32.8728 32.8728 32.8728 32.8728 32.8728 32.8728 
32.8728 32.8728 32.8728 32.8728 32.8728 32.8728 32.8728 32.8728 32.8728 32.8728 
32.8728 32.8728 32.8728 32.8728 32.8728 32.8728 32.8728 32.8728 32.8728 32.8728 
32.8728 32.8728 32.8728 32.8728 32.8728 32.8728 32.8728 32.8728 32.8728 32.8728 
32.8728 32.8728 32.8728 32.8728 32.8728 32.8728 32.8728 32.8728 32.8728 32.8728 
32.8728 32.8728 32.8728 32.8728 32.8728 32.8728 32.8728 32.8728 32.8728 1.45707 
1.45707 1.45707 1.45707 1.45707 1.45707 1.45707 1.45707 1.45707 1.45707 1.45707 
1.45707 1.45707 1.45707 1.45707 1.45707 1.45707 1.45707 1.45707 1.45707 1.45707 
1.45707 1.45707 1.45707 1.45707 1.45707 1.45707 1.45707 1.45707 1.45707 1.45707 
1.45707 1.45707 1.45707 1.45707 1.45707 1.45707 1.45707 1.45707 1.45707 1.45707 
1.45707 1.45707 1.45707 1.45707 1.45707 1.45707 1.45707 1.45707 1.45707 1.45707 
1.45707 1.45707 1.45707 1.45707 1.45707 1.45707 1.45707 1.45707 1.45707 1.26102 
1.26102 1.26102 1.26102 1.26102 1.26102 1.26102 1.26102 1.26102 1.26102 1.26102 
1.26102 1.26102 1.26102 1.26102 1.26102 1.26102 1.26102 1.26102 1.26102 1.26102 
1.26102 1.26102 1.26102 1.26102 1.26102 1.26102 1.26102 1.26102 1.26102 1.26102 
1.26102 1.26102 1.26102 1.26102 1.26102 1.26102 1.26102 1.26102 1.26102 1.26102 
1.26102 1.26102 1.26102 1.26102 1.26102 1.26102 1.26102 1.26102 1.26102 1.26102 
1.26102 1.26102 1.26102 1.26102 1.26102 1.26102 1.26102 1.26102 1.26102 159.16 
159.16 159.16 159.16 159.16 159.16 159.16 159.16 159.16 159.16 159.16 
159.16 159.16 159.16 159.16 159.16 159.16 159.16 159.16 159.16 159.16 
159.16 159.16 159.16 159.16 159.16 159.16 159.16 159.16 159.16 159.16 
159.16 159.16 159.16 159.16 159.16 159.16 159.16 159.16 159.16 159.16 
159.16 159.16 159.16 159.16 159.16 159.16 159.16 159.16 159.16 159.16 
159.16 159.16 159.16 159.16 159.16 169.46 169.46 169.46 169.46 169.46 
169.46 169.46 169.46 169.46 169.46 169.46 169.46 169.46 169.46 169.46 
169.46 169.46 169.46 169.46 169.46 169.46 169.46 169.46 169.46 169.46 
169.46 169.46 169.46 169.46 169.46 169.46 169.46 169.46 169.46 169.46 
169.46 169.46 169.46 169.46 169.46 169.46 169.46 169.46 169.46 169.46 
169.46 169.46 169.46 169.46 169.46 169.46 169.46 169.46 169.46 169.46 
169.46 32.8728 32.8728 32.8728 32.8728 32.8728 32.8728 32.8728 32.8728 32.8728 
32.8728 32.8728 32.8728 32.8728 32.8728 32.8728 32.8728 32.8728 32.8728 32.8728 
32.8728 32.8728 32.8728 32.8728 32.8728 32.8728 32.8728 32.8728 32.8728 32.8728 
32.8728 32.8728 32.8728 32.8728 32.8728 32.8728 32.8728 32.8728 32.8728 32.8728 
32.8728 32.8728 32.8728 32.8728 32.8728 32.8728 32.8728 32.8728 32.8728 32.8728 
32.8728 32.8728 32.8728 32.8728 32.8728 32.8728 32.8728 32.8728 32.8728 32.8728 
32.8728 1.45707 1.45707 1.45707 1.45707 1.45707 1.45707 1.45707 1.45707 1.45707 
1.45707 1.45707 1.45707 1.45707 1.45707 1.45707 1.45707 1.45707 1.45707 1.45707 
1.45707 1.45707 1.45707 1.45707 1.45707 1.45707 1.45707 1.45707 1.45707 1.45707 
1.45707 1.45707 1.45707 1.45707 1.45707 1.45707 1.45707 1.45707 1.45707 1.45707 
1.45707 1.45707 1.45707 1.45707 1.45707 1.45707 1.45707 1.45707 1.45707 1.45707 
1.45707 1.45707 1.45707 1.45707 1.45707 1.45707 1.45707 1.45707 1.45707 1.45707 
1.45707 169.46 169.46 169.46 169.46 169.46 169.46 169.46 169.46 169.46 
169.46 169.46 169.46 169.46 169.46 169.46 169.46 169.46 169.46 169.46 
169.46 169.46 169.46 169.46 169.46 169.46 169.46 169.46 169.46 169.46 
169.46 169.46 169.46 169.46 169.46 169.46 169.46 169.46 169.46 169.46 
169.46 169.46 169.46 169.46 169.46 169.46 169.46 169.46 169.46 169.46 
169.46 169.46 169.46 169.46 169.46 169.46 169.46 169.46 169.46 169.46 
169.46 169.46 169.46 169.46 169.46 169.46 169.46 169.46 169.46 169.46 
169.46 169.46 169.46 169.46 169.46 169.46 169.46 169.46 169.46 169.46 
169.46 169.46 169.46 169.46 169.46 169.46 169.46 169.46 169.46 169.46 
169.46 169.46 169.46 169.46 169.46 169.46 169.46 169.46 169.46 169.46 
169.46 169.46 169.46 169.46 169.46 169.46 169.46 169.46 169.46 169.46 
169.46 169.46 169.46 32.8728 32.8728 32.8728 32.8728 32.8728 32.8728 32.8728 
32.8728 32.8728 32.8728 32.8728 32.8728 32.8728 32.8728 32.8728 32.8728 32.8728 
32.8728 32.8728 32.8728 32.8728 32.8728 32.8728 32.8728 32.8728 32.8728 32.8728 
32.8728 32.8728 32.8728 32.8728 32.8728 32.8728 32.8728 32.8728 32.8728 32.8728 
32.8728 32.8728 32.8728 32.8728 32.8728 32.8728 32.8728 32.8728 32.8728 32.8728 
32.8728 32.8728 32.8728 32.8728 32.8728 32.8728 32.8728 32.8728 32.8728 32.8728 
32.8728 32.8728 32.8728 1.45707 1.45707 1.45707 1.45707 1.45707 1.45707 1.45707 
1.45707 1.45707 1.45707 1.45707 1.45707 1.45707 1.45707 1.45707 1.45707 1.45707 
1.45707 1.45707 1.45707 1.45707 1.45707 1.45707 1.45707 1.45707 1.45707 1.45707 
1.45707 1.45707 1.45707 1.45707 1.45707 1.45707 1.45707 1.45707 1.45707 1.45707 
1.45707 1.45707 1.45707 1.45707 1.45707 1.45707 1.45707 1.45707 1.45707 1.45707 
1.45707 1.45707 1.45707 1.45707 1.45707 1.45707 1.45707 1.45707 1.45707 1.45707 
1.45707 1.45707 1.45707 169.46 169.46 169.46 169.46 169.46 169.46 169.46 
169.46 169.46 169.46 169.46 169.46 169.46 169.46 169.46 169.46 169.46 
169.46 169.46 169.46 169.46 169.46 169.46 169.46 169.46 169.46 169.46 
169.46 169.46 169.46 169.46 169.46 169.46 169.46 169.46 169.46 169.46 
169.46 169.46 169.46 169.46 169.46 169.46 169.46 169.46 169.46 169.46 
169.46 169.46 169.46 169.46 169.46 169.46 169.46 169.46 169.46 169.46 
169.46 169.46 169.46 169.46 169.46 169.46 169.46 169.46 169.46 169.46 
169.46 169.46 169.46 169.46 169.46 169.46 169.46 169.46 169.46 169.46 
169.46 169.46 169.46 169.46 169.46 169.46 169.46 169.46 169.46 169.46 
169.46 169.46 169.46 169.46 169.46 169.46 169.46 169.46 169.46 169.46 
169.46 169.46 169.46 169.46 169.46 169.46 169.46 169.46 169.46 169.46 
169.46 169.46 169.46 169.46 169.46 32.8728 32.8728 32.8728 32.8728 32.8728 
32.8728 32.8728 32.8728 32.8728 32.8728 32.8728 32.8728 32.8728 32.8728 32.8728 
32.8728 32.8728 32.8728 32.8728 32.8728 32.8728 32.8728 32.8728 32.8728 32.8728 
32.8728 32.8728 32.8728 32.8728 32.8728 32.8728 32.8728 32.8728 32.8728 32.8728 
32.8728 32.8728 32.8728 32.8728 32.8728 32.8728 32.8728 32.8728 32.8728 32.8728 
32.8728 32.8728 32.8728 32.8728 32.8728 32.8728 32.8728 32.8728 32.8728 32.8728 
32.8728 32.8728 32.8728 32.8728 32.8728 1.45707 1.45707 1.45707 1.45707 1.45707 
1.45707 1.45707 1.45707 1.45707 1.45707 1.45707 1.45707 1.45707 1.45707 1.45707 
1.45707 1.45707 1.45707 1.45707 1.45707 1.45707 1.45707 1.45707 1.45707 1.45707 
1.45707 1.45707 1.45707 1.45707 1.45707 1.45707 1.45707 1.45707 1.45707 1.45707 
1.45707 1.45707 1.45707 1.45707 1.45707 1.45707 1.45707 1.45707 1.45707 1.45707 
1.45707 1.45707 1.45707 1.45707 1.45707 1.45707 1.45707 1.45707 1.45707 1.45707 
1.45707 1.45707 1.45707 1.45707 1.45707 169.46 169.46 169.46 169.46 169.46 
169.46 169.46 169.46 169.46 169.46 169.46 169.46 169.46 169.46 169.46 
169.46 169.46 169.46 169.46 169.46 169.46 169.46 169.46 169.46 169.46 
169.46 169.46 169.46 169.46 169.46 169.46 169.46 169.46 169.46 169.46 
169.46 169.46 169.46 169.46 169.46 169.46 169.46 169.46 169.46 169.46 
169.46 169.46 169.46 169.46 169.46 169.46 169.46 169.46 169.46 169.46 
169.46 482.755 482.755 482.755 482.755 482.755 482.755 482.755 482.755 482.755 
482.755 482.755 482.755 482.755 482.755 482.755 482.755 482.755 482.755 482.755 
482.755 482.755 482.755 482.755 482.755 482.755 482.755 482.755 482.755 482.755 
482.755 482.755 482.755 482.755 482.755 482.755 482.755 482.755 482.755 482.755 
482.755 482.755 482.755 482.755 482.755 179.756 179.756 179.756 179.756 179.756 
179.756 179.756 179.756 179.756 179.756 179.756 179.756 179.756 179.756 179.756 
179.756 179.756 179.756 179.756 179.756 179.756 179.756 179.756 179.756 179.756 
179.756 179.756 179.756 179.756 179.756 179.756 179.756 179.756 179.756 179.756 
179.756 179.756 179.756 179.756 179.756 179.756 179.756 179.756 179.756 179.756 
179.756 179.756 179.756 179.756 179.756 179.756 179.756 179.756 179.756 179.756 
179.756 1.45707 1.45707 1.45707 1.45707 1.45707 1.45707 1.45707 1.45707 1.45707 
1.45707 1.45707 1.45707 1.45707 1.45707 1.45707 1.45707 1.45707 1.45707 1.45707 
1.45707 1.45707 1.45707 1.45707 1.45707 1.45707 1.45707 1.45707 1.45707 1.45707 
1.45707 1.45707 1.45707 1.45707 1.45707 1.45707 1.45707 1.45707 1.45707 1.45707 
1.45707 1.45707 1.45707 1.45707 1.45707 1.45707 1.45707 1.45707 1.45707 1.45707 
1.45707 1.45707 1.45707 1.45707 1.45707 1.45707 1.45707 1.45707 1.45707 1.45707 
1.45707 1.42208 1.42208 1.42208 1.42208 1.42208 1.42208 1.42208 1.42208 1.42208 
1.42208 1.42208 1.42208 1.42208 1.42208 1.42208 1.42208 1.42208 1.42208 1.42208 
1.42208 1.42208 1.42208 1.42208 1.42208 1.42208 1.42208 1.42208 1.42208 1.42208 
1.42208 1.42208 1.42208 1.42208 1.42208 1.42208 1.42208 1.42208 1.42208 1.42208 
1.42208 1.42208 1.42208 1.42208 1.42208 1.42208 1.42208 1.42208 1.42208 1.42208 
1.42208 1.42208 1.42208 1.42208 1.42208 1.42208 1.42208 1.42208 1.42208 1.42208 
1.42208 361.32 361.32 361.32 361.32 361.32 361.32 361.32 361.32 361.32 
361.32 361.32 361.32 361.32 361.32 361.32 361.32 361.32 361.32 361.32 
361.32 361.32 361.32 361.32 361.32 361.32 361.32 361.32 361.32 361.32 
361.32 361.32 361.32 361.32 361.32 361.32 361.32 361.32 361.32 361.32 
361.32 361.32 361.32 361.32 361.32 361.32 361.32 361.32 361.32 361.32 
361.32 361.32 361.32 361.32 361.32 361.32 361.32 361.32 361.32 361.32 
361.32 466.819 466.819 466.819 466.819 466.819 466.819 466.819 466.819 466.819 
466.819 466.819 466.819 466.819 466.819 466.819 466.819 466.819 466.819 466.819 
466.819 466.819 466.819 466.819 466.819 466.819 466.819 466.819 466.819 466.819 
466.819 466.819 466.819 466.819 466.819 466.819 466.819 466.819 466.819 466.819 
466.819 466.819 466.819 466.819 466.819 316.212 316.212 316.212 316.212 316.212 
316.212 316.212 316.212 316.212 316.212 316.212 316.212 316.212 316.212 316.212 
316.212 316.212 316.212 316.212 316.212 316.212 316.212 316.212 316.212 316.212 
316.212 316.212 316.212 316.212 316.212 316.212 316.212 316.212 316.212 316.212 
316.212 316.212 316.212 316.212 316.212 316.212 316.212 316.212 316.212 316.212 
316.212 316.212 316.212 316.212 316.212 316.212 316.212 316.212 316.212 316.212 
316.212 316.212 316.212 316.212 316.212 1.45707 1.45707 1.45707 1.45707 1.45707 
1.45707 1.45707 1.45707 1.45707 1.45707 1.45707 1.45707 1.45707 1.45707 1.45707 
1.45707 1.45707 1.45707 1.45707 1.45707 1.45707 1.45707 1.45707 1.45707 1.45707 
1.45707 1.45707 1.45707 1.45707 1.45707 1.45707 1.45707 1.45707 1.45707 1.45707 
1.45707 1.45707 1.45707 1.45707 1.45707 1.45707 1.45707 1.45707 1.45707 1.45707 
1.45707 1.45707 1.45707 1.45707 1.45707 1.45707 1.45707 1.45707 1.45707 1.45707 
1.45707 1.45707 1.45707 1.45707 1.45707 1.18226 1.18226 1.18226 1.18226 1.18226 
1.18226 1.18226 1.18226 1.18226 1.18226 1.18226 1.18226 1.18226 1.18226 1.18226 
1.18226 1.18226 1.18226 1.18226 1.18226 1.18226 1.18226 1.18226 1.18226 1.18226 
1.18226 1.18226 1.18226 1.18226 1.18226 1.18226 1.18226 1.18226 1.18226 1.18226 
1.18226 1.18226 1.18226 1.18226 1.18226 1.18226 1.18226 1.18226 1.18226 1.18226 
1.18226 1.18226 1.18226 1.18226 1.18226 1.18226 1.18226 1.18226 1.18226 1.18226 
1.18226 1.18226 1.18226 1.18226 1.18226 314.791 314.791 314.791 314.791 314.791 
314.791 314.791 314.791 314.791 314.791 314.791 314.791 314.791 314.791 314.791 
314.791 314.791 314.791 314.791 314.791 314.791 314.791 314.791 314.791 314.791 
314.791 314.791 314.791 314.791 314.791 314.791 314.791 314.791 314.791 314.791 
314.791 314.791 314.791 314.791 314.791 314.791 314.791 314.791 314.791 314.791 
314.791 314.791 314.791 314.791 314.791 314.791 314.791 314.791 314.791 314.791 
314.791 314.791 314.791 314.791 314.791 466.823 466.823 466.823 466.823 466.823 
466.823 466.823 466.823 466.823 466.823 466.823 466.823 466.823 466.823 466.823 
466.823 466.823 466.823 466.823 466.823 466.823 466.823 466.823 466.823 466.823 
466.823 466.823 466.823 466.823 466.823 466.823 466.823 466.823 466.823 466.823 
466.823 466.823 466.823 466.823 466.823 466.823 466.823 466.823 466.823 363.764 
363.764 363.764 363.764 363.764 363.764 363.764 363.764 363.764 363.764 363.764 
363.764 363.764 363.764 363.764 363.764 363.764 363.764 363.764 363.764 363.764 
363.764 363.764 363.764 363.764 363.764 363.764 363.764 363.764 363.764 363.764 
363.764 363.764 363.764 363.764 363.764 363.764 363.764 363.764 363.764 363.764 
363.764 363.764 363.764 363.764 363.764 363.764 363.764 363.764 363.764 363.764 
363.764 363.764 363.764 363.764 363.764 363.764 363.764 363.764 363.764 1.64378 
1.64378 1.64378 1.64378 1.64378 1.64378 1.64378 1.64378 1.64378 1.64378 1.64378 
1.64378 1.64378 1.64378 1.64378 1.64378 1.64378 1.64378 1.64378 1.64378 1.64378 
1.64378 1.64378 1.64378 1.64378 1.64378 1.64378 1.64378 1.64378 1.64378 1.64378 
1.64378 1.64378 1.64378 1.64378 1.64378 1.64378 1.64378 1.64378 1.64378 1.64378 
1.64378 1.64378 1.64378 1.64378 1.64378 1.64378 1.64378 1.64378 1.64378 1.64378 
1.64378 1.64378 1.64378 1.64378 1.64378 1.31709 1.31709 1.31709 1.31709 1.31709 
1.31709 1.31709 1.31709 1.31709 1.31709 1.31709 1.31709 1.31709 1.31709 1.31709 
1.31709 1.31709 1.31709 1.31709 1.31709 1.31709 1.31709 1.31709 1.31709 1.31709 
1.31709 1.31709 1.31709 1.31709 1.31709 1.31709 1.31709 1.31709 1.31709 1.31709 
1.31709 1.31709 1.31709 1.31709 1.31709 1.31709 1.31709 1.31709 1.31709 1.31709 
1.31709 1.31709 1.31709 1.31709 1.31709 1.31709 1.31709 1.31709 1.31709 1.31709 
1.31709 1.31709 1.31709 1.31709 1.31709 1.10657 1.10657 1.10657 1.10657 1.10657 
1.10657 1.10657 1.10657 1.10657 1.10657 1.10657 1.10657 1.10657 1.10657 1.10657 
1.10657 1.10657 1.10657 1.10657 1.10657 1.10657 1.10657 1.10657 1.10657 1.10657 
1.10657 1.10657 1.10657 1.10657 1.10657 1.10657 1.10657 1.10657 1.10657 1.10657 
1.10657 1.10657 1.10657 1.10657 1.10657 1.10657 1.10657 1.10657 1.10657 1.10657 
1.10657 1.10657 1.10657 1.10657 1.10657 1.10657 1.10657 1.10657 1.10657 1.10657 
1.10657 2.27427 2.27427 2.27427 2.27427 2.27427 2.27427 2.27427 2.27427 2.27427 
2.27427 2.27427 2.27427 2.27427 2.27427 2.27427 2.27427 2.27427 2.27427 2.27427 
2.27427 2.27427 2.27427 2.27427 2.27427 2.27427 2.27427 2.27427 2.27427 2.27427 
2.27427 2.27427 2.27427 2.27427 2.27427 2.27427 2.27427 2.27427 2.27427 2.27427 
2.27427 2.27427 2.27427 2.27427 2.27427 2.27427 2.27427 2.27427 2.27427 2.27427 
2.27427 2.27427 2.27427 2.27427 2.27427 2.27427 2.27427 1.68638 1.68638 1.68638 
1.68638 1.68638 1.68638 1.68638 1.68638 1.68638 1.68638 1.68638 1.68638 1.68638 
1.68638 1.68638 1.68638 1.68638 1.68638 1.68638 1.68638 1.68638 1.68638 1.68638 
1.68638 1.68638 1.68638 1.68638 1.68638 1.68638 1.68638 1.68638 1.68638 1.68638 
1.68638 1.68638 1.68638 1.68638 1.68638 1.68638 1.68638 1.68638 1.68638 1.68638 
1.68638 1.68638 1.68638 1.68638 1.68638 1.68638 1.68638 1.68638 1.68638 1.68638 
1.68638 1.68638 1.68638 1.89931 1.89931 1.89931 1.89931 1.89931 1.89931 1.89931 
1.89931 1.89931 1.89931 1.89931 1.89931 1.89931 1.89931 1.89931 1.89931 1.89931 
1.89931 1.89931 1.89931 1.89931 1.89931 1.89931 1.89931 1.89931 1.89931 1.89931 
1.89931 1.89931 1.89931 1.89931 1.89931 1.89931 1.89931 1.89931 1.89931 1.89931 
1.89931 1.89931 1.89931 1.89931 1.89931 1.89931 1.89931 1.89931 1.89931 1.89931 
1.89931 1.89931 1.89931 1.89931 1.89931 1.89931 1.89931 1.89931 1.89931 1.42425 
1.42425 1.42425 1.42425 1.42425 1.42425 1.42425 1.42425 1.42425 1.42425 1.42425 
1.42425 1.42425 1.42425 1.42425 1.42425 1.42425 1.42425 1.42425 1.42425 1.42425 
1.42425 1.42425 1.42425 1.42425 1.42425 1.42425 1.42425 1.42425 1.42425 1.42425 
1.42425 1.42425 1.42425 1.42425 1.42425 1.42425 1.42425 1.42425 1.42425 1.42425 
1.42425 1.42425 1.42425 1.42425 1.42425 1.42425 1.42425 1.42425 1.42425 1.42425 
1.42425 1.42425 1.42425 1.42425 1.42425 1.21025 1.21025 1.21025 1.21025 1.21025 
1.21025 1.21025 1.21025 1.21025 1.21025 1.21025 1.21025 1.21025 1.21025 1.21025 
1.21025 1.21025 1.21025 1.21025 1.21025 1.21025 1.21025 1.21025 1.21025 1.21025 
1.21025 1.21025 1.21025 1.21025 1.21025 1.21025 1.21025 1.21025 1.21025 1.21025 
1.21025 1.21025 1.21025 1.21025 1.21025 1.21025 1.21025 1.21025 1.21025 1.21025 
1.21025 1.21025 1.21025 1.21025 1.21025 1.21025 1.21025 1.21025 1.21025 1.21025 
1.21025 1.06572 1.06572 1.06572 1.06572 1.06572 1.06572 1.06572 1.06572 1.06572 
1.06572 1.06572 1.06572 1.06572 1.06572 1.06572 1.06572 1.06572 1.06572 1.06572 
1.06572 1.06572 1.06572 1.06572 1.06572 1.06572 1.06572 1.06572 1.06572 1.06572 
1.06572 1.06572 1.06572 1.06572 1.06572 1.06572 1.06572 1.06572 1.06572 1.06572 
1.06572 1.06572 1.06572 1.06572 1.06572 1.06572 1.06572 1.06572 1.06572 1.06572 
1.06572 1.06572 1.06572 1.06572 1.06572 1.06572 1.06572 1.39735 1.39735 1.39735 
1.39735 1.39735 1.39735 1.39735 1.39735 1.39735 1.39735 1.39735 1.39735 1.39735 
1.39735 1.39735 1.39735 1.39735 1.39735 1.39735 1.39735 1.39735 1.39735 1.39735 
1.39735 1.39735 1.39735 1.39735 1.39735 1.39735 1.39735 1.39735 1.39735 1.39735 
1.39735 1.39735 1.39735 1.39735 1.39735 1.39735 1.39735 1.39735 1.39735 1.39735 
1.39735 1.39735 1.39735 1.39735 1.39735 1.39735 1.39735 1.39735 1.39735 1.39735 
1.39735 1.39735 1.39735 1.07029 1.07029 1.07029 1.07029 1.07029 1.07029 1.07029 
1.07029 1.07029 1.07029 1.07029 1.07029 1.07029 1.07029 1.07029 1.07029 1.07029 
1.07029 1.07029 1.07029 1.07029 1.07029 1.07029 1.07029 1.07029 1.07029 1.07029 
1.07029 1.07029 1.07029 1.07029 1.07029 1.07029 1.07029 1.07029 1.07029 1.07029 
1.07029 1.07029 1.07029 1.07029 1.07029 1.07029 1.07029 1.07029 1.07029 1.07029 
1.07029 1.07029 1.07029 1.07029 1.07029 1.07029 1.07029 1.07029 1.07029 1.50977 
1.50977 1.50977 1.50977 1.50977 1.50977 1.50977 1.50977 1.50977 1.50977 1.50977 
1.50977 1.50977 1.50977 1.50977 1.50977 1.50977 1.50977 1.50977 1.50977 1.50977 
1.50977 1.50977 1.50977 1.50977 1.50977 1.50977 1.50977 1.50977 1.50977 1.50977 
1.50977 1.50977 1.50977 1.50977 1.50977 1.50977 1.50977 1.50977 1.50977 1.50977 
1.50977 1.50977 1.50977 1.50977 1.50977 1.50977 1.50977 1.50977 1.50977 1.50977 
1.50977 1.50977 1.50977 1.50977 1.50977 1.50977 1.50977 1.50977 1.50977 0.736761 
0.736761 0.736761 0.736761 0.736761 0.736761 0.736761 0.736761 0.736761 0.736761 0.736761 
0.736761 0.736761 0.736761 0.736761 0.736761 0.736761 0.736761 0.736761 0.736761 0.736761 
0.736761 0.736761 0.736761 0.736761 0.736761 0.736761 0.736761 0.736761 0.736761 0.736761 
0.736761 0.736761 0.736761 0.736761 0.736761 0.736761 0.736761 0.736761 0.736761 0.736761 
0.736761 0.736761 0.736761 0.736761 0.736761 0.736761 0.736761 0.736761 0.736761 0.736761 
0.736761 0.736761 0.736761 0.736761 0.736761 1.77084 1.77084 1.77084 1.77084 1.77084 
1.77084 1.77084 1.77084 1.77084 1.77084 1.77084 1.77084 1.77084 1.77084 1.77084 
1.77084 1.77084 1.77084 1.77084 1.77084 1.77084 1.77084 1.77084 1.77084 1.77084 
1.77084 1.77084 1.77084 1.77084 1.77084 1.77084 1.77084 1.77084 1.77084 1.77084 
1.77084 1.77084 1.77084 1.77084 1.77084 1.77084 1.77084 1.77084 1.77084 1.77084 
1.77084 1.77084 1.77084 1.77084 1.77084 1.77084 1.77084 1.77084 1.77084 1.77084 
1.77084 0.952009 0.952009 0.952009 0.952009 0.952009 0.952009 0.952009 0.952009 0.952009 
0.952009 0.952009 0.952009 0.952009 0.952009 0.952009 0.952009 0.952009 0.952009 0.952009 
0.952009 0.952009 0.952009 0.952009 0.952009 0.952009 0.952009 0.952009 0.952009 0.952009 
0.952009 0.952009 0.952009 0.952009 0.952009 0.952009 0.952009 0.952009 0.952009 0.952009 
0.952009 0.952009 0.952009 0.952009 0.952009 0.952009 0.952009 0.952009 0.952009 0.952009 
0.952009 0.952009 0.952009 0.952009 0.952009 0.952009 0.952009 1.5508 1.5508 1.5508 
1.5508 1.5508 1.5508 1.5508 1.5508 1.5508 1.5508 1.5508 1.5508 1.5508 
1.5508 1.5508 1.5508 1.5508 1.5508 1.5508 1.5508 1.5508 1.5508 1.5508 
1.5508 1.5508 1.5508 1.5508 1.5508 1.5508 1.5508 1.5508 1.5508 1.5508 
1.5508 1.5508 1.5508 1.5508 1.5508 1.5508 1.5508 1.5508 1.5508 1.5508 
1.5508 1.5508 1.5508 1.5508 1.5508 1.5508 1.5508 1.5508 1.5508 1.5508 
1.5508 1.5508 1.5508 1.06823 1.06823 1.06823 1.06823 1.06823 1.06823 1.06823 
1.06823 1.06823 1.06823 1.06823 1.06823 1.06823 1.06823 1.06823 1.06823 1.06823 
1.06823 1.06823 1.06823 1.06823 1.06823 1.06823 1.06823 1.06823 1.06823 1.06823 
1.06823 1.06823 1.06823 1.06823 1.06823 1.06823 1.06823 1.06823 1.06823 1.06823 
1.06823 1.06823 1.06823 1.06823 1.06823 1.06823 1.06823 1.06823 1.06823 1.06823 
1.06823 1.06823 1.06823 1.06823 1.06823 1.06823 1.06823 1.06823 1.06823 1.61608 
1.61608 1.61608 1.61608 1.61608 1.61608 1.61608 1.61608 1.61608 1.61608 1.61608 
1.61608 1.61608 1.61608 1.61608 1.61608 1.61608 1.61608 1.61608 1.61608 1.61608 
1.61608 1.61608 1.61608 1.61608 1.61608 1.61608 1.61608 1.61608 1.61608 1.61608 
1.61608 1.61608 1.61608 1.61608 1.61608 1.61608 1.61608 1.61608 1.61608 1.61608 
1.61608 1.61608 1.61608 1.61608 1.61608 1.61608 1.61608 1.61608 1.61608 1.61608 
1.61608 1.61608 1.61608 1.61608 1.61608 1.25068 1.25068 1.25068 1.25068 1.25068 
1.25068 1.25068 1.25068 1.25068 1.25068 1.25068 1.25068 1.25068 1.25068 1.25068 
1.25068 1.25068 1.25068 1.25068 1.25068 1.25068 1.25068 1.25068 1.25068 1.25068 
1.25068 1.25068 1.25068 1.25068 1.25068 1.25068 1.25068 1.25068 1.25068 1.25068 
1.25068 1.25068 1.25068 1.25068 1.25068 1.25068 1.25068 1.25068 1.25068 1.25068 
1.25068 1.25068 1.25068 1.25068 1.25068 1.25068 1.25068 1.25068 1.25068 1.25068 
1.25068 2.73886 2.73886 2.73886 2.73886 2.73886 2.73886 2.73886 2.73886 2.73886 
2.73886 2.73886 2.73886 2.73886 2.73886 2.73886 2.73886 2.73886 2.73886 2.73886 
2.73886 2.73886 2.73886 2.73886 2.73886 2.73886 2.73886 2.73886 2.73886 2.73886 
2.73886 2.73886 2.73886 2.73886 2.73886 2.73886 2.73886 2.73886 2.73886 2.73886 
2.73886 2.73886 2.73886 2.73886 2.73886 2.73886 2.73886 2.73886 2.73886 2.73886 
2.73886 2.73886 2.73886 2.73886 2.73886 2.73886 2.73886 2.2238 2.2238 2.2238 
2.2238 2.2238 2.2238 2.2238 2.2238 2.2238 2.2238 2.2238 2.2238 2.2238 
2.2238 2.2238 2.2238 2.2238 2.2238 2.2238 2.2238 2.2238 2.2238 2.2238 
2.2238 2.2238 2.2238 2.2238 2.2238 2.2238 2.2238 2.2238 2.2238 2.2238 
2.2238 2.2238 2.2238 2.2238 2.2238 2.2238 2.2238 2.2238 2.2238 2.2238 
2.2238 2.2238 2.2238 2.2238 2.2238 2.2238 2.2238 2.2238 2.2238 2.2238 
2.2238 2.2238 2.2238 1.73634 1.73634 1.73634 1.73634 1.73634 1.73634 1.73634 
1.73634 1.73634 1.73634 1.73634 1.73634 1.73634 1.73634 1.73634 1.73634 1.73634 
1.73634 1.73634 1.73634 1.73634 1.73634 1.73634 1.73634 1.73634 1.73634 1.73634 
1.73634 1.73634 1.73634 1.73634 1.73634 1.73634 1.73634 1.73634 1.73634 1.73634 
1.73634 1.73634 1.73634 1.73634 1.73634 1.73634 1.73634 1.73634 1.73634 1.73634 
1.73634 1.73634 1.73634 1.73634 1.73634 1.73634 1.73634 1.73634 1.73634 1.14087 
1.14087 1.14087 1.14087 1.14087 1.14087 1.14087 1.14087 1.14087 1.14087 1.14087 
1.14087 1.14087 1.14087 1.14087 1.14087 1.14087 1.14087 1.14087 1.14087 1.14087 
1.14087 1.14087 1.14087 1.14087 1.14087 1.14087 1.14087 1.14087 1.14087 1.14087 
1.14087 1.14087 1.14087 1.14087 1.14087 1.14087 1.14087 1.14087 1.14087 1.14087 
1.14087 1.14087 1.14087 1.14087 1.14087 1.14087 1.14087 1.14087 1.14087 1.14087 
1.14087 1.14087 1.14087 1.14087 1.14087 1.57779 1.57779 1.57779 1.57779 1.57779 
1.57779 1.57779 1.57779 1.57779 1.57779 1.57779 1.57779 1.57779 1.57779 1.57779 
1.57779 1.57779 1.57779 1.57779 1.57779 1.57779 1.57779 1.57779 1.57779 1.57779 
1.57779 1.57779 1.57779 1.57779 1.57779 1.57779 1.57779 1.57779 1.57779 1.57779 
1.57779 1.57779 1.57779 1.57779 1.57779 1.57779 1.57779 1.57779 1.57779 1.57779 
1.57779 1.57779 1.57779 1.57779 1.57779 1.57779 1.57779 1.57779 1.57779 1.57779 
1.57779 1.57779 1.57779 1.57779 1.57779 0.816443 0.816443 0.816443 0.816443 0.816443 
0.816443 0.816443 0.816443 0.816443 0.816443 0.816443 0.816443 0.816443 0.816443 0.816443 
0.816443 0.816443 0.816443 0.816443 0.816443 0.816443 0.816443 0.816443 0.816443 0.816443 
0.816443 0.816443 0.816443 0.816443 0.816443 0.816443 0.816443 0.816443 0.816443 0.816443 
0.816443 0.816443 0.816443 0.816443 0.816443 0.816443 0.816443 0.816443 0.816443 0.816443 
0.816443 0.816443 0.816443 0.816443 0.816443 0.816443 0.816443 0.816443 0.816443 0.816443 
0.816443 1.49892 1.49892 1.49892 1.49892 1.49892 1.49892 1.49892 1.49892 1.49892 
1.49892 1.49892 1.49892 1.49892 1.49892 1.49892 1.49892 1.49892 1.49892 1.49892 
1.49892 1.49892 1.49892 1.49892 1.49892 1.49892 1.49892 1.49892 1.49892 1.49892 
1.49892 1.49892 1.49892 1.49892 1.49892 1.49892 1.49892 1.49892 1.49892 1.49892 
1.49892 1.49892 1.49892 1.49892 1.49892 1.49892 1.49892 1.49892 1.49892 1.49892 
1.49892 1.49892 1.49892 1.49892 1.49892 1.49892 1.49892 1.49892 1.49892 1.49892 
1.49892 0.326324 0.326324 0.326324 0.326324 0.326324 0.326324 0.326324 0.326324 0.326324 
0.326324 0.326324 0.326324 0.326324 0.326324 0.326324 0.326324 0.326324 0.326324 0.326324 
0.326324 0.326324 0.326324 0.326324 0.326324 0.326324 0.326324 0.326324 0.326324 0.326324 
0.326324 0.326324 0.326324 0.326324 0.326324 0.326324 0.326324 0.326324 0.326324 0.326324 
0.326324 0.326324 0.326324 0.326324 0.326324 0.326324 0.326324 0.326324 0.326324 0.326324 
0.326324 0.326324 0.326324 0.326324 0.326324 0.326324 0.326324 1.08616 1.08616 1.08616 
1.08616 1.08616 1.08616 1.08616 1.08616 1.08616 1.08616 1.08616 1.08616 1.08616 
1.08616 1.08616 1.08616 1.08616 1.08616 1.08616 1.08616 1.08616 1.08616 1.08616 
1.08616 1.08616 1.08616 1.08616 1.08616 1.08616 1.08616 1.08616 1.08616 1.08616 
1.08616 1.08616 1.08616 1.08616 1.08616 1.08616 1.08616 1.08616 1.08616 1.08616 
1.08616 1.08616 1.08616 1.08616 1.08616 1.08616 1.08616 1.08616 1.08616 1.08616 
1.08616 1.08616 1.08616 0.644141 0.644141 0.644141 0.644141 0.644141 0.644141 0.644141 
0.644141 0.644141 0.644141 0.644141 0.644141 0.644141 0.644141 0.644141 0.644141 0.644141 
0.644141 0.644141 0.644141 0.644141 0.644141 0.644141 0.644141 0.644141 0.644141 0.644141 
0.644141 0.644141 0.644141 0.644141 0.644141 0.644141 0.644141 0.644141 0.644141 0.644141 
0.644141 0.644141 0.644141 0.644141 0.644141 0.644141 0.644141 0.644141 0.644141 0.644141 
0.644141 0.644141 0.644141 0.644141 0.644141 0.644141 0.644141 0.644141 0.644141 0.930941 
0.930941 0.930941 0.930941 0.930941 0.930941 0.930941 0.930941 0.930941 0.930941 0.930941 
0.930941 0.930941 0.930941 0.930941 0.930941 0.930941 0.930941 0.930941 0.930941 0.930941 
0.930941 0.930941 0.930941 0.930941 0.930941 0.930941 0.930941 0.930941 0.930941 0.930941 
0.930941 0.930941 0.930941 0.930941 0.930941 0.930941 0.930941 0.930941 0.930941 0.930941 
0.930941 0.930941 0.930941 0.930941 0.930941 0.930941 0.930941 0.930941 0.930941 0.930941 
0.930941 0.930941 0.930941 0.930941 0.930941 0.930941 0.930941 0.930941 0.930941 0.779515 
0.779515 0.779515 0.779515 0.779515 0.779515 0.779515 0.779515 0.779515 0.779515 0.779515 
0.779515 0.779515 0.779515 0.779515 0.779515 0.779515 0.779515 0.779515 0.779515 0.779515 
0.779515 0.779515 0.779515 0.779515 0.779515 0.779515 0.779515 0.779515 0.779515 0.779515 
0.779515 0.779515 0.779515 0.779515 0.779515 0.779515 0.779515 0.779515 0.779515 0.779515 
0.779515 0.779515 0.779515 0.779515 0.779515 0.779515 0.779515 0.779515 0.779515 0.779515 
0.779515 0.779515 0.779515 0.779515 0.779515 1.05335 1.05335 1.05335 1.05335 1.05335 
1.05335 1.05335 1.05335 1.05335 1.05335 1.05335 1.05335 1.05335 1.05335 1.05335 
1.05335 1.05335 1.05335 1.05335 1.05335 1.05335 1.05335 1.05335 1.05335 1.05335 
1.05335 1.05335 1.05335 1.05335 1.05335 1.05335 1.05335 1.05335 1.05335 1.05335 
1.05335 1.05335 1.05335 1.05335 1.05335 1.05335 1.05335 1.05335 1.05335 1.05335 
1.05335 1.05335 1.05335 1.05335 1.05335 1.05335 1.05335 1.05335 1.05335 1.05335 
1.05335 1.05335 1.05335 1.05335 1.05335 0.896003 0.896003 0.896003 0.896003 0.896003 
0.896003 0.896003 0.896003 0.896003 0.896003 0.896003 0.896003 0.896003 0.896003 0.896003 
0.896003 0.896003 0.896003 0.896003 0.896003 0.896003 0.896003 0.896003 0.896003 0.896003 
0.896003 0.896003 0.896003 0.896003 0.896003 0.896003 0.896003 0.896003 0.896003 0.896003 
0.896003 0.896003 0.896003 0.896003 0.896003 0.896003 0.896003 0.896003 0.896003 0.896003 
0.896003 0.896003 0.896003 0.896003 0.896003 0.896003 0.896003 0.896003 0.896003 0.896003 
0.896003 1.71162 1.71162 1.71162 1.71162 1.71162 1.71162 1.71162 1.71162 1.71162 
1.71162 1.71162 1.71162 1.71162 1.71162 1.71162 1.71162 1.71162 1.71162 1.71162 
1.71162 1.71162 1.71162 1.71162 1.71162 1.71162 1.71162 1.71162 1.71162 1.71162 
1.71162 1.71162 1.71162 1.71162 1.71162 1.71162 1.71162 1.71162 1.71162 1.71162 
1.71162 1.71162 1.71162 1.71162 1.71162 1.71162 1.71162 1.71162 1.71162 1.71162 
1.71162 1.71162 1.71162 1.71162 1.71162 1.71162 1.71162 2.0924 2.0924 2.0924 
2.0924 2.0924 2.0924 2.0924 2.0924 2.0924 2.0924 2.0924 2.0924 2.0924 
2.0924 2.0924 2.0924 2.0924 2.0924 2.0924 2.0924 2.0924 2.0924 2.0924 
2.0924 2.0924 2.0924 2.0924 2.0924 2.0924 2.0924 2.0924 2.0924 2.0924 
2.0924 2.0924 2.0924 2.0924 2.0924 2.0924 2.0924 2.0924 2.0924 2.0924 
2.0924 2.0924 2.0924 2.0924 2.0924 2.0924 2.0924 2.0924 2.0924 2.0924 
2.0924 2.0924 2.0924 1.33037 1.33037 1.33037 1.33037 1.33037 1.33037 1.33037 
1.33037 1.33037 1.33037 1.33037 1.33037 1.33037 1.33037 1.33037 1.33037 1.33037 
1.33037 1.33037 1.33037 1.33037 1.33037 1.33037 1.33037 1.33037 1.33037 1.33037 
1.33037 1.33037 1.33037 1.33037 1.33037 1.33037 1.33037 1.33037 1.33037 1.33037 
1.33037 1.33037 1.33037 1.33037 1.33037 1.33037 1.33037 1.33037 1.33037 1.33037 
1.33037 1.33037 1.33037 1.33037 1.33037 1.33037 1.33037 1.33037 1.33037 1.27902 
1.27902 1.27902 1.27902 1.27902 1.27902 1.27902 1.27902 1.27902 1.27902 1.27902 
1.27902 1.27902 1.27902 1.27902 1.27902 1.27902 1.27902 1.27902 1.27902 1.27902 
1.27902 1.27902 1.27902 1.27902 1.27902 1.27902 1.27902 1.27902 1.27902 1.27902 
1.27902 1.27902 1.27902 1.27902 1.27902 1.27902 1.27902 1.27902 1.27902 1.27902 
1.27902 1.27902 1.27902 1.27902 1.27902 1.27902 1.27902 1.27902 1.27902 1.27902 
1.27902 1.27902 1.27902 1.27902 1.27902 0.857483 0.857483 0.857483 0.857483 0.857483 
0.857483 0.857483 0.857483 0.857483 0.857483 0.857483 0.857483 0.857483 0.857483 0.857483 
0.857483 0.857483 0.857483 0.857483 0.857483 0.857483 0.857483 0.857483 0.857483 0.857483 
0.857483 0.857483 0.857483 0.857483 0.857483 0.857483 0.857483 0.857483 0.857483 0.857483 
0.857483 0.857483 0.857483 0.857483 0.857483 0.857483 0.857483 0.857483 0.857483 0.857483 
0.857483 0.857483 0.857483 0.857483 0.857483 0.857483 0.857483 0.857483 0.857483 0.857483 
0.857483 0.857483 0.857483 0.857483 0.857483 1.23023 1.23023 1.23023 1.23023 1.23023 
1.23023 1.23023 1.23023 1.23023 1.23023 1.23023 1.23023 1.23023 1.23023 1.23023 
1.23023 1.23023 1.23023 1.23023 1.23023 1.23023 1.23023 1.23023 1.23023 1.23023 
1.23023 1.23023 1.23023 1.23023 1.23023 1.23023 1.23023 1.23023 1.23023 1.23023 
1.23023 1.23023 1.23023 1.23023 1.23023 1.23023 1.23023 1.23023 1.23023 1.23023 
1.23023 1.23023 1.23023 1.23023 1.23023 1.23023 1.23023 1.23023 1.23023 1.23023 
1.23023 SCALARS Friction float 1
LOOKUP_TABLE default
80 80 80 80 80 80 80 80 80 
80 80 80 80 80 80 80 80 80 80 
80 80 80 80 80 80 80 80 80 80 
80 80 80 80 80 80 80 80 80 80 
80 80 80 80 80 80 80 80 80 80 
80 80 80 80 80 80 80 80 80 80 
80 80 80 80 80 80 80 80 80 80 
80 80 80 80 80 80 80 80 80 80 
80 80 80 80 80 80 80 80 80 80 
80 80 80 80 80 80 80 80 80 80 
80 80 80 80 80 80 80 80 80 80 
80 80 80 80 80 80 80 80 80 80 
80 80 80 80 80 80 80 80 80 80 
80 80 80 80 80 80 80 80 80 80 
80 80 80 80 80 80 80 80 80 80 
80 80 80 80 80 80 80 80 80 80 
80 80 80 80 80 80 80 80 80 80 
80 80 80 80 80 80 80 80 80 80 
80 80 80 80 80 80 80 80 80 80 
80 80 80 80 80 80 80 80 80 80 
80 80 80 80 80 80 80 80 80 80 
80 80 80 80 80 80 80 80 80 80 
80 80 80 80 80 80 80 80 80 80 
80 80 80 80 80 80 80 80 80 80 
80 80 80 80 80 80 80 80 80 80 
80 80 80 80 80 80 80 80 80 80 
80 80 80 80 80 80 80 80 80 80 
80 80 80 80 80 80 80 80 80 80 
80 80 80 80 80 80 80 80 80 80 
80 80 80 80 80 80 80 80 80 80 
80 80 80 80 80 80 80 80 80 80 
80 80 80 80 80 80 80 80 80 80 
80 80 80 80 80 80 80 80 80 80 
80 80 80 80 80 80 80 80 80 80 
80 80 80 80 80 80 80 80 80 80 
80 80 80 80 80 80 80 80 80 80 
80 80 80 80 80 80 80 80 80 80 
80 80 80 80 80 80 80 80 80 80 
80 80 80 80 80 80 80 80 80 80 
80 80 80 80 80 80 80 80 80 80 
80 80 80 80 80 80 80 80 80 80 
80 80 80 80 80 80 80 80 80 80 
80 80 80 80 80 80 80 80 80 80 
80 80 80 80 80 80 80 80 80 80 
80 80 80 80 80 80 80 80 80 80 
80 80 80 80 80 80 80 80 80 80 
80 80 80 80 80 80 80 80 80 80 
80 80 80 80 80 80 80 80 80 80 
80 80 80 80 80 80 80 80 80 80 
80 80 80 80 80 80 80 80 80 80 
80 80 80 80 80 80 80 80 80 80 
80 80 80 80 80 80 80 80 80 80 
80 80 80 80 80 80 80 80 80 80 
80 80 80 80 80 80 80 80 80 80 
80 80 80 80 80 80 80 80 80 80 
80 80 80 80 80 80 80 80 80 80 
80 80 80 80 80 80 80 80 80 80 
80 80 80 80 80 80 80 80 80 80 
80 80 80 80 80 80 80 80 80 80 
80 80 80 80 80 80 80 80 80 80 
80 80 80 80 80 80 80 80 80 80 
80 80 80 80 80 80 80 80 80 80 
80 80 80 80 80 80 80 80 80 80 
80 80 80 80 80 80 80 80 80 80 
80 80 80 80 80 80 80 80 80 80 
80 80 80 4.31432 4.31432 4.31432 4.31432 4.31432 4.31432 4.31432 
4.31432 4.31432 4.31432 4.31432 4.31432 4.31432 4.31432 4.31432 4.31432 4.31432 
4.31432 4.31432 4.31432 4.31432 4.31432 4.31432 4.31432 4.31432 4.31432 4.31432 
4.31432 4.31432 4.31432 4.31432 4.31432 4.31432 4.31432 4.31432 4.31432 4.31432 
4.31432 4.31432 4.31432 4.31432 4.31432 4.31432 4.31432 4.31432 4.31432 4.31432 
4.31432 4.31432 4.31432 4.31432 4.31432 4.31432 4.31432 4.31432 4.31432 4.31432 
4.31432 4.31432 4.31432 0.528119 0.528119 0.528119 0.528119 0.528119 0.528119 0.528119 
0.528119 0.528119 0.528119 0.528119 0.528119 0.528119 0.528119 0.528119 0.528119 0.528119 
0.528119 0.528119 0.528119 0.528119 0.528119 0.528119 0.528119 0.528119 0.528119 0.528119 
0.528119 0.528119 0.528119 0.528119 0.528119 0.528119 0.528119 0.528119 0.528119 0.528119 
0.528119 0.528119 0.528119 0.528119 0.528119 0.528119 0.528119 0.528119 0.528119 0.528119 
0.528119 0.528119 0.528119 0.528119 0.528119 0.528119 0.528119 0.528119 0.528119 0.528119 
0.528119 0.528119 0.528119 80 80 80 80 80 80 80 
80 80 80 80 80 80 80 80 80 80 
80 80 80 80 80 80 80 80 80 80 
80 80 80 80 80 80 80 80 80 80 
80 80 80 80 80 80 80 80 80 80 
80 80 80 80 80 80 80 80 80 80 
80 80 80 80 80 80 80 80 80 80 
80 80 80 80 80 80 80 80 80 80 
80 80 80 80 80 80 80 80 80 80 
80 80 80 80 80 80 80 80 80 80 
80 80 80 80 80 80 80 80 80 80 
80 80 80 80 80 4.31432 4.31432 4.31432 4.31432 4.31432 
4.31432 4.31432 4.31432 4.31432 4.31432 4.31432 4.31432 4.31432 4.31432 4.31432 
4.31432 4.31432 4.31432 4.31432 4.31432 4.31432 4.31432 4.31432 4.31432 4.31432 
4.31432 4.31432 4.31432 4.31432 4.31432 4.31432 4.31432 4.31432 4.31432 4.31432 
4.31432 4.31432 4.31432 4.31432 4.31432 4.31432 4.31432 4.31432 4.31432 4.31432 
4.31432 4.31432 4.31432 4.31432 4.31432 4.31432 4.31432 4.31432 4.31432 4.31432 
4.31432 4.31432 4.31432 4.31432 4.31432 0.556754 0.556754 0.556754 0.556754 0.556754 
0.556754 0.556754 0.556754 0.556754 0.556754 0.556754 0.556754 0.556754 0.556754 0.556754 
0.556754 0.556754 0.556754 0.556754 0.556754 0.556754 0.556754 0.556754 0.556754 0.556754 
0.556754 0.556754 0.556754 0.556754 0.556754 0.556754 0.556754 0.556754 0.556754 0.556754 
0.556754 0.556754 0.556754 0.556754 0.556754 0.556754 0.556754 0.556754 0.556754 0.556754 
0.556754 0.556754 0.556754 0.556754 0.556754 0.556754 0.556754 0.556754 0.556754 0.556754 
0.556754 0.556754 0.556754 0.556754 0.556754 80 80 80 80 80 
80 80 80 80 80 80 80 80 80 80 
80 80 80 80 80 80 80 80 80 80 
80 80 80 80 80 80 80 80 80 80 
80 80 80 80 80 80 80 80 80 80 
80 80 80 80 80 80 80 80 80 80 
80 80 80 80 80 80 80 80 80 80 
80 80 80 80 80 80 80 80 80 80 
80 80 80 80 80 80 80 80 80 80 
80 80 80 80 80 80 80 80 80 80 
80 80 80 80 80 80 80 80 80 80 
80 80 80 80 80 80 80 4.31432 4.31432 4.31432 
4.31432 4.31432 4.31432 4.31432 4.31432 4.31432 4.31432 4.31432 4.31432 4.31432 
4.31432 4.31432 4.31432 4.31432 4.31432 4.31432 4.31432 4.31432 4.31432 4.31432 
4.31432 4.31432 4.31432 4.31432 4.31432 4.31432 4.31432 4.31432 4.31432 4.31432 
4.31432 4.31432 4.31432 4.31432 4.31432 4.31432 4.31432 4.31432 4.31432 4.31432 
4.31432 4.31432 4.31432 4.31432 4.31432 4.31432 4.31432 4.31432 4.31432 4.31432 
4.31432 4.31432 4.31432 4.31432 4.31432 4.31432 4.31432 0.72421 0.72421 0.72421 
0.72421 0.72421 0.72421 0.72421 0.72421 0.72421 0.72421 0.72421 0.72421 0.72421 
0.72421 0.72421 0.72421 0.72421 0.72421 0.72421 0.72421 0.72421 0.72421 0.72421 
0.72421 0.72421 0.72421 0.72421 0.72421 0.72421 0.72421 0.72421 0.72421 0.72421 
0.72421 0.72421 0.72421 0.72421 0.72421 0.72421 0.72421 0.72421 0.72421 0.72421 
0.72421 0.72421 0.72421 0.72421 0.72421 0.72421 0.72421 0.72421 0.72421 0.72421 
0.72421 0.72421 0.72421 0.72421 0.72421 0.72421 0.72421 80 80 80 
80 80 80 80 80 80 80 80 80 80 
80 80 80 80 80 80 80 80 80 80 
80 80 80 80 80 80 80 80 80 80 
80 80 80 80 80 80 80 80 80 80 
80 80 80 80 80 80 80 80 80 80 
80 80 80 80 80 80 80 80 80 80 
80 80 80 80 80 80 80 80 80 80 
80 80 80 80 80 80 80 80 80 80 
80 80 80 80 80 80 80 80 80 80 
80 80 80 80 80 80 80 80 80 80 
80 80 80 80 80 80 80 80 80 4.31432 
4.31432 4.31432 4.31432 4.31432 4.31432 4.31432 4.31432 4.31432 4.31432 4.31432 
4.31432 4.31432 4.31432 4.31432 4.31432 4.31432 4.31432 4.31432 4.31432 4.31432 
4.31432 4.31432 4.31432 4.31432 4.31432 4.31432 4.31432 4.31432 4.31432 4.31432 
4.31432 4.31432 4.31432 4.31432 4.31432 4.31432 4.31432 4.31432 4.31432 4.31432 
4.31432 4.31432 4.31432 4.31432 4.31432 4.31432 4.31432 4.31432 4.31432 4.31432 
4.31432 4.31432 4.31432 4.31432 4.31432 4.31432 4.31432 4.31432 4.31432 0.690143 
0.690143 0.690143 0.690143 0.690143 0.690143 0.690143 0.690143 0.690143 0.690143 0.690143 
0.690143 0.690143 0.690143 0.690143 0.690143 0.690143 0.690143 0.690143 0.690143 0.690143 
0.690143 0.690143 0.690143 0.690143 0.690143 0.690143 0.690143 0.690143 0.690143 0.690143 
0.690143 0.690143 0.690143 0.690143 0.690143 0.690143 0.690143 0.690143 0.690143 0.690143 
0.690143 0.690143 0.690143 0.690143 0.690143 0.690143 0.690143 0.690143 0.690143 0.690143 
0.690143 0.690143 0.690143 0.690143 0.690143 0.690143 0.690143 0.690143 0.690143 80 
80 80 80 80 80 80 80 80 80 80 
80 80 80 80 80 80 80 80 80 80 
80 80 80 80 80 80 80 80 80 80 
80 80 80 80 80 80 80 80 80 80 
80 80 80 80 80 80 80 80 80 80 
80 80 80 80 80 80 80 80 80 4.31432 
4.31432 4.31432 4.31432 4.31432 4.31432 4.31432 4.31432 4.31432 4.31432 4.31432 
4.31432 4.31432 4.31432 4.31432 4.31432 4.31432 4.31432 4.31432 4.31432 4.31432 
4.31432 4.31432 4.31432 4.31432 4.31432 4.31432 4.31432 4.31432 4.31432 4.31432 
4.31432 4.31432 4.31432 4.31432 4.31432 4.31432 4.31432 4.31432 4.31432 4.31432 
4.31432 4.31432 4.31432 4.31432 4.31432 4.31432 4.31432 4.31432 4.31432 4.31432 
4.31432 4.31432 4.31432 4.31432 4.31432 4.31432 4.31432 4.31432 4.31432 0.618673 
0.618673 0.618673 0.618673 0.618673 0.618673 0.618673 0.618673 0.618673 0.618673 0.618673 
0.618673 0.618673 0.618673 0.618673 0.618673 0.618673 0.618673 0.618673 0.618673 0.618673 
0.618673 0.618673 0.618673 0.618673 0.618673 0.618673 0.618673 0.618673 0.618673 0.618673 
0.618673 0.618673 0.618673 0.618673 0.618673 0.618673 0.618673 0.618673 0.618673 0.618673 
0.618673 0.618673 0.618673 0.618673 0.618673 0.618673 0.618673 0.618673 0.618673 0.618673 
0.618673 0.618673 0.618673 0.618673 0.618673 0.618673 0.618673 0.618673 0.618673 0.618673 
0.618673 0.618673 0.618673 0.618673 0.618673 0.618673 0.618673 0.618673 0.618673 0.618673 
0.618673 0.618673 0.618673 0.618673 0.618673 0.618673 0.618673 0.618673 0.618673 0.618673 
0.618673 0.618673 0.618673 0.618673 0.618673 0.618673 0.618673 0.618673 0.618673 0.618673 
0.618673 0.618673 0.618673 0.618673 0.618673 0.618673 0.618673 0.618673 0.618673 0.618673 
0.618673 0.618673 0.618673 0.618673 0.618673 0.618673 0.618673 0.618673 0.618673 0.618673 
0.618673 0.618673 0.618673 0.618673 0.618673 0.618673 0.618673 0.618673 0.618673 80 
80 80 80 80 80 80 80 80 80 80 
80 80 80 80 80 80 80 80 80 80 
80 80 80 80 80 80 80 80 80 80 
80 80 80 80 80 80 80 80 80 80 
80 80 80 80 80 80 80 80 80 80 
80 80 80 80 80 80 80 80 80 80 
80 80 80 80 80 80 80 80 80 80 
80 80 80 80 80 80 80 80 80 80 
80 80 80 80 80 80 80 80 80 80 
80 80 80 80 80 80 80 80 80 80 
80 80 80 80 80 80 80 80 80 80 
80 4.31432 4.31432 4.31432 4.31432 4.31432 4.31432 4.31432 4.31432 4.31432 
4.31432 4.31432 4.31432 4.31432 4.31432 4.31432 4.31432 4.31432 4.31432 4.31432 
4.31432 4.31432 4.31432 4.31432 4.31432 4.31432 4.31432 4.31432 4.31432 4.31432 
4.31432 4.31432 4.31432 4.31432 4.31432 4.31432 4.31432 4.31432 4.31432 4.31432 
4.31432 4.31432 4.31432 4.31432 4.31432 4.31432 4.31432 4.31432 4.31432 4.31432 
4.31432 4.31432 4.31432 4.31432 4.31432 4.31432 4.31432 4.31432 4.31432 4.31432 
4.31432 0.562787 0.562787 0.562787 0.562787 0.562787 0.562787 0.562787 0.562787 0.562787 
0.562787 0.562787 0.562787 0.562787 0.562787 0.562787 0.562787 0.562787 0.562787 0.562787 
0.562787 0.562787 0.562787 0.562787 0.562787 0.562787 0.562787 0.562787 0.562787 0.562787 
0.562787 0.562787 0.562787 0.562787 0.562787 0.562787 0.562787 0.562787 0.562787 0.562787 
0.562787 0.562787 0.562787 0.562787 0.562787 0.562787 0.562787 0.562787 0.562787 0.562787 
0.562787 0.562787 0.562787 0.562787 0.562787 0.562787 0.562787 0.562787 0.562787 0.562787 
0.562787 80 80 80 80 80 80 80 80 80 
80 80 80 80 80 80 80 80 80 80 
80 80 80 80 80 80 80 80 80 80 
80 80 80 80 80 80 80 80 80 80 
80 80 80 80 80 80 80 80 80 80 
80 80 80 80 80 80 80 80 80 80 
80 80 80 80 80 80 80 80 80 80 
80 80 80 80 80 80 80 80 80 80 
80 80 80 80 80 80 80 80 80 80 
80 80 80 80 80 80 80 80 80 80 
80 80 80 80 80 80 80 80 80 80 
80 80 80 4.31432 4.31432 4.31432 4.31432 4.31432 4.31432 4.31432 
4.31432 4.31432 4.31432 4.31432 4.31432 4.31432 4.31432 4.31432 4.31432 4.31432 
4.31432 4.31432 4.31432 4.31432 4.31432 4.31432 4.31432 4.31432 4.31432 4.31432 
4.31432 4.31432 4.31432 4.31432 4.31432 4.31432 4.31432 4.31432 4.31432 4.31432 
4.31432 4.31432 4.31432 4.31432 4.31432 4.31432 4.31432 4.31432 4.31432 4.31432 
4.31432 4.31432 4.31432 4.31432 4.31432 4.31432 4.31432 4.31432 4.31432 4.31432 
4.31432 4.31432 4.31432 0.814932 0.814932 0.814932 0.814932 0.814932 0.814932 0.814932 
0.814932 0.814932 0.814932 0.814932 0.814932 0.814932 0.814932 0.814932 0.814932 0.814932 
0.814932 0.814932 0.814932 0.814932 0.814932 0.814932 0.814932 0.814932 0.814932 0.814932 
0.814932 0.814932 0.814932 0.814932 0.814932 0.814932 0.814932 0.814932 0.814932 0.814932 
0.814932 0.814932 0.814932 0.814932 0.814932 0.814932 0.814932 0.814932 0.814932 0.814932 
0.814932 0.814932 0.814932 0.814932 0.814932 0.814932 0.814932 0.814932 0.814932 0.814932 
0.814932 0.814932 0.814932 80 80 80 80 80 80 80 
80 80 80 80 80 80 80 80 80 80 
80 80 80 80 80 80 80 80 80 80 
80 80 80 80 80 80 80 80 80 80 
80 80 80 80 80 80 80 80 80 80 
80 80 80 80 80 80 80 80 80 80 
80 80 80 80 80 80 80 80 80 80 
80 80 80 80 80 80 80 80 80 80 
80 80 80 80 80 80 80 80 80 80 
80 80 80 80 80 80 80 80 80 80 
80 80 80 80 80 80 80 80 80 80 
80 80 80 80 80 4.31432 4.31432 4.31432 4.31432 4.31432 
4.31432 4.31432 4.31432 4.31432 4.31432 4.31432 4.31432 4.31432 4.31432 4.31432 
4.31432 4.31432 4.31432 4.31432 4.31432 4.31432 4.31432 4.31432 4.31432 4.31432 
4.31432 4.31432 4.31432 4.31432 4.31432 4.31432 4.31432 4.31432 4.31432 4.31432 
4.31432 4.31432 4.31432 4.31432 4.31432 4.31432 4.31432 4.31432 4.31432 4.31432 
4.31432 4.31432 4.31432 4.31432 4.31432 4.31432 4.31432 4.31432 4.31432 4.31432 
4.31432 4.31432 4.31432 4.31432 4.31432 0.762986 0.762986 0.762986 0.762986 0.762986 
0.762986 0.762986 0.762986 0.762986 0.762986 0.762986 0.762986 0.762986 0.762986 0.762986 
0.762986 0.762986 0.762986 0.762986 0.762986 0.762986 0.762986 0.762986 0.762986 0.762986 
0.762986 0.762986 0.762986 0.762986 0.762986 0.762986 0.762986 0.762986 0.762986 0.762986 
0.762986 0.762986 0.762986 0.762986 0.762986 0.762986 0.762986 0.762986 0.762986 0.762986 
0.762986 0.762986 0.762986 0.762986 0.762986 0.762986 0.762986 0.762986 0.762986 0.762986 
0.762986 0.762986 0.762986 0.762986 0.762986 80 80 80 80 80 
80 80 80 80 80 80 80 80 80 80 
80 80 80 80 80 80 80 80 80 80 
80 80 80 80 80 80 80 80 80 80 
80 80 80 80 80 80 80 80 80 80 
80 80 80 80 80 80 80 80 80 80 
80 80 80 80 80 80 80 80 80 80 
80 80 80 80 80 80 80 80 80 80 
80 80 80 80 80 80 80 80 80 80 
80 80 80 80 80 80 80 80 80 80 
80 80 80 80 80 80 80 80 80 80 
80 80 80 80 80 80 80 80 80 80 
80 80 80 80 80 80 80 80 80 80 
80 80 80 80 80 80 80 80 80 80 
80 80 80 80 80 80 80 80 80 80 
80 80 80 80 80 80 80 80 80 80 
80 0.591969 0.591969 0.591969 0.591969 0.591969 0.591969 0.591969 0.591969 0.591969 
0.591969 0.591969 0.591969 0.591969 0.591969 0.591969 0.591969 0.591969 0.591969 0.591969 
0.591969 0.591969 0.591969 0.591969 0.591969 0.591969 0.591969 0.591969 0.591969 0.591969 
0.591969 0.591969 0.591969 0.591969 0.591969 0.591969 0.591969 0.591969 0.591969 0.591969 
0.591969 0.591969 0.591969 0.591969 0.591969 0.591969 0.591969 0.591969 0.591969 0.591969 
0.591969 0.591969 0.591969 0.591969 0.591969 0.591969 0.591969 0.591969 0.591969 0.591969 
0.591969 0.591969 0.591969 0.591969 0.591969 0.591969 0.591969 0.591969 0.591969 0.591969 
0.591969 0.591969 0.591969 0.591969 0.591969 0.591969 0.591969 0.591969 0.591969 0.591969 
0.591969 0.591969 0.591969 0.591969 0.591969 0.591969 0.591969 0.591969 0.591969 0.591969 
0.591969 0.591969 0.591969 0.591969 0.591969 0.591969 0.591969 0.591969 0.591969 0.591969 
0.591969 0.591969 0.591969 0.591969 0.591969 0.591969 0.591969 0.591969 0.591969 0.591969 
0.591969 0.591969 0.591969 0.591969 0.591969 0.591969 0.591969 0.591969 0.591969 0.591969 
0.591969 80 80 80 80 80 80 80 80 80 
80 80 80 80 80 80 80 80 80 80 
80 80 80 80 80 80 80 80 80 80 
80 80 80 80 80 80 80 80 80 80 
80 80 80 80 80 80 80 80 80 80 
80 80 80 80 80 80 80 80 80 80 
80 80 80 80 80 80 80 80 80 80 
80 80 80 80 80 80 80 80 80 80 
80 80 80 80 80 80 80 80 80 80 
80 80 80 80 80 80 80 80 80 80 
80 80 80 80 80 80 80 80 80 80 
80 80 80 80 80 80 80 80 80 80 
80 80 80 80 80 80 80 80 80 80 
80 80 80 80 80 80 80 80 80 80 
80 80 80 80 80 80 80 80 80 80 
80 80 80 80 80 80 80 80 80 80 
80 80 80 80 80 0.591969 0.591969 0.591969 0.591969 0.591969 
0.591969 0.591969 0.591969 0.591969 0.591969 0.591969 0.591969 0.591969 0.591969 0.591969 
0.591969 0.591969 0.591969 0.591969 0.591969 0.591969 0.591969 0.591969 0.591969 0.591969 
0.591969 0.591969 0.591969 0.591969 0.591969 0.591969 0.591969 0.591969 0.591969 0.591969 
0.591969 0.591969 0.591969 0.591969 0.591969 0.591969 0.591969 0.591969 0.591969 0.591969 
0.591969 0.591969 0.591969 0.591969 0.591969 0.591969 0.591969 0.591969 0.591969 0.591969 
0.591969 0.591969 0.591969 0.591969 0.591969 0.591969 0.591969 0.591969 0.591969 0.591969 
0.591969 0.591969 0.591969 0.591969 0.591969 0.591969 0.591969 0.591969 0.591969 0.591969 
0.591969 0.591969 0.591969 0.591969 0.591969 0.591969 0.591969 0.591969 0.591969 0.591969 
0.591969 0.591969 0.591969 0.591969 0.591969 0.591969 0.591969 0.591969 0.591969 0.591969 
0.591969 0.591969 0.591969 0.591969 0.591969 0.591969 0.591969 0.591969 0.591969 0.591969 
0.591969 0.591969 0.591969 0.591969 0.591969 0.591969 0.591969 0.591969 0.591969 0.591969 
0.591969 0.591969 0.591969 0.591969 0.591969 80 80 80 80 80 
80 80 80 80 80 80 80 80 80 80 
80 80 80 80 80 80 80 80 80 80 
80 80 80 80 80 80 80 80 80 80 
80 80 80 80 80 80 80 80 80 80 
80 80 80 80 80 80 80 80 80 80 
80 80 80 80 80 80 80 80 80 80 
80 80 80 80 80 80 80 80 80 80 
80 80 80 80 80 80 80 80 80 80 
80 80 80 80 80 80 80 80 80 80 
80 80 80 80 80 80 80 80 80 80 
80 80 80 80 80 80 80 80 80 80 
80 80 80 80 80 80 80 80 80 80 
80 80 80 80 80 80 80 80 80 80 
80 80 80 80 80 80 80 80 80 80 
80 80 80 80 80 80 80 80 80 80 
80 80 80 80 80 80 80 80 80 0.591969 
0.591969 0.591969 0.591969 0.591969 0.591969 0.591969 0.591969 0.591969 0.591969 0.591969 
0.591969 0.591969 0.591969 0.591969 0.591969 0.591969 0.591969 0.591969 0.591969 0.591969 
0.591969 0.591969 0.591969 0.591969 0.591969 0.591969 0.591969 0.591969 0.591969 0.591969 
0.591969 0.591969 0.591969 0.591969 0.591969 0.591969 0.591969 0.591969 0.591969 0.591969 
0.591969 0.591969 0.591969 0.591969 0.591969 0.591969 0.591969 0.591969 0.591969 0.591969 
0.591969 0.591969 0.591969 0.591969 0.591969 0.591969 0.591969 0.591969 0.591969 0.591969 
0.591969 0.591969 0.591969 0.591969 0.591969 0.591969 0.591969 0.591969 0.591969 0.591969 
0.591969 0.591969 0.591969 0.591969 0.591969 0.591969 0.591969 0.591969 0.591969 0.591969 
0.591969 0.591969 0.591969 0.591969 0.591969 0.591969 0.591969 0.591969 0.591969 0.591969 
0.591969 0.591969 0.591969 0.591969 0.591969 0.591969 0.591969 0.591969 0.591969 0.591969 
0.591969 0.591969 0.591969 0.591969 0.591969 0.591969 0.591969 0.591969 0.591969 0.591969 
0.591969 0.591969 0.591969 0.591969 0.591969 0.618673 0.618673 0.618673 0.618673 0.618673 
0.618673 0.618673 0.618673 0.618673 0.618673 0.618673 0.618673 0.618673 0.618673 0.618673 
0.618673 0.618673 0.618673 0.618673 0.618673 0.618673 0.618673 0.618673 0.618673 0.618673 
0.618673 0.618673 0.618673 0.618673 0.618673 0.618673 0.618673 0.618673 0.618673 0.618673 
0.618673 0.618673 0.618673 0.618673 0.618673 0.618673 0.618673 0.618673 0.618673 0.618673 
0.618673 0.618673 0.618673 0.618673 0.618673 0.618673 0.618673 0.618673 0.618673 0.618673 
0.618673 0.591969 0.591969 0.591969 0.591969 0.591969 0.591969 0.591969 0.591969 0.591969 
0.591969 0.591969 0.591969 0.591969 0.591969 0.591969 0.591969 0.591969 0.591969 0.591969 
0.591969 0.591969 0.591969 0.591969 0.591969 0.591969 0.591969 0.591969 0.591969 0.591969 
0.591969 0.591969 0.591969 0.591969 0.591969 0.591969 0.591969 0.591969 0.591969 0.591969 
0.591969 0.591969 0.591969 0.591969 0.591969 0.591969 0.591969 0.591969 0.591969 0.591969 
0.591969 0.591969 0.591969 0.591969 0.591969 0.591969 0.591969 0.698369 0.698369 0.698369 
0.698369 0.698369 0.698369 0.698369 0.698369 0.698369 0.698369 0.698369 0.698369 0.698369 
0.698369 0.698369 0.698369 0.698369 0.698369 0.698369 0.698369 0.698369 0.698369 0.698369 
0.698369 0.698369 0.698369 0.698369 0.698369 0.698369 0.698369 0.698369 0.698369 0.698369 
0.698369 0.698369 0.698369 0.698369 0.698369 0.698369 0.698369 0.698369 0.698369 0.698369 
0.698369 0.698369 0.698369 0.698369 0.698369 0.698369 0.698369 0.698369 0.698369 0.698369 
0.698369 0.698369 0.698369 0.591969 0.591969 0.591969 0.591969 0.591969 0.591969 0.591969 
0.591969 0.591969 0.591969 0.591969 0.591969 0.591969 0.591969 0.591969 0.591969 0.591969 
0.591969 0.591969 0.591969 0.591969 0.591969 0.591969 0.591969 0.591969 0.591969 0.591969 
0.591969 0.591969 0.591969 0.591969 0.591969 0.591969 0.591969 0.591969 0.591969 0.591969 
0.591969 0.591969 0.591969 0.591969 0.591969 0.591969 0.591969 0.591969 0.591969 0.591969 
0.591969 0.591969 0.591969 0.591969 0.591969 0.591969 0.591969 0.591969 0.591969 0.819654 
0.819654 0.819654 0.819654 0.819654 0.819654 0.819654 0.819654 0.819654 0.819654 0.819654 
0.819654 0.819654 0.819654 0.819654 0.819654 0.819654 0.819654 0.819654 0.819654 0.819654 
0.819654 0.819654 0.819654 0.819654 0.819654 0.819654 0.819654 0.819654 0.819654 0.819654 
0.819654 0.819654 0.819654 0.819654 0.819654 0.819654 0.819654 0.819654 0.819654 0.819654 
0.819654 0.819654 0.819654 0.819654 0.819654 0.819654 0.819654 0.819654 0.819654 0.819654 
0.819654 0.819654 0.819654 0.819654 0.819654 0.591969 0.591969 0.591969 0.591969 0.591969 
0.591969 0.591969 0.591969 0.591969 0.591969 0.591969 0.591969 0.591969 0.591969 0.591969 
0.591969 0.591969 0.591969 0.591969 0.591969 0.591969 0.591969 0.591969 0.591969 0.591969 
0.591969 0.591969 0.591969 0.591969 0.591969 0.591969 0.591969 0.591969 0.591969 0.591969 
0.591969 0.591969 0.591969 0.591969 0.591969 0.591969 0.591969 0.591969 0.591969 0.591969 
0.591969 0.591969 0.591969 0.591969 0.591969 0.591969 0.591969 0.591969 0.591969 0.591969 
0.591969 0.528119 0.528119 0.528119 0.528119 0.528119 0.528119 0.528119 0.528119 0.528119 
0.528119 0.528119 0.528119 0.528119 0.528119 0.528119 0.528119 0.528119 0.528119 0.528119 
0.528119 0.528119 0.528119 0.528119 0.528119 0.528119 0.528119 0.528119 0.528119 0.528119 
0.528119 0.528119 0.528119 0.528119 0.528119 0.528119 0.528119 0.528119 0.528119 0.528119 
0.528119 0.528119 0.528119 0.528119 0.528119 0.528119 0.528119 0.528119 0.528119 0.528119 
0.528119 0.528119 0.528119 0.528119 0.528119 0.528119 0.528119 0.591969 0.591969 0.591969 
0.591969 0.591969 0.591969 0.591969 0.591969 0.591969 0.591969 0.591969 0.591969 0.591969 
0.591969 0.591969 0.591969 0.591969 0.591969 0.591969 0.591969 0.591969 0.591969 0.591969 
0.591969 0.591969 0.591969 0.591969 0.591969 0.591969 0.591969 0.591969 0.591969 0.591969 
0.591969 0.591969 0.591969 0.591969 0.591969 0.591969 0.591969 0.591969 0.591969 0.591969 
0.591969 0.591969 0.591969 0.591969 0.591969 0.591969 0.591969 0.591969 0.591969 0.591969 
0.591969 0.591969 0.591969 0.556754 0.556754 0.556754 0.556754 0.556754 0.556754 0.556754 
0.556754 0.556754 0.556754 0.556754 0.556754 0.556754 0.556754 0.556754 0.556754 0.556754 
0.556754 0.556754 0.556754 0.556754 0.556754 0.556754 0.556754 0.556754 0.556754 0.556754 
0.556754 0.556754 0.556754 0.556754 0.556754 0.556754 0.556754 0.556754 0.556754 0.556754 
0.556754 0.556754 0.556754 0.556754 0.556754 0.556754 0.556754 0.556754 0.556754 0.556754 
0.556754 0.556754 0.556754 0.556754 0.556754 0.556754 0.556754 0.556754 0.556754 0.591969 
0.591969 0.591969 0.591969 0.591969 0.591969 0.591969 0.591969 0.591969 0.591969 0.591969 
0.591969 0.591969 0.591969 0.591969 0.591969 0.591969 0.591969 0.591969 0.591969 0.591969 
0.591969 0.591969 0.591969 0.591969 0.591969 0.591969 0.591969 0.591969 0.591969 0.591969 
0.591969 0.591969 0.591969 0.591969 0.591969 0.591969 0.591969 0.591969 0.591969 0.591969 
0.591969 0.591969 0.591969 0.591969 0.591969 0.591969 0.591969 0.591969 0.591969 0.591969 
0.591969 0.591969 0.591969 0.591969 0.591969 0.591969 0.591969 0.591969 0.591969 0.72421 
0.72421 0.72421 0.72421 0.72421 0.72421 0.72421 0.72421 0.72421 0.72421 0.72421 
0.72421 0.72421 0.72421 0.72421 0.72421 0.72421 0.72421 0.72421 0.72421 0.72421 
0.72421 0.72421 0.72421 0.72421 0.72421 0.72421 0.72421 0.72421 0.72421 0.72421 
0.72421 0.72421 0.72421 0.72421 0.72421 0.72421 0.72421 0.72421 0.72421 0.72421 
0.72421 0.72421 0.72421 0.72421 0.72421 0.72421 0.72421 0.72421 0.72421 0.72421 
0.72421 0.72421 0.72421 0.72421 0.72421 0.591969 0.591969 0.591969 0.591969 0.591969 
0.591969 0.591969 0.591969 0.591969 0.591969 0.591969 0.591969 0.591969 0.591969 0.591969 
0.591969 0.591969 0.591969 0.591969 0.591969 0.591969 0.591969 0.591969 0.591969 0.591969 
0.591969 0.591969 0.591969 0.591969 0.591969 0.591969 0.591969 0.591969 0.591969 0.591969 
0.591969 0.591969 0.591969 0.591969 0.591969 0.591969 0.591969 0.591969 0.591969 0.591969 
0.591969 0.591969 0.591969 0.591969 0.591969 0.591969 0.591969 0.591969 0.591969 0.591969 
0.591969 0.690143 0.690143 0.690143 0.690143 0.690143 0.690143 0.690143 0.690143 0.690143 
0.690143 0.690143 0.690143 0.690143 0.690143 0.690143 0.690143 0.690143 0.690143 0.690143 
0.690143 0.690143 0.690143 0.690143 0.690143 0.690143 0.690143 0.690143 0.690143 0.690143 
0.690143 0.690143 0.690143 0.690143 0.690143 0.690143 0.690143 0.690143 0.690143 0.690143 
0.690143 0.690143 0.690143 0.690143 0.690143 0.690143 0.690143 0.690143 0.690143 0.690143 
0.690143 0.690143 0.690143 0.690143 0.690143 0.690143 0.690143 0.591969 0.591969 0.591969 
0.591969 0.591969 0.591969 0.591969 0.591969 0.591969 0.591969 0.591969 0.591969 0.591969 
0.591969 0.591969 0.591969 0.591969 0.591969 0.591969 0.591969 0.591969 0.591969 0.591969 
0.591969 0.591969 0.591969 0.591969 0.591969 0.591969 0.591969 0.591969 0.591969 0.591969 
0.591969 0.591969 0.591969 0.591969 0.591969 0.591969 0.591969 0.591969 0.591969 0.591969 
0.591969 0.591969 0.591969 0.591969 0.591969 0.591969 0.591969 0.591969 0.591969 0.591969 
0.591969 0.591969 0.591969 0.562787 0.562787 0.562787 0.562787 0.562787 0.562787 0.562787 
0.562787 0.562787 0.562787 0.562787 0.562787 0.562787 0.562787 0.562787 0.562787 0.562787 
0.562787 0.562787 0.562787 0.562787 0.562787 0.562787 0.562787 0.562787 0.562787 0.562787 
0.562787 0.562787 0.562787 0.562787 0.562787 0.562787 0.562787 0.562787 0.562787 0.562787 
0.562787 0.562787 0.562787 0.562787 0.562787 0.562787 0.562787 0.562787 0.562787 0.562787 
0.562787 0.562787 0.562787 0.562787 0.562787 0.562787 0.562787 0.562787 0.562787 0.591969 
0.591969 0.591969 0.591969 0.591969 0.591969 0.591969 0.591969 0.591969 0.591969 0.591969 
0.591969 0.591969 0.591969 0.591969 0.591969 0.591969 0.591969 0.591969 0.591969 0.591969 
0.591969 0.591969 0.591969 0.591969 0.591969 0.591969 0.591969 0.591969 0.591969 0.591969 
0.591969 0.591969 0.591969 0.591969 0.591969 0.591969 0.591969 0.591969 0.591969 0.591969 
0.591969 0.591969 0.591969 0.591969 0.591969 0.591969 0.591969 0.591969 0.591969 0.591969 
0.591969 0.591969 0.591969 0.591969 0.591969 0.814932 0.814932 0.814932 0.814932 0.814932 
0.814932 0.814932 0.814932 0.814932 0.814932 0.814932 0.814932 0.814932 0.814932 0.814932 
0.814932 0.814932 0.814932 0.814932 0.814932 0.814932 0.814932 0.814932 0.814932 0.814932 
0.814932 0.814932 0.814932 0.814932 0.814932 0.814932 0.814932 0.814932 0.814932 0.814932 
0.814932 0.814932 0.814932 0.814932 0.814932 0.814932 0.814932 0.814932 0.814932 0.814932 
0.814932 0.814932 0.814932 0.814932 0.814932 0.814932 0.814932 0.814932 0.814932 0.814932 
0.814932 0.591969 0.591969 0.591969 0.591969 0.591969 0.591969 0.591969 0.591969 0.591969 
0.591969 0.591969 0.591969 0.591969 0.591969 0.591969 0.591969 0.591969 0.591969 0.591969 
0.591969 0.591969 0.591969 0.591969 0.591969 0.591969 0.591969 0.591969 0.591969 0.591969 
0.591969 0.591969 0.591969 0.591969 0.591969 0.591969 0.591969 0.591969 0.591969 0.591969 
0.591969 0.591969 0.591969 0.591969 0.591969 0.591969 0.591969 0.591969 0.591969 0.591969 
0.591969 0.591969 0.591969 0.591969 0.591969 0.591969 0.591969 0.762986 0.762986 0.762986 
0.762986 0.762986 0.762986 0.762986 0.762986 0.762986 0.762986 0.762986 0.762986 0.762986 
0.762986 0.762986 0.762986 0.762986 0.762986 0.762986 0.762986 0.762986 0.762986 0.762986 
0.762986 0.762986 0.762986 0.762986 0.762986 0.762986 0.762986 0.762986 0.762986 0.762986 
0.762986 0.762986 0.762986 0.762986 0.762986 0.762986 0.762986 0.762986 0.762986 0.762986 
0.762986 0.762986 0.762986 0.762986 0.762986 0.762986 0.762986 0.762986 0.762986 0.762986 
0.762986 0.762986 0.762986 0.618673 0.618673 0.618673 0.618673 0.618673 0.618673 0.618673 
0.618673 0.618673 0.618673 0.618673 0.618673 0.618673 0.618673 0.618673 0.618673 0.618673 
0.618673 0.618673 0.618673 0.618673 0.618673 0.618673 0.618673 0.618673 0.618673 0.618673 
0.618673 0.618673 0.618673 0.618673 0.618673 0.618673 0.618673 0.618673 0.618673 0.618673 
0.618673 0.618673 0.618673 0.618673 0.618673 0.618673 0.618673 0.618673 0.618673 0.618673 
0.618673 0.618673 0.618673 0.618673 0.618673 0.618673 0.618673 0.618673 0.618673 0.556754 
0.556754 0.556754 0.556754 0.556754 0.556754 0.556754 0.556754 0.556754 0.556754 0.556754 
0.556754 0.556754 0.556754 0.556754 0.556754 0.556754 0.556754 0.556754 0.556754 0.556754 
0.556754 0.556754 0.556754 0.556754 0.556754 0.556754 0.556754 0.556754 0.556754 0.556754 
0.556754 0.556754 0.556754 0.556754 0.556754 0.556754 0.556754 0.556754 0.556754 0.556754 
0.556754 0.556754 0.556754 0.556754 0.556754 0.556754 0.556754 0.556754 0.556754 0.556754 
0.556754 0.556754 0.556754 0.556754 0.556754 0.618673 0.618673 0.618673 0.618673 0.618673 
0.618673 0.618673 0.618673 0.618673 0.618673 0.618673 0.618673 0.618673 0.618673 0.618673 
0.618673 0.618673 0.618673 0.618673 0.618673 0.618673 0.618673 0.618673 0.618673 0.618673 
0.618673 0.618673 0.618673 0.618673 0.618673 0.618673 0.618673 0.618673 0.618673 0.618673 
0.618673 0.618673 0.618673 0.618673 0.618673 0.618673 0.618673 0.618673 0.618673 0.618673 
0.618673 0.618673 0.618673 0.618673 0.618673 0.618673 0.618673 0.618673 0.618673 0.618673 
0.618673 0.618673 0.618673 0.618673 0.618673 0.72421 0.72421 0.72421 0.72421 0.72421 
0.72421 0.72421 0.72421 0.72421 0.72421 0.72421 0.72421 0.72421 0.72421 0.72421 
0.72421 0.72421 0.72421 0.72421 0.72421 0.72421 0.72421 0.72421 0.72421 0.72421 
0.72421 0.72421 0.72421 0.72421 0.72421 0.72421 0.72421 0.72421 0.72421 0.72421 
0.72421 0.72421 0.72421 0.72421 0.72421 0.72421 0.72421 0.72421 0.72421 0.72421 
0.72421 0.72421 0.72421 0.72421 0.72421 0.72421 0.72421 0.72421 0.72421 0.72421 
0.72421 0.618673 0.618673 0.618673 0.618673 0.618673 0.618673 0.618673 0.618673 0.618673 
0.618673 0.618673 0.618673 0.618673 0.618673 0.618673 0.618673 0.618673 0.618673 0.618673 
0.618673 0.618673 0.618673 0.618673 0.618673 0.618673 0.618673 0.618673 0.618673 0.618673 
0.618673 0.618673 0.618673 0.618673 0.618673 0.618673 0.618673 0.618673 0.618673 0.618673 
0.618673 0.618673 0.618673 0.618673 0.618673 0.618673 0.618673 0.618673 0.618673 0.618673 
0.618673 0.618673 0.618673 0.618673 0.618673 0.618673 0.618673 0.618673 0.618673 0.618673 
0.618673 0.690143 0.690143 0.690143 0.690143 0.690143 0.690143 0.690143 0.690143 0.690143 
0.690143 0.690143 0.690143 0.690143 0.690143 0.690143 0.690143 0.690143 0.690143 0.690143 
0.690143 0.690143 0.690143 0.690143 0.690143 0.690143 0.690143 0.690143 0.690143 0.690143 
0.690143 0.690143 0.690143 0.690143 0.690143 0.690143 0.690143 0.690143 0.690143 0.690143 
0.690143 0.690143 0.690143 0.690143 0.690143 0.690143 0.690143 0.690143 0.690143 0.690143 
0.690143 0.690143 0.690143 0.690143 0.690143 0.690143 0.690143 0.618673 0.618673 0.618673 
0.618673 0.618673 0.618673 0.618673 0.618673 0.618673 0.618673 0.618673 0.618673 0.618673 
0.618673 0.618673 0.618673 0.618673 0.618673 0.618673 0.618673 0.618673 0.618673 0.618673 
0.618673 0.618673 0.618673 0.618673 0.618673 0.618673 0.618673 0.618673 0.618673 0.618673 
0.618673 0.618673 0.618673 0.618673 0.618673 0.618673 0.618673 0.618673 0.618673 0.618673 
0.618673 0.618673 0.618673 0.618673 0.618673 0.618673 0.618673 0.618673 0.618673 0.618673 
0.618673 0.618673 0.618673 0.562787 0.562787 0.562787 0.562787 0.562787 0.562787 0.562787 
0.562787 0.562787 0.562787 0.562787 0.562787 0.562787 0.562787 0.562787 0.562787 0.562787 
0.562787 0.562787 0.562787 0.562787 0.562787 0.562787 0.562787 0.562787 0.562787 0.562787 
0.562787 0.562787 0.562787 0.562787 0.562787 0.562787 0.562787 0.562787 0.562787 0.562787 
0.562787 0.562787 0.562787 0.562787 0.562787 0.562787 0.562787 0.562787 0.562787 0.562787 
0.562787 0.562787 0.562787 0.562787 0.562787 0.562787 0.562787 0.562787 0.562787 0.618673 
0.618673 0.618673 0.618673 0.618673 0.618673 0.618673 0.618673 0.618673 0.618673 0.618673 
0.618673 0.618673 0.618673 0.618673 0.618673 0.618673 0.618673 0.618673 0.618673 0.618673 
0.618673 0.618673 0.618673 0.618673 0.618673 0.618673 0.618673 0.618673 0.618673 0.618673 
0.618673 0.618673 0.618673 0.618673 0.618673 0.618673 0.618673 0.618673 0.618673 0.618673 
0.618673 0.618673 0.618673 0.618673 0.618673 0.618673 0.618673 0.618673 0.618673 0.618673 
0.618673 0.618673 0.618673 0.618673 0.618673 0.618673 0.618673 0.618673 0.618673 0.814932 
0.814932 0.814932 0.814932 0.814932 0.814932 0.814932 0.814932 0.814932 0.814932 0.814932 
0.814932 0.814932 0.814932 0.814932 0.814932 0.814932 0.814932 0.814932 0.814932 0.814932 
0.814932 0.814932 0.814932 0.814932 0.814932 0.814932 0.814932 0.814932 0.814932 0.814932 
0.814932 0.814932 0.814932 0.814932 0.814932 0.814932 0.814932 0.814932 0.814932 0.814932 
0.814932 0.814932 0.814932 0.814932 0.814932 0.814932 0.814932 0.814932 0.814932 0.814932 
0.814932 0.814932 0.814932 0.814932 0.814932 0.618673 0.618673 0.618673 0.618673 0.618673 
0.618673 0.618673 0.618673 0.618673 0.618673 0.618673 0.618673 0.618673 0.618673 0.618673 
0.618673 0.618673 0.618673 0.618673 0.618673 0.618673 0.618673 0.618673 0.618673 0.618673 
0.618673 0.618673 0.618673 0.618673 0.618673 0.618673 0.618673 0.618673 0.618673 0.618673 
0.618673 0.618673 0.618673 0.618673 0.618673 0.618673 0.618673 0.618673 0.618673 0.618673 
0.618673 0.618673 0.618673 0.618673 0.618673 0.618673 0.618673 0.618673 0.618673 0.618673 
0.618673 0.618673 0.618673 0.618673 0.618673 0.762986 0.762986 0.762986 0.762986 0.762986 
0.762986 0.762986 0.762986 0.762986 0.762986 0.762986 0.762986 0.762986 0.762986 0.762986 
0.762986 0.762986 0.762986 0.762986 0.762986 0.762986 0.762986 0.762986 0.762986 0.762986 
0.762986 0.762986 0.762986 0.762986 0.762986 0.762986 0.762986 0.762986 0.762986 0.762986 
0.762986 0.762986 0.762986 0.762986 0.762986 0.762986 0.762986 0.762986 0.762986 0.762986 
0.762986 0.762986 0.762986 0.762986 0.762986 0.762986 0.762986 0.762986 0.762986 0.762986 
0.762986 0.762986 0.762986 0.762986 0.762986 0.762986 0.762986 0.762986 0.762986 0.762986 
0.762986 0.762986 0.762986 0.762986 0.762986 0.762986 0.762986 0.762986 0.762986 0.762986 
0.762986 0.762986 0.762986 0.762986 0.762986 0.762986 0.762986 0.762986 0.762986 0.762986 
0.762986 0.762986 0.762986 0.762986 0.762986 0.762986 0.762986 0.762986 0.762986 0.762986 
0.762986 0.762986 0.762986 0.762986 0.762986 0.762986 0.762986 0.762986 0.762986 0.762986 
0.762986 0.762986 0.762986 0.762986 0.762986 0.762986 0.762986 0.806925 0.806925 0.806925 
0.806925 0.806925 0.806925 0.806925 0.806925 0.806925 0.806925 0.806925 0.806925 0.806925 
0.806925 0.806925 0.806925 0.806925 0.806925 0.806925 0.806925 0.806925 0.806925 0.806925 
0.806925 0.806925 0.806925 0.806925 0.806925 0.806925 0.806925 0.806925 0.806925 0.806925 
0.806925 0.806925 0.806925 0.806925 0.806925 0.806925 0.806925 0.806925 0.806925 0.806925 
0.806925 0.806925 0.806925 0.806925 0.806925 0.806925 0.806925 0.806925 0.806925 0.806925 
0.806925 0.806925 0.806925 0.698369 0.698369 0.698369 0.698369 0.698369 0.698369 0.698369 
0.698369 0.698369 0.698369 0.698369 0.698369 0.698369 0.698369 0.698369 0.698369 0.698369 
0.698369 0.698369 0.698369 0.698369 0.698369 0.698369 0.698369 0.698369 0.698369 0.698369 
0.698369 0.698369 0.698369 0.698369 0.698369 0.698369 0.698369 0.698369 0.698369 0.698369 
0.698369 0.698369 0.698369 0.698369 0.698369 0.698369 0.698369 0.698369 0.698369 0.698369 
0.698369 0.698369 0.698369 0.698369 0.698369 0.698369 0.698369 0.698369 0.698369 0.819654 
0.819654 0.819654 0.819654 0.819654 0.819654 0.819654 0.819654 0.819654 0.819654 0.819654 
0.819654 0.819654 0.819654 0.819654 0.819654 0.819654 0.819654 0.819654 0.819654 0.819654 
0.819654 0.819654 0.819654 0.819654 0.819654 0.819654 0.819654 0.819654 0.819654 0.819654 
0.819654 0.819654 0.819654 0.819654 0.819654 0.819654 0.819654 0.819654 0.819654 0.819654 
0.819654 0.819654 0.819654 0.819654 0.819654 0.819654 0.819654 0.819654 0.819654 0.819654 
0.819654 0.819654 0.819654 0.819654 0.819654 0.806925 0.806925 0.806925 0.806925 0.806925 
0.806925 0.806925 0.806925 0.806925 0.806925 0.806925 0.806925 0.806925 0.806925 0.806925 
0.806925 0.806925 0.806925 0.806925 0.806925 0.806925 0.806925 0.806925 0.806925 0.806925 
0.806925 0.806925 0.806925 0.806925 0.806925 0.806925 0.806925 0.806925 0.806925 0.806925 
0.806925 0.806925 0.806925 0.806925 0.806925 0.806925 0.806925 0.806925 0.806925 0.806925 
0.806925 0.806925 0.806925 0.806925 0.806925 0.806925 0.806925 0.806925 0.806925 0.806925 
0.806925 0.806925 0.806925 0.806925 0.806925 0.806925 0.806925 0.806925 0.806925 0.806925 
0.806925 0.806925 0.806925 0.806925 0.806925 0.806925 0.806925 0.806925 0.806925 0.806925 
0.806925 0.806925 0.806925 0.806925 0.806925 0.806925 0.806925 0.806925 0.806925 0.806925 
0.806925 0.806925 0.806925 0.806925 0.806925 0.806925 0.806925 0.806925 0.806925 0.806925 
0.806925 0.806925 0.806925 0.806925 0.806925 0.806925 0.806925 0.806925 0.806925 0.806925 
0.806925 0.806925 0.806925 0.806925 0.806925 0.806925 0.806925 0.806925 0.806925 0.806925 
0.806925 SCALARS ThermRadius_m float 1
LOOKUP_TABLE default
67.6571 67.6571 67.6571 67.6571 67.6571 67.6571 67.6571 67.6571 67.6571 
67.6571 67.6571 67.6571 67.6571 67.6571 67.6571 67.6571 67.6571 67.6571 67.6571 
67.6571 67.6571 67.6571 67.6571 67.6571 67.6571 67.6571 67.6571 67.6571 67.6571 
67.6571 67.6571 67.6571 67.6571 67.6571 67.6571 67.6571 67.6571 67.6571 67.6571 
67.6571 67.6571 67.6571 67.6571 67.6571 67.6571 67.6571 67.6571 67.6571 67.6571 
67.6571 67.6571 67.6571 67.6571 67.6571 67.6571 67.6571 67.6571 67.6571 67.6571 
67.6571 67.6571 67.6571 67.6571 67.6571 67.6571 67.6571 67.6571 67.6571 67.6571 
67.6571 67.6571 67.6571 67.6571 67.6571 67.6571 67.6571 67.6571 67.6571 67.6571 
67.6571 67.6571 67.6571 67.6571 67.6571 67.6571 67.6571 67.6571 67.6571 67.6571 
67.6571 67.6571 67.6571 67.6571 67.6571 67.6571 67.6571 67.6571 67.6571 67.6571 
67.6571 67.6571 67.6571 67.6571 67.6571 67.6571 67.6571 67.6571 67.6571 67.6571 
67.6571 67.6571 67.6571 67.6571 67.6571 67.6571 67.6571 67.6571 67.6571 67.6571 
67.6571 67.6571 67.6571 67.6571 67.6571 67.6571 67.6571 67.6571 67.6571 67.6571 
67.6571 67.6571 67.6571 67.6571 67.6571 67.6571 67.6571 67.6571 67.6571 67.6571 
67.6571 67.6571 67.6571 67.6571 67.6571 67.6571 67.6571 67.6571 67.6571 67.6571 
67.6571 67.6571 67.6571 67.6571 67.6571 67.6571 67.6571 67.6571 67.6571 67.6571 
67.6571 67.6571 67.6571 67.6571 67.6571 67.6571 67.6571 67.6571 67.6571 67.6571 
67.6571 67.6571 67.6571 67.6571 67.6571 67.6571 67.6571 67.6571 67.6571 67.6571 
67.6571 67.6571 67.6571 67.6571 67.6571 67.6571 67.6571 67.6571 67.6571 67.6571 
67.6571 67.6571 67.6571 67.6571 67.6571 67.6571 67.6571 67.6571 67.6571 67.6571 
67.6571 67.6571 67.6571 67.6571 67.6571 67.6571 67.6571 67.6571 67.6571 67.6571 
67.6571 67.6571 67.6571 67.6571 67.6571 67.6571 67.6571 67.6571 67.6571 67.6571 
67.6571 67.6571 67.6571 67.6571 67.6571 67.6571 67.6571 67.6571 67.6571 67.6571 
67.6571 67.6571 67.6571 67.6571 67.6571 67.6571 67.6571 67.6571 67.6571 67.6571 
67.6571 67.6571 67.6571 67.6571 67.6571 67.6571 67.6571 67.6571 67.6571 67.6571 
67.6571 67.6571 67.6571 67.6571 67.6571 67.6571 67.6571 67.6571 67.6571 67.6571 
67.6571 67.6571 67.6571 67.6571 67.6571 67.6571 67.6571 67.6571 67.6571 67.6571 
67.6571 67.6571 67.6571 67.6571 67.6571 67.6571 67.6571 67.6571 67.6571 67.6571 
67.6571 67.6571 67.6571 67.6571 67.6571 67.6571 67.6571 67.6571 67.6571 67.6571 
67.6571 67.6571 67.6571 67.6571 67.6571 67.6571 67.6571 67.6571 67.6571 67.6571 
67.6571 67.6571 67.6571 67.6571 67.6571 67.6571 67.6571 67.6571 67.6571 67.6571 
67.6571 67.6571 67.6571 67.6571 67.6571 67.6571 67.6571 67.6571 67.6571 67.6571 
67.6571 67.6571 67.6571 67.6571 67.6571 67.6571 67.6571 67.6571 67.6571 67.6571 
67.6571 67.6571 67.6571 67.6571 67.6571 67.6571 67.6571 67.6571 67.6571 67.6571 
67.6571 67.6571 67.6571 67.6571 67.6571 67.6571 67.6571 67.6571 67.6571 67.6571 
67.6571 67.6571 67.6571 67.6571 67.6571 67.6571 67.6571 67.6571 67.6571 67.6571 
67.6571 67.6571 67.6571 67.6571 67.6571 67.6571 67.6571 67.6571 67.6571 67.6571 
67.6571 67.6571 67.6571 67.6571 67.6571 67.6571 67.6571 67.6571 67.6571 67.6571 
67.6571 67.6571 67.6571 67.6571 67.6571 67.6571 67.6571 67.6571 67.6571 67.6571 
67.6571 67.6571 67.6571 67.6571 67.6571 67.6571 67.6571 67.6571 67.6571 67.6571 
67.6571 67.6571 67.6571 67.6571 67.6571 67.6571 67.6571 67.6571 67.6571 67.6571 
67.6571 67.6571 67.6571 67.6571 67.6571 67.6571 67.6571 67.6571 67.6571 67.6571 
67.6571 68.5215 68.5215 68.5215 68.5215 68.5215 68.5215 68.5215 68.5215 68.5215 
68.5215 68.5215 68.5215 68.5215 68.5215 68.5215 68.5215 68.5215 68.5215 68.5215 
68.5215 68.5215 68.5215 68.5215 68.5215 68.5215 68.5215 68.5215 68.5215 68.5215 
68.5215 68.5215 68.5215 68.5215 68.5215 68.5215 68.5215 68.5215 68.5215 68.5215 
68.5215 68.5215 68.5215 68.5215 68.5215 72.7954 72.7954 72.7954 72.7954 72.7954 
72.7954 72.7954 72.7954 72.7954 72.7954 72.7954 72.7954 72.7954 72.7954 72.7954 
72.7954 72.7954 72.7954 72.7954 72.7954 72.7954 72.7954 72.7954 72.7954 72.7954 
72.7954 72.7954 72.7954 72.7954 72.7954 72.7954 72.7954 72.7954 72.7954 72.7954 
72.7954 72.7954 72.7954 72.7954 72.7954 72.7954 72.7954 72.7954 72.7954 56.5941 
56.5941 56.5941 56.5941 56.5941 56.5941 56.5941 56.5941 56.5941 56.5941 56.5941 
56.5941 56.5941 56.5941 56.5941 56.5941 56.5941 56.5941 56.5941 56.5941 56.5941 
56.5941 56.5941 56.5941 56.5941 56.5941 56.5941 56.5941 56.5941 56.5941 56.5941 
56.5941 56.5941 56.5941 56.5941 56.5941 56.5941 56.5941 56.5941 56.5941 56.5941 
56.5941 56.5941 56.5941 8.21679 8.21679 8.21679 8.21679 8.21679 8.21679 8.21679 
8.21679 8.21679 8.21679 8.21679 8.21679 8.21679 8.21679 8.21679 8.21679 8.21679 
8.21679 8.21679 8.21679 8.21679 8.21679 8.21679 8.21679 8.21679 8.21679 8.21679 
8.21679 8.21679 8.21679 8.21679 8.21679 8.21679 8.21679 8.21679 8.21679 8.21679 
8.21679 8.21679 8.21679 8.21679 8.21679 8.21679 8.21679 67.6552 67.6552 67.6552 
67.6552 67.6552 67.6552 67.6552 67.6552 67.6552 67.6552 67.6552 67.6552 67.6552 
67.6552 67.6552 67.6552 67.6552 67.6552 67.6552 67.6552 67.6552 67.6552 67.6552 
67.6552 67.6552 67.6552 67.6552 67.6552 67.6552 67.6552 67.6552 67.6552 67.6552 
67.6552 67.6552 67.6552 67.6552 67.6552 67.6552 67.6552 67.6552 67.6552 67.6552 
67.6552 67.6552 67.6552 67.6552 67.6552 67.6552 67.6552 67.6552 67.6552 67.6552 
67.6552 67.6552 67.6552 67.6537 67.6537 67.6537 67.6537 67.6537 67.6537 67.6537 
67.6537 67.6537 67.6537 67.6537 67.6537 67.6537 67.6537 67.6537 67.6537 67.6537 
67.6537 67.6537 67.6537 67.6537 67.6537 67.6537 67.6537 67.6537 67.6537 67.6537 
67.6537 67.6537 67.6537 67.6537 67.6537 67.6537 67.6537 67.6537 67.6537 67.6537 
67.6537 67.6537 67.6537 67.6537 67.6537 67.6537 67.6537 67.6537 67.6537 67.6537 
67.6537 67.6537 67.6537 67.6537 67.6537 67.6537 67.6537 67.6537 67.6537 67.6537 
67.6537 67.6537 67.6537 67.6485 67.6485 67.6485 67.6485 67.6485 67.6485 67.6485 
67.6485 67.6485 67.6485 67.6485 67.6485 67.6485 67.6485 67.6485 67.6485 67.6485 
67.6485 67.6485 67.6485 67.6485 67.6485 67.6485 67.6485 67.6485 67.6485 67.6485 
67.6485 67.6485 67.6485 67.6485 67.6485 67.6485 67.6485 67.6485 67.6485 67.6485 
67.6485 67.6485 67.6485 67.6485 67.6485 67.6485 67.6485 67.6485 67.6485 67.6485 
67.6485 67.6485 67.6485 67.6485 67.6485 67.6485 67.6485 67.6485 67.6485 67.6485 
67.6485 67.6485 67.6485 67.3657 67.3657 67.3657 67.3657 67.3657 67.3657 67.3657 
67.3657 67.3657 67.3657 67.3657 67.3657 67.3657 67.3657 67.3657 67.3657 67.3657 
67.3657 67.3657 67.3657 67.3657 67.3657 67.3657 67.3657 67.3657 67.3657 67.3657 
67.3657 67.3657 67.3657 67.3657 67.3657 67.3657 67.3657 67.3657 67.3657 67.3657 
67.3657 67.3657 67.3657 67.3657 67.3657 67.3657 67.3657 67.3657 67.3657 67.3657 
67.3657 67.3657 67.3657 67.3657 67.3657 67.3657 67.3657 67.3657 67.3657 67.6552 
67.6552 67.6552 67.6552 67.6552 67.6552 67.6552 67.6552 67.6552 67.6552 67.6552 
67.6552 67.6552 67.6552 67.6552 67.6552 67.6552 67.6552 67.6552 67.6552 67.6552 
67.6552 67.6552 67.6552 67.6552 67.6552 67.6552 67.6552 67.6552 67.6552 67.6552 
67.6552 67.6552 67.6552 67.6552 67.6552 67.6552 67.6552 67.6552 67.6552 67.6552 
67.6552 67.6552 67.6552 67.6552 67.6552 67.6552 67.6552 67.6552 67.6552 67.6552 
67.6552 67.6552 67.6552 67.6552 67.6552 67.6537 67.6537 67.6537 67.6537 67.6537 
67.6537 67.6537 67.6537 67.6537 67.6537 67.6537 67.6537 67.6537 67.6537 67.6537 
67.6537 67.6537 67.6537 67.6537 67.6537 67.6537 67.6537 67.6537 67.6537 67.6537 
67.6537 67.6537 67.6537 67.6537 67.6537 67.6537 67.6537 67.6537 67.6537 67.6537 
67.6537 67.6537 67.6537 67.6537 67.6537 67.6537 67.6537 67.6537 67.6537 67.6537 
67.6537 67.6537 67.6537 67.6537 67.6537 67.6537 67.6537 67.6537 67.6537 67.6537 
67.6537 67.6537 67.6537 67.6537 67.6537 67.6485 67.6485 67.6485 67.6485 67.6485 
67.6485 67.6485 67.6485 67.6485 67.6485 67.6485 67.6485 67.6485 67.6485 67.6485 
67.6485 67.6485 67.6485 67.6485 67.6485 67.6485 67.6485 67.6485 67.6485 67.6485 
67.6485 67.6485 67.6485 67.6485 67.6485 67.6485 67.6485 67.6485 67.6485 67.6485 
67.6485 67.6485 67.6485 67.6485 67.6485 67.6485 67.6485 67.6485 67.6485 67.6485 
67.6485 67.6485 67.6485 67.6485 67.6485 67.6485 67.6485 67.6485 67.6485 67.6485 
67.6485 67.6485 67.6485 67.6485 67.6485 67.5218 67.5218 67.5218 67.5218 67.5218 
67.5218 67.5218 67.5218 67.5218 67.5218 67.5218 67.5218 67.5218 67.5218 67.5218 
67.5218 67.5218 67.5218 67.5218 67.5218 67.5218 67.5218 67.5218 67.5218 67.5218 
67.5218 67.5218 67.5218 67.5218 67.5218 67.5218 67.5218 67.5218 67.5218 67.5218 
67.5218 67.5218 67.5218 67.5218 67.5218 67.5218 67.5218 67.5218 67.5218 67.5218 
67.5218 67.5218 67.5218 67.5218 67.5218 67.5218 67.5218 67.5218 67.5218 67.5218 
67.5218 67.6552 67.6552 67.6552 67.6552 67.6552 67.6552 67.6552 67.6552 67.6552 
67.6552 67.6552 67.6552 67.6552 67.6552 67.6552 67.6552 67.6552 67.6552 67.6552 
67.6552 67.6552 67.6552 67.6552 67.6552 67.6552 67.6552 67.6552 67.6552 67.6552 
67.6552 67.6552 67.6552 67.6552 67.6552 67.6552 67.6552 67.6552 67.6552 67.6552 
67.6552 67.6552 67.6552 67.6552 67.6552 67.6552 67.6552 67.6552 67.6552 67.6552 
67.6552 67.6552 67.6552 67.6552 67.6552 67.6552 67.6552 67.6537 67.6537 67.6537 
67.6537 67.6537 67.6537 67.6537 67.6537 67.6537 67.6537 67.6537 67.6537 67.6537 
67.6537 67.6537 67.6537 67.6537 67.6537 67.6537 67.6537 67.6537 67.6537 67.6537 
67.6537 67.6537 67.6537 67.6537 67.6537 67.6537 67.6537 67.6537 67.6537 67.6537 
67.6537 67.6537 67.6537 67.6537 67.6537 67.6537 67.6537 67.6537 67.6537 67.6537 
67.6537 67.6537 67.6537 67.6537 67.6537 67.6537 67.6537 67.6537 67.6537 67.6537 
67.6537 67.6537 67.6537 67.6537 67.6537 67.6537 67.6537 67.6485 67.6485 67.6485 
67.6485 67.6485 67.6485 67.6485 67.6485 67.6485 67.6485 67.6485 67.6485 67.6485 
67.6485 67.6485 67.6485 67.6485 67.6485 67.6485 67.6485 67.6485 67.6485 67.6485 
67.6485 67.6485 67.6485 67.6485 67.6485 67.6485 67.6485 67.6485 67.6485 67.6485 
67.6485 67.6485 67.6485 67.6485 67.6485 67.6485 67.6485 67.6485 67.6485 67.6485 
67.6485 67.6485 67.6485 67.6485 67.6485 67.6485 67.6485 67.6485 67.6485 67.6485 
67.6485 67.6485 67.6485 67.6485 67.6485 67.6485 67.6485 67.4415 67.4415 67.4415 
67.4415 67.4415 67.4415 67.4415 67.4415 67.4415 67.4415 67.4415 67.4415 67.4415 
67.4415 67.4415 67.4415 67.4415 67.4415 67.4415 67.4415 67.4415 67.4415 67.4415 
67.4415 67.4415 67.4415 67.4415 67.4415 67.4415 67.4415 67.4415 67.4415 67.4415 
67.4415 67.4415 67.4415 67.4415 67.4415 67.4415 67.4415 67.4415 67.4415 67.4415 
67.4415 67.4415 67.4415 67.4415 67.4415 67.4415 67.4415 67.4415 67.4415 67.4415 
67.4415 67.4415 67.4415 67.6552 67.6552 67.6552 67.6552 67.6552 67.6552 67.6552 
67.6552 67.6552 67.6552 67.6552 67.6552 67.6552 67.6552 67.6552 67.6552 67.6552 
67.6552 67.6552 67.6552 67.6552 67.6552 67.6552 67.6552 67.6552 67.6552 67.6552 
67.6552 67.6552 67.6552 67.6552 67.6552 67.6552 67.6552 67.6552 67.6552 67.6552 
67.6552 67.6552 67.6552 67.6552 67.6552 67.6552 67.6552 67.6552 67.6552 67.6552 
67.6552 67.6552 67.6552 67.6552 67.6552 67.6552 67.6552 67.6552 67.6552 67.6537 
67.6537 67.6537 67.6537 67.6537 67.6537 67.6537 67.6537 67.6537 67.6537 67.6537 
67.6537 67.6537 67.6537 67.6537 67.6537 67.6537 67.6537 67.6537 67.6537 67.6537 
67.6537 67.6537 67.6537 67.6537 67.6537 67.6537 67.6537 67.6537 67.6537 67.6537 
67.6537 67.6537 67.6537 67.6537 67.6537 67.6537 67.6537 67.6537 67.6537 67.6537 
67.6537 67.6537 67.6537 67.6537 67.6537 67.6537 67.6537 67.6537 67.6537 67.6537 
67.6537 67.6537 67.6537 67.6537 67.6537 67.6537 67.6537 67.6537 67.6537 67.6485 
67.6485 67.6485 67.6485 67.6485 67.6485 67.6485 67.6485 67.6485 67.6485 67.6485 
67.6485 67.6485 67.6485 67.6485 67.6485 67.6485 67.6485 67.6485 67.6485 67.6485 
67.6485 67.6485 67.6485 67.6485 67.6485 67.6485 67.6485 67.6485 67.6485 67.6485 
67.6485 67.6485 67.6485 67.6485 67.6485 67.6485 67.6485 67.6485 67.6485 67.6485 
67.6485 67.6485 67.6485 67.6485 67.6485 67.6485 67.6485 67.6485 67.6485 67.6485 
67.6485 67.6485 67.6485 67.6485 67.6485 67.6485 67.6485 67.6485 67.6485 67.6398 
67.6398 67.6398 67.6398 67.6398 67.6398 67.6398 67.6398 67.6398 67.6398 67.6398 
67.6398 67.6398 67.6398 67.6398 67.6398 67.6398 67.6398 67.6398 67.6398 67.6398 
67.6398 67.6398 67.6398 67.6398 67.6398 67.6398 67.6398 67.6398 67.6398 67.6398 
67.6398 67.6398 67.6398 67.6398 67.6398 67.6398 67.6398 67.6398 67.6398 67.6398 
67.6398 67.6398 67.6398 67.6398 67.6398 67.6398 67.6398 67.6398 67.6398 67.6398 
67.6398 67.6398 67.6398 67.6398 67.6398 67.6398 67.6398 67.6398 67.6398 67.6215 
67.6215 67.6215 67.6215 67.6215 67.6215 67.6215 67.6215 67.6215 67.6215 67.6215 
67.6215 67.6215 67.6215 67.6215 67.6215 67.6215 67.6215 67.6215 67.6215 67.6215 
67.6215 67.6215 67.6215 67.6215 67.6215 67.6215 67.6215 67.6215 67.6215 67.6215 
67.6215 67.6215 67.6215 67.6215 67.6215 67.6215 67.6215 67.6215 67.6215 67.6215 
67.6215 67.6215 67.6215 67.6215 67.6215 67.6215 67.6215 67.6215 67.6215 67.6215 
67.6215 67.6215 67.6215 67.6215 67.6215 67.6215 67.6215 67.6215 67.6215 67.5909 
67.5909 67.5909 67.5909 67.5909 67.5909 67.5909 67.5909 67.5909 67.5909 67.5909 
67.5909 67.5909 67.5909 67.5909 67.5909 67.5909 67.5909 67.5909 67.5909 67.5909 
67.5909 67.5909 67.5909 67.5909 67.5909 67.5909 67.5909 67.5909 67.5909 67.5909 
67.5909 67.5909 67.5909 67.5909 67.5909 67.5909 67.5909 67.5909 67.5909 67.5909 
67.5909 67.5909 67.5909 67.5909 67.5909 67.5909 67.5909 67.5909 67.5909 67.5909 
67.5909 67.5909 67.5909 67.5909 67.5909 67.5909 67.5909 67.5909 67.5909 16.9814 
16.9814 16.9814 16.9814 16.9814 16.9814 16.9814 16.9814 16.9814 16.9814 16.9814 
16.9814 16.9814 16.9814 16.9814 16.9814 16.9814 16.9814 16.9814 16.9814 16.9814 
16.9814 16.9814 16.9814 16.9814 16.9814 16.9814 16.9814 16.9814 16.9814 16.9814 
16.9814 16.9814 16.9814 16.9814 16.9814 16.9814 16.9814 16.9814 16.9814 16.9814 
16.9814 16.9814 16.9814 16.9814 16.9814 16.9814 16.9814 16.9814 16.9814 16.9814 
16.9814 16.9814 16.9814 16.9814 16.9814 16.9814 16.9814 16.9814 16.9814 21.3146 
21.3146 21.3146 21.3146 21.3146 21.3146 21.3146 21.3146 21.3146 21.3146 21.3146 
21.3146 21.3146 21.3146 21.3146 21.3146 21.3146 21.3146 21.3146 21.3146 21.3146 
21.3146 21.3146 21.3146 21.3146 21.3146 21.3146 21.3146 21.3146 21.3146 21.3146 
21.3146 21.3146 21.3146 21.3146 21.3146 21.3146 21.3146 21.3146 21.3146 21.3146 
21.3146 21.3146 21.3146 21.3146 21.3146 21.3146 21.3146 21.3146 21.3146 21.3146 
21.3146 21.3146 21.3146 21.3146 21.3146 67.6552 67.6552 67.6552 67.6552 67.6552 
67.6552 67.6552 67.6552 67.6552 67.6552 67.6552 67.6552 67.6552 67.6552 67.6552 
67.6552 67.6552 67.6552 67.6552 67.6552 67.6552 67.6552 67.6552 67.6552 67.6552 
67.6552 67.6552 67.6552 67.6552 67.6552 67.6552 67.6552 67.6552 67.6552 67.6552 
67.6552 67.6552 67.6552 67.6552 67.6552 67.6552 67.6552 67.6552 67.6552 67.6552 
67.6552 67.6552 67.6552 67.6552 67.6552 67.6552 67.6552 67.6552 67.6552 67.6552 
67.6552 67.6537 67.6537 67.6537 67.6537 67.6537 67.6537 67.6537 67.6537 67.6537 
67.6537 67.6537 67.6537 67.6537 67.6537 67.6537 67.6537 67.6537 67.6537 67.6537 
67.6537 67.6537 67.6537 67.6537 67.6537 67.6537 67.6537 67.6537 67.6537 67.6537 
67.6537 67.6537 67.6537 67.6537 67.6537 67.6537 67.6537 67.6537 67.6537 67.6537 
67.6537 67.6537 67.6537 67.6537 67.6537 67.6537 67.6537 67.6537 67.6537 67.6537 
67.6537 67.6537 67.6537 67.6537 67.6537 67.6537 67.6537 67.6537 67.6537 67.6537 
67.6537 67.6485 67.6485 67.6485 67.6485 67.6485 67.6485 67.6485 67.6485 67.6485 
67.6485 67.6485 67.6485 67.6485 67.6485 67.6485 67.6485 67.6485 67.6485 67.6485 
67.6485 67.6485 67.6485 67.6485 67.6485 67.6485 67.6485 67.6485 67.6485 67.6485 
67.6485 67.6485 67.6485 67.6485 67.6485 67.6485 67.6485 67.6485 67.6485 67.6485 
67.6485 67.6485 67.6485 67.6485 67.6485 67.6485 67.6485 67.6485 67.6485 67.6485 
67.6485 67.6485 67.6485 67.6485 67.6485 67.6485 67.6485 67.6485 67.6485 67.6485 
67.6485 67.4956 67.4956 67.4956 67.4956 67.4956 67.4956 67.4956 67.4956 67.4956 
67.4956 67.4956 67.4956 67.4956 67.4956 67.4956 67.4956 67.4956 67.4956 67.4956 
67.4956 67.4956 67.4956 67.4956 67.4956 67.4956 67.4956 67.4956 67.4956 67.4956 
67.4956 67.4956 67.4956 67.4956 67.4956 67.4956 67.4956 67.4956 67.4956 67.4956 
67.4956 67.4956 67.4956 67.4956 67.4956 67.4956 67.4956 67.4956 67.4956 67.4956 
67.4956 67.4956 67.4956 67.4956 67.4956 67.4956 67.4956 67.6552 67.6552 67.6552 
67.6552 67.6552 67.6552 67.6552 67.6552 67.6552 67.6552 67.6552 67.6552 67.6552 
67.6552 67.6552 67.6552 67.6552 67.6552 67.6552 67.6552 67.6552 67.6552 67.6552 
67.6552 67.6552 67.6552 67.6552 67.6552 67.6552 67.6552 67.6552 67.6552 67.6552 
67.6552 67.6552 67.6552 67.6552 67.6552 67.6552 67.6552 67.6552 67.6552 67.6552 
67.6552 67.6552 67.6552 67.6552 67.6552 67.6552 67.6552 67.6552 67.6552 67.6552 
67.6552 67.6552 67.6552 67.6537 67.6537 67.6537 67.6537 67.6537 67.6537 67.6537 
67.6537 67.6537 67.6537 67.6537 67.6537 67.6537 67.6537 67.6537 67.6537 67.6537 
67.6537 67.6537 67.6537 67.6537 67.6537 67.6537 67.6537 67.6537 67.6537 67.6537 
67.6537 67.6537 67.6537 67.6537 67.6537 67.6537 67.6537 67.6537 67.6537 67.6537 
67.6537 67.6537 67.6537 67.6537 67.6537 67.6537 67.6537 67.6537 67.6537 67.6537 
67.6537 67.6537 67.6537 67.6537 67.6537 67.6537 67.6537 67.6537 67.6537 67.6537 
67.6537 67.6537 67.6537 67.6485 67.6485 67.6485 67.6485 67.6485 67.6485 67.6485 
67.6485 67.6485 67.6485 67.6485 67.6485 67.6485 67.6485 67.6485 67.6485 67.6485 
67.6485 67.6485 67.6485 67.6485 67.6485 67.6485 67.6485 67.6485 67.6485 67.6485 
67.6485 67.6485 67.6485 67.6485 67.6485 67.6485 67.6485 67.6485 67.6485 67.6485 
67.6485 67.6485 67.6485 67.6485 67.6485 67.6485 67.6485 67.6485 67.6485 67.6485 
67.6485 67.6485 67.6485 67.6485 67.6485 67.6485 67.6485 67.6485 67.6485 67.6485 
67.6485 67.6485 67.6485 16.3578 16.3578 16.3578 16.3578 16.3578 16.3578 16.3578 
16.3578 16.3578 16.3578 16.3578 16.3578 16.3578 16.3578 16.3578 16.3578 16.3578 
16.3578 16.3578 16.3578 16.3578 16.3578 16.3578 16.3578 16.3578 16.3578 16.3578 
16.3578 16.3578 16.3578 16.3578 16.3578 16.3578 16.3578 16.3578 16.3578 16.3578 
16.3578 16.3578 16.3578 16.3578 16.3578 16.3578 16.3578 16.3578 16.3578 16.3578 
16.3578 16.3578 16.3578 16.3578 16.3578 16.3578 16.3578 16.3578 16.3578 67.6552 
67.6552 67.6552 67.6552 67.6552 67.6552 67.6552 67.6552 67.6552 67.6552 67.6552 
67.6552 67.6552 67.6552 67.6552 67.6552 67.6552 67.6552 67.6552 67.6552 67.6552 
67.6552 67.6552 67.6552 67.6552 67.6552 67.6552 67.6552 67.6552 67.6552 67.6552 
67.6552 67.6552 67.6552 67.6552 67.6552 67.6552 67.6552 67.6552 67.6552 67.6552 
67.6552 67.6552 67.6552 67.6552 67.6552 67.6552 67.6552 67.6552 67.6552 67.6552 
67.6552 67.6552 67.6552 67.6552 67.6552 67.6537 67.6537 67.6537 67.6537 67.6537 
67.6537 67.6537 67.6537 67.6537 67.6537 67.6537 67.6537 67.6537 67.6537 67.6537 
67.6537 67.6537 67.6537 67.6537 67.6537 67.6537 67.6537 67.6537 67.6537 67.6537 
67.6537 67.6537 67.6537 67.6537 67.6537 67.6537 67.6537 67.6537 67.6537 67.6537 
67.6537 67.6537 67.6537 67.6537 67.6537 67.6537 67.6537 67.6537 67.6537 67.6537 
67.6537 67.6537 67.6537 67.6537 67.6537 67.6537 67.6537 67.6537 67.6537 67.6537 
67.6537 67.6537 67.6537 67.6537 67.6537 67.6485 67.6485 67.6485 67.6485 67.6485 
67.6485 67.6485 67.6485 67.6485 67.6485 67.6485 67.6485 67.6485 67.6485 67.6485 
67.6485 67.6485 67.6485 67.6485 67.6485 67.6485 67.6485 67.6485 67.6485 67.6485 
67.6485 67.6485 67.6485 67.6485 67.6485 67.6485 67.6485 67.6485 67.6485 67.6485 
67.6485 67.6485 67.6485 67.6485 67.6485 67.6485 67.6485 67.6485 67.6485 67.6485 
67.6485 67.6485 67.6485 67.6485 67.6485 67.6485 67.6485 67.6485 67.6485 67.6485 
67.6485 67.6485 67.6485 67.6485 67.6485 16.2307 16.2307 16.2307 16.2307 16.2307 
16.2307 16.2307 16.2307 16.2307 16.2307 16.2307 16.2307 16.2307 16.2307 16.2307 
16.2307 16.2307 16.2307 16.2307 16.2307 16.2307 16.2307 16.2307 16.2307 16.2307 
16.2307 16.2307 16.2307 16.2307 16.2307 16.2307 16.2307 16.2307 16.2307 16.2307 
16.2307 16.2307 16.2307 16.2307 16.2307 16.2307 16.2307 16.2307 16.2307 16.2307 
16.2307 16.2307 16.2307 16.2307 16.2307 16.2307 16.2307 16.2307 16.2307 16.2307 
16.2307 84.5038 84.5038 84.5038 84.5038 84.5038 84.5038 84.5038 84.5038 84.5038 
84.5038 84.5038 84.5038 84.5038 84.5038 84.5038 84.5038 84.5038 84.5038 84.5038 
84.5038 84.5038 84.5038 84.5038 84.5038 84.5038 84.5038 84.5038 84.5038 84.5038 
84.5038 84.5038 84.5038 84.5038 84.5038 84.5038 84.5038 84.5038 84.5038 84.5038 
84.5038 84.5038 84.5038 84.5038 84.5038 24.5595 24.5595 24.5595 24.5595 24.5595 
24.5595 24.5595 24.5595 24.5595 24.5595 24.5595 24.5595 24.5595 24.5595 24.5595 
24.5595 24.5595 24.5595 24.5595 24.5595 24.5595 24.5595 24.5595 24.5595 24.5595 
24.5595 24.5595 24.5595 24.5595 24.5595 24.5595 24.5595 24.5595 24.5595 24.5595 
24.5595 24.5595 24.5595 24.5595 24.5595 24.5595 24.5595 24.5595 24.5595 24.5595 
24.5595 24.5595 24.5595 24.5595 24.5595 24.5595 24.5595 24.5595 24.5595 24.5595 
24.5595 20.635 20.635 20.635 20.635 20.635 20.635 20.635 20.635 20.635 
20.635 20.635 20.635 20.635 20.635 20.635 20.635 20.635 20.635 20.635 
20.635 20.635 20.635 20.635 20.635 20.635 20.635 20.635 20.635 20.635 
20.635 20.635 20.635 20.635 20.635 20.635 20.635 20.635 20.635 20.635 
20.635 20.635 20.635 20.635 20.635 20.635 20.635 20.635 20.635 20.635 
20.635 20.635 20.635 20.635 20.635 20.635 20.635 20.635 20.635 20.635 
20.635 47.1909 47.1909 47.1909 47.1909 47.1909 47.1909 47.1909 47.1909 47.1909 
47.1909 47.1909 47.1909 47.1909 47.1909 47.1909 47.1909 47.1909 47.1909 47.1909 
47.1909 47.1909 47.1909 47.1909 47.1909 47.1909 47.1909 47.1909 47.1909 47.1909 
47.1909 47.1909 47.1909 47.1909 47.1909 47.1909 47.1909 47.1909 47.1909 47.1909 
47.1909 47.1909 47.1909 47.1909 47.1909 47.1909 47.1909 47.1909 47.1909 47.1909 
47.1909 47.1909 47.1909 47.1909 47.1909 47.1909 47.1909 47.1909 47.1909 47.1909 
47.1909 10.1983 10.1983 10.1983 10.1983 10.1983 10.1983 10.1983 10.1983 10.1983 
10.1983 10.1983 10.1983 10.1983 10.1983 10.1983 10.1983 10.1983 10.1983 10.1983 
10.1983 10.1983 10.1983 10.1983 10.1983 10.1983 10.1983 10.1983 10.1983 10.1983 
10.1983 10.1983 10.1983 10.1983 10.1983 10.1983 10.1983 10.1983 10.1983 10.1983 
10.1983 10.1983 10.1983 10.1983 10.1983 10.1983 10.1983 10.1983 10.1983 10.1983 
10.1983 10.1983 10.1983 10.1983 10.1983 10.1983 10.1983 10.1983 10.1983 10.1983 
10.1983 99.5448 99.5448 99.5448 99.5448 99.5448 99.5448 99.5448 99.5448 99.5448 
99.5448 99.5448 99.5448 99.5448 99.5448 99.5448 99.5448 99.5448 99.5448 99.5448 
99.5448 99.5448 99.5448 99.5448 99.5448 99.5448 99.5448 99.5448 99.5448 99.5448 
99.5448 99.5448 99.5448 99.5448 99.5448 99.5448 99.5448 99.5448 99.5448 99.5448 
99.5448 99.5448 99.5448 99.5448 99.5448 44.6797 44.6797 44.6797 44.6797 44.6797 
44.6797 44.6797 44.6797 44.6797 44.6797 44.6797 44.6797 44.6797 44.6797 44.6797 
44.6797 44.6797 44.6797 44.6797 44.6797 44.6797 44.6797 44.6797 44.6797 44.6797 
44.6797 44.6797 44.6797 44.6797 44.6797 44.6797 44.6797 44.6797 44.6797 44.6797 
44.6797 44.6797 44.6797 44.6797 44.6797 44.6797 44.6797 44.6797 44.6797 44.6797 
44.6797 44.6797 44.6797 44.6797 44.6797 44.6797 44.6797 44.6797 44.6797 44.6797 
44.6797 44.6797 44.6797 44.6797 44.6797 39.384 39.384 39.384 39.384 39.384 
39.384 39.384 39.384 39.384 39.384 39.384 39.384 39.384 39.384 39.384 
39.384 39.384 39.384 39.384 39.384 39.384 39.384 39.384 39.384 39.384 
39.384 39.384 39.384 39.384 39.384 39.384 39.384 39.384 39.384 39.384 
39.384 39.384 39.384 39.384 39.384 39.384 39.384 39.384 39.384 39.384 
39.384 39.384 39.384 39.384 39.384 39.384 39.384 39.384 39.384 39.384 
39.384 39.384 39.384 39.384 39.384 50.7943 50.7943 50.7943 50.7943 50.7943 
50.7943 50.7943 50.7943 50.7943 50.7943 50.7943 50.7943 50.7943 50.7943 50.7943 
50.7943 50.7943 50.7943 50.7943 50.7943 50.7943 50.7943 50.7943 50.7943 50.7943 
50.7943 50.7943 50.7943 50.7943 50.7943 50.7943 50.7943 50.7943 50.7943 50.7943 
50.7943 50.7943 50.7943 50.7943 50.7943 50.7943 50.7943 50.7943 50.7943 50.7943 
50.7943 50.7943 50.7943 50.7943 50.7943 50.7943 50.7943 50.7943 50.7943 50.7943 
50.7943 50.7943 50.7943 50.7943 50.7943 29.7404 29.7404 29.7404 29.7404 29.7404 
29.7404 29.7404 29.7404 29.7404 29.7404 29.7404 29.7404 29.7404 29.7404 29.7404 
29.7404 29.7404 29.7404 29.7404 29.7404 29.7404 29.7404 29.7404 29.7404 29.7404 
29.7404 29.7404 29.7404 29.7404 29.7404 29.7404 29.7404 29.7404 29.7404 29.7404 
29.7404 29.7404 29.7404 29.7404 29.7404 29.7404 29.7404 29.7404 29.7404 29.7404 
29.7404 29.7404 29.7404 29.7404 29.7404 29.7404 29.7404 29.7404 29.7404 29.7404 
29.7404 29.7404 29.7404 29.7404 29.7404 13.532 13.532 13.532 13.532 13.532 
13.532 13.532 13.532 13.532 13.532 13.532 13.532 13.532 13.532 13.532 
13.532 13.532 13.532 13.532 13.532 13.532 13.532 13.532 13.532 13.532 
13.532 13.532 13.532 13.532 13.532 13.532 13.532 13.532 13.532 13.532 
13.532 13.532 13.532 13.532 13.532 13.532 13.532 13.532 13.532 18.131 
18.131 18.131 18.131 18.131 18.131 18.131 18.131 18.131 18.131 18.131 
18.131 18.131 18.131 18.131 18.131 18.131 18.131 18.131 18.131 18.131 
18.131 18.131 18.131 18.131 18.131 18.131 18.131 18.131 18.131 18.131 
18.131 18.131 18.131 18.131 18.131 18.131 18.131 18.131 18.131 18.131 
18.131 18.131 18.131 18.131 18.131 18.131 18.131 18.131 18.131 18.131 
18.131 18.131 18.131 18.131 18.131 18.131 18.131 18.131 18.131 57.2484 
57.2484 57.2484 57.2484 57.2484 57.2484 57.2484 57.2484 57.2484 57.2484 57.2484 
57.2484 57.2484 57.2484 57.2484 57.2484 57.2484 57.2484 57.2484 57.2484 57.2484 
57.2484 57.2484 57.2484 57.2484 57.2484 57.2484 57.2484 57.2484 57.2484 57.2484 
57.2484 57.2484 57.2484 57.2484 57.2484 57.2484 57.2484 57.2484 57.2484 57.2484 
57.2484 57.2484 57.2484 57.2484 57.2484 57.2484 57.2484 57.2484 57.2484 57.2484 
57.2484 57.2484 57.2484 57.2484 57.2484 0.0834632 0.0834632 0.0834632 0.0834632 0.0834632 
0.0834632 0.0834632 0.0834632 0.0834632 0.0834632 0.0834632 0.0834632 0.0834632 0.0834632 0.0834632 
0.0834632 0.0834632 0.0834632 0.0834632 0.0834632 0.0834632 0.0834632 0.0834632 0.0834632 0.0834632 
0.0834632 0.0834632 0.0834632 0.0834632 0.0834632 0.0834632 0.0834632 0.0834632 0.0834632 0.0834632 
0.0834632 0.0834632 0.0834632 0.0834632 0.0834632 0.0834632 0.0834632 0.0834632 0.0834632 0.0834632 
0.0834632 0.0834632 0.0834632 0.0834632 0.0834632 0.0834632 0.0834632 0.0834632 0.0834632 0.0834632 
0.0834632 0.0834632 0.0834632 0.0834632 0.0834632 7.74838 7.74838 7.74838 7.74838 7.74838 
7.74838 7.74838 7.74838 7.74838 7.74838 7.74838 7.74838 7.74838 7.74838 7.74838 
7.74838 7.74838 7.74838 7.74838 7.74838 7.74838 7.74838 7.74838 7.74838 7.74838 
7.74838 7.74838 7.74838 7.74838 7.74838 7.74838 7.74838 7.74838 7.74838 7.74838 
7.74838 7.74838 7.74838 7.74838 7.74838 7.74838 7.74838 7.74838 7.74838 7.74838 
7.74838 7.74838 7.74838 7.74838 7.74838 7.74838 7.74838 7.74838 7.74838 7.74838 
7.74838 3.54172 3.54172 3.54172 3.54172 3.54172 3.54172 3.54172 3.54172 3.54172 
3.54172 3.54172 3.54172 3.54172 3.54172 3.54172 3.54172 3.54172 3.54172 3.54172 
3.54172 3.54172 3.54172 3.54172 3.54172 3.54172 3.54172 3.54172 3.54172 3.54172 
3.54172 3.54172 3.54172 3.54172 3.54172 3.54172 3.54172 3.54172 3.54172 3.54172 
3.54172 3.54172 3.54172 3.54172 3.54172 3.54172 3.54172 3.54172 3.54172 3.54172 
3.54172 3.54172 3.54172 3.54172 3.54172 3.54172 3.54172 4.78828 4.78828 4.78828 
4.78828 4.78828 4.78828 4.78828 4.78828 4.78828 4.78828 4.78828 4.78828 4.78828 
4.78828 4.78828 4.78828 4.78828 4.78828 4.78828 4.78828 4.78828 4.78828 4.78828 
4.78828 4.78828 4.78828 4.78828 4.78828 4.78828 4.78828 4.78828 4.78828 4.78828 
4.78828 4.78828 4.78828 4.78828 4.78828 4.78828 4.78828 4.78828 4.78828 4.78828 
4.78828 4.78828 4.78828 4.78828 4.78828 4.78828 4.78828 4.78828 4.78828 4.78828 
4.78828 4.78828 4.78828 2.61066 2.61066 2.61066 2.61066 2.61066 2.61066 2.61066 
2.61066 2.61066 2.61066 2.61066 2.61066 2.61066 2.61066 2.61066 2.61066 2.61066 
2.61066 2.61066 2.61066 2.61066 2.61066 2.61066 2.61066 2.61066 2.61066 2.61066 
2.61066 2.61066 2.61066 2.61066 2.61066 2.61066 2.61066 2.61066 2.61066 2.61066 
2.61066 2.61066 2.61066 2.61066 2.61066 2.61066 2.61066 2.61066 2.61066 2.61066 
2.61066 2.61066 2.61066 2.61066 2.61066 2.61066 2.61066 2.61066 2.61066 0.50384 
0.50384 0.50384 0.50384 0.50384 0.50384 0.50384 0.50384 0.50384 0.50384 0.50384 
0.50384 0.50384 0.50384 0.50384 0.50384 0.50384 0.50384 0.50384 0.50384 0.50384 
0.50384 0.50384 0.50384 0.50384 0.50384 0.50384 0.50384 0.50384 0.50384 0.50384 
0.50384 0.50384 0.50384 0.50384 0.50384 0.50384 0.50384 0.50384 0.50384 0.50384 
0.50384 0.50384 0.50384 0.50384 0.50384 0.50384 0.50384 0.50384 0.50384 0.50384 
0.50384 0.50384 0.50384 0.50384 0.50384 59.6231 59.6231 59.6231 59.6231 59.6231 
59.6231 59.6231 59.6231 59.6231 59.6231 59.6231 59.6231 59.6231 59.6231 59.6231 
59.6231 59.6231 59.6231 59.6231 59.6231 59.6231 59.6231 59.6231 59.6231 59.6231 
59.6231 59.6231 59.6231 59.6231 59.6231 59.6231 59.6231 59.6231 59.6231 59.6231 
59.6231 59.6231 59.6231 59.6231 59.6231 59.6231 59.6231 59.6231 59.6231 59.6231 
59.6231 59.6231 59.6231 59.6231 59.6231 59.6231 59.6231 59.6231 59.6231 59.6231 
59.6231 64.2127 64.2127 64.2127 64.2127 64.2127 64.2127 64.2127 64.2127 64.2127 
64.2127 64.2127 64.2127 64.2127 64.2127 64.2127 64.2127 64.2127 64.2127 64.2127 
64.2127 64.2127 64.2127 64.2127 64.2127 64.2127 64.2127 64.2127 64.2127 64.2127 
64.2127 64.2127 64.2127 64.2127 64.2127 64.2127 64.2127 64.2127 64.2127 64.2127 
64.2127 64.2127 64.2127 64.2127 64.2127 64.2127 64.2127 64.2127 64.2127 64.2127 
64.2127 64.2127 64.2127 64.2127 64.2127 64.2127 64.2127 61.8677 61.8677 61.8677 
61.8677 61.8677 61.8677 61.8677 61.8677 61.8677 61.8677 61.8677 61.8677 61.8677 
61.8677 61.8677 61.8677 61.8677 61.8677 61.8677 61.8677 61.8677 61.8677 61.8677 
61.8677 61.8677 61.8677 61.8677 61.8677 61.8677 61.8677 61.8677 61.8677 61.8677 
61.8677 61.8677 61.8677 61.8677 61.8677 61.8677 61.8677 61.8677 61.8677 61.8677 
61.8677 61.8677 61.8677 61.8677 61.8677 61.8677 61.8677 61.8677 61.8677 61.8677 
61.8677 61.8677 61.8677 66.3247 66.3247 66.3247 66.3247 66.3247 66.3247 66.3247 
66.3247 66.3247 66.3247 66.3247 66.3247 66.3247 66.3247 66.3247 66.3247 66.3247 
66.3247 66.3247 66.3247 66.3247 66.3247 66.3247 66.3247 66.3247 66.3247 66.3247 
66.3247 66.3247 66.3247 66.3247 66.3247 66.3247 66.3247 66.3247 66.3247 66.3247 
66.3247 66.3247 66.3247 66.3247 66.3247 66.3247 66.3247 66.3247 66.3247 66.3247 
66.3247 66.3247 66.3247 66.3247 66.3247 66.3247 66.3247 66.3247 66.3247 62.8196 
62.8196 62.8196 62.8196 62.8196 62.8196 62.8196 62.8196 62.8196 62.8196 62.8196 
62.8196 62.8196 62.8196 62.8196 62.8196 62.8196 62.8196 62.8196 62.8196 62.8196 
62.8196 62.8196 62.8196 62.8196 62.8196 62.8196 62.8196 62.8196 62.8196 62.8196 
62.8196 62.8196 62.8196 62.8196 62.8196 62.8196 62.8196 62.8196 62.8196 62.8196 
62.8196 62.8196 62.8196 62.8196 62.8196 62.8196 62.8196 62.8196 62.8196 62.8196 
62.8196 62.8196 62.8196 62.8196 62.8196 62.8196 62.8196 62.8196 62.8196 67.32 
67.32 67.32 67.32 67.32 67.32 67.32 67.32 67.32 67.32 67.32 
67.32 67.32 67.32 67.32 67.32 67.32 67.32 67.32 67.32 67.32 
67.32 67.32 67.32 67.32 67.32 67.32 67.32 67.32 67.32 67.32 
67.32 67.32 67.32 67.32 67.32 67.32 67.32 67.32 67.32 67.32 
67.32 67.32 67.32 67.32 67.32 67.32 67.32 67.32 67.32 67.32 
67.32 67.32 67.32 67.32 67.32 62.6918 62.6918 62.6918 62.6918 62.6918 
62.6918 62.6918 62.6918 62.6918 62.6918 62.6918 62.6918 62.6918 62.6918 62.6918 
62.6918 62.6918 62.6918 62.6918 62.6918 62.6918 62.6918 62.6918 62.6918 62.6918 
62.6918 62.6918 62.6918 62.6918 62.6918 62.6918 62.6918 62.6918 62.6918 62.6918 
62.6918 62.6918 62.6918 62.6918 62.6918 62.6918 62.6918 62.6918 62.6918 62.6918 
62.6918 62.6918 62.6918 62.6918 62.6918 62.6918 62.6918 62.6918 62.6918 62.6918 
62.6918 67.2328 67.2328 67.2328 67.2328 67.2328 67.2328 67.2328 67.2328 67.2328 
67.2328 67.2328 67.2328 67.2328 67.2328 67.2328 67.2328 67.2328 67.2328 67.2328 
67.2328 67.2328 67.2328 67.2328 67.2328 67.2328 67.2328 67.2328 67.2328 67.2328 
67.2328 67.2328 67.2328 67.2328 67.2328 67.2328 67.2328 67.2328 67.2328 67.2328 
67.2328 67.2328 67.2328 67.2328 67.2328 67.2328 67.2328 67.2328 67.2328 67.2328 
67.2328 67.2328 67.2328 67.2328 67.2328 67.2328 67.2328 61.1714 61.1714 61.1714 
61.1714 61.1714 61.1714 61.1714 61.1714 61.1714 61.1714 61.1714 61.1714 61.1714 
61.1714 61.1714 61.1714 61.1714 61.1714 61.1714 61.1714 61.1714 61.1714 61.1714 
61.1714 61.1714 61.1714 61.1714 61.1714 61.1714 61.1714 61.1714 61.1714 61.1714 
61.1714 61.1714 61.1714 61.1714 61.1714 61.1714 61.1714 61.1714 61.1714 61.1714 
61.1714 61.1714 61.1714 61.1714 61.1714 61.1714 61.1714 61.1714 61.1714 61.1714 
61.1714 61.1714 61.1714 65.8191 65.8191 65.8191 65.8191 65.8191 65.8191 65.8191 
65.8191 65.8191 65.8191 65.8191 65.8191 65.8191 65.8191 65.8191 65.8191 65.8191 
65.8191 65.8191 65.8191 65.8191 65.8191 65.8191 65.8191 65.8191 65.8191 65.8191 
65.8191 65.8191 65.8191 65.8191 65.8191 65.8191 65.8191 65.8191 65.8191 65.8191 
65.8191 65.8191 65.8191 65.8191 65.8191 65.8191 65.8191 65.8191 65.8191 65.8191 
65.8191 65.8191 65.8191 65.8191 65.8191 65.8191 65.8191 65.8191 65.8191 59.863 
59.863 59.863 59.863 59.863 59.863 59.863 59.863 59.863 59.863 59.863 
59.863 59.863 59.863 59.863 59.863 59.863 59.863 59.863 59.863 59.863 
59.863 59.863 59.863 59.863 59.863 59.863 59.863 59.863 59.863 59.863 
59.863 59.863 59.863 59.863 59.863 59.863 59.863 59.863 59.863 59.863 
59.863 59.863 59.863 59.863 59.863 59.863 59.863 59.863 59.863 59.863 
59.863 59.863 59.863 59.863 59.863 64.7616 64.7616 64.7616 64.7616 64.7616 
64.7616 64.7616 64.7616 64.7616 64.7616 64.7616 64.7616 64.7616 64.7616 64.7616 
64.7616 64.7616 64.7616 64.7616 64.7616 64.7616 64.7616 64.7616 64.7616 64.7616 
64.7616 64.7616 64.7616 64.7616 64.7616 64.7616 64.7616 64.7616 64.7616 64.7616 
64.7616 64.7616 64.7616 64.7616 64.7616 64.7616 64.7616 64.7616 64.7616 64.7616 
64.7616 64.7616 64.7616 64.7616 64.7616 64.7616 64.7616 64.7616 64.7616 64.7616 
64.7616 61.7282 61.7282 61.7282 61.7282 61.7282 61.7282 61.7282 61.7282 61.7282 
61.7282 61.7282 61.7282 61.7282 61.7282 61.7282 61.7282 61.7282 61.7282 61.7282 
61.7282 61.7282 61.7282 61.7282 61.7282 61.7282 61.7282 61.7282 61.7282 61.7282 
61.7282 61.7282 61.7282 61.7282 61.7282 61.7282 61.7282 61.7282 61.7282 61.7282 
61.7282 61.7282 61.7282 61.7282 61.7282 61.7282 61.7282 61.7282 61.7282 61.7282 
61.7282 61.7282 61.7282 61.7282 61.7282 61.7282 61.7282 66.4828 66.4828 66.4828 
66.4828 66.4828 66.4828 66.4828 66.4828 66.4828 66.4828 66.4828 66.4828 66.4828 
66.4828 66.4828 66.4828 66.4828 66.4828 66.4828 66.4828 66.4828 66.4828 66.4828 
66.4828 66.4828 66.4828 66.4828 66.4828 66.4828 66.4828 66.4828 66.4828 66.4828 
66.4828 66.4828 66.4828 66.4828 66.4828 66.4828 66.4828 66.4828 66.4828 66.4828 
66.4828 66.4828 66.4828 66.4828 66.4828 66.4828 66.4828 66.4828 66.4828 66.4828 
66.4828 66.4828 66.4828 2.03743 2.03743 2.03743 2.03743 2.03743 2.03743 2.03743 
2.03743 2.03743 2.03743 2.03743 2.03743 2.03743 2.03743 2.03743 2.03743 2.03743 
2.03743 2.03743 2.03743 2.03743 2.03743 2.03743 2.03743 2.03743 2.03743 2.03743 
2.03743 2.03743 2.03743 2.03743 2.03743 2.03743 2.03743 2.03743 2.03743 2.03743 
2.03743 2.03743 2.03743 2.03743 2.03743 2.03743 2.03743 2.03743 2.03743 2.03743 
2.03743 2.03743 2.03743 2.03743 2.03743 2.03743 2.03743 2.03743 2.03743 0.151261 
0.151261 0.151261 0.151261 0.151261 0.151261 0.151261 0.151261 0.151261 0.151261 0.151261 
0.151261 0.151261 0.151261 0.151261 0.151261 0.151261 0.151261 0.151261 0.151261 0.151261 
0.151261 0.151261 0.151261 0.151261 0.151261 0.151261 0.151261 0.151261 0.151261 0.151261 
0.151261 0.151261 0.151261 0.151261 0.151261 0.151261 0.151261 0.151261 0.151261 0.151261 
0.151261 0.151261 0.151261 0.151261 0.151261 0.151261 0.151261 0.151261 0.151261 0.151261 
0.151261 0.151261 0.151261 0.151261 0.151261 3.5894 3.5894 3.5894 3.5894 3.5894 
3.5894 3.5894 3.5894 3.5894 3.5894 3.5894 3.5894 3.5894 3.5894 3.5894 
3.5894 3.5894 3.5894 3.5894 3.5894 3.5894 3.5894 3.5894 3.5894 3.5894 
3.5894 3.5894 3.5894 3.5894 3.5894 3.5894 3.5894 3.5894 3.5894 3.5894 
3.5894 3.5894 3.5894 3.5894 3.5894 3.5894 3.5894 3.5894 3.5894 3.5894 
3.5894 3.5894 3.5894 3.5894 3.5894 3.5894 3.5894 3.5894 3.5894 3.5894 
3.5894 3.5894 3.5894 3.5894 3.5894 0.443067 0.443067 0.443067 0.443067 0.443067 
0.443067 0.443067 0.443067 0.443067 0.443067 0.443067 0.443067 0.443067 0.443067 0.443067 
0.443067 0.443067 0.443067 0.443067 0.443067 0.443067 0.443067 0.443067 0.443067 0.443067 
0.443067 0.443067 0.443067 0.443067 0.443067 0.443067 0.443067 0.443067 0.443067 0.443067 
0.443067 0.443067 0.443067 0.443067 0.443067 0.443067 0.443067 0.443067 0.443067 0.443067 
0.443067 0.443067 0.443067 0.443067 0.443067 0.443067 0.443067 0.443067 0.443067 0.443067 
0.443067 0.500248 0.500248 0.500248 0.500248 0.500248 0.500248 0.500248 0.500248 0.500248 
0.500248 0.500248 0.500248 0.500248 0.500248 0.500248 0.500248 0.500248 0.500248 0.500248 
0.500248 0.500248 0.500248 0.500248 0.500248 0.500248 0.500248 0.500248 0.500248 0.500248 
0.500248 0.500248 0.500248 0.500248 0.500248 0.500248 0.500248 0.500248 0.500248 0.500248 
0.500248 0.500248 0.500248 0.500248 0.500248 0.500248 0.500248 0.500248 0.500248 0.500248 
0.500248 0.500248 0.500248 0.500248 0.500248 0.500248 0.500248 0.500248 0.500248 0.500248 
0.500248 0.0701567 0.0701567 0.0701567 0.0701567 0.0701567 0.0701567 0.0701567 0.0701567 0.0701567 
0.0701567 0.0701567 0.0701567 0.0701567 0.0701567 0.0701567 0.0701567 0.0701567 0.0701567 0.0701567 
0.0701567 0.0701567 0.0701567 0.0701567 0.0701567 0.0701567 0.0701567 0.0701567 0.0701567 0.0701567 
0.0701567 0.0701567 0.0701567 0.0701567 0.0701567 0.0701567 0.0701567 0.0701567 0.0701567 0.0701567 
0.0701567 0.0701567 0.0701567 0.0701567 0.0701567 0.0701567 0.0701567 0.0701567 0.0701567 0.0701567 
0.0701567 0.0701567 0.0701567 0.0701567 0.0701567 0.0701567 0.0701567 2.39743 2.39743 2.39743 
2.39743 2.39743 2.39743 2.39743 2.39743 2.39743 2.39743 2.39743 2.39743 2.39743 
2.39743 2.39743 2.39743 2.39743 2.39743 2.39743 2.39743 2.39743 2.39743 2.39743 
2.39743 2.39743 2.39743 2.39743 2.39743 2.39743 2.39743 2.39743 2.39743 2.39743 
2.39743 2.39743 2.39743 2.39743 2.39743 2.39743 2.39743 2.39743 2.39743 2.39743 
2.39743 2.39743 2.39743 2.39743 2.39743 2.39743 2.39743 2.39743 2.39743 2.39743 
2.39743 2.39743 2.39743 0.498971 0.498971 0.498971 0.498971 0.498971 0.498971 0.498971 
0.498971 0.498971 0.498971 0.498971 0.498971 0.498971 0.498971 0.498971 0.498971 0.498971 
0.498971 0.498971 0.498971 0.498971 0.498971 0.498971 0.498971 0.498971 0.498971 0.498971 
0.498971 0.498971 0.498971 0.498971 0.498971 0.498971 0.498971 0.498971 0.498971 0.498971 
0.498971 0.498971 0.498971 0.498971 0.498971 0.498971 0.498971 0.498971 0.498971 0.498971 
0.498971 0.498971 0.498971 0.498971 0.498971 0.498971 0.498971 0.498971 0.498971 0.267884 
0.267884 0.267884 0.267884 0.267884 0.267884 0.267884 0.267884 0.267884 0.267884 0.267884 
0.267884 0.267884 0.267884 0.267884 0.267884 0.267884 0.267884 0.267884 0.267884 0.267884 
0.267884 0.267884 0.267884 0.267884 0.267884 0.267884 0.267884 0.267884 0.267884 0.267884 
0.267884 0.267884 0.267884 0.267884 0.267884 0.267884 0.267884 0.267884 0.267884 0.267884 
0.267884 0.267884 0.267884 0.267884 0.267884 0.267884 0.267884 0.267884 0.267884 0.267884 
0.267884 0.267884 0.267884 0.267884 0.267884 0.267884 0.267884 0.267884 0.267884 0.709356 
0.709356 0.709356 0.709356 0.709356 0.709356 0.709356 0.709356 0.709356 0.709356 0.709356 
0.709356 0.709356 0.709356 0.709356 0.709356 0.709356 0.709356 0.709356 0.709356 0.709356 
0.709356 0.709356 0.709356 0.709356 0.709356 0.709356 0.709356 0.709356 0.709356 0.709356 
0.709356 0.709356 0.709356 0.709356 0.709356 0.709356 0.709356 0.709356 0.709356 0.709356 
0.709356 0.709356 0.709356 0.709356 0.709356 0.709356 0.709356 0.709356 0.709356 0.709356 
0.709356 0.709356 0.709356 0.709356 0.709356 5.91283 5.91283 5.91283 5.91283 5.91283 
5.91283 5.91283 5.91283 5.91283 5.91283 5.91283 5.91283 5.91283 5.91283 5.91283 
5.91283 5.91283 5.91283 5.91283 5.91283 5.91283 5.91283 5.91283 5.91283 5.91283 
5.91283 5.91283 5.91283 5.91283 5.91283 5.91283 5.91283 5.91283 5.91283 5.91283 
5.91283 5.91283 5.91283 5.91283 5.91283 5.91283 5.91283 5.91283 5.91283 5.91283 
5.91283 5.91283 5.91283 5.91283 5.91283 5.91283 5.91283 5.91283 5.91283 5.91283 
5.91283 5.91283 5.91283 5.91283 5.91283 27.6343 27.6343 27.6343 27.6343 27.6343 
27.6343 27.6343 27.6343 27.6343 27.6343 27.6343 27.6343 27.6343 27.6343 27.6343 
27.6343 27.6343 27.6343 27.6343 27.6343 27.6343 27.6343 27.6343 27.6343 27.6343 
27.6343 27.6343 27.6343 27.6343 27.6343 27.6343 27.6343 27.6343 27.6343 27.6343 
27.6343 27.6343 27.6343 27.6343 27.6343 27.6343 27.6343 27.6343 27.6343 27.6343 
27.6343 27.6343 27.6343 27.6343 27.6343 27.6343 27.6343 27.6343 27.6343 27.6343 
27.6343 15.5634 15.5634 15.5634 15.5634 15.5634 15.5634 15.5634 15.5634 15.5634 
15.5634 15.5634 15.5634 15.5634 15.5634 15.5634 15.5634 15.5634 15.5634 15.5634 
15.5634 15.5634 15.5634 15.5634 15.5634 15.5634 15.5634 15.5634 15.5634 15.5634 
15.5634 15.5634 15.5634 15.5634 15.5634 15.5634 15.5634 15.5634 15.5634 15.5634 
15.5634 15.5634 15.5634 15.5634 15.5634 15.5634 15.5634 15.5634 15.5634 15.5634 
15.5634 15.5634 15.5634 15.5634 15.5634 15.5634 15.5634 3.66889 3.66889 3.66889 
3.66889 3.66889 3.66889 3.66889 3.66889 3.66889 3.66889 3.66889 3.66889 3.66889 
3.66889 3.66889 3.66889 3.66889 3.66889 3.66889 3.66889 3.66889 3.66889 3.66889 
3.66889 3.66889 3.66889 3.66889 3.66889 3.66889 3.66889 3.66889 3.66889 3.66889 
3.66889 3.66889 3.66889 3.66889 3.66889 3.66889 3.66889 3.66889 3.66889 3.66889 
3.66889 3.66889 3.66889 3.66889 3.66889 3.66889 3.66889 3.66889 3.66889 3.66889 
3.66889 3.66889 3.66889 2.65777 2.65777 2.65777 2.65777 2.65777 2.65777 2.65777 
2.65777 2.65777 2.65777 2.65777 2.65777 2.65777 2.65777 2.65777 2.65777 2.65777 
2.65777 2.65777 2.65777 2.65777 2.65777 2.65777 2.65777 2.65777 2.65777 2.65777 
2.65777 2.65777 2.65777 2.65777 2.65777 2.65777 2.65777 2.65777 2.65777 2.65777 
2.65777 2.65777 2.65777 2.65777 2.65777 2.65777 2.65777 2.65777 2.65777 2.65777 
2.65777 2.65777 2.65777 2.65777 2.65777 2.65777 2.65777 2.65777 2.65777 0.180672 
0.180672 0.180672 0.180672 0.180672 0.180672 0.180672 0.180672 0.180672 0.180672 0.180672 
0.180672 0.180672 0.180672 0.180672 0.180672 0.180672 0.180672 0.180672 0.180672 0.180672 
0.180672 0.180672 0.180672 0.180672 0.180672 0.180672 0.180672 0.180672 0.180672 0.180672 
0.180672 0.180672 0.180672 0.180672 0.180672 0.180672 0.180672 0.180672 0.180672 0.180672 
0.180672 0.180672 0.180672 0.180672 0.180672 0.180672 0.180672 0.180672 0.180672 0.180672 
0.180672 0.180672 0.180672 0.180672 0.180672 0.661279 0.661279 0.661279 0.661279 0.661279 
0.661279 0.661279 0.661279 0.661279 0.661279 0.661279 0.661279 0.661279 0.661279 0.661279 
0.661279 0.661279 0.661279 0.661279 0.661279 0.661279 0.661279 0.661279 0.661279 0.661279 
0.661279 0.661279 0.661279 0.661279 0.661279 0.661279 0.661279 0.661279 0.661279 0.661279 
0.661279 0.661279 0.661279 0.661279 0.661279 0.661279 0.661279 0.661279 0.661279 0.661279 
0.661279 0.661279 0.661279 0.661279 0.661279 0.661279 0.661279 0.661279 0.661279 0.661279 
0.661279 0.661279 0.661279 0.661279 0.661279 0.100787 0.100787 0.100787 0.100787 0.100787 
0.100787 0.100787 0.100787 0.100787 0.100787 0.100787 0.100787 0.100787 0.100787 0.100787 
0.100787 0.100787 0.100787 0.100787 0.100787 0.100787 0.100787 0.100787 0.100787 0.100787 
0.100787 0.100787 0.100787 0.100787 0.100787 0.100787 0.100787 0.100787 0.100787 0.100787 
0.100787 0.100787 0.100787 0.100787 0.100787 0.100787 0.100787 0.100787 0.100787 0.100787 
0.100787 0.100787 0.100787 0.100787 0.100787 0.100787 0.100787 0.100787 0.100787 0.100787 
0.100787 SCALARS Parent_ID float 1
LOOKUP_TABLE default
0 0 0 0 0 0 0 0 0 
0 0 0 0 0 0 0 0 0 0 
0 0 0 0 0 0 0 0 0 0 
0 0 0 0 0 0 0 0 0 0 
0 0 0 0 0 0 0 0 0 0 
0 0 0 0 0 0 0 0 0 0 
0 1 1 1 1 1 1 1 1 1 
1 1 1 1 1 1 1 1 1 1 
1 1 1 1 1 1 1 1 1 1 
1 1 1 1 1 1 1 1 1 1 
1 1 1 1 1 1 1 1 1 1 
1 1 1 1 1 1 1 1 1 1 
1 2 2 2 2 2 2 2 2 2 
2 2 2 2 2 2 2 2 2 2 
2 2 2 2 2 2 2 2 2 2 
2 2 2 2 2 2 2 2 2 2 
2 2 2 2 2 2 2 2 2 2 
2 2 2 2 2 2 2 2 2 2 
2 3 3 3 3 3 3 3 3 3 
3 3 3 3 3 3 3 3 3 3 
3 3 3 3 3 3 3 3 3 3 
3 3 3 3 3 3 3 3 3 3 
3 3 3 3 3 3 3 3 3 3 
3 3 3 3 3 3 3 3 3 3 
3 4 4 4 4 4 4 4 4 4 
4 4 4 4 4 4 4 4 4 4 
4 4 4 4 4 4 4 4 4 4 
4 4 4 4 4 4 4 4 4 4 
4 4 4 4 4 4 4 4 4 4 
4 4 4 4 4 4 4 4 4 4 
4 5 5 5 5 5 5 5 5 5 
5 5 5 5 5 5 5 5 5 5 
5 5 5 5 5 5 5 5 5 5 
5 5 5 5 5 5 5 5 5 5 
5 5 5 5 5 5 5 5 5 5 
5 5 5 5 5 5 5 5 5 5 
5 6 6 6 6 6 6 6 6 6 
6 6 6 6 6 6 6 6 6 6 
6 6 6 6 6 6 6 6 6 6 
6 6 6 6 6 6 6 6 6 6 
6 6 6 6 6 6 6 6 6 6 
6 6 6 6 6 6 6 6 6 6 
6 7 7 7 7 7 7 7 7 7 
7 7 7 7 7 7 7 7 7 7 
7 7 7 7 7 7 7 7 7 7 
7 7 7 7 7 7 7 7 7 7 
7 7 7 7 7 8 8 8 8 8 
8 8 8 8 8 8 8 8 8 8 
8 8 8 8 8 8 8 8 8 8 
8 8 8 8 8 8 8 8 8 8 
8 8 8 8 8 8 8 8 8 9 
9 9 9 9 9 9 9 9 9 9 
9 9 9 9 9 9 9 9 9 9 
9 9 9 9 9 9 9 9 9 9 
9 9 9 9 9 9 9 9 9 9 
9 9 9 0 0 0 0 0 0 0 
0 0 0 0 0 0 0 0 0 0 
0 0 0 0 0 0 0 0 0 0 
0 0 0 0 0 0 0 0 0 0 
0 0 0 0 0 0 0 0 0 0 
0 0 0 0 0 0 0 0 0 0 
0 0 0 0 0 0 0 0 0 0 
0 0 0 0 0 0 0 0 0 0 
0 0 0 0 0 0 0 0 0 0 
0 0 0 0 0 0 0 0 0 0 
0 0 0 0 0 0 0 0 0 0 
0 0 0 0 0 0 0 0 0 0 
0 0 0 0 0 0 0 0 0 0 
0 0 0 0 0 0 0 0 0 0 
0 0 0 0 0 0 0 0 0 0 
0 0 0 0 0 0 0 0 0 0 
0 0 0 0 0 0 0 0 0 0 
0 0 0 0 0 0 0 0 0 0 
0 0 0 0 0 0 0 0 0 0 
0 0 0 0 0 0 0 0 0 0 
0 0 0 0 0 0 0 0 0 0 
0 0 0 0 0 0 0 0 0 0 
0 0 0 0 0 0 0 0 0 0 
0 0 0 0 0 0 0 0 0 0 
0 0 0 0 0 0 0 0 0 0 
0 0 0 0 0 0 0 0 0 0 
0 0 0 0 0 0 0 0 0 0 
0 0 0 0 0 0 0 0 0 1 
1 1 1 1 1 1 1 1 1 1 
1 1 1 1 1 1 1 1 1 1 
1 1 1 1 1 1 1 1 1 1 
1 1 1 1 1 1 1 1 1 1 
1 1 1 1 1 1 1 1 1 1 
1 1 1 1 1 1 1 1 1 1 
1 1 1 1 1 1 1 1 1 1 
1 1 1 1 1 1 1 1 1 1 
1 1 1 1 1 1 1 1 1 1 
1 1 1 1 1 1 1 1 1 1 
1 1 1 1 1 1 1 1 1 1 
1 1 1 1 1 1 1 1 1 1 
1 1 1 1 1 1 1 1 1 1 
1 1 1 1 1 1 1 1 1 1 
1 1 1 1 1 1 1 1 1 1 
1 1 1 1 1 1 1 1 1 1 
1 1 1 1 1 1 1 1 1 1 
1 1 1 1 1 1 1 1 1 1 
1 1 1 1 1 1 1 1 1 1 
1 1 1 1 1 1 1 1 1 1 
1 1 1 1 1 1 1 1 1 1 
1 1 1 1 1 1 1 1 1 1 
1 1 1 1 1 1 1 1 1 1 
1 2 2 2 2 2 2 2 2 2 
2 2 2 2 2 2 2 2 2 2 
2 2 2 2 2 2 2 2 2 2 
2 2 2 2 2 2 2 2 2 2 
2 2 2 2 2 2 2 2 2 2 
2 2 2 2 2 2 2 2 2 2 
2 2 2 2 2 2 2 2 2 2 
2 2 2 2 2 2 2 2 2 2 
2 2 2 2 2 2 2 2 2 2 
2 2 2 2 2 2 2 2 2 2 
2 2 2 2 2 2 2 2 2 2 
2 2 2 2 2 2 2 2 2 2 
2 2 2 2 2 2 2 2 2 2 
2 2 2 2 2 2 2 2 2 2 
2 2 2 2 2 2 2 2 2 2 
2 2 2 2 2 2 2 2 2 2 
2 2 2 2 2 2 2 2 2 2 
2 2 2 2 2 2 2 2 2 2 
2 2 2 2 2 2 2 2 2 2 
2 2 2 2 2 2 2 2 2 2 
2 2 2 2 2 2 2 2 2 2 
2 2 2 2 2 2 2 2 2 2 
2 2 2 2 2 2 2 2 2 2 
2 2 2 3 3 3 3 3 3 3 
3 3 3 3 3 3 3 3 3 3 
3 3 3 3 3 3 3 3 3 3 
3 3 3 3 3 3 3 3 3 3 
3 3 3 3 3 3 3 3 3 3 
3 3 3 3 3 3 3 3 3 3 
3 3 3 3 3 3 3 3 3 3 
3 3 3 3 3 3 3 3 3 3 
3 3 3 3 3 3 3 3 3 3 
3 3 3 3 3 3 3 3 3 3 
3 3 3 3 3 3 3 3 3 3 
3 3 3 3 3 3 3 3 3 3 
3 3 3 3 3 3 3 3 3 3 
3 3 3 3 3 3 3 3 3 3 
3 3 3 3 3 3 3 3 3 3 
3 3 3 3 3 3 3 3 3 3 
3 3 3 3 3 3 3 3 3 3 
3 3 3 3 3 3 3 3 3 3 
3 3 3 3 3 3 3 3 3 3 
3 3 3 3 3 3 3 3 3 3 
3 3 3 3 3 3 3 3 3 3 
3 3 3 3 3 3 3 3 3 3 
3 3 3 3 3 3 3 3 3 3 
3 3 3 3 3 3 3 3 3 3 
3 3 3 3 3 3 3 3 3 3 
3 3 3 3 3 3 3 3 3 3 
3 3 3 3 3 3 3 3 3 3 
3 3 3 3 3 3 3 3 3 3 
3 3 3 3 3 3 3 3 3 3 
3 3 3 3 3 3 3 3 3 3 
3 3 3 3 3 3 3 3 3 3 
3 3 3 3 3 3 3 3 3 3 
3 3 3 3 3 3 3 3 3 3 
3 3 3 3 3 3 3 3 3 3 
3 3 3 3 3 3 3 3 3 3 
3 3 3 3 3 3 3 3 3 3 
3 3 3 3 3 3 3 3 3 3 
3 3 3 3 3 3 3 3 3 3 
3 3 3 3 3 3 3 3 3 3 
3 3 3 3 3 3 3 3 3 3 
3 3 3 3 3 3 3 3 3 3 
3 3 3 3 3 3 3 3 3 3 
3 3 3 3 3 3 3 3 3 3 
3 3 3 3 3 3 3 3 3 3 
3 3 3 3 3 3 3 3 3 3 
3 3 3 3 3 3 3 3 3 3 
3 3 3 3 3 3 3 3 3 3 
3 3 3 3 3 4 4 4 4 4 
4 4 4 4 4 4 4 4 4 4 
4 4 4 4 4 4 4 4 4 4 
4 4 4 4 4 4 4 4 4 4 
4 4 4 4 4 4 4 4 4 4 
4 4 4 4 4 4 4 4 4 4 
4 4 4 4 4 4 4 4 4 4 
4 4 4 4 4 4 4 4 4 4 
4 4 4 4 4 4 4 4 4 4 
4 4 4 4 4 4 4 4 4 4 
4 4 4 4 4 4 4 4 4 4 
4 4 4 4 4 4 4 4 4 4 
4 4 4 4 4 4 4 4 4 4 
4 4 4 4 4 4 4 4 4 4 
4 4 4 4 4 4 4 4 4 4 
4 4 4 4 4 4 4 4 4 4 
4 4 4 4 4 4 4 4 4 4 
4 4 4 4 4 4 4 4 4 4 
4 4 4 4 4 4 4 4 4 4 
4 4 4 4 4 4 4 4 4 4 
4 4 4 4 4 4 4 4 4 4 
4 4 4 4 4 4 4 4 4 4 
4 4 4 4 4 4 4 4 4 4 
4 4 4 4 4 4 4 5 5 5 
5 5 5 5 5 5 5 5 5 5 
5 5 5 5 5 5 5 5 5 5 
5 5 5 5 5 5 5 5 5 5 
5 5 5 5 5 5 5 5 5 5 
5 5 5 5 5 5 5 5 5 5 
5 5 5 5 5 5 5 5 5 5 
5 5 5 5 5 5 5 5 5 5 
5 5 5 5 5 5 5 5 5 5 
5 5 5 5 5 5 5 5 5 5 
5 5 5 5 5 5 5 5 5 5 
5 5 5 5 5 5 5 5 5 5 
5 5 5 5 5 5 5 5 5 5 
5 5 5 5 5 5 5 5 5 5 
5 5 5 5 5 5 5 5 5 5 
5 5 5 5 5 5 5 5 5 5 
5 5 5 5 5 5 5 5 5 5 
5 5 5 5 5 5 5 5 5 5 
5 5 5 5 5 5 5 5 5 5 
5 5 5 5 5 5 5 5 5 5 
5 5 5 5 5 5 5 5 5 5 
5 5 5 5 5 5 5 5 5 5 
5 5 5 5 5 5 5 5 5 5 
5 5 5 5 5 5 5 5 5 6 
6 6 6 6 6 6 6 6 6 6 
6 6 6 6 6 6 6 6 6 6 
6 6 6 6 6 6 6 6 6 6 
6 6 6 6 6 6 6 6 6 6 
6 6 6 6 6 6 6 6 6 6 
6 6 6 6 6 6 6 6 6 6 
6 6 6 6 6 6 6 6 6 6 
6 6 6 6 6 6 6 6 6 6 
6 6 6 6 6 6 6 6 6 6 
6 6 6 6 6 6 6 6 6 6 
6 6 6 6 6 6 6 6 6 6 
6 6 6 6 6 6 6 6 6 6 
6 6 6 6 6 6 6 6 6 6 
6 6 6 6 6 6 6 6 6 6 
6 6 6 6 6 6 6 6 6 6 
6 6 6 6 6 6 6 6 6 6 
6 6 6 6 6 6 6 6 6 6 
6 6 6 6 6 6 6 6 6 6 
6 6 6 6 6 6 6 6 6 6 
6 6 6 6 6 6 6 6 6 6 
6 6 6 6 6 6 6 6 6 6 
6 6 6 6 6 6 6 6 6 6 
6 6 6 6 6 6 6 6 6 6 
6 7 7 7 7 7 7 7 7 7 
7 7 7 7 7 7 7 7 7 7 
7 7 7 7 7 7 7 7 7 7 
7 7 7 7 7 7 7 7 7 7 
7 7 7 7 7 7 7 7 7 7 
7 7 7 7 7 7 7 7 7 7 
7 7 7 7 7 7 7 7 7 7 
7 7 7 7 7 7 7 7 7 7 
7 7 7 7 7 7 7 7 7 7 
7 7 7 7 7 7 7 7 7 7 
7 7 7 7 7 7 7 7 7 7 
7 7 7 7 7 7 7 7 7 7 
7 7 7 7 7 7 7 7 7 7 
7 7 7 7 7 7 7 7 7 7 
7 7 7 7 7 7 7 7 7 7 
7 7 7 7 7 7 7 7 7 7 
7 7 7 7 7 7 7 7 7 7 
7 7 7 7 7 7 7 7 7 7 
7 7 7 7 7 7 7 7 7 7 
7 7 7 7 7 7 7 7 7 7 
7 7 7 7 7 7 7 7 7 7 
7 7 7 7 7 7 7 7 7 7 
7 7 7 7 7 7 7 7 7 7 
7 7 7 7 7 7 7 7 7 7 
7 7 7 7 7 7 7 7 7 7 
7 7 7 7 7 7 7 7 7 7 
7 7 7 7 7 7 7 7 7 7 
7 7 7 7 7 7 7 7 7 7 
7 8 8 8 8 8 8 8 8 8 
8 8 8 8 8 8 8 8 8 8 
8 8 8 8 8 8 8 8 8 8 
8 8 8 8 8 8 8 8 8 8 
8 8 8 8 8 8 8 8 8 8 
8 8 8 8 8 8 8 8 8 8 
8 8 8 8 8 8 8 8 8 8 
8 8 8 8 8 8 8 8 8 8 
8 8 8 8 8 8 8 8 8 8 
8 8 8 8 8 8 8 8 8 8 
8 8 8 8 8 8 8 8 8 8 
8 8 8 8 8 8 8 8 8 8 
8 8 8 8 8 8 8 8 8 8 
8 8 8 8 8 8 8 8 8 8 
8 8 8 8 8 8 8 8 8 8 
8 8 8 8 8 8 8 8 8 8 
8 8 8 8 8 8 8 8 8 8 
8 8 8 8 8 8 8 8 8 8 
8 8 8 8 8 8 8 8 8 8 
8 8 8 8 8 8 8 8 8 8 
8 8 8 8 8 8 8 8 8 8 
8 8 8 8 8 8 8 8 8 8 
8 8 8 8 8 8 8 8 8 8 
8 8 8 8 8 8 8 8 8 8 
8 8 8 8 8 8 8 8 8 8 
8 8 8 8 8 8 8 8 8 8 
8 8 8 8 8 8 8 8 8 8 
8 8 8 8 8 8 8 8 8 8 
8 8 8 8 8 9 9 9 9 9 
9 9 9 9 9 9 9 9 9 9 
9 9 9 9 9 9 9 9 9 9 
9 9 9 9 9 9 9 9 9 9 
9 9 9 9 9 9 9 9 9 9 
9 9 9 9 9 9 9 9 9 9 
9 9 9 9 9 9 9 9 9 9 
9 9 9 9 9 9 9 9 9 9 
9 9 9 9 9 9 9 9 9 9 
9 9 9 9 9 9 9 9 9 9 
9 9 9 9 9 9 9 9 9 0 
0 0 0 0 0 0 0 0 0 0 
0 0 0 0 0 0 0 0 0 0 
0 0 0 0 0 0 0 0 0 0 
0 0 0 0 0 0 0 0 0 0 
0 0 0 0 0 0 0 0 0 0 
0 0 0 0 0 0 0 0 0 0 
0 0 0 0 0 0 0 0 0 0 
0 0 0 0 0 0 0 0 0 0 
0 0 0 0 0 0 0 0 0 0 
0 0 0 0 0 0 0 0 0 0 
0 0 0 0 0 0 0 0 0 0 
0 0 0 0 0 0 0 0 0 0 
0 0 0 0 0 0 0 0 0 0 
0 0 0 0 0 0 0 0 0 0 
0 0 0 0 0 0 0 0 0 0 
0 0 0 0 0 0 0 0 0 0 
0 0 0 0 0 0 0 0 0 0 
0 0 0 0 0 0 0 0 0 0 
0 0 0 0 0 0 0 0 0 0 
0 0 0 0 0 0 0 0 0 0 
0 0 0 0 0 0 0 0 0 0 
0 0 0 0 0 0 0 0 0 0 
0 0 0 0 0 0 0 0 0 0 
0 0 0 0 0 0 0 0 0 0 
0 0 0 0 0 0 0 0 0 0 
0 0 0 0 0 0 0 0 0 0 
0 0 0 0 0 0 0 0 0 0 
0 0 0 0 0 0 0 0 0 0 
0 0 0 0 0 0 0 0 0 0 
0 0 0 0 0 0 0 0 0 0 
0 0 0 0 0 0 0 0 0 0 
0 0 0 0 0 0 0 0 0 0 
0 0 0 0 0 0 0 0 0 0 
0 0 0 0 0 0 0 0 0 0 
0 0 0 0 0 0 0 0 0 0 
0 0 0 0 0 0 0 0 0 0 
0 0 0 0 0 0 0 0 0 0 
0 0 0 0 0 0 0 0 0 0 
0 0 0 0 0 0 0 0 0 0 
0 0 0 0 0 0 0 0 0 0 
0 0 0 0 0 0 0 0 0 0 
0 0 0 0 0 0 0 0 0 0 
0 0 0 0 0 0 0 0 0 0 
0 0 0 0 0 0 0 0 0 0 
0 0 0 0 0 0 0 0 0 0 
0 0 0 0 0 0 0 0 0 0 
0 0 0 0 0 0 0 0 0 0 
0 0 0 0 0 0 0 0 0 0 
0 0 0 0 0 0 0 0 0 0 
0 0 0 0 0 0 0 0 0 0 
0 0 0 0 0 0 0 0 0 0 
0 0 0 0 0 0 0 0 0 0 
0 0 0 0 0 0 0 0 0 0 
0 0 0 0 0 0 0 0 0 0 
0 0 0 0 0 0 0 0 0 0 
0 0 0 0 0 0 0 0 0 0 
0 0 0 0 0 0 0 0 0 0 
0 0 0 0 0 0 0 0 0 0 
0 0 0 0 0 0 0 0 0 0 
0 0 0 0 0 0 0 0 0 0 
0 0 0 0 0 0 0 0 0 0 
0 0 0 0 0 0 0 0 0 0 
0 0 0 0 0 0 0 0 0 0 
0 0 0 0 0 0 0 0 0 0 
0 0 0 0 0 0 0 0 0 0 
0 0 0 0 0 0 0 0 0 0 
0 0 0 0 0 0 0 0 0 0 
0 0 0 0 0 0 0 0 0 0 
0 0 0 0 0 0 0 0 0 0 
0 0 0 0 0 0 0 0 0 0 
0 0 0 0 0 0 0 0 0 0 
0 0 0 0 0 0 0 0 0 0 
0 0 0 0 0 0 0 0 0 0 
0 0 0 0 0 0 0 0 0 0 
0 0 0 0 0 0 0 0 0 0 
0 0 0 0 0 0 0 0 0 0 
0 0 0 0 0 0 0 0 0 0 
0 0 0 0 0 0 0 0 0 0 
0 0 0 0 0 0 0 0 0 0 
0 0 0 0 0 0 0 0 0 0 
0 0 0 0 0 0 0 0 0 0 
0 0 0 0 0 0 0 0 0 0 
0 0 0 0 0 0 0 0 0 0 
0 0 0 0 0 0 0 0 0 0 
0 0 0 0 0 0 0 0 0 0 
0 0 0 0 0 0 0 0 0 0 
0 0 0 0 0 0 0 0 0 0 
0 0 0 0 0 0 0 0 0 0 
0 0 0 0 0 0 0 0 0 0 
0 0 0 0 0 0 0 0 0 0 
0 0 0 0 0 0 0 0 0 0 
0 0 0 0 0 0 0 0 0 0 
0 0 0 0 0 0 0 0 0 0 
0 0 0 0 0 0 0 0 0 0 
0 0 0 0 0 0 0 0 0 0 
0 0 0 0 0 0 0 0 0 0 
0 0 0 0 0 0 0 0 0 0 
0 0 0 0 0 0 0 0 0 0 
0 0 0 0 0 0 0 0 0 0 
0 0 0 0 0 0 0 0 0 0 
0 0 0 0 0 0 0 0 0 0 
0 0 0 0 0 0 0 0 0 0 
0 0 0 0 0 0 0 0 0 0 
0 0 0 0 0 0 0 0 0 0 
0 0 0 0 0 0 0 0 0 0 
0 0 0 0 0 0 0 0 0 0 
0 0 0 0 0 0 0 0 0 0 
0 0 0 0 0 0 0 0 0 0 
0 0 0 0 0 0 0 0 0 0 
0 0 0 0 0 0 0 0 0 0 
0 0 0 0 0 0 0 0 0 0 
0 0 0 0 0 0 0 0 0 0 
0 0 0 0 0 0 0 0 0 0 
0 0 0 0 0 0 0 0 0 0 
0 0 0 0 0 0 0 0 0 0 
0 0 0 0 0 0 0 0 0 0 
0 0 0 0 0 0 0 0 0 0 
0 0 0 0 0 0 0 0 0 0 
0 0 0 0 0 0 0 0 0 0 
0 0 0 0 0 0 0 0 0 0 
0 0 0 0 0 0 0 0 0 0 
0 0 0 0 0 0 0 0 0 0 
0 0 0 0 0 0 0 0 0 0 
0 0 0 0 0 0 0 0 0 0 
0 0 0 0 0 0 0 0 0 0 
0 0 0 0 0 0 0 0 0 0 
0 0 0 0 0 0 0 0 0 0 
0 0 0 0 0 0 0 0 0 0 
0 0 0 0 0 0 0 0 0 0 
0 0 0 0 0 0 0 0 0 0 
0 0 0 0 0 0 0 0 0 0 
0 0 0 0 0 0 0 0 0 0 
0 0 0 0 0 0 0 0 0 0 
0 0 0 0 0 0 0 0 0 0 
0 0 0 0 0 0 0 0 0 0 
0 0 0 0 0 0 0 0 0 0 
0 0 0 0 0 0 0 0 0 0 
0 0 0 0 0 0 0 0 0 0 
0 0 0 0 0 0 0 0 0 0 
0 0 0 0 0 0 0 0 0 0 
0 0 0 0 0 0 0 0 0 0 
0 0 0 0 0 0 0 0 0 0 
0 0 0 0 0 0 0 0 0 0 
0 0 0 0 0 0 0 0 0 0 
0 0 0 0 0 0 0 0 0 0 
0 0 0 0 0 0 0 0 0 0 
0 0 0 0 0 0 0 0 0 0 
0 0 0 0 0 0 0 0 0 0 
0 0 0 0 0 0 0 0 0 0 
0 0 0 0 0 0 0 0 0 0 
0 0 0 0 0 0 0 0 0 0 
0 0 0 0 0 0 0 0 0 0 
0 0 0 0 0 0 0 0 0 0 
0 0 0 0 0 0 0 0 0 0 
0 0 0 0 0 0 0 0 0 0 
0 0 0 0 0 0 0 0 0 0 
0 0 0 0 0 0 0 0 0 0 
0 0 0 0 0 0 0 0 0 0 
0 0 0 0 0 0 0 0 0 0 
0 0 0 0 0 0 0 0 0 0 
0 0 0 0 0 0 0 0 0 0 
0 0 0 0 0 0 0 0 0 0 
0 0 0 0 0 0 0 0 0 0 
0 0 0 0 0 0 0 0 0 0 
0 0 0 0 0 0 0 0 0 0 
0 0 0 0 0 0 0 0 0 0 
0 0 0 0 0 0 0 0 0 0 
0 0 0 0 0 0 0 0 0 0 
0 0 0 0 0 0 0 0 0 0 
0 0 0 0 0 0 0 0 0 0 
0 0 0 0 0 0 0 0 0 0 
0 0 0 0 0 0 0 0 0 0 
0 0 0 0 0 0 0 0 0 0 
0 0 0 0 0 0 0 0 0 0 
0 0 0 0 0 0 0 0 0 0 
0 0 0 0 0 0 0 0 0 0 
0 0 0 0 0 0 0 0 0 0 
0 0 0 0 0 0 0 0 0 0 
0 0 0 0 0 0 0 0 0 0 
0 0 0 0 0 0 0 0 0 0 
0 0 0 0 0 0 0 0 0 0 
0 0 0 0 0 0 0 0 0 0 
0 0 0 0 0 0 0 0 0 0 
0 0 0 0 0 0 0 0 0 0 
0 0 0 0 0 0 0 0 0 0 
0 0 0 0 0 0 0 0 0 0 
0 0 0 0 0 0 0 0 0 0 
0 0 0 0 0 0 0 0 0 0 
0 0 0 0 0 0 0 0 0 0 
0 0 0 0 0 0 0 0 0 0 
0 0 0 0 0 0 0 0 0 0 
0 0 0 0 0 0 0 0 0 0 
0 0 0 0 0 0 0 0 0 0 
0 0 0 0 0 0 0 0 0 0 
0 0 0 0 0 0 0 0 0 0 
0 0 0 0 0 0 0 0 0 0 
0 0 0 0 0 0 0 0 0 0 
0 0 0 0 0 0 0 0 0 0 
0 0 0 0 0 0 0 0 0 0 
0 0 0 0 0 0 0 0 0 0 
0 0 0 0 0 0 0 0 0 0 
0 0 0 0 0 0 0 0 0 0 
0 0 0 0 0 0 0 0 0 0 
0 0 0 0 0 0 0 0 0 0 
0 0 0 0 0 0 0 0 0 0 
0 0 0 0 0 0 0 0 0 0 
0 0 0 0 0 0 0 0 0 0 
0 0 0 0 0 0 0 0 0 0 
0 0 0 0 0 0 0 0 0 0 
0 0 0 0 0 0 0 0 0 0 
0 0 0 0 0 0 0 0 0 0 
0 0 0 0 0 0 0 0 0 0 
0 0 0 0 0 0 0 0 0 0 
0 0 0 0 0 0 0 0 0 0 
0 0 0 0 0 0 0 0 0 0 
0 0 0 0 0 0 0 0 0 0 
0 0 0 0 0 0 0 0 0 0 
0 0 0 0 0 0 0 0 0 0 
0 0 0 0 0 0 0 0 0 0 
0 0 0 0 0 0 0 0 0 0 
0 0 0 0 0 0 0 0 0 0 
0 
