# vtk DataFile Version 2.0
vtkObjects
ASCII
DATASET UNSTRUCTURED_GRID
POINTS 1200 float
-611.259 -0.437133 -262.191
-611.272 -0.445189 -262.163
-570.153 -62.6994 -259.853
-570.167 -62.7075 -259.825
-522.681 -119.879 -252.876
-522.695 -119.887 -252.849
-469.593 -171.075 -241.371
-469.607 -171.083 -241.343
-411.725 -215.479 -225.518
-411.739 -215.487 -225.49
-349.99 -252.391 -205.568
-350.004 -252.399 -205.54
-285.361 -281.23 -181.835
-285.375 -281.238 -181.807
-218.858 -301.539 -154.694
-218.872 -301.547 -154.666
-151.53 -313 -124.572
-151.544 -313.008 -124.544
-84.4383 -315.431 -91.9449
-84.4521 -315.439 -91.9171
-18.6409 -308.793 -57.327
-18.6547 -308.801 -57.2992
44.8243 -293.193 -21.2642
44.8106 -293.201 -21.2365
104.957 -268.874 15.6747
104.943 -268.882 15.7024
160.808 -236.222 52.9072
160.794 -236.23 52.935
211.496 -195.751 89.8461
211.483 -195.759 89.8739
256.224 -148.099 125.909
256.21 -148.107 125.937
294.284 -94.0182 160.527
294.27 -94.0263 160.555
325.077 -34.3609 193.154
325.064 -34.369 193.182
348.118 29.9319 223.276
348.104 29.9239 223.303
363.042 97.8463 250.417
363.029 97.8382 250.445
369.615 168.311 274.15
369.602 168.303 274.178
367.733 240.215 294.1
367.719 240.207 294.128
357.425 312.425 309.953
357.412 312.417 309.981
338.855 383.8 321.458
338.841 383.792 321.486
312.314 453.217 328.435
312.301 453.209 328.463
278.222 519.58 330.773
278.208 519.572 330.801
237.116 581.842 328.435
237.102 581.834 328.463
189.645 639.022 321.458
189.631 639.014 321.486
136.556 690.218 309.953
136.543 690.21 309.981
78.6884 734.622 294.1
78.6746 734.614 294.128
16.9533 771.534 274.15
16.9395 771.526 274.178
-47.6753 800.373 250.417
-47.6891 800.364 250.445
-114.178 820.682 223.276
-114.192 820.674 223.303
-181.506 832.143 193.154
-181.52 832.135 193.182
-248.598 834.573 160.527
-248.612 834.565 160.555
-314.396 827.936 125.909
-314.409 827.928 125.937
-377.861 812.335 89.8461
-377.875 812.327 89.8739
-437.993 788.017 52.9072
-438.007 788.009 52.935
-493.844 755.365 15.6747
-493.858 755.357 15.7024
-544.533 714.894 -21.2642
-544.547 714.886 -21.2365
-589.26 667.242 -57.327
-589.274 667.234 -57.2992
-627.321 613.161 -91.9449
-627.334 613.153 -91.9171
-658.114 553.504 -124.572
-658.128 553.496 -124.544
-681.155 489.211 -154.694
-681.168 489.203 -154.666
-696.079 421.296 -181.835
-696.093 421.288 -181.807
-702.652 350.832 -205.568
-702.666 350.824 -205.54
-700.77 278.927 -225.518
-700.783 278.919 -225.49
-690.462 206.718 -241.371
-690.476 206.71 -241.343
-671.891 135.342 -252.876
-671.905 135.334 -252.849
-645.351 65.9256 -259.853
-645.365 65.9176 -259.825
388.372 -214.843 -425.383
388.394 -214.848 -425.36
398.241 -164.175 -423.084
398.263 -164.18 -423.062
403.502 -113.232 -416.225
403.524 -113.237 -416.203
404.073 -62.8168 -404.914
404.095 -62.8222 -404.891
399.944 -13.7255 -389.328
399.966 -13.7308 -389.306
391.18 33.2683 -369.714
391.202 33.263 -369.692
377.921 77.4234 -346.381
377.943 77.4181 -346.359
360.373 118.044 -319.697
360.395 118.038 -319.675
338.816 154.488 -290.083
338.838 154.483 -290.061
313.587 186.182 -258.006
313.609 186.177 -257.983
285.086 212.626 -223.972
285.109 212.62 -223.949
253.762 233.402 -188.517
253.784 233.397 -188.494
220.109 248.184 -152.2
220.131 248.179 -152.178
184.657 256.737 -115.595
184.679 256.732 -115.573
147.966 258.928 -79.2788
147.988 258.923 -79.2562
110.614 254.721 -43.8238
110.636 254.716 -43.8012
73.1903 244.183 -9.78934
73.2123 244.178 -9.76675
36.2852 227.48 22.2879
36.3072 227.475 22.3105
0.480578 204.876 51.902
0.502615 204.871 51.9245
-33.6588 176.726 78.5859
-33.6368 176.721 78.6084
-65.5946 143.476 101.919
-65.5726 143.47 101.941
-94.8232 105.648 121.533
-94.8012 105.643 121.555
-120.884 63.8409 137.118
-120.862 63.8356 137.141
-143.365 18.7126 148.43
-143.343 18.7073 148.453
-161.912 -29.0249 155.289
-161.89 -29.0302 155.312
-176.234 -78.6187 157.587
-176.211 -78.624 157.61
-186.103 -129.287 155.289
-186.081 -129.292 155.312
-191.364 -180.23 148.43
-191.342 -180.235 148.453
-191.935 -230.644 137.118
-191.913 -230.65 137.141
-187.806 -279.736 121.533
-187.784 -279.741 121.555
-179.042 -326.73 101.919
-179.02 -326.735 101.941
-165.783 -370.885 78.5859
-165.76 -370.89 78.6084
-148.235 -411.505 51.902
-148.213 -411.51 51.9245
-126.678 -447.949 22.2879
-126.656 -447.954 22.3105
-101.449 -479.643 -9.78934
-101.427 -479.649 -9.76675
-72.9484 -506.087 -43.8238
-72.9264 -506.092 -43.8012
-41.6243 -526.864 -79.2788
-41.6023 -526.869 -79.2562
-7.97092 -541.645 -115.595
-7.94889 -541.65 -115.573
27.4809 -550.199 -152.2
27.503 -550.204 -152.178
64.1721 -552.389 -188.517
64.1942 -552.395 -188.494
101.524 -548.182 -223.972
101.546 -548.188 -223.949
138.948 -537.645 -258.006
138.97 -537.65 -257.983
175.853 -520.942 -290.083
175.875 -520.947 -290.061
211.657 -498.337 -319.697
211.679 -498.342 -319.675
245.797 -470.188 -346.381
245.819 -470.193 -346.359
277.733 -436.937 -369.714
277.755 -436.942 -369.692
306.961 -399.11 -389.328
306.983 -399.115 -389.306
333.022 -357.302 -404.914
333.044 -357.307 -404.891
355.503 -312.174 -416.225
355.525 -312.179 -416.203
374.05 -264.436 -423.084
374.072 -264.442 -423.062
-520.654 442.688 -78.3796
-520.636 442.682 -78.3538
-513.527 465.916 -77.4768
-513.509 465.91 -77.451
-508.826 489.619 -74.7827
-508.808 489.612 -74.7569
-506.626 513.422 -70.3397
-506.608 513.415 -70.3139
-506.961 536.95 -64.218
-506.944 536.943 -64.1922
-509.827 559.832 -56.5141
-509.809 559.825 -56.4882
-515.178 581.707 -47.3494
-515.16 581.701 -47.3235
-522.93 602.231 -36.8685
-522.912 602.224 -36.8426
-532.96 621.079 -25.2366
-532.942 621.073 -25.2108
-545.11 637.955 -12.6374
-545.092 637.948 -12.6116
-559.189 652.591 0.730694
-559.171 652.585 0.756499
-574.975 664.759 14.6567
-574.957 664.752 14.6825
-592.218 674.264 28.921
-592.2 674.258 28.9468
-610.647 680.958 43.2987
-610.629 680.952 43.3246
-629.971 684.736 57.5631
-629.953 684.729 57.5889
-649.885 685.536 71.4891
-649.868 685.53 71.5149
-670.076 683.348 84.8571
-670.058 683.341 84.883
-690.224 678.204 97.4564
-690.207 678.198 97.4822
-710.013 670.188 109.088
-709.995 670.181 109.114
-729.13 659.424 119.569
-729.112 659.417 119.595
-747.273 646.082 128.734
-747.255 646.076 128.76
-764.157 630.374 136.438
-764.139 630.368 136.464
-779.514 612.547 142.56
-779.496 612.54 142.585
-793.104 592.881 147.002
-793.086 592.875 147.028
-804.711 571.687 149.697
-804.694 571.681 149.722
-814.153 549.3 150.599
-814.135 549.294 150.625
-821.281 526.072 149.697
-821.263 526.066 149.722
-825.982 502.37 147.002
-825.964 502.363 147.028
-828.182 478.567 142.56
-828.164 478.56 142.585
-827.846 455.039 136.438
-827.828 455.032 136.464
-824.98 432.157 128.734
-824.962 432.15 128.76
-819.629 410.281 119.569
-819.611 410.275 119.595
-811.878 389.758 109.088
-811.86 389.751 109.114
-801.848 370.909 97.4564
-801.83 370.903 97.4822
-789.697 354.034 84.8571
-789.679 354.027 84.883
-775.618 339.397 71.4891
-775.6 339.39 71.5149
-759.833 327.23 57.5631
-759.815 327.223 57.5889
-742.589 317.724 43.2987
-742.572 317.718 43.3246
-724.16 311.03 28.921
-724.143 311.023 28.9468
-704.836 307.253 14.6567
-704.819 307.246 14.6825
-684.922 306.452 0.730694
-684.904 306.446 0.756499
-664.731 308.641 -12.6374
-664.714 308.634 -12.6116
-644.583 313.784 -25.2366
-644.565 313.777 -25.2108
-624.794 321.801 -36.8685
-624.776 321.794 -36.8426
-605.678 332.565 -47.3494
-605.66 332.558 -47.3235
-587.534 345.906 -56.5141
-587.517 345.899 -56.4882
-570.651 361.614 -64.218
-570.633 361.608 -64.1922
-555.293 379.442 -70.3397
-555.275 379.435 -70.3139
-541.703 399.107 -74.7827
-541.686 399.101 -74.7569
-530.096 420.301 -77.4768
-530.078 420.295 -77.451
-185.145 504.584 -183.614
-185.141 504.583 -183.582
-177.498 538.445 -183.34
-177.494 538.444 -183.308
-174.122 572.986 -182.522
-174.118 572.985 -182.49
-175.071 607.662 -181.173
-175.068 607.661 -181.141
-180.331 641.926 -179.315
-180.327 641.925 -179.283
-189.817 675.237 -176.976
-189.813 675.236 -176.944
-203.381 707.071 -174.194
-203.377 707.07 -174.162
-220.809 736.926 -171.012
-220.805 736.925 -170.981
-241.825 764.33 -167.481
-241.821 764.329 -167.45
-266.099 788.851 -163.657
-266.095 788.85 -163.625
-293.246 810.103 -159.599
-293.243 810.102 -159.567
-322.841 827.751 -155.371
-322.837 827.75 -155.34
-354.415 841.516 -151.041
-354.411 841.515 -151.01
-387.47 851.181 -146.677
-387.466 851.179 -146.645
-421.486 856.593 -142.347
-421.482 856.592 -142.315
-455.926 857.668 -138.119
-455.922 857.667 -138.087
-490.247 854.388 -134.061
-490.243 854.387 -134.029
-523.907 846.806 -130.237
-523.903 846.805 -130.205
-556.376 835.04 -126.706
-556.372 835.039 -126.674
-587.141 819.276 -123.524
-587.137 819.275 -123.492
-615.718 799.763 -120.742
-615.714 799.762 -120.71
-641.656 776.809 -118.403
-641.652 776.808 -118.372
-664.545 750.775 -116.545
-664.541 750.774 -116.513
-684.025 722.073 -115.196
-684.021 722.072 -115.165
-699.789 691.154 -114.378
-699.785 691.153 -114.347
-711.587 658.507 -114.104
-711.583 658.505 -114.073
-719.235 624.645 -114.378
-719.231 624.644 -114.347
-722.61 590.105 -115.196
-722.606 590.104 -115.165
-721.661 555.429 -116.545
-721.657 555.428 -116.513
-716.402 521.165 -118.403
-716.398 521.164 -118.372
-706.915 487.853 -120.742
-706.911 487.852 -120.71
-693.351 456.019 -123.524
-693.347 456.018 -123.492
-675.924 426.165 -126.706
-675.92 426.164 -126.674
-654.907 398.761 -130.237
-654.904 398.76 -130.205
-630.634 374.239 -134.061
-630.63 374.238 -134.029
-603.486 352.987 -138.119
-603.482 352.986 -138.087
-573.892 335.34 -142.347
-573.888 335.339 -142.315
-542.318 321.575 -146.677
-542.314 321.574 -146.645
-509.262 311.91 -151.041
-509.258 311.909 -151.01
-475.246 306.497 -155.371
-475.242 306.496 -155.34
-440.806 305.423 -159.599
-440.802 305.421 -159.567
-406.486 308.702 -163.657
-406.482 308.701 -163.625
-372.826 316.285 -167.481
-372.822 316.284 -167.45
-340.357 328.051 -171.012
-340.353 328.05 -170.981
-309.591 343.815 -174.194
-309.587 343.813 -174.162
-281.014 363.327 -176.976
-281.01 363.326 -176.944
-255.077 386.282 -179.315
-255.073 386.281 -179.283
-232.187 412.315 -181.173
-232.183 412.314 -181.141
-212.707 441.018 -182.522
-212.703 441.017 -182.49
-196.944 471.937 -183.34
-196.94 471.936 -183.308
1075.01 290.952 -180.696
1075.02 290.949 -180.665
1090.26 349.816 -179.728
1090.26 349.814 -179.697
1098.24 410.036 -176.837
1098.25 410.033 -176.806
1098.83 470.661 -172.071
1098.84 470.659 -172.04
1092.02 530.736 -165.503
1092.03 530.733 -165.472
1077.92 589.313 -157.238
1077.92 589.31 -157.207
1056.74 645.468 -147.406
1056.75 645.465 -147.375
1028.83 698.316 -136.162
1028.84 698.313 -136.131
994.617 747.023 -123.683
994.624 747.02 -123.652
954.648 790.821 -110.166
954.656 790.819 -110.135
909.552 829.02 -95.8246
909.559 829.017 -95.7937
860.039 861.016 -80.8845
860.047 861.014 -80.8535
806.891 886.306 -65.5813
806.899 886.304 -65.5504
750.946 904.491 -50.1566
750.953 904.488 -50.1256
693.085 915.283 -34.8535
693.093 915.281 -34.8225
634.222 918.513 -19.9133
634.23 918.511 -19.8823
575.285 914.13 -5.57171
575.293 914.127 -5.54075
517.203 902.202 7.94511
517.211 902.199 7.97607
460.892 882.918 20.424
460.9 882.915 20.455
407.241 856.582 31.6682
407.249 856.579 31.6991
357.095 823.609 41.5003
357.103 823.607 41.5312
311.245 784.52 49.7653
311.253 784.517 49.7962
270.415 739.93 56.3328
270.422 739.928 56.3638
235.247 690.544 61.0993
235.255 690.541 61.1303
206.298 637.139 63.9897
206.306 637.136 64.0206
184.023 580.558 64.9582
184.031 580.556 64.9891
168.774 521.694 63.9897
168.781 521.691 64.0206
160.79 461.474 61.0993
160.798 461.472 61.1303
160.199 400.849 56.3328
160.207 400.847 56.3638
167.01 340.774 49.7653
167.017 340.772 49.7962
181.114 282.197 41.5003
181.122 282.195 41.5312
202.29 226.042 31.6682
202.298 226.04 31.6991
230.203 173.194 20.424
230.211 173.192 20.455
264.414 124.487 7.94511
264.422 124.485 7.97607
304.383 80.689 -5.57171
304.391 80.6865 -5.54075
349.479 42.4904 -19.9133
349.487 42.4879 -19.8823
398.992 10.4938 -34.8535
399 10.4913 -34.8225
452.14 -14.7962 -50.1566
452.148 -14.7987 -50.1256
508.085 -32.9807 -65.5813
508.093 -32.9832 -65.5504
565.946 -43.773 -80.8845
565.953 -43.7755 -80.8535
624.809 -47.0029 -95.8246
624.816 -47.0054 -95.7937
683.746 -42.6193 -110.166
683.754 -42.6218 -110.135
741.828 -30.6915 -123.683
741.836 -30.694 -123.652
798.139 -11.4076 -136.162
798.146 -11.4101 -136.131
851.79 14.9284 -147.406
851.798 14.9258 -147.375
901.936 47.901 -157.238
901.944 47.8985 -157.207
947.786 86.9903 -165.503
947.794 86.9878 -165.472
988.616 131.58 -172.071
988.624 131.577 -172.04
1023.78 180.966 -176.837
1023.79 180.964 -176.806
1052.73 234.371 -179.728
1052.74 234.369 -179.697
-322.075 -11.3661 -223.787
-322.105 -11.3704 -223.779
-315.817 -51.2795 -221.329
-315.848 -51.2838 -221.321
-308.376 -90.3834 -213.995
-308.406 -90.3877 -213.987
-299.868 -128.061 -201.9
-299.898 -128.065 -201.892
-290.428 -163.718 -185.235
-290.458 -163.723 -185.227
-280.204 -196.793 -164.263
-280.235 -196.797 -164.255
-269.358 -226.763 -139.314
-269.389 -226.767 -139.306
-258.062 -253.156 -110.783
-258.092 -253.161 -110.775
-246.492 -275.556 -79.1179
-246.522 -275.56 -79.1097
-234.831 -293.61 -44.8194
-234.862 -293.614 -44.8112
-223.265 -307.032 -8.42806
-223.295 -307.036 -8.41991
-211.973 -315.611 29.4821
-212.004 -315.616 29.4903
-201.136 -319.212 68.3133
-201.167 -319.217 68.3215
-190.924 -317.779 107.453
-190.954 -317.783 107.461
-181.497 -311.332 146.284
-181.528 -311.337 146.293
-173.005 -299.976 184.195
-173.036 -299.98 184.203
-165.581 -283.887 220.586
-165.612 -283.891 220.594
-159.343 -263.321 254.884
-159.374 -263.325 254.893
-154.389 -238.601 286.549
-154.42 -238.605 286.557
-150.797 -210.117 315.081
-150.827 -210.122 315.089
-148.623 -178.319 340.03
-148.654 -178.324 340.038
-147.902 -143.708 361.002
-147.933 -143.713 361.01
-148.646 -106.83 377.667
-148.677 -106.834 377.675
-150.842 -68.2662 389.762
-150.873 -68.2705 389.77
-154.456 -28.6249 397.096
-154.487 -28.6292 397.104
-159.432 11.4685 399.553
-159.462 11.4642 399.561
-165.689 51.3819 397.096
-165.72 51.3776 397.104
-173.131 90.4858 389.762
-173.161 90.4815 389.77
-181.638 128.163 377.667
-181.669 128.159 377.675
-191.079 163.821 361.002
-191.109 163.816 361.01
-201.302 196.895 340.03
-201.333 196.891 340.038
-212.148 226.865 315.081
-212.179 226.861 315.089
-223.445 253.259 286.549
-223.475 253.254 286.557
-235.014 275.659 254.884
-235.045 275.654 254.893
-246.675 293.712 220.586
-246.705 293.708 220.594
-258.242 307.134 184.195
-258.272 307.13 184.203
-269.533 315.714 146.284
-269.563 315.709 146.293
-280.37 319.315 107.453
-280.401 319.311 107.461
-290.582 317.881 68.3133
-290.613 317.877 68.3215
-300.009 311.435 29.4821
-300.04 311.431 29.4903
-308.501 300.078 -8.42806
-308.532 300.074 -8.41991
-315.925 283.99 -44.8194
-315.955 283.985 -44.8112
-322.163 263.423 -79.1179
-322.194 263.419 -79.1097
-327.117 238.703 -110.783
-327.148 238.699 -110.775
-330.71 210.22 -139.314
-330.74 210.215 -139.306
-332.883 178.422 -164.263
-332.914 178.417 -164.255
-333.604 143.811 -185.235
-333.634 143.806 -185.227
-332.86 106.932 -201.9
-332.891 106.928 -201.892
-330.664 68.3685 -213.995
-330.695 68.3642 -213.987
-327.05 28.7273 -221.329
-327.08 28.723 -221.321
-207.937 -7.05646 -121.727
-207.968 -7.06097 -121.718
-204.149 -30.1279 -120.307
-204.18 -30.1324 -120.299
-199.662 -52.7236 -116.07
-199.693 -52.7281 -116.061
-194.547 -74.4874 -109.082
-194.577 -74.4919 -109.073
-188.884 -95.0758 -99.4536
-188.914 -95.0803 -99.4453
-182.763 -114.164 -87.3369
-182.793 -114.169 -87.3285
-176.28 -131.452 -72.9227
-176.31 -131.456 -72.9144
-169.537 -146.666 -56.4385
-169.567 -146.67 -56.4301
-162.641 -159.566 -38.1441
-162.672 -159.571 -38.1357
-155.701 -169.949 -18.328
-155.731 -169.954 -18.3197
-148.826 -177.652 2.69713
-148.856 -177.656 2.70547
-142.124 -182.552 24.5998
-142.154 -182.557 24.6082
-135.701 -184.573 47.0346
-135.732 -184.578 47.043
-129.659 -183.683 69.6478
-129.69 -183.687 69.6561
-124.092 -179.895 92.0826
-124.123 -179.899 92.0909
-119.089 -173.269 113.985
-119.12 -173.274 113.994
-114.729 -163.911 135.01
-114.759 -163.915 135.019
-111.079 -151.967 154.826
-111.11 -151.971 154.835
-108.198 -137.625 173.121
-108.229 -137.63 173.129
-106.132 -121.113 189.605
-106.162 -121.118 189.613
-104.912 -102.69 204.019
-104.942 -102.695 204.028
-104.558 -82.6475 216.136
-104.588 -82.6521 216.144
-105.075 -61.3008 225.764
-105.106 -61.3053 225.773
-106.456 -38.9867 232.752
-106.487 -38.9912 232.76
-108.679 -16.0572 236.989
-108.709 -16.0617 236.998
-111.708 7.12608 238.409
-111.739 7.12157 238.418
-115.496 30.1975 236.989
-115.527 30.193 236.998
-119.983 52.7933 232.752
-120.014 52.7887 232.76
-125.098 74.557 225.764
-125.129 74.5525 225.773
-130.761 95.1454 216.136
-130.792 95.1409 216.144
-136.883 114.234 204.019
-136.913 114.229 204.028
-143.366 131.521 189.605
-143.396 131.517 189.613
-150.108 146.735 173.121
-150.139 146.731 173.129
-157.004 159.636 154.826
-157.035 159.631 154.835
-163.944 170.019 135.01
-163.975 170.014 135.019
-170.819 177.722 113.985
-170.85 177.717 113.994
-177.521 182.622 92.0826
-177.552 182.617 92.0909
-183.944 184.643 69.6478
-183.975 184.638 69.6561
-189.986 183.752 47.0346
-190.017 183.748 47.043
-195.553 179.964 24.5998
-195.583 179.96 24.6082
-200.556 173.339 2.69713
-200.586 173.334 2.70547
-204.917 163.98 -18.328
-204.947 163.976 -18.3197
-208.566 152.036 -38.1441
-208.597 152.032 -38.1357
-211.447 137.695 -56.4385
-211.478 137.691 -56.4301
-213.514 121.183 -72.9227
-213.544 121.178 -72.9144
-214.734 102.76 -87.3369
-214.764 102.755 -87.3285
-215.088 82.7172 -99.4536
-215.118 82.7127 -99.4453
-214.57 61.3704 -109.082
-214.6 61.3659 -109.073
-213.189 39.0563 -116.07
-213.219 39.0518 -116.061
-210.966 16.1268 -120.307
-210.997 16.1223 -120.299
-112.972 -5.12549 -96.0591
-113.003 -5.13009 -96.0506
-110.28 -21.1373 -95.0745
-110.311 -21.1419 -95.066
-107.094 -36.8154 -92.1364
-107.124 -36.82 -92.1279
-103.462 -51.9126 -87.2911
-103.493 -51.9173 -87.2826
-99.4436 -66.1909 -80.6149
-99.4741 -66.1955 -80.6064
-95.1006 -79.425 -72.2133
-95.1311 -79.4296 -72.2048
-90.502 -91.4062 -62.2186
-90.5325 -91.4109 -62.2101
-85.7204 -101.946 -50.7885
-85.7509 -101.95 -50.78
-80.831 -110.877 -38.1032
-80.8615 -110.882 -38.0947
-75.9111 -118.06 -24.3629
-75.9416 -118.064 -24.3544
-71.0381 -123.38 -9.78416
-71.0686 -123.384 -9.77564
-66.2891 -126.754 5.40306
-66.3196 -126.759 5.41157
-61.7387 -128.129 20.9592
-61.7692 -128.134 20.9678
-57.4589 -127.483 36.6391
-57.4894 -127.488 36.6476
-53.5172 -124.826 52.1953
-53.5477 -124.831 52.2038
-49.9756 -120.201 67.3825
-50.0061 -120.205 67.391
-46.89 -113.679 81.9612
-46.9205 -113.684 81.9697
-44.3091 -105.365 95.7015
-44.3396 -105.369 95.7101
-42.2736 -95.388 108.387
-42.3041 -95.3926 108.395
-40.8156 -83.9068 119.817
-40.8461 -83.9114 119.825
-39.9581 -71.1021 129.812
-39.9886 -71.1067 129.82
-39.7146 -57.1757 138.213
-39.7451 -57.1803 138.222
-40.089 -42.3474 144.889
-40.1195 -42.352 144.898
-41.0753 -26.8509 149.735
-41.1058 -26.8555 149.743
-42.658 -10.9307 152.673
-42.6885 -10.9353 152.681
-44.8121 5.16224 153.657
-44.8426 5.15763 153.666
-47.5037 21.174 152.673
-47.5342 21.1694 152.681
-50.6903 36.8521 149.735
-50.7208 36.8475 149.743
-54.3217 51.9494 144.889
-54.3522 51.9448 144.898
-58.3405 66.2277 138.213
-58.371 66.2231 138.222
-62.6835 79.4618 129.812
-62.714 79.4572 129.82
-67.2821 91.443 119.817
-67.3126 91.4384 119.825
-72.0637 101.982 108.387
-72.0942 101.978 108.395
-76.9531 110.914 95.7015
-76.9836 110.909 95.7101
-81.8731 118.096 81.9612
-81.9036 118.092 81.9697
-86.746 123.417 67.3825
-86.7765 123.412 67.391
-91.4951 126.791 52.1953
-91.5256 126.786 52.2038
-96.0454 128.166 36.6391
-96.0759 128.161 36.6476
-100.325 127.52 20.9592
-100.356 127.515 20.9678
-104.267 124.863 5.40306
-104.297 124.859 5.41157
-107.809 120.238 -9.78416
-107.839 120.233 -9.77564
-110.894 113.716 -24.3629
-110.925 113.711 -24.3544
-113.475 105.401 -38.1032
-113.506 105.397 -38.0947
-115.511 95.4248 -50.7885
-115.541 95.4202 -50.78
-116.968 83.9436 -62.2186
-116.999 83.939 -62.2101
-117.826 71.1388 -72.2133
-117.857 71.1342 -72.2048
-118.07 57.2125 -80.6149
-118.1 57.2079 -80.6064
-117.695 42.3841 -87.2911
-117.726 42.3795 -87.2826
-116.709 26.8876 -92.1364
-116.739 26.883 -92.1279
-115.126 10.9674 -95.0745
-115.157 10.9628 -95.066
-25.5765 -4.11891 -105.009
-25.6071 -4.12347 -105.001
-23.3621 -17.4667 -104.187
-23.3927 -17.4713 -104.179
-20.7472 -30.5391 -101.733
-20.7777 -30.5436 -101.725
-17.7729 -43.1297 -97.687
-17.8034 -43.1343 -97.6787
-14.4861 -55.0402 -92.1119
-14.5167 -55.0448 -92.1036
-10.9387 -66.0826 -85.0959
-10.9693 -66.0872 -85.0876
-7.18672 -76.0828 -76.7495
-7.2173 -76.0874 -76.7413
-3.28922 -84.8832 -67.2045
-3.31979 -84.8877 -67.1962
0.692311 -92.3448 -56.6113
0.661738 -92.3494 -56.6031
4.69507 -98.3501 -45.1371
4.6645 -98.3547 -45.1288
8.65594 -102.804 -32.9627
8.62536 -102.809 -32.9545
12.5124 -105.637 -20.2802
12.4819 -105.642 -20.272
16.2038 -106.804 -7.28962
16.1732 -106.809 -7.28134
19.6717 -106.287 5.80425
19.6411 -106.291 5.81252
22.8615 -104.093 18.7949
22.831 -104.097 18.8031
25.723 -100.258 31.4774
25.6924 -100.262 31.4856
28.2109 -94.841 43.6517
28.1804 -94.8456 43.66
30.2861 -87.9288 55.126
30.2555 -87.9333 55.1343
31.9158 -79.6298 65.7191
31.8852 -79.6344 65.7274
33.0743 -70.075 75.2642
33.0438 -70.0796 75.2724
33.7434 -59.4151 83.6105
33.7128 -59.4196 83.6188
33.9125 -47.8181 90.6265
33.8819 -47.8226 90.6348
33.5789 -35.4669 96.2016
33.5483 -35.4715 96.2099
32.7478 -22.5564 100.248
32.7173 -22.561 100.256
31.4325 -9.29016 102.701
31.4019 -9.29472 102.71
29.6536 4.12265 103.524
29.6231 4.11808 103.532
27.4392 17.4705 102.701
27.4087 17.4659 102.71
24.8243 30.5428 100.248
24.7937 30.5382 100.256
21.85 43.1335 96.2016
21.8194 43.1289 96.2099
18.5632 55.0439 90.6265
18.5326 55.0394 90.6348
15.0158 66.0864 83.6105
14.9853 66.0818 83.6188
11.2638 76.0866 75.2642
11.2333 76.082 75.2724
7.36632 84.8869 65.7191
7.33575 84.8823 65.7274
3.38479 92.3485 55.126
3.35422 92.344 55.1343
-0.61797 98.3538 43.6517
-0.648542 98.3493 43.66
-4.57883 102.808 31.4774
-4.60941 102.803 31.4856
-8.43534 105.641 18.7949
-8.46591 105.636 18.8031
-12.1267 106.808 5.80425
-12.1572 106.803 5.81252
-15.5946 106.29 -7.28962
-15.6252 106.286 -7.28134
-18.7844 104.097 -20.2802
-18.815 104.092 -20.272
-21.6459 100.261 -32.9627
-21.6765 100.257 -32.9545
-24.1338 94.8447 -45.1371
-24.1644 94.8402 -45.1288
-26.209 87.9325 -56.6113
-26.2396 87.9279 -56.6031
-27.8387 79.6335 -67.2045
-27.8693 79.629 -67.1962
-28.9972 70.0787 -76.7495
-29.0278 70.0742 -76.7413
-29.6663 59.4188 -85.0959
-29.6969 59.4142 -85.0876
-29.8354 47.8218 -92.1119
-29.8659 47.8172 -92.1036
-29.5018 35.4707 -97.687
-29.5323 35.4661 -97.6787
-28.6707 22.5602 -101.733
-28.7013 22.5556 -101.725
-27.3554 9.2939 -104.187
-27.386 9.28933 -104.179
22.7872 -10.1209 -245.629
22.7569 -10.126 -245.621
27.9077 -37.7064 -243.931
27.8773 -37.7115 -243.923
33.8965 -64.6975 -238.864
33.8662 -64.7026 -238.855
40.6592 -90.6685 -230.507
40.6289 -90.6736 -230.499
48.0892 -115.21 -218.993
48.0588 -115.215 -218.984
56.0693 -137.935 -204.502
56.0389 -137.94 -204.494
64.4735 -158.484 -187.264
64.4432 -158.489 -187.256
73.1695 -176.534 -167.551
73.1391 -176.54 -167.542
82.02 -191.801 -145.672
81.9896 -191.806 -145.664
90.8855 -204.043 -121.974
90.8551 -204.048 -121.965
99.6261 -213.067 -96.83
99.5957 -213.072 -96.8213
108.104 -218.732 -70.6364
108.074 -218.737 -70.6277
116.186 -220.947 -43.8065
116.155 -220.952 -43.7978
123.743 -219.678 -16.7633
123.713 -219.683 -16.7546
130.658 -214.944 10.0667
130.628 -214.949 10.0754
136.82 -206.821 36.2603
136.79 -206.826 36.269
142.134 -195.437 61.4044
142.103 -195.442 61.4131
146.514 -180.97 85.1025
146.484 -180.975 85.1113
149.892 -163.65 106.981
149.862 -163.655 106.99
152.215 -143.749 126.695
152.184 -143.754 126.703
153.445 -121.582 143.933
153.415 -121.587 143.941
153.565 -97.497 158.423
153.534 -97.5021 158.432
152.57 -71.8749 169.937
152.54 -71.88 169.946
150.479 -45.1195 178.294
150.448 -45.1246 178.303
147.322 -17.6527 183.362
147.292 -17.6578 183.37
143.151 10.0922 185.06
143.12 10.0871 185.068
138.03 37.6777 183.362
138 37.6726 183.37
132.042 64.6688 178.294
132.011 64.6637 178.303
125.279 90.6398 169.937
125.248 90.6347 169.946
117.849 115.181 158.423
117.818 115.176 158.432
109.869 137.906 143.933
109.838 137.901 143.941
101.465 158.455 126.695
101.434 158.45 126.703
92.7686 176.506 106.981
92.7382 176.501 106.99
83.9181 191.772 85.1025
83.8877 191.767 85.1113
75.0526 204.014 61.4044
75.0222 204.009 61.4131
66.312 213.039 36.2603
66.2816 213.034 36.269
57.834 218.703 10.0667
57.8037 218.698 10.0754
49.7525 220.918 -16.7633
49.7221 220.913 -16.7546
42.1948 219.649 -43.8065
42.1644 219.644 -43.7978
35.2801 214.915 -70.6364
35.2498 214.91 -70.6277
29.1176 206.792 -96.83
29.0872 206.787 -96.8213
23.8043 195.408 -121.974
23.7739 195.403 -121.965
19.424 180.942 -145.672
19.3937 180.937 -145.664
16.0459 163.621 -167.551
16.0156 163.616 -167.542
13.7232 143.721 -187.264
13.6929 143.716 -187.256
12.4926 121.553 -204.502
12.4622 121.548 -204.494
12.3734 97.4683 -218.993
12.3431 97.4632 -218.984
13.3676 71.8462 -230.507
13.3372 71.8411 -230.499
15.4594 45.0908 -238.864
15.429 45.0857 -238.855
18.6159 17.624 -243.931
18.5855 17.6189 -243.923
78.0806 -12.1711 -370.261
78.0501 -12.1755 -370.252
84.4153 -52.073 -367.813
84.3848 -52.0773 -367.805
92.0036 -91.1541 -360.508
91.9731 -91.1584 -360.5
100.726 -128.798 -348.461
100.695 -128.802 -348.453
110.444 -164.411 -331.862
110.414 -164.416 -331.854
121.005 -197.432 -310.973
120.975 -197.437 -310.965
132.243 -227.34 -286.124
132.213 -227.344 -286.115
143.98 -253.663 -257.705
143.95 -253.667 -257.696
156.032 -275.986 -226.166
156.001 -275.991 -226.157
168.207 -293.957 -192.003
168.177 -293.962 -191.995
180.315 -307.293 -155.756
180.284 -307.297 -155.748
192.163 -315.783 -117.996
192.133 -315.787 -117.988
203.566 -319.293 -79.3191
203.535 -319.298 -79.3105
214.343 -317.769 -40.3345
214.313 -317.773 -40.3258
224.325 -311.233 -1.6572
224.294 -311.238 -1.64859
233.354 -299.79 36.1027
233.323 -299.794 36.1113
241.287 -283.619 72.3497
241.257 -283.624 72.3583
248 -262.976 106.512
247.97 -262.981 106.521
253.387 -238.187 138.051
253.356 -238.191 138.06
257.362 -209.641 166.47
257.332 -209.645 166.479
259.864 -177.79 191.32
259.833 -177.794 191.328
260.852 -143.135 212.209
260.821 -143.139 212.217
260.311 -106.223 228.808
260.28 -106.228 228.816
258.249 -67.637 240.855
258.219 -67.6413 240.863
254.7 -27.9846 248.16
254.67 -27.9889 248.168
249.719 12.1087 250.608
249.688 12.1044 250.616
243.384 52.0105 248.16
243.353 52.0062 248.168
235.796 91.0916 240.855
235.765 91.0873 240.863
227.074 128.736 228.808
227.043 128.731 228.816
217.355 164.349 212.209
217.325 164.345 212.217
206.794 197.37 191.32
206.763 197.366 191.328
195.556 227.278 166.47
195.525 227.273 166.479
183.819 253.601 138.051
183.788 253.596 138.06
171.768 275.924 106.512
171.737 275.919 106.521
159.592 293.895 72.3497
159.562 293.891 72.3583
147.485 307.231 36.1027
147.454 307.226 36.1113
135.636 315.721 -1.6572
135.606 315.716 -1.64859
124.233 319.231 -40.3345
124.203 319.227 -40.3258
113.456 317.706 -79.3191
113.426 317.702 -79.3105
103.474 311.171 -117.996
103.444 311.167 -117.988
94.4457 299.728 -155.756
94.4152 299.723 -155.748
86.5122 283.557 -192.003
86.4817 283.553 -191.995
79.7992 262.914 -226.166
79.7687 262.91 -226.157
74.4125 238.124 -257.705
74.382 238.12 -257.696
70.4371 209.578 -286.124
70.4066 209.574 -286.115
67.9356 177.727 -310.973
67.9051 177.723 -310.965
66.9476 143.072 -331.862
66.9171 143.068 -331.854
67.4885 106.161 -348.461
67.458 106.157 -348.453
69.5499 67.5746 -360.508
69.5194 67.5703 -360.5
73.0993 27.9221 -367.813
73.0687 27.9178 -367.805
161.091 -12.8655 -400.343
161.06 -12.8702 -400.335
167.863 -52.6951 -397.891
167.833 -52.6998 -397.883
175.849 -91.6944 -390.573
175.819 -91.6991 -390.565
184.924 -129.248 -378.505
184.893 -129.253 -378.497
194.943 -164.765 -361.878
194.912 -164.77 -361.869
205.748 -197.684 -340.952
205.718 -197.688 -340.944
217.17 -227.485 -316.059
217.14 -227.49 -316.051
229.029 -253.701 -287.591
228.998 -253.705 -287.583
241.136 -275.915 -255.997
241.105 -275.92 -255.989
253.302 -293.78 -221.775
253.271 -293.784 -221.767
265.334 -307.011 -185.465
265.303 -307.016 -185.457
277.043 -315.402 -147.639
277.012 -315.407 -147.631
288.243 -318.82 -108.895
288.213 -318.824 -108.886
298.759 -317.21 -69.8424
298.729 -317.215 -69.834
308.425 -310.599 -31.0978
308.395 -310.603 -31.0894
317.088 -299.089 6.72775
317.057 -299.094 6.73616
324.611 -282.864 43.0378
324.58 -282.869 43.0463
330.876 -262.179 77.2598
330.845 -262.184 77.2682
335.784 -237.36 108.854
335.753 -237.364 108.862
339.257 -208.798 137.322
339.227 -208.802 137.33
341.242 -176.944 162.215
341.211 -176.948 162.223
341.706 -142.3 183.14
341.675 -142.305 183.149
340.642 -105.413 199.768
340.611 -105.417 199.777
338.067 -66.8639 211.836
338.036 -66.8686 211.844
334.022 -27.2613 219.154
333.991 -27.266 219.162
328.57 12.7705 221.606
328.539 12.7658 221.614
321.797 52.6001 219.154
321.767 52.5954 219.162
313.811 91.5994 211.836
313.781 91.5947 211.844
304.737 129.153 199.768
304.706 129.149 199.777
294.718 164.67 183.14
294.687 164.665 183.149
283.912 197.589 162.215
283.882 197.584 162.223
272.49 227.39 137.322
272.46 227.386 137.33
260.632 253.605 108.854
260.601 253.601 108.862
248.524 275.82 77.2598
248.494 275.816 77.2682
236.359 293.684 43.0378
236.328 293.68 43.0463
224.327 306.916 6.72775
224.296 306.912 6.73616
212.618 315.307 -31.0978
212.587 315.303 -31.0894
201.417 318.725 -69.8424
201.387 318.72 -69.834
190.901 317.115 -108.895
190.871 317.11 -108.886
181.235 310.504 -147.639
181.205 310.499 -147.631
172.573 298.994 -185.465
172.542 298.99 -185.457
165.05 282.769 -221.775
165.019 282.765 -221.767
158.785 262.084 -255.997
158.754 262.079 -255.989
153.877 237.265 -287.591
153.846 237.26 -287.583
150.403 208.703 -316.059
150.373 208.698 -316.051
148.419 176.849 -340.952
148.388 176.844 -340.944
147.955 142.205 -361.878
147.924 142.2 -361.869
149.019 105.318 -378.505
148.988 105.313 -378.497
151.594 66.7688 -390.573
151.563 66.7642 -390.565
155.639 27.1663 -397.891
155.608 27.1616 -397.883
CELLS 2352 9408
3 45 42 44
3 45 42 43
3 41 42 43
3 41 42 40
3 46 45 47
3 46 45 44
3 49 46 48
3 49 46 47
3 49 48 50
3 49 51 50
3 32 33 31
3 32 31 30
3 35 36 34
3 35 36 37
3 35 32 34
3 35 32 33
3 27 26 24
3 27 25 24
3 75 72 74
3 75 72 73
3 39 36 38
3 39 36 37
3 39 40 38
3 39 41 40
3 53 51 50
3 53 52 50
3 60 61 63
3 60 63 62
3 59 58 56
3 59 56 57
3 59 60 58
3 59 60 61
3 69 66 68
3 69 66 67
3 70 69 71
3 70 69 68
3 70 71 73
3 70 72 73
3 77 78 76
3 77 78 79
3 77 76 74
3 77 75 74
3 84 85 87
3 84 87 86
3 81 78 80
3 81 78 79
3 89 88 86
3 89 87 86
3 89 90 88
3 89 91 90
3 95 94 96
3 95 96 97
3 29 31 30
3 29 28 30
3 29 27 26
3 29 28 26
3 64 65 63
3 64 63 62
3 64 65 67
3 64 66 67
3 7 8 6
3 7 9 8
3 11 10 12
3 11 12 13
3 11 10 8
3 11 9 8
3 4 7 5
3 4 7 6
3 99 98 96
3 99 96 97
3 99 98 0
3 99 1 0
3 3 4 2
3 3 4 5
3 3 2 0
3 3 1 0
3 22 25 24
3 22 23 25
3 14 15 13
3 14 12 13
3 83 84 85
3 83 84 82
3 83 82 80
3 83 81 80
3 93 90 92
3 93 91 90
3 93 94 92
3 93 95 94
3 55 56 57
3 55 54 56
3 55 53 52
3 55 54 52
3 20 21 19
3 20 18 19
3 20 21 23
3 20 22 23
3 17 65 67
3 17 39 37
3 17 77 79
3 17 59 57
3 17 45 47
3 17 35 37
3 17 49 47
3 17 69 67
3 17 23 25
3 17 89 87
3 17 33 31
3 17 27 25
3 17 93 91
3 17 21 19
3 17 15 13
3 17 45 43
3 17 41 43
3 17 49 51
3 17 35 33
3 17 95 97
3 17 65 63
3 17 61 63
3 17 71 73
3 17 75 73
3 17 7 5
3 17 11 13
3 17 85 87
3 17 81 79
3 17 39 41
3 17 53 51
3 17 59 61
3 17 69 71
3 17 77 75
3 17 29 31
3 17 99 97
3 17 21 23
3 17 55 57
3 17 3 5
3 17 89 91
3 17 83 85
3 17 29 27
3 17 7 9
3 17 11 9
3 17 99 1
3 17 3 1
3 17 83 81
3 17 93 95
3 17 55 53
3 16 46 44
3 16 36 38
3 16 48 50
3 16 2 0
3 16 90 92
3 16 88 86
3 16 40 38
3 16 54 56
3 16 32 30
3 16 76 74
3 16 78 80
3 16 52 50
3 16 26 24
3 16 70 68
3 16 10 12
3 16 4 6
3 16 82 80
3 16 42 44
3 16 36 34
3 16 94 92
3 16 58 56
3 16 28 30
3 16 72 74
3 16 90 88
3 16 98 0
3 16 78 76
3 16 42 40
3 16 46 48
3 16 84 86
3 16 32 34
3 16 60 62
3 16 8 6
3 16 22 24
3 16 98 96
3 16 94 96
3 16 28 26
3 16 66 68
3 16 60 58
3 16 70 72
3 16 10 8
3 16 64 62
3 16 84 82
3 16 54 52
3 16 64 66
3 16 4 2
3 16 14 12
3 16 20 18
3 16 20 22
3 16 18 19
3 16 17 19
3 16 14 15
3 16 17 15
3 143 140 142
3 143 140 141
3 139 140 141
3 139 140 138
3 144 143 145
3 144 143 142
3 110 113 111
3 110 113 112
3 115 116 114
3 115 116 117
3 115 114 112
3 115 113 112
3 119 116 118
3 119 116 117
3 120 119 121
3 120 119 118
3 126 127 125
3 126 125 124
3 133 134 132
3 133 134 135
3 133 132 130
3 133 131 130
3 129 126 128
3 129 126 127
3 129 128 130
3 129 131 130
3 157 154 156
3 157 154 155
3 157 158 156
3 157 158 159
3 137 134 136
3 137 134 135
3 137 138 136
3 137 139 138
3 148 149 151
3 148 151 150
3 147 144 146
3 147 144 145
3 147 148 146
3 147 148 149
3 101 102 100
3 101 102 103
3 152 153 151
3 152 151 150
3 152 153 155
3 152 154 155
3 167 164 166
3 167 164 165
3 163 164 162
3 163 164 165
3 160 163 161
3 160 163 162
3 160 158 159
3 160 161 159
3 198 101 199
3 198 101 100
3 197 196 194
3 197 194 195
3 197 198 196
3 197 198 199
3 109 110 111
3 109 108 110
3 109 108 106
3 109 107 106
3 105 102 103
3 105 104 102
3 105 104 106
3 105 107 106
3 122 125 124
3 122 123 125
3 122 120 121
3 122 123 121
3 193 192 194
3 193 194 195
3 183 184 182
3 183 184 185
3 173 172 174
3 173 174 175
3 173 170 172
3 173 170 171
3 169 170 168
3 169 170 171
3 169 166 168
3 169 167 166
3 191 190 188
3 191 189 188
3 191 192 190
3 191 193 192
3 186 187 189
3 186 189 188
3 186 187 185
3 186 184 185
3 180 183 181
3 180 183 182
3 179 129 127
3 179 119 117
3 179 115 117
3 179 137 135
3 179 153 155
3 179 143 145
3 179 197 195
3 179 127 125
3 179 105 103
3 179 183 185
3 179 167 165
3 179 113 111
3 179 163 165
3 179 101 103
3 179 133 135
3 179 123 125
3 179 157 155
3 179 143 141
3 179 139 141
3 179 149 151
3 179 147 145
3 179 109 111
3 179 115 113
3 179 119 121
3 179 133 131
3 179 129 131
3 179 153 151
3 179 191 189
3 179 157 159
3 179 161 159
3 179 137 139
3 179 147 149
3 179 101 199
3 179 123 121
3 179 193 195
3 179 187 185
3 179 173 175
3 179 163 161
3 179 197 199
3 179 109 107
3 179 105 107
3 179 169 171
3 179 187 189
3 179 183 181
3 179 173 171
3 179 169 167
3 179 191 193
3 179 177 175
3 179 180 178
3 179 180 181
3 176 114 112
3 176 134 136
3 176 148 150
3 176 116 118
3 176 198 100
3 176 138 136
3 176 172 174
3 176 170 168
3 176 164 162
3 176 132 130
3 176 110 112
3 176 190 188
3 176 152 150
3 176 140 142
3 176 134 132
3 176 144 142
3 176 102 100
3 176 128 130
3 176 126 124
3 176 154 156
3 176 122 124
3 176 140 138
3 176 144 146
3 176 160 162
3 176 108 106
3 176 116 114
3 176 120 118
3 176 126 128
3 176 104 106
3 176 192 194
3 176 166 168
3 176 158 156
3 176 148 146
3 176 196 194
3 176 108 110
3 176 104 102
3 176 192 190
3 176 184 182
3 176 152 154
3 176 164 166
3 176 180 182
3 176 160 158
3 176 198 196
3 176 122 120
3 176 186 188
3 176 170 172
3 176 186 184
3 176 180 178
3 176 174 175
3 176 177 175
3 176 179 177
3 176 179 178
3 201 202 200
3 201 202 203
3 298 201 299
3 298 201 200
3 288 291 289
3 288 291 290
3 287 288 286
3 287 288 289
3 242 243 245
3 242 245 244
3 239 238 236
3 239 236 237
3 221 220 218
3 221 218 219
3 221 220 222
3 221 223 222
3 225 226 224
3 225 226 227
3 225 222 224
3 225 223 222
3 217 216 218
3 217 218 219
3 217 216 214
3 217 215 214
3 213 210 212
3 213 210 211
3 213 214 212
3 213 215 214
3 205 202 203
3 205 204 202
3 205 204 206
3 205 207 206
3 209 208 210
3 209 210 211
3 209 208 206
3 209 207 206
3 257 254 256
3 257 254 255
3 257 258 256
3 257 258 259
3 296 298 299
3 296 297 299
3 296 297 295
3 296 294 295
3 281 282 280
3 281 282 283
3 278 281 279
3 278 281 280
3 241 242 243
3 241 242 240
3 241 238 240
3 241 239 238
3 251 248 250
3 251 248 249
3 252 251 253
3 252 251 250
3 252 253 255
3 252 254 255
3 233 232 230
3 233 231 230
3 264 263 265
3 264 263 262
3 267 264 266
3 267 264 265
3 267 266 268
3 267 269 268
3 292 291 290
3 292 293 291
3 292 294 295
3 292 293 295
3 284 287 286
3 284 285 287
3 284 285 283
3 284 282 283
3 246 245 244
3 246 247 245
3 246 247 249
3 246 248 249
3 229 226 227
3 229 228 226
3 229 228 230
3 229 231 230
3 235 234 236
3 235 236 237
3 235 232 234
3 235 233 232
3 261 258 259
3 261 260 258
3 261 263 262
3 261 260 262
3 276 277 275
3 276 274 275
3 276 278 279
3 276 277 279
3 271 253 255
3 271 213 211
3 271 209 211
3 271 287 289
3 271 285 283
3 271 201 203
3 271 251 249
3 271 235 237
3 271 291 289
3 271 267 265
3 271 239 237
3 271 205 203
3 271 225 227
3 271 201 299
3 271 263 265
3 271 297 295
3 271 243 245
3 271 241 243
3 271 221 219
3 271 217 219
3 271 257 255
3 271 297 299
3 271 285 287
3 271 293 295
3 271 281 283
3 271 247 245
3 271 277 275
3 271 221 223
3 271 225 223
3 271 217 215
3 271 213 215
3 271 205 207
3 271 209 207
3 271 229 227
3 271 257 259
3 271 273 275
3 271 293 291
3 271 281 279
3 271 241 239
3 271 247 249
3 271 251 253
3 271 233 231
3 271 267 269
3 271 277 279
3 271 229 231
3 271 235 233
3 271 261 259
3 271 261 263
3 271 269 268
3 271 270 268
3 272 234 236
3 272 202 200
3 272 232 230
3 272 210 212
3 272 242 244
3 272 214 212
3 272 288 286
3 272 208 206
3 272 292 290
3 272 222 224
3 272 246 244
3 272 216 218
3 272 298 200
3 272 260 262
3 272 238 236
3 272 226 224
3 272 220 218
3 272 204 206
3 272 228 230
3 272 264 262
3 272 288 290
3 272 296 298
3 272 238 240
3 272 232 234
3 272 252 250
3 272 220 222
3 272 216 214
3 272 204 202
3 272 208 210
3 272 254 256
3 272 248 250
3 272 276 274
3 272 242 240
3 272 284 286
3 272 266 268
3 272 258 256
3 272 296 294
3 272 282 280
3 272 278 280
3 272 252 254
3 272 228 226
3 272 264 266
3 272 270 268
3 272 260 258
3 272 292 294
3 272 284 282
3 272 246 248
3 272 276 278
3 272 273 275
3 272 274 275
3 272 271 273
3 272 271 270
3 397 398 396
3 397 398 399
3 391 390 392
3 391 392 393
3 391 390 388
3 391 389 388
3 387 388 386
3 387 389 388
3 384 387 385
3 384 387 386
3 376 377 375
3 376 375 374
3 340 341 343
3 340 343 342
3 339 338 336
3 339 336 337
3 339 340 338
3 339 340 341
3 344 345 343
3 344 343 342
3 347 348 346
3 347 348 349
3 347 344 346
3 347 344 345
3 305 304 306
3 305 306 307
3 305 304 302
3 305 303 302
3 301 398 300
3 301 398 399
3 301 302 300
3 301 303 302
3 309 308 306
3 309 306 307
3 317 316 318
3 317 318 319
3 383 384 382
3 383 384 385
3 383 382 380
3 383 381 380
3 335 334 336
3 335 336 337
3 357 358 356
3 357 359 358
3 361 360 362
3 361 362 363
3 361 360 358
3 361 359 358
3 354 357 355
3 354 357 356
3 353 354 355
3 353 354 352
3 311 310 312
3 311 313 312
3 311 308 310
3 311 309 308
3 395 392 393
3 395 394 392
3 395 397 396
3 395 394 396
3 325 326 324
3 325 326 327
3 325 322 324
3 325 322 323
3 321 320 318
3 321 318 319
3 321 322 320
3 321 322 323
3 379 376 377
3 379 378 376
3 379 381 380
3 379 378 380
3 367 366 368
3 367 369 368
3 329 328 326
3 329 326 327
3 329 328 330
3 329 331 330
3 333 332 330
3 333 331 330
3 333 332 334
3 333 335 334
3 351 348 350
3 351 348 349
3 351 352 350
3 351 353 352
3 315 313 312
3 315 314 312
3 315 317 316
3 315 314 316
3 364 322 324
3 364 310 312
3 364 334 336
3 364 308 306
3 364 388 386
3 364 360 362
3 364 376 374
3 364 384 386
3 364 338 336
3 364 326 324
3 364 302 300
3 364 398 300
3 364 390 392
3 364 352 350
3 364 372 374
3 364 332 330
3 364 340 342
3 364 348 350
3 364 304 306
3 364 344 342
3 364 354 356
3 364 390 388
3 364 382 380
3 364 378 380
3 364 332 334
3 364 358 356
3 364 348 346
3 364 304 302
3 364 308 310
3 364 398 396
3 364 320 318
3 364 316 318
3 364 314 312
3 364 384 382
3 364 394 392
3 364 360 358
3 364 328 330
3 364 340 338
3 364 344 346
3 364 394 396
3 364 378 376
3 364 366 368
3 364 370 368
3 364 328 326
3 364 354 352
3 364 322 320
3 364 314 316
3 364 372 370
3 371 370 368
3 371 369 368
3 365 362 363
3 365 364 362
3 365 367 366
3 365 364 366
3 373 379 377
3 373 317 319
3 373 347 349
3 373 301 399
3 373 387 385
3 373 339 337
3 373 383 385
3 373 311 313
3 373 357 355
3 373 325 327
3 373 309 307
3 373 391 393
3 373 377 375
3 373 361 363
3 373 341 343
3 373 345 343
3 373 305 307
3 373 397 399
3 373 391 389
3 373 387 389
3 373 321 319
3 373 315 313
3 373 365 363
3 373 335 337
3 373 339 341
3 373 347 345
3 373 305 303
3 373 301 303
3 373 333 331
3 373 395 393
3 373 351 349
3 373 383 381
3 373 329 327
3 373 357 359
3 373 361 359
3 373 353 355
3 373 311 309
3 373 395 397
3 373 325 323
3 373 321 323
3 373 379 381
3 373 367 369
3 373 329 331
3 373 333 335
3 373 351 353
3 373 315 317
3 373 371 369
3 373 365 367
3 373 375 374
3 373 372 374
3 373 372 370
3 373 371 370
3 475 476 474
3 475 476 477
3 475 472 474
3 475 472 473
3 469 466 468
3 469 466 467
3 425 426 424
3 425 426 427
3 498 499 401
3 498 401 400
3 429 428 426
3 429 426 427
3 435 434 436
3 435 436 437
3 435 432 434
3 435 432 433
3 479 476 477
3 479 478 476
3 465 466 467
3 465 464 466
3 465 464 462
3 465 463 462
3 441 440 442
3 441 443 442
3 421 420 418
3 421 418 419
3 422 425 423
3 422 425 424
3 422 421 423
3 422 421 420
3 414 415 413
3 414 412 413
3 497 498 496
3 497 498 499
3 497 496 494
3 497 495 494
3 493 492 494
3 493 495 494
3 431 432 430
3 431 432 433
3 431 428 430
3 431 429 428
3 471 472 473
3 471 470 472
3 471 469 468
3 471 470 468
3 481 482 480
3 481 482 483
3 481 478 480
3 481 479 478
3 484 485 487
3 484 486 487
3 484 485 483
3 484 482 483
3 454 455 457
3 454 456 457
3 453 452 450
3 453 451 450
3 453 454 452
3 453 454 455
3 459 458 456
3 459 456 457
3 449 448 450
3 449 451 450
3 449 448 446
3 449 447 446
3 445 443 442
3 445 444 442
3 445 444 446
3 445 447 446
3 489 488 486
3 489 486 487
3 411 412 413
3 411 410 412
3 461 463 462
3 461 460 462
3 461 460 458
3 461 459 458
3 439 436 437
3 439 438 436
3 439 441 440
3 439 438 440
3 416 418 419
3 416 417 419
3 416 414 415
3 416 417 415
3 491 492 490
3 491 493 492
3 491 488 490
3 491 489 488
3 408 470 468
3 408 476 474
3 408 438 436
3 408 434 436
3 408 454 456
3 408 460 462
3 408 444 442
3 408 428 430
3 408 426 424
3 408 478 480
3 408 452 450
3 408 496 494
3 408 488 486
3 408 492 494
3 408 410 412
3 408 466 468
3 408 472 474
3 408 464 462
3 408 488 490
3 408 492 490
3 408 422 424
3 408 414 412
3 408 428 426
3 408 498 400
3 408 432 430
3 408 478 476
3 408 482 480
3 408 464 466
3 408 458 456
3 408 440 442
3 408 448 450
3 408 420 418
3 408 498 496
3 408 432 434
3 408 470 472
3 408 484 486
3 408 460 458
3 408 448 446
3 408 444 446
3 408 422 420
3 408 402 400
3 408 416 418
3 408 404 406
3 408 484 482
3 408 454 452
3 408 438 440
3 408 402 404
3 408 416 414
3 403 401 400
3 403 402 400
3 409 408 406
3 409 407 406
3 409 411 410
3 409 408 410
3 405 475 477
3 405 485 487
3 405 481 483
3 405 429 427
3 405 465 467
3 405 479 477
3 405 469 467
3 405 425 427
3 405 497 499
3 405 489 487
3 405 415 413
3 405 435 437
3 405 453 451
3 405 461 463
3 405 459 457
3 405 499 401
3 405 475 473
3 405 431 433
3 405 455 457
3 405 425 423
3 405 445 443
3 405 421 419
3 405 491 493
3 405 493 495
3 405 435 433
3 405 471 473
3 405 485 483
3 405 465 463
3 405 441 443
3 405 449 451
3 405 421 423
3 405 497 495
3 405 417 419
3 405 431 429
3 405 471 469
3 405 481 479
3 405 453 455
3 405 411 413
3 405 449 447
3 405 445 447
3 405 417 415
3 405 439 437
3 405 403 401
3 405 461 459
3 405 439 441
3 405 491 489
3 405 409 407
3 405 409 411
3 405 404 406
3 405 407 406
3 405 402 404
3 405 403 402
3 517 514 516
3 517 514 515
3 517 516 518
3 517 519 518
3 507 508 506
3 507 509 508
3 513 514 515
3 513 514 512
3 504 507 505
3 504 507 506
3 503 504 502
3 503 504 505
3 503 502 500
3 503 501 500
3 523 522 524
3 523 525 524
3 542 543 545
3 542 545 544
3 539 538 536
3 539 536 537
3 557 554 556
3 557 554 555
3 557 558 556
3 557 558 559
3 563 564 562
3 563 564 565
3 511 510 508
3 511 509 508
3 511 510 512
3 511 513 512
3 597 596 594
3 597 594 595
3 590 591 589
3 590 589 588
3 593 592 594
3 593 594 595
3 593 590 592
3 593 590 591
3 583 584 582
3 583 584 585
3 541 542 543
3 541 542 540
3 541 538 540
3 541 539 538
3 546 547 545
3 546 545 544
3 549 546 548
3 549 546 547
3 549 548 550
3 549 551 550
3 533 532 530
3 533 531 530
3 534 536 537
3 534 535 537
3 534 533 535
3 534 533 532
3 529 528 530
3 529 531 530
3 521 519 518
3 521 520 518
3 521 523 522
3 521 520 522
3 586 587 589
3 586 589 588
3 586 587 585
3 586 584 585
3 553 554 555
3 553 552 554
3 553 551 550
3 553 552 550
3 527 526 524
3 527 525 524
3 527 528 526
3 527 529 528
3 567 564 565
3 567 566 564
3 567 566 568
3 567 569 568
3 561 558 559
3 561 560 558
3 561 563 562
3 561 560 562
3 599 501 500
3 599 598 500
3 599 597 596
3 599 598 596
3 576 577 575
3 576 574 575
3 576 577 579
3 576 578 579
3 580 583 582
3 580 581 583
3 580 581 579
3 580 578 579
3 571 535 537
3 571 581 579
3 571 511 509
3 571 587 585
3 571 597 595
3 571 507 505
3 571 503 505
3 571 517 515
3 571 521 519
3 571 533 531
3 571 539 537
3 571 527 525
3 571 513 515
3 571 517 519
3 571 523 525
3 571 543 545
3 571 547 545
3 571 557 555
3 571 507 509
3 571 563 565
3 571 503 501
3 571 553 555
3 571 587 589
3 571 591 589
3 571 593 595
3 571 583 585
3 571 541 543
3 571 549 547
3 571 573 575
3 571 557 559
3 571 567 565
3 571 511 513
3 571 561 559
3 571 593 591
3 571 577 575
3 571 541 539
3 571 549 551
3 571 533 535
3 571 529 531
3 571 521 523
3 571 577 579
3 571 581 583
3 571 553 551
3 571 527 529
3 571 599 501
3 571 567 569
3 571 561 563
3 571 599 597
3 571 570 568
3 571 569 568
3 572 552 550
3 572 502 500
3 572 510 512
3 572 514 512
3 572 542 544
3 572 590 588
3 572 526 524
3 572 598 500
3 572 504 506
3 572 538 536
3 572 546 544
3 572 508 506
3 572 516 518
3 572 522 524
3 572 560 562
3 572 564 562
3 572 510 508
3 572 534 536
3 572 514 516
3 572 566 568
3 572 592 594
3 572 520 518
3 572 538 540
3 572 532 530
3 572 548 550
3 572 554 556
3 572 528 530
3 572 504 502
3 572 596 594
3 572 542 540
3 572 586 588
3 572 528 526
3 572 580 582
3 572 558 556
3 572 520 522
3 572 584 582
3 572 590 592
3 572 576 574
3 572 546 548
3 572 552 554
3 572 534 532
3 572 570 568
3 572 566 564
3 572 560 558
3 572 598 596
3 572 586 584
3 572 576 578
3 572 580 578
3 572 573 575
3 572 574 575
3 572 571 573
3 572 571 570
3 601 602 600
3 601 602 603
3 609 610 608
3 609 610 611
3 609 608 606
3 609 607 606
3 613 610 612
3 613 610 611
3 621 622 620
3 621 622 623
3 605 602 603
3 605 604 602
3 605 607 606
3 605 604 606
3 695 694 692
3 695 692 693
3 698 601 699
3 698 601 600
3 645 642 644
3 645 642 643
3 641 642 643
3 641 642 640
3 646 645 647
3 646 645 644
3 649 646 648
3 649 646 647
3 649 648 650
3 649 651 650
3 633 632 630
3 633 631 630
3 625 622 624
3 625 622 623
3 625 626 624
3 625 626 627
3 619 616 618
3 619 616 617
3 619 620 618
3 619 621 620
3 653 654 652
3 653 654 655
3 653 652 650
3 653 651 650
3 657 654 656
3 657 654 655
3 657 658 656
3 657 658 659
3 663 664 662
3 663 664 665
3 691 690 692
3 691 692 693
3 691 690 688
3 691 689 688
3 687 684 686
3 687 684 685
3 687 688 686
3 687 689 688
3 639 638 636
3 639 636 637
3 639 638 640
3 639 641 640
3 635 634 636
3 635 636 637
3 635 634 632
3 635 633 632
3 615 614 616
3 615 616 617
3 615 613 612
3 615 614 612
3 696 695 694
3 696 697 695
3 696 698 699
3 696 697 699
3 683 684 685
3 683 682 684
3 628 631 630
3 628 629 631
3 628 626 627
3 628 629 627
3 671 670 668
3 671 669 668
3 667 664 665
3 667 666 664
3 667 666 668
3 667 669 668
3 661 658 659
3 661 660 658
3 661 663 662
3 661 660 662
3 681 678 680
3 681 678 679
3 681 682 680
3 681 683 682
3 676 677 675
3 676 674 675
3 676 677 679
3 676 678 679
3 672 648 650
3 672 602 600
3 672 646 644
3 672 626 624
3 672 638 636
3 672 634 636
3 672 690 692
3 672 688 686
3 672 682 680
3 672 622 624
3 672 652 650
3 672 608 606
3 672 610 612
3 672 604 606
3 672 684 686
3 672 632 630
3 672 620 618
3 672 664 662
3 672 610 608
3 672 604 602
3 672 628 630
3 672 694 692
3 672 698 600
3 672 638 640
3 672 642 644
3 672 634 632
3 672 622 620
3 672 616 618
3 672 614 612
3 672 654 656
3 672 690 688
3 672 660 662
3 672 666 668
3 672 642 640
3 672 646 648
3 672 696 694
3 672 614 616
3 672 654 652
3 672 676 674
3 672 658 656
3 672 682 684
3 672 678 680
3 672 670 668
3 672 666 664
3 672 660 658
3 672 696 698
3 672 628 626
3 672 676 678
3 673 649 647
3 673 639 637
3 673 601 603
3 673 609 611
3 673 695 693
3 673 663 665
3 673 653 655
3 673 677 675
3 673 605 603
3 673 645 647
3 673 619 617
3 673 613 611
3 673 621 623
3 673 601 699
3 673 609 607
3 673 683 685
3 673 697 699
3 673 635 637
3 673 629 631
3 673 625 623
3 673 657 655
3 673 605 607
3 673 691 693
3 673 687 685
3 673 615 617
3 673 645 643
3 673 641 643
3 673 649 651
3 673 633 631
3 673 625 627
3 673 619 621
3 673 653 651
3 673 681 679
3 673 657 659
3 673 667 665
3 673 691 689
3 673 687 689
3 673 697 695
3 673 639 641
3 673 635 633
3 673 629 627
3 673 615 613
3 673 661 659
3 673 677 679
3 673 671 669
3 673 667 669
3 673 661 663
3 673 681 683
3 673 674 675
3 673 672 674
3 673 671 670
3 673 672 670
3 766 767 769
3 766 769 768
3 765 764 762
3 765 762 763
3 765 766 764
3 765 766 767
3 775 776 774
3 775 776 777
3 775 772 774
3 775 772 773
3 753 752 750
3 753 751 750
3 753 754 752
3 753 754 755
3 757 754 756
3 757 754 755
3 757 758 756
3 757 759 758
3 761 760 762
3 761 762 763
3 761 760 758
3 761 759 758
3 702 701 703
3 702 701 700
3 798 701 799
3 798 701 700
3 797 798 796
3 797 798 799
3 788 789 787
3 788 787 786
3 740 743 741
3 740 743 742
3 737 734 735
3 737 734 736
3 748 749 751
3 748 751 750
3 748 747 749
3 748 747 746
3 744 743 745
3 744 743 742
3 744 747 745
3 744 747 746
3 723 722 720
3 723 720 721
3 723 722 724
3 723 725 724
3 779 776 777
3 779 778 776
3 715 714 712
3 715 713 712
3 715 716 714
3 715 717 716
3 719 720 718
3 719 720 721
3 719 716 718
3 719 717 716
3 770 769 768
3 770 771 769
3 770 772 773
3 770 771 773
3 739 740 741
3 739 740 738
3 739 738 736
3 739 737 736
3 727 726 724
3 727 725 724
3 732 733 731
3 732 730 731
3 732 734 735
3 732 733 735
3 781 782 780
3 781 782 783
3 781 778 780
3 781 779 778
3 704 705 707
3 704 706 707
3 704 702 703
3 704 705 703
3 795 797 796
3 795 794 796
3 795 794 792
3 795 793 792
3 784 787 786
3 784 785 787
3 784 785 783
3 784 782 783
3 711 710 712
3 711 713 712
3 708 760 762
3 708 766 768
3 708 776 774
3 708 738 736
3 708 722 724
3 708 778 780
3 708 714 712
3 708 752 750
3 708 764 762
3 708 754 756
3 708 758 756
3 708 716 718
3 708 798 700
3 708 790 792
3 708 720 718
3 708 702 700
3 708 760 758
3 708 772 774
3 708 740 742
3 708 726 724
3 708 734 736
3 708 788 786
3 708 728 730
3 708 716 714
3 708 766 764
3 708 794 792
3 708 710 712
3 708 748 750
3 708 754 752
3 708 722 720
3 708 744 742
3 708 770 768
3 708 778 776
3 708 732 730
3 708 798 796
3 708 782 780
3 708 704 706
3 708 784 786
3 708 740 738
3 708 748 746
3 708 744 746
3 708 728 726
3 708 794 796
3 708 770 772
3 708 732 734
3 708 704 702
3 708 790 788
3 708 784 782
3 708 709 707
3 708 706 707
3 708 711 709
3 708 711 710
3 729 728 730
3 729 730 731
3 729 728 726
3 729 727 726
3 791 775 777
3 791 749 751
3 791 757 755
3 791 761 763
3 791 701 799
3 791 797 799
3 791 765 763
3 791 743 741
3 791 747 745
3 791 771 769
3 791 733 731
3 791 767 769
3 791 715 713
3 791 709 707
3 791 753 751
3 791 739 741
3 791 723 721
3 791 779 777
3 791 729 731
3 791 789 787
3 791 719 721
3 791 765 767
3 791 775 773
3 791 743 745
3 791 753 755
3 791 757 759
3 791 761 759
3 791 701 703
3 791 705 707
3 791 785 787
3 791 771 773
3 791 737 735
3 791 747 749
3 791 723 725
3 791 733 735
3 791 711 713
3 791 705 703
3 791 781 783
3 791 785 783
3 791 715 717
3 791 719 717
3 791 795 797
3 791 739 737
3 791 727 725
3 791 781 779
3 791 795 793
3 791 711 709
3 791 729 727
3 791 788 789
3 791 790 788
3 791 793 792
3 791 790 792
3 897 898 896
3 897 898 899
3 897 896 894
3 897 895 894
3 888 889 887
3 888 887 886
3 888 889 891
3 888 890 891
3 840 841 843
3 840 843 842
3 839 838 836
3 839 836 837
3 839 840 838
3 839 840 841
3 844 845 843
3 844 843 842
3 847 848 846
3 847 848 849
3 847 844 846
3 847 844 845
3 805 804 806
3 805 806 807
3 805 804 802
3 805 803 802
3 801 898 800
3 801 898 899
3 801 802 800
3 801 803 802
3 809 808 806
3 809 806 807
3 893 892 890
3 893 890 891
3 893 895 894
3 893 892 894
3 817 816 818
3 817 818 819
3 827 828 826
3 827 828 829
3 827 826 824
3 827 825 824
3 835 834 836
3 835 836 837
3 835 832 834
3 835 832 833
3 831 828 830
3 831 828 829
3 831 832 830
3 831 832 833
3 883 882 880
3 883 881 880
3 879 878 880
3 879 881 880
3 861 860 862
3 861 862 863
3 854 857 855
3 854 857 856
3 853 854 855
3 853 854 852
3 811 810 812
3 811 813 812
3 811 808 810
3 811 809 808
3 822 823 825
3 822 825 824
3 821 820 818
3 821 818 819
3 821 822 820
3 821 822 823
3 885 887 886
3 885 884 886
3 885 884 882
3 885 883 882
3 877 876 874
3 877 875 874
3 877 876 878
3 877 879 878
3 867 866 868
3 867 869 868
3 859 858 856
3 859 857 856
3 859 860 858
3 859 861 860
3 851 848 850
3 851 848 849
3 851 852 850
3 851 853 852
3 815 813 812
3 815 814 812
3 815 817 816
3 815 814 816
3 864 854 856
3 864 810 812
3 864 834 836
3 864 808 806
3 864 826 824
3 864 860 862
3 864 876 874
3 864 888 886
3 864 838 836
3 864 884 886
3 864 802 800
3 864 898 800
3 864 892 894
3 864 852 850
3 864 828 830
3 864 870 868
3 864 840 842
3 864 848 850
3 864 804 806
3 864 896 894
3 864 814 812
3 864 882 880
3 864 878 880
3 864 832 830
3 864 858 856
3 864 848 846
3 864 804 802
3 864 808 810
3 864 898 896
3 864 892 890
3 864 820 818
3 864 816 818
3 864 844 842
3 864 888 890
3 864 884 882
3 864 876 878
3 864 860 858
3 864 872 874
3 864 840 838
3 864 844 846
3 864 828 826
3 864 832 834
3 864 866 868
3 864 822 824
3 864 854 852
3 864 814 816
3 864 822 820
3 864 870 872
3 873 872 874
3 873 875 874
3 865 862 863
3 865 864 862
3 865 867 866
3 865 864 866
3 871 817 819
3 871 827 829
3 871 877 875
3 871 801 899
3 871 831 829
3 871 839 837
3 871 809 807
3 871 889 891
3 871 885 887
3 871 847 849
3 871 893 891
3 871 897 899
3 871 889 887
3 871 821 819
3 871 861 863
3 871 841 843
3 871 845 843
3 871 805 807
3 871 897 895
3 871 811 813
3 871 835 837
3 871 815 813
3 871 857 855
3 871 839 841
3 871 847 845
3 871 805 803
3 871 801 803
3 871 859 857
3 871 893 895
3 871 851 849
3 871 823 825
3 871 827 825
3 871 835 833
3 871 831 833
3 871 883 881
3 871 879 881
3 871 873 875
3 871 853 855
3 871 811 809
3 871 821 823
3 871 885 883
3 871 877 879
3 871 867 869
3 871 859 861
3 871 851 853
3 871 815 817
3 871 865 863
3 871 865 867
3 871 869 868
3 871 870 868
3 871 870 872
3 871 873 872
3 945 942 944
3 945 942 943
3 941 942 943
3 941 942 940
3 946 945 947
3 946 945 944
3 949 946 948
3 949 946 947
3 949 948 950
3 949 951 950
3 927 928 926
3 927 928 929
3 927 926 924
3 927 925 924
3 935 936 934
3 935 936 937
3 935 932 934
3 935 932 933
3 931 928 930
3 931 928 929
3 931 932 930
3 931 932 933
3 957 954 956
3 957 954 955
3 957 958 956
3 957 958 959
3 987 984 986
3 987 984 985
3 987 988 986
3 987 988 989
3 975 972 973
3 975 972 974
3 939 936 938
3 939 936 937
3 939 940 938
3 939 941 940
3 952 951 950
3 952 953 951
3 952 953 955
3 952 954 955
3 964 963 965
3 964 963 962
3 967 964 966
3 967 964 965
3 967 966 968
3 967 969 968
3 922 925 924
3 922 923 925
3 922 923 921
3 922 920 921
3 915 914 912
3 915 913 912
3 981 978 980
3 981 978 979
3 995 994 996
3 995 996 997
3 995 994 992
3 995 993 992
3 999 998 996
3 999 996 997
3 999 998 900
3 999 901 900
3 977 978 976
3 977 978 979
3 977 976 974
3 977 975 974
3 970 971 969
3 970 969 968
3 970 972 973
3 970 971 973
3 961 958 959
3 961 960 958
3 961 963 962
3 961 960 962
3 917 916 914
3 917 915 914
3 909 908 906
3 909 906 907
3 983 982 984
3 983 984 985
3 983 982 980
3 983 981 980
3 991 988 989
3 991 990 988
3 991 993 992
3 991 990 992
3 905 904 906
3 905 906 907
3 919 920 918
3 919 920 921
3 919 916 918
3 919 917 916
3 910 948 950
3 910 936 938
3 910 932 930
3 910 976 974
3 910 984 986
3 910 914 912
3 910 940 938
3 910 978 980
3 910 926 924
3 910 988 986
3 910 998 900
3 910 928 930
3 910 952 950
3 910 960 962
3 910 982 980
3 910 902 900
3 910 942 944
3 910 936 934
3 910 946 944
3 910 954 956
3 910 972 974
3 910 920 918
3 910 964 962
3 910 916 918
3 910 994 992
3 910 922 924
3 910 942 940
3 910 946 948
3 910 928 926
3 910 932 934
3 910 904 906
3 910 966 968
3 910 958 956
3 910 916 914
3 910 994 996
3 910 982 984
3 910 970 968
3 910 998 996
3 910 990 992
3 910 978 976
3 910 952 954
3 910 964 966
3 910 960 958
3 910 922 920
3 910 908 906
3 910 990 988
3 910 904 902
3 910 970 972
3 903 902 900
3 903 901 900
3 903 904 902
3 903 905 904
3 911 953 955
3 911 957 955
3 911 923 921
3 911 995 997
3 911 945 947
3 911 931 929
3 911 927 929
3 911 963 965
3 911 987 985
3 911 909 907
3 911 975 973
3 911 949 947
3 911 935 937
3 911 939 937
3 911 967 965
3 911 991 989
3 911 915 913
3 911 945 943
3 911 941 943
3 911 949 951
3 911 927 925
3 911 935 933
3 911 931 933
3 911 953 951
3 911 971 973
3 911 977 979
3 911 957 959
3 911 923 925
3 911 905 907
3 911 987 989
3 911 983 985
3 911 999 997
3 911 939 941
3 911 971 969
3 911 967 969
3 911 961 959
3 911 981 979
3 911 995 993
3 911 999 901
3 911 977 975
3 911 961 963
3 911 917 915
3 911 903 901
3 911 983 981
3 911 991 993
3 911 919 921
3 911 919 917
3 911 903 905
3 911 913 912
3 911 910 912
3 911 909 908
3 911 910 908
3 1017 1014 1016
3 1017 1014 1015
3 1017 1016 1018
3 1017 1019 1018
3 1007 1008 1006
3 1007 1009 1008
3 1013 1014 1015
3 1013 1014 1012
3 1004 1007 1005
3 1004 1007 1006
3 1003 1004 1002
3 1003 1004 1005
3 1003 1002 1000
3 1003 1001 1000
3 1023 1022 1024
3 1023 1025 1024
3 1042 1043 1045
3 1042 1045 1044
3 1039 1038 1036
3 1039 1036 1037
3 1057 1054 1056
3 1057 1054 1055
3 1057 1058 1056
3 1057 1058 1059
3 1063 1064 1062
3 1063 1064 1065
3 1011 1010 1008
3 1011 1009 1008
3 1011 1010 1012
3 1011 1013 1012
3 1097 1096 1094
3 1097 1094 1095
3 1090 1091 1089
3 1090 1089 1088
3 1093 1092 1094
3 1093 1094 1095
3 1093 1090 1092
3 1093 1090 1091
3 1083 1084 1082
3 1083 1084 1085
3 1041 1042 1043
3 1041 1042 1040
3 1041 1038 1040
3 1041 1039 1038
3 1046 1047 1045
3 1046 1045 1044
3 1049 1046 1048
3 1049 1046 1047
3 1049 1048 1050
3 1049 1051 1050
3 1033 1032 1030
3 1033 1031 1030
3 1034 1036 1037
3 1034 1035 1037
3 1034 1033 1035
3 1034 1033 1032
3 1029 1028 1030
3 1029 1031 1030
3 1021 1019 1018
3 1021 1020 1018
3 1021 1023 1022
3 1021 1020 1022
3 1086 1087 1089
3 1086 1089 1088
3 1086 1087 1085
3 1086 1084 1085
3 1053 1054 1055
3 1053 1052 1054
3 1053 1051 1050
3 1053 1052 1050
3 1027 1026 1024
3 1027 1025 1024
3 1027 1028 1026
3 1027 1029 1028
3 1067 1064 1065
3 1067 1066 1064
3 1067 1066 1068
3 1067 1069 1068
3 1061 1058 1059
3 1061 1060 1058
3 1061 1063 1062
3 1061 1060 1062
3 1099 1001 1000
3 1099 1098 1000
3 1099 1097 1096
3 1099 1098 1096
3 1076 1077 1075
3 1076 1074 1075
3 1076 1077 1079
3 1076 1078 1079
3 1080 1083 1082
3 1080 1081 1083
3 1080 1081 1079
3 1080 1078 1079
3 1071 1035 1037
3 1071 1081 1079
3 1071 1011 1009
3 1071 1087 1085
3 1071 1097 1095
3 1071 1007 1005
3 1071 1003 1005
3 1071 1017 1015
3 1071 1021 1019
3 1071 1033 1031
3 1071 1039 1037
3 1071 1027 1025
3 1071 1013 1015
3 1071 1017 1019
3 1071 1023 1025
3 1071 1043 1045
3 1071 1047 1045
3 1071 1057 1055
3 1071 1007 1009
3 1071 1063 1065
3 1071 1003 1001
3 1071 1053 1055
3 1071 1087 1089
3 1071 1091 1089
3 1071 1093 1095
3 1071 1083 1085
3 1071 1041 1043
3 1071 1049 1047
3 1071 1073 1075
3 1071 1057 1059
3 1071 1067 1065
3 1071 1011 1013
3 1071 1061 1059
3 1071 1093 1091
3 1071 1077 1075
3 1071 1041 1039
3 1071 1049 1051
3 1071 1033 1035
3 1071 1029 1031
3 1071 1021 1023
3 1071 1077 1079
3 1071 1081 1083
3 1071 1053 1051
3 1071 1027 1029
3 1071 1099 1001
3 1071 1067 1069
3 1071 1061 1063
3 1071 1099 1097
3 1071 1070 1068
3 1071 1069 1068
3 1072 1052 1050
3 1072 1002 1000
3 1072 1010 1012
3 1072 1014 1012
3 1072 1042 1044
3 1072 1090 1088
3 1072 1026 1024
3 1072 1098 1000
3 1072 1004 1006
3 1072 1038 1036
3 1072 1046 1044
3 1072 1008 1006
3 1072 1016 1018
3 1072 1022 1024
3 1072 1060 1062
3 1072 1064 1062
3 1072 1010 1008
3 1072 1034 1036
3 1072 1014 1016
3 1072 1066 1068
3 1072 1092 1094
3 1072 1020 1018
3 1072 1038 1040
3 1072 1032 1030
3 1072 1048 1050
3 1072 1054 1056
3 1072 1028 1030
3 1072 1004 1002
3 1072 1096 1094
3 1072 1042 1040
3 1072 1086 1088
3 1072 1028 1026
3 1072 1080 1082
3 1072 1058 1056
3 1072 1020 1022
3 1072 1084 1082
3 1072 1090 1092
3 1072 1076 1074
3 1072 1046 1048
3 1072 1052 1054
3 1072 1034 1032
3 1072 1070 1068
3 1072 1066 1064
3 1072 1060 1058
3 1072 1098 1096
3 1072 1086 1084
3 1072 1076 1078
3 1072 1080 1078
3 1072 1073 1075
3 1072 1074 1075
3 1072 1071 1073
3 1072 1071 1070
3 1117 1114 1116
3 1117 1114 1115
3 1117 1116 1118
3 1117 1119 1118
3 1107 1108 1106
3 1107 1109 1108
3 1113 1114 1115
3 1113 1114 1112
3 1104 1107 1105
3 1104 1107 1106
3 1103 1104 1102
3 1103 1104 1105
3 1103 1102 1100
3 1103 1101 1100
3 1123 1122 1124
3 1123 1125 1124
3 1142 1143 1145
3 1142 1145 1144
3 1139 1138 1136
3 1139 1136 1137
3 1157 1154 1156
3 1157 1154 1155
3 1157 1158 1156
3 1157 1158 1159
3 1163 1164 1162
3 1163 1164 1165
3 1111 1110 1108
3 1111 1109 1108
3 1111 1110 1112
3 1111 1113 1112
3 1197 1196 1194
3 1197 1194 1195
3 1190 1191 1189
3 1190 1189 1188
3 1193 1192 1194
3 1193 1194 1195
3 1193 1190 1192
3 1193 1190 1191
3 1183 1184 1182
3 1183 1184 1185
3 1141 1142 1143
3 1141 1142 1140
3 1141 1138 1140
3 1141 1139 1138
3 1146 1147 1145
3 1146 1145 1144
3 1149 1146 1148
3 1149 1146 1147
3 1149 1148 1150
3 1149 1151 1150
3 1133 1132 1130
3 1133 1131 1130
3 1134 1136 1137
3 1134 1135 1137
3 1134 1133 1135
3 1134 1133 1132
3 1129 1128 1130
3 1129 1131 1130
3 1121 1119 1118
3 1121 1120 1118
3 1121 1123 1122
3 1121 1120 1122
3 1186 1187 1189
3 1186 1189 1188
3 1186 1187 1185
3 1186 1184 1185
3 1153 1154 1155
3 1153 1152 1154
3 1153 1151 1150
3 1153 1152 1150
3 1127 1126 1124
3 1127 1125 1124
3 1127 1128 1126
3 1127 1129 1128
3 1167 1164 1165
3 1167 1166 1164
3 1167 1166 1168
3 1167 1169 1168
3 1161 1158 1159
3 1161 1160 1158
3 1161 1163 1162
3 1161 1160 1162
3 1199 1101 1100
3 1199 1198 1100
3 1199 1197 1196
3 1199 1198 1196
3 1176 1177 1175
3 1176 1174 1175
3 1176 1177 1179
3 1176 1178 1179
3 1180 1183 1182
3 1180 1181 1183
3 1180 1181 1179
3 1180 1178 1179
3 1171 1135 1137
3 1171 1181 1179
3 1171 1111 1109
3 1171 1187 1185
3 1171 1197 1195
3 1171 1107 1105
3 1171 1103 1105
3 1171 1117 1115
3 1171 1121 1119
3 1171 1133 1131
3 1171 1139 1137
3 1171 1127 1125
3 1171 1113 1115
3 1171 1117 1119
3 1171 1123 1125
3 1171 1143 1145
3 1171 1147 1145
3 1171 1157 1155
3 1171 1107 1109
3 1171 1163 1165
3 1171 1103 1101
3 1171 1153 1155
3 1171 1187 1189
3 1171 1191 1189
3 1171 1193 1195
3 1171 1183 1185
3 1171 1141 1143
3 1171 1149 1147
3 1171 1173 1175
3 1171 1157 1159
3 1171 1167 1165
3 1171 1111 1113
3 1171 1161 1159
3 1171 1193 1191
3 1171 1177 1175
3 1171 1141 1139
3 1171 1149 1151
3 1171 1133 1135
3 1171 1129 1131
3 1171 1121 1123
3 1171 1177 1179
3 1171 1181 1183
3 1171 1153 1151
3 1171 1127 1129
3 1171 1199 1101
3 1171 1167 1169
3 1171 1161 1163
3 1171 1199 1197
3 1171 1170 1168
3 1171 1169 1168
3 1172 1152 1150
3 1172 1102 1100
3 1172 1110 1112
3 1172 1114 1112
3 1172 1142 1144
3 1172 1190 1188
3 1172 1126 1124
3 1172 1198 1100
3 1172 1104 1106
3 1172 1138 1136
3 1172 1146 1144
3 1172 1108 1106
3 1172 1116 1118
3 1172 1122 1124
3 1172 1160 1162
3 1172 1164 1162
3 1172 1110 1108
3 1172 1134 1136
3 1172 1114 1116
3 1172 1166 1168
3 1172 1192 1194
3 1172 1120 1118
3 1172 1138 1140
3 1172 1132 1130
3 1172 1148 1150
3 1172 1154 1156
3 1172 1128 1130
3 1172 1104 1102
3 1172 1196 1194
3 1172 1142 1140
3 1172 1186 1188
3 1172 1128 1126
3 1172 1180 1182
3 1172 1158 1156
3 1172 1120 1122
3 1172 1184 1182
3 1172 1190 1192
3 1172 1176 1174
3 1172 1146 1148
3 1172 1152 1154
3 1172 1134 1132
3 1172 1170 1168
3 1172 1166 1164
3 1172 1160 1158
3 1172 1198 1196
3 1172 1186 1184
3 1172 1176 1178
3 1172 1180 1178
3 1172 1173 1175
3 1172 1174 1175
3 1172 1171 1173
3 1172 1171 1170
CELL_TYPES 2352
5 5 5 5 5 5 5 5 5 5 
5 5 5 5 5 5 5 5 5 5 
5 5 5 5 5 5 5 5 5 5 
5 5 5 5 5 5 5 5 5 5 
5 5 5 5 5 5 5 5 5 5 
5 5 5 5 5 5 5 5 5 5 
5 5 5 5 5 5 5 5 5 5 
5 5 5 5 5 5 5 5 5 5 
5 5 5 5 5 5 5 5 5 5 
5 5 5 5 5 5 5 5 5 5 
5 5 5 5 5 5 5 5 5 5 
5 5 5 5 5 5 5 5 5 5 
5 5 5 5 5 5 5 5 5 5 
5 5 5 5 5 5 5 5 5 5 
5 5 5 5 5 5 5 5 5 5 
5 5 5 5 5 5 5 5 5 5 
5 5 5 5 5 5 5 5 5 5 
5 5 5 5 5 5 5 5 5 5 
5 5 5 5 5 5 5 5 5 5 
5 5 5 5 5 5 5 5 5 5 
5 5 5 5 5 5 5 5 5 5 
5 5 5 5 5 5 5 5 5 5 
5 5 5 5 5 5 5 5 5 5 
5 5 5 5 5 5 5 5 5 5 
5 5 5 5 5 5 5 5 5 5 
5 5 5 5 5 5 5 5 5 5 
5 5 5 5 5 5 5 5 5 5 
5 5 5 5 5 5 5 5 5 5 
5 5 5 5 5 5 5 5 5 5 
5 5 5 5 5 5 5 5 5 5 
5 5 5 5 5 5 5 5 5 5 
5 5 5 5 5 5 5 5 5 5 
5 5 5 5 5 5 5 5 5 5 
5 5 5 5 5 5 5 5 5 5 
5 5 5 5 5 5 5 5 5 5 
5 5 5 5 5 5 5 5 5 5 
5 5 5 5 5 5 5 5 5 5 
5 5 5 5 5 5 5 5 5 5 
5 5 5 5 5 5 5 5 5 5 
5 5 5 5 5 5 5 5 5 5 
5 5 5 5 5 5 5 5 5 5 
5 5 5 5 5 5 5 5 5 5 
5 5 5 5 5 5 5 5 5 5 
5 5 5 5 5 5 5 5 5 5 
5 5 5 5 5 5 5 5 5 5 
5 5 5 5 5 5 5 5 5 5 
5 5 5 5 5 5 5 5 5 5 
5 5 5 5 5 5 5 5 5 5 
5 5 5 5 5 5 5 5 5 5 
5 5 5 5 5 5 5 5 5 5 
5 5 5 5 5 5 5 5 5 5 
5 5 5 5 5 5 5 5 5 5 
5 5 5 5 5 5 5 5 5 5 
5 5 5 5 5 5 5 5 5 5 
5 5 5 5 5 5 5 5 5 5 
5 5 5 5 5 5 5 5 5 5 
5 5 5 5 5 5 5 5 5 5 
5 5 5 5 5 5 5 5 5 5 
5 5 5 5 5 5 5 5 5 5 
5 5 5 5 5 5 5 5 5 5 
5 5 5 5 5 5 5 5 5 5 
5 5 5 5 5 5 5 5 5 5 
5 5 5 5 5 5 5 5 5 5 
5 5 5 5 5 5 5 5 5 5 
5 5 5 5 5 5 5 5 5 5 
5 5 5 5 5 5 5 5 5 5 
5 5 5 5 5 5 5 5 5 5 
5 5 5 5 5 5 5 5 5 5 
5 5 5 5 5 5 5 5 5 5 
5 5 5 5 5 5 5 5 5 5 
5 5 5 5 5 5 5 5 5 5 
5 5 5 5 5 5 5 5 5 5 
5 5 5 5 5 5 5 5 5 5 
5 5 5 5 5 5 5 5 5 5 
5 5 5 5 5 5 5 5 5 5 
5 5 5 5 5 5 5 5 5 5 
5 5 5 5 5 5 5 5 5 5 
5 5 5 5 5 5 5 5 5 5 
5 5 5 5 5 5 5 5 5 5 
5 5 5 5 5 5 5 5 5 5 
5 5 5 5 5 5 5 5 5 5 
5 5 5 5 5 5 5 5 5 5 
5 5 5 5 5 5 5 5 5 5 
5 5 5 5 5 5 5 5 5 5 
5 5 5 5 5 5 5 5 5 5 
5 5 5 5 5 5 5 5 5 5 
5 5 5 5 5 5 5 5 5 5 
5 5 5 5 5 5 5 5 5 5 
5 5 5 5 5 5 5 5 5 5 
5 5 5 5 5 5 5 5 5 5 
5 5 5 5 5 5 5 5 5 5 
5 5 5 5 5 5 5 5 5 5 
5 5 5 5 5 5 5 5 5 5 
5 5 5 5 5 5 5 5 5 5 
5 5 5 5 5 5 5 5 5 5 
5 5 5 5 5 5 5 5 5 5 
5 5 5 5 5 5 5 5 5 5 
5 5 5 5 5 5 5 5 5 5 
5 5 5 5 5 5 5 5 5 5 
5 5 5 5 5 5 5 5 5 5 
5 5 5 5 5 5 5 5 5 5 
5 5 5 5 5 5 5 5 5 5 
5 5 5 5 5 5 5 5 5 5 
5 5 5 5 5 5 5 5 5 5 
5 5 5 5 5 5 5 5 5 5 
5 5 5 5 5 5 5 5 5 5 
5 5 5 5 5 5 5 5 5 5 
5 5 5 5 5 5 5 5 5 5 
5 5 5 5 5 5 5 5 5 5 
5 5 5 5 5 5 5 5 5 5 
5 5 5 5 5 5 5 5 5 5 
5 5 5 5 5 5 5 5 5 5 
5 5 5 5 5 5 5 5 5 5 
5 5 5 5 5 5 5 5 5 5 
5 5 5 5 5 5 5 5 5 5 
5 5 5 5 5 5 5 5 5 5 
5 5 5 5 5 5 5 5 5 5 
5 5 5 5 5 5 5 5 5 5 
5 5 5 5 5 5 5 5 5 5 
5 5 5 5 5 5 5 5 5 5 
5 5 5 5 5 5 5 5 5 5 
5 5 5 5 5 5 5 5 5 5 
5 5 5 5 5 5 5 5 5 5 
5 5 5 5 5 5 5 5 5 5 
5 5 5 5 5 5 5 5 5 5 
5 5 5 5 5 5 5 5 5 5 
5 5 5 5 5 5 5 5 5 5 
5 5 5 5 5 5 5 5 5 5 
5 5 5 5 5 5 5 5 5 5 
5 5 5 5 5 5 5 5 5 5 
5 5 5 5 5 5 5 5 5 5 
5 5 5 5 5 5 5 5 5 5 
5 5 5 5 5 5 5 5 5 5 
5 5 5 5 5 5 5 5 5 5 
5 5 5 5 5 5 5 5 5 5 
5 5 5 5 5 5 5 5 5 5 
5 5 5 5 5 5 5 5 5 5 
5 5 5 5 5 5 5 5 5 5 
5 5 5 5 5 5 5 5 5 5 
5 5 5 5 5 5 5 5 5 5 
5 5 5 5 5 5 5 5 5 5 
5 5 5 5 5 5 5 5 5 5 
5 5 5 5 5 5 5 5 5 5 
5 5 5 5 5 5 5 5 5 5 
5 5 5 5 5 5 5 5 5 5 
5 5 5 5 5 5 5 5 5 5 
5 5 5 5 5 5 5 5 5 5 
5 5 5 5 5 5 5 5 5 5 
5 5 5 5 5 5 5 5 5 5 
5 5 5 5 5 5 5 5 5 5 
5 5 5 5 5 5 5 5 5 5 
5 5 5 5 5 5 5 5 5 5 
5 5 5 5 5 5 5 5 5 5 
5 5 5 5 5 5 5 5 5 5 
5 5 5 5 5 5 5 5 5 5 
5 5 5 5 5 5 5 5 5 5 
5 5 5 5 5 5 5 5 5 5 
5 5 5 5 5 5 5 5 5 5 
5 5 5 5 5 5 5 5 5 5 
5 5 5 5 5 5 5 5 5 5 
5 5 5 5 5 5 5 5 5 5 
5 5 5 5 5 5 5 5 5 5 
5 5 5 5 5 5 5 5 5 5 
5 5 5 5 5 5 5 5 5 5 
5 5 5 5 5 5 5 5 5 5 
5 5 5 5 5 5 5 5 5 5 
5 5 5 5 5 5 5 5 5 5 
5 5 5 5 5 5 5 5 5 5 
5 5 5 5 5 5 5 5 5 5 
5 5 5 5 5 5 5 5 5 5 
5 5 5 5 5 5 5 5 5 5 
5 5 5 5 5 5 5 5 5 5 
5 5 5 5 5 5 5 5 5 5 
5 5 5 5 5 5 5 5 5 5 
5 5 5 5 5 5 5 5 5 5 
5 5 5 5 5 5 5 5 5 5 
5 5 5 5 5 5 5 5 5 5 
5 5 5 5 5 5 5 5 5 5 
5 5 5 5 5 5 5 5 5 5 
5 5 5 5 5 5 5 5 5 5 
5 5 5 5 5 5 5 5 5 5 
5 5 5 5 5 5 5 5 5 5 
5 5 5 5 5 5 5 5 5 5 
5 5 5 5 5 5 5 5 5 5 
5 5 5 5 5 5 5 5 5 5 
5 5 5 5 5 5 5 5 5 5 
5 5 5 5 5 5 5 5 5 5 
5 5 5 5 5 5 5 5 5 5 
5 5 5 5 5 5 5 5 5 5 
5 5 5 5 5 5 5 5 5 5 
5 5 5 5 5 5 5 5 5 5 
5 5 5 5 5 5 5 5 5 5 
5 5 5 5 5 5 5 5 5 5 
5 5 5 5 5 5 5 5 5 5 
5 5 5 5 5 5 5 5 5 5 
5 5 5 5 5 5 5 5 5 5 
5 5 5 5 5 5 5 5 5 5 
5 5 5 5 5 5 5 5 5 5 
5 5 5 5 5 5 5 5 5 5 
5 5 5 5 5 5 5 5 5 5 
5 5 5 5 5 5 5 5 5 5 
5 5 5 5 5 5 5 5 5 5 
5 5 5 5 5 5 5 5 5 5 
5 5 5 5 5 5 5 5 5 5 
5 5 5 5 5 5 5 5 5 5 
5 5 5 5 5 5 5 5 5 5 
5 5 5 5 5 5 5 5 5 5 
5 5 5 5 5 5 5 5 5 5 
5 5 5 5 5 5 5 5 5 5 
5 5 5 5 5 5 5 5 5 5 
5 5 5 5 5 5 5 5 5 5 
5 5 5 5 5 5 5 5 5 5 
5 5 5 5 5 5 5 5 5 5 
5 5 5 5 5 5 5 5 5 5 
5 5 5 5 5 5 5 5 5 5 
5 5 5 5 5 5 5 5 5 5 
5 5 5 5 5 5 5 5 5 5 
5 5 5 5 5 5 5 5 5 5 
5 5 5 5 5 5 5 5 5 5 
5 5 5 5 5 5 5 5 5 5 
5 5 5 5 5 5 5 5 5 5 
5 5 5 5 5 5 5 5 5 5 
5 5 5 5 5 5 5 5 5 5 
5 5 5 5 5 5 5 5 5 5 
5 5 5 5 5 5 5 5 5 5 
5 5 5 5 5 5 5 5 5 5 
5 5 5 5 5 5 5 5 5 5 
5 5 5 5 5 5 5 5 5 5 
5 5 5 5 5 5 5 5 5 5 
5 5 5 5 5 5 5 5 5 5 
5 5 5 5 5 5 5 5 5 5 
5 5 5 5 5 5 5 5 5 5 
5 5 5 5 5 5 5 5 5 5 
5 5 5 5 5 5 5 5 5 5 
5 5 5 5 5 5 5 5 5 5 
5 5 
CELL_DATA 2352
SCALARS Face_Number float 1
LOOKUP_TABLE default
8 8 8 8 8 8 8 8 8 
8 8 8 8 8 8 8 8 8 8 
8 8 8 8 8 8 8 8 8 8 
8 8 8 8 8 8 8 8 8 8 
8 8 8 8 8 8 8 8 8 8 
8 8 8 8 8 8 8 8 8 8 
8 8 8 8 8 8 8 8 8 8 
8 8 8 8 8 8 8 8 8 8 
8 8 8 8 8 8 8 8 8 8 
8 8 8 8 8 8 8 8 8 8 
8 8 8 8 8 8 8 8 8 8 
8 8 8 8 8 8 8 8 8 8 
8 8 8 8 8 8 8 8 8 8 
8 8 8 8 8 8 8 8 8 8 
8 8 8 8 8 8 8 8 8 8 
8 8 8 8 8 8 8 8 8 8 
8 8 8 8 8 8 8 8 8 8 
8 8 8 8 8 8 8 8 8 8 
8 8 8 8 8 8 8 8 8 8 
8 8 8 8 8 8 8 13 13 13 
13 13 13 13 13 13 13 13 13 13 
13 13 13 13 13 13 13 13 13 13 
13 13 13 13 13 13 13 13 13 13 
13 13 13 13 13 13 13 13 13 13 
13 13 13 13 13 13 13 13 13 13 
13 13 13 13 13 13 13 13 13 13 
13 13 13 13 13 13 13 13 13 13 
13 13 13 13 13 13 13 13 13 13 
13 13 13 13 13 13 13 13 13 13 
13 13 13 13 13 13 13 13 13 13 
13 13 13 13 13 13 13 13 13 13 
13 13 13 13 13 13 13 13 13 13 
13 13 13 13 13 13 13 13 13 13 
13 13 13 13 13 13 13 13 13 13 
13 13 13 13 13 13 13 13 13 13 
13 13 13 13 13 13 13 13 13 13 
13 13 13 13 13 13 13 13 13 13 
13 13 13 13 13 13 13 13 13 13 
13 13 13 13 13 13 13 13 13 13 
13 13 13 15 15 15 15 15 15 15 
15 15 15 15 15 15 15 15 15 15 
15 15 15 15 15 15 15 15 15 15 
15 15 15 15 15 15 15 15 15 15 
15 15 15 15 15 15 15 15 15 15 
15 15 15 15 15 15 15 15 15 15 
15 15 15 15 15 15 15 15 15 15 
15 15 15 15 15 15 15 15 15 15 
15 15 15 15 15 15 15 15 15 15 
15 15 15 15 15 15 15 15 15 15 
15 15 15 15 15 15 15 15 15 15 
15 15 15 15 15 15 15 15 15 15 
15 15 15 15 15 15 15 15 15 15 
15 15 15 15 15 15 15 15 15 15 
15 15 15 15 15 15 15 15 15 15 
15 15 15 15 15 15 15 15 15 15 
15 15 15 15 15 15 15 15 15 15 
15 15 15 15 15 15 15 15 15 15 
15 15 15 15 15 15 15 15 15 15 
15 15 15 15 15 15 15 15 15 17 
17 17 17 17 17 17 17 17 17 17 
17 17 17 17 17 17 17 17 17 17 
17 17 17 17 17 17 17 17 17 17 
17 17 17 17 17 17 17 17 17 17 
17 17 17 17 17 17 17 17 17 17 
17 17 17 17 17 17 17 17 17 17 
17 17 17 17 17 17 17 17 17 17 
17 17 17 17 17 17 17 17 17 17 
17 17 17 17 17 17 17 17 17 17 
17 17 17 17 17 17 17 17 17 17 
17 17 17 17 17 17 17 17 17 17 
17 17 17 17 17 17 17 17 17 17 
17 17 17 17 17 17 17 17 17 17 
17 17 17 17 17 17 17 17 17 17 
17 17 17 17 17 17 17 17 17 17 
17 17 17 17 17 17 17 17 17 17 
17 17 17 17 17 17 17 17 17 17 
17 17 17 17 17 17 17 17 17 17 
17 17 17 17 17 17 17 17 17 17 
17 17 17 17 17 19 19 19 19 19 
19 19 19 19 19 19 19 19 19 19 
19 19 19 19 19 19 19 19 19 19 
19 19 19 19 19 19 19 19 19 19 
19 19 19 19 19 19 19 19 19 19 
19 19 19 19 19 19 19 19 19 19 
19 19 19 19 19 19 19 19 19 19 
19 19 19 19 19 19 19 19 19 19 
19 19 19 19 19 19 19 19 19 19 
19 19 19 19 19 19 19 19 19 19 
19 19 19 19 19 19 19 19 19 19 
19 19 19 19 19 19 19 19 19 19 
19 19 19 19 19 19 19 19 19 19 
19 19 19 19 19 19 19 19 19 19 
19 19 19 19 19 19 19 19 19 19 
19 19 19 19 19 19 19 19 19 19 
19 19 19 19 19 19 19 19 19 19 
19 19 19 19 19 19 19 19 19 19 
19 19 19 19 19 19 19 19 19 19 
19 19 19 19 19 19 19 19 19 19 
19 21 21 21 21 21 21 21 21 21 
21 21 21 21 21 21 21 21 21 21 
21 21 21 21 21 21 21 21 21 21 
21 21 21 21 21 21 21 21 21 21 
21 21 21 21 21 21 21 21 21 21 
21 21 21 21 21 21 21 21 21 21 
21 21 21 21 21 21 21 21 21 21 
21 21 21 21 21 21 21 21 21 21 
21 21 21 21 21 21 21 21 21 21 
21 21 21 21 21 21 21 21 21 21 
21 21 21 21 21 21 21 21 21 21 
21 21 21 21 21 21 21 21 21 21 
21 21 21 21 21 21 21 21 21 21 
21 21 21 21 21 21 21 21 21 21 
21 21 21 21 21 21 21 21 21 21 
21 21 21 21 21 21 21 21 21 21 
21 21 21 21 21 21 21 21 21 21 
21 21 21 21 21 21 21 21 21 21 
21 21 21 21 21 21 21 21 21 21 
21 21 21 21 21 21 21 22 22 22 
22 22 22 22 22 22 22 22 22 22 
22 22 22 22 22 22 22 22 22 22 
22 22 22 22 22 22 22 22 22 22 
22 22 22 22 22 22 22 22 22 22 
22 22 22 22 22 22 22 22 22 22 
22 22 22 22 22 22 22 22 22 22 
22 22 22 22 22 22 22 22 22 22 
22 22 22 22 22 22 22 22 22 22 
22 22 22 22 22 22 22 22 22 22 
22 22 22 22 22 22 22 22 22 22 
22 22 22 22 22 22 22 22 22 22 
22 22 22 22 22 22 22 22 22 22 
22 22 22 22 22 22 22 22 22 22 
22 22 22 22 22 22 22 22 22 22 
22 22 22 22 22 22 22 22 22 22 
22 22 22 22 22 22 22 22 22 22 
22 22 22 22 22 22 22 22 22 22 
22 22 22 22 22 22 22 22 22 22 
22 22 22 22 22 22 22 22 22 22 
22 22 22 23 23 23 23 23 23 23 
23 23 23 23 23 23 23 23 23 23 
23 23 23 23 23 23 23 23 23 23 
23 23 23 23 23 23 23 23 23 23 
23 23 23 23 23 23 23 23 23 23 
23 23 23 23 23 23 23 23 23 23 
23 23 23 23 23 23 23 23 23 23 
23 23 23 23 23 23 23 23 23 23 
23 23 23 23 23 23 23 23 23 23 
23 23 23 23 23 23 23 23 23 23 
23 23 23 23 23 23 23 23 23 23 
23 23 23 23 23 23 23 23 23 23 
23 23 23 23 23 23 23 23 23 23 
23 23 23 23 23 23 23 23 23 23 
23 23 23 23 23 23 23 23 23 23 
23 23 23 23 23 23 23 23 23 23 
23 23 23 23 23 23 23 23 23 23 
23 23 23 23 23 23 23 23 23 23 
23 23 23 23 23 23 23 23 23 23 
23 23 23 23 23 23 23 23 23 24 
24 24 24 24 24 24 24 24 24 24 
24 24 24 24 24 24 24 24 24 24 
24 24 24 24 24 24 24 24 24 24 
24 24 24 24 24 24 24 24 24 24 
24 24 24 24 24 24 24 24 24 24 
24 24 24 24 24 24 24 24 24 24 
24 24 24 24 24 24 24 24 24 24 
24 24 24 24 24 24 24 24 24 24 
24 24 24 24 24 24 24 24 24 24 
24 24 24 24 24 24 24 24 24 24 
24 24 24 24 24 24 24 24 24 24 
24 24 24 24 24 24 24 24 24 24 
24 24 24 24 24 24 24 24 24 24 
24 24 24 24 24 24 24 24 24 24 
24 24 24 24 24 24 24 24 24 24 
24 24 24 24 24 24 24 24 24 24 
24 24 24 24 24 24 24 24 24 24 
24 24 24 24 24 24 24 24 24 24 
24 24 24 24 24 24 24 24 24 24 
24 24 24 24 24 25 25 25 25 25 
25 25 25 25 25 25 25 25 25 25 
25 25 25 25 25 25 25 25 25 25 
25 25 25 25 25 25 25 25 25 25 
25 25 25 25 25 25 25 25 25 25 
25 25 25 25 25 25 25 25 25 25 
25 25 25 25 25 25 25 25 25 25 
25 25 25 25 25 25 25 25 25 25 
25 25 25 25 25 25 25 25 25 25 
25 25 25 25 25 25 25 25 25 25 
25 25 25 25 25 25 25 25 25 25 
25 25 25 25 25 25 25 25 25 25 
25 25 25 25 25 25 25 25 25 25 
25 25 25 25 25 25 25 25 25 25 
25 25 25 25 25 25 25 25 25 25 
25 25 25 25 25 25 25 25 25 25 
25 25 25 25 25 25 25 25 25 25 
25 25 25 25 25 25 25 25 25 25 
25 25 25 25 25 25 25 25 25 25 
25 25 25 25 25 25 25 25 25 25 
25 26 26 26 26 26 26 26 26 26 
26 26 26 26 26 26 26 26 26 26 
26 26 26 26 26 26 26 26 26 26 
26 26 26 26 26 26 26 26 26 26 
26 26 26 26 26 26 26 26 26 26 
26 26 26 26 26 26 26 26 26 26 
26 26 26 26 26 26 26 26 26 26 
26 26 26 26 26 26 26 26 26 26 
26 26 26 26 26 26 26 26 26 26 
26 26 26 26 26 26 26 26 26 26 
26 26 26 26 26 26 26 26 26 26 
26 26 26 26 26 26 26 26 26 26 
26 26 26 26 26 26 26 26 26 26 
26 26 26 26 26 26 26 26 26 26 
26 26 26 26 26 26 26 26 26 26 
26 26 26 26 26 26 26 26 26 26 
26 26 26 26 26 26 26 26 26 26 
26 26 26 26 26 26 26 26 26 26 
26 26 26 26 26 26 26 26 26 26 
26 26 26 26 26 26 26 27 27 27 
27 27 27 27 27 27 27 27 27 27 
27 27 27 27 27 27 27 27 27 27 
27 27 27 27 27 27 27 27 27 27 
27 27 27 27 27 27 27 27 27 27 
27 27 27 27 27 27 27 27 27 27 
27 27 27 27 27 27 27 27 27 27 
27 27 27 27 27 27 27 27 27 27 
27 27 27 27 27 27 27 27 27 27 
27 27 27 27 27 27 27 27 27 27 
27 27 27 27 27 27 27 27 27 27 
27 27 27 27 27 27 27 27 27 27 
27 27 27 27 27 27 27 27 27 27 
27 27 27 27 27 27 27 27 27 27 
27 27 27 27 27 27 27 27 27 27 
27 27 27 27 27 27 27 27 27 27 
27 27 27 27 27 27 27 27 27 27 
27 27 27 27 27 27 27 27 27 27 
27 27 27 27 27 27 27 27 27 27 
27 27 27 27 27 27 27 27 27 27 
27 27 27 SCALARS Node_Number float 1
LOOKUP_TABLE default
57 57 57 57 57 57 57 57 57 
57 57 57 57 57 57 57 57 57 57 
57 57 57 57 57 57 57 57 57 57 
57 57 57 57 57 57 57 57 57 57 
57 57 57 57 57 57 57 57 57 57 
57 57 57 57 57 57 57 57 57 57 
57 57 57 57 57 57 57 57 57 57 
57 57 57 57 57 57 57 57 57 57 
57 57 57 57 57 57 57 57 57 57 
57 57 57 57 57 57 57 57 57 57 
57 57 57 57 57 57 57 57 57 57 
57 57 57 57 57 57 57 57 57 57 
57 57 57 57 57 57 57 57 57 57 
57 57 57 57 57 57 57 57 57 57 
57 57 57 57 57 57 57 57 57 57 
57 57 57 57 57 57 57 57 57 57 
57 57 57 57 57 57 57 57 57 57 
57 57 57 57 57 57 57 57 57 57 
57 57 57 57 57 57 57 57 57 57 
57 57 57 57 57 57 57 40 40 40 
40 40 40 40 40 40 40 40 40 40 
40 40 40 40 40 40 40 40 40 40 
40 40 40 40 40 40 40 40 40 40 
40 40 40 40 40 40 40 40 40 40 
40 40 40 40 40 40 40 40 40 40 
40 40 40 40 40 40 40 40 40 40 
40 40 40 40 40 40 40 40 40 40 
40 40 40 40 40 40 40 40 40 40 
40 40 40 40 40 40 40 40 40 40 
40 40 40 40 40 40 40 40 40 40 
40 40 40 40 40 40 40 40 40 40 
40 40 40 40 40 40 40 40 40 40 
40 40 40 40 40 40 40 40 40 40 
40 40 40 40 40 40 40 40 40 40 
40 40 40 40 40 40 40 40 40 40 
40 40 40 40 40 40 40 40 40 40 
40 40 40 40 40 40 40 40 40 40 
40 40 40 40 40 40 40 40 40 40 
40 40 40 40 40 40 40 40 40 40 
40 40 40 68 68 68 68 68 68 68 
68 68 68 68 68 68 68 68 68 68 
68 68 68 68 68 68 68 68 68 68 
68 68 68 68 68 68 68 68 68 68 
68 68 68 68 68 68 68 68 68 68 
68 68 68 68 68 68 68 68 68 68 
68 68 68 68 68 68 68 68 68 68 
68 68 68 68 68 68 68 68 68 68 
68 68 68 68 68 68 68 68 68 68 
68 68 68 68 68 68 68 68 68 68 
68 68 68 68 68 68 68 68 68 68 
68 68 68 68 68 68 68 68 68 68 
68 68 68 68 68 68 68 68 68 68 
68 68 68 68 68 68 68 68 68 68 
68 68 68 68 68 68 68 68 68 68 
68 68 68 68 68 68 68 68 68 68 
68 68 68 68 68 68 68 68 68 68 
68 68 68 68 68 68 68 68 68 68 
68 68 68 68 68 68 68 68 68 68 
68 68 68 68 68 68 68 68 68 70 
70 70 70 70 70 70 70 70 70 70 
70 70 70 70 70 70 70 70 70 70 
70 70 70 70 70 70 70 70 70 70 
70 70 70 70 70 70 70 70 70 70 
70 70 70 70 70 70 70 70 70 70 
70 70 70 70 70 70 70 70 70 70 
70 70 70 70 70 70 70 70 70 70 
70 70 70 70 70 70 70 70 70 70 
70 70 70 70 70 70 70 70 70 70 
70 70 70 70 70 70 70 70 70 70 
70 70 70 70 70 70 70 70 70 70 
70 70 70 70 70 70 70 70 70 70 
70 70 70 70 70 70 70 70 70 70 
70 70 70 70 70 70 70 70 70 70 
70 70 70 70 70 70 70 70 70 70 
70 70 70 70 70 70 70 70 70 70 
70 70 70 70 70 70 70 70 70 70 
70 70 70 70 70 70 70 70 70 70 
70 70 70 70 70 70 70 70 70 70 
70 70 70 70 70 85 85 85 85 85 
85 85 85 85 85 85 85 85 85 85 
85 85 85 85 85 85 85 85 85 85 
85 85 85 85 85 85 85 85 85 85 
85 85 85 85 85 85 85 85 85 85 
85 85 85 85 85 85 85 85 85 85 
85 85 85 85 85 85 85 85 85 85 
85 85 85 85 85 85 85 85 85 85 
85 85 85 85 85 85 85 85 85 85 
85 85 85 85 85 85 85 85 85 85 
85 85 85 85 85 85 85 85 85 85 
85 85 85 85 85 85 85 85 85 85 
85 85 85 85 85 85 85 85 85 85 
85 85 85 85 85 85 85 85 85 85 
85 85 85 85 85 85 85 85 85 85 
85 85 85 85 85 85 85 85 85 85 
85 85 85 85 85 85 85 85 85 85 
85 85 85 85 85 85 85 85 85 85 
85 85 85 85 85 85 85 85 85 85 
85 85 85 85 85 85 85 85 85 85 
85 24 24 24 24 24 24 24 24 24 
24 24 24 24 24 24 24 24 24 24 
24 24 24 24 24 24 24 24 24 24 
24 24 24 24 24 24 24 24 24 24 
24 24 24 24 24 24 24 24 24 24 
24 24 24 24 24 24 24 24 24 24 
24 24 24 24 24 24 24 24 24 24 
24 24 24 24 24 24 24 24 24 24 
24 24 24 24 24 24 24 24 24 24 
24 24 24 24 24 24 24 24 24 24 
24 24 24 24 24 24 24 24 24 24 
24 24 24 24 24 24 24 24 24 24 
24 24 24 24 24 24 24 24 24 24 
24 24 24 24 24 24 24 24 24 24 
24 24 24 24 24 24 24 24 24 24 
24 24 24 24 24 24 24 24 24 24 
24 24 24 24 24 24 24 24 24 24 
24 24 24 24 24 24 24 24 24 24 
24 24 24 24 24 24 24 24 24 24 
24 24 24 24 24 24 24 28 28 28 
28 28 28 28 28 28 28 28 28 28 
28 28 28 28 28 28 28 28 28 28 
28 28 28 28 28 28 28 28 28 28 
28 28 28 28 28 28 28 28 28 28 
28 28 28 28 28 28 28 28 28 28 
28 28 28 28 28 28 28 28 28 28 
28 28 28 28 28 28 28 28 28 28 
28 28 28 28 28 28 28 28 28 28 
28 28 28 28 28 28 28 28 28 28 
28 28 28 28 28 28 28 28 28 28 
28 28 28 28 28 28 28 28 28 28 
28 28 28 28 28 28 28 28 28 28 
28 28 28 28 28 28 28 28 28 28 
28 28 28 28 28 28 28 28 28 28 
28 28 28 28 28 28 28 28 28 28 
28 28 28 28 28 28 28 28 28 28 
28 28 28 28 28 28 28 28 28 28 
28 28 28 28 28 28 28 28 28 28 
28 28 28 28 28 28 28 28 28 28 
28 28 28 32 32 32 32 32 32 32 
32 32 32 32 32 32 32 32 32 32 
32 32 32 32 32 32 32 32 32 32 
32 32 32 32 32 32 32 32 32 32 
32 32 32 32 32 32 32 32 32 32 
32 32 32 32 32 32 32 32 32 32 
32 32 32 32 32 32 32 32 32 32 
32 32 32 32 32 32 32 32 32 32 
32 32 32 32 32 32 32 32 32 32 
32 32 32 32 32 32 32 32 32 32 
32 32 32 32 32 32 32 32 32 32 
32 32 32 32 32 32 32 32 32 32 
32 32 32 32 32 32 32 32 32 32 
32 32 32 32 32 32 32 32 32 32 
32 32 32 32 32 32 32 32 32 32 
32 32 32 32 32 32 32 32 32 32 
32 32 32 32 32 32 32 32 32 32 
32 32 32 32 32 32 32 32 32 32 
32 32 32 32 32 32 32 32 32 32 
32 32 32 32 32 32 32 32 32 36 
36 36 36 36 36 36 36 36 36 36 
36 36 36 36 36 36 36 36 36 36 
36 36 36 36 36 36 36 36 36 36 
36 36 36 36 36 36 36 36 36 36 
36 36 36 36 36 36 36 36 36 36 
36 36 36 36 36 36 36 36 36 36 
36 36 36 36 36 36 36 36 36 36 
36 36 36 36 36 36 36 36 36 36 
36 36 36 36 36 36 36 36 36 36 
36 36 36 36 36 36 36 36 36 36 
36 36 36 36 36 36 36 36 36 36 
36 36 36 36 36 36 36 36 36 36 
36 36 36 36 36 36 36 36 36 36 
36 36 36 36 36 36 36 36 36 36 
36 36 36 36 36 36 36 36 36 36 
36 36 36 36 36 36 36 36 36 36 
36 36 36 36 36 36 36 36 36 36 
36 36 36 36 36 36 36 36 36 36 
36 36 36 36 36 36 36 36 36 36 
36 36 36 36 36 44 44 44 44 44 
44 44 44 44 44 44 44 44 44 44 
44 44 44 44 44 44 44 44 44 44 
44 44 44 44 44 44 44 44 44 44 
44 44 44 44 44 44 44 44 44 44 
44 44 44 44 44 44 44 44 44 44 
44 44 44 44 44 44 44 44 44 44 
44 44 44 44 44 44 44 44 44 44 
44 44 44 44 44 44 44 44 44 44 
44 44 44 44 44 44 44 44 44 44 
44 44 44 44 44 44 44 44 44 44 
44 44 44 44 44 44 44 44 44 44 
44 44 44 44 44 44 44 44 44 44 
44 44 44 44 44 44 44 44 44 44 
44 44 44 44 44 44 44 44 44 44 
44 44 44 44 44 44 44 44 44 44 
44 44 44 44 44 44 44 44 44 44 
44 44 44 44 44 44 44 44 44 44 
44 44 44 44 44 44 44 44 44 44 
44 44 44 44 44 44 44 44 44 44 
44 48 48 48 48 48 48 48 48 48 
48 48 48 48 48 48 48 48 48 48 
48 48 48 48 48 48 48 48 48 48 
48 48 48 48 48 48 48 48 48 48 
48 48 48 48 48 48 48 48 48 48 
48 48 48 48 48 48 48 48 48 48 
48 48 48 48 48 48 48 48 48 48 
48 48 48 48 48 48 48 48 48 48 
48 48 48 48 48 48 48 48 48 48 
48 48 48 48 48 48 48 48 48 48 
48 48 48 48 48 48 48 48 48 48 
48 48 48 48 48 48 48 48 48 48 
48 48 48 48 48 48 48 48 48 48 
48 48 48 48 48 48 48 48 48 48 
48 48 48 48 48 48 48 48 48 48 
48 48 48 48 48 48 48 48 48 48 
48 48 48 48 48 48 48 48 48 48 
48 48 48 48 48 48 48 48 48 48 
48 48 48 48 48 48 48 48 48 48 
48 48 48 48 48 48 48 52 52 52 
52 52 52 52 52 52 52 52 52 52 
52 52 52 52 52 52 52 52 52 52 
52 52 52 52 52 52 52 52 52 52 
52 52 52 52 52 52 52 52 52 52 
52 52 52 52 52 52 52 52 52 52 
52 52 52 52 52 52 52 52 52 52 
52 52 52 52 52 52 52 52 52 52 
52 52 52 52 52 52 52 52 52 52 
52 52 52 52 52 52 52 52 52 52 
52 52 52 52 52 52 52 52 52 52 
52 52 52 52 52 52 52 52 52 52 
52 52 52 52 52 52 52 52 52 52 
52 52 52 52 52 52 52 52 52 52 
52 52 52 52 52 52 52 52 52 52 
52 52 52 52 52 52 52 52 52 52 
52 52 52 52 52 52 52 52 52 52 
52 52 52 52 52 52 52 52 52 52 
52 52 52 52 52 52 52 52 52 52 
52 52 52 52 52 52 52 52 52 52 
52 52 52 SCALARS Type float 1
LOOKUP_TABLE default
1 1 1 1 1 1 1 1 1 
1 1 1 1 1 1 1 1 1 1 
1 1 1 1 1 1 1 1 1 1 
1 1 1 1 1 1 1 1 1 1 
1 1 1 1 1 1 1 1 1 1 
1 1 1 1 1 1 1 1 1 1 
1 1 1 1 1 1 1 1 1 1 
1 1 1 1 1 1 1 1 1 1 
1 1 1 1 1 1 1 1 1 1 
1 1 1 1 1 1 1 1 1 1 
1 1 1 1 1 1 1 1 1 1 
1 1 1 1 1 1 1 1 1 1 
1 1 1 1 1 1 1 1 1 1 
1 1 1 1 1 1 1 1 1 1 
1 1 1 1 1 1 1 1 1 1 
1 1 1 1 1 1 1 1 1 1 
1 1 1 1 1 1 1 1 1 1 
1 1 1 1 1 1 1 1 1 1 
1 1 1 1 1 1 1 1 1 1 
1 1 1 1 1 1 1 1 1 1 
1 1 1 1 1 1 1 1 1 1 
1 1 1 1 1 1 1 1 1 1 
1 1 1 1 1 1 1 1 1 1 
1 1 1 1 1 1 1 1 1 1 
1 1 1 1 1 1 1 1 1 1 
1 1 1 1 1 1 1 1 1 1 
1 1 1 1 1 1 1 1 1 1 
1 1 1 1 1 1 1 1 1 1 
1 1 1 1 1 1 1 1 1 1 
1 1 1 1 1 1 1 1 1 1 
1 1 1 1 1 1 1 1 1 1 
1 1 1 1 1 1 1 1 1 1 
1 1 1 1 1 1 1 1 1 1 
1 1 1 1 1 1 1 1 1 1 
1 1 1 1 1 1 1 1 1 1 
1 1 1 1 1 1 1 1 1 1 
1 1 1 1 1 1 1 1 1 1 
1 1 1 1 1 1 1 1 1 1 
1 1 1 1 1 1 1 1 1 1 
1 1 1 1 1 1 1 1 1 1 
1 1 1 1 1 1 1 1 1 1 
1 1 1 1 1 1 1 1 1 1 
1 1 1 1 1 1 1 1 1 1 
1 1 1 1 1 1 1 1 1 1 
1 1 1 1 1 1 1 1 1 1 
1 1 1 1 1 1 1 1 1 1 
1 1 1 1 1 1 1 1 1 1 
1 1 1 1 1 1 1 1 1 1 
1 1 1 1 1 1 1 1 1 1 
1 1 1 1 1 1 1 1 1 1 
1 1 1 1 1 1 1 1 1 1 
1 1 1 1 1 1 1 1 1 1 
1 1 1 1 1 1 1 1 1 1 
1 1 1 1 1 1 1 1 1 1 
1 1 1 1 1 1 1 1 1 1 
1 1 1 1 1 1 1 1 1 1 
1 1 1 1 1 1 1 1 1 1 
1 1 1 1 1 1 1 1 1 1 
1 1 1 1 1 1 1 1 1 1 
1 1 1 1 1 1 1 1 1 1 
1 1 1 1 1 1 1 1 1 1 
1 1 1 1 1 1 1 1 1 1 
1 1 1 1 1 1 1 1 1 1 
1 1 1 1 1 1 1 1 1 1 
1 1 1 1 1 1 1 1 1 1 
1 1 1 1 1 1 1 1 1 1 
1 1 1 1 1 1 1 1 1 1 
1 1 1 1 1 1 1 1 1 1 
1 1 1 1 1 1 1 1 1 1 
1 1 1 1 1 1 1 1 1 1 
1 1 1 1 1 1 1 1 1 1 
1 1 1 1 1 1 1 1 1 1 
1 1 1 1 1 1 1 1 1 1 
1 1 1 1 1 1 1 1 1 1 
1 1 1 1 1 1 1 1 1 1 
1 1 1 1 1 1 1 1 1 1 
1 1 1 1 1 1 1 1 1 1 
1 1 1 1 1 1 1 1 1 1 
1 1 1 1 1 1 1 1 1 1 
1 1 1 1 1 1 1 1 1 1 
1 1 1 1 1 1 1 1 1 1 
1 1 1 1 1 1 1 1 1 1 
1 1 1 1 1 1 1 1 1 1 
1 1 1 1 1 1 1 1 1 1 
1 1 1 1 1 1 1 1 1 1 
1 1 1 1 1 1 1 1 1 1 
1 1 1 1 1 1 1 1 1 1 
1 1 1 1 1 1 1 1 1 1 
1 1 1 1 1 1 1 1 1 1 
1 1 1 1 1 1 1 1 1 1 
1 1 1 1 1 1 1 1 1 1 
1 1 1 1 1 1 1 1 1 1 
1 1 1 1 1 1 1 1 1 1 
1 1 1 1 1 1 1 1 1 1 
1 1 1 1 1 1 1 1 1 1 
1 1 1 1 1 1 1 1 1 1 
1 1 1 1 1 1 1 1 1 1 
1 1 1 1 1 1 1 1 1 1 
1 2 2 2 2 2 2 2 2 2 
2 2 2 2 2 2 2 2 2 2 
2 2 2 2 2 2 2 2 2 2 
2 2 2 2 2 2 2 2 2 2 
2 2 2 2 2 2 2 2 2 2 
2 2 2 2 2 2 2 2 2 2 
2 2 2 2 2 2 2 2 2 2 
2 2 2 2 2 2 2 2 2 2 
2 2 2 2 2 2 2 2 2 2 
2 2 2 2 2 2 2 2 2 2 
2 2 2 2 2 2 2 2 2 2 
2 2 2 2 2 2 2 2 2 2 
2 2 2 2 2 2 2 2 2 2 
2 2 2 2 2 2 2 2 2 2 
2 2 2 2 2 2 2 2 2 2 
2 2 2 2 2 2 2 2 2 2 
2 2 2 2 2 2 2 2 2 2 
2 2 2 2 2 2 2 2 2 2 
2 2 2 2 2 2 2 2 2 2 
2 2 2 2 2 2 2 2 2 2 
2 2 2 2 2 2 2 2 2 2 
2 2 2 2 2 2 2 2 2 2 
2 2 2 2 2 2 2 2 2 2 
2 2 2 2 2 2 2 2 2 2 
2 2 2 2 2 2 2 2 2 2 
2 2 2 2 2 2 2 2 2 2 
2 2 2 2 2 2 2 2 2 2 
2 2 2 2 2 2 2 2 2 2 
2 2 2 2 2 2 2 2 2 2 
2 2 2 2 2 2 2 2 2 2 
2 2 2 2 2 2 2 2 2 2 
2 2 2 2 2 2 2 2 2 2 
2 2 2 2 2 2 2 2 2 2 
2 2 2 2 2 2 2 2 2 2 
2 2 2 2 2 2 2 2 2 2 
2 2 2 2 2 2 2 2 2 2 
2 2 2 2 2 2 2 2 2 2 
2 2 2 2 2 2 2 2 2 2 
2 2 2 2 2 2 2 2 2 2 
2 2 2 2 2 2 2 2 2 2 
2 2 2 2 2 2 2 2 2 2 
2 2 2 2 2 2 2 2 2 2 
2 2 2 2 2 2 2 2 2 2 
2 2 2 2 2 2 2 2 2 2 
2 2 2 2 2 2 2 2 2 2 
2 2 2 2 2 2 2 2 2 2 
2 2 2 2 2 2 2 2 2 2 
2 2 2 2 2 2 2 2 2 2 
2 2 2 2 2 2 2 2 2 2 
2 2 2 2 2 2 2 2 2 2 
2 2 2 2 2 2 2 2 2 2 
2 2 2 2 2 2 2 2 2 2 
2 2 2 2 2 2 2 2 2 2 
2 2 2 2 2 2 2 2 2 2 
2 2 2 2 2 2 2 2 2 2 
2 2 2 2 2 2 2 2 2 2 
2 2 2 2 2 2 2 2 2 2 
2 2 2 2 2 2 2 2 2 2 
2 2 2 2 2 2 2 2 2 2 
2 2 2 2 2 2 2 2 2 2 
2 2 2 2 2 2 2 2 2 2 
2 2 2 2 2 2 2 2 2 2 
2 2 2 2 2 2 2 2 2 2 
2 2 2 2 2 2 2 2 2 2 
2 2 2 2 2 2 2 2 2 2 
2 2 2 2 2 2 2 2 2 2 
2 2 2 2 2 2 2 2 2 2 
2 2 2 2 2 2 2 2 2 2 
2 2 2 2 2 2 2 2 2 2 
2 2 2 2 2 2 2 2 2 2 
2 2 2 2 2 2 2 2 2 2 
2 2 2 2 2 2 2 2 2 2 
2 2 2 2 2 2 2 2 2 2 
2 2 2 2 2 2 2 2 2 2 
2 2 2 2 2 2 2 2 2 2 
2 2 2 2 2 2 2 2 2 2 
2 2 2 2 2 2 2 2 2 2 
2 2 2 2 2 2 2 2 2 2 
2 2 2 2 2 2 2 2 2 2 
2 2 2 2 2 2 2 2 2 2 
2 2 2 2 2 2 2 2 2 2 
2 2 2 2 2 2 2 2 2 2 
2 2 2 2 2 2 2 2 2 2 
2 2 2 2 2 2 2 2 2 2 
2 2 2 2 2 2 2 2 2 2 
2 2 2 2 2 2 2 2 2 2 
2 2 2 2 2 2 2 2 2 2 
2 2 2 2 2 2 2 2 2 2 
2 2 2 2 2 2 2 2 2 2 
2 2 2 2 2 2 2 2 2 2 
2 2 2 2 2 2 2 2 2 2 
2 2 2 2 2 2 2 2 2 2 
2 2 2 2 2 2 2 2 2 2 
2 2 2 2 2 2 2 2 2 2 
2 2 2 2 2 2 2 2 2 2 
2 2 2 2 2 2 2 2 2 2 
2 2 2 2 2 2 2 2 2 2 
2 2 2 2 2 2 2 2 2 2 
2 2 2 2 2 2 2 2 2 2 
2 2 2 2 2 2 2 2 2 2 
2 2 2 2 2 2 2 2 2 2 
2 2 2 2 2 2 2 2 2 2 
2 2 2 2 2 2 2 2 2 2 
2 2 2 2 2 2 2 2 2 2 
2 2 2 2 2 2 2 2 2 2 
2 2 2 2 2 2 2 2 2 2 
2 2 2 2 2 2 2 2 2 2 
2 2 2 2 2 2 2 2 2 2 
2 2 2 2 2 2 2 2 2 2 
2 2 2 2 2 2 2 2 2 2 
2 2 2 2 2 2 2 2 2 2 
2 2 2 2 2 2 2 2 2 2 
2 2 2 2 2 2 2 2 2 2 
2 2 2 2 2 2 2 2 2 2 
2 2 2 2 2 2 2 2 2 2 
2 2 2 2 2 2 2 2 2 2 
2 2 2 2 2 2 2 2 2 2 
2 2 2 2 2 2 2 2 2 2 
2 2 2 2 2 2 2 2 2 2 
2 2 2 2 2 2 2 2 2 2 
2 2 2 2 2 2 2 2 2 2 
2 2 2 2 2 2 2 2 2 2 
2 2 2 2 2 2 2 2 2 2 
2 2 2 2 2 2 2 2 2 2 
2 2 2 2 2 2 2 2 2 2 
2 2 2 2 2 2 2 2 2 2 
2 2 2 2 2 2 2 2 2 2 
2 2 2 2 2 2 2 2 2 2 
2 2 2 2 2 2 2 2 2 2 
2 2 2 2 2 2 2 2 2 2 
2 2 2 2 2 2 2 2 2 2 
2 2 2 2 2 2 2 2 2 2 
2 2 2 2 2 2 2 2 2 2 
2 2 2 2 2 2 2 2 2 2 
2 2 2 2 2 2 2 2 2 2 
2 2 2 2 2 2 2 2 2 2 
2 2 2 2 2 2 2 2 2 2 
2 2 2 SCALARS Dilation_mm float 1
LOOKUP_TABLE default
25.3791 25.3791 25.3791 25.3791 25.3791 25.3791 25.3791 25.3791 25.3791 
25.3791 25.3791 25.3791 25.3791 25.3791 25.3791 25.3791 25.3791 25.3791 25.3791 
25.3791 25.3791 25.3791 25.3791 25.3791 25.3791 25.3791 25.3791 25.3791 25.3791 
25.3791 25.3791 25.3791 25.3791 25.3791 25.3791 25.3791 25.3791 25.3791 25.3791 
25.3791 25.3791 25.3791 25.3791 25.3791 25.3791 25.3791 25.3791 25.3791 25.3791 
25.3791 25.3791 25.3791 25.3791 25.3791 25.3791 25.3791 25.3791 25.3791 25.3791 
25.3791 25.3791 25.3791 25.3791 25.3791 25.3791 25.3791 25.3791 25.3791 25.3791 
25.3791 25.3791 25.3791 25.3791 25.3791 25.3791 25.3791 25.3791 25.3791 25.3791 
25.3791 25.3791 25.3791 25.3791 25.3791 25.3791 25.3791 25.3791 25.3791 25.3791 
25.3791 25.3791 25.3791 25.3791 25.3791 25.3791 25.3791 25.3791 25.3791 25.3791 
25.3791 25.3791 25.3791 25.3791 25.3791 25.3791 25.3791 25.3791 25.3791 25.3791 
25.3791 25.3791 25.3791 25.3791 25.3791 25.3791 25.3791 25.3791 25.3791 25.3791 
25.3791 25.3791 25.3791 25.3791 25.3791 25.3791 25.3791 25.3791 25.3791 25.3791 
25.3791 25.3791 25.3791 25.3791 25.3791 25.3791 25.3791 25.3791 25.3791 25.3791 
25.3791 25.3791 25.3791 25.3791 25.3791 25.3791 25.3791 25.3791 25.3791 25.3791 
25.3791 25.3791 25.3791 25.3791 25.3791 25.3791 25.3791 25.3791 25.3791 25.3791 
25.3791 25.3791 25.3791 25.3791 25.3791 25.3791 25.3791 25.3791 25.3791 25.3791 
25.3791 25.3791 25.3791 25.3791 25.3791 25.3791 25.3791 25.3791 25.3791 25.3791 
25.3791 25.3791 25.3791 25.3791 25.3791 25.3791 25.3791 25.3791 25.3791 25.3791 
25.3791 25.3791 25.3791 25.3791 25.3791 25.3791 25.3791 0.0781197 0.0781197 0.0781197 
0.0781197 0.0781197 0.0781197 0.0781197 0.0781197 0.0781197 0.0781197 0.0781197 0.0781197 0.0781197 
0.0781197 0.0781197 0.0781197 0.0781197 0.0781197 0.0781197 0.0781197 0.0781197 0.0781197 0.0781197 
0.0781197 0.0781197 0.0781197 0.0781197 0.0781197 0.0781197 0.0781197 0.0781197 0.0781197 0.0781197 
0.0781197 0.0781197 0.0781197 0.0781197 0.0781197 0.0781197 0.0781197 0.0781197 0.0781197 0.0781197 
0.0781197 0.0781197 0.0781197 0.0781197 0.0781197 0.0781197 0.0781197 0.0781197 0.0781197 0.0781197 
0.0781197 0.0781197 0.0781197 0.0781197 0.0781197 0.0781197 0.0781197 0.0781197 0.0781197 0.0781197 
0.0781197 0.0781197 0.0781197 0.0781197 0.0781197 0.0781197 0.0781197 0.0781197 0.0781197 0.0781197 
0.0781197 0.0781197 0.0781197 0.0781197 0.0781197 0.0781197 0.0781197 0.0781197 0.0781197 0.0781197 
0.0781197 0.0781197 0.0781197 0.0781197 0.0781197 0.0781197 0.0781197 0.0781197 0.0781197 0.0781197 
0.0781197 0.0781197 0.0781197 0.0781197 0.0781197 0.0781197 0.0781197 0.0781197 0.0781197 0.0781197 
0.0781197 0.0781197 0.0781197 0.0781197 0.0781197 0.0781197 0.0781197 0.0781197 0.0781197 0.0781197 
0.0781197 0.0781197 0.0781197 0.0781197 0.0781197 0.0781197 0.0781197 0.0781197 0.0781197 0.0781197 
0.0781197 0.0781197 0.0781197 0.0781197 0.0781197 0.0781197 0.0781197 0.0781197 0.0781197 0.0781197 
0.0781197 0.0781197 0.0781197 0.0781197 0.0781197 0.0781197 0.0781197 0.0781197 0.0781197 0.0781197 
0.0781197 0.0781197 0.0781197 0.0781197 0.0781197 0.0781197 0.0781197 0.0781197 0.0781197 0.0781197 
0.0781197 0.0781197 0.0781197 0.0781197 0.0781197 0.0781197 0.0781197 0.0781197 0.0781197 0.0781197 
0.0781197 0.0781197 0.0781197 0.0781197 0.0781197 0.0781197 0.0781197 0.0781197 0.0781197 0.0781197 
0.0781197 0.0781197 0.0781197 0.0781197 0.0781197 0.0781197 0.0781197 0.0781197 0.0781197 0.0781197 
0.0781197 0.0781197 0.0781197 0.0781197 0.0781197 0.0781197 0.0781197 0.0781197 0.0781197 0.0781197 
0.0781197 0.0781197 0.0781197 0.0369819 0.0369819 0.0369819 0.0369819 0.0369819 0.0369819 0.0369819 
0.0369819 0.0369819 0.0369819 0.0369819 0.0369819 0.0369819 0.0369819 0.0369819 0.0369819 0.0369819 
0.0369819 0.0369819 0.0369819 0.0369819 0.0369819 0.0369819 0.0369819 0.0369819 0.0369819 0.0369819 
0.0369819 0.0369819 0.0369819 0.0369819 0.0369819 0.0369819 0.0369819 0.0369819 0.0369819 0.0369819 
0.0369819 0.0369819 0.0369819 0.0369819 0.0369819 0.0369819 0.0369819 0.0369819 0.0369819 0.0369819 
0.0369819 0.0369819 0.0369819 0.0369819 0.0369819 0.0369819 0.0369819 0.0369819 0.0369819 0.0369819 
0.0369819 0.0369819 0.0369819 0.0369819 0.0369819 0.0369819 0.0369819 0.0369819 0.0369819 0.0369819 
0.0369819 0.0369819 0.0369819 0.0369819 0.0369819 0.0369819 0.0369819 0.0369819 0.0369819 0.0369819 
0.0369819 0.0369819 0.0369819 0.0369819 0.0369819 0.0369819 0.0369819 0.0369819 0.0369819 0.0369819 
0.0369819 0.0369819 0.0369819 0.0369819 0.0369819 0.0369819 0.0369819 0.0369819 0.0369819 0.0369819 
0.0369819 0.0369819 0.0369819 0.0369819 0.0369819 0.0369819 0.0369819 0.0369819 0.0369819 0.0369819 
0.0369819 0.0369819 0.0369819 0.0369819 0.0369819 0.0369819 0.0369819 0.0369819 0.0369819 0.0369819 
0.0369819 0.0369819 0.0369819 0.0369819 0.0369819 0.0369819 0.0369819 0.0369819 0.0369819 0.0369819 
0.0369819 0.0369819 0.0369819 0.0369819 0.0369819 0.0369819 0.0369819 0.0369819 0.0369819 0.0369819 
0.0369819 0.0369819 0.0369819 0.0369819 0.0369819 0.0369819 0.0369819 0.0369819 0.0369819 0.0369819 
0.0369819 0.0369819 0.0369819 0.0369819 0.0369819 0.0369819 0.0369819 0.0369819 0.0369819 0.0369819 
0.0369819 0.0369819 0.0369819 0.0369819 0.0369819 0.0369819 0.0369819 0.0369819 0.0369819 0.0369819 
0.0369819 0.0369819 0.0369819 0.0369819 0.0369819 0.0369819 0.0369819 0.0369819 0.0369819 0.0369819 
0.0369819 0.0369819 0.0369819 0.0369819 0.0369819 0.0369819 0.0369819 0.0369819 0.0369819 0.0369819 
0.0369819 0.0369819 0.0369819 0.0369819 0.0369819 0.0369819 0.0369819 0.0369819 0.0369819 0.0365354 
0.0365354 0.0365354 0.0365354 0.0365354 0.0365354 0.0365354 0.0365354 0.0365354 0.0365354 0.0365354 
0.0365354 0.0365354 0.0365354 0.0365354 0.0365354 0.0365354 0.0365354 0.0365354 0.0365354 0.0365354 
0.0365354 0.0365354 0.0365354 0.0365354 0.0365354 0.0365354 0.0365354 0.0365354 0.0365354 0.0365354 
0.0365354 0.0365354 0.0365354 0.0365354 0.0365354 0.0365354 0.0365354 0.0365354 0.0365354 0.0365354 
0.0365354 0.0365354 0.0365354 0.0365354 0.0365354 0.0365354 0.0365354 0.0365354 0.0365354 0.0365354 
0.0365354 0.0365354 0.0365354 0.0365354 0.0365354 0.0365354 0.0365354 0.0365354 0.0365354 0.0365354 
0.0365354 0.0365354 0.0365354 0.0365354 0.0365354 0.0365354 0.0365354 0.0365354 0.0365354 0.0365354 
0.0365354 0.0365354 0.0365354 0.0365354 0.0365354 0.0365354 0.0365354 0.0365354 0.0365354 0.0365354 
0.0365354 0.0365354 0.0365354 0.0365354 0.0365354 0.0365354 0.0365354 0.0365354 0.0365354 0.0365354 
0.0365354 0.0365354 0.0365354 0.0365354 0.0365354 0.0365354 0.0365354 0.0365354 0.0365354 0.0365354 
0.0365354 0.0365354 0.0365354 0.0365354 0.0365354 0.0365354 0.0365354 0.0365354 0.0365354 0.0365354 
0.0365354 0.0365354 0.0365354 0.0365354 0.0365354 0.0365354 0.0365354 0.0365354 0.0365354 0.0365354 
0.0365354 0.0365354 0.0365354 0.0365354 0.0365354 0.0365354 0.0365354 0.0365354 0.0365354 0.0365354 
0.0365354 0.0365354 0.0365354 0.0365354 0.0365354 0.0365354 0.0365354 0.0365354 0.0365354 0.0365354 
0.0365354 0.0365354 0.0365354 0.0365354 0.0365354 0.0365354 0.0365354 0.0365354 0.0365354 0.0365354 
0.0365354 0.0365354 0.0365354 0.0365354 0.0365354 0.0365354 0.0365354 0.0365354 0.0365354 0.0365354 
0.0365354 0.0365354 0.0365354 0.0365354 0.0365354 0.0365354 0.0365354 0.0365354 0.0365354 0.0365354 
0.0365354 0.0365354 0.0365354 0.0365354 0.0365354 0.0365354 0.0365354 0.0365354 0.0365354 0.0365354 
0.0365354 0.0365354 0.0365354 0.0365354 0.0365354 0.0365354 0.0365354 0.0365354 0.0365354 0.0365354 
0.0365354 0.0365354 0.0365354 0.0365354 0.0365354 0.060762 0.060762 0.060762 0.060762 0.060762 
0.060762 0.060762 0.060762 0.060762 0.060762 0.060762 0.060762 0.060762 0.060762 0.060762 
0.060762 0.060762 0.060762 0.060762 0.060762 0.060762 0.060762 0.060762 0.060762 0.060762 
0.060762 0.060762 0.060762 0.060762 0.060762 0.060762 0.060762 0.060762 0.060762 0.060762 
0.060762 0.060762 0.060762 0.060762 0.060762 0.060762 0.060762 0.060762 0.060762 0.060762 
0.060762 0.060762 0.060762 0.060762 0.060762 0.060762 0.060762 0.060762 0.060762 0.060762 
0.060762 0.060762 0.060762 0.060762 0.060762 0.060762 0.060762 0.060762 0.060762 0.060762 
0.060762 0.060762 0.060762 0.060762 0.060762 0.060762 0.060762 0.060762 0.060762 0.060762 
0.060762 0.060762 0.060762 0.060762 0.060762 0.060762 0.060762 0.060762 0.060762 0.060762 
0.060762 0.060762 0.060762 0.060762 0.060762 0.060762 0.060762 0.060762 0.060762 0.060762 
0.060762 0.060762 0.060762 0.060762 0.060762 0.060762 0.060762 0.060762 0.060762 0.060762 
0.060762 0.060762 0.060762 0.060762 0.060762 0.060762 0.060762 0.060762 0.060762 0.060762 
0.060762 0.060762 0.060762 0.060762 0.060762 0.060762 0.060762 0.060762 0.060762 0.060762 
0.060762 0.060762 0.060762 0.060762 0.060762 0.060762 0.060762 0.060762 0.060762 0.060762 
0.060762 0.060762 0.060762 0.060762 0.060762 0.060762 0.060762 0.060762 0.060762 0.060762 
0.060762 0.060762 0.060762 0.060762 0.060762 0.060762 0.060762 0.060762 0.060762 0.060762 
0.060762 0.060762 0.060762 0.060762 0.060762 0.060762 0.060762 0.060762 0.060762 0.060762 
0.060762 0.060762 0.060762 0.060762 0.060762 0.060762 0.060762 0.060762 0.060762 0.060762 
0.060762 0.060762 0.060762 0.060762 0.060762 0.060762 0.060762 0.060762 0.060762 0.060762 
0.060762 0.060762 0.060762 0.060762 0.060762 0.060762 0.060762 0.060762 0.060762 0.060762 
0.060762 6.48052 6.48052 6.48052 6.48052 6.48052 6.48052 6.48052 6.48052 6.48052 
6.48052 6.48052 6.48052 6.48052 6.48052 6.48052 6.48052 6.48052 6.48052 6.48052 
6.48052 6.48052 6.48052 6.48052 6.48052 6.48052 6.48052 6.48052 6.48052 6.48052 
6.48052 6.48052 6.48052 6.48052 6.48052 6.48052 6.48052 6.48052 6.48052 6.48052 
6.48052 6.48052 6.48052 6.48052 6.48052 6.48052 6.48052 6.48052 6.48052 6.48052 
6.48052 6.48052 6.48052 6.48052 6.48052 6.48052 6.48052 6.48052 6.48052 6.48052 
6.48052 6.48052 6.48052 6.48052 6.48052 6.48052 6.48052 6.48052 6.48052 6.48052 
6.48052 6.48052 6.48052 6.48052 6.48052 6.48052 6.48052 6.48052 6.48052 6.48052 
6.48052 6.48052 6.48052 6.48052 6.48052 6.48052 6.48052 6.48052 6.48052 6.48052 
6.48052 6.48052 6.48052 6.48052 6.48052 6.48052 6.48052 6.48052 6.48052 6.48052 
6.48052 6.48052 6.48052 6.48052 6.48052 6.48052 6.48052 6.48052 6.48052 6.48052 
6.48052 6.48052 6.48052 6.48052 6.48052 6.48052 6.48052 6.48052 6.48052 6.48052 
6.48052 6.48052 6.48052 6.48052 6.48052 6.48052 6.48052 6.48052 6.48052 6.48052 
6.48052 6.48052 6.48052 6.48052 6.48052 6.48052 6.48052 6.48052 6.48052 6.48052 
6.48052 6.48052 6.48052 6.48052 6.48052 6.48052 6.48052 6.48052 6.48052 6.48052 
6.48052 6.48052 6.48052 6.48052 6.48052 6.48052 6.48052 6.48052 6.48052 6.48052 
6.48052 6.48052 6.48052 6.48052 6.48052 6.48052 6.48052 6.48052 6.48052 6.48052 
6.48052 6.48052 6.48052 6.48052 6.48052 6.48052 6.48052 6.48052 6.48052 6.48052 
6.48052 6.48052 6.48052 6.48052 6.48052 6.48052 6.48052 6.48052 6.48052 6.48052 
6.48052 6.48052 6.48052 6.48052 6.48052 6.48052 6.48052 2.39491 2.39491 2.39491 
2.39491 2.39491 2.39491 2.39491 2.39491 2.39491 2.39491 2.39491 2.39491 2.39491 
2.39491 2.39491 2.39491 2.39491 2.39491 2.39491 2.39491 2.39491 2.39491 2.39491 
2.39491 2.39491 2.39491 2.39491 2.39491 2.39491 2.39491 2.39491 2.39491 2.39491 
2.39491 2.39491 2.39491 2.39491 2.39491 2.39491 2.39491 2.39491 2.39491 2.39491 
2.39491 2.39491 2.39491 2.39491 2.39491 2.39491 2.39491 2.39491 2.39491 2.39491 
2.39491 2.39491 2.39491 2.39491 2.39491 2.39491 2.39491 2.39491 2.39491 2.39491 
2.39491 2.39491 2.39491 2.39491 2.39491 2.39491 2.39491 2.39491 2.39491 2.39491 
2.39491 2.39491 2.39491 2.39491 2.39491 2.39491 2.39491 2.39491 2.39491 2.39491 
2.39491 2.39491 2.39491 2.39491 2.39491 2.39491 2.39491 2.39491 2.39491 2.39491 
2.39491 2.39491 2.39491 2.39491 2.39491 2.39491 2.39491 2.39491 2.39491 2.39491 
2.39491 2.39491 2.39491 2.39491 2.39491 2.39491 2.39491 2.39491 2.39491 2.39491 
2.39491 2.39491 2.39491 2.39491 2.39491 2.39491 2.39491 2.39491 2.39491 2.39491 
2.39491 2.39491 2.39491 2.39491 2.39491 2.39491 2.39491 2.39491 2.39491 2.39491 
2.39491 2.39491 2.39491 2.39491 2.39491 2.39491 2.39491 2.39491 2.39491 2.39491 
2.39491 2.39491 2.39491 2.39491 2.39491 2.39491 2.39491 2.39491 2.39491 2.39491 
2.39491 2.39491 2.39491 2.39491 2.39491 2.39491 2.39491 2.39491 2.39491 2.39491 
2.39491 2.39491 2.39491 2.39491 2.39491 2.39491 2.39491 2.39491 2.39491 2.39491 
2.39491 2.39491 2.39491 2.39491 2.39491 2.39491 2.39491 2.39491 2.39491 2.39491 
2.39491 2.39491 2.39491 2.39491 2.39491 2.39491 2.39491 2.39491 2.39491 2.39491 
2.39491 2.39491 2.39491 1.15399 1.15399 1.15399 1.15399 1.15399 1.15399 1.15399 
1.15399 1.15399 1.15399 1.15399 1.15399 1.15399 1.15399 1.15399 1.15399 1.15399 
1.15399 1.15399 1.15399 1.15399 1.15399 1.15399 1.15399 1.15399 1.15399 1.15399 
1.15399 1.15399 1.15399 1.15399 1.15399 1.15399 1.15399 1.15399 1.15399 1.15399 
1.15399 1.15399 1.15399 1.15399 1.15399 1.15399 1.15399 1.15399 1.15399 1.15399 
1.15399 1.15399 1.15399 1.15399 1.15399 1.15399 1.15399 1.15399 1.15399 1.15399 
1.15399 1.15399 1.15399 1.15399 1.15399 1.15399 1.15399 1.15399 1.15399 1.15399 
1.15399 1.15399 1.15399 1.15399 1.15399 1.15399 1.15399 1.15399 1.15399 1.15399 
1.15399 1.15399 1.15399 1.15399 1.15399 1.15399 1.15399 1.15399 1.15399 1.15399 
1.15399 1.15399 1.15399 1.15399 1.15399 1.15399 1.15399 1.15399 1.15399 1.15399 
1.15399 1.15399 1.15399 1.15399 1.15399 1.15399 1.15399 1.15399 1.15399 1.15399 
1.15399 1.15399 1.15399 1.15399 1.15399 1.15399 1.15399 1.15399 1.15399 1.15399 
1.15399 1.15399 1.15399 1.15399 1.15399 1.15399 1.15399 1.15399 1.15399 1.15399 
1.15399 1.15399 1.15399 1.15399 1.15399 1.15399 1.15399 1.15399 1.15399 1.15399 
1.15399 1.15399 1.15399 1.15399 1.15399 1.15399 1.15399 1.15399 1.15399 1.15399 
1.15399 1.15399 1.15399 1.15399 1.15399 1.15399 1.15399 1.15399 1.15399 1.15399 
1.15399 1.15399 1.15399 1.15399 1.15399 1.15399 1.15399 1.15399 1.15399 1.15399 
1.15399 1.15399 1.15399 1.15399 1.15399 1.15399 1.15399 1.15399 1.15399 1.15399 
1.15399 1.15399 1.15399 1.15399 1.15399 1.15399 1.15399 1.15399 1.15399 1.15399 
1.15399 1.15399 1.15399 1.15399 1.15399 1.15399 1.15399 1.15399 1.15399 0.871117 
0.871117 0.871117 0.871117 0.871117 0.871117 0.871117 0.871117 0.871117 0.871117 0.871117 
0.871117 0.871117 0.871117 0.871117 0.871117 0.871117 0.871117 0.871117 0.871117 0.871117 
0.871117 0.871117 0.871117 0.871117 0.871117 0.871117 0.871117 0.871117 0.871117 0.871117 
0.871117 0.871117 0.871117 0.871117 0.871117 0.871117 0.871117 0.871117 0.871117 0.871117 
0.871117 0.871117 0.871117 0.871117 0.871117 0.871117 0.871117 0.871117 0.871117 0.871117 
0.871117 0.871117 0.871117 0.871117 0.871117 0.871117 0.871117 0.871117 0.871117 0.871117 
0.871117 0.871117 0.871117 0.871117 0.871117 0.871117 0.871117 0.871117 0.871117 0.871117 
0.871117 0.871117 0.871117 0.871117 0.871117 0.871117 0.871117 0.871117 0.871117 0.871117 
0.871117 0.871117 0.871117 0.871117 0.871117 0.871117 0.871117 0.871117 0.871117 0.871117 
0.871117 0.871117 0.871117 0.871117 0.871117 0.871117 0.871117 0.871117 0.871117 0.871117 
0.871117 0.871117 0.871117 0.871117 0.871117 0.871117 0.871117 0.871117 0.871117 0.871117 
0.871117 0.871117 0.871117 0.871117 0.871117 0.871117 0.871117 0.871117 0.871117 0.871117 
0.871117 0.871117 0.871117 0.871117 0.871117 0.871117 0.871117 0.871117 0.871117 0.871117 
0.871117 0.871117 0.871117 0.871117 0.871117 0.871117 0.871117 0.871117 0.871117 0.871117 
0.871117 0.871117 0.871117 0.871117 0.871117 0.871117 0.871117 0.871117 0.871117 0.871117 
0.871117 0.871117 0.871117 0.871117 0.871117 0.871117 0.871117 0.871117 0.871117 0.871117 
0.871117 0.871117 0.871117 0.871117 0.871117 0.871117 0.871117 0.871117 0.871117 0.871117 
0.871117 0.871117 0.871117 0.871117 0.871117 0.871117 0.871117 0.871117 0.871117 0.871117 
0.871117 0.871117 0.871117 0.871117 0.871117 0.871117 0.871117 0.871117 0.871117 0.871117 
0.871117 0.871117 0.871117 0.871117 0.871117 2.93689 2.93689 2.93689 2.93689 2.93689 
2.93689 2.93689 2.93689 2.93689 2.93689 2.93689 2.93689 2.93689 2.93689 2.93689 
2.93689 2.93689 2.93689 2.93689 2.93689 2.93689 2.93689 2.93689 2.93689 2.93689 
2.93689 2.93689 2.93689 2.93689 2.93689 2.93689 2.93689 2.93689 2.93689 2.93689 
2.93689 2.93689 2.93689 2.93689 2.93689 2.93689 2.93689 2.93689 2.93689 2.93689 
2.93689 2.93689 2.93689 2.93689 2.93689 2.93689 2.93689 2.93689 2.93689 2.93689 
2.93689 2.93689 2.93689 2.93689 2.93689 2.93689 2.93689 2.93689 2.93689 2.93689 
2.93689 2.93689 2.93689 2.93689 2.93689 2.93689 2.93689 2.93689 2.93689 2.93689 
2.93689 2.93689 2.93689 2.93689 2.93689 2.93689 2.93689 2.93689 2.93689 2.93689 
2.93689 2.93689 2.93689 2.93689 2.93689 2.93689 2.93689 2.93689 2.93689 2.93689 
2.93689 2.93689 2.93689 2.93689 2.93689 2.93689 2.93689 2.93689 2.93689 2.93689 
2.93689 2.93689 2.93689 2.93689 2.93689 2.93689 2.93689 2.93689 2.93689 2.93689 
2.93689 2.93689 2.93689 2.93689 2.93689 2.93689 2.93689 2.93689 2.93689 2.93689 
2.93689 2.93689 2.93689 2.93689 2.93689 2.93689 2.93689 2.93689 2.93689 2.93689 
2.93689 2.93689 2.93689 2.93689 2.93689 2.93689 2.93689 2.93689 2.93689 2.93689 
2.93689 2.93689 2.93689 2.93689 2.93689 2.93689 2.93689 2.93689 2.93689 2.93689 
2.93689 2.93689 2.93689 2.93689 2.93689 2.93689 2.93689 2.93689 2.93689 2.93689 
2.93689 2.93689 2.93689 2.93689 2.93689 2.93689 2.93689 2.93689 2.93689 2.93689 
2.93689 2.93689 2.93689 2.93689 2.93689 2.93689 2.93689 2.93689 2.93689 2.93689 
2.93689 2.93689 2.93689 2.93689 2.93689 2.93689 2.93689 2.93689 2.93689 2.93689 
2.93689 5.23305 5.23305 5.23305 5.23305 5.23305 5.23305 5.23305 5.23305 5.23305 
5.23305 5.23305 5.23305 5.23305 5.23305 5.23305 5.23305 5.23305 5.23305 5.23305 
5.23305 5.23305 5.23305 5.23305 5.23305 5.23305 5.23305 5.23305 5.23305 5.23305 
5.23305 5.23305 5.23305 5.23305 5.23305 5.23305 5.23305 5.23305 5.23305 5.23305 
5.23305 5.23305 5.23305 5.23305 5.23305 5.23305 5.23305 5.23305 5.23305 5.23305 
5.23305 5.23305 5.23305 5.23305 5.23305 5.23305 5.23305 5.23305 5.23305 5.23305 
5.23305 5.23305 5.23305 5.23305 5.23305 5.23305 5.23305 5.23305 5.23305 5.23305 
5.23305 5.23305 5.23305 5.23305 5.23305 5.23305 5.23305 5.23305 5.23305 5.23305 
5.23305 5.23305 5.23305 5.23305 5.23305 5.23305 5.23305 5.23305 5.23305 5.23305 
5.23305 5.23305 5.23305 5.23305 5.23305 5.23305 5.23305 5.23305 5.23305 5.23305 
5.23305 5.23305 5.23305 5.23305 5.23305 5.23305 5.23305 5.23305 5.23305 5.23305 
5.23305 5.23305 5.23305 5.23305 5.23305 5.23305 5.23305 5.23305 5.23305 5.23305 
5.23305 5.23305 5.23305 5.23305 5.23305 5.23305 5.23305 5.23305 5.23305 5.23305 
5.23305 5.23305 5.23305 5.23305 5.23305 5.23305 5.23305 5.23305 5.23305 5.23305 
5.23305 5.23305 5.23305 5.23305 5.23305 5.23305 5.23305 5.23305 5.23305 5.23305 
5.23305 5.23305 5.23305 5.23305 5.23305 5.23305 5.23305 5.23305 5.23305 5.23305 
5.23305 5.23305 5.23305 5.23305 5.23305 5.23305 5.23305 5.23305 5.23305 5.23305 
5.23305 5.23305 5.23305 5.23305 5.23305 5.23305 5.23305 5.23305 5.23305 5.23305 
5.23305 5.23305 5.23305 5.23305 5.23305 5.23305 5.23305 5.23305 5.23305 5.23305 
5.23305 5.23305 5.23305 5.23305 5.23305 5.23305 5.23305 5.78674 5.78674 5.78674 
5.78674 5.78674 5.78674 5.78674 5.78674 5.78674 5.78674 5.78674 5.78674 5.78674 
5.78674 5.78674 5.78674 5.78674 5.78674 5.78674 5.78674 5.78674 5.78674 5.78674 
5.78674 5.78674 5.78674 5.78674 5.78674 5.78674 5.78674 5.78674 5.78674 5.78674 
5.78674 5.78674 5.78674 5.78674 5.78674 5.78674 5.78674 5.78674 5.78674 5.78674 
5.78674 5.78674 5.78674 5.78674 5.78674 5.78674 5.78674 5.78674 5.78674 5.78674 
5.78674 5.78674 5.78674 5.78674 5.78674 5.78674 5.78674 5.78674 5.78674 5.78674 
5.78674 5.78674 5.78674 5.78674 5.78674 5.78674 5.78674 5.78674 5.78674 5.78674 
5.78674 5.78674 5.78674 5.78674 5.78674 5.78674 5.78674 5.78674 5.78674 5.78674 
5.78674 5.78674 5.78674 5.78674 5.78674 5.78674 5.78674 5.78674 5.78674 5.78674 
5.78674 5.78674 5.78674 5.78674 5.78674 5.78674 5.78674 5.78674 5.78674 5.78674 
5.78674 5.78674 5.78674 5.78674 5.78674 5.78674 5.78674 5.78674 5.78674 5.78674 
5.78674 5.78674 5.78674 5.78674 5.78674 5.78674 5.78674 5.78674 5.78674 5.78674 
5.78674 5.78674 5.78674 5.78674 5.78674 5.78674 5.78674 5.78674 5.78674 5.78674 
5.78674 5.78674 5.78674 5.78674 5.78674 5.78674 5.78674 5.78674 5.78674 5.78674 
5.78674 5.78674 5.78674 5.78674 5.78674 5.78674 5.78674 5.78674 5.78674 5.78674 
5.78674 5.78674 5.78674 5.78674 5.78674 5.78674 5.78674 5.78674 5.78674 5.78674 
5.78674 5.78674 5.78674 5.78674 5.78674 5.78674 5.78674 5.78674 5.78674 5.78674 
5.78674 5.78674 5.78674 5.78674 5.78674 5.78674 5.78674 5.78674 5.78674 5.78674 
5.78674 5.78674 5.78674 5.78674 5.78674 5.78674 5.78674 5.78674 5.78674 5.78674 
5.78674 5.78674 5.78674 SCALARS Hydraulic_mm float 1
LOOKUP_TABLE default
0.495498 0.495498 0.495498 0.495498 0.495498 0.495498 0.495498 0.495498 0.495498 
0.495498 0.495498 0.495498 0.495498 0.495498 0.495498 0.495498 0.495498 0.495498 0.495498 
0.495498 0.495498 0.495498 0.495498 0.495498 0.495498 0.495498 0.495498 0.495498 0.495498 
0.495498 0.495498 0.495498 0.495498 0.495498 0.495498 0.495498 0.495498 0.495498 0.495498 
0.495498 0.495498 0.495498 0.495498 0.495498 0.495498 0.495498 0.495498 0.495498 0.495498 
0.495498 0.495498 0.495498 0.495498 0.495498 0.495498 0.495498 0.495498 0.495498 0.495498 
0.495498 0.495498 0.495498 0.495498 0.495498 0.495498 0.495498 0.495498 0.495498 0.495498 
0.495498 0.495498 0.495498 0.495498 0.495498 0.495498 0.495498 0.495498 0.495498 0.495498 
0.495498 0.495498 0.495498 0.495498 0.495498 0.495498 0.495498 0.495498 0.495498 0.495498 
0.495498 0.495498 0.495498 0.495498 0.495498 0.495498 0.495498 0.495498 0.495498 0.495498 
0.495498 0.495498 0.495498 0.495498 0.495498 0.495498 0.495498 0.495498 0.495498 0.495498 
0.495498 0.495498 0.495498 0.495498 0.495498 0.495498 0.495498 0.495498 0.495498 0.495498 
0.495498 0.495498 0.495498 0.495498 0.495498 0.495498 0.495498 0.495498 0.495498 0.495498 
0.495498 0.495498 0.495498 0.495498 0.495498 0.495498 0.495498 0.495498 0.495498 0.495498 
0.495498 0.495498 0.495498 0.495498 0.495498 0.495498 0.495498 0.495498 0.495498 0.495498 
0.495498 0.495498 0.495498 0.495498 0.495498 0.495498 0.495498 0.495498 0.495498 0.495498 
0.495498 0.495498 0.495498 0.495498 0.495498 0.495498 0.495498 0.495498 0.495498 0.495498 
0.495498 0.495498 0.495498 0.495498 0.495498 0.495498 0.495498 0.495498 0.495498 0.495498 
0.495498 0.495498 0.495498 0.495498 0.495498 0.495498 0.495498 0.495498 0.495498 0.495498 
0.495498 0.495498 0.495498 0.495498 0.495498 0.495498 0.495498 0.0490375 0.0490375 0.0490375 
0.0490375 0.0490375 0.0490375 0.0490375 0.0490375 0.0490375 0.0490375 0.0490375 0.0490375 0.0490375 
0.0490375 0.0490375 0.0490375 0.0490375 0.0490375 0.0490375 0.0490375 0.0490375 0.0490375 0.0490375 
0.0490375 0.0490375 0.0490375 0.0490375 0.0490375 0.0490375 0.0490375 0.0490375 0.0490375 0.0490375 
0.0490375 0.0490375 0.0490375 0.0490375 0.0490375 0.0490375 0.0490375 0.0490375 0.0490375 0.0490375 
0.0490375 0.0490375 0.0490375 0.0490375 0.0490375 0.0490375 0.0490375 0.0490375 0.0490375 0.0490375 
0.0490375 0.0490375 0.0490375 0.0490375 0.0490375 0.0490375 0.0490375 0.0490375 0.0490375 0.0490375 
0.0490375 0.0490375 0.0490375 0.0490375 0.0490375 0.0490375 0.0490375 0.0490375 0.0490375 0.0490375 
0.0490375 0.0490375 0.0490375 0.0490375 0.0490375 0.0490375 0.0490375 0.0490375 0.0490375 0.0490375 
0.0490375 0.0490375 0.0490375 0.0490375 0.0490375 0.0490375 0.0490375 0.0490375 0.0490375 0.0490375 
0.0490375 0.0490375 0.0490375 0.0490375 0.0490375 0.0490375 0.0490375 0.0490375 0.0490375 0.0490375 
0.0490375 0.0490375 0.0490375 0.0490375 0.0490375 0.0490375 0.0490375 0.0490375 0.0490375 0.0490375 
0.0490375 0.0490375 0.0490375 0.0490375 0.0490375 0.0490375 0.0490375 0.0490375 0.0490375 0.0490375 
0.0490375 0.0490375 0.0490375 0.0490375 0.0490375 0.0490375 0.0490375 0.0490375 0.0490375 0.0490375 
0.0490375 0.0490375 0.0490375 0.0490375 0.0490375 0.0490375 0.0490375 0.0490375 0.0490375 0.0490375 
0.0490375 0.0490375 0.0490375 0.0490375 0.0490375 0.0490375 0.0490375 0.0490375 0.0490375 0.0490375 
0.0490375 0.0490375 0.0490375 0.0490375 0.0490375 0.0490375 0.0490375 0.0490375 0.0490375 0.0490375 
0.0490375 0.0490375 0.0490375 0.0490375 0.0490375 0.0490375 0.0490375 0.0490375 0.0490375 0.0490375 
0.0490375 0.0490375 0.0490375 0.0490375 0.0490375 0.0490375 0.0490375 0.0490375 0.0490375 0.0490375 
0.0490375 0.0490375 0.0490375 0.0490375 0.0490375 0.0490375 0.0490375 0.0490375 0.0490375 0.0490375 
0.0490375 0.0490375 0.0490375 0.0376564 0.0376564 0.0376564 0.0376564 0.0376564 0.0376564 0.0376564 
0.0376564 0.0376564 0.0376564 0.0376564 0.0376564 0.0376564 0.0376564 0.0376564 0.0376564 0.0376564 
0.0376564 0.0376564 0.0376564 0.0376564 0.0376564 0.0376564 0.0376564 0.0376564 0.0376564 0.0376564 
0.0376564 0.0376564 0.0376564 0.0376564 0.0376564 0.0376564 0.0376564 0.0376564 0.0376564 0.0376564 
0.0376564 0.0376564 0.0376564 0.0376564 0.0376564 0.0376564 0.0376564 0.0376564 0.0376564 0.0376564 
0.0376564 0.0376564 0.0376564 0.0376564 0.0376564 0.0376564 0.0376564 0.0376564 0.0376564 0.0376564 
0.0376564 0.0376564 0.0376564 0.0376564 0.0376564 0.0376564 0.0376564 0.0376564 0.0376564 0.0376564 
0.0376564 0.0376564 0.0376564 0.0376564 0.0376564 0.0376564 0.0376564 0.0376564 0.0376564 0.0376564 
0.0376564 0.0376564 0.0376564 0.0376564 0.0376564 0.0376564 0.0376564 0.0376564 0.0376564 0.0376564 
0.0376564 0.0376564 0.0376564 0.0376564 0.0376564 0.0376564 0.0376564 0.0376564 0.0376564 0.0376564 
0.0376564 0.0376564 0.0376564 0.0376564 0.0376564 0.0376564 0.0376564 0.0376564 0.0376564 0.0376564 
0.0376564 0.0376564 0.0376564 0.0376564 0.0376564 0.0376564 0.0376564 0.0376564 0.0376564 0.0376564 
0.0376564 0.0376564 0.0376564 0.0376564 0.0376564 0.0376564 0.0376564 0.0376564 0.0376564 0.0376564 
0.0376564 0.0376564 0.0376564 0.0376564 0.0376564 0.0376564 0.0376564 0.0376564 0.0376564 0.0376564 
0.0376564 0.0376564 0.0376564 0.0376564 0.0376564 0.0376564 0.0376564 0.0376564 0.0376564 0.0376564 
0.0376564 0.0376564 0.0376564 0.0376564 0.0376564 0.0376564 0.0376564 0.0376564 0.0376564 0.0376564 
0.0376564 0.0376564 0.0376564 0.0376564 0.0376564 0.0376564 0.0376564 0.0376564 0.0376564 0.0376564 
0.0376564 0.0376564 0.0376564 0.0376564 0.0376564 0.0376564 0.0376564 0.0376564 0.0376564 0.0376564 
0.0376564 0.0376564 0.0376564 0.0376564 0.0376564 0.0376564 0.0376564 0.0376564 0.0376564 0.0376564 
0.0376564 0.0376564 0.0376564 0.0376564 0.0376564 0.0376564 0.0376564 0.0376564 0.0376564 0.038658 
0.038658 0.038658 0.038658 0.038658 0.038658 0.038658 0.038658 0.038658 0.038658 0.038658 
0.038658 0.038658 0.038658 0.038658 0.038658 0.038658 0.038658 0.038658 0.038658 0.038658 
0.038658 0.038658 0.038658 0.038658 0.038658 0.038658 0.038658 0.038658 0.038658 0.038658 
0.038658 0.038658 0.038658 0.038658 0.038658 0.038658 0.038658 0.038658 0.038658 0.038658 
0.038658 0.038658 0.038658 0.038658 0.038658 0.038658 0.038658 0.038658 0.038658 0.038658 
0.038658 0.038658 0.038658 0.038658 0.038658 0.038658 0.038658 0.038658 0.038658 0.038658 
0.038658 0.038658 0.038658 0.038658 0.038658 0.038658 0.038658 0.038658 0.038658 0.038658 
0.038658 0.038658 0.038658 0.038658 0.038658 0.038658 0.038658 0.038658 0.038658 0.038658 
0.038658 0.038658 0.038658 0.038658 0.038658 0.038658 0.038658 0.038658 0.038658 0.038658 
0.038658 0.038658 0.038658 0.038658 0.038658 0.038658 0.038658 0.038658 0.038658 0.038658 
0.038658 0.038658 0.038658 0.038658 0.038658 0.038658 0.038658 0.038658 0.038658 0.038658 
0.038658 0.038658 0.038658 0.038658 0.038658 0.038658 0.038658 0.038658 0.038658 0.038658 
0.038658 0.038658 0.038658 0.038658 0.038658 0.038658 0.038658 0.038658 0.038658 0.038658 
0.038658 0.038658 0.038658 0.038658 0.038658 0.038658 0.038658 0.038658 0.038658 0.038658 
0.038658 0.038658 0.038658 0.038658 0.038658 0.038658 0.038658 0.038658 0.038658 0.038658 
0.038658 0.038658 0.038658 0.038658 0.038658 0.038658 0.038658 0.038658 0.038658 0.038658 
0.038658 0.038658 0.038658 0.038658 0.038658 0.038658 0.038658 0.038658 0.038658 0.038658 
0.038658 0.038658 0.038658 0.038658 0.038658 0.038658 0.038658 0.038658 0.038658 0.038658 
0.038658 0.038658 0.038658 0.038658 0.038658 0.038658 0.038658 0.038658 0.038658 0.038658 
0.038658 0.038658 0.038658 0.038658 0.038658 0.0473592 0.0473592 0.0473592 0.0473592 0.0473592 
0.0473592 0.0473592 0.0473592 0.0473592 0.0473592 0.0473592 0.0473592 0.0473592 0.0473592 0.0473592 
0.0473592 0.0473592 0.0473592 0.0473592 0.0473592 0.0473592 0.0473592 0.0473592 0.0473592 0.0473592 
0.0473592 0.0473592 0.0473592 0.0473592 0.0473592 0.0473592 0.0473592 0.0473592 0.0473592 0.0473592 
0.0473592 0.0473592 0.0473592 0.0473592 0.0473592 0.0473592 0.0473592 0.0473592 0.0473592 0.0473592 
0.0473592 0.0473592 0.0473592 0.0473592 0.0473592 0.0473592 0.0473592 0.0473592 0.0473592 0.0473592 
0.0473592 0.0473592 0.0473592 0.0473592 0.0473592 0.0473592 0.0473592 0.0473592 0.0473592 0.0473592 
0.0473592 0.0473592 0.0473592 0.0473592 0.0473592 0.0473592 0.0473592 0.0473592 0.0473592 0.0473592 
0.0473592 0.0473592 0.0473592 0.0473592 0.0473592 0.0473592 0.0473592 0.0473592 0.0473592 0.0473592 
0.0473592 0.0473592 0.0473592 0.0473592 0.0473592 0.0473592 0.0473592 0.0473592 0.0473592 0.0473592 
0.0473592 0.0473592 0.0473592 0.0473592 0.0473592 0.0473592 0.0473592 0.0473592 0.0473592 0.0473592 
0.0473592 0.0473592 0.0473592 0.0473592 0.0473592 0.0473592 0.0473592 0.0473592 0.0473592 0.0473592 
0.0473592 0.0473592 0.0473592 0.0473592 0.0473592 0.0473592 0.0473592 0.0473592 0.0473592 0.0473592 
0.0473592 0.0473592 0.0473592 0.0473592 0.0473592 0.0473592 0.0473592 0.0473592 0.0473592 0.0473592 
0.0473592 0.0473592 0.0473592 0.0473592 0.0473592 0.0473592 0.0473592 0.0473592 0.0473592 0.0473592 
0.0473592 0.0473592 0.0473592 0.0473592 0.0473592 0.0473592 0.0473592 0.0473592 0.0473592 0.0473592 
0.0473592 0.0473592 0.0473592 0.0473592 0.0473592 0.0473592 0.0473592 0.0473592 0.0473592 0.0473592 
0.0473592 0.0473592 0.0473592 0.0473592 0.0473592 0.0473592 0.0473592 0.0473592 0.0473592 0.0473592 
0.0473592 0.0473592 0.0473592 0.0473592 0.0473592 0.0473592 0.0473592 0.0473592 0.0473592 0.0473592 
0.0473592 0.0473592 0.0473592 0.0473592 0.0473592 0.0473592 0.0473592 0.0473592 0.0473592 0.0473592 
0.0473592 0.145348 0.145348 0.145348 0.145348 0.145348 0.145348 0.145348 0.145348 0.145348 
0.145348 0.145348 0.145348 0.145348 0.145348 0.145348 0.145348 0.145348 0.145348 0.145348 
0.145348 0.145348 0.145348 0.145348 0.145348 0.145348 0.145348 0.145348 0.145348 0.145348 
0.145348 0.145348 0.145348 0.145348 0.145348 0.145348 0.145348 0.145348 0.145348 0.145348 
0.145348 0.145348 0.145348 0.145348 0.145348 0.145348 0.145348 0.145348 0.145348 0.145348 
0.145348 0.145348 0.145348 0.145348 0.145348 0.145348 0.145348 0.145348 0.145348 0.145348 
0.145348 0.145348 0.145348 0.145348 0.145348 0.145348 0.145348 0.145348 0.145348 0.145348 
0.145348 0.145348 0.145348 0.145348 0.145348 0.145348 0.145348 0.145348 0.145348 0.145348 
0.145348 0.145348 0.145348 0.145348 0.145348 0.145348 0.145348 0.145348 0.145348 0.145348 
0.145348 0.145348 0.145348 0.145348 0.145348 0.145348 0.145348 0.145348 0.145348 0.145348 
0.145348 0.145348 0.145348 0.145348 0.145348 0.145348 0.145348 0.145348 0.145348 0.145348 
0.145348 0.145348 0.145348 0.145348 0.145348 0.145348 0.145348 0.145348 0.145348 0.145348 
0.145348 0.145348 0.145348 0.145348 0.145348 0.145348 0.145348 0.145348 0.145348 0.145348 
0.145348 0.145348 0.145348 0.145348 0.145348 0.145348 0.145348 0.145348 0.145348 0.145348 
0.145348 0.145348 0.145348 0.145348 0.145348 0.145348 0.145348 0.145348 0.145348 0.145348 
0.145348 0.145348 0.145348 0.145348 0.145348 0.145348 0.145348 0.145348 0.145348 0.145348 
0.145348 0.145348 0.145348 0.145348 0.145348 0.145348 0.145348 0.145348 0.145348 0.145348 
0.145348 0.145348 0.145348 0.145348 0.145348 0.145348 0.145348 0.145348 0.145348 0.145348 
0.145348 0.145348 0.145348 0.145348 0.145348 0.145348 0.145348 0.145348 0.145348 0.145348 
0.145348 0.145348 0.145348 0.145348 0.145348 0.145348 0.145348 0.22363 0.22363 0.22363 
0.22363 0.22363 0.22363 0.22363 0.22363 0.22363 0.22363 0.22363 0.22363 0.22363 
0.22363 0.22363 0.22363 0.22363 0.22363 0.22363 0.22363 0.22363 0.22363 0.22363 
0.22363 0.22363 0.22363 0.22363 0.22363 0.22363 0.22363 0.22363 0.22363 0.22363 
0.22363 0.22363 0.22363 0.22363 0.22363 0.22363 0.22363 0.22363 0.22363 0.22363 
0.22363 0.22363 0.22363 0.22363 0.22363 0.22363 0.22363 0.22363 0.22363 0.22363 
0.22363 0.22363 0.22363 0.22363 0.22363 0.22363 0.22363 0.22363 0.22363 0.22363 
0.22363 0.22363 0.22363 0.22363 0.22363 0.22363 0.22363 0.22363 0.22363 0.22363 
0.22363 0.22363 0.22363 0.22363 0.22363 0.22363 0.22363 0.22363 0.22363 0.22363 
0.22363 0.22363 0.22363 0.22363 0.22363 0.22363 0.22363 0.22363 0.22363 0.22363 
0.22363 0.22363 0.22363 0.22363 0.22363 0.22363 0.22363 0.22363 0.22363 0.22363 
0.22363 0.22363 0.22363 0.22363 0.22363 0.22363 0.22363 0.22363 0.22363 0.22363 
0.22363 0.22363 0.22363 0.22363 0.22363 0.22363 0.22363 0.22363 0.22363 0.22363 
0.22363 0.22363 0.22363 0.22363 0.22363 0.22363 0.22363 0.22363 0.22363 0.22363 
0.22363 0.22363 0.22363 0.22363 0.22363 0.22363 0.22363 0.22363 0.22363 0.22363 
0.22363 0.22363 0.22363 0.22363 0.22363 0.22363 0.22363 0.22363 0.22363 0.22363 
0.22363 0.22363 0.22363 0.22363 0.22363 0.22363 0.22363 0.22363 0.22363 0.22363 
0.22363 0.22363 0.22363 0.22363 0.22363 0.22363 0.22363 0.22363 0.22363 0.22363 
0.22363 0.22363 0.22363 0.22363 0.22363 0.22363 0.22363 0.22363 0.22363 0.22363 
0.22363 0.22363 0.22363 0.22363 0.22363 0.22363 0.22363 0.22363 0.22363 0.22363 
0.22363 0.22363 0.22363 0.203253 0.203253 0.203253 0.203253 0.203253 0.203253 0.203253 
0.203253 0.203253 0.203253 0.203253 0.203253 0.203253 0.203253 0.203253 0.203253 0.203253 
0.203253 0.203253 0.203253 0.203253 0.203253 0.203253 0.203253 0.203253 0.203253 0.203253 
0.203253 0.203253 0.203253 0.203253 0.203253 0.203253 0.203253 0.203253 0.203253 0.203253 
0.203253 0.203253 0.203253 0.203253 0.203253 0.203253 0.203253 0.203253 0.203253 0.203253 
0.203253 0.203253 0.203253 0.203253 0.203253 0.203253 0.203253 0.203253 0.203253 0.203253 
0.203253 0.203253 0.203253 0.203253 0.203253 0.203253 0.203253 0.203253 0.203253 0.203253 
0.203253 0.203253 0.203253 0.203253 0.203253 0.203253 0.203253 0.203253 0.203253 0.203253 
0.203253 0.203253 0.203253 0.203253 0.203253 0.203253 0.203253 0.203253 0.203253 0.203253 
0.203253 0.203253 0.203253 0.203253 0.203253 0.203253 0.203253 0.203253 0.203253 0.203253 
0.203253 0.203253 0.203253 0.203253 0.203253 0.203253 0.203253 0.203253 0.203253 0.203253 
0.203253 0.203253 0.203253 0.203253 0.203253 0.203253 0.203253 0.203253 0.203253 0.203253 
0.203253 0.203253 0.203253 0.203253 0.203253 0.203253 0.203253 0.203253 0.203253 0.203253 
0.203253 0.203253 0.203253 0.203253 0.203253 0.203253 0.203253 0.203253 0.203253 0.203253 
0.203253 0.203253 0.203253 0.203253 0.203253 0.203253 0.203253 0.203253 0.203253 0.203253 
0.203253 0.203253 0.203253 0.203253 0.203253 0.203253 0.203253 0.203253 0.203253 0.203253 
0.203253 0.203253 0.203253 0.203253 0.203253 0.203253 0.203253 0.203253 0.203253 0.203253 
0.203253 0.203253 0.203253 0.203253 0.203253 0.203253 0.203253 0.203253 0.203253 0.203253 
0.203253 0.203253 0.203253 0.203253 0.203253 0.203253 0.203253 0.203253 0.203253 0.203253 
0.203253 0.203253 0.203253 0.203253 0.203253 0.203253 0.203253 0.203253 0.203253 0.170342 
0.170342 0.170342 0.170342 0.170342 0.170342 0.170342 0.170342 0.170342 0.170342 0.170342 
0.170342 0.170342 0.170342 0.170342 0.170342 0.170342 0.170342 0.170342 0.170342 0.170342 
0.170342 0.170342 0.170342 0.170342 0.170342 0.170342 0.170342 0.170342 0.170342 0.170342 
0.170342 0.170342 0.170342 0.170342 0.170342 0.170342 0.170342 0.170342 0.170342 0.170342 
0.170342 0.170342 0.170342 0.170342 0.170342 0.170342 0.170342 0.170342 0.170342 0.170342 
0.170342 0.170342 0.170342 0.170342 0.170342 0.170342 0.170342 0.170342 0.170342 0.170342 
0.170342 0.170342 0.170342 0.170342 0.170342 0.170342 0.170342 0.170342 0.170342 0.170342 
0.170342 0.170342 0.170342 0.170342 0.170342 0.170342 0.170342 0.170342 0.170342 0.170342 
0.170342 0.170342 0.170342 0.170342 0.170342 0.170342 0.170342 0.170342 0.170342 0.170342 
0.170342 0.170342 0.170342 0.170342 0.170342 0.170342 0.170342 0.170342 0.170342 0.170342 
0.170342 0.170342 0.170342 0.170342 0.170342 0.170342 0.170342 0.170342 0.170342 0.170342 
0.170342 0.170342 0.170342 0.170342 0.170342 0.170342 0.170342 0.170342 0.170342 0.170342 
0.170342 0.170342 0.170342 0.170342 0.170342 0.170342 0.170342 0.170342 0.170342 0.170342 
0.170342 0.170342 0.170342 0.170342 0.170342 0.170342 0.170342 0.170342 0.170342 0.170342 
0.170342 0.170342 0.170342 0.170342 0.170342 0.170342 0.170342 0.170342 0.170342 0.170342 
0.170342 0.170342 0.170342 0.170342 0.170342 0.170342 0.170342 0.170342 0.170342 0.170342 
0.170342 0.170342 0.170342 0.170342 0.170342 0.170342 0.170342 0.170342 0.170342 0.170342 
0.170342 0.170342 0.170342 0.170342 0.170342 0.170342 0.170342 0.170342 0.170342 0.170342 
0.170342 0.170342 0.170342 0.170342 0.170342 0.170342 0.170342 0.170342 0.170342 0.170342 
0.170342 0.170342 0.170342 0.170342 0.170342 0.230802 0.230802 0.230802 0.230802 0.230802 
0.230802 0.230802 0.230802 0.230802 0.230802 0.230802 0.230802 0.230802 0.230802 0.230802 
0.230802 0.230802 0.230802 0.230802 0.230802 0.230802 0.230802 0.230802 0.230802 0.230802 
0.230802 0.230802 0.230802 0.230802 0.230802 0.230802 0.230802 0.230802 0.230802 0.230802 
0.230802 0.230802 0.230802 0.230802 0.230802 0.230802 0.230802 0.230802 0.230802 0.230802 
0.230802 0.230802 0.230802 0.230802 0.230802 0.230802 0.230802 0.230802 0.230802 0.230802 
0.230802 0.230802 0.230802 0.230802 0.230802 0.230802 0.230802 0.230802 0.230802 0.230802 
0.230802 0.230802 0.230802 0.230802 0.230802 0.230802 0.230802 0.230802 0.230802 0.230802 
0.230802 0.230802 0.230802 0.230802 0.230802 0.230802 0.230802 0.230802 0.230802 0.230802 
0.230802 0.230802 0.230802 0.230802 0.230802 0.230802 0.230802 0.230802 0.230802 0.230802 
0.230802 0.230802 0.230802 0.230802 0.230802 0.230802 0.230802 0.230802 0.230802 0.230802 
0.230802 0.230802 0.230802 0.230802 0.230802 0.230802 0.230802 0.230802 0.230802 0.230802 
0.230802 0.230802 0.230802 0.230802 0.230802 0.230802 0.230802 0.230802 0.230802 0.230802 
0.230802 0.230802 0.230802 0.230802 0.230802 0.230802 0.230802 0.230802 0.230802 0.230802 
0.230802 0.230802 0.230802 0.230802 0.230802 0.230802 0.230802 0.230802 0.230802 0.230802 
0.230802 0.230802 0.230802 0.230802 0.230802 0.230802 0.230802 0.230802 0.230802 0.230802 
0.230802 0.230802 0.230802 0.230802 0.230802 0.230802 0.230802 0.230802 0.230802 0.230802 
0.230802 0.230802 0.230802 0.230802 0.230802 0.230802 0.230802 0.230802 0.230802 0.230802 
0.230802 0.230802 0.230802 0.230802 0.230802 0.230802 0.230802 0.230802 0.230802 0.230802 
0.230802 0.230802 0.230802 0.230802 0.230802 0.230802 0.230802 0.230802 0.230802 0.230802 
0.230802 0.284103 0.284103 0.284103 0.284103 0.284103 0.284103 0.284103 0.284103 0.284103 
0.284103 0.284103 0.284103 0.284103 0.284103 0.284103 0.284103 0.284103 0.284103 0.284103 
0.284103 0.284103 0.284103 0.284103 0.284103 0.284103 0.284103 0.284103 0.284103 0.284103 
0.284103 0.284103 0.284103 0.284103 0.284103 0.284103 0.284103 0.284103 0.284103 0.284103 
0.284103 0.284103 0.284103 0.284103 0.284103 0.284103 0.284103 0.284103 0.284103 0.284103 
0.284103 0.284103 0.284103 0.284103 0.284103 0.284103 0.284103 0.284103 0.284103 0.284103 
0.284103 0.284103 0.284103 0.284103 0.284103 0.284103 0.284103 0.284103 0.284103 0.284103 
0.284103 0.284103 0.284103 0.284103 0.284103 0.284103 0.284103 0.284103 0.284103 0.284103 
0.284103 0.284103 0.284103 0.284103 0.284103 0.284103 0.284103 0.284103 0.284103 0.284103 
0.284103 0.284103 0.284103 0.284103 0.284103 0.284103 0.284103 0.284103 0.284103 0.284103 
0.284103 0.284103 0.284103 0.284103 0.284103 0.284103 0.284103 0.284103 0.284103 0.284103 
0.284103 0.284103 0.284103 0.284103 0.284103 0.284103 0.284103 0.284103 0.284103 0.284103 
0.284103 0.284103 0.284103 0.284103 0.284103 0.284103 0.284103 0.284103 0.284103 0.284103 
0.284103 0.284103 0.284103 0.284103 0.284103 0.284103 0.284103 0.284103 0.284103 0.284103 
0.284103 0.284103 0.284103 0.284103 0.284103 0.284103 0.284103 0.284103 0.284103 0.284103 
0.284103 0.284103 0.284103 0.284103 0.284103 0.284103 0.284103 0.284103 0.284103 0.284103 
0.284103 0.284103 0.284103 0.284103 0.284103 0.284103 0.284103 0.284103 0.284103 0.284103 
0.284103 0.284103 0.284103 0.284103 0.284103 0.284103 0.284103 0.284103 0.284103 0.284103 
0.284103 0.284103 0.284103 0.284103 0.284103 0.284103 0.284103 0.284103 0.284103 0.284103 
0.284103 0.284103 0.284103 0.284103 0.284103 0.284103 0.284103 0.302435 0.302435 0.302435 
0.302435 0.302435 0.302435 0.302435 0.302435 0.302435 0.302435 0.302435 0.302435 0.302435 
0.302435 0.302435 0.302435 0.302435 0.302435 0.302435 0.302435 0.302435 0.302435 0.302435 
0.302435 0.302435 0.302435 0.302435 0.302435 0.302435 0.302435 0.302435 0.302435 0.302435 
0.302435 0.302435 0.302435 0.302435 0.302435 0.302435 0.302435 0.302435 0.302435 0.302435 
0.302435 0.302435 0.302435 0.302435 0.302435 0.302435 0.302435 0.302435 0.302435 0.302435 
0.302435 0.302435 0.302435 0.302435 0.302435 0.302435 0.302435 0.302435 0.302435 0.302435 
0.302435 0.302435 0.302435 0.302435 0.302435 0.302435 0.302435 0.302435 0.302435 0.302435 
0.302435 0.302435 0.302435 0.302435 0.302435 0.302435 0.302435 0.302435 0.302435 0.302435 
0.302435 0.302435 0.302435 0.302435 0.302435 0.302435 0.302435 0.302435 0.302435 0.302435 
0.302435 0.302435 0.302435 0.302435 0.302435 0.302435 0.302435 0.302435 0.302435 0.302435 
0.302435 0.302435 0.302435 0.302435 0.302435 0.302435 0.302435 0.302435 0.302435 0.302435 
0.302435 0.302435 0.302435 0.302435 0.302435 0.302435 0.302435 0.302435 0.302435 0.302435 
0.302435 0.302435 0.302435 0.302435 0.302435 0.302435 0.302435 0.302435 0.302435 0.302435 
0.302435 0.302435 0.302435 0.302435 0.302435 0.302435 0.302435 0.302435 0.302435 0.302435 
0.302435 0.302435 0.302435 0.302435 0.302435 0.302435 0.302435 0.302435 0.302435 0.302435 
0.302435 0.302435 0.302435 0.302435 0.302435 0.302435 0.302435 0.302435 0.302435 0.302435 
0.302435 0.302435 0.302435 0.302435 0.302435 0.302435 0.302435 0.302435 0.302435 0.302435 
0.302435 0.302435 0.302435 0.302435 0.302435 0.302435 0.302435 0.302435 0.302435 0.302435 
0.302435 0.302435 0.302435 0.302435 0.302435 0.302435 0.302435 0.302435 0.302435 0.302435 
0.302435 0.302435 0.302435 SCALARS Sn_MPa float 1
LOOKUP_TABLE default
68.6226 68.6226 68.6226 68.6226 68.6226 68.6226 68.6226 68.6226 68.6226 
68.6226 68.6226 68.6226 68.6226 68.6226 68.6226 68.6226 68.6226 68.6226 68.6226 
68.6226 68.6226 68.6226 68.6226 68.6226 68.6226 68.6226 68.6226 68.6226 68.6226 
68.6226 68.6226 68.6226 68.6226 68.6226 68.6226 68.6226 68.6226 68.6226 68.6226 
68.6226 68.6226 68.6226 68.6226 68.6226 68.6226 68.6226 68.6226 68.6226 68.6226 
68.6226 68.6226 68.6226 68.6226 68.6226 68.6226 68.6226 68.6226 68.6226 68.6226 
68.6226 68.6226 68.6226 68.6226 68.6226 68.6226 68.6226 68.6226 68.6226 68.6226 
68.6226 68.6226 68.6226 68.6226 68.6226 68.6226 68.6226 68.6226 68.6226 68.6226 
68.6226 68.6226 68.6226 68.6226 68.6226 68.6226 68.6226 68.6226 68.6226 68.6226 
68.6226 68.6226 68.6226 68.6226 68.6226 68.6226 68.6226 68.6226 68.6226 68.6226 
68.6226 68.6226 68.6226 68.6226 68.6226 68.6226 68.6226 68.6226 68.6226 68.6226 
68.6226 68.6226 68.6226 68.6226 68.6226 68.6226 68.6226 68.6226 68.6226 68.6226 
68.6226 68.6226 68.6226 68.6226 68.6226 68.6226 68.6226 68.6226 68.6226 68.6226 
68.6226 68.6226 68.6226 68.6226 68.6226 68.6226 68.6226 68.6226 68.6226 68.6226 
68.6226 68.6226 68.6226 68.6226 68.6226 68.6226 68.6226 68.6226 68.6226 68.6226 
68.6226 68.6226 68.6226 68.6226 68.6226 68.6226 68.6226 68.6226 68.6226 68.6226 
68.6226 68.6226 68.6226 68.6226 68.6226 68.6226 68.6226 68.6226 68.6226 68.6226 
68.6226 68.6226 68.6226 68.6226 68.6226 68.6226 68.6226 68.6226 68.6226 68.6226 
68.6226 68.6226 68.6226 68.6226 68.6226 68.6226 68.6226 68.6226 68.6226 68.6226 
68.6226 68.6226 68.6226 68.6226 68.6226 68.6226 68.6226 76.672 76.672 76.672 
76.672 76.672 76.672 76.672 76.672 76.672 76.672 76.672 76.672 76.672 
76.672 76.672 76.672 76.672 76.672 76.672 76.672 76.672 76.672 76.672 
76.672 76.672 76.672 76.672 76.672 76.672 76.672 76.672 76.672 76.672 
76.672 76.672 76.672 76.672 76.672 76.672 76.672 76.672 76.672 76.672 
76.672 76.672 76.672 76.672 76.672 76.672 76.672 76.672 76.672 76.672 
76.672 76.672 76.672 76.672 76.672 76.672 76.672 76.672 76.672 76.672 
76.672 76.672 76.672 76.672 76.672 76.672 76.672 76.672 76.672 76.672 
76.672 76.672 76.672 76.672 76.672 76.672 76.672 76.672 76.672 76.672 
76.672 76.672 76.672 76.672 76.672 76.672 76.672 76.672 76.672 76.672 
76.672 76.672 76.672 76.672 76.672 76.672 76.672 76.672 76.672 76.672 
76.672 76.672 76.672 76.672 76.672 76.672 76.672 76.672 76.672 76.672 
76.672 76.672 76.672 76.672 76.672 76.672 76.672 76.672 76.672 76.672 
76.672 76.672 76.672 76.672 76.672 76.672 76.672 76.672 76.672 76.672 
76.672 76.672 76.672 76.672 76.672 76.672 76.672 76.672 76.672 76.672 
76.672 76.672 76.672 76.672 76.672 76.672 76.672 76.672 76.672 76.672 
76.672 76.672 76.672 76.672 76.672 76.672 76.672 76.672 76.672 76.672 
76.672 76.672 76.672 76.672 76.672 76.672 76.672 76.672 76.672 76.672 
76.672 76.672 76.672 76.672 76.672 76.672 76.672 76.672 76.672 76.672 
76.672 76.672 76.672 76.672 76.672 76.672 76.672 76.672 76.672 76.672 
76.672 76.672 76.672 79.9824 79.9824 79.9824 79.9824 79.9824 79.9824 79.9824 
79.9824 79.9824 79.9824 79.9824 79.9824 79.9824 79.9824 79.9824 79.9824 79.9824 
79.9824 79.9824 79.9824 79.9824 79.9824 79.9824 79.9824 79.9824 79.9824 79.9824 
79.9824 79.9824 79.9824 79.9824 79.9824 79.9824 79.9824 79.9824 79.9824 79.9824 
79.9824 79.9824 79.9824 79.9824 79.9824 79.9824 79.9824 79.9824 79.9824 79.9824 
79.9824 79.9824 79.9824 79.9824 79.9824 79.9824 79.9824 79.9824 79.9824 79.9824 
79.9824 79.9824 79.9824 79.9824 79.9824 79.9824 79.9824 79.9824 79.9824 79.9824 
79.9824 79.9824 79.9824 79.9824 79.9824 79.9824 79.9824 79.9824 79.9824 79.9824 
79.9824 79.9824 79.9824 79.9824 79.9824 79.9824 79.9824 79.9824 79.9824 79.9824 
79.9824 79.9824 79.9824 79.9824 79.9824 79.9824 79.9824 79.9824 79.9824 79.9824 
79.9824 79.9824 79.9824 79.9824 79.9824 79.9824 79.9824 79.9824 79.9824 79.9824 
79.9824 79.9824 79.9824 79.9824 79.9824 79.9824 79.9824 79.9824 79.9824 79.9824 
79.9824 79.9824 79.9824 79.9824 79.9824 79.9824 79.9824 79.9824 79.9824 79.9824 
79.9824 79.9824 79.9824 79.9824 79.9824 79.9824 79.9824 79.9824 79.9824 79.9824 
79.9824 79.9824 79.9824 79.9824 79.9824 79.9824 79.9824 79.9824 79.9824 79.9824 
79.9824 79.9824 79.9824 79.9824 79.9824 79.9824 79.9824 79.9824 79.9824 79.9824 
79.9824 79.9824 79.9824 79.9824 79.9824 79.9824 79.9824 79.9824 79.9824 79.9824 
79.9824 79.9824 79.9824 79.9824 79.9824 79.9824 79.9824 79.9824 79.9824 79.9824 
79.9824 79.9824 79.9824 79.9824 79.9824 79.9824 79.9824 79.9824 79.9824 79.9824 
79.9824 79.9824 79.9824 79.9824 79.9824 79.9824 79.9824 79.9824 79.9824 80.1873 
80.1873 80.1873 80.1873 80.1873 80.1873 80.1873 80.1873 80.1873 80.1873 80.1873 
80.1873 80.1873 80.1873 80.1873 80.1873 80.1873 80.1873 80.1873 80.1873 80.1873 
80.1873 80.1873 80.1873 80.1873 80.1873 80.1873 80.1873 80.1873 80.1873 80.1873 
80.1873 80.1873 80.1873 80.1873 80.1873 80.1873 80.1873 80.1873 80.1873 80.1873 
80.1873 80.1873 80.1873 80.1873 80.1873 80.1873 80.1873 80.1873 80.1873 80.1873 
80.1873 80.1873 80.1873 80.1873 80.1873 80.1873 80.1873 80.1873 80.1873 80.1873 
80.1873 80.1873 80.1873 80.1873 80.1873 80.1873 80.1873 80.1873 80.1873 80.1873 
80.1873 80.1873 80.1873 80.1873 80.1873 80.1873 80.1873 80.1873 80.1873 80.1873 
80.1873 80.1873 80.1873 80.1873 80.1873 80.1873 80.1873 80.1873 80.1873 80.1873 
80.1873 80.1873 80.1873 80.1873 80.1873 80.1873 80.1873 80.1873 80.1873 80.1873 
80.1873 80.1873 80.1873 80.1873 80.1873 80.1873 80.1873 80.1873 80.1873 80.1873 
80.1873 80.1873 80.1873 80.1873 80.1873 80.1873 80.1873 80.1873 80.1873 80.1873 
80.1873 80.1873 80.1873 80.1873 80.1873 80.1873 80.1873 80.1873 80.1873 80.1873 
80.1873 80.1873 80.1873 80.1873 80.1873 80.1873 80.1873 80.1873 80.1873 80.1873 
80.1873 80.1873 80.1873 80.1873 80.1873 80.1873 80.1873 80.1873 80.1873 80.1873 
80.1873 80.1873 80.1873 80.1873 80.1873 80.1873 80.1873 80.1873 80.1873 80.1873 
80.1873 80.1873 80.1873 80.1873 80.1873 80.1873 80.1873 80.1873 80.1873 80.1873 
80.1873 80.1873 80.1873 80.1873 80.1873 80.1873 80.1873 80.1873 80.1873 80.1873 
80.1873 80.1873 80.1873 80.1873 80.1873 80.1873 80.1873 80.1873 80.1873 80.1873 
80.1873 80.1873 80.1873 80.1873 80.1873 80.98 80.98 80.98 80.98 80.98 
80.98 80.98 80.98 80.98 80.98 80.98 80.98 80.98 80.98 80.98 
80.98 80.98 80.98 80.98 80.98 80.98 80.98 80.98 80.98 80.98 
80.98 80.98 80.98 80.98 80.98 80.98 80.98 80.98 80.98 80.98 
80.98 80.98 80.98 80.98 80.98 80.98 80.98 80.98 80.98 80.98 
80.98 80.98 80.98 80.98 80.98 80.98 80.98 80.98 80.98 80.98 
80.98 80.98 80.98 80.98 80.98 80.98 80.98 80.98 80.98 80.98 
80.98 80.98 80.98 80.98 80.98 80.98 80.98 80.98 80.98 80.98 
80.98 80.98 80.98 80.98 80.98 80.98 80.98 80.98 80.98 80.98 
80.98 80.98 80.98 80.98 80.98 80.98 80.98 80.98 80.98 80.98 
80.98 80.98 80.98 80.98 80.98 80.98 80.98 80.98 80.98 80.98 
80.98 80.98 80.98 80.98 80.98 80.98 80.98 80.98 80.98 80.98 
80.98 80.98 80.98 80.98 80.98 80.98 80.98 80.98 80.98 80.98 
80.98 80.98 80.98 80.98 80.98 80.98 80.98 80.98 80.98 80.98 
80.98 80.98 80.98 80.98 80.98 80.98 80.98 80.98 80.98 80.98 
80.98 80.98 80.98 80.98 80.98 80.98 80.98 80.98 80.98 80.98 
80.98 80.98 80.98 80.98 80.98 80.98 80.98 80.98 80.98 80.98 
80.98 80.98 80.98 80.98 80.98 80.98 80.98 80.98 80.98 80.98 
80.98 80.98 80.98 80.98 80.98 80.98 80.98 80.98 80.98 80.98 
80.98 80.98 80.98 80.98 80.98 80.98 80.98 80.98 80.98 80.98 
80.98 53.2276 53.2276 53.2276 53.2276 53.2276 53.2276 53.2276 53.2276 53.2276 
53.2276 53.2276 53.2276 53.2276 53.2276 53.2276 53.2276 53.2276 53.2276 53.2276 
53.2276 53.2276 53.2276 53.2276 53.2276 53.2276 53.2276 53.2276 53.2276 53.2276 
53.2276 53.2276 53.2276 53.2276 53.2276 53.2276 53.2276 53.2276 53.2276 53.2276 
53.2276 53.2276 53.2276 53.2276 53.2276 53.2276 53.2276 53.2276 53.2276 53.2276 
53.2276 53.2276 53.2276 53.2276 53.2276 53.2276 53.2276 53.2276 53.2276 53.2276 
53.2276 53.2276 53.2276 53.2276 53.2276 53.2276 53.2276 53.2276 53.2276 53.2276 
53.2276 53.2276 53.2276 53.2276 53.2276 53.2276 53.2276 53.2276 53.2276 53.2276 
53.2276 53.2276 53.2276 53.2276 53.2276 53.2276 53.2276 53.2276 53.2276 53.2276 
53.2276 53.2276 53.2276 53.2276 53.2276 53.2276 53.2276 53.2276 53.2276 53.2276 
53.2276 53.2276 53.2276 53.2276 53.2276 53.2276 53.2276 53.2276 53.2276 53.2276 
53.2276 53.2276 53.2276 53.2276 53.2276 53.2276 53.2276 53.2276 53.2276 53.2276 
53.2276 53.2276 53.2276 53.2276 53.2276 53.2276 53.2276 53.2276 53.2276 53.2276 
53.2276 53.2276 53.2276 53.2276 53.2276 53.2276 53.2276 53.2276 53.2276 53.2276 
53.2276 53.2276 53.2276 53.2276 53.2276 53.2276 53.2276 53.2276 53.2276 53.2276 
53.2276 53.2276 53.2276 53.2276 53.2276 53.2276 53.2276 53.2276 53.2276 53.2276 
53.2276 53.2276 53.2276 53.2276 53.2276 53.2276 53.2276 53.2276 53.2276 53.2276 
53.2276 53.2276 53.2276 53.2276 53.2276 53.2276 53.2276 53.2276 53.2276 53.2276 
53.2276 53.2276 53.2276 53.2276 53.2276 53.2276 53.2276 53.2276 53.2276 53.2276 
53.2276 53.2276 53.2276 53.2276 53.2276 53.2276 53.2276 53.215 53.215 53.215 
53.215 53.215 53.215 53.215 53.215 53.215 53.215 53.215 53.215 53.215 
53.215 53.215 53.215 53.215 53.215 53.215 53.215 53.215 53.215 53.215 
53.215 53.215 53.215 53.215 53.215 53.215 53.215 53.215 53.215 53.215 
53.215 53.215 53.215 53.215 53.215 53.215 53.215 53.215 53.215 53.215 
53.215 53.215 53.215 53.215 53.215 53.215 53.215 53.215 53.215 53.215 
53.215 53.215 53.215 53.215 53.215 53.215 53.215 53.215 53.215 53.215 
53.215 53.215 53.215 53.215 53.215 53.215 53.215 53.215 53.215 53.215 
53.215 53.215 53.215 53.215 53.215 53.215 53.215 53.215 53.215 53.215 
53.215 53.215 53.215 53.215 53.215 53.215 53.215 53.215 53.215 53.215 
53.215 53.215 53.215 53.215 53.215 53.215 53.215 53.215 53.215 53.215 
53.215 53.215 53.215 53.215 53.215 53.215 53.215 53.215 53.215 53.215 
53.215 53.215 53.215 53.215 53.215 53.215 53.215 53.215 53.215 53.215 
53.215 53.215 53.215 53.215 53.215 53.215 53.215 53.215 53.215 53.215 
53.215 53.215 53.215 53.215 53.215 53.215 53.215 53.215 53.215 53.215 
53.215 53.215 53.215 53.215 53.215 53.215 53.215 53.215 53.215 53.215 
53.215 53.215 53.215 53.215 53.215 53.215 53.215 53.215 53.215 53.215 
53.215 53.215 53.215 53.215 53.215 53.215 53.215 53.215 53.215 53.215 
53.215 53.215 53.215 53.215 53.215 53.215 53.215 53.215 53.215 53.215 
53.215 53.215 53.215 53.215 53.215 53.215 53.215 53.215 53.215 53.215 
53.215 53.215 53.215 53.2108 53.2108 53.2108 53.2108 53.2108 53.2108 53.2108 
53.2108 53.2108 53.2108 53.2108 53.2108 53.2108 53.2108 53.2108 53.2108 53.2108 
53.2108 53.2108 53.2108 53.2108 53.2108 53.2108 53.2108 53.2108 53.2108 53.2108 
53.2108 53.2108 53.2108 53.2108 53.2108 53.2108 53.2108 53.2108 53.2108 53.2108 
53.2108 53.2108 53.2108 53.2108 53.2108 53.2108 53.2108 53.2108 53.2108 53.2108 
53.2108 53.2108 53.2108 53.2108 53.2108 53.2108 53.2108 53.2108 53.2108 53.2108 
53.2108 53.2108 53.2108 53.2108 53.2108 53.2108 53.2108 53.2108 53.2108 53.2108 
53.2108 53.2108 53.2108 53.2108 53.2108 53.2108 53.2108 53.2108 53.2108 53.2108 
53.2108 53.2108 53.2108 53.2108 53.2108 53.2108 53.2108 53.2108 53.2108 53.2108 
53.2108 53.2108 53.2108 53.2108 53.2108 53.2108 53.2108 53.2108 53.2108 53.2108 
53.2108 53.2108 53.2108 53.2108 53.2108 53.2108 53.2108 53.2108 53.2108 53.2108 
53.2108 53.2108 53.2108 53.2108 53.2108 53.2108 53.2108 53.2108 53.2108 53.2108 
53.2108 53.2108 53.2108 53.2108 53.2108 53.2108 53.2108 53.2108 53.2108 53.2108 
53.2108 53.2108 53.2108 53.2108 53.2108 53.2108 53.2108 53.2108 53.2108 53.2108 
53.2108 53.2108 53.2108 53.2108 53.2108 53.2108 53.2108 53.2108 53.2108 53.2108 
53.2108 53.2108 53.2108 53.2108 53.2108 53.2108 53.2108 53.2108 53.2108 53.2108 
53.2108 53.2108 53.2108 53.2108 53.2108 53.2108 53.2108 53.2108 53.2108 53.2108 
53.2108 53.2108 53.2108 53.2108 53.2108 53.2108 53.2108 53.2108 53.2108 53.2108 
53.2108 53.2108 53.2108 53.2108 53.2108 53.2108 53.2108 53.2108 53.2108 53.2108 
53.2108 53.2108 53.2108 53.2108 53.2108 53.2108 53.2108 53.2108 53.2108 53.2139 
53.2139 53.2139 53.2139 53.2139 53.2139 53.2139 53.2139 53.2139 53.2139 53.2139 
53.2139 53.2139 53.2139 53.2139 53.2139 53.2139 53.2139 53.2139 53.2139 53.2139 
53.2139 53.2139 53.2139 53.2139 53.2139 53.2139 53.2139 53.2139 53.2139 53.2139 
53.2139 53.2139 53.2139 53.2139 53.2139 53.2139 53.2139 53.2139 53.2139 53.2139 
53.2139 53.2139 53.2139 53.2139 53.2139 53.2139 53.2139 53.2139 53.2139 53.2139 
53.2139 53.2139 53.2139 53.2139 53.2139 53.2139 53.2139 53.2139 53.2139 53.2139 
53.2139 53.2139 53.2139 53.2139 53.2139 53.2139 53.2139 53.2139 53.2139 53.2139 
53.2139 53.2139 53.2139 53.2139 53.2139 53.2139 53.2139 53.2139 53.2139 53.2139 
53.2139 53.2139 53.2139 53.2139 53.2139 53.2139 53.2139 53.2139 53.2139 53.2139 
53.2139 53.2139 53.2139 53.2139 53.2139 53.2139 53.2139 53.2139 53.2139 53.2139 
53.2139 53.2139 53.2139 53.2139 53.2139 53.2139 53.2139 53.2139 53.2139 53.2139 
53.2139 53.2139 53.2139 53.2139 53.2139 53.2139 53.2139 53.2139 53.2139 53.2139 
53.2139 53.2139 53.2139 53.2139 53.2139 53.2139 53.2139 53.2139 53.2139 53.2139 
53.2139 53.2139 53.2139 53.2139 53.2139 53.2139 53.2139 53.2139 53.2139 53.2139 
53.2139 53.2139 53.2139 53.2139 53.2139 53.2139 53.2139 53.2139 53.2139 53.2139 
53.2139 53.2139 53.2139 53.2139 53.2139 53.2139 53.2139 53.2139 53.2139 53.2139 
53.2139 53.2139 53.2139 53.2139 53.2139 53.2139 53.2139 53.2139 53.2139 53.2139 
53.2139 53.2139 53.2139 53.2139 53.2139 53.2139 53.2139 53.2139 53.2139 53.2139 
53.2139 53.2139 53.2139 53.2139 53.2139 53.2139 53.2139 53.2139 53.2139 53.2139 
53.2139 53.2139 53.2139 53.2139 53.2139 53.2096 53.2096 53.2096 53.2096 53.2096 
53.2096 53.2096 53.2096 53.2096 53.2096 53.2096 53.2096 53.2096 53.2096 53.2096 
53.2096 53.2096 53.2096 53.2096 53.2096 53.2096 53.2096 53.2096 53.2096 53.2096 
53.2096 53.2096 53.2096 53.2096 53.2096 53.2096 53.2096 53.2096 53.2096 53.2096 
53.2096 53.2096 53.2096 53.2096 53.2096 53.2096 53.2096 53.2096 53.2096 53.2096 
53.2096 53.2096 53.2096 53.2096 53.2096 53.2096 53.2096 53.2096 53.2096 53.2096 
53.2096 53.2096 53.2096 53.2096 53.2096 53.2096 53.2096 53.2096 53.2096 53.2096 
53.2096 53.2096 53.2096 53.2096 53.2096 53.2096 53.2096 53.2096 53.2096 53.2096 
53.2096 53.2096 53.2096 53.2096 53.2096 53.2096 53.2096 53.2096 53.2096 53.2096 
53.2096 53.2096 53.2096 53.2096 53.2096 53.2096 53.2096 53.2096 53.2096 53.2096 
53.2096 53.2096 53.2096 53.2096 53.2096 53.2096 53.2096 53.2096 53.2096 53.2096 
53.2096 53.2096 53.2096 53.2096 53.2096 53.2096 53.2096 53.2096 53.2096 53.2096 
53.2096 53.2096 53.2096 53.2096 53.2096 53.2096 53.2096 53.2096 53.2096 53.2096 
53.2096 53.2096 53.2096 53.2096 53.2096 53.2096 53.2096 53.2096 53.2096 53.2096 
53.2096 53.2096 53.2096 53.2096 53.2096 53.2096 53.2096 53.2096 53.2096 53.2096 
53.2096 53.2096 53.2096 53.2096 53.2096 53.2096 53.2096 53.2096 53.2096 53.2096 
53.2096 53.2096 53.2096 53.2096 53.2096 53.2096 53.2096 53.2096 53.2096 53.2096 
53.2096 53.2096 53.2096 53.2096 53.2096 53.2096 53.2096 53.2096 53.2096 53.2096 
53.2096 53.2096 53.2096 53.2096 53.2096 53.2096 53.2096 53.2096 53.2096 53.2096 
53.2096 53.2096 53.2096 53.2096 53.2096 53.2096 53.2096 53.2096 53.2096 53.2096 
53.2096 53.2222 53.2222 53.2222 53.2222 53.2222 53.2222 53.2222 53.2222 53.2222 
53.2222 53.2222 53.2222 53.2222 53.2222 53.2222 53.2222 53.2222 53.2222 53.2222 
53.2222 53.2222 53.2222 53.2222 53.2222 53.2222 53.2222 53.2222 53.2222 53.2222 
53.2222 53.2222 53.2222 53.2222 53.2222 53.2222 53.2222 53.2222 53.2222 53.2222 
53.2222 53.2222 53.2222 53.2222 53.2222 53.2222 53.2222 53.2222 53.2222 53.2222 
53.2222 53.2222 53.2222 53.2222 53.2222 53.2222 53.2222 53.2222 53.2222 53.2222 
53.2222 53.2222 53.2222 53.2222 53.2222 53.2222 53.2222 53.2222 53.2222 53.2222 
53.2222 53.2222 53.2222 53.2222 53.2222 53.2222 53.2222 53.2222 53.2222 53.2222 
53.2222 53.2222 53.2222 53.2222 53.2222 53.2222 53.2222 53.2222 53.2222 53.2222 
53.2222 53.2222 53.2222 53.2222 53.2222 53.2222 53.2222 53.2222 53.2222 53.2222 
53.2222 53.2222 53.2222 53.2222 53.2222 53.2222 53.2222 53.2222 53.2222 53.2222 
53.2222 53.2222 53.2222 53.2222 53.2222 53.2222 53.2222 53.2222 53.2222 53.2222 
53.2222 53.2222 53.2222 53.2222 53.2222 53.2222 53.2222 53.2222 53.2222 53.2222 
53.2222 53.2222 53.2222 53.2222 53.2222 53.2222 53.2222 53.2222 53.2222 53.2222 
53.2222 53.2222 53.2222 53.2222 53.2222 53.2222 53.2222 53.2222 53.2222 53.2222 
53.2222 53.2222 53.2222 53.2222 53.2222 53.2222 53.2222 53.2222 53.2222 53.2222 
53.2222 53.2222 53.2222 53.2222 53.2222 53.2222 53.2222 53.2222 53.2222 53.2222 
53.2222 53.2222 53.2222 53.2222 53.2222 53.2222 53.2222 53.2222 53.2222 53.2222 
53.2222 53.2222 53.2222 53.2222 53.2222 53.2222 53.2222 53.2222 53.2222 53.2222 
53.2222 53.2222 53.2222 53.2222 53.2222 53.2222 53.2222 53.2095 53.2095 53.2095 
53.2095 53.2095 53.2095 53.2095 53.2095 53.2095 53.2095 53.2095 53.2095 53.2095 
53.2095 53.2095 53.2095 53.2095 53.2095 53.2095 53.2095 53.2095 53.2095 53.2095 
53.2095 53.2095 53.2095 53.2095 53.2095 53.2095 53.2095 53.2095 53.2095 53.2095 
53.2095 53.2095 53.2095 53.2095 53.2095 53.2095 53.2095 53.2095 53.2095 53.2095 
53.2095 53.2095 53.2095 53.2095 53.2095 53.2095 53.2095 53.2095 53.2095 53.2095 
53.2095 53.2095 53.2095 53.2095 53.2095 53.2095 53.2095 53.2095 53.2095 53.2095 
53.2095 53.2095 53.2095 53.2095 53.2095 53.2095 53.2095 53.2095 53.2095 53.2095 
53.2095 53.2095 53.2095 53.2095 53.2095 53.2095 53.2095 53.2095 53.2095 53.2095 
53.2095 53.2095 53.2095 53.2095 53.2095 53.2095 53.2095 53.2095 53.2095 53.2095 
53.2095 53.2095 53.2095 53.2095 53.2095 53.2095 53.2095 53.2095 53.2095 53.2095 
53.2095 53.2095 53.2095 53.2095 53.2095 53.2095 53.2095 53.2095 53.2095 53.2095 
53.2095 53.2095 53.2095 53.2095 53.2095 53.2095 53.2095 53.2095 53.2095 53.2095 
53.2095 53.2095 53.2095 53.2095 53.2095 53.2095 53.2095 53.2095 53.2095 53.2095 
53.2095 53.2095 53.2095 53.2095 53.2095 53.2095 53.2095 53.2095 53.2095 53.2095 
53.2095 53.2095 53.2095 53.2095 53.2095 53.2095 53.2095 53.2095 53.2095 53.2095 
53.2095 53.2095 53.2095 53.2095 53.2095 53.2095 53.2095 53.2095 53.2095 53.2095 
53.2095 53.2095 53.2095 53.2095 53.2095 53.2095 53.2095 53.2095 53.2095 53.2095 
53.2095 53.2095 53.2095 53.2095 53.2095 53.2095 53.2095 53.2095 53.2095 53.2095 
53.2095 53.2095 53.2095 53.2095 53.2095 53.2095 53.2095 53.2095 53.2095 53.2095 
53.2095 53.2095 53.2095 SCALARS Pcen_MPa float 1
LOOKUP_TABLE default
3.45991e+07 3.45991e+07 3.45991e+07 3.45991e+07 3.45991e+07 3.45991e+07 3.45991e+07 3.45991e+07 3.45991e+07 
3.45991e+07 3.45991e+07 3.45991e+07 3.45991e+07 3.45991e+07 3.45991e+07 3.45991e+07 3.45991e+07 3.45991e+07 3.45991e+07 
3.45991e+07 3.45991e+07 3.45991e+07 3.45991e+07 3.45991e+07 3.45991e+07 3.45991e+07 3.45991e+07 3.45991e+07 3.45991e+07 
3.45991e+07 3.45991e+07 3.45991e+07 3.45991e+07 3.45991e+07 3.45991e+07 3.45991e+07 3.45991e+07 3.45991e+07 3.45991e+07 
3.45991e+07 3.45991e+07 3.45991e+07 3.45991e+07 3.45991e+07 3.45991e+07 3.45991e+07 3.45991e+07 3.45991e+07 3.45991e+07 
3.45991e+07 3.45991e+07 3.45991e+07 3.45991e+07 3.45991e+07 3.45991e+07 3.45991e+07 3.45991e+07 3.45991e+07 3.45991e+07 
3.45991e+07 3.45991e+07 3.45991e+07 3.45991e+07 3.45991e+07 3.45991e+07 3.45991e+07 3.45991e+07 3.45991e+07 3.45991e+07 
3.45991e+07 3.45991e+07 3.45991e+07 3.45991e+07 3.45991e+07 3.45991e+07 3.45991e+07 3.45991e+07 3.45991e+07 3.45991e+07 
3.45991e+07 3.45991e+07 3.45991e+07 3.45991e+07 3.45991e+07 3.45991e+07 3.45991e+07 3.45991e+07 3.45991e+07 3.45991e+07 
3.45991e+07 3.45991e+07 3.45991e+07 3.45991e+07 3.45991e+07 3.45991e+07 3.45991e+07 3.45991e+07 3.45991e+07 3.45991e+07 
3.45991e+07 3.45991e+07 3.45991e+07 3.45991e+07 3.45991e+07 3.45991e+07 3.45991e+07 3.45991e+07 3.45991e+07 3.45991e+07 
3.45991e+07 3.45991e+07 3.45991e+07 3.45991e+07 3.45991e+07 3.45991e+07 3.45991e+07 3.45991e+07 3.45991e+07 3.45991e+07 
3.45991e+07 3.45991e+07 3.45991e+07 3.45991e+07 3.45991e+07 3.45991e+07 3.45991e+07 3.45991e+07 3.45991e+07 3.45991e+07 
3.45991e+07 3.45991e+07 3.45991e+07 3.45991e+07 3.45991e+07 3.45991e+07 3.45991e+07 3.45991e+07 3.45991e+07 3.45991e+07 
3.45991e+07 3.45991e+07 3.45991e+07 3.45991e+07 3.45991e+07 3.45991e+07 3.45991e+07 3.45991e+07 3.45991e+07 3.45991e+07 
3.45991e+07 3.45991e+07 3.45991e+07 3.45991e+07 3.45991e+07 3.45991e+07 3.45991e+07 3.45991e+07 3.45991e+07 3.45991e+07 
3.45991e+07 3.45991e+07 3.45991e+07 3.45991e+07 3.45991e+07 3.45991e+07 3.45991e+07 3.45991e+07 3.45991e+07 3.45991e+07 
3.45991e+07 3.45991e+07 3.45991e+07 3.45991e+07 3.45991e+07 3.45991e+07 3.45991e+07 3.45991e+07 3.45991e+07 3.45991e+07 
3.45991e+07 3.45991e+07 3.45991e+07 3.45991e+07 3.45991e+07 3.45991e+07 3.45991e+07 3.45991e+07 3.45991e+07 3.45991e+07 
3.45991e+07 3.45991e+07 3.45991e+07 3.45991e+07 3.45991e+07 3.45991e+07 3.45991e+07 3.73827e+07 3.73827e+07 3.73827e+07 
3.73827e+07 3.73827e+07 3.73827e+07 3.73827e+07 3.73827e+07 3.73827e+07 3.73827e+07 3.73827e+07 3.73827e+07 3.73827e+07 
3.73827e+07 3.73827e+07 3.73827e+07 3.73827e+07 3.73827e+07 3.73827e+07 3.73827e+07 3.73827e+07 3.73827e+07 3.73827e+07 
3.73827e+07 3.73827e+07 3.73827e+07 3.73827e+07 3.73827e+07 3.73827e+07 3.73827e+07 3.73827e+07 3.73827e+07 3.73827e+07 
3.73827e+07 3.73827e+07 3.73827e+07 3.73827e+07 3.73827e+07 3.73827e+07 3.73827e+07 3.73827e+07 3.73827e+07 3.73827e+07 
3.73827e+07 3.73827e+07 3.73827e+07 3.73827e+07 3.73827e+07 3.73827e+07 3.73827e+07 3.73827e+07 3.73827e+07 3.73827e+07 
3.73827e+07 3.73827e+07 3.73827e+07 3.73827e+07 3.73827e+07 3.73827e+07 3.73827e+07 3.73827e+07 3.73827e+07 3.73827e+07 
3.73827e+07 3.73827e+07 3.73827e+07 3.73827e+07 3.73827e+07 3.73827e+07 3.73827e+07 3.73827e+07 3.73827e+07 3.73827e+07 
3.73827e+07 3.73827e+07 3.73827e+07 3.73827e+07 3.73827e+07 3.73827e+07 3.73827e+07 3.73827e+07 3.73827e+07 3.73827e+07 
3.73827e+07 3.73827e+07 3.73827e+07 3.73827e+07 3.73827e+07 3.73827e+07 3.73827e+07 3.73827e+07 3.73827e+07 3.73827e+07 
3.73827e+07 3.73827e+07 3.73827e+07 3.73827e+07 3.73827e+07 3.73827e+07 3.73827e+07 3.73827e+07 3.73827e+07 3.73827e+07 
3.73827e+07 3.73827e+07 3.73827e+07 3.73827e+07 3.73827e+07 3.73827e+07 3.73827e+07 3.73827e+07 3.73827e+07 3.73827e+07 
3.73827e+07 3.73827e+07 3.73827e+07 3.73827e+07 3.73827e+07 3.73827e+07 3.73827e+07 3.73827e+07 3.73827e+07 3.73827e+07 
3.73827e+07 3.73827e+07 3.73827e+07 3.73827e+07 3.73827e+07 3.73827e+07 3.73827e+07 3.73827e+07 3.73827e+07 3.73827e+07 
3.73827e+07 3.73827e+07 3.73827e+07 3.73827e+07 3.73827e+07 3.73827e+07 3.73827e+07 3.73827e+07 3.73827e+07 3.73827e+07 
3.73827e+07 3.73827e+07 3.73827e+07 3.73827e+07 3.73827e+07 3.73827e+07 3.73827e+07 3.73827e+07 3.73827e+07 3.73827e+07 
3.73827e+07 3.73827e+07 3.73827e+07 3.73827e+07 3.73827e+07 3.73827e+07 3.73827e+07 3.73827e+07 3.73827e+07 3.73827e+07 
3.73827e+07 3.73827e+07 3.73827e+07 3.73827e+07 3.73827e+07 3.73827e+07 3.73827e+07 3.73827e+07 3.73827e+07 3.73827e+07 
3.73827e+07 3.73827e+07 3.73827e+07 3.73827e+07 3.73827e+07 3.73827e+07 3.73827e+07 3.73827e+07 3.73827e+07 3.73827e+07 
3.73827e+07 3.73827e+07 3.73827e+07 3.73827e+07 3.73827e+07 3.73827e+07 3.73827e+07 3.73827e+07 3.73827e+07 3.73827e+07 
3.73827e+07 3.73827e+07 3.73827e+07 3.10704e+07 3.10704e+07 3.10704e+07 3.10704e+07 3.10704e+07 3.10704e+07 3.10704e+07 
3.10704e+07 3.10704e+07 3.10704e+07 3.10704e+07 3.10704e+07 3.10704e+07 3.10704e+07 3.10704e+07 3.10704e+07 3.10704e+07 
3.10704e+07 3.10704e+07 3.10704e+07 3.10704e+07 3.10704e+07 3.10704e+07 3.10704e+07 3.10704e+07 3.10704e+07 3.10704e+07 
3.10704e+07 3.10704e+07 3.10704e+07 3.10704e+07 3.10704e+07 3.10704e+07 3.10704e+07 3.10704e+07 3.10704e+07 3.10704e+07 
3.10704e+07 3.10704e+07 3.10704e+07 3.10704e+07 3.10704e+07 3.10704e+07 3.10704e+07 3.10704e+07 3.10704e+07 3.10704e+07 
3.10704e+07 3.10704e+07 3.10704e+07 3.10704e+07 3.10704e+07 3.10704e+07 3.10704e+07 3.10704e+07 3.10704e+07 3.10704e+07 
3.10704e+07 3.10704e+07 3.10704e+07 3.10704e+07 3.10704e+07 3.10704e+07 3.10704e+07 3.10704e+07 3.10704e+07 3.10704e+07 
3.10704e+07 3.10704e+07 3.10704e+07 3.10704e+07 3.10704e+07 3.10704e+07 3.10704e+07 3.10704e+07 3.10704e+07 3.10704e+07 
3.10704e+07 3.10704e+07 3.10704e+07 3.10704e+07 3.10704e+07 3.10704e+07 3.10704e+07 3.10704e+07 3.10704e+07 3.10704e+07 
3.10704e+07 3.10704e+07 3.10704e+07 3.10704e+07 3.10704e+07 3.10704e+07 3.10704e+07 3.10704e+07 3.10704e+07 3.10704e+07 
3.10704e+07 3.10704e+07 3.10704e+07 3.10704e+07 3.10704e+07 3.10704e+07 3.10704e+07 3.10704e+07 3.10704e+07 3.10704e+07 
3.10704e+07 3.10704e+07 3.10704e+07 3.10704e+07 3.10704e+07 3.10704e+07 3.10704e+07 3.10704e+07 3.10704e+07 3.10704e+07 
3.10704e+07 3.10704e+07 3.10704e+07 3.10704e+07 3.10704e+07 3.10704e+07 3.10704e+07 3.10704e+07 3.10704e+07 3.10704e+07 
3.10704e+07 3.10704e+07 3.10704e+07 3.10704e+07 3.10704e+07 3.10704e+07 3.10704e+07 3.10704e+07 3.10704e+07 3.10704e+07 
3.10704e+07 3.10704e+07 3.10704e+07 3.10704e+07 3.10704e+07 3.10704e+07 3.10704e+07 3.10704e+07 3.10704e+07 3.10704e+07 
3.10704e+07 3.10704e+07 3.10704e+07 3.10704e+07 3.10704e+07 3.10704e+07 3.10704e+07 3.10704e+07 3.10704e+07 3.10704e+07 
3.10704e+07 3.10704e+07 3.10704e+07 3.10704e+07 3.10704e+07 3.10704e+07 3.10704e+07 3.10704e+07 3.10704e+07 3.10704e+07 
3.10704e+07 3.10704e+07 3.10704e+07 3.10704e+07 3.10704e+07 3.10704e+07 3.10704e+07 3.10704e+07 3.10704e+07 3.10704e+07 
3.10704e+07 3.10704e+07 3.10704e+07 3.10704e+07 3.10704e+07 3.10704e+07 3.10704e+07 3.10704e+07 3.10704e+07 3.10704e+07 
3.10704e+07 3.10704e+07 3.10704e+07 3.10704e+07 3.10704e+07 3.10704e+07 3.10704e+07 3.10704e+07 3.10704e+07 3.15473e+07 
3.15473e+07 3.15473e+07 3.15473e+07 3.15473e+07 3.15473e+07 3.15473e+07 3.15473e+07 3.15473e+07 3.15473e+07 3.15473e+07 
3.15473e+07 3.15473e+07 3.15473e+07 3.15473e+07 3.15473e+07 3.15473e+07 3.15473e+07 3.15473e+07 3.15473e+07 3.15473e+07 
3.15473e+07 3.15473e+07 3.15473e+07 3.15473e+07 3.15473e+07 3.15473e+07 3.15473e+07 3.15473e+07 3.15473e+07 3.15473e+07 
3.15473e+07 3.15473e+07 3.15473e+07 3.15473e+07 3.15473e+07 3.15473e+07 3.15473e+07 3.15473e+07 3.15473e+07 3.15473e+07 
3.15473e+07 3.15473e+07 3.15473e+07 3.15473e+07 3.15473e+07 3.15473e+07 3.15473e+07 3.15473e+07 3.15473e+07 3.15473e+07 
3.15473e+07 3.15473e+07 3.15473e+07 3.15473e+07 3.15473e+07 3.15473e+07 3.15473e+07 3.15473e+07 3.15473e+07 3.15473e+07 
3.15473e+07 3.15473e+07 3.15473e+07 3.15473e+07 3.15473e+07 3.15473e+07 3.15473e+07 3.15473e+07 3.15473e+07 3.15473e+07 
3.15473e+07 3.15473e+07 3.15473e+07 3.15473e+07 3.15473e+07 3.15473e+07 3.15473e+07 3.15473e+07 3.15473e+07 3.15473e+07 
3.15473e+07 3.15473e+07 3.15473e+07 3.15473e+07 3.15473e+07 3.15473e+07 3.15473e+07 3.15473e+07 3.15473e+07 3.15473e+07 
3.15473e+07 3.15473e+07 3.15473e+07 3.15473e+07 3.15473e+07 3.15473e+07 3.15473e+07 3.15473e+07 3.15473e+07 3.15473e+07 
3.15473e+07 3.15473e+07 3.15473e+07 3.15473e+07 3.15473e+07 3.15473e+07 3.15473e+07 3.15473e+07 3.15473e+07 3.15473e+07 
3.15473e+07 3.15473e+07 3.15473e+07 3.15473e+07 3.15473e+07 3.15473e+07 3.15473e+07 3.15473e+07 3.15473e+07 3.15473e+07 
3.15473e+07 3.15473e+07 3.15473e+07 3.15473e+07 3.15473e+07 3.15473e+07 3.15473e+07 3.15473e+07 3.15473e+07 3.15473e+07 
3.15473e+07 3.15473e+07 3.15473e+07 3.15473e+07 3.15473e+07 3.15473e+07 3.15473e+07 3.15473e+07 3.15473e+07 3.15473e+07 
3.15473e+07 3.15473e+07 3.15473e+07 3.15473e+07 3.15473e+07 3.15473e+07 3.15473e+07 3.15473e+07 3.15473e+07 3.15473e+07 
3.15473e+07 3.15473e+07 3.15473e+07 3.15473e+07 3.15473e+07 3.15473e+07 3.15473e+07 3.15473e+07 3.15473e+07 3.15473e+07 
3.15473e+07 3.15473e+07 3.15473e+07 3.15473e+07 3.15473e+07 3.15473e+07 3.15473e+07 3.15473e+07 3.15473e+07 3.15473e+07 
3.15473e+07 3.15473e+07 3.15473e+07 3.15473e+07 3.15473e+07 3.15473e+07 3.15473e+07 3.15473e+07 3.15473e+07 3.15473e+07 
3.15473e+07 3.15473e+07 3.15473e+07 3.15473e+07 3.15473e+07 3.15473e+07 3.15473e+07 3.15473e+07 3.15473e+07 3.15473e+07 
3.15473e+07 3.15473e+07 3.15473e+07 3.15473e+07 3.15473e+07 2.99222e+07 2.99222e+07 2.99222e+07 2.99222e+07 2.99222e+07 
2.99222e+07 2.99222e+07 2.99222e+07 2.99222e+07 2.99222e+07 2.99222e+07 2.99222e+07 2.99222e+07 2.99222e+07 2.99222e+07 
2.99222e+07 2.99222e+07 2.99222e+07 2.99222e+07 2.99222e+07 2.99222e+07 2.99222e+07 2.99222e+07 2.99222e+07 2.99222e+07 
2.99222e+07 2.99222e+07 2.99222e+07 2.99222e+07 2.99222e+07 2.99222e+07 2.99222e+07 2.99222e+07 2.99222e+07 2.99222e+07 
2.99222e+07 2.99222e+07 2.99222e+07 2.99222e+07 2.99222e+07 2.99222e+07 2.99222e+07 2.99222e+07 2.99222e+07 2.99222e+07 
2.99222e+07 2.99222e+07 2.99222e+07 2.99222e+07 2.99222e+07 2.99222e+07 2.99222e+07 2.99222e+07 2.99222e+07 2.99222e+07 
2.99222e+07 2.99222e+07 2.99222e+07 2.99222e+07 2.99222e+07 2.99222e+07 2.99222e+07 2.99222e+07 2.99222e+07 2.99222e+07 
2.99222e+07 2.99222e+07 2.99222e+07 2.99222e+07 2.99222e+07 2.99222e+07 2.99222e+07 2.99222e+07 2.99222e+07 2.99222e+07 
2.99222e+07 2.99222e+07 2.99222e+07 2.99222e+07 2.99222e+07 2.99222e+07 2.99222e+07 2.99222e+07 2.99222e+07 2.99222e+07 
2.99222e+07 2.99222e+07 2.99222e+07 2.99222e+07 2.99222e+07 2.99222e+07 2.99222e+07 2.99222e+07 2.99222e+07 2.99222e+07 
2.99222e+07 2.99222e+07 2.99222e+07 2.99222e+07 2.99222e+07 2.99222e+07 2.99222e+07 2.99222e+07 2.99222e+07 2.99222e+07 
2.99222e+07 2.99222e+07 2.99222e+07 2.99222e+07 2.99222e+07 2.99222e+07 2.99222e+07 2.99222e+07 2.99222e+07 2.99222e+07 
2.99222e+07 2.99222e+07 2.99222e+07 2.99222e+07 2.99222e+07 2.99222e+07 2.99222e+07 2.99222e+07 2.99222e+07 2.99222e+07 
2.99222e+07 2.99222e+07 2.99222e+07 2.99222e+07 2.99222e+07 2.99222e+07 2.99222e+07 2.99222e+07 2.99222e+07 2.99222e+07 
2.99222e+07 2.99222e+07 2.99222e+07 2.99222e+07 2.99222e+07 2.99222e+07 2.99222e+07 2.99222e+07 2.99222e+07 2.99222e+07 
2.99222e+07 2.99222e+07 2.99222e+07 2.99222e+07 2.99222e+07 2.99222e+07 2.99222e+07 2.99222e+07 2.99222e+07 2.99222e+07 
2.99222e+07 2.99222e+07 2.99222e+07 2.99222e+07 2.99222e+07 2.99222e+07 2.99222e+07 2.99222e+07 2.99222e+07 2.99222e+07 
2.99222e+07 2.99222e+07 2.99222e+07 2.99222e+07 2.99222e+07 2.99222e+07 2.99222e+07 2.99222e+07 2.99222e+07 2.99222e+07 
2.99222e+07 2.99222e+07 2.99222e+07 2.99222e+07 2.99222e+07 2.99222e+07 2.99222e+07 2.99222e+07 2.99222e+07 2.99222e+07 
2.99222e+07 2.99222e+07 2.99222e+07 2.99222e+07 2.99222e+07 2.99222e+07 2.99222e+07 2.99222e+07 2.99222e+07 2.99222e+07 
2.99222e+07 3.86335e+07 3.86335e+07 3.86335e+07 3.86335e+07 3.86335e+07 3.86335e+07 3.86335e+07 3.86335e+07 3.86335e+07 
3.86335e+07 3.86335e+07 3.86335e+07 3.86335e+07 3.86335e+07 3.86335e+07 3.86335e+07 3.86335e+07 3.86335e+07 3.86335e+07 
3.86335e+07 3.86335e+07 3.86335e+07 3.86335e+07 3.86335e+07 3.86335e+07 3.86335e+07 3.86335e+07 3.86335e+07 3.86335e+07 
3.86335e+07 3.86335e+07 3.86335e+07 3.86335e+07 3.86335e+07 3.86335e+07 3.86335e+07 3.86335e+07 3.86335e+07 3.86335e+07 
3.86335e+07 3.86335e+07 3.86335e+07 3.86335e+07 3.86335e+07 3.86335e+07 3.86335e+07 3.86335e+07 3.86335e+07 3.86335e+07 
3.86335e+07 3.86335e+07 3.86335e+07 3.86335e+07 3.86335e+07 3.86335e+07 3.86335e+07 3.86335e+07 3.86335e+07 3.86335e+07 
3.86335e+07 3.86335e+07 3.86335e+07 3.86335e+07 3.86335e+07 3.86335e+07 3.86335e+07 3.86335e+07 3.86335e+07 3.86335e+07 
3.86335e+07 3.86335e+07 3.86335e+07 3.86335e+07 3.86335e+07 3.86335e+07 3.86335e+07 3.86335e+07 3.86335e+07 3.86335e+07 
3.86335e+07 3.86335e+07 3.86335e+07 3.86335e+07 3.86335e+07 3.86335e+07 3.86335e+07 3.86335e+07 3.86335e+07 3.86335e+07 
3.86335e+07 3.86335e+07 3.86335e+07 3.86335e+07 3.86335e+07 3.86335e+07 3.86335e+07 3.86335e+07 3.86335e+07 3.86335e+07 
3.86335e+07 3.86335e+07 3.86335e+07 3.86335e+07 3.86335e+07 3.86335e+07 3.86335e+07 3.86335e+07 3.86335e+07 3.86335e+07 
3.86335e+07 3.86335e+07 3.86335e+07 3.86335e+07 3.86335e+07 3.86335e+07 3.86335e+07 3.86335e+07 3.86335e+07 3.86335e+07 
3.86335e+07 3.86335e+07 3.86335e+07 3.86335e+07 3.86335e+07 3.86335e+07 3.86335e+07 3.86335e+07 3.86335e+07 3.86335e+07 
3.86335e+07 3.86335e+07 3.86335e+07 3.86335e+07 3.86335e+07 3.86335e+07 3.86335e+07 3.86335e+07 3.86335e+07 3.86335e+07 
3.86335e+07 3.86335e+07 3.86335e+07 3.86335e+07 3.86335e+07 3.86335e+07 3.86335e+07 3.86335e+07 3.86335e+07 3.86335e+07 
3.86335e+07 3.86335e+07 3.86335e+07 3.86335e+07 3.86335e+07 3.86335e+07 3.86335e+07 3.86335e+07 3.86335e+07 3.86335e+07 
3.86335e+07 3.86335e+07 3.86335e+07 3.86335e+07 3.86335e+07 3.86335e+07 3.86335e+07 3.86335e+07 3.86335e+07 3.86335e+07 
3.86335e+07 3.86335e+07 3.86335e+07 3.86335e+07 3.86335e+07 3.86335e+07 3.86335e+07 3.86335e+07 3.86335e+07 3.86335e+07 
3.86335e+07 3.86335e+07 3.86335e+07 3.86335e+07 3.86335e+07 3.86335e+07 3.86335e+07 3.86335e+07 3.86335e+07 3.86335e+07 
3.86335e+07 3.86335e+07 3.86335e+07 3.86335e+07 3.86335e+07 3.86335e+07 3.86335e+07 3.62679e+07 3.62679e+07 3.62679e+07 
3.62679e+07 3.62679e+07 3.62679e+07 3.62679e+07 3.62679e+07 3.62679e+07 3.62679e+07 3.62679e+07 3.62679e+07 3.62679e+07 
3.62679e+07 3.62679e+07 3.62679e+07 3.62679e+07 3.62679e+07 3.62679e+07 3.62679e+07 3.62679e+07 3.62679e+07 3.62679e+07 
3.62679e+07 3.62679e+07 3.62679e+07 3.62679e+07 3.62679e+07 3.62679e+07 3.62679e+07 3.62679e+07 3.62679e+07 3.62679e+07 
3.62679e+07 3.62679e+07 3.62679e+07 3.62679e+07 3.62679e+07 3.62679e+07 3.62679e+07 3.62679e+07 3.62679e+07 3.62679e+07 
3.62679e+07 3.62679e+07 3.62679e+07 3.62679e+07 3.62679e+07 3.62679e+07 3.62679e+07 3.62679e+07 3.62679e+07 3.62679e+07 
3.62679e+07 3.62679e+07 3.62679e+07 3.62679e+07 3.62679e+07 3.62679e+07 3.62679e+07 3.62679e+07 3.62679e+07 3.62679e+07 
3.62679e+07 3.62679e+07 3.62679e+07 3.62679e+07 3.62679e+07 3.62679e+07 3.62679e+07 3.62679e+07 3.62679e+07 3.62679e+07 
3.62679e+07 3.62679e+07 3.62679e+07 3.62679e+07 3.62679e+07 3.62679e+07 3.62679e+07 3.62679e+07 3.62679e+07 3.62679e+07 
3.62679e+07 3.62679e+07 3.62679e+07 3.62679e+07 3.62679e+07 3.62679e+07 3.62679e+07 3.62679e+07 3.62679e+07 3.62679e+07 
3.62679e+07 3.62679e+07 3.62679e+07 3.62679e+07 3.62679e+07 3.62679e+07 3.62679e+07 3.62679e+07 3.62679e+07 3.62679e+07 
3.62679e+07 3.62679e+07 3.62679e+07 3.62679e+07 3.62679e+07 3.62679e+07 3.62679e+07 3.62679e+07 3.62679e+07 3.62679e+07 
3.62679e+07 3.62679e+07 3.62679e+07 3.62679e+07 3.62679e+07 3.62679e+07 3.62679e+07 3.62679e+07 3.62679e+07 3.62679e+07 
3.62679e+07 3.62679e+07 3.62679e+07 3.62679e+07 3.62679e+07 3.62679e+07 3.62679e+07 3.62679e+07 3.62679e+07 3.62679e+07 
3.62679e+07 3.62679e+07 3.62679e+07 3.62679e+07 3.62679e+07 3.62679e+07 3.62679e+07 3.62679e+07 3.62679e+07 3.62679e+07 
3.62679e+07 3.62679e+07 3.62679e+07 3.62679e+07 3.62679e+07 3.62679e+07 3.62679e+07 3.62679e+07 3.62679e+07 3.62679e+07 
3.62679e+07 3.62679e+07 3.62679e+07 3.62679e+07 3.62679e+07 3.62679e+07 3.62679e+07 3.62679e+07 3.62679e+07 3.62679e+07 
3.62679e+07 3.62679e+07 3.62679e+07 3.62679e+07 3.62679e+07 3.62679e+07 3.62679e+07 3.62679e+07 3.62679e+07 3.62679e+07 
3.62679e+07 3.62679e+07 3.62679e+07 3.62679e+07 3.62679e+07 3.62679e+07 3.62679e+07 3.62679e+07 3.62679e+07 3.62679e+07 
3.62679e+07 3.62679e+07 3.62679e+07 3.62679e+07 3.62679e+07 3.62679e+07 3.62679e+07 3.62679e+07 3.62679e+07 3.62679e+07 
3.62679e+07 3.62679e+07 3.62679e+07 3.55213e+07 3.55213e+07 3.55213e+07 3.55213e+07 3.55213e+07 3.55213e+07 3.55213e+07 
3.55213e+07 3.55213e+07 3.55213e+07 3.55213e+07 3.55213e+07 3.55213e+07 3.55213e+07 3.55213e+07 3.55213e+07 3.55213e+07 
3.55213e+07 3.55213e+07 3.55213e+07 3.55213e+07 3.55213e+07 3.55213e+07 3.55213e+07 3.55213e+07 3.55213e+07 3.55213e+07 
3.55213e+07 3.55213e+07 3.55213e+07 3.55213e+07 3.55213e+07 3.55213e+07 3.55213e+07 3.55213e+07 3.55213e+07 3.55213e+07 
3.55213e+07 3.55213e+07 3.55213e+07 3.55213e+07 3.55213e+07 3.55213e+07 3.55213e+07 3.55213e+07 3.55213e+07 3.55213e+07 
3.55213e+07 3.55213e+07 3.55213e+07 3.55213e+07 3.55213e+07 3.55213e+07 3.55213e+07 3.55213e+07 3.55213e+07 3.55213e+07 
3.55213e+07 3.55213e+07 3.55213e+07 3.55213e+07 3.55213e+07 3.55213e+07 3.55213e+07 3.55213e+07 3.55213e+07 3.55213e+07 
3.55213e+07 3.55213e+07 3.55213e+07 3.55213e+07 3.55213e+07 3.55213e+07 3.55213e+07 3.55213e+07 3.55213e+07 3.55213e+07 
3.55213e+07 3.55213e+07 3.55213e+07 3.55213e+07 3.55213e+07 3.55213e+07 3.55213e+07 3.55213e+07 3.55213e+07 3.55213e+07 
3.55213e+07 3.55213e+07 3.55213e+07 3.55213e+07 3.55213e+07 3.55213e+07 3.55213e+07 3.55213e+07 3.55213e+07 3.55213e+07 
3.55213e+07 3.55213e+07 3.55213e+07 3.55213e+07 3.55213e+07 3.55213e+07 3.55213e+07 3.55213e+07 3.55213e+07 3.55213e+07 
3.55213e+07 3.55213e+07 3.55213e+07 3.55213e+07 3.55213e+07 3.55213e+07 3.55213e+07 3.55213e+07 3.55213e+07 3.55213e+07 
3.55213e+07 3.55213e+07 3.55213e+07 3.55213e+07 3.55213e+07 3.55213e+07 3.55213e+07 3.55213e+07 3.55213e+07 3.55213e+07 
3.55213e+07 3.55213e+07 3.55213e+07 3.55213e+07 3.55213e+07 3.55213e+07 3.55213e+07 3.55213e+07 3.55213e+07 3.55213e+07 
3.55213e+07 3.55213e+07 3.55213e+07 3.55213e+07 3.55213e+07 3.55213e+07 3.55213e+07 3.55213e+07 3.55213e+07 3.55213e+07 
3.55213e+07 3.55213e+07 3.55213e+07 3.55213e+07 3.55213e+07 3.55213e+07 3.55213e+07 3.55213e+07 3.55213e+07 3.55213e+07 
3.55213e+07 3.55213e+07 3.55213e+07 3.55213e+07 3.55213e+07 3.55213e+07 3.55213e+07 3.55213e+07 3.55213e+07 3.55213e+07 
3.55213e+07 3.55213e+07 3.55213e+07 3.55213e+07 3.55213e+07 3.55213e+07 3.55213e+07 3.55213e+07 3.55213e+07 3.55213e+07 
3.55213e+07 3.55213e+07 3.55213e+07 3.55213e+07 3.55213e+07 3.55213e+07 3.55213e+07 3.55213e+07 3.55213e+07 3.55213e+07 
3.55213e+07 3.55213e+07 3.55213e+07 3.55213e+07 3.55213e+07 3.55213e+07 3.55213e+07 3.55213e+07 3.55213e+07 3.67413e+07 
3.67413e+07 3.67413e+07 3.67413e+07 3.67413e+07 3.67413e+07 3.67413e+07 3.67413e+07 3.67413e+07 3.67413e+07 3.67413e+07 
3.67413e+07 3.67413e+07 3.67413e+07 3.67413e+07 3.67413e+07 3.67413e+07 3.67413e+07 3.67413e+07 3.67413e+07 3.67413e+07 
3.67413e+07 3.67413e+07 3.67413e+07 3.67413e+07 3.67413e+07 3.67413e+07 3.67413e+07 3.67413e+07 3.67413e+07 3.67413e+07 
3.67413e+07 3.67413e+07 3.67413e+07 3.67413e+07 3.67413e+07 3.67413e+07 3.67413e+07 3.67413e+07 3.67413e+07 3.67413e+07 
3.67413e+07 3.67413e+07 3.67413e+07 3.67413e+07 3.67413e+07 3.67413e+07 3.67413e+07 3.67413e+07 3.67413e+07 3.67413e+07 
3.67413e+07 3.67413e+07 3.67413e+07 3.67413e+07 3.67413e+07 3.67413e+07 3.67413e+07 3.67413e+07 3.67413e+07 3.67413e+07 
3.67413e+07 3.67413e+07 3.67413e+07 3.67413e+07 3.67413e+07 3.67413e+07 3.67413e+07 3.67413e+07 3.67413e+07 3.67413e+07 
3.67413e+07 3.67413e+07 3.67413e+07 3.67413e+07 3.67413e+07 3.67413e+07 3.67413e+07 3.67413e+07 3.67413e+07 3.67413e+07 
3.67413e+07 3.67413e+07 3.67413e+07 3.67413e+07 3.67413e+07 3.67413e+07 3.67413e+07 3.67413e+07 3.67413e+07 3.67413e+07 
3.67413e+07 3.67413e+07 3.67413e+07 3.67413e+07 3.67413e+07 3.67413e+07 3.67413e+07 3.67413e+07 3.67413e+07 3.67413e+07 
3.67413e+07 3.67413e+07 3.67413e+07 3.67413e+07 3.67413e+07 3.67413e+07 3.67413e+07 3.67413e+07 3.67413e+07 3.67413e+07 
3.67413e+07 3.67413e+07 3.67413e+07 3.67413e+07 3.67413e+07 3.67413e+07 3.67413e+07 3.67413e+07 3.67413e+07 3.67413e+07 
3.67413e+07 3.67413e+07 3.67413e+07 3.67413e+07 3.67413e+07 3.67413e+07 3.67413e+07 3.67413e+07 3.67413e+07 3.67413e+07 
3.67413e+07 3.67413e+07 3.67413e+07 3.67413e+07 3.67413e+07 3.67413e+07 3.67413e+07 3.67413e+07 3.67413e+07 3.67413e+07 
3.67413e+07 3.67413e+07 3.67413e+07 3.67413e+07 3.67413e+07 3.67413e+07 3.67413e+07 3.67413e+07 3.67413e+07 3.67413e+07 
3.67413e+07 3.67413e+07 3.67413e+07 3.67413e+07 3.67413e+07 3.67413e+07 3.67413e+07 3.67413e+07 3.67413e+07 3.67413e+07 
3.67413e+07 3.67413e+07 3.67413e+07 3.67413e+07 3.67413e+07 3.67413e+07 3.67413e+07 3.67413e+07 3.67413e+07 3.67413e+07 
3.67413e+07 3.67413e+07 3.67413e+07 3.67413e+07 3.67413e+07 3.67413e+07 3.67413e+07 3.67413e+07 3.67413e+07 3.67413e+07 
3.67413e+07 3.67413e+07 3.67413e+07 3.67413e+07 3.67413e+07 3.67413e+07 3.67413e+07 3.67413e+07 3.67413e+07 3.67413e+07 
3.67413e+07 3.67413e+07 3.67413e+07 3.67413e+07 3.67413e+07 3.63567e+07 3.63567e+07 3.63567e+07 3.63567e+07 3.63567e+07 
3.63567e+07 3.63567e+07 3.63567e+07 3.63567e+07 3.63567e+07 3.63567e+07 3.63567e+07 3.63567e+07 3.63567e+07 3.63567e+07 
3.63567e+07 3.63567e+07 3.63567e+07 3.63567e+07 3.63567e+07 3.63567e+07 3.63567e+07 3.63567e+07 3.63567e+07 3.63567e+07 
3.63567e+07 3.63567e+07 3.63567e+07 3.63567e+07 3.63567e+07 3.63567e+07 3.63567e+07 3.63567e+07 3.63567e+07 3.63567e+07 
3.63567e+07 3.63567e+07 3.63567e+07 3.63567e+07 3.63567e+07 3.63567e+07 3.63567e+07 3.63567e+07 3.63567e+07 3.63567e+07 
3.63567e+07 3.63567e+07 3.63567e+07 3.63567e+07 3.63567e+07 3.63567e+07 3.63567e+07 3.63567e+07 3.63567e+07 3.63567e+07 
3.63567e+07 3.63567e+07 3.63567e+07 3.63567e+07 3.63567e+07 3.63567e+07 3.63567e+07 3.63567e+07 3.63567e+07 3.63567e+07 
3.63567e+07 3.63567e+07 3.63567e+07 3.63567e+07 3.63567e+07 3.63567e+07 3.63567e+07 3.63567e+07 3.63567e+07 3.63567e+07 
3.63567e+07 3.63567e+07 3.63567e+07 3.63567e+07 3.63567e+07 3.63567e+07 3.63567e+07 3.63567e+07 3.63567e+07 3.63567e+07 
3.63567e+07 3.63567e+07 3.63567e+07 3.63567e+07 3.63567e+07 3.63567e+07 3.63567e+07 3.63567e+07 3.63567e+07 3.63567e+07 
3.63567e+07 3.63567e+07 3.63567e+07 3.63567e+07 3.63567e+07 3.63567e+07 3.63567e+07 3.63567e+07 3.63567e+07 3.63567e+07 
3.63567e+07 3.63567e+07 3.63567e+07 3.63567e+07 3.63567e+07 3.63567e+07 3.63567e+07 3.63567e+07 3.63567e+07 3.63567e+07 
3.63567e+07 3.63567e+07 3.63567e+07 3.63567e+07 3.63567e+07 3.63567e+07 3.63567e+07 3.63567e+07 3.63567e+07 3.63567e+07 
3.63567e+07 3.63567e+07 3.63567e+07 3.63567e+07 3.63567e+07 3.63567e+07 3.63567e+07 3.63567e+07 3.63567e+07 3.63567e+07 
3.63567e+07 3.63567e+07 3.63567e+07 3.63567e+07 3.63567e+07 3.63567e+07 3.63567e+07 3.63567e+07 3.63567e+07 3.63567e+07 
3.63567e+07 3.63567e+07 3.63567e+07 3.63567e+07 3.63567e+07 3.63567e+07 3.63567e+07 3.63567e+07 3.63567e+07 3.63567e+07 
3.63567e+07 3.63567e+07 3.63567e+07 3.63567e+07 3.63567e+07 3.63567e+07 3.63567e+07 3.63567e+07 3.63567e+07 3.63567e+07 
3.63567e+07 3.63567e+07 3.63567e+07 3.63567e+07 3.63567e+07 3.63567e+07 3.63567e+07 3.63567e+07 3.63567e+07 3.63567e+07 
3.63567e+07 3.63567e+07 3.63567e+07 3.63567e+07 3.63567e+07 3.63567e+07 3.63567e+07 3.63567e+07 3.63567e+07 3.63567e+07 
3.63567e+07 3.63567e+07 3.63567e+07 3.63567e+07 3.63567e+07 3.63567e+07 3.63567e+07 3.63567e+07 3.63567e+07 3.63567e+07 
3.63567e+07 3.63249e+07 3.63249e+07 3.63249e+07 3.63249e+07 3.63249e+07 3.63249e+07 3.63249e+07 3.63249e+07 3.63249e+07 
3.63249e+07 3.63249e+07 3.63249e+07 3.63249e+07 3.63249e+07 3.63249e+07 3.63249e+07 3.63249e+07 3.63249e+07 3.63249e+07 
3.63249e+07 3.63249e+07 3.63249e+07 3.63249e+07 3.63249e+07 3.63249e+07 3.63249e+07 3.63249e+07 3.63249e+07 3.63249e+07 
3.63249e+07 3.63249e+07 3.63249e+07 3.63249e+07 3.63249e+07 3.63249e+07 3.63249e+07 3.63249e+07 3.63249e+07 3.63249e+07 
3.63249e+07 3.63249e+07 3.63249e+07 3.63249e+07 3.63249e+07 3.63249e+07 3.63249e+07 3.63249e+07 3.63249e+07 3.63249e+07 
3.63249e+07 3.63249e+07 3.63249e+07 3.63249e+07 3.63249e+07 3.63249e+07 3.63249e+07 3.63249e+07 3.63249e+07 3.63249e+07 
3.63249e+07 3.63249e+07 3.63249e+07 3.63249e+07 3.63249e+07 3.63249e+07 3.63249e+07 3.63249e+07 3.63249e+07 3.63249e+07 
3.63249e+07 3.63249e+07 3.63249e+07 3.63249e+07 3.63249e+07 3.63249e+07 3.63249e+07 3.63249e+07 3.63249e+07 3.63249e+07 
3.63249e+07 3.63249e+07 3.63249e+07 3.63249e+07 3.63249e+07 3.63249e+07 3.63249e+07 3.63249e+07 3.63249e+07 3.63249e+07 
3.63249e+07 3.63249e+07 3.63249e+07 3.63249e+07 3.63249e+07 3.63249e+07 3.63249e+07 3.63249e+07 3.63249e+07 3.63249e+07 
3.63249e+07 3.63249e+07 3.63249e+07 3.63249e+07 3.63249e+07 3.63249e+07 3.63249e+07 3.63249e+07 3.63249e+07 3.63249e+07 
3.63249e+07 3.63249e+07 3.63249e+07 3.63249e+07 3.63249e+07 3.63249e+07 3.63249e+07 3.63249e+07 3.63249e+07 3.63249e+07 
3.63249e+07 3.63249e+07 3.63249e+07 3.63249e+07 3.63249e+07 3.63249e+07 3.63249e+07 3.63249e+07 3.63249e+07 3.63249e+07 
3.63249e+07 3.63249e+07 3.63249e+07 3.63249e+07 3.63249e+07 3.63249e+07 3.63249e+07 3.63249e+07 3.63249e+07 3.63249e+07 
3.63249e+07 3.63249e+07 3.63249e+07 3.63249e+07 3.63249e+07 3.63249e+07 3.63249e+07 3.63249e+07 3.63249e+07 3.63249e+07 
3.63249e+07 3.63249e+07 3.63249e+07 3.63249e+07 3.63249e+07 3.63249e+07 3.63249e+07 3.63249e+07 3.63249e+07 3.63249e+07 
3.63249e+07 3.63249e+07 3.63249e+07 3.63249e+07 3.63249e+07 3.63249e+07 3.63249e+07 3.63249e+07 3.63249e+07 3.63249e+07 
3.63249e+07 3.63249e+07 3.63249e+07 3.63249e+07 3.63249e+07 3.63249e+07 3.63249e+07 3.63249e+07 3.63249e+07 3.63249e+07 
3.63249e+07 3.63249e+07 3.63249e+07 3.63249e+07 3.63249e+07 3.63249e+07 3.63249e+07 3.63249e+07 3.63249e+07 3.63249e+07 
3.63249e+07 3.63249e+07 3.63249e+07 3.63249e+07 3.63249e+07 3.63249e+07 3.63249e+07 4.12926e+07 4.12926e+07 4.12926e+07 
4.12926e+07 4.12926e+07 4.12926e+07 4.12926e+07 4.12926e+07 4.12926e+07 4.12926e+07 4.12926e+07 4.12926e+07 4.12926e+07 
4.12926e+07 4.12926e+07 4.12926e+07 4.12926e+07 4.12926e+07 4.12926e+07 4.12926e+07 4.12926e+07 4.12926e+07 4.12926e+07 
4.12926e+07 4.12926e+07 4.12926e+07 4.12926e+07 4.12926e+07 4.12926e+07 4.12926e+07 4.12926e+07 4.12926e+07 4.12926e+07 
4.12926e+07 4.12926e+07 4.12926e+07 4.12926e+07 4.12926e+07 4.12926e+07 4.12926e+07 4.12926e+07 4.12926e+07 4.12926e+07 
4.12926e+07 4.12926e+07 4.12926e+07 4.12926e+07 4.12926e+07 4.12926e+07 4.12926e+07 4.12926e+07 4.12926e+07 4.12926e+07 
4.12926e+07 4.12926e+07 4.12926e+07 4.12926e+07 4.12926e+07 4.12926e+07 4.12926e+07 4.12926e+07 4.12926e+07 4.12926e+07 
4.12926e+07 4.12926e+07 4.12926e+07 4.12926e+07 4.12926e+07 4.12926e+07 4.12926e+07 4.12926e+07 4.12926e+07 4.12926e+07 
4.12926e+07 4.12926e+07 4.12926e+07 4.12926e+07 4.12926e+07 4.12926e+07 4.12926e+07 4.12926e+07 4.12926e+07 4.12926e+07 
4.12926e+07 4.12926e+07 4.12926e+07 4.12926e+07 4.12926e+07 4.12926e+07 4.12926e+07 4.12926e+07 4.12926e+07 4.12926e+07 
4.12926e+07 4.12926e+07 4.12926e+07 4.12926e+07 4.12926e+07 4.12926e+07 4.12926e+07 4.12926e+07 4.12926e+07 4.12926e+07 
4.12926e+07 4.12926e+07 4.12926e+07 4.12926e+07 4.12926e+07 4.12926e+07 4.12926e+07 4.12926e+07 4.12926e+07 4.12926e+07 
4.12926e+07 4.12926e+07 4.12926e+07 4.12926e+07 4.12926e+07 4.12926e+07 4.12926e+07 4.12926e+07 4.12926e+07 4.12926e+07 
4.12926e+07 4.12926e+07 4.12926e+07 4.12926e+07 4.12926e+07 4.12926e+07 4.12926e+07 4.12926e+07 4.12926e+07 4.12926e+07 
4.12926e+07 4.12926e+07 4.12926e+07 4.12926e+07 4.12926e+07 4.12926e+07 4.12926e+07 4.12926e+07 4.12926e+07 4.12926e+07 
4.12926e+07 4.12926e+07 4.12926e+07 4.12926e+07 4.12926e+07 4.12926e+07 4.12926e+07 4.12926e+07 4.12926e+07 4.12926e+07 
4.12926e+07 4.12926e+07 4.12926e+07 4.12926e+07 4.12926e+07 4.12926e+07 4.12926e+07 4.12926e+07 4.12926e+07 4.12926e+07 
4.12926e+07 4.12926e+07 4.12926e+07 4.12926e+07 4.12926e+07 4.12926e+07 4.12926e+07 4.12926e+07 4.12926e+07 4.12926e+07 
4.12926e+07 4.12926e+07 4.12926e+07 4.12926e+07 4.12926e+07 4.12926e+07 4.12926e+07 4.12926e+07 4.12926e+07 4.12926e+07 
4.12926e+07 4.12926e+07 4.12926e+07 4.12926e+07 4.12926e+07 4.12926e+07 4.12926e+07 4.12926e+07 4.12926e+07 4.12926e+07 
4.12926e+07 4.12926e+07 4.12926e+07 SCALARS Pc_MPa float 1
LOOKUP_TABLE default
51.6647 51.6647 51.6647 51.6647 51.6647 51.6647 51.6647 51.6647 51.6647 
51.6647 51.6647 51.6647 51.6647 51.6647 51.6647 51.6647 51.6647 51.6647 51.6647 
51.6647 51.6647 51.6647 51.6647 51.6647 51.6647 51.6647 51.6647 51.6647 51.6647 
51.6647 51.6647 51.6647 51.6647 51.6647 51.6647 51.6647 51.6647 51.6647 51.6647 
51.6647 51.6647 51.6647 51.6647 51.6647 51.6647 51.6647 51.6647 51.6647 51.6647 
51.6647 51.6647 51.6647 51.6647 51.6647 51.6647 51.6647 51.6647 51.6647 51.6647 
51.6647 51.6647 51.6647 51.6647 51.6647 51.6647 51.6647 51.6647 51.6647 51.6647 
51.6647 51.6647 51.6647 51.6647 51.6647 51.6647 51.6647 51.6647 51.6647 51.6647 
51.6647 51.6647 51.6647 51.6647 51.6647 51.6647 51.6647 51.6647 51.6647 51.6647 
51.6647 51.6647 51.6647 51.6647 51.6647 51.6647 51.6647 51.6647 51.6647 51.6647 
51.6647 51.6647 51.6647 51.6647 51.6647 51.6647 51.6647 51.6647 51.6647 51.6647 
51.6647 51.6647 51.6647 51.6647 51.6647 51.6647 51.6647 51.6647 51.6647 51.6647 
51.6647 51.6647 51.6647 51.6647 51.6647 51.6647 51.6647 51.6647 51.6647 51.6647 
51.6647 51.6647 51.6647 51.6647 51.6647 51.6647 51.6647 51.6647 51.6647 51.6647 
51.6647 51.6647 51.6647 51.6647 51.6647 51.6647 51.6647 51.6647 51.6647 51.6647 
51.6647 51.6647 51.6647 51.6647 51.6647 51.6647 51.6647 51.6647 51.6647 51.6647 
51.6647 51.6647 51.6647 51.6647 51.6647 51.6647 51.6647 51.6647 51.6647 51.6647 
51.6647 51.6647 51.6647 51.6647 51.6647 51.6647 51.6647 51.6647 51.6647 51.6647 
51.6647 51.6647 51.6647 51.6647 51.6647 51.6647 51.6647 51.6647 51.6647 51.6647 
51.6647 51.6647 51.6647 51.6647 51.6647 51.6647 51.6647 64.7917 64.7917 64.7917 
64.7917 64.7917 64.7917 64.7917 64.7917 64.7917 64.7917 64.7917 64.7917 64.7917 
64.7917 64.7917 64.7917 64.7917 64.7917 64.7917 64.7917 64.7917 64.7917 64.7917 
64.7917 64.7917 64.7917 64.7917 64.7917 64.7917 64.7917 64.7917 64.7917 64.7917 
64.7917 64.7917 64.7917 64.7917 64.7917 64.7917 64.7917 64.7917 64.7917 64.7917 
64.7917 64.7917 64.7917 64.7917 64.7917 64.7917 64.7917 64.7917 64.7917 64.7917 
64.7917 64.7917 64.7917 64.7917 64.7917 64.7917 64.7917 64.7917 64.7917 64.7917 
64.7917 64.7917 64.7917 64.7917 64.7917 64.7917 64.7917 64.7917 64.7917 64.7917 
64.7917 64.7917 64.7917 64.7917 64.7917 64.7917 64.7917 64.7917 64.7917 64.7917 
64.7917 64.7917 64.7917 64.7917 64.7917 64.7917 64.7917 64.7917 64.7917 64.7917 
64.7917 64.7917 64.7917 64.7917 64.7917 64.7917 64.7917 64.7917 64.7917 64.7917 
64.7917 64.7917 64.7917 64.7917 64.7917 64.7917 64.7917 64.7917 64.7917 64.7917 
64.7917 64.7917 64.7917 64.7917 64.7917 64.7917 64.7917 64.7917 64.7917 64.7917 
64.7917 64.7917 64.7917 64.7917 64.7917 64.7917 64.7917 64.7917 64.7917 64.7917 
64.7917 64.7917 64.7917 64.7917 64.7917 64.7917 64.7917 64.7917 64.7917 64.7917 
64.7917 64.7917 64.7917 64.7917 64.7917 64.7917 64.7917 64.7917 64.7917 64.7917 
64.7917 64.7917 64.7917 64.7917 64.7917 64.7917 64.7917 64.7917 64.7917 64.7917 
64.7917 64.7917 64.7917 64.7917 64.7917 64.7917 64.7917 64.7917 64.7917 64.7917 
64.7917 64.7917 64.7917 64.7917 64.7917 64.7917 64.7917 64.7917 64.7917 64.7917 
64.7917 64.7917 64.7917 64.7917 64.7917 64.7917 64.7917 64.7917 64.7917 64.7917 
64.7917 64.7917 64.7917 74.2829 74.2829 74.2829 74.2829 74.2829 74.2829 74.2829 
74.2829 74.2829 74.2829 74.2829 74.2829 74.2829 74.2829 74.2829 74.2829 74.2829 
74.2829 74.2829 74.2829 74.2829 74.2829 74.2829 74.2829 74.2829 74.2829 74.2829 
74.2829 74.2829 74.2829 74.2829 74.2829 74.2829 74.2829 74.2829 74.2829 74.2829 
74.2829 74.2829 74.2829 74.2829 74.2829 74.2829 74.2829 74.2829 74.2829 74.2829 
74.2829 74.2829 74.2829 74.2829 74.2829 74.2829 74.2829 74.2829 74.2829 74.2829 
74.2829 74.2829 74.2829 74.2829 74.2829 74.2829 74.2829 74.2829 74.2829 74.2829 
74.2829 74.2829 74.2829 74.2829 74.2829 74.2829 74.2829 74.2829 74.2829 74.2829 
74.2829 74.2829 74.2829 74.2829 74.2829 74.2829 74.2829 74.2829 74.2829 74.2829 
74.2829 74.2829 74.2829 74.2829 74.2829 74.2829 74.2829 74.2829 74.2829 74.2829 
74.2829 74.2829 74.2829 74.2829 74.2829 74.2829 74.2829 74.2829 74.2829 74.2829 
74.2829 74.2829 74.2829 74.2829 74.2829 74.2829 74.2829 74.2829 74.2829 74.2829 
74.2829 74.2829 74.2829 74.2829 74.2829 74.2829 74.2829 74.2829 74.2829 74.2829 
74.2829 74.2829 74.2829 74.2829 74.2829 74.2829 74.2829 74.2829 74.2829 74.2829 
74.2829 74.2829 74.2829 74.2829 74.2829 74.2829 74.2829 74.2829 74.2829 74.2829 
74.2829 74.2829 74.2829 74.2829 74.2829 74.2829 74.2829 74.2829 74.2829 74.2829 
74.2829 74.2829 74.2829 74.2829 74.2829 74.2829 74.2829 74.2829 74.2829 74.2829 
74.2829 74.2829 74.2829 74.2829 74.2829 74.2829 74.2829 74.2829 74.2829 74.2829 
74.2829 74.2829 74.2829 74.2829 74.2829 74.2829 74.2829 74.2829 74.2829 74.2829 
74.2829 74.2829 74.2829 74.2829 74.2829 74.2829 74.2829 74.2829 74.2829 78.2565 
78.2565 78.2565 78.2565 78.2565 78.2565 78.2565 78.2565 78.2565 78.2565 78.2565 
78.2565 78.2565 78.2565 78.2565 78.2565 78.2565 78.2565 78.2565 78.2565 78.2565 
78.2565 78.2565 78.2565 78.2565 78.2565 78.2565 78.2565 78.2565 78.2565 78.2565 
78.2565 78.2565 78.2565 78.2565 78.2565 78.2565 78.2565 78.2565 78.2565 78.2565 
78.2565 78.2565 78.2565 78.2565 78.2565 78.2565 78.2565 78.2565 78.2565 78.2565 
78.2565 78.2565 78.2565 78.2565 78.2565 78.2565 78.2565 78.2565 78.2565 78.2565 
78.2565 78.2565 78.2565 78.2565 78.2565 78.2565 78.2565 78.2565 78.2565 78.2565 
78.2565 78.2565 78.2565 78.2565 78.2565 78.2565 78.2565 78.2565 78.2565 78.2565 
78.2565 78.2565 78.2565 78.2565 78.2565 78.2565 78.2565 78.2565 78.2565 78.2565 
78.2565 78.2565 78.2565 78.2565 78.2565 78.2565 78.2565 78.2565 78.2565 78.2565 
78.2565 78.2565 78.2565 78.2565 78.2565 78.2565 78.2565 78.2565 78.2565 78.2565 
78.2565 78.2565 78.2565 78.2565 78.2565 78.2565 78.2565 78.2565 78.2565 78.2565 
78.2565 78.2565 78.2565 78.2565 78.2565 78.2565 78.2565 78.2565 78.2565 78.2565 
78.2565 78.2565 78.2565 78.2565 78.2565 78.2565 78.2565 78.2565 78.2565 78.2565 
78.2565 78.2565 78.2565 78.2565 78.2565 78.2565 78.2565 78.2565 78.2565 78.2565 
78.2565 78.2565 78.2565 78.2565 78.2565 78.2565 78.2565 78.2565 78.2565 78.2565 
78.2565 78.2565 78.2565 78.2565 78.2565 78.2565 78.2565 78.2565 78.2565 78.2565 
78.2565 78.2565 78.2565 78.2565 78.2565 78.2565 78.2565 78.2565 78.2565 78.2565 
78.2565 78.2565 78.2565 78.2565 78.2565 78.2565 78.2565 78.2565 78.2565 78.2565 
78.2565 78.2565 78.2565 78.2565 78.2565 81.6212 81.6212 81.6212 81.6212 81.6212 
81.6212 81.6212 81.6212 81.6212 81.6212 81.6212 81.6212 81.6212 81.6212 81.6212 
81.6212 81.6212 81.6212 81.6212 81.6212 81.6212 81.6212 81.6212 81.6212 81.6212 
81.6212 81.6212 81.6212 81.6212 81.6212 81.6212 81.6212 81.6212 81.6212 81.6212 
81.6212 81.6212 81.6212 81.6212 81.6212 81.6212 81.6212 81.6212 81.6212 81.6212 
81.6212 81.6212 81.6212 81.6212 81.6212 81.6212 81.6212 81.6212 81.6212 81.6212 
81.6212 81.6212 81.6212 81.6212 81.6212 81.6212 81.6212 81.6212 81.6212 81.6212 
81.6212 81.6212 81.6212 81.6212 81.6212 81.6212 81.6212 81.6212 81.6212 81.6212 
81.6212 81.6212 81.6212 81.6212 81.6212 81.6212 81.6212 81.6212 81.6212 81.6212 
81.6212 81.6212 81.6212 81.6212 81.6212 81.6212 81.6212 81.6212 81.6212 81.6212 
81.6212 81.6212 81.6212 81.6212 81.6212 81.6212 81.6212 81.6212 81.6212 81.6212 
81.6212 81.6212 81.6212 81.6212 81.6212 81.6212 81.6212 81.6212 81.6212 81.6212 
81.6212 81.6212 81.6212 81.6212 81.6212 81.6212 81.6212 81.6212 81.6212 81.6212 
81.6212 81.6212 81.6212 81.6212 81.6212 81.6212 81.6212 81.6212 81.6212 81.6212 
81.6212 81.6212 81.6212 81.6212 81.6212 81.6212 81.6212 81.6212 81.6212 81.6212 
81.6212 81.6212 81.6212 81.6212 81.6212 81.6212 81.6212 81.6212 81.6212 81.6212 
81.6212 81.6212 81.6212 81.6212 81.6212 81.6212 81.6212 81.6212 81.6212 81.6212 
81.6212 81.6212 81.6212 81.6212 81.6212 81.6212 81.6212 81.6212 81.6212 81.6212 
81.6212 81.6212 81.6212 81.6212 81.6212 81.6212 81.6212 81.6212 81.6212 81.6212 
81.6212 81.6212 81.6212 81.6212 81.6212 81.6212 81.6212 81.6212 81.6212 81.6212 
81.6212 53.4875 53.4875 53.4875 53.4875 53.4875 53.4875 53.4875 53.4875 53.4875 
53.4875 53.4875 53.4875 53.4875 53.4875 53.4875 53.4875 53.4875 53.4875 53.4875 
53.4875 53.4875 53.4875 53.4875 53.4875 53.4875 53.4875 53.4875 53.4875 53.4875 
53.4875 53.4875 53.4875 53.4875 53.4875 53.4875 53.4875 53.4875 53.4875 53.4875 
53.4875 53.4875 53.4875 53.4875 53.4875 53.4875 53.4875 53.4875 53.4875 53.4875 
53.4875 53.4875 53.4875 53.4875 53.4875 53.4875 53.4875 53.4875 53.4875 53.4875 
53.4875 53.4875 53.4875 53.4875 53.4875 53.4875 53.4875 53.4875 53.4875 53.4875 
53.4875 53.4875 53.4875 53.4875 53.4875 53.4875 53.4875 53.4875 53.4875 53.4875 
53.4875 53.4875 53.4875 53.4875 53.4875 53.4875 53.4875 53.4875 53.4875 53.4875 
53.4875 53.4875 53.4875 53.4875 53.4875 53.4875 53.4875 53.4875 53.4875 53.4875 
53.4875 53.4875 53.4875 53.4875 53.4875 53.4875 53.4875 53.4875 53.4875 53.4875 
53.4875 53.4875 53.4875 53.4875 53.4875 53.4875 53.4875 53.4875 53.4875 53.4875 
53.4875 53.4875 53.4875 53.4875 53.4875 53.4875 53.4875 53.4875 53.4875 53.4875 
53.4875 53.4875 53.4875 53.4875 53.4875 53.4875 53.4875 53.4875 53.4875 53.4875 
53.4875 53.4875 53.4875 53.4875 53.4875 53.4875 53.4875 53.4875 53.4875 53.4875 
53.4875 53.4875 53.4875 53.4875 53.4875 53.4875 53.4875 53.4875 53.4875 53.4875 
53.4875 53.4875 53.4875 53.4875 53.4875 53.4875 53.4875 53.4875 53.4875 53.4875 
53.4875 53.4875 53.4875 53.4875 53.4875 53.4875 53.4875 53.4875 53.4875 53.4875 
53.4875 53.4875 53.4875 53.4875 53.4875 53.4875 53.4875 53.4875 53.4875 53.4875 
53.4875 53.4875 53.4875 53.4875 53.4875 53.4875 53.4875 53.4749 53.4749 53.4749 
53.4749 53.4749 53.4749 53.4749 53.4749 53.4749 53.4749 53.4749 53.4749 53.4749 
53.4749 53.4749 53.4749 53.4749 53.4749 53.4749 53.4749 53.4749 53.4749 53.4749 
53.4749 53.4749 53.4749 53.4749 53.4749 53.4749 53.4749 53.4749 53.4749 53.4749 
53.4749 53.4749 53.4749 53.4749 53.4749 53.4749 53.4749 53.4749 53.4749 53.4749 
53.4749 53.4749 53.4749 53.4749 53.4749 53.4749 53.4749 53.4749 53.4749 53.4749 
53.4749 53.4749 53.4749 53.4749 53.4749 53.4749 53.4749 53.4749 53.4749 53.4749 
53.4749 53.4749 53.4749 53.4749 53.4749 53.4749 53.4749 53.4749 53.4749 53.4749 
53.4749 53.4749 53.4749 53.4749 53.4749 53.4749 53.4749 53.4749 53.4749 53.4749 
53.4749 53.4749 53.4749 53.4749 53.4749 53.4749 53.4749 53.4749 53.4749 53.4749 
53.4749 53.4749 53.4749 53.4749 53.4749 53.4749 53.4749 53.4749 53.4749 53.4749 
53.4749 53.4749 53.4749 53.4749 53.4749 53.4749 53.4749 53.4749 53.4749 53.4749 
53.4749 53.4749 53.4749 53.4749 53.4749 53.4749 53.4749 53.4749 53.4749 53.4749 
53.4749 53.4749 53.4749 53.4749 53.4749 53.4749 53.4749 53.4749 53.4749 53.4749 
53.4749 53.4749 53.4749 53.4749 53.4749 53.4749 53.4749 53.4749 53.4749 53.4749 
53.4749 53.4749 53.4749 53.4749 53.4749 53.4749 53.4749 53.4749 53.4749 53.4749 
53.4749 53.4749 53.4749 53.4749 53.4749 53.4749 53.4749 53.4749 53.4749 53.4749 
53.4749 53.4749 53.4749 53.4749 53.4749 53.4749 53.4749 53.4749 53.4749 53.4749 
53.4749 53.4749 53.4749 53.4749 53.4749 53.4749 53.4749 53.4749 53.4749 53.4749 
53.4749 53.4749 53.4749 53.4749 53.4749 53.4749 53.4749 53.4749 53.4749 53.4749 
53.4749 53.4749 53.4749 53.4706 53.4706 53.4706 53.4706 53.4706 53.4706 53.4706 
53.4706 53.4706 53.4706 53.4706 53.4706 53.4706 53.4706 53.4706 53.4706 53.4706 
53.4706 53.4706 53.4706 53.4706 53.4706 53.4706 53.4706 53.4706 53.4706 53.4706 
53.4706 53.4706 53.4706 53.4706 53.4706 53.4706 53.4706 53.4706 53.4706 53.4706 
53.4706 53.4706 53.4706 53.4706 53.4706 53.4706 53.4706 53.4706 53.4706 53.4706 
53.4706 53.4706 53.4706 53.4706 53.4706 53.4706 53.4706 53.4706 53.4706 53.4706 
53.4706 53.4706 53.4706 53.4706 53.4706 53.4706 53.4706 53.4706 53.4706 53.4706 
53.4706 53.4706 53.4706 53.4706 53.4706 53.4706 53.4706 53.4706 53.4706 53.4706 
53.4706 53.4706 53.4706 53.4706 53.4706 53.4706 53.4706 53.4706 53.4706 53.4706 
53.4706 53.4706 53.4706 53.4706 53.4706 53.4706 53.4706 53.4706 53.4706 53.4706 
53.4706 53.4706 53.4706 53.4706 53.4706 53.4706 53.4706 53.4706 53.4706 53.4706 
53.4706 53.4706 53.4706 53.4706 53.4706 53.4706 53.4706 53.4706 53.4706 53.4706 
53.4706 53.4706 53.4706 53.4706 53.4706 53.4706 53.4706 53.4706 53.4706 53.4706 
53.4706 53.4706 53.4706 53.4706 53.4706 53.4706 53.4706 53.4706 53.4706 53.4706 
53.4706 53.4706 53.4706 53.4706 53.4706 53.4706 53.4706 53.4706 53.4706 53.4706 
53.4706 53.4706 53.4706 53.4706 53.4706 53.4706 53.4706 53.4706 53.4706 53.4706 
53.4706 53.4706 53.4706 53.4706 53.4706 53.4706 53.4706 53.4706 53.4706 53.4706 
53.4706 53.4706 53.4706 53.4706 53.4706 53.4706 53.4706 53.4706 53.4706 53.4706 
53.4706 53.4706 53.4706 53.4706 53.4706 53.4706 53.4706 53.4706 53.4706 53.4706 
53.4706 53.4706 53.4706 53.4706 53.4706 53.4706 53.4706 53.4706 53.4706 53.4738 
53.4738 53.4738 53.4738 53.4738 53.4738 53.4738 53.4738 53.4738 53.4738 53.4738 
53.4738 53.4738 53.4738 53.4738 53.4738 53.4738 53.4738 53.4738 53.4738 53.4738 
53.4738 53.4738 53.4738 53.4738 53.4738 53.4738 53.4738 53.4738 53.4738 53.4738 
53.4738 53.4738 53.4738 53.4738 53.4738 53.4738 53.4738 53.4738 53.4738 53.4738 
53.4738 53.4738 53.4738 53.4738 53.4738 53.4738 53.4738 53.4738 53.4738 53.4738 
53.4738 53.4738 53.4738 53.4738 53.4738 53.4738 53.4738 53.4738 53.4738 53.4738 
53.4738 53.4738 53.4738 53.4738 53.4738 53.4738 53.4738 53.4738 53.4738 53.4738 
53.4738 53.4738 53.4738 53.4738 53.4738 53.4738 53.4738 53.4738 53.4738 53.4738 
53.4738 53.4738 53.4738 53.4738 53.4738 53.4738 53.4738 53.4738 53.4738 53.4738 
53.4738 53.4738 53.4738 53.4738 53.4738 53.4738 53.4738 53.4738 53.4738 53.4738 
53.4738 53.4738 53.4738 53.4738 53.4738 53.4738 53.4738 53.4738 53.4738 53.4738 
53.4738 53.4738 53.4738 53.4738 53.4738 53.4738 53.4738 53.4738 53.4738 53.4738 
53.4738 53.4738 53.4738 53.4738 53.4738 53.4738 53.4738 53.4738 53.4738 53.4738 
53.4738 53.4738 53.4738 53.4738 53.4738 53.4738 53.4738 53.4738 53.4738 53.4738 
53.4738 53.4738 53.4738 53.4738 53.4738 53.4738 53.4738 53.4738 53.4738 53.4738 
53.4738 53.4738 53.4738 53.4738 53.4738 53.4738 53.4738 53.4738 53.4738 53.4738 
53.4738 53.4738 53.4738 53.4738 53.4738 53.4738 53.4738 53.4738 53.4738 53.4738 
53.4738 53.4738 53.4738 53.4738 53.4738 53.4738 53.4738 53.4738 53.4738 53.4738 
53.4738 53.4738 53.4738 53.4738 53.4738 53.4738 53.4738 53.4738 53.4738 53.4738 
53.4738 53.4738 53.4738 53.4738 53.4738 53.4695 53.4695 53.4695 53.4695 53.4695 
53.4695 53.4695 53.4695 53.4695 53.4695 53.4695 53.4695 53.4695 53.4695 53.4695 
53.4695 53.4695 53.4695 53.4695 53.4695 53.4695 53.4695 53.4695 53.4695 53.4695 
53.4695 53.4695 53.4695 53.4695 53.4695 53.4695 53.4695 53.4695 53.4695 53.4695 
53.4695 53.4695 53.4695 53.4695 53.4695 53.4695 53.4695 53.4695 53.4695 53.4695 
53.4695 53.4695 53.4695 53.4695 53.4695 53.4695 53.4695 53.4695 53.4695 53.4695 
53.4695 53.4695 53.4695 53.4695 53.4695 53.4695 53.4695 53.4695 53.4695 53.4695 
53.4695 53.4695 53.4695 53.4695 53.4695 53.4695 53.4695 53.4695 53.4695 53.4695 
53.4695 53.4695 53.4695 53.4695 53.4695 53.4695 53.4695 53.4695 53.4695 53.4695 
53.4695 53.4695 53.4695 53.4695 53.4695 53.4695 53.4695 53.4695 53.4695 53.4695 
53.4695 53.4695 53.4695 53.4695 53.4695 53.4695 53.4695 53.4695 53.4695 53.4695 
53.4695 53.4695 53.4695 53.4695 53.4695 53.4695 53.4695 53.4695 53.4695 53.4695 
53.4695 53.4695 53.4695 53.4695 53.4695 53.4695 53.4695 53.4695 53.4695 53.4695 
53.4695 53.4695 53.4695 53.4695 53.4695 53.4695 53.4695 53.4695 53.4695 53.4695 
53.4695 53.4695 53.4695 53.4695 53.4695 53.4695 53.4695 53.4695 53.4695 53.4695 
53.4695 53.4695 53.4695 53.4695 53.4695 53.4695 53.4695 53.4695 53.4695 53.4695 
53.4695 53.4695 53.4695 53.4695 53.4695 53.4695 53.4695 53.4695 53.4695 53.4695 
53.4695 53.4695 53.4695 53.4695 53.4695 53.4695 53.4695 53.4695 53.4695 53.4695 
53.4695 53.4695 53.4695 53.4695 53.4695 53.4695 53.4695 53.4695 53.4695 53.4695 
53.4695 53.4695 53.4695 53.4695 53.4695 53.4695 53.4695 53.4695 53.4695 53.4695 
53.4695 53.4821 53.4821 53.4821 53.4821 53.4821 53.4821 53.4821 53.4821 53.4821 
53.4821 53.4821 53.4821 53.4821 53.4821 53.4821 53.4821 53.4821 53.4821 53.4821 
53.4821 53.4821 53.4821 53.4821 53.4821 53.4821 53.4821 53.4821 53.4821 53.4821 
53.4821 53.4821 53.4821 53.4821 53.4821 53.4821 53.4821 53.4821 53.4821 53.4821 
53.4821 53.4821 53.4821 53.4821 53.4821 53.4821 53.4821 53.4821 53.4821 53.4821 
53.4821 53.4821 53.4821 53.4821 53.4821 53.4821 53.4821 53.4821 53.4821 53.4821 
53.4821 53.4821 53.4821 53.4821 53.4821 53.4821 53.4821 53.4821 53.4821 53.4821 
53.4821 53.4821 53.4821 53.4821 53.4821 53.4821 53.4821 53.4821 53.4821 53.4821 
53.4821 53.4821 53.4821 53.4821 53.4821 53.4821 53.4821 53.4821 53.4821 53.4821 
53.4821 53.4821 53.4821 53.4821 53.4821 53.4821 53.4821 53.4821 53.4821 53.4821 
53.4821 53.4821 53.4821 53.4821 53.4821 53.4821 53.4821 53.4821 53.4821 53.4821 
53.4821 53.4821 53.4821 53.4821 53.4821 53.4821 53.4821 53.4821 53.4821 53.4821 
53.4821 53.4821 53.4821 53.4821 53.4821 53.4821 53.4821 53.4821 53.4821 53.4821 
53.4821 53.4821 53.4821 53.4821 53.4821 53.4821 53.4821 53.4821 53.4821 53.4821 
53.4821 53.4821 53.4821 53.4821 53.4821 53.4821 53.4821 53.4821 53.4821 53.4821 
53.4821 53.4821 53.4821 53.4821 53.4821 53.4821 53.4821 53.4821 53.4821 53.4821 
53.4821 53.4821 53.4821 53.4821 53.4821 53.4821 53.4821 53.4821 53.4821 53.4821 
53.4821 53.4821 53.4821 53.4821 53.4821 53.4821 53.4821 53.4821 53.4821 53.4821 
53.4821 53.4821 53.4821 53.4821 53.4821 53.4821 53.4821 53.4821 53.4821 53.4821 
53.4821 53.4821 53.4821 53.4821 53.4821 53.4821 53.4821 53.4694 53.4694 53.4694 
53.4694 53.4694 53.4694 53.4694 53.4694 53.4694 53.4694 53.4694 53.4694 53.4694 
53.4694 53.4694 53.4694 53.4694 53.4694 53.4694 53.4694 53.4694 53.4694 53.4694 
53.4694 53.4694 53.4694 53.4694 53.4694 53.4694 53.4694 53.4694 53.4694 53.4694 
53.4694 53.4694 53.4694 53.4694 53.4694 53.4694 53.4694 53.4694 53.4694 53.4694 
53.4694 53.4694 53.4694 53.4694 53.4694 53.4694 53.4694 53.4694 53.4694 53.4694 
53.4694 53.4694 53.4694 53.4694 53.4694 53.4694 53.4694 53.4694 53.4694 53.4694 
53.4694 53.4694 53.4694 53.4694 53.4694 53.4694 53.4694 53.4694 53.4694 53.4694 
53.4694 53.4694 53.4694 53.4694 53.4694 53.4694 53.4694 53.4694 53.4694 53.4694 
53.4694 53.4694 53.4694 53.4694 53.4694 53.4694 53.4694 53.4694 53.4694 53.4694 
53.4694 53.4694 53.4694 53.4694 53.4694 53.4694 53.4694 53.4694 53.4694 53.4694 
53.4694 53.4694 53.4694 53.4694 53.4694 53.4694 53.4694 53.4694 53.4694 53.4694 
53.4694 53.4694 53.4694 53.4694 53.4694 53.4694 53.4694 53.4694 53.4694 53.4694 
53.4694 53.4694 53.4694 53.4694 53.4694 53.4694 53.4694 53.4694 53.4694 53.4694 
53.4694 53.4694 53.4694 53.4694 53.4694 53.4694 53.4694 53.4694 53.4694 53.4694 
53.4694 53.4694 53.4694 53.4694 53.4694 53.4694 53.4694 53.4694 53.4694 53.4694 
53.4694 53.4694 53.4694 53.4694 53.4694 53.4694 53.4694 53.4694 53.4694 53.4694 
53.4694 53.4694 53.4694 53.4694 53.4694 53.4694 53.4694 53.4694 53.4694 53.4694 
53.4694 53.4694 53.4694 53.4694 53.4694 53.4694 53.4694 53.4694 53.4694 53.4694 
53.4694 53.4694 53.4694 53.4694 53.4694 53.4694 53.4694 53.4694 53.4694 53.4694 
53.4694 53.4694 53.4694 SCALARS stim float 1
LOOKUP_TABLE default
3 3 3 3 3 3 3 3 3 
3 3 3 3 3 3 3 3 3 3 
3 3 3 3 3 3 3 3 3 3 
3 3 3 3 3 3 3 3 3 3 
3 3 3 3 3 3 3 3 3 3 
3 3 3 3 3 3 3 3 3 3 
3 3 3 3 3 3 3 3 3 3 
3 3 3 3 3 3 3 3 3 3 
3 3 3 3 3 3 3 3 3 3 
3 3 3 3 3 3 3 3 3 3 
3 3 3 3 3 3 3 3 3 3 
3 3 3 3 3 3 3 3 3 3 
3 3 3 3 3 3 3 3 3 3 
3 3 3 3 3 3 3 3 3 3 
3 3 3 3 3 3 3 3 3 3 
3 3 3 3 3 3 3 3 3 3 
3 3 3 3 3 3 3 3 3 3 
3 3 3 3 3 3 3 3 3 3 
3 3 3 3 3 3 3 3 3 3 
3 3 3 3 3 3 3 0 0 0 
0 0 0 0 0 0 0 0 0 0 
0 0 0 0 0 0 0 0 0 0 
0 0 0 0 0 0 0 0 0 0 
0 0 0 0 0 0 0 0 0 0 
0 0 0 0 0 0 0 0 0 0 
0 0 0 0 0 0 0 0 0 0 
0 0 0 0 0 0 0 0 0 0 
0 0 0 0 0 0 0 0 0 0 
0 0 0 0 0 0 0 0 0 0 
0 0 0 0 0 0 0 0 0 0 
0 0 0 0 0 0 0 0 0 0 
0 0 0 0 0 0 0 0 0 0 
0 0 0 0 0 0 0 0 0 0 
0 0 0 0 0 0 0 0 0 0 
0 0 0 0 0 0 0 0 0 0 
0 0 0 0 0 0 0 0 0 0 
0 0 0 0 0 0 0 0 0 0 
0 0 0 0 0 0 0 0 0 0 
0 0 0 0 0 0 0 0 0 0 
0 0 0 0 0 0 0 0 0 0 
0 0 0 0 0 0 0 0 0 0 
0 0 0 0 0 0 0 0 0 0 
0 0 0 0 0 0 0 0 0 0 
0 0 0 0 0 0 0 0 0 0 
0 0 0 0 0 0 0 0 0 0 
0 0 0 0 0 0 0 0 0 0 
0 0 0 0 0 0 0 0 0 0 
0 0 0 0 0 0 0 0 0 0 
0 0 0 0 0 0 0 0 0 0 
0 0 0 0 0 0 0 0 0 0 
0 0 0 0 0 0 0 0 0 0 
0 0 0 0 0 0 0 0 0 0 
0 0 0 0 0 0 0 0 0 0 
0 0 0 0 0 0 0 0 0 0 
0 0 0 0 0 0 0 0 0 0 
0 0 0 0 0 0 0 0 0 0 
0 0 0 0 0 0 0 0 0 0 
0 0 0 0 0 0 0 0 0 0 
0 0 0 0 0 0 0 0 0 0 
0 0 0 0 0 0 0 0 0 0 
0 0 0 0 0 0 0 0 0 0 
0 0 0 0 0 0 0 0 0 0 
0 0 0 0 0 0 0 0 0 0 
0 0 0 0 0 0 0 0 0 0 
0 0 0 0 0 0 0 0 0 0 
0 0 0 0 0 0 0 0 0 0 
0 0 0 0 0 0 0 0 0 0 
0 0 0 0 0 0 0 0 0 0 
0 0 0 0 0 0 0 0 0 0 
0 0 0 0 0 0 0 0 0 0 
0 0 0 0 0 0 0 0 0 0 
0 0 0 0 0 0 0 0 0 0 
0 0 0 0 0 0 0 0 0 0 
0 0 0 0 0 0 0 0 0 0 
0 0 0 0 0 0 0 0 0 0 
0 0 0 0 0 0 0 0 0 0 
0 0 0 0 0 0 0 0 0 0 
0 0 0 0 0 0 0 0 0 0 
0 0 0 0 0 0 0 0 0 0 
0 0 0 0 0 0 0 0 0 0 
0 0 0 0 0 0 0 0 0 0 
0 0 0 0 0 0 0 0 0 0 
0 0 0 0 0 0 0 0 0 0 
0 0 0 0 0 0 0 0 0 0 
0 0 0 0 0 0 0 0 0 0 
0 0 0 0 0 0 0 0 0 0 
0 0 0 0 0 0 0 0 0 0 
0 0 0 0 0 0 0 0 0 0 
0 0 0 0 0 0 0 0 0 0 
0 0 0 0 0 0 0 0 0 0 
0 0 0 0 0 0 0 0 0 0 
0 0 0 0 0 0 0 0 0 0 
0 0 0 0 0 0 0 0 0 0 
0 0 0 0 0 0 0 0 0 0 
0 0 0 0 0 0 0 0 0 0 
0 0 0 0 0 0 0 0 0 0 
0 0 0 0 0 0 0 0 0 0 
0 0 0 0 0 0 0 0 0 0 
0 8 8 8 8 8 8 8 8 8 
8 8 8 8 8 8 8 8 8 8 
8 8 8 8 8 8 8 8 8 8 
8 8 8 8 8 8 8 8 8 8 
8 8 8 8 8 8 8 8 8 8 
8 8 8 8 8 8 8 8 8 8 
8 8 8 8 8 8 8 8 8 8 
8 8 8 8 8 8 8 8 8 8 
8 8 8 8 8 8 8 8 8 8 
8 8 8 8 8 8 8 8 8 8 
8 8 8 8 8 8 8 8 8 8 
8 8 8 8 8 8 8 8 8 8 
8 8 8 8 8 8 8 8 8 8 
8 8 8 8 8 8 8 8 8 8 
8 8 8 8 8 8 8 8 8 8 
8 8 8 8 8 8 8 8 8 8 
8 8 8 8 8 8 8 8 8 8 
8 8 8 8 8 8 8 8 8 8 
8 8 8 8 8 8 8 8 8 8 
8 8 8 8 8 8 8 5 5 5 
5 5 5 5 5 5 5 5 5 5 
5 5 5 5 5 5 5 5 5 5 
5 5 5 5 5 5 5 5 5 5 
5 5 5 5 5 5 5 5 5 5 
5 5 5 5 5 5 5 5 5 5 
5 5 5 5 5 5 5 5 5 5 
5 5 5 5 5 5 5 5 5 5 
5 5 5 5 5 5 5 5 5 5 
5 5 5 5 5 5 5 5 5 5 
5 5 5 5 5 5 5 5 5 5 
5 5 5 5 5 5 5 5 5 5 
5 5 5 5 5 5 5 5 5 5 
5 5 5 5 5 5 5 5 5 5 
5 5 5 5 5 5 5 5 5 5 
5 5 5 5 5 5 5 5 5 5 
5 5 5 5 5 5 5 5 5 5 
5 5 5 5 5 5 5 5 5 5 
5 5 5 5 5 5 5 5 5 5 
5 5 5 5 5 5 5 5 5 5 
5 5 5 3 3 3 3 3 3 3 
3 3 3 3 3 3 3 3 3 3 
3 3 3 3 3 3 3 3 3 3 
3 3 3 3 3 3 3 3 3 3 
3 3 3 3 3 3 3 3 3 3 
3 3 3 3 3 3 3 3 3 3 
3 3 3 3 3 3 3 3 3 3 
3 3 3 3 3 3 3 3 3 3 
3 3 3 3 3 3 3 3 3 3 
3 3 3 3 3 3 3 3 3 3 
3 3 3 3 3 3 3 3 3 3 
3 3 3 3 3 3 3 3 3 3 
3 3 3 3 3 3 3 3 3 3 
3 3 3 3 3 3 3 3 3 3 
3 3 3 3 3 3 3 3 3 3 
3 3 3 3 3 3 3 3 3 3 
3 3 3 3 3 3 3 3 3 3 
3 3 3 3 3 3 3 3 3 3 
3 3 3 3 3 3 3 3 3 3 
3 3 3 3 3 3 3 3 3 2 
2 2 2 2 2 2 2 2 2 2 
2 2 2 2 2 2 2 2 2 2 
2 2 2 2 2 2 2 2 2 2 
2 2 2 2 2 2 2 2 2 2 
2 2 2 2 2 2 2 2 2 2 
2 2 2 2 2 2 2 2 2 2 
2 2 2 2 2 2 2 2 2 2 
2 2 2 2 2 2 2 2 2 2 
2 2 2 2 2 2 2 2 2 2 
2 2 2 2 2 2 2 2 2 2 
2 2 2 2 2 2 2 2 2 2 
2 2 2 2 2 2 2 2 2 2 
2 2 2 2 2 2 2 2 2 2 
2 2 2 2 2 2 2 2 2 2 
2 2 2 2 2 2 2 2 2 2 
2 2 2 2 2 2 2 2 2 2 
2 2 2 2 2 2 2 2 2 2 
2 2 2 2 2 2 2 2 2 2 
2 2 2 2 2 2 2 2 2 2 
2 2 2 2 2 6 6 6 6 6 
6 6 6 6 6 6 6 6 6 6 
6 6 6 6 6 6 6 6 6 6 
6 6 6 6 6 6 6 6 6 6 
6 6 6 6 6 6 6 6 6 6 
6 6 6 6 6 6 6 6 6 6 
6 6 6 6 6 6 6 6 6 6 
6 6 6 6 6 6 6 6 6 6 
6 6 6 6 6 6 6 6 6 6 
6 6 6 6 6 6 6 6 6 6 
6 6 6 6 6 6 6 6 6 6 
6 6 6 6 6 6 6 6 6 6 
6 6 6 6 6 6 6 6 6 6 
6 6 6 6 6 6 6 6 6 6 
6 6 6 6 6 6 6 6 6 6 
6 6 6 6 6 6 6 6 6 6 
6 6 6 6 6 6 6 6 6 6 
6 6 6 6 6 6 6 6 6 6 
6 6 6 6 6 6 6 6 6 6 
6 6 6 6 6 6 6 6 6 6 
6 8 8 8 8 8 8 8 8 8 
8 8 8 8 8 8 8 8 8 8 
8 8 8 8 8 8 8 8 8 8 
8 8 8 8 8 8 8 8 8 8 
8 8 8 8 8 8 8 8 8 8 
8 8 8 8 8 8 8 8 8 8 
8 8 8 8 8 8 8 8 8 8 
8 8 8 8 8 8 8 8 8 8 
8 8 8 8 8 8 8 8 8 8 
8 8 8 8 8 8 8 8 8 8 
8 8 8 8 8 8 8 8 8 8 
8 8 8 8 8 8 8 8 8 8 
8 8 8 8 8 8 8 8 8 8 
8 8 8 8 8 8 8 8 8 8 
8 8 8 8 8 8 8 8 8 8 
8 8 8 8 8 8 8 8 8 8 
8 8 8 8 8 8 8 8 8 8 
8 8 8 8 8 8 8 8 8 8 
8 8 8 8 8 8 8 8 8 8 
8 8 8 8 8 8 8 8 8 8 
8 8 8 8 8 8 8 8 8 8 
8 8 8 8 8 8 8 8 8 8 
8 8 8 8 8 8 8 8 8 8 
8 8 8 8 8 8 8 8 8 8 
8 8 8 8 8 8 8 8 8 8 
8 8 8 8 8 8 8 8 8 8 
8 8 8 8 8 8 8 8 8 8 
8 8 8 8 8 8 8 8 8 8 
8 8 8 8 8 8 8 8 8 8 
8 8 8 8 8 8 8 8 8 8 
8 8 8 8 8 8 8 8 8 8 
8 8 8 8 8 8 8 8 8 8 
8 8 8 8 8 8 8 8 8 8 
8 8 8 8 8 8 8 8 8 8 
8 8 8 8 8 8 8 8 8 8 
8 8 8 8 8 8 8 8 8 8 
8 8 8 8 8 8 8 8 8 8 
8 8 8 8 8 8 8 8 8 8 
8 8 8 8 8 8 8 8 8 8 
8 8 8 SCALARS Pmax_MPa float 1
LOOKUP_TABLE default
3.67032e+07 3.67032e+07 3.67032e+07 3.67032e+07 3.67032e+07 3.67032e+07 3.67032e+07 3.67032e+07 3.67032e+07 
3.67032e+07 3.67032e+07 3.67032e+07 3.67032e+07 3.67032e+07 3.67032e+07 3.67032e+07 3.67032e+07 3.67032e+07 3.67032e+07 
3.67032e+07 3.67032e+07 3.67032e+07 3.67032e+07 3.67032e+07 3.67032e+07 3.67032e+07 3.67032e+07 3.67032e+07 3.67032e+07 
3.67032e+07 3.67032e+07 3.67032e+07 3.67032e+07 3.67032e+07 3.67032e+07 3.67032e+07 3.67032e+07 3.67032e+07 3.67032e+07 
3.67032e+07 3.67032e+07 3.67032e+07 3.67032e+07 3.67032e+07 3.67032e+07 3.67032e+07 3.67032e+07 3.67032e+07 3.67032e+07 
3.67032e+07 3.67032e+07 3.67032e+07 3.67032e+07 3.67032e+07 3.67032e+07 3.67032e+07 3.67032e+07 3.67032e+07 3.67032e+07 
3.67032e+07 3.67032e+07 3.67032e+07 3.67032e+07 3.67032e+07 3.67032e+07 3.67032e+07 3.67032e+07 3.67032e+07 3.67032e+07 
3.67032e+07 3.67032e+07 3.67032e+07 3.67032e+07 3.67032e+07 3.67032e+07 3.67032e+07 3.67032e+07 3.67032e+07 3.67032e+07 
3.67032e+07 3.67032e+07 3.67032e+07 3.67032e+07 3.67032e+07 3.67032e+07 3.67032e+07 3.67032e+07 3.67032e+07 3.67032e+07 
3.67032e+07 3.67032e+07 3.67032e+07 3.67032e+07 3.67032e+07 3.67032e+07 3.67032e+07 3.67032e+07 3.67032e+07 3.67032e+07 
3.67032e+07 3.67032e+07 3.67032e+07 3.67032e+07 3.67032e+07 3.67032e+07 3.67032e+07 3.67032e+07 3.67032e+07 3.67032e+07 
3.67032e+07 3.67032e+07 3.67032e+07 3.67032e+07 3.67032e+07 3.67032e+07 3.67032e+07 3.67032e+07 3.67032e+07 3.67032e+07 
3.67032e+07 3.67032e+07 3.67032e+07 3.67032e+07 3.67032e+07 3.67032e+07 3.67032e+07 3.67032e+07 3.67032e+07 3.67032e+07 
3.67032e+07 3.67032e+07 3.67032e+07 3.67032e+07 3.67032e+07 3.67032e+07 3.67032e+07 3.67032e+07 3.67032e+07 3.67032e+07 
3.67032e+07 3.67032e+07 3.67032e+07 3.67032e+07 3.67032e+07 3.67032e+07 3.67032e+07 3.67032e+07 3.67032e+07 3.67032e+07 
3.67032e+07 3.67032e+07 3.67032e+07 3.67032e+07 3.67032e+07 3.67032e+07 3.67032e+07 3.67032e+07 3.67032e+07 3.67032e+07 
3.67032e+07 3.67032e+07 3.67032e+07 3.67032e+07 3.67032e+07 3.67032e+07 3.67032e+07 3.67032e+07 3.67032e+07 3.67032e+07 
3.67032e+07 3.67032e+07 3.67032e+07 3.67032e+07 3.67032e+07 3.67032e+07 3.67032e+07 3.67032e+07 3.67032e+07 3.67032e+07 
3.67032e+07 3.67032e+07 3.67032e+07 3.67032e+07 3.67032e+07 3.67032e+07 3.67032e+07 3.67032e+07 3.67032e+07 3.67032e+07 
3.67032e+07 3.67032e+07 3.67032e+07 3.67032e+07 3.67032e+07 3.67032e+07 3.67032e+07 4.27074e+07 4.27074e+07 4.27074e+07 
4.27074e+07 4.27074e+07 4.27074e+07 4.27074e+07 4.27074e+07 4.27074e+07 4.27074e+07 4.27074e+07 4.27074e+07 4.27074e+07 
4.27074e+07 4.27074e+07 4.27074e+07 4.27074e+07 4.27074e+07 4.27074e+07 4.27074e+07 4.27074e+07 4.27074e+07 4.27074e+07 
4.27074e+07 4.27074e+07 4.27074e+07 4.27074e+07 4.27074e+07 4.27074e+07 4.27074e+07 4.27074e+07 4.27074e+07 4.27074e+07 
4.27074e+07 4.27074e+07 4.27074e+07 4.27074e+07 4.27074e+07 4.27074e+07 4.27074e+07 4.27074e+07 4.27074e+07 4.27074e+07 
4.27074e+07 4.27074e+07 4.27074e+07 4.27074e+07 4.27074e+07 4.27074e+07 4.27074e+07 4.27074e+07 4.27074e+07 4.27074e+07 
4.27074e+07 4.27074e+07 4.27074e+07 4.27074e+07 4.27074e+07 4.27074e+07 4.27074e+07 4.27074e+07 4.27074e+07 4.27074e+07 
4.27074e+07 4.27074e+07 4.27074e+07 4.27074e+07 4.27074e+07 4.27074e+07 4.27074e+07 4.27074e+07 4.27074e+07 4.27074e+07 
4.27074e+07 4.27074e+07 4.27074e+07 4.27074e+07 4.27074e+07 4.27074e+07 4.27074e+07 4.27074e+07 4.27074e+07 4.27074e+07 
4.27074e+07 4.27074e+07 4.27074e+07 4.27074e+07 4.27074e+07 4.27074e+07 4.27074e+07 4.27074e+07 4.27074e+07 4.27074e+07 
4.27074e+07 4.27074e+07 4.27074e+07 4.27074e+07 4.27074e+07 4.27074e+07 4.27074e+07 4.27074e+07 4.27074e+07 4.27074e+07 
4.27074e+07 4.27074e+07 4.27074e+07 4.27074e+07 4.27074e+07 4.27074e+07 4.27074e+07 4.27074e+07 4.27074e+07 4.27074e+07 
4.27074e+07 4.27074e+07 4.27074e+07 4.27074e+07 4.27074e+07 4.27074e+07 4.27074e+07 4.27074e+07 4.27074e+07 4.27074e+07 
4.27074e+07 4.27074e+07 4.27074e+07 4.27074e+07 4.27074e+07 4.27074e+07 4.27074e+07 4.27074e+07 4.27074e+07 4.27074e+07 
4.27074e+07 4.27074e+07 4.27074e+07 4.27074e+07 4.27074e+07 4.27074e+07 4.27074e+07 4.27074e+07 4.27074e+07 4.27074e+07 
4.27074e+07 4.27074e+07 4.27074e+07 4.27074e+07 4.27074e+07 4.27074e+07 4.27074e+07 4.27074e+07 4.27074e+07 4.27074e+07 
4.27074e+07 4.27074e+07 4.27074e+07 4.27074e+07 4.27074e+07 4.27074e+07 4.27074e+07 4.27074e+07 4.27074e+07 4.27074e+07 
4.27074e+07 4.27074e+07 4.27074e+07 4.27074e+07 4.27074e+07 4.27074e+07 4.27074e+07 4.27074e+07 4.27074e+07 4.27074e+07 
4.27074e+07 4.27074e+07 4.27074e+07 4.27074e+07 4.27074e+07 4.27074e+07 4.27074e+07 4.27074e+07 4.27074e+07 4.27074e+07 
4.27074e+07 4.27074e+07 4.27074e+07 4.27074e+07 4.27074e+07 4.27074e+07 4.27074e+07 4.27074e+07 4.27074e+07 4.27074e+07 
4.27074e+07 4.27074e+07 4.27074e+07 3.45941e+07 3.45941e+07 3.45941e+07 3.45941e+07 3.45941e+07 3.45941e+07 3.45941e+07 
3.45941e+07 3.45941e+07 3.45941e+07 3.45941e+07 3.45941e+07 3.45941e+07 3.45941e+07 3.45941e+07 3.45941e+07 3.45941e+07 
3.45941e+07 3.45941e+07 3.45941e+07 3.45941e+07 3.45941e+07 3.45941e+07 3.45941e+07 3.45941e+07 3.45941e+07 3.45941e+07 
3.45941e+07 3.45941e+07 3.45941e+07 3.45941e+07 3.45941e+07 3.45941e+07 3.45941e+07 3.45941e+07 3.45941e+07 3.45941e+07 
3.45941e+07 3.45941e+07 3.45941e+07 3.45941e+07 3.45941e+07 3.45941e+07 3.45941e+07 3.45941e+07 3.45941e+07 3.45941e+07 
3.45941e+07 3.45941e+07 3.45941e+07 3.45941e+07 3.45941e+07 3.45941e+07 3.45941e+07 3.45941e+07 3.45941e+07 3.45941e+07 
3.45941e+07 3.45941e+07 3.45941e+07 3.45941e+07 3.45941e+07 3.45941e+07 3.45941e+07 3.45941e+07 3.45941e+07 3.45941e+07 
3.45941e+07 3.45941e+07 3.45941e+07 3.45941e+07 3.45941e+07 3.45941e+07 3.45941e+07 3.45941e+07 3.45941e+07 3.45941e+07 
3.45941e+07 3.45941e+07 3.45941e+07 3.45941e+07 3.45941e+07 3.45941e+07 3.45941e+07 3.45941e+07 3.45941e+07 3.45941e+07 
3.45941e+07 3.45941e+07 3.45941e+07 3.45941e+07 3.45941e+07 3.45941e+07 3.45941e+07 3.45941e+07 3.45941e+07 3.45941e+07 
3.45941e+07 3.45941e+07 3.45941e+07 3.45941e+07 3.45941e+07 3.45941e+07 3.45941e+07 3.45941e+07 3.45941e+07 3.45941e+07 
3.45941e+07 3.45941e+07 3.45941e+07 3.45941e+07 3.45941e+07 3.45941e+07 3.45941e+07 3.45941e+07 3.45941e+07 3.45941e+07 
3.45941e+07 3.45941e+07 3.45941e+07 3.45941e+07 3.45941e+07 3.45941e+07 3.45941e+07 3.45941e+07 3.45941e+07 3.45941e+07 
3.45941e+07 3.45941e+07 3.45941e+07 3.45941e+07 3.45941e+07 3.45941e+07 3.45941e+07 3.45941e+07 3.45941e+07 3.45941e+07 
3.45941e+07 3.45941e+07 3.45941e+07 3.45941e+07 3.45941e+07 3.45941e+07 3.45941e+07 3.45941e+07 3.45941e+07 3.45941e+07 
3.45941e+07 3.45941e+07 3.45941e+07 3.45941e+07 3.45941e+07 3.45941e+07 3.45941e+07 3.45941e+07 3.45941e+07 3.45941e+07 
3.45941e+07 3.45941e+07 3.45941e+07 3.45941e+07 3.45941e+07 3.45941e+07 3.45941e+07 3.45941e+07 3.45941e+07 3.45941e+07 
3.45941e+07 3.45941e+07 3.45941e+07 3.45941e+07 3.45941e+07 3.45941e+07 3.45941e+07 3.45941e+07 3.45941e+07 3.45941e+07 
3.45941e+07 3.45941e+07 3.45941e+07 3.45941e+07 3.45941e+07 3.45941e+07 3.45941e+07 3.45941e+07 3.45941e+07 3.45941e+07 
3.45941e+07 3.45941e+07 3.45941e+07 3.45941e+07 3.45941e+07 3.45941e+07 3.45941e+07 3.45941e+07 3.45941e+07 3.45946e+07 
3.45946e+07 3.45946e+07 3.45946e+07 3.45946e+07 3.45946e+07 3.45946e+07 3.45946e+07 3.45946e+07 3.45946e+07 3.45946e+07 
3.45946e+07 3.45946e+07 3.45946e+07 3.45946e+07 3.45946e+07 3.45946e+07 3.45946e+07 3.45946e+07 3.45946e+07 3.45946e+07 
3.45946e+07 3.45946e+07 3.45946e+07 3.45946e+07 3.45946e+07 3.45946e+07 3.45946e+07 3.45946e+07 3.45946e+07 3.45946e+07 
3.45946e+07 3.45946e+07 3.45946e+07 3.45946e+07 3.45946e+07 3.45946e+07 3.45946e+07 3.45946e+07 3.45946e+07 3.45946e+07 
3.45946e+07 3.45946e+07 3.45946e+07 3.45946e+07 3.45946e+07 3.45946e+07 3.45946e+07 3.45946e+07 3.45946e+07 3.45946e+07 
3.45946e+07 3.45946e+07 3.45946e+07 3.45946e+07 3.45946e+07 3.45946e+07 3.45946e+07 3.45946e+07 3.45946e+07 3.45946e+07 
3.45946e+07 3.45946e+07 3.45946e+07 3.45946e+07 3.45946e+07 3.45946e+07 3.45946e+07 3.45946e+07 3.45946e+07 3.45946e+07 
3.45946e+07 3.45946e+07 3.45946e+07 3.45946e+07 3.45946e+07 3.45946e+07 3.45946e+07 3.45946e+07 3.45946e+07 3.45946e+07 
3.45946e+07 3.45946e+07 3.45946e+07 3.45946e+07 3.45946e+07 3.45946e+07 3.45946e+07 3.45946e+07 3.45946e+07 3.45946e+07 
3.45946e+07 3.45946e+07 3.45946e+07 3.45946e+07 3.45946e+07 3.45946e+07 3.45946e+07 3.45946e+07 3.45946e+07 3.45946e+07 
3.45946e+07 3.45946e+07 3.45946e+07 3.45946e+07 3.45946e+07 3.45946e+07 3.45946e+07 3.45946e+07 3.45946e+07 3.45946e+07 
3.45946e+07 3.45946e+07 3.45946e+07 3.45946e+07 3.45946e+07 3.45946e+07 3.45946e+07 3.45946e+07 3.45946e+07 3.45946e+07 
3.45946e+07 3.45946e+07 3.45946e+07 3.45946e+07 3.45946e+07 3.45946e+07 3.45946e+07 3.45946e+07 3.45946e+07 3.45946e+07 
3.45946e+07 3.45946e+07 3.45946e+07 3.45946e+07 3.45946e+07 3.45946e+07 3.45946e+07 3.45946e+07 3.45946e+07 3.45946e+07 
3.45946e+07 3.45946e+07 3.45946e+07 3.45946e+07 3.45946e+07 3.45946e+07 3.45946e+07 3.45946e+07 3.45946e+07 3.45946e+07 
3.45946e+07 3.45946e+07 3.45946e+07 3.45946e+07 3.45946e+07 3.45946e+07 3.45946e+07 3.45946e+07 3.45946e+07 3.45946e+07 
3.45946e+07 3.45946e+07 3.45946e+07 3.45946e+07 3.45946e+07 3.45946e+07 3.45946e+07 3.45946e+07 3.45946e+07 3.45946e+07 
3.45946e+07 3.45946e+07 3.45946e+07 3.45946e+07 3.45946e+07 3.45946e+07 3.45946e+07 3.45946e+07 3.45946e+07 3.45946e+07 
3.45946e+07 3.45946e+07 3.45946e+07 3.45946e+07 3.45946e+07 3.45946e+07 3.45946e+07 3.45946e+07 3.45946e+07 3.45946e+07 
3.45946e+07 3.45946e+07 3.45946e+07 3.45946e+07 3.45946e+07 4.12727e+07 4.12727e+07 4.12727e+07 4.12727e+07 4.12727e+07 
4.12727e+07 4.12727e+07 4.12727e+07 4.12727e+07 4.12727e+07 4.12727e+07 4.12727e+07 4.12727e+07 4.12727e+07 4.12727e+07 
4.12727e+07 4.12727e+07 4.12727e+07 4.12727e+07 4.12727e+07 4.12727e+07 4.12727e+07 4.12727e+07 4.12727e+07 4.12727e+07 
4.12727e+07 4.12727e+07 4.12727e+07 4.12727e+07 4.12727e+07 4.12727e+07 4.12727e+07 4.12727e+07 4.12727e+07 4.12727e+07 
4.12727e+07 4.12727e+07 4.12727e+07 4.12727e+07 4.12727e+07 4.12727e+07 4.12727e+07 4.12727e+07 4.12727e+07 4.12727e+07 
4.12727e+07 4.12727e+07 4.12727e+07 4.12727e+07 4.12727e+07 4.12727e+07 4.12727e+07 4.12727e+07 4.12727e+07 4.12727e+07 
4.12727e+07 4.12727e+07 4.12727e+07 4.12727e+07 4.12727e+07 4.12727e+07 4.12727e+07 4.12727e+07 4.12727e+07 4.12727e+07 
4.12727e+07 4.12727e+07 4.12727e+07 4.12727e+07 4.12727e+07 4.12727e+07 4.12727e+07 4.12727e+07 4.12727e+07 4.12727e+07 
4.12727e+07 4.12727e+07 4.12727e+07 4.12727e+07 4.12727e+07 4.12727e+07 4.12727e+07 4.12727e+07 4.12727e+07 4.12727e+07 
4.12727e+07 4.12727e+07 4.12727e+07 4.12727e+07 4.12727e+07 4.12727e+07 4.12727e+07 4.12727e+07 4.12727e+07 4.12727e+07 
4.12727e+07 4.12727e+07 4.12727e+07 4.12727e+07 4.12727e+07 4.12727e+07 4.12727e+07 4.12727e+07 4.12727e+07 4.12727e+07 
4.12727e+07 4.12727e+07 4.12727e+07 4.12727e+07 4.12727e+07 4.12727e+07 4.12727e+07 4.12727e+07 4.12727e+07 4.12727e+07 
4.12727e+07 4.12727e+07 4.12727e+07 4.12727e+07 4.12727e+07 4.12727e+07 4.12727e+07 4.12727e+07 4.12727e+07 4.12727e+07 
4.12727e+07 4.12727e+07 4.12727e+07 4.12727e+07 4.12727e+07 4.12727e+07 4.12727e+07 4.12727e+07 4.12727e+07 4.12727e+07 
4.12727e+07 4.12727e+07 4.12727e+07 4.12727e+07 4.12727e+07 4.12727e+07 4.12727e+07 4.12727e+07 4.12727e+07 4.12727e+07 
4.12727e+07 4.12727e+07 4.12727e+07 4.12727e+07 4.12727e+07 4.12727e+07 4.12727e+07 4.12727e+07 4.12727e+07 4.12727e+07 
4.12727e+07 4.12727e+07 4.12727e+07 4.12727e+07 4.12727e+07 4.12727e+07 4.12727e+07 4.12727e+07 4.12727e+07 4.12727e+07 
4.12727e+07 4.12727e+07 4.12727e+07 4.12727e+07 4.12727e+07 4.12727e+07 4.12727e+07 4.12727e+07 4.12727e+07 4.12727e+07 
4.12727e+07 4.12727e+07 4.12727e+07 4.12727e+07 4.12727e+07 4.12727e+07 4.12727e+07 4.12727e+07 4.12727e+07 4.12727e+07 
4.12727e+07 4.12727e+07 4.12727e+07 4.12727e+07 4.12727e+07 4.12727e+07 4.12727e+07 4.12727e+07 4.12727e+07 4.12727e+07 
4.12727e+07 4.86497e+07 4.86497e+07 4.86497e+07 4.86497e+07 4.86497e+07 4.86497e+07 4.86497e+07 4.86497e+07 4.86497e+07 
4.86497e+07 4.86497e+07 4.86497e+07 4.86497e+07 4.86497e+07 4.86497e+07 4.86497e+07 4.86497e+07 4.86497e+07 4.86497e+07 
4.86497e+07 4.86497e+07 4.86497e+07 4.86497e+07 4.86497e+07 4.86497e+07 4.86497e+07 4.86497e+07 4.86497e+07 4.86497e+07 
4.86497e+07 4.86497e+07 4.86497e+07 4.86497e+07 4.86497e+07 4.86497e+07 4.86497e+07 4.86497e+07 4.86497e+07 4.86497e+07 
4.86497e+07 4.86497e+07 4.86497e+07 4.86497e+07 4.86497e+07 4.86497e+07 4.86497e+07 4.86497e+07 4.86497e+07 4.86497e+07 
4.86497e+07 4.86497e+07 4.86497e+07 4.86497e+07 4.86497e+07 4.86497e+07 4.86497e+07 4.86497e+07 4.86497e+07 4.86497e+07 
4.86497e+07 4.86497e+07 4.86497e+07 4.86497e+07 4.86497e+07 4.86497e+07 4.86497e+07 4.86497e+07 4.86497e+07 4.86497e+07 
4.86497e+07 4.86497e+07 4.86497e+07 4.86497e+07 4.86497e+07 4.86497e+07 4.86497e+07 4.86497e+07 4.86497e+07 4.86497e+07 
4.86497e+07 4.86497e+07 4.86497e+07 4.86497e+07 4.86497e+07 4.86497e+07 4.86497e+07 4.86497e+07 4.86497e+07 4.86497e+07 
4.86497e+07 4.86497e+07 4.86497e+07 4.86497e+07 4.86497e+07 4.86497e+07 4.86497e+07 4.86497e+07 4.86497e+07 4.86497e+07 
4.86497e+07 4.86497e+07 4.86497e+07 4.86497e+07 4.86497e+07 4.86497e+07 4.86497e+07 4.86497e+07 4.86497e+07 4.86497e+07 
4.86497e+07 4.86497e+07 4.86497e+07 4.86497e+07 4.86497e+07 4.86497e+07 4.86497e+07 4.86497e+07 4.86497e+07 4.86497e+07 
4.86497e+07 4.86497e+07 4.86497e+07 4.86497e+07 4.86497e+07 4.86497e+07 4.86497e+07 4.86497e+07 4.86497e+07 4.86497e+07 
4.86497e+07 4.86497e+07 4.86497e+07 4.86497e+07 4.86497e+07 4.86497e+07 4.86497e+07 4.86497e+07 4.86497e+07 4.86497e+07 
4.86497e+07 4.86497e+07 4.86497e+07 4.86497e+07 4.86497e+07 4.86497e+07 4.86497e+07 4.86497e+07 4.86497e+07 4.86497e+07 
4.86497e+07 4.86497e+07 4.86497e+07 4.86497e+07 4.86497e+07 4.86497e+07 4.86497e+07 4.86497e+07 4.86497e+07 4.86497e+07 
4.86497e+07 4.86497e+07 4.86497e+07 4.86497e+07 4.86497e+07 4.86497e+07 4.86497e+07 4.86497e+07 4.86497e+07 4.86497e+07 
4.86497e+07 4.86497e+07 4.86497e+07 4.86497e+07 4.86497e+07 4.86497e+07 4.86497e+07 4.86497e+07 4.86497e+07 4.86497e+07 
4.86497e+07 4.86497e+07 4.86497e+07 4.86497e+07 4.86497e+07 4.86497e+07 4.86497e+07 4.86497e+07 4.86497e+07 4.86497e+07 
4.86497e+07 4.86497e+07 4.86497e+07 4.86497e+07 4.86497e+07 4.86497e+07 4.86497e+07 3.97361e+07 3.97361e+07 3.97361e+07 
3.97361e+07 3.97361e+07 3.97361e+07 3.97361e+07 3.97361e+07 3.97361e+07 3.97361e+07 3.97361e+07 3.97361e+07 3.97361e+07 
3.97361e+07 3.97361e+07 3.97361e+07 3.97361e+07 3.97361e+07 3.97361e+07 3.97361e+07 3.97361e+07 3.97361e+07 3.97361e+07 
3.97361e+07 3.97361e+07 3.97361e+07 3.97361e+07 3.97361e+07 3.97361e+07 3.97361e+07 3.97361e+07 3.97361e+07 3.97361e+07 
3.97361e+07 3.97361e+07 3.97361e+07 3.97361e+07 3.97361e+07 3.97361e+07 3.97361e+07 3.97361e+07 3.97361e+07 3.97361e+07 
3.97361e+07 3.97361e+07 3.97361e+07 3.97361e+07 3.97361e+07 3.97361e+07 3.97361e+07 3.97361e+07 3.97361e+07 3.97361e+07 
3.97361e+07 3.97361e+07 3.97361e+07 3.97361e+07 3.97361e+07 3.97361e+07 3.97361e+07 3.97361e+07 3.97361e+07 3.97361e+07 
3.97361e+07 3.97361e+07 3.97361e+07 3.97361e+07 3.97361e+07 3.97361e+07 3.97361e+07 3.97361e+07 3.97361e+07 3.97361e+07 
3.97361e+07 3.97361e+07 3.97361e+07 3.97361e+07 3.97361e+07 3.97361e+07 3.97361e+07 3.97361e+07 3.97361e+07 3.97361e+07 
3.97361e+07 3.97361e+07 3.97361e+07 3.97361e+07 3.97361e+07 3.97361e+07 3.97361e+07 3.97361e+07 3.97361e+07 3.97361e+07 
3.97361e+07 3.97361e+07 3.97361e+07 3.97361e+07 3.97361e+07 3.97361e+07 3.97361e+07 3.97361e+07 3.97361e+07 3.97361e+07 
3.97361e+07 3.97361e+07 3.97361e+07 3.97361e+07 3.97361e+07 3.97361e+07 3.97361e+07 3.97361e+07 3.97361e+07 3.97361e+07 
3.97361e+07 3.97361e+07 3.97361e+07 3.97361e+07 3.97361e+07 3.97361e+07 3.97361e+07 3.97361e+07 3.97361e+07 3.97361e+07 
3.97361e+07 3.97361e+07 3.97361e+07 3.97361e+07 3.97361e+07 3.97361e+07 3.97361e+07 3.97361e+07 3.97361e+07 3.97361e+07 
3.97361e+07 3.97361e+07 3.97361e+07 3.97361e+07 3.97361e+07 3.97361e+07 3.97361e+07 3.97361e+07 3.97361e+07 3.97361e+07 
3.97361e+07 3.97361e+07 3.97361e+07 3.97361e+07 3.97361e+07 3.97361e+07 3.97361e+07 3.97361e+07 3.97361e+07 3.97361e+07 
3.97361e+07 3.97361e+07 3.97361e+07 3.97361e+07 3.97361e+07 3.97361e+07 3.97361e+07 3.97361e+07 3.97361e+07 3.97361e+07 
3.97361e+07 3.97361e+07 3.97361e+07 3.97361e+07 3.97361e+07 3.97361e+07 3.97361e+07 3.97361e+07 3.97361e+07 3.97361e+07 
3.97361e+07 3.97361e+07 3.97361e+07 3.97361e+07 3.97361e+07 3.97361e+07 3.97361e+07 3.97361e+07 3.97361e+07 3.97361e+07 
3.97361e+07 3.97361e+07 3.97361e+07 3.97361e+07 3.97361e+07 3.97361e+07 3.97361e+07 3.97361e+07 3.97361e+07 3.97361e+07 
3.97361e+07 3.97361e+07 3.97361e+07 3.97361e+07 3.97361e+07 3.97361e+07 3.97361e+07 3.97361e+07 3.97361e+07 3.97361e+07 
3.97361e+07 3.97361e+07 3.97361e+07 3.97361e+07 3.97361e+07 3.97361e+07 3.97361e+07 3.97361e+07 3.97361e+07 3.97361e+07 
3.97361e+07 3.97361e+07 3.97361e+07 3.97361e+07 3.97361e+07 3.97361e+07 3.97361e+07 3.97361e+07 3.97361e+07 3.97361e+07 
3.97361e+07 3.97361e+07 3.97361e+07 3.97361e+07 3.97361e+07 3.97361e+07 3.97361e+07 3.97361e+07 3.97361e+07 3.97361e+07 
3.97361e+07 3.97361e+07 3.97361e+07 3.97361e+07 3.97361e+07 3.97361e+07 3.97361e+07 3.97361e+07 3.97361e+07 3.97361e+07 
3.97361e+07 3.97361e+07 3.97361e+07 3.97361e+07 3.97361e+07 3.97361e+07 3.97361e+07 3.97361e+07 3.97361e+07 3.97361e+07 
3.97361e+07 3.97361e+07 3.97361e+07 3.97361e+07 3.97361e+07 3.97361e+07 3.97361e+07 3.97361e+07 3.97361e+07 3.97361e+07 
3.97361e+07 3.97361e+07 3.97361e+07 3.97361e+07 3.97361e+07 3.97361e+07 3.97361e+07 3.97361e+07 3.97361e+07 3.97361e+07 
3.97361e+07 3.97361e+07 3.97361e+07 3.97361e+07 3.97361e+07 3.97361e+07 3.97361e+07 3.97361e+07 3.97361e+07 3.97361e+07 
3.97361e+07 3.97361e+07 3.97361e+07 3.97361e+07 3.97361e+07 3.97361e+07 3.97361e+07 3.97361e+07 3.97361e+07 3.97361e+07 
3.97361e+07 3.97361e+07 3.97361e+07 3.97361e+07 3.97361e+07 3.97361e+07 3.97361e+07 3.97361e+07 3.97361e+07 3.97361e+07 
3.97361e+07 3.97361e+07 3.97361e+07 3.97361e+07 3.97361e+07 3.97361e+07 3.97361e+07 3.97361e+07 3.97361e+07 3.97361e+07 
3.97361e+07 3.97361e+07 3.97361e+07 3.97361e+07 3.97361e+07 3.97361e+07 3.97361e+07 3.97361e+07 3.97361e+07 3.97361e+07 
3.97361e+07 3.97361e+07 3.97361e+07 3.97361e+07 3.97361e+07 3.97361e+07 3.97361e+07 3.97361e+07 3.97361e+07 3.97361e+07 
3.97361e+07 3.97361e+07 3.97361e+07 3.97361e+07 3.97361e+07 3.97361e+07 3.97361e+07 3.97361e+07 3.97361e+07 3.97361e+07 
3.97361e+07 3.97361e+07 3.97361e+07 3.97361e+07 3.97361e+07 3.97361e+07 3.97361e+07 3.97361e+07 3.97361e+07 3.97361e+07 
3.97361e+07 3.97361e+07 3.97361e+07 3.97361e+07 3.97361e+07 3.97361e+07 3.97361e+07 3.97361e+07 3.97361e+07 3.97361e+07 
3.97361e+07 3.97361e+07 3.97361e+07 3.97361e+07 3.97361e+07 3.97361e+07 3.97361e+07 3.97361e+07 3.97361e+07 3.97361e+07 
3.97361e+07 3.97361e+07 3.97361e+07 3.97361e+07 3.97361e+07 3.97361e+07 3.97361e+07 3.97361e+07 3.97361e+07 3.97361e+07 
3.97361e+07 3.97361e+07 3.97361e+07 3.97361e+07 3.97361e+07 3.97361e+07 3.97361e+07 3.97361e+07 3.97361e+07 4.27074e+07 
4.27074e+07 4.27074e+07 4.27074e+07 4.27074e+07 4.27074e+07 4.27074e+07 4.27074e+07 4.27074e+07 4.27074e+07 4.27074e+07 
4.27074e+07 4.27074e+07 4.27074e+07 4.27074e+07 4.27074e+07 4.27074e+07 4.27074e+07 4.27074e+07 4.27074e+07 4.27074e+07 
4.27074e+07 4.27074e+07 4.27074e+07 4.27074e+07 4.27074e+07 4.27074e+07 4.27074e+07 4.27074e+07 4.27074e+07 4.27074e+07 
4.27074e+07 4.27074e+07 4.27074e+07 4.27074e+07 4.27074e+07 4.27074e+07 4.27074e+07 4.27074e+07 4.27074e+07 4.27074e+07 
4.27074e+07 4.27074e+07 4.27074e+07 4.27074e+07 4.27074e+07 4.27074e+07 4.27074e+07 4.27074e+07 4.27074e+07 4.27074e+07 
4.27074e+07 4.27074e+07 4.27074e+07 4.27074e+07 4.27074e+07 4.27074e+07 4.27074e+07 4.27074e+07 4.27074e+07 4.27074e+07 
4.27074e+07 4.27074e+07 4.27074e+07 4.27074e+07 4.27074e+07 4.27074e+07 4.27074e+07 4.27074e+07 4.27074e+07 4.27074e+07 
4.27074e+07 4.27074e+07 4.27074e+07 4.27074e+07 4.27074e+07 4.27074e+07 4.27074e+07 4.27074e+07 4.27074e+07 4.27074e+07 
4.27074e+07 4.27074e+07 4.27074e+07 4.27074e+07 4.27074e+07 4.27074e+07 4.27074e+07 4.27074e+07 4.27074e+07 4.27074e+07 
4.27074e+07 4.27074e+07 4.27074e+07 4.27074e+07 4.27074e+07 4.27074e+07 4.27074e+07 4.27074e+07 4.27074e+07 4.27074e+07 
4.27074e+07 4.27074e+07 4.27074e+07 4.27074e+07 4.27074e+07 4.27074e+07 4.27074e+07 4.27074e+07 4.27074e+07 4.27074e+07 
4.27074e+07 4.27074e+07 4.27074e+07 4.27074e+07 4.27074e+07 4.27074e+07 4.27074e+07 4.27074e+07 4.27074e+07 4.27074e+07 
4.27074e+07 4.27074e+07 4.27074e+07 4.27074e+07 4.27074e+07 4.27074e+07 4.27074e+07 4.27074e+07 4.27074e+07 4.27074e+07 
4.27074e+07 4.27074e+07 4.27074e+07 4.27074e+07 4.27074e+07 4.27074e+07 4.27074e+07 4.27074e+07 4.27074e+07 4.27074e+07 
4.27074e+07 4.27074e+07 4.27074e+07 4.27074e+07 4.27074e+07 4.27074e+07 4.27074e+07 4.27074e+07 4.27074e+07 4.27074e+07 
4.27074e+07 4.27074e+07 4.27074e+07 4.27074e+07 4.27074e+07 4.27074e+07 4.27074e+07 4.27074e+07 4.27074e+07 4.27074e+07 
4.27074e+07 4.27074e+07 4.27074e+07 4.27074e+07 4.27074e+07 4.27074e+07 4.27074e+07 4.27074e+07 4.27074e+07 4.27074e+07 
4.27074e+07 4.27074e+07 4.27074e+07 4.27074e+07 4.27074e+07 4.27074e+07 4.27074e+07 4.27074e+07 4.27074e+07 4.27074e+07 
4.27074e+07 4.27074e+07 4.27074e+07 4.27074e+07 4.27074e+07 4.27074e+07 4.27074e+07 4.27074e+07 4.27074e+07 4.27074e+07 
4.27074e+07 4.27074e+07 4.27074e+07 4.27074e+07 4.27074e+07 3.97361e+07 3.97361e+07 3.97361e+07 3.97361e+07 3.97361e+07 
3.97361e+07 3.97361e+07 3.97361e+07 3.97361e+07 3.97361e+07 3.97361e+07 3.97361e+07 3.97361e+07 3.97361e+07 3.97361e+07 
3.97361e+07 3.97361e+07 3.97361e+07 3.97361e+07 3.97361e+07 3.97361e+07 3.97361e+07 3.97361e+07 3.97361e+07 3.97361e+07 
3.97361e+07 3.97361e+07 3.97361e+07 3.97361e+07 3.97361e+07 3.97361e+07 3.97361e+07 3.97361e+07 3.97361e+07 3.97361e+07 
3.97361e+07 3.97361e+07 3.97361e+07 3.97361e+07 3.97361e+07 3.97361e+07 3.97361e+07 3.97361e+07 3.97361e+07 3.97361e+07 
3.97361e+07 3.97361e+07 3.97361e+07 3.97361e+07 3.97361e+07 3.97361e+07 3.97361e+07 3.97361e+07 3.97361e+07 3.97361e+07 
3.97361e+07 3.97361e+07 3.97361e+07 3.97361e+07 3.97361e+07 3.97361e+07 3.97361e+07 3.97361e+07 3.97361e+07 3.97361e+07 
3.97361e+07 3.97361e+07 3.97361e+07 3.97361e+07 3.97361e+07 3.97361e+07 3.97361e+07 3.97361e+07 3.97361e+07 3.97361e+07 
3.97361e+07 3.97361e+07 3.97361e+07 3.97361e+07 3.97361e+07 3.97361e+07 3.97361e+07 3.97361e+07 3.97361e+07 3.97361e+07 
3.97361e+07 3.97361e+07 3.97361e+07 3.97361e+07 3.97361e+07 3.97361e+07 3.97361e+07 3.97361e+07 3.97361e+07 3.97361e+07 
3.97361e+07 3.97361e+07 3.97361e+07 3.97361e+07 3.97361e+07 3.97361e+07 3.97361e+07 3.97361e+07 3.97361e+07 3.97361e+07 
3.97361e+07 3.97361e+07 3.97361e+07 3.97361e+07 3.97361e+07 3.97361e+07 3.97361e+07 3.97361e+07 3.97361e+07 3.97361e+07 
3.97361e+07 3.97361e+07 3.97361e+07 3.97361e+07 3.97361e+07 3.97361e+07 3.97361e+07 3.97361e+07 3.97361e+07 3.97361e+07 
3.97361e+07 3.97361e+07 3.97361e+07 3.97361e+07 3.97361e+07 3.97361e+07 3.97361e+07 3.97361e+07 3.97361e+07 3.97361e+07 
3.97361e+07 3.97361e+07 3.97361e+07 3.97361e+07 3.97361e+07 3.97361e+07 3.97361e+07 3.97361e+07 3.97361e+07 3.97361e+07 
3.97361e+07 3.97361e+07 3.97361e+07 3.97361e+07 3.97361e+07 3.97361e+07 3.97361e+07 3.97361e+07 3.97361e+07 3.97361e+07 
3.97361e+07 3.97361e+07 3.97361e+07 3.97361e+07 3.97361e+07 3.97361e+07 3.97361e+07 3.97361e+07 3.97361e+07 3.97361e+07 
3.97361e+07 3.97361e+07 3.97361e+07 3.97361e+07 3.97361e+07 3.97361e+07 3.97361e+07 3.97361e+07 3.97361e+07 3.97361e+07 
3.97361e+07 3.97361e+07 3.97361e+07 3.97361e+07 3.97361e+07 3.97361e+07 3.97361e+07 3.97361e+07 3.97361e+07 3.97361e+07 
3.97361e+07 3.97361e+07 3.97361e+07 3.97361e+07 3.97361e+07 3.97361e+07 3.97361e+07 3.97361e+07 3.97361e+07 3.97361e+07 
3.97361e+07 3.82504e+07 3.82504e+07 3.82504e+07 3.82504e+07 3.82504e+07 3.82504e+07 3.82504e+07 3.82504e+07 3.82504e+07 
3.82504e+07 3.82504e+07 3.82504e+07 3.82504e+07 3.82504e+07 3.82504e+07 3.82504e+07 3.82504e+07 3.82504e+07 3.82504e+07 
3.82504e+07 3.82504e+07 3.82504e+07 3.82504e+07 3.82504e+07 3.82504e+07 3.82504e+07 3.82504e+07 3.82504e+07 3.82504e+07 
3.82504e+07 3.82504e+07 3.82504e+07 3.82504e+07 3.82504e+07 3.82504e+07 3.82504e+07 3.82504e+07 3.82504e+07 3.82504e+07 
3.82504e+07 3.82504e+07 3.82504e+07 3.82504e+07 3.82504e+07 3.82504e+07 3.82504e+07 3.82504e+07 3.82504e+07 3.82504e+07 
3.82504e+07 3.82504e+07 3.82504e+07 3.82504e+07 3.82504e+07 3.82504e+07 3.82504e+07 3.82504e+07 3.82504e+07 3.82504e+07 
3.82504e+07 3.82504e+07 3.82504e+07 3.82504e+07 3.82504e+07 3.82504e+07 3.82504e+07 3.82504e+07 3.82504e+07 3.82504e+07 
3.82504e+07 3.82504e+07 3.82504e+07 3.82504e+07 3.82504e+07 3.82504e+07 3.82504e+07 3.82504e+07 3.82504e+07 3.82504e+07 
3.82504e+07 3.82504e+07 3.82504e+07 3.82504e+07 3.82504e+07 3.82504e+07 3.82504e+07 3.82504e+07 3.82504e+07 3.82504e+07 
3.82504e+07 3.82504e+07 3.82504e+07 3.82504e+07 3.82504e+07 3.82504e+07 3.82504e+07 3.82504e+07 3.82504e+07 3.82504e+07 
3.82504e+07 3.82504e+07 3.82504e+07 3.82504e+07 3.82504e+07 3.82504e+07 3.82504e+07 3.82504e+07 3.82504e+07 3.82504e+07 
3.82504e+07 3.82504e+07 3.82504e+07 3.82504e+07 3.82504e+07 3.82504e+07 3.82504e+07 3.82504e+07 3.82504e+07 3.82504e+07 
3.82504e+07 3.82504e+07 3.82504e+07 3.82504e+07 3.82504e+07 3.82504e+07 3.82504e+07 3.82504e+07 3.82504e+07 3.82504e+07 
3.82504e+07 3.82504e+07 3.82504e+07 3.82504e+07 3.82504e+07 3.82504e+07 3.82504e+07 3.82504e+07 3.82504e+07 3.82504e+07 
3.82504e+07 3.82504e+07 3.82504e+07 3.82504e+07 3.82504e+07 3.82504e+07 3.82504e+07 3.82504e+07 3.82504e+07 3.82504e+07 
3.82504e+07 3.82504e+07 3.82504e+07 3.82504e+07 3.82504e+07 3.82504e+07 3.82504e+07 3.82504e+07 3.82504e+07 3.82504e+07 
3.82504e+07 3.82504e+07 3.82504e+07 3.82504e+07 3.82504e+07 3.82504e+07 3.82504e+07 3.82504e+07 3.82504e+07 3.82504e+07 
3.82504e+07 3.82504e+07 3.82504e+07 3.82504e+07 3.82504e+07 3.82504e+07 3.82504e+07 3.82504e+07 3.82504e+07 3.82504e+07 
3.82504e+07 3.82504e+07 3.82504e+07 3.82504e+07 3.82504e+07 3.82504e+07 3.82504e+07 3.82504e+07 3.82504e+07 3.82504e+07 
3.82504e+07 3.82504e+07 3.82504e+07 3.82504e+07 3.82504e+07 3.82504e+07 3.82504e+07 4.27073e+07 4.27073e+07 4.27073e+07 
4.27073e+07 4.27073e+07 4.27073e+07 4.27073e+07 4.27073e+07 4.27073e+07 4.27073e+07 4.27073e+07 4.27073e+07 4.27073e+07 
4.27073e+07 4.27073e+07 4.27073e+07 4.27073e+07 4.27073e+07 4.27073e+07 4.27073e+07 4.27073e+07 4.27073e+07 4.27073e+07 
4.27073e+07 4.27073e+07 4.27073e+07 4.27073e+07 4.27073e+07 4.27073e+07 4.27073e+07 4.27073e+07 4.27073e+07 4.27073e+07 
4.27073e+07 4.27073e+07 4.27073e+07 4.27073e+07 4.27073e+07 4.27073e+07 4.27073e+07 4.27073e+07 4.27073e+07 4.27073e+07 
4.27073e+07 4.27073e+07 4.27073e+07 4.27073e+07 4.27073e+07 4.27073e+07 4.27073e+07 4.27073e+07 4.27073e+07 4.27073e+07 
4.27073e+07 4.27073e+07 4.27073e+07 4.27073e+07 4.27073e+07 4.27073e+07 4.27073e+07 4.27073e+07 4.27073e+07 4.27073e+07 
4.27073e+07 4.27073e+07 4.27073e+07 4.27073e+07 4.27073e+07 4.27073e+07 4.27073e+07 4.27073e+07 4.27073e+07 4.27073e+07 
4.27073e+07 4.27073e+07 4.27073e+07 4.27073e+07 4.27073e+07 4.27073e+07 4.27073e+07 4.27073e+07 4.27073e+07 4.27073e+07 
4.27073e+07 4.27073e+07 4.27073e+07 4.27073e+07 4.27073e+07 4.27073e+07 4.27073e+07 4.27073e+07 4.27073e+07 4.27073e+07 
4.27073e+07 4.27073e+07 4.27073e+07 4.27073e+07 4.27073e+07 4.27073e+07 4.27073e+07 4.27073e+07 4.27073e+07 4.27073e+07 
4.27073e+07 4.27073e+07 4.27073e+07 4.27073e+07 4.27073e+07 4.27073e+07 4.27073e+07 4.27073e+07 4.27073e+07 4.27073e+07 
4.27073e+07 4.27073e+07 4.27073e+07 4.27073e+07 4.27073e+07 4.27073e+07 4.27073e+07 4.27073e+07 4.27073e+07 4.27073e+07 
4.27073e+07 4.27073e+07 4.27073e+07 4.27073e+07 4.27073e+07 4.27073e+07 4.27073e+07 4.27073e+07 4.27073e+07 4.27073e+07 
4.27073e+07 4.27073e+07 4.27073e+07 4.27073e+07 4.27073e+07 4.27073e+07 4.27073e+07 4.27073e+07 4.27073e+07 4.27073e+07 
4.27073e+07 4.27073e+07 4.27073e+07 4.27073e+07 4.27073e+07 4.27073e+07 4.27073e+07 4.27073e+07 4.27073e+07 4.27073e+07 
4.27073e+07 4.27073e+07 4.27073e+07 4.27073e+07 4.27073e+07 4.27073e+07 4.27073e+07 4.27073e+07 4.27073e+07 4.27073e+07 
4.27073e+07 4.27073e+07 4.27073e+07 4.27073e+07 4.27073e+07 4.27073e+07 4.27073e+07 4.27073e+07 4.27073e+07 4.27073e+07 
4.27073e+07 4.27073e+07 4.27073e+07 4.27073e+07 4.27073e+07 4.27073e+07 4.27073e+07 4.27073e+07 4.27073e+07 4.27073e+07 
4.27073e+07 4.27073e+07 4.27073e+07 4.27073e+07 4.27073e+07 4.27073e+07 4.27073e+07 4.27073e+07 4.27073e+07 4.27073e+07 
4.27073e+07 4.27073e+07 4.27073e+07 SCALARS Tau_MPa float 1
LOOKUP_TABLE default
14.5626 14.5626 14.5626 14.5626 14.5626 14.5626 14.5626 14.5626 14.5626 
14.5626 14.5626 14.5626 14.5626 14.5626 14.5626 14.5626 14.5626 14.5626 14.5626 
14.5626 14.5626 14.5626 14.5626 14.5626 14.5626 14.5626 14.5626 14.5626 14.5626 
14.5626 14.5626 14.5626 14.5626 14.5626 14.5626 14.5626 14.5626 14.5626 14.5626 
14.5626 14.5626 14.5626 14.5626 14.5626 14.5626 14.5626 14.5626 14.5626 14.5626 
14.5626 14.5626 14.5626 14.5626 14.5626 14.5626 14.5626 14.5626 14.5626 14.5626 
14.5626 14.5626 14.5626 14.5626 14.5626 14.5626 14.5626 14.5626 14.5626 14.5626 
14.5626 14.5626 14.5626 14.5626 14.5626 14.5626 14.5626 14.5626 14.5626 14.5626 
14.5626 14.5626 14.5626 14.5626 14.5626 14.5626 14.5626 14.5626 14.5626 14.5626 
14.5626 14.5626 14.5626 14.5626 14.5626 14.5626 14.5626 14.5626 14.5626 14.5626 
14.5626 14.5626 14.5626 14.5626 14.5626 14.5626 14.5626 14.5626 14.5626 14.5626 
14.5626 14.5626 14.5626 14.5626 14.5626 14.5626 14.5626 14.5626 14.5626 14.5626 
14.5626 14.5626 14.5626 14.5626 14.5626 14.5626 14.5626 14.5626 14.5626 14.5626 
14.5626 14.5626 14.5626 14.5626 14.5626 14.5626 14.5626 14.5626 14.5626 14.5626 
14.5626 14.5626 14.5626 14.5626 14.5626 14.5626 14.5626 14.5626 14.5626 14.5626 
14.5626 14.5626 14.5626 14.5626 14.5626 14.5626 14.5626 14.5626 14.5626 14.5626 
14.5626 14.5626 14.5626 14.5626 14.5626 14.5626 14.5626 14.5626 14.5626 14.5626 
14.5626 14.5626 14.5626 14.5626 14.5626 14.5626 14.5626 14.5626 14.5626 14.5626 
14.5626 14.5626 14.5626 14.5626 14.5626 14.5626 14.5626 14.5626 14.5626 14.5626 
14.5626 14.5626 14.5626 14.5626 14.5626 14.5626 14.5626 12.3758 12.3758 12.3758 
12.3758 12.3758 12.3758 12.3758 12.3758 12.3758 12.3758 12.3758 12.3758 12.3758 
12.3758 12.3758 12.3758 12.3758 12.3758 12.3758 12.3758 12.3758 12.3758 12.3758 
12.3758 12.3758 12.3758 12.3758 12.3758 12.3758 12.3758 12.3758 12.3758 12.3758 
12.3758 12.3758 12.3758 12.3758 12.3758 12.3758 12.3758 12.3758 12.3758 12.3758 
12.3758 12.3758 12.3758 12.3758 12.3758 12.3758 12.3758 12.3758 12.3758 12.3758 
12.3758 12.3758 12.3758 12.3758 12.3758 12.3758 12.3758 12.3758 12.3758 12.3758 
12.3758 12.3758 12.3758 12.3758 12.3758 12.3758 12.3758 12.3758 12.3758 12.3758 
12.3758 12.3758 12.3758 12.3758 12.3758 12.3758 12.3758 12.3758 12.3758 12.3758 
12.3758 12.3758 12.3758 12.3758 12.3758 12.3758 12.3758 12.3758 12.3758 12.3758 
12.3758 12.3758 12.3758 12.3758 12.3758 12.3758 12.3758 12.3758 12.3758 12.3758 
12.3758 12.3758 12.3758 12.3758 12.3758 12.3758 12.3758 12.3758 12.3758 12.3758 
12.3758 12.3758 12.3758 12.3758 12.3758 12.3758 12.3758 12.3758 12.3758 12.3758 
12.3758 12.3758 12.3758 12.3758 12.3758 12.3758 12.3758 12.3758 12.3758 12.3758 
12.3758 12.3758 12.3758 12.3758 12.3758 12.3758 12.3758 12.3758 12.3758 12.3758 
12.3758 12.3758 12.3758 12.3758 12.3758 12.3758 12.3758 12.3758 12.3758 12.3758 
12.3758 12.3758 12.3758 12.3758 12.3758 12.3758 12.3758 12.3758 12.3758 12.3758 
12.3758 12.3758 12.3758 12.3758 12.3758 12.3758 12.3758 12.3758 12.3758 12.3758 
12.3758 12.3758 12.3758 12.3758 12.3758 12.3758 12.3758 12.3758 12.3758 12.3758 
12.3758 12.3758 12.3758 12.3758 12.3758 12.3758 12.3758 12.3758 12.3758 12.3758 
12.3758 12.3758 12.3758 9.17343 9.17343 9.17343 9.17343 9.17343 9.17343 9.17343 
9.17343 9.17343 9.17343 9.17343 9.17343 9.17343 9.17343 9.17343 9.17343 9.17343 
9.17343 9.17343 9.17343 9.17343 9.17343 9.17343 9.17343 9.17343 9.17343 9.17343 
9.17343 9.17343 9.17343 9.17343 9.17343 9.17343 9.17343 9.17343 9.17343 9.17343 
9.17343 9.17343 9.17343 9.17343 9.17343 9.17343 9.17343 9.17343 9.17343 9.17343 
9.17343 9.17343 9.17343 9.17343 9.17343 9.17343 9.17343 9.17343 9.17343 9.17343 
9.17343 9.17343 9.17343 9.17343 9.17343 9.17343 9.17343 9.17343 9.17343 9.17343 
9.17343 9.17343 9.17343 9.17343 9.17343 9.17343 9.17343 9.17343 9.17343 9.17343 
9.17343 9.17343 9.17343 9.17343 9.17343 9.17343 9.17343 9.17343 9.17343 9.17343 
9.17343 9.17343 9.17343 9.17343 9.17343 9.17343 9.17343 9.17343 9.17343 9.17343 
9.17343 9.17343 9.17343 9.17343 9.17343 9.17343 9.17343 9.17343 9.17343 9.17343 
9.17343 9.17343 9.17343 9.17343 9.17343 9.17343 9.17343 9.17343 9.17343 9.17343 
9.17343 9.17343 9.17343 9.17343 9.17343 9.17343 9.17343 9.17343 9.17343 9.17343 
9.17343 9.17343 9.17343 9.17343 9.17343 9.17343 9.17343 9.17343 9.17343 9.17343 
9.17343 9.17343 9.17343 9.17343 9.17343 9.17343 9.17343 9.17343 9.17343 9.17343 
9.17343 9.17343 9.17343 9.17343 9.17343 9.17343 9.17343 9.17343 9.17343 9.17343 
9.17343 9.17343 9.17343 9.17343 9.17343 9.17343 9.17343 9.17343 9.17343 9.17343 
9.17343 9.17343 9.17343 9.17343 9.17343 9.17343 9.17343 9.17343 9.17343 9.17343 
9.17343 9.17343 9.17343 9.17343 9.17343 9.17343 9.17343 9.17343 9.17343 9.17343 
9.17343 9.17343 9.17343 9.17343 9.17343 9.17343 9.17343 9.17343 9.17343 4.31871 
4.31871 4.31871 4.31871 4.31871 4.31871 4.31871 4.31871 4.31871 4.31871 4.31871 
4.31871 4.31871 4.31871 4.31871 4.31871 4.31871 4.31871 4.31871 4.31871 4.31871 
4.31871 4.31871 4.31871 4.31871 4.31871 4.31871 4.31871 4.31871 4.31871 4.31871 
4.31871 4.31871 4.31871 4.31871 4.31871 4.31871 4.31871 4.31871 4.31871 4.31871 
4.31871 4.31871 4.31871 4.31871 4.31871 4.31871 4.31871 4.31871 4.31871 4.31871 
4.31871 4.31871 4.31871 4.31871 4.31871 4.31871 4.31871 4.31871 4.31871 4.31871 
4.31871 4.31871 4.31871 4.31871 4.31871 4.31871 4.31871 4.31871 4.31871 4.31871 
4.31871 4.31871 4.31871 4.31871 4.31871 4.31871 4.31871 4.31871 4.31871 4.31871 
4.31871 4.31871 4.31871 4.31871 4.31871 4.31871 4.31871 4.31871 4.31871 4.31871 
4.31871 4.31871 4.31871 4.31871 4.31871 4.31871 4.31871 4.31871 4.31871 4.31871 
4.31871 4.31871 4.31871 4.31871 4.31871 4.31871 4.31871 4.31871 4.31871 4.31871 
4.31871 4.31871 4.31871 4.31871 4.31871 4.31871 4.31871 4.31871 4.31871 4.31871 
4.31871 4.31871 4.31871 4.31871 4.31871 4.31871 4.31871 4.31871 4.31871 4.31871 
4.31871 4.31871 4.31871 4.31871 4.31871 4.31871 4.31871 4.31871 4.31871 4.31871 
4.31871 4.31871 4.31871 4.31871 4.31871 4.31871 4.31871 4.31871 4.31871 4.31871 
4.31871 4.31871 4.31871 4.31871 4.31871 4.31871 4.31871 4.31871 4.31871 4.31871 
4.31871 4.31871 4.31871 4.31871 4.31871 4.31871 4.31871 4.31871 4.31871 4.31871 
4.31871 4.31871 4.31871 4.31871 4.31871 4.31871 4.31871 4.31871 4.31871 4.31871 
4.31871 4.31871 4.31871 4.31871 4.31871 4.31871 4.31871 4.31871 4.31871 4.31871 
4.31871 4.31871 4.31871 4.31871 4.31871 2.23902 2.23902 2.23902 2.23902 2.23902 
2.23902 2.23902 2.23902 2.23902 2.23902 2.23902 2.23902 2.23902 2.23902 2.23902 
2.23902 2.23902 2.23902 2.23902 2.23902 2.23902 2.23902 2.23902 2.23902 2.23902 
2.23902 2.23902 2.23902 2.23902 2.23902 2.23902 2.23902 2.23902 2.23902 2.23902 
2.23902 2.23902 2.23902 2.23902 2.23902 2.23902 2.23902 2.23902 2.23902 2.23902 
2.23902 2.23902 2.23902 2.23902 2.23902 2.23902 2.23902 2.23902 2.23902 2.23902 
2.23902 2.23902 2.23902 2.23902 2.23902 2.23902 2.23902 2.23902 2.23902 2.23902 
2.23902 2.23902 2.23902 2.23902 2.23902 2.23902 2.23902 2.23902 2.23902 2.23902 
2.23902 2.23902 2.23902 2.23902 2.23902 2.23902 2.23902 2.23902 2.23902 2.23902 
2.23902 2.23902 2.23902 2.23902 2.23902 2.23902 2.23902 2.23902 2.23902 2.23902 
2.23902 2.23902 2.23902 2.23902 2.23902 2.23902 2.23902 2.23902 2.23902 2.23902 
2.23902 2.23902 2.23902 2.23902 2.23902 2.23902 2.23902 2.23902 2.23902 2.23902 
2.23902 2.23902 2.23902 2.23902 2.23902 2.23902 2.23902 2.23902 2.23902 2.23902 
2.23902 2.23902 2.23902 2.23902 2.23902 2.23902 2.23902 2.23902 2.23902 2.23902 
2.23902 2.23902 2.23902 2.23902 2.23902 2.23902 2.23902 2.23902 2.23902 2.23902 
2.23902 2.23902 2.23902 2.23902 2.23902 2.23902 2.23902 2.23902 2.23902 2.23902 
2.23902 2.23902 2.23902 2.23902 2.23902 2.23902 2.23902 2.23902 2.23902 2.23902 
2.23902 2.23902 2.23902 2.23902 2.23902 2.23902 2.23902 2.23902 2.23902 2.23902 
2.23902 2.23902 2.23902 2.23902 2.23902 2.23902 2.23902 2.23902 2.23902 2.23902 
2.23902 2.23902 2.23902 2.23902 2.23902 2.23902 2.23902 2.23902 2.23902 2.23902 
2.23902 0.9332 0.9332 0.9332 0.9332 0.9332 0.9332 0.9332 0.9332 0.9332 
0.9332 0.9332 0.9332 0.9332 0.9332 0.9332 0.9332 0.9332 0.9332 0.9332 
0.9332 0.9332 0.9332 0.9332 0.9332 0.9332 0.9332 0.9332 0.9332 0.9332 
0.9332 0.9332 0.9332 0.9332 0.9332 0.9332 0.9332 0.9332 0.9332 0.9332 
0.9332 0.9332 0.9332 0.9332 0.9332 0.9332 0.9332 0.9332 0.9332 0.9332 
0.9332 0.9332 0.9332 0.9332 0.9332 0.9332 0.9332 0.9332 0.9332 0.9332 
0.9332 0.9332 0.9332 0.9332 0.9332 0.9332 0.9332 0.9332 0.9332 0.9332 
0.9332 0.9332 0.9332 0.9332 0.9332 0.9332 0.9332 0.9332 0.9332 0.9332 
0.9332 0.9332 0.9332 0.9332 0.9332 0.9332 0.9332 0.9332 0.9332 0.9332 
0.9332 0.9332 0.9332 0.9332 0.9332 0.9332 0.9332 0.9332 0.9332 0.9332 
0.9332 0.9332 0.9332 0.9332 0.9332 0.9332 0.9332 0.9332 0.9332 0.9332 
0.9332 0.9332 0.9332 0.9332 0.9332 0.9332 0.9332 0.9332 0.9332 0.9332 
0.9332 0.9332 0.9332 0.9332 0.9332 0.9332 0.9332 0.9332 0.9332 0.9332 
0.9332 0.9332 0.9332 0.9332 0.9332 0.9332 0.9332 0.9332 0.9332 0.9332 
0.9332 0.9332 0.9332 0.9332 0.9332 0.9332 0.9332 0.9332 0.9332 0.9332 
0.9332 0.9332 0.9332 0.9332 0.9332 0.9332 0.9332 0.9332 0.9332 0.9332 
0.9332 0.9332 0.9332 0.9332 0.9332 0.9332 0.9332 0.9332 0.9332 0.9332 
0.9332 0.9332 0.9332 0.9332 0.9332 0.9332 0.9332 0.9332 0.9332 0.9332 
0.9332 0.9332 0.9332 0.9332 0.9332 0.9332 0.9332 0.9332 0.9332 0.9332 
0.9332 0.9332 0.9332 0.9332 0.9332 0.9332 0.9332 0.600344 0.600344 0.600344 
0.600344 0.600344 0.600344 0.600344 0.600344 0.600344 0.600344 0.600344 0.600344 0.600344 
0.600344 0.600344 0.600344 0.600344 0.600344 0.600344 0.600344 0.600344 0.600344 0.600344 
0.600344 0.600344 0.600344 0.600344 0.600344 0.600344 0.600344 0.600344 0.600344 0.600344 
0.600344 0.600344 0.600344 0.600344 0.600344 0.600344 0.600344 0.600344 0.600344 0.600344 
0.600344 0.600344 0.600344 0.600344 0.600344 0.600344 0.600344 0.600344 0.600344 0.600344 
0.600344 0.600344 0.600344 0.600344 0.600344 0.600344 0.600344 0.600344 0.600344 0.600344 
0.600344 0.600344 0.600344 0.600344 0.600344 0.600344 0.600344 0.600344 0.600344 0.600344 
0.600344 0.600344 0.600344 0.600344 0.600344 0.600344 0.600344 0.600344 0.600344 0.600344 
0.600344 0.600344 0.600344 0.600344 0.600344 0.600344 0.600344 0.600344 0.600344 0.600344 
0.600344 0.600344 0.600344 0.600344 0.600344 0.600344 0.600344 0.600344 0.600344 0.600344 
0.600344 0.600344 0.600344 0.600344 0.600344 0.600344 0.600344 0.600344 0.600344 0.600344 
0.600344 0.600344 0.600344 0.600344 0.600344 0.600344 0.600344 0.600344 0.600344 0.600344 
0.600344 0.600344 0.600344 0.600344 0.600344 0.600344 0.600344 0.600344 0.600344 0.600344 
0.600344 0.600344 0.600344 0.600344 0.600344 0.600344 0.600344 0.600344 0.600344 0.600344 
0.600344 0.600344 0.600344 0.600344 0.600344 0.600344 0.600344 0.600344 0.600344 0.600344 
0.600344 0.600344 0.600344 0.600344 0.600344 0.600344 0.600344 0.600344 0.600344 0.600344 
0.600344 0.600344 0.600344 0.600344 0.600344 0.600344 0.600344 0.600344 0.600344 0.600344 
0.600344 0.600344 0.600344 0.600344 0.600344 0.600344 0.600344 0.600344 0.600344 0.600344 
0.600344 0.600344 0.600344 0.600344 0.600344 0.600344 0.600344 0.600344 0.600344 0.600344 
0.600344 0.600344 0.600344 0.430705 0.430705 0.430705 0.430705 0.430705 0.430705 0.430705 
0.430705 0.430705 0.430705 0.430705 0.430705 0.430705 0.430705 0.430705 0.430705 0.430705 
0.430705 0.430705 0.430705 0.430705 0.430705 0.430705 0.430705 0.430705 0.430705 0.430705 
0.430705 0.430705 0.430705 0.430705 0.430705 0.430705 0.430705 0.430705 0.430705 0.430705 
0.430705 0.430705 0.430705 0.430705 0.430705 0.430705 0.430705 0.430705 0.430705 0.430705 
0.430705 0.430705 0.430705 0.430705 0.430705 0.430705 0.430705 0.430705 0.430705 0.430705 
0.430705 0.430705 0.430705 0.430705 0.430705 0.430705 0.430705 0.430705 0.430705 0.430705 
0.430705 0.430705 0.430705 0.430705 0.430705 0.430705 0.430705 0.430705 0.430705 0.430705 
0.430705 0.430705 0.430705 0.430705 0.430705 0.430705 0.430705 0.430705 0.430705 0.430705 
0.430705 0.430705 0.430705 0.430705 0.430705 0.430705 0.430705 0.430705 0.430705 0.430705 
0.430705 0.430705 0.430705 0.430705 0.430705 0.430705 0.430705 0.430705 0.430705 0.430705 
0.430705 0.430705 0.430705 0.430705 0.430705 0.430705 0.430705 0.430705 0.430705 0.430705 
0.430705 0.430705 0.430705 0.430705 0.430705 0.430705 0.430705 0.430705 0.430705 0.430705 
0.430705 0.430705 0.430705 0.430705 0.430705 0.430705 0.430705 0.430705 0.430705 0.430705 
0.430705 0.430705 0.430705 0.430705 0.430705 0.430705 0.430705 0.430705 0.430705 0.430705 
0.430705 0.430705 0.430705 0.430705 0.430705 0.430705 0.430705 0.430705 0.430705 0.430705 
0.430705 0.430705 0.430705 0.430705 0.430705 0.430705 0.430705 0.430705 0.430705 0.430705 
0.430705 0.430705 0.430705 0.430705 0.430705 0.430705 0.430705 0.430705 0.430705 0.430705 
0.430705 0.430705 0.430705 0.430705 0.430705 0.430705 0.430705 0.430705 0.430705 0.430705 
0.430705 0.430705 0.430705 0.430705 0.430705 0.430705 0.430705 0.430705 0.430705 0.546472 
0.546472 0.546472 0.546472 0.546472 0.546472 0.546472 0.546472 0.546472 0.546472 0.546472 
0.546472 0.546472 0.546472 0.546472 0.546472 0.546472 0.546472 0.546472 0.546472 0.546472 
0.546472 0.546472 0.546472 0.546472 0.546472 0.546472 0.546472 0.546472 0.546472 0.546472 
0.546472 0.546472 0.546472 0.546472 0.546472 0.546472 0.546472 0.546472 0.546472 0.546472 
0.546472 0.546472 0.546472 0.546472 0.546472 0.546472 0.546472 0.546472 0.546472 0.546472 
0.546472 0.546472 0.546472 0.546472 0.546472 0.546472 0.546472 0.546472 0.546472 0.546472 
0.546472 0.546472 0.546472 0.546472 0.546472 0.546472 0.546472 0.546472 0.546472 0.546472 
0.546472 0.546472 0.546472 0.546472 0.546472 0.546472 0.546472 0.546472 0.546472 0.546472 
0.546472 0.546472 0.546472 0.546472 0.546472 0.546472 0.546472 0.546472 0.546472 0.546472 
0.546472 0.546472 0.546472 0.546472 0.546472 0.546472 0.546472 0.546472 0.546472 0.546472 
0.546472 0.546472 0.546472 0.546472 0.546472 0.546472 0.546472 0.546472 0.546472 0.546472 
0.546472 0.546472 0.546472 0.546472 0.546472 0.546472 0.546472 0.546472 0.546472 0.546472 
0.546472 0.546472 0.546472 0.546472 0.546472 0.546472 0.546472 0.546472 0.546472 0.546472 
0.546472 0.546472 0.546472 0.546472 0.546472 0.546472 0.546472 0.546472 0.546472 0.546472 
0.546472 0.546472 0.546472 0.546472 0.546472 0.546472 0.546472 0.546472 0.546472 0.546472 
0.546472 0.546472 0.546472 0.546472 0.546472 0.546472 0.546472 0.546472 0.546472 0.546472 
0.546472 0.546472 0.546472 0.546472 0.546472 0.546472 0.546472 0.546472 0.546472 0.546472 
0.546472 0.546472 0.546472 0.546472 0.546472 0.546472 0.546472 0.546472 0.546472 0.546472 
0.546472 0.546472 0.546472 0.546472 0.546472 0.546472 0.546472 0.546472 0.546472 0.546472 
0.546472 0.546472 0.546472 0.546472 0.546472 0.336796 0.336796 0.336796 0.336796 0.336796 
0.336796 0.336796 0.336796 0.336796 0.336796 0.336796 0.336796 0.336796 0.336796 0.336796 
0.336796 0.336796 0.336796 0.336796 0.336796 0.336796 0.336796 0.336796 0.336796 0.336796 
0.336796 0.336796 0.336796 0.336796 0.336796 0.336796 0.336796 0.336796 0.336796 0.336796 
0.336796 0.336796 0.336796 0.336796 0.336796 0.336796 0.336796 0.336796 0.336796 0.336796 
0.336796 0.336796 0.336796 0.336796 0.336796 0.336796 0.336796 0.336796 0.336796 0.336796 
0.336796 0.336796 0.336796 0.336796 0.336796 0.336796 0.336796 0.336796 0.336796 0.336796 
0.336796 0.336796 0.336796 0.336796 0.336796 0.336796 0.336796 0.336796 0.336796 0.336796 
0.336796 0.336796 0.336796 0.336796 0.336796 0.336796 0.336796 0.336796 0.336796 0.336796 
0.336796 0.336796 0.336796 0.336796 0.336796 0.336796 0.336796 0.336796 0.336796 0.336796 
0.336796 0.336796 0.336796 0.336796 0.336796 0.336796 0.336796 0.336796 0.336796 0.336796 
0.336796 0.336796 0.336796 0.336796 0.336796 0.336796 0.336796 0.336796 0.336796 0.336796 
0.336796 0.336796 0.336796 0.336796 0.336796 0.336796 0.336796 0.336796 0.336796 0.336796 
0.336796 0.336796 0.336796 0.336796 0.336796 0.336796 0.336796 0.336796 0.336796 0.336796 
0.336796 0.336796 0.336796 0.336796 0.336796 0.336796 0.336796 0.336796 0.336796 0.336796 
0.336796 0.336796 0.336796 0.336796 0.336796 0.336796 0.336796 0.336796 0.336796 0.336796 
0.336796 0.336796 0.336796 0.336796 0.336796 0.336796 0.336796 0.336796 0.336796 0.336796 
0.336796 0.336796 0.336796 0.336796 0.336796 0.336796 0.336796 0.336796 0.336796 0.336796 
0.336796 0.336796 0.336796 0.336796 0.336796 0.336796 0.336796 0.336796 0.336796 0.336796 
0.336796 0.336796 0.336796 0.336796 0.336796 0.336796 0.336796 0.336796 0.336796 0.336796 
0.336796 0.831872 0.831872 0.831872 0.831872 0.831872 0.831872 0.831872 0.831872 0.831872 
0.831872 0.831872 0.831872 0.831872 0.831872 0.831872 0.831872 0.831872 0.831872 0.831872 
0.831872 0.831872 0.831872 0.831872 0.831872 0.831872 0.831872 0.831872 0.831872 0.831872 
0.831872 0.831872 0.831872 0.831872 0.831872 0.831872 0.831872 0.831872 0.831872 0.831872 
0.831872 0.831872 0.831872 0.831872 0.831872 0.831872 0.831872 0.831872 0.831872 0.831872 
0.831872 0.831872 0.831872 0.831872 0.831872 0.831872 0.831872 0.831872 0.831872 0.831872 
0.831872 0.831872 0.831872 0.831872 0.831872 0.831872 0.831872 0.831872 0.831872 0.831872 
0.831872 0.831872 0.831872 0.831872 0.831872 0.831872 0.831872 0.831872 0.831872 0.831872 
0.831872 0.831872 0.831872 0.831872 0.831872 0.831872 0.831872 0.831872 0.831872 0.831872 
0.831872 0.831872 0.831872 0.831872 0.831872 0.831872 0.831872 0.831872 0.831872 0.831872 
0.831872 0.831872 0.831872 0.831872 0.831872 0.831872 0.831872 0.831872 0.831872 0.831872 
0.831872 0.831872 0.831872 0.831872 0.831872 0.831872 0.831872 0.831872 0.831872 0.831872 
0.831872 0.831872 0.831872 0.831872 0.831872 0.831872 0.831872 0.831872 0.831872 0.831872 
0.831872 0.831872 0.831872 0.831872 0.831872 0.831872 0.831872 0.831872 0.831872 0.831872 
0.831872 0.831872 0.831872 0.831872 0.831872 0.831872 0.831872 0.831872 0.831872 0.831872 
0.831872 0.831872 0.831872 0.831872 0.831872 0.831872 0.831872 0.831872 0.831872 0.831872 
0.831872 0.831872 0.831872 0.831872 0.831872 0.831872 0.831872 0.831872 0.831872 0.831872 
0.831872 0.831872 0.831872 0.831872 0.831872 0.831872 0.831872 0.831872 0.831872 0.831872 
0.831872 0.831872 0.831872 0.831872 0.831872 0.831872 0.831872 0.831872 0.831872 0.831872 
0.831872 0.831872 0.831872 0.831872 0.831872 0.831872 0.831872 0.354051 0.354051 0.354051 
0.354051 0.354051 0.354051 0.354051 0.354051 0.354051 0.354051 0.354051 0.354051 0.354051 
0.354051 0.354051 0.354051 0.354051 0.354051 0.354051 0.354051 0.354051 0.354051 0.354051 
0.354051 0.354051 0.354051 0.354051 0.354051 0.354051 0.354051 0.354051 0.354051 0.354051 
0.354051 0.354051 0.354051 0.354051 0.354051 0.354051 0.354051 0.354051 0.354051 0.354051 
0.354051 0.354051 0.354051 0.354051 0.354051 0.354051 0.354051 0.354051 0.354051 0.354051 
0.354051 0.354051 0.354051 0.354051 0.354051 0.354051 0.354051 0.354051 0.354051 0.354051 
0.354051 0.354051 0.354051 0.354051 0.354051 0.354051 0.354051 0.354051 0.354051 0.354051 
0.354051 0.354051 0.354051 0.354051 0.354051 0.354051 0.354051 0.354051 0.354051 0.354051 
0.354051 0.354051 0.354051 0.354051 0.354051 0.354051 0.354051 0.354051 0.354051 0.354051 
0.354051 0.354051 0.354051 0.354051 0.354051 0.354051 0.354051 0.354051 0.354051 0.354051 
0.354051 0.354051 0.354051 0.354051 0.354051 0.354051 0.354051 0.354051 0.354051 0.354051 
0.354051 0.354051 0.354051 0.354051 0.354051 0.354051 0.354051 0.354051 0.354051 0.354051 
0.354051 0.354051 0.354051 0.354051 0.354051 0.354051 0.354051 0.354051 0.354051 0.354051 
0.354051 0.354051 0.354051 0.354051 0.354051 0.354051 0.354051 0.354051 0.354051 0.354051 
0.354051 0.354051 0.354051 0.354051 0.354051 0.354051 0.354051 0.354051 0.354051 0.354051 
0.354051 0.354051 0.354051 0.354051 0.354051 0.354051 0.354051 0.354051 0.354051 0.354051 
0.354051 0.354051 0.354051 0.354051 0.354051 0.354051 0.354051 0.354051 0.354051 0.354051 
0.354051 0.354051 0.354051 0.354051 0.354051 0.354051 0.354051 0.354051 0.354051 0.354051 
0.354051 0.354051 0.354051 0.354051 0.354051 0.354051 0.354051 0.354051 0.354051 0.354051 
0.354051 0.354051 0.354051 SCALARS Mwmax float 1
LOOKUP_TABLE default
3.15776 3.15776 3.15776 3.15776 3.15776 3.15776 3.15776 3.15776 3.15776 
3.15776 3.15776 3.15776 3.15776 3.15776 3.15776 3.15776 3.15776 3.15776 3.15776 
3.15776 3.15776 3.15776 3.15776 3.15776 3.15776 3.15776 3.15776 3.15776 3.15776 
3.15776 3.15776 3.15776 3.15776 3.15776 3.15776 3.15776 3.15776 3.15776 3.15776 
3.15776 3.15776 3.15776 3.15776 3.15776 3.15776 3.15776 3.15776 3.15776 3.15776 
3.15776 3.15776 3.15776 3.15776 3.15776 3.15776 3.15776 3.15776 3.15776 3.15776 
3.15776 3.15776 3.15776 3.15776 3.15776 3.15776 3.15776 3.15776 3.15776 3.15776 
3.15776 3.15776 3.15776 3.15776 3.15776 3.15776 3.15776 3.15776 3.15776 3.15776 
3.15776 3.15776 3.15776 3.15776 3.15776 3.15776 3.15776 3.15776 3.15776 3.15776 
3.15776 3.15776 3.15776 3.15776 3.15776 3.15776 3.15776 3.15776 3.15776 3.15776 
3.15776 3.15776 3.15776 3.15776 3.15776 3.15776 3.15776 3.15776 3.15776 3.15776 
3.15776 3.15776 3.15776 3.15776 3.15776 3.15776 3.15776 3.15776 3.15776 3.15776 
3.15776 3.15776 3.15776 3.15776 3.15776 3.15776 3.15776 3.15776 3.15776 3.15776 
3.15776 3.15776 3.15776 3.15776 3.15776 3.15776 3.15776 3.15776 3.15776 3.15776 
3.15776 3.15776 3.15776 3.15776 3.15776 3.15776 3.15776 3.15776 3.15776 3.15776 
3.15776 3.15776 3.15776 3.15776 3.15776 3.15776 3.15776 3.15776 3.15776 3.15776 
3.15776 3.15776 3.15776 3.15776 3.15776 3.15776 3.15776 3.15776 3.15776 3.15776 
3.15776 3.15776 3.15776 3.15776 3.15776 3.15776 3.15776 3.15776 3.15776 3.15776 
3.15776 3.15776 3.15776 3.15776 3.15776 3.15776 3.15776 3.15776 3.15776 3.15776 
3.15776 3.15776 3.15776 3.15776 3.15776 3.15776 3.15776 -10 -10 -10 
-10 -10 -10 -10 -10 -10 -10 -10 -10 -10 
-10 -10 -10 -10 -10 -10 -10 -10 -10 -10 
-10 -10 -10 -10 -10 -10 -10 -10 -10 -10 
-10 -10 -10 -10 -10 -10 -10 -10 -10 -10 
-10 -10 -10 -10 -10 -10 -10 -10 -10 -10 
-10 -10 -10 -10 -10 -10 -10 -10 -10 -10 
-10 -10 -10 -10 -10 -10 -10 -10 -10 -10 
-10 -10 -10 -10 -10 -10 -10 -10 -10 -10 
-10 -10 -10 -10 -10 -10 -10 -10 -10 -10 
-10 -10 -10 -10 -10 -10 -10 -10 -10 -10 
-10 -10 -10 -10 -10 -10 -10 -10 -10 -10 
-10 -10 -10 -10 -10 -10 -10 -10 -10 -10 
-10 -10 -10 -10 -10 -10 -10 -10 -10 -10 
-10 -10 -10 -10 -10 -10 -10 -10 -10 -10 
-10 -10 -10 -10 -10 -10 -10 -10 -10 -10 
-10 -10 -10 -10 -10 -10 -10 -10 -10 -10 
-10 -10 -10 -10 -10 -10 -10 -10 -10 -10 
-10 -10 -10 -10 -10 -10 -10 -10 -10 -10 
-10 -10 -10 -10 -10 -10 -10 -10 -10 -10 
-10 -10 -10 -10 -10 -10 -10 -10 -10 -10 
-10 -10 -10 -10 -10 -10 -10 -10 -10 -10 
-10 -10 -10 -10 -10 -10 -10 -10 -10 -10 
-10 -10 -10 -10 -10 -10 -10 -10 -10 -10 
-10 -10 -10 -10 -10 -10 -10 -10 -10 -10 
-10 -10 -10 -10 -10 -10 -10 -10 -10 -10 
-10 -10 -10 -10 -10 -10 -10 -10 -10 -10 
-10 -10 -10 -10 -10 -10 -10 -10 -10 -10 
-10 -10 -10 -10 -10 -10 -10 -10 -10 -10 
-10 -10 -10 -10 -10 -10 -10 -10 -10 -10 
-10 -10 -10 -10 -10 -10 -10 -10 -10 -10 
-10 -10 -10 -10 -10 -10 -10 -10 -10 -10 
-10 -10 -10 -10 -10 -10 -10 -10 -10 -10 
-10 -10 -10 -10 -10 -10 -10 -10 -10 -10 
-10 -10 -10 -10 -10 -10 -10 -10 -10 -10 
-10 -10 -10 -10 -10 -10 -10 -10 -10 -10 
-10 -10 -10 -10 -10 -10 -10 -10 -10 -10 
-10 -10 -10 -10 -10 -10 -10 -10 -10 -10 
-10 -10 -10 -10 -10 -10 -10 -10 -10 -10 
-10 -10 -10 -10 -10 -10 -10 -10 -10 -10 
-10 -10 -10 -10 -10 -10 -10 -10 -10 -10 
-10 -10 -10 -10 -10 -10 -10 -10 -10 -10 
-10 -10 -10 -10 -10 -10 -10 -10 -10 -10 
-10 -10 -10 -10 -10 -10 -10 -10 -10 -10 
-10 -10 -10 -10 -10 -10 -10 -10 -10 -10 
-10 -10 -10 -10 -10 -10 -10 -10 -10 -10 
-10 -10 -10 -10 -10 -10 -10 -10 -10 -10 
-10 -10 -10 -10 -10 -10 -10 -10 -10 -10 
-10 -10 -10 -10 -10 -10 -10 -10 -10 -10 
-10 -10 -10 -10 -10 -10 -10 -10 -10 -10 
-10 -10 -10 -10 -10 -10 -10 -10 -10 -10 
-10 -10 -10 -10 -10 -10 -10 -10 -10 -10 
-10 -10 -10 -10 -10 -10 -10 -10 -10 -10 
-10 -10 -10 -10 -10 -10 -10 -10 -10 -10 
-10 -10 -10 -10 -10 -10 -10 -10 -10 -10 
-10 -10 -10 -10 -10 -10 -10 -10 -10 -10 
-10 -10 -10 -10 -10 -10 -10 -10 -10 -10 
-10 -10 -10 -10 -10 -10 -10 -10 -10 -10 
-10 -10 -10 -10 -10 -10 -10 -10 -10 -10 
-10 -10 -10 -10 -10 -10 -10 -10 -10 -10 
-10 -10 -10 -10 -10 -10 -10 -10 -10 -10 
-10 -10 -10 -10 -10 -10 -10 -10 -10 -10 
-10 -10 -10 -10 -10 -10 -10 -10 -10 -10 
-10 -10 -10 -10 -10 -10 -10 -10 -10 -10 
-10 -10 -10 -10 -10 -10 -10 -10 -10 -10 
-10 -10 -10 -10 -10 -10 -10 -10 -10 -10 
-10 -10 -10 -10 -10 -10 -10 -10 -10 -10 
-10 -10 -10 -10 -10 -10 -10 -10 -10 -10 
-10 -10 -10 -10 -10 -10 -10 -10 -10 -10 
-10 -10 -10 -10 -10 -10 -10 -10 -10 -10 
-10 -10 -10 -10 -10 -10 -10 -10 -10 -10 
-10 -10 -10 -10 -10 -10 -10 -10 -10 -10 
-10 -10 -10 -10 -10 -10 -10 -10 -10 -10 
-10 -10 -10 -10 -10 -10 -10 -10 -10 -10 
-10 -10 -10 -10 -10 -10 -10 -10 -10 -10 
-10 -10 -10 -10 -10 -10 -10 -10 -10 -10 
-10 -10 -10 -10 -10 -10 -10 -10 -10 -10 
-10 -10 -10 -10 -10 -10 -10 -10 -10 -10 
-10 -10 -10 -10 -10 -10 -10 -10 -10 -10 
-10 0.885224 0.885224 0.885224 0.885224 0.885224 0.885224 0.885224 0.885224 0.885224 
0.885224 0.885224 0.885224 0.885224 0.885224 0.885224 0.885224 0.885224 0.885224 0.885224 
0.885224 0.885224 0.885224 0.885224 0.885224 0.885224 0.885224 0.885224 0.885224 0.885224 
0.885224 0.885224 0.885224 0.885224 0.885224 0.885224 0.885224 0.885224 0.885224 0.885224 
0.885224 0.885224 0.885224 0.885224 0.885224 0.885224 0.885224 0.885224 0.885224 0.885224 
0.885224 0.885224 0.885224 0.885224 0.885224 0.885224 0.885224 0.885224 0.885224 0.885224 
0.885224 0.885224 0.885224 0.885224 0.885224 0.885224 0.885224 0.885224 0.885224 0.885224 
0.885224 0.885224 0.885224 0.885224 0.885224 0.885224 0.885224 0.885224 0.885224 0.885224 
0.885224 0.885224 0.885224 0.885224 0.885224 0.885224 0.885224 0.885224 0.885224 0.885224 
0.885224 0.885224 0.885224 0.885224 0.885224 0.885224 0.885224 0.885224 0.885224 0.885224 
0.885224 0.885224 0.885224 0.885224 0.885224 0.885224 0.885224 0.885224 0.885224 0.885224 
0.885224 0.885224 0.885224 0.885224 0.885224 0.885224 0.885224 0.885224 0.885224 0.885224 
0.885224 0.885224 0.885224 0.885224 0.885224 0.885224 0.885224 0.885224 0.885224 0.885224 
0.885224 0.885224 0.885224 0.885224 0.885224 0.885224 0.885224 0.885224 0.885224 0.885224 
0.885224 0.885224 0.885224 0.885224 0.885224 0.885224 0.885224 0.885224 0.885224 0.885224 
0.885224 0.885224 0.885224 0.885224 0.885224 0.885224 0.885224 0.885224 0.885224 0.885224 
0.885224 0.885224 0.885224 0.885224 0.885224 0.885224 0.885224 0.885224 0.885224 0.885224 
0.885224 0.885224 0.885224 0.885224 0.885224 0.885224 0.885224 0.885224 0.885224 0.885224 
0.885224 0.885224 0.885224 0.885224 0.885224 0.885224 0.885224 0.885224 0.885224 0.885224 
0.885224 0.885224 0.885224 0.885224 0.885224 0.885224 0.885224 0.663953 0.663953 0.663953 
0.663953 0.663953 0.663953 0.663953 0.663953 0.663953 0.663953 0.663953 0.663953 0.663953 
0.663953 0.663953 0.663953 0.663953 0.663953 0.663953 0.663953 0.663953 0.663953 0.663953 
0.663953 0.663953 0.663953 0.663953 0.663953 0.663953 0.663953 0.663953 0.663953 0.663953 
0.663953 0.663953 0.663953 0.663953 0.663953 0.663953 0.663953 0.663953 0.663953 0.663953 
0.663953 0.663953 0.663953 0.663953 0.663953 0.663953 0.663953 0.663953 0.663953 0.663953 
0.663953 0.663953 0.663953 0.663953 0.663953 0.663953 0.663953 0.663953 0.663953 0.663953 
0.663953 0.663953 0.663953 0.663953 0.663953 0.663953 0.663953 0.663953 0.663953 0.663953 
0.663953 0.663953 0.663953 0.663953 0.663953 0.663953 0.663953 0.663953 0.663953 0.663953 
0.663953 0.663953 0.663953 0.663953 0.663953 0.663953 0.663953 0.663953 0.663953 0.663953 
0.663953 0.663953 0.663953 0.663953 0.663953 0.663953 0.663953 0.663953 0.663953 0.663953 
0.663953 0.663953 0.663953 0.663953 0.663953 0.663953 0.663953 0.663953 0.663953 0.663953 
0.663953 0.663953 0.663953 0.663953 0.663953 0.663953 0.663953 0.663953 0.663953 0.663953 
0.663953 0.663953 0.663953 0.663953 0.663953 0.663953 0.663953 0.663953 0.663953 0.663953 
0.663953 0.663953 0.663953 0.663953 0.663953 0.663953 0.663953 0.663953 0.663953 0.663953 
0.663953 0.663953 0.663953 0.663953 0.663953 0.663953 0.663953 0.663953 0.663953 0.663953 
0.663953 0.663953 0.663953 0.663953 0.663953 0.663953 0.663953 0.663953 0.663953 0.663953 
0.663953 0.663953 0.663953 0.663953 0.663953 0.663953 0.663953 0.663953 0.663953 0.663953 
0.663953 0.663953 0.663953 0.663953 0.663953 0.663953 0.663953 0.663953 0.663953 0.663953 
0.663953 0.663953 0.663953 0.663953 0.663953 0.663953 0.663953 0.663953 0.663953 0.663953 
0.663953 0.663953 0.663953 0.310246 0.310246 0.310246 0.310246 0.310246 0.310246 0.310246 
0.310246 0.310246 0.310246 0.310246 0.310246 0.310246 0.310246 0.310246 0.310246 0.310246 
0.310246 0.310246 0.310246 0.310246 0.310246 0.310246 0.310246 0.310246 0.310246 0.310246 
0.310246 0.310246 0.310246 0.310246 0.310246 0.310246 0.310246 0.310246 0.310246 0.310246 
0.310246 0.310246 0.310246 0.310246 0.310246 0.310246 0.310246 0.310246 0.310246 0.310246 
0.310246 0.310246 0.310246 0.310246 0.310246 0.310246 0.310246 0.310246 0.310246 0.310246 
0.310246 0.310246 0.310246 0.310246 0.310246 0.310246 0.310246 0.310246 0.310246 0.310246 
0.310246 0.310246 0.310246 0.310246 0.310246 0.310246 0.310246 0.310246 0.310246 0.310246 
0.310246 0.310246 0.310246 0.310246 0.310246 0.310246 0.310246 0.310246 0.310246 0.310246 
0.310246 0.310246 0.310246 0.310246 0.310246 0.310246 0.310246 0.310246 0.310246 0.310246 
0.310246 0.310246 0.310246 0.310246 0.310246 0.310246 0.310246 0.310246 0.310246 0.310246 
0.310246 0.310246 0.310246 0.310246 0.310246 0.310246 0.310246 0.310246 0.310246 0.310246 
0.310246 0.310246 0.310246 0.310246 0.310246 0.310246 0.310246 0.310246 0.310246 0.310246 
0.310246 0.310246 0.310246 0.310246 0.310246 0.310246 0.310246 0.310246 0.310246 0.310246 
0.310246 0.310246 0.310246 0.310246 0.310246 0.310246 0.310246 0.310246 0.310246 0.310246 
0.310246 0.310246 0.310246 0.310246 0.310246 0.310246 0.310246 0.310246 0.310246 0.310246 
0.310246 0.310246 0.310246 0.310246 0.310246 0.310246 0.310246 0.310246 0.310246 0.310246 
0.310246 0.310246 0.310246 0.310246 0.310246 0.310246 0.310246 0.310246 0.310246 0.310246 
0.310246 0.310246 0.310246 0.310246 0.310246 0.310246 0.310246 0.310246 0.310246 0.310246 
0.310246 0.310246 0.310246 0.310246 0.310246 0.310246 0.310246 0.310246 0.310246 0.298568 
0.298568 0.298568 0.298568 0.298568 0.298568 0.298568 0.298568 0.298568 0.298568 0.298568 
0.298568 0.298568 0.298568 0.298568 0.298568 0.298568 0.298568 0.298568 0.298568 0.298568 
0.298568 0.298568 0.298568 0.298568 0.298568 0.298568 0.298568 0.298568 0.298568 0.298568 
0.298568 0.298568 0.298568 0.298568 0.298568 0.298568 0.298568 0.298568 0.298568 0.298568 
0.298568 0.298568 0.298568 0.298568 0.298568 0.298568 0.298568 0.298568 0.298568 0.298568 
0.298568 0.298568 0.298568 0.298568 0.298568 0.298568 0.298568 0.298568 0.298568 0.298568 
0.298568 0.298568 0.298568 0.298568 0.298568 0.298568 0.298568 0.298568 0.298568 0.298568 
0.298568 0.298568 0.298568 0.298568 0.298568 0.298568 0.298568 0.298568 0.298568 0.298568 
0.298568 0.298568 0.298568 0.298568 0.298568 0.298568 0.298568 0.298568 0.298568 0.298568 
0.298568 0.298568 0.298568 0.298568 0.298568 0.298568 0.298568 0.298568 0.298568 0.298568 
0.298568 0.298568 0.298568 0.298568 0.298568 0.298568 0.298568 0.298568 0.298568 0.298568 
0.298568 0.298568 0.298568 0.298568 0.298568 0.298568 0.298568 0.298568 0.298568 0.298568 
0.298568 0.298568 0.298568 0.298568 0.298568 0.298568 0.298568 0.298568 0.298568 0.298568 
0.298568 0.298568 0.298568 0.298568 0.298568 0.298568 0.298568 0.298568 0.298568 0.298568 
0.298568 0.298568 0.298568 0.298568 0.298568 0.298568 0.298568 0.298568 0.298568 0.298568 
0.298568 0.298568 0.298568 0.298568 0.298568 0.298568 0.298568 0.298568 0.298568 0.298568 
0.298568 0.298568 0.298568 0.298568 0.298568 0.298568 0.298568 0.298568 0.298568 0.298568 
0.298568 0.298568 0.298568 0.298568 0.298568 0.298568 0.298568 0.298568 0.298568 0.298568 
0.298568 0.298568 0.298568 0.298568 0.298568 0.298568 0.298568 0.298568 0.298568 0.298568 
0.298568 0.298568 0.298568 0.298568 0.298568 0.640976 0.640976 0.640976 0.640976 0.640976 
0.640976 0.640976 0.640976 0.640976 0.640976 0.640976 0.640976 0.640976 0.640976 0.640976 
0.640976 0.640976 0.640976 0.640976 0.640976 0.640976 0.640976 0.640976 0.640976 0.640976 
0.640976 0.640976 0.640976 0.640976 0.640976 0.640976 0.640976 0.640976 0.640976 0.640976 
0.640976 0.640976 0.640976 0.640976 0.640976 0.640976 0.640976 0.640976 0.640976 0.640976 
0.640976 0.640976 0.640976 0.640976 0.640976 0.640976 0.640976 0.640976 0.640976 0.640976 
0.640976 0.640976 0.640976 0.640976 0.640976 0.640976 0.640976 0.640976 0.640976 0.640976 
0.640976 0.640976 0.640976 0.640976 0.640976 0.640976 0.640976 0.640976 0.640976 0.640976 
0.640976 0.640976 0.640976 0.640976 0.640976 0.640976 0.640976 0.640976 0.640976 0.640976 
0.640976 0.640976 0.640976 0.640976 0.640976 0.640976 0.640976 0.640976 0.640976 0.640976 
0.640976 0.640976 0.640976 0.640976 0.640976 0.640976 0.640976 0.640976 0.640976 0.640976 
0.640976 0.640976 0.640976 0.640976 0.640976 0.640976 0.640976 0.640976 0.640976 0.640976 
0.640976 0.640976 0.640976 0.640976 0.640976 0.640976 0.640976 0.640976 0.640976 0.640976 
0.640976 0.640976 0.640976 0.640976 0.640976 0.640976 0.640976 0.640976 0.640976 0.640976 
0.640976 0.640976 0.640976 0.640976 0.640976 0.640976 0.640976 0.640976 0.640976 0.640976 
0.640976 0.640976 0.640976 0.640976 0.640976 0.640976 0.640976 0.640976 0.640976 0.640976 
0.640976 0.640976 0.640976 0.640976 0.640976 0.640976 0.640976 0.640976 0.640976 0.640976 
0.640976 0.640976 0.640976 0.640976 0.640976 0.640976 0.640976 0.640976 0.640976 0.640976 
0.640976 0.640976 0.640976 0.640976 0.640976 0.640976 0.640976 0.640976 0.640976 0.640976 
0.640976 0.640976 0.640976 0.640976 0.640976 0.640976 0.640976 0.640976 0.640976 0.640976 
0.640976 1.12548 1.12548 1.12548 1.12548 1.12548 1.12548 1.12548 1.12548 1.12548 
1.12548 1.12548 1.12548 1.12548 1.12548 1.12548 1.12548 1.12548 1.12548 1.12548 
1.12548 1.12548 1.12548 1.12548 1.12548 1.12548 1.12548 1.12548 1.12548 1.12548 
1.12548 1.12548 1.12548 1.12548 1.12548 1.12548 1.12548 1.12548 1.12548 1.12548 
1.12548 1.12548 1.12548 1.12548 1.12548 1.12548 1.12548 1.12548 1.12548 1.12548 
1.12548 1.12548 1.12548 1.12548 1.12548 1.12548 1.12548 1.12548 1.12548 1.12548 
1.12548 1.12548 1.12548 1.12548 1.12548 1.12548 1.12548 1.12548 1.12548 1.12548 
1.12548 1.12548 1.12548 1.12548 1.12548 1.12548 1.12548 1.12548 1.12548 1.12548 
1.12548 1.12548 1.12548 1.12548 1.12548 1.12548 1.12548 1.12548 1.12548 1.12548 
1.12548 1.12548 1.12548 1.12548 1.12548 1.12548 1.12548 1.12548 1.12548 1.12548 
1.12548 1.12548 1.12548 1.12548 1.12548 1.12548 1.12548 1.12548 1.12548 1.12548 
1.12548 1.12548 1.12548 1.12548 1.12548 1.12548 1.12548 1.12548 1.12548 1.12548 
1.12548 1.12548 1.12548 1.12548 1.12548 1.12548 1.12548 1.12548 1.12548 1.12548 
1.12548 1.12548 1.12548 1.12548 1.12548 1.12548 1.12548 1.12548 1.12548 1.12548 
1.12548 1.12548 1.12548 1.12548 1.12548 1.12548 1.12548 1.12548 1.12548 1.12548 
1.12548 1.12548 1.12548 1.12548 1.12548 1.12548 1.12548 1.12548 1.12548 1.12548 
1.12548 1.12548 1.12548 1.12548 1.12548 1.12548 1.12548 1.12548 1.12548 1.12548 
1.12548 1.12548 1.12548 1.12548 1.12548 1.12548 1.12548 1.12548 1.12548 1.12548 
1.12548 1.12548 1.12548 1.12548 1.12548 1.12548 1.12548 1.12548 1.12548 1.12548 
1.12548 1.12548 1.12548 1.12548 1.12548 1.12548 1.12548 0.809488 0.809488 0.809488 
0.809488 0.809488 0.809488 0.809488 0.809488 0.809488 0.809488 0.809488 0.809488 0.809488 
0.809488 0.809488 0.809488 0.809488 0.809488 0.809488 0.809488 0.809488 0.809488 0.809488 
0.809488 0.809488 0.809488 0.809488 0.809488 0.809488 0.809488 0.809488 0.809488 0.809488 
0.809488 0.809488 0.809488 0.809488 0.809488 0.809488 0.809488 0.809488 0.809488 0.809488 
0.809488 0.809488 0.809488 0.809488 0.809488 0.809488 0.809488 0.809488 0.809488 0.809488 
0.809488 0.809488 0.809488 0.809488 0.809488 0.809488 0.809488 0.809488 0.809488 0.809488 
0.809488 0.809488 0.809488 0.809488 0.809488 0.809488 0.809488 0.809488 0.809488 0.809488 
0.809488 0.809488 0.809488 0.809488 0.809488 0.809488 0.809488 0.809488 0.809488 0.809488 
0.809488 0.809488 0.809488 0.809488 0.809488 0.809488 0.809488 0.809488 0.809488 0.809488 
0.809488 0.809488 0.809488 0.809488 0.809488 0.809488 0.809488 0.809488 0.809488 0.809488 
0.809488 0.809488 0.809488 0.809488 0.809488 0.809488 0.809488 0.809488 0.809488 0.809488 
0.809488 0.809488 0.809488 0.809488 0.809488 0.809488 0.809488 0.809488 0.809488 0.809488 
0.809488 0.809488 0.809488 0.809488 0.809488 0.809488 0.809488 0.809488 0.809488 0.809488 
0.809488 0.809488 0.809488 0.809488 0.809488 0.809488 0.809488 0.809488 0.809488 0.809488 
0.809488 0.809488 0.809488 0.809488 0.809488 0.809488 0.809488 0.809488 0.809488 0.809488 
0.809488 0.809488 0.809488 0.809488 0.809488 0.809488 0.809488 0.809488 0.809488 0.809488 
0.809488 0.809488 0.809488 0.809488 0.809488 0.809488 0.809488 0.809488 0.809488 0.809488 
0.809488 0.809488 0.809488 0.809488 0.809488 0.809488 0.809488 0.809488 0.809488 0.809488 
0.809488 0.809488 0.809488 0.809488 0.809488 0.809488 0.809488 0.809488 0.809488 0.809488 
0.809488 0.809488 0.809488 SCALARS Propped_mm float 1
LOOKUP_TABLE default
27.962 27.962 27.962 27.962 27.962 27.962 27.962 27.962 27.962 
27.962 27.962 27.962 27.962 27.962 27.962 27.962 27.962 27.962 27.962 
27.962 27.962 27.962 27.962 27.962 27.962 27.962 27.962 27.962 27.962 
27.962 27.962 27.962 27.962 27.962 27.962 27.962 27.962 27.962 27.962 
27.962 27.962 27.962 27.962 27.962 27.962 27.962 27.962 27.962 27.962 
27.962 27.962 27.962 27.962 27.962 27.962 27.962 27.962 27.962 27.962 
27.962 27.962 27.962 27.962 27.962 27.962 27.962 27.962 27.962 27.962 
27.962 27.962 27.962 27.962 27.962 27.962 27.962 27.962 27.962 27.962 
27.962 27.962 27.962 27.962 27.962 27.962 27.962 27.962 27.962 27.962 
27.962 27.962 27.962 27.962 27.962 27.962 27.962 27.962 27.962 27.962 
27.962 27.962 27.962 27.962 27.962 27.962 27.962 27.962 27.962 27.962 
27.962 27.962 27.962 27.962 27.962 27.962 27.962 27.962 27.962 27.962 
27.962 27.962 27.962 27.962 27.962 27.962 27.962 27.962 27.962 27.962 
27.962 27.962 27.962 27.962 27.962 27.962 27.962 27.962 27.962 27.962 
27.962 27.962 27.962 27.962 27.962 27.962 27.962 27.962 27.962 27.962 
27.962 27.962 27.962 27.962 27.962 27.962 27.962 27.962 27.962 27.962 
27.962 27.962 27.962 27.962 27.962 27.962 27.962 27.962 27.962 27.962 
27.962 27.962 27.962 27.962 27.962 27.962 27.962 27.962 27.962 27.962 
27.962 27.962 27.962 27.962 27.962 27.962 27.962 27.962 27.962 27.962 
27.962 27.962 27.962 27.962 27.962 27.962 27.962 0.0342242 0.0342242 0.0342242 
0.0342242 0.0342242 0.0342242 0.0342242 0.0342242 0.0342242 0.0342242 0.0342242 0.0342242 0.0342242 
0.0342242 0.0342242 0.0342242 0.0342242 0.0342242 0.0342242 0.0342242 0.0342242 0.0342242 0.0342242 
0.0342242 0.0342242 0.0342242 0.0342242 0.0342242 0.0342242 0.0342242 0.0342242 0.0342242 0.0342242 
0.0342242 0.0342242 0.0342242 0.0342242 0.0342242 0.0342242 0.0342242 0.0342242 0.0342242 0.0342242 
0.0342242 0.0342242 0.0342242 0.0342242 0.0342242 0.0342242 0.0342242 0.0342242 0.0342242 0.0342242 
0.0342242 0.0342242 0.0342242 0.0342242 0.0342242 0.0342242 0.0342242 0.0342242 0.0342242 0.0342242 
0.0342242 0.0342242 0.0342242 0.0342242 0.0342242 0.0342242 0.0342242 0.0342242 0.0342242 0.0342242 
0.0342242 0.0342242 0.0342242 0.0342242 0.0342242 0.0342242 0.0342242 0.0342242 0.0342242 0.0342242 
0.0342242 0.0342242 0.0342242 0.0342242 0.0342242 0.0342242 0.0342242 0.0342242 0.0342242 0.0342242 
0.0342242 0.0342242 0.0342242 0.0342242 0.0342242 0.0342242 0.0342242 0.0342242 0.0342242 0.0342242 
0.0342242 0.0342242 0.0342242 0.0342242 0.0342242 0.0342242 0.0342242 0.0342242 0.0342242 0.0342242 
0.0342242 0.0342242 0.0342242 0.0342242 0.0342242 0.0342242 0.0342242 0.0342242 0.0342242 0.0342242 
0.0342242 0.0342242 0.0342242 0.0342242 0.0342242 0.0342242 0.0342242 0.0342242 0.0342242 0.0342242 
0.0342242 0.0342242 0.0342242 0.0342242 0.0342242 0.0342242 0.0342242 0.0342242 0.0342242 0.0342242 
0.0342242 0.0342242 0.0342242 0.0342242 0.0342242 0.0342242 0.0342242 0.0342242 0.0342242 0.0342242 
0.0342242 0.0342242 0.0342242 0.0342242 0.0342242 0.0342242 0.0342242 0.0342242 0.0342242 0.0342242 
0.0342242 0.0342242 0.0342242 0.0342242 0.0342242 0.0342242 0.0342242 0.0342242 0.0342242 0.0342242 
0.0342242 0.0342242 0.0342242 0.0342242 0.0342242 0.0342242 0.0342242 0.0342242 0.0342242 0.0342242 
0.0342242 0.0342242 0.0342242 0.0342242 0.0342242 0.0342242 0.0342242 0.0342242 0.0342242 0.0342242 
0.0342242 0.0342242 0.0342242 0.0287867 0.0287867 0.0287867 0.0287867 0.0287867 0.0287867 0.0287867 
0.0287867 0.0287867 0.0287867 0.0287867 0.0287867 0.0287867 0.0287867 0.0287867 0.0287867 0.0287867 
0.0287867 0.0287867 0.0287867 0.0287867 0.0287867 0.0287867 0.0287867 0.0287867 0.0287867 0.0287867 
0.0287867 0.0287867 0.0287867 0.0287867 0.0287867 0.0287867 0.0287867 0.0287867 0.0287867 0.0287867 
0.0287867 0.0287867 0.0287867 0.0287867 0.0287867 0.0287867 0.0287867 0.0287867 0.0287867 0.0287867 
0.0287867 0.0287867 0.0287867 0.0287867 0.0287867 0.0287867 0.0287867 0.0287867 0.0287867 0.0287867 
0.0287867 0.0287867 0.0287867 0.0287867 0.0287867 0.0287867 0.0287867 0.0287867 0.0287867 0.0287867 
0.0287867 0.0287867 0.0287867 0.0287867 0.0287867 0.0287867 0.0287867 0.0287867 0.0287867 0.0287867 
0.0287867 0.0287867 0.0287867 0.0287867 0.0287867 0.0287867 0.0287867 0.0287867 0.0287867 0.0287867 
0.0287867 0.0287867 0.0287867 0.0287867 0.0287867 0.0287867 0.0287867 0.0287867 0.0287867 0.0287867 
0.0287867 0.0287867 0.0287867 0.0287867 0.0287867 0.0287867 0.0287867 0.0287867 0.0287867 0.0287867 
0.0287867 0.0287867 0.0287867 0.0287867 0.0287867 0.0287867 0.0287867 0.0287867 0.0287867 0.0287867 
0.0287867 0.0287867 0.0287867 0.0287867 0.0287867 0.0287867 0.0287867 0.0287867 0.0287867 0.0287867 
0.0287867 0.0287867 0.0287867 0.0287867 0.0287867 0.0287867 0.0287867 0.0287867 0.0287867 0.0287867 
0.0287867 0.0287867 0.0287867 0.0287867 0.0287867 0.0287867 0.0287867 0.0287867 0.0287867 0.0287867 
0.0287867 0.0287867 0.0287867 0.0287867 0.0287867 0.0287867 0.0287867 0.0287867 0.0287867 0.0287867 
0.0287867 0.0287867 0.0287867 0.0287867 0.0287867 0.0287867 0.0287867 0.0287867 0.0287867 0.0287867 
0.0287867 0.0287867 0.0287867 0.0287867 0.0287867 0.0287867 0.0287867 0.0287867 0.0287867 0.0287867 
0.0287867 0.0287867 0.0287867 0.0287867 0.0287867 0.0287867 0.0287867 0.0287867 0.0287867 0.0287867 
0.0287867 0.0287867 0.0287867 0.0287867 0.0287867 0.0287867 0.0287867 0.0287867 0.0287867 0.0270866 
0.0270866 0.0270866 0.0270866 0.0270866 0.0270866 0.0270866 0.0270866 0.0270866 0.0270866 0.0270866 
0.0270866 0.0270866 0.0270866 0.0270866 0.0270866 0.0270866 0.0270866 0.0270866 0.0270866 0.0270866 
0.0270866 0.0270866 0.0270866 0.0270866 0.0270866 0.0270866 0.0270866 0.0270866 0.0270866 0.0270866 
0.0270866 0.0270866 0.0270866 0.0270866 0.0270866 0.0270866 0.0270866 0.0270866 0.0270866 0.0270866 
0.0270866 0.0270866 0.0270866 0.0270866 0.0270866 0.0270866 0.0270866 0.0270866 0.0270866 0.0270866 
0.0270866 0.0270866 0.0270866 0.0270866 0.0270866 0.0270866 0.0270866 0.0270866 0.0270866 0.0270866 
0.0270866 0.0270866 0.0270866 0.0270866 0.0270866 0.0270866 0.0270866 0.0270866 0.0270866 0.0270866 
0.0270866 0.0270866 0.0270866 0.0270866 0.0270866 0.0270866 0.0270866 0.0270866 0.0270866 0.0270866 
0.0270866 0.0270866 0.0270866 0.0270866 0.0270866 0.0270866 0.0270866 0.0270866 0.0270866 0.0270866 
0.0270866 0.0270866 0.0270866 0.0270866 0.0270866 0.0270866 0.0270866 0.0270866 0.0270866 0.0270866 
0.0270866 0.0270866 0.0270866 0.0270866 0.0270866 0.0270866 0.0270866 0.0270866 0.0270866 0.0270866 
0.0270866 0.0270866 0.0270866 0.0270866 0.0270866 0.0270866 0.0270866 0.0270866 0.0270866 0.0270866 
0.0270866 0.0270866 0.0270866 0.0270866 0.0270866 0.0270866 0.0270866 0.0270866 0.0270866 0.0270866 
0.0270866 0.0270866 0.0270866 0.0270866 0.0270866 0.0270866 0.0270866 0.0270866 0.0270866 0.0270866 
0.0270866 0.0270866 0.0270866 0.0270866 0.0270866 0.0270866 0.0270866 0.0270866 0.0270866 0.0270866 
0.0270866 0.0270866 0.0270866 0.0270866 0.0270866 0.0270866 0.0270866 0.0270866 0.0270866 0.0270866 
0.0270866 0.0270866 0.0270866 0.0270866 0.0270866 0.0270866 0.0270866 0.0270866 0.0270866 0.0270866 
0.0270866 0.0270866 0.0270866 0.0270866 0.0270866 0.0270866 0.0270866 0.0270866 0.0270866 0.0270866 
0.0270866 0.0270866 0.0270866 0.0270866 0.0270866 0.0270866 0.0270866 0.0270866 0.0270866 0.0270866 
0.0270866 0.0270866 0.0270866 0.0270866 0.0270866 0.0270367 0.0270367 0.0270367 0.0270367 0.0270367 
0.0270367 0.0270367 0.0270367 0.0270367 0.0270367 0.0270367 0.0270367 0.0270367 0.0270367 0.0270367 
0.0270367 0.0270367 0.0270367 0.0270367 0.0270367 0.0270367 0.0270367 0.0270367 0.0270367 0.0270367 
0.0270367 0.0270367 0.0270367 0.0270367 0.0270367 0.0270367 0.0270367 0.0270367 0.0270367 0.0270367 
0.0270367 0.0270367 0.0270367 0.0270367 0.0270367 0.0270367 0.0270367 0.0270367 0.0270367 0.0270367 
0.0270367 0.0270367 0.0270367 0.0270367 0.0270367 0.0270367 0.0270367 0.0270367 0.0270367 0.0270367 
0.0270367 0.0270367 0.0270367 0.0270367 0.0270367 0.0270367 0.0270367 0.0270367 0.0270367 0.0270367 
0.0270367 0.0270367 0.0270367 0.0270367 0.0270367 0.0270367 0.0270367 0.0270367 0.0270367 0.0270367 
0.0270367 0.0270367 0.0270367 0.0270367 0.0270367 0.0270367 0.0270367 0.0270367 0.0270367 0.0270367 
0.0270367 0.0270367 0.0270367 0.0270367 0.0270367 0.0270367 0.0270367 0.0270367 0.0270367 0.0270367 
0.0270367 0.0270367 0.0270367 0.0270367 0.0270367 0.0270367 0.0270367 0.0270367 0.0270367 0.0270367 
0.0270367 0.0270367 0.0270367 0.0270367 0.0270367 0.0270367 0.0270367 0.0270367 0.0270367 0.0270367 
0.0270367 0.0270367 0.0270367 0.0270367 0.0270367 0.0270367 0.0270367 0.0270367 0.0270367 0.0270367 
0.0270367 0.0270367 0.0270367 0.0270367 0.0270367 0.0270367 0.0270367 0.0270367 0.0270367 0.0270367 
0.0270367 0.0270367 0.0270367 0.0270367 0.0270367 0.0270367 0.0270367 0.0270367 0.0270367 0.0270367 
0.0270367 0.0270367 0.0270367 0.0270367 0.0270367 0.0270367 0.0270367 0.0270367 0.0270367 0.0270367 
0.0270367 0.0270367 0.0270367 0.0270367 0.0270367 0.0270367 0.0270367 0.0270367 0.0270367 0.0270367 
0.0270367 0.0270367 0.0270367 0.0270367 0.0270367 0.0270367 0.0270367 0.0270367 0.0270367 0.0270367 
0.0270367 0.0270367 0.0270367 0.0270367 0.0270367 0.0270367 0.0270367 0.0270367 0.0270367 0.0270367 
0.0270367 0.0270367 0.0270367 0.0270367 0.0270367 0.0270367 0.0270367 0.0270367 0.0270367 0.0270367 
0.0270367 6.90319 6.90319 6.90319 6.90319 6.90319 6.90319 6.90319 6.90319 6.90319 
6.90319 6.90319 6.90319 6.90319 6.90319 6.90319 6.90319 6.90319 6.90319 6.90319 
6.90319 6.90319 6.90319 6.90319 6.90319 6.90319 6.90319 6.90319 6.90319 6.90319 
6.90319 6.90319 6.90319 6.90319 6.90319 6.90319 6.90319 6.90319 6.90319 6.90319 
6.90319 6.90319 6.90319 6.90319 6.90319 6.90319 6.90319 6.90319 6.90319 6.90319 
6.90319 6.90319 6.90319 6.90319 6.90319 6.90319 6.90319 6.90319 6.90319 6.90319 
6.90319 6.90319 6.90319 6.90319 6.90319 6.90319 6.90319 6.90319 6.90319 6.90319 
6.90319 6.90319 6.90319 6.90319 6.90319 6.90319 6.90319 6.90319 6.90319 6.90319 
6.90319 6.90319 6.90319 6.90319 6.90319 6.90319 6.90319 6.90319 6.90319 6.90319 
6.90319 6.90319 6.90319 6.90319 6.90319 6.90319 6.90319 6.90319 6.90319 6.90319 
6.90319 6.90319 6.90319 6.90319 6.90319 6.90319 6.90319 6.90319 6.90319 6.90319 
6.90319 6.90319 6.90319 6.90319 6.90319 6.90319 6.90319 6.90319 6.90319 6.90319 
6.90319 6.90319 6.90319 6.90319 6.90319 6.90319 6.90319 6.90319 6.90319 6.90319 
6.90319 6.90319 6.90319 6.90319 6.90319 6.90319 6.90319 6.90319 6.90319 6.90319 
6.90319 6.90319 6.90319 6.90319 6.90319 6.90319 6.90319 6.90319 6.90319 6.90319 
6.90319 6.90319 6.90319 6.90319 6.90319 6.90319 6.90319 6.90319 6.90319 6.90319 
6.90319 6.90319 6.90319 6.90319 6.90319 6.90319 6.90319 6.90319 6.90319 6.90319 
6.90319 6.90319 6.90319 6.90319 6.90319 6.90319 6.90319 6.90319 6.90319 6.90319 
6.90319 6.90319 6.90319 6.90319 6.90319 6.90319 6.90319 6.90319 6.90319 6.90319 
6.90319 6.90319 6.90319 6.90319 6.90319 6.90319 6.90319 3.14983 3.14983 3.14983 
3.14983 3.14983 3.14983 3.14983 3.14983 3.14983 3.14983 3.14983 3.14983 3.14983 
3.14983 3.14983 3.14983 3.14983 3.14983 3.14983 3.14983 3.14983 3.14983 3.14983 
3.14983 3.14983 3.14983 3.14983 3.14983 3.14983 3.14983 3.14983 3.14983 3.14983 
3.14983 3.14983 3.14983 3.14983 3.14983 3.14983 3.14983 3.14983 3.14983 3.14983 
3.14983 3.14983 3.14983 3.14983 3.14983 3.14983 3.14983 3.14983 3.14983 3.14983 
3.14983 3.14983 3.14983 3.14983 3.14983 3.14983 3.14983 3.14983 3.14983 3.14983 
3.14983 3.14983 3.14983 3.14983 3.14983 3.14983 3.14983 3.14983 3.14983 3.14983 
3.14983 3.14983 3.14983 3.14983 3.14983 3.14983 3.14983 3.14983 3.14983 3.14983 
3.14983 3.14983 3.14983 3.14983 3.14983 3.14983 3.14983 3.14983 3.14983 3.14983 
3.14983 3.14983 3.14983 3.14983 3.14983 3.14983 3.14983 3.14983 3.14983 3.14983 
3.14983 3.14983 3.14983 3.14983 3.14983 3.14983 3.14983 3.14983 3.14983 3.14983 
3.14983 3.14983 3.14983 3.14983 3.14983 3.14983 3.14983 3.14983 3.14983 3.14983 
3.14983 3.14983 3.14983 3.14983 3.14983 3.14983 3.14983 3.14983 3.14983 3.14983 
3.14983 3.14983 3.14983 3.14983 3.14983 3.14983 3.14983 3.14983 3.14983 3.14983 
3.14983 3.14983 3.14983 3.14983 3.14983 3.14983 3.14983 3.14983 3.14983 3.14983 
3.14983 3.14983 3.14983 3.14983 3.14983 3.14983 3.14983 3.14983 3.14983 3.14983 
3.14983 3.14983 3.14983 3.14983 3.14983 3.14983 3.14983 3.14983 3.14983 3.14983 
3.14983 3.14983 3.14983 3.14983 3.14983 3.14983 3.14983 3.14983 3.14983 3.14983 
3.14983 3.14983 3.14983 3.14983 3.14983 3.14983 3.14983 3.14983 3.14983 3.14983 
3.14983 3.14983 3.14983 1.5661 1.5661 1.5661 1.5661 1.5661 1.5661 1.5661 
1.5661 1.5661 1.5661 1.5661 1.5661 1.5661 1.5661 1.5661 1.5661 1.5661 
1.5661 1.5661 1.5661 1.5661 1.5661 1.5661 1.5661 1.5661 1.5661 1.5661 
1.5661 1.5661 1.5661 1.5661 1.5661 1.5661 1.5661 1.5661 1.5661 1.5661 
1.5661 1.5661 1.5661 1.5661 1.5661 1.5661 1.5661 1.5661 1.5661 1.5661 
1.5661 1.5661 1.5661 1.5661 1.5661 1.5661 1.5661 1.5661 1.5661 1.5661 
1.5661 1.5661 1.5661 1.5661 1.5661 1.5661 1.5661 1.5661 1.5661 1.5661 
1.5661 1.5661 1.5661 1.5661 1.5661 1.5661 1.5661 1.5661 1.5661 1.5661 
1.5661 1.5661 1.5661 1.5661 1.5661 1.5661 1.5661 1.5661 1.5661 1.5661 
1.5661 1.5661 1.5661 1.5661 1.5661 1.5661 1.5661 1.5661 1.5661 1.5661 
1.5661 1.5661 1.5661 1.5661 1.5661 1.5661 1.5661 1.5661 1.5661 1.5661 
1.5661 1.5661 1.5661 1.5661 1.5661 1.5661 1.5661 1.5661 1.5661 1.5661 
1.5661 1.5661 1.5661 1.5661 1.5661 1.5661 1.5661 1.5661 1.5661 1.5661 
1.5661 1.5661 1.5661 1.5661 1.5661 1.5661 1.5661 1.5661 1.5661 1.5661 
1.5661 1.5661 1.5661 1.5661 1.5661 1.5661 1.5661 1.5661 1.5661 1.5661 
1.5661 1.5661 1.5661 1.5661 1.5661 1.5661 1.5661 1.5661 1.5661 1.5661 
1.5661 1.5661 1.5661 1.5661 1.5661 1.5661 1.5661 1.5661 1.5661 1.5661 
1.5661 1.5661 1.5661 1.5661 1.5661 1.5661 1.5661 1.5661 1.5661 1.5661 
1.5661 1.5661 1.5661 1.5661 1.5661 1.5661 1.5661 1.5661 1.5661 1.5661 
1.5661 1.5661 1.5661 1.5661 1.5661 1.5661 1.5661 1.5661 1.5661 1.0914 
1.0914 1.0914 1.0914 1.0914 1.0914 1.0914 1.0914 1.0914 1.0914 1.0914 
1.0914 1.0914 1.0914 1.0914 1.0914 1.0914 1.0914 1.0914 1.0914 1.0914 
1.0914 1.0914 1.0914 1.0914 1.0914 1.0914 1.0914 1.0914 1.0914 1.0914 
1.0914 1.0914 1.0914 1.0914 1.0914 1.0914 1.0914 1.0914 1.0914 1.0914 
1.0914 1.0914 1.0914 1.0914 1.0914 1.0914 1.0914 1.0914 1.0914 1.0914 
1.0914 1.0914 1.0914 1.0914 1.0914 1.0914 1.0914 1.0914 1.0914 1.0914 
1.0914 1.0914 1.0914 1.0914 1.0914 1.0914 1.0914 1.0914 1.0914 1.0914 
1.0914 1.0914 1.0914 1.0914 1.0914 1.0914 1.0914 1.0914 1.0914 1.0914 
1.0914 1.0914 1.0914 1.0914 1.0914 1.0914 1.0914 1.0914 1.0914 1.0914 
1.0914 1.0914 1.0914 1.0914 1.0914 1.0914 1.0914 1.0914 1.0914 1.0914 
1.0914 1.0914 1.0914 1.0914 1.0914 1.0914 1.0914 1.0914 1.0914 1.0914 
1.0914 1.0914 1.0914 1.0914 1.0914 1.0914 1.0914 1.0914 1.0914 1.0914 
1.0914 1.0914 1.0914 1.0914 1.0914 1.0914 1.0914 1.0914 1.0914 1.0914 
1.0914 1.0914 1.0914 1.0914 1.0914 1.0914 1.0914 1.0914 1.0914 1.0914 
1.0914 1.0914 1.0914 1.0914 1.0914 1.0914 1.0914 1.0914 1.0914 1.0914 
1.0914 1.0914 1.0914 1.0914 1.0914 1.0914 1.0914 1.0914 1.0914 1.0914 
1.0914 1.0914 1.0914 1.0914 1.0914 1.0914 1.0914 1.0914 1.0914 1.0914 
1.0914 1.0914 1.0914 1.0914 1.0914 1.0914 1.0914 1.0914 1.0914 1.0914 
1.0914 1.0914 1.0914 1.0914 1.0914 1.0914 1.0914 1.0914 1.0914 1.0914 
1.0914 1.0914 1.0914 1.0914 1.0914 3.95166 3.95166 3.95166 3.95166 3.95166 
3.95166 3.95166 3.95166 3.95166 3.95166 3.95166 3.95166 3.95166 3.95166 3.95166 
3.95166 3.95166 3.95166 3.95166 3.95166 3.95166 3.95166 3.95166 3.95166 3.95166 
3.95166 3.95166 3.95166 3.95166 3.95166 3.95166 3.95166 3.95166 3.95166 3.95166 
3.95166 3.95166 3.95166 3.95166 3.95166 3.95166 3.95166 3.95166 3.95166 3.95166 
3.95166 3.95166 3.95166 3.95166 3.95166 3.95166 3.95166 3.95166 3.95166 3.95166 
3.95166 3.95166 3.95166 3.95166 3.95166 3.95166 3.95166 3.95166 3.95166 3.95166 
3.95166 3.95166 3.95166 3.95166 3.95166 3.95166 3.95166 3.95166 3.95166 3.95166 
3.95166 3.95166 3.95166 3.95166 3.95166 3.95166 3.95166 3.95166 3.95166 3.95166 
3.95166 3.95166 3.95166 3.95166 3.95166 3.95166 3.95166 3.95166 3.95166 3.95166 
3.95166 3.95166 3.95166 3.95166 3.95166 3.95166 3.95166 3.95166 3.95166 3.95166 
3.95166 3.95166 3.95166 3.95166 3.95166 3.95166 3.95166 3.95166 3.95166 3.95166 
3.95166 3.95166 3.95166 3.95166 3.95166 3.95166 3.95166 3.95166 3.95166 3.95166 
3.95166 3.95166 3.95166 3.95166 3.95166 3.95166 3.95166 3.95166 3.95166 3.95166 
3.95166 3.95166 3.95166 3.95166 3.95166 3.95166 3.95166 3.95166 3.95166 3.95166 
3.95166 3.95166 3.95166 3.95166 3.95166 3.95166 3.95166 3.95166 3.95166 3.95166 
3.95166 3.95166 3.95166 3.95166 3.95166 3.95166 3.95166 3.95166 3.95166 3.95166 
3.95166 3.95166 3.95166 3.95166 3.95166 3.95166 3.95166 3.95166 3.95166 3.95166 
3.95166 3.95166 3.95166 3.95166 3.95166 3.95166 3.95166 3.95166 3.95166 3.95166 
3.95166 3.95166 3.95166 3.95166 3.95166 3.95166 3.95166 3.95166 3.95166 3.95166 
3.95166 7.16248 7.16248 7.16248 7.16248 7.16248 7.16248 7.16248 7.16248 7.16248 
7.16248 7.16248 7.16248 7.16248 7.16248 7.16248 7.16248 7.16248 7.16248 7.16248 
7.16248 7.16248 7.16248 7.16248 7.16248 7.16248 7.16248 7.16248 7.16248 7.16248 
7.16248 7.16248 7.16248 7.16248 7.16248 7.16248 7.16248 7.16248 7.16248 7.16248 
7.16248 7.16248 7.16248 7.16248 7.16248 7.16248 7.16248 7.16248 7.16248 7.16248 
7.16248 7.16248 7.16248 7.16248 7.16248 7.16248 7.16248 7.16248 7.16248 7.16248 
7.16248 7.16248 7.16248 7.16248 7.16248 7.16248 7.16248 7.16248 7.16248 7.16248 
7.16248 7.16248 7.16248 7.16248 7.16248 7.16248 7.16248 7.16248 7.16248 7.16248 
7.16248 7.16248 7.16248 7.16248 7.16248 7.16248 7.16248 7.16248 7.16248 7.16248 
7.16248 7.16248 7.16248 7.16248 7.16248 7.16248 7.16248 7.16248 7.16248 7.16248 
7.16248 7.16248 7.16248 7.16248 7.16248 7.16248 7.16248 7.16248 7.16248 7.16248 
7.16248 7.16248 7.16248 7.16248 7.16248 7.16248 7.16248 7.16248 7.16248 7.16248 
7.16248 7.16248 7.16248 7.16248 7.16248 7.16248 7.16248 7.16248 7.16248 7.16248 
7.16248 7.16248 7.16248 7.16248 7.16248 7.16248 7.16248 7.16248 7.16248 7.16248 
7.16248 7.16248 7.16248 7.16248 7.16248 7.16248 7.16248 7.16248 7.16248 7.16248 
7.16248 7.16248 7.16248 7.16248 7.16248 7.16248 7.16248 7.16248 7.16248 7.16248 
7.16248 7.16248 7.16248 7.16248 7.16248 7.16248 7.16248 7.16248 7.16248 7.16248 
7.16248 7.16248 7.16248 7.16248 7.16248 7.16248 7.16248 7.16248 7.16248 7.16248 
7.16248 7.16248 7.16248 7.16248 7.16248 7.16248 7.16248 7.16248 7.16248 7.16248 
7.16248 7.16248 7.16248 7.16248 7.16248 7.16248 7.16248 7.33127 7.33127 7.33127 
7.33127 7.33127 7.33127 7.33127 7.33127 7.33127 7.33127 7.33127 7.33127 7.33127 
7.33127 7.33127 7.33127 7.33127 7.33127 7.33127 7.33127 7.33127 7.33127 7.33127 
7.33127 7.33127 7.33127 7.33127 7.33127 7.33127 7.33127 7.33127 7.33127 7.33127 
7.33127 7.33127 7.33127 7.33127 7.33127 7.33127 7.33127 7.33127 7.33127 7.33127 
7.33127 7.33127 7.33127 7.33127 7.33127 7.33127 7.33127 7.33127 7.33127 7.33127 
7.33127 7.33127 7.33127 7.33127 7.33127 7.33127 7.33127 7.33127 7.33127 7.33127 
7.33127 7.33127 7.33127 7.33127 7.33127 7.33127 7.33127 7.33127 7.33127 7.33127 
7.33127 7.33127 7.33127 7.33127 7.33127 7.33127 7.33127 7.33127 7.33127 7.33127 
7.33127 7.33127 7.33127 7.33127 7.33127 7.33127 7.33127 7.33127 7.33127 7.33127 
7.33127 7.33127 7.33127 7.33127 7.33127 7.33127 7.33127 7.33127 7.33127 7.33127 
7.33127 7.33127 7.33127 7.33127 7.33127 7.33127 7.33127 7.33127 7.33127 7.33127 
7.33127 7.33127 7.33127 7.33127 7.33127 7.33127 7.33127 7.33127 7.33127 7.33127 
7.33127 7.33127 7.33127 7.33127 7.33127 7.33127 7.33127 7.33127 7.33127 7.33127 
7.33127 7.33127 7.33127 7.33127 7.33127 7.33127 7.33127 7.33127 7.33127 7.33127 
7.33127 7.33127 7.33127 7.33127 7.33127 7.33127 7.33127 7.33127 7.33127 7.33127 
7.33127 7.33127 7.33127 7.33127 7.33127 7.33127 7.33127 7.33127 7.33127 7.33127 
7.33127 7.33127 7.33127 7.33127 7.33127 7.33127 7.33127 7.33127 7.33127 7.33127 
7.33127 7.33127 7.33127 7.33127 7.33127 7.33127 7.33127 7.33127 7.33127 7.33127 
7.33127 7.33127 7.33127 7.33127 7.33127 7.33127 7.33127 7.33127 7.33127 7.33127 
7.33127 7.33127 7.33127 SCALARS Prop_m3 float 1
LOOKUP_TABLE default
19862.9 19862.9 19862.9 19862.9 19862.9 19862.9 19862.9 19862.9 19862.9 
19862.9 19862.9 19862.9 19862.9 19862.9 19862.9 19862.9 19862.9 19862.9 19862.9 
19862.9 19862.9 19862.9 19862.9 19862.9 19862.9 19862.9 19862.9 19862.9 19862.9 
19862.9 19862.9 19862.9 19862.9 19862.9 19862.9 19862.9 19862.9 19862.9 19862.9 
19862.9 19862.9 19862.9 19862.9 19862.9 19862.9 19862.9 19862.9 19862.9 19862.9 
19862.9 19862.9 19862.9 19862.9 19862.9 19862.9 19862.9 19862.9 19862.9 19862.9 
19862.9 19862.9 19862.9 19862.9 19862.9 19862.9 19862.9 19862.9 19862.9 19862.9 
19862.9 19862.9 19862.9 19862.9 19862.9 19862.9 19862.9 19862.9 19862.9 19862.9 
19862.9 19862.9 19862.9 19862.9 19862.9 19862.9 19862.9 19862.9 19862.9 19862.9 
19862.9 19862.9 19862.9 19862.9 19862.9 19862.9 19862.9 19862.9 19862.9 19862.9 
19862.9 19862.9 19862.9 19862.9 19862.9 19862.9 19862.9 19862.9 19862.9 19862.9 
19862.9 19862.9 19862.9 19862.9 19862.9 19862.9 19862.9 19862.9 19862.9 19862.9 
19862.9 19862.9 19862.9 19862.9 19862.9 19862.9 19862.9 19862.9 19862.9 19862.9 
19862.9 19862.9 19862.9 19862.9 19862.9 19862.9 19862.9 19862.9 19862.9 19862.9 
19862.9 19862.9 19862.9 19862.9 19862.9 19862.9 19862.9 19862.9 19862.9 19862.9 
19862.9 19862.9 19862.9 19862.9 19862.9 19862.9 19862.9 19862.9 19862.9 19862.9 
19862.9 19862.9 19862.9 19862.9 19862.9 19862.9 19862.9 19862.9 19862.9 19862.9 
19862.9 19862.9 19862.9 19862.9 19862.9 19862.9 19862.9 19862.9 19862.9 19862.9 
19862.9 19862.9 19862.9 19862.9 19862.9 19862.9 19862.9 19862.9 19862.9 19862.9 
19862.9 19862.9 19862.9 19862.9 19862.9 19862.9 19862.9 11.6497 11.6497 11.6497 
11.6497 11.6497 11.6497 11.6497 11.6497 11.6497 11.6497 11.6497 11.6497 11.6497 
11.6497 11.6497 11.6497 11.6497 11.6497 11.6497 11.6497 11.6497 11.6497 11.6497 
11.6497 11.6497 11.6497 11.6497 11.6497 11.6497 11.6497 11.6497 11.6497 11.6497 
11.6497 11.6497 11.6497 11.6497 11.6497 11.6497 11.6497 11.6497 11.6497 11.6497 
11.6497 11.6497 11.6497 11.6497 11.6497 11.6497 11.6497 11.6497 11.6497 11.6497 
11.6497 11.6497 11.6497 11.6497 11.6497 11.6497 11.6497 11.6497 11.6497 11.6497 
11.6497 11.6497 11.6497 11.6497 11.6497 11.6497 11.6497 11.6497 11.6497 11.6497 
11.6497 11.6497 11.6497 11.6497 11.6497 11.6497 11.6497 11.6497 11.6497 11.6497 
11.6497 11.6497 11.6497 11.6497 11.6497 11.6497 11.6497 11.6497 11.6497 11.6497 
11.6497 11.6497 11.6497 11.6497 11.6497 11.6497 11.6497 11.6497 11.6497 11.6497 
11.6497 11.6497 11.6497 11.6497 11.6497 11.6497 11.6497 11.6497 11.6497 11.6497 
11.6497 11.6497 11.6497 11.6497 11.6497 11.6497 11.6497 11.6497 11.6497 11.6497 
11.6497 11.6497 11.6497 11.6497 11.6497 11.6497 11.6497 11.6497 11.6497 11.6497 
11.6497 11.6497 11.6497 11.6497 11.6497 11.6497 11.6497 11.6497 11.6497 11.6497 
11.6497 11.6497 11.6497 11.6497 11.6497 11.6497 11.6497 11.6497 11.6497 11.6497 
11.6497 11.6497 11.6497 11.6497 11.6497 11.6497 11.6497 11.6497 11.6497 11.6497 
11.6497 11.6497 11.6497 11.6497 11.6497 11.6497 11.6497 11.6497 11.6497 11.6497 
11.6497 11.6497 11.6497 11.6497 11.6497 11.6497 11.6497 11.6497 11.6497 11.6497 
11.6497 11.6497 11.6497 11.6497 11.6497 11.6497 11.6497 11.6497 11.6497 11.6497 
11.6497 11.6497 11.6497 2.16959 2.16959 2.16959 2.16959 2.16959 2.16959 2.16959 
2.16959 2.16959 2.16959 2.16959 2.16959 2.16959 2.16959 2.16959 2.16959 2.16959 
2.16959 2.16959 2.16959 2.16959 2.16959 2.16959 2.16959 2.16959 2.16959 2.16959 
2.16959 2.16959 2.16959 2.16959 2.16959 2.16959 2.16959 2.16959 2.16959 2.16959 
2.16959 2.16959 2.16959 2.16959 2.16959 2.16959 2.16959 2.16959 2.16959 2.16959 
2.16959 2.16959 2.16959 2.16959 2.16959 2.16959 2.16959 2.16959 2.16959 2.16959 
2.16959 2.16959 2.16959 2.16959 2.16959 2.16959 2.16959 2.16959 2.16959 2.16959 
2.16959 2.16959 2.16959 2.16959 2.16959 2.16959 2.16959 2.16959 2.16959 2.16959 
2.16959 2.16959 2.16959 2.16959 2.16959 2.16959 2.16959 2.16959 2.16959 2.16959 
2.16959 2.16959 2.16959 2.16959 2.16959 2.16959 2.16959 2.16959 2.16959 2.16959 
2.16959 2.16959 2.16959 2.16959 2.16959 2.16959 2.16959 2.16959 2.16959 2.16959 
2.16959 2.16959 2.16959 2.16959 2.16959 2.16959 2.16959 2.16959 2.16959 2.16959 
2.16959 2.16959 2.16959 2.16959 2.16959 2.16959 2.16959 2.16959 2.16959 2.16959 
2.16959 2.16959 2.16959 2.16959 2.16959 2.16959 2.16959 2.16959 2.16959 2.16959 
2.16959 2.16959 2.16959 2.16959 2.16959 2.16959 2.16959 2.16959 2.16959 2.16959 
2.16959 2.16959 2.16959 2.16959 2.16959 2.16959 2.16959 2.16959 2.16959 2.16959 
2.16959 2.16959 2.16959 2.16959 2.16959 2.16959 2.16959 2.16959 2.16959 2.16959 
2.16959 2.16959 2.16959 2.16959 2.16959 2.16959 2.16959 2.16959 2.16959 2.16959 
2.16959 2.16959 2.16959 2.16959 2.16959 2.16959 2.16959 2.16959 2.16959 2.16959 
2.16959 2.16959 2.16959 2.16959 2.16959 2.16959 2.16959 2.16959 2.16959 4.1617 
4.1617 4.1617 4.1617 4.1617 4.1617 4.1617 4.1617 4.1617 4.1617 4.1617 
4.1617 4.1617 4.1617 4.1617 4.1617 4.1617 4.1617 4.1617 4.1617 4.1617 
4.1617 4.1617 4.1617 4.1617 4.1617 4.1617 4.1617 4.1617 4.1617 4.1617 
4.1617 4.1617 4.1617 4.1617 4.1617 4.1617 4.1617 4.1617 4.1617 4.1617 
4.1617 4.1617 4.1617 4.1617 4.1617 4.1617 4.1617 4.1617 4.1617 4.1617 
4.1617 4.1617 4.1617 4.1617 4.1617 4.1617 4.1617 4.1617 4.1617 4.1617 
4.1617 4.1617 4.1617 4.1617 4.1617 4.1617 4.1617 4.1617 4.1617 4.1617 
4.1617 4.1617 4.1617 4.1617 4.1617 4.1617 4.1617 4.1617 4.1617 4.1617 
4.1617 4.1617 4.1617 4.1617 4.1617 4.1617 4.1617 4.1617 4.1617 4.1617 
4.1617 4.1617 4.1617 4.1617 4.1617 4.1617 4.1617 4.1617 4.1617 4.1617 
4.1617 4.1617 4.1617 4.1617 4.1617 4.1617 4.1617 4.1617 4.1617 4.1617 
4.1617 4.1617 4.1617 4.1617 4.1617 4.1617 4.1617 4.1617 4.1617 4.1617 
4.1617 4.1617 4.1617 4.1617 4.1617 4.1617 4.1617 4.1617 4.1617 4.1617 
4.1617 4.1617 4.1617 4.1617 4.1617 4.1617 4.1617 4.1617 4.1617 4.1617 
4.1617 4.1617 4.1617 4.1617 4.1617 4.1617 4.1617 4.1617 4.1617 4.1617 
4.1617 4.1617 4.1617 4.1617 4.1617 4.1617 4.1617 4.1617 4.1617 4.1617 
4.1617 4.1617 4.1617 4.1617 4.1617 4.1617 4.1617 4.1617 4.1617 4.1617 
4.1617 4.1617 4.1617 4.1617 4.1617 4.1617 4.1617 4.1617 4.1617 4.1617 
4.1617 4.1617 4.1617 4.1617 4.1617 4.1617 4.1617 4.1617 4.1617 4.1617 
4.1617 4.1617 4.1617 4.1617 4.1617 12.7485 12.7485 12.7485 12.7485 12.7485 
12.7485 12.7485 12.7485 12.7485 12.7485 12.7485 12.7485 12.7485 12.7485 12.7485 
12.7485 12.7485 12.7485 12.7485 12.7485 12.7485 12.7485 12.7485 12.7485 12.7485 
12.7485 12.7485 12.7485 12.7485 12.7485 12.7485 12.7485 12.7485 12.7485 12.7485 
12.7485 12.7485 12.7485 12.7485 12.7485 12.7485 12.7485 12.7485 12.7485 12.7485 
12.7485 12.7485 12.7485 12.7485 12.7485 12.7485 12.7485 12.7485 12.7485 12.7485 
12.7485 12.7485 12.7485 12.7485 12.7485 12.7485 12.7485 12.7485 12.7485 12.7485 
12.7485 12.7485 12.7485 12.7485 12.7485 12.7485 12.7485 12.7485 12.7485 12.7485 
12.7485 12.7485 12.7485 12.7485 12.7485 12.7485 12.7485 12.7485 12.7485 12.7485 
12.7485 12.7485 12.7485 12.7485 12.7485 12.7485 12.7485 12.7485 12.7485 12.7485 
12.7485 12.7485 12.7485 12.7485 12.7485 12.7485 12.7485 12.7485 12.7485 12.7485 
12.7485 12.7485 12.7485 12.7485 12.7485 12.7485 12.7485 12.7485 12.7485 12.7485 
12.7485 12.7485 12.7485 12.7485 12.7485 12.7485 12.7485 12.7485 12.7485 12.7485 
12.7485 12.7485 12.7485 12.7485 12.7485 12.7485 12.7485 12.7485 12.7485 12.7485 
12.7485 12.7485 12.7485 12.7485 12.7485 12.7485 12.7485 12.7485 12.7485 12.7485 
12.7485 12.7485 12.7485 12.7485 12.7485 12.7485 12.7485 12.7485 12.7485 12.7485 
12.7485 12.7485 12.7485 12.7485 12.7485 12.7485 12.7485 12.7485 12.7485 12.7485 
12.7485 12.7485 12.7485 12.7485 12.7485 12.7485 12.7485 12.7485 12.7485 12.7485 
12.7485 12.7485 12.7485 12.7485 12.7485 12.7485 12.7485 12.7485 12.7485 12.7485 
12.7485 12.7485 12.7485 12.7485 12.7485 12.7485 12.7485 12.7485 12.7485 12.7485 
12.7485 1441.85 1441.85 1441.85 1441.85 1441.85 1441.85 1441.85 1441.85 1441.85 
1441.85 1441.85 1441.85 1441.85 1441.85 1441.85 1441.85 1441.85 1441.85 1441.85 
1441.85 1441.85 1441.85 1441.85 1441.85 1441.85 1441.85 1441.85 1441.85 1441.85 
1441.85 1441.85 1441.85 1441.85 1441.85 1441.85 1441.85 1441.85 1441.85 1441.85 
1441.85 1441.85 1441.85 1441.85 1441.85 1441.85 1441.85 1441.85 1441.85 1441.85 
1441.85 1441.85 1441.85 1441.85 1441.85 1441.85 1441.85 1441.85 1441.85 1441.85 
1441.85 1441.85 1441.85 1441.85 1441.85 1441.85 1441.85 1441.85 1441.85 1441.85 
1441.85 1441.85 1441.85 1441.85 1441.85 1441.85 1441.85 1441.85 1441.85 1441.85 
1441.85 1441.85 1441.85 1441.85 1441.85 1441.85 1441.85 1441.85 1441.85 1441.85 
1441.85 1441.85 1441.85 1441.85 1441.85 1441.85 1441.85 1441.85 1441.85 1441.85 
1441.85 1441.85 1441.85 1441.85 1441.85 1441.85 1441.85 1441.85 1441.85 1441.85 
1441.85 1441.85 1441.85 1441.85 1441.85 1441.85 1441.85 1441.85 1441.85 1441.85 
1441.85 1441.85 1441.85 1441.85 1441.85 1441.85 1441.85 1441.85 1441.85 1441.85 
1441.85 1441.85 1441.85 1441.85 1441.85 1441.85 1441.85 1441.85 1441.85 1441.85 
1441.85 1441.85 1441.85 1441.85 1441.85 1441.85 1441.85 1441.85 1441.85 1441.85 
1441.85 1441.85 1441.85 1441.85 1441.85 1441.85 1441.85 1441.85 1441.85 1441.85 
1441.85 1441.85 1441.85 1441.85 1441.85 1441.85 1441.85 1441.85 1441.85 1441.85 
1441.85 1441.85 1441.85 1441.85 1441.85 1441.85 1441.85 1441.85 1441.85 1441.85 
1441.85 1441.85 1441.85 1441.85 1441.85 1441.85 1441.85 1441.85 1441.85 1441.85 
1441.85 1441.85 1441.85 1441.85 1441.85 1441.85 1441.85 220.328 220.328 220.328 
220.328 220.328 220.328 220.328 220.328 220.328 220.328 220.328 220.328 220.328 
220.328 220.328 220.328 220.328 220.328 220.328 220.328 220.328 220.328 220.328 
220.328 220.328 220.328 220.328 220.328 220.328 220.328 220.328 220.328 220.328 
220.328 220.328 220.328 220.328 220.328 220.328 220.328 220.328 220.328 220.328 
220.328 220.328 220.328 220.328 220.328 220.328 220.328 220.328 220.328 220.328 
220.328 220.328 220.328 220.328 220.328 220.328 220.328 220.328 220.328 220.328 
220.328 220.328 220.328 220.328 220.328 220.328 220.328 220.328 220.328 220.328 
220.328 220.328 220.328 220.328 220.328 220.328 220.328 220.328 220.328 220.328 
220.328 220.328 220.328 220.328 220.328 220.328 220.328 220.328 220.328 220.328 
220.328 220.328 220.328 220.328 220.328 220.328 220.328 220.328 220.328 220.328 
220.328 220.328 220.328 220.328 220.328 220.328 220.328 220.328 220.328 220.328 
220.328 220.328 220.328 220.328 220.328 220.328 220.328 220.328 220.328 220.328 
220.328 220.328 220.328 220.328 220.328 220.328 220.328 220.328 220.328 220.328 
220.328 220.328 220.328 220.328 220.328 220.328 220.328 220.328 220.328 220.328 
220.328 220.328 220.328 220.328 220.328 220.328 220.328 220.328 220.328 220.328 
220.328 220.328 220.328 220.328 220.328 220.328 220.328 220.328 220.328 220.328 
220.328 220.328 220.328 220.328 220.328 220.328 220.328 220.328 220.328 220.328 
220.328 220.328 220.328 220.328 220.328 220.328 220.328 220.328 220.328 220.328 
220.328 220.328 220.328 220.328 220.328 220.328 220.328 220.328 220.328 220.328 
220.328 220.328 220.328 52.8295 52.8295 52.8295 52.8295 52.8295 52.8295 52.8295 
52.8295 52.8295 52.8295 52.8295 52.8295 52.8295 52.8295 52.8295 52.8295 52.8295 
52.8295 52.8295 52.8295 52.8295 52.8295 52.8295 52.8295 52.8295 52.8295 52.8295 
52.8295 52.8295 52.8295 52.8295 52.8295 52.8295 52.8295 52.8295 52.8295 52.8295 
52.8295 52.8295 52.8295 52.8295 52.8295 52.8295 52.8295 52.8295 52.8295 52.8295 
52.8295 52.8295 52.8295 52.8295 52.8295 52.8295 52.8295 52.8295 52.8295 52.8295 
52.8295 52.8295 52.8295 52.8295 52.8295 52.8295 52.8295 52.8295 52.8295 52.8295 
52.8295 52.8295 52.8295 52.8295 52.8295 52.8295 52.8295 52.8295 52.8295 52.8295 
52.8295 52.8295 52.8295 52.8295 52.8295 52.8295 52.8295 52.8295 52.8295 52.8295 
52.8295 52.8295 52.8295 52.8295 52.8295 52.8295 52.8295 52.8295 52.8295 52.8295 
52.8295 52.8295 52.8295 52.8295 52.8295 52.8295 52.8295 52.8295 52.8295 52.8295 
52.8295 52.8295 52.8295 52.8295 52.8295 52.8295 52.8295 52.8295 52.8295 52.8295 
52.8295 52.8295 52.8295 52.8295 52.8295 52.8295 52.8295 52.8295 52.8295 52.8295 
52.8295 52.8295 52.8295 52.8295 52.8295 52.8295 52.8295 52.8295 52.8295 52.8295 
52.8295 52.8295 52.8295 52.8295 52.8295 52.8295 52.8295 52.8295 52.8295 52.8295 
52.8295 52.8295 52.8295 52.8295 52.8295 52.8295 52.8295 52.8295 52.8295 52.8295 
52.8295 52.8295 52.8295 52.8295 52.8295 52.8295 52.8295 52.8295 52.8295 52.8295 
52.8295 52.8295 52.8295 52.8295 52.8295 52.8295 52.8295 52.8295 52.8295 52.8295 
52.8295 52.8295 52.8295 52.8295 52.8295 52.8295 52.8295 52.8295 52.8295 52.8295 
52.8295 52.8295 52.8295 52.8295 52.8295 52.8295 52.8295 52.8295 52.8295 25.5668 
25.5668 25.5668 25.5668 25.5668 25.5668 25.5668 25.5668 25.5668 25.5668 25.5668 
25.5668 25.5668 25.5668 25.5668 25.5668 25.5668 25.5668 25.5668 25.5668 25.5668 
25.5668 25.5668 25.5668 25.5668 25.5668 25.5668 25.5668 25.5668 25.5668 25.5668 
25.5668 25.5668 25.5668 25.5668 25.5668 25.5668 25.5668 25.5668 25.5668 25.5668 
25.5668 25.5668 25.5668 25.5668 25.5668 25.5668 25.5668 25.5668 25.5668 25.5668 
25.5668 25.5668 25.5668 25.5668 25.5668 25.5668 25.5668 25.5668 25.5668 25.5668 
25.5668 25.5668 25.5668 25.5668 25.5668 25.5668 25.5668 25.5668 25.5668 25.5668 
25.5668 25.5668 25.5668 25.5668 25.5668 25.5668 25.5668 25.5668 25.5668 25.5668 
25.5668 25.5668 25.5668 25.5668 25.5668 25.5668 25.5668 25.5668 25.5668 25.5668 
25.5668 25.5668 25.5668 25.5668 25.5668 25.5668 25.5668 25.5668 25.5668 25.5668 
25.5668 25.5668 25.5668 25.5668 25.5668 25.5668 25.5668 25.5668 25.5668 25.5668 
25.5668 25.5668 25.5668 25.5668 25.5668 25.5668 25.5668 25.5668 25.5668 25.5668 
25.5668 25.5668 25.5668 25.5668 25.5668 25.5668 25.5668 25.5668 25.5668 25.5668 
25.5668 25.5668 25.5668 25.5668 25.5668 25.5668 25.5668 25.5668 25.5668 25.5668 
25.5668 25.5668 25.5668 25.5668 25.5668 25.5668 25.5668 25.5668 25.5668 25.5668 
25.5668 25.5668 25.5668 25.5668 25.5668 25.5668 25.5668 25.5668 25.5668 25.5668 
25.5668 25.5668 25.5668 25.5668 25.5668 25.5668 25.5668 25.5668 25.5668 25.5668 
25.5668 25.5668 25.5668 25.5668 25.5668 25.5668 25.5668 25.5668 25.5668 25.5668 
25.5668 25.5668 25.5668 25.5668 25.5668 25.5668 25.5668 25.5668 25.5668 25.5668 
25.5668 25.5668 25.5668 25.5668 25.5668 398.037 398.037 398.037 398.037 398.037 
398.037 398.037 398.037 398.037 398.037 398.037 398.037 398.037 398.037 398.037 
398.037 398.037 398.037 398.037 398.037 398.037 398.037 398.037 398.037 398.037 
398.037 398.037 398.037 398.037 398.037 398.037 398.037 398.037 398.037 398.037 
398.037 398.037 398.037 398.037 398.037 398.037 398.037 398.037 398.037 398.037 
398.037 398.037 398.037 398.037 398.037 398.037 398.037 398.037 398.037 398.037 
398.037 398.037 398.037 398.037 398.037 398.037 398.037 398.037 398.037 398.037 
398.037 398.037 398.037 398.037 398.037 398.037 398.037 398.037 398.037 398.037 
398.037 398.037 398.037 398.037 398.037 398.037 398.037 398.037 398.037 398.037 
398.037 398.037 398.037 398.037 398.037 398.037 398.037 398.037 398.037 398.037 
398.037 398.037 398.037 398.037 398.037 398.037 398.037 398.037 398.037 398.037 
398.037 398.037 398.037 398.037 398.037 398.037 398.037 398.037 398.037 398.037 
398.037 398.037 398.037 398.037 398.037 398.037 398.037 398.037 398.037 398.037 
398.037 398.037 398.037 398.037 398.037 398.037 398.037 398.037 398.037 398.037 
398.037 398.037 398.037 398.037 398.037 398.037 398.037 398.037 398.037 398.037 
398.037 398.037 398.037 398.037 398.037 398.037 398.037 398.037 398.037 398.037 
398.037 398.037 398.037 398.037 398.037 398.037 398.037 398.037 398.037 398.037 
398.037 398.037 398.037 398.037 398.037 398.037 398.037 398.037 398.037 398.037 
398.037 398.037 398.037 398.037 398.037 398.037 398.037 398.037 398.037 398.037 
398.037 398.037 398.037 398.037 398.037 398.037 398.037 398.037 398.037 398.037 
398.037 1496 1496 1496 1496 1496 1496 1496 1496 1496 
1496 1496 1496 1496 1496 1496 1496 1496 1496 1496 
1496 1496 1496 1496 1496 1496 1496 1496 1496 1496 
1496 1496 1496 1496 1496 1496 1496 1496 1496 1496 
1496 1496 1496 1496 1496 1496 1496 1496 1496 1496 
1496 1496 1496 1496 1496 1496 1496 1496 1496 1496 
1496 1496 1496 1496 1496 1496 1496 1496 1496 1496 
1496 1496 1496 1496 1496 1496 1496 1496 1496 1496 
1496 1496 1496 1496 1496 1496 1496 1496 1496 1496 
1496 1496 1496 1496 1496 1496 1496 1496 1496 1496 
1496 1496 1496 1496 1496 1496 1496 1496 1496 1496 
1496 1496 1496 1496 1496 1496 1496 1496 1496 1496 
1496 1496 1496 1496 1496 1496 1496 1496 1496 1496 
1496 1496 1496 1496 1496 1496 1496 1496 1496 1496 
1496 1496 1496 1496 1496 1496 1496 1496 1496 1496 
1496 1496 1496 1496 1496 1496 1496 1496 1496 1496 
1496 1496 1496 1496 1496 1496 1496 1496 1496 1496 
1496 1496 1496 1496 1496 1496 1496 1496 1496 1496 
1496 1496 1496 1496 1496 1496 1496 1496 1496 1496 
1496 1496 1496 1496 1496 1496 1496 1531.26 1531.26 1531.26 
1531.26 1531.26 1531.26 1531.26 1531.26 1531.26 1531.26 1531.26 1531.26 1531.26 
1531.26 1531.26 1531.26 1531.26 1531.26 1531.26 1531.26 1531.26 1531.26 1531.26 
1531.26 1531.26 1531.26 1531.26 1531.26 1531.26 1531.26 1531.26 1531.26 1531.26 
1531.26 1531.26 1531.26 1531.26 1531.26 1531.26 1531.26 1531.26 1531.26 1531.26 
1531.26 1531.26 1531.26 1531.26 1531.26 1531.26 1531.26 1531.26 1531.26 1531.26 
1531.26 1531.26 1531.26 1531.26 1531.26 1531.26 1531.26 1531.26 1531.26 1531.26 
1531.26 1531.26 1531.26 1531.26 1531.26 1531.26 1531.26 1531.26 1531.26 1531.26 
1531.26 1531.26 1531.26 1531.26 1531.26 1531.26 1531.26 1531.26 1531.26 1531.26 
1531.26 1531.26 1531.26 1531.26 1531.26 1531.26 1531.26 1531.26 1531.26 1531.26 
1531.26 1531.26 1531.26 1531.26 1531.26 1531.26 1531.26 1531.26 1531.26 1531.26 
1531.26 1531.26 1531.26 1531.26 1531.26 1531.26 1531.26 1531.26 1531.26 1531.26 
1531.26 1531.26 1531.26 1531.26 1531.26 1531.26 1531.26 1531.26 1531.26 1531.26 
1531.26 1531.26 1531.26 1531.26 1531.26 1531.26 1531.26 1531.26 1531.26 1531.26 
1531.26 1531.26 1531.26 1531.26 1531.26 1531.26 1531.26 1531.26 1531.26 1531.26 
1531.26 1531.26 1531.26 1531.26 1531.26 1531.26 1531.26 1531.26 1531.26 1531.26 
1531.26 1531.26 1531.26 1531.26 1531.26 1531.26 1531.26 1531.26 1531.26 1531.26 
1531.26 1531.26 1531.26 1531.26 1531.26 1531.26 1531.26 1531.26 1531.26 1531.26 
1531.26 1531.26 1531.26 1531.26 1531.26 1531.26 1531.26 1531.26 1531.26 1531.26 
1531.26 1531.26 1531.26 1531.26 1531.26 1531.26 1531.26 1531.26 1531.26 1531.26 
1531.26 1531.26 1531.26 
