# vtk DataFile Version 2.0
vtkObjects
ASCII
DATASET UNSTRUCTURED_GRID
POINTS 3560 float
-264.625 -1.5465 92.8115
-261.424 -1.5465 92.8115
-264.625 1.6535 92.8115
-261.424 1.6535 92.8115
-264.625 -1.5465 96.0115
-261.424 -1.5465 96.0115
-264.625 1.6535 96.0115
-261.424 1.6535 96.0115
-263.024 -0.935354 91.8226
-263.024 1.04235 91.8226
-263.024 -0.935354 97.0004
-263.024 1.04235 97.0004
-264.013 -2.53535 94.4115
-262.036 -2.53535 94.4115
-264.013 2.64235 94.4115
-262.036 2.64235 94.4115
-265.613 0.0535 93.4226
-265.613 0.0535 95.4004
-260.436 0.0535 93.4226
-260.436 0.0535 95.4004
-264.625 -1.5465 96.0115
-261.424 -1.5465 96.0115
-264.625 1.6535 96.0115
-261.424 1.6535 96.0115
-264.625 -1.5465 99.2115
-261.424 -1.5465 99.2115
-264.625 1.6535 99.2115
-261.424 1.6535 99.2115
-263.024 -0.935354 95.0226
-263.024 1.04235 95.0226
-263.024 -0.935354 100.2
-263.024 1.04235 100.2
-264.013 -2.53535 97.6115
-262.036 -2.53535 97.6115
-264.013 2.64235 97.6115
-262.036 2.64235 97.6115
-265.613 0.0535 96.6226
-265.613 0.0535 98.6004
-260.436 0.0535 96.6226
-260.436 0.0535 98.6004
-260.578 -1.5475 91.3345
-257.378 -1.5475 91.3345
-260.578 1.6525 91.3345
-257.378 1.6525 91.3345
-260.578 -1.5475 94.5345
-257.378 -1.5475 94.5345
-260.578 1.6525 94.5345
-257.378 1.6525 94.5345
-258.978 -0.936354 90.3456
-258.978 1.04135 90.3456
-258.978 -0.936354 95.5234
-258.978 1.04135 95.5234
-259.967 -2.53635 92.9345
-257.989 -2.53635 92.9345
-259.967 2.64135 92.9345
-257.989 2.64135 92.9345
-261.567 0.0525 91.9456
-261.567 0.0525 93.9234
-256.389 0.0525 91.9456
-256.389 0.0525 93.9234
-260.578 -1.5475 94.5345
-257.378 -1.5475 94.5345
-260.578 1.6525 94.5345
-257.378 1.6525 94.5345
-260.578 -1.5475 97.7345
-257.378 -1.5475 97.7345
-260.578 1.6525 97.7345
-257.378 1.6525 97.7345
-258.978 -0.936354 93.5456
-258.978 1.04135 93.5456
-258.978 -0.936354 98.7234
-258.978 1.04135 98.7234
-259.967 -2.53635 96.1345
-257.989 -2.53635 96.1345
-259.967 2.64135 96.1345
-257.989 2.64135 96.1345
-261.567 0.0525 95.1456
-261.567 0.0525 97.1234
-256.389 0.0525 95.1456
-256.389 0.0525 97.1234
-183.694 -1.563 63.2695
-180.494 -1.563 63.2695
-183.694 1.637 63.2695
-180.494 1.637 63.2695
-183.694 -1.563 66.4695
-180.494 -1.563 66.4695
-183.694 1.637 66.4695
-180.494 1.637 66.4695
-182.094 -0.951854 62.2806
-182.094 1.02585 62.2806
-182.094 -0.951854 67.4584
-182.094 1.02585 67.4584
-183.083 -2.55185 64.8695
-181.105 -2.55185 64.8695
-183.083 2.62585 64.8695
-181.105 2.62585 64.8695
-184.683 0.037 63.8806
-184.683 0.037 65.8584
-179.505 0.037 63.8806
-179.505 0.037 65.8584
-183.694 -1.563 66.4695
-180.494 -1.563 66.4695
-183.694 1.637 66.4695
-180.494 1.637 66.4695
-183.694 -1.563 69.6695
-180.494 -1.563 69.6695
-183.694 1.637 69.6695
-180.494 1.637 69.6695
-182.094 -0.951854 65.4806
-182.094 1.02585 65.4806
-182.094 -0.951854 70.6584
-182.094 1.02585 70.6584
-183.083 -2.55185 68.0695
-181.105 -2.55185 68.0695
-183.083 2.62585 68.0695
-181.105 2.62585 68.0695
-184.683 0.037 67.0806
-184.683 0.037 69.0584
-179.505 0.037 67.0806
-179.505 0.037 69.0584
-179.648 -1.5635 61.7925
-176.448 -1.5635 61.7925
-179.648 1.6365 61.7925
-176.448 1.6365 61.7925
-179.648 -1.5635 64.9925
-176.448 -1.5635 64.9925
-179.648 1.6365 64.9925
-176.448 1.6365 64.9925
-178.048 -0.952354 60.8036
-178.048 1.02535 60.8036
-178.048 -0.952354 65.9814
-178.048 1.02535 65.9814
-179.036 -2.55235 63.3925
-177.059 -2.55235 63.3925
-179.036 2.62535 63.3925
-177.059 2.62535 63.3925
-180.636 0.0365 62.4036
-180.636 0.0365 64.3814
-175.459 0.0365 62.4036
-175.459 0.0365 64.3814
-179.648 -1.5635 64.9925
-176.448 -1.5635 64.9925
-179.648 1.6365 64.9925
-176.448 1.6365 64.9925
-179.648 -1.5635 68.1925
-176.448 -1.5635 68.1925
-179.648 1.6365 68.1925
-176.448 1.6365 68.1925
-178.048 -0.952354 64.0036
-178.048 1.02535 64.0036
-178.048 -0.952354 69.1814
-178.048 1.02535 69.1814
-179.036 -2.55235 66.5925
-177.059 -2.55235 66.5925
-179.036 2.62535 66.5925
-177.059 2.62535 66.5925
-180.636 0.0365 65.6036
-180.636 0.0365 67.5814
-175.459 0.0365 65.6036
-175.459 0.0365 67.5814
-102.763 -1.5795 33.7275
-99.563 -1.5795 33.7275
-102.763 1.6205 33.7275
-99.563 1.6205 33.7275
-102.763 -1.5795 36.9275
-99.563 -1.5795 36.9275
-102.763 1.6205 36.9275
-99.563 1.6205 36.9275
-101.163 -0.968354 32.7386
-101.163 1.00935 32.7386
-101.163 -0.968354 37.9164
-101.163 1.00935 37.9164
-102.152 -2.56835 35.3275
-100.174 -2.56835 35.3275
-102.152 2.60935 35.3275
-100.174 2.60935 35.3275
-103.752 0.0205 34.3386
-103.752 0.0205 36.3164
-98.5741 0.0205 34.3386
-98.5741 0.0205 36.3164
-102.763 -1.5795 36.9275
-99.563 -1.5795 36.9275
-102.763 1.6205 36.9275
-99.563 1.6205 36.9275
-102.763 -1.5795 40.1275
-99.563 -1.5795 40.1275
-102.763 1.6205 40.1275
-99.563 1.6205 40.1275
-101.163 -0.968354 35.9386
-101.163 1.00935 35.9386
-101.163 -0.968354 41.1164
-101.163 1.00935 41.1164
-102.152 -2.56835 38.5275
-100.174 -2.56835 38.5275
-102.152 2.60935 38.5275
-100.174 2.60935 38.5275
-103.752 0.0205 37.5386
-103.752 0.0205 39.5164
-98.5741 0.0205 37.5386
-98.5741 0.0205 39.5164
-98.7165 -1.58 32.2505
-95.5165 -1.58 32.2505
-98.7165 1.62 32.2505
-95.5165 1.62 32.2505
-98.7165 -1.58 35.4505
-95.5165 -1.58 35.4505
-98.7165 1.62 35.4505
-95.5165 1.62 35.4505
-97.1165 -0.968854 31.2616
-97.1165 1.00885 31.2616
-97.1165 -0.968854 36.4394
-97.1165 1.00885 36.4394
-98.1054 -2.56885 33.8505
-96.1276 -2.56885 33.8505
-98.1054 2.60885 33.8505
-96.1276 2.60885 33.8505
-99.7054 0.02 32.8616
-99.7054 0.02 34.8394
-94.5276 0.02 32.8616
-94.5276 0.02 34.8394
-98.7165 -1.58 35.4505
-95.5165 -1.58 35.4505
-98.7165 1.62 35.4505
-95.5165 1.62 35.4505
-98.7165 -1.58 38.6505
-95.5165 -1.58 38.6505
-98.7165 1.62 38.6505
-95.5165 1.62 38.6505
-97.1165 -0.968854 34.4616
-97.1165 1.00885 34.4616
-97.1165 -0.968854 39.6394
-97.1165 1.00885 39.6394
-98.1054 -2.56885 37.0505
-96.1276 -2.56885 37.0505
-98.1054 2.60885 37.0505
-96.1276 2.60885 37.0505
-99.7054 0.02 36.0616
-99.7054 0.02 38.0394
-94.5276 0.02 36.0616
-94.5276 0.02 38.0394
-21.8325 -1.596 4.1855
-18.6325 -1.596 4.1855
-21.8325 1.604 4.1855
-18.6325 1.604 4.1855
-21.8325 -1.596 7.3855
-18.6325 -1.596 7.3855
-21.8325 1.604 7.3855
-18.6325 1.604 7.3855
-20.2325 -0.984854 3.19665
-20.2325 0.992854 3.19665
-20.2325 -0.984854 8.37435
-20.2325 0.992854 8.37435
-21.2214 -2.58485 5.7855
-19.2436 -2.58485 5.7855
-21.2214 2.59285 5.7855
-19.2436 2.59285 5.7855
-22.8214 0.004 4.79665
-22.8214 0.004 6.77435
-17.6436 0.004 4.79665
-17.6436 0.004 6.77435
-21.8325 -1.596 7.3855
-18.6325 -1.596 7.3855
-21.8325 1.604 7.3855
-18.6325 1.604 7.3855
-21.8325 -1.596 10.5855
-18.6325 -1.596 10.5855
-21.8325 1.604 10.5855
-18.6325 1.604 10.5855
-20.2325 -0.984854 6.39665
-20.2325 0.992854 6.39665
-20.2325 -0.984854 11.5744
-20.2325 0.992854 11.5744
-21.2214 -2.58485 8.9855
-19.2436 -2.58485 8.9855
-21.2214 2.59285 8.9855
-19.2436 2.59285 8.9855
-22.8214 0.004 7.99665
-22.8214 0.004 9.97435
-17.6436 0.004 7.99665
-17.6436 0.004 9.97435
-17.786 -1.5965 2.7085
-14.586 -1.5965 2.7085
-17.786 1.6035 2.7085
-14.586 1.6035 2.7085
-17.786 -1.5965 5.9085
-14.586 -1.5965 5.9085
-17.786 1.6035 5.9085
-14.586 1.6035 5.9085
-16.186 -0.985354 1.71965
-16.186 0.992354 1.71965
-16.186 -0.985354 6.89735
-16.186 0.992354 6.89735
-17.1749 -2.58535 4.3085
-15.1971 -2.58535 4.3085
-17.1749 2.59235 4.3085
-15.1971 2.59235 4.3085
-18.7749 0.0035 3.31965
-18.7749 0.0035 5.29735
-13.5971 0.0035 3.31965
-13.5971 0.0035 5.29735
-17.786 -1.5965 5.9085
-14.586 -1.5965 5.9085
-17.786 1.6035 5.9085
-14.586 1.6035 5.9085
-17.786 -1.5965 9.1085
-14.586 -1.5965 9.1085
-17.786 1.6035 9.1085
-14.586 1.6035 9.1085
-16.186 -0.985354 4.91965
-16.186 0.992354 4.91965
-16.186 -0.985354 10.0974
-16.186 0.992354 10.0974
-17.1749 -2.58535 7.5085
-15.1971 -2.58535 7.5085
-17.1749 2.59235 7.5085
-15.1971 2.59235 7.5085
-18.7749 0.0035 6.51965
-18.7749 0.0035 8.49735
-13.5971 0.0035 6.51965
-13.5971 0.0035 8.49735
59.098 -1.6125 -25.3565
62.298 -1.6125 -25.3565
59.098 1.5875 -25.3565
62.298 1.5875 -25.3565
59.098 -1.6125 -22.1565
62.298 -1.6125 -22.1565
59.098 1.5875 -22.1565
62.298 1.5875 -22.1565
60.698 -1.00135 -26.3454
60.698 0.976354 -26.3454
60.698 -1.00135 -21.1676
60.698 0.976354 -21.1676
59.7091 -2.60135 -23.7565
61.6869 -2.60135 -23.7565
59.7091 2.57635 -23.7565
61.6869 2.57635 -23.7565
58.1091 -0.0125 -24.7454
58.1091 -0.0125 -22.7676
63.2869 -0.0125 -24.7454
63.2869 -0.0125 -22.7676
59.098 -1.6125 -22.1565
62.298 -1.6125 -22.1565
59.098 1.5875 -22.1565
62.298 1.5875 -22.1565
59.098 -1.6125 -18.9565
62.298 -1.6125 -18.9565
59.098 1.5875 -18.9565
62.298 1.5875 -18.9565
60.698 -1.00135 -23.1454
60.698 0.976354 -23.1454
60.698 -1.00135 -17.9676
60.698 0.976354 -17.9676
59.7091 -2.60135 -20.5565
61.6869 -2.60135 -20.5565
59.7091 2.57635 -20.5565
61.6869 2.57635 -20.5565
58.1091 -0.0125 -21.5454
58.1091 -0.0125 -19.5676
63.2869 -0.0125 -21.5454
63.2869 -0.0125 -19.5676
63.1445 -1.613 -26.8335
66.3445 -1.613 -26.8335
63.1445 1.587 -26.8335
66.3445 1.587 -26.8335
63.1445 -1.613 -23.6335
66.3445 -1.613 -23.6335
63.1445 1.587 -23.6335
66.3445 1.587 -23.6335
64.7445 -1.00185 -27.8224
64.7445 0.975854 -27.8224
64.7445 -1.00185 -22.6446
64.7445 0.975854 -22.6446
63.7556 -2.60185 -25.2335
65.7334 -2.60185 -25.2335
63.7556 2.57585 -25.2335
65.7334 2.57585 -25.2335
62.1556 -0.013 -26.2224
62.1556 -0.013 -24.2446
67.3334 -0.013 -26.2224
67.3334 -0.013 -24.2446
63.1445 -1.613 -23.6335
66.3445 -1.613 -23.6335
63.1445 1.587 -23.6335
66.3445 1.587 -23.6335
63.1445 -1.613 -20.4335
66.3445 -1.613 -20.4335
63.1445 1.587 -20.4335
66.3445 1.587 -20.4335
64.7445 -1.00185 -24.6224
64.7445 0.975854 -24.6224
64.7445 -1.00185 -19.4446
64.7445 0.975854 -19.4446
63.7556 -2.60185 -22.0335
65.7334 -2.60185 -22.0335
63.7556 2.57585 -22.0335
65.7334 2.57585 -22.0335
62.1556 -0.013 -23.0224
62.1556 -0.013 -21.0446
67.3334 -0.013 -23.0224
67.3334 -0.013 -21.0446
140.029 -1.629 -54.8985
143.228 -1.629 -54.8985
140.029 1.571 -54.8985
143.228 1.571 -54.8985
140.029 -1.629 -51.6985
143.228 -1.629 -51.6985
140.029 1.571 -51.6985
143.228 1.571 -51.6985
141.629 -1.01785 -55.8874
141.629 0.959854 -55.8874
141.629 -1.01785 -50.7096
141.629 0.959854 -50.7096
140.64 -2.61785 -53.2985
142.617 -2.61785 -53.2985
140.64 2.55985 -53.2985
142.617 2.55985 -53.2985
139.04 -0.029 -54.2874
139.04 -0.029 -52.3096
144.217 -0.029 -54.2874
144.217 -0.029 -52.3096
140.029 -1.629 -51.6985
143.228 -1.629 -51.6985
140.029 1.571 -51.6985
143.228 1.571 -51.6985
140.029 -1.629 -48.4985
143.228 -1.629 -48.4985
140.029 1.571 -48.4985
143.228 1.571 -48.4985
141.629 -1.01785 -52.6874
141.629 0.959854 -52.6874
141.629 -1.01785 -47.5096
141.629 0.959854 -47.5096
140.64 -2.61785 -50.0985
142.617 -2.61785 -50.0985
140.64 2.55985 -50.0985
142.617 2.55985 -50.0985
139.04 -0.029 -51.0874
139.04 -0.029 -49.1096
144.217 -0.029 -51.0874
144.217 -0.029 -49.1096
144.075 -1.6295 -56.3755
147.275 -1.6295 -56.3755
144.075 1.5705 -56.3755
147.275 1.5705 -56.3755
144.075 -1.6295 -53.1755
147.275 -1.6295 -53.1755
144.075 1.5705 -53.1755
147.275 1.5705 -53.1755
145.675 -1.01835 -57.3644
145.675 0.959354 -57.3644
145.675 -1.01835 -52.1866
145.675 0.959354 -52.1866
144.686 -2.61835 -54.7755
146.664 -2.61835 -54.7755
144.686 2.55935 -54.7755
146.664 2.55935 -54.7755
143.086 -0.0295 -55.7644
143.086 -0.0295 -53.7866
148.264 -0.0295 -55.7644
148.264 -0.0295 -53.7866
144.075 -1.6295 -53.1755
147.275 -1.6295 -53.1755
144.075 1.5705 -53.1755
147.275 1.5705 -53.1755
144.075 -1.6295 -49.9755
147.275 -1.6295 -49.9755
144.075 1.5705 -49.9755
147.275 1.5705 -49.9755
145.675 -1.01835 -54.1644
145.675 0.959354 -54.1644
145.675 -1.01835 -48.9866
145.675 0.959354 -48.9866
144.686 -2.61835 -51.5755
146.664 -2.61835 -51.5755
144.686 2.55935 -51.5755
146.664 2.55935 -51.5755
143.086 -0.0295 -52.5644
143.086 -0.0295 -50.5866
148.264 -0.0295 -52.5644
148.264 -0.0295 -50.5866
220.959 -1.6455 -84.4405
224.159 -1.6455 -84.4405
220.959 1.5545 -84.4405
224.159 1.5545 -84.4405
220.959 -1.6455 -81.2405
224.159 -1.6455 -81.2405
220.959 1.5545 -81.2405
224.159 1.5545 -81.2405
222.559 -1.03435 -85.4294
222.559 0.943354 -85.4294
222.559 -1.03435 -80.2516
222.559 0.943354 -80.2516
221.57 -2.63435 -82.8405
223.548 -2.63435 -82.8405
221.57 2.54335 -82.8405
223.548 2.54335 -82.8405
219.97 -0.0455 -83.8294
219.97 -0.0455 -81.8516
225.148 -0.0455 -83.8294
225.148 -0.0455 -81.8516
220.959 -1.6455 -81.2405
224.159 -1.6455 -81.2405
220.959 1.5545 -81.2405
224.159 1.5545 -81.2405
220.959 -1.6455 -78.0405
224.159 -1.6455 -78.0405
220.959 1.5545 -78.0405
224.159 1.5545 -78.0405
222.559 -1.03435 -82.2294
222.559 0.943354 -82.2294
222.559 -1.03435 -77.0516
222.559 0.943354 -77.0516
221.57 -2.63435 -79.6405
223.548 -2.63435 -79.6405
221.57 2.54335 -79.6405
223.548 2.54335 -79.6405
219.97 -0.0455 -80.6294
219.97 -0.0455 -78.6516
225.148 -0.0455 -80.6294
225.148 -0.0455 -78.6516
225.006 -1.646 -85.9175
228.206 -1.646 -85.9175
225.006 1.554 -85.9175
228.206 1.554 -85.9175
225.006 -1.646 -82.7175
228.206 -1.646 -82.7175
225.006 1.554 -82.7175
228.206 1.554 -82.7175
226.606 -1.03485 -86.9064
226.606 0.942854 -86.9064
226.606 -1.03485 -81.7286
226.606 0.942854 -81.7286
225.617 -2.63485 -84.3175
227.594 -2.63485 -84.3175
225.617 2.54285 -84.3175
227.594 2.54285 -84.3175
224.017 -0.046 -85.3064
224.017 -0.046 -83.3286
229.194 -0.046 -85.3064
229.194 -0.046 -83.3286
225.006 -1.646 -82.7175
228.206 -1.646 -82.7175
225.006 1.554 -82.7175
228.206 1.554 -82.7175
225.006 -1.646 -79.5175
228.206 -1.646 -79.5175
225.006 1.554 -79.5175
228.206 1.554 -79.5175
226.606 -1.03485 -83.7064
226.606 0.942854 -83.7064
226.606 -1.03485 -78.5286
226.606 0.942854 -78.5286
225.617 -2.63485 -81.1175
227.594 -2.63485 -81.1175
225.617 2.54285 -81.1175
227.594 2.54285 -81.1175
224.017 -0.046 -82.1064
224.017 -0.046 -80.1286
229.194 -0.046 -82.1064
229.194 -0.046 -80.1286
-493.832 -1.4305 3143.58
-490.631 -1.4305 3143.58
-493.832 1.7695 3143.58
-490.631 1.7695 3143.58
-493.832 -1.4305 3146.78
-490.631 -1.4305 3146.78
-493.832 1.7695 3146.78
-490.631 1.7695 3146.78
-492.231 -0.819354 3142.59
-492.231 1.15835 3142.59
-492.231 -0.819354 3147.77
-492.231 1.15835 3147.77
-493.22 -2.41935 3145.18
-491.243 -2.41935 3145.18
-493.22 2.75835 3145.18
-491.243 2.75835 3145.18
-494.82 0.1695 3144.19
-494.82 0.1695 3146.17
-489.643 0.1695 3144.19
-489.643 0.1695 3146.17
-493.832 -1.4305 3146.78
-490.631 -1.4305 3146.78
-493.832 1.7695 3146.78
-490.631 1.7695 3146.78
-493.832 -1.4305 3149.98
-490.631 -1.4305 3149.98
-493.832 1.7695 3149.98
-490.631 1.7695 3149.98
-492.231 -0.819354 3145.79
-492.231 1.15835 3145.79
-492.231 -0.819354 3150.97
-492.231 1.15835 3150.97
-493.22 -2.41935 3148.38
-491.243 -2.41935 3148.38
-493.22 2.75835 3148.38
-491.243 2.75835 3148.38
-494.82 0.1695 3147.39
-494.82 0.1695 3149.37
-489.643 0.1695 3147.39
-489.643 0.1695 3149.37
-493.832 -1.4305 2989.16
-490.631 -1.4305 2989.16
-493.832 1.7695 2989.16
-490.631 1.7695 2989.16
-493.832 -1.4305 2992.36
-490.631 -1.4305 2992.36
-493.832 1.7695 2992.36
-490.631 1.7695 2992.36
-492.231 -0.819354 2988.18
-492.231 1.15835 2988.18
-492.231 -0.819354 2993.35
-492.231 1.15835 2993.35
-493.22 -2.41935 2990.76
-491.243 -2.41935 2990.76
-493.22 2.75835 2990.76
-491.243 2.75835 2990.76
-494.82 0.1695 2989.78
-494.82 0.1695 2991.75
-489.643 0.1695 2989.78
-489.643 0.1695 2991.75
-493.832 -1.4305 2992.36
-490.631 -1.4305 2992.36
-493.832 1.7695 2992.36
-490.631 1.7695 2992.36
-493.832 -1.4305 2995.56
-490.631 -1.4305 2995.56
-493.832 1.7695 2995.56
-490.631 1.7695 2995.56
-492.231 -0.819354 2991.38
-492.231 1.15835 2991.38
-492.231 -0.819354 2996.55
-492.231 1.15835 2996.55
-493.22 -2.41935 2993.96
-491.243 -2.41935 2993.96
-493.22 2.75835 2993.96
-491.243 2.75835 2993.96
-494.82 0.1695 2992.98
-494.82 0.1695 2994.95
-489.643 0.1695 2992.98
-489.643 0.1695 2994.95
-319.028 292.618 3143.58
-315.827 292.618 3143.58
-319.028 295.819 3143.58
-315.827 295.819 3143.58
-319.028 292.618 3146.78
-315.827 292.618 3146.78
-319.028 295.819 3146.78
-315.827 295.819 3146.78
-317.428 293.23 3142.59
-317.428 295.207 3142.59
-317.428 293.23 3147.77
-317.428 295.207 3147.77
-318.416 291.63 3145.18
-316.439 291.63 3145.18
-318.416 296.807 3145.18
-316.439 296.807 3145.18
-320.016 294.219 3144.19
-320.016 294.219 3146.17
-314.839 294.219 3144.19
-314.839 294.219 3146.17
-319.028 292.618 3146.78
-315.827 292.618 3146.78
-319.028 295.819 3146.78
-315.827 295.819 3146.78
-319.028 292.618 3149.98
-315.827 292.618 3149.98
-319.028 295.819 3149.98
-315.827 295.819 3149.98
-317.428 293.23 3145.79
-317.428 295.207 3145.79
-317.428 293.23 3150.97
-317.428 295.207 3150.97
-318.416 291.63 3148.38
-316.439 291.63 3148.38
-318.416 296.807 3148.38
-316.439 296.807 3148.38
-320.016 294.219 3147.39
-320.016 294.219 3149.37
-314.839 294.219 3147.39
-314.839 294.219 3149.37
-319.028 292.618 2989.16
-315.827 292.618 2989.16
-319.028 295.819 2989.16
-315.827 295.819 2989.16
-319.028 292.618 2992.36
-315.827 292.618 2992.36
-319.028 295.819 2992.36
-315.827 295.819 2992.36
-317.428 293.23 2988.18
-317.428 295.207 2988.18
-317.428 293.23 2993.35
-317.428 295.207 2993.35
-318.416 291.63 2990.76
-316.439 291.63 2990.76
-318.416 296.807 2990.76
-316.439 296.807 2990.76
-320.016 294.219 2989.78
-320.016 294.219 2991.75
-314.839 294.219 2989.78
-314.839 294.219 2991.75
-319.028 292.618 2992.36
-315.827 292.618 2992.36
-319.028 295.819 2992.36
-315.827 295.819 2992.36
-319.028 292.618 2995.56
-315.827 292.618 2995.56
-319.028 295.819 2995.56
-315.827 295.819 2995.56
-317.428 293.23 2991.38
-317.428 295.207 2991.38
-317.428 293.23 2996.55
-317.428 295.207 2996.55
-318.416 291.63 2993.96
-316.439 291.63 2993.96
-318.416 296.807 2993.96
-316.439 296.807 2993.96
-320.016 294.219 2992.98
-320.016 294.219 2994.95
-314.839 294.219 2992.98
-314.839 294.219 2994.95
-319.189 -295.759 3143.58
-315.988 -295.759 3143.58
-319.189 -292.558 3143.58
-315.988 -292.558 3143.58
-319.189 -295.759 3146.78
-315.988 -295.759 3146.78
-319.189 -292.558 3146.78
-315.988 -292.558 3146.78
-317.589 -295.147 3142.59
-317.589 -293.17 3142.59
-317.589 -295.147 3147.77
-317.589 -293.17 3147.77
-318.577 -296.747 3145.18
-316.6 -296.747 3145.18
-318.577 -291.57 3145.18
-316.6 -291.57 3145.18
-320.177 -294.159 3144.19
-320.177 -294.159 3146.17
-315 -294.159 3144.19
-315 -294.159 3146.17
-319.189 -295.759 3146.78
-315.988 -295.759 3146.78
-319.189 -292.558 3146.78
-315.988 -292.558 3146.78
-319.189 -295.759 3149.98
-315.988 -295.759 3149.98
-319.189 -292.558 3149.98
-315.988 -292.558 3149.98
-317.589 -295.147 3145.79
-317.589 -293.17 3145.79
-317.589 -295.147 3150.97
-317.589 -293.17 3150.97
-318.577 -296.747 3148.38
-316.6 -296.747 3148.38
-318.577 -291.57 3148.38
-316.6 -291.57 3148.38
-320.177 -294.159 3147.39
-320.177 -294.159 3149.37
-315 -294.159 3147.39
-315 -294.159 3149.37
-319.189 -295.759 2989.16
-315.988 -295.759 2989.16
-319.189 -292.558 2989.16
-315.988 -292.558 2989.16
-319.189 -295.759 2992.36
-315.988 -295.759 2992.36
-319.189 -292.558 2992.36
-315.988 -292.558 2992.36
-317.589 -295.147 2988.18
-317.589 -293.17 2988.18
-317.589 -295.147 2993.35
-317.589 -293.17 2993.35
-318.577 -296.747 2990.76
-316.6 -296.747 2990.76
-318.577 -291.57 2990.76
-316.6 -291.57 2990.76
-320.177 -294.159 2989.78
-320.177 -294.159 2991.75
-315 -294.159 2989.78
-315 -294.159 2991.75
-319.189 -295.759 2992.36
-315.988 -295.759 2992.36
-319.189 -292.558 2992.36
-315.988 -292.558 2992.36
-319.189 -295.759 2995.56
-315.988 -295.759 2995.56
-319.189 -292.558 2995.56
-315.988 -292.558 2995.56
-317.589 -295.147 2991.38
-317.589 -293.17 2991.38
-317.589 -295.147 2996.55
-317.589 -293.17 2996.55
-318.577 -296.747 2993.96
-316.6 -296.747 2993.96
-318.577 -291.57 2993.96
-316.6 -291.57 2993.96
-320.177 -294.159 2992.98
-320.177 -294.159 2994.95
-315 -294.159 2992.98
-315 -294.159 2994.95
-264.625 -1.5465 2989.16
-261.424 -1.5465 2989.16
-264.625 1.6535 2989.16
-261.424 1.6535 2989.16
-264.625 -1.5465 2992.36
-261.424 -1.5465 2992.36
-264.625 1.6535 2992.36
-261.424 1.6535 2992.36
-263.024 -0.935354 2988.18
-263.024 1.04235 2988.18
-263.024 -0.935354 2993.35
-263.024 1.04235 2993.35
-264.013 -2.53535 2990.76
-262.036 -2.53535 2990.76
-264.013 2.64235 2990.76
-262.036 2.64235 2990.76
-265.613 0.0535 2989.78
-265.613 0.0535 2991.75
-260.436 0.0535 2989.78
-260.436 0.0535 2991.75
-264.625 -1.5465 2992.36
-261.424 -1.5465 2992.36
-264.625 1.6535 2992.36
-261.424 1.6535 2992.36
-264.625 -1.5465 2995.56
-261.424 -1.5465 2995.56
-264.625 1.6535 2995.56
-261.424 1.6535 2995.56
-263.024 -0.935354 2991.38
-263.024 1.04235 2991.38
-263.024 -0.935354 2996.55
-263.024 1.04235 2996.55
-264.013 -2.53535 2993.96
-262.036 -2.53535 2993.96
-264.013 2.64235 2993.96
-262.036 2.64235 2993.96
-265.613 0.0535 2992.98
-265.613 0.0535 2994.95
-260.436 0.0535 2992.98
-260.436 0.0535 2994.95
-237.728 3.089 89.3275
-234.529 3.089 89.3275
-237.728 6.289 89.3275
-234.529 6.289 89.3275
-237.728 3.089 92.5275
-234.529 3.089 92.5275
-237.728 6.289 92.5275
-234.529 6.289 92.5275
-236.129 3.70015 88.3386
-236.129 5.67785 88.3386
-236.129 3.70015 93.5164
-236.129 5.67785 93.5164
-237.117 2.10015 90.9275
-235.14 2.10015 90.9275
-237.117 7.27785 90.9275
-235.14 7.27785 90.9275
-238.717 4.689 89.9386
-238.717 4.689 91.9164
-233.54 4.689 89.9386
-233.54 4.689 91.9164
-237.728 3.089 92.5275
-234.529 3.089 92.5275
-237.728 6.289 92.5275
-234.529 6.289 92.5275
-237.728 3.089 95.7275
-234.529 3.089 95.7275
-237.728 6.289 95.7275
-234.529 6.289 95.7275
-236.129 3.70015 91.5386
-236.129 5.67785 91.5386
-236.129 3.70015 96.7164
-236.129 5.67785 96.7164
-237.117 2.10015 94.1275
-235.14 2.10015 94.1275
-237.117 7.27785 94.1275
-235.14 7.27785 94.1275
-238.717 4.689 93.1386
-238.717 4.689 95.1164
-233.54 4.689 93.1386
-233.54 4.689 95.1164
-240.048 0.769 87.0075
-236.849 0.769 87.0075
-240.048 3.969 87.0075
-236.849 3.969 87.0075
-240.048 0.769 90.2075
-236.849 0.769 90.2075
-240.048 3.969 90.2075
-236.849 3.969 90.2075
-238.448 1.38015 86.0186
-238.448 3.35785 86.0186
-238.448 1.38015 91.1964
-238.448 3.35785 91.1964
-239.437 -0.219854 88.6075
-237.46 -0.219854 88.6075
-239.437 4.95785 88.6075
-237.46 4.95785 88.6075
-241.037 2.369 87.6186
-241.037 2.369 89.5964
-235.86 2.369 87.6186
-235.86 2.369 89.5964
-240.048 0.769 90.2075
-236.849 0.769 90.2075
-240.048 3.969 90.2075
-236.849 3.969 90.2075
-240.048 0.769 93.4075
-236.849 0.769 93.4075
-240.048 3.969 93.4075
-236.849 3.969 93.4075
-238.448 1.38015 89.2186
-238.448 3.35785 89.2186
-238.448 1.38015 94.3964
-238.448 3.35785 94.3964
-239.437 -0.219854 91.8075
-237.46 -0.219854 91.8075
-239.437 4.95785 91.8075
-237.46 4.95785 91.8075
-241.037 2.369 90.8186
-241.037 2.369 92.7964
-235.86 2.369 90.8186
-235.86 2.369 92.7964
-242.369 -1.551 84.6875
-239.169 -1.551 84.6875
-242.369 1.649 84.6875
-239.169 1.649 84.6875
-242.369 -1.551 87.8875
-239.169 -1.551 87.8875
-242.369 1.649 87.8875
-239.169 1.649 87.8875
-240.769 -0.939854 83.6986
-240.769 1.03785 83.6986
-240.769 -0.939854 88.8764
-240.769 1.03785 88.8764
-241.757 -2.53985 86.2875
-239.78 -2.53985 86.2875
-241.757 2.63785 86.2875
-239.78 2.63785 86.2875
-243.357 0.049 85.2986
-243.357 0.049 87.2764
-238.18 0.049 85.2986
-238.18 0.049 87.2764
-242.369 -1.551 87.8875
-239.169 -1.551 87.8875
-242.369 1.649 87.8875
-239.169 1.649 87.8875
-242.369 -1.551 91.0875
-239.169 -1.551 91.0875
-242.369 1.649 91.0875
-239.169 1.649 91.0875
-240.769 -0.939854 86.8986
-240.769 1.03785 86.8986
-240.769 -0.939854 92.0764
-240.769 1.03785 92.0764
-241.757 -2.53985 89.4875
-239.78 -2.53985 89.4875
-241.757 2.63785 89.4875
-239.78 2.63785 89.4875
-243.357 0.049 88.4986
-243.357 0.049 90.4764
-238.18 0.049 88.4986
-238.18 0.049 90.4764
-224.159 -1.5545 78.0405
-220.959 -1.5545 78.0405
-224.159 1.6455 78.0405
-220.959 1.6455 78.0405
-224.159 -1.5545 81.2405
-220.959 -1.5545 81.2405
-224.159 1.6455 81.2405
-220.959 1.6455 81.2405
-222.559 -0.943354 77.0516
-222.559 1.03435 77.0516
-222.559 -0.943354 82.2294
-222.559 1.03435 82.2294
-223.548 -2.54335 79.6405
-221.57 -2.54335 79.6405
-223.548 2.63435 79.6405
-221.57 2.63435 79.6405
-225.148 0.0455 78.6516
-225.148 0.0455 80.6294
-219.97 0.0455 78.6516
-219.97 0.0455 80.6294
-224.159 -1.5545 81.2405
-220.959 -1.5545 81.2405
-224.159 1.6455 81.2405
-220.959 1.6455 81.2405
-224.159 -1.5545 84.4405
-220.959 -1.5545 84.4405
-224.159 1.6455 84.4405
-220.959 1.6455 84.4405
-222.559 -0.943354 80.2516
-222.559 1.03435 80.2516
-222.559 -0.943354 85.4294
-222.559 1.03435 85.4294
-223.548 -2.54335 82.8405
-221.57 -2.54335 82.8405
-223.548 2.63435 82.8405
-221.57 2.63435 82.8405
-225.148 0.0455 81.8516
-225.148 0.0455 83.8294
-219.97 0.0455 81.8516
-219.97 0.0455 83.8294
-156.798 3.0725 59.7855
-153.598 3.0725 59.7855
-156.798 6.2725 59.7855
-153.598 6.2725 59.7855
-156.798 3.0725 62.9855
-153.598 3.0725 62.9855
-156.798 6.2725 62.9855
-153.598 6.2725 62.9855
-155.198 3.68365 58.7966
-155.198 5.66135 58.7966
-155.198 3.68365 63.9744
-155.198 5.66135 63.9744
-156.187 2.08365 61.3855
-154.209 2.08365 61.3855
-156.187 7.26135 61.3855
-154.209 7.26135 61.3855
-157.787 4.6725 60.3966
-157.787 4.6725 62.3744
-152.609 4.6725 60.3966
-152.609 4.6725 62.3744
-156.798 3.0725 62.9855
-153.598 3.0725 62.9855
-156.798 6.2725 62.9855
-153.598 6.2725 62.9855
-156.798 3.0725 66.1855
-153.598 3.0725 66.1855
-156.798 6.2725 66.1855
-153.598 6.2725 66.1855
-155.198 3.68365 61.9966
-155.198 5.66135 61.9966
-155.198 3.68365 67.1744
-155.198 5.66135 67.1744
-156.187 2.08365 64.5855
-154.209 2.08365 64.5855
-156.187 7.26135 64.5855
-154.209 7.26135 64.5855
-157.787 4.6725 63.5966
-157.787 4.6725 65.5744
-152.609 4.6725 63.5966
-152.609 4.6725 65.5744
-159.118 0.7525 57.4655
-155.918 0.7525 57.4655
-159.118 3.9525 57.4655
-155.918 3.9525 57.4655
-159.118 0.7525 60.6655
-155.918 0.7525 60.6655
-159.118 3.9525 60.6655
-155.918 3.9525 60.6655
-157.518 1.36365 56.4766
-157.518 3.34135 56.4766
-157.518 1.36365 61.6544
-157.518 3.34135 61.6544
-158.507 -0.236354 59.0655
-156.529 -0.236354 59.0655
-158.507 4.94135 59.0655
-156.529 4.94135 59.0655
-160.107 2.3525 58.0766
-160.107 2.3525 60.0544
-154.929 2.3525 58.0766
-154.929 2.3525 60.0544
-159.118 0.7525 60.6655
-155.918 0.7525 60.6655
-159.118 3.9525 60.6655
-155.918 3.9525 60.6655
-159.118 0.7525 63.8655
-155.918 0.7525 63.8655
-159.118 3.9525 63.8655
-155.918 3.9525 63.8655
-157.518 1.36365 59.6766
-157.518 3.34135 59.6766
-157.518 1.36365 64.8544
-157.518 3.34135 64.8544
-158.507 -0.236354 62.2655
-156.529 -0.236354 62.2655
-158.507 4.94135 62.2655
-156.529 4.94135 62.2655
-160.107 2.3525 61.2766
-160.107 2.3525 63.2544
-154.929 2.3525 61.2766
-154.929 2.3525 63.2544
-161.438 -1.5675 55.1455
-158.238 -1.5675 55.1455
-161.438 1.6325 55.1455
-158.238 1.6325 55.1455
-161.438 -1.5675 58.3455
-158.238 -1.5675 58.3455
-161.438 1.6325 58.3455
-158.238 1.6325 58.3455
-159.838 -0.956354 54.1566
-159.838 1.02135 54.1566
-159.838 -0.956354 59.3344
-159.838 1.02135 59.3344
-160.827 -2.55635 56.7455
-158.849 -2.55635 56.7455
-160.827 2.62135 56.7455
-158.849 2.62135 56.7455
-162.427 0.0325 55.7566
-162.427 0.0325 57.7344
-157.249 0.0325 55.7566
-157.249 0.0325 57.7344
-161.438 -1.5675 58.3455
-158.238 -1.5675 58.3455
-161.438 1.6325 58.3455
-158.238 1.6325 58.3455
-161.438 -1.5675 61.5455
-158.238 -1.5675 61.5455
-161.438 1.6325 61.5455
-158.238 1.6325 61.5455
-159.838 -0.956354 57.3566
-159.838 1.02135 57.3566
-159.838 -0.956354 62.5344
-159.838 1.02135 62.5344
-160.827 -2.55635 59.9455
-158.849 -2.55635 59.9455
-160.827 2.62135 59.9455
-158.849 2.62135 59.9455
-162.427 0.0325 58.9566
-162.427 0.0325 60.9344
-157.249 0.0325 58.9566
-157.249 0.0325 60.9344
-143.228 -1.571 48.4985
-140.029 -1.571 48.4985
-143.228 1.629 48.4985
-140.029 1.629 48.4985
-143.228 -1.571 51.6985
-140.029 -1.571 51.6985
-143.228 1.629 51.6985
-140.029 1.629 51.6985
-141.629 -0.959854 47.5096
-141.629 1.01785 47.5096
-141.629 -0.959854 52.6874
-141.629 1.01785 52.6874
-142.617 -2.55985 50.0985
-140.64 -2.55985 50.0985
-142.617 2.61785 50.0985
-140.64 2.61785 50.0985
-144.217 0.029 49.1096
-144.217 0.029 51.0874
-139.04 0.029 49.1096
-139.04 0.029 51.0874
-143.228 -1.571 51.6985
-140.029 -1.571 51.6985
-143.228 1.629 51.6985
-140.029 1.629 51.6985
-143.228 -1.571 54.8985
-140.029 -1.571 54.8985
-143.228 1.629 54.8985
-140.029 1.629 54.8985
-141.629 -0.959854 50.7096
-141.629 1.01785 50.7096
-141.629 -0.959854 55.8874
-141.629 1.01785 55.8874
-142.617 -2.55985 53.2985
-140.64 -2.55985 53.2985
-142.617 2.61785 53.2985
-140.64 2.61785 53.2985
-144.217 0.029 52.3096
-144.217 0.029 54.2874
-139.04 0.029 52.3096
-139.04 0.029 54.2874
-75.8675 3.056 30.2435
-72.6675 3.056 30.2435
-75.8675 6.256 30.2435
-72.6675 6.256 30.2435
-75.8675 3.056 33.4435
-72.6675 3.056 33.4435
-75.8675 6.256 33.4435
-72.6675 6.256 33.4435
-74.2675 3.66715 29.2546
-74.2675 5.64485 29.2546
-74.2675 3.66715 34.4324
-74.2675 5.64485 34.4324
-75.2564 2.06715 31.8435
-73.2786 2.06715 31.8435
-75.2564 7.24485 31.8435
-73.2786 7.24485 31.8435
-76.8564 4.656 30.8546
-76.8564 4.656 32.8324
-71.6786 4.656 30.8546
-71.6786 4.656 32.8324
-75.8675 3.056 33.4435
-72.6675 3.056 33.4435
-75.8675 6.256 33.4435
-72.6675 6.256 33.4435
-75.8675 3.056 36.6435
-72.6675 3.056 36.6435
-75.8675 6.256 36.6435
-72.6675 6.256 36.6435
-74.2675 3.66715 32.4546
-74.2675 5.64485 32.4546
-74.2675 3.66715 37.6324
-74.2675 5.64485 37.6324
-75.2564 2.06715 35.0435
-73.2786 2.06715 35.0435
-75.2564 7.24485 35.0435
-73.2786 7.24485 35.0435
-76.8564 4.656 34.0546
-76.8564 4.656 36.0324
-71.6786 4.656 34.0546
-71.6786 4.656 36.0324
-78.1875 0.736 27.9235
-74.9875 0.736 27.9235
-78.1875 3.936 27.9235
-74.9875 3.936 27.9235
-78.1875 0.736 31.1235
-74.9875 0.736 31.1235
-78.1875 3.936 31.1235
-74.9875 3.936 31.1235
-76.5875 1.34715 26.9346
-76.5875 3.32485 26.9346
-76.5875 1.34715 32.1124
-76.5875 3.32485 32.1124
-77.5764 -0.252854 29.5235
-75.5986 -0.252854 29.5235
-77.5764 4.92485 29.5235
-75.5986 4.92485 29.5235
-79.1764 2.336 28.5346
-79.1764 2.336 30.5124
-73.9986 2.336 28.5346
-73.9986 2.336 30.5124
-78.1875 0.736 31.1235
-74.9875 0.736 31.1235
-78.1875 3.936 31.1235
-74.9875 3.936 31.1235
-78.1875 0.736 34.3235
-74.9875 0.736 34.3235
-78.1875 3.936 34.3235
-74.9875 3.936 34.3235
-76.5875 1.34715 30.1346
-76.5875 3.32485 30.1346
-76.5875 1.34715 35.3124
-76.5875 3.32485 35.3124
-77.5764 -0.252854 32.7235
-75.5986 -0.252854 32.7235
-77.5764 4.92485 32.7235
-75.5986 4.92485 32.7235
-79.1764 2.336 31.7346
-79.1764 2.336 33.7124
-73.9986 2.336 31.7346
-73.9986 2.336 33.7124
-80.5075 -1.584 25.6035
-77.3075 -1.584 25.6035
-80.5075 1.616 25.6035
-77.3075 1.616 25.6035
-80.5075 -1.584 28.8035
-77.3075 -1.584 28.8035
-80.5075 1.616 28.8035
-77.3075 1.616 28.8035
-78.9075 -0.972854 24.6146
-78.9075 1.00485 24.6146
-78.9075 -0.972854 29.7924
-78.9075 1.00485 29.7924
-79.8964 -2.57285 27.2035
-77.9186 -2.57285 27.2035
-79.8964 2.60485 27.2035
-77.9186 2.60485 27.2035
-81.4964 0.016 26.2146
-81.4964 0.016 28.1924
-76.3186 0.016 26.2146
-76.3186 0.016 28.1924
-80.5075 -1.584 28.8035
-77.3075 -1.584 28.8035
-80.5075 1.616 28.8035
-77.3075 1.616 28.8035
-80.5075 -1.584 32.0035
-77.3075 -1.584 32.0035
-80.5075 1.616 32.0035
-77.3075 1.616 32.0035
-78.9075 -0.972854 27.8146
-78.9075 1.00485 27.8146
-78.9075 -0.972854 32.9924
-78.9075 1.00485 32.9924
-79.8964 -2.57285 30.4035
-77.9186 -2.57285 30.4035
-79.8964 2.60485 30.4035
-77.9186 2.60485 30.4035
-81.4964 0.016 29.4146
-81.4964 0.016 31.3924
-76.3186 0.016 29.4146
-76.3186 0.016 31.3924
-62.298 -1.5875 18.9565
-59.098 -1.5875 18.9565
-62.298 1.6125 18.9565
-59.098 1.6125 18.9565
-62.298 -1.5875 22.1565
-59.098 -1.5875 22.1565
-62.298 1.6125 22.1565
-59.098 1.6125 22.1565
-60.698 -0.976354 17.9676
-60.698 1.00135 17.9676
-60.698 -0.976354 23.1454
-60.698 1.00135 23.1454
-61.6869 -2.57635 20.5565
-59.7091 -2.57635 20.5565
-61.6869 2.60135 20.5565
-59.7091 2.60135 20.5565
-63.2869 0.0125 19.5676
-63.2869 0.0125 21.5454
-58.1091 0.0125 19.5676
-58.1091 0.0125 21.5454
-62.298 -1.5875 22.1565
-59.098 -1.5875 22.1565
-62.298 1.6125 22.1565
-59.098 1.6125 22.1565
-62.298 -1.5875 25.3565
-59.098 -1.5875 25.3565
-62.298 1.6125 25.3565
-59.098 1.6125 25.3565
-60.698 -0.976354 21.1676
-60.698 1.00135 21.1676
-60.698 -0.976354 26.3454
-60.698 1.00135 26.3454
-61.6869 -2.57635 23.7565
-59.7091 -2.57635 23.7565
-61.6869 2.60135 23.7565
-59.7091 2.60135 23.7565
-63.2869 0.0125 22.7676
-63.2869 0.0125 24.7454
-58.1091 0.0125 22.7676
-58.1091 0.0125 24.7454
5.0635 3.0395 0.7015
8.2635 3.0395 0.7015
5.0635 6.2395 0.7015
8.2635 6.2395 0.7015
5.0635 3.0395 3.9015
8.2635 3.0395 3.9015
5.0635 6.2395 3.9015
8.2635 6.2395 3.9015
6.6635 3.65065 -0.287354
6.6635 5.62835 -0.287354
6.6635 3.65065 4.89035
6.6635 5.62835 4.89035
5.67465 2.05065 2.3015
7.65235 2.05065 2.3015
5.67465 7.22835 2.3015
7.65235 7.22835 2.3015
4.07465 4.6395 1.31265
4.07465 4.6395 3.29035
9.25235 4.6395 1.31265
9.25235 4.6395 3.29035
5.0635 3.0395 3.9015
8.2635 3.0395 3.9015
5.0635 6.2395 3.9015
8.2635 6.2395 3.9015
5.0635 3.0395 7.1015
8.2635 3.0395 7.1015
5.0635 6.2395 7.1015
8.2635 6.2395 7.1015
6.6635 3.65065 2.91265
6.6635 5.62835 2.91265
6.6635 3.65065 8.09035
6.6635 5.62835 8.09035
5.67465 2.05065 5.5015
7.65235 2.05065 5.5015
5.67465 7.22835 5.5015
7.65235 7.22835 5.5015
4.07465 4.6395 4.51265
4.07465 4.6395 6.49035
9.25235 4.6395 4.51265
9.25235 4.6395 6.49035
2.7435 0.7195 -1.6185
5.9435 0.7195 -1.6185
2.7435 3.9195 -1.6185
5.9435 3.9195 -1.6185
2.7435 0.7195 1.5815
5.9435 0.7195 1.5815
2.7435 3.9195 1.5815
5.9435 3.9195 1.5815
4.3435 1.33065 -2.60735
4.3435 3.30835 -2.60735
4.3435 1.33065 2.57035
4.3435 3.30835 2.57035
3.35465 -0.269354 -0.0185
5.33235 -0.269354 -0.0185
3.35465 4.90835 -0.0185
5.33235 4.90835 -0.0185
1.75465 2.3195 -1.00735
1.75465 2.3195 0.970354
6.93235 2.3195 -1.00735
6.93235 2.3195 0.970354
2.7435 0.7195 1.5815
5.9435 0.7195 1.5815
2.7435 3.9195 1.5815
5.9435 3.9195 1.5815
2.7435 0.7195 4.7815
5.9435 0.7195 4.7815
2.7435 3.9195 4.7815
5.9435 3.9195 4.7815
4.3435 1.33065 0.592646
4.3435 3.30835 0.592646
4.3435 1.33065 5.77035
4.3435 3.30835 5.77035
3.35465 -0.269354 3.1815
5.33235 -0.269354 3.1815
3.35465 4.90835 3.1815
5.33235 4.90835 3.1815
1.75465 2.3195 2.19265
1.75465 2.3195 4.17035
6.93235 2.3195 2.19265
6.93235 2.3195 4.17035
0.4235 -1.6005 -3.9385
3.6235 -1.6005 -3.9385
0.4235 1.5995 -3.9385
3.6235 1.5995 -3.9385
0.4235 -1.6005 -0.7385
3.6235 -1.6005 -0.7385
0.4235 1.5995 -0.7385
3.6235 1.5995 -0.7385
2.0235 -0.989354 -4.92735
2.0235 0.988354 -4.92735
2.0235 -0.989354 0.250354
2.0235 0.988354 0.250354
1.03465 -2.58935 -2.3385
3.01235 -2.58935 -2.3385
1.03465 2.58835 -2.3385
3.01235 2.58835 -2.3385
-0.565354 -0.0005 -3.32735
-0.565354 -0.0005 -1.34965
4.61235 -0.0005 -3.32735
4.61235 -0.0005 -1.34965
0.4235 -1.6005 -0.7385
3.6235 -1.6005 -0.7385
0.4235 1.5995 -0.7385
3.6235 1.5995 -0.7385
0.4235 -1.6005 2.4615
3.6235 -1.6005 2.4615
0.4235 1.5995 2.4615
3.6235 1.5995 2.4615
2.0235 -0.989354 -1.72735
2.0235 0.988354 -1.72735
2.0235 -0.989354 3.45035
2.0235 0.988354 3.45035
1.03465 -2.58935 0.8615
3.01235 -2.58935 0.8615
1.03465 2.58835 0.8615
3.01235 2.58835 0.8615
-0.565354 -0.0005 -0.127354
-0.565354 -0.0005 1.85035
4.61235 -0.0005 -0.127354
4.61235 -0.0005 1.85035
9.855 3.0385 -1.0475
13.055 3.0385 -1.0475
9.855 6.2385 -1.0475
13.055 6.2385 -1.0475
9.855 3.0385 2.1525
13.055 3.0385 2.1525
9.855 6.2385 2.1525
13.055 6.2385 2.1525
11.455 3.64965 -2.03635
11.455 5.62735 -2.03635
11.455 3.64965 3.14135
11.455 5.62735 3.14135
10.4661 2.04965 0.5525
12.4439 2.04965 0.5525
10.4661 7.22735 0.5525
12.4439 7.22735 0.5525
8.86615 4.6385 -0.436354
8.86615 4.6385 1.54135
14.0439 4.6385 -0.436354
14.0439 4.6385 1.54135
9.855 3.0385 2.1525
13.055 3.0385 2.1525
9.855 6.2385 2.1525
13.055 6.2385 2.1525
9.855 3.0385 5.3525
13.055 3.0385 5.3525
9.855 6.2385 5.3525
13.055 6.2385 5.3525
11.455 3.64965 1.16365
11.455 5.62735 1.16365
11.455 3.64965 6.34135
11.455 5.62735 6.34135
10.4661 2.04965 3.7525
12.4439 2.04965 3.7525
10.4661 7.22735 3.7525
12.4439 7.22735 3.7525
8.86615 4.6385 2.76365
8.86615 4.6385 4.74135
14.0439 4.6385 2.76365
14.0439 4.6385 4.74135
7.535 0.7185 -3.3675
10.735 0.7185 -3.3675
7.535 3.9185 -3.3675
10.735 3.9185 -3.3675
7.535 0.7185 -0.1675
10.735 0.7185 -0.1675
7.535 3.9185 -0.1675
10.735 3.9185 -0.1675
9.135 1.32965 -4.35635
9.135 3.30735 -4.35635
9.135 1.32965 0.821354
9.135 3.30735 0.821354
8.14615 -0.270354 -1.7675
10.1239 -0.270354 -1.7675
8.14615 4.90735 -1.7675
10.1239 4.90735 -1.7675
6.54615 2.3185 -2.75635
6.54615 2.3185 -0.778646
11.7239 2.3185 -2.75635
11.7239 2.3185 -0.778646
7.535 0.7185 -0.1675
10.735 0.7185 -0.1675
7.535 3.9185 -0.1675
10.735 3.9185 -0.1675
7.535 0.7185 3.0325
10.735 0.7185 3.0325
7.535 3.9185 3.0325
10.735 3.9185 3.0325
9.135 1.32965 -1.15635
9.135 3.30735 -1.15635
9.135 1.32965 4.02135
9.135 3.30735 4.02135
8.14615 -0.270354 1.4325
10.1239 -0.270354 1.4325
8.14615 4.90735 1.4325
10.1239 4.90735 1.4325
6.54615 2.3185 0.443646
6.54615 2.3185 2.42135
11.7239 2.3185 0.443646
11.7239 2.3185 2.42135
5.215 -1.6015 -5.6875
8.415 -1.6015 -5.6875
5.215 1.5985 -5.6875
8.415 1.5985 -5.6875
5.215 -1.6015 -2.4875
8.415 -1.6015 -2.4875
5.215 1.5985 -2.4875
8.415 1.5985 -2.4875
6.815 -0.990354 -6.67635
6.815 0.987354 -6.67635
6.815 -0.990354 -1.49865
6.815 0.987354 -1.49865
5.82615 -2.59035 -4.0875
7.80385 -2.59035 -4.0875
5.82615 2.58735 -4.0875
7.80385 2.58735 -4.0875
4.22615 -0.0015 -5.07635
4.22615 -0.0015 -3.09865
9.40385 -0.0015 -5.07635
9.40385 -0.0015 -3.09865
5.215 -1.6015 -2.4875
8.415 -1.6015 -2.4875
5.215 1.5985 -2.4875
8.415 1.5985 -2.4875
5.215 -1.6015 0.7125
8.415 -1.6015 0.7125
5.215 1.5985 0.7125
8.415 1.5985 0.7125
6.815 -0.990354 -3.47635
6.815 0.987354 -3.47635
6.815 -0.990354 1.70135
6.815 0.987354 1.70135
5.82615 -2.59035 -0.8875
7.80385 -2.59035 -0.8875
5.82615 2.58735 -0.8875
7.80385 2.58735 -0.8875
4.22615 -0.0015 -1.87635
4.22615 -0.0015 0.101354
9.40385 -0.0015 -1.87635
9.40385 -0.0015 0.101354
104.48 -148.333 -137.087
107.68 -148.333 -137.087
104.48 -145.133 -137.087
107.68 -145.133 -137.087
104.48 -148.333 -133.887
107.68 -148.333 -133.887
104.48 -145.133 -133.887
107.68 -145.133 -133.887
106.08 -147.722 -138.075
106.08 -145.745 -138.075
106.08 -147.722 -132.898
106.08 -145.745 -132.898
105.091 -149.322 -135.487
107.069 -149.322 -135.487
105.091 -144.145 -135.487
107.069 -144.145 -135.487
103.491 -146.733 -136.475
103.491 -146.733 -134.498
108.669 -146.733 -136.475
108.669 -146.733 -134.498
104.48 -148.333 -133.887
107.68 -148.333 -133.887
104.48 -145.133 -133.887
107.68 -145.133 -133.887
104.48 -148.333 -130.687
107.68 -148.333 -130.687
104.48 -145.133 -130.687
107.68 -145.133 -130.687
106.08 -147.722 -134.875
106.08 -145.745 -134.875
106.08 -147.722 -129.698
106.08 -145.745 -129.698
105.091 -149.322 -132.287
107.069 -149.322 -132.287
105.091 -144.145 -132.287
107.069 -144.145 -132.287
103.491 -146.733 -133.275
103.491 -146.733 -131.298
108.669 -146.733 -133.275
108.669 -146.733 -131.298
18.6325 -1.604 -10.5855
21.8325 -1.604 -10.5855
18.6325 1.596 -10.5855
21.8325 1.596 -10.5855
18.6325 -1.604 -7.3855
21.8325 -1.604 -7.3855
18.6325 1.596 -7.3855
21.8325 1.596 -7.3855
20.2325 -0.992854 -11.5744
20.2325 0.984854 -11.5744
20.2325 -0.992854 -6.39665
20.2325 0.984854 -6.39665
19.2436 -2.59285 -8.9855
21.2214 -2.59285 -8.9855
19.2436 2.58485 -8.9855
21.2214 2.58485 -8.9855
17.6436 -0.004 -9.97435
17.6436 -0.004 -7.99665
22.8214 -0.004 -9.97435
22.8214 -0.004 -7.99665
18.6325 -1.604 -7.3855
21.8325 -1.604 -7.3855
18.6325 1.596 -7.3855
21.8325 1.596 -7.3855
18.6325 -1.604 -4.1855
21.8325 -1.604 -4.1855
18.6325 1.596 -4.1855
21.8325 1.596 -4.1855
20.2325 -0.992854 -8.37435
20.2325 0.984854 -8.37435
20.2325 -0.992854 -3.19665
20.2325 0.984854 -3.19665
19.2436 -2.59285 -5.7855
21.2214 -2.59285 -5.7855
19.2436 2.58485 -5.7855
21.2214 2.58485 -5.7855
17.6436 -0.004 -6.77435
17.6436 -0.004 -4.79665
22.8214 -0.004 -6.77435
22.8214 -0.004 -4.79665
85.994 3.023 -28.8405
89.194 3.023 -28.8405
85.994 6.223 -28.8405
89.194 6.223 -28.8405
85.994 3.023 -25.6405
89.194 3.023 -25.6405
85.994 6.223 -25.6405
89.194 6.223 -25.6405
87.594 3.63415 -29.8294
87.594 5.61185 -29.8294
87.594 3.63415 -24.6516
87.594 5.61185 -24.6516
86.6051 2.03415 -27.2405
88.5829 2.03415 -27.2405
86.6051 7.21185 -27.2405
88.5829 7.21185 -27.2405
85.0051 4.623 -28.2294
85.0051 4.623 -26.2516
90.1829 4.623 -28.2294
90.1829 4.623 -26.2516
85.994 3.023 -25.6405
89.194 3.023 -25.6405
85.994 6.223 -25.6405
89.194 6.223 -25.6405
85.994 3.023 -22.4405
89.194 3.023 -22.4405
85.994 6.223 -22.4405
89.194 6.223 -22.4405
87.594 3.63415 -26.6294
87.594 5.61185 -26.6294
87.594 3.63415 -21.4516
87.594 5.61185 -21.4516
86.6051 2.03415 -24.0405
88.5829 2.03415 -24.0405
86.6051 7.21185 -24.0405
88.5829 7.21185 -24.0405
85.0051 4.623 -25.0294
85.0051 4.623 -23.0516
90.1829 4.623 -25.0294
90.1829 4.623 -23.0516
83.674 0.703 -31.1605
86.874 0.703 -31.1605
83.674 3.903 -31.1605
86.874 3.903 -31.1605
83.674 0.703 -27.9605
86.874 0.703 -27.9605
83.674 3.903 -27.9605
86.874 3.903 -27.9605
85.274 1.31415 -32.1494
85.274 3.29185 -32.1494
85.274 1.31415 -26.9716
85.274 3.29185 -26.9716
84.2851 -0.285854 -29.5605
86.2629 -0.285854 -29.5605
84.2851 4.89185 -29.5605
86.2629 4.89185 -29.5605
82.6851 2.303 -30.5494
82.6851 2.303 -28.5716
87.8629 2.303 -30.5494
87.8629 2.303 -28.5716
83.674 0.703 -27.9605
86.874 0.703 -27.9605
83.674 3.903 -27.9605
86.874 3.903 -27.9605
83.674 0.703 -24.7605
86.874 0.703 -24.7605
83.674 3.903 -24.7605
86.874 3.903 -24.7605
85.274 1.31415 -28.9494
85.274 3.29185 -28.9494
85.274 1.31415 -23.7716
85.274 3.29185 -23.7716
84.2851 -0.285854 -26.3605
86.2629 -0.285854 -26.3605
84.2851 4.89185 -26.3605
86.2629 4.89185 -26.3605
82.6851 2.303 -27.3494
82.6851 2.303 -25.3716
87.8629 2.303 -27.3494
87.8629 2.303 -25.3716
81.354 -1.617 -33.4805
84.554 -1.617 -33.4805
81.354 1.583 -33.4805
84.554 1.583 -33.4805
81.354 -1.617 -30.2805
84.554 -1.617 -30.2805
81.354 1.583 -30.2805
84.554 1.583 -30.2805
82.954 -1.00585 -34.4694
82.954 0.971854 -34.4694
82.954 -1.00585 -29.2916
82.954 0.971854 -29.2916
81.9651 -2.60585 -31.8805
83.9429 -2.60585 -31.8805
81.9651 2.57185 -31.8805
83.9429 2.57185 -31.8805
80.3651 -0.017 -32.8694
80.3651 -0.017 -30.8916
85.5429 -0.017 -32.8694
85.5429 -0.017 -30.8916
81.354 -1.617 -30.2805
84.554 -1.617 -30.2805
81.354 1.583 -30.2805
84.554 1.583 -30.2805
81.354 -1.617 -27.0805
84.554 -1.617 -27.0805
81.354 1.583 -27.0805
84.554 1.583 -27.0805
82.954 -1.00585 -31.2694
82.954 0.971854 -31.2694
82.954 -1.00585 -26.0916
82.954 0.971854 -26.0916
81.9651 -2.60585 -28.6805
83.9429 -2.60585 -28.6805
81.9651 2.57185 -28.6805
83.9429 2.57185 -28.6805
80.3651 -0.017 -29.6694
80.3651 -0.017 -27.6916
85.5429 -0.017 -29.6694
85.5429 -0.017 -27.6916
99.563 -1.6205 -40.1275
102.763 -1.6205 -40.1275
99.563 1.5795 -40.1275
102.763 1.5795 -40.1275
99.563 -1.6205 -36.9275
102.763 -1.6205 -36.9275
99.563 1.5795 -36.9275
102.763 1.5795 -36.9275
101.163 -1.00935 -41.1164
101.163 0.968354 -41.1164
101.163 -1.00935 -35.9386
101.163 0.968354 -35.9386
100.174 -2.60935 -38.5275
102.152 -2.60935 -38.5275
100.174 2.56835 -38.5275
102.152 2.56835 -38.5275
98.5741 -0.0205 -39.5164
98.5741 -0.0205 -37.5386
103.752 -0.0205 -39.5164
103.752 -0.0205 -37.5386
99.563 -1.6205 -36.9275
102.763 -1.6205 -36.9275
99.563 1.5795 -36.9275
102.763 1.5795 -36.9275
99.563 -1.6205 -33.7275
102.763 -1.6205 -33.7275
99.563 1.5795 -33.7275
102.763 1.5795 -33.7275
101.163 -1.00935 -37.9164
101.163 0.968354 -37.9164
101.163 -1.00935 -32.7386
101.163 0.968354 -32.7386
100.174 -2.60935 -35.3275
102.152 -2.60935 -35.3275
100.174 2.56835 -35.3275
102.152 2.56835 -35.3275
98.5741 -0.0205 -36.3164
98.5741 -0.0205 -34.3386
103.752 -0.0205 -36.3164
103.752 -0.0205 -34.3386
166.925 3.0065 -58.3825
170.125 3.0065 -58.3825
166.925 6.2065 -58.3825
170.125 6.2065 -58.3825
166.925 3.0065 -55.1825
170.125 3.0065 -55.1825
166.925 6.2065 -55.1825
170.125 6.2065 -55.1825
168.525 3.61765 -59.3714
168.525 5.59535 -59.3714
168.525 3.61765 -54.1936
168.525 5.59535 -54.1936
167.536 2.01765 -56.7825
169.513 2.01765 -56.7825
167.536 7.19535 -56.7825
169.513 7.19535 -56.7825
165.936 4.6065 -57.7714
165.936 4.6065 -55.7936
171.113 4.6065 -57.7714
171.113 4.6065 -55.7936
166.925 3.0065 -55.1825
170.125 3.0065 -55.1825
166.925 6.2065 -55.1825
170.125 6.2065 -55.1825
166.925 3.0065 -51.9825
170.125 3.0065 -51.9825
166.925 6.2065 -51.9825
170.125 6.2065 -51.9825
168.525 3.61765 -56.1714
168.525 5.59535 -56.1714
168.525 3.61765 -50.9936
168.525 5.59535 -50.9936
167.536 2.01765 -53.5825
169.513 2.01765 -53.5825
167.536 7.19535 -53.5825
169.513 7.19535 -53.5825
165.936 4.6065 -54.5714
165.936 4.6065 -52.5936
171.113 4.6065 -54.5714
171.113 4.6065 -52.5936
164.605 0.6865 -60.7025
167.804 0.6865 -60.7025
164.605 3.8865 -60.7025
167.804 3.8865 -60.7025
164.605 0.6865 -57.5025
167.804 0.6865 -57.5025
164.605 3.8865 -57.5025
167.804 3.8865 -57.5025
166.204 1.29765 -61.6914
166.204 3.27535 -61.6914
166.204 1.29765 -56.5136
166.204 3.27535 -56.5136
165.216 -0.302354 -59.1025
167.193 -0.302354 -59.1025
165.216 4.87535 -59.1025
167.193 4.87535 -59.1025
163.616 2.2865 -60.0914
163.616 2.2865 -58.1136
168.793 2.2865 -60.0914
168.793 2.2865 -58.1136
164.605 0.6865 -57.5025
167.804 0.6865 -57.5025
164.605 3.8865 -57.5025
167.804 3.8865 -57.5025
164.605 0.6865 -54.3025
167.804 0.6865 -54.3025
164.605 3.8865 -54.3025
167.804 3.8865 -54.3025
166.204 1.29765 -58.4914
166.204 3.27535 -58.4914
166.204 1.29765 -53.3136
166.204 3.27535 -53.3136
165.216 -0.302354 -55.9025
167.193 -0.302354 -55.9025
165.216 4.87535 -55.9025
167.193 4.87535 -55.9025
163.616 2.2865 -56.8914
163.616 2.2865 -54.9136
168.793 2.2865 -56.8914
168.793 2.2865 -54.9136
162.285 -1.6335 -63.0225
165.484 -1.6335 -63.0225
162.285 1.5665 -63.0225
165.484 1.5665 -63.0225
162.285 -1.6335 -59.8225
165.484 -1.6335 -59.8225
162.285 1.5665 -59.8225
165.484 1.5665 -59.8225
163.885 -1.02235 -64.0114
163.885 0.955354 -64.0114
163.885 -1.02235 -58.8336
163.885 0.955354 -58.8336
162.896 -2.62235 -61.4225
164.873 -2.62235 -61.4225
162.896 2.55535 -61.4225
164.873 2.55535 -61.4225
161.296 -0.0335 -62.4114
161.296 -0.0335 -60.4336
166.473 -0.0335 -62.4114
166.473 -0.0335 -60.4336
162.285 -1.6335 -59.8225
165.484 -1.6335 -59.8225
162.285 1.5665 -59.8225
165.484 1.5665 -59.8225
162.285 -1.6335 -56.6225
165.484 -1.6335 -56.6225
162.285 1.5665 -56.6225
165.484 1.5665 -56.6225
163.885 -1.02235 -60.8114
163.885 0.955354 -60.8114
163.885 -1.02235 -55.6336
163.885 0.955354 -55.6336
162.896 -2.62235 -58.2225
164.873 -2.62235 -58.2225
162.896 2.55535 -58.2225
164.873 2.55535 -58.2225
161.296 -0.0335 -59.2114
161.296 -0.0335 -57.2336
166.473 -0.0335 -59.2114
166.473 -0.0335 -57.2336
180.494 -1.637 -69.6695
183.694 -1.637 -69.6695
180.494 1.563 -69.6695
183.694 1.563 -69.6695
180.494 -1.637 -66.4695
183.694 -1.637 -66.4695
180.494 1.563 -66.4695
183.694 1.563 -66.4695
182.094 -1.02585 -70.6584
182.094 0.951854 -70.6584
182.094 -1.02585 -65.4806
182.094 0.951854 -65.4806
181.105 -2.62585 -68.0695
183.083 -2.62585 -68.0695
181.105 2.55185 -68.0695
183.083 2.55185 -68.0695
179.505 -0.037 -69.0584
179.505 -0.037 -67.0806
184.683 -0.037 -69.0584
184.683 -0.037 -67.0806
180.494 -1.637 -66.4695
183.694 -1.637 -66.4695
180.494 1.563 -66.4695
183.694 1.563 -66.4695
180.494 -1.637 -63.2695
183.694 -1.637 -63.2695
180.494 1.563 -63.2695
183.694 1.563 -63.2695
182.094 -1.02585 -67.4584
182.094 0.951854 -67.4584
182.094 -1.02585 -62.2806
182.094 0.951854 -62.2806
181.105 -2.62585 -64.8695
183.083 -2.62585 -64.8695
181.105 2.55185 -64.8695
183.083 2.55185 -64.8695
179.505 -0.037 -65.8584
179.505 -0.037 -63.8806
184.683 -0.037 -65.8584
184.683 -0.037 -63.8806
247.855 2.99 -87.9245
251.055 2.99 -87.9245
247.855 6.19 -87.9245
251.055 6.19 -87.9245
247.855 2.99 -84.7245
251.055 2.99 -84.7245
247.855 6.19 -84.7245
251.055 6.19 -84.7245
249.455 3.60115 -88.9134
249.455 5.57885 -88.9134
249.455 3.60115 -83.7356
249.455 5.57885 -83.7356
248.466 2.00115 -86.3245
250.444 2.00115 -86.3245
248.466 7.17885 -86.3245
250.444 7.17885 -86.3245
246.866 4.59 -87.3134
246.866 4.59 -85.3356
252.044 4.59 -87.3134
252.044 4.59 -85.3356
247.855 2.99 -84.7245
251.055 2.99 -84.7245
247.855 6.19 -84.7245
251.055 6.19 -84.7245
247.855 2.99 -81.5245
251.055 2.99 -81.5245
247.855 6.19 -81.5245
251.055 6.19 -81.5245
249.455 3.60115 -85.7134
249.455 5.57885 -85.7134
249.455 3.60115 -80.5356
249.455 5.57885 -80.5356
248.466 2.00115 -83.1245
250.444 2.00115 -83.1245
248.466 7.17885 -83.1245
250.444 7.17885 -83.1245
246.866 4.59 -84.1134
246.866 4.59 -82.1356
252.044 4.59 -84.1134
252.044 4.59 -82.1356
245.535 0.67 -90.2445
248.735 0.67 -90.2445
245.535 3.87 -90.2445
248.735 3.87 -90.2445
245.535 0.67 -87.0445
248.735 0.67 -87.0445
245.535 3.87 -87.0445
248.735 3.87 -87.0445
247.135 1.28115 -91.2334
247.135 3.25885 -91.2334
247.135 1.28115 -86.0556
247.135 3.25885 -86.0556
246.146 -0.318854 -88.6445
248.124 -0.318854 -88.6445
246.146 4.85885 -88.6445
248.124 4.85885 -88.6445
244.546 2.27 -89.6334
244.546 2.27 -87.6556
249.724 2.27 -89.6334
249.724 2.27 -87.6556
245.535 0.67 -87.0445
248.735 0.67 -87.0445
245.535 3.87 -87.0445
248.735 3.87 -87.0445
245.535 0.67 -83.8445
248.735 0.67 -83.8445
245.535 3.87 -83.8445
248.735 3.87 -83.8445
247.135 1.28115 -88.0334
247.135 3.25885 -88.0334
247.135 1.28115 -82.8556
247.135 3.25885 -82.8556
246.146 -0.318854 -85.4445
248.124 -0.318854 -85.4445
246.146 4.85885 -85.4445
248.124 4.85885 -85.4445
244.546 2.27 -86.4334
244.546 2.27 -84.4556
249.724 2.27 -86.4334
249.724 2.27 -84.4556
243.215 -1.65 -92.5645
246.415 -1.65 -92.5645
243.215 1.55 -92.5645
246.415 1.55 -92.5645
243.215 -1.65 -89.3645
246.415 -1.65 -89.3645
243.215 1.55 -89.3645
246.415 1.55 -89.3645
244.815 -1.03885 -93.5534
244.815 0.938854 -93.5534
244.815 -1.03885 -88.3756
244.815 0.938854 -88.3756
243.826 -2.63885 -90.9645
245.804 -2.63885 -90.9645
243.826 2.53885 -90.9645
245.804 2.53885 -90.9645
242.226 -0.05 -91.9534
242.226 -0.05 -89.9756
247.404 -0.05 -91.9534
247.404 -0.05 -89.9756
243.215 -1.65 -89.3645
246.415 -1.65 -89.3645
243.215 1.55 -89.3645
246.415 1.55 -89.3645
243.215 -1.65 -86.1645
246.415 -1.65 -86.1645
243.215 1.55 -86.1645
246.415 1.55 -86.1645
244.815 -1.03885 -90.3534
244.815 0.938854 -90.3534
244.815 -1.03885 -85.1756
244.815 0.938854 -85.1756
243.826 -2.63885 -87.7645
245.804 -2.63885 -87.7645
243.826 2.53885 -87.7645
245.804 2.53885 -87.7645
242.226 -0.05 -88.7534
242.226 -0.05 -86.7756
247.404 -0.05 -88.7534
247.404 -0.05 -86.7756
261.424 -1.6535 -99.2115
264.625 -1.6535 -99.2115
261.424 1.5465 -99.2115
264.625 1.5465 -99.2115
261.424 -1.6535 -96.0115
264.625 -1.6535 -96.0115
261.424 1.5465 -96.0115
264.625 1.5465 -96.0115
263.024 -1.04235 -100.2
263.024 0.935354 -100.2
263.024 -1.04235 -95.0226
263.024 0.935354 -95.0226
262.036 -2.64235 -97.6115
264.013 -2.64235 -97.6115
262.036 2.53535 -97.6115
264.013 2.53535 -97.6115
260.436 -0.0535 -98.6004
260.436 -0.0535 -96.6226
265.613 -0.0535 -98.6004
265.613 -0.0535 -96.6226
261.424 -1.6535 -96.0115
264.625 -1.6535 -96.0115
261.424 1.5465 -96.0115
264.625 1.5465 -96.0115
261.424 -1.6535 -92.8115
264.625 -1.6535 -92.8115
261.424 1.5465 -92.8115
264.625 1.5465 -92.8115
263.024 -1.04235 -97.0004
263.024 0.935354 -97.0004
263.024 -1.04235 -91.8226
263.024 0.935354 -91.8226
262.036 -2.64235 -94.4115
264.013 -2.64235 -94.4115
262.036 2.53535 -94.4115
264.013 2.53535 -94.4115
260.436 -0.0535 -95.4004
260.436 -0.0535 -93.4226
265.613 -0.0535 -95.4004
265.613 -0.0535 -93.4226
-493.832 -1.4305 -185.145
-490.631 -1.4305 -185.145
-493.832 1.7695 -185.145
-490.631 1.7695 -185.145
-493.832 -1.4305 -181.946
-490.631 -1.4305 -181.946
-493.832 1.7695 -181.946
-490.631 1.7695 -181.946
-492.231 -0.819354 -186.134
-492.231 1.15835 -186.134
-492.231 -0.819354 -180.957
-492.231 1.15835 -180.957
-493.22 -2.41935 -183.546
-491.243 -2.41935 -183.546
-493.22 2.75835 -183.546
-491.243 2.75835 -183.546
-494.82 0.1695 -184.534
-494.82 0.1695 -182.557
-489.643 0.1695 -184.534
-489.643 0.1695 -182.557
-493.832 -1.4305 -181.946
-490.631 -1.4305 -181.946
-493.832 1.7695 -181.946
-490.631 1.7695 -181.946
-493.832 -1.4305 -178.746
-490.631 -1.4305 -178.746
-493.832 1.7695 -178.746
-490.631 1.7695 -178.746
-492.231 -0.819354 -182.934
-492.231 1.15835 -182.934
-492.231 -0.819354 -177.757
-492.231 1.15835 -177.757
-493.22 -2.41935 -180.346
-491.243 -2.41935 -180.346
-493.22 2.75835 -180.346
-491.243 2.75835 -180.346
-494.82 0.1695 -181.334
-494.82 0.1695 -179.357
-489.643 0.1695 -181.334
-489.643 0.1695 -179.357
-464.923 3.2045 -189.364
-461.722 3.2045 -189.364
-464.923 6.4045 -189.364
-461.722 6.4045 -189.364
-464.923 3.2045 -186.164
-461.722 3.2045 -186.164
-464.923 6.4045 -186.164
-461.722 6.4045 -186.164
-463.322 3.81565 -190.353
-463.322 5.79335 -190.353
-463.322 3.81565 -185.175
-463.322 5.79335 -185.175
-464.311 2.21565 -187.764
-462.334 2.21565 -187.764
-464.311 7.39335 -187.764
-462.334 7.39335 -187.764
-465.911 4.8045 -188.753
-465.911 4.8045 -186.775
-460.734 4.8045 -188.753
-460.734 4.8045 -186.775
-464.923 3.2045 -186.164
-461.722 3.2045 -186.164
-464.923 6.4045 -186.164
-461.722 6.4045 -186.164
-464.923 3.2045 -182.964
-461.722 3.2045 -182.964
-464.923 6.4045 -182.964
-461.722 6.4045 -182.964
-463.322 3.81565 -187.153
-463.322 5.79335 -187.153
-463.322 3.81565 -181.975
-463.322 5.79335 -181.975
-464.311 2.21565 -184.564
-462.334 2.21565 -184.564
-464.311 7.39335 -184.564
-462.334 7.39335 -184.564
-465.911 4.8045 -185.553
-465.911 4.8045 -183.575
-460.734 4.8045 -185.553
-460.734 4.8045 -183.575
-469.563 -1.4355 -194.004
-466.363 -1.4355 -194.004
-469.563 1.7645 -194.004
-466.363 1.7645 -194.004
-469.563 -1.4355 -190.804
-466.363 -1.4355 -190.804
-469.563 1.7645 -190.804
-466.363 1.7645 -190.804
-467.963 -0.824354 -194.993
-467.963 1.15335 -194.993
-467.963 -0.824354 -189.815
-467.963 1.15335 -189.815
-468.951 -2.42435 -192.404
-466.974 -2.42435 -192.404
-468.951 2.75335 -192.404
-466.974 2.75335 -192.404
-470.551 0.1645 -193.393
-470.551 0.1645 -191.415
-465.374 0.1645 -193.393
-465.374 0.1645 -191.415
-469.563 -1.4355 -190.804
-466.363 -1.4355 -190.804
-469.563 1.7645 -190.804
-466.363 1.7645 -190.804
-469.563 -1.4355 -187.604
-466.363 -1.4355 -187.604
-469.563 1.7645 -187.604
-466.363 1.7645 -187.604
-467.963 -0.824354 -191.793
-467.963 1.15335 -191.793
-467.963 -0.824354 -186.615
-467.963 1.15335 -186.615
-468.951 -2.42435 -189.204
-466.974 -2.42435 -189.204
-468.951 2.75335 -189.204
-466.974 2.75335 -189.204
-470.551 0.1645 -190.193
-470.551 0.1645 -188.215
-465.374 0.1645 -190.193
-465.374 0.1645 -188.215
-168.125 257.967 31.105
-164.925 257.967 31.105
-168.125 261.168 31.105
-164.925 261.168 31.105
-168.125 257.967 34.305
-164.925 257.967 34.305
-168.125 261.168 34.305
-164.925 261.168 34.305
-166.525 258.579 30.1161
-166.525 260.556 30.1161
-166.525 258.579 35.2939
-166.525 260.556 35.2939
-167.514 256.979 32.705
-165.536 256.979 32.705
-167.514 262.156 32.705
-165.536 262.156 32.705
-169.114 259.567 31.7161
-169.114 259.567 33.6939
-163.936 259.567 31.7161
-163.936 259.567 33.6939
-168.125 257.967 34.305
-164.925 257.967 34.305
-168.125 261.168 34.305
-164.925 261.168 34.305
-168.125 257.967 37.505
-164.925 257.967 37.505
-168.125 261.168 37.505
-164.925 261.168 37.505
-166.525 258.579 33.3161
-166.525 260.556 33.3161
-166.525 258.579 38.4939
-166.525 260.556 38.4939
-167.514 256.979 35.905
-165.536 256.979 35.905
-167.514 262.156 35.905
-165.536 262.156 35.905
-169.114 259.567 34.9161
-169.114 259.567 36.8939
-163.936 259.567 34.9161
-163.936 259.567 36.8939
257.667 -1.5835 -459.464
260.867 -1.5835 -459.464
257.667 1.6165 -459.464
260.867 1.6165 -459.464
257.667 -1.5835 -456.264
260.867 -1.5835 -456.264
257.667 1.6165 -456.264
260.867 1.6165 -456.264
259.267 -0.972354 -460.452
259.267 1.00535 -460.452
259.267 -0.972354 -455.275
259.267 1.00535 -455.275
258.278 -2.57235 -457.864
260.256 -2.57235 -457.864
258.278 2.60535 -457.864
260.256 2.60535 -457.864
256.678 0.0165 -458.852
256.678 0.0165 -456.875
261.856 0.0165 -458.852
261.856 0.0165 -456.875
257.667 -1.5835 -456.264
260.867 -1.5835 -456.264
257.667 1.6165 -456.264
260.867 1.6165 -456.264
257.667 -1.5835 -453.063
260.867 -1.5835 -453.063
257.667 1.6165 -453.063
260.867 1.6165 -453.063
259.267 -0.972354 -457.252
259.267 1.00535 -457.252
259.267 -0.972354 -452.075
259.267 1.00535 -452.075
258.278 -2.57235 -454.663
260.256 -2.57235 -454.663
258.278 2.60535 -454.663
260.256 2.60535 -454.663
256.678 0.0165 -455.652
256.678 0.0165 -453.675
261.856 0.0165 -455.652
261.856 0.0165 -453.675
-319.028 292.618 293.567
-315.827 292.618 293.567
-319.028 295.819 293.567
-315.827 295.819 293.567
-319.028 292.618 296.767
-315.827 292.618 296.767
-319.028 295.819 296.767
-315.827 295.819 296.767
-317.428 293.23 292.579
-317.428 295.207 292.579
-317.428 293.23 297.756
-317.428 295.207 297.756
-318.416 291.63 295.167
-316.439 291.63 295.167
-318.416 296.807 295.167
-316.439 296.807 295.167
-320.016 294.219 294.179
-320.016 294.219 296.156
-314.839 294.219 294.179
-314.839 294.219 296.156
-319.028 292.618 296.767
-315.827 292.618 296.767
-319.028 295.819 296.767
-315.827 295.819 296.767
-319.028 292.618 299.968
-315.827 292.618 299.968
-319.028 295.819 299.968
-315.827 295.819 299.968
-317.428 293.23 295.779
-317.428 295.207 295.779
-317.428 293.23 300.956
-317.428 295.207 300.956
-318.416 291.63 298.368
-316.439 291.63 298.368
-318.416 296.807 298.368
-316.439 296.807 298.368
-320.016 294.219 297.379
-320.016 294.219 299.356
-314.839 294.219 297.379
-314.839 294.219 299.356
65.482 297.181 159.545
68.682 297.181 159.545
65.482 300.381 159.545
68.682 300.381 159.545
65.482 297.181 162.745
68.682 297.181 162.745
65.482 300.381 162.745
68.682 300.381 162.745
67.082 297.792 158.556
67.082 299.77 158.556
67.082 297.792 163.733
67.082 299.77 163.733
66.0931 296.192 161.145
68.0709 296.192 161.145
66.0931 301.37 161.145
68.0709 301.37 161.145
64.4931 298.781 160.156
64.4931 298.781 162.133
69.6709 298.781 160.156
69.6709 298.781 162.133
65.482 297.181 162.745
68.682 297.181 162.745
65.482 300.381 162.745
68.682 300.381 162.745
65.482 297.181 165.945
68.682 297.181 165.945
65.482 300.381 165.945
68.682 300.381 165.945
67.082 297.792 161.756
67.082 299.77 161.756
67.082 297.792 166.933
67.082 299.77 166.933
66.0931 296.192 164.345
68.0709 296.192 164.345
66.0931 301.37 164.345
68.0709 301.37 164.345
64.4931 298.781 163.356
64.4931 298.781 165.333
69.6709 298.781 163.356
69.6709 298.781 165.333
60.842 292.541 154.905
64.042 292.541 154.905
60.842 295.741 154.905
64.042 295.741 154.905
60.842 292.541 158.105
64.042 292.541 158.105
60.842 295.741 158.105
64.042 295.741 158.105
62.442 293.152 153.916
62.442 295.13 153.916
62.442 293.152 159.093
62.442 295.13 159.093
61.4531 291.552 156.505
63.4309 291.552 156.505
61.4531 296.73 156.505
63.4309 296.73 156.505
59.8531 294.141 155.516
59.8531 294.141 157.493
65.0309 294.141 155.516
65.0309 294.141 157.493
60.842 292.541 158.105
64.042 292.541 158.105
60.842 295.741 158.105
64.042 295.741 158.105
60.842 292.541 161.304
64.042 292.541 161.304
60.842 295.741 161.304
64.042 295.741 161.304
62.442 293.152 157.116
62.442 295.13 157.116
62.442 293.152 162.293
62.442 295.13 162.293
61.4531 291.552 159.704
63.4309 291.552 159.704
61.4531 296.73 159.704
63.4309 296.73 159.704
59.8531 294.141 158.716
59.8531 294.141 160.693
65.0309 294.141 158.716
65.0309 294.141 160.693
432.47 292.465 19.2495
435.671 292.465 19.2495
432.47 295.666 19.2495
435.671 295.666 19.2495
432.47 292.465 22.4495
435.671 292.465 22.4495
432.47 295.666 22.4495
435.671 295.666 22.4495
434.07 293.077 18.2606
434.07 295.054 18.2606
434.07 293.077 23.4384
434.07 295.054 23.4384
433.082 291.477 20.8495
435.059 291.477 20.8495
433.082 296.654 20.8495
435.059 296.654 20.8495
431.482 294.065 19.8606
431.482 294.065 21.8384
436.659 294.065 19.8606
436.659 294.065 21.8384
432.47 292.465 22.4495
435.671 292.465 22.4495
432.47 295.666 22.4495
435.671 295.666 22.4495
432.47 292.465 25.6495
435.671 292.465 25.6495
432.47 295.666 25.6495
435.671 295.666 25.6495
434.07 293.077 21.4606
434.07 295.054 21.4606
434.07 293.077 26.6384
434.07 295.054 26.6384
433.082 291.477 24.0495
435.059 291.477 24.0495
433.082 296.654 24.0495
435.059 296.654 24.0495
431.482 294.065 23.0606
431.482 294.065 25.0384
436.659 294.065 23.0606
436.659 294.065 25.0384
-319.189 -295.759 293.455
-315.988 -295.759 293.455
-319.189 -292.558 293.455
-315.988 -292.558 293.455
-319.189 -295.759 296.655
-315.988 -295.759 296.655
-319.189 -292.558 296.655
-315.988 -292.558 296.655
-317.589 -295.147 292.466
-317.589 -293.17 292.466
-317.589 -295.147 297.644
-317.589 -293.17 297.644
-318.577 -296.747 295.055
-316.6 -296.747 295.055
-318.577 -291.57 295.055
-316.6 -291.57 295.055
-320.177 -294.159 294.066
-320.177 -294.159 296.044
-315 -294.159 294.066
-315 -294.159 296.044
-319.189 -295.759 296.655
-315.988 -295.759 296.655
-319.189 -292.558 296.655
-315.988 -292.558 296.655
-319.189 -295.759 299.855
-315.988 -295.759 299.855
-319.189 -292.558 299.855
-315.988 -292.558 299.855
-317.589 -295.147 295.666
-317.589 -293.17 295.666
-317.589 -295.147 300.844
-317.589 -293.17 300.844
-318.577 -296.747 298.255
-316.6 -296.747 298.255
-318.577 -291.57 298.255
-316.6 -291.57 298.255
-320.177 -294.159 297.266
-320.177 -294.159 299.244
-315 -294.159 297.266
-315 -294.159 299.244
432.31 -295.912 19.137
435.51 -295.912 19.137
432.31 -292.712 19.137
435.51 -292.712 19.137
432.31 -295.912 22.337
435.51 -295.912 22.337
432.31 -292.712 22.337
435.51 -292.712 22.337
433.91 -295.3 18.1481
433.91 -293.323 18.1481
433.91 -295.3 23.3259
433.91 -293.323 23.3259
432.921 -296.9 20.737
434.898 -296.9 20.737
432.921 -291.723 20.737
434.898 -291.723 20.737
431.321 -294.312 19.7481
431.321 -294.312 21.7259
436.498 -294.312 19.7481
436.498 -294.312 21.7259
432.31 -295.912 22.337
435.51 -295.912 22.337
432.31 -292.712 22.337
435.51 -292.712 22.337
432.31 -295.912 25.537
435.51 -295.912 25.537
432.31 -292.712 25.537
435.51 -292.712 25.537
433.91 -295.3 21.3481
433.91 -293.323 21.3481
433.91 -295.3 26.5259
433.91 -293.323 26.5259
432.921 -296.9 23.937
434.898 -296.9 23.937
432.921 -291.723 23.937
434.898 -291.723 23.937
431.321 -294.312 22.9481
431.321 -294.312 24.9259
436.498 -294.312 22.9481
436.498 -294.312 24.9259
-230.675 798.4 157.003
-227.475 798.4 157.003
-230.675 801.6 157.003
-227.475 801.6 157.003
-230.675 798.4 160.203
-227.475 798.4 160.203
-230.675 801.6 160.203
-227.475 801.6 160.203
-229.075 799.011 156.014
-229.075 800.989 156.014
-229.075 799.011 161.192
-229.075 800.989 161.192
-230.064 797.411 158.603
-228.086 797.411 158.603
-230.064 802.589 158.603
-228.086 802.589 158.603
-231.664 800 157.614
-231.664 800 159.592
-226.486 800 157.614
-226.486 800 159.592
-230.675 798.4 160.203
-227.475 798.4 160.203
-230.675 801.6 160.203
-227.475 801.6 160.203
-230.675 798.4 163.403
-227.475 798.4 163.403
-230.675 801.6 163.403
-227.475 801.6 163.403
-229.075 799.011 159.214
-229.075 800.989 159.214
-229.075 799.011 164.392
-229.075 800.989 164.392
-230.064 797.411 161.803
-228.086 797.411 161.803
-230.064 802.589 161.803
-228.086 802.589 161.803
-231.664 800 160.814
-231.664 800 162.792
-226.486 800 160.814
-226.486 800 162.792
-24.628 -66.5105 8.1505
-21.428 -66.5105 8.1505
-24.628 -63.3105 8.1505
-21.428 -63.3105 8.1505
-24.628 -66.5105 11.3505
-21.428 -66.5105 11.3505
-24.628 -63.3105 11.3505
-21.428 -63.3105 11.3505
-23.028 -65.8994 7.16165
-23.028 -63.9216 7.16165
-23.028 -65.8994 12.3394
-23.028 -63.9216 12.3394
-24.0169 -67.4994 9.7505
-22.0391 -67.4994 9.7505
-24.0169 -62.3216 9.7505
-22.0391 -62.3216 9.7505
-25.6169 -64.9105 8.76165
-25.6169 -64.9105 10.7394
-20.4391 -64.9105 8.76165
-20.4391 -64.9105 10.7394
-24.628 -66.5105 11.3505
-21.428 -66.5105 11.3505
-24.628 -63.3105 11.3505
-21.428 -63.3105 11.3505
-24.628 -66.5105 14.5505
-21.428 -66.5105 14.5505
-24.628 -63.3105 14.5505
-21.428 -63.3105 14.5505
-23.028 -65.8994 10.3616
-23.028 -63.9216 10.3616
-23.028 -65.8994 15.5394
-23.028 -63.9216 15.5394
-24.0169 -67.4994 12.9505
-22.0391 -67.4994 12.9505
-24.0169 -62.3216 12.9505
-22.0391 -62.3216 12.9505
-25.6169 -64.9105 11.9616
-25.6169 -64.9105 13.9394
-20.4391 -64.9105 11.9616
-20.4391 -64.9105 13.9394
-516.624 526.11 -64.1545
-513.424 526.11 -64.1545
-516.624 529.31 -64.1545
-513.424 529.31 -64.1545
-516.624 526.11 -60.9545
-513.424 526.11 -60.9545
-516.624 529.31 -60.9545
-513.424 529.31 -60.9545
-515.024 526.721 -65.1434
-515.024 528.698 -65.1434
-515.024 526.721 -59.9656
-515.024 528.698 -59.9656
-516.013 525.121 -62.5545
-514.035 525.121 -62.5545
-516.013 530.298 -62.5545
-514.035 530.298 -62.5545
-517.613 527.71 -63.5434
-517.613 527.71 -61.5656
-512.435 527.71 -63.5434
-512.435 527.71 -61.5656
-516.624 526.11 -60.9545
-513.424 526.11 -60.9545
-516.624 529.31 -60.9545
-513.424 529.31 -60.9545
-516.624 526.11 -57.7545
-513.424 526.11 -57.7545
-516.624 529.31 -57.7545
-513.424 529.31 -57.7545
-515.024 526.721 -61.9434
-515.024 528.698 -61.9434
-515.024 526.721 -56.7656
-515.024 528.698 -56.7656
-516.013 525.121 -59.3545
-514.035 525.121 -59.3545
-516.013 530.298 -59.3545
-514.035 530.298 -59.3545
-517.613 527.71 -60.3434
-517.613 527.71 -58.3656
-512.435 527.71 -60.3434
-512.435 527.71 -58.3656
-668.995 494.391 32.923
-665.795 494.391 32.923
-668.995 497.591 32.923
-665.795 497.591 32.923
-668.995 494.391 36.123
-665.795 494.391 36.123
-668.995 497.591 36.123
-665.795 497.591 36.123
-667.395 495.002 31.9341
-667.395 496.98 31.9341
-667.395 495.002 37.1119
-667.395 496.98 37.1119
-668.384 493.402 34.523
-666.406 493.402 34.523
-668.384 498.58 34.523
-666.406 498.58 34.523
-669.984 495.991 33.5341
-669.984 495.991 35.5119
-664.806 495.991 33.5341
-664.806 495.991 35.5119
-668.995 494.391 36.123
-665.795 494.391 36.123
-668.995 497.591 36.123
-665.795 497.591 36.123
-668.995 494.391 39.323
-665.795 494.391 39.323
-668.995 497.591 39.323
-665.795 497.591 39.323
-667.395 495.002 35.1341
-667.395 496.98 35.1341
-667.395 495.002 40.3119
-667.395 496.98 40.3119
-668.384 493.402 37.723
-666.406 493.402 37.723
-668.384 498.58 37.723
-666.406 498.58 37.723
-669.984 495.991 36.7341
-669.984 495.991 38.7119
-664.806 495.991 36.7341
-664.806 495.991 38.7119
-613.707 441.162 -137.061
-610.506 441.162 -137.061
-613.707 444.362 -137.061
-610.506 444.362 -137.061
-613.707 441.162 -133.862
-610.506 441.162 -133.862
-613.707 444.362 -133.862
-610.506 444.362 -133.862
-612.106 441.773 -138.05
-612.106 443.751 -138.05
-612.106 441.773 -132.873
-612.106 443.751 -132.873
-613.095 440.173 -135.462
-611.118 440.173 -135.462
-613.095 445.351 -135.462
-611.118 445.351 -135.462
-614.695 442.762 -136.45
-614.695 442.762 -134.473
-609.518 442.762 -136.45
-609.518 442.762 -134.473
-613.707 441.162 -133.862
-610.506 441.162 -133.862
-613.707 444.362 -133.862
-610.506 444.362 -133.862
-613.707 441.162 -130.662
-610.506 441.162 -130.662
-613.707 444.362 -130.662
-610.506 444.362 -130.662
-612.106 441.773 -134.85
-612.106 443.751 -134.85
-612.106 441.773 -129.673
-612.106 443.751 -129.673
-613.095 440.173 -132.262
-611.118 440.173 -132.262
-613.095 445.351 -132.262
-611.118 445.351 -132.262
-614.695 442.762 -133.25
-614.695 442.762 -131.273
-609.518 442.762 -133.25
-609.518 442.762 -131.273
-449.965 579.944 -152.043
-446.764 579.944 -152.043
-449.965 583.144 -152.043
-446.764 583.144 -152.043
-449.965 579.944 -148.843
-446.764 579.944 -148.843
-449.965 583.144 -148.843
-446.764 583.144 -148.843
-448.365 580.556 -153.032
-448.365 582.533 -153.032
-448.365 580.556 -147.854
-448.365 582.533 -147.854
-449.353 578.956 -150.443
-447.376 578.956 -150.443
-449.353 584.133 -150.443
-447.376 584.133 -150.443
-450.953 581.544 -151.432
-450.953 581.544 -149.454
-445.776 581.544 -151.432
-445.776 581.544 -149.454
-449.965 579.944 -148.843
-446.764 579.944 -148.843
-449.965 583.144 -148.843
-446.764 583.144 -148.843
-449.965 579.944 -145.643
-446.764 579.944 -145.643
-449.965 583.144 -145.643
-446.764 583.144 -145.643
-448.365 580.556 -149.832
-448.365 582.533 -149.832
-448.365 580.556 -144.654
-448.365 582.533 -144.654
-449.353 578.956 -147.243
-447.376 578.956 -147.243
-449.353 584.133 -147.243
-447.376 584.133 -147.243
-450.953 581.544 -148.232
-450.953 581.544 -146.254
-445.776 581.544 -148.232
-445.776 581.544 -146.254
-296.269 40.419 -95.75
-293.069 40.419 -95.75
-296.269 43.619 -95.75
-293.069 43.619 -95.75
-296.269 40.419 -92.55
-293.069 40.419 -92.55
-296.269 43.619 -92.55
-293.069 43.619 -92.55
-294.669 41.0301 -96.7389
-294.669 43.0079 -96.7389
-294.669 41.0301 -91.5611
-294.669 43.0079 -91.5611
-295.658 39.4301 -94.15
-293.68 39.4301 -94.15
-295.658 44.6079 -94.15
-293.68 44.6079 -94.15
-297.258 42.019 -95.1389
-297.258 42.019 -93.1611
-292.08 42.019 -95.1389
-292.08 42.019 -93.1611
-296.269 40.419 -92.55
-293.069 40.419 -92.55
-296.269 43.619 -92.55
-293.069 43.619 -92.55
-296.269 40.419 -89.35
-293.069 40.419 -89.35
-296.269 43.619 -89.35
-293.069 43.619 -89.35
-294.669 41.0301 -93.5389
-294.669 43.0079 -93.5389
-294.669 41.0301 -88.3611
-294.669 43.0079 -88.3611
-295.658 39.4301 -90.95
-293.68 39.4301 -90.95
-295.658 44.6079 -90.95
-293.68 44.6079 -90.95
-297.258 42.019 -91.9389
-297.258 42.019 -89.9611
-292.08 42.019 -91.9389
-292.08 42.019 -89.9611
-193.674 22.3275 -50.0325
-190.474 22.3275 -50.0325
-193.674 25.5275 -50.0325
-190.474 25.5275 -50.0325
-193.674 22.3275 -46.8325
-190.474 22.3275 -46.8325
-193.674 25.5275 -46.8325
-190.474 25.5275 -46.8325
-192.074 22.9386 -51.0214
-192.074 24.9164 -51.0214
-192.074 22.9386 -45.8436
-192.074 24.9164 -45.8436
-193.063 21.3386 -48.4325
-191.085 21.3386 -48.4325
-193.063 26.5164 -48.4325
-191.085 26.5164 -48.4325
-194.663 23.9275 -49.4214
-194.663 23.9275 -47.4436
-189.485 23.9275 -49.4214
-189.485 23.9275 -47.4436
-193.674 22.3275 -46.8325
-190.474 22.3275 -46.8325
-193.674 25.5275 -46.8325
-190.474 25.5275 -46.8325
-193.674 22.3275 -43.6325
-190.474 22.3275 -43.6325
-193.674 25.5275 -43.6325
-190.474 25.5275 -43.6325
-192.074 22.9386 -47.8214
-192.074 24.9164 -47.8214
-192.074 22.9386 -42.6436
-192.074 24.9164 -42.6436
-193.063 21.3386 -45.2325
-191.085 21.3386 -45.2325
-193.063 26.5164 -45.2325
-191.085 26.5164 -45.2325
-194.663 23.9275 -46.2214
-194.663 23.9275 -44.2436
-189.485 23.9275 -46.2214
-189.485 23.9275 -44.2436
-89.5785 4.9285 -3.3685
-86.3785 4.9285 -3.3685
-89.5785 8.1285 -3.3685
-86.3785 8.1285 -3.3685
-89.5785 4.9285 -0.1685
-86.3785 4.9285 -0.1685
-89.5785 8.1285 -0.1685
-86.3785 8.1285 -0.1685
-87.9785 5.53965 -4.35735
-87.9785 7.51735 -4.35735
-87.9785 5.53965 0.820354
-87.9785 7.51735 0.820354
-88.9674 3.93965 -1.7685
-86.9896 3.93965 -1.7685
-88.9674 9.11735 -1.7685
-86.9896 9.11735 -1.7685
-90.5674 6.5285 -2.75735
-90.5674 6.5285 -0.779646
-85.3896 6.5285 -2.75735
-85.3896 6.5285 -0.779646
-89.5785 4.9285 -0.1685
-86.3785 4.9285 -0.1685
-89.5785 8.1285 -0.1685
-86.3785 8.1285 -0.1685
-89.5785 4.9285 3.0315
-86.3785 4.9285 3.0315
-89.5785 8.1285 3.0315
-86.3785 8.1285 3.0315
-87.9785 5.53965 -1.15735
-87.9785 7.51735 -1.15735
-87.9785 5.53965 4.02035
-87.9785 7.51735 4.02035
-88.9674 3.93965 1.4315
-86.9896 3.93965 1.4315
-88.9674 9.11735 1.4315
-86.9896 9.11735 1.4315
-90.5674 6.5285 0.442646
-90.5674 6.5285 2.42035
-85.3896 6.5285 0.442646
-85.3896 6.5285 2.42035
14.868 -12.2855 43.523
18.068 -12.2855 43.523
14.868 -9.0855 43.523
18.068 -9.0855 43.523
14.868 -12.2855 46.723
18.068 -12.2855 46.723
14.868 -9.0855 46.723
18.068 -9.0855 46.723
16.468 -11.6744 42.5341
16.468 -9.69665 42.5341
16.468 -11.6744 47.7119
16.468 -9.69665 47.7119
15.4791 -13.2744 45.123
17.4569 -13.2744 45.123
15.4791 -8.09665 45.123
17.4569 -8.09665 45.123
13.8791 -10.6855 44.1341
13.8791 -10.6855 46.1119
19.0569 -10.6855 44.1341
19.0569 -10.6855 46.1119
14.868 -12.2855 46.723
18.068 -12.2855 46.723
14.868 -9.0855 46.723
18.068 -9.0855 46.723
14.868 -12.2855 49.923
18.068 -12.2855 49.923
14.868 -9.0855 49.923
18.068 -9.0855 49.923
16.468 -11.6744 45.7341
16.468 -9.69665 45.7341
16.468 -11.6744 50.9119
16.468 -9.69665 50.9119
15.4791 -13.2744 48.323
17.4569 -13.2744 48.323
15.4791 -8.09665 48.323
17.4569 -8.09665 48.323
13.8791 -10.6855 47.3341
13.8791 -10.6855 49.3119
19.0569 -10.6855 47.3341
19.0569 -10.6855 49.3119
121.873 -27.9605 92.133
125.073 -27.9605 92.133
121.873 -24.7605 92.133
125.073 -24.7605 92.133
121.873 -27.9605 95.333
125.073 -27.9605 95.333
121.873 -24.7605 95.333
125.073 -24.7605 95.333
123.473 -27.3494 91.1441
123.473 -25.3716 91.1441
123.473 -27.3494 96.3219
123.473 -25.3716 96.3219
122.484 -28.9494 93.733
124.462 -28.9494 93.733
122.484 -23.7716 93.733
124.462 -23.7716 93.733
120.884 -26.3605 92.7441
120.884 -26.3605 94.7219
126.062 -26.3605 92.7441
126.062 -26.3605 94.7219
121.873 -27.9605 95.333
125.073 -27.9605 95.333
121.873 -24.7605 95.333
125.073 -24.7605 95.333
121.873 -27.9605 98.533
125.073 -27.9605 98.533
121.873 -24.7605 98.533
125.073 -24.7605 98.533
123.473 -27.3494 94.3441
123.473 -25.3716 94.3441
123.473 -27.3494 99.5219
123.473 -25.3716 99.5219
122.484 -28.9494 96.933
124.462 -28.9494 96.933
122.484 -23.7716 96.933
124.462 -23.7716 96.933
120.884 -26.3605 95.9441
120.884 -26.3605 97.9219
126.062 -26.3605 95.9441
126.062 -26.3605 97.9219
221.803 4.8845 151.322
225.003 4.8845 151.322
221.803 8.0845 151.322
225.003 8.0845 151.322
221.803 4.8845 154.522
225.003 4.8845 154.522
221.803 8.0845 154.522
225.003 8.0845 154.522
223.403 5.49565 150.333
223.403 7.47335 150.333
223.403 5.49565 155.51
223.403 7.47335 155.51
222.414 3.89565 152.922
224.392 3.89565 152.922
222.414 9.07335 152.922
224.392 9.07335 152.922
220.814 6.4845 151.933
220.814 6.4845 153.91
225.992 6.4845 151.933
225.992 6.4845 153.91
221.803 4.8845 154.522
225.003 4.8845 154.522
221.803 8.0845 154.522
225.003 8.0845 154.522
221.803 4.8845 157.721
225.003 4.8845 157.721
221.803 8.0845 157.721
225.003 8.0845 157.721
223.403 5.49565 153.533
223.403 7.47335 153.533
223.403 5.49565 158.71
223.403 7.47335 158.71
222.414 3.89565 156.121
224.392 3.89565 156.121
222.414 9.07335 156.121
224.392 9.07335 156.121
220.814 6.4845 155.133
220.814 6.4845 157.11
225.992 6.4845 155.133
225.992 6.4845 157.11
322.529 14.33 204.109
325.73 14.33 204.109
322.529 17.53 204.109
325.73 17.53 204.109
322.529 14.33 207.309
325.73 14.33 207.309
322.529 17.53 207.309
325.73 17.53 207.309
324.13 14.9411 203.12
324.13 16.9189 203.12
324.13 14.9411 208.298
324.13 16.9189 208.298
323.141 13.3411 205.709
325.118 13.3411 205.709
323.141 18.5189 205.709
325.118 18.5189 205.709
321.541 15.93 204.72
321.541 15.93 206.698
326.718 15.93 204.72
326.718 15.93 206.698
322.529 14.33 207.309
325.73 14.33 207.309
322.529 17.53 207.309
325.73 17.53 207.309
322.529 14.33 210.509
325.73 14.33 210.509
322.529 17.53 210.509
325.73 17.53 210.509
324.13 14.9411 206.32
324.13 16.9189 206.32
324.13 14.9411 211.498
324.13 16.9189 211.498
323.141 13.3411 208.909
325.118 13.3411 208.909
323.141 18.5189 208.909
325.118 18.5189 208.909
321.541 15.93 207.92
321.541 15.93 209.898
326.718 15.93 207.92
326.718 15.93 209.898
-134.419 -78.921 112.355
-131.219 -78.921 112.355
-134.419 -75.721 112.355
-131.219 -75.721 112.355
-134.419 -78.921 115.555
-131.219 -78.921 115.555
-134.419 -75.721 115.555
-131.219 -75.721 115.555
-132.819 -78.3099 111.366
-132.819 -76.3321 111.366
-132.819 -78.3099 116.543
-132.819 -76.3321 116.543
-133.808 -79.9099 113.955
-131.83 -79.9099 113.955
-133.808 -74.7321 113.955
-131.83 -74.7321 113.955
-135.408 -77.321 112.966
-135.408 -77.321 114.943
-130.23 -77.321 112.966
-130.23 -77.321 114.943
-134.419 -78.921 115.555
-131.219 -78.921 115.555
-134.419 -75.721 115.555
-131.219 -75.721 115.555
-134.419 -78.921 118.754
-131.219 -78.921 118.754
-134.419 -75.721 118.754
-131.219 -75.721 118.754
-132.819 -78.3099 114.566
-132.819 -76.3321 114.566
-132.819 -78.3099 119.743
-132.819 -76.3321 119.743
-133.808 -79.9099 117.154
-131.83 -79.9099 117.154
-133.808 -74.7321 117.154
-131.83 -74.7321 117.154
-135.408 -77.321 116.166
-135.408 -77.321 118.143
-130.23 -77.321 116.166
-130.23 -77.321 118.143
-68.3105 -12.1835 63.562
-65.1105 -12.1835 63.562
-68.3105 -8.9835 63.562
-65.1105 -8.9835 63.562
-68.3105 -12.1835 66.762
-65.1105 -12.1835 66.762
-68.3105 -8.9835 66.762
-65.1105 -8.9835 66.762
-66.7105 -11.5724 62.5731
-66.7105 -9.59465 62.5731
-66.7105 -11.5724 67.7509
-66.7105 -9.59465 67.7509
-67.6994 -13.1724 65.162
-65.7216 -13.1724 65.162
-67.6994 -7.99465 65.162
-65.7216 -7.99465 65.162
-69.2994 -10.5835 64.1731
-69.2994 -10.5835 66.1509
-64.1216 -10.5835 64.1731
-64.1216 -10.5835 66.1509
-68.3105 -12.1835 66.762
-65.1105 -12.1835 66.762
-68.3105 -8.9835 66.762
-65.1105 -8.9835 66.762
-68.3105 -12.1835 69.962
-65.1105 -12.1835 69.962
-68.3105 -8.9835 69.962
-65.1105 -8.9835 69.962
-66.7105 -11.5724 65.7731
-66.7105 -9.59465 65.7731
-66.7105 -11.5724 70.9509
-66.7105 -9.59465 70.9509
-67.6994 -13.1724 68.362
-65.7216 -13.1724 68.362
-67.6994 -7.99465 68.362
-65.7216 -7.99465 68.362
-69.2994 -10.5835 67.3731
-69.2994 -10.5835 69.3509
-64.1216 -10.5835 67.3731
-64.1216 -10.5835 69.3509
1.0905 -2.1985 -1.804
4.2905 -2.1985 -1.804
1.0905 1.0015 -1.804
4.2905 1.0015 -1.804
1.0905 -2.1985 1.396
4.2905 -2.1985 1.396
1.0905 1.0015 1.396
4.2905 1.0015 1.396
2.6905 -1.58735 -2.79285
2.6905 0.390354 -2.79285
2.6905 -1.58735 2.38485
2.6905 0.390354 2.38485
1.70165 -3.18735 -0.204
3.67935 -3.18735 -0.204
1.70165 1.99035 -0.204
3.67935 1.99035 -0.204
0.101646 -0.5985 -1.19285
0.101646 -0.5985 0.784854
5.27935 -0.5985 -1.19285
5.27935 -0.5985 0.784854
1.0905 -2.1985 1.396
4.2905 -2.1985 1.396
1.0905 1.0015 1.396
4.2905 1.0015 1.396
1.0905 -2.1985 4.596
4.2905 -2.1985 4.596
1.0905 1.0015 4.596
4.2905 1.0015 4.596
2.6905 -1.58735 0.407146
2.6905 0.390354 0.407146
2.6905 -1.58735 5.58485
2.6905 0.390354 5.58485
1.70165 -3.18735 2.996
3.67935 -3.18735 2.996
1.70165 1.99035 2.996
3.67935 1.99035 2.996
0.101646 -0.5985 2.00715
0.101646 -0.5985 3.98485
5.27935 -0.5985 2.00715
5.27935 -0.5985 3.98485
70.172 7.907 -66.8295
73.372 7.907 -66.8295
70.172 11.107 -66.8295
73.372 11.107 -66.8295
70.172 7.907 -63.6295
73.372 7.907 -63.6295
70.172 11.107 -63.6295
73.372 11.107 -63.6295
71.772 8.51815 -67.8184
71.772 10.4959 -67.8184
71.772 8.51815 -62.6406
71.772 10.4959 -62.6406
70.7831 6.91815 -65.2295
72.7609 6.91815 -65.2295
70.7831 12.0959 -65.2295
72.7609 12.0959 -65.2295
69.1831 9.507 -66.2184
69.1831 9.507 -64.2406
74.3609 9.507 -66.2184
74.3609 9.507 -64.2406
70.172 7.907 -63.6295
73.372 7.907 -63.6295
70.172 11.107 -63.6295
73.372 11.107 -63.6295
70.172 7.907 -60.4295
73.372 7.907 -60.4295
70.172 11.107 -60.4295
73.372 11.107 -60.4295
71.772 8.51815 -64.6184
71.772 10.4959 -64.6184
71.772 8.51815 -59.4406
71.772 10.4959 -59.4406
70.7831 6.91815 -62.0295
72.7609 6.91815 -62.0295
70.7831 12.0959 -62.0295
72.7609 12.0959 -62.0295
69.1831 9.507 -63.0184
69.1831 9.507 -61.0406
74.3609 9.507 -63.0184
74.3609 9.507 -61.0406
141.768 -13.4785 -141.722
144.968 -13.4785 -141.722
141.768 -10.2785 -141.722
144.968 -10.2785 -141.722
141.768 -13.4785 -138.523
144.968 -13.4785 -138.523
141.768 -10.2785 -138.523
144.968 -10.2785 -138.523
143.368 -12.8674 -142.711
143.368 -10.8896 -142.711
143.368 -12.8674 -137.534
143.368 -10.8896 -137.534
142.379 -14.4674 -140.123
144.357 -14.4674 -140.123
142.379 -9.28965 -140.123
144.357 -9.28965 -140.123
140.779 -11.8785 -141.111
140.779 -11.8785 -139.134
145.957 -11.8785 -141.111
145.957 -11.8785 -139.134
141.768 -13.4785 -138.523
144.968 -13.4785 -138.523
141.768 -10.2785 -138.523
144.968 -10.2785 -138.523
141.768 -13.4785 -135.323
144.968 -13.4785 -135.323
141.768 -10.2785 -135.323
144.968 -10.2785 -135.323
143.368 -12.8674 -139.511
143.368 -10.8896 -139.511
143.368 -12.8674 -134.334
143.368 -10.8896 -134.334
142.379 -14.4674 -136.923
144.357 -14.4674 -136.923
142.379 -9.28965 -136.923
144.357 -9.28965 -136.923
140.779 -11.8785 -137.911
140.779 -11.8785 -135.934
145.957 -11.8785 -137.911
145.957 -11.8785 -135.934
211.752 -3.188 -207.585
214.952 -3.188 -207.585
211.752 0.012 -207.585
214.952 0.012 -207.585
211.752 -3.188 -204.385
214.952 -3.188 -204.385
211.752 0.012 -204.385
214.952 0.012 -204.385
213.352 -2.57685 -208.574
213.352 -0.599146 -208.574
213.352 -2.57685 -203.396
213.352 -0.599146 -203.396
212.363 -4.17685 -205.985
214.341 -4.17685 -205.985
212.363 1.00085 -205.985
214.341 1.00085 -205.985
210.763 -1.588 -206.974
210.763 -1.588 -204.996
215.941 -1.588 -206.974
215.941 -1.588 -204.996
211.752 -3.188 -204.385
214.952 -3.188 -204.385
211.752 0.012 -204.385
214.952 0.012 -204.385
211.752 -3.188 -201.185
214.952 -3.188 -201.185
211.752 0.012 -201.185
214.952 0.012 -201.185
213.352 -2.57685 -205.374
213.352 -0.599146 -205.374
213.352 -2.57685 -200.196
213.352 -0.599146 -200.196
212.363 -4.17685 -202.785
214.341 -4.17685 -202.785
212.363 1.00085 -202.785
214.341 1.00085 -202.785
210.763 -1.588 -203.774
210.763 -1.588 -201.796
215.941 -1.588 -203.774
215.941 -1.588 -201.796
240.007 218.768 18.2205
243.207 218.768 18.2205
240.007 221.968 18.2205
243.207 221.968 18.2205
240.007 218.768 21.4205
243.207 218.768 21.4205
240.007 221.968 21.4205
243.207 221.968 21.4205
241.607 219.379 17.2316
241.607 221.356 17.2316
241.607 219.379 22.4094
241.607 221.356 22.4094
240.618 217.779 19.8205
242.596 217.779 19.8205
240.618 222.956 19.8205
242.596 222.956 19.8205
239.018 220.368 18.8316
239.018 220.368 20.8094
244.196 220.368 18.8316
244.196 220.368 20.8094
240.007 218.768 21.4205
243.207 218.768 21.4205
240.007 221.968 21.4205
243.207 221.968 21.4205
240.007 218.768 24.6205
243.207 218.768 24.6205
240.007 221.968 24.6205
243.207 221.968 24.6205
241.607 219.379 20.4316
241.607 221.356 20.4316
241.607 219.379 25.6094
241.607 221.356 25.6094
240.618 217.779 23.0205
242.596 217.779 23.0205
240.618 222.956 23.0205
242.596 222.956 23.0205
239.018 220.368 22.0316
239.018 220.368 24.0094
244.196 220.368 22.0316
244.196 220.368 24.0094
627.919 434.154 -61.0535
631.12 434.154 -61.0535
627.919 437.354 -61.0535
631.12 437.354 -61.0535
627.919 434.154 -57.8535
631.12 434.154 -57.8535
627.919 437.354 -57.8535
631.12 437.354 -57.8535
629.519 434.765 -62.0424
629.519 436.743 -62.0424
629.519 434.765 -56.8646
629.519 436.743 -56.8646
628.531 433.165 -59.4535
630.508 433.165 -59.4535
628.531 438.343 -59.4535
630.508 438.343 -59.4535
626.931 435.754 -60.4424
626.931 435.754 -58.4646
632.108 435.754 -60.4424
632.108 435.754 -58.4646
627.919 434.154 -57.8535
631.12 434.154 -57.8535
627.919 437.354 -57.8535
631.12 437.354 -57.8535
627.919 434.154 -54.6535
631.12 434.154 -54.6535
627.919 437.354 -54.6535
631.12 437.354 -54.6535
629.519 434.765 -58.8424
629.519 436.743 -58.8424
629.519 434.765 -53.6646
629.519 436.743 -53.6646
628.531 433.165 -56.2535
630.508 433.165 -56.2535
628.531 438.343 -56.2535
630.508 438.343 -56.2535
626.931 435.754 -57.2424
626.931 435.754 -55.2646
632.108 435.754 -57.2424
632.108 435.754 -55.2646
-801.6 472.859 118.928
-798.4 472.859 118.928
-801.6 476.059 118.928
-798.4 476.059 118.928
-801.6 472.859 122.127
-798.4 472.859 122.127
-801.6 476.059 122.127
-798.4 476.059 122.127
-800 473.47 117.939
-800 475.448 117.939
-800 473.47 123.116
-800 475.448 123.116
-800.989 471.87 120.528
-799.011 471.87 120.528
-800.989 477.048 120.528
-799.011 477.048 120.528
-802.589 474.459 119.539
-802.589 474.459 121.516
-797.411 474.459 119.539
-797.411 474.459 121.516
-801.6 472.859 122.127
-798.4 472.859 122.127
-801.6 476.059 122.127
-798.4 476.059 122.127
-801.6 472.859 125.327
-798.4 472.859 125.327
-801.6 476.059 125.327
-798.4 476.059 125.327
-800 473.47 121.139
-800 475.448 121.139
-800 473.47 126.316
-800 475.448 126.316
-800.989 471.87 123.727
-799.011 471.87 123.727
-800.989 477.048 123.727
-799.011 477.048 123.727
-802.589 474.459 122.739
-802.589 474.459 124.716
-797.411 474.459 122.739
-797.411 474.459 124.716
-449.033 798.4 -144.387
-445.833 798.4 -144.387
-449.033 801.6 -144.387
-445.833 801.6 -144.387
-449.033 798.4 -141.187
-445.833 798.4 -141.187
-449.033 801.6 -141.187
-445.833 801.6 -141.187
-447.433 799.011 -145.376
-447.433 800.989 -145.376
-447.433 799.011 -140.198
-447.433 800.989 -140.198
-448.422 797.411 -142.787
-446.444 797.411 -142.787
-448.422 802.589 -142.787
-446.444 802.589 -142.787
-450.022 800 -143.776
-450.022 800 -141.798
-444.844 800 -143.776
-444.844 800 -141.798
-449.033 798.4 -141.187
-445.833 798.4 -141.187
-449.033 801.6 -141.187
-445.833 801.6 -141.187
-449.033 798.4 -137.987
-445.833 798.4 -137.987
-449.033 801.6 -137.987
-445.833 801.6 -137.987
-447.433 799.011 -142.176
-447.433 800.989 -142.176
-447.433 799.011 -136.998
-447.433 800.989 -136.998
-448.422 797.411 -139.587
-446.444 797.411 -139.587
-448.422 802.589 -139.587
-446.444 802.589 -139.587
-450.022 800 -140.576
-450.022 800 -138.598
-444.844 800 -140.576
-444.844 800 -138.598
798.4 437.577 -103.288
801.6 437.577 -103.288
798.4 440.777 -103.288
801.6 440.777 -103.288
798.4 437.577 -100.088
801.6 437.577 -100.088
798.4 440.777 -100.088
801.6 440.777 -100.088
800 438.188 -104.277
800 440.166 -104.277
800 438.188 -99.0991
800 440.166 -99.0991
799.011 436.588 -101.688
800.989 436.588 -101.688
799.011 441.766 -101.688
800.989 441.766 -101.688
797.411 439.177 -102.677
797.411 439.177 -100.699
802.589 439.177 -102.677
802.589 439.177 -100.699
798.4 437.577 -100.088
801.6 437.577 -100.088
798.4 440.777 -100.088
801.6 440.777 -100.088
798.4 437.577 -96.888
801.6 437.577 -96.888
798.4 440.777 -96.888
801.6 440.777 -96.888
800 438.188 -101.077
800 440.166 -101.077
800 438.188 -95.8991
800 440.166 -95.8991
799.011 436.588 -98.488
800.989 436.588 -98.488
799.011 441.766 -98.488
800.989 441.766 -98.488
797.411 439.177 -99.4769
797.411 439.177 -97.4991
802.589 439.177 -99.4769
802.589 439.177 -97.4991
634.851 798.4 -33.2585
638.051 798.4 -33.2585
634.851 801.6 -33.2585
638.051 801.6 -33.2585
634.851 798.4 -30.0585
638.051 798.4 -30.0585
634.851 801.6 -30.0585
638.051 801.6 -30.0585
636.451 799.011 -34.2474
636.451 800.989 -34.2474
636.451 799.011 -29.0696
636.451 800.989 -29.0696
635.462 797.411 -31.6585
637.439 797.411 -31.6585
635.462 802.589 -31.6585
637.439 802.589 -31.6585
633.862 800 -32.6474
633.862 800 -30.6696
639.039 800 -32.6474
639.039 800 -30.6696
634.851 798.4 -30.0585
638.051 798.4 -30.0585
634.851 801.6 -30.0585
638.051 801.6 -30.0585
634.851 798.4 -26.8585
638.051 798.4 -26.8585
634.851 801.6 -26.8585
638.051 801.6 -26.8585
636.451 799.011 -31.0474
636.451 800.989 -31.0474
636.451 799.011 -25.8696
636.451 800.989 -25.8696
635.462 797.411 -28.4585
637.439 797.411 -28.4585
635.462 802.589 -28.4585
637.439 802.589 -28.4585
633.862 800 -29.4474
633.862 800 -27.4696
639.039 800 -29.4474
639.039 800 -27.4696
CELLS 3916 15664
3 32 37 16
3 32 0 16
3 32 0 12
3 32 37 24
3 2 0 16
3 2 0 8
3 2 9 8
3 13 0 8
3 13 0 12
3 13 1 8
3 13 32 33
3 13 32 12
3 25 32 24
3 25 24 30
3 25 32 33
3 25 1 18
3 25 39 18
3 25 13 1
3 25 13 33
3 25 39 27
3 25 31 30
3 25 31 27
3 3 9 8
3 3 1 18
3 3 1 8
3 3 39 18
3 3 39 27
3 3 35 27
3 3 35 15
3 14 2 9
3 14 3 15
3 14 3 9
3 14 35 15
3 14 35 34
3 26 37 16
3 26 14 34
3 26 2 16
3 26 14 2
3 26 37 24
3 26 24 30
3 26 31 30
3 26 31 27
3 26 35 27
3 26 35 34
3 72 77 56
3 72 40 56
3 72 40 52
3 72 77 64
3 42 40 56
3 42 40 48
3 42 49 48
3 53 40 48
3 53 40 52
3 53 41 48
3 53 72 73
3 53 72 52
3 65 72 64
3 65 64 70
3 65 72 73
3 65 41 58
3 65 79 58
3 65 53 41
3 65 53 73
3 65 79 67
3 65 71 70
3 65 71 67
3 43 49 48
3 43 41 58
3 43 41 48
3 43 79 58
3 43 79 67
3 43 75 67
3 43 75 55
3 54 42 49
3 54 43 55
3 54 43 49
3 54 75 55
3 54 75 74
3 66 77 56
3 66 54 74
3 66 42 56
3 66 54 42
3 66 77 64
3 66 64 70
3 66 71 70
3 66 71 67
3 66 75 67
3 66 75 74
3 112 117 96
3 112 80 96
3 112 80 92
3 112 117 104
3 93 80 92
3 93 81 88
3 93 80 88
3 93 112 113
3 93 112 92
3 105 112 104
3 105 104 110
3 105 112 113
3 105 81 98
3 105 119 98
3 105 93 81
3 105 93 113
3 105 119 107
3 105 111 110
3 105 111 107
3 106 117 96
3 106 82 96
3 106 94 114
3 106 82 94
3 106 117 104
3 106 104 110
3 106 111 110
3 106 111 107
3 106 115 114
3 106 115 107
3 89 81 98
3 89 83 98
3 89 81 88
3 89 80 96
3 89 80 88
3 89 82 96
3 95 83 98
3 95 119 98
3 95 119 107
3 95 115 107
3 95 82 94
3 95 89 82
3 95 89 83
3 95 94 114
3 95 115 114
3 152 157 136
3 152 120 136
3 152 120 132
3 152 157 144
3 133 120 132
3 133 121 128
3 133 120 128
3 133 152 153
3 133 152 132
3 145 152 144
3 145 144 150
3 145 152 153
3 145 121 138
3 145 159 138
3 145 133 121
3 145 133 153
3 145 159 147
3 145 151 150
3 145 151 147
3 146 157 136
3 146 122 136
3 146 134 154
3 146 122 134
3 146 157 144
3 146 144 150
3 146 151 150
3 146 151 147
3 146 155 154
3 146 155 147
3 129 121 138
3 129 123 138
3 129 121 128
3 129 120 136
3 129 120 128
3 129 122 136
3 135 123 138
3 135 159 138
3 135 159 147
3 135 155 147
3 135 122 134
3 135 129 122
3 135 129 123
3 135 134 154
3 135 155 154
3 192 197 176
3 192 160 176
3 192 160 172
3 192 197 184
3 173 160 172
3 173 161 168
3 173 160 168
3 173 192 193
3 173 192 172
3 185 192 184
3 185 184 190
3 185 192 193
3 185 161 178
3 185 199 178
3 185 173 161
3 185 173 193
3 162 197 176
3 162 186 194
3 162 174 194
3 162 186 197
3 191 197 184
3 191 184 190
3 191 186 197
3 191 199 187
3 191 185 199
3 191 185 190
3 191 186 194
3 191 195 194
3 191 195 187
3 169 161 178
3 169 163 178
3 169 161 168
3 169 160 176
3 169 160 168
3 169 162 176
3 175 163 178
3 175 199 178
3 175 199 187
3 175 195 187
3 175 162 174
3 175 169 162
3 175 169 163
3 175 174 194
3 175 195 194
3 232 237 216
3 232 200 216
3 232 200 212
3 232 237 224
3 213 200 212
3 213 201 208
3 213 200 208
3 213 232 233
3 213 232 212
3 225 232 224
3 225 224 230
3 225 232 233
3 225 201 218
3 225 239 218
3 225 213 201
3 225 213 233
3 225 239 227
3 225 231 230
3 225 231 227
3 226 237 216
3 226 202 216
3 226 214 234
3 226 202 214
3 226 237 224
3 226 224 230
3 226 231 230
3 226 231 227
3 226 235 234
3 226 235 227
3 209 201 218
3 209 203 218
3 209 201 208
3 209 200 216
3 209 200 208
3 209 202 216
3 215 203 218
3 215 239 218
3 215 239 227
3 215 235 227
3 215 202 214
3 215 209 202
3 215 209 203
3 215 214 234
3 215 235 234
3 272 277 256
3 272 240 256
3 272 240 252
3 272 277 264
3 253 272 273
3 253 272 252
3 241 240 252
3 241 240 248
3 241 253 252
3 265 272 264
3 265 264 270
3 265 272 273
3 265 253 273
3 265 279 258
3 265 241 253
3 265 241 258
3 242 277 256
3 242 266 274
3 242 254 274
3 242 266 277
3 271 277 264
3 271 264 270
3 271 266 277
3 271 279 267
3 271 265 279
3 271 265 270
3 271 266 274
3 271 275 274
3 271 275 267
3 249 241 248
3 249 243 258
3 249 241 258
3 249 240 256
3 249 240 248
3 249 242 256
3 255 279 258
3 255 279 267
3 255 243 258
3 255 275 267
3 255 242 254
3 255 249 242
3 255 249 243
3 255 254 274
3 255 275 274
3 312 317 296
3 312 280 296
3 312 280 292
3 312 317 304
3 293 312 313
3 293 312 292
3 281 280 292
3 281 280 288
3 281 293 292
3 305 312 304
3 305 304 310
3 305 312 313
3 305 293 313
3 305 319 298
3 305 281 293
3 305 281 298
3 305 319 307
3 305 311 310
3 305 311 307
3 306 317 296
3 306 282 296
3 306 294 314
3 306 282 294
3 306 317 304
3 306 304 310
3 306 311 310
3 306 311 307
3 306 315 314
3 306 315 307
3 289 283 298
3 289 281 288
3 289 281 298
3 289 280 296
3 289 280 288
3 289 282 296
3 295 319 298
3 295 283 298
3 295 319 307
3 295 315 307
3 295 282 294
3 295 289 282
3 295 289 283
3 295 294 314
3 295 315 314
3 352 357 336
3 352 320 336
3 352 320 332
3 352 357 344
3 333 320 332
3 333 321 328
3 333 320 328
3 333 352 353
3 333 352 332
3 345 352 344
3 345 344 350
3 345 352 353
3 345 321 338
3 345 359 338
3 345 333 321
3 345 333 353
3 322 357 336
3 322 346 354
3 322 334 354
3 322 346 357
3 351 357 344
3 351 344 350
3 351 346 357
3 351 359 347
3 351 345 359
3 351 345 350
3 351 346 354
3 351 355 354
3 351 355 347
3 329 321 338
3 329 323 338
3 329 321 328
3 329 320 336
3 329 320 328
3 329 322 336
3 335 323 338
3 335 359 338
3 335 359 347
3 335 355 347
3 335 322 334
3 335 329 322
3 335 329 323
3 335 334 354
3 335 355 354
3 392 397 376
3 392 360 376
3 392 360 372
3 392 397 384
3 373 360 372
3 373 361 368
3 373 360 368
3 373 392 393
3 373 392 372
3 385 392 384
3 385 384 390
3 385 392 393
3 385 361 378
3 385 399 378
3 385 373 361
3 385 373 393
3 362 397 376
3 362 386 394
3 362 374 394
3 362 386 397
3 391 397 384
3 391 384 390
3 391 386 397
3 391 399 387
3 391 385 399
3 391 385 390
3 391 386 394
3 391 395 394
3 391 395 387
3 369 361 378
3 369 363 378
3 369 361 368
3 369 360 376
3 369 360 368
3 369 362 376
3 375 363 378
3 375 399 378
3 375 399 387
3 375 395 387
3 375 362 374
3 375 369 362
3 375 369 363
3 375 374 394
3 375 395 394
3 432 437 416
3 432 400 416
3 432 400 412
3 432 437 424
3 413 400 412
3 413 401 408
3 413 400 408
3 413 432 433
3 413 432 412
3 425 432 424
3 425 424 430
3 425 432 433
3 425 401 418
3 425 439 418
3 425 413 401
3 425 413 433
3 425 439 427
3 425 431 430
3 425 431 427
3 426 437 416
3 426 402 416
3 426 414 434
3 426 402 414
3 426 437 424
3 426 424 430
3 426 431 430
3 426 431 427
3 426 435 434
3 426 435 427
3 409 401 418
3 409 403 418
3 409 401 408
3 409 400 416
3 409 400 408
3 409 402 416
3 415 403 418
3 415 439 418
3 415 439 427
3 415 435 427
3 415 402 414
3 415 409 402
3 415 409 403
3 415 414 434
3 415 435 434
3 472 477 456
3 472 440 456
3 472 440 452
3 472 477 464
3 453 472 473
3 453 472 452
3 441 440 452
3 441 440 448
3 441 453 452
3 465 472 464
3 465 464 470
3 465 472 473
3 465 453 473
3 465 479 458
3 465 441 453
3 465 441 458
3 442 477 456
3 442 466 474
3 442 454 474
3 442 466 477
3 471 477 464
3 471 464 470
3 471 466 477
3 471 479 467
3 471 465 479
3 471 465 470
3 471 466 474
3 471 475 474
3 471 475 467
3 449 443 458
3 449 441 448
3 449 441 458
3 449 440 456
3 449 440 448
3 449 442 456
3 455 479 458
3 455 443 458
3 455 479 467
3 455 475 467
3 455 442 454
3 455 449 442
3 455 449 443
3 455 454 474
3 455 475 474
3 512 517 496
3 512 480 496
3 512 480 492
3 512 517 504
3 482 480 496
3 482 480 488
3 482 489 488
3 493 480 488
3 493 480 492
3 493 481 488
3 493 512 513
3 493 512 492
3 505 512 504
3 505 504 510
3 505 512 513
3 505 481 498
3 505 519 498
3 505 493 481
3 505 493 513
3 505 519 507
3 505 511 510
3 505 511 507
3 483 489 488
3 483 481 498
3 483 481 488
3 483 519 498
3 483 519 507
3 483 515 507
3 483 515 495
3 494 482 489
3 494 483 495
3 494 483 489
3 494 515 495
3 494 515 514
3 506 517 496
3 506 494 514
3 506 482 496
3 506 494 482
3 506 517 504
3 506 504 510
3 506 511 510
3 506 511 507
3 506 515 507
3 506 515 514
3 552 557 536
3 552 520 536
3 552 520 532
3 552 557 544
3 533 552 553
3 533 552 532
3 522 520 536
3 522 520 528
3 522 529 528
3 521 520 528
3 521 520 532
3 521 533 532
3 545 552 544
3 545 544 550
3 545 552 553
3 545 533 553
3 545 559 538
3 545 521 533
3 545 521 538
3 545 559 547
3 545 551 550
3 545 551 547
3 523 559 538
3 523 559 547
3 523 555 547
3 523 555 535
3 523 529 528
3 523 521 538
3 523 521 528
3 534 522 529
3 534 523 529
3 534 523 535
3 534 555 535
3 534 555 554
3 546 557 536
3 546 534 554
3 546 522 536
3 546 534 522
3 546 557 544
3 546 544 550
3 546 551 550
3 546 551 547
3 546 555 547
3 546 555 554
3 592 597 576
3 592 560 576
3 592 560 572
3 592 597 584
3 573 560 572
3 573 561 568
3 573 560 568
3 573 592 593
3 573 592 572
3 585 592 584
3 585 584 590
3 585 592 593
3 585 561 578
3 585 599 578
3 585 573 561
3 585 573 593
3 562 597 576
3 562 586 594
3 562 574 594
3 562 586 597
3 591 597 584
3 591 584 590
3 591 586 597
3 591 599 587
3 591 585 599
3 591 585 590
3 591 586 594
3 591 595 594
3 591 595 587
3 569 561 578
3 569 563 578
3 569 561 568
3 569 560 576
3 569 560 568
3 569 562 576
3 575 563 578
3 575 599 578
3 575 599 587
3 575 595 587
3 575 562 574
3 575 569 562
3 575 569 563
3 575 574 594
3 575 595 594
3 632 637 616
3 632 600 616
3 632 600 612
3 632 637 624
3 613 632 633
3 613 632 612
3 601 600 612
3 601 600 608
3 601 613 612
3 625 632 624
3 625 624 630
3 625 632 633
3 625 613 633
3 625 639 618
3 625 601 613
3 625 601 618
3 602 637 616
3 602 626 634
3 602 614 634
3 602 626 637
3 631 637 624
3 631 624 630
3 631 626 637
3 631 639 627
3 631 625 639
3 631 625 630
3 631 626 634
3 631 635 634
3 631 635 627
3 609 601 608
3 609 603 618
3 609 601 618
3 609 600 616
3 609 600 608
3 609 602 616
3 615 639 618
3 615 639 627
3 615 603 618
3 615 635 627
3 615 602 614
3 615 609 602
3 615 609 603
3 615 614 634
3 615 635 634
3 672 677 656
3 672 640 656
3 672 640 652
3 672 677 664
3 653 672 673
3 653 672 652
3 641 640 652
3 641 640 648
3 641 653 652
3 665 672 664
3 665 664 670
3 665 672 673
3 665 653 673
3 665 679 658
3 665 641 653
3 665 641 658
3 665 679 667
3 665 671 670
3 665 671 667
3 666 677 656
3 666 642 656
3 666 654 674
3 666 642 654
3 666 677 664
3 666 664 670
3 666 671 670
3 666 671 667
3 666 675 674
3 666 675 667
3 649 643 658
3 649 641 648
3 649 641 658
3 649 640 656
3 649 640 648
3 649 642 656
3 655 679 658
3 655 643 658
3 655 679 667
3 655 675 667
3 655 642 654
3 655 649 642
3 655 649 643
3 655 654 674
3 655 675 674
3 712 717 696
3 712 680 696
3 712 680 692
3 712 717 704
3 693 712 713
3 693 712 692
3 681 680 692
3 681 680 688
3 681 693 692
3 705 712 704
3 705 704 710
3 705 712 713
3 705 693 713
3 705 719 698
3 705 681 693
3 705 681 698
3 705 719 707
3 705 711 710
3 705 711 707
3 689 683 698
3 689 681 688
3 689 681 698
3 706 717 704
3 706 704 710
3 706 711 710
3 706 711 707
3 706 715 714
3 706 715 707
3 682 717 696
3 682 706 714
3 682 694 714
3 682 706 717
3 682 680 696
3 682 680 688
3 682 689 688
3 695 719 698
3 695 683 698
3 695 719 707
3 695 715 707
3 695 689 683
3 695 682 689
3 695 682 694
3 695 694 714
3 695 715 714
3 752 757 736
3 752 720 736
3 752 720 732
3 752 757 744
3 733 720 732
3 733 721 728
3 733 720 728
3 733 752 753
3 733 752 732
3 745 752 744
3 745 744 750
3 745 752 753
3 745 721 738
3 745 759 738
3 745 733 721
3 745 733 753
3 745 759 747
3 745 751 750
3 745 751 747
3 746 757 736
3 746 722 736
3 746 734 754
3 746 722 734
3 746 757 744
3 746 744 750
3 746 751 750
3 746 751 747
3 746 755 754
3 746 755 747
3 729 721 738
3 729 723 738
3 729 721 728
3 729 720 736
3 729 720 728
3 729 722 736
3 735 723 738
3 735 759 738
3 735 759 747
3 735 755 747
3 735 722 734
3 735 729 722
3 735 729 723
3 735 734 754
3 735 755 754
3 792 797 776
3 792 760 776
3 792 760 772
3 792 797 784
3 773 760 772
3 773 761 768
3 773 760 768
3 773 792 793
3 773 792 772
3 785 792 784
3 785 784 790
3 785 792 793
3 785 761 778
3 785 799 778
3 785 773 761
3 785 773 793
3 785 799 787
3 785 791 790
3 785 791 787
3 769 761 778
3 769 763 778
3 769 761 768
3 786 797 784
3 786 784 790
3 786 791 790
3 786 791 787
3 786 795 794
3 786 795 787
3 762 797 776
3 762 786 794
3 762 774 794
3 762 786 797
3 762 760 776
3 762 760 768
3 762 769 768
3 775 763 778
3 775 799 778
3 775 799 787
3 775 795 787
3 775 769 763
3 775 762 769
3 775 762 774
3 775 774 794
3 775 795 794
3 832 837 816
3 832 800 816
3 832 800 812
3 832 837 824
3 813 832 833
3 813 832 812
3 801 800 812
3 801 800 808
3 801 813 812
3 825 832 824
3 825 824 830
3 825 832 833
3 825 813 833
3 825 839 818
3 825 801 813
3 825 801 818
3 802 837 816
3 802 826 834
3 802 814 834
3 802 826 837
3 831 837 824
3 831 824 830
3 831 826 837
3 831 839 827
3 831 825 839
3 831 825 830
3 831 826 834
3 831 835 834
3 831 835 827
3 809 801 808
3 809 803 818
3 809 801 818
3 809 800 816
3 809 800 808
3 809 802 816
3 815 839 818
3 815 839 827
3 815 803 818
3 815 835 827
3 815 802 814
3 815 809 802
3 815 809 803
3 815 814 834
3 815 835 834
3 872 877 856
3 872 840 856
3 872 840 852
3 872 877 864
3 853 872 873
3 853 872 852
3 841 840 852
3 841 840 848
3 841 853 852
3 865 872 864
3 865 864 870
3 865 872 873
3 865 853 873
3 865 879 858
3 865 841 853
3 865 841 858
3 865 879 867
3 865 871 870
3 865 871 867
3 849 841 848
3 849 843 858
3 849 841 858
3 866 877 864
3 866 864 870
3 866 871 870
3 866 871 867
3 866 875 874
3 866 875 867
3 842 877 856
3 842 866 874
3 842 854 874
3 842 866 877
3 842 840 856
3 842 840 848
3 842 849 848
3 855 879 858
3 855 879 867
3 855 843 858
3 855 875 867
3 855 849 843
3 855 842 849
3 855 842 854
3 855 854 874
3 855 875 874
3 912 917 896
3 912 880 896
3 912 880 892
3 912 917 904
3 893 912 913
3 893 912 892
3 882 880 896
3 882 880 888
3 882 889 888
3 881 880 888
3 881 880 892
3 881 893 892
3 905 912 904
3 905 904 910
3 905 912 913
3 905 893 913
3 905 919 898
3 905 881 893
3 905 881 898
3 905 919 907
3 905 911 910
3 905 911 907
3 883 919 898
3 883 919 907
3 883 915 907
3 883 915 895
3 883 889 888
3 883 881 898
3 883 881 888
3 894 882 889
3 894 883 889
3 894 883 895
3 894 915 895
3 894 915 914
3 906 917 896
3 906 894 914
3 906 882 896
3 906 894 882
3 906 917 904
3 906 904 910
3 906 911 910
3 906 911 907
3 906 915 907
3 906 915 914
3 952 957 936
3 952 920 936
3 952 920 932
3 952 957 944
3 933 952 953
3 933 952 932
3 921 920 932
3 921 920 928
3 921 933 932
3 945 952 944
3 945 944 950
3 945 952 953
3 945 933 953
3 945 959 938
3 945 921 933
3 945 921 938
3 945 959 947
3 945 951 950
3 945 951 947
3 929 923 938
3 929 921 928
3 929 921 938
3 946 957 944
3 946 944 950
3 946 951 950
3 946 951 947
3 946 955 954
3 946 955 947
3 922 957 936
3 922 946 954
3 922 934 954
3 922 946 957
3 922 920 936
3 922 920 928
3 922 929 928
3 935 959 938
3 935 923 938
3 935 959 947
3 935 955 947
3 935 929 923
3 935 922 929
3 935 922 934
3 935 934 954
3 935 955 954
3 992 997 976
3 992 960 976
3 992 960 972
3 992 997 984
3 973 992 993
3 973 992 972
3 961 960 968
3 961 960 972
3 961 973 972
3 985 992 984
3 985 984 990
3 985 992 993
3 985 973 993
3 985 999 978
3 985 961 973
3 985 961 978
3 985 999 987
3 985 991 990
3 985 991 987
3 962 960 976
3 962 960 968
3 962 969 968
3 986 997 976
3 986 962 976
3 986 974 994
3 986 962 974
3 986 997 984
3 986 984 990
3 986 991 990
3 986 991 987
3 986 995 994
3 986 995 987
3 975 974 994
3 975 995 994
3 963 969 968
3 963 961 978
3 963 961 968
3 963 999 978
3 963 999 987
3 963 995 987
3 963 975 995
3 963 962 969
3 963 962 974
3 963 975 974
3 1032 1037 1016
3 1032 1000 1016
3 1032 1000 1012
3 1032 1037 1024
3 1013 1000 1012
3 1013 1001 1008
3 1013 1000 1008
3 1013 1032 1033
3 1013 1032 1012
3 1025 1032 1024
3 1025 1024 1030
3 1025 1032 1033
3 1025 1001 1018
3 1025 1039 1018
3 1025 1013 1001
3 1025 1013 1033
3 1025 1039 1027
3 1025 1031 1030
3 1025 1031 1027
3 1026 1037 1016
3 1026 1002 1016
3 1026 1014 1034
3 1026 1002 1014
3 1026 1037 1024
3 1026 1024 1030
3 1026 1031 1030
3 1026 1031 1027
3 1026 1035 1034
3 1026 1035 1027
3 1009 1001 1018
3 1009 1003 1018
3 1009 1001 1008
3 1009 1000 1016
3 1009 1000 1008
3 1009 1002 1016
3 1015 1003 1018
3 1015 1039 1018
3 1015 1039 1027
3 1015 1035 1027
3 1015 1002 1014
3 1015 1009 1002
3 1015 1009 1003
3 1015 1014 1034
3 1015 1035 1034
3 1072 1077 1056
3 1072 1040 1056
3 1072 1040 1052
3 1072 1077 1064
3 1053 1040 1052
3 1053 1041 1048
3 1053 1040 1048
3 1053 1072 1073
3 1053 1072 1052
3 1065 1072 1064
3 1065 1064 1070
3 1065 1072 1073
3 1065 1041 1058
3 1065 1079 1058
3 1065 1053 1041
3 1065 1053 1073
3 1065 1079 1067
3 1065 1071 1070
3 1065 1071 1067
3 1066 1077 1056
3 1066 1042 1056
3 1066 1054 1074
3 1066 1042 1054
3 1066 1077 1064
3 1066 1064 1070
3 1066 1071 1070
3 1066 1071 1067
3 1066 1075 1074
3 1066 1075 1067
3 1049 1041 1058
3 1049 1043 1058
3 1049 1041 1048
3 1049 1040 1056
3 1049 1040 1048
3 1049 1042 1056
3 1055 1043 1058
3 1055 1079 1058
3 1055 1079 1067
3 1055 1075 1067
3 1055 1042 1054
3 1055 1049 1042
3 1055 1049 1043
3 1055 1054 1074
3 1055 1075 1074
3 1112 1117 1096
3 1112 1080 1096
3 1112 1080 1092
3 1112 1117 1104
3 1093 1112 1113
3 1093 1112 1092
3 1081 1080 1092
3 1081 1080 1088
3 1081 1093 1092
3 1105 1112 1104
3 1105 1104 1110
3 1105 1112 1113
3 1105 1093 1113
3 1105 1119 1098
3 1105 1081 1093
3 1105 1081 1098
3 1105 1119 1107
3 1105 1111 1110
3 1105 1111 1107
3 1106 1117 1096
3 1106 1082 1096
3 1106 1094 1114
3 1106 1082 1094
3 1106 1117 1104
3 1106 1104 1110
3 1106 1111 1110
3 1106 1111 1107
3 1106 1115 1114
3 1106 1115 1107
3 1089 1083 1098
3 1089 1081 1088
3 1089 1081 1098
3 1089 1080 1096
3 1089 1080 1088
3 1089 1082 1096
3 1095 1119 1098
3 1095 1083 1098
3 1095 1119 1107
3 1095 1115 1107
3 1095 1082 1094
3 1095 1089 1082
3 1095 1089 1083
3 1095 1094 1114
3 1095 1115 1114
3 1152 1157 1136
3 1152 1120 1136
3 1152 1120 1132
3 1152 1157 1144
3 1133 1120 1132
3 1133 1121 1128
3 1133 1120 1128
3 1133 1152 1153
3 1133 1152 1132
3 1145 1152 1144
3 1145 1144 1150
3 1145 1152 1153
3 1145 1121 1138
3 1145 1159 1138
3 1145 1133 1121
3 1145 1133 1153
3 1122 1157 1136
3 1122 1146 1154
3 1122 1134 1154
3 1122 1146 1157
3 1151 1157 1144
3 1151 1144 1150
3 1151 1146 1157
3 1151 1159 1147
3 1151 1145 1159
3 1151 1145 1150
3 1151 1146 1154
3 1151 1155 1154
3 1151 1155 1147
3 1129 1121 1138
3 1129 1123 1138
3 1129 1121 1128
3 1129 1120 1136
3 1129 1120 1128
3 1129 1122 1136
3 1135 1123 1138
3 1135 1159 1138
3 1135 1159 1147
3 1135 1155 1147
3 1135 1122 1134
3 1135 1129 1122
3 1135 1129 1123
3 1135 1134 1154
3 1135 1155 1154
3 1192 1197 1176
3 1192 1160 1176
3 1192 1160 1172
3 1192 1197 1184
3 1173 1160 1172
3 1173 1160 1168
3 1173 1161 1168
3 1173 1192 1193
3 1173 1192 1172
3 1185 1192 1184
3 1185 1184 1190
3 1185 1192 1193
3 1185 1199 1178
3 1185 1161 1178
3 1185 1173 1161
3 1185 1173 1193
3 1185 1199 1187
3 1185 1191 1190
3 1185 1191 1187
3 1169 1161 1168
3 1169 1161 1178
3 1169 1163 1178
3 1186 1197 1184
3 1186 1184 1190
3 1186 1191 1190
3 1186 1191 1187
3 1186 1195 1194
3 1186 1195 1187
3 1162 1197 1176
3 1162 1186 1194
3 1162 1174 1194
3 1162 1186 1197
3 1162 1160 1176
3 1162 1160 1168
3 1162 1169 1168
3 1175 1199 1178
3 1175 1163 1178
3 1175 1199 1187
3 1175 1195 1187
3 1175 1169 1163
3 1175 1162 1169
3 1175 1162 1174
3 1175 1174 1194
3 1175 1195 1194
3 1203 1202 1214
3 1203 1215 1214
3 1203 1202 1209
3 1235 1203 1218
3 1235 1239 1218
3 1235 1239 1227
3 1235 1203 1215
3 1235 1215 1214
3 1235 1234 1214
3 1208 1202 1216
3 1208 1202 1209
3 1208 1200 1216
3 1208 1203 1218
3 1208 1203 1209
3 1208 1201 1218
3 1226 1202 1216
3 1226 1237 1216
3 1226 1202 1214
3 1226 1234 1214
3 1226 1224 1237
3 1226 1231 1230
3 1226 1224 1230
3 1226 1235 1234
3 1226 1235 1227
3 1226 1231 1227
3 1225 1239 1227
3 1225 1231 1230
3 1225 1231 1227
3 1213 1200 1212
3 1213 1208 1200
3 1213 1208 1201
3 1213 1239 1218
3 1213 1201 1218
3 1213 1225 1239
3 1213 1225 1233
3 1232 1237 1216
3 1232 1200 1216
3 1232 1200 1212
3 1232 1224 1237
3 1232 1224 1230
3 1232 1225 1233
3 1232 1225 1230
3 1232 1213 1212
3 1232 1213 1233
3 1272 1277 1256
3 1272 1240 1256
3 1272 1240 1252
3 1272 1277 1264
3 1253 1272 1273
3 1253 1272 1252
3 1241 1240 1252
3 1241 1240 1248
3 1241 1253 1252
3 1265 1272 1264
3 1265 1264 1270
3 1265 1272 1273
3 1265 1253 1273
3 1265 1279 1258
3 1265 1241 1253
3 1265 1241 1258
3 1249 1241 1248
3 1249 1243 1258
3 1249 1241 1258
3 1271 1277 1264
3 1271 1264 1270
3 1271 1266 1277
3 1271 1279 1267
3 1271 1265 1279
3 1271 1265 1270
3 1271 1266 1274
3 1271 1275 1274
3 1271 1275 1267
3 1242 1277 1256
3 1242 1266 1274
3 1242 1254 1274
3 1242 1266 1277
3 1242 1240 1256
3 1242 1240 1248
3 1242 1249 1248
3 1255 1279 1258
3 1255 1279 1267
3 1255 1243 1258
3 1255 1275 1267
3 1255 1249 1243
3 1255 1242 1249
3 1255 1242 1254
3 1255 1254 1274
3 1255 1275 1274
3 1312 1317 1296
3 1312 1280 1296
3 1312 1280 1292
3 1312 1317 1304
3 1293 1280 1292
3 1293 1281 1288
3 1293 1280 1288
3 1293 1312 1313
3 1293 1312 1292
3 1305 1312 1304
3 1305 1304 1310
3 1305 1312 1313
3 1305 1281 1298
3 1305 1319 1298
3 1305 1293 1281
3 1305 1293 1313
3 1305 1319 1307
3 1305 1311 1310
3 1305 1311 1307
3 1289 1281 1298
3 1289 1283 1298
3 1289 1281 1288
3 1306 1317 1304
3 1306 1304 1310
3 1306 1311 1310
3 1306 1311 1307
3 1306 1315 1314
3 1306 1315 1307
3 1282 1317 1296
3 1282 1306 1314
3 1282 1294 1314
3 1282 1306 1317
3 1282 1280 1296
3 1282 1280 1288
3 1282 1289 1288
3 1295 1283 1298
3 1295 1319 1298
3 1295 1319 1307
3 1295 1315 1307
3 1295 1289 1283
3 1295 1282 1289
3 1295 1282 1294
3 1295 1294 1314
3 1295 1315 1314
3 1352 1357 1336
3 1352 1320 1336
3 1352 1320 1332
3 1352 1357 1344
3 1333 1320 1332
3 1333 1320 1328
3 1333 1321 1328
3 1333 1352 1353
3 1333 1352 1332
3 1345 1352 1344
3 1345 1344 1350
3 1345 1352 1353
3 1345 1359 1338
3 1345 1321 1338
3 1345 1333 1321
3 1345 1333 1353
3 1345 1359 1347
3 1345 1351 1350
3 1345 1351 1347
3 1329 1321 1328
3 1329 1321 1338
3 1329 1323 1338
3 1346 1357 1344
3 1346 1344 1350
3 1346 1351 1350
3 1346 1351 1347
3 1346 1355 1354
3 1346 1355 1347
3 1322 1357 1336
3 1322 1346 1354
3 1322 1334 1354
3 1322 1346 1357
3 1322 1320 1336
3 1322 1320 1328
3 1322 1329 1328
3 1335 1359 1338
3 1335 1323 1338
3 1335 1359 1347
3 1335 1355 1347
3 1335 1329 1323
3 1335 1322 1329
3 1335 1322 1334
3 1335 1334 1354
3 1335 1355 1354
3 1392 1397 1376
3 1392 1360 1376
3 1392 1360 1372
3 1392 1397 1384
3 1373 1360 1372
3 1373 1360 1368
3 1373 1361 1368
3 1373 1392 1393
3 1373 1392 1372
3 1385 1392 1384
3 1385 1384 1390
3 1385 1392 1393
3 1385 1399 1378
3 1385 1361 1378
3 1385 1373 1361
3 1385 1373 1393
3 1362 1397 1376
3 1362 1386 1394
3 1362 1374 1394
3 1362 1386 1397
3 1391 1397 1384
3 1391 1384 1390
3 1391 1386 1397
3 1391 1399 1387
3 1391 1385 1399
3 1391 1385 1390
3 1391 1386 1394
3 1391 1395 1394
3 1391 1395 1387
3 1369 1361 1368
3 1369 1361 1378
3 1369 1363 1378
3 1369 1360 1376
3 1369 1360 1368
3 1369 1362 1376
3 1375 1399 1378
3 1375 1363 1378
3 1375 1399 1387
3 1375 1395 1387
3 1375 1362 1374
3 1375 1369 1362
3 1375 1369 1363
3 1375 1374 1394
3 1375 1395 1394
3 1432 1437 1416
3 1432 1400 1416
3 1432 1400 1412
3 1432 1437 1424
3 1413 1400 1412
3 1413 1401 1408
3 1413 1400 1408
3 1413 1432 1433
3 1413 1432 1412
3 1425 1432 1424
3 1425 1424 1430
3 1425 1432 1433
3 1425 1401 1418
3 1425 1439 1418
3 1425 1413 1401
3 1425 1413 1433
3 1425 1439 1427
3 1425 1431 1430
3 1425 1431 1427
3 1426 1437 1416
3 1426 1402 1416
3 1426 1414 1434
3 1426 1402 1414
3 1426 1437 1424
3 1426 1424 1430
3 1426 1431 1430
3 1426 1431 1427
3 1426 1435 1434
3 1426 1435 1427
3 1409 1401 1418
3 1409 1403 1418
3 1409 1401 1408
3 1409 1400 1416
3 1409 1400 1408
3 1409 1402 1416
3 1415 1403 1418
3 1415 1439 1418
3 1415 1439 1427
3 1415 1435 1427
3 1415 1402 1414
3 1415 1409 1402
3 1415 1409 1403
3 1415 1414 1434
3 1415 1435 1434
3 1472 1477 1456
3 1472 1440 1456
3 1472 1440 1452
3 1472 1477 1464
3 1453 1440 1448
3 1453 1440 1452
3 1453 1441 1448
3 1453 1472 1473
3 1453 1472 1452
3 1465 1472 1464
3 1465 1464 1470
3 1465 1472 1473
3 1465 1441 1458
3 1465 1479 1458
3 1465 1453 1441
3 1465 1453 1473
3 1465 1479 1467
3 1465 1471 1470
3 1465 1471 1467
3 1442 1440 1456
3 1442 1440 1448
3 1442 1449 1448
3 1466 1477 1456
3 1466 1442 1456
3 1466 1454 1474
3 1466 1442 1454
3 1466 1477 1464
3 1466 1464 1470
3 1466 1471 1470
3 1466 1471 1467
3 1466 1475 1474
3 1466 1475 1467
3 1443 1449 1448
3 1443 1441 1458
3 1443 1441 1448
3 1455 1479 1458
3 1455 1479 1467
3 1455 1475 1467
3 1455 1443 1458
3 1455 1442 1449
3 1455 1442 1454
3 1455 1443 1449
3 1455 1454 1474
3 1455 1475 1474
3 1512 1517 1496
3 1512 1480 1496
3 1512 1480 1492
3 1512 1517 1504
3 1493 1480 1492
3 1493 1481 1488
3 1493 1480 1488
3 1493 1512 1513
3 1493 1512 1492
3 1505 1512 1504
3 1505 1504 1510
3 1505 1512 1513
3 1505 1481 1498
3 1505 1519 1498
3 1505 1493 1481
3 1505 1493 1513
3 1505 1519 1507
3 1505 1511 1510
3 1505 1511 1507
3 1506 1517 1496
3 1506 1482 1496
3 1506 1494 1514
3 1506 1482 1494
3 1506 1517 1504
3 1506 1504 1510
3 1506 1511 1510
3 1506 1511 1507
3 1506 1515 1514
3 1506 1515 1507
3 1489 1481 1498
3 1489 1483 1498
3 1489 1481 1488
3 1489 1480 1496
3 1489 1480 1488
3 1489 1482 1496
3 1495 1483 1498
3 1495 1519 1498
3 1495 1519 1507
3 1495 1515 1507
3 1495 1482 1494
3 1495 1489 1482
3 1495 1489 1483
3 1495 1494 1514
3 1495 1515 1514
3 1552 1557 1536
3 1552 1520 1536
3 1552 1520 1532
3 1552 1557 1544
3 1533 1552 1553
3 1533 1552 1532
3 1521 1520 1532
3 1521 1520 1528
3 1521 1533 1532
3 1545 1552 1544
3 1545 1544 1550
3 1545 1552 1553
3 1545 1533 1553
3 1545 1559 1538
3 1545 1521 1533
3 1545 1521 1538
3 1545 1559 1547
3 1545 1551 1550
3 1545 1551 1547
3 1529 1521 1528
3 1529 1523 1538
3 1529 1521 1538
3 1546 1557 1544
3 1546 1544 1550
3 1546 1551 1550
3 1546 1551 1547
3 1546 1555 1554
3 1546 1555 1547
3 1522 1557 1536
3 1522 1546 1554
3 1522 1534 1554
3 1522 1546 1557
3 1522 1520 1536
3 1522 1520 1528
3 1522 1529 1528
3 1535 1559 1538
3 1535 1559 1547
3 1535 1523 1538
3 1535 1555 1547
3 1535 1529 1523
3 1535 1522 1529
3 1535 1522 1534
3 1535 1534 1554
3 1535 1555 1554
3 1592 1597 1576
3 1592 1560 1576
3 1592 1560 1572
3 1592 1597 1584
3 1573 1560 1572
3 1573 1561 1568
3 1573 1560 1568
3 1573 1592 1593
3 1573 1592 1572
3 1585 1592 1584
3 1585 1584 1590
3 1585 1592 1593
3 1585 1561 1578
3 1585 1599 1578
3 1585 1573 1561
3 1585 1573 1593
3 1585 1599 1587
3 1585 1591 1590
3 1585 1591 1587
3 1586 1597 1576
3 1586 1562 1576
3 1586 1574 1594
3 1586 1562 1574
3 1586 1597 1584
3 1586 1584 1590
3 1586 1591 1590
3 1586 1591 1587
3 1586 1595 1594
3 1586 1595 1587
3 1569 1561 1578
3 1569 1563 1578
3 1569 1561 1568
3 1569 1560 1576
3 1569 1560 1568
3 1569 1562 1576
3 1575 1563 1578
3 1575 1599 1578
3 1575 1599 1587
3 1575 1595 1587
3 1575 1562 1574
3 1575 1569 1562
3 1575 1569 1563
3 1575 1574 1594
3 1575 1595 1594
3 1632 1637 1616
3 1632 1600 1616
3 1632 1600 1612
3 1632 1637 1624
3 1613 1632 1633
3 1613 1632 1612
3 1602 1600 1616
3 1602 1600 1608
3 1602 1609 1608
3 1601 1600 1608
3 1601 1600 1612
3 1601 1613 1612
3 1625 1632 1624
3 1625 1624 1630
3 1625 1632 1633
3 1625 1613 1633
3 1625 1639 1618
3 1625 1601 1613
3 1625 1601 1618
3 1625 1639 1627
3 1625 1631 1630
3 1625 1631 1627
3 1603 1639 1618
3 1603 1639 1627
3 1603 1635 1627
3 1603 1635 1615
3 1603 1609 1608
3 1603 1601 1618
3 1603 1601 1608
3 1614 1602 1609
3 1614 1603 1609
3 1614 1603 1615
3 1614 1635 1615
3 1614 1635 1634
3 1626 1637 1616
3 1626 1614 1634
3 1626 1602 1616
3 1626 1614 1602
3 1626 1637 1624
3 1626 1624 1630
3 1626 1631 1630
3 1626 1631 1627
3 1626 1635 1627
3 1626 1635 1634
3 1672 1677 1656
3 1672 1640 1656
3 1672 1640 1652
3 1672 1677 1664
3 1653 1672 1673
3 1653 1672 1652
3 1641 1640 1652
3 1641 1640 1648
3 1641 1653 1652
3 1665 1672 1664
3 1665 1664 1670
3 1665 1672 1673
3 1665 1653 1673
3 1665 1679 1658
3 1665 1641 1653
3 1665 1641 1658
3 1665 1679 1667
3 1665 1671 1670
3 1665 1671 1667
3 1666 1677 1656
3 1666 1642 1656
3 1666 1654 1674
3 1666 1642 1654
3 1666 1677 1664
3 1666 1664 1670
3 1666 1671 1670
3 1666 1671 1667
3 1666 1675 1674
3 1666 1675 1667
3 1649 1643 1658
3 1649 1641 1648
3 1649 1641 1658
3 1649 1640 1656
3 1649 1640 1648
3 1649 1642 1656
3 1655 1679 1658
3 1655 1643 1658
3 1655 1679 1667
3 1655 1675 1667
3 1655 1642 1654
3 1655 1649 1642
3 1655 1649 1643
3 1655 1654 1674
3 1655 1675 1674
3 1712 1717 1696
3 1712 1680 1696
3 1712 1680 1692
3 1712 1717 1704
3 1693 1680 1692
3 1693 1680 1688
3 1693 1681 1688
3 1693 1712 1713
3 1693 1712 1692
3 1705 1712 1704
3 1705 1704 1710
3 1705 1712 1713
3 1705 1719 1698
3 1705 1681 1698
3 1705 1693 1681
3 1705 1693 1713
3 1705 1719 1707
3 1705 1711 1710
3 1705 1711 1707
3 1689 1681 1688
3 1689 1681 1698
3 1689 1683 1698
3 1706 1717 1704
3 1706 1704 1710
3 1706 1711 1710
3 1706 1711 1707
3 1706 1715 1714
3 1706 1715 1707
3 1682 1717 1696
3 1682 1706 1714
3 1682 1694 1714
3 1682 1706 1717
3 1682 1680 1696
3 1682 1680 1688
3 1682 1689 1688
3 1695 1719 1698
3 1695 1683 1698
3 1695 1719 1707
3 1695 1715 1707
3 1695 1689 1683
3 1695 1682 1689
3 1695 1682 1694
3 1695 1694 1714
3 1695 1715 1714
3 1752 1757 1736
3 1752 1720 1736
3 1752 1720 1732
3 1752 1757 1744
3 1733 1752 1753
3 1733 1752 1732
3 1721 1720 1732
3 1721 1720 1728
3 1721 1733 1732
3 1745 1752 1744
3 1745 1744 1750
3 1745 1752 1753
3 1745 1733 1753
3 1745 1759 1738
3 1745 1721 1733
3 1745 1721 1738
3 1745 1759 1747
3 1745 1751 1750
3 1745 1751 1747
3 1729 1721 1728
3 1729 1723 1738
3 1729 1721 1738
3 1746 1757 1744
3 1746 1744 1750
3 1746 1751 1750
3 1746 1751 1747
3 1746 1755 1754
3 1746 1755 1747
3 1722 1757 1736
3 1722 1746 1754
3 1722 1734 1754
3 1722 1746 1757
3 1722 1720 1736
3 1722 1720 1728
3 1722 1729 1728
3 1735 1759 1738
3 1735 1759 1747
3 1735 1723 1738
3 1735 1755 1747
3 1735 1729 1723
3 1735 1722 1729
3 1735 1722 1734
3 1735 1734 1754
3 1735 1755 1754
3 1792 1797 1776
3 1792 1760 1776
3 1792 1760 1772
3 1792 1797 1784
3 1773 1760 1772
3 1773 1761 1768
3 1773 1760 1768
3 1773 1792 1793
3 1773 1792 1772
3 1785 1792 1784
3 1785 1784 1790
3 1785 1792 1793
3 1785 1761 1778
3 1785 1799 1778
3 1785 1773 1761
3 1785 1773 1793
3 1762 1797 1776
3 1762 1786 1794
3 1762 1774 1794
3 1762 1786 1797
3 1791 1797 1784
3 1791 1784 1790
3 1791 1786 1797
3 1791 1799 1787
3 1791 1785 1799
3 1791 1785 1790
3 1791 1786 1794
3 1791 1795 1794
3 1791 1795 1787
3 1769 1761 1778
3 1769 1763 1778
3 1769 1761 1768
3 1769 1760 1776
3 1769 1760 1768
3 1769 1762 1776
3 1775 1763 1778
3 1775 1799 1778
3 1775 1799 1787
3 1775 1795 1787
3 1775 1762 1774
3 1775 1769 1762
3 1775 1769 1763
3 1775 1774 1794
3 1775 1795 1794
3 1832 1837 1816
3 1832 1800 1816
3 1832 1800 1812
3 1832 1837 1824
3 1813 1832 1833
3 1813 1832 1812
3 1801 1800 1812
3 1801 1800 1808
3 1801 1813 1812
3 1825 1832 1824
3 1825 1824 1830
3 1825 1832 1833
3 1825 1813 1833
3 1825 1839 1818
3 1825 1801 1813
3 1825 1801 1818
3 1825 1839 1827
3 1825 1831 1830
3 1825 1831 1827
3 1826 1837 1816
3 1826 1802 1816
3 1826 1814 1834
3 1826 1802 1814
3 1826 1837 1824
3 1826 1824 1830
3 1826 1831 1830
3 1826 1831 1827
3 1826 1835 1834
3 1826 1835 1827
3 1809 1803 1818
3 1809 1801 1808
3 1809 1801 1818
3 1809 1800 1816
3 1809 1800 1808
3 1809 1802 1816
3 1815 1839 1818
3 1815 1803 1818
3 1815 1839 1827
3 1815 1835 1827
3 1815 1802 1814
3 1815 1809 1802
3 1815 1809 1803
3 1815 1814 1834
3 1815 1835 1834
3 1872 1877 1856
3 1872 1840 1856
3 1872 1840 1852
3 1872 1877 1864
3 1853 1840 1852
3 1853 1841 1848
3 1853 1840 1848
3 1853 1872 1873
3 1853 1872 1852
3 1865 1872 1864
3 1865 1864 1870
3 1865 1872 1873
3 1865 1841 1858
3 1865 1879 1858
3 1865 1853 1841
3 1865 1853 1873
3 1842 1877 1856
3 1842 1866 1874
3 1842 1854 1874
3 1842 1866 1877
3 1871 1877 1864
3 1871 1864 1870
3 1871 1866 1877
3 1871 1879 1867
3 1871 1865 1879
3 1871 1865 1870
3 1871 1866 1874
3 1871 1875 1874
3 1871 1875 1867
3 1849 1841 1858
3 1849 1843 1858
3 1849 1841 1848
3 1849 1840 1856
3 1849 1840 1848
3 1849 1842 1856
3 1855 1843 1858
3 1855 1879 1858
3 1855 1879 1867
3 1855 1875 1867
3 1855 1842 1854
3 1855 1849 1842
3 1855 1849 1843
3 1855 1854 1874
3 1855 1875 1874
3 1912 1917 1896
3 1912 1880 1896
3 1912 1880 1892
3 1912 1917 1904
3 1893 1912 1913
3 1893 1912 1892
3 1882 1880 1896
3 1882 1880 1888
3 1882 1889 1888
3 1881 1880 1888
3 1881 1880 1892
3 1881 1893 1892
3 1905 1912 1904
3 1905 1904 1910
3 1905 1912 1913
3 1905 1893 1913
3 1905 1919 1898
3 1905 1881 1893
3 1905 1881 1898
3 1883 1919 1898
3 1883 1919 1907
3 1883 1915 1907
3 1883 1915 1895
3 1883 1889 1888
3 1883 1881 1898
3 1883 1881 1888
3 1894 1917 1896
3 1894 1906 1914
3 1894 1882 1896
3 1894 1906 1917
3 1894 1882 1889
3 1894 1883 1889
3 1894 1883 1895
3 1894 1915 1895
3 1894 1915 1914
3 1911 1917 1904
3 1911 1904 1910
3 1911 1906 1917
3 1911 1919 1907
3 1911 1905 1919
3 1911 1905 1910
3 1911 1906 1914
3 1911 1915 1907
3 1911 1915 1914
3 1952 1957 1936
3 1952 1920 1936
3 1952 1920 1932
3 1952 1957 1944
3 1933 1952 1953
3 1933 1952 1932
3 1922 1920 1936
3 1922 1920 1928
3 1922 1929 1928
3 1921 1920 1928
3 1921 1920 1932
3 1921 1933 1932
3 1945 1952 1944
3 1945 1944 1950
3 1945 1952 1953
3 1945 1933 1953
3 1945 1959 1938
3 1945 1921 1933
3 1945 1921 1938
3 1923 1959 1938
3 1923 1959 1947
3 1923 1955 1947
3 1923 1955 1935
3 1923 1929 1928
3 1923 1921 1938
3 1923 1921 1928
3 1934 1957 1936
3 1934 1946 1954
3 1934 1922 1936
3 1934 1946 1957
3 1934 1922 1929
3 1934 1923 1929
3 1934 1923 1935
3 1934 1955 1935
3 1934 1955 1954
3 1951 1957 1944
3 1951 1944 1950
3 1951 1946 1957
3 1951 1959 1947
3 1951 1945 1959
3 1951 1945 1950
3 1951 1946 1954
3 1951 1955 1947
3 1951 1955 1954
3 1992 1997 1976
3 1992 1960 1976
3 1992 1960 1972
3 1992 1997 1984
3 1973 1992 1993
3 1973 1992 1972
3 1961 1960 1972
3 1961 1960 1968
3 1961 1973 1972
3 1985 1992 1984
3 1985 1984 1990
3 1985 1992 1993
3 1985 1973 1993
3 1985 1999 1978
3 1985 1961 1973
3 1985 1961 1978
3 1985 1999 1987
3 1985 1991 1990
3 1985 1991 1987
3 1969 1963 1978
3 1969 1961 1968
3 1969 1961 1978
3 1986 1997 1984
3 1986 1984 1990
3 1986 1991 1990
3 1986 1991 1987
3 1986 1995 1994
3 1986 1995 1987
3 1962 1997 1976
3 1962 1986 1994
3 1962 1974 1994
3 1962 1986 1997
3 1962 1960 1976
3 1962 1960 1968
3 1962 1969 1968
3 1975 1999 1978
3 1975 1963 1978
3 1975 1999 1987
3 1975 1995 1987
3 1975 1969 1963
3 1975 1962 1969
3 1975 1962 1974
3 1975 1974 1994
3 1975 1995 1994
3 2032 2037 2016
3 2032 2000 2016
3 2032 2000 2012
3 2032 2037 2024
3 2013 2032 2033
3 2013 2032 2012
3 2002 2000 2016
3 2002 2000 2008
3 2002 2009 2008
3 2001 2000 2008
3 2001 2000 2012
3 2001 2013 2012
3 2025 2032 2024
3 2025 2024 2030
3 2025 2032 2033
3 2025 2013 2033
3 2025 2039 2018
3 2025 2001 2013
3 2025 2001 2018
3 2025 2039 2027
3 2025 2031 2030
3 2025 2031 2027
3 2003 2039 2018
3 2003 2039 2027
3 2003 2035 2027
3 2003 2035 2015
3 2003 2009 2008
3 2003 2001 2018
3 2003 2001 2008
3 2014 2002 2009
3 2014 2003 2009
3 2014 2003 2015
3 2014 2035 2015
3 2014 2035 2034
3 2026 2037 2016
3 2026 2014 2034
3 2026 2002 2016
3 2026 2014 2002
3 2026 2037 2024
3 2026 2024 2030
3 2026 2031 2030
3 2026 2031 2027
3 2026 2035 2027
3 2026 2035 2034
3 2072 2077 2056
3 2072 2040 2056
3 2072 2040 2052
3 2072 2077 2064
3 2053 2072 2073
3 2053 2072 2052
3 2042 2040 2056
3 2042 2040 2048
3 2042 2049 2048
3 2041 2040 2048
3 2041 2040 2052
3 2041 2053 2052
3 2065 2072 2064
3 2065 2064 2070
3 2065 2072 2073
3 2065 2053 2073
3 2065 2079 2058
3 2065 2041 2053
3 2065 2041 2058
3 2065 2079 2067
3 2065 2071 2070
3 2065 2071 2067
3 2043 2079 2058
3 2043 2079 2067
3 2043 2075 2067
3 2043 2075 2055
3 2043 2049 2048
3 2043 2041 2058
3 2043 2041 2048
3 2054 2042 2049
3 2054 2043 2049
3 2054 2043 2055
3 2054 2075 2055
3 2054 2075 2074
3 2066 2077 2056
3 2066 2054 2074
3 2066 2042 2056
3 2066 2054 2042
3 2066 2077 2064
3 2066 2064 2070
3 2066 2071 2070
3 2066 2071 2067
3 2066 2075 2067
3 2066 2075 2074
3 2112 2117 2096
3 2112 2080 2096
3 2112 2080 2092
3 2112 2117 2104
3 2093 2080 2092
3 2093 2081 2088
3 2093 2080 2088
3 2093 2112 2113
3 2093 2112 2092
3 2105 2112 2104
3 2105 2104 2110
3 2105 2112 2113
3 2105 2081 2098
3 2105 2119 2098
3 2105 2093 2081
3 2105 2093 2113
3 2105 2119 2107
3 2105 2111 2110
3 2105 2111 2107
3 2089 2081 2098
3 2089 2083 2098
3 2089 2081 2088
3 2106 2117 2104
3 2106 2104 2110
3 2106 2111 2110
3 2106 2111 2107
3 2106 2115 2114
3 2106 2115 2107
3 2082 2117 2096
3 2082 2106 2114
3 2082 2094 2114
3 2082 2106 2117
3 2082 2080 2096
3 2082 2080 2088
3 2082 2089 2088
3 2095 2083 2098
3 2095 2119 2098
3 2095 2119 2107
3 2095 2115 2107
3 2095 2089 2083
3 2095 2082 2089
3 2095 2082 2094
3 2095 2094 2114
3 2095 2115 2114
3 2152 2157 2136
3 2152 2120 2136
3 2152 2120 2132
3 2152 2157 2144
3 2133 2120 2132
3 2133 2121 2128
3 2133 2120 2128
3 2133 2152 2153
3 2133 2152 2132
3 2145 2152 2144
3 2145 2144 2150
3 2145 2152 2153
3 2145 2121 2138
3 2145 2159 2138
3 2145 2133 2121
3 2145 2133 2153
3 2145 2159 2147
3 2145 2151 2150
3 2145 2151 2147
3 2146 2157 2136
3 2146 2122 2136
3 2146 2134 2154
3 2146 2122 2134
3 2146 2157 2144
3 2146 2144 2150
3 2146 2151 2150
3 2146 2151 2147
3 2146 2155 2154
3 2146 2155 2147
3 2129 2121 2138
3 2129 2123 2138
3 2129 2121 2128
3 2129 2120 2136
3 2129 2120 2128
3 2129 2122 2136
3 2135 2123 2138
3 2135 2159 2138
3 2135 2159 2147
3 2135 2155 2147
3 2135 2122 2134
3 2135 2129 2122
3 2135 2129 2123
3 2135 2134 2154
3 2135 2155 2154
3 2192 2197 2176
3 2192 2160 2176
3 2192 2160 2172
3 2192 2197 2184
3 2173 2160 2172
3 2173 2161 2168
3 2173 2160 2168
3 2173 2192 2193
3 2173 2192 2172
3 2185 2192 2184
3 2185 2184 2190
3 2185 2192 2193
3 2185 2161 2178
3 2185 2199 2178
3 2185 2173 2161
3 2185 2173 2193
3 2185 2199 2187
3 2185 2191 2190
3 2185 2191 2187
3 2169 2161 2178
3 2169 2163 2178
3 2169 2161 2168
3 2186 2197 2184
3 2186 2184 2190
3 2186 2191 2190
3 2186 2191 2187
3 2186 2195 2194
3 2186 2195 2187
3 2162 2197 2176
3 2162 2186 2194
3 2162 2174 2194
3 2162 2186 2197
3 2162 2160 2176
3 2162 2160 2168
3 2162 2169 2168
3 2175 2163 2178
3 2175 2199 2178
3 2175 2199 2187
3 2175 2195 2187
3 2175 2169 2163
3 2175 2162 2169
3 2175 2162 2174
3 2175 2174 2194
3 2175 2195 2194
3 2232 2237 2216
3 2232 2200 2216
3 2232 2200 2212
3 2232 2237 2224
3 2213 2200 2212
3 2213 2201 2208
3 2213 2200 2208
3 2213 2232 2233
3 2213 2232 2212
3 2225 2232 2224
3 2225 2224 2230
3 2225 2232 2233
3 2225 2201 2218
3 2225 2239 2218
3 2225 2213 2201
3 2225 2213 2233
3 2202 2237 2216
3 2202 2226 2234
3 2202 2214 2234
3 2202 2226 2237
3 2231 2237 2224
3 2231 2224 2230
3 2231 2226 2237
3 2231 2239 2227
3 2231 2225 2239
3 2231 2225 2230
3 2231 2226 2234
3 2231 2235 2234
3 2231 2235 2227
3 2209 2201 2218
3 2209 2203 2218
3 2209 2201 2208
3 2209 2200 2216
3 2209 2200 2208
3 2209 2202 2216
3 2215 2203 2218
3 2215 2239 2218
3 2215 2239 2227
3 2215 2235 2227
3 2215 2202 2214
3 2215 2209 2202
3 2215 2209 2203
3 2215 2214 2234
3 2215 2235 2234
3 2272 2277 2256
3 2272 2240 2256
3 2272 2240 2252
3 2272 2277 2264
3 2253 2240 2252
3 2253 2241 2248
3 2253 2240 2248
3 2253 2272 2273
3 2253 2272 2252
3 2265 2272 2264
3 2265 2264 2270
3 2265 2272 2273
3 2265 2241 2258
3 2265 2279 2258
3 2265 2253 2241
3 2265 2253 2273
3 2242 2277 2256
3 2242 2266 2274
3 2242 2254 2274
3 2242 2266 2277
3 2271 2277 2264
3 2271 2264 2270
3 2271 2266 2277
3 2271 2279 2267
3 2271 2265 2279
3 2271 2265 2270
3 2271 2266 2274
3 2271 2275 2274
3 2271 2275 2267
3 2249 2241 2258
3 2249 2243 2258
3 2249 2241 2248
3 2249 2240 2256
3 2249 2240 2248
3 2249 2242 2256
3 2255 2243 2258
3 2255 2279 2258
3 2255 2279 2267
3 2255 2275 2267
3 2255 2242 2254
3 2255 2249 2242
3 2255 2249 2243
3 2255 2254 2274
3 2255 2275 2274
3 2312 2317 2296
3 2312 2280 2296
3 2312 2280 2292
3 2312 2317 2304
3 2293 2280 2292
3 2293 2281 2288
3 2293 2280 2288
3 2293 2312 2313
3 2293 2312 2292
3 2305 2312 2304
3 2305 2304 2310
3 2305 2312 2313
3 2305 2281 2298
3 2305 2319 2298
3 2305 2293 2281
3 2305 2293 2313
3 2305 2319 2307
3 2305 2311 2310
3 2305 2311 2307
3 2306 2317 2296
3 2306 2282 2296
3 2306 2294 2314
3 2306 2282 2294
3 2306 2317 2304
3 2306 2304 2310
3 2306 2311 2310
3 2306 2311 2307
3 2306 2315 2314
3 2306 2315 2307
3 2289 2281 2298
3 2289 2283 2298
3 2289 2281 2288
3 2289 2280 2296
3 2289 2280 2288
3 2289 2282 2296
3 2295 2283 2298
3 2295 2319 2298
3 2295 2319 2307
3 2295 2315 2307
3 2295 2282 2294
3 2295 2289 2282
3 2295 2289 2283
3 2295 2294 2314
3 2295 2315 2314
3 2352 2357 2336
3 2352 2320 2336
3 2352 2320 2332
3 2352 2357 2344
3 2333 2320 2332
3 2333 2321 2328
3 2333 2320 2328
3 2333 2352 2353
3 2333 2352 2332
3 2345 2352 2344
3 2345 2344 2350
3 2345 2352 2353
3 2345 2321 2338
3 2345 2359 2338
3 2345 2333 2321
3 2345 2333 2353
3 2322 2357 2336
3 2322 2346 2354
3 2322 2334 2354
3 2322 2346 2357
3 2351 2357 2344
3 2351 2344 2350
3 2351 2346 2357
3 2351 2359 2347
3 2351 2345 2359
3 2351 2345 2350
3 2351 2346 2354
3 2351 2355 2354
3 2351 2355 2347
3 2329 2321 2338
3 2329 2323 2338
3 2329 2321 2328
3 2329 2320 2336
3 2329 2320 2328
3 2329 2322 2336
3 2335 2323 2338
3 2335 2359 2338
3 2335 2359 2347
3 2335 2355 2347
3 2335 2322 2334
3 2335 2329 2322
3 2335 2329 2323
3 2335 2334 2354
3 2335 2355 2354
3 2392 2397 2376
3 2392 2360 2376
3 2392 2360 2372
3 2392 2397 2384
3 2373 2360 2372
3 2373 2361 2368
3 2373 2360 2368
3 2373 2392 2393
3 2373 2392 2372
3 2385 2392 2384
3 2385 2384 2390
3 2385 2392 2393
3 2385 2361 2378
3 2385 2399 2378
3 2385 2373 2361
3 2385 2373 2393
3 2362 2397 2376
3 2362 2386 2394
3 2362 2374 2394
3 2362 2386 2397
3 2391 2397 2384
3 2391 2384 2390
3 2391 2386 2397
3 2391 2399 2387
3 2391 2385 2399
3 2391 2385 2390
3 2391 2386 2394
3 2391 2395 2394
3 2391 2395 2387
3 2369 2361 2378
3 2369 2363 2378
3 2369 2361 2368
3 2369 2360 2376
3 2369 2360 2368
3 2369 2362 2376
3 2375 2363 2378
3 2375 2399 2378
3 2375 2399 2387
3 2375 2395 2387
3 2375 2362 2374
3 2375 2369 2362
3 2375 2369 2363
3 2375 2374 2394
3 2375 2395 2394
3 2432 2437 2416
3 2432 2400 2416
3 2432 2400 2412
3 2432 2437 2424
3 2413 2400 2412
3 2413 2401 2408
3 2413 2400 2408
3 2413 2432 2433
3 2413 2432 2412
3 2425 2432 2424
3 2425 2424 2430
3 2425 2432 2433
3 2425 2401 2418
3 2425 2439 2418
3 2425 2413 2401
3 2425 2413 2433
3 2402 2437 2416
3 2402 2426 2434
3 2402 2414 2434
3 2402 2426 2437
3 2431 2437 2424
3 2431 2424 2430
3 2431 2426 2437
3 2431 2439 2427
3 2431 2425 2439
3 2431 2425 2430
3 2431 2426 2434
3 2431 2435 2434
3 2431 2435 2427
3 2409 2401 2418
3 2409 2403 2418
3 2409 2401 2408
3 2409 2400 2416
3 2409 2400 2408
3 2409 2402 2416
3 2415 2403 2418
3 2415 2439 2418
3 2415 2439 2427
3 2415 2435 2427
3 2415 2402 2414
3 2415 2409 2402
3 2415 2409 2403
3 2415 2414 2434
3 2415 2435 2434
3 2472 2477 2456
3 2472 2440 2456
3 2472 2440 2452
3 2472 2477 2464
3 2453 2440 2452
3 2453 2441 2448
3 2453 2440 2448
3 2453 2472 2473
3 2453 2472 2452
3 2465 2472 2464
3 2465 2464 2470
3 2465 2472 2473
3 2465 2441 2458
3 2465 2479 2458
3 2465 2453 2441
3 2465 2453 2473
3 2442 2477 2456
3 2442 2466 2474
3 2442 2454 2474
3 2442 2466 2477
3 2471 2477 2464
3 2471 2464 2470
3 2471 2466 2477
3 2471 2479 2467
3 2471 2465 2479
3 2471 2465 2470
3 2471 2466 2474
3 2471 2475 2474
3 2471 2475 2467
3 2449 2441 2458
3 2449 2443 2458
3 2449 2441 2448
3 2449 2440 2456
3 2449 2440 2448
3 2449 2442 2456
3 2455 2443 2458
3 2455 2479 2458
3 2455 2479 2467
3 2455 2475 2467
3 2455 2442 2454
3 2455 2449 2442
3 2455 2449 2443
3 2455 2454 2474
3 2455 2475 2474
3 2512 2517 2496
3 2512 2480 2496
3 2512 2480 2492
3 2512 2517 2504
3 2493 2480 2492
3 2493 2481 2488
3 2493 2480 2488
3 2493 2512 2513
3 2493 2512 2492
3 2505 2512 2504
3 2505 2504 2510
3 2505 2512 2513
3 2505 2481 2498
3 2505 2519 2498
3 2505 2493 2481
3 2505 2493 2513
3 2505 2519 2507
3 2505 2511 2510
3 2505 2511 2507
3 2506 2517 2496
3 2506 2482 2496
3 2506 2494 2514
3 2506 2482 2494
3 2506 2517 2504
3 2506 2504 2510
3 2506 2511 2510
3 2506 2511 2507
3 2506 2515 2514
3 2506 2515 2507
3 2489 2481 2498
3 2489 2483 2498
3 2489 2481 2488
3 2489 2480 2496
3 2489 2480 2488
3 2489 2482 2496
3 2495 2483 2498
3 2495 2519 2498
3 2495 2519 2507
3 2495 2515 2507
3 2495 2482 2494
3 2495 2489 2482
3 2495 2489 2483
3 2495 2494 2514
3 2495 2515 2514
3 2552 2557 2536
3 2552 2520 2536
3 2552 2520 2532
3 2552 2557 2544
3 2533 2520 2532
3 2533 2521 2528
3 2533 2520 2528
3 2533 2552 2553
3 2533 2552 2532
3 2545 2552 2544
3 2545 2544 2550
3 2545 2552 2553
3 2545 2521 2538
3 2545 2559 2538
3 2545 2533 2521
3 2545 2533 2553
3 2522 2557 2536
3 2522 2546 2554
3 2522 2534 2554
3 2522 2546 2557
3 2551 2557 2544
3 2551 2544 2550
3 2551 2546 2557
3 2551 2559 2547
3 2551 2545 2559
3 2551 2545 2550
3 2551 2546 2554
3 2551 2555 2554
3 2551 2555 2547
3 2529 2521 2538
3 2529 2523 2538
3 2529 2521 2528
3 2529 2520 2536
3 2529 2520 2528
3 2529 2522 2536
3 2535 2523 2538
3 2535 2559 2538
3 2535 2559 2547
3 2535 2555 2547
3 2535 2522 2534
3 2535 2529 2522
3 2535 2529 2523
3 2535 2534 2554
3 2535 2555 2554
3 2592 2597 2576
3 2592 2560 2576
3 2592 2560 2572
3 2592 2597 2584
3 2573 2560 2572
3 2573 2561 2568
3 2573 2560 2568
3 2573 2592 2593
3 2573 2592 2572
3 2585 2592 2584
3 2585 2584 2590
3 2585 2592 2593
3 2585 2561 2578
3 2585 2599 2578
3 2585 2573 2561
3 2585 2573 2593
3 2585 2599 2587
3 2585 2591 2590
3 2585 2591 2587
3 2569 2561 2578
3 2569 2563 2578
3 2569 2561 2568
3 2586 2597 2584
3 2586 2584 2590
3 2586 2591 2590
3 2586 2591 2587
3 2586 2595 2594
3 2586 2595 2587
3 2562 2597 2576
3 2562 2586 2594
3 2562 2574 2594
3 2562 2586 2597
3 2562 2560 2576
3 2562 2560 2568
3 2562 2569 2568
3 2575 2563 2578
3 2575 2599 2578
3 2575 2599 2587
3 2575 2595 2587
3 2575 2569 2563
3 2575 2562 2569
3 2575 2562 2574
3 2575 2574 2594
3 2575 2595 2594
3 2632 2637 2616
3 2632 2600 2616
3 2632 2600 2612
3 2632 2637 2624
3 2613 2632 2633
3 2613 2632 2612
3 2601 2600 2612
3 2601 2600 2608
3 2601 2613 2612
3 2625 2632 2624
3 2625 2624 2630
3 2625 2632 2633
3 2625 2613 2633
3 2625 2639 2618
3 2625 2601 2613
3 2625 2601 2618
3 2625 2639 2627
3 2625 2631 2630
3 2625 2631 2627
3 2626 2637 2616
3 2626 2602 2616
3 2626 2614 2634
3 2626 2602 2614
3 2626 2637 2624
3 2626 2624 2630
3 2626 2631 2630
3 2626 2631 2627
3 2626 2635 2634
3 2626 2635 2627
3 2609 2603 2618
3 2609 2601 2608
3 2609 2601 2618
3 2609 2600 2616
3 2609 2600 2608
3 2609 2602 2616
3 2615 2639 2618
3 2615 2603 2618
3 2615 2639 2627
3 2615 2635 2627
3 2615 2602 2614
3 2615 2609 2602
3 2615 2609 2603
3 2615 2614 2634
3 2615 2635 2634
3 2672 2677 2656
3 2672 2640 2656
3 2672 2640 2652
3 2672 2677 2664
3 2653 2672 2673
3 2653 2672 2652
3 2642 2640 2656
3 2642 2640 2648
3 2642 2649 2648
3 2641 2640 2648
3 2641 2640 2652
3 2641 2653 2652
3 2665 2672 2664
3 2665 2664 2670
3 2665 2672 2673
3 2665 2653 2673
3 2665 2679 2658
3 2665 2641 2653
3 2665 2641 2658
3 2643 2679 2658
3 2643 2679 2667
3 2643 2675 2667
3 2643 2675 2655
3 2643 2649 2648
3 2643 2641 2658
3 2643 2641 2648
3 2654 2677 2656
3 2654 2666 2674
3 2654 2642 2656
3 2654 2666 2677
3 2654 2642 2649
3 2654 2643 2649
3 2654 2643 2655
3 2654 2675 2655
3 2654 2675 2674
3 2671 2677 2664
3 2671 2664 2670
3 2671 2666 2677
3 2671 2679 2667
3 2671 2665 2679
3 2671 2665 2670
3 2671 2666 2674
3 2671 2675 2667
3 2671 2675 2674
3 2712 2717 2696
3 2712 2680 2696
3 2712 2680 2692
3 2712 2717 2704
3 2693 2712 2713
3 2693 2712 2692
3 2681 2680 2688
3 2681 2680 2692
3 2681 2693 2692
3 2705 2712 2704
3 2705 2704 2710
3 2705 2712 2713
3 2705 2693 2713
3 2705 2719 2698
3 2705 2681 2693
3 2705 2681 2698
3 2705 2719 2707
3 2705 2711 2710
3 2705 2711 2707
3 2682 2680 2696
3 2682 2680 2688
3 2682 2689 2688
3 2706 2717 2696
3 2706 2682 2696
3 2706 2694 2714
3 2706 2682 2694
3 2706 2717 2704
3 2706 2704 2710
3 2706 2711 2710
3 2706 2711 2707
3 2706 2715 2714
3 2706 2715 2707
3 2695 2694 2714
3 2695 2715 2714
3 2683 2689 2688
3 2683 2681 2698
3 2683 2681 2688
3 2683 2719 2698
3 2683 2719 2707
3 2683 2715 2707
3 2683 2695 2715
3 2683 2682 2689
3 2683 2682 2694
3 2683 2695 2694
3 2752 2757 2736
3 2752 2720 2736
3 2752 2720 2732
3 2752 2757 2744
3 2733 2720 2732
3 2733 2721 2728
3 2733 2720 2728
3 2733 2752 2753
3 2733 2752 2732
3 2745 2752 2744
3 2745 2744 2750
3 2745 2752 2753
3 2745 2721 2738
3 2745 2759 2738
3 2745 2733 2721
3 2745 2733 2753
3 2745 2759 2747
3 2745 2751 2750
3 2745 2751 2747
3 2746 2757 2736
3 2746 2722 2736
3 2746 2734 2754
3 2746 2722 2734
3 2746 2757 2744
3 2746 2744 2750
3 2746 2751 2750
3 2746 2751 2747
3 2746 2755 2754
3 2746 2755 2747
3 2729 2721 2738
3 2729 2723 2738
3 2729 2721 2728
3 2729 2720 2736
3 2729 2720 2728
3 2729 2722 2736
3 2735 2723 2738
3 2735 2759 2738
3 2735 2759 2747
3 2735 2755 2747
3 2735 2722 2734
3 2735 2729 2722
3 2735 2729 2723
3 2735 2734 2754
3 2735 2755 2754
3 2792 2797 2776
3 2792 2760 2776
3 2792 2760 2772
3 2792 2797 2784
3 2773 2792 2793
3 2773 2792 2772
3 2761 2760 2772
3 2761 2760 2768
3 2761 2773 2772
3 2785 2792 2784
3 2785 2784 2790
3 2785 2792 2793
3 2785 2773 2793
3 2785 2799 2778
3 2785 2761 2773
3 2785 2761 2778
3 2769 2763 2778
3 2769 2761 2768
3 2769 2761 2778
3 2791 2797 2784
3 2791 2784 2790
3 2791 2786 2797
3 2791 2799 2787
3 2791 2785 2799
3 2791 2785 2790
3 2791 2786 2794
3 2791 2795 2794
3 2791 2795 2787
3 2762 2797 2776
3 2762 2786 2794
3 2762 2774 2794
3 2762 2786 2797
3 2762 2760 2776
3 2762 2760 2768
3 2762 2769 2768
3 2775 2799 2778
3 2775 2763 2778
3 2775 2799 2787
3 2775 2795 2787
3 2775 2769 2763
3 2775 2762 2769
3 2775 2762 2774
3 2775 2774 2794
3 2775 2795 2794
3 2832 2837 2816
3 2832 2800 2816
3 2832 2800 2812
3 2832 2837 2824
3 2813 2832 2833
3 2813 2832 2812
3 2802 2800 2816
3 2802 2800 2808
3 2802 2809 2808
3 2801 2800 2808
3 2801 2800 2812
3 2801 2813 2812
3 2825 2832 2824
3 2825 2824 2830
3 2825 2832 2833
3 2825 2813 2833
3 2825 2839 2818
3 2825 2801 2813
3 2825 2801 2818
3 2825 2839 2827
3 2825 2831 2830
3 2825 2831 2827
3 2803 2839 2818
3 2803 2839 2827
3 2803 2835 2827
3 2803 2835 2815
3 2803 2809 2808
3 2803 2801 2818
3 2803 2801 2808
3 2814 2802 2809
3 2814 2803 2809
3 2814 2803 2815
3 2814 2835 2815
3 2814 2835 2834
3 2826 2837 2816
3 2826 2814 2834
3 2826 2802 2816
3 2826 2814 2802
3 2826 2837 2824
3 2826 2824 2830
3 2826 2831 2830
3 2826 2831 2827
3 2826 2835 2827
3 2826 2835 2834
3 2872 2877 2856
3 2872 2840 2856
3 2872 2840 2852
3 2872 2877 2864
3 2853 2840 2852
3 2853 2841 2848
3 2853 2840 2848
3 2853 2872 2873
3 2853 2872 2852
3 2865 2872 2864
3 2865 2864 2870
3 2865 2872 2873
3 2865 2841 2858
3 2865 2879 2858
3 2865 2853 2841
3 2865 2853 2873
3 2865 2879 2867
3 2865 2871 2870
3 2865 2871 2867
3 2866 2877 2856
3 2866 2842 2856
3 2866 2854 2874
3 2866 2842 2854
3 2866 2877 2864
3 2866 2864 2870
3 2866 2871 2870
3 2866 2871 2867
3 2866 2875 2874
3 2866 2875 2867
3 2849 2841 2858
3 2849 2843 2858
3 2849 2841 2848
3 2849 2840 2856
3 2849 2840 2848
3 2849 2842 2856
3 2855 2843 2858
3 2855 2879 2858
3 2855 2879 2867
3 2855 2875 2867
3 2855 2842 2854
3 2855 2849 2842
3 2855 2849 2843
3 2855 2854 2874
3 2855 2875 2874
3 2912 2917 2896
3 2912 2880 2896
3 2912 2880 2892
3 2912 2917 2904
3 2893 2880 2888
3 2893 2880 2892
3 2893 2881 2888
3 2893 2912 2913
3 2893 2912 2892
3 2905 2912 2904
3 2905 2904 2910
3 2905 2912 2913
3 2905 2881 2898
3 2905 2919 2898
3 2905 2893 2881
3 2905 2893 2913
3 2905 2919 2907
3 2905 2911 2910
3 2905 2911 2907
3 2882 2880 2896
3 2882 2880 2888
3 2882 2889 2888
3 2906 2917 2896
3 2906 2882 2896
3 2906 2894 2914
3 2906 2882 2894
3 2906 2917 2904
3 2906 2904 2910
3 2906 2911 2910
3 2906 2911 2907
3 2906 2915 2914
3 2906 2915 2907
3 2895 2894 2914
3 2895 2915 2914
3 2883 2889 2888
3 2883 2881 2898
3 2883 2881 2888
3 2883 2919 2898
3 2883 2919 2907
3 2883 2915 2907
3 2883 2895 2915
3 2883 2882 2889
3 2883 2882 2894
3 2883 2895 2894
3 2952 2957 2936
3 2952 2920 2936
3 2952 2920 2932
3 2952 2957 2944
3 2933 2920 2928
3 2933 2920 2932
3 2933 2921 2928
3 2933 2952 2953
3 2933 2952 2932
3 2945 2952 2944
3 2945 2944 2950
3 2945 2952 2953
3 2945 2921 2938
3 2945 2959 2938
3 2945 2933 2921
3 2945 2933 2953
3 2945 2959 2947
3 2945 2951 2950
3 2945 2951 2947
3 2922 2920 2936
3 2922 2920 2928
3 2922 2929 2928
3 2946 2957 2936
3 2946 2922 2936
3 2946 2934 2954
3 2946 2922 2934
3 2946 2957 2944
3 2946 2944 2950
3 2946 2951 2950
3 2946 2951 2947
3 2946 2955 2954
3 2946 2955 2947
3 2935 2934 2954
3 2935 2955 2954
3 2923 2929 2928
3 2923 2921 2938
3 2923 2921 2928
3 2923 2959 2938
3 2923 2959 2947
3 2923 2955 2947
3 2923 2935 2955
3 2923 2922 2929
3 2923 2922 2934
3 2923 2935 2934
3 2992 2997 2976
3 2992 2960 2976
3 2992 2960 2972
3 2992 2997 2984
3 2962 2960 2976
3 2962 2960 2968
3 2962 2969 2968
3 2973 2960 2968
3 2973 2960 2972
3 2973 2961 2968
3 2973 2992 2993
3 2973 2992 2972
3 2985 2992 2984
3 2985 2984 2990
3 2985 2992 2993
3 2985 2961 2978
3 2985 2999 2978
3 2985 2973 2961
3 2985 2973 2993
3 2985 2999 2987
3 2985 2991 2990
3 2985 2991 2987
3 2963 2969 2968
3 2963 2961 2978
3 2963 2961 2968
3 2963 2999 2978
3 2963 2999 2987
3 2963 2995 2987
3 2963 2995 2975
3 2974 2962 2969
3 2974 2963 2975
3 2974 2963 2969
3 2974 2995 2975
3 2974 2995 2994
3 2986 2997 2976
3 2986 2974 2994
3 2986 2962 2976
3 2986 2974 2962
3 2986 2997 2984
3 2986 2984 2990
3 2986 2991 2990
3 2986 2991 2987
3 2986 2995 2987
3 2986 2995 2994
3 3032 3037 3016
3 3032 3000 3016
3 3032 3000 3012
3 3032 3037 3024
3 3013 3032 3033
3 3013 3032 3012
3 3001 3000 3012
3 3001 3000 3008
3 3001 3013 3012
3 3025 3032 3024
3 3025 3024 3030
3 3025 3032 3033
3 3025 3013 3033
3 3025 3039 3018
3 3025 3001 3013
3 3025 3001 3018
3 3025 3039 3027
3 3025 3031 3030
3 3025 3031 3027
3 3026 3037 3016
3 3026 3002 3016
3 3026 3014 3034
3 3026 3002 3014
3 3026 3037 3024
3 3026 3024 3030
3 3026 3031 3030
3 3026 3031 3027
3 3026 3035 3034
3 3026 3035 3027
3 3009 3003 3018
3 3009 3001 3008
3 3009 3001 3018
3 3009 3000 3016
3 3009 3000 3008
3 3009 3002 3016
3 3015 3039 3018
3 3015 3003 3018
3 3015 3039 3027
3 3015 3035 3027
3 3015 3002 3014
3 3015 3009 3002
3 3015 3009 3003
3 3015 3014 3034
3 3015 3035 3034
3 3072 3077 3056
3 3072 3040 3056
3 3072 3040 3052
3 3072 3077 3064
3 3042 3040 3056
3 3042 3040 3048
3 3042 3049 3048
3 3053 3040 3048
3 3053 3040 3052
3 3053 3041 3048
3 3053 3072 3073
3 3053 3072 3052
3 3065 3072 3064
3 3065 3064 3070
3 3065 3072 3073
3 3065 3041 3058
3 3065 3079 3058
3 3065 3053 3041
3 3065 3053 3073
3 3065 3079 3067
3 3065 3071 3070
3 3065 3071 3067
3 3043 3049 3048
3 3043 3041 3058
3 3043 3041 3048
3 3043 3079 3058
3 3043 3079 3067
3 3043 3075 3067
3 3043 3075 3055
3 3054 3042 3049
3 3054 3043 3055
3 3054 3043 3049
3 3054 3075 3055
3 3054 3075 3074
3 3066 3077 3056
3 3066 3054 3074
3 3066 3042 3056
3 3066 3054 3042
3 3066 3077 3064
3 3066 3064 3070
3 3066 3071 3070
3 3066 3071 3067
3 3066 3075 3067
3 3066 3075 3074
3 3112 3117 3096
3 3112 3080 3096
3 3112 3080 3092
3 3112 3117 3104
3 3093 3112 3113
3 3093 3112 3092
3 3082 3080 3096
3 3082 3080 3088
3 3082 3089 3088
3 3081 3080 3088
3 3081 3080 3092
3 3081 3093 3092
3 3105 3112 3104
3 3105 3104 3110
3 3105 3112 3113
3 3105 3093 3113
3 3105 3119 3098
3 3105 3081 3093
3 3105 3081 3098
3 3105 3119 3107
3 3105 3111 3110
3 3105 3111 3107
3 3083 3119 3098
3 3083 3119 3107
3 3083 3115 3107
3 3083 3115 3095
3 3083 3089 3088
3 3083 3081 3098
3 3083 3081 3088
3 3094 3082 3089
3 3094 3083 3089
3 3094 3083 3095
3 3094 3115 3095
3 3094 3115 3114
3 3106 3117 3096
3 3106 3094 3114
3 3106 3082 3096
3 3106 3094 3082
3 3106 3117 3104
3 3106 3104 3110
3 3106 3111 3110
3 3106 3111 3107
3 3106 3115 3107
3 3106 3115 3114
3 3152 3157 3136
3 3152 3120 3136
3 3152 3120 3132
3 3152 3157 3144
3 3133 3152 3153
3 3133 3152 3132
3 3121 3120 3132
3 3121 3120 3128
3 3121 3133 3132
3 3145 3152 3144
3 3145 3144 3150
3 3145 3152 3153
3 3145 3133 3153
3 3145 3159 3138
3 3145 3121 3133
3 3145 3121 3138
3 3145 3159 3147
3 3145 3151 3150
3 3145 3151 3147
3 3146 3157 3136
3 3146 3122 3136
3 3146 3134 3154
3 3146 3122 3134
3 3146 3157 3144
3 3146 3144 3150
3 3146 3151 3150
3 3146 3151 3147
3 3146 3155 3154
3 3146 3155 3147
3 3129 3123 3138
3 3129 3121 3128
3 3129 3121 3138
3 3129 3120 3136
3 3129 3120 3128
3 3129 3122 3136
3 3135 3159 3138
3 3135 3123 3138
3 3135 3159 3147
3 3135 3155 3147
3 3135 3122 3134
3 3135 3129 3122
3 3135 3129 3123
3 3135 3134 3154
3 3135 3155 3154
3 3192 3197 3176
3 3192 3160 3176
3 3192 3160 3172
3 3192 3197 3184
3 3173 3160 3172
3 3173 3160 3168
3 3173 3161 3168
3 3173 3192 3193
3 3173 3192 3172
3 3185 3192 3184
3 3185 3184 3190
3 3185 3192 3193
3 3185 3199 3178
3 3185 3161 3178
3 3185 3173 3161
3 3185 3173 3193
3 3185 3199 3187
3 3185 3191 3190
3 3185 3191 3187
3 3186 3197 3176
3 3186 3162 3176
3 3186 3174 3194
3 3186 3162 3174
3 3186 3197 3184
3 3186 3184 3190
3 3186 3191 3190
3 3186 3191 3187
3 3186 3195 3194
3 3186 3195 3187
3 3169 3161 3168
3 3169 3161 3178
3 3169 3163 3178
3 3169 3160 3176
3 3169 3160 3168
3 3169 3162 3176
3 3175 3199 3178
3 3175 3163 3178
3 3175 3199 3187
3 3175 3195 3187
3 3175 3162 3174
3 3175 3169 3162
3 3175 3169 3163
3 3175 3174 3194
3 3175 3195 3194
3 3232 3237 3216
3 3232 3200 3216
3 3232 3200 3212
3 3232 3237 3224
3 3213 3232 3233
3 3213 3232 3212
3 3201 3200 3212
3 3201 3200 3208
3 3201 3213 3212
3 3225 3232 3224
3 3225 3224 3230
3 3225 3232 3233
3 3225 3213 3233
3 3225 3239 3218
3 3225 3201 3213
3 3225 3201 3218
3 3225 3239 3227
3 3225 3231 3230
3 3225 3231 3227
3 3209 3201 3208
3 3209 3203 3218
3 3209 3201 3218
3 3226 3237 3224
3 3226 3224 3230
3 3226 3231 3230
3 3226 3231 3227
3 3226 3235 3234
3 3226 3235 3227
3 3202 3237 3216
3 3202 3226 3234
3 3202 3214 3234
3 3202 3226 3237
3 3202 3200 3216
3 3202 3200 3208
3 3202 3209 3208
3 3215 3239 3218
3 3215 3239 3227
3 3215 3203 3218
3 3215 3235 3227
3 3215 3209 3203
3 3215 3202 3209
3 3215 3202 3214
3 3215 3214 3234
3 3215 3235 3234
3 3272 3277 3256
3 3272 3240 3256
3 3272 3240 3252
3 3272 3277 3264
3 3253 3240 3252
3 3253 3240 3248
3 3253 3241 3248
3 3253 3272 3273
3 3253 3272 3252
3 3265 3272 3264
3 3265 3264 3270
3 3265 3272 3273
3 3265 3279 3258
3 3265 3241 3258
3 3265 3253 3241
3 3265 3253 3273
3 3265 3279 3267
3 3265 3271 3270
3 3265 3271 3267
3 3266 3277 3256
3 3266 3242 3256
3 3266 3254 3274
3 3266 3242 3254
3 3266 3277 3264
3 3266 3264 3270
3 3266 3271 3270
3 3266 3271 3267
3 3266 3275 3274
3 3266 3275 3267
3 3249 3241 3248
3 3249 3241 3258
3 3249 3243 3258
3 3249 3240 3256
3 3249 3240 3248
3 3249 3242 3256
3 3255 3279 3258
3 3255 3243 3258
3 3255 3279 3267
3 3255 3275 3267
3 3255 3242 3254
3 3255 3249 3242
3 3255 3249 3243
3 3255 3254 3274
3 3255 3275 3274
3 3312 3317 3296
3 3312 3280 3296
3 3312 3280 3292
3 3312 3317 3304
3 3293 3280 3292
3 3293 3281 3288
3 3293 3280 3288
3 3293 3312 3313
3 3293 3312 3292
3 3305 3312 3304
3 3305 3304 3310
3 3305 3312 3313
3 3305 3281 3298
3 3305 3319 3298
3 3305 3293 3281
3 3305 3293 3313
3 3305 3319 3307
3 3305 3311 3310
3 3305 3311 3307
3 3306 3317 3296
3 3306 3282 3296
3 3306 3294 3314
3 3306 3282 3294
3 3306 3317 3304
3 3306 3304 3310
3 3306 3311 3310
3 3306 3311 3307
3 3306 3315 3314
3 3306 3315 3307
3 3289 3281 3298
3 3289 3283 3298
3 3289 3281 3288
3 3289 3280 3296
3 3289 3280 3288
3 3289 3282 3296
3 3295 3283 3298
3 3295 3319 3298
3 3295 3319 3307
3 3295 3315 3307
3 3295 3282 3294
3 3295 3289 3282
3 3295 3289 3283
3 3295 3294 3314
3 3295 3315 3314
3 3352 3357 3336
3 3352 3320 3336
3 3352 3320 3332
3 3352 3357 3344
3 3322 3320 3336
3 3322 3320 3328
3 3322 3329 3328
3 3333 3320 3328
3 3333 3320 3332
3 3333 3321 3328
3 3333 3352 3353
3 3333 3352 3332
3 3345 3352 3344
3 3345 3344 3350
3 3345 3352 3353
3 3345 3321 3338
3 3345 3359 3338
3 3345 3333 3321
3 3345 3333 3353
3 3323 3329 3328
3 3323 3321 3338
3 3323 3321 3328
3 3323 3359 3338
3 3323 3359 3347
3 3323 3355 3347
3 3323 3355 3335
3 3334 3357 3336
3 3334 3346 3354
3 3334 3322 3336
3 3334 3346 3357
3 3334 3322 3329
3 3334 3323 3335
3 3334 3323 3329
3 3334 3355 3335
3 3334 3355 3354
3 3351 3357 3344
3 3351 3344 3350
3 3351 3346 3357
3 3351 3359 3347
3 3351 3345 3359
3 3351 3345 3350
3 3351 3346 3354
3 3351 3355 3347
3 3351 3355 3354
3 3392 3397 3376
3 3392 3360 3376
3 3392 3360 3372
3 3392 3397 3384
3 3373 3392 3393
3 3373 3392 3372
3 3361 3360 3368
3 3361 3360 3372
3 3361 3373 3372
3 3385 3392 3384
3 3385 3384 3390
3 3385 3392 3393
3 3385 3373 3393
3 3385 3399 3378
3 3385 3361 3373
3 3385 3361 3378
3 3362 3360 3376
3 3362 3360 3368
3 3362 3369 3368
3 3362 3397 3376
3 3362 3386 3394
3 3362 3374 3394
3 3362 3386 3397
3 3391 3397 3384
3 3391 3384 3390
3 3391 3386 3397
3 3391 3385 3399
3 3391 3385 3390
3 3391 3399 3387
3 3391 3386 3394
3 3391 3395 3394
3 3391 3395 3387
3 3363 3369 3368
3 3363 3361 3378
3 3363 3361 3368
3 3375 3399 3378
3 3375 3399 3387
3 3375 3395 3387
3 3375 3363 3378
3 3375 3362 3369
3 3375 3362 3374
3 3375 3363 3369
3 3375 3374 3394
3 3375 3395 3394
3 3432 3437 3416
3 3432 3400 3416
3 3432 3400 3412
3 3432 3437 3424
3 3413 3432 3433
3 3413 3432 3412
3 3401 3400 3408
3 3401 3400 3412
3 3401 3413 3412
3 3425 3432 3424
3 3425 3424 3430
3 3425 3432 3433
3 3425 3413 3433
3 3425 3439 3418
3 3425 3401 3413
3 3425 3401 3418
3 3402 3400 3416
3 3402 3400 3408
3 3402 3409 3408
3 3402 3437 3416
3 3402 3426 3434
3 3402 3414 3434
3 3402 3426 3437
3 3431 3437 3424
3 3431 3424 3430
3 3431 3426 3437
3 3431 3425 3439
3 3431 3425 3430
3 3431 3439 3427
3 3431 3426 3434
3 3431 3435 3434
3 3431 3435 3427
3 3415 3414 3434
3 3415 3435 3434
3 3403 3409 3408
3 3403 3401 3418
3 3403 3401 3408
3 3403 3439 3418
3 3403 3439 3427
3 3403 3435 3427
3 3403 3415 3435
3 3403 3402 3409
3 3403 3402 3414
3 3403 3415 3414
3 3472 3477 3456
3 3472 3440 3456
3 3472 3440 3452
3 3472 3477 3464
3 3442 3440 3456
3 3442 3440 3448
3 3442 3449 3448
3 3453 3440 3448
3 3453 3440 3452
3 3453 3441 3448
3 3453 3472 3473
3 3453 3472 3452
3 3465 3472 3464
3 3465 3464 3470
3 3465 3472 3473
3 3465 3441 3458
3 3465 3479 3458
3 3465 3453 3441
3 3465 3453 3473
3 3465 3479 3467
3 3465 3471 3470
3 3465 3471 3467
3 3443 3449 3448
3 3443 3441 3458
3 3443 3441 3448
3 3443 3479 3458
3 3443 3479 3467
3 3443 3475 3467
3 3443 3475 3455
3 3454 3442 3449
3 3454 3443 3455
3 3454 3443 3449
3 3454 3475 3455
3 3454 3475 3474
3 3466 3477 3456
3 3466 3454 3474
3 3466 3442 3456
3 3466 3454 3442
3 3466 3477 3464
3 3466 3464 3470
3 3466 3471 3470
3 3466 3471 3467
3 3466 3475 3467
3 3466 3475 3474
3 3512 3517 3496
3 3512 3480 3496
3 3512 3480 3492
3 3512 3517 3504
3 3482 3480 3496
3 3482 3480 3488
3 3482 3489 3488
3 3493 3480 3488
3 3493 3480 3492
3 3493 3481 3488
3 3493 3512 3513
3 3493 3512 3492
3 3505 3512 3504
3 3505 3504 3510
3 3505 3512 3513
3 3505 3481 3498
3 3505 3519 3498
3 3505 3493 3481
3 3505 3493 3513
3 3483 3489 3488
3 3483 3481 3498
3 3483 3481 3488
3 3483 3519 3498
3 3483 3519 3507
3 3483 3515 3507
3 3483 3515 3495
3 3494 3517 3496
3 3494 3506 3514
3 3494 3482 3496
3 3494 3506 3517
3 3494 3482 3489
3 3494 3483 3495
3 3494 3483 3489
3 3494 3515 3495
3 3494 3515 3514
3 3511 3517 3504
3 3511 3504 3510
3 3511 3506 3517
3 3511 3519 3507
3 3511 3505 3519
3 3511 3505 3510
3 3511 3506 3514
3 3511 3515 3507
3 3511 3515 3514
3 3552 3557 3536
3 3552 3520 3536
3 3552 3520 3532
3 3552 3557 3544
3 3533 3552 3553
3 3533 3552 3532
3 3522 3520 3536
3 3522 3520 3528
3 3522 3529 3528
3 3521 3520 3528
3 3521 3520 3532
3 3521 3533 3532
3 3545 3552 3544
3 3545 3544 3550
3 3545 3552 3553
3 3545 3533 3553
3 3545 3559 3538
3 3545 3521 3533
3 3545 3521 3538
3 3523 3559 3538
3 3523 3559 3547
3 3523 3555 3547
3 3523 3555 3535
3 3523 3529 3528
3 3523 3521 3538
3 3523 3521 3528
3 3534 3557 3536
3 3534 3546 3554
3 3534 3522 3536
3 3534 3546 3557
3 3534 3522 3529
3 3534 3523 3529
3 3534 3523 3535
3 3534 3555 3535
3 3534 3555 3554
3 3551 3557 3544
3 3551 3544 3550
3 3551 3546 3557
3 3551 3559 3547
3 3551 3545 3559
3 3551 3545 3550
3 3551 3546 3554
3 3551 3555 3547
3 3551 3555 3554
CELL_TYPES 3916
5 5 5 5 5 5 5 5 5 5 
5 5 5 5 5 5 5 5 5 5 
5 5 5 5 5 5 5 5 5 5 
5 5 5 5 5 5 5 5 5 5 
5 5 5 5 5 5 5 5 5 5 
5 5 5 5 5 5 5 5 5 5 
5 5 5 5 5 5 5 5 5 5 
5 5 5 5 5 5 5 5 5 5 
5 5 5 5 5 5 5 5 5 5 
5 5 5 5 5 5 5 5 5 5 
5 5 5 5 5 5 5 5 5 5 
5 5 5 5 5 5 5 5 5 5 
5 5 5 5 5 5 5 5 5 5 
5 5 5 5 5 5 5 5 5 5 
5 5 5 5 5 5 5 5 5 5 
5 5 5 5 5 5 5 5 5 5 
5 5 5 5 5 5 5 5 5 5 
5 5 5 5 5 5 5 5 5 5 
5 5 5 5 5 5 5 5 5 5 
5 5 5 5 5 5 5 5 5 5 
5 5 5 5 5 5 5 5 5 5 
5 5 5 5 5 5 5 5 5 5 
5 5 5 5 5 5 5 5 5 5 
5 5 5 5 5 5 5 5 5 5 
5 5 5 5 5 5 5 5 5 5 
5 5 5 5 5 5 5 5 5 5 
5 5 5 5 5 5 5 5 5 5 
5 5 5 5 5 5 5 5 5 5 
5 5 5 5 5 5 5 5 5 5 
5 5 5 5 5 5 5 5 5 5 
5 5 5 5 5 5 5 5 5 5 
5 5 5 5 5 5 5 5 5 5 
5 5 5 5 5 5 5 5 5 5 
5 5 5 5 5 5 5 5 5 5 
5 5 5 5 5 5 5 5 5 5 
5 5 5 5 5 5 5 5 5 5 
5 5 5 5 5 5 5 5 5 5 
5 5 5 5 5 5 5 5 5 5 
5 5 5 5 5 5 5 5 5 5 
5 5 5 5 5 5 5 5 5 5 
5 5 5 5 5 5 5 5 5 5 
5 5 5 5 5 5 5 5 5 5 
5 5 5 5 5 5 5 5 5 5 
5 5 5 5 5 5 5 5 5 5 
5 5 5 5 5 5 5 5 5 5 
5 5 5 5 5 5 5 5 5 5 
5 5 5 5 5 5 5 5 5 5 
5 5 5 5 5 5 5 5 5 5 
5 5 5 5 5 5 5 5 5 5 
5 5 5 5 5 5 5 5 5 5 
5 5 5 5 5 5 5 5 5 5 
5 5 5 5 5 5 5 5 5 5 
5 5 5 5 5 5 5 5 5 5 
5 5 5 5 5 5 5 5 5 5 
5 5 5 5 5 5 5 5 5 5 
5 5 5 5 5 5 5 5 5 5 
5 5 5 5 5 5 5 5 5 5 
5 5 5 5 5 5 5 5 5 5 
5 5 5 5 5 5 5 5 5 5 
5 5 5 5 5 5 5 5 5 5 
5 5 5 5 5 5 5 5 5 5 
5 5 5 5 5 5 5 5 5 5 
5 5 5 5 5 5 5 5 5 5 
5 5 5 5 5 5 5 5 5 5 
5 5 5 5 5 5 5 5 5 5 
5 5 5 5 5 5 5 5 5 5 
5 5 5 5 5 5 5 5 5 5 
5 5 5 5 5 5 5 5 5 5 
5 5 5 5 5 5 5 5 5 5 
5 5 5 5 5 5 5 5 5 5 
5 5 5 5 5 5 5 5 5 5 
5 5 5 5 5 5 5 5 5 5 
5 5 5 5 5 5 5 5 5 5 
5 5 5 5 5 5 5 5 5 5 
5 5 5 5 5 5 5 5 5 5 
5 5 5 5 5 5 5 5 5 5 
5 5 5 5 5 5 5 5 5 5 
5 5 5 5 5 5 5 5 5 5 
5 5 5 5 5 5 5 5 5 5 
5 5 5 5 5 5 5 5 5 5 
5 5 5 5 5 5 5 5 5 5 
5 5 5 5 5 5 5 5 5 5 
5 5 5 5 5 5 5 5 5 5 
5 5 5 5 5 5 5 5 5 5 
5 5 5 5 5 5 5 5 5 5 
5 5 5 5 5 5 5 5 5 5 
5 5 5 5 5 5 5 5 5 5 
5 5 5 5 5 5 5 5 5 5 
5 5 5 5 5 5 5 5 5 5 
5 5 5 5 5 5 5 5 5 5 
5 5 5 5 5 5 5 5 5 5 
5 5 5 5 5 5 5 5 5 5 
5 5 5 5 5 5 5 5 5 5 
5 5 5 5 5 5 5 5 5 5 
5 5 5 5 5 5 5 5 5 5 
5 5 5 5 5 5 5 5 5 5 
5 5 5 5 5 5 5 5 5 5 
5 5 5 5 5 5 5 5 5 5 
5 5 5 5 5 5 5 5 5 5 
5 5 5 5 5 5 5 5 5 5 
5 5 5 5 5 5 5 5 5 5 
5 5 5 5 5 5 5 5 5 5 
5 5 5 5 5 5 5 5 5 5 
5 5 5 5 5 5 5 5 5 5 
5 5 5 5 5 5 5 5 5 5 
5 5 5 5 5 5 5 5 5 5 
5 5 5 5 5 5 5 5 5 5 
5 5 5 5 5 5 5 5 5 5 
5 5 5 5 5 5 5 5 5 5 
5 5 5 5 5 5 5 5 5 5 
5 5 5 5 5 5 5 5 5 5 
5 5 5 5 5 5 5 5 5 5 
5 5 5 5 5 5 5 5 5 5 
5 5 5 5 5 5 5 5 5 5 
5 5 5 5 5 5 5 5 5 5 
5 5 5 5 5 5 5 5 5 5 
5 5 5 5 5 5 5 5 5 5 
5 5 5 5 5 5 5 5 5 5 
5 5 5 5 5 5 5 5 5 5 
5 5 5 5 5 5 5 5 5 5 
5 5 5 5 5 5 5 5 5 5 
5 5 5 5 5 5 5 5 5 5 
5 5 5 5 5 5 5 5 5 5 
5 5 5 5 5 5 5 5 5 5 
5 5 5 5 5 5 5 5 5 5 
5 5 5 5 5 5 5 5 5 5 
5 5 5 5 5 5 5 5 5 5 
5 5 5 5 5 5 5 5 5 5 
5 5 5 5 5 5 5 5 5 5 
5 5 5 5 5 5 5 5 5 5 
5 5 5 5 5 5 5 5 5 5 
5 5 5 5 5 5 5 5 5 5 
5 5 5 5 5 5 5 5 5 5 
5 5 5 5 5 5 5 5 5 5 
5 5 5 5 5 5 5 5 5 5 
5 5 5 5 5 5 5 5 5 5 
5 5 5 5 5 5 5 5 5 5 
5 5 5 5 5 5 5 5 5 5 
5 5 5 5 5 5 5 5 5 5 
5 5 5 5 5 5 5 5 5 5 
5 5 5 5 5 5 5 5 5 5 
5 5 5 5 5 5 5 5 5 5 
5 5 5 5 5 5 5 5 5 5 
5 5 5 5 5 5 5 5 5 5 
5 5 5 5 5 5 5 5 5 5 
5 5 5 5 5 5 5 5 5 5 
5 5 5 5 5 5 5 5 5 5 
5 5 5 5 5 5 5 5 5 5 
5 5 5 5 5 5 5 5 5 5 
5 5 5 5 5 5 5 5 5 5 
5 5 5 5 5 5 5 5 5 5 
5 5 5 5 5 5 5 5 5 5 
5 5 5 5 5 5 5 5 5 5 
5 5 5 5 5 5 5 5 5 5 
5 5 5 5 5 5 5 5 5 5 
5 5 5 5 5 5 5 5 5 5 
5 5 5 5 5 5 5 5 5 5 
5 5 5 5 5 5 5 5 5 5 
5 5 5 5 5 5 5 5 5 5 
5 5 5 5 5 5 5 5 5 5 
5 5 5 5 5 5 5 5 5 5 
5 5 5 5 5 5 5 5 5 5 
5 5 5 5 5 5 5 5 5 5 
5 5 5 5 5 5 5 5 5 5 
5 5 5 5 5 5 5 5 5 5 
5 5 5 5 5 5 5 5 5 5 
5 5 5 5 5 5 5 5 5 5 
5 5 5 5 5 5 5 5 5 5 
5 5 5 5 5 5 5 5 5 5 
5 5 5 5 5 5 5 5 5 5 
5 5 5 5 5 5 5 5 5 5 
5 5 5 5 5 5 5 5 5 5 
5 5 5 5 5 5 5 5 5 5 
5 5 5 5 5 5 5 5 5 5 
5 5 5 5 5 5 5 5 5 5 
5 5 5 5 5 5 5 5 5 5 
5 5 5 5 5 5 5 5 5 5 
5 5 5 5 5 5 5 5 5 5 
5 5 5 5 5 5 5 5 5 5 
5 5 5 5 5 5 5 5 5 5 
5 5 5 5 5 5 5 5 5 5 
5 5 5 5 5 5 5 5 5 5 
5 5 5 5 5 5 5 5 5 5 
5 5 5 5 5 5 5 5 5 5 
5 5 5 5 5 5 5 5 5 5 
5 5 5 5 5 5 5 5 5 5 
5 5 5 5 5 5 5 5 5 5 
5 5 5 5 5 5 5 5 5 5 
5 5 5 5 5 5 5 5 5 5 
5 5 5 5 5 5 5 5 5 5 
5 5 5 5 5 5 5 5 5 5 
5 5 5 5 5 5 5 5 5 5 
5 5 5 5 5 5 5 5 5 5 
5 5 5 5 5 5 5 5 5 5 
5 5 5 5 5 5 5 5 5 5 
5 5 5 5 5 5 5 5 5 5 
5 5 5 5 5 5 5 5 5 5 
5 5 5 5 5 5 5 5 5 5 
5 5 5 5 5 5 5 5 5 5 
5 5 5 5 5 5 5 5 5 5 
5 5 5 5 5 5 5 5 5 5 
5 5 5 5 5 5 5 5 5 5 
5 5 5 5 5 5 5 5 5 5 
5 5 5 5 5 5 5 5 5 5 
5 5 5 5 5 5 5 5 5 5 
5 5 5 5 5 5 5 5 5 5 
5 5 5 5 5 5 5 5 5 5 
5 5 5 5 5 5 5 5 5 5 
5 5 5 5 5 5 5 5 5 5 
5 5 5 5 5 5 5 5 5 5 
5 5 5 5 5 5 5 5 5 5 
5 5 5 5 5 5 5 5 5 5 
5 5 5 5 5 5 5 5 5 5 
5 5 5 5 5 5 5 5 5 5 
5 5 5 5 5 5 5 5 5 5 
5 5 5 5 5 5 5 5 5 5 
5 5 5 5 5 5 5 5 5 5 
5 5 5 5 5 5 5 5 5 5 
5 5 5 5 5 5 5 5 5 5 
5 5 5 5 5 5 5 5 5 5 
5 5 5 5 5 5 5 5 5 5 
5 5 5 5 5 5 5 5 5 5 
5 5 5 5 5 5 5 5 5 5 
5 5 5 5 5 5 5 5 5 5 
5 5 5 5 5 5 5 5 5 5 
5 5 5 5 5 5 5 5 5 5 
5 5 5 5 5 5 5 5 5 5 
5 5 5 5 5 5 5 5 5 5 
5 5 5 5 5 5 5 5 5 5 
5 5 5 5 5 5 5 5 5 5 
5 5 5 5 5 5 5 5 5 5 
5 5 5 5 5 5 5 5 5 5 
5 5 5 5 5 5 5 5 5 5 
5 5 5 5 5 5 5 5 5 5 
5 5 5 5 5 5 5 5 5 5 
5 5 5 5 5 5 5 5 5 5 
5 5 5 5 5 5 5 5 5 5 
5 5 5 5 5 5 5 5 5 5 
5 5 5 5 5 5 5 5 5 5 
5 5 5 5 5 5 5 5 5 5 
5 5 5 5 5 5 5 5 5 5 
5 5 5 5 5 5 5 5 5 5 
5 5 5 5 5 5 5 5 5 5 
5 5 5 5 5 5 5 5 5 5 
5 5 5 5 5 5 5 5 5 5 
5 5 5 5 5 5 5 5 5 5 
5 5 5 5 5 5 5 5 5 5 
5 5 5 5 5 5 5 5 5 5 
5 5 5 5 5 5 5 5 5 5 
5 5 5 5 5 5 5 5 5 5 
5 5 5 5 5 5 5 5 5 5 
5 5 5 5 5 5 5 5 5 5 
5 5 5 5 5 5 5 5 5 5 
5 5 5 5 5 5 5 5 5 5 
5 5 5 5 5 5 5 5 5 5 
5 5 5 5 5 5 5 5 5 5 
5 5 5 5 5 5 5 5 5 5 
5 5 5 5 5 5 5 5 5 5 
5 5 5 5 5 5 5 5 5 5 
5 5 5 5 5 5 5 5 5 5 
5 5 5 5 5 5 5 5 5 5 
5 5 5 5 5 5 5 5 5 5 
5 5 5 5 5 5 5 5 5 5 
5 5 5 5 5 5 5 5 5 5 
5 5 5 5 5 5 5 5 5 5 
5 5 5 5 5 5 5 5 5 5 
5 5 5 5 5 5 5 5 5 5 
5 5 5 5 5 5 5 5 5 5 
5 5 5 5 5 5 5 5 5 5 
5 5 5 5 5 5 5 5 5 5 
5 5 5 5 5 5 5 5 5 5 
5 5 5 5 5 5 5 5 5 5 
5 5 5 5 5 5 5 5 5 5 
5 5 5 5 5 5 5 5 5 5 
5 5 5 5 5 5 5 5 5 5 
5 5 5 5 5 5 5 5 5 5 
5 5 5 5 5 5 5 5 5 5 
5 5 5 5 5 5 5 5 5 5 
5 5 5 5 5 5 5 5 5 5 
5 5 5 5 5 5 5 5 5 5 
5 5 5 5 5 5 5 5 5 5 
5 5 5 5 5 5 5 5 5 5 
5 5 5 5 5 5 5 5 5 5 
5 5 5 5 5 5 5 5 5 5 
5 5 5 5 5 5 5 5 5 5 
5 5 5 5 5 5 5 5 5 5 
5 5 5 5 5 5 5 5 5 5 
5 5 5 5 5 5 5 5 5 5 
5 5 5 5 5 5 5 5 5 5 
5 5 5 5 5 5 5 5 5 5 
5 5 5 5 5 5 5 5 5 5 
5 5 5 5 5 5 5 5 5 5 
5 5 5 5 5 5 5 5 5 5 
5 5 5 5 5 5 5 5 5 5 
5 5 5 5 5 5 5 5 5 5 
5 5 5 5 5 5 5 5 5 5 
5 5 5 5 5 5 5 5 5 5 
5 5 5 5 5 5 5 5 5 5 
5 5 5 5 5 5 5 5 5 5 
5 5 5 5 5 5 5 5 5 5 
5 5 5 5 5 5 5 5 5 5 
5 5 5 5 5 5 5 5 5 5 
5 5 5 5 5 5 5 5 5 5 
5 5 5 5 5 5 5 5 5 5 
5 5 5 5 5 5 5 5 5 5 
5 5 5 5 5 5 5 5 5 5 
5 5 5 5 5 5 5 5 5 5 
5 5 5 5 5 5 5 5 5 5 
5 5 5 5 5 5 5 5 5 5 
5 5 5 5 5 5 5 5 5 5 
5 5 5 5 5 5 5 5 5 5 
5 5 5 5 5 5 5 5 5 5 
5 5 5 5 5 5 5 5 5 5 
5 5 5 5 5 5 5 5 5 5 
5 5 5 5 5 5 5 5 5 5 
5 5 5 5 5 5 5 5 5 5 
5 5 5 5 5 5 5 5 5 5 
5 5 5 5 5 5 5 5 5 5 
5 5 5 5 5 5 5 5 5 5 
5 5 5 5 5 5 5 5 5 5 
5 5 5 5 5 5 5 5 5 5 
5 5 5 5 5 5 5 5 5 5 
5 5 5 5 5 5 5 5 5 5 
5 5 5 5 5 5 5 5 5 5 
5 5 5 5 5 5 5 5 5 5 
5 5 5 5 5 5 5 5 5 5 
5 5 5 5 5 5 5 5 5 5 
5 5 5 5 5 5 5 5 5 5 
5 5 5 5 5 5 5 5 5 5 
5 5 5 5 5 5 5 5 5 5 
5 5 5 5 5 5 5 5 5 5 
5 5 5 5 5 5 5 5 5 5 
5 5 5 5 5 5 5 5 5 5 
5 5 5 5 5 5 5 5 5 5 
5 5 5 5 5 5 5 5 5 5 
5 5 5 5 5 5 5 5 5 5 
5 5 5 5 5 5 5 5 5 5 
5 5 5 5 5 5 5 5 5 5 
5 5 5 5 5 5 5 5 5 5 
5 5 5 5 5 5 5 5 5 5 
5 5 5 5 5 5 5 5 5 5 
5 5 5 5 5 5 5 5 5 5 
5 5 5 5 5 5 5 5 5 5 
5 5 5 5 5 5 5 5 5 5 
5 5 5 5 5 5 5 5 5 5 
5 5 5 5 5 5 5 5 5 5 
5 5 5 5 5 5 5 5 5 5 
5 5 5 5 5 5 5 5 5 5 
5 5 5 5 5 5 5 5 5 5 
5 5 5 5 5 5 5 5 5 5 
5 5 5 5 5 5 5 5 5 5 
5 5 5 5 5 5 5 5 5 5 
5 5 5 5 5 5 5 5 5 5 
5 5 5 5 5 5 5 5 5 5 
5 5 5 5 5 5 5 5 5 5 
5 5 5 5 5 5 5 5 5 5 
5 5 5 5 5 5 5 5 5 5 
5 5 5 5 5 5 5 5 5 5 
5 5 5 5 5 5 5 5 5 5 
5 5 5 5 5 5 5 5 5 5 
5 5 5 5 5 5 5 5 5 5 
5 5 5 5 5 5 5 5 5 5 
5 5 5 5 5 5 5 5 5 5 
5 5 5 5 5 5 5 5 5 5 
5 5 5 5 5 5 5 5 5 5 
5 5 5 5 5 5 5 5 5 5 
5 5 5 5 5 5 5 5 5 5 
5 5 5 5 5 5 5 5 5 5 
5 5 5 5 5 5 5 5 5 5 
5 5 5 5 5 5 5 5 5 5 
5 5 5 5 5 5 5 5 5 5 
5 5 5 5 5 5 5 5 5 5 
5 5 5 5 5 5 5 5 5 5 
5 5 5 5 5 5 5 5 5 5 
5 5 5 5 5 5 5 5 5 5 
5 5 5 5 5 5 5 5 5 5 
5 5 5 5 5 5 5 5 5 5 
5 5 5 5 5 5 5 5 5 5 
5 5 5 5 5 5 5 5 5 5 
5 5 5 5 5 5 5 5 5 5 
5 5 5 5 5 5 5 5 5 5 
5 5 5 5 5 5 5 5 5 5 
5 5 5 5 5 5 5 5 5 5 
5 5 5 5 5 5 5 5 5 5 
5 5 5 5 5 5 5 5 5 5 
5 5 5 5 5 5 5 5 5 5 
5 5 5 5 5 5 5 5 5 5 
5 5 5 5 5 5 5 5 5 5 
5 5 5 5 5 5 5 5 5 5 
5 5 5 5 5 5 5 5 5 5 
5 5 5 5 5 5 5 5 5 5 
5 5 5 5 5 5 
CELL_DATA 3916
SCALARS Node_Number float 1
LOOKUP_TABLE default
1 1 1 1 1 1 1 1 1 
1 1 1 1 1 1 1 1 1 1 
1 1 1 1 1 1 1 1 1 1 
1 1 1 1 1 1 1 1 1 1 
1 1 1 1 1 2 2 2 2 2 
2 2 2 2 2 2 2 2 2 2 
2 2 2 2 2 2 2 2 2 2 
2 2 2 2 2 2 2 2 2 2 
2 2 2 2 2 2 2 2 2 3 
3 3 3 3 3 3 3 3 3 3 
3 3 3 3 3 3 3 3 3 3 
3 3 3 3 3 3 3 3 3 3 
3 3 3 3 3 3 3 3 3 3 
3 3 3 4 4 4 4 4 4 4 
4 4 4 4 4 4 4 4 4 4 
4 4 4 4 4 4 4 4 4 4 
4 4 4 4 4 4 4 4 4 4 
4 4 4 4 4 4 4 5 5 5 
5 5 5 5 5 5 5 5 5 5 
5 5 5 5 5 5 5 5 5 5 
5 5 5 5 5 5 5 5 5 5 
5 5 5 5 5 5 5 5 5 5 
5 6 6 6 6 6 6 6 6 6 
6 6 6 6 6 6 6 6 6 6 
6 6 6 6 6 6 6 6 6 6 
6 6 6 6 6 6 6 6 6 6 
6 6 6 6 6 7 7 7 7 7 
7 7 7 7 7 7 7 7 7 7 
7 7 7 7 7 7 7 7 7 7 
7 7 7 7 7 7 7 7 7 7 
7 7 7 7 7 7 7 7 7 8 
8 8 8 8 8 8 8 8 8 8 
8 8 8 8 8 8 8 8 8 8 
8 8 8 8 8 8 8 8 8 8 
8 8 8 8 8 8 8 8 8 8 
8 8 8 9 9 9 9 9 9 9 
9 9 9 9 9 9 9 9 9 9 
9 9 9 9 9 9 9 9 9 9 
9 9 9 9 9 9 9 9 9 9 
9 9 9 9 9 9 9 10 10 10 
10 10 10 10 10 10 10 10 10 10 
10 10 10 10 10 10 10 10 10 10 
10 10 10 10 10 10 10 10 10 10 
10 10 10 10 10 10 10 10 10 10 
10 11 11 11 11 11 11 11 11 11 
11 11 11 11 11 11 11 11 11 11 
11 11 11 11 11 11 11 11 11 11 
11 11 11 11 11 11 11 11 11 11 
11 11 11 11 11 12 12 12 12 12 
12 12 12 12 12 12 12 12 12 12 
12 12 12 12 12 12 12 12 12 12 
12 12 12 12 12 12 12 12 12 12 
12 12 12 12 12 12 12 12 12 13 
13 13 13 13 13 13 13 13 13 13 
13 13 13 13 13 13 13 13 13 13 
13 13 13 13 13 13 13 13 13 13 
13 13 13 13 13 13 13 13 13 13 
13 13 13 14 14 14 14 14 14 14 
14 14 14 14 14 14 14 14 14 14 
14 14 14 14 14 14 14 14 14 14 
14 14 14 14 14 14 14 14 14 14 
14 14 14 14 14 14 14 15 15 15 
15 15 15 15 15 15 15 15 15 15 
15 15 15 15 15 15 15 15 15 15 
15 15 15 15 15 15 15 15 15 15 
15 15 15 15 15 15 15 15 15 15 
15 16 16 16 16 16 16 16 16 16 
16 16 16 16 16 16 16 16 16 16 
16 16 16 16 16 16 16 16 16 16 
16 16 16 16 16 16 16 16 16 16 
16 16 16 16 16 17 17 17 17 17 
17 17 17 17 17 17 17 17 17 17 
17 17 17 17 17 17 17 17 17 17 
17 17 17 17 17 17 17 17 17 17 
17 17 17 17 17 17 17 17 17 18 
18 18 18 18 18 18 18 18 18 18 
18 18 18 18 18 18 18 18 18 18 
18 18 18 18 18 18 18 18 18 18 
18 18 18 18 18 18 18 18 18 18 
18 18 18 19 19 19 19 19 19 19 
19 19 19 19 19 19 19 19 19 19 
19 19 19 19 19 19 19 19 19 19 
19 19 19 19 19 19 19 19 19 19 
19 19 19 19 19 19 19 20 20 20 
20 20 20 20 20 20 20 20 20 20 
20 20 20 20 20 20 20 20 20 20 
20 20 20 20 20 20 20 20 20 20 
20 20 20 20 20 20 20 20 20 20 
20 21 21 21 21 21 21 21 21 21 
21 21 21 21 21 21 21 21 21 21 
21 21 21 21 21 21 21 21 21 21 
21 21 21 21 21 21 21 21 21 21 
21 21 21 21 21 22 22 22 22 22 
22 22 22 22 22 22 22 22 22 22 
22 22 22 22 22 22 22 22 22 22 
22 22 22 22 22 22 22 22 22 22 
22 22 22 22 22 22 22 22 22 23 
23 23 23 23 23 23 23 23 23 23 
23 23 23 23 23 23 23 23 23 23 
23 23 23 23 23 23 23 23 23 23 
23 23 23 23 23 23 23 23 23 23 
23 23 23 24 24 24 24 24 24 24 
24 24 24 24 24 24 24 24 24 24 
24 24 24 24 24 24 24 24 24 24 
24 24 24 24 24 24 24 24 24 24 
24 24 24 24 24 24 24 25 25 25 
25 25 25 25 25 25 25 25 25 25 
25 25 25 25 25 25 25 25 25 25 
25 25 25 25 25 25 25 25 25 25 
25 25 25 25 25 25 25 25 25 25 
25 26 26 26 26 26 26 26 26 26 
26 26 26 26 26 26 26 26 26 26 
26 26 26 26 26 26 26 26 26 26 
26 26 26 26 26 26 26 26 26 26 
26 26 26 26 26 27 27 27 27 27 
27 27 27 27 27 27 27 27 27 27 
27 27 27 27 27 27 27 27 27 27 
27 27 27 27 27 27 27 27 27 27 
27 27 27 27 27 27 27 27 27 28 
28 28 28 28 28 28 28 28 28 28 
28 28 28 28 28 28 28 28 28 28 
28 28 28 28 28 28 28 28 28 28 
28 28 28 28 28 28 28 28 28 28 
28 28 28 29 29 29 29 29 29 29 
29 29 29 29 29 29 29 29 29 29 
29 29 29 29 29 29 29 29 29 29 
29 29 29 29 29 29 29 29 29 29 
29 29 29 29 29 29 29 30 30 30 
30 30 30 30 30 30 30 30 30 30 
30 30 30 30 30 30 30 30 30 30 
30 30 30 30 30 30 30 30 30 30 
30 30 30 30 30 30 30 30 30 30 
30 31 31 31 31 31 31 31 31 31 
31 31 31 31 31 31 31 31 31 31 
31 31 31 31 31 31 31 31 31 31 
31 31 31 31 31 31 31 31 31 31 
31 31 31 31 31 32 32 32 32 32 
32 32 32 32 32 32 32 32 32 32 
32 32 32 32 32 32 32 32 32 32 
32 32 32 32 32 32 32 32 32 32 
32 32 32 32 32 32 32 32 32 33 
33 33 33 33 33 33 33 33 33 33 
33 33 33 33 33 33 33 33 33 33 
33 33 33 33 33 33 33 33 33 33 
33 33 33 33 33 33 33 33 33 33 
33 33 33 34 34 34 34 34 34 34 
34 34 34 34 34 34 34 34 34 34 
34 34 34 34 34 34 34 34 34 34 
34 34 34 34 34 34 34 34 34 34 
34 34 34 34 34 34 34 35 35 35 
35 35 35 35 35 35 35 35 35 35 
35 35 35 35 35 35 35 35 35 35 
35 35 35 35 35 35 35 35 35 35 
35 35 35 35 35 35 35 35 35 35 
35 36 36 36 36 36 36 36 36 36 
36 36 36 36 36 36 36 36 36 36 
36 36 36 36 36 36 36 36 36 36 
36 36 36 36 36 36 36 36 36 36 
36 36 36 36 36 37 37 37 37 37 
37 37 37 37 37 37 37 37 37 37 
37 37 37 37 37 37 37 37 37 37 
37 37 37 37 37 37 37 37 37 37 
37 37 37 37 37 37 37 37 37 38 
38 38 38 38 38 38 38 38 38 38 
38 38 38 38 38 38 38 38 38 38 
38 38 38 38 38 38 38 38 38 38 
38 38 38 38 38 38 38 38 38 38 
38 38 38 39 39 39 39 39 39 39 
39 39 39 39 39 39 39 39 39 39 
39 39 39 39 39 39 39 39 39 39 
39 39 39 39 39 39 39 39 39 39 
39 39 39 39 39 39 39 40 40 40 
40 40 40 40 40 40 40 40 40 40 
40 40 40 40 40 40 40 40 40 40 
40 40 40 40 40 40 40 40 40 40 
40 40 40 40 40 40 40 40 40 40 
40 41 41 41 41 41 41 41 41 41 
41 41 41 41 41 41 41 41 41 41 
41 41 41 41 41 41 41 41 41 41 
41 41 41 41 41 41 41 41 41 41 
41 41 41 41 41 42 42 42 42 42 
42 42 42 42 42 42 42 42 42 42 
42 42 42 42 42 42 42 42 42 42 
42 42 42 42 42 42 42 42 42 42 
42 42 42 42 42 42 42 42 42 43 
43 43 43 43 43 43 43 43 43 43 
43 43 43 43 43 43 43 43 43 43 
43 43 43 43 43 43 43 43 43 43 
43 43 43 43 43 43 43 43 43 43 
43 43 43 44 44 44 44 44 44 44 
44 44 44 44 44 44 44 44 44 44 
44 44 44 44 44 44 44 44 44 44 
44 44 44 44 44 44 44 44 44 44 
44 44 44 44 44 44 44 45 45 45 
45 45 45 45 45 45 45 45 45 45 
45 45 45 45 45 45 45 45 45 45 
45 45 45 45 45 45 45 45 45 45 
45 45 45 45 45 45 45 45 45 45 
45 46 46 46 46 46 46 46 46 46 
46 46 46 46 46 46 46 46 46 46 
46 46 46 46 46 46 46 46 46 46 
46 46 46 46 46 46 46 46 46 46 
46 46 46 46 46 47 47 47 47 47 
47 47 47 47 47 47 47 47 47 47 
47 47 47 47 47 47 47 47 47 47 
47 47 47 47 47 47 47 47 47 47 
47 47 47 47 47 47 47 47 47 48 
48 48 48 48 48 48 48 48 48 48 
48 48 48 48 48 48 48 48 48 48 
48 48 48 48 48 48 48 48 48 48 
48 48 48 48 48 48 48 48 48 48 
48 48 48 49 49 49 49 49 49 49 
49 49 49 49 49 49 49 49 49 49 
49 49 49 49 49 49 49 49 49 49 
49 49 49 49 49 49 49 49 49 49 
49 49 49 49 49 49 49 50 50 50 
50 50 50 50 50 50 50 50 50 50 
50 50 50 50 50 50 50 50 50 50 
50 50 50 50 50 50 50 50 50 50 
50 50 50 50 50 50 50 50 50 50 
50 51 51 51 51 51 51 51 51 51 
51 51 51 51 51 51 51 51 51 51 
51 51 51 51 51 51 51 51 51 51 
51 51 51 51 51 51 51 51 51 51 
51 51 51 51 51 52 52 52 52 52 
52 52 52 52 52 52 52 52 52 52 
52 52 52 52 52 52 52 52 52 52 
52 52 52 52 52 52 52 52 52 52 
52 52 52 52 52 52 52 52 52 53 
53 53 53 53 53 53 53 53 53 53 
53 53 53 53 53 53 53 53 53 53 
53 53 53 53 53 53 53 53 53 53 
53 53 53 53 53 53 53 53 53 53 
53 53 53 54 54 54 54 54 54 54 
54 54 54 54 54 54 54 54 54 54 
54 54 54 54 54 54 54 54 54 54 
54 54 54 54 54 54 54 54 54 54 
54 54 54 54 54 54 54 55 55 55 
55 55 55 55 55 55 55 55 55 55 
55 55 55 55 55 55 55 55 55 55 
55 55 55 55 55 55 55 55 55 55 
55 55 55 55 55 55 55 55 55 55 
55 56 56 56 56 56 56 56 56 56 
56 56 56 56 56 56 56 56 56 56 
56 56 56 56 56 56 56 56 56 56 
56 56 56 56 56 56 56 56 56 56 
56 56 56 56 56 57 57 57 57 57 
57 57 57 57 57 57 57 57 57 57 
57 57 57 57 57 57 57 57 57 57 
57 57 57 57 57 57 57 57 57 57 
57 57 57 57 57 57 57 57 57 58 
58 58 58 58 58 58 58 58 58 58 
58 58 58 58 58 58 58 58 58 58 
58 58 58 58 58 58 58 58 58 58 
58 58 58 58 58 58 58 58 58 58 
58 58 58 59 59 59 59 59 59 59 
59 59 59 59 59 59 59 59 59 59 
59 59 59 59 59 59 59 59 59 59 
59 59 59 59 59 59 59 59 59 59 
59 59 59 59 59 59 59 60 60 60 
60 60 60 60 60 60 60 60 60 60 
60 60 60 60 60 60 60 60 60 60 
60 60 60 60 60 60 60 60 60 60 
60 60 60 60 60 60 60 60 60 60 
60 61 61 61 61 61 61 61 61 61 
61 61 61 61 61 61 61 61 61 61 
61 61 61 61 61 61 61 61 61 61 
61 61 61 61 61 61 61 61 61 61 
61 61 61 61 61 62 62 62 62 62 
62 62 62 62 62 62 62 62 62 62 
62 62 62 62 62 62 62 62 62 62 
62 62 62 62 62 62 62 62 62 62 
62 62 62 62 62 62 62 62 62 63 
63 63 63 63 63 63 63 63 63 63 
63 63 63 63 63 63 63 63 63 63 
63 63 63 63 63 63 63 63 63 63 
63 63 63 63 63 63 63 63 63 63 
63 63 63 64 64 64 64 64 64 64 
64 64 64 64 64 64 64 64 64 64 
64 64 64 64 64 64 64 64 64 64 
64 64 64 64 64 64 64 64 64 64 
64 64 64 64 64 64 64 65 65 65 
65 65 65 65 65 65 65 65 65 65 
65 65 65 65 65 65 65 65 65 65 
65 65 65 65 65 65 65 65 65 65 
65 65 65 65 65 65 65 65 65 65 
65 66 66 66 66 66 66 66 66 66 
66 66 66 66 66 66 66 66 66 66 
66 66 66 66 66 66 66 66 66 66 
66 66 66 66 66 66 66 66 66 66 
66 66 66 66 66 67 67 67 67 67 
67 67 67 67 67 67 67 67 67 67 
67 67 67 67 67 67 67 67 67 67 
67 67 67 67 67 67 67 67 67 67 
67 67 67 67 67 67 67 67 67 68 
68 68 68 68 68 68 68 68 68 68 
68 68 68 68 68 68 68 68 68 68 
68 68 68 68 68 68 68 68 68 68 
68 68 68 68 68 68 68 68 68 68 
68 68 68 69 69 69 69 69 69 69 
69 69 69 69 69 69 69 69 69 69 
69 69 69 69 69 69 69 69 69 69 
69 69 69 69 69 69 69 69 69 69 
69 69 69 69 69 69 69 70 70 70 
70 70 70 70 70 70 70 70 70 70 
70 70 70 70 70 70 70 70 70 70 
70 70 70 70 70 70 70 70 70 70 
70 70 70 70 70 70 70 70 70 70 
70 71 71 71 71 71 71 71 71 71 
71 71 71 71 71 71 71 71 71 71 
71 71 71 71 71 71 71 71 71 71 
71 71 71 71 71 71 71 71 71 71 
71 71 71 71 71 72 72 72 72 72 
72 72 72 72 72 72 72 72 72 72 
72 72 72 72 72 72 72 72 72 72 
72 72 72 72 72 72 72 72 72 72 
72 72 72 72 72 72 72 72 72 73 
73 73 73 73 73 73 73 73 73 73 
73 73 73 73 73 73 73 73 73 73 
73 73 73 73 73 73 73 73 73 73 
73 73 73 73 73 73 73 73 73 73 
73 73 73 74 74 74 74 74 74 74 
74 74 74 74 74 74 74 74 74 74 
74 74 74 74 74 74 74 74 74 74 
74 74 74 74 74 74 74 74 74 74 
74 74 74 74 74 74 74 75 75 75 
75 75 75 75 75 75 75 75 75 75 
75 75 75 75 75 75 75 75 75 75 
75 75 75 75 75 75 75 75 75 75 
75 75 75 75 75 75 75 75 75 75 
75 76 76 76 76 76 76 76 76 76 
76 76 76 76 76 76 76 76 76 76 
76 76 76 76 76 76 76 76 76 76 
76 76 76 76 76 76 76 76 76 76 
76 76 76 76 76 77 77 77 77 77 
77 77 77 77 77 77 77 77 77 77 
77 77 77 77 77 77 77 77 77 77 
77 77 77 77 77 77 77 77 77 77 
77 77 77 77 77 77 77 77 77 78 
78 78 78 78 78 78 78 78 78 78 
78 78 78 78 78 78 78 78 78 78 
78 78 78 78 78 78 78 78 78 78 
78 78 78 78 78 78 78 78 78 78 
78 78 78 79 79 79 79 79 79 79 
79 79 79 79 79 79 79 79 79 79 
79 79 79 79 79 79 79 79 79 79 
79 79 79 79 79 79 79 79 79 79 
79 79 79 79 79 79 79 80 80 80 
80 80 80 80 80 80 80 80 80 80 
80 80 80 80 80 80 80 80 80 80 
80 80 80 80 80 80 80 80 80 80 
80 80 80 80 80 80 80 80 80 80 
80 81 81 81 81 81 81 81 81 81 
81 81 81 81 81 81 81 81 81 81 
81 81 81 81 81 81 81 81 81 81 
81 81 81 81 81 81 81 81 81 81 
81 81 81 81 81 82 82 82 82 82 
82 82 82 82 82 82 82 82 82 82 
82 82 82 82 82 82 82 82 82 82 
82 82 82 82 82 82 82 82 82 82 
82 82 82 82 82 82 82 82 82 83 
83 83 83 83 83 83 83 83 83 83 
83 83 83 83 83 83 83 83 83 83 
83 83 83 83 83 83 83 83 83 83 
83 83 83 83 83 83 83 83 83 83 
83 83 83 84 84 84 84 84 84 84 
84 84 84 84 84 84 84 84 84 84 
84 84 84 84 84 84 84 84 84 84 
84 84 84 84 84 84 84 84 84 84 
84 84 84 84 84 84 84 85 85 85 
85 85 85 85 85 85 85 85 85 85 
85 85 85 85 85 85 85 85 85 85 
85 85 85 85 85 85 85 85 85 85 
85 85 85 85 85 85 85 85 85 85 
85 86 86 86 86 86 86 86 86 86 
86 86 86 86 86 86 86 86 86 86 
86 86 86 86 86 86 86 86 86 86 
86 86 86 86 86 86 86 86 86 86 
86 86 86 86 86 87 87 87 87 87 
87 87 87 87 87 87 87 87 87 87 
87 87 87 87 87 87 87 87 87 87 
87 87 87 87 87 87 87 87 87 87 
87 87 87 87 87 87 87 87 87 88 
88 88 88 88 88 88 88 88 88 88 
88 88 88 88 88 88 88 88 88 88 
88 88 88 88 88 88 88 88 88 88 
88 88 88 88 88 88 88 88 88 88 
88 88 88 89 89 89 89 89 89 89 
89 89 89 89 89 89 89 89 89 89 
89 89 89 89 89 89 89 89 89 89 
89 89 89 89 89 89 89 89 89 89 
89 89 89 89 89 89 89 SCALARS Node_Pressure_MPa float 1
LOOKUP_TABLE default
48.6499 48.6499 48.6499 48.6499 48.6499 48.6499 48.6499 48.6499 48.6499 
48.6499 48.6499 48.6499 48.6499 48.6499 48.6499 48.6499 48.6499 48.6499 48.6499 
48.6499 48.6499 48.6499 48.6499 48.6499 48.6499 48.6499 48.6499 48.6499 48.6499 
48.6499 48.6499 48.6499 48.6499 48.6499 48.6499 48.6499 48.6499 48.6499 48.6499 
48.6499 48.6499 48.6499 48.6499 48.6499 47.9426 47.9426 47.9426 47.9426 47.9426 
47.9426 47.9426 47.9426 47.9426 47.9426 47.9426 47.9426 47.9426 47.9426 47.9426 
47.9426 47.9426 47.9426 47.9426 47.9426 47.9426 47.9426 47.9426 47.9426 47.9426 
47.9426 47.9426 47.9426 47.9426 47.9426 47.9426 47.9426 47.9426 47.9426 47.9426 
47.9426 47.9426 47.9426 47.9426 47.9426 47.9426 47.9426 47.9426 47.9426 39.7365 
39.7365 39.7365 39.7365 39.7365 39.7365 39.7365 39.7365 39.7365 39.7365 39.7365 
39.7365 39.7365 39.7365 39.7365 39.7365 39.7365 39.7365 39.7365 39.7365 39.7365 
39.7365 39.7365 39.7365 39.7365 39.7365 39.7365 39.7365 39.7365 39.7365 39.7365 
39.7365 39.7365 39.7365 39.7365 39.7365 39.7365 39.7365 39.7365 39.7365 39.7365 
39.7365 39.7365 39.7365 38.4076 38.4076 38.4076 38.4076 38.4076 38.4076 38.4076 
38.4076 38.4076 38.4076 38.4076 38.4076 38.4076 38.4076 38.4076 38.4076 38.4076 
38.4076 38.4076 38.4076 38.4076 38.4076 38.4076 38.4076 38.4076 38.4076 38.4076 
38.4076 38.4076 38.4076 38.4076 38.4076 38.4076 38.4076 38.4076 38.4076 38.4076 
38.4076 38.4076 38.4076 38.4076 38.4076 38.4076 38.4076 39.7365 39.7365 39.7365 
39.7365 39.7365 39.7365 39.7365 39.7365 39.7365 39.7365 39.7365 39.7365 39.7365 
39.7365 39.7365 39.7365 39.7365 39.7365 39.7365 39.7365 39.7365 39.7365 39.7365 
39.7365 39.7365 39.7365 39.7365 39.7365 39.7365 39.7365 39.7365 39.7365 39.7365 
39.7365 39.7365 39.7365 39.7365 39.7365 39.7365 39.7365 39.7365 39.7365 39.7365 
39.7365 38.7458 38.7458 38.7458 38.7458 38.7458 38.7458 38.7458 38.7458 38.7458 
38.7458 38.7458 38.7458 38.7458 38.7458 38.7458 38.7458 38.7458 38.7458 38.7458 
38.7458 38.7458 38.7458 38.7458 38.7458 38.7458 38.7458 38.7458 38.7458 38.7458 
38.7458 38.7458 38.7458 38.7458 38.7458 38.7458 38.7458 38.7458 38.7458 38.7458 
38.7458 38.7458 38.7458 38.7458 38.7458 42.7076 42.7076 42.7076 42.7076 42.7076 
42.7076 42.7076 42.7076 42.7076 42.7076 42.7076 42.7076 42.7076 42.7076 42.7076 
42.7076 42.7076 42.7076 42.7076 42.7076 42.7076 42.7076 42.7076 42.7076 42.7076 
42.7076 42.7076 42.7076 42.7076 42.7076 42.7076 42.7076 42.7076 42.7076 42.7076 
42.7076 42.7076 42.7076 42.7076 42.7076 42.7076 42.7076 42.7076 42.7076 42.3619 
42.3619 42.3619 42.3619 42.3619 42.3619 42.3619 42.3619 42.3619 42.3619 42.3619 
42.3619 42.3619 42.3619 42.3619 42.3619 42.3619 42.3619 42.3619 42.3619 42.3619 
42.3619 42.3619 42.3619 42.3619 42.3619 42.3619 42.3619 42.3619 42.3619 42.3619 
42.3619 42.3619 42.3619 42.3619 42.3619 42.3619 42.3619 42.3619 42.3619 42.3619 
42.3619 42.3619 42.3619 39.7365 39.7365 39.7365 39.7365 39.7365 39.7365 39.7365 
39.7365 39.7365 39.7365 39.7365 39.7365 39.7365 39.7365 39.7365 39.7365 39.7365 
39.7365 39.7365 39.7365 39.7365 39.7365 39.7365 39.7365 39.7365 39.7365 39.7365 
39.7365 39.7365 39.7365 39.7365 39.7365 39.7365 39.7365 39.7365 39.7365 39.7365 
39.7365 39.7365 39.7365 39.7365 39.7365 39.7365 39.7365 38.1584 38.1584 38.1584 
38.1584 38.1584 38.1584 38.1584 38.1584 38.1584 38.1584 38.1584 38.1584 38.1584 
38.1584 38.1584 38.1584 38.1584 38.1584 38.1584 38.1584 38.1584 38.1584 38.1584 
38.1584 38.1584 38.1584 38.1584 38.1584 38.1584 38.1584 38.1584 38.1584 38.1584 
38.1584 38.1584 38.1584 38.1584 38.1584 38.1584 38.1584 38.1584 38.1584 38.1584 
38.1584 38.251 38.251 38.251 38.251 38.251 38.251 38.251 38.251 38.251 
38.251 38.251 38.251 38.251 38.251 38.251 38.251 38.251 38.251 38.251 
38.251 38.251 38.251 38.251 38.251 38.251 38.251 38.251 38.251 38.251 
38.251 38.251 38.251 38.251 38.251 38.251 38.251 38.251 38.251 38.251 
38.251 38.251 38.251 38.251 38.251 36.9678 36.9678 36.9678 36.9678 36.9678 
36.9678 36.9678 36.9678 36.9678 36.9678 36.9678 36.9678 36.9678 36.9678 36.9678 
36.9678 36.9678 36.9678 36.9678 36.9678 36.9678 36.9678 36.9678 36.9678 36.9678 
36.9678 36.9678 36.9678 36.9678 36.9678 36.9678 36.9678 36.9678 36.9678 36.9678 
36.9678 36.9678 36.9678 36.9678 36.9678 36.9678 36.9678 36.9678 36.9678 42.7076 
42.7076 42.7076 42.7076 42.7076 42.7076 42.7076 42.7076 42.7076 42.7076 42.7076 
42.7076 42.7076 42.7076 42.7076 42.7076 42.7076 42.7076 42.7076 42.7076 42.7076 
42.7076 42.7076 42.7076 42.7076 42.7076 42.7076 42.7076 42.7076 42.7076 42.7076 
42.7076 42.7076 42.7076 42.7076 42.7076 42.7076 42.7076 42.7076 42.7076 42.7076 
42.7076 42.7076 42.7076 40.7268 40.7268 40.7268 40.7268 40.7268 40.7268 40.7268 
40.7268 40.7268 40.7268 40.7268 40.7268 40.7268 40.7268 40.7268 40.7268 40.7268 
40.7268 40.7268 40.7268 40.7268 40.7268 40.7268 40.7268 40.7268 40.7268 40.7268 
40.7268 40.7268 40.7268 40.7268 40.7268 40.7268 40.7268 40.7268 40.7268 40.7268 
40.7268 40.7268 40.7268 40.7268 40.7268 40.7268 40.7268 34.3376 34.3376 34.3376 
34.3376 34.3376 34.3376 34.3376 34.3376 34.3376 34.3376 34.3376 34.3376 34.3376 
34.3376 34.3376 34.3376 34.3376 34.3376 34.3376 34.3376 34.3376 34.3376 34.3376 
34.3376 34.3376 34.3376 34.3376 34.3376 34.3376 34.3376 34.3376 34.3376 34.3376 
34.3376 34.3376 34.3376 34.3376 34.3376 34.3376 34.3376 34.3376 34.3376 34.3376 
34.3376 34.3376 34.3376 34.3376 34.3376 34.3376 34.3376 34.3376 34.3376 34.3376 
34.3376 34.3376 34.3376 34.3376 34.3376 34.3376 34.3376 34.3376 34.3376 34.3376 
34.3376 34.3376 34.3376 34.3376 34.3376 34.3376 34.3376 34.3376 34.3376 34.3376 
34.3376 34.3376 34.3376 34.3376 34.3376 34.3376 34.3376 34.3376 34.3376 34.3376 
34.3376 34.3376 34.3376 34.3376 34.3376 34.3376 34.3376 34.3376 34.3376 34.3376 
34.3376 34.3376 34.3376 34.3376 34.3376 34.3376 34.3376 34.3376 34.3376 34.3376 
34.3376 34.3376 34.3376 34.3376 34.3376 34.3376 34.3376 34.3376 34.3376 34.3376 
34.3376 34.3376 34.3376 34.3376 34.3376 34.3376 34.3376 34.3376 34.3376 34.3376 
34.3376 34.3376 34.3376 34.3376 34.3376 34.3376 34.3376 34.3376 34.3376 34.3376 
34.3376 34.3376 34.3376 34.3376 34.3376 34.3376 34.3376 34.3376 34.3376 34.3376 
34.3376 34.3376 34.3376 34.3376 34.3376 34.3376 34.3376 34.3376 34.3376 34.3376 
34.3376 34.3376 34.3376 34.3376 34.3376 34.3376 34.3376 34.3376 34.3376 34.3376 
34.3376 34.3376 34.3376 34.3376 34.3376 34.3376 34.3376 34.3376 34.3376 34.3376 
34.3376 34.3376 34.3376 34.3376 34.3376 34.3376 34.3376 34.3376 34.3376 34.3376 
34.3376 34.3376 34.3376 34.3376 34.3376 34.3376 34.3376 34.3376 34.3376 34.3376 
34.3376 34.3376 34.3376 34.3376 34.3376 34.3376 34.3376 34.3376 34.3376 34.3376 
34.3376 34.3376 34.3376 34.3376 34.3376 34.3376 34.3376 34.3376 34.3376 34.3376 
34.3376 34.3376 34.3376 34.3376 34.3376 34.3376 34.3376 34.3376 34.3376 34.3376 
34.3376 34.3376 34.3376 34.3376 34.3376 34.3376 34.3376 34.3376 34.3376 34.3376 
34.3376 34.3376 34.3376 34.3376 34.3376 34.3376 34.3376 34.3376 34.3376 34.3376 
34.3376 34.3376 34.3376 34.3376 34.3376 34.3376 34.3376 34.3376 34.3376 34.3376 
34.3376 34.3376 34.3376 34.3376 34.3376 34.3376 34.3376 34.3376 34.3376 34.3376 
34.3376 47.9429 47.9429 47.9429 47.9429 47.9429 47.9429 47.9429 47.9429 47.9429 
47.9429 47.9429 47.9429 47.9429 47.9429 47.9429 47.9429 47.9429 47.9429 47.9429 
47.9429 47.9429 47.9429 47.9429 47.9429 47.9429 47.9429 47.9429 47.9429 47.9429 
47.9429 47.9429 47.9429 47.9429 47.9429 47.9429 47.9429 47.9429 47.9429 47.9429 
47.9429 47.9429 47.9429 47.9429 47.9429 47.9424 47.9424 47.9424 47.9424 47.9424 
47.9424 47.9424 47.9424 47.9424 47.9424 47.9424 47.9424 47.9424 47.9424 47.9424 
47.9424 47.9424 47.9424 47.9424 47.9424 47.9424 47.9424 47.9424 47.9424 47.9424 
47.9424 47.9424 47.9424 47.9424 47.9424 47.9424 47.9424 47.9424 47.9424 47.9424 
47.9424 47.9424 47.9424 47.9424 47.9424 47.9424 47.9424 47.9424 47.9424 47.8534 
47.8534 47.8534 47.8534 47.8534 47.8534 47.8534 47.8534 47.8534 47.8534 47.8534 
47.8534 47.8534 47.8534 47.8534 47.8534 47.8534 47.8534 47.8534 47.8534 47.8534 
47.8534 47.8534 47.8534 47.8534 47.8534 47.8534 47.8534 47.8534 47.8534 47.8534 
47.8534 47.8534 47.8534 47.8534 47.8534 47.8534 47.8534 47.8534 47.8534 47.8534 
47.8534 47.8534 47.8534 38.3165 38.3165 38.3165 38.3165 38.3165 38.3165 38.3165 
38.3165 38.3165 38.3165 38.3165 38.3165 38.3165 38.3165 38.3165 38.3165 38.3165 
38.3165 38.3165 38.3165 38.3165 38.3165 38.3165 38.3165 38.3165 38.3165 38.3165 
38.3165 38.3165 38.3165 38.3165 38.3165 38.3165 38.3165 38.3165 38.3165 38.3165 
38.3165 38.3165 38.3165 38.3165 38.3165 38.3165 38.3165 47.9424 47.9424 47.9424 
47.9424 47.9424 47.9424 47.9424 47.9424 47.9424 47.9424 47.9424 47.9424 47.9424 
47.9424 47.9424 47.9424 47.9424 47.9424 47.9424 47.9424 47.9424 47.9424 47.9424 
47.9424 47.9424 47.9424 47.9424 47.9424 47.9424 47.9424 47.9424 47.9424 47.9424 
47.9424 47.9424 47.9424 47.9424 47.9424 47.9424 47.9424 47.9424 47.9424 47.9424 
47.9424 38.4074 38.4074 38.4074 38.4074 38.4074 38.4074 38.4074 38.4074 38.4074 
38.4074 38.4074 38.4074 38.4074 38.4074 38.4074 38.4074 38.4074 38.4074 38.4074 
38.4074 38.4074 38.4074 38.4074 38.4074 38.4074 38.4074 38.4074 38.4074 38.4074 
38.4074 38.4074 38.4074 38.4074 38.4074 38.4074 38.4074 38.4074 38.4074 38.4074 
38.4074 38.4074 38.4074 38.4074 38.4074 38.3184 38.3184 38.3184 38.3184 38.3184 
38.3184 38.3184 38.3184 38.3184 38.3184 38.3184 38.3184 38.3184 38.3184 38.3184 
38.3184 38.3184 38.3184 38.3184 38.3184 38.3184 38.3184 38.3184 38.3184 38.3184 
38.3184 38.3184 38.3184 38.3184 38.3184 38.3184 38.3184 38.3184 38.3184 38.3184 
38.3184 38.3184 38.3184 38.3184 38.3184 38.3184 38.3184 38.3184 38.3184 35.6999 
35.6999 35.6999 35.6999 35.6999 35.6999 35.6999 35.6999 35.6999 35.6999 35.6999 
35.6999 35.6999 35.6999 35.6999 35.6999 35.6999 35.6999 35.6999 35.6999 35.6999 
35.6999 35.6999 35.6999 35.6999 35.6999 35.6999 35.6999 35.6999 35.6999 35.6999 
35.6999 35.6999 35.6999 35.6999 35.6999 35.6999 35.6999 35.6999 35.6999 35.6999 
35.6999 35.6999 35.6999 38.4074 38.4074 38.4074 38.4074 38.4074 38.4074 38.4074 
38.4074 38.4074 38.4074 38.4074 38.4074 38.4074 38.4074 38.4074 38.4074 38.4074 
38.4074 38.4074 38.4074 38.4074 38.4074 38.4074 38.4074 38.4074 38.4074 38.4074 
38.4074 38.4074 38.4074 38.4074 38.4074 38.4074 38.4074 38.4074 38.4074 38.4074 
38.4074 38.4074 38.4074 38.4074 38.4074 38.4074 38.4074 38.7456 38.7456 38.7456 
38.7456 38.7456 38.7456 38.7456 38.7456 38.7456 38.7456 38.7456 38.7456 38.7456 
38.7456 38.7456 38.7456 38.7456 38.7456 38.7456 38.7456 38.7456 38.7456 38.7456 
38.7456 38.7456 38.7456 38.7456 38.7456 38.7456 38.7456 38.7456 38.7456 38.7456 
38.7456 38.7456 38.7456 38.7456 38.7456 38.7456 38.7456 38.7456 38.7456 38.7456 
38.7456 38.6566 38.6566 38.6566 38.6566 38.6566 38.6566 38.6566 38.6566 38.6566 
38.6566 38.6566 38.6566 38.6566 38.6566 38.6566 38.6566 38.6566 38.6566 38.6566 
38.6566 38.6566 38.6566 38.6566 38.6566 38.6566 38.6566 38.6566 38.6566 38.6566 
38.6566 38.6566 38.6566 38.6566 38.6566 38.6566 38.6566 38.6566 38.6566 38.6566 
38.6566 38.6566 38.6566 38.6566 38.6566 35.169 35.169 35.169 35.169 35.169 
35.169 35.169 35.169 35.169 35.169 35.169 35.169 35.169 35.169 35.169 
35.169 35.169 35.169 35.169 35.169 35.169 35.169 35.169 35.169 35.169 
35.169 35.169 35.169 35.169 35.169 35.169 35.169 35.169 35.169 35.169 
35.169 35.169 35.169 35.169 35.169 35.169 35.169 35.169 35.169 38.7456 
38.7456 38.7456 38.7456 38.7456 38.7456 38.7456 38.7456 38.7456 38.7456 38.7456 
38.7456 38.7456 38.7456 38.7456 38.7456 38.7456 38.7456 38.7456 38.7456 38.7456 
38.7456 38.7456 38.7456 38.7456 38.7456 38.7456 38.7456 38.7456 38.7456 38.7456 
38.7456 38.7456 38.7456 38.7456 38.7456 38.7456 38.7456 38.7456 38.7456 38.7456 
38.7456 38.7456 38.7456 42.3616 42.3616 42.3616 42.3616 42.3616 42.3616 42.3616 
42.3616 42.3616 42.3616 42.3616 42.3616 42.3616 42.3616 42.3616 42.3616 42.3616 
42.3616 42.3616 42.3616 42.3616 42.3616 42.3616 42.3616 42.3616 42.3616 42.3616 
42.3616 42.3616 42.3616 42.3616 42.3616 42.3616 42.3616 42.3616 42.3616 42.3616 
42.3616 42.3616 42.3616 42.3616 42.3616 42.3616 42.3616 42.2766 42.2766 42.2766 
42.2766 42.2766 42.2766 42.2766 42.2766 42.2766 42.2766 42.2766 42.2766 42.2766 
42.2766 42.2766 42.2766 42.2766 42.2766 42.2766 42.2766 42.2766 42.2766 42.2766 
42.2766 42.2766 42.2766 42.2766 42.2766 42.2766 42.2766 42.2766 42.2766 42.2766 
42.2766 42.2766 42.2766 42.2766 42.2766 42.2766 42.2766 42.2766 42.2766 42.2766 
42.2766 36.4858 36.4858 36.4858 36.4858 36.4858 36.4858 36.4858 36.4858 36.4858 
36.4858 36.4858 36.4858 36.4858 36.4858 36.4858 36.4858 36.4858 36.4858 36.4858 
36.4858 36.4858 36.4858 36.4858 36.4858 36.4858 36.4858 36.4858 36.4858 36.4858 
36.4858 36.4858 36.4858 36.4858 36.4858 36.4858 36.4858 36.4858 36.4858 36.4858 
36.4858 36.4858 36.4858 36.4858 36.4858 42.3616 42.3616 42.3616 42.3616 42.3616 
42.3616 42.3616 42.3616 42.3616 42.3616 42.3616 42.3616 42.3616 42.3616 42.3616 
42.3616 42.3616 42.3616 42.3616 42.3616 42.3616 42.3616 42.3616 42.3616 42.3616 
42.3616 42.3616 42.3616 42.3616 42.3616 42.3616 42.3616 42.3616 42.3616 42.3616 
42.3616 42.3616 42.3616 42.3616 42.3616 42.3616 42.3616 42.3616 42.3616 42.3616 
42.3616 42.3616 42.3616 42.3616 42.3616 42.3616 42.3616 42.3616 42.3616 42.3616 
42.3616 42.3616 42.3616 42.3616 42.3616 42.3616 42.3616 42.3616 42.3616 42.3616 
42.3616 42.3616 42.3616 42.3616 42.3616 42.3616 42.3616 42.3616 42.3616 42.3616 
42.3616 42.3616 42.3616 42.3616 42.3616 42.3616 42.3616 42.3616 42.3616 42.3616 
42.3616 42.3616 42.3616 36.7461 36.7461 36.7461 36.7461 36.7461 36.7461 36.7461 
36.7461 36.7461 36.7461 36.7461 36.7461 36.7461 36.7461 36.7461 36.7461 36.7461 
36.7461 36.7461 36.7461 36.7461 36.7461 36.7461 36.7461 36.7461 36.7461 36.7461 
36.7461 36.7461 36.7461 36.7461 36.7461 36.7461 36.7461 36.7461 36.7461 36.7461 
36.7461 36.7461 36.7461 36.7461 36.7461 36.7461 36.7461 36.6593 36.6593 36.6593 
36.6593 36.6593 36.6593 36.6593 36.6593 36.6593 36.6593 36.6593 36.6593 36.6593 
36.6593 36.6593 36.6593 36.6593 36.6593 36.6593 36.6593 36.6593 36.6593 36.6593 
36.6593 36.6593 36.6593 36.6593 36.6593 36.6593 36.6593 36.6593 36.6593 36.6593 
36.6593 36.6593 36.6593 36.6593 36.6593 36.6593 36.6593 36.6593 36.6593 36.6593 
36.6593 42.3616 42.3616 42.3616 42.3616 42.3616 42.3616 42.3616 42.3616 42.3616 
42.3616 42.3616 42.3616 42.3616 42.3616 42.3616 42.3616 42.3616 42.3616 42.3616 
42.3616 42.3616 42.3616 42.3616 42.3616 42.3616 42.3616 42.3616 42.3616 42.3616 
42.3616 42.3616 42.3616 42.3616 42.3616 42.3616 42.3616 42.3616 42.3616 42.3616 
42.3616 42.3616 42.3616 42.3616 42.3616 38.1582 38.1582 38.1582 38.1582 38.1582 
38.1582 38.1582 38.1582 38.1582 38.1582 38.1582 38.1582 38.1582 38.1582 38.1582 
38.1582 38.1582 38.1582 38.1582 38.1582 38.1582 38.1582 38.1582 38.1582 38.1582 
38.1582 38.1582 38.1582 38.1582 38.1582 38.1582 38.1582 38.1582 38.1582 38.1582 
38.1582 38.1582 38.1582 38.1582 38.1582 38.1582 38.1582 38.1582 38.1582 38.0692 
38.0692 38.0692 38.0692 38.0692 38.0692 38.0692 38.0692 38.0692 38.0692 38.0692 
38.0692 38.0692 38.0692 38.0692 38.0692 38.0692 38.0692 38.0692 38.0692 38.0692 
38.0692 38.0692 38.0692 38.0692 38.0692 38.0692 38.0692 38.0692 38.0692 38.0692 
38.0692 38.0692 38.0692 38.0692 38.0692 38.0692 38.0692 38.0692 38.0692 38.0692 
38.0692 38.0692 38.0692 35.6874 35.6874 35.6874 35.6874 35.6874 35.6874 35.6874 
35.6874 35.6874 35.6874 35.6874 35.6874 35.6874 35.6874 35.6874 35.6874 35.6874 
35.6874 35.6874 35.6874 35.6874 35.6874 35.6874 35.6874 35.6874 35.6874 35.6874 
35.6874 35.6874 35.6874 35.6874 35.6874 35.6874 35.6874 35.6874 35.6874 35.6874 
35.6874 35.6874 35.6874 35.6874 35.6874 35.6874 35.6874 38.1582 38.1582 38.1582 
38.1582 38.1582 38.1582 38.1582 38.1582 38.1582 38.1582 38.1582 38.1582 38.1582 
38.1582 38.1582 38.1582 38.1582 38.1582 38.1582 38.1582 38.1582 38.1582 38.1582 
38.1582 38.1582 38.1582 38.1582 38.1582 38.1582 38.1582 38.1582 38.1582 38.1582 
38.1582 38.1582 38.1582 38.1582 38.1582 38.1582 38.1582 38.1582 38.1582 38.1582 
38.1582 36.9676 36.9676 36.9676 36.9676 36.9676 36.9676 36.9676 36.9676 36.9676 
36.9676 36.9676 36.9676 36.9676 36.9676 36.9676 36.9676 36.9676 36.9676 36.9676 
36.9676 36.9676 36.9676 36.9676 36.9676 36.9676 36.9676 36.9676 36.9676 36.9676 
36.9676 36.9676 36.9676 36.9676 36.9676 36.9676 36.9676 36.9676 36.9676 36.9676 
36.9676 36.9676 36.9676 36.9676 36.9676 36.8786 36.8786 36.8786 36.8786 36.8786 
36.8786 36.8786 36.8786 36.8786 36.8786 36.8786 36.8786 36.8786 36.8786 36.8786 
36.8786 36.8786 36.8786 36.8786 36.8786 36.8786 36.8786 36.8786 36.8786 36.8786 
36.8786 36.8786 36.8786 36.8786 36.8786 36.8786 36.8786 36.8786 36.8786 36.8786 
36.8786 36.8786 36.8786 36.8786 36.8786 36.8786 36.8786 36.8786 36.8786 35.6015 
35.6015 35.6015 35.6015 35.6015 35.6015 35.6015 35.6015 35.6015 35.6015 35.6015 
35.6015 35.6015 35.6015 35.6015 35.6015 35.6015 35.6015 35.6015 35.6015 35.6015 
35.6015 35.6015 35.6015 35.6015 35.6015 35.6015 35.6015 35.6015 35.6015 35.6015 
35.6015 35.6015 35.6015 35.6015 35.6015 35.6015 35.6015 35.6015 35.6015 35.6015 
35.6015 35.6015 35.6015 36.9676 36.9676 36.9676 36.9676 36.9676 36.9676 36.9676 
36.9676 36.9676 36.9676 36.9676 36.9676 36.9676 36.9676 36.9676 36.9676 36.9676 
36.9676 36.9676 36.9676 36.9676 36.9676 36.9676 36.9676 36.9676 36.9676 36.9676 
36.9676 36.9676 36.9676 36.9676 36.9676 36.9676 36.9676 36.9676 36.9676 36.9676 
36.9676 36.9676 36.9676 36.9676 36.9676 36.9676 36.9676 40.7265 40.7265 40.7265 
40.7265 40.7265 40.7265 40.7265 40.7265 40.7265 40.7265 40.7265 40.7265 40.7265 
40.7265 40.7265 40.7265 40.7265 40.7265 40.7265 40.7265 40.7265 40.7265 40.7265 
40.7265 40.7265 40.7265 40.7265 40.7265 40.7265 40.7265 40.7265 40.7265 40.7265 
40.7265 40.7265 40.7265 40.7265 40.7265 40.7265 40.7265 40.7265 40.7265 40.7265 
40.7265 40.6375 40.6375 40.6375 40.6375 40.6375 40.6375 40.6375 40.6375 40.6375 
40.6375 40.6375 40.6375 40.6375 40.6375 40.6375 40.6375 40.6375 40.6375 40.6375 
40.6375 40.6375 40.6375 40.6375 40.6375 40.6375 40.6375 40.6375 40.6375 40.6375 
40.6375 40.6375 40.6375 40.6375 40.6375 40.6375 40.6375 40.6375 40.6375 40.6375 
40.6375 40.6375 40.6375 40.6375 40.6375 39.5789 39.5789 39.5789 39.5789 39.5789 
39.5789 39.5789 39.5789 39.5789 39.5789 39.5789 39.5789 39.5789 39.5789 39.5789 
39.5789 39.5789 39.5789 39.5789 39.5789 39.5789 39.5789 39.5789 39.5789 39.5789 
39.5789 39.5789 39.5789 39.5789 39.5789 39.5789 39.5789 39.5789 39.5789 39.5789 
39.5789 39.5789 39.5789 39.5789 39.5789 39.5789 39.5789 39.5789 39.5789 40.7265 
40.7265 40.7265 40.7265 40.7265 40.7265 40.7265 40.7265 40.7265 40.7265 40.7265 
40.7265 40.7265 40.7265 40.7265 40.7265 40.7265 40.7265 40.7265 40.7265 40.7265 
40.7265 40.7265 40.7265 40.7265 40.7265 40.7265 40.7265 40.7265 40.7265 40.7265 
40.7265 40.7265 40.7265 40.7265 40.7265 40.7265 40.7265 40.7265 40.7265 40.7265 
40.7265 40.7265 40.7265 34.3387 34.3387 34.3387 34.3387 34.3387 34.3387 34.3387 
34.3387 34.3387 34.3387 34.3387 34.3387 34.3387 34.3387 34.3387 34.3387 34.3387 
34.3387 34.3387 34.3387 34.3387 34.3387 34.3387 34.3387 34.3387 34.3387 34.3387 
34.3387 34.3387 34.3387 34.3387 34.3387 34.3387 34.3387 34.3387 34.3387 34.3387 
34.3387 34.3387 34.3387 34.3387 34.3387 34.3387 34.3387 34.3387 34.3387 34.3387 
34.3387 34.3387 34.3387 34.3387 34.3387 34.3387 34.3387 34.3387 34.3387 34.3387 
34.3387 34.3387 34.3387 34.3387 34.3387 34.3387 34.3387 34.3387 34.3387 34.3387 
34.3387 34.3387 34.3387 34.3387 34.3387 34.3387 34.3387 34.3387 34.3387 34.3387 
34.3387 34.3387 34.3387 34.3387 34.3387 34.3387 34.3387 34.3387 34.3387 34.3387 
34.3387 34.3948 34.3948 34.3948 34.3948 34.3948 34.3948 34.3948 34.3948 34.3948 
34.3948 34.3948 34.3948 34.3948 34.3948 34.3948 34.3948 34.3948 34.3948 34.3948 
34.3948 34.3948 34.3948 34.3948 34.3948 34.3948 34.3948 34.3948 34.3948 34.3948 
34.3948 34.3948 34.3948 34.3948 34.3948 34.3948 34.3948 34.3948 34.3948 34.3948 
34.3948 34.3948 34.3948 34.3948 34.3948 34.447 34.447 34.447 34.447 34.447 
34.447 34.447 34.447 34.447 34.447 34.447 34.447 34.447 34.447 34.447 
34.447 34.447 34.447 34.447 34.447 34.447 34.447 34.447 34.447 34.447 
34.447 34.447 34.447 34.447 34.447 34.447 34.447 34.447 34.447 34.447 
34.447 34.447 34.447 34.447 34.447 34.447 34.447 34.447 34.447 34.3387 
34.3387 34.3387 34.3387 34.3387 34.3387 34.3387 34.3387 34.3387 34.3387 34.3387 
34.3387 34.3387 34.3387 34.3387 34.3387 34.3387 34.3387 34.3387 34.3387 34.3387 
34.3387 34.3387 34.3387 34.3387 34.3387 34.3387 34.3387 34.3387 34.3387 34.3387 
34.3387 34.3387 34.3387 34.3387 34.3387 34.3387 34.3387 34.3387 34.3387 34.3387 
34.3387 34.3387 34.3387 34.339 34.339 34.339 34.339 34.339 34.339 34.339 
34.339 34.339 34.339 34.339 34.339 34.339 34.339 34.339 34.339 34.339 
34.339 34.339 34.339 34.339 34.339 34.339 34.339 34.339 34.339 34.339 
34.339 34.339 34.339 34.339 34.339 34.339 34.339 34.339 34.339 34.339 
34.339 34.339 34.339 34.339 34.339 34.339 34.339 34.3392 34.3392 34.3392 
34.3392 34.3392 34.3392 34.3392 34.3392 34.3392 34.3392 34.3392 34.3392 34.3392 
34.3392 34.3392 34.3392 34.3392 34.3392 34.3392 34.3392 34.3392 34.3392 34.3392 
34.3392 34.3392 34.3392 34.3392 34.3392 34.3392 34.3392 34.3392 34.3392 34.3392 
34.3392 34.3392 34.3392 34.3392 34.3392 34.3392 34.3392 34.3392 34.3392 34.3392 
34.3392 34.4094 34.4094 34.4094 34.4094 34.4094 34.4094 34.4094 34.4094 34.4094 
34.4094 34.4094 34.4094 34.4094 34.4094 34.4094 34.4094 34.4094 34.4094 34.4094 
34.4094 34.4094 34.4094 34.4094 34.4094 34.4094 34.4094 34.4094 34.4094 34.4094 
34.4094 34.4094 34.4094 34.4094 34.4094 34.4094 34.4094 34.4094 34.4094 34.4094 
34.4094 34.4094 34.4094 34.4094 34.4094 34.3392 34.3392 34.3392 34.3392 34.3392 
34.3392 34.3392 34.3392 34.3392 34.3392 34.3392 34.3392 34.3392 34.3392 34.3392 
34.3392 34.3392 34.3392 34.3392 34.3392 34.3392 34.3392 34.3392 34.3392 34.3392 
34.3392 34.3392 34.3392 34.3392 34.3392 34.3392 34.3392 34.3392 34.3392 34.3392 
34.3392 34.3392 34.3392 34.3392 34.3392 34.3392 34.3392 34.3392 34.3392 34.3376 
34.3376 34.3376 34.3376 34.3376 34.3376 34.3376 34.3376 34.3376 34.3376 34.3376 
34.3376 34.3376 34.3376 34.3376 34.3376 34.3376 34.3376 34.3376 34.3376 34.3376 
34.3376 34.3376 34.3376 34.3376 34.3376 34.3376 34.3376 34.3376 34.3376 34.3376 
34.3376 34.3376 34.3376 34.3376 34.3376 34.3376 34.3376 34.3376 34.3376 34.3376 
34.3376 34.3376 34.3376 34.3376 34.3376 34.3376 34.3376 34.3376 34.3376 34.3376 
34.3376 34.3376 34.3376 34.3376 34.3376 34.3376 34.3376 34.3376 34.3376 34.3376 
34.3376 34.3376 34.3376 34.3376 34.3376 34.3376 34.3376 34.3376 34.3376 34.3376 
34.3376 34.3376 34.3376 34.3376 34.3376 34.3376 34.3376 34.3376 34.3376 34.3376 
34.3376 34.3376 34.3376 34.3376 34.3376 34.3376 34.3376 32.2168 32.2168 32.2168 
32.2168 32.2168 32.2168 32.2168 32.2168 32.2168 32.2168 32.2168 32.2168 32.2168 
32.2168 32.2168 32.2168 32.2168 32.2168 32.2168 32.2168 32.2168 32.2168 32.2168 
32.2168 32.2168 32.2168 32.2168 32.2168 32.2168 32.2168 32.2168 32.2168 32.2168 
32.2168 32.2168 32.2168 32.2168 32.2168 32.2168 32.2168 32.2168 32.2168 32.2168 
32.2168 34.4506 34.4506 34.4506 34.4506 34.4506 34.4506 34.4506 34.4506 34.4506 
34.4506 34.4506 34.4506 34.4506 34.4506 34.4506 34.4506 34.4506 34.4506 34.4506 
34.4506 34.4506 34.4506 34.4506 34.4506 34.4506 34.4506 34.4506 34.4506 34.4506 
34.4506 34.4506 34.4506 34.4506 34.4506 34.4506 34.4506 34.4506 34.4506 34.4506 
34.4506 34.4506 34.4506 34.4506 34.4506 34.4433 34.4433 34.4433 34.4433 34.4433 
34.4433 34.4433 34.4433 34.4433 34.4433 34.4433 34.4433 34.4433 34.4433 34.4433 
34.4433 34.4433 34.4433 34.4433 34.4433 34.4433 34.4433 34.4433 34.4433 34.4433 
34.4433 34.4433 34.4433 34.4433 34.4433 34.4433 34.4433 34.4433 34.4433 34.4433 
34.4433 34.4433 34.4433 34.4433 34.4433 34.4433 34.4433 34.4433 34.4433 31.0211 
31.0211 31.0211 31.0211 31.0211 31.0211 31.0211 31.0211 31.0211 31.0211 31.0211 
31.0211 31.0211 31.0211 31.0211 31.0211 31.0211 31.0211 31.0211 31.0211 31.0211 
31.0211 31.0211 31.0211 31.0211 31.0211 31.0211 31.0211 31.0211 31.0211 31.0211 
31.0211 31.0211 31.0211 31.0211 31.0211 31.0211 31.0211 31.0211 31.0211 31.0211 
31.0211 31.0211 31.0211 34.4436 34.4436 34.4436 34.4436 34.4436 34.4436 34.4436 
34.4436 34.4436 34.4436 34.4436 34.4436 34.4436 34.4436 34.4436 34.4436 34.4436 
34.4436 34.4436 34.4436 34.4436 34.4436 34.4436 34.4436 34.4436 34.4436 34.4436 
34.4436 34.4436 34.4436 34.4436 34.4436 34.4436 34.4436 34.4436 34.4436 34.4436 
34.4436 34.4436 34.4436 34.4436 34.4436 34.4436 34.4436 31.4842 31.4842 31.4842 
31.4842 31.4842 31.4842 31.4842 31.4842 31.4842 31.4842 31.4842 31.4842 31.4842 
31.4842 31.4842 31.4842 31.4842 31.4842 31.4842 31.4842 31.4842 31.4842 31.4842 
31.4842 31.4842 31.4842 31.4842 31.4842 31.4842 31.4842 31.4842 31.4842 31.4842 
31.4842 31.4842 31.4842 31.4842 31.4842 31.4842 31.4842 31.4842 31.4842 31.4842 
31.4842 34.5849 34.5849 34.5849 34.5849 34.5849 34.5849 34.5849 34.5849 34.5849 
34.5849 34.5849 34.5849 34.5849 34.5849 34.5849 34.5849 34.5849 34.5849 34.5849 
34.5849 34.5849 34.5849 34.5849 34.5849 34.5849 34.5849 34.5849 34.5849 34.5849 
34.5849 34.5849 34.5849 34.5849 34.5849 34.5849 34.5849 34.5849 34.5849 34.5849 
34.5849 34.5849 34.5849 34.5849 34.5849 34.6598 34.6598 34.6598 34.6598 34.6598 
34.6598 34.6598 34.6598 34.6598 34.6598 34.6598 34.6598 34.6598 34.6598 34.6598 
34.6598 34.6598 34.6598 34.6598 34.6598 34.6598 34.6598 34.6598 34.6598 34.6598 
34.6598 34.6598 34.6598 34.6598 34.6598 34.6598 34.6598 34.6598 34.6598 34.6598 
34.6598 34.6598 34.6598 34.6598 34.6598 34.6598 34.6598 34.6598 34.6598 34.716 
34.716 34.716 34.716 34.716 34.716 34.716 34.716 34.716 34.716 34.716 
34.716 34.716 34.716 34.716 34.716 34.716 34.716 34.716 34.716 34.716 
34.716 34.716 34.716 34.716 34.716 34.716 34.716 34.716 34.716 34.716 
34.716 34.716 34.716 34.716 34.716 34.716 34.716 34.716 34.716 34.716 
34.716 34.716 34.716 34.8696 34.8696 34.8696 34.8696 34.8696 34.8696 34.8696 
34.8696 34.8696 34.8696 34.8696 34.8696 34.8696 34.8696 34.8696 34.8696 34.8696 
34.8696 34.8696 34.8696 34.8696 34.8696 34.8696 34.8696 34.8696 34.8696 34.8696 
34.8696 34.8696 34.8696 34.8696 34.8696 34.8696 34.8696 34.8696 34.8696 34.8696 
34.8696 34.8696 34.8696 34.8696 34.8696 34.8696 34.8696 34.7399 34.7399 34.7399 
34.7399 34.7399 34.7399 34.7399 34.7399 34.7399 34.7399 34.7399 34.7399 34.7399 
34.7399 34.7399 34.7399 34.7399 34.7399 34.7399 34.7399 34.7399 34.7399 34.7399 
34.7399 34.7399 34.7399 34.7399 34.7399 34.7399 34.7399 34.7399 34.7399 34.7399 
34.7399 34.7399 34.7399 34.7399 34.7399 34.7399 34.7399 34.7399 34.7399 34.7399 
34.7399 34.7808 34.7808 34.7808 34.7808 34.7808 34.7808 34.7808 34.7808 34.7808 
34.7808 34.7808 34.7808 34.7808 34.7808 34.7808 34.7808 34.7808 34.7808 34.7808 
34.7808 34.7808 34.7808 34.7808 34.7808 34.7808 34.7808 34.7808 34.7808 34.7808 
34.7808 34.7808 34.7808 34.7808 34.7808 34.7808 34.7808 34.7808 34.7808 34.7808 
34.7808 34.7808 34.7808 34.7808 34.7808 35.9771 35.9771 35.9771 35.9771 35.9771 
35.9771 35.9771 35.9771 35.9771 35.9771 35.9771 35.9771 35.9771 35.9771 35.9771 
35.9771 35.9771 35.9771 35.9771 35.9771 35.9771 35.9771 35.9771 35.9771 35.9771 
35.9771 35.9771 35.9771 35.9771 35.9771 35.9771 35.9771 35.9771 35.9771 35.9771 
35.9771 35.9771 35.9771 35.9771 35.9771 35.9771 35.9771 35.9771 35.9771 35.7028 
35.7028 35.7028 35.7028 35.7028 35.7028 35.7028 35.7028 35.7028 35.7028 35.7028 
35.7028 35.7028 35.7028 35.7028 35.7028 35.7028 35.7028 35.7028 35.7028 35.7028 
35.7028 35.7028 35.7028 35.7028 35.7028 35.7028 35.7028 35.7028 35.7028 35.7028 
35.7028 35.7028 35.7028 35.7028 35.7028 35.7028 35.7028 35.7028 35.7028 35.7028 
35.7028 35.7028 35.7028 35.1719 35.1719 35.1719 35.1719 35.1719 35.1719 35.1719 
35.1719 35.1719 35.1719 35.1719 35.1719 35.1719 35.1719 35.1719 35.1719 35.1719 
35.1719 35.1719 35.1719 35.1719 35.1719 35.1719 35.1719 35.1719 35.1719 35.1719 
35.1719 35.1719 35.1719 35.1719 35.1719 35.1719 35.1719 35.1719 35.1719 35.1719 
35.1719 35.1719 35.1719 35.1719 35.1719 35.1719 35.1719 36.4859 36.4859 36.4859 
36.4859 36.4859 36.4859 36.4859 36.4859 36.4859 36.4859 36.4859 36.4859 36.4859 
36.4859 36.4859 36.4859 36.4859 36.4859 36.4859 36.4859 36.4859 36.4859 36.4859 
36.4859 36.4859 36.4859 36.4859 36.4859 36.4859 36.4859 36.4859 36.4859 36.4859 
36.4859 36.4859 36.4859 36.4859 36.4859 36.4859 36.4859 36.4859 36.4859 36.4859 
36.4859 35.6893 35.6893 35.6893 35.6893 35.6893 35.6893 35.6893 35.6893 35.6893 
35.6893 35.6893 35.6893 35.6893 35.6893 35.6893 35.6893 35.6893 35.6893 35.6893 
35.6893 35.6893 35.6893 35.6893 35.6893 35.6893 35.6893 35.6893 35.6893 35.6893 
35.6893 35.6893 35.6893 35.6893 35.6893 35.6893 35.6893 35.6893 35.6893 35.6893 
35.6893 35.6893 35.6893 35.6893 35.6893 35.6047 35.6047 35.6047 35.6047 35.6047 
35.6047 35.6047 35.6047 35.6047 35.6047 35.6047 35.6047 35.6047 35.6047 35.6047 
35.6047 35.6047 35.6047 35.6047 35.6047 35.6047 35.6047 35.6047 35.6047 35.6047 
35.6047 35.6047 35.6047 35.6047 35.6047 35.6047 35.6047 35.6047 35.6047 35.6047 
35.6047 35.6047 35.6047 35.6047 35.6047 35.6047 35.6047 35.6047 35.6047 39.5713 
39.5713 39.5713 39.5713 39.5713 39.5713 39.5713 39.5713 39.5713 39.5713 39.5713 
39.5713 39.5713 39.5713 39.5713 39.5713 39.5713 39.5713 39.5713 39.5713 39.5713 
39.5713 39.5713 39.5713 39.5713 39.5713 39.5713 39.5713 39.5713 39.5713 39.5713 
39.5713 39.5713 39.5713 39.5713 39.5713 39.5713 39.5713 39.5713 39.5713 39.5713 
39.5713 39.5713 39.5713 39.5585 39.5585 39.5585 39.5585 39.5585 39.5585 39.5585 
39.5585 39.5585 39.5585 39.5585 39.5585 39.5585 39.5585 39.5585 39.5585 39.5585 
39.5585 39.5585 39.5585 39.5585 39.5585 39.5585 39.5585 39.5585 39.5585 39.5585 
39.5585 39.5585 39.5585 39.5585 39.5585 39.5585 39.5585 39.5585 39.5585 39.5585 
39.5585 39.5585 39.5585 39.5585 39.5585 39.5585 39.5585 29.8389 29.8389 29.8389 
29.8389 29.8389 29.8389 29.8389 29.8389 29.8389 29.8389 29.8389 29.8389 29.8389 
29.8389 29.8389 29.8389 29.8389 29.8389 29.8389 29.8389 29.8389 29.8389 29.8389 
29.8389 29.8389 29.8389 29.8389 29.8389 29.8389 29.8389 29.8389 29.8389 29.8389 
29.8389 29.8389 29.8389 29.8389 29.8389 29.8389 29.8389 29.8389 29.8389 29.8389 
29.8389 29.3409 29.3409 29.3409 29.3409 29.3409 29.3409 29.3409 29.3409 29.3409 
29.3409 29.3409 29.3409 29.3409 29.3409 29.3409 29.3409 29.3409 29.3409 29.3409 
29.3409 29.3409 29.3409 29.3409 29.3409 29.3409 29.3409 29.3409 29.3409 29.3409 
29.3409 29.3409 29.3409 29.3409 29.3409 29.3409 29.3409 29.3409 29.3409 29.3409 
29.3409 29.3409 29.3409 29.3409 29.3409 29.3409 29.3409 29.3409 29.3409 29.3409 
29.3409 29.3409 29.3409 29.3409 29.3409 29.3409 29.3409 29.3409 29.3409 29.3409 
29.3409 29.3409 29.3409 29.3409 29.3409 29.3409 29.3409 29.3409 29.3409 29.3409 
29.3409 29.3409 29.3409 29.3409 29.3409 29.3409 29.3409 29.3409 29.3409 29.3409 
29.3409 29.3409 29.3409 29.3409 29.3409 29.3409 29.3409 29.3409 29.3409 29.3394 
29.3394 29.3394 29.3394 29.3394 29.3394 29.3394 29.3394 29.3394 29.3394 29.3394 
29.3394 29.3394 29.3394 29.3394 29.3394 29.3394 29.3394 29.3394 29.3394 29.3394 
29.3394 29.3394 29.3394 29.3394 29.3394 29.3394 29.3394 29.3394 29.3394 29.3394 
29.3394 29.3394 29.3394 29.3394 29.3394 29.3394 29.3394 29.3394 29.3394 29.3394 
29.3394 29.3394 29.3394 29.3384 29.3384 29.3384 29.3384 29.3384 29.3384 29.3384 
29.3384 29.3384 29.3384 29.3384 29.3384 29.3384 29.3384 29.3384 29.3384 29.3384 
29.3384 29.3384 29.3384 29.3384 29.3384 29.3384 29.3384 29.3384 29.3384 29.3384 
29.3384 29.3384 29.3384 29.3384 29.3384 29.3384 29.3384 29.3384 29.3384 29.3384 
29.3384 29.3384 29.3384 29.3384 29.3384 29.3384 29.3384 SCALARS Node_Temperature_K float 1
LOOKUP_TABLE default
343.15 343.15 343.15 343.15 343.15 343.15 343.15 343.15 343.15 
343.15 343.15 343.15 343.15 343.15 343.15 343.15 343.15 343.15 343.15 
343.15 343.15 343.15 343.15 343.15 343.15 343.15 343.15 343.15 343.15 
343.15 343.15 343.15 343.15 343.15 343.15 343.15 343.15 343.15 343.15 
343.15 343.15 343.15 343.15 343.15 343.189 343.189 343.189 343.189 343.189 
343.189 343.189 343.189 343.189 343.189 343.189 343.189 343.189 343.189 343.189 
343.189 343.189 343.189 343.189 343.189 343.189 343.189 343.189 343.189 343.189 
343.189 343.189 343.189 343.189 343.189 343.189 343.189 343.189 343.189 343.189 
343.189 343.189 343.189 343.189 343.189 343.189 343.189 343.189 343.189 343.15 
343.15 343.15 343.15 343.15 343.15 343.15 343.15 343.15 343.15 343.15 
343.15 343.15 343.15 343.15 343.15 343.15 343.15 343.15 343.15 343.15 
343.15 343.15 343.15 343.15 343.15 343.15 343.15 343.15 343.15 343.15 
343.15 343.15 343.15 343.15 343.15 343.15 343.15 343.15 343.15 343.15 
343.15 343.15 343.15 343.19 343.19 343.19 343.19 343.19 343.19 343.19 
343.19 343.19 343.19 343.19 343.19 343.19 343.19 343.19 343.19 343.19 
343.19 343.19 343.19 343.19 343.19 343.19 343.19 343.19 343.19 343.19 
343.19 343.19 343.19 343.19 343.19 343.19 343.19 343.19 343.19 343.19 
343.19 343.19 343.19 343.19 343.19 343.19 343.19 343.15 343.15 343.15 
343.15 343.15 343.15 343.15 343.15 343.15 343.15 343.15 343.15 343.15 
343.15 343.15 343.15 343.15 343.15 343.15 343.15 343.15 343.15 343.15 
343.15 343.15 343.15 343.15 343.15 343.15 343.15 343.15 343.15 343.15 
343.15 343.15 343.15 343.15 343.15 343.15 343.15 343.15 343.15 343.15 
343.15 343.19 343.19 343.19 343.19 343.19 343.19 343.19 343.19 343.19 
343.19 343.19 343.19 343.19 343.19 343.19 343.19 343.19 343.19 343.19 
343.19 343.19 343.19 343.19 343.19 343.19 343.19 343.19 343.19 343.19 
343.19 343.19 343.19 343.19 343.19 343.19 343.19 343.19 343.19 343.19 
343.19 343.19 343.19 343.19 343.19 343.15 343.15 343.15 343.15 343.15 
343.15 343.15 343.15 343.15 343.15 343.15 343.15 343.15 343.15 343.15 
343.15 343.15 343.15 343.15 343.15 343.15 343.15 343.15 343.15 343.15 
343.15 343.15 343.15 343.15 343.15 343.15 343.15 343.15 343.15 343.15 
343.15 343.15 343.15 343.15 343.15 343.15 343.15 343.15 343.15 343.191 
343.191 343.191 343.191 343.191 343.191 343.191 343.191 343.191 343.191 343.191 
343.191 343.191 343.191 343.191 343.191 343.191 343.191 343.191 343.191 343.191 
343.191 343.191 343.191 343.191 343.191 343.191 343.191 343.191 343.191 343.191 
343.191 343.191 343.191 343.191 343.191 343.191 343.191 343.191 343.191 343.191 
343.191 343.191 343.191 343.15 343.15 343.15 343.15 343.15 343.15 343.15 
343.15 343.15 343.15 343.15 343.15 343.15 343.15 343.15 343.15 343.15 
343.15 343.15 343.15 343.15 343.15 343.15 343.15 343.15 343.15 343.15 
343.15 343.15 343.15 343.15 343.15 343.15 343.15 343.15 343.15 343.15 
343.15 343.15 343.15 343.15 343.15 343.15 343.15 343.191 343.191 343.191 
343.191 343.191 343.191 343.191 343.191 343.191 343.191 343.191 343.191 343.191 
343.191 343.191 343.191 343.191 343.191 343.191 343.191 343.191 343.191 343.191 
343.191 343.191 343.191 343.191 343.191 343.191 343.191 343.191 343.191 343.191 
343.191 343.191 343.191 343.191 343.191 343.191 343.191 343.191 343.191 343.191 
343.191 343.15 343.15 343.15 343.15 343.15 343.15 343.15 343.15 343.15 
343.15 343.15 343.15 343.15 343.15 343.15 343.15 343.15 343.15 343.15 
343.15 343.15 343.15 343.15 343.15 343.15 343.15 343.15 343.15 343.15 
343.15 343.15 343.15 343.15 343.15 343.15 343.15 343.15 343.15 343.15 
343.15 343.15 343.15 343.15 343.15 343.192 343.192 343.192 343.192 343.192 
343.192 343.192 343.192 343.192 343.192 343.192 343.192 343.192 343.192 343.192 
343.192 343.192 343.192 343.192 343.192 343.192 343.192 343.192 343.192 343.192 
343.192 343.192 343.192 343.192 343.192 343.192 343.192 343.192 343.192 343.192 
343.192 343.192 343.192 343.192 343.192 343.192 343.192 343.192 343.192 343.15 
343.15 343.15 343.15 343.15 343.15 343.15 343.15 343.15 343.15 343.15 
343.15 343.15 343.15 343.15 343.15 343.15 343.15 343.15 343.15 343.15 
343.15 343.15 343.15 343.15 343.15 343.15 343.15 343.15 343.15 343.15 
343.15 343.15 343.15 343.15 343.15 343.15 343.15 343.15 343.15 343.15 
343.15 343.15 343.15 343.192 343.192 343.192 343.192 343.192 343.192 343.192 
343.192 343.192 343.192 343.192 343.192 343.192 343.192 343.192 343.192 343.192 
343.192 343.192 343.192 343.192 343.192 343.192 343.192 343.192 343.192 343.192 
343.192 343.192 343.192 343.192 343.192 343.192 343.192 343.192 343.192 343.192 
343.192 343.192 343.192 343.192 343.192 343.192 343.192 487.499 487.499 487.499 
487.499 487.499 487.499 487.499 487.499 487.499 487.499 487.499 487.499 487.499 
487.499 487.499 487.499 487.499 487.499 487.499 487.499 487.499 487.499 487.499 
487.499 487.499 487.499 487.499 487.499 487.499 487.499 487.499 487.499 487.499 
487.499 487.499 487.499 487.499 487.499 487.499 487.499 487.499 487.499 487.499 
487.499 492.546 492.546 492.546 492.546 492.546 492.546 492.546 492.546 492.546 
492.546 492.546 492.546 492.546 492.546 492.546 492.546 492.546 492.546 492.546 
492.546 492.546 492.546 492.546 492.546 492.546 492.546 492.546 492.546 492.546 
492.546 492.546 492.546 492.546 492.546 492.546 492.546 492.546 492.546 492.546 
492.546 492.546 492.546 492.546 492.546 446.584 446.584 446.584 446.584 446.584 
446.584 446.584 446.584 446.584 446.584 446.584 446.584 446.584 446.584 446.584 
446.584 446.584 446.584 446.584 446.584 446.584 446.584 446.584 446.584 446.584 
446.584 446.584 446.584 446.584 446.584 446.584 446.584 446.584 446.584 446.584 
446.584 446.584 446.584 446.584 446.584 446.584 446.584 446.584 446.584 450.161 
450.161 450.161 450.161 450.161 450.161 450.161 450.161 450.161 450.161 450.161 
450.161 450.161 450.161 450.161 450.161 450.161 450.161 450.161 450.161 450.161 
450.161 450.161 450.161 450.161 450.161 450.161 450.161 450.161 450.161 450.161 
450.161 450.161 450.161 450.161 450.161 450.161 450.161 450.161 450.161 450.161 
450.161 450.161 450.161 288.208 288.208 288.208 288.208 288.208 288.208 288.208 
288.208 288.208 288.208 288.208 288.208 288.208 288.208 288.208 288.208 288.208 
288.208 288.208 288.208 288.208 288.208 288.208 288.208 288.208 288.208 288.208 
288.208 288.208 288.208 288.208 288.208 288.208 288.208 288.208 288.208 288.208 
288.208 288.208 288.208 288.208 288.208 288.208 288.208 291.804 291.804 291.804 
291.804 291.804 291.804 291.804 291.804 291.804 291.804 291.804 291.804 291.804 
291.804 291.804 291.804 291.804 291.804 291.804 291.804 291.804 291.804 291.804 
291.804 291.804 291.804 291.804 291.804 291.804 291.804 291.804 291.804 291.804 
291.804 291.804 291.804 291.804 291.804 291.804 291.804 291.804 291.804 291.804 
291.804 291.804 291.804 291.804 291.804 291.804 291.804 291.804 291.804 291.804 
291.804 291.804 291.804 291.804 291.804 291.804 291.804 291.804 291.804 291.804 
291.804 291.804 291.804 291.804 291.804 291.804 291.804 291.804 291.804 291.804 
291.804 291.804 291.804 291.804 291.804 291.804 291.804 291.804 291.804 291.804 
291.804 291.804 291.804 291.804 291.804 343.365 343.365 343.365 343.365 343.365 
343.365 343.365 343.365 343.365 343.365 343.365 343.365 343.365 343.365 343.365 
343.365 343.365 343.365 343.365 343.365 343.365 343.365 343.365 343.365 343.365 
343.365 343.365 343.365 343.365 343.365 343.365 343.365 343.365 343.365 343.365 
343.365 343.365 343.365 343.365 343.365 343.365 343.365 343.365 343.365 343.366 
343.366 343.366 343.366 343.366 343.366 343.366 343.366 343.366 343.366 343.366 
343.366 343.366 343.366 343.366 343.366 343.366 343.366 343.366 343.366 343.366 
343.366 343.366 343.366 343.366 343.366 343.366 343.366 343.366 343.366 343.366 
343.366 343.366 343.366 343.366 343.366 343.366 343.366 343.366 343.366 343.366 
343.366 343.366 343.366 343.366 343.366 343.366 343.366 343.366 343.366 343.366 
343.366 343.366 343.366 343.366 343.366 343.366 343.366 343.366 343.366 343.366 
343.366 343.366 343.366 343.366 343.366 343.366 343.366 343.366 343.366 343.366 
343.366 343.366 343.366 343.366 343.366 343.366 343.366 343.366 343.366 343.366 
343.366 343.366 343.366 343.366 343.366 343.366 343.366 377.193 377.193 377.193 
377.193 377.193 377.193 377.193 377.193 377.193 377.193 377.193 377.193 377.193 
377.193 377.193 377.193 377.193 377.193 377.193 377.193 377.193 377.193 377.193 
377.193 377.193 377.193 377.193 377.193 377.193 377.193 377.193 377.193 377.193 
377.193 377.193 377.193 377.193 377.193 377.193 377.193 377.193 377.193 377.193 
377.193 343.368 343.368 343.368 343.368 343.368 343.368 343.368 343.368 343.368 
343.368 343.368 343.368 343.368 343.368 343.368 343.368 343.368 343.368 343.368 
343.368 343.368 343.368 343.368 343.368 343.368 343.368 343.368 343.368 343.368 
343.368 343.368 343.368 343.368 343.368 343.368 343.368 343.368 343.368 343.368 
343.368 343.368 343.368 343.368 343.368 343.369 343.369 343.369 343.369 343.369 
343.369 343.369 343.369 343.369 343.369 343.369 343.369 343.369 343.369 343.369 
343.369 343.369 343.369 343.369 343.369 343.369 343.369 343.369 343.369 343.369 
343.369 343.369 343.369 343.369 343.369 343.369 343.369 343.369 343.369 343.369 
343.369 343.369 343.369 343.369 343.369 343.369 343.369 343.369 343.369 343.879 
343.879 343.879 343.879 343.879 343.879 343.879 343.879 343.879 343.879 343.879 
343.879 343.879 343.879 343.879 343.879 343.879 343.879 343.879 343.879 343.879 
343.879 343.879 343.879 343.879 343.879 343.879 343.879 343.879 343.879 343.879 
343.879 343.879 343.879 343.879 343.879 343.879 343.879 343.879 343.879 343.879 
343.879 343.879 343.879 358.876 358.876 358.876 358.876 358.876 358.876 358.876 
358.876 358.876 358.876 358.876 358.876 358.876 358.876 358.876 358.876 358.876 
358.876 358.876 358.876 358.876 358.876 358.876 358.876 358.876 358.876 358.876 
358.876 358.876 358.876 358.876 358.876 358.876 358.876 358.876 358.876 358.876 
358.876 358.876 358.876 358.876 358.876 358.876 358.876 343.371 343.371 343.371 
343.371 343.371 343.371 343.371 343.371 343.371 343.371 343.371 343.371 343.371 
343.371 343.371 343.371 343.371 343.371 343.371 343.371 343.371 343.371 343.371 
343.371 343.371 343.371 343.371 343.371 343.371 343.371 343.371 343.371 343.371 
343.371 343.371 343.371 343.371 343.371 343.371 343.371 343.371 343.371 343.371 
343.371 343.372 343.372 343.372 343.372 343.372 343.372 343.372 343.372 343.372 
343.372 343.372 343.372 343.372 343.372 343.372 343.372 343.372 343.372 343.372 
343.372 343.372 343.372 343.372 343.372 343.372 343.372 343.372 343.372 343.372 
343.372 343.372 343.372 343.372 343.372 343.372 343.372 343.372 343.372 343.372 
343.372 343.372 343.372 343.372 343.372 344.44 344.44 344.44 344.44 344.44 
344.44 344.44 344.44 344.44 344.44 344.44 344.44 344.44 344.44 344.44 
344.44 344.44 344.44 344.44 344.44 344.44 344.44 344.44 344.44 344.44 
344.44 344.44 344.44 344.44 344.44 344.44 344.44 344.44 344.44 344.44 
344.44 344.44 344.44 344.44 344.44 344.44 344.44 344.44 344.44 368.735 
368.735 368.735 368.735 368.735 368.735 368.735 368.735 368.735 368.735 368.735 
368.735 368.735 368.735 368.735 368.735 368.735 368.735 368.735 368.735 368.735 
368.735 368.735 368.735 368.735 368.735 368.735 368.735 368.735 368.735 368.735 
368.735 368.735 368.735 368.735 368.735 368.735 368.735 368.735 368.735 368.735 
368.735 368.735 368.735 343.374 343.374 343.374 343.374 343.374 343.374 343.374 
343.374 343.374 343.374 343.374 343.374 343.374 343.374 343.374 343.374 343.374 
343.374 343.374 343.374 343.374 343.374 343.374 343.374 343.374 343.374 343.374 
343.374 343.374 343.374 343.374 343.374 343.374 343.374 343.374 343.374 343.374 
343.374 343.374 343.374 343.374 343.374 343.374 343.374 343.374 343.374 343.374 
343.374 343.374 343.374 343.374 343.374 343.374 343.374 343.374 343.374 343.374 
343.374 343.374 343.374 343.374 343.374 343.374 343.374 343.374 343.374 343.374 
343.374 343.374 343.374 343.374 343.374 343.374 343.374 343.374 343.374 343.374 
343.374 343.374 343.374 343.374 343.374 343.374 343.374 343.374 343.374 343.374 
343.374 343.526 343.526 343.526 343.526 343.526 343.526 343.526 343.526 343.526 
343.526 343.526 343.526 343.526 343.526 343.526 343.526 343.526 343.526 343.526 
343.526 343.526 343.526 343.526 343.526 343.526 343.526 343.526 343.526 343.526 
343.526 343.526 343.526 343.526 343.526 343.526 343.526 343.526 343.526 343.526 
343.526 343.526 343.526 343.526 343.526 394.555 394.555 394.555 394.555 394.555 
394.555 394.555 394.555 394.555 394.555 394.555 394.555 394.555 394.555 394.555 
394.555 394.555 394.555 394.555 394.555 394.555 394.555 394.555 394.555 394.555 
394.555 394.555 394.555 394.555 394.555 394.555 394.555 394.555 394.555 394.555 
394.555 394.555 394.555 394.555 394.555 394.555 394.555 394.555 394.555 394.579 
394.579 394.579 394.579 394.579 394.579 394.579 394.579 394.579 394.579 394.579 
394.579 394.579 394.579 394.579 394.579 394.579 394.579 394.579 394.579 394.579 
394.579 394.579 394.579 394.579 394.579 394.579 394.579 394.579 394.579 394.579 
394.579 394.579 394.579 394.579 394.579 394.579 394.579 394.579 394.579 394.579 
394.579 394.579 394.579 394.581 394.581 394.581 394.581 394.581 394.581 394.581 
394.581 394.581 394.581 394.581 394.581 394.581 394.581 394.581 394.581 394.581 
394.581 394.581 394.581 394.581 394.581 394.581 394.581 394.581 394.581 394.581 
394.581 394.581 394.581 394.581 394.581 394.581 394.581 394.581 394.581 394.581 
394.581 394.581 394.581 394.581 394.581 394.581 394.581 573.595 573.595 573.595 
573.595 573.595 573.595 573.595 573.595 573.595 573.595 573.595 573.595 573.595 
573.595 573.595 573.595 573.595 573.595 573.595 573.595 573.595 573.595 573.595 
573.595 573.595 573.595 573.595 573.595 573.595 573.595 573.595 573.595 573.595 
573.595 573.595 573.595 573.595 573.595 573.595 573.595 573.595 573.595 573.595 
573.595 562.193 562.193 562.193 562.193 562.193 562.193 562.193 562.193 562.193 
562.193 562.193 562.193 562.193 562.193 562.193 562.193 562.193 562.193 562.193 
562.193 562.193 562.193 562.193 562.193 562.193 562.193 562.193 562.193 562.193 
562.193 562.193 562.193 562.193 562.193 562.193 562.193 562.193 562.193 562.193 
562.193 562.193 562.193 562.193 562.193 343.376 343.376 343.376 343.376 343.376 
343.376 343.376 343.376 343.376 343.376 343.376 343.376 343.376 343.376 343.376 
343.376 343.376 343.376 343.376 343.376 343.376 343.376 343.376 343.376 343.376 
343.376 343.376 343.376 343.376 343.376 343.376 343.376 343.376 343.376 343.376 
343.376 343.376 343.376 343.376 343.376 343.376 343.376 343.376 343.376 343.377 
343.377 343.377 343.377 343.377 343.377 343.377 343.377 343.377 343.377 343.377 
343.377 343.377 343.377 343.377 343.377 343.377 343.377 343.377 343.377 343.377 
343.377 343.377 343.377 343.377 343.377 343.377 343.377 343.377 343.377 343.377 
343.377 343.377 343.377 343.377 343.377 343.377 343.377 343.377 343.377 343.377 
343.377 343.377 343.377 345.564 345.564 345.564 345.564 345.564 345.564 345.564 
345.564 345.564 345.564 345.564 345.564 345.564 345.564 345.564 345.564 345.564 
345.564 345.564 345.564 345.564 345.564 345.564 345.564 345.564 345.564 345.564 
345.564 345.564 345.564 345.564 345.564 345.564 345.564 345.564 345.564 345.564 
345.564 345.564 345.564 345.564 345.564 345.564 345.564 362.679 362.679 362.679 
362.679 362.679 362.679 362.679 362.679 362.679 362.679 362.679 362.679 362.679 
362.679 362.679 362.679 362.679 362.679 362.679 362.679 362.679 362.679 362.679 
362.679 362.679 362.679 362.679 362.679 362.679 362.679 362.679 362.679 362.679 
362.679 362.679 362.679 362.679 362.679 362.679 362.679 362.679 362.679 362.679 
362.679 344.746 344.746 344.746 344.746 344.746 344.746 344.746 344.746 344.746 
344.746 344.746 344.746 344.746 344.746 344.746 344.746 344.746 344.746 344.746 
344.746 344.746 344.746 344.746 344.746 344.746 344.746 344.746 344.746 344.746 
344.746 344.746 344.746 344.746 344.746 344.746 344.746 344.746 344.746 344.746 
344.746 344.746 344.746 344.746 344.746 344.747 344.747 344.747 344.747 344.747 
344.747 344.747 344.747 344.747 344.747 344.747 344.747 344.747 344.747 344.747 
344.747 344.747 344.747 344.747 344.747 344.747 344.747 344.747 344.747 344.747 
344.747 344.747 344.747 344.747 344.747 344.747 344.747 344.747 344.747 344.747 
344.747 344.747 344.747 344.747 344.747 344.747 344.747 344.747 344.747 348.527 
348.527 348.527 348.527 348.527 348.527 348.527 348.527 348.527 348.527 348.527 
348.527 348.527 348.527 348.527 348.527 348.527 348.527 348.527 348.527 348.527 
348.527 348.527 348.527 348.527 348.527 348.527 348.527 348.527 348.527 348.527 
348.527 348.527 348.527 348.527 348.527 348.527 348.527 348.527 348.527 348.527 
348.527 348.527 348.527 567.518 567.518 567.518 567.518 567.518 567.518 567.518 
567.518 567.518 567.518 567.518 567.518 567.518 567.518 567.518 567.518 567.518 
567.518 567.518 567.518 567.518 567.518 567.518 567.518 567.518 567.518 567.518 
567.518 567.518 567.518 567.518 567.518 567.518 567.518 567.518 567.518 567.518 
567.518 567.518 567.518 567.518 567.518 567.518 567.518 344.763 344.763 344.763 
344.763 344.763 344.763 344.763 344.763 344.763 344.763 344.763 344.763 344.763 
344.763 344.763 344.763 344.763 344.763 344.763 344.763 344.763 344.763 344.763 
344.763 344.763 344.763 344.763 344.763 344.763 344.763 344.763 344.763 344.763 
344.763 344.763 344.763 344.763 344.763 344.763 344.763 344.763 344.763 344.763 
344.763 344.764 344.764 344.764 344.764 344.764 344.764 344.764 344.764 344.764 
344.764 344.764 344.764 344.764 344.764 344.764 344.764 344.764 344.764 344.764 
344.764 344.764 344.764 344.764 344.764 344.764 344.764 344.764 344.764 344.764 
344.764 344.764 344.764 344.764 344.764 344.764 344.764 344.764 344.764 344.764 
344.764 344.764 344.764 344.764 344.764 344.764 344.764 344.764 344.764 344.764 
344.764 344.764 344.764 344.764 344.764 344.764 344.764 344.764 344.764 344.764 
344.764 344.764 344.764 344.764 344.764 344.764 344.764 344.764 344.764 344.764 
344.764 344.764 344.764 344.764 344.764 344.764 344.764 344.764 344.764 344.764 
344.764 344.764 344.764 344.764 344.764 344.764 344.764 344.764 344.764 570.181 
570.181 570.181 570.181 570.181 570.181 570.181 570.181 570.181 570.181 570.181 
570.181 570.181 570.181 570.181 570.181 570.181 570.181 570.181 570.181 570.181 
570.181 570.181 570.181 570.181 570.181 570.181 570.181 570.181 570.181 570.181 
570.181 570.181 570.181 570.181 570.181 570.181 570.181 570.181 570.181 570.181 
570.181 570.181 570.181 560.782 560.782 560.782 560.782 560.782 560.782 560.782 
560.782 560.782 560.782 560.782 560.782 560.782 560.782 560.782 560.782 560.782 
560.782 560.782 560.782 560.782 560.782 560.782 560.782 560.782 560.782 560.782 
560.782 560.782 560.782 560.782 560.782 560.782 560.782 560.782 560.782 560.782 
560.782 560.782 560.782 560.782 560.782 560.782 560.782 560.698 560.698 560.698 
560.698 560.698 560.698 560.698 560.698 560.698 560.698 560.698 560.698 560.698 
560.698 560.698 560.698 560.698 560.698 560.698 560.698 560.698 560.698 560.698 
560.698 560.698 560.698 560.698 560.698 560.698 560.698 560.698 560.698 560.698 
560.698 560.698 560.698 560.698 560.698 560.698 560.698 560.698 560.698 560.698 
560.698 560.698 560.698 560.698 560.698 560.698 560.698 560.698 560.698 560.698 
560.698 560.698 560.698 560.698 560.698 560.698 560.698 560.698 560.698 560.698 
560.698 560.698 560.698 560.698 560.698 560.698 560.698 560.698 560.698 560.698 
560.698 560.698 560.698 560.698 560.698 560.698 560.698 560.698 560.698 560.698 
560.698 560.698 560.698 560.698 560.698 385.874 385.874 385.874 385.874 385.874 
385.874 385.874 385.874 385.874 385.874 385.874 385.874 385.874 385.874 385.874 
385.874 385.874 385.874 385.874 385.874 385.874 385.874 385.874 385.874 385.874 
385.874 385.874 385.874 385.874 385.874 385.874 385.874 385.874 385.874 385.874 
385.874 385.874 385.874 385.874 385.874 385.874 385.874 385.874 385.874 602.653 
602.653 602.653 602.653 602.653 602.653 602.653 602.653 602.653 602.653 602.653 
602.653 602.653 602.653 602.653 602.653 602.653 602.653 602.653 602.653 602.653 
602.653 602.653 602.653 602.653 602.653 602.653 602.653 602.653 602.653 602.653 
602.653 602.653 602.653 602.653 602.653 602.653 602.653 602.653 602.653 602.653 
602.653 602.653 602.653 484.775 484.775 484.775 484.775 484.775 484.775 484.775 
484.775 484.775 484.775 484.775 484.775 484.775 484.775 484.775 484.775 484.775 
484.775 484.775 484.775 484.775 484.775 484.775 484.775 484.775 484.775 484.775 
484.775 484.775 484.775 484.775 484.775 484.775 484.775 484.775 484.775 484.775 
484.775 484.775 484.775 484.775 484.775 484.775 484.775 481.286 481.286 481.286 
481.286 481.286 481.286 481.286 481.286 481.286 481.286 481.286 481.286 481.286 
481.286 481.286 481.286 481.286 481.286 481.286 481.286 481.286 481.286 481.286 
481.286 481.286 481.286 481.286 481.286 481.286 481.286 481.286 481.286 481.286 
481.286 481.286 481.286 481.286 481.286 481.286 481.286 481.286 481.286 481.286 
481.286 481.285 481.285 481.285 481.285 481.285 481.285 481.285 481.285 481.285 
481.285 481.285 481.285 481.285 481.285 481.285 481.285 481.285 481.285 481.285 
481.285 481.285 481.285 481.285 481.285 481.285 481.285 481.285 481.285 481.285 
481.285 481.285 481.285 481.285 481.285 481.285 481.285 481.285 481.285 481.285 
481.285 481.285 481.285 481.285 481.285 559.503 559.503 559.503 559.503 559.503 
559.503 559.503 559.503 559.503 559.503 559.503 559.503 559.503 559.503 559.503 
559.503 559.503 559.503 559.503 559.503 559.503 559.503 559.503 559.503 559.503 
559.503 559.503 559.503 559.503 559.503 559.503 559.503 559.503 559.503 559.503 
559.503 559.503 559.503 559.503 559.503 559.503 559.503 559.503 559.503 534.787 
534.787 534.787 534.787 534.787 534.787 534.787 534.787 534.787 534.787 534.787 
534.787 534.787 534.787 534.787 534.787 534.787 534.787 534.787 534.787 534.787 
534.787 534.787 534.787 534.787 534.787 534.787 534.787 534.787 534.787 534.787 
534.787 534.787 534.787 534.787 534.787 534.787 534.787 534.787 534.787 534.787 
534.787 534.787 534.787 559.514 559.514 559.514 559.514 559.514 559.514 559.514 
559.514 559.514 559.514 559.514 559.514 559.514 559.514 559.514 559.514 559.514 
559.514 559.514 559.514 559.514 559.514 559.514 559.514 559.514 559.514 559.514 
559.514 559.514 559.514 559.514 559.514 559.514 559.514 559.514 559.514 559.514 
559.514 559.514 559.514 559.514 559.514 559.514 559.514 394.782 394.782 394.782 
394.782 394.782 394.782 394.782 394.782 394.782 394.782 394.782 394.782 394.782 
394.782 394.782 394.782 394.782 394.782 394.782 394.782 394.782 394.782 394.782 
394.782 394.782 394.782 394.782 394.782 394.782 394.782 394.782 394.782 394.782 
394.782 394.782 394.782 394.782 394.782 394.782 394.782 394.782 394.782 394.782 
394.782 560.504 560.504 560.504 560.504 560.504 560.504 560.504 560.504 560.504 
560.504 560.504 560.504 560.504 560.504 560.504 560.504 560.504 560.504 560.504 
560.504 560.504 560.504 560.504 560.504 560.504 560.504 560.504 560.504 560.504 
560.504 560.504 560.504 560.504 560.504 560.504 560.504 560.504 560.504 560.504 
560.504 560.504 560.504 560.504 560.504 567.021 567.021 567.021 567.021 567.021 
567.021 567.021 567.021 567.021 567.021 567.021 567.021 567.021 567.021 567.021 
567.021 567.021 567.021 567.021 567.021 567.021 567.021 567.021 567.021 567.021 
567.021 567.021 567.021 567.021 567.021 567.021 567.021 567.021 567.021 567.021 
567.021 567.021 567.021 567.021 567.021 567.021 567.021 567.021 567.021 558.271 
558.271 558.271 558.271 558.271 558.271 558.271 558.271 558.271 558.271 558.271 
558.271 558.271 558.271 558.271 558.271 558.271 558.271 558.271 558.271 558.271 
558.271 558.271 558.271 558.271 558.271 558.271 558.271 558.271 558.271 558.271 
558.271 558.271 558.271 558.271 558.271 558.271 558.271 558.271 558.271 558.271 
558.271 558.271 558.271 573.593 573.593 573.593 573.593 573.593 573.593 573.593 
573.593 573.593 573.593 573.593 573.593 573.593 573.593 573.593 573.593 573.593 
573.593 573.593 573.593 573.593 573.593 573.593 573.593 573.593 573.593 573.593 
573.593 573.593 573.593 573.593 573.593 573.593 573.593 573.593 573.593 573.593 
573.593 573.593 573.593 573.593 573.593 573.593 573.593 574.943 574.943 574.943 
574.943 574.943 574.943 574.943 574.943 574.943 574.943 574.943 574.943 574.943 
574.943 574.943 574.943 574.943 574.943 574.943 574.943 574.943 574.943 574.943 
574.943 574.943 574.943 574.943 574.943 574.943 574.943 574.943 574.943 574.943 
574.943 574.943 574.943 574.943 574.943 574.943 574.943 574.943 574.943 574.943 
574.943 371.636 371.636 371.636 371.636 371.636 371.636 371.636 371.636 371.636 
371.636 371.636 371.636 371.636 371.636 371.636 371.636 371.636 371.636 371.636 
371.636 371.636 371.636 371.636 371.636 371.636 371.636 371.636 371.636 371.636 
371.636 371.636 371.636 371.636 371.636 371.636 371.636 371.636 371.636 371.636 
371.636 371.636 371.636 371.636 371.636 353.436 353.436 353.436 353.436 353.436 
353.436 353.436 353.436 353.436 353.436 353.436 353.436 353.436 353.436 353.436 
353.436 353.436 353.436 353.436 353.436 353.436 353.436 353.436 353.436 353.436 
353.436 353.436 353.436 353.436 353.436 353.436 353.436 353.436 353.436 353.436 
353.436 353.436 353.436 353.436 353.436 353.436 353.436 353.436 353.436 346.654 
346.654 346.654 346.654 346.654 346.654 346.654 346.654 346.654 346.654 346.654 
346.654 346.654 346.654 346.654 346.654 346.654 346.654 346.654 346.654 346.654 
346.654 346.654 346.654 346.654 346.654 346.654 346.654 346.654 346.654 346.654 
346.654 346.654 346.654 346.654 346.654 346.654 346.654 346.654 346.654 346.654 
346.654 346.654 346.654 346.343 346.343 346.343 346.343 346.343 346.343 346.343 
346.343 346.343 346.343 346.343 346.343 346.343 346.343 346.343 346.343 346.343 
346.343 346.343 346.343 346.343 346.343 346.343 346.343 346.343 346.343 346.343 
346.343 346.343 346.343 346.343 346.343 346.343 346.343 346.343 346.343 346.343 
346.343 346.343 346.343 346.343 346.343 346.343 346.343 358.908 358.908 358.908 
358.908 358.908 358.908 358.908 358.908 358.908 358.908 358.908 358.908 358.908 
358.908 358.908 358.908 358.908 358.908 358.908 358.908 358.908 358.908 358.908 
358.908 358.908 358.908 358.908 358.908 358.908 358.908 358.908 358.908 358.908 
358.908 358.908 358.908 358.908 358.908 358.908 358.908 358.908 358.908 358.908 
358.908 370.492 370.492 370.492 370.492 370.492 370.492 370.492 370.492 370.492 
370.492 370.492 370.492 370.492 370.492 370.492 370.492 370.492 370.492 370.492 
370.492 370.492 370.492 370.492 370.492 370.492 370.492 370.492 370.492 370.492 
370.492 370.492 370.492 370.492 370.492 370.492 370.492 370.492 370.492 370.492 
370.492 370.492 370.492 370.492 370.492 352.876 352.876 352.876 352.876 352.876 
352.876 352.876 352.876 352.876 352.876 352.876 352.876 352.876 352.876 352.876 
352.876 352.876 352.876 352.876 352.876 352.876 352.876 352.876 352.876 352.876 
352.876 352.876 352.876 352.876 352.876 352.876 352.876 352.876 352.876 352.876 
352.876 352.876 352.876 352.876 352.876 352.876 352.876 352.876 352.876 551.111 
551.111 551.111 551.111 551.111 551.111 551.111 551.111 551.111 551.111 551.111 
551.111 551.111 551.111 551.111 551.111 551.111 551.111 551.111 551.111 551.111 
551.111 551.111 551.111 551.111 551.111 551.111 551.111 551.111 551.111 551.111 
551.111 551.111 551.111 551.111 551.111 551.111 551.111 551.111 551.111 551.111 
551.111 551.111 551.111 555.509 555.509 555.509 555.509 555.509 555.509 555.509 
555.509 555.509 555.509 555.509 555.509 555.509 555.509 555.509 555.509 555.509 
555.509 555.509 555.509 555.509 555.509 555.509 555.509 555.509 555.509 555.509 
555.509 555.509 555.509 555.509 555.509 555.509 555.509 555.509 555.509 555.509 
555.509 555.509 555.509 555.509 555.509 555.509 555.509 561.401 561.401 561.401 
561.401 561.401 561.401 561.401 561.401 561.401 561.401 561.401 561.401 561.401 
561.401 561.401 561.401 561.401 561.401 561.401 561.401 561.401 561.401 561.401 
561.401 561.401 561.401 561.401 561.401 561.401 561.401 561.401 561.401 561.401 
561.401 561.401 561.401 561.401 561.401 561.401 561.401 561.401 561.401 561.401 
561.401 567.262 567.262 567.262 567.262 567.262 567.262 567.262 567.262 567.262 
567.262 567.262 567.262 567.262 567.262 567.262 567.262 567.262 567.262 567.262 
567.262 567.262 567.262 567.262 567.262 567.262 567.262 567.262 567.262 567.262 
567.262 567.262 567.262 567.262 567.262 567.262 567.262 567.262 567.262 567.262 
567.262 567.262 567.262 567.262 567.262 574.013 574.013 574.013 574.013 574.013 
574.013 574.013 574.013 574.013 574.013 574.013 574.013 574.013 574.013 574.013 
574.013 574.013 574.013 574.013 574.013 574.013 574.013 574.013 574.013 574.013 
574.013 574.013 574.013 574.013 574.013 574.013 574.013 574.013 574.013 574.013 
574.013 574.013 574.013 574.013 574.013 574.013 574.013 574.013 574.013 579.95 
579.95 579.95 579.95 579.95 579.95 579.95 579.95 579.95 579.95 579.95 
579.95 579.95 579.95 579.95 579.95 579.95 579.95 579.95 579.95 579.95 
579.95 579.95 579.95 579.95 579.95 579.95 579.95 579.95 579.95 579.95 
579.95 579.95 579.95 579.95 579.95 579.95 579.95 579.95 579.95 579.95 
579.95 579.95 579.95 559.596 559.596 559.596 559.596 559.596 559.596 559.596 
559.596 559.596 559.596 559.596 559.596 559.596 559.596 559.596 559.596 559.596 
559.596 559.596 559.596 559.596 559.596 559.596 559.596 559.596 559.596 559.596 
559.596 559.596 559.596 559.596 559.596 559.596 559.596 559.596 559.596 559.596 
559.596 559.596 559.596 559.596 559.596 559.596 559.596 566.742 566.742 566.742 
566.742 566.742 566.742 566.742 566.742 566.742 566.742 566.742 566.742 566.742 
566.742 566.742 566.742 566.742 566.742 566.742 566.742 566.742 566.742 566.742 
566.742 566.742 566.742 566.742 566.742 566.742 566.742 566.742 566.742 566.742 
566.742 566.742 566.742 566.742 566.742 566.742 566.742 566.742 566.742 566.742 
566.742 550.519 550.519 550.519 550.519 550.519 550.519 550.519 550.519 550.519 
550.519 550.519 550.519 550.519 550.519 550.519 550.519 550.519 550.519 550.519 
550.519 550.519 550.519 550.519 550.519 550.519 550.519 550.519 550.519 550.519 
550.519 550.519 550.519 550.519 550.519 550.519 550.519 550.519 550.519 550.519 
550.519 550.519 550.519 550.519 550.519 574.253 574.253 574.253 574.253 574.253 
574.253 574.253 574.253 574.253 574.253 574.253 574.253 574.253 574.253 574.253 
574.253 574.253 574.253 574.253 574.253 574.253 574.253 574.253 574.253 574.253 
574.253 574.253 574.253 574.253 574.253 574.253 574.253 574.253 574.253 574.253 
574.253 574.253 574.253 574.253 574.253 574.253 574.253 574.253 574.253 570.549 
570.549 570.549 570.549 570.549 570.549 570.549 570.549 570.549 570.549 570.549 
570.549 570.549 570.549 570.549 570.549 570.549 570.549 570.549 570.549 570.549 
570.549 570.549 570.549 570.549 570.549 570.549 570.549 570.549 570.549 570.549 
570.549 570.549 570.549 570.549 570.549 570.549 570.549 570.549 570.549 570.549 
570.549 570.549 570.549 564.236 564.236 564.236 564.236 564.236 564.236 564.236 
564.236 564.236 564.236 564.236 564.236 564.236 564.236 564.236 564.236 564.236 
564.236 564.236 564.236 564.236 564.236 564.236 564.236 564.236 564.236 564.236 
564.236 564.236 564.236 564.236 564.236 564.236 564.236 564.236 564.236 564.236 
564.236 564.236 564.236 564.236 564.236 564.236 564.236 SCALARS Node_Enthalpy_kJ/kg float 1
LOOKUP_TABLE default
316.881 316.881 316.881 316.881 316.881 316.881 316.881 316.881 316.881 
316.881 316.881 316.881 316.881 316.881 316.881 316.881 316.881 316.881 316.881 
316.881 316.881 316.881 316.881 316.881 316.881 316.881 316.881 316.881 316.881 
316.881 316.881 316.881 316.881 316.881 316.881 316.881 316.881 316.881 316.881 
316.881 316.881 316.881 316.881 316.881 317.042 317.042 317.042 317.042 317.042 
317.042 317.042 317.042 317.042 317.042 317.042 317.042 317.042 317.042 317.042 
317.042 317.042 317.042 317.042 317.042 317.042 317.042 317.042 317.042 317.042 
317.042 317.042 317.042 317.042 317.042 317.042 317.042 317.042 317.042 317.042 
317.042 317.042 317.042 317.042 317.042 317.042 317.042 317.042 317.042 316.881 
316.881 316.881 316.881 316.881 316.881 316.881 316.881 316.881 316.881 316.881 
316.881 316.881 316.881 316.881 316.881 316.881 316.881 316.881 316.881 316.881 
316.881 316.881 316.881 316.881 316.881 316.881 316.881 316.881 316.881 316.881 
316.881 316.881 316.881 316.881 316.881 316.881 316.881 316.881 316.881 316.881 
316.881 316.881 316.881 317.044 317.044 317.044 317.044 317.044 317.044 317.044 
317.044 317.044 317.044 317.044 317.044 317.044 317.044 317.044 317.044 317.044 
317.044 317.044 317.044 317.044 317.044 317.044 317.044 317.044 317.044 317.044 
317.044 317.044 317.044 317.044 317.044 317.044 317.044 317.044 317.044 317.044 
317.044 317.044 317.044 317.044 317.044 317.044 317.044 316.881 316.881 316.881 
316.881 316.881 316.881 316.881 316.881 316.881 316.881 316.881 316.881 316.881 
316.881 316.881 316.881 316.881 316.881 316.881 316.881 316.881 316.881 316.881 
316.881 316.881 316.881 316.881 316.881 316.881 316.881 316.881 316.881 316.881 
316.881 316.881 316.881 316.881 316.881 316.881 316.881 316.881 316.881 316.881 
316.881 317.047 317.047 317.047 317.047 317.047 317.047 317.047 317.047 317.047 
317.047 317.047 317.047 317.047 317.047 317.047 317.047 317.047 317.047 317.047 
317.047 317.047 317.047 317.047 317.047 317.047 317.047 317.047 317.047 317.047 
317.047 317.047 317.047 317.047 317.047 317.047 317.047 317.047 317.047 317.047 
317.047 317.047 317.047 317.047 317.047 316.881 316.881 316.881 316.881 316.881 
316.881 316.881 316.881 316.881 316.881 316.881 316.881 316.881 316.881 316.881 
316.881 316.881 316.881 316.881 316.881 316.881 316.881 316.881 316.881 316.881 
316.881 316.881 316.881 316.881 316.881 316.881 316.881 316.881 316.881 316.881 
316.881 316.881 316.881 316.881 316.881 316.881 316.881 316.881 316.881 317.049 
317.049 317.049 317.049 317.049 317.049 317.049 317.049 317.049 317.049 317.049 
317.049 317.049 317.049 317.049 317.049 317.049 317.049 317.049 317.049 317.049 
317.049 317.049 317.049 317.049 317.049 317.049 317.049 317.049 317.049 317.049 
317.049 317.049 317.049 317.049 317.049 317.049 317.049 317.049 317.049 317.049 
317.049 317.049 317.049 316.881 316.881 316.881 316.881 316.881 316.881 316.881 
316.881 316.881 316.881 316.881 316.881 316.881 316.881 316.881 316.881 316.881 
316.881 316.881 316.881 316.881 316.881 316.881 316.881 316.881 316.881 316.881 
316.881 316.881 316.881 316.881 316.881 316.881 316.881 316.881 316.881 316.881 
316.881 316.881 316.881 316.881 316.881 316.881 316.881 317.051 317.051 317.051 
317.051 317.051 317.051 317.051 317.051 317.051 317.051 317.051 317.051 317.051 
317.051 317.051 317.051 317.051 317.051 317.051 317.051 317.051 317.051 317.051 
317.051 317.051 317.051 317.051 317.051 317.051 317.051 317.051 317.051 317.051 
317.051 317.051 317.051 317.051 317.051 317.051 317.051 317.051 317.051 317.051 
317.051 316.881 316.881 316.881 316.881 316.881 316.881 316.881 316.881 316.881 
316.881 316.881 316.881 316.881 316.881 316.881 316.881 316.881 316.881 316.881 
316.881 316.881 316.881 316.881 316.881 316.881 316.881 316.881 316.881 316.881 
316.881 316.881 316.881 316.881 316.881 316.881 316.881 316.881 316.881 316.881 
316.881 316.881 316.881 316.881 316.881 317.053 317.053 317.053 317.053 317.053 
317.053 317.053 317.053 317.053 317.053 317.053 317.053 317.053 317.053 317.053 
317.053 317.053 317.053 317.053 317.053 317.053 317.053 317.053 317.053 317.053 
317.053 317.053 317.053 317.053 317.053 317.053 317.053 317.053 317.053 317.053 
317.053 317.053 317.053 317.053 317.053 317.053 317.053 317.053 317.053 316.881 
316.881 316.881 316.881 316.881 316.881 316.881 316.881 316.881 316.881 316.881 
316.881 316.881 316.881 316.881 316.881 316.881 316.881 316.881 316.881 316.881 
316.881 316.881 316.881 316.881 316.881 316.881 316.881 316.881 316.881 316.881 
316.881 316.881 316.881 316.881 316.881 316.881 316.881 316.881 316.881 316.881 
316.881 316.881 316.881 317.055 317.055 317.055 317.055 317.055 317.055 317.055 
317.055 317.055 317.055 317.055 317.055 317.055 317.055 317.055 317.055 317.055 
317.055 317.055 317.055 317.055 317.055 317.055 317.055 317.055 317.055 317.055 
317.055 317.055 317.055 317.055 317.055 317.055 317.055 317.055 317.055 317.055 
317.055 317.055 317.055 317.055 317.055 317.055 317.055 928.118 928.118 928.118 
928.118 928.118 928.118 928.118 928.118 928.118 928.118 928.118 928.118 928.118 
928.118 928.118 928.118 928.118 928.118 928.118 928.118 928.118 928.118 928.118 
928.118 928.118 928.118 928.118 928.118 928.118 928.118 928.118 928.118 928.118 
928.118 928.118 928.118 928.118 928.118 928.118 928.118 928.118 928.118 928.118 
928.118 950.388 950.388 950.388 950.388 950.388 950.388 950.388 950.388 950.388 
950.388 950.388 950.388 950.388 950.388 950.388 950.388 950.388 950.388 950.388 
950.388 950.388 950.388 950.388 950.388 950.388 950.388 950.388 950.388 950.388 
950.388 950.388 950.388 950.388 950.388 950.388 950.388 950.388 950.388 950.388 
950.388 950.388 950.388 950.388 950.388 750.414 750.414 750.414 750.414 750.414 
750.414 750.414 750.414 750.414 750.414 750.414 750.414 750.414 750.414 750.414 
750.414 750.414 750.414 750.414 750.414 750.414 750.414 750.414 750.414 750.414 
750.414 750.414 750.414 750.414 750.414 750.414 750.414 750.414 750.414 750.414 
750.414 750.414 750.414 750.414 750.414 750.414 750.414 750.414 750.414 765.725 
765.725 765.725 765.725 765.725 765.725 765.725 765.725 765.725 765.725 765.725 
765.725 765.725 765.725 765.725 765.725 765.725 765.725 765.725 765.725 765.725 
765.725 765.725 765.725 765.725 765.725 765.725 765.725 765.725 765.725 765.725 
765.725 765.725 765.725 765.725 765.725 765.725 765.725 765.725 765.725 765.725 
765.725 765.725 765.725 90.8313 90.8313 90.8313 90.8313 90.8313 90.8313 90.8313 
90.8313 90.8313 90.8313 90.8313 90.8313 90.8313 90.8313 90.8313 90.8313 90.8313 
90.8313 90.8313 90.8313 90.8313 90.8313 90.8313 90.8313 90.8313 90.8313 90.8313 
90.8313 90.8313 90.8313 90.8313 90.8313 90.8313 90.8313 90.8313 90.8313 90.8313 
90.8313 90.8313 90.8313 90.8313 90.8313 90.8313 90.8313 105.497 105.497 105.497 
105.497 105.497 105.497 105.497 105.497 105.497 105.497 105.497 105.497 105.497 
105.497 105.497 105.497 105.497 105.497 105.497 105.497 105.497 105.497 105.497 
105.497 105.497 105.497 105.497 105.497 105.497 105.497 105.497 105.497 105.497 
105.497 105.497 105.497 105.497 105.497 105.497 105.497 105.497 105.497 105.497 
105.497 105.497 105.497 105.497 105.497 105.497 105.497 105.497 105.497 105.497 
105.497 105.497 105.497 105.497 105.497 105.497 105.497 105.497 105.497 105.497 
105.497 105.497 105.497 105.497 105.497 105.497 105.497 105.497 105.497 105.497 
105.497 105.497 105.497 105.497 105.497 105.497 105.497 105.497 105.497 105.497 
105.497 105.497 105.497 105.497 105.497 317.771 317.771 317.771 317.771 317.771 
317.771 317.771 317.771 317.771 317.771 317.771 317.771 317.771 317.771 317.771 
317.771 317.771 317.771 317.771 317.771 317.771 317.771 317.771 317.771 317.771 
317.771 317.771 317.771 317.771 317.771 317.771 317.771 317.771 317.771 317.771 
317.771 317.771 317.771 317.771 317.771 317.771 317.771 317.771 317.771 317.774 
317.774 317.774 317.774 317.774 317.774 317.774 317.774 317.774 317.774 317.774 
317.774 317.774 317.774 317.774 317.774 317.774 317.774 317.774 317.774 317.774 
317.774 317.774 317.774 317.774 317.774 317.774 317.774 317.774 317.774 317.774 
317.774 317.774 317.774 317.774 317.774 317.774 317.774 317.774 317.774 317.774 
317.774 317.774 317.774 317.774 317.774 317.774 317.774 317.774 317.774 317.774 
317.774 317.774 317.774 317.774 317.774 317.774 317.774 317.774 317.774 317.774 
317.774 317.774 317.774 317.774 317.774 317.774 317.774 317.774 317.774 317.774 
317.774 317.774 317.774 317.774 317.774 317.774 317.774 317.774 317.774 317.774 
317.774 317.774 317.774 317.774 317.774 317.774 317.774 457.971 457.971 457.971 
457.971 457.971 457.971 457.971 457.971 457.971 457.971 457.971 457.971 457.971 
457.971 457.971 457.971 457.971 457.971 457.971 457.971 457.971 457.971 457.971 
457.971 457.971 457.971 457.971 457.971 457.971 457.971 457.971 457.971 457.971 
457.971 457.971 457.971 457.971 457.971 457.971 457.971 457.971 457.971 457.971 
457.971 317.782 317.782 317.782 317.782 317.782 317.782 317.782 317.782 317.782 
317.782 317.782 317.782 317.782 317.782 317.782 317.782 317.782 317.782 317.782 
317.782 317.782 317.782 317.782 317.782 317.782 317.782 317.782 317.782 317.782 
317.782 317.782 317.782 317.782 317.782 317.782 317.782 317.782 317.782 317.782 
317.782 317.782 317.782 317.782 317.782 317.785 317.785 317.785 317.785 317.785 
317.785 317.785 317.785 317.785 317.785 317.785 317.785 317.785 317.785 317.785 
317.785 317.785 317.785 317.785 317.785 317.785 317.785 317.785 317.785 317.785 
317.785 317.785 317.785 317.785 317.785 317.785 317.785 317.785 317.785 317.785 
317.785 317.785 317.785 317.785 317.785 317.785 317.785 317.785 317.785 319.891 
319.891 319.891 319.891 319.891 319.891 319.891 319.891 319.891 319.891 319.891 
319.891 319.891 319.891 319.891 319.891 319.891 319.891 319.891 319.891 319.891 
319.891 319.891 319.891 319.891 319.891 319.891 319.891 319.891 319.891 319.891 
319.891 319.891 319.891 319.891 319.891 319.891 319.891 319.891 319.891 319.891 
319.891 319.891 319.891 381.92 381.92 381.92 381.92 381.92 381.92 381.92 
381.92 381.92 381.92 381.92 381.92 381.92 381.92 381.92 381.92 381.92 
381.92 381.92 381.92 381.92 381.92 381.92 381.92 381.92 381.92 381.92 
381.92 381.92 381.92 381.92 381.92 381.92 381.92 381.92 381.92 381.92 
381.92 381.92 381.92 381.92 381.92 381.92 381.92 317.793 317.793 317.793 
317.793 317.793 317.793 317.793 317.793 317.793 317.793 317.793 317.793 317.793 
317.793 317.793 317.793 317.793 317.793 317.793 317.793 317.793 317.793 317.793 
317.793 317.793 317.793 317.793 317.793 317.793 317.793 317.793 317.793 317.793 
317.793 317.793 317.793 317.793 317.793 317.793 317.793 317.793 317.793 317.793 
317.793 317.796 317.796 317.796 317.796 317.796 317.796 317.796 317.796 317.796 
317.796 317.796 317.796 317.796 317.796 317.796 317.796 317.796 317.796 317.796 
317.796 317.796 317.796 317.796 317.796 317.796 317.796 317.796 317.796 317.796 
317.796 317.796 317.796 317.796 317.796 317.796 317.796 317.796 317.796 317.796 
317.796 317.796 317.796 317.796 317.796 322.211 322.211 322.211 322.211 322.211 
322.211 322.211 322.211 322.211 322.211 322.211 322.211 322.211 322.211 322.211 
322.211 322.211 322.211 322.211 322.211 322.211 322.211 322.211 322.211 322.211 
322.211 322.211 322.211 322.211 322.211 322.211 322.211 322.211 322.211 322.211 
322.211 322.211 322.211 322.211 322.211 322.211 322.211 322.211 322.211 422.835 
422.835 422.835 422.835 422.835 422.835 422.835 422.835 422.835 422.835 422.835 
422.835 422.835 422.835 422.835 422.835 422.835 422.835 422.835 422.835 422.835 
422.835 422.835 422.835 422.835 422.835 422.835 422.835 422.835 422.835 422.835 
422.835 422.835 422.835 422.835 422.835 422.835 422.835 422.835 422.835 422.835 
422.835 422.835 422.835 317.805 317.805 317.805 317.805 317.805 317.805 317.805 
317.805 317.805 317.805 317.805 317.805 317.805 317.805 317.805 317.805 317.805 
317.805 317.805 317.805 317.805 317.805 317.805 317.805 317.805 317.805 317.805 
317.805 317.805 317.805 317.805 317.805 317.805 317.805 317.805 317.805 317.805 
317.805 317.805 317.805 317.805 317.805 317.805 317.805 317.808 317.808 317.808 
317.808 317.808 317.808 317.808 317.808 317.808 317.808 317.808 317.808 317.808 
317.808 317.808 317.808 317.808 317.808 317.808 317.808 317.808 317.808 317.808 
317.808 317.808 317.808 317.808 317.808 317.808 317.808 317.808 317.808 317.808 
317.808 317.808 317.808 317.808 317.808 317.808 317.808 317.808 317.808 317.808 
317.808 318.433 318.433 318.433 318.433 318.433 318.433 318.433 318.433 318.433 
318.433 318.433 318.433 318.433 318.433 318.433 318.433 318.433 318.433 318.433 
318.433 318.433 318.433 318.433 318.433 318.433 318.433 318.433 318.433 318.433 
318.433 318.433 318.433 318.433 318.433 318.433 318.433 318.433 318.433 318.433 
318.433 318.433 318.433 318.433 318.433 530.361 530.361 530.361 530.361 530.361 
530.361 530.361 530.361 530.361 530.361 530.361 530.361 530.361 530.361 530.361 
530.361 530.361 530.361 530.361 530.361 530.361 530.361 530.361 530.361 530.361 
530.361 530.361 530.361 530.361 530.361 530.361 530.361 530.361 530.361 530.361 
530.361 530.361 530.361 530.361 530.361 530.361 530.361 530.361 530.361 530.461 
530.461 530.461 530.461 530.461 530.461 530.461 530.461 530.461 530.461 530.461 
530.461 530.461 530.461 530.461 530.461 530.461 530.461 530.461 530.461 530.461 
530.461 530.461 530.461 530.461 530.461 530.461 530.461 530.461 530.461 530.461 
530.461 530.461 530.461 530.461 530.461 530.461 530.461 530.461 530.461 530.461 
530.461 530.461 530.461 530.473 530.473 530.473 530.473 530.473 530.473 530.473 
530.473 530.473 530.473 530.473 530.473 530.473 530.473 530.473 530.473 530.473 
530.473 530.473 530.473 530.473 530.473 530.473 530.473 530.473 530.473 530.473 
530.473 530.473 530.473 530.473 530.473 530.473 530.473 530.473 530.473 530.473 
530.473 530.473 530.473 530.473 530.473 530.473 530.473 1331.74 1331.74 1331.74 
1331.74 1331.74 1331.74 1331.74 1331.74 1331.74 1331.74 1331.74 1331.74 1331.74 
1331.74 1331.74 1331.74 1331.74 1331.74 1331.74 1331.74 1331.74 1331.74 1331.74 
1331.74 1331.74 1331.74 1331.74 1331.74 1331.74 1331.74 1331.74 1331.74 1331.74 
1331.74 1331.74 1331.74 1331.74 1331.74 1331.74 1331.74 1331.74 1331.74 1331.74 
1331.74 1274.41 1274.41 1274.41 1274.41 1274.41 1274.41 1274.41 1274.41 1274.41 
1274.41 1274.41 1274.41 1274.41 1274.41 1274.41 1274.41 1274.41 1274.41 1274.41 
1274.41 1274.41 1274.41 1274.41 1274.41 1274.41 1274.41 1274.41 1274.41 1274.41 
1274.41 1274.41 1274.41 1274.41 1274.41 1274.41 1274.41 1274.41 1274.41 1274.41 
1274.41 1274.41 1274.41 1274.41 1274.41 317.816 317.816 317.816 317.816 317.816 
317.816 317.816 317.816 317.816 317.816 317.816 317.816 317.816 317.816 317.816 
317.816 317.816 317.816 317.816 317.816 317.816 317.816 317.816 317.816 317.816 
317.816 317.816 317.816 317.816 317.816 317.816 317.816 317.816 317.816 317.816 
317.816 317.816 317.816 317.816 317.816 317.816 317.816 317.816 317.816 317.819 
317.819 317.819 317.819 317.819 317.819 317.819 317.819 317.819 317.819 317.819 
317.819 317.819 317.819 317.819 317.819 317.819 317.819 317.819 317.819 317.819 
317.819 317.819 317.819 317.819 317.819 317.819 317.819 317.819 317.819 317.819 
317.819 317.819 317.819 317.819 317.819 317.819 317.819 317.819 317.819 317.819 
317.819 317.819 317.819 326.851 326.851 326.851 326.851 326.851 326.851 326.851 
326.851 326.851 326.851 326.851 326.851 326.851 326.851 326.851 326.851 326.851 
326.851 326.851 326.851 326.851 326.851 326.851 326.851 326.851 326.851 326.851 
326.851 326.851 326.851 326.851 326.851 326.851 326.851 326.851 326.851 326.851 
326.851 326.851 326.851 326.851 326.851 326.851 326.851 397.702 397.702 397.702 
397.702 397.702 397.702 397.702 397.702 397.702 397.702 397.702 397.702 397.702 
397.702 397.702 397.702 397.702 397.702 397.702 397.702 397.702 397.702 397.702 
397.702 397.702 397.702 397.702 397.702 397.702 397.702 397.702 397.702 397.702 
397.702 397.702 397.702 397.702 397.702 397.702 397.702 397.702 397.702 397.702 
397.702 323.473 323.473 323.473 323.473 323.473 323.473 323.473 323.473 323.473 
323.473 323.473 323.473 323.473 323.473 323.473 323.473 323.473 323.473 323.473 
323.473 323.473 323.473 323.473 323.473 323.473 323.473 323.473 323.473 323.473 
323.473 323.473 323.473 323.473 323.473 323.473 323.473 323.473 323.473 323.473 
323.473 323.473 323.473 323.473 323.473 323.476 323.476 323.476 323.476 323.476 
323.476 323.476 323.476 323.476 323.476 323.476 323.476 323.476 323.476 323.476 
323.476 323.476 323.476 323.476 323.476 323.476 323.476 323.476 323.476 323.476 
323.476 323.476 323.476 323.476 323.476 323.476 323.476 323.476 323.476 323.476 
323.476 323.476 323.476 323.476 323.476 323.476 323.476 323.476 323.476 339.092 
339.092 339.092 339.092 339.092 339.092 339.092 339.092 339.092 339.092 339.092 
339.092 339.092 339.092 339.092 339.092 339.092 339.092 339.092 339.092 339.092 
339.092 339.092 339.092 339.092 339.092 339.092 339.092 339.092 339.092 339.092 
339.092 339.092 339.092 339.092 339.092 339.092 339.092 339.092 339.092 339.092 
339.092 339.092 339.092 1301.19 1301.19 1301.19 1301.19 1301.19 1301.19 1301.19 
1301.19 1301.19 1301.19 1301.19 1301.19 1301.19 1301.19 1301.19 1301.19 1301.19 
1301.19 1301.19 1301.19 1301.19 1301.19 1301.19 1301.19 1301.19 1301.19 1301.19 
1301.19 1301.19 1301.19 1301.19 1301.19 1301.19 1301.19 1301.19 1301.19 1301.19 
1301.19 1301.19 1301.19 1301.19 1301.19 1301.19 1301.19 323.546 323.546 323.546 
323.546 323.546 323.546 323.546 323.546 323.546 323.546 323.546 323.546 323.546 
323.546 323.546 323.546 323.546 323.546 323.546 323.546 323.546 323.546 323.546 
323.546 323.546 323.546 323.546 323.546 323.546 323.546 323.546 323.546 323.546 
323.546 323.546 323.546 323.546 323.546 323.546 323.546 323.546 323.546 323.546 
323.546 323.549 323.549 323.549 323.549 323.549 323.549 323.549 323.549 323.549 
323.549 323.549 323.549 323.549 323.549 323.549 323.549 323.549 323.549 323.549 
323.549 323.549 323.549 323.549 323.549 323.549 323.549 323.549 323.549 323.549 
323.549 323.549 323.549 323.549 323.549 323.549 323.549 323.549 323.549 323.549 
323.549 323.549 323.549 323.549 323.549 323.549 323.549 323.549 323.549 323.549 
323.549 323.549 323.549 323.549 323.549 323.549 323.549 323.549 323.549 323.549 
323.549 323.549 323.549 323.549 323.549 323.549 323.549 323.549 323.549 323.549 
323.549 323.549 323.549 323.549 323.549 323.549 323.549 323.549 323.549 323.549 
323.549 323.549 323.549 323.549 323.549 323.549 323.549 323.549 323.549 1314.58 
1314.58 1314.58 1314.58 1314.58 1314.58 1314.58 1314.58 1314.58 1314.58 1314.58 
1314.58 1314.58 1314.58 1314.58 1314.58 1314.58 1314.58 1314.58 1314.58 1314.58 
1314.58 1314.58 1314.58 1314.58 1314.58 1314.58 1314.58 1314.58 1314.58 1314.58 
1314.58 1314.58 1314.58 1314.58 1314.58 1314.58 1314.58 1314.58 1314.58 1314.58 
1314.58 1314.58 1314.58 1267.32 1267.32 1267.32 1267.32 1267.32 1267.32 1267.32 
1267.32 1267.32 1267.32 1267.32 1267.32 1267.32 1267.32 1267.32 1267.32 1267.32 
1267.32 1267.32 1267.32 1267.32 1267.32 1267.32 1267.32 1267.32 1267.32 1267.32 
1267.32 1267.32 1267.32 1267.32 1267.32 1267.32 1267.32 1267.32 1267.32 1267.32 
1267.32 1267.32 1267.32 1267.32 1267.32 1267.32 1267.32 1266.9 1266.9 1266.9 
1266.9 1266.9 1266.9 1266.9 1266.9 1266.9 1266.9 1266.9 1266.9 1266.9 
1266.9 1266.9 1266.9 1266.9 1266.9 1266.9 1266.9 1266.9 1266.9 1266.9 
1266.9 1266.9 1266.9 1266.9 1266.9 1266.9 1266.9 1266.9 1266.9 1266.9 
1266.9 1266.9 1266.9 1266.9 1266.9 1266.9 1266.9 1266.9 1266.9 1266.9 
1266.9 1266.9 1266.9 1266.9 1266.9 1266.9 1266.9 1266.9 1266.9 1266.9 
1266.9 1266.9 1266.9 1266.9 1266.9 1266.9 1266.9 1266.9 1266.9 1266.9 
1266.9 1266.9 1266.9 1266.9 1266.9 1266.9 1266.9 1266.9 1266.9 1266.9 
1266.9 1266.9 1266.9 1266.9 1266.9 1266.9 1266.9 1266.9 1266.9 1266.9 
1266.9 1266.9 1266.9 1266.9 1266.9 494.169 494.169 494.169 494.169 494.169 
494.169 494.169 494.169 494.169 494.169 494.169 494.169 494.169 494.169 494.169 
494.169 494.169 494.169 494.169 494.169 494.169 494.169 494.169 494.169 494.169 
494.169 494.169 494.169 494.169 494.169 494.169 494.169 494.169 494.169 494.169 
494.169 494.169 494.169 494.169 494.169 494.169 494.169 494.169 494.169 1487.51 
1487.51 1487.51 1487.51 1487.51 1487.51 1487.51 1487.51 1487.51 1487.51 1487.51 
1487.51 1487.51 1487.51 1487.51 1487.51 1487.51 1487.51 1487.51 1487.51 1487.51 
1487.51 1487.51 1487.51 1487.51 1487.51 1487.51 1487.51 1487.51 1487.51 1487.51 
1487.51 1487.51 1487.51 1487.51 1487.51 1487.51 1487.51 1487.51 1487.51 1487.51 
1487.51 1487.51 1487.51 916.098 916.098 916.098 916.098 916.098 916.098 916.098 
916.098 916.098 916.098 916.098 916.098 916.098 916.098 916.098 916.098 916.098 
916.098 916.098 916.098 916.098 916.098 916.098 916.098 916.098 916.098 916.098 
916.098 916.098 916.098 916.098 916.098 916.098 916.098 916.098 916.098 916.098 
916.098 916.098 916.098 916.098 916.098 916.098 916.098 900.702 900.702 900.702 
900.702 900.702 900.702 900.702 900.702 900.702 900.702 900.702 900.702 900.702 
900.702 900.702 900.702 900.702 900.702 900.702 900.702 900.702 900.702 900.702 
900.702 900.702 900.702 900.702 900.702 900.702 900.702 900.702 900.702 900.702 
900.702 900.702 900.702 900.702 900.702 900.702 900.702 900.702 900.702 900.702 
900.702 900.701 900.701 900.701 900.701 900.701 900.701 900.701 900.701 900.701 
900.701 900.701 900.701 900.701 900.701 900.701 900.701 900.701 900.701 900.701 
900.701 900.701 900.701 900.701 900.701 900.701 900.701 900.701 900.701 900.701 
900.701 900.701 900.701 900.701 900.701 900.701 900.701 900.701 900.701 900.701 
900.701 900.701 900.701 900.701 900.701 1260.89 1260.89 1260.89 1260.89 1260.89 
1260.89 1260.89 1260.89 1260.89 1260.89 1260.89 1260.89 1260.89 1260.89 1260.89 
1260.89 1260.89 1260.89 1260.89 1260.89 1260.89 1260.89 1260.89 1260.89 1260.89 
1260.89 1260.89 1260.89 1260.89 1260.89 1260.89 1260.89 1260.89 1260.89 1260.89 
1260.89 1260.89 1260.89 1260.89 1260.89 1260.89 1260.89 1260.89 1260.89 1142.12 
1142.12 1142.12 1142.12 1142.12 1142.12 1142.12 1142.12 1142.12 1142.12 1142.12 
1142.12 1142.12 1142.12 1142.12 1142.12 1142.12 1142.12 1142.12 1142.12 1142.12 
1142.12 1142.12 1142.12 1142.12 1142.12 1142.12 1142.12 1142.12 1142.12 1142.12 
1142.12 1142.12 1142.12 1142.12 1142.12 1142.12 1142.12 1142.12 1142.12 1142.12 
1142.12 1142.12 1142.12 1260.94 1260.94 1260.94 1260.94 1260.94 1260.94 1260.94 
1260.94 1260.94 1260.94 1260.94 1260.94 1260.94 1260.94 1260.94 1260.94 1260.94 
1260.94 1260.94 1260.94 1260.94 1260.94 1260.94 1260.94 1260.94 1260.94 1260.94 
1260.94 1260.94 1260.94 1260.94 1260.94 1260.94 1260.94 1260.94 1260.94 1260.94 
1260.94 1260.94 1260.94 1260.94 1260.94 1260.94 1260.94 531.309 531.309 531.309 
531.309 531.309 531.309 531.309 531.309 531.309 531.309 531.309 531.309 531.309 
531.309 531.309 531.309 531.309 531.309 531.309 531.309 531.309 531.309 531.309 
531.309 531.309 531.309 531.309 531.309 531.309 531.309 531.309 531.309 531.309 
531.309 531.309 531.309 531.309 531.309 531.309 531.309 531.309 531.309 531.309 
531.309 1265.92 1265.92 1265.92 1265.92 1265.92 1265.92 1265.92 1265.92 1265.92 
1265.92 1265.92 1265.92 1265.92 1265.92 1265.92 1265.92 1265.92 1265.92 1265.92 
1265.92 1265.92 1265.92 1265.92 1265.92 1265.92 1265.92 1265.92 1265.92 1265.92 
1265.92 1265.92 1265.92 1265.92 1265.92 1265.92 1265.92 1265.92 1265.92 1265.92 
1265.92 1265.92 1265.92 1265.92 1265.92 1298.69 1298.69 1298.69 1298.69 1298.69 
1298.69 1298.69 1298.69 1298.69 1298.69 1298.69 1298.69 1298.69 1298.69 1298.69 
1298.69 1298.69 1298.69 1298.69 1298.69 1298.69 1298.69 1298.69 1298.69 1298.69 
1298.69 1298.69 1298.69 1298.69 1298.69 1298.69 1298.69 1298.69 1298.69 1298.69 
1298.69 1298.69 1298.69 1298.69 1298.69 1298.69 1298.69 1298.69 1298.69 1254.81 
1254.81 1254.81 1254.81 1254.81 1254.81 1254.81 1254.81 1254.81 1254.81 1254.81 
1254.81 1254.81 1254.81 1254.81 1254.81 1254.81 1254.81 1254.81 1254.81 1254.81 
1254.81 1254.81 1254.81 1254.81 1254.81 1254.81 1254.81 1254.81 1254.81 1254.81 
1254.81 1254.81 1254.81 1254.81 1254.81 1254.81 1254.81 1254.81 1254.81 1254.81 
1254.81 1254.81 1254.81 1331.73 1331.73 1331.73 1331.73 1331.73 1331.73 1331.73 
1331.73 1331.73 1331.73 1331.73 1331.73 1331.73 1331.73 1331.73 1331.73 1331.73 
1331.73 1331.73 1331.73 1331.73 1331.73 1331.73 1331.73 1331.73 1331.73 1331.73 
1331.73 1331.73 1331.73 1331.73 1331.73 1331.73 1331.73 1331.73 1331.73 1331.73 
1331.73 1331.73 1331.73 1331.73 1331.73 1331.73 1331.73 1338.52 1338.52 1338.52 
1338.52 1338.52 1338.52 1338.52 1338.52 1338.52 1338.52 1338.52 1338.52 1338.52 
1338.52 1338.52 1338.52 1338.52 1338.52 1338.52 1338.52 1338.52 1338.52 1338.52 
1338.52 1338.52 1338.52 1338.52 1338.52 1338.52 1338.52 1338.52 1338.52 1338.52 
1338.52 1338.52 1338.52 1338.52 1338.52 1338.52 1338.52 1338.52 1338.52 1338.52 
1338.52 434.871 434.871 434.871 434.871 434.871 434.871 434.871 434.871 434.871 
434.871 434.871 434.871 434.871 434.871 434.871 434.871 434.871 434.871 434.871 
434.871 434.871 434.871 434.871 434.871 434.871 434.871 434.871 434.871 434.871 
434.871 434.871 434.871 434.871 434.871 434.871 434.871 434.871 434.871 434.871 
434.871 434.871 434.871 434.871 434.871 359.37 359.37 359.37 359.37 359.37 
359.37 359.37 359.37 359.37 359.37 359.37 359.37 359.37 359.37 359.37 
359.37 359.37 359.37 359.37 359.37 359.37 359.37 359.37 359.37 359.37 
359.37 359.37 359.37 359.37 359.37 359.37 359.37 359.37 359.37 359.37 
359.37 359.37 359.37 359.37 359.37 359.37 359.37 359.37 359.37 331.355 
331.355 331.355 331.355 331.355 331.355 331.355 331.355 331.355 331.355 331.355 
331.355 331.355 331.355 331.355 331.355 331.355 331.355 331.355 331.355 331.355 
331.355 331.355 331.355 331.355 331.355 331.355 331.355 331.355 331.355 331.355 
331.355 331.355 331.355 331.355 331.355 331.355 331.355 331.355 331.355 331.355 
331.355 331.355 331.355 330.071 330.071 330.071 330.071 330.071 330.071 330.071 
330.071 330.071 330.071 330.071 330.071 330.071 330.071 330.071 330.071 330.071 
330.071 330.071 330.071 330.071 330.071 330.071 330.071 330.071 330.071 330.071 
330.071 330.071 330.071 330.071 330.071 330.071 330.071 330.071 330.071 330.071 
330.071 330.071 330.071 330.071 330.071 330.071 330.071 382.055 382.055 382.055 
382.055 382.055 382.055 382.055 382.055 382.055 382.055 382.055 382.055 382.055 
382.055 382.055 382.055 382.055 382.055 382.055 382.055 382.055 382.055 382.055 
382.055 382.055 382.055 382.055 382.055 382.055 382.055 382.055 382.055 382.055 
382.055 382.055 382.055 382.055 382.055 382.055 382.055 382.055 382.055 382.055 
382.055 430.124 430.124 430.124 430.124 430.124 430.124 430.124 430.124 430.124 
430.124 430.124 430.124 430.124 430.124 430.124 430.124 430.124 430.124 430.124 
430.124 430.124 430.124 430.124 430.124 430.124 430.124 430.124 430.124 430.124 
430.124 430.124 430.124 430.124 430.124 430.124 430.124 430.124 430.124 430.124 
430.124 430.124 430.124 430.124 430.124 357.057 357.057 357.057 357.057 357.057 
357.057 357.057 357.057 357.057 357.057 357.057 357.057 357.057 357.057 357.057 
357.057 357.057 357.057 357.057 357.057 357.057 357.057 357.057 357.057 357.057 
357.057 357.057 357.057 357.057 357.057 357.057 357.057 357.057 357.057 357.057 
357.057 357.057 357.057 357.057 357.057 357.057 357.057 357.057 357.057 1220.17 
1220.17 1220.17 1220.17 1220.17 1220.17 1220.17 1220.17 1220.17 1220.17 1220.17 
1220.17 1220.17 1220.17 1220.17 1220.17 1220.17 1220.17 1220.17 1220.17 1220.17 
1220.17 1220.17 1220.17 1220.17 1220.17 1220.17 1220.17 1220.17 1220.17 1220.17 
1220.17 1220.17 1220.17 1220.17 1220.17 1220.17 1220.17 1220.17 1220.17 1220.17 
1220.17 1220.17 1220.17 1241.45 1241.45 1241.45 1241.45 1241.45 1241.45 1241.45 
1241.45 1241.45 1241.45 1241.45 1241.45 1241.45 1241.45 1241.45 1241.45 1241.45 
1241.45 1241.45 1241.45 1241.45 1241.45 1241.45 1241.45 1241.45 1241.45 1241.45 
1241.45 1241.45 1241.45 1241.45 1241.45 1241.45 1241.45 1241.45 1241.45 1241.45 
1241.45 1241.45 1241.45 1241.45 1241.45 1241.45 1241.45 1270.43 1270.43 1270.43 
1270.43 1270.43 1270.43 1270.43 1270.43 1270.43 1270.43 1270.43 1270.43 1270.43 
1270.43 1270.43 1270.43 1270.43 1270.43 1270.43 1270.43 1270.43 1270.43 1270.43 
1270.43 1270.43 1270.43 1270.43 1270.43 1270.43 1270.43 1270.43 1270.43 1270.43 
1270.43 1270.43 1270.43 1270.43 1270.43 1270.43 1270.43 1270.43 1270.43 1270.43 
1270.43 1299.9 1299.9 1299.9 1299.9 1299.9 1299.9 1299.9 1299.9 1299.9 
1299.9 1299.9 1299.9 1299.9 1299.9 1299.9 1299.9 1299.9 1299.9 1299.9 
1299.9 1299.9 1299.9 1299.9 1299.9 1299.9 1299.9 1299.9 1299.9 1299.9 
1299.9 1299.9 1299.9 1299.9 1299.9 1299.9 1299.9 1299.9 1299.9 1299.9 
1299.9 1299.9 1299.9 1299.9 1299.9 1333.84 1333.84 1333.84 1333.84 1333.84 
1333.84 1333.84 1333.84 1333.84 1333.84 1333.84 1333.84 1333.84 1333.84 1333.84 
1333.84 1333.84 1333.84 1333.84 1333.84 1333.84 1333.84 1333.84 1333.84 1333.84 
1333.84 1333.84 1333.84 1333.84 1333.84 1333.84 1333.84 1333.84 1333.84 1333.84 
1333.84 1333.84 1333.84 1333.84 1333.84 1333.84 1333.84 1333.84 1333.84 1363.91 
1363.91 1363.91 1363.91 1363.91 1363.91 1363.91 1363.91 1363.91 1363.91 1363.91 
1363.91 1363.91 1363.91 1363.91 1363.91 1363.91 1363.91 1363.91 1363.91 1363.91 
1363.91 1363.91 1363.91 1363.91 1363.91 1363.91 1363.91 1363.91 1363.91 1363.91 
1363.91 1363.91 1363.91 1363.91 1363.91 1363.91 1363.91 1363.91 1363.91 1363.91 
1363.91 1363.91 1363.91 1261.36 1261.36 1261.36 1261.36 1261.36 1261.36 1261.36 
1261.36 1261.36 1261.36 1261.36 1261.36 1261.36 1261.36 1261.36 1261.36 1261.36 
1261.36 1261.36 1261.36 1261.36 1261.36 1261.36 1261.36 1261.36 1261.36 1261.36 
1261.36 1261.36 1261.36 1261.36 1261.36 1261.36 1261.36 1261.36 1261.36 1261.36 
1261.36 1261.36 1261.36 1261.36 1261.36 1261.36 1261.36 1297.28 1297.28 1297.28 
1297.28 1297.28 1297.28 1297.28 1297.28 1297.28 1297.28 1297.28 1297.28 1297.28 
1297.28 1297.28 1297.28 1297.28 1297.28 1297.28 1297.28 1297.28 1297.28 1297.28 
1297.28 1297.28 1297.28 1297.28 1297.28 1297.28 1297.28 1297.28 1297.28 1297.28 
1297.28 1297.28 1297.28 1297.28 1297.28 1297.28 1297.28 1297.28 1297.28 1297.28 
1297.28 1217.3 1217.3 1217.3 1217.3 1217.3 1217.3 1217.3 1217.3 1217.3 
1217.3 1217.3 1217.3 1217.3 1217.3 1217.3 1217.3 1217.3 1217.3 1217.3 
1217.3 1217.3 1217.3 1217.3 1217.3 1217.3 1217.3 1217.3 1217.3 1217.3 
1217.3 1217.3 1217.3 1217.3 1217.3 1217.3 1217.3 1217.3 1217.3 1217.3 
1217.3 1217.3 1217.3 1217.3 1217.3 1335.05 1335.05 1335.05 1335.05 1335.05 
1335.05 1335.05 1335.05 1335.05 1335.05 1335.05 1335.05 1335.05 1335.05 1335.05 
1335.05 1335.05 1335.05 1335.05 1335.05 1335.05 1335.05 1335.05 1335.05 1335.05 
1335.05 1335.05 1335.05 1335.05 1335.05 1335.05 1335.05 1335.05 1335.05 1335.05 
1335.05 1335.05 1335.05 1335.05 1335.05 1335.05 1335.05 1335.05 1335.05 1316.42 
1316.42 1316.42 1316.42 1316.42 1316.42 1316.42 1316.42 1316.42 1316.42 1316.42 
1316.42 1316.42 1316.42 1316.42 1316.42 1316.42 1316.42 1316.42 1316.42 1316.42 
1316.42 1316.42 1316.42 1316.42 1316.42 1316.42 1316.42 1316.42 1316.42 1316.42 
1316.42 1316.42 1316.42 1316.42 1316.42 1316.42 1316.42 1316.42 1316.42 1316.42 
1316.42 1316.42 1316.42 1284.69 1284.69 1284.69 1284.69 1284.69 1284.69 1284.69 
1284.69 1284.69 1284.69 1284.69 1284.69 1284.69 1284.69 1284.69 1284.69 1284.69 
1284.69 1284.69 1284.69 1284.69 1284.69 1284.69 1284.69 1284.69 1284.69 1284.69 
1284.69 1284.69 1284.69 1284.69 1284.69 1284.69 1284.69 1284.69 1284.69 1284.69 
1284.69 1284.69 1284.69 1284.69 1284.69 1284.69 1284.69 
