# vtk DataFile Version 2.0
vtkObjects
ASCII
DATASET UNSTRUCTURED_GRID
POINTS 4280 float
-297.856 -53.7527 5462.86
-291.856 -53.7527 5462.86
-297.856 -47.7527 5462.86
-291.856 -47.7527 5462.86
-297.856 -53.7527 5468.86
-291.856 -53.7527 5468.86
-297.856 -47.7527 5468.86
-291.856 -47.7527 5468.86
-294.856 -52.6068 5461.01
-294.856 -48.8986 5461.01
-294.856 -52.6068 5470.72
-294.856 -48.8986 5470.72
-296.71 -55.6068 5465.86
-293.002 -55.6068 5465.86
-296.71 -45.8986 5465.86
-293.002 -45.8986 5465.86
-299.71 -50.7527 5464.01
-299.71 -50.7527 5467.72
-290.002 -50.7527 5464.01
-290.002 -50.7527 5467.72
-297.856 -53.7527 5177.57
-291.856 -53.7527 5177.57
-297.856 -47.7527 5177.57
-291.856 -47.7527 5177.57
-297.856 -53.7527 5183.57
-291.856 -53.7527 5183.57
-297.856 -47.7527 5183.57
-291.856 -47.7527 5183.57
-294.856 -52.6068 5175.72
-294.856 -48.8986 5175.72
-294.856 -52.6068 5185.42
-294.856 -48.8986 5185.42
-296.71 -55.6068 5180.57
-293.002 -55.6068 5180.57
-296.71 -45.8986 5180.57
-293.002 -45.8986 5180.57
-299.71 -50.7527 5178.72
-299.71 -50.7527 5182.42
-290.002 -50.7527 5178.72
-290.002 -50.7527 5182.42
48.4484 5.85566 5462.86
54.4484 5.85566 5462.86
48.4484 11.8557 5462.86
54.4484 11.8557 5462.86
48.4484 5.85566 5468.86
54.4484 5.85566 5468.86
48.4484 11.8557 5468.86
54.4484 11.8557 5468.86
51.4484 7.00156 5461.01
51.4484 10.7098 5461.01
51.4484 7.00156 5470.72
51.4484 10.7098 5470.72
49.5943 4.00156 5465.86
53.3025 4.00156 5465.86
49.5943 13.7098 5465.86
53.3025 13.7098 5465.86
46.5943 8.85566 5464.01
46.5943 8.85566 5467.72
56.3025 8.85566 5464.01
56.3025 8.85566 5467.72
48.4484 5.85566 5177.57
54.4484 5.85566 5177.57
48.4484 11.8557 5177.57
54.4484 11.8557 5177.57
48.4484 5.85566 5183.57
54.4484 5.85566 5183.57
48.4484 11.8557 5183.57
54.4484 11.8557 5183.57
51.4484 7.00156 5175.72
51.4484 10.7098 5175.72
51.4484 7.00156 5185.42
51.4484 10.7098 5185.42
49.5943 4.00156 5180.57
53.3025 4.00156 5180.57
49.5943 13.7098 5180.57
53.3025 13.7098 5180.57
46.5943 8.85566 5178.72
46.5943 8.85566 5182.42
56.3025 8.85566 5178.72
56.3025 8.85566 5182.42
-297.856 -53.7527 5177.57
-291.856 -53.7527 5177.57
-297.856 -47.7527 5177.57
-291.856 -47.7527 5177.57
-297.856 -53.7527 5183.57
-291.856 -53.7527 5183.57
-297.856 -47.7527 5183.57
-291.856 -47.7527 5183.57
-294.856 -52.6068 5175.72
-294.856 -48.8986 5175.72
-294.856 -52.6068 5185.42
-294.856 -48.8986 5185.42
-296.71 -55.6068 5180.57
-293.002 -55.6068 5180.57
-296.71 -45.8986 5180.57
-293.002 -45.8986 5180.57
-299.71 -50.7527 5178.72
-299.71 -50.7527 5182.42
-290.002 -50.7527 5178.72
-290.002 -50.7527 5182.42
-297.856 -53.7527 4903.09
-291.856 -53.7527 4903.09
-297.856 -47.7527 4903.09
-291.856 -47.7527 4903.09
-297.856 -53.7527 4909.09
-291.856 -53.7527 4909.09
-297.856 -47.7527 4909.09
-291.856 -47.7527 4909.09
-294.856 -52.6068 4901.24
-294.856 -48.8986 4901.24
-294.856 -52.6068 4910.95
-294.856 -48.8986 4910.95
-296.71 -55.6068 4906.09
-293.002 -55.6068 4906.09
-296.71 -45.8986 4906.09
-293.002 -45.8986 4906.09
-299.71 -50.7527 4904.24
-299.71 -50.7527 4907.95
-290.002 -50.7527 4904.24
-290.002 -50.7527 4907.95
-297.856 -53.7527 4903.09
-291.856 -53.7527 4903.09
-297.856 -47.7527 4903.09
-291.856 -47.7527 4903.09
-297.856 -53.7527 4909.09
-291.856 -53.7527 4909.09
-297.856 -47.7527 4909.09
-291.856 -47.7527 4909.09
-294.856 -52.6068 4901.24
-294.856 -48.8986 4901.24
-294.856 -52.6068 4910.95
-294.856 -48.8986 4910.95
-296.71 -55.6068 4906.09
-293.002 -55.6068 4906.09
-296.71 -45.8986 4906.09
-293.002 -45.8986 4906.09
-299.71 -50.7527 4904.24
-299.71 -50.7527 4907.95
-290.002 -50.7527 4904.24
-290.002 -50.7527 4907.95
-297.856 -53.7527 4628.61
-291.856 -53.7527 4628.61
-297.856 -47.7527 4628.61
-291.856 -47.7527 4628.61
-297.856 -53.7527 4634.61
-291.856 -53.7527 4634.61
-297.856 -47.7527 4634.61
-291.856 -47.7527 4634.61
-294.856 -52.6068 4626.76
-294.856 -48.8986 4626.76
-294.856 -52.6068 4636.47
-294.856 -48.8986 4636.47
-296.71 -55.6068 4631.61
-293.002 -55.6068 4631.61
-296.71 -45.8986 4631.61
-293.002 -45.8986 4631.61
-299.71 -50.7527 4629.76
-299.71 -50.7527 4633.47
-290.002 -50.7527 4629.76
-290.002 -50.7527 4633.47
-297.856 -53.7527 4628.61
-291.856 -53.7527 4628.61
-297.856 -47.7527 4628.61
-291.856 -47.7527 4628.61
-297.856 -53.7527 4634.61
-291.856 -53.7527 4634.61
-297.856 -47.7527 4634.61
-291.856 -47.7527 4634.61
-294.856 -52.6068 4626.76
-294.856 -48.8986 4626.76
-294.856 -52.6068 4636.47
-294.856 -48.8986 4636.47
-296.71 -55.6068 4631.61
-293.002 -55.6068 4631.61
-296.71 -45.8986 4631.61
-293.002 -45.8986 4631.61
-299.71 -50.7527 4629.76
-299.71 -50.7527 4633.47
-290.002 -50.7527 4629.76
-290.002 -50.7527 4633.47
-297.856 -53.7527 4354.13
-291.856 -53.7527 4354.13
-297.856 -47.7527 4354.13
-291.856 -47.7527 4354.13
-297.856 -53.7527 4360.13
-291.856 -53.7527 4360.13
-297.856 -47.7527 4360.13
-291.856 -47.7527 4360.13
-294.856 -52.6068 4352.28
-294.856 -48.8986 4352.28
-294.856 -52.6068 4361.99
-294.856 -48.8986 4361.99
-296.71 -55.6068 4357.13
-293.002 -55.6068 4357.13
-296.71 -45.8986 4357.13
-293.002 -45.8986 4357.13
-299.71 -50.7527 4355.28
-299.71 -50.7527 4358.99
-290.002 -50.7527 4355.28
-290.002 -50.7527 4358.99
-297.856 -53.7527 4354.13
-291.856 -53.7527 4354.13
-297.856 -47.7527 4354.13
-291.856 -47.7527 4354.13
-297.856 -53.7527 4360.13
-291.856 -53.7527 4360.13
-297.856 -47.7527 4360.13
-291.856 -47.7527 4360.13
-294.856 -52.6068 4352.28
-294.856 -48.8986 4352.28
-294.856 -52.6068 4361.99
-294.856 -48.8986 4361.99
-296.71 -55.6068 4357.13
-293.002 -55.6068 4357.13
-296.71 -45.8986 4357.13
-293.002 -45.8986 4357.13
-299.71 -50.7527 4355.28
-299.71 -50.7527 4358.99
-290.002 -50.7527 4355.28
-290.002 -50.7527 4358.99
-297.856 -53.7527 4079.66
-291.856 -53.7527 4079.66
-297.856 -47.7527 4079.66
-291.856 -47.7527 4079.66
-297.856 -53.7527 4085.66
-291.856 -53.7527 4085.66
-297.856 -47.7527 4085.66
-291.856 -47.7527 4085.66
-294.856 -52.6068 4077.8
-294.856 -48.8986 4077.8
-294.856 -52.6068 4087.51
-294.856 -48.8986 4087.51
-296.71 -55.6068 4082.66
-293.002 -55.6068 4082.66
-296.71 -45.8986 4082.66
-293.002 -45.8986 4082.66
-299.71 -50.7527 4080.8
-299.71 -50.7527 4084.51
-290.002 -50.7527 4080.8
-290.002 -50.7527 4084.51
-297.856 -53.7527 4079.66
-291.856 -53.7527 4079.66
-297.856 -47.7527 4079.66
-291.856 -47.7527 4079.66
-297.856 -53.7527 4085.66
-291.856 -53.7527 4085.66
-297.856 -47.7527 4085.66
-291.856 -47.7527 4085.66
-294.856 -52.6068 4077.8
-294.856 -48.8986 4077.8
-294.856 -52.6068 4087.51
-294.856 -48.8986 4087.51
-296.71 -55.6068 4082.66
-293.002 -55.6068 4082.66
-296.71 -45.8986 4082.66
-293.002 -45.8986 4082.66
-299.71 -50.7527 4080.8
-299.71 -50.7527 4084.51
-290.002 -50.7527 4080.8
-290.002 -50.7527 4084.51
-297.856 -53.7527 3805.18
-291.856 -53.7527 3805.18
-297.856 -47.7527 3805.18
-291.856 -47.7527 3805.18
-297.856 -53.7527 3811.18
-291.856 -53.7527 3811.18
-297.856 -47.7527 3811.18
-291.856 -47.7527 3811.18
-294.856 -52.6068 3803.32
-294.856 -48.8986 3803.32
-294.856 -52.6068 3813.03
-294.856 -48.8986 3813.03
-296.71 -55.6068 3808.18
-293.002 -55.6068 3808.18
-296.71 -45.8986 3808.18
-293.002 -45.8986 3808.18
-299.71 -50.7527 3806.32
-299.71 -50.7527 3810.03
-290.002 -50.7527 3806.32
-290.002 -50.7527 3810.03
-297.856 -53.7527 3805.18
-291.856 -53.7527 3805.18
-297.856 -47.7527 3805.18
-291.856 -47.7527 3805.18
-297.856 -53.7527 3811.18
-291.856 -53.7527 3811.18
-297.856 -47.7527 3811.18
-291.856 -47.7527 3811.18
-294.856 -52.6068 3803.32
-294.856 -48.8986 3803.32
-294.856 -52.6068 3813.03
-294.856 -48.8986 3813.03
-296.71 -55.6068 3808.18
-293.002 -55.6068 3808.18
-296.71 -45.8986 3808.18
-293.002 -45.8986 3808.18
-299.71 -50.7527 3806.32
-299.71 -50.7527 3810.03
-290.002 -50.7527 3806.32
-290.002 -50.7527 3810.03
-297.856 -53.7527 3530.7
-291.856 -53.7527 3530.7
-297.856 -47.7527 3530.7
-291.856 -47.7527 3530.7
-297.856 -53.7527 3536.7
-291.856 -53.7527 3536.7
-297.856 -47.7527 3536.7
-291.856 -47.7527 3536.7
-294.856 -52.6068 3528.85
-294.856 -48.8986 3528.85
-294.856 -52.6068 3538.55
-294.856 -48.8986 3538.55
-296.71 -55.6068 3533.7
-293.002 -55.6068 3533.7
-296.71 -45.8986 3533.7
-293.002 -45.8986 3533.7
-299.71 -50.7527 3531.85
-299.71 -50.7527 3535.55
-290.002 -50.7527 3531.85
-290.002 -50.7527 3535.55
-297.856 -53.7527 3530.7
-291.856 -53.7527 3530.7
-297.856 -47.7527 3530.7
-291.856 -47.7527 3530.7
-297.856 -53.7527 3536.7
-291.856 -53.7527 3536.7
-297.856 -47.7527 3536.7
-291.856 -47.7527 3536.7
-294.856 -52.6068 3528.85
-294.856 -48.8986 3528.85
-294.856 -52.6068 3538.55
-294.856 -48.8986 3538.55
-296.71 -55.6068 3533.7
-293.002 -55.6068 3533.7
-296.71 -45.8986 3533.7
-293.002 -45.8986 3533.7
-299.71 -50.7527 3531.85
-299.71 -50.7527 3535.55
-290.002 -50.7527 3531.85
-290.002 -50.7527 3535.55
-297.856 -53.7527 3256.22
-291.856 -53.7527 3256.22
-297.856 -47.7527 3256.22
-291.856 -47.7527 3256.22
-297.856 -53.7527 3262.22
-291.856 -53.7527 3262.22
-297.856 -47.7527 3262.22
-291.856 -47.7527 3262.22
-294.856 -52.6068 3254.37
-294.856 -48.8986 3254.37
-294.856 -52.6068 3264.07
-294.856 -48.8986 3264.07
-296.71 -55.6068 3259.22
-293.002 -55.6068 3259.22
-296.71 -45.8986 3259.22
-293.002 -45.8986 3259.22
-299.71 -50.7527 3257.37
-299.71 -50.7527 3261.07
-290.002 -50.7527 3257.37
-290.002 -50.7527 3261.07
-297.856 -53.7527 3256.22
-291.856 -53.7527 3256.22
-297.856 -47.7527 3256.22
-291.856 -47.7527 3256.22
-297.856 -53.7527 3262.22
-291.856 -53.7527 3262.22
-297.856 -47.7527 3262.22
-291.856 -47.7527 3262.22
-294.856 -52.6068 3254.37
-294.856 -48.8986 3254.37
-294.856 -52.6068 3264.07
-294.856 -48.8986 3264.07
-296.71 -55.6068 3259.22
-293.002 -55.6068 3259.22
-296.71 -45.8986 3259.22
-293.002 -45.8986 3259.22
-299.71 -50.7527 3257.37
-299.71 -50.7527 3261.07
-290.002 -50.7527 3257.37
-290.002 -50.7527 3261.07
-297.856 -53.7527 2981.74
-291.856 -53.7527 2981.74
-297.856 -47.7527 2981.74
-291.856 -47.7527 2981.74
-297.856 -53.7527 2987.74
-291.856 -53.7527 2987.74
-297.856 -47.7527 2987.74
-291.856 -47.7527 2987.74
-294.856 -52.6068 2979.89
-294.856 -48.8986 2979.89
-294.856 -52.6068 2989.6
-294.856 -48.8986 2989.6
-296.71 -55.6068 2984.74
-293.002 -55.6068 2984.74
-296.71 -45.8986 2984.74
-293.002 -45.8986 2984.74
-299.71 -50.7527 2982.89
-299.71 -50.7527 2986.6
-290.002 -50.7527 2982.89
-290.002 -50.7527 2986.6
-297.856 -53.7527 2981.74
-291.856 -53.7527 2981.74
-297.856 -47.7527 2981.74
-291.856 -47.7527 2981.74
-297.856 -53.7527 2987.74
-291.856 -53.7527 2987.74
-297.856 -47.7527 2987.74
-291.856 -47.7527 2987.74
-294.856 -52.6068 2979.89
-294.856 -48.8986 2979.89
-294.856 -52.6068 2989.6
-294.856 -48.8986 2989.6
-296.71 -55.6068 2984.74
-293.002 -55.6068 2984.74
-296.71 -45.8986 2984.74
-293.002 -45.8986 2984.74
-299.71 -50.7527 2982.89
-299.71 -50.7527 2986.6
-290.002 -50.7527 2982.89
-290.002 -50.7527 2986.6
-297.856 -53.7527 2707.26
-291.856 -53.7527 2707.26
-297.856 -47.7527 2707.26
-291.856 -47.7527 2707.26
-297.856 -53.7527 2713.26
-291.856 -53.7527 2713.26
-297.856 -47.7527 2713.26
-291.856 -47.7527 2713.26
-294.856 -52.6068 2705.41
-294.856 -48.8986 2705.41
-294.856 -52.6068 2715.12
-294.856 -48.8986 2715.12
-296.71 -55.6068 2710.26
-293.002 -55.6068 2710.26
-296.71 -45.8986 2710.26
-293.002 -45.8986 2710.26
-299.71 -50.7527 2708.41
-299.71 -50.7527 2712.12
-290.002 -50.7527 2708.41
-290.002 -50.7527 2712.12
-297.856 -53.7527 2707.26
-291.856 -53.7527 2707.26
-297.856 -47.7527 2707.26
-291.856 -47.7527 2707.26
-297.856 -53.7527 2713.26
-291.856 -53.7527 2713.26
-297.856 -47.7527 2713.26
-291.856 -47.7527 2713.26
-294.856 -52.6068 2705.41
-294.856 -48.8986 2705.41
-294.856 -52.6068 2715.12
-294.856 -48.8986 2715.12
-296.71 -55.6068 2710.26
-293.002 -55.6068 2710.26
-296.71 -45.8986 2710.26
-293.002 -45.8986 2710.26
-299.71 -50.7527 2708.41
-299.71 -50.7527 2712.12
-290.002 -50.7527 2708.41
-290.002 -50.7527 2712.12
-297.856 -53.7527 2432.79
-291.856 -53.7527 2432.79
-297.856 -47.7527 2432.79
-291.856 -47.7527 2432.79
-297.856 -53.7527 2438.79
-291.856 -53.7527 2438.79
-297.856 -47.7527 2438.79
-291.856 -47.7527 2438.79
-294.856 -52.6068 2430.93
-294.856 -48.8986 2430.93
-294.856 -52.6068 2440.64
-294.856 -48.8986 2440.64
-296.71 -55.6068 2435.79
-293.002 -55.6068 2435.79
-296.71 -45.8986 2435.79
-293.002 -45.8986 2435.79
-299.71 -50.7527 2433.93
-299.71 -50.7527 2437.64
-290.002 -50.7527 2433.93
-290.002 -50.7527 2437.64
-297.856 -53.7527 2432.79
-291.856 -53.7527 2432.79
-297.856 -47.7527 2432.79
-291.856 -47.7527 2432.79
-297.856 -53.7527 2438.79
-291.856 -53.7527 2438.79
-297.856 -47.7527 2438.79
-291.856 -47.7527 2438.79
-294.856 -52.6068 2430.93
-294.856 -48.8986 2430.93
-294.856 -52.6068 2440.64
-294.856 -48.8986 2440.64
-296.71 -55.6068 2435.79
-293.002 -55.6068 2435.79
-296.71 -45.8986 2435.79
-293.002 -45.8986 2435.79
-299.71 -50.7527 2433.93
-299.71 -50.7527 2437.64
-290.002 -50.7527 2433.93
-290.002 -50.7527 2437.64
-297.856 -53.7527 2158.31
-291.856 -53.7527 2158.31
-297.856 -47.7527 2158.31
-291.856 -47.7527 2158.31
-297.856 -53.7527 2164.31
-291.856 -53.7527 2164.31
-297.856 -47.7527 2164.31
-291.856 -47.7527 2164.31
-294.856 -52.6068 2156.45
-294.856 -48.8986 2156.45
-294.856 -52.6068 2166.16
-294.856 -48.8986 2166.16
-296.71 -55.6068 2161.31
-293.002 -55.6068 2161.31
-296.71 -45.8986 2161.31
-293.002 -45.8986 2161.31
-299.71 -50.7527 2159.45
-299.71 -50.7527 2163.16
-290.002 -50.7527 2159.45
-290.002 -50.7527 2163.16
-297.856 -53.7527 2158.31
-291.856 -53.7527 2158.31
-297.856 -47.7527 2158.31
-291.856 -47.7527 2158.31
-297.856 -53.7527 2164.31
-291.856 -53.7527 2164.31
-297.856 -47.7527 2164.31
-291.856 -47.7527 2164.31
-294.856 -52.6068 2156.45
-294.856 -48.8986 2156.45
-294.856 -52.6068 2166.16
-294.856 -48.8986 2166.16
-296.71 -55.6068 2161.31
-293.002 -55.6068 2161.31
-296.71 -45.8986 2161.31
-293.002 -45.8986 2161.31
-299.71 -50.7527 2159.45
-299.71 -50.7527 2163.16
-290.002 -50.7527 2159.45
-290.002 -50.7527 2163.16
-297.856 -53.7527 1883.83
-291.856 -53.7527 1883.83
-297.856 -47.7527 1883.83
-291.856 -47.7527 1883.83
-297.856 -53.7527 1889.83
-291.856 -53.7527 1889.83
-297.856 -47.7527 1889.83
-291.856 -47.7527 1889.83
-294.856 -52.6068 1881.97
-294.856 -48.8986 1881.97
-294.856 -52.6068 1891.68
-294.856 -48.8986 1891.68
-296.71 -55.6068 1886.83
-293.002 -55.6068 1886.83
-296.71 -45.8986 1886.83
-293.002 -45.8986 1886.83
-299.71 -50.7527 1884.97
-299.71 -50.7527 1888.68
-290.002 -50.7527 1884.97
-290.002 -50.7527 1888.68
-297.856 -53.7527 1883.83
-291.856 -53.7527 1883.83
-297.856 -47.7527 1883.83
-291.856 -47.7527 1883.83
-297.856 -53.7527 1889.83
-291.856 -53.7527 1889.83
-297.856 -47.7527 1889.83
-291.856 -47.7527 1889.83
-294.856 -52.6068 1881.97
-294.856 -48.8986 1881.97
-294.856 -52.6068 1891.68
-294.856 -48.8986 1891.68
-296.71 -55.6068 1886.83
-293.002 -55.6068 1886.83
-296.71 -45.8986 1886.83
-293.002 -45.8986 1886.83
-299.71 -50.7527 1884.97
-299.71 -50.7527 1888.68
-290.002 -50.7527 1884.97
-290.002 -50.7527 1888.68
-297.856 -53.7527 1609.35
-291.856 -53.7527 1609.35
-297.856 -47.7527 1609.35
-291.856 -47.7527 1609.35
-297.856 -53.7527 1615.35
-291.856 -53.7527 1615.35
-297.856 -47.7527 1615.35
-291.856 -47.7527 1615.35
-294.856 -52.6068 1607.5
-294.856 -48.8986 1607.5
-294.856 -52.6068 1617.2
-294.856 -48.8986 1617.2
-296.71 -55.6068 1612.35
-293.002 -55.6068 1612.35
-296.71 -45.8986 1612.35
-293.002 -45.8986 1612.35
-299.71 -50.7527 1610.5
-299.71 -50.7527 1614.2
-290.002 -50.7527 1610.5
-290.002 -50.7527 1614.2
-297.856 -53.7527 1609.35
-291.856 -53.7527 1609.35
-297.856 -47.7527 1609.35
-291.856 -47.7527 1609.35
-297.856 -53.7527 1615.35
-291.856 -53.7527 1615.35
-297.856 -47.7527 1615.35
-291.856 -47.7527 1615.35
-294.856 -52.6068 1607.5
-294.856 -48.8986 1607.5
-294.856 -52.6068 1617.2
-294.856 -48.8986 1617.2
-296.71 -55.6068 1612.35
-293.002 -55.6068 1612.35
-296.71 -45.8986 1612.35
-293.002 -45.8986 1612.35
-299.71 -50.7527 1610.5
-299.71 -50.7527 1614.2
-290.002 -50.7527 1610.5
-290.002 -50.7527 1614.2
-297.856 -53.7527 1334.87
-291.856 -53.7527 1334.87
-297.856 -47.7527 1334.87
-291.856 -47.7527 1334.87
-297.856 -53.7527 1340.87
-291.856 -53.7527 1340.87
-297.856 -47.7527 1340.87
-291.856 -47.7527 1340.87
-294.856 -52.6068 1333.02
-294.856 -48.8986 1333.02
-294.856 -52.6068 1342.72
-294.856 -48.8986 1342.72
-296.71 -55.6068 1337.87
-293.002 -55.6068 1337.87
-296.71 -45.8986 1337.87
-293.002 -45.8986 1337.87
-299.71 -50.7527 1336.02
-299.71 -50.7527 1339.72
-290.002 -50.7527 1336.02
-290.002 -50.7527 1339.72
-297.856 -53.7527 1334.87
-291.856 -53.7527 1334.87
-297.856 -47.7527 1334.87
-291.856 -47.7527 1334.87
-297.856 -53.7527 1340.87
-291.856 -53.7527 1340.87
-297.856 -47.7527 1340.87
-291.856 -47.7527 1340.87
-294.856 -52.6068 1333.02
-294.856 -48.8986 1333.02
-294.856 -52.6068 1342.72
-294.856 -48.8986 1342.72
-296.71 -55.6068 1337.87
-293.002 -55.6068 1337.87
-296.71 -45.8986 1337.87
-293.002 -45.8986 1337.87
-299.71 -50.7527 1336.02
-299.71 -50.7527 1339.72
-290.002 -50.7527 1336.02
-290.002 -50.7527 1339.72
-297.856 -53.7527 1060.39
-291.856 -53.7527 1060.39
-297.856 -47.7527 1060.39
-291.856 -47.7527 1060.39
-297.856 -53.7527 1066.39
-291.856 -53.7527 1066.39
-297.856 -47.7527 1066.39
-291.856 -47.7527 1066.39
-294.856 -52.6068 1058.54
-294.856 -48.8986 1058.54
-294.856 -52.6068 1068.25
-294.856 -48.8986 1068.25
-296.71 -55.6068 1063.39
-293.002 -55.6068 1063.39
-296.71 -45.8986 1063.39
-293.002 -45.8986 1063.39
-299.71 -50.7527 1061.54
-299.71 -50.7527 1065.25
-290.002 -50.7527 1061.54
-290.002 -50.7527 1065.25
-297.856 -53.7527 1060.39
-291.856 -53.7527 1060.39
-297.856 -47.7527 1060.39
-291.856 -47.7527 1060.39
-297.856 -53.7527 1066.39
-291.856 -53.7527 1066.39
-297.856 -47.7527 1066.39
-291.856 -47.7527 1066.39
-294.856 -52.6068 1058.54
-294.856 -48.8986 1058.54
-294.856 -52.6068 1068.25
-294.856 -48.8986 1068.25
-296.71 -55.6068 1063.39
-293.002 -55.6068 1063.39
-296.71 -45.8986 1063.39
-293.002 -45.8986 1063.39
-299.71 -50.7527 1061.54
-299.71 -50.7527 1065.25
-290.002 -50.7527 1061.54
-290.002 -50.7527 1065.25
-297.856 -53.7527 785.914
-291.856 -53.7527 785.914
-297.856 -47.7527 785.914
-291.856 -47.7527 785.914
-297.856 -53.7527 791.914
-291.856 -53.7527 791.914
-297.856 -47.7527 791.914
-291.856 -47.7527 791.914
-294.856 -52.6068 784.06
-294.856 -48.8986 784.06
-294.856 -52.6068 793.768
-294.856 -48.8986 793.768
-296.71 -55.6068 788.914
-293.002 -55.6068 788.914
-296.71 -45.8986 788.914
-293.002 -45.8986 788.914
-299.71 -50.7527 787.06
-299.71 -50.7527 790.768
-290.002 -50.7527 787.06
-290.002 -50.7527 790.768
-297.856 -53.7527 785.914
-291.856 -53.7527 785.914
-297.856 -47.7527 785.914
-291.856 -47.7527 785.914
-297.856 -53.7527 791.914
-291.856 -53.7527 791.914
-297.856 -47.7527 791.914
-291.856 -47.7527 791.914
-294.856 -52.6068 784.06
-294.856 -48.8986 784.06
-294.856 -52.6068 793.768
-294.856 -48.8986 793.768
-296.71 -55.6068 788.914
-293.002 -55.6068 788.914
-296.71 -45.8986 788.914
-293.002 -45.8986 788.914
-299.71 -50.7527 787.06
-299.71 -50.7527 790.768
-290.002 -50.7527 787.06
-290.002 -50.7527 790.768
-297.856 -53.7527 511.435
-291.856 -53.7527 511.435
-297.856 -47.7527 511.435
-291.856 -47.7527 511.435
-297.856 -53.7527 517.435
-291.856 -53.7527 517.435
-297.856 -47.7527 517.435
-291.856 -47.7527 517.435
-294.856 -52.6068 509.581
-294.856 -48.8986 509.581
-294.856 -52.6068 519.289
-294.856 -48.8986 519.289
-296.71 -55.6068 514.435
-293.002 -55.6068 514.435
-296.71 -45.8986 514.435
-293.002 -45.8986 514.435
-299.71 -50.7527 512.581
-299.71 -50.7527 516.289
-290.002 -50.7527 512.581
-290.002 -50.7527 516.289
-297.856 -53.7527 511.435
-291.856 -53.7527 511.435
-297.856 -47.7527 511.435
-291.856 -47.7527 511.435
-297.856 -53.7527 517.435
-291.856 -53.7527 517.435
-297.856 -47.7527 517.435
-291.856 -47.7527 517.435
-294.856 -52.6068 509.581
-294.856 -48.8986 509.581
-294.856 -52.6068 519.289
-294.856 -48.8986 519.289
-296.71 -55.6068 514.435
-293.002 -55.6068 514.435
-296.71 -45.8986 514.435
-293.002 -45.8986 514.435
-299.71 -50.7527 512.581
-299.71 -50.7527 516.289
-290.002 -50.7527 512.581
-290.002 -50.7527 516.289
-297.856 -53.7527 236.957
-291.856 -53.7527 236.957
-297.856 -47.7527 236.957
-291.856 -47.7527 236.957
-297.856 -53.7527 242.957
-291.856 -53.7527 242.957
-297.856 -47.7527 242.957
-291.856 -47.7527 242.957
-294.856 -52.6068 235.103
-294.856 -48.8986 235.103
-294.856 -52.6068 244.811
-294.856 -48.8986 244.811
-296.71 -55.6068 239.957
-293.002 -55.6068 239.957
-296.71 -45.8986 239.957
-293.002 -45.8986 239.957
-299.71 -50.7527 238.103
-299.71 -50.7527 241.811
-290.002 -50.7527 238.103
-290.002 -50.7527 241.811
-297.856 -53.7527 236.957
-291.856 -53.7527 236.957
-297.856 -47.7527 236.957
-291.856 -47.7527 236.957
-297.856 -53.7527 242.957
-291.856 -53.7527 242.957
-297.856 -47.7527 242.957
-291.856 -47.7527 242.957
-294.856 -52.6068 235.103
-294.856 -48.8986 235.103
-294.856 -52.6068 244.811
-294.856 -48.8986 244.811
-296.71 -55.6068 239.957
-293.002 -55.6068 239.957
-296.71 -45.8986 239.957
-293.002 -45.8986 239.957
-299.71 -50.7527 238.103
-299.71 -50.7527 241.811
-290.002 -50.7527 238.103
-290.002 -50.7527 241.811
-101.285 -19.9176 76.9856
-95.2853 -19.9176 76.9856
-101.285 -13.9176 76.9856
-95.2853 -13.9176 76.9856
-101.285 -19.9176 82.9856
-95.2853 -19.9176 82.9856
-101.285 -13.9176 82.9856
-95.2853 -13.9176 82.9856
-98.2853 -18.7717 75.1315
-98.2853 -15.0635 75.1315
-98.2853 -18.7717 84.8397
-98.2853 -15.0635 84.8397
-100.139 -21.7717 79.9856
-96.4312 -21.7717 79.9856
-100.139 -12.0635 79.9856
-96.4312 -12.0635 79.9856
-103.139 -16.9176 78.1315
-103.139 -16.9176 81.8397
-93.4312 -16.9176 78.1315
-93.4312 -16.9176 81.8397
-101.285 -19.9176 76.9856
-95.2853 -19.9176 76.9856
-101.285 -13.9176 76.9856
-95.2853 -13.9176 76.9856
-101.285 -19.9176 82.9856
-95.2853 -19.9176 82.9856
-101.285 -13.9176 82.9856
-95.2853 -13.9176 82.9856
-98.2853 -18.7717 75.1315
-98.2853 -15.0635 75.1315
-98.2853 -18.7717 84.8397
-98.2853 -15.0635 84.8397
-100.139 -21.7717 79.9856
-96.4312 -21.7717 79.9856
-100.139 -12.0635 79.9856
-96.4312 -12.0635 79.9856
-103.139 -16.9176 78.1315
-103.139 -16.9176 81.8397
-93.4312 -16.9176 78.1315
-93.4312 -16.9176 81.8397
95.2853 13.9176 -82.9856
101.285 13.9176 -82.9856
95.2853 19.9176 -82.9856
101.285 19.9176 -82.9856
95.2853 13.9176 -76.9856
101.285 13.9176 -76.9856
95.2853 19.9176 -76.9856
101.285 19.9176 -76.9856
98.2853 15.0635 -84.8397
98.2853 18.7717 -84.8397
98.2853 15.0635 -75.1315
98.2853 18.7717 -75.1315
96.4312 12.0635 -79.9856
100.139 12.0635 -79.9856
96.4312 21.7717 -79.9856
100.139 21.7717 -79.9856
93.4312 16.9176 -81.8397
93.4312 16.9176 -78.1315
103.139 16.9176 -81.8397
103.139 16.9176 -78.1315
95.2853 13.9176 -82.9856
101.285 13.9176 -82.9856
95.2853 19.9176 -82.9856
101.285 19.9176 -82.9856
95.2853 13.9176 -76.9856
101.285 13.9176 -76.9856
95.2853 19.9176 -76.9856
101.285 19.9176 -76.9856
98.2853 15.0635 -84.8397
98.2853 18.7717 -84.8397
98.2853 15.0635 -75.1315
98.2853 18.7717 -75.1315
96.4312 12.0635 -79.9856
100.139 12.0635 -79.9856
96.4312 21.7717 -79.9856
100.139 21.7717 -79.9856
93.4312 16.9176 -81.8397
93.4312 16.9176 -78.1315
103.139 16.9176 -81.8397
103.139 16.9176 -78.1315
291.856 47.7527 -242.957
297.856 47.7527 -242.957
291.856 53.7527 -242.957
297.856 53.7527 -242.957
291.856 47.7527 -236.957
297.856 47.7527 -236.957
291.856 53.7527 -236.957
297.856 53.7527 -236.957
294.856 48.8986 -244.811
294.856 52.6068 -244.811
294.856 48.8986 -235.103
294.856 52.6068 -235.103
293.002 45.8986 -239.957
296.71 45.8986 -239.957
293.002 55.6068 -239.957
296.71 55.6068 -239.957
290.002 50.7527 -241.811
290.002 50.7527 -238.103
299.71 50.7527 -241.811
299.71 50.7527 -238.103
48.4484 5.85566 5177.57
54.4484 5.85566 5177.57
48.4484 11.8557 5177.57
54.4484 11.8557 5177.57
48.4484 5.85566 5183.57
54.4484 5.85566 5183.57
48.4484 11.8557 5183.57
54.4484 11.8557 5183.57
51.4484 7.00156 5175.72
51.4484 10.7098 5175.72
51.4484 7.00156 5185.42
51.4484 10.7098 5185.42
49.5943 4.00156 5180.57
53.3025 4.00156 5180.57
49.5943 13.7098 5180.57
53.3025 13.7098 5180.57
46.5943 8.85566 5178.72
46.5943 8.85566 5182.42
56.3025 8.85566 5178.72
56.3025 8.85566 5182.42
48.4484 5.85566 4896.87
54.4484 5.85566 4896.87
48.4484 11.8557 4896.87
54.4484 11.8557 4896.87
48.4484 5.85566 4902.87
54.4484 5.85566 4902.87
48.4484 11.8557 4902.87
54.4484 11.8557 4902.87
51.4484 7.00156 4895.01
51.4484 10.7098 4895.01
51.4484 7.00156 4904.72
51.4484 10.7098 4904.72
49.5943 4.00156 4899.87
53.3025 4.00156 4899.87
49.5943 13.7098 4899.87
53.3025 13.7098 4899.87
46.5943 8.85566 4898.01
46.5943 8.85566 4901.72
56.3025 8.85566 4898.01
56.3025 8.85566 4901.72
48.4484 5.85566 4896.87
54.4484 5.85566 4896.87
48.4484 11.8557 4896.87
54.4484 11.8557 4896.87
48.4484 5.85566 4902.87
54.4484 5.85566 4902.87
48.4484 11.8557 4902.87
54.4484 11.8557 4902.87
51.4484 7.00156 4895.01
51.4484 10.7098 4895.01
51.4484 7.00156 4904.72
51.4484 10.7098 4904.72
49.5943 4.00156 4899.87
53.3025 4.00156 4899.87
49.5943 13.7098 4899.87
53.3025 13.7098 4899.87
46.5943 8.85566 4898.01
46.5943 8.85566 4901.72
56.3025 8.85566 4898.01
56.3025 8.85566 4901.72
48.4484 5.85566 4616.16
54.4484 5.85566 4616.16
48.4484 11.8557 4616.16
54.4484 11.8557 4616.16
48.4484 5.85566 4622.16
54.4484 5.85566 4622.16
48.4484 11.8557 4622.16
54.4484 11.8557 4622.16
51.4484 7.00156 4614.31
51.4484 10.7098 4614.31
51.4484 7.00156 4624.01
51.4484 10.7098 4624.01
49.5943 4.00156 4619.16
53.3025 4.00156 4619.16
49.5943 13.7098 4619.16
53.3025 13.7098 4619.16
46.5943 8.85566 4617.31
46.5943 8.85566 4621.01
56.3025 8.85566 4617.31
56.3025 8.85566 4621.01
48.4484 5.85566 4616.16
54.4484 5.85566 4616.16
48.4484 11.8557 4616.16
54.4484 11.8557 4616.16
48.4484 5.85566 4622.16
54.4484 5.85566 4622.16
48.4484 11.8557 4622.16
54.4484 11.8557 4622.16
51.4484 7.00156 4614.31
51.4484 10.7098 4614.31
51.4484 7.00156 4624.01
51.4484 10.7098 4624.01
49.5943 4.00156 4619.16
53.3025 4.00156 4619.16
49.5943 13.7098 4619.16
53.3025 13.7098 4619.16
46.5943 8.85566 4617.31
46.5943 8.85566 4621.01
56.3025 8.85566 4617.31
56.3025 8.85566 4621.01
48.4484 5.85566 4335.45
54.4484 5.85566 4335.45
48.4484 11.8557 4335.45
54.4484 11.8557 4335.45
48.4484 5.85566 4341.45
54.4484 5.85566 4341.45
48.4484 11.8557 4341.45
54.4484 11.8557 4341.45
51.4484 7.00156 4333.6
51.4484 10.7098 4333.6
51.4484 7.00156 4343.31
51.4484 10.7098 4343.31
49.5943 4.00156 4338.45
53.3025 4.00156 4338.45
49.5943 13.7098 4338.45
53.3025 13.7098 4338.45
46.5943 8.85566 4336.6
46.5943 8.85566 4340.31
56.3025 8.85566 4336.6
56.3025 8.85566 4340.31
48.4484 5.85566 4335.45
54.4484 5.85566 4335.45
48.4484 11.8557 4335.45
54.4484 11.8557 4335.45
48.4484 5.85566 4341.45
54.4484 5.85566 4341.45
48.4484 11.8557 4341.45
54.4484 11.8557 4341.45
51.4484 7.00156 4333.6
51.4484 10.7098 4333.6
51.4484 7.00156 4343.31
51.4484 10.7098 4343.31
49.5943 4.00156 4338.45
53.3025 4.00156 4338.45
49.5943 13.7098 4338.45
53.3025 13.7098 4338.45
46.5943 8.85566 4336.6
46.5943 8.85566 4340.31
56.3025 8.85566 4336.6
56.3025 8.85566 4340.31
48.4484 5.85566 4054.75
54.4484 5.85566 4054.75
48.4484 11.8557 4054.75
54.4484 11.8557 4054.75
48.4484 5.85566 4060.75
54.4484 5.85566 4060.75
48.4484 11.8557 4060.75
54.4484 11.8557 4060.75
51.4484 7.00156 4052.9
51.4484 10.7098 4052.9
51.4484 7.00156 4062.6
51.4484 10.7098 4062.6
49.5943 4.00156 4057.75
53.3025 4.00156 4057.75
49.5943 13.7098 4057.75
53.3025 13.7098 4057.75
46.5943 8.85566 4055.9
46.5943 8.85566 4059.6
56.3025 8.85566 4055.9
56.3025 8.85566 4059.6
48.4484 5.85566 4054.75
54.4484 5.85566 4054.75
48.4484 11.8557 4054.75
54.4484 11.8557 4054.75
48.4484 5.85566 4060.75
54.4484 5.85566 4060.75
48.4484 11.8557 4060.75
54.4484 11.8557 4060.75
51.4484 7.00156 4052.9
51.4484 10.7098 4052.9
51.4484 7.00156 4062.6
51.4484 10.7098 4062.6
49.5943 4.00156 4057.75
53.3025 4.00156 4057.75
49.5943 13.7098 4057.75
53.3025 13.7098 4057.75
46.5943 8.85566 4055.9
46.5943 8.85566 4059.6
56.3025 8.85566 4055.9
56.3025 8.85566 4059.6
48.4484 5.85566 3774.04
54.4484 5.85566 3774.04
48.4484 11.8557 3774.04
54.4484 11.8557 3774.04
48.4484 5.85566 3780.04
54.4484 5.85566 3780.04
48.4484 11.8557 3780.04
54.4484 11.8557 3780.04
51.4484 7.00156 3772.19
51.4484 10.7098 3772.19
51.4484 7.00156 3781.9
51.4484 10.7098 3781.9
49.5943 4.00156 3777.04
53.3025 4.00156 3777.04
49.5943 13.7098 3777.04
53.3025 13.7098 3777.04
46.5943 8.85566 3775.19
46.5943 8.85566 3778.9
56.3025 8.85566 3775.19
56.3025 8.85566 3778.9
48.4484 5.85566 3774.04
54.4484 5.85566 3774.04
48.4484 11.8557 3774.04
54.4484 11.8557 3774.04
48.4484 5.85566 3780.04
54.4484 5.85566 3780.04
48.4484 11.8557 3780.04
54.4484 11.8557 3780.04
51.4484 7.00156 3772.19
51.4484 10.7098 3772.19
51.4484 7.00156 3781.9
51.4484 10.7098 3781.9
49.5943 4.00156 3777.04
53.3025 4.00156 3777.04
49.5943 13.7098 3777.04
53.3025 13.7098 3777.04
46.5943 8.85566 3775.19
46.5943 8.85566 3778.9
56.3025 8.85566 3775.19
56.3025 8.85566 3778.9
48.4484 5.85566 3493.34
54.4484 5.85566 3493.34
48.4484 11.8557 3493.34
54.4484 11.8557 3493.34
48.4484 5.85566 3499.34
54.4484 5.85566 3499.34
48.4484 11.8557 3499.34
54.4484 11.8557 3499.34
51.4484 7.00156 3491.48
51.4484 10.7098 3491.48
51.4484 7.00156 3501.19
51.4484 10.7098 3501.19
49.5943 4.00156 3496.34
53.3025 4.00156 3496.34
49.5943 13.7098 3496.34
53.3025 13.7098 3496.34
46.5943 8.85566 3494.48
46.5943 8.85566 3498.19
56.3025 8.85566 3494.48
56.3025 8.85566 3498.19
48.4484 5.85566 3493.34
54.4484 5.85566 3493.34
48.4484 11.8557 3493.34
54.4484 11.8557 3493.34
48.4484 5.85566 3499.34
54.4484 5.85566 3499.34
48.4484 11.8557 3499.34
54.4484 11.8557 3499.34
51.4484 7.00156 3491.48
51.4484 10.7098 3491.48
51.4484 7.00156 3501.19
51.4484 10.7098 3501.19
49.5943 4.00156 3496.34
53.3025 4.00156 3496.34
49.5943 13.7098 3496.34
53.3025 13.7098 3496.34
46.5943 8.85566 3494.48
46.5943 8.85566 3498.19
56.3025 8.85566 3494.48
56.3025 8.85566 3498.19
48.4484 5.85566 3212.63
54.4484 5.85566 3212.63
48.4484 11.8557 3212.63
54.4484 11.8557 3212.63
48.4484 5.85566 3218.63
54.4484 5.85566 3218.63
48.4484 11.8557 3218.63
54.4484 11.8557 3218.63
51.4484 7.00156 3210.78
51.4484 10.7098 3210.78
51.4484 7.00156 3220.49
51.4484 10.7098 3220.49
49.5943 4.00156 3215.63
53.3025 4.00156 3215.63
49.5943 13.7098 3215.63
53.3025 13.7098 3215.63
46.5943 8.85566 3213.78
46.5943 8.85566 3217.49
56.3025 8.85566 3213.78
56.3025 8.85566 3217.49
48.4484 5.85566 3212.63
54.4484 5.85566 3212.63
48.4484 11.8557 3212.63
54.4484 11.8557 3212.63
48.4484 5.85566 3218.63
54.4484 5.85566 3218.63
48.4484 11.8557 3218.63
54.4484 11.8557 3218.63
51.4484 7.00156 3210.78
51.4484 10.7098 3210.78
51.4484 7.00156 3220.49
51.4484 10.7098 3220.49
49.5943 4.00156 3215.63
53.3025 4.00156 3215.63
49.5943 13.7098 3215.63
53.3025 13.7098 3215.63
46.5943 8.85566 3213.78
46.5943 8.85566 3217.49
56.3025 8.85566 3213.78
56.3025 8.85566 3217.49
48.4484 5.85566 2931.93
54.4484 5.85566 2931.93
48.4484 11.8557 2931.93
54.4484 11.8557 2931.93
48.4484 5.85566 2937.93
54.4484 5.85566 2937.93
48.4484 11.8557 2937.93
54.4484 11.8557 2937.93
51.4484 7.00156 2930.07
51.4484 10.7098 2930.07
51.4484 7.00156 2939.78
51.4484 10.7098 2939.78
49.5943 4.00156 2934.93
53.3025 4.00156 2934.93
49.5943 13.7098 2934.93
53.3025 13.7098 2934.93
46.5943 8.85566 2933.07
46.5943 8.85566 2936.78
56.3025 8.85566 2933.07
56.3025 8.85566 2936.78
48.4484 5.85566 2931.93
54.4484 5.85566 2931.93
48.4484 11.8557 2931.93
54.4484 11.8557 2931.93
48.4484 5.85566 2937.93
54.4484 5.85566 2937.93
48.4484 11.8557 2937.93
54.4484 11.8557 2937.93
51.4484 7.00156 2930.07
51.4484 10.7098 2930.07
51.4484 7.00156 2939.78
51.4484 10.7098 2939.78
49.5943 4.00156 2934.93
53.3025 4.00156 2934.93
49.5943 13.7098 2934.93
53.3025 13.7098 2934.93
46.5943 8.85566 2933.07
46.5943 8.85566 2936.78
56.3025 8.85566 2933.07
56.3025 8.85566 2936.78
48.4484 5.85566 2651.22
54.4484 5.85566 2651.22
48.4484 11.8557 2651.22
54.4484 11.8557 2651.22
48.4484 5.85566 2657.22
54.4484 5.85566 2657.22
48.4484 11.8557 2657.22
54.4484 11.8557 2657.22
51.4484 7.00156 2649.37
51.4484 10.7098 2649.37
51.4484 7.00156 2659.08
51.4484 10.7098 2659.08
49.5943 4.00156 2654.22
53.3025 4.00156 2654.22
49.5943 13.7098 2654.22
53.3025 13.7098 2654.22
46.5943 8.85566 2652.37
46.5943 8.85566 2656.08
56.3025 8.85566 2652.37
56.3025 8.85566 2656.08
48.4484 5.85566 2651.22
54.4484 5.85566 2651.22
48.4484 11.8557 2651.22
54.4484 11.8557 2651.22
48.4484 5.85566 2657.22
54.4484 5.85566 2657.22
48.4484 11.8557 2657.22
54.4484 11.8557 2657.22
51.4484 7.00156 2649.37
51.4484 10.7098 2649.37
51.4484 7.00156 2659.08
51.4484 10.7098 2659.08
49.5943 4.00156 2654.22
53.3025 4.00156 2654.22
49.5943 13.7098 2654.22
53.3025 13.7098 2654.22
46.5943 8.85566 2652.37
46.5943 8.85566 2656.08
56.3025 8.85566 2652.37
56.3025 8.85566 2656.08
48.4484 5.85566 2370.52
54.4484 5.85566 2370.52
48.4484 11.8557 2370.52
54.4484 11.8557 2370.52
48.4484 5.85566 2376.52
54.4484 5.85566 2376.52
48.4484 11.8557 2376.52
54.4484 11.8557 2376.52
51.4484 7.00156 2368.66
51.4484 10.7098 2368.66
51.4484 7.00156 2378.37
51.4484 10.7098 2378.37
49.5943 4.00156 2373.52
53.3025 4.00156 2373.52
49.5943 13.7098 2373.52
53.3025 13.7098 2373.52
46.5943 8.85566 2371.66
46.5943 8.85566 2375.37
56.3025 8.85566 2371.66
56.3025 8.85566 2375.37
48.4484 5.85566 2370.52
54.4484 5.85566 2370.52
48.4484 11.8557 2370.52
54.4484 11.8557 2370.52
48.4484 5.85566 2376.52
54.4484 5.85566 2376.52
48.4484 11.8557 2376.52
54.4484 11.8557 2376.52
51.4484 7.00156 2368.66
51.4484 10.7098 2368.66
51.4484 7.00156 2378.37
51.4484 10.7098 2378.37
49.5943 4.00156 2373.52
53.3025 4.00156 2373.52
49.5943 13.7098 2373.52
53.3025 13.7098 2373.52
46.5943 8.85566 2371.66
46.5943 8.85566 2375.37
56.3025 8.85566 2371.66
56.3025 8.85566 2375.37
48.4484 5.85566 2089.81
54.4484 5.85566 2089.81
48.4484 11.8557 2089.81
54.4484 11.8557 2089.81
48.4484 5.85566 2095.81
54.4484 5.85566 2095.81
48.4484 11.8557 2095.81
54.4484 11.8557 2095.81
51.4484 7.00156 2087.96
51.4484 10.7098 2087.96
51.4484 7.00156 2097.67
51.4484 10.7098 2097.67
49.5943 4.00156 2092.81
53.3025 4.00156 2092.81
49.5943 13.7098 2092.81
53.3025 13.7098 2092.81
46.5943 8.85566 2090.96
46.5943 8.85566 2094.67
56.3025 8.85566 2090.96
56.3025 8.85566 2094.67
48.4484 5.85566 2089.81
54.4484 5.85566 2089.81
48.4484 11.8557 2089.81
54.4484 11.8557 2089.81
48.4484 5.85566 2095.81
54.4484 5.85566 2095.81
48.4484 11.8557 2095.81
54.4484 11.8557 2095.81
51.4484 7.00156 2087.96
51.4484 10.7098 2087.96
51.4484 7.00156 2097.67
51.4484 10.7098 2097.67
49.5943 4.00156 2092.81
53.3025 4.00156 2092.81
49.5943 13.7098 2092.81
53.3025 13.7098 2092.81
46.5943 8.85566 2090.96
46.5943 8.85566 2094.67
56.3025 8.85566 2090.96
56.3025 8.85566 2094.67
48.4484 5.85566 1809.11
54.4484 5.85566 1809.11
48.4484 11.8557 1809.11
54.4484 11.8557 1809.11
48.4484 5.85566 1815.11
54.4484 5.85566 1815.11
48.4484 11.8557 1815.11
54.4484 11.8557 1815.11
51.4484 7.00156 1807.25
51.4484 10.7098 1807.25
51.4484 7.00156 1816.96
51.4484 10.7098 1816.96
49.5943 4.00156 1812.11
53.3025 4.00156 1812.11
49.5943 13.7098 1812.11
53.3025 13.7098 1812.11
46.5943 8.85566 1810.25
46.5943 8.85566 1813.96
56.3025 8.85566 1810.25
56.3025 8.85566 1813.96
48.4484 5.85566 1809.11
54.4484 5.85566 1809.11
48.4484 11.8557 1809.11
54.4484 11.8557 1809.11
48.4484 5.85566 1815.11
54.4484 5.85566 1815.11
48.4484 11.8557 1815.11
54.4484 11.8557 1815.11
51.4484 7.00156 1807.25
51.4484 10.7098 1807.25
51.4484 7.00156 1816.96
51.4484 10.7098 1816.96
49.5943 4.00156 1812.11
53.3025 4.00156 1812.11
49.5943 13.7098 1812.11
53.3025 13.7098 1812.11
46.5943 8.85566 1810.25
46.5943 8.85566 1813.96
56.3025 8.85566 1810.25
56.3025 8.85566 1813.96
48.4484 5.85566 1528.4
54.4484 5.85566 1528.4
48.4484 11.8557 1528.4
54.4484 11.8557 1528.4
48.4484 5.85566 1534.4
54.4484 5.85566 1534.4
48.4484 11.8557 1534.4
54.4484 11.8557 1534.4
51.4484 7.00156 1526.55
51.4484 10.7098 1526.55
51.4484 7.00156 1536.26
51.4484 10.7098 1536.26
49.5943 4.00156 1531.4
53.3025 4.00156 1531.4
49.5943 13.7098 1531.4
53.3025 13.7098 1531.4
46.5943 8.85566 1529.55
46.5943 8.85566 1533.26
56.3025 8.85566 1529.55
56.3025 8.85566 1533.26
48.4484 5.85566 1528.4
54.4484 5.85566 1528.4
48.4484 11.8557 1528.4
54.4484 11.8557 1528.4
48.4484 5.85566 1534.4
54.4484 5.85566 1534.4
48.4484 11.8557 1534.4
54.4484 11.8557 1534.4
51.4484 7.00156 1526.55
51.4484 10.7098 1526.55
51.4484 7.00156 1536.26
51.4484 10.7098 1536.26
49.5943 4.00156 1531.4
53.3025 4.00156 1531.4
49.5943 13.7098 1531.4
53.3025 13.7098 1531.4
46.5943 8.85566 1529.55
46.5943 8.85566 1533.26
56.3025 8.85566 1529.55
56.3025 8.85566 1533.26
48.4484 5.85566 1247.7
54.4484 5.85566 1247.7
48.4484 11.8557 1247.7
54.4484 11.8557 1247.7
48.4484 5.85566 1253.7
54.4484 5.85566 1253.7
48.4484 11.8557 1253.7
54.4484 11.8557 1253.7
51.4484 7.00156 1245.84
51.4484 10.7098 1245.84
51.4484 7.00156 1255.55
51.4484 10.7098 1255.55
49.5943 4.00156 1250.7
53.3025 4.00156 1250.7
49.5943 13.7098 1250.7
53.3025 13.7098 1250.7
46.5943 8.85566 1248.84
46.5943 8.85566 1252.55
56.3025 8.85566 1248.84
56.3025 8.85566 1252.55
48.4484 5.85566 1247.7
54.4484 5.85566 1247.7
48.4484 11.8557 1247.7
54.4484 11.8557 1247.7
48.4484 5.85566 1253.7
54.4484 5.85566 1253.7
48.4484 11.8557 1253.7
54.4484 11.8557 1253.7
51.4484 7.00156 1245.84
51.4484 10.7098 1245.84
51.4484 7.00156 1255.55
51.4484 10.7098 1255.55
49.5943 4.00156 1250.7
53.3025 4.00156 1250.7
49.5943 13.7098 1250.7
53.3025 13.7098 1250.7
46.5943 8.85566 1248.84
46.5943 8.85566 1252.55
56.3025 8.85566 1248.84
56.3025 8.85566 1252.55
48.4484 5.85566 966.992
54.4484 5.85566 966.992
48.4484 11.8557 966.992
54.4484 11.8557 966.992
48.4484 5.85566 972.992
54.4484 5.85566 972.992
48.4484 11.8557 972.992
54.4484 11.8557 972.992
51.4484 7.00156 965.138
51.4484 10.7098 965.138
51.4484 7.00156 974.846
51.4484 10.7098 974.846
49.5943 4.00156 969.992
53.3025 4.00156 969.992
49.5943 13.7098 969.992
53.3025 13.7098 969.992
46.5943 8.85566 968.138
46.5943 8.85566 971.846
56.3025 8.85566 968.138
56.3025 8.85566 971.846
48.4484 5.85566 966.992
54.4484 5.85566 966.992
48.4484 11.8557 966.992
54.4484 11.8557 966.992
48.4484 5.85566 972.992
54.4484 5.85566 972.992
48.4484 11.8557 972.992
54.4484 11.8557 972.992
51.4484 7.00156 965.138
51.4484 10.7098 965.138
51.4484 7.00156 974.846
51.4484 10.7098 974.846
49.5943 4.00156 969.992
53.3025 4.00156 969.992
49.5943 13.7098 969.992
53.3025 13.7098 969.992
46.5943 8.85566 968.138
46.5943 8.85566 971.846
56.3025 8.85566 968.138
56.3025 8.85566 971.846
48.4484 5.85566 686.287
54.4484 5.85566 686.287
48.4484 11.8557 686.287
54.4484 11.8557 686.287
48.4484 5.85566 692.287
54.4484 5.85566 692.287
48.4484 11.8557 692.287
54.4484 11.8557 692.287
51.4484 7.00156 684.432
51.4484 10.7098 684.432
51.4484 7.00156 694.141
51.4484 10.7098 694.141
49.5943 4.00156 689.287
53.3025 4.00156 689.287
49.5943 13.7098 689.287
53.3025 13.7098 689.287
46.5943 8.85566 687.432
46.5943 8.85566 691.141
56.3025 8.85566 687.432
56.3025 8.85566 691.141
48.4484 5.85566 686.287
54.4484 5.85566 686.287
48.4484 11.8557 686.287
54.4484 11.8557 686.287
48.4484 5.85566 692.287
54.4484 5.85566 692.287
48.4484 11.8557 692.287
54.4484 11.8557 692.287
51.4484 7.00156 684.432
51.4484 10.7098 684.432
51.4484 7.00156 694.141
51.4484 10.7098 694.141
49.5943 4.00156 689.287
53.3025 4.00156 689.287
49.5943 13.7098 689.287
53.3025 13.7098 689.287
46.5943 8.85566 687.432
46.5943 8.85566 691.141
56.3025 8.85566 687.432
56.3025 8.85566 691.141
48.4484 5.85566 405.581
54.4484 5.85566 405.581
48.4484 11.8557 405.581
54.4484 11.8557 405.581
48.4484 5.85566 411.581
54.4484 5.85566 411.581
48.4484 11.8557 411.581
54.4484 11.8557 411.581
51.4484 7.00156 403.727
51.4484 10.7098 403.727
51.4484 7.00156 413.435
51.4484 10.7098 413.435
49.5943 4.00156 408.581
53.3025 4.00156 408.581
49.5943 13.7098 408.581
53.3025 13.7098 408.581
46.5943 8.85566 406.727
46.5943 8.85566 410.435
56.3025 8.85566 406.727
56.3025 8.85566 410.435
48.4484 5.85566 405.581
54.4484 5.85566 405.581
48.4484 11.8557 405.581
54.4484 11.8557 405.581
48.4484 5.85566 411.581
54.4484 5.85566 411.581
48.4484 11.8557 411.581
54.4484 11.8557 411.581
51.4484 7.00156 403.727
51.4484 10.7098 403.727
51.4484 7.00156 413.435
51.4484 10.7098 413.435
49.5943 4.00156 408.581
53.3025 4.00156 408.581
49.5943 13.7098 408.581
53.3025 13.7098 408.581
46.5943 8.85566 406.727
46.5943 8.85566 410.435
56.3025 8.85566 406.727
56.3025 8.85566 410.435
170.152 26.8042 306.538
176.152 26.8042 306.538
170.152 32.8042 306.538
176.152 32.8042 306.538
170.152 26.8042 312.538
176.152 26.8042 312.538
170.152 32.8042 312.538
176.152 32.8042 312.538
173.152 27.9501 304.683
173.152 31.6583 304.683
173.152 27.9501 314.392
173.152 31.6583 314.392
171.298 24.9501 309.538
175.006 24.9501 309.538
171.298 34.6583 309.538
175.006 34.6583 309.538
168.298 29.8042 307.683
168.298 29.8042 311.392
178.006 29.8042 307.683
178.006 29.8042 311.392
170.152 26.8042 306.538
176.152 26.8042 306.538
170.152 32.8042 306.538
176.152 32.8042 306.538
170.152 26.8042 312.538
176.152 26.8042 312.538
170.152 32.8042 312.538
176.152 32.8042 312.538
173.152 27.9501 304.683
173.152 31.6583 304.683
173.152 27.9501 314.392
173.152 31.6583 314.392
171.298 24.9501 309.538
175.006 24.9501 309.538
171.298 34.6583 309.538
175.006 34.6583 309.538
168.298 29.8042 307.683
168.298 29.8042 311.392
178.006 29.8042 307.683
178.006 29.8042 311.392
291.856 47.7527 207.494
297.856 47.7527 207.494
291.856 53.7527 207.494
297.856 53.7527 207.494
291.856 47.7527 213.494
297.856 47.7527 213.494
291.856 53.7527 213.494
297.856 53.7527 213.494
294.856 48.8986 205.64
294.856 52.6068 205.64
294.856 48.8986 215.348
294.856 52.6068 215.348
293.002 45.8986 210.494
296.71 45.8986 210.494
293.002 55.6068 210.494
296.71 55.6068 210.494
290.002 50.7527 208.64
290.002 50.7527 212.348
299.71 50.7527 208.64
299.71 50.7527 212.348
291.856 47.7527 -242.957
297.856 47.7527 -242.957
291.856 53.7527 -242.957
297.856 53.7527 -242.957
291.856 47.7527 -236.957
297.856 47.7527 -236.957
291.856 53.7527 -236.957
297.856 53.7527 -236.957
294.856 48.8986 -244.811
294.856 52.6068 -244.811
294.856 48.8986 -235.103
294.856 52.6068 -235.103
293.002 45.8986 -239.957
296.71 45.8986 -239.957
293.002 55.6068 -239.957
296.71 55.6068 -239.957
290.002 50.7527 -241.811
290.002 50.7527 -238.103
299.71 50.7527 -241.811
299.71 50.7527 -238.103
291.856 47.7527 207.494
297.856 47.7527 207.494
291.856 53.7527 207.494
297.856 53.7527 207.494
291.856 47.7527 213.494
297.856 47.7527 213.494
291.856 53.7527 213.494
297.856 53.7527 213.494
294.856 48.8986 205.64
294.856 52.6068 205.64
294.856 48.8986 215.348
294.856 52.6068 215.348
293.002 45.8986 210.494
296.71 45.8986 210.494
293.002 55.6068 210.494
296.71 55.6068 210.494
290.002 50.7527 208.64
290.002 50.7527 212.348
299.71 50.7527 208.64
299.71 50.7527 212.348
48.4484 5.85566 405.581
54.4484 5.85566 405.581
48.4484 11.8557 405.581
54.4484 11.8557 405.581
48.4484 5.85566 411.581
54.4484 5.85566 411.581
48.4484 11.8557 411.581
54.4484 11.8557 411.581
51.4484 7.00156 403.727
51.4484 10.7098 403.727
51.4484 7.00156 413.435
51.4484 10.7098 413.435
49.5943 4.00156 408.581
53.3025 4.00156 408.581
49.5943 13.7098 408.581
53.3025 13.7098 408.581
46.5943 8.85566 406.727
46.5943 8.85566 410.435
56.3025 8.85566 406.727
56.3025 8.85566 410.435
108.057 -340.449 405.581
114.057 -340.449 405.581
108.057 -334.449 405.581
114.057 -334.449 405.581
108.057 -340.449 411.581
114.057 -340.449 411.581
108.057 -334.449 411.581
114.057 -334.449 411.581
111.057 -339.303 403.727
111.057 -335.594 403.727
111.057 -339.303 413.435
111.057 -335.594 413.435
109.203 -342.303 408.581
112.911 -342.303 408.581
109.203 -332.594 408.581
112.911 -332.594 408.581
106.203 -337.449 406.727
106.203 -337.449 410.435
115.911 -337.449 406.727
115.911 -337.449 410.435
48.4484 5.85566 405.581
54.4484 5.85566 405.581
48.4484 11.8557 405.581
54.4484 11.8557 405.581
48.4484 5.85566 411.581
54.4484 5.85566 411.581
48.4484 11.8557 411.581
54.4484 11.8557 411.581
51.4484 7.00156 403.727
51.4484 10.7098 403.727
51.4484 7.00156 413.435
51.4484 10.7098 413.435
49.5943 4.00156 408.581
53.3025 4.00156 408.581
49.5943 13.7098 408.581
53.3025 13.7098 408.581
46.5943 8.85566 406.727
46.5943 8.85566 410.435
56.3025 8.85566 406.727
56.3025 8.85566 410.435
-11.16 352.16 405.581
-5.15998 352.16 405.581
-11.16 358.16 405.581
-5.15998 358.16 405.581
-11.16 352.16 411.581
-5.15998 352.16 411.581
-11.16 358.16 411.581
-5.15998 358.16 411.581
-8.15998 353.306 403.727
-8.15998 357.014 403.727
-8.15998 353.306 413.435
-8.15998 357.014 413.435
-10.0141 350.306 408.581
-6.30588 350.306 408.581
-10.0141 360.014 408.581
-6.30588 360.014 408.581
-13.0141 355.16 406.727
-13.0141 355.16 410.435
-3.30588 355.16 406.727
-3.30588 355.16 410.435
-297.856 -53.7527 236.957
-291.856 -53.7527 236.957
-297.856 -47.7527 236.957
-291.856 -47.7527 236.957
-297.856 -53.7527 242.957
-291.856 -53.7527 242.957
-297.856 -47.7527 242.957
-291.856 -47.7527 242.957
-294.856 -52.6068 235.103
-294.856 -48.8986 235.103
-294.856 -52.6068 244.811
-294.856 -48.8986 244.811
-296.71 -55.6068 239.957
-293.002 -55.6068 239.957
-296.71 -45.8986 239.957
-293.002 -45.8986 239.957
-299.71 -50.7527 238.103
-299.71 -50.7527 241.811
-290.002 -50.7527 238.103
-290.002 -50.7527 241.811
-238.248 -400.057 236.957
-232.248 -400.057 236.957
-238.248 -394.057 236.957
-232.248 -394.057 236.957
-238.248 -400.057 242.957
-232.248 -400.057 242.957
-238.248 -394.057 242.957
-232.248 -394.057 242.957
-235.248 -398.911 235.103
-235.248 -395.203 235.103
-235.248 -398.911 244.811
-235.248 -395.203 244.811
-237.102 -401.911 239.957
-233.393 -401.911 239.957
-237.102 -392.203 239.957
-233.393 -392.203 239.957
-240.102 -397.057 238.103
-240.102 -397.057 241.811
-230.393 -397.057 238.103
-230.393 -397.057 241.811
-297.856 -53.7527 236.957
-291.856 -53.7527 236.957
-297.856 -47.7527 236.957
-291.856 -47.7527 236.957
-297.856 -53.7527 242.957
-291.856 -53.7527 242.957
-297.856 -47.7527 242.957
-291.856 -47.7527 242.957
-294.856 -52.6068 235.103
-294.856 -48.8986 235.103
-294.856 -52.6068 244.811
-294.856 -48.8986 244.811
-296.71 -55.6068 239.957
-293.002 -55.6068 239.957
-296.71 -45.8986 239.957
-293.002 -45.8986 239.957
-299.71 -50.7527 238.103
-299.71 -50.7527 241.811
-290.002 -50.7527 238.103
-290.002 -50.7527 241.811
-357.464 292.552 236.957
-351.464 292.552 236.957
-357.464 298.552 236.957
-351.464 298.552 236.957
-357.464 292.552 242.957
-351.464 292.552 242.957
-357.464 298.552 242.957
-351.464 298.552 242.957
-354.464 293.697 235.103
-354.464 297.406 235.103
-354.464 293.697 244.811
-354.464 297.406 244.811
-356.318 290.697 239.957
-352.61 290.697 239.957
-356.318 300.406 239.957
-352.61 300.406 239.957
-359.318 295.552 238.103
-359.318 295.552 241.811
-349.61 295.552 238.103
-349.61 295.552 241.811
-238.248 -400.057 236.957
-232.248 -400.057 236.957
-238.248 -394.057 236.957
-232.248 -394.057 236.957
-238.248 -400.057 242.957
-232.248 -400.057 242.957
-238.248 -394.057 242.957
-232.248 -394.057 242.957
-235.248 -398.911 235.103
-235.248 -395.203 235.103
-235.248 -398.911 244.811
-235.248 -395.203 244.811
-237.102 -401.911 239.957
-233.393 -401.911 239.957
-237.102 -392.203 239.957
-233.393 -392.203 239.957
-240.102 -397.057 238.103
-240.102 -397.057 241.811
-230.393 -397.057 238.103
-230.393 -397.057 241.811
-41.6769 -366.222 76.9856
-35.6769 -366.222 76.9856
-41.6769 -360.222 76.9856
-35.6769 -360.222 76.9856
-41.6769 -366.222 82.9856
-35.6769 -366.222 82.9856
-41.6769 -360.222 82.9856
-35.6769 -360.222 82.9856
-38.6769 -365.076 75.1315
-38.6769 -361.368 75.1315
-38.6769 -365.076 84.8397
-38.6769 -361.368 84.8397
-40.531 -368.076 79.9856
-36.8228 -368.076 79.9856
-40.531 -358.368 79.9856
-36.8228 -358.368 79.9856
-43.531 -363.222 78.1315
-43.531 -363.222 81.8397
-33.8228 -363.222 78.1315
-33.8228 -363.222 81.8397
-41.6769 -366.222 76.9856
-35.6769 -366.222 76.9856
-41.6769 -360.222 76.9856
-35.6769 -360.222 76.9856
-41.6769 -366.222 82.9856
-35.6769 -366.222 82.9856
-41.6769 -360.222 82.9856
-35.6769 -360.222 82.9856
-38.6769 -365.076 75.1315
-38.6769 -361.368 75.1315
-38.6769 -365.076 84.8397
-38.6769 -361.368 84.8397
-40.531 -368.076 79.9856
-36.8228 -368.076 79.9856
-40.531 -358.368 79.9856
-36.8228 -358.368 79.9856
-43.531 -363.222 78.1315
-43.531 -363.222 81.8397
-33.8228 -363.222 78.1315
-33.8228 -363.222 81.8397
154.894 -332.387 -82.9856
160.894 -332.387 -82.9856
154.894 -326.387 -82.9856
160.894 -326.387 -82.9856
154.894 -332.387 -76.9856
160.894 -332.387 -76.9856
154.894 -326.387 -76.9856
160.894 -326.387 -76.9856
157.894 -331.241 -84.8397
157.894 -327.533 -84.8397
157.894 -331.241 -75.1315
157.894 -327.533 -75.1315
156.04 -334.241 -79.9856
159.748 -334.241 -79.9856
156.04 -324.533 -79.9856
159.748 -324.533 -79.9856
153.04 -329.387 -81.8397
153.04 -329.387 -78.1315
162.748 -329.387 -81.8397
162.748 -329.387 -78.1315
154.894 -332.387 -82.9856
160.894 -332.387 -82.9856
154.894 -326.387 -82.9856
160.894 -326.387 -82.9856
154.894 -332.387 -76.9856
160.894 -332.387 -76.9856
154.894 -326.387 -76.9856
160.894 -326.387 -76.9856
157.894 -331.241 -84.8397
157.894 -327.533 -84.8397
157.894 -331.241 -75.1315
157.894 -327.533 -75.1315
156.04 -334.241 -79.9856
159.748 -334.241 -79.9856
156.04 -324.533 -79.9856
159.748 -324.533 -79.9856
153.04 -329.387 -81.8397
153.04 -329.387 -78.1315
162.748 -329.387 -81.8397
162.748 -329.387 -78.1315
351.464 -298.552 -242.957
357.464 -298.552 -242.957
351.464 -292.552 -242.957
357.464 -292.552 -242.957
351.464 -298.552 -236.957
357.464 -298.552 -236.957
351.464 -292.552 -236.957
357.464 -292.552 -236.957
354.464 -297.406 -244.811
354.464 -293.697 -244.811
354.464 -297.406 -235.103
354.464 -293.697 -235.103
352.61 -300.406 -239.957
356.318 -300.406 -239.957
352.61 -290.697 -239.957
356.318 -290.697 -239.957
349.61 -295.552 -241.811
349.61 -295.552 -238.103
359.318 -295.552 -241.811
359.318 -295.552 -238.103
108.057 -340.449 405.581
114.057 -340.449 405.581
108.057 -334.449 405.581
114.057 -334.449 405.581
108.057 -340.449 411.581
114.057 -340.449 411.581
108.057 -334.449 411.581
114.057 -334.449 411.581
111.057 -339.303 403.727
111.057 -335.594 403.727
111.057 -339.303 413.435
111.057 -335.594 413.435
109.203 -342.303 408.581
112.911 -342.303 408.581
109.203 -332.594 408.581
112.911 -332.594 408.581
106.203 -337.449 406.727
106.203 -337.449 410.435
115.911 -337.449 406.727
115.911 -337.449 410.435
229.76 -319.5 306.538
235.76 -319.5 306.538
229.76 -313.5 306.538
235.76 -313.5 306.538
229.76 -319.5 312.538
235.76 -319.5 312.538
229.76 -313.5 312.538
235.76 -313.5 312.538
232.76 -318.354 304.683
232.76 -314.646 304.683
232.76 -318.354 314.392
232.76 -314.646 314.392
230.906 -321.354 309.538
234.615 -321.354 309.538
230.906 -311.646 309.538
234.615 -311.646 309.538
227.906 -316.5 307.683
227.906 -316.5 311.392
237.615 -316.5 307.683
237.615 -316.5 311.392
229.76 -319.5 306.538
235.76 -319.5 306.538
229.76 -313.5 306.538
235.76 -313.5 306.538
229.76 -319.5 312.538
235.76 -319.5 312.538
229.76 -313.5 312.538
235.76 -313.5 312.538
232.76 -318.354 304.683
232.76 -314.646 304.683
232.76 -318.354 314.392
232.76 -314.646 314.392
230.906 -321.354 309.538
234.615 -321.354 309.538
230.906 -311.646 309.538
234.615 -311.646 309.538
227.906 -316.5 307.683
227.906 -316.5 311.392
237.615 -316.5 307.683
237.615 -316.5 311.392
351.464 -298.552 207.494
357.464 -298.552 207.494
351.464 -292.552 207.494
357.464 -292.552 207.494
351.464 -298.552 213.494
357.464 -298.552 213.494
351.464 -292.552 213.494
357.464 -292.552 213.494
354.464 -297.406 205.64
354.464 -293.697 205.64
354.464 -297.406 215.348
354.464 -293.697 215.348
352.61 -300.406 210.494
356.318 -300.406 210.494
352.61 -290.697 210.494
356.318 -290.697 210.494
349.61 -295.552 208.64
349.61 -295.552 212.348
359.318 -295.552 208.64
359.318 -295.552 212.348
351.464 -298.552 -242.957
357.464 -298.552 -242.957
351.464 -292.552 -242.957
357.464 -292.552 -242.957
351.464 -298.552 -236.957
357.464 -298.552 -236.957
351.464 -292.552 -236.957
357.464 -292.552 -236.957
354.464 -297.406 -244.811
354.464 -293.697 -244.811
354.464 -297.406 -235.103
354.464 -293.697 -235.103
352.61 -300.406 -239.957
356.318 -300.406 -239.957
352.61 -290.697 -239.957
356.318 -290.697 -239.957
349.61 -295.552 -241.811
349.61 -295.552 -238.103
359.318 -295.552 -241.811
359.318 -295.552 -238.103
351.464 -298.552 207.494
357.464 -298.552 207.494
351.464 -292.552 207.494
357.464 -292.552 207.494
351.464 -298.552 213.494
357.464 -298.552 213.494
351.464 -292.552 213.494
357.464 -292.552 213.494
354.464 -297.406 205.64
354.464 -293.697 205.64
354.464 -297.406 215.348
354.464 -293.697 215.348
352.61 -300.406 210.494
356.318 -300.406 210.494
352.61 -290.697 210.494
356.318 -290.697 210.494
349.61 -295.552 208.64
349.61 -295.552 212.348
359.318 -295.552 208.64
359.318 -295.552 212.348
-357.464 292.552 236.957
-351.464 292.552 236.957
-357.464 298.552 236.957
-351.464 298.552 236.957
-357.464 292.552 242.957
-351.464 292.552 242.957
-357.464 298.552 242.957
-351.464 298.552 242.957
-354.464 293.697 235.103
-354.464 297.406 235.103
-354.464 293.697 244.811
-354.464 297.406 244.811
-356.318 290.697 239.957
-352.61 290.697 239.957
-356.318 300.406 239.957
-352.61 300.406 239.957
-359.318 295.552 238.103
-359.318 295.552 241.811
-349.61 295.552 238.103
-349.61 295.552 241.811
-160.894 326.387 76.9856
-154.894 326.387 76.9856
-160.894 332.387 76.9856
-154.894 332.387 76.9856
-160.894 326.387 82.9856
-154.894 326.387 82.9856
-160.894 332.387 82.9856
-154.894 332.387 82.9856
-157.894 327.533 75.1315
-157.894 331.241 75.1315
-157.894 327.533 84.8397
-157.894 331.241 84.8397
-159.748 324.533 79.9856
-156.04 324.533 79.9856
-159.748 334.241 79.9856
-156.04 334.241 79.9856
-162.748 329.387 78.1315
-162.748 329.387 81.8397
-153.04 329.387 78.1315
-153.04 329.387 81.8397
-160.894 326.387 76.9856
-154.894 326.387 76.9856
-160.894 332.387 76.9856
-154.894 332.387 76.9856
-160.894 326.387 82.9856
-154.894 326.387 82.9856
-160.894 332.387 82.9856
-154.894 332.387 82.9856
-157.894 327.533 75.1315
-157.894 331.241 75.1315
-157.894 327.533 84.8397
-157.894 331.241 84.8397
-159.748 324.533 79.9856
-156.04 324.533 79.9856
-159.748 334.241 79.9856
-156.04 334.241 79.9856
-162.748 329.387 78.1315
-162.748 329.387 81.8397
-153.04 329.387 78.1315
-153.04 329.387 81.8397
35.6769 360.222 -82.9856
41.6769 360.222 -82.9856
35.6769 366.222 -82.9856
41.6769 366.222 -82.9856
35.6769 360.222 -76.9856
41.6769 360.222 -76.9856
35.6769 366.222 -76.9856
41.6769 366.222 -76.9856
38.6769 361.368 -84.8397
38.6769 365.076 -84.8397
38.6769 361.368 -75.1315
38.6769 365.076 -75.1315
36.8228 358.368 -79.9856
40.531 358.368 -79.9856
36.8228 368.076 -79.9856
40.531 368.076 -79.9856
33.8228 363.222 -81.8397
33.8228 363.222 -78.1315
43.531 363.222 -81.8397
43.531 363.222 -78.1315
35.6769 360.222 -82.9856
41.6769 360.222 -82.9856
35.6769 366.222 -82.9856
41.6769 366.222 -82.9856
35.6769 360.222 -76.9856
41.6769 360.222 -76.9856
35.6769 366.222 -76.9856
41.6769 366.222 -76.9856
38.6769 361.368 -84.8397
38.6769 365.076 -84.8397
38.6769 361.368 -75.1315
38.6769 365.076 -75.1315
36.8228 358.368 -79.9856
40.531 358.368 -79.9856
36.8228 368.076 -79.9856
40.531 368.076 -79.9856
33.8228 363.222 -81.8397
33.8228 363.222 -78.1315
43.531 363.222 -81.8397
43.531 363.222 -78.1315
232.248 394.057 -242.957
238.248 394.057 -242.957
232.248 400.057 -242.957
238.248 400.057 -242.957
232.248 394.057 -236.957
238.248 394.057 -236.957
232.248 400.057 -236.957
238.248 400.057 -236.957
235.248 395.203 -244.811
235.248 398.911 -244.811
235.248 395.203 -235.103
235.248 398.911 -235.103
233.393 392.203 -239.957
237.102 392.203 -239.957
233.393 401.911 -239.957
237.102 401.911 -239.957
230.393 397.057 -241.811
230.393 397.057 -238.103
240.102 397.057 -241.811
240.102 397.057 -238.103
-11.16 352.16 405.581
-5.15998 352.16 405.581
-11.16 358.16 405.581
-5.15998 358.16 405.581
-11.16 352.16 411.581
-5.15998 352.16 411.581
-11.16 358.16 411.581
-5.15998 358.16 411.581
-8.15998 353.306 403.727
-8.15998 357.014 403.727
-8.15998 353.306 413.435
-8.15998 357.014 413.435
-10.0141 350.306 408.581
-6.30588 350.306 408.581
-10.0141 360.014 408.581
-6.30588 360.014 408.581
-13.0141 355.16 406.727
-13.0141 355.16 410.435
-3.30588 355.16 406.727
-3.30588 355.16 410.435
110.544 373.108 306.538
116.544 373.108 306.538
110.544 379.108 306.538
116.544 379.108 306.538
110.544 373.108 312.538
116.544 373.108 312.538
110.544 379.108 312.538
116.544 379.108 312.538
113.544 374.254 304.683
113.544 377.963 304.683
113.544 374.254 314.392
113.544 377.963 314.392
111.69 371.254 309.538
115.398 371.254 309.538
111.69 380.963 309.538
115.398 380.963 309.538
108.69 376.108 307.683
108.69 376.108 311.392
118.398 376.108 307.683
118.398 376.108 311.392
110.544 373.108 306.538
116.544 373.108 306.538
110.544 379.108 306.538
116.544 379.108 306.538
110.544 373.108 312.538
116.544 373.108 312.538
110.544 379.108 312.538
116.544 379.108 312.538
113.544 374.254 304.683
113.544 377.963 304.683
113.544 374.254 314.392
113.544 377.963 314.392
111.69 371.254 309.538
115.398 371.254 309.538
111.69 380.963 309.538
115.398 380.963 309.538
108.69 376.108 307.683
108.69 376.108 311.392
118.398 376.108 307.683
118.398 376.108 311.392
232.248 394.057 207.494
238.248 394.057 207.494
232.248 400.057 207.494
238.248 400.057 207.494
232.248 394.057 213.494
238.248 394.057 213.494
232.248 400.057 213.494
238.248 400.057 213.494
235.248 395.203 205.64
235.248 398.911 205.64
235.248 395.203 215.348
235.248 398.911 215.348
233.393 392.203 210.494
237.102 392.203 210.494
233.393 401.911 210.494
237.102 401.911 210.494
230.393 397.057 208.64
230.393 397.057 212.348
240.102 397.057 208.64
240.102 397.057 212.348
232.248 394.057 -242.957
238.248 394.057 -242.957
232.248 400.057 -242.957
238.248 400.057 -242.957
232.248 394.057 -236.957
238.248 394.057 -236.957
232.248 400.057 -236.957
238.248 400.057 -236.957
235.248 395.203 -244.811
235.248 398.911 -244.811
235.248 395.203 -235.103
235.248 398.911 -235.103
233.393 392.203 -239.957
237.102 392.203 -239.957
233.393 401.911 -239.957
237.102 401.911 -239.957
230.393 397.057 -241.811
230.393 397.057 -238.103
240.102 397.057 -241.811
240.102 397.057 -238.103
232.248 394.057 207.494
238.248 394.057 207.494
232.248 400.057 207.494
238.248 400.057 207.494
232.248 394.057 213.494
238.248 394.057 213.494
232.248 400.057 213.494
238.248 400.057 213.494
235.248 395.203 205.64
235.248 398.911 205.64
235.248 395.203 215.348
235.248 398.911 215.348
233.393 392.203 210.494
237.102 392.203 210.494
233.393 401.911 210.494
237.102 401.911 210.494
230.393 397.057 208.64
230.393 397.057 212.348
240.102 397.057 208.64
240.102 397.057 212.348
48.4484 5.85566 405.581
54.4484 5.85566 405.581
48.4484 11.8557 405.581
54.4484 11.8557 405.581
48.4484 5.85566 411.581
54.4484 5.85566 411.581
48.4484 11.8557 411.581
54.4484 11.8557 411.581
51.4484 7.00156 403.727
51.4484 10.7098 403.727
51.4484 7.00156 413.435
51.4484 10.7098 413.435
49.5943 4.00156 408.581
53.3025 4.00156 408.581
49.5943 13.7098 408.581
53.3025 13.7098 408.581
46.5943 8.85566 406.727
46.5943 8.85566 410.435
56.3025 8.85566 406.727
56.3025 8.85566 410.435
167.665 -686.753 405.581
173.665 -686.753 405.581
167.665 -680.753 405.581
173.665 -680.753 405.581
167.665 -686.753 411.581
173.665 -686.753 411.581
167.665 -680.753 411.581
173.665 -680.753 411.581
170.665 -685.607 403.727
170.665 -681.899 403.727
170.665 -685.607 413.435
170.665 -681.899 413.435
168.811 -688.607 408.581
172.519 -688.607 408.581
168.811 -678.899 408.581
172.519 -678.899 408.581
165.811 -683.753 406.727
165.811 -683.753 410.435
175.519 -683.753 406.727
175.519 -683.753 410.435
48.4484 5.85566 405.581
54.4484 5.85566 405.581
48.4484 11.8557 405.581
54.4484 11.8557 405.581
48.4484 5.85566 411.581
54.4484 5.85566 411.581
48.4484 11.8557 411.581
54.4484 11.8557 411.581
51.4484 7.00156 403.727
51.4484 10.7098 403.727
51.4484 7.00156 413.435
51.4484 10.7098 413.435
49.5943 4.00156 408.581
53.3025 4.00156 408.581
49.5943 13.7098 408.581
53.3025 13.7098 408.581
46.5943 8.85566 406.727
46.5943 8.85566 410.435
56.3025 8.85566 406.727
56.3025 8.85566 410.435
-70.7683 698.464 405.581
-64.7683 698.464 405.581
-70.7683 704.464 405.581
-64.7683 704.464 405.581
-70.7683 698.464 411.581
-64.7683 698.464 411.581
-70.7683 704.464 411.581
-64.7683 704.464 411.581
-67.7683 699.61 403.727
-67.7683 703.318 403.727
-67.7683 699.61 413.435
-67.7683 703.318 413.435
-69.6224 696.61 408.581
-65.9142 696.61 408.581
-69.6224 706.318 408.581
-65.9142 706.318 408.581
-72.6224 701.464 406.727
-72.6224 701.464 410.435
-62.9142 701.464 406.727
-62.9142 701.464 410.435
-297.856 -53.7527 236.957
-291.856 -53.7527 236.957
-297.856 -47.7527 236.957
-291.856 -47.7527 236.957
-297.856 -53.7527 242.957
-291.856 -53.7527 242.957
-297.856 -47.7527 242.957
-291.856 -47.7527 242.957
-294.856 -52.6068 235.103
-294.856 -48.8986 235.103
-294.856 -52.6068 244.811
-294.856 -48.8986 244.811
-296.71 -55.6068 239.957
-293.002 -55.6068 239.957
-296.71 -45.8986 239.957
-293.002 -45.8986 239.957
-299.71 -50.7527 238.103
-299.71 -50.7527 241.811
-290.002 -50.7527 238.103
-290.002 -50.7527 241.811
-178.639 -746.361 236.957
-172.639 -746.361 236.957
-178.639 -740.361 236.957
-172.639 -740.361 236.957
-178.639 -746.361 242.957
-172.639 -746.361 242.957
-178.639 -740.361 242.957
-172.639 -740.361 242.957
-175.639 -745.215 235.103
-175.639 -741.507 235.103
-175.639 -745.215 244.811
-175.639 -741.507 244.811
-177.493 -748.215 239.957
-173.785 -748.215 239.957
-177.493 -738.507 239.957
-173.785 -738.507 239.957
-180.493 -743.361 238.103
-180.493 -743.361 241.811
-170.785 -743.361 238.103
-170.785 -743.361 241.811
-297.856 -53.7527 236.957
-291.856 -53.7527 236.957
-297.856 -47.7527 236.957
-291.856 -47.7527 236.957
-297.856 -53.7527 242.957
-291.856 -53.7527 242.957
-297.856 -47.7527 242.957
-291.856 -47.7527 242.957
-294.856 -52.6068 235.103
-294.856 -48.8986 235.103
-294.856 -52.6068 244.811
-294.856 -48.8986 244.811
-296.71 -55.6068 239.957
-293.002 -55.6068 239.957
-296.71 -45.8986 239.957
-293.002 -45.8986 239.957
-299.71 -50.7527 238.103
-299.71 -50.7527 241.811
-290.002 -50.7527 238.103
-290.002 -50.7527 241.811
-417.073 638.856 236.957
-411.073 638.856 236.957
-417.073 644.856 236.957
-411.073 644.856 236.957
-417.073 638.856 242.957
-411.073 638.856 242.957
-417.073 644.856 242.957
-411.073 644.856 242.957
-414.073 640.002 235.103
-414.073 643.71 235.103
-414.073 640.002 244.811
-414.073 643.71 244.811
-415.927 637.002 239.957
-412.218 637.002 239.957
-415.927 646.71 239.957
-412.218 646.71 239.957
-418.927 641.856 238.103
-418.927 641.856 241.811
-409.218 641.856 238.103
-409.218 641.856 241.811
-178.639 -746.361 236.957
-172.639 -746.361 236.957
-178.639 -740.361 236.957
-172.639 -740.361 236.957
-178.639 -746.361 242.957
-172.639 -746.361 242.957
-178.639 -740.361 242.957
-172.639 -740.361 242.957
-175.639 -745.215 235.103
-175.639 -741.507 235.103
-175.639 -745.215 244.811
-175.639 -741.507 244.811
-177.493 -748.215 239.957
-173.785 -748.215 239.957
-177.493 -738.507 239.957
-173.785 -738.507 239.957
-180.493 -743.361 238.103
-180.493 -743.361 241.811
-170.785 -743.361 238.103
-170.785 -743.361 241.811
17.9314 -712.526 76.9856
23.9314 -712.526 76.9856
17.9314 -706.526 76.9856
23.9314 -706.526 76.9856
17.9314 -712.526 82.9856
23.9314 -712.526 82.9856
17.9314 -706.526 82.9856
23.9314 -706.526 82.9856
20.9314 -711.38 75.1315
20.9314 -707.672 75.1315
20.9314 -711.38 84.8397
20.9314 -707.672 84.8397
19.0773 -714.38 79.9856
22.7855 -714.38 79.9856
19.0773 -704.672 79.9856
22.7855 -704.672 79.9856
16.0773 -709.526 78.1315
16.0773 -709.526 81.8397
25.7855 -709.526 78.1315
25.7855 -709.526 81.8397
17.9314 -712.526 76.9856
23.9314 -712.526 76.9856
17.9314 -706.526 76.9856
23.9314 -706.526 76.9856
17.9314 -712.526 82.9856
23.9314 -712.526 82.9856
17.9314 -706.526 82.9856
23.9314 -706.526 82.9856
20.9314 -711.38 75.1315
20.9314 -707.672 75.1315
20.9314 -711.38 84.8397
20.9314 -707.672 84.8397
19.0773 -714.38 79.9856
22.7855 -714.38 79.9856
19.0773 -704.672 79.9856
22.7855 -704.672 79.9856
16.0773 -709.526 78.1315
16.0773 -709.526 81.8397
25.7855 -709.526 78.1315
25.7855 -709.526 81.8397
214.502 -678.691 -82.9856
220.502 -678.691 -82.9856
214.502 -672.691 -82.9856
220.502 -672.691 -82.9856
214.502 -678.691 -76.9856
220.502 -678.691 -76.9856
214.502 -672.691 -76.9856
220.502 -672.691 -76.9856
217.502 -677.545 -84.8397
217.502 -673.837 -84.8397
217.502 -677.545 -75.1315
217.502 -673.837 -75.1315
215.648 -680.545 -79.9856
219.356 -680.545 -79.9856
215.648 -670.837 -79.9856
219.356 -670.837 -79.9856
212.648 -675.691 -81.8397
212.648 -675.691 -78.1315
222.356 -675.691 -81.8397
222.356 -675.691 -78.1315
214.502 -678.691 -82.9856
220.502 -678.691 -82.9856
214.502 -672.691 -82.9856
220.502 -672.691 -82.9856
214.502 -678.691 -76.9856
220.502 -678.691 -76.9856
214.502 -672.691 -76.9856
220.502 -672.691 -76.9856
217.502 -677.545 -84.8397
217.502 -673.837 -84.8397
217.502 -677.545 -75.1315
217.502 -673.837 -75.1315
215.648 -680.545 -79.9856
219.356 -680.545 -79.9856
215.648 -670.837 -79.9856
219.356 -670.837 -79.9856
212.648 -675.691 -81.8397
212.648 -675.691 -78.1315
222.356 -675.691 -81.8397
222.356 -675.691 -78.1315
411.073 -644.856 -242.957
417.073 -644.856 -242.957
411.073 -638.856 -242.957
417.073 -638.856 -242.957
411.073 -644.856 -236.957
417.073 -644.856 -236.957
411.073 -638.856 -236.957
417.073 -638.856 -236.957
414.073 -643.71 -244.811
414.073 -640.002 -244.811
414.073 -643.71 -235.103
414.073 -640.002 -235.103
412.218 -646.71 -239.957
415.927 -646.71 -239.957
412.218 -637.002 -239.957
415.927 -637.002 -239.957
409.218 -641.856 -241.811
409.218 -641.856 -238.103
418.927 -641.856 -241.811
418.927 -641.856 -238.103
167.665 -686.753 405.581
173.665 -686.753 405.581
167.665 -680.753 405.581
173.665 -680.753 405.581
167.665 -686.753 411.581
173.665 -686.753 411.581
167.665 -680.753 411.581
173.665 -680.753 411.581
170.665 -685.607 403.727
170.665 -681.899 403.727
170.665 -685.607 413.435
170.665 -681.899 413.435
168.811 -688.607 408.581
172.519 -688.607 408.581
168.811 -678.899 408.581
172.519 -678.899 408.581
165.811 -683.753 406.727
165.811 -683.753 410.435
175.519 -683.753 406.727
175.519 -683.753 410.435
289.369 -665.804 306.538
295.369 -665.804 306.538
289.369 -659.804 306.538
295.369 -659.804 306.538
289.369 -665.804 312.538
295.369 -665.804 312.538
289.369 -659.804 312.538
295.369 -659.804 312.538
292.369 -664.658 304.683
292.369 -660.95 304.683
292.369 -664.658 314.392
292.369 -660.95 314.392
290.515 -667.658 309.538
294.223 -667.658 309.538
290.515 -657.95 309.538
294.223 -657.95 309.538
287.515 -662.804 307.683
287.515 -662.804 311.392
297.223 -662.804 307.683
297.223 -662.804 311.392
289.369 -665.804 306.538
295.369 -665.804 306.538
289.369 -659.804 306.538
295.369 -659.804 306.538
289.369 -665.804 312.538
295.369 -665.804 312.538
289.369 -659.804 312.538
295.369 -659.804 312.538
292.369 -664.658 304.683
292.369 -660.95 304.683
292.369 -664.658 314.392
292.369 -660.95 314.392
290.515 -667.658 309.538
294.223 -667.658 309.538
290.515 -657.95 309.538
294.223 -657.95 309.538
287.515 -662.804 307.683
287.515 -662.804 311.392
297.223 -662.804 307.683
297.223 -662.804 311.392
411.073 -644.856 207.494
417.073 -644.856 207.494
411.073 -638.856 207.494
417.073 -638.856 207.494
411.073 -644.856 213.494
417.073 -644.856 213.494
411.073 -638.856 213.494
417.073 -638.856 213.494
414.073 -643.71 205.64
414.073 -640.002 205.64
414.073 -643.71 215.348
414.073 -640.002 215.348
412.218 -646.71 210.494
415.927 -646.71 210.494
412.218 -637.002 210.494
415.927 -637.002 210.494
409.218 -641.856 208.64
409.218 -641.856 212.348
418.927 -641.856 208.64
418.927 -641.856 212.348
411.073 -644.856 -242.957
417.073 -644.856 -242.957
411.073 -638.856 -242.957
417.073 -638.856 -242.957
411.073 -644.856 -236.957
417.073 -644.856 -236.957
411.073 -638.856 -236.957
417.073 -638.856 -236.957
414.073 -643.71 -244.811
414.073 -640.002 -244.811
414.073 -643.71 -235.103
414.073 -640.002 -235.103
412.218 -646.71 -239.957
415.927 -646.71 -239.957
412.218 -637.002 -239.957
415.927 -637.002 -239.957
409.218 -641.856 -241.811
409.218 -641.856 -238.103
418.927 -641.856 -241.811
418.927 -641.856 -238.103
411.073 -644.856 207.494
417.073 -644.856 207.494
411.073 -638.856 207.494
417.073 -638.856 207.494
411.073 -644.856 213.494
417.073 -644.856 213.494
411.073 -638.856 213.494
417.073 -638.856 213.494
414.073 -643.71 205.64
414.073 -640.002 205.64
414.073 -643.71 215.348
414.073 -640.002 215.348
412.218 -646.71 210.494
415.927 -646.71 210.494
412.218 -637.002 210.494
415.927 -637.002 210.494
409.218 -641.856 208.64
409.218 -641.856 212.348
418.927 -641.856 208.64
418.927 -641.856 212.348
-417.073 638.856 236.957
-411.073 638.856 236.957
-417.073 644.856 236.957
-411.073 644.856 236.957
-417.073 638.856 242.957
-411.073 638.856 242.957
-417.073 644.856 242.957
-411.073 644.856 242.957
-414.073 640.002 235.103
-414.073 643.71 235.103
-414.073 640.002 244.811
-414.073 643.71 244.811
-415.927 637.002 239.957
-412.218 637.002 239.957
-415.927 646.71 239.957
-412.218 646.71 239.957
-418.927 641.856 238.103
-418.927 641.856 241.811
-409.218 641.856 238.103
-409.218 641.856 241.811
-220.502 672.691 76.9856
-214.502 672.691 76.9856
-220.502 678.691 76.9856
-214.502 678.691 76.9856
-220.502 672.691 82.9856
-214.502 672.691 82.9856
-220.502 678.691 82.9856
-214.502 678.691 82.9856
-217.502 673.837 75.1315
-217.502 677.545 75.1315
-217.502 673.837 84.8397
-217.502 677.545 84.8397
-219.356 670.837 79.9856
-215.648 670.837 79.9856
-219.356 680.545 79.9856
-215.648 680.545 79.9856
-222.356 675.691 78.1315
-222.356 675.691 81.8397
-212.648 675.691 78.1315
-212.648 675.691 81.8397
-220.502 672.691 76.9856
-214.502 672.691 76.9856
-220.502 678.691 76.9856
-214.502 678.691 76.9856
-220.502 672.691 82.9856
-214.502 672.691 82.9856
-220.502 678.691 82.9856
-214.502 678.691 82.9856
-217.502 673.837 75.1315
-217.502 677.545 75.1315
-217.502 673.837 84.8397
-217.502 677.545 84.8397
-219.356 670.837 79.9856
-215.648 670.837 79.9856
-219.356 680.545 79.9856
-215.648 680.545 79.9856
-222.356 675.691 78.1315
-222.356 675.691 81.8397
-212.648 675.691 78.1315
-212.648 675.691 81.8397
-23.9314 706.526 -82.9856
-17.9314 706.526 -82.9856
-23.9314 712.526 -82.9856
-17.9314 712.526 -82.9856
-23.9314 706.526 -76.9856
-17.9314 706.526 -76.9856
-23.9314 712.526 -76.9856
-17.9314 712.526 -76.9856
-20.9314 707.672 -84.8397
-20.9314 711.38 -84.8397
-20.9314 707.672 -75.1315
-20.9314 711.38 -75.1315
-22.7855 704.672 -79.9856
-19.0773 704.672 -79.9856
-22.7855 714.38 -79.9856
-19.0773 714.38 -79.9856
-25.7855 709.526 -81.8397
-25.7855 709.526 -78.1315
-16.0773 709.526 -81.8397
-16.0773 709.526 -78.1315
-23.9314 706.526 -82.9856
-17.9314 706.526 -82.9856
-23.9314 712.526 -82.9856
-17.9314 712.526 -82.9856
-23.9314 706.526 -76.9856
-17.9314 706.526 -76.9856
-23.9314 712.526 -76.9856
-17.9314 712.526 -76.9856
-20.9314 707.672 -84.8397
-20.9314 711.38 -84.8397
-20.9314 707.672 -75.1315
-20.9314 711.38 -75.1315
-22.7855 704.672 -79.9856
-19.0773 704.672 -79.9856
-22.7855 714.38 -79.9856
-19.0773 714.38 -79.9856
-25.7855 709.526 -81.8397
-25.7855 709.526 -78.1315
-16.0773 709.526 -81.8397
-16.0773 709.526 -78.1315
172.639 740.361 -242.957
178.639 740.361 -242.957
172.639 746.361 -242.957
178.639 746.361 -242.957
172.639 740.361 -236.957
178.639 740.361 -236.957
172.639 746.361 -236.957
178.639 746.361 -236.957
175.639 741.507 -244.811
175.639 745.215 -244.811
175.639 741.507 -235.103
175.639 745.215 -235.103
173.785 738.507 -239.957
177.493 738.507 -239.957
173.785 748.215 -239.957
177.493 748.215 -239.957
170.785 743.361 -241.811
170.785 743.361 -238.103
180.493 743.361 -241.811
180.493 743.361 -238.103
-70.7683 698.464 405.581
-64.7683 698.464 405.581
-70.7683 704.464 405.581
-64.7683 704.464 405.581
-70.7683 698.464 411.581
-64.7683 698.464 411.581
-70.7683 704.464 411.581
-64.7683 704.464 411.581
-67.7683 699.61 403.727
-67.7683 703.318 403.727
-67.7683 699.61 413.435
-67.7683 703.318 413.435
-69.6224 696.61 408.581
-65.9142 696.61 408.581
-69.6224 706.318 408.581
-65.9142 706.318 408.581
-72.6224 701.464 406.727
-72.6224 701.464 410.435
-62.9142 701.464 406.727
-62.9142 701.464 410.435
50.9354 719.413 306.538
56.9354 719.413 306.538
50.9354 725.413 306.538
56.9354 725.413 306.538
50.9354 719.413 312.538
56.9354 719.413 312.538
50.9354 725.413 312.538
56.9354 725.413 312.538
53.9354 720.559 304.683
53.9354 724.267 304.683
53.9354 720.559 314.392
53.9354 724.267 314.392
52.0813 717.559 309.538
55.7895 717.559 309.538
52.0813 727.267 309.538
55.7895 727.267 309.538
49.0813 722.413 307.683
49.0813 722.413 311.392
58.7895 722.413 307.683
58.7895 722.413 311.392
50.9354 719.413 306.538
56.9354 719.413 306.538
50.9354 725.413 306.538
56.9354 725.413 306.538
50.9354 719.413 312.538
56.9354 719.413 312.538
50.9354 725.413 312.538
56.9354 725.413 312.538
53.9354 720.559 304.683
53.9354 724.267 304.683
53.9354 720.559 314.392
53.9354 724.267 314.392
52.0813 717.559 309.538
55.7895 717.559 309.538
52.0813 727.267 309.538
55.7895 727.267 309.538
49.0813 722.413 307.683
49.0813 722.413 311.392
58.7895 722.413 307.683
58.7895 722.413 311.392
172.639 740.361 207.494
178.639 740.361 207.494
172.639 746.361 207.494
178.639 746.361 207.494
172.639 740.361 213.494
178.639 740.361 213.494
172.639 746.361 213.494
178.639 746.361 213.494
175.639 741.507 205.64
175.639 745.215 205.64
175.639 741.507 215.348
175.639 745.215 215.348
173.785 738.507 210.494
177.493 738.507 210.494
173.785 748.215 210.494
177.493 748.215 210.494
170.785 743.361 208.64
170.785 743.361 212.348
180.493 743.361 208.64
180.493 743.361 212.348
172.639 740.361 -242.957
178.639 740.361 -242.957
172.639 746.361 -242.957
178.639 746.361 -242.957
172.639 740.361 -236.957
178.639 740.361 -236.957
172.639 746.361 -236.957
178.639 746.361 -236.957
175.639 741.507 -244.811
175.639 745.215 -244.811
175.639 741.507 -235.103
175.639 745.215 -235.103
173.785 738.507 -239.957
177.493 738.507 -239.957
173.785 748.215 -239.957
177.493 748.215 -239.957
170.785 743.361 -241.811
170.785 743.361 -238.103
180.493 743.361 -241.811
180.493 743.361 -238.103
172.639 740.361 207.494
178.639 740.361 207.494
172.639 746.361 207.494
178.639 746.361 207.494
172.639 740.361 213.494
178.639 740.361 213.494
172.639 746.361 213.494
178.639 746.361 213.494
175.639 741.507 205.64
175.639 745.215 205.64
175.639 741.507 215.348
175.639 745.215 215.348
173.785 738.507 210.494
177.493 738.507 210.494
173.785 748.215 210.494
177.493 748.215 210.494
170.785 743.361 208.64
170.785 743.361 212.348
180.493 743.361 208.64
180.493 743.361 212.348
48.4484 5.85566 405.581
54.4484 5.85566 405.581
48.4484 11.8557 405.581
54.4484 11.8557 405.581
48.4484 5.85566 411.581
54.4484 5.85566 411.581
48.4484 11.8557 411.581
54.4484 11.8557 411.581
51.4484 7.00156 403.727
51.4484 10.7098 403.727
51.4484 7.00156 413.435
51.4484 10.7098 413.435
49.5943 4.00156 408.581
53.3025 4.00156 408.581
49.5943 13.7098 408.581
53.3025 13.7098 408.581
46.5943 8.85566 406.727
46.5943 8.85566 410.435
56.3025 8.85566 406.727
56.3025 8.85566 410.435
227.273 -1033.06 405.581
233.273 -1033.06 405.581
227.273 -1027.06 405.581
233.273 -1027.06 405.581
227.273 -1033.06 411.581
233.273 -1033.06 411.581
227.273 -1027.06 411.581
233.273 -1027.06 411.581
230.273 -1031.91 403.727
230.273 -1028.2 403.727
230.273 -1031.91 413.435
230.273 -1028.2 413.435
228.419 -1034.91 408.581
232.128 -1034.91 408.581
228.419 -1025.2 408.581
232.128 -1025.2 408.581
225.419 -1030.06 406.727
225.419 -1030.06 410.435
235.128 -1030.06 406.727
235.128 -1030.06 410.435
48.4484 5.85566 405.581
54.4484 5.85566 405.581
48.4484 11.8557 405.581
54.4484 11.8557 405.581
48.4484 5.85566 411.581
54.4484 5.85566 411.581
48.4484 11.8557 411.581
54.4484 11.8557 411.581
51.4484 7.00156 403.727
51.4484 10.7098 403.727
51.4484 7.00156 413.435
51.4484 10.7098 413.435
49.5943 4.00156 408.581
53.3025 4.00156 408.581
49.5943 13.7098 408.581
53.3025 13.7098 408.581
46.5943 8.85566 406.727
46.5943 8.85566 410.435
56.3025 8.85566 406.727
56.3025 8.85566 410.435
-130.377 1044.77 405.581
-124.377 1044.77 405.581
-130.377 1050.77 405.581
-124.377 1050.77 405.581
-130.377 1044.77 411.581
-124.377 1044.77 411.581
-130.377 1050.77 411.581
-124.377 1050.77 411.581
-127.377 1045.91 403.727
-127.377 1049.62 403.727
-127.377 1045.91 413.435
-127.377 1049.62 413.435
-129.231 1042.91 408.581
-125.523 1042.91 408.581
-129.231 1052.62 408.581
-125.523 1052.62 408.581
-132.231 1047.77 406.727
-132.231 1047.77 410.435
-122.523 1047.77 406.727
-122.523 1047.77 410.435
-297.856 -53.7527 236.957
-291.856 -53.7527 236.957
-297.856 -47.7527 236.957
-291.856 -47.7527 236.957
-297.856 -53.7527 242.957
-291.856 -53.7527 242.957
-297.856 -47.7527 242.957
-291.856 -47.7527 242.957
-294.856 -52.6068 235.103
-294.856 -48.8986 235.103
-294.856 -52.6068 244.811
-294.856 -48.8986 244.811
-296.71 -55.6068 239.957
-293.002 -55.6068 239.957
-296.71 -45.8986 239.957
-293.002 -45.8986 239.957
-299.71 -50.7527 238.103
-299.71 -50.7527 241.811
-290.002 -50.7527 238.103
-290.002 -50.7527 241.811
-119.031 -1092.67 236.957
-113.031 -1092.67 236.957
-119.031 -1086.67 236.957
-113.031 -1086.67 236.957
-119.031 -1092.67 242.957
-113.031 -1092.67 242.957
-119.031 -1086.67 242.957
-113.031 -1086.67 242.957
-116.031 -1091.52 235.103
-116.031 -1087.81 235.103
-116.031 -1091.52 244.811
-116.031 -1087.81 244.811
-117.885 -1094.52 239.957
-114.177 -1094.52 239.957
-117.885 -1084.81 239.957
-114.177 -1084.81 239.957
-120.885 -1089.67 238.103
-120.885 -1089.67 241.811
-111.177 -1089.67 238.103
-111.177 -1089.67 241.811
-297.856 -53.7527 236.957
-291.856 -53.7527 236.957
-297.856 -47.7527 236.957
-291.856 -47.7527 236.957
-297.856 -53.7527 242.957
-291.856 -53.7527 242.957
-297.856 -47.7527 242.957
-291.856 -47.7527 242.957
-294.856 -52.6068 235.103
-294.856 -48.8986 235.103
-294.856 -52.6068 244.811
-294.856 -48.8986 244.811
-296.71 -55.6068 239.957
-293.002 -55.6068 239.957
-296.71 -45.8986 239.957
-293.002 -45.8986 239.957
-299.71 -50.7527 238.103
-299.71 -50.7527 241.811
-290.002 -50.7527 238.103
-290.002 -50.7527 241.811
-476.681 985.16 236.957
-470.681 985.16 236.957
-476.681 991.16 236.957
-470.681 991.16 236.957
-476.681 985.16 242.957
-470.681 985.16 242.957
-476.681 991.16 242.957
-470.681 991.16 242.957
-473.681 986.306 235.103
-473.681 990.014 235.103
-473.681 986.306 244.811
-473.681 990.014 244.811
-475.535 983.306 239.957
-471.827 983.306 239.957
-475.535 993.014 239.957
-471.827 993.014 239.957
-478.535 988.16 238.103
-478.535 988.16 241.811
-468.827 988.16 238.103
-468.827 988.16 241.811
-119.031 -1092.67 236.957
-113.031 -1092.67 236.957
-119.031 -1086.67 236.957
-113.031 -1086.67 236.957
-119.031 -1092.67 242.957
-113.031 -1092.67 242.957
-119.031 -1086.67 242.957
-113.031 -1086.67 242.957
-116.031 -1091.52 235.103
-116.031 -1087.81 235.103
-116.031 -1091.52 244.811
-116.031 -1087.81 244.811
-117.885 -1094.52 239.957
-114.177 -1094.52 239.957
-117.885 -1084.81 239.957
-114.177 -1084.81 239.957
-120.885 -1089.67 238.103
-120.885 -1089.67 241.811
-111.177 -1089.67 238.103
-111.177 -1089.67 241.811
77.5398 -1058.83 76.9856
83.5398 -1058.83 76.9856
77.5398 -1052.83 76.9856
83.5398 -1052.83 76.9856
77.5398 -1058.83 82.9856
83.5398 -1058.83 82.9856
77.5398 -1052.83 82.9856
83.5398 -1052.83 82.9856
80.5398 -1057.68 75.1315
80.5398 -1053.98 75.1315
80.5398 -1057.68 84.8397
80.5398 -1053.98 84.8397
78.6857 -1060.68 79.9856
82.3939 -1060.68 79.9856
78.6857 -1050.98 79.9856
82.3939 -1050.98 79.9856
75.6857 -1055.83 78.1315
75.6857 -1055.83 81.8397
85.3939 -1055.83 78.1315
85.3939 -1055.83 81.8397
77.5398 -1058.83 76.9856
83.5398 -1058.83 76.9856
77.5398 -1052.83 76.9856
83.5398 -1052.83 76.9856
77.5398 -1058.83 82.9856
83.5398 -1058.83 82.9856
77.5398 -1052.83 82.9856
83.5398 -1052.83 82.9856
80.5398 -1057.68 75.1315
80.5398 -1053.98 75.1315
80.5398 -1057.68 84.8397
80.5398 -1053.98 84.8397
78.6857 -1060.68 79.9856
82.3939 -1060.68 79.9856
78.6857 -1050.98 79.9856
82.3939 -1050.98 79.9856
75.6857 -1055.83 78.1315
75.6857 -1055.83 81.8397
85.3939 -1055.83 78.1315
85.3939 -1055.83 81.8397
274.11 -1025 -82.9856
280.11 -1025 -82.9856
274.11 -1019 -82.9856
280.11 -1019 -82.9856
274.11 -1025 -76.9856
280.11 -1025 -76.9856
274.11 -1019 -76.9856
280.11 -1019 -76.9856
277.11 -1023.85 -84.8397
277.11 -1020.14 -84.8397
277.11 -1023.85 -75.1315
277.11 -1020.14 -75.1315
275.256 -1026.85 -79.9856
278.964 -1026.85 -79.9856
275.256 -1017.14 -79.9856
278.964 -1017.14 -79.9856
272.256 -1022 -81.8397
272.256 -1022 -78.1315
281.964 -1022 -81.8397
281.964 -1022 -78.1315
274.11 -1025 -82.9856
280.11 -1025 -82.9856
274.11 -1019 -82.9856
280.11 -1019 -82.9856
274.11 -1025 -76.9856
280.11 -1025 -76.9856
274.11 -1019 -76.9856
280.11 -1019 -76.9856
277.11 -1023.85 -84.8397
277.11 -1020.14 -84.8397
277.11 -1023.85 -75.1315
277.11 -1020.14 -75.1315
275.256 -1026.85 -79.9856
278.964 -1026.85 -79.9856
275.256 -1017.14 -79.9856
278.964 -1017.14 -79.9856
272.256 -1022 -81.8397
272.256 -1022 -78.1315
281.964 -1022 -81.8397
281.964 -1022 -78.1315
470.681 -991.16 -242.957
476.681 -991.16 -242.957
470.681 -985.16 -242.957
476.681 -985.16 -242.957
470.681 -991.16 -236.957
476.681 -991.16 -236.957
470.681 -985.16 -236.957
476.681 -985.16 -236.957
473.681 -990.014 -244.811
473.681 -986.306 -244.811
473.681 -990.014 -235.103
473.681 -986.306 -235.103
471.827 -993.014 -239.957
475.535 -993.014 -239.957
471.827 -983.306 -239.957
475.535 -983.306 -239.957
468.827 -988.16 -241.811
468.827 -988.16 -238.103
478.535 -988.16 -241.811
478.535 -988.16 -238.103
227.273 -1033.06 405.581
233.273 -1033.06 405.581
227.273 -1027.06 405.581
233.273 -1027.06 405.581
227.273 -1033.06 411.581
233.273 -1033.06 411.581
227.273 -1027.06 411.581
233.273 -1027.06 411.581
230.273 -1031.91 403.727
230.273 -1028.2 403.727
230.273 -1031.91 413.435
230.273 -1028.2 413.435
228.419 -1034.91 408.581
232.128 -1034.91 408.581
228.419 -1025.2 408.581
232.128 -1025.2 408.581
225.419 -1030.06 406.727
225.419 -1030.06 410.435
235.128 -1030.06 406.727
235.128 -1030.06 410.435
348.977 -1012.11 306.538
354.977 -1012.11 306.538
348.977 -1006.11 306.538
354.977 -1006.11 306.538
348.977 -1012.11 312.538
354.977 -1012.11 312.538
348.977 -1006.11 312.538
354.977 -1006.11 312.538
351.977 -1010.96 304.683
351.977 -1007.25 304.683
351.977 -1010.96 314.392
351.977 -1007.25 314.392
350.123 -1013.96 309.538
353.831 -1013.96 309.538
350.123 -1004.25 309.538
353.831 -1004.25 309.538
347.123 -1009.11 307.683
347.123 -1009.11 311.392
356.831 -1009.11 307.683
356.831 -1009.11 311.392
348.977 -1012.11 306.538
354.977 -1012.11 306.538
348.977 -1006.11 306.538
354.977 -1006.11 306.538
348.977 -1012.11 312.538
354.977 -1012.11 312.538
348.977 -1006.11 312.538
354.977 -1006.11 312.538
351.977 -1010.96 304.683
351.977 -1007.25 304.683
351.977 -1010.96 314.392
351.977 -1007.25 314.392
350.123 -1013.96 309.538
353.831 -1013.96 309.538
350.123 -1004.25 309.538
353.831 -1004.25 309.538
347.123 -1009.11 307.683
347.123 -1009.11 311.392
356.831 -1009.11 307.683
356.831 -1009.11 311.392
470.681 -991.16 207.494
476.681 -991.16 207.494
470.681 -985.16 207.494
476.681 -985.16 207.494
470.681 -991.16 213.494
476.681 -991.16 213.494
470.681 -985.16 213.494
476.681 -985.16 213.494
473.681 -990.014 205.64
473.681 -986.306 205.64
473.681 -990.014 215.348
473.681 -986.306 215.348
471.827 -993.014 210.494
475.535 -993.014 210.494
471.827 -983.306 210.494
475.535 -983.306 210.494
468.827 -988.16 208.64
468.827 -988.16 212.348
478.535 -988.16 208.64
478.535 -988.16 212.348
470.681 -991.16 -242.957
476.681 -991.16 -242.957
470.681 -985.16 -242.957
476.681 -985.16 -242.957
470.681 -991.16 -236.957
476.681 -991.16 -236.957
470.681 -985.16 -236.957
476.681 -985.16 -236.957
473.681 -990.014 -244.811
473.681 -986.306 -244.811
473.681 -990.014 -235.103
473.681 -986.306 -235.103
471.827 -993.014 -239.957
475.535 -993.014 -239.957
471.827 -983.306 -239.957
475.535 -983.306 -239.957
468.827 -988.16 -241.811
468.827 -988.16 -238.103
478.535 -988.16 -241.811
478.535 -988.16 -238.103
470.681 -991.16 207.494
476.681 -991.16 207.494
470.681 -985.16 207.494
476.681 -985.16 207.494
470.681 -991.16 213.494
476.681 -991.16 213.494
470.681 -985.16 213.494
476.681 -985.16 213.494
473.681 -990.014 205.64
473.681 -986.306 205.64
473.681 -990.014 215.348
473.681 -986.306 215.348
471.827 -993.014 210.494
475.535 -993.014 210.494
471.827 -983.306 210.494
475.535 -983.306 210.494
468.827 -988.16 208.64
468.827 -988.16 212.348
478.535 -988.16 208.64
478.535 -988.16 212.348
-476.681 985.16 236.957
-470.681 985.16 236.957
-476.681 991.16 236.957
-470.681 991.16 236.957
-476.681 985.16 242.957
-470.681 985.16 242.957
-476.681 991.16 242.957
-470.681 991.16 242.957
-473.681 986.306 235.103
-473.681 990.014 235.103
-473.681 986.306 244.811
-473.681 990.014 244.811
-475.535 983.306 239.957
-471.827 983.306 239.957
-475.535 993.014 239.957
-471.827 993.014 239.957
-478.535 988.16 238.103
-478.535 988.16 241.811
-468.827 988.16 238.103
-468.827 988.16 241.811
-280.11 1019 76.9856
-274.11 1019 76.9856
-280.11 1025 76.9856
-274.11 1025 76.9856
-280.11 1019 82.9856
-274.11 1019 82.9856
-280.11 1025 82.9856
-274.11 1025 82.9856
-277.11 1020.14 75.1315
-277.11 1023.85 75.1315
-277.11 1020.14 84.8397
-277.11 1023.85 84.8397
-278.964 1017.14 79.9856
-275.256 1017.14 79.9856
-278.964 1026.85 79.9856
-275.256 1026.85 79.9856
-281.964 1022 78.1315
-281.964 1022 81.8397
-272.256 1022 78.1315
-272.256 1022 81.8397
-280.11 1019 76.9856
-274.11 1019 76.9856
-280.11 1025 76.9856
-274.11 1025 76.9856
-280.11 1019 82.9856
-274.11 1019 82.9856
-280.11 1025 82.9856
-274.11 1025 82.9856
-277.11 1020.14 75.1315
-277.11 1023.85 75.1315
-277.11 1020.14 84.8397
-277.11 1023.85 84.8397
-278.964 1017.14 79.9856
-275.256 1017.14 79.9856
-278.964 1026.85 79.9856
-275.256 1026.85 79.9856
-281.964 1022 78.1315
-281.964 1022 81.8397
-272.256 1022 78.1315
-272.256 1022 81.8397
-83.5398 1052.83 -82.9856
-77.5398 1052.83 -82.9856
-83.5398 1058.83 -82.9856
-77.5398 1058.83 -82.9856
-83.5398 1052.83 -76.9856
-77.5398 1052.83 -76.9856
-83.5398 1058.83 -76.9856
-77.5398 1058.83 -76.9856
-80.5398 1053.98 -84.8397
-80.5398 1057.68 -84.8397
-80.5398 1053.98 -75.1315
-80.5398 1057.68 -75.1315
-82.3939 1050.98 -79.9856
-78.6857 1050.98 -79.9856
-82.3939 1060.68 -79.9856
-78.6857 1060.68 -79.9856
-85.3939 1055.83 -81.8397
-85.3939 1055.83 -78.1315
-75.6857 1055.83 -81.8397
-75.6857 1055.83 -78.1315
-83.5398 1052.83 -82.9856
-77.5398 1052.83 -82.9856
-83.5398 1058.83 -82.9856
-77.5398 1058.83 -82.9856
-83.5398 1052.83 -76.9856
-77.5398 1052.83 -76.9856
-83.5398 1058.83 -76.9856
-77.5398 1058.83 -76.9856
-80.5398 1053.98 -84.8397
-80.5398 1057.68 -84.8397
-80.5398 1053.98 -75.1315
-80.5398 1057.68 -75.1315
-82.3939 1050.98 -79.9856
-78.6857 1050.98 -79.9856
-82.3939 1060.68 -79.9856
-78.6857 1060.68 -79.9856
-85.3939 1055.83 -81.8397
-85.3939 1055.83 -78.1315
-75.6857 1055.83 -81.8397
-75.6857 1055.83 -78.1315
113.031 1086.67 -242.957
119.031 1086.67 -242.957
113.031 1092.67 -242.957
119.031 1092.67 -242.957
113.031 1086.67 -236.957
119.031 1086.67 -236.957
113.031 1092.67 -236.957
119.031 1092.67 -236.957
116.031 1087.81 -244.811
116.031 1091.52 -244.811
116.031 1087.81 -235.103
116.031 1091.52 -235.103
114.177 1084.81 -239.957
117.885 1084.81 -239.957
114.177 1094.52 -239.957
117.885 1094.52 -239.957
111.177 1089.67 -241.811
111.177 1089.67 -238.103
120.885 1089.67 -241.811
120.885 1089.67 -238.103
-130.377 1044.77 405.581
-124.377 1044.77 405.581
-130.377 1050.77 405.581
-124.377 1050.77 405.581
-130.377 1044.77 411.581
-124.377 1044.77 411.581
-130.377 1050.77 411.581
-124.377 1050.77 411.581
-127.377 1045.91 403.727
-127.377 1049.62 403.727
-127.377 1045.91 413.435
-127.377 1049.62 413.435
-129.231 1042.91 408.581
-125.523 1042.91 408.581
-129.231 1052.62 408.581
-125.523 1052.62 408.581
-132.231 1047.77 406.727
-132.231 1047.77 410.435
-122.523 1047.77 406.727
-122.523 1047.77 410.435
-8.67297 1065.72 306.538
-2.67297 1065.72 306.538
-8.67297 1071.72 306.538
-2.67297 1071.72 306.538
-8.67297 1065.72 312.538
-2.67297 1065.72 312.538
-8.67297 1071.72 312.538
-2.67297 1071.72 312.538
-5.67297 1066.86 304.683
-5.67297 1070.57 304.683
-5.67297 1066.86 314.392
-5.67297 1070.57 314.392
-7.52707 1063.86 309.538
-3.81887 1063.86 309.538
-7.52707 1073.57 309.538
-3.81887 1073.57 309.538
-10.5271 1068.72 307.683
-10.5271 1068.72 311.392
-0.818868 1068.72 307.683
-0.818868 1068.72 311.392
-8.67297 1065.72 306.538
-2.67297 1065.72 306.538
-8.67297 1071.72 306.538
-2.67297 1071.72 306.538
-8.67297 1065.72 312.538
-2.67297 1065.72 312.538
-8.67297 1071.72 312.538
-2.67297 1071.72 312.538
-5.67297 1066.86 304.683
-5.67297 1070.57 304.683
-5.67297 1066.86 314.392
-5.67297 1070.57 314.392
-7.52707 1063.86 309.538
-3.81887 1063.86 309.538
-7.52707 1073.57 309.538
-3.81887 1073.57 309.538
-10.5271 1068.72 307.683
-10.5271 1068.72 311.392
-0.818868 1068.72 307.683
-0.818868 1068.72 311.392
113.031 1086.67 207.494
119.031 1086.67 207.494
113.031 1092.67 207.494
119.031 1092.67 207.494
113.031 1086.67 213.494
119.031 1086.67 213.494
113.031 1092.67 213.494
119.031 1092.67 213.494
116.031 1087.81 205.64
116.031 1091.52 205.64
116.031 1087.81 215.348
116.031 1091.52 215.348
114.177 1084.81 210.494
117.885 1084.81 210.494
114.177 1094.52 210.494
117.885 1094.52 210.494
111.177 1089.67 208.64
111.177 1089.67 212.348
120.885 1089.67 208.64
120.885 1089.67 212.348
113.031 1086.67 -242.957
119.031 1086.67 -242.957
113.031 1092.67 -242.957
119.031 1092.67 -242.957
113.031 1086.67 -236.957
119.031 1086.67 -236.957
113.031 1092.67 -236.957
119.031 1092.67 -236.957
116.031 1087.81 -244.811
116.031 1091.52 -244.811
116.031 1087.81 -235.103
116.031 1091.52 -235.103
114.177 1084.81 -239.957
117.885 1084.81 -239.957
114.177 1094.52 -239.957
117.885 1094.52 -239.957
111.177 1089.67 -241.811
111.177 1089.67 -238.103
120.885 1089.67 -241.811
120.885 1089.67 -238.103
113.031 1086.67 207.494
119.031 1086.67 207.494
113.031 1092.67 207.494
119.031 1092.67 207.494
113.031 1086.67 213.494
119.031 1086.67 213.494
113.031 1092.67 213.494
119.031 1092.67 213.494
116.031 1087.81 205.64
116.031 1091.52 205.64
116.031 1087.81 215.348
116.031 1091.52 215.348
114.177 1084.81 210.494
117.885 1084.81 210.494
114.177 1094.52 210.494
117.885 1094.52 210.494
111.177 1089.67 208.64
111.177 1089.67 212.348
120.885 1089.67 208.64
120.885 1089.67 212.348
48.4484 5.85566 405.581
54.4484 5.85566 405.581
48.4484 11.8557 405.581
54.4484 11.8557 405.581
48.4484 5.85566 411.581
54.4484 5.85566 411.581
48.4484 11.8557 411.581
54.4484 11.8557 411.581
51.4484 7.00156 403.727
51.4484 10.7098 403.727
51.4484 7.00156 413.435
51.4484 10.7098 413.435
49.5943 4.00156 408.581
53.3025 4.00156 408.581
49.5943 13.7098 408.581
53.3025 13.7098 408.581
46.5943 8.85566 406.727
46.5943 8.85566 410.435
56.3025 8.85566 406.727
56.3025 8.85566 410.435
286.882 -1379.36 405.581
292.882 -1379.36 405.581
286.882 -1373.36 405.581
292.882 -1373.36 405.581
286.882 -1379.36 411.581
292.882 -1379.36 411.581
286.882 -1373.36 411.581
292.882 -1373.36 411.581
289.882 -1378.22 403.727
289.882 -1374.51 403.727
289.882 -1378.22 413.435
289.882 -1374.51 413.435
288.028 -1381.22 408.581
291.736 -1381.22 408.581
288.028 -1371.51 408.581
291.736 -1371.51 408.581
285.028 -1376.36 406.727
285.028 -1376.36 410.435
294.736 -1376.36 406.727
294.736 -1376.36 410.435
48.4484 5.85566 405.581
54.4484 5.85566 405.581
48.4484 11.8557 405.581
54.4484 11.8557 405.581
48.4484 5.85566 411.581
54.4484 5.85566 411.581
48.4484 11.8557 411.581
54.4484 11.8557 411.581
51.4484 7.00156 403.727
51.4484 10.7098 403.727
51.4484 7.00156 413.435
51.4484 10.7098 413.435
49.5943 4.00156 408.581
53.3025 4.00156 408.581
49.5943 13.7098 408.581
53.3025 13.7098 408.581
46.5943 8.85566 406.727
46.5943 8.85566 410.435
56.3025 8.85566 406.727
56.3025 8.85566 410.435
-189.985 1391.07 405.581
-183.985 1391.07 405.581
-189.985 1397.07 405.581
-183.985 1397.07 405.581
-189.985 1391.07 411.581
-183.985 1391.07 411.581
-189.985 1397.07 411.581
-183.985 1397.07 411.581
-186.985 1392.22 403.727
-186.985 1395.93 403.727
-186.985 1392.22 413.435
-186.985 1395.93 413.435
-188.839 1389.22 408.581
-185.131 1389.22 408.581
-188.839 1398.93 408.581
-185.131 1398.93 408.581
-191.839 1394.07 406.727
-191.839 1394.07 410.435
-182.131 1394.07 406.727
-182.131 1394.07 410.435
-297.856 -53.7527 236.957
-291.856 -53.7527 236.957
-297.856 -47.7527 236.957
-291.856 -47.7527 236.957
-297.856 -53.7527 242.957
-291.856 -53.7527 242.957
-297.856 -47.7527 242.957
-291.856 -47.7527 242.957
-294.856 -52.6068 235.103
-294.856 -48.8986 235.103
-294.856 -52.6068 244.811
-294.856 -48.8986 244.811
-296.71 -55.6068 239.957
-293.002 -55.6068 239.957
-296.71 -45.8986 239.957
-293.002 -45.8986 239.957
-299.71 -50.7527 238.103
-299.71 -50.7527 241.811
-290.002 -50.7527 238.103
-290.002 -50.7527 241.811
-59.4224 -1438.97 236.957
-53.4224 -1438.97 236.957
-59.4224 -1432.97 236.957
-53.4224 -1432.97 236.957
-59.4224 -1438.97 242.957
-53.4224 -1438.97 242.957
-59.4224 -1432.97 242.957
-53.4224 -1432.97 242.957
-56.4224 -1437.82 235.103
-56.4224 -1434.12 235.103
-56.4224 -1437.82 244.811
-56.4224 -1434.12 244.811
-58.2765 -1440.82 239.957
-54.5683 -1440.82 239.957
-58.2765 -1431.12 239.957
-54.5683 -1431.12 239.957
-61.2765 -1435.97 238.103
-61.2765 -1435.97 241.811
-51.5683 -1435.97 238.103
-51.5683 -1435.97 241.811
-297.856 -53.7527 236.957
-291.856 -53.7527 236.957
-297.856 -47.7527 236.957
-291.856 -47.7527 236.957
-297.856 -53.7527 242.957
-291.856 -53.7527 242.957
-297.856 -47.7527 242.957
-291.856 -47.7527 242.957
-294.856 -52.6068 235.103
-294.856 -48.8986 235.103
-294.856 -52.6068 244.811
-294.856 -48.8986 244.811
-296.71 -55.6068 239.957
-293.002 -55.6068 239.957
-296.71 -45.8986 239.957
-293.002 -45.8986 239.957
-299.71 -50.7527 238.103
-299.71 -50.7527 241.811
-290.002 -50.7527 238.103
-290.002 -50.7527 241.811
-536.289 1331.46 236.957
-530.289 1331.46 236.957
-536.289 1337.46 236.957
-530.289 1337.46 236.957
-536.289 1331.46 242.957
-530.289 1331.46 242.957
-536.289 1337.46 242.957
-530.289 1337.46 242.957
-533.289 1332.61 235.103
-533.289 1336.32 235.103
-533.289 1332.61 244.811
-533.289 1336.32 244.811
-535.143 1329.61 239.957
-531.435 1329.61 239.957
-535.143 1339.32 239.957
-531.435 1339.32 239.957
-538.143 1334.46 238.103
-538.143 1334.46 241.811
-528.435 1334.46 238.103
-528.435 1334.46 241.811
-59.4224 -1438.97 236.957
-53.4224 -1438.97 236.957
-59.4224 -1432.97 236.957
-53.4224 -1432.97 236.957
-59.4224 -1438.97 242.957
-53.4224 -1438.97 242.957
-59.4224 -1432.97 242.957
-53.4224 -1432.97 242.957
-56.4224 -1437.82 235.103
-56.4224 -1434.12 235.103
-56.4224 -1437.82 244.811
-56.4224 -1434.12 244.811
-58.2765 -1440.82 239.957
-54.5683 -1440.82 239.957
-58.2765 -1431.12 239.957
-54.5683 -1431.12 239.957
-61.2765 -1435.97 238.103
-61.2765 -1435.97 241.811
-51.5683 -1435.97 238.103
-51.5683 -1435.97 241.811
137.148 -1405.13 76.9856
143.148 -1405.13 76.9856
137.148 -1399.13 76.9856
143.148 -1399.13 76.9856
137.148 -1405.13 82.9856
143.148 -1405.13 82.9856
137.148 -1399.13 82.9856
143.148 -1399.13 82.9856
140.148 -1403.99 75.1315
140.148 -1400.28 75.1315
140.148 -1403.99 84.8397
140.148 -1400.28 84.8397
138.294 -1406.99 79.9856
142.002 -1406.99 79.9856
138.294 -1397.28 79.9856
142.002 -1397.28 79.9856
135.294 -1402.13 78.1315
135.294 -1402.13 81.8397
145.002 -1402.13 78.1315
145.002 -1402.13 81.8397
137.148 -1405.13 76.9856
143.148 -1405.13 76.9856
137.148 -1399.13 76.9856
143.148 -1399.13 76.9856
137.148 -1405.13 82.9856
143.148 -1405.13 82.9856
137.148 -1399.13 82.9856
143.148 -1399.13 82.9856
140.148 -1403.99 75.1315
140.148 -1400.28 75.1315
140.148 -1403.99 84.8397
140.148 -1400.28 84.8397
138.294 -1406.99 79.9856
142.002 -1406.99 79.9856
138.294 -1397.28 79.9856
142.002 -1397.28 79.9856
135.294 -1402.13 78.1315
135.294 -1402.13 81.8397
145.002 -1402.13 78.1315
145.002 -1402.13 81.8397
333.719 -1371.3 -82.9856
339.719 -1371.3 -82.9856
333.719 -1365.3 -82.9856
339.719 -1365.3 -82.9856
333.719 -1371.3 -76.9856
339.719 -1371.3 -76.9856
333.719 -1365.3 -76.9856
339.719 -1365.3 -76.9856
336.719 -1370.15 -84.8397
336.719 -1366.45 -84.8397
336.719 -1370.15 -75.1315
336.719 -1366.45 -75.1315
334.865 -1373.15 -79.9856
338.573 -1373.15 -79.9856
334.865 -1363.45 -79.9856
338.573 -1363.45 -79.9856
331.865 -1368.3 -81.8397
331.865 -1368.3 -78.1315
341.573 -1368.3 -81.8397
341.573 -1368.3 -78.1315
333.719 -1371.3 -82.9856
339.719 -1371.3 -82.9856
333.719 -1365.3 -82.9856
339.719 -1365.3 -82.9856
333.719 -1371.3 -76.9856
339.719 -1371.3 -76.9856
333.719 -1365.3 -76.9856
339.719 -1365.3 -76.9856
336.719 -1370.15 -84.8397
336.719 -1366.45 -84.8397
336.719 -1370.15 -75.1315
336.719 -1366.45 -75.1315
334.865 -1373.15 -79.9856
338.573 -1373.15 -79.9856
334.865 -1363.45 -79.9856
338.573 -1363.45 -79.9856
331.865 -1368.3 -81.8397
331.865 -1368.3 -78.1315
341.573 -1368.3 -81.8397
341.573 -1368.3 -78.1315
530.289 -1337.46 -242.957
536.289 -1337.46 -242.957
530.289 -1331.46 -242.957
536.289 -1331.46 -242.957
530.289 -1337.46 -236.957
536.289 -1337.46 -236.957
530.289 -1331.46 -236.957
536.289 -1331.46 -236.957
533.289 -1336.32 -244.811
533.289 -1332.61 -244.811
533.289 -1336.32 -235.103
533.289 -1332.61 -235.103
531.435 -1339.32 -239.957
535.143 -1339.32 -239.957
531.435 -1329.61 -239.957
535.143 -1329.61 -239.957
528.435 -1334.46 -241.811
528.435 -1334.46 -238.103
538.143 -1334.46 -241.811
538.143 -1334.46 -238.103
286.882 -1379.36 405.581
292.882 -1379.36 405.581
286.882 -1373.36 405.581
292.882 -1373.36 405.581
286.882 -1379.36 411.581
292.882 -1379.36 411.581
286.882 -1373.36 411.581
292.882 -1373.36 411.581
289.882 -1378.22 403.727
289.882 -1374.51 403.727
289.882 -1378.22 413.435
289.882 -1374.51 413.435
288.028 -1381.22 408.581
291.736 -1381.22 408.581
288.028 -1371.51 408.581
291.736 -1371.51 408.581
285.028 -1376.36 406.727
285.028 -1376.36 410.435
294.736 -1376.36 406.727
294.736 -1376.36 410.435
408.586 -1358.41 306.538
414.586 -1358.41 306.538
408.586 -1352.41 306.538
414.586 -1352.41 306.538
408.586 -1358.41 312.538
414.586 -1358.41 312.538
408.586 -1352.41 312.538
414.586 -1352.41 312.538
411.586 -1357.27 304.683
411.586 -1353.56 304.683
411.586 -1357.27 314.392
411.586 -1353.56 314.392
409.731 -1360.27 309.538
413.44 -1360.27 309.538
409.731 -1350.56 309.538
413.44 -1350.56 309.538
406.731 -1355.41 307.683
406.731 -1355.41 311.392
416.44 -1355.41 307.683
416.44 -1355.41 311.392
408.586 -1358.41 306.538
414.586 -1358.41 306.538
408.586 -1352.41 306.538
414.586 -1352.41 306.538
408.586 -1358.41 312.538
414.586 -1358.41 312.538
408.586 -1352.41 312.538
414.586 -1352.41 312.538
411.586 -1357.27 304.683
411.586 -1353.56 304.683
411.586 -1357.27 314.392
411.586 -1353.56 314.392
409.731 -1360.27 309.538
413.44 -1360.27 309.538
409.731 -1350.56 309.538
413.44 -1350.56 309.538
406.731 -1355.41 307.683
406.731 -1355.41 311.392
416.44 -1355.41 307.683
416.44 -1355.41 311.392
530.289 -1337.46 207.494
536.289 -1337.46 207.494
530.289 -1331.46 207.494
536.289 -1331.46 207.494
530.289 -1337.46 213.494
536.289 -1337.46 213.494
530.289 -1331.46 213.494
536.289 -1331.46 213.494
533.289 -1336.32 205.64
533.289 -1332.61 205.64
533.289 -1336.32 215.348
533.289 -1332.61 215.348
531.435 -1339.32 210.494
535.143 -1339.32 210.494
531.435 -1329.61 210.494
535.143 -1329.61 210.494
528.435 -1334.46 208.64
528.435 -1334.46 212.348
538.143 -1334.46 208.64
538.143 -1334.46 212.348
530.289 -1337.46 -242.957
536.289 -1337.46 -242.957
530.289 -1331.46 -242.957
536.289 -1331.46 -242.957
530.289 -1337.46 -236.957
536.289 -1337.46 -236.957
530.289 -1331.46 -236.957
536.289 -1331.46 -236.957
533.289 -1336.32 -244.811
533.289 -1332.61 -244.811
533.289 -1336.32 -235.103
533.289 -1332.61 -235.103
531.435 -1339.32 -239.957
535.143 -1339.32 -239.957
531.435 -1329.61 -239.957
535.143 -1329.61 -239.957
528.435 -1334.46 -241.811
528.435 -1334.46 -238.103
538.143 -1334.46 -241.811
538.143 -1334.46 -238.103
530.289 -1337.46 207.494
536.289 -1337.46 207.494
530.289 -1331.46 207.494
536.289 -1331.46 207.494
530.289 -1337.46 213.494
536.289 -1337.46 213.494
530.289 -1331.46 213.494
536.289 -1331.46 213.494
533.289 -1336.32 205.64
533.289 -1332.61 205.64
533.289 -1336.32 215.348
533.289 -1332.61 215.348
531.435 -1339.32 210.494
535.143 -1339.32 210.494
531.435 -1329.61 210.494
535.143 -1329.61 210.494
528.435 -1334.46 208.64
528.435 -1334.46 212.348
538.143 -1334.46 208.64
538.143 -1334.46 212.348
-536.289 1331.46 236.957
-530.289 1331.46 236.957
-536.289 1337.46 236.957
-530.289 1337.46 236.957
-536.289 1331.46 242.957
-530.289 1331.46 242.957
-536.289 1337.46 242.957
-530.289 1337.46 242.957
-533.289 1332.61 235.103
-533.289 1336.32 235.103
-533.289 1332.61 244.811
-533.289 1336.32 244.811
-535.143 1329.61 239.957
-531.435 1329.61 239.957
-535.143 1339.32 239.957
-531.435 1339.32 239.957
-538.143 1334.46 238.103
-538.143 1334.46 241.811
-528.435 1334.46 238.103
-528.435 1334.46 241.811
-339.719 1365.3 76.9856
-333.719 1365.3 76.9856
-339.719 1371.3 76.9856
-333.719 1371.3 76.9856
-339.719 1365.3 82.9856
-333.719 1365.3 82.9856
-339.719 1371.3 82.9856
-333.719 1371.3 82.9856
-336.719 1366.45 75.1315
-336.719 1370.15 75.1315
-336.719 1366.45 84.8397
-336.719 1370.15 84.8397
-338.573 1363.45 79.9856
-334.865 1363.45 79.9856
-338.573 1373.15 79.9856
-334.865 1373.15 79.9856
-341.573 1368.3 78.1315
-341.573 1368.3 81.8397
-331.865 1368.3 78.1315
-331.865 1368.3 81.8397
-339.719 1365.3 76.9856
-333.719 1365.3 76.9856
-339.719 1371.3 76.9856
-333.719 1371.3 76.9856
-339.719 1365.3 82.9856
-333.719 1365.3 82.9856
-339.719 1371.3 82.9856
-333.719 1371.3 82.9856
-336.719 1366.45 75.1315
-336.719 1370.15 75.1315
-336.719 1366.45 84.8397
-336.719 1370.15 84.8397
-338.573 1363.45 79.9856
-334.865 1363.45 79.9856
-338.573 1373.15 79.9856
-334.865 1373.15 79.9856
-341.573 1368.3 78.1315
-341.573 1368.3 81.8397
-331.865 1368.3 78.1315
-331.865 1368.3 81.8397
-143.148 1399.13 -82.9856
-137.148 1399.13 -82.9856
-143.148 1405.13 -82.9856
-137.148 1405.13 -82.9856
-143.148 1399.13 -76.9856
-137.148 1399.13 -76.9856
-143.148 1405.13 -76.9856
-137.148 1405.13 -76.9856
-140.148 1400.28 -84.8397
-140.148 1403.99 -84.8397
-140.148 1400.28 -75.1315
-140.148 1403.99 -75.1315
-142.002 1397.28 -79.9856
-138.294 1397.28 -79.9856
-142.002 1406.99 -79.9856
-138.294 1406.99 -79.9856
-145.002 1402.13 -81.8397
-145.002 1402.13 -78.1315
-135.294 1402.13 -81.8397
-135.294 1402.13 -78.1315
-143.148 1399.13 -82.9856
-137.148 1399.13 -82.9856
-143.148 1405.13 -82.9856
-137.148 1405.13 -82.9856
-143.148 1399.13 -76.9856
-137.148 1399.13 -76.9856
-143.148 1405.13 -76.9856
-137.148 1405.13 -76.9856
-140.148 1400.28 -84.8397
-140.148 1403.99 -84.8397
-140.148 1400.28 -75.1315
-140.148 1403.99 -75.1315
-142.002 1397.28 -79.9856
-138.294 1397.28 -79.9856
-142.002 1406.99 -79.9856
-138.294 1406.99 -79.9856
-145.002 1402.13 -81.8397
-145.002 1402.13 -78.1315
-135.294 1402.13 -81.8397
-135.294 1402.13 -78.1315
53.4224 1432.97 -242.957
59.4224 1432.97 -242.957
53.4224 1438.97 -242.957
59.4224 1438.97 -242.957
53.4224 1432.97 -236.957
59.4224 1432.97 -236.957
53.4224 1438.97 -236.957
59.4224 1438.97 -236.957
56.4224 1434.12 -244.811
56.4224 1437.82 -244.811
56.4224 1434.12 -235.103
56.4224 1437.82 -235.103
54.5683 1431.12 -239.957
58.2765 1431.12 -239.957
54.5683 1440.82 -239.957
58.2765 1440.82 -239.957
51.5683 1435.97 -241.811
51.5683 1435.97 -238.103
61.2765 1435.97 -241.811
61.2765 1435.97 -238.103
-189.985 1391.07 405.581
-183.985 1391.07 405.581
-189.985 1397.07 405.581
-183.985 1397.07 405.581
-189.985 1391.07 411.581
-183.985 1391.07 411.581
-189.985 1397.07 411.581
-183.985 1397.07 411.581
-186.985 1392.22 403.727
-186.985 1395.93 403.727
-186.985 1392.22 413.435
-186.985 1395.93 413.435
-188.839 1389.22 408.581
-185.131 1389.22 408.581
-188.839 1398.93 408.581
-185.131 1398.93 408.581
-191.839 1394.07 406.727
-191.839 1394.07 410.435
-182.131 1394.07 406.727
-182.131 1394.07 410.435
-68.2813 1412.02 306.538
-62.2813 1412.02 306.538
-68.2813 1418.02 306.538
-62.2813 1418.02 306.538
-68.2813 1412.02 312.538
-62.2813 1412.02 312.538
-68.2813 1418.02 312.538
-62.2813 1418.02 312.538
-65.2813 1413.17 304.683
-65.2813 1416.88 304.683
-65.2813 1413.17 314.392
-65.2813 1416.88 314.392
-67.1354 1410.17 309.538
-63.4272 1410.17 309.538
-67.1354 1419.88 309.538
-63.4272 1419.88 309.538
-70.1354 1415.02 307.683
-70.1354 1415.02 311.392
-60.4272 1415.02 307.683
-60.4272 1415.02 311.392
-68.2813 1412.02 306.538
-62.2813 1412.02 306.538
-68.2813 1418.02 306.538
-62.2813 1418.02 306.538
-68.2813 1412.02 312.538
-62.2813 1412.02 312.538
-68.2813 1418.02 312.538
-62.2813 1418.02 312.538
-65.2813 1413.17 304.683
-65.2813 1416.88 304.683
-65.2813 1413.17 314.392
-65.2813 1416.88 314.392
-67.1354 1410.17 309.538
-63.4272 1410.17 309.538
-67.1354 1419.88 309.538
-63.4272 1419.88 309.538
-70.1354 1415.02 307.683
-70.1354 1415.02 311.392
-60.4272 1415.02 307.683
-60.4272 1415.02 311.392
53.4224 1432.97 207.494
59.4224 1432.97 207.494
53.4224 1438.97 207.494
59.4224 1438.97 207.494
53.4224 1432.97 213.494
59.4224 1432.97 213.494
53.4224 1438.97 213.494
59.4224 1438.97 213.494
56.4224 1434.12 205.64
56.4224 1437.82 205.64
56.4224 1434.12 215.348
56.4224 1437.82 215.348
54.5683 1431.12 210.494
58.2765 1431.12 210.494
54.5683 1440.82 210.494
58.2765 1440.82 210.494
51.5683 1435.97 208.64
51.5683 1435.97 212.348
61.2765 1435.97 208.64
61.2765 1435.97 212.348
53.4224 1432.97 -242.957
59.4224 1432.97 -242.957
53.4224 1438.97 -242.957
59.4224 1438.97 -242.957
53.4224 1432.97 -236.957
59.4224 1432.97 -236.957
53.4224 1438.97 -236.957
59.4224 1438.97 -236.957
56.4224 1434.12 -244.811
56.4224 1437.82 -244.811
56.4224 1434.12 -235.103
56.4224 1437.82 -235.103
54.5683 1431.12 -239.957
58.2765 1431.12 -239.957
54.5683 1440.82 -239.957
58.2765 1440.82 -239.957
51.5683 1435.97 -241.811
51.5683 1435.97 -238.103
61.2765 1435.97 -241.811
61.2765 1435.97 -238.103
53.4224 1432.97 207.494
59.4224 1432.97 207.494
53.4224 1438.97 207.494
59.4224 1438.97 207.494
53.4224 1432.97 213.494
59.4224 1432.97 213.494
53.4224 1438.97 213.494
59.4224 1438.97 213.494
56.4224 1434.12 205.64
56.4224 1437.82 205.64
56.4224 1434.12 215.348
56.4224 1437.82 215.348
54.5683 1431.12 210.494
58.2765 1431.12 210.494
54.5683 1440.82 210.494
58.2765 1440.82 210.494
51.5683 1435.97 208.64
51.5683 1435.97 212.348
61.2765 1435.97 208.64
61.2765 1435.97 212.348
CELLS 5504 22016
3 35 14 34
3 35 15 14
3 23 35 34
3 23 22 34
3 23 22 29
3 23 29 28
3 23 21 38
3 23 21 28
3 20 22 29
3 20 22 36
3 20 29 28
3 20 21 33
3 20 21 28
3 20 32 33
3 4 17 36
3 4 20 36
3 4 32 12
3 4 20 32
3 19 35 15
3 19 23 38
3 19 7 15
3 19 23 35
3 19 5 10
3 19 11 7
3 19 11 10
3 13 19 38
3 13 21 38
3 13 19 5
3 13 21 33
3 13 4 12
3 13 4 10
3 13 5 10
3 13 32 12
3 13 32 33
3 6 14 34
3 6 22 34
3 6 17 36
3 6 22 36
3 6 15 14
3 6 7 15
3 6 11 7
3 6 4 10
3 6 4 17
3 6 11 10
3 75 54 74
3 75 55 54
3 63 75 74
3 63 62 74
3 63 62 69
3 63 69 68
3 63 61 78
3 63 61 68
3 60 62 69
3 60 62 76
3 60 69 68
3 60 61 73
3 60 61 68
3 60 72 73
3 57 72 52
3 57 60 76
3 57 44 52
3 57 60 72
3 57 54 74
3 57 62 74
3 57 62 76
3 57 46 54
3 59 75 55
3 59 63 78
3 59 47 55
3 59 63 75
3 53 59 78
3 53 61 78
3 53 59 45
3 53 61 73
3 53 72 52
3 53 72 73
3 50 44 52
3 50 53 45
3 50 53 52
3 51 55 54
3 51 47 55
3 51 46 54
3 51 57 46
3 51 57 44
3 51 50 44
3 51 59 45
3 51 59 47
3 51 50 45
3 115 94 114
3 115 95 94
3 103 115 114
3 103 102 114
3 103 102 109
3 103 109 108
3 103 101 118
3 103 101 108
3 100 102 109
3 100 102 116
3 100 109 108
3 100 101 113
3 100 101 108
3 100 112 113
3 99 115 95
3 99 103 118
3 99 87 95
3 99 103 115
3 93 99 118
3 93 101 118
3 93 99 85
3 93 101 113
3 93 112 92
3 93 112 113
3 86 94 114
3 86 102 114
3 86 97 116
3 86 102 116
3 86 95 94
3 86 87 95
3 86 91 87
3 90 91 87
3 90 99 87
3 90 99 85
3 84 97 116
3 84 112 92
3 84 100 116
3 84 100 112
3 84 93 92
3 84 93 85
3 84 90 85
3 84 86 91
3 84 86 97
3 84 90 91
3 155 134 154
3 155 135 134
3 143 155 154
3 143 142 154
3 143 142 149
3 143 149 148
3 143 141 158
3 143 141 148
3 140 142 149
3 140 142 156
3 140 149 148
3 140 141 153
3 140 141 148
3 140 152 153
3 126 134 154
3 126 142 154
3 126 137 156
3 126 142 156
3 139 155 135
3 139 143 158
3 139 127 135
3 139 143 155
3 124 137 156
3 124 152 132
3 124 140 156
3 124 140 152
3 133 139 158
3 133 141 158
3 133 139 125
3 133 141 153
3 133 152 132
3 133 152 153
3 131 135 134
3 131 127 135
3 131 126 134
3 130 124 132
3 130 133 125
3 130 133 132
3 130 139 127
3 130 139 125
3 130 131 127
3 130 126 137
3 130 124 137
3 130 131 126
3 195 174 194
3 195 175 174
3 183 195 194
3 183 182 194
3 183 182 189
3 183 189 188
3 183 181 198
3 183 181 188
3 180 182 189
3 180 182 196
3 180 189 188
3 180 181 193
3 180 181 188
3 180 192 193
3 177 192 172
3 177 180 196
3 177 164 172
3 177 180 192
3 177 174 194
3 177 182 194
3 177 182 196
3 177 166 174
3 179 195 175
3 179 183 198
3 179 167 175
3 179 183 195
3 173 179 198
3 173 181 198
3 173 179 165
3 173 181 193
3 173 192 172
3 173 192 193
3 170 164 172
3 170 173 165
3 170 173 172
3 171 175 174
3 171 167 175
3 171 166 174
3 171 177 166
3 171 177 164
3 171 170 164
3 171 179 165
3 171 179 167
3 171 170 165
3 235 214 234
3 235 215 214
3 223 235 234
3 223 222 234
3 223 222 229
3 223 229 228
3 223 221 238
3 223 221 228
3 220 222 229
3 220 222 236
3 220 229 228
3 220 221 233
3 220 221 228
3 220 232 233
3 217 232 212
3 217 220 236
3 217 204 212
3 217 220 232
3 217 214 234
3 217 222 234
3 217 222 236
3 217 206 214
3 219 235 215
3 219 223 238
3 219 207 215
3 219 223 235
3 213 219 238
3 213 221 238
3 213 219 205
3 213 221 233
3 213 232 212
3 213 232 233
3 210 204 212
3 210 213 205
3 210 213 212
3 211 215 214
3 211 207 215
3 211 206 214
3 211 217 206
3 211 217 204
3 211 210 204
3 211 219 205
3 211 219 207
3 211 210 205
3 275 254 274
3 275 255 254
3 263 275 274
3 263 262 274
3 263 262 269
3 263 269 268
3 263 261 278
3 263 261 268
3 260 262 269
3 260 262 276
3 260 269 268
3 260 261 273
3 260 261 268
3 260 272 273
3 259 275 255
3 259 263 278
3 259 247 255
3 259 263 275
3 253 259 278
3 253 261 278
3 253 259 245
3 253 261 273
3 253 272 252
3 253 272 273
3 246 254 274
3 246 262 274
3 246 257 276
3 246 262 276
3 246 255 254
3 246 247 255
3 246 251 247
3 250 251 247
3 250 259 247
3 250 259 245
3 244 257 276
3 244 272 252
3 244 260 276
3 244 260 272
3 244 253 252
3 244 253 245
3 244 250 245
3 244 246 251
3 244 246 257
3 244 250 251
3 315 294 314
3 315 295 294
3 303 315 314
3 303 302 314
3 303 302 309
3 303 309 308
3 303 301 318
3 303 301 308
3 300 302 309
3 300 302 316
3 300 309 308
3 300 301 313
3 300 301 308
3 300 312 313
3 297 312 292
3 297 300 316
3 297 284 292
3 297 300 312
3 297 294 314
3 297 302 314
3 297 302 316
3 297 286 294
3 299 315 295
3 299 303 318
3 299 287 295
3 299 303 315
3 293 299 318
3 293 301 318
3 293 299 285
3 293 301 313
3 293 312 292
3 293 312 313
3 290 284 292
3 290 293 285
3 290 293 292
3 291 295 294
3 291 287 295
3 291 286 294
3 291 297 286
3 291 297 284
3 291 290 284
3 291 299 285
3 291 299 287
3 291 290 285
3 355 334 354
3 355 335 334
3 343 355 354
3 343 342 354
3 343 342 349
3 343 349 348
3 343 341 358
3 343 341 348
3 340 342 349
3 340 342 356
3 340 349 348
3 340 341 353
3 340 341 348
3 340 352 353
3 337 352 332
3 337 340 356
3 337 324 332
3 337 340 352
3 337 334 354
3 337 342 354
3 337 342 356
3 337 326 334
3 339 355 335
3 339 343 358
3 339 327 335
3 339 343 355
3 333 339 358
3 333 341 358
3 333 339 325
3 333 341 353
3 333 352 332
3 333 352 353
3 330 324 332
3 330 333 325
3 330 333 332
3 331 335 334
3 331 327 335
3 331 326 334
3 331 337 326
3 331 337 324
3 331 330 324
3 331 339 325
3 331 339 327
3 331 330 325
3 381 389 388
3 381 383 398
3 381 383 389
3 395 383 389
3 395 382 394
3 395 382 389
3 395 374 394
3 395 375 374
3 380 389 388
3 380 382 389
3 380 382 396
3 380 381 388
3 380 381 393
3 380 392 393
3 377 392 372
3 377 380 396
3 377 364 372
3 377 380 392
3 377 374 394
3 377 382 394
3 377 382 396
3 377 366 374
3 379 383 398
3 379 395 375
3 379 367 375
3 379 395 383
3 373 379 398
3 373 381 398
3 373 379 365
3 373 381 393
3 373 392 372
3 373 392 393
3 370 364 372
3 370 373 365
3 370 373 372
3 371 367 375
3 371 375 374
3 371 366 374
3 371 377 366
3 371 377 364
3 371 370 364
3 371 379 365
3 371 379 367
3 371 370 365
3 421 429 428
3 421 423 438
3 421 423 429
3 435 423 429
3 435 422 434
3 435 422 429
3 435 414 434
3 435 415 414
3 420 429 428
3 420 422 429
3 420 422 436
3 420 421 428
3 420 421 433
3 420 432 433
3 417 432 412
3 417 420 436
3 417 404 412
3 417 420 432
3 417 414 434
3 417 422 434
3 417 422 436
3 417 406 414
3 419 423 438
3 419 435 415
3 419 407 415
3 419 435 423
3 413 419 438
3 413 421 438
3 413 419 405
3 413 421 433
3 413 432 412
3 413 432 433
3 410 404 412
3 410 413 405
3 410 413 412
3 411 407 415
3 411 415 414
3 411 406 414
3 411 417 406
3 411 417 404
3 411 410 404
3 411 419 405
3 411 419 407
3 411 410 405
3 461 469 468
3 461 463 478
3 461 463 469
3 475 463 469
3 475 462 474
3 475 462 469
3 475 454 474
3 475 455 454
3 460 469 468
3 460 462 469
3 460 462 476
3 460 461 468
3 460 461 473
3 460 472 473
3 457 472 452
3 457 460 476
3 457 444 452
3 457 460 472
3 457 454 474
3 457 462 474
3 457 462 476
3 457 446 454
3 459 463 478
3 459 475 455
3 459 447 455
3 459 475 463
3 453 459 478
3 453 461 478
3 453 459 445
3 453 461 473
3 453 472 452
3 453 472 473
3 450 444 452
3 450 453 445
3 450 453 452
3 451 447 455
3 451 455 454
3 451 446 454
3 451 457 446
3 451 457 444
3 451 450 444
3 451 459 445
3 451 459 447
3 451 450 445
3 515 494 514
3 515 495 494
3 503 515 514
3 503 502 514
3 503 502 509
3 503 509 508
3 503 501 518
3 503 501 508
3 500 502 509
3 500 502 516
3 500 509 508
3 500 501 513
3 500 501 508
3 500 512 513
3 497 512 492
3 497 500 516
3 497 484 492
3 497 500 512
3 497 494 514
3 497 502 514
3 497 502 516
3 497 486 494
3 499 515 495
3 499 503 518
3 499 487 495
3 499 503 515
3 493 499 518
3 493 501 518
3 493 499 485
3 493 501 513
3 493 512 492
3 493 512 513
3 490 484 492
3 490 493 485
3 490 493 492
3 491 495 494
3 491 487 495
3 491 486 494
3 491 497 486
3 491 497 484
3 491 490 484
3 491 499 485
3 491 499 487
3 491 490 485
3 541 549 548
3 541 543 558
3 541 543 549
3 555 543 549
3 555 542 554
3 555 542 549
3 555 534 554
3 555 535 534
3 540 549 548
3 540 542 549
3 540 542 556
3 540 541 548
3 540 541 553
3 540 552 553
3 526 534 554
3 526 542 554
3 526 537 556
3 526 542 556
3 539 543 558
3 539 555 535
3 539 527 535
3 539 555 543
3 524 537 556
3 524 552 532
3 524 540 556
3 524 540 552
3 533 539 558
3 533 541 558
3 533 539 525
3 533 541 553
3 533 552 532
3 533 552 553
3 531 527 535
3 531 535 534
3 531 526 534
3 530 524 532
3 530 533 525
3 530 533 532
3 530 539 527
3 530 539 525
3 530 531 527
3 530 526 537
3 530 524 537
3 530 531 526
3 581 589 588
3 581 583 598
3 581 583 589
3 595 583 589
3 595 582 594
3 595 582 589
3 595 574 594
3 595 575 574
3 580 589 588
3 580 582 589
3 580 582 596
3 580 581 588
3 580 581 593
3 580 592 593
3 577 592 572
3 577 580 596
3 577 564 572
3 577 580 592
3 579 583 598
3 579 595 575
3 579 567 575
3 579 595 583
3 570 571 567
3 570 579 565
3 570 579 567
3 573 579 598
3 573 581 598
3 573 579 565
3 573 581 593
3 573 564 572
3 573 570 564
3 573 570 565
3 573 592 572
3 573 592 593
3 566 567 575
3 566 575 574
3 566 571 567
3 566 574 594
3 566 582 594
3 566 577 596
3 566 582 596
3 566 577 564
3 566 570 571
3 566 570 564
3 615 614 634
3 615 635 634
3 629 635 623
3 629 622 634
3 629 635 634
3 629 623 638
3 629 621 638
3 629 621 628
3 629 622 636
3 629 620 628
3 629 620 636
3 613 604 612
3 613 604 610
3 613 605 610
3 632 621 633
3 632 621 628
3 632 620 628
3 632 617 636
3 632 620 636
3 632 604 612
3 632 617 604
3 632 613 633
3 632 613 612
3 619 613 633
3 619 621 638
3 619 621 633
3 619 613 605
3 606 614 634
3 606 622 634
3 606 617 636
3 606 622 636
3 606 604 610
3 606 617 604
3 606 611 610
3 607 623 638
3 607 619 638
3 607 635 623
3 607 615 635
3 607 605 610
3 607 611 610
3 607 619 605
3 607 615 614
3 607 606 611
3 607 606 614
3 655 654 674
3 655 675 674
3 669 675 663
3 669 662 674
3 669 675 674
3 669 663 678
3 669 661 678
3 669 661 668
3 669 662 676
3 669 660 668
3 669 660 676
3 653 644 652
3 653 644 650
3 653 645 650
3 672 661 673
3 672 661 668
3 672 660 668
3 672 657 676
3 672 660 676
3 672 644 652
3 672 657 644
3 672 653 673
3 672 653 652
3 659 653 673
3 659 661 678
3 659 661 673
3 659 653 645
3 646 654 674
3 646 662 674
3 646 657 676
3 646 662 676
3 646 644 650
3 646 657 644
3 646 651 650
3 647 663 678
3 647 659 678
3 647 675 663
3 647 655 675
3 647 645 650
3 647 651 650
3 647 659 645
3 647 655 654
3 647 646 651
3 647 646 654
3 701 703 718
3 701 709 708
3 701 709 703
3 695 694 714
3 695 715 714
3 702 715 703
3 702 709 703
3 702 715 714
3 702 709 708
3 702 700 708
3 702 700 716
3 693 684 692
3 693 684 690
3 693 685 690
3 712 701 708
3 712 701 713
3 712 700 708
3 712 697 716
3 712 700 716
3 712 684 692
3 712 697 684
3 712 693 713
3 712 693 692
3 699 693 713
3 699 701 718
3 699 701 713
3 699 693 685
3 686 694 714
3 686 702 714
3 686 697 716
3 686 702 716
3 686 684 690
3 686 697 684
3 686 691 690
3 687 703 718
3 687 699 718
3 687 715 703
3 687 695 715
3 687 685 690
3 687 691 690
3 687 699 685
3 687 695 694
3 687 686 691
3 687 686 694
3 755 734 754
3 755 735 734
3 743 755 754
3 743 742 754
3 743 742 749
3 743 749 748
3 743 741 758
3 743 741 748
3 740 742 749
3 740 742 756
3 740 749 748
3 740 741 753
3 740 741 748
3 740 752 753
3 737 752 732
3 737 740 756
3 737 724 732
3 737 740 752
3 737 734 754
3 737 742 754
3 737 742 756
3 737 726 734
3 739 755 735
3 739 743 758
3 739 727 735
3 739 743 755
3 733 739 758
3 733 741 758
3 733 739 725
3 733 741 753
3 733 752 732
3 733 752 753
3 730 724 732
3 730 733 725
3 730 733 732
3 731 735 734
3 731 727 735
3 731 726 734
3 731 737 726
3 731 737 724
3 731 730 724
3 731 739 725
3 731 739 727
3 731 730 725
3 795 774 794
3 795 775 774
3 783 795 794
3 783 782 794
3 783 782 789
3 783 789 788
3 783 781 798
3 783 781 788
3 780 782 789
3 780 782 796
3 780 789 788
3 780 781 793
3 780 781 788
3 780 792 793
3 766 774 794
3 766 782 794
3 766 777 796
3 766 782 796
3 779 795 775
3 779 783 798
3 779 767 775
3 779 783 795
3 764 777 796
3 764 792 772
3 764 780 796
3 764 780 792
3 773 779 798
3 773 781 798
3 773 779 765
3 773 781 793
3 773 792 772
3 773 792 793
3 771 775 774
3 771 767 775
3 771 766 774
3 770 764 772
3 770 773 765
3 770 773 772
3 770 779 767
3 770 779 765
3 770 771 767
3 770 766 777
3 770 764 777
3 770 771 766
3 800 836 820
3 800 836 816
3 822 836 816
3 822 802 816
3 812 800 820
3 812 832 820
3 812 832 833
3 812 813 833
3 823 822 834
3 823 835 834
3 823 822 829
3 814 835 834
3 814 835 815
3 814 822 834
3 814 822 802
3 811 814 815
3 811 807 815
3 811 814 806
3 825 821 838
3 825 839 838
3 825 821 833
3 827 839 838
3 827 823 838
3 827 823 835
3 827 807 815
3 827 835 815
3 827 819 807
3 827 819 839
3 828 836 820
3 828 822 829
3 828 822 836
3 828 821 833
3 828 832 820
3 828 832 833
3 828 821 838
3 828 823 829
3 828 823 838
3 817 802 816
3 817 814 802
3 817 814 806
3 805 813 833
3 805 825 833
3 805 811 807
3 805 811 810
3 805 819 807
3 805 825 839
3 805 819 839
3 804 811 810
3 804 811 806
3 804 817 806
3 804 800 816
3 804 812 800
3 804 817 816
3 804 812 813
3 804 805 810
3 804 805 813
3 840 876 860
3 840 876 856
3 862 876 856
3 862 842 856
3 872 840 860
3 872 852 840
3 853 872 873
3 853 872 852
3 863 862 874
3 863 875 874
3 863 862 869
3 854 875 874
3 854 875 855
3 854 862 874
3 854 862 842
3 851 854 855
3 851 847 855
3 851 854 846
3 865 861 878
3 865 879 878
3 865 861 873
3 867 879 878
3 867 863 878
3 867 863 875
3 867 847 855
3 867 875 855
3 867 859 847
3 867 859 879
3 868 876 860
3 868 862 869
3 868 862 876
3 868 861 873
3 868 872 860
3 868 872 873
3 868 861 878
3 868 863 869
3 868 863 878
3 857 854 842
3 857 842 856
3 857 854 846
3 857 840 856
3 857 852 840
3 857 844 852
3 857 851 846
3 857 844 850
3 857 851 850
3 845 853 852
3 845 844 850
3 845 844 852
3 845 853 873
3 845 865 873
3 845 851 847
3 845 851 850
3 845 859 847
3 845 865 879
3 845 859 879
3 880 916 900
3 880 916 896
3 902 916 896
3 902 882 896
3 892 880 900
3 892 912 900
3 892 912 913
3 892 893 913
3 903 902 914
3 903 915 914
3 903 902 909
3 894 915 914
3 894 915 895
3 894 902 914
3 894 902 882
3 891 894 895
3 891 887 895
3 891 894 886
3 885 905 913
3 885 893 913
3 919 905 913
3 919 901 918
3 919 901 913
3 908 916 900
3 908 902 909
3 908 902 916
3 908 901 913
3 908 912 900
3 908 912 913
3 908 901 918
3 908 903 909
3 908 903 918
3 897 882 896
3 897 894 882
3 897 894 886
3 907 903 915
3 907 903 918
3 907 919 918
3 907 887 895
3 907 915 895
3 899 891 887
3 899 891 890
3 899 885 890
3 899 907 919
3 899 907 887
3 899 885 905
3 899 919 905
3 884 885 893
3 884 892 893
3 884 885 890
3 884 891 890
3 884 891 886
3 884 897 886
3 884 880 896
3 884 892 880
3 884 897 896
3 955 934 954
3 955 935 934
3 943 955 954
3 943 942 954
3 943 942 949
3 943 949 948
3 943 941 958
3 943 941 948
3 940 942 949
3 940 942 956
3 940 949 948
3 940 941 953
3 940 941 948
3 940 952 953
3 926 934 954
3 926 942 954
3 926 937 956
3 926 942 956
3 939 955 935
3 939 943 958
3 939 927 935
3 939 943 955
3 924 937 956
3 924 952 932
3 924 940 956
3 924 940 952
3 933 939 958
3 933 941 958
3 933 939 925
3 933 941 953
3 933 952 932
3 933 952 953
3 931 935 934
3 931 927 935
3 931 926 934
3 930 924 932
3 930 933 925
3 930 933 932
3 930 939 927
3 930 939 925
3 930 931 927
3 930 926 937
3 930 924 937
3 930 931 926
3 995 974 994
3 995 975 974
3 983 995 994
3 983 982 994
3 983 982 989
3 983 989 988
3 983 981 998
3 983 981 988
3 980 982 989
3 980 982 996
3 980 989 988
3 980 981 993
3 980 981 988
3 980 992 993
3 979 995 975
3 979 983 998
3 979 967 975
3 979 983 995
3 973 979 998
3 973 981 998
3 973 979 965
3 973 981 993
3 973 992 972
3 973 992 993
3 966 974 994
3 966 982 994
3 966 977 996
3 966 982 996
3 966 975 974
3 966 967 975
3 966 971 967
3 970 971 967
3 970 979 967
3 970 979 965
3 964 977 996
3 964 992 972
3 964 980 996
3 964 980 992
3 964 973 972
3 964 973 965
3 964 970 965
3 964 966 971
3 964 966 977
3 964 970 971
3 1035 1014 1034
3 1035 1015 1014
3 1023 1035 1034
3 1023 1022 1034
3 1023 1022 1029
3 1023 1029 1028
3 1023 1021 1038
3 1023 1021 1028
3 1020 1022 1029
3 1020 1022 1036
3 1020 1029 1028
3 1020 1021 1033
3 1020 1021 1028
3 1020 1032 1033
3 1017 1032 1012
3 1017 1020 1036
3 1017 1004 1012
3 1017 1020 1032
3 1017 1014 1034
3 1017 1022 1034
3 1017 1022 1036
3 1017 1006 1014
3 1019 1035 1015
3 1019 1023 1038
3 1019 1007 1015
3 1019 1023 1035
3 1013 1019 1038
3 1013 1021 1038
3 1013 1019 1005
3 1013 1021 1033
3 1013 1032 1012
3 1013 1032 1033
3 1010 1004 1012
3 1010 1013 1005
3 1010 1013 1012
3 1011 1015 1014
3 1011 1007 1015
3 1011 1006 1014
3 1011 1017 1006
3 1011 1017 1004
3 1011 1010 1004
3 1011 1019 1005
3 1011 1019 1007
3 1011 1010 1005
3 1075 1054 1074
3 1075 1055 1054
3 1063 1075 1074
3 1063 1062 1074
3 1063 1062 1069
3 1063 1069 1068
3 1063 1061 1078
3 1063 1061 1068
3 1060 1062 1069
3 1060 1062 1076
3 1060 1069 1068
3 1060 1061 1073
3 1060 1061 1068
3 1060 1072 1073
3 1057 1072 1052
3 1057 1060 1076
3 1057 1044 1052
3 1057 1060 1072
3 1057 1054 1074
3 1057 1062 1074
3 1057 1062 1076
3 1057 1046 1054
3 1059 1075 1055
3 1059 1063 1078
3 1059 1047 1055
3 1059 1063 1075
3 1053 1059 1078
3 1053 1061 1078
3 1053 1059 1045
3 1053 1061 1073
3 1053 1072 1052
3 1053 1072 1073
3 1050 1044 1052
3 1050 1053 1045
3 1050 1053 1052
3 1051 1055 1054
3 1051 1047 1055
3 1051 1046 1054
3 1051 1057 1046
3 1051 1057 1044
3 1051 1050 1044
3 1051 1059 1045
3 1051 1059 1047
3 1051 1050 1045
3 1115 1094 1114
3 1115 1095 1094
3 1103 1115 1114
3 1103 1102 1114
3 1103 1102 1109
3 1103 1109 1108
3 1103 1101 1118
3 1103 1101 1108
3 1100 1102 1109
3 1100 1102 1116
3 1100 1109 1108
3 1100 1101 1113
3 1100 1101 1108
3 1100 1112 1113
3 1097 1112 1092
3 1097 1100 1116
3 1097 1084 1092
3 1097 1100 1112
3 1097 1094 1114
3 1097 1102 1114
3 1097 1102 1116
3 1097 1086 1094
3 1099 1115 1095
3 1099 1103 1118
3 1099 1087 1095
3 1099 1103 1115
3 1093 1099 1118
3 1093 1101 1118
3 1093 1099 1085
3 1093 1101 1113
3 1093 1112 1092
3 1093 1112 1113
3 1090 1084 1092
3 1090 1093 1085
3 1090 1093 1092
3 1091 1095 1094
3 1091 1087 1095
3 1091 1086 1094
3 1091 1097 1086
3 1091 1097 1084
3 1091 1090 1084
3 1091 1099 1085
3 1091 1099 1087
3 1091 1090 1085
3 1155 1134 1154
3 1155 1135 1134
3 1143 1155 1154
3 1143 1142 1154
3 1143 1142 1149
3 1143 1149 1148
3 1143 1141 1158
3 1143 1141 1148
3 1140 1142 1149
3 1140 1142 1156
3 1140 1149 1148
3 1140 1141 1153
3 1140 1141 1148
3 1140 1152 1153
3 1137 1152 1132
3 1137 1140 1156
3 1137 1124 1132
3 1137 1140 1152
3 1137 1134 1154
3 1137 1142 1154
3 1137 1142 1156
3 1137 1126 1134
3 1139 1155 1135
3 1139 1143 1158
3 1139 1127 1135
3 1139 1143 1155
3 1133 1139 1158
3 1133 1141 1158
3 1133 1139 1125
3 1133 1141 1153
3 1133 1152 1132
3 1133 1152 1153
3 1130 1124 1132
3 1130 1133 1125
3 1130 1133 1132
3 1131 1135 1134
3 1131 1127 1135
3 1131 1126 1134
3 1131 1137 1126
3 1131 1137 1124
3 1131 1130 1124
3 1131 1139 1125
3 1131 1139 1127
3 1131 1130 1125
3 1195 1174 1194
3 1195 1175 1174
3 1183 1195 1194
3 1183 1182 1194
3 1183 1182 1189
3 1183 1189 1188
3 1183 1181 1198
3 1183 1181 1188
3 1180 1182 1189
3 1180 1182 1196
3 1180 1189 1188
3 1180 1181 1193
3 1180 1181 1188
3 1180 1192 1193
3 1177 1192 1172
3 1177 1180 1196
3 1177 1164 1172
3 1177 1180 1192
3 1177 1174 1194
3 1177 1182 1194
3 1177 1182 1196
3 1177 1166 1174
3 1179 1195 1175
3 1179 1183 1198
3 1179 1167 1175
3 1179 1183 1195
3 1173 1179 1198
3 1173 1181 1198
3 1173 1179 1165
3 1173 1181 1193
3 1173 1192 1172
3 1173 1192 1193
3 1170 1164 1172
3 1170 1173 1165
3 1170 1173 1172
3 1171 1175 1174
3 1171 1167 1175
3 1171 1166 1174
3 1171 1177 1166
3 1171 1177 1164
3 1171 1170 1164
3 1171 1179 1165
3 1171 1179 1167
3 1171 1170 1165
3 1235 1214 1234
3 1235 1215 1214
3 1223 1235 1234
3 1223 1222 1234
3 1223 1222 1229
3 1223 1229 1228
3 1223 1221 1238
3 1223 1221 1228
3 1220 1222 1229
3 1220 1222 1236
3 1220 1229 1228
3 1220 1221 1233
3 1220 1221 1228
3 1220 1232 1233
3 1217 1232 1212
3 1217 1220 1236
3 1217 1204 1212
3 1217 1220 1232
3 1217 1214 1234
3 1217 1222 1234
3 1217 1222 1236
3 1217 1206 1214
3 1219 1235 1215
3 1219 1223 1238
3 1219 1207 1215
3 1219 1223 1235
3 1213 1219 1238
3 1213 1221 1238
3 1213 1219 1205
3 1213 1221 1233
3 1213 1232 1212
3 1213 1232 1233
3 1210 1204 1212
3 1210 1213 1205
3 1210 1213 1212
3 1211 1215 1214
3 1211 1207 1215
3 1211 1206 1214
3 1211 1217 1206
3 1211 1217 1204
3 1211 1210 1204
3 1211 1219 1205
3 1211 1219 1207
3 1211 1210 1205
3 1261 1269 1268
3 1261 1263 1278
3 1261 1263 1269
3 1275 1263 1269
3 1275 1262 1274
3 1275 1262 1269
3 1275 1254 1274
3 1275 1255 1254
3 1260 1269 1268
3 1260 1262 1269
3 1260 1262 1276
3 1260 1261 1268
3 1260 1261 1273
3 1260 1272 1273
3 1257 1272 1252
3 1257 1260 1276
3 1257 1244 1252
3 1257 1260 1272
3 1257 1254 1274
3 1257 1262 1274
3 1257 1262 1276
3 1257 1246 1254
3 1259 1263 1278
3 1259 1275 1255
3 1259 1247 1255
3 1259 1275 1263
3 1253 1259 1278
3 1253 1261 1278
3 1253 1259 1245
3 1253 1261 1273
3 1253 1272 1252
3 1253 1272 1273
3 1250 1244 1252
3 1250 1253 1245
3 1250 1253 1252
3 1251 1247 1255
3 1251 1255 1254
3 1251 1246 1254
3 1251 1257 1246
3 1251 1257 1244
3 1251 1250 1244
3 1251 1259 1245
3 1251 1259 1247
3 1251 1250 1245
3 1301 1309 1308
3 1301 1303 1318
3 1301 1303 1309
3 1315 1303 1309
3 1315 1302 1314
3 1315 1302 1309
3 1315 1294 1314
3 1315 1295 1294
3 1300 1309 1308
3 1300 1302 1309
3 1300 1302 1316
3 1300 1301 1308
3 1300 1301 1313
3 1300 1312 1313
3 1297 1312 1292
3 1297 1300 1316
3 1297 1284 1292
3 1297 1300 1312
3 1297 1294 1314
3 1297 1302 1314
3 1297 1302 1316
3 1297 1286 1294
3 1299 1303 1318
3 1299 1315 1295
3 1299 1287 1295
3 1299 1315 1303
3 1293 1299 1318
3 1293 1301 1318
3 1293 1299 1285
3 1293 1301 1313
3 1293 1312 1292
3 1293 1312 1313
3 1290 1284 1292
3 1290 1293 1285
3 1290 1293 1292
3 1291 1287 1295
3 1291 1295 1294
3 1291 1286 1294
3 1291 1297 1286
3 1291 1297 1284
3 1291 1290 1284
3 1291 1299 1285
3 1291 1299 1287
3 1291 1290 1285
3 1341 1349 1348
3 1341 1343 1358
3 1341 1343 1349
3 1355 1343 1349
3 1355 1342 1354
3 1355 1342 1349
3 1355 1334 1354
3 1355 1335 1334
3 1340 1349 1348
3 1340 1342 1349
3 1340 1342 1356
3 1340 1341 1348
3 1340 1341 1353
3 1340 1352 1353
3 1326 1334 1354
3 1326 1342 1354
3 1326 1337 1356
3 1326 1342 1356
3 1339 1343 1358
3 1339 1355 1335
3 1339 1327 1335
3 1339 1355 1343
3 1324 1337 1356
3 1324 1352 1332
3 1324 1340 1356
3 1324 1340 1352
3 1333 1339 1358
3 1333 1341 1358
3 1333 1339 1325
3 1333 1341 1353
3 1333 1352 1332
3 1333 1352 1353
3 1331 1327 1335
3 1331 1335 1334
3 1331 1326 1334
3 1330 1324 1332
3 1330 1333 1325
3 1330 1333 1332
3 1330 1339 1327
3 1330 1339 1325
3 1330 1331 1327
3 1330 1326 1337
3 1330 1324 1337
3 1330 1331 1326
3 1395 1374 1394
3 1395 1375 1374
3 1383 1395 1394
3 1383 1382 1394
3 1383 1382 1389
3 1383 1389 1388
3 1383 1381 1398
3 1383 1381 1388
3 1380 1382 1389
3 1380 1382 1396
3 1380 1389 1388
3 1380 1381 1393
3 1380 1381 1388
3 1380 1392 1393
3 1366 1374 1394
3 1366 1382 1394
3 1366 1377 1396
3 1366 1382 1396
3 1379 1395 1375
3 1379 1383 1398
3 1379 1367 1375
3 1379 1383 1395
3 1364 1377 1396
3 1364 1392 1372
3 1364 1380 1396
3 1364 1380 1392
3 1373 1379 1398
3 1373 1381 1398
3 1373 1379 1365
3 1373 1381 1393
3 1373 1392 1372
3 1373 1392 1393
3 1371 1375 1374
3 1371 1367 1375
3 1371 1366 1374
3 1370 1364 1372
3 1370 1373 1365
3 1370 1373 1372
3 1370 1379 1367
3 1370 1379 1365
3 1370 1371 1367
3 1370 1366 1377
3 1370 1364 1377
3 1370 1371 1366
3 1415 1414 1434
3 1415 1435 1434
3 1429 1435 1423
3 1429 1422 1434
3 1429 1435 1434
3 1429 1423 1438
3 1429 1421 1438
3 1429 1421 1428
3 1429 1422 1436
3 1429 1420 1428
3 1429 1420 1436
3 1413 1404 1412
3 1413 1404 1410
3 1413 1405 1410
3 1432 1421 1433
3 1432 1421 1428
3 1432 1420 1428
3 1432 1413 1433
3 1432 1413 1412
3 1407 1406 1411
3 1407 1415 1414
3 1407 1406 1414
3 1417 1432 1420
3 1417 1404 1412
3 1417 1420 1436
3 1417 1432 1412
3 1417 1414 1434
3 1417 1422 1434
3 1417 1422 1436
3 1417 1406 1414
3 1417 1404 1410
3 1417 1406 1411
3 1417 1411 1410
3 1419 1413 1433
3 1419 1421 1438
3 1419 1421 1433
3 1419 1413 1405
3 1419 1423 1438
3 1419 1435 1423
3 1419 1415 1435
3 1419 1407 1415
3 1419 1405 1410
3 1419 1411 1410
3 1419 1407 1411
3 1461 1469 1468
3 1461 1463 1478
3 1461 1463 1469
3 1475 1463 1469
3 1475 1462 1474
3 1475 1462 1469
3 1475 1454 1474
3 1475 1455 1454
3 1460 1469 1468
3 1460 1462 1469
3 1460 1462 1476
3 1460 1461 1468
3 1460 1461 1473
3 1460 1472 1473
3 1446 1447 1455
3 1446 1455 1454
3 1446 1451 1447
3 1459 1463 1478
3 1459 1475 1455
3 1459 1447 1455
3 1459 1475 1463
3 1450 1451 1447
3 1450 1459 1445
3 1450 1459 1447
3 1453 1459 1478
3 1453 1461 1478
3 1453 1459 1445
3 1453 1461 1473
3 1453 1444 1452
3 1453 1450 1444
3 1453 1450 1445
3 1453 1472 1452
3 1453 1472 1473
3 1457 1472 1452
3 1457 1460 1476
3 1457 1444 1452
3 1457 1460 1472
3 1457 1454 1474
3 1457 1462 1474
3 1457 1462 1476
3 1457 1446 1454
3 1457 1446 1451
3 1457 1450 1451
3 1457 1450 1444
3 1495 1494 1514
3 1495 1515 1514
3 1509 1515 1503
3 1509 1502 1514
3 1509 1515 1514
3 1509 1503 1518
3 1509 1501 1518
3 1509 1501 1508
3 1509 1502 1516
3 1509 1500 1508
3 1509 1500 1516
3 1493 1484 1492
3 1493 1484 1490
3 1493 1485 1490
3 1512 1501 1513
3 1512 1501 1508
3 1512 1500 1508
3 1512 1493 1513
3 1512 1493 1492
3 1487 1486 1491
3 1487 1495 1494
3 1487 1486 1494
3 1497 1512 1500
3 1497 1484 1492
3 1497 1500 1516
3 1497 1512 1492
3 1497 1494 1514
3 1497 1502 1514
3 1497 1502 1516
3 1497 1486 1494
3 1497 1484 1490
3 1497 1486 1491
3 1497 1491 1490
3 1499 1493 1513
3 1499 1501 1518
3 1499 1501 1513
3 1499 1493 1485
3 1499 1503 1518
3 1499 1515 1503
3 1499 1495 1515
3 1499 1487 1495
3 1499 1485 1490
3 1499 1491 1490
3 1499 1487 1491
3 1555 1534 1554
3 1555 1535 1534
3 1543 1555 1554
3 1543 1542 1554
3 1543 1542 1549
3 1543 1549 1548
3 1543 1541 1558
3 1543 1541 1548
3 1540 1542 1549
3 1540 1542 1556
3 1540 1549 1548
3 1540 1541 1553
3 1540 1541 1548
3 1540 1552 1553
3 1537 1552 1532
3 1537 1540 1556
3 1537 1524 1532
3 1537 1540 1552
3 1537 1534 1554
3 1537 1542 1554
3 1537 1542 1556
3 1537 1526 1534
3 1539 1555 1535
3 1539 1543 1558
3 1539 1527 1535
3 1539 1543 1555
3 1533 1539 1558
3 1533 1541 1558
3 1533 1539 1525
3 1533 1541 1553
3 1533 1552 1532
3 1533 1552 1553
3 1530 1524 1532
3 1530 1533 1525
3 1530 1533 1532
3 1531 1535 1534
3 1531 1527 1535
3 1531 1526 1534
3 1531 1537 1526
3 1531 1537 1524
3 1531 1530 1524
3 1531 1539 1525
3 1531 1539 1527
3 1531 1530 1525
3 1581 1589 1588
3 1581 1583 1598
3 1581 1583 1589
3 1595 1583 1589
3 1595 1582 1594
3 1595 1582 1589
3 1595 1574 1594
3 1595 1575 1574
3 1580 1589 1588
3 1580 1582 1589
3 1580 1582 1596
3 1580 1581 1588
3 1580 1581 1593
3 1580 1592 1593
3 1577 1592 1572
3 1577 1580 1596
3 1577 1564 1572
3 1577 1580 1592
3 1577 1574 1594
3 1577 1582 1594
3 1577 1582 1596
3 1577 1566 1574
3 1579 1583 1598
3 1579 1595 1575
3 1579 1567 1575
3 1579 1595 1583
3 1573 1579 1598
3 1573 1581 1598
3 1573 1579 1565
3 1573 1581 1593
3 1573 1592 1572
3 1573 1592 1593
3 1570 1564 1572
3 1570 1573 1565
3 1570 1573 1572
3 1571 1567 1575
3 1571 1575 1574
3 1571 1566 1574
3 1571 1577 1566
3 1571 1577 1564
3 1571 1570 1564
3 1571 1579 1565
3 1571 1579 1567
3 1571 1570 1565
3 1600 1636 1620
3 1600 1636 1616
3 1605 1625 1633
3 1605 1613 1633
3 1612 1600 1620
3 1612 1632 1620
3 1612 1632 1633
3 1612 1613 1633
3 1612 1605 1610
3 1612 1604 1610
3 1612 1605 1613
3 1614 1635 1634
3 1614 1635 1615
3 1611 1614 1615
3 1611 1607 1615
3 1611 1614 1606
3 1627 1607 1615
3 1627 1635 1615
3 1628 1632 1620
3 1628 1621 1633
3 1628 1632 1633
3 1628 1621 1638
3 1628 1623 1638
3 1628 1623 1629
3 1622 1635 1634
3 1622 1623 1629
3 1622 1623 1635
3 1622 1614 1602
3 1622 1614 1634
3 1622 1636 1620
3 1622 1628 1629
3 1622 1628 1620
3 1622 1636 1616
3 1622 1602 1616
3 1617 1600 1616
3 1617 1612 1604
3 1617 1612 1600
3 1617 1614 1606
3 1617 1602 1616
3 1617 1614 1602
3 1617 1604 1610
3 1617 1611 1606
3 1617 1611 1610
3 1639 1621 1638
3 1639 1621 1633
3 1639 1625 1633
3 1639 1627 1635
3 1639 1623 1638
3 1639 1623 1635
3 1619 1605 1610
3 1619 1611 1610
3 1619 1611 1607
3 1619 1627 1607
3 1619 1639 1627
3 1619 1605 1625
3 1619 1639 1625
3 1640 1676 1660
3 1640 1676 1656
3 1645 1665 1673
3 1645 1653 1673
3 1652 1640 1660
3 1652 1672 1660
3 1652 1672 1673
3 1652 1653 1673
3 1652 1645 1650
3 1652 1644 1650
3 1652 1645 1653
3 1654 1675 1674
3 1654 1675 1655
3 1651 1654 1655
3 1651 1647 1655
3 1651 1654 1646
3 1667 1647 1655
3 1667 1675 1655
3 1668 1672 1660
3 1668 1661 1673
3 1668 1672 1673
3 1668 1661 1678
3 1668 1663 1678
3 1668 1663 1669
3 1662 1675 1674
3 1662 1663 1669
3 1662 1663 1675
3 1662 1654 1642
3 1662 1654 1674
3 1662 1676 1660
3 1662 1668 1669
3 1662 1668 1660
3 1662 1676 1656
3 1662 1642 1656
3 1657 1640 1656
3 1657 1652 1644
3 1657 1652 1640
3 1657 1654 1646
3 1657 1642 1656
3 1657 1654 1642
3 1657 1644 1650
3 1657 1651 1646
3 1657 1651 1650
3 1659 1645 1650
3 1659 1651 1650
3 1659 1651 1647
3 1679 1645 1665
3 1679 1659 1645
3 1679 1667 1647
3 1679 1659 1647
3 1679 1661 1678
3 1679 1661 1673
3 1679 1665 1673
3 1679 1667 1675
3 1679 1663 1678
3 1679 1663 1675
3 1682 1694 1714
3 1682 1706 1714
3 1682 1717 1696
3 1682 1706 1717
3 1683 1682 1694
3 1683 1695 1694
3 1683 1682 1689
3 1705 1711 1710
3 1705 1707 1719
3 1705 1707 1711
3 1712 1693 1713
3 1712 1693 1692
3 1715 1707 1719
3 1715 1719 1698
3 1715 1683 1698
3 1715 1683 1695
3 1715 1707 1711
3 1715 1706 1714
3 1715 1706 1711
3 1715 1694 1714
3 1715 1695 1694
3 1681 1719 1698
3 1681 1705 1719
3 1681 1693 1713
3 1681 1705 1713
3 1704 1711 1710
3 1704 1706 1711
3 1704 1706 1717
3 1704 1717 1696
3 1704 1680 1696
3 1704 1680 1692
3 1704 1712 1692
3 1704 1705 1710
3 1704 1705 1713
3 1704 1712 1713
3 1688 1682 1696
3 1688 1682 1689
3 1688 1680 1696
3 1688 1683 1698
3 1688 1683 1689
3 1688 1681 1698
3 1688 1680 1692
3 1688 1693 1692
3 1688 1681 1693
3 1740 1720 1728
3 1740 1728 1748
3 1759 1739 1738
3 1759 1738 1758
3 1726 1722 1736
3 1726 1737 1736
3 1726 1722 1734
3 1726 1724 1730
3 1726 1731 1730
3 1726 1724 1737
3 1727 1726 1731
3 1727 1735 1734
3 1727 1726 1734
3 1749 1741 1758
3 1749 1741 1748
3 1749 1743 1758
3 1750 1731 1730
3 1750 1731 1751
3 1756 1737 1736
3 1756 1737 1757
3 1756 1720 1736
3 1756 1740 1720
3 1747 1727 1731
3 1747 1731 1751
3 1747 1759 1739
3 1747 1727 1739
3 1729 1728 1748
3 1729 1749 1748
3 1729 1720 1736
3 1729 1722 1736
3 1729 1720 1728
3 1744 1740 1752
3 1744 1756 1740
3 1744 1756 1757
3 1744 1724 1737
3 1744 1737 1757
3 1744 1724 1730
3 1744 1750 1730
3 1745 1750 1751
3 1745 1747 1751
3 1745 1747 1759
3 1723 1743 1758
3 1723 1738 1758
3 1723 1749 1743
3 1723 1729 1749
3 1723 1727 1739
3 1723 1739 1738
3 1723 1727 1735
3 1723 1722 1734
3 1723 1735 1734
3 1723 1729 1722
3 1753 1741 1748
3 1753 1740 1752
3 1753 1740 1748
3 1753 1741 1758
3 1753 1759 1758
3 1753 1745 1759
3 1753 1744 1750
3 1753 1744 1752
3 1753 1745 1750
3 1765 1764 1772
3 1765 1773 1772
3 1765 1764 1770
3 1765 1761 1778
3 1765 1779 1778
3 1765 1761 1773
3 1760 1773 1772
3 1760 1761 1768
3 1760 1761 1773
3 1784 1764 1770
3 1784 1790 1770
3 1784 1764 1777
3 1784 1797 1777
3 1786 1784 1790
3 1786 1791 1790
3 1786 1784 1797
3 1798 1779 1778
3 1798 1779 1799
3 1788 1760 1768
3 1788 1760 1780
3 1788 1769 1768
3 1788 1769 1789
3 1782 1786 1797
3 1782 1786 1794
3 1782 1797 1796
3 1782 1788 1789
3 1782 1780 1796
3 1782 1788 1780
3 1776 1764 1772
3 1776 1760 1772
3 1776 1764 1777
3 1776 1797 1777
3 1776 1797 1796
3 1776 1760 1780
3 1776 1780 1796
3 1771 1790 1770
3 1771 1791 1790
3 1767 1765 1779
3 1767 1765 1770
3 1767 1771 1770
3 1767 1779 1799
3 1767 1787 1799
3 1767 1787 1791
3 1767 1771 1791
3 1763 1761 1768
3 1763 1761 1778
3 1763 1769 1768
3 1763 1798 1778
3 1763 1783 1798
3 1763 1769 1789
3 1763 1783 1789
3 1795 1787 1791
3 1795 1786 1794
3 1795 1786 1791
3 1795 1782 1789
3 1795 1782 1794
3 1795 1783 1789
3 1795 1798 1799
3 1795 1787 1799
3 1795 1783 1798
3 1809 1800 1816
3 1809 1802 1816
3 1809 1800 1808
3 1820 1800 1808
3 1820 1808 1828
3 1839 1819 1818
3 1839 1818 1838
3 1806 1802 1816
3 1806 1817 1816
3 1806 1802 1814
3 1806 1804 1810
3 1806 1811 1810
3 1806 1804 1817
3 1807 1815 1814
3 1807 1806 1811
3 1807 1806 1814
3 1829 1809 1808
3 1829 1808 1828
3 1803 1802 1814
3 1803 1809 1802
3 1803 1815 1814
3 1803 1819 1818
3 1803 1807 1815
3 1803 1807 1819
3 1824 1804 1817
3 1824 1817 1837
3 1836 1820 1832
3 1836 1824 1837
3 1836 1824 1832
3 1836 1817 1816
3 1836 1817 1837
3 1836 1800 1816
3 1836 1820 1800
3 1827 1807 1811
3 1827 1811 1831
3 1827 1839 1819
3 1827 1807 1819
3 1823 1821 1828
3 1823 1821 1838
3 1823 1829 1828
3 1823 1818 1838
3 1823 1803 1818
3 1823 1829 1809
3 1823 1803 1809
3 1833 1820 1832
3 1833 1821 1828
3 1833 1820 1828
3 1833 1839 1838
3 1833 1821 1838
3 1833 1825 1839
3 1830 1825 1839
3 1830 1827 1831
3 1830 1827 1839
3 1830 1824 1832
3 1830 1833 1825
3 1830 1833 1832
3 1830 1811 1810
3 1830 1811 1831
3 1830 1804 1810
3 1830 1824 1804
3 1845 1844 1852
3 1845 1853 1852
3 1845 1844 1850
3 1845 1841 1858
3 1845 1859 1858
3 1845 1841 1853
3 1840 1853 1852
3 1840 1841 1848
3 1840 1841 1853
3 1864 1844 1850
3 1864 1870 1850
3 1864 1844 1857
3 1864 1877 1857
3 1866 1864 1870
3 1866 1871 1870
3 1866 1864 1877
3 1878 1859 1858
3 1878 1859 1879
3 1868 1840 1848
3 1868 1840 1860
3 1868 1849 1848
3 1868 1849 1869
3 1862 1866 1877
3 1862 1866 1874
3 1862 1877 1876
3 1862 1868 1869
3 1862 1860 1876
3 1862 1868 1860
3 1856 1844 1852
3 1856 1840 1852
3 1856 1844 1857
3 1856 1877 1857
3 1856 1877 1876
3 1856 1840 1860
3 1856 1860 1876
3 1851 1870 1850
3 1851 1871 1870
3 1843 1841 1848
3 1843 1841 1858
3 1843 1849 1848
3 1875 1867 1871
3 1875 1866 1874
3 1875 1866 1871
3 1847 1845 1859
3 1847 1845 1850
3 1847 1851 1850
3 1847 1859 1879
3 1847 1867 1879
3 1847 1867 1871
3 1847 1851 1871
3 1863 1849 1869
3 1863 1843 1849
3 1863 1878 1858
3 1863 1843 1858
3 1863 1862 1869
3 1863 1862 1874
3 1863 1875 1874
3 1863 1878 1879
3 1863 1875 1867
3 1863 1867 1879
3 1880 1916 1900
3 1880 1916 1896
3 1902 1916 1896
3 1902 1882 1896
3 1908 1916 1900
3 1908 1902 1909
3 1908 1902 1916
3 1892 1880 1900
3 1892 1912 1900
3 1892 1912 1913
3 1892 1893 1913
3 1903 1902 1914
3 1903 1915 1914
3 1903 1902 1909
3 1894 1915 1914
3 1894 1915 1895
3 1894 1902 1914
3 1894 1902 1882
3 1891 1894 1895
3 1891 1887 1895
3 1891 1894 1886
3 1885 1893 1913
3 1885 1905 1913
3 1901 1912 1913
3 1901 1912 1900
3 1901 1908 1900
3 1901 1908 1909
3 1901 1903 1909
3 1901 1903 1918
3 1901 1905 1913
3 1901 1919 1918
3 1901 1919 1905
3 1897 1882 1896
3 1897 1894 1882
3 1897 1894 1886
3 1907 1903 1915
3 1907 1903 1918
3 1907 1919 1918
3 1907 1887 1895
3 1907 1915 1895
3 1899 1891 1887
3 1899 1891 1890
3 1899 1885 1890
3 1899 1907 1919
3 1899 1907 1887
3 1899 1885 1905
3 1899 1919 1905
3 1884 1885 1893
3 1884 1892 1893
3 1884 1885 1890
3 1884 1891 1890
3 1884 1891 1886
3 1884 1897 1886
3 1884 1880 1896
3 1884 1892 1880
3 1884 1897 1896
3 1920 1956 1940
3 1920 1956 1936
3 1942 1956 1936
3 1942 1922 1936
3 1932 1920 1940
3 1932 1952 1940
3 1932 1952 1953
3 1932 1933 1953
3 1943 1942 1954
3 1943 1955 1954
3 1943 1942 1949
3 1934 1955 1954
3 1934 1955 1935
3 1934 1942 1954
3 1934 1942 1922
3 1931 1934 1935
3 1931 1927 1935
3 1931 1934 1926
3 1945 1941 1958
3 1945 1959 1958
3 1945 1941 1953
3 1947 1959 1958
3 1947 1943 1958
3 1947 1943 1955
3 1947 1927 1935
3 1947 1955 1935
3 1947 1939 1927
3 1947 1939 1959
3 1948 1956 1940
3 1948 1942 1949
3 1948 1942 1956
3 1948 1941 1953
3 1948 1952 1940
3 1948 1952 1953
3 1948 1941 1958
3 1948 1943 1949
3 1948 1943 1958
3 1937 1922 1936
3 1937 1934 1922
3 1937 1934 1926
3 1925 1933 1953
3 1925 1945 1953
3 1925 1931 1927
3 1925 1931 1930
3 1925 1939 1927
3 1925 1945 1959
3 1925 1939 1959
3 1924 1931 1930
3 1924 1931 1926
3 1924 1937 1926
3 1924 1920 1936
3 1924 1932 1920
3 1924 1937 1936
3 1924 1932 1933
3 1924 1925 1930
3 1924 1925 1933
3 1960 1996 1980
3 1960 1996 1976
3 1982 1996 1976
3 1982 1962 1976
3 1983 1982 1994
3 1983 1995 1994
3 1983 1982 1989
3 1974 1995 1994
3 1974 1995 1975
3 1974 1982 1994
3 1974 1982 1962
3 1971 1974 1975
3 1971 1967 1975
3 1971 1974 1966
3 1999 1985 1993
3 1999 1981 1998
3 1999 1981 1993
3 1988 1996 1980
3 1988 1982 1989
3 1988 1982 1996
3 1988 1981 1993
3 1988 1992 1980
3 1988 1992 1993
3 1988 1981 1998
3 1988 1983 1989
3 1988 1983 1998
3 1972 1960 1980
3 1972 1992 1980
3 1972 1992 1993
3 1972 1973 1993
3 1977 1962 1976
3 1977 1974 1966
3 1977 1974 1962
3 1977 1971 1966
3 1977 1964 1970
3 1977 1971 1970
3 1977 1960 1976
3 1977 1972 1960
3 1977 1972 1964
3 1965 1971 1967
3 1965 1971 1970
3 1965 1979 1967
3 1965 1999 1985
3 1965 1999 1979
3 1965 1964 1970
3 1965 1972 1964
3 1965 1972 1973
3 1965 1985 1993
3 1965 1973 1993
3 1987 1983 1995
3 1987 1983 1998
3 1987 1999 1998
3 1987 1967 1975
3 1987 1995 1975
3 1987 1979 1967
3 1987 1999 1979
3 2000 2036 2020
3 2000 2036 2016
3 2005 2025 2033
3 2005 2013 2033
3 2012 2000 2020
3 2012 2032 2020
3 2012 2032 2033
3 2012 2013 2033
3 2012 2005 2010
3 2012 2004 2010
3 2012 2005 2013
3 2014 2035 2034
3 2014 2035 2015
3 2028 2032 2020
3 2028 2021 2033
3 2028 2032 2033
3 2028 2021 2038
3 2028 2023 2038
3 2028 2023 2029
3 2022 2035 2034
3 2022 2023 2029
3 2022 2023 2035
3 2022 2014 2002
3 2022 2014 2034
3 2022 2036 2020
3 2022 2028 2029
3 2022 2028 2020
3 2022 2036 2016
3 2022 2002 2016
3 2017 2000 2016
3 2017 2012 2004
3 2017 2012 2000
3 2017 2004 2010
3 2017 2011 2010
3 2017 2011 2006
3 2017 2014 2006
3 2017 2002 2016
3 2017 2014 2002
3 2039 2021 2038
3 2039 2021 2033
3 2039 2025 2033
3 2039 2027 2035
3 2039 2023 2038
3 2039 2023 2035
3 2019 2005 2025
3 2019 2039 2025
3 2007 2005 2010
3 2007 2011 2010
3 2007 2019 2005
3 2007 2039 2027
3 2007 2019 2039
3 2007 2011 2006
3 2007 2014 2015
3 2007 2014 2006
3 2007 2035 2015
3 2007 2027 2035
3 2040 2076 2060
3 2040 2076 2056
3 2045 2065 2073
3 2045 2053 2073
3 2052 2040 2060
3 2052 2072 2060
3 2052 2072 2073
3 2052 2053 2073
3 2052 2045 2050
3 2052 2044 2050
3 2052 2045 2053
3 2054 2075 2074
3 2054 2075 2055
3 2051 2054 2055
3 2051 2047 2055
3 2051 2054 2046
3 2067 2047 2055
3 2067 2075 2055
3 2068 2072 2060
3 2068 2061 2073
3 2068 2072 2073
3 2068 2061 2078
3 2068 2063 2078
3 2068 2063 2069
3 2062 2075 2074
3 2062 2063 2069
3 2062 2063 2075
3 2062 2054 2042
3 2062 2054 2074
3 2062 2076 2060
3 2062 2068 2069
3 2062 2068 2060
3 2062 2076 2056
3 2062 2042 2056
3 2057 2040 2056
3 2057 2052 2044
3 2057 2052 2040
3 2057 2054 2046
3 2057 2042 2056
3 2057 2054 2042
3 2057 2044 2050
3 2057 2051 2046
3 2057 2051 2050
3 2059 2045 2050
3 2059 2051 2050
3 2059 2051 2047
3 2079 2045 2065
3 2079 2059 2045
3 2079 2067 2047
3 2079 2059 2047
3 2079 2061 2078
3 2079 2061 2073
3 2079 2065 2073
3 2079 2067 2075
3 2079 2063 2078
3 2079 2063 2075
3 2112 2105 2110
3 2112 2104 2110
3 2112 2105 2113
3 2093 2080 2092
3 2093 2080 2088
3 2093 2081 2088
3 2093 2112 2092
3 2093 2112 2113
3 2117 2080 2096
3 2117 2080 2092
3 2117 2112 2092
3 2117 2112 2104
3 2094 2117 2096
3 2094 2106 2114
3 2094 2117 2106
3 2094 2082 2096
3 2089 2080 2096
3 2089 2080 2088
3 2089 2082 2096
3 2119 2093 2081
3 2119 2081 2098
3 2119 2105 2113
3 2119 2093 2113
3 2115 2094 2114
3 2115 2094 2095
3 2111 2117 2104
3 2111 2104 2110
3 2111 2117 2106
3 2111 2105 2110
3 2111 2119 2107
3 2111 2119 2105
3 2111 2106 2114
3 2111 2115 2114
3 2111 2115 2107
3 2083 2081 2088
3 2083 2081 2098
3 2083 2089 2088
3 2083 2094 2082
3 2083 2089 2082
3 2083 2094 2095
3 2083 2119 2098
3 2083 2115 2095
3 2083 2119 2107
3 2083 2115 2107
3 2120 2156 2140
3 2120 2156 2136
3 2142 2156 2136
3 2142 2122 2136
3 2132 2120 2140
3 2132 2152 2140
3 2132 2152 2153
3 2132 2133 2153
3 2143 2142 2154
3 2143 2155 2154
3 2143 2142 2149
3 2134 2155 2154
3 2134 2155 2135
3 2134 2142 2154
3 2134 2142 2122
3 2131 2134 2135
3 2131 2127 2135
3 2131 2134 2126
3 2145 2141 2158
3 2145 2159 2158
3 2145 2141 2153
3 2147 2159 2158
3 2147 2143 2158
3 2147 2143 2155
3 2147 2127 2135
3 2147 2155 2135
3 2147 2139 2127
3 2147 2139 2159
3 2148 2156 2140
3 2148 2142 2149
3 2148 2142 2156
3 2148 2141 2153
3 2148 2152 2140
3 2148 2152 2153
3 2148 2141 2158
3 2148 2143 2149
3 2148 2143 2158
3 2137 2122 2136
3 2137 2134 2122
3 2137 2134 2126
3 2125 2133 2153
3 2125 2145 2153
3 2125 2131 2127
3 2125 2131 2130
3 2125 2139 2127
3 2125 2145 2159
3 2125 2139 2159
3 2124 2131 2130
3 2124 2131 2126
3 2124 2137 2126
3 2124 2120 2136
3 2124 2132 2120
3 2124 2137 2136
3 2124 2132 2133
3 2124 2125 2130
3 2124 2125 2133
3 2160 2196 2180
3 2160 2196 2176
3 2182 2196 2176
3 2182 2162 2176
3 2172 2160 2180
3 2172 2192 2180
3 2172 2192 2193
3 2172 2173 2193
3 2183 2182 2194
3 2183 2195 2194
3 2183 2182 2189
3 2174 2195 2194
3 2174 2195 2175
3 2174 2182 2194
3 2174 2182 2162
3 2171 2174 2175
3 2171 2167 2175
3 2171 2174 2166
3 2185 2181 2198
3 2185 2199 2198
3 2185 2181 2193
3 2187 2199 2198
3 2187 2183 2198
3 2187 2183 2195
3 2187 2167 2175
3 2187 2195 2175
3 2187 2179 2167
3 2187 2179 2199
3 2188 2196 2180
3 2188 2182 2189
3 2188 2182 2196
3 2188 2181 2193
3 2188 2192 2180
3 2188 2192 2193
3 2188 2181 2198
3 2188 2183 2189
3 2188 2183 2198
3 2177 2162 2176
3 2177 2174 2162
3 2177 2174 2166
3 2165 2173 2193
3 2165 2185 2193
3 2165 2171 2167
3 2165 2171 2170
3 2165 2179 2167
3 2165 2185 2199
3 2165 2179 2199
3 2164 2171 2170
3 2164 2171 2166
3 2164 2177 2166
3 2164 2160 2176
3 2164 2172 2160
3 2164 2177 2176
3 2164 2172 2173
3 2164 2165 2170
3 2164 2165 2173
3 2200 2236 2220
3 2200 2236 2216
3 2222 2236 2216
3 2222 2202 2216
3 2223 2222 2234
3 2223 2235 2234
3 2223 2222 2229
3 2214 2235 2234
3 2214 2235 2215
3 2214 2222 2234
3 2214 2222 2202
3 2211 2214 2215
3 2211 2207 2215
3 2211 2214 2206
3 2239 2225 2233
3 2239 2221 2238
3 2239 2221 2233
3 2228 2236 2220
3 2228 2222 2229
3 2228 2222 2236
3 2228 2221 2233
3 2228 2232 2220
3 2228 2232 2233
3 2228 2221 2238
3 2228 2223 2229
3 2228 2223 2238
3 2212 2200 2220
3 2212 2232 2220
3 2212 2232 2233
3 2212 2213 2233
3 2217 2202 2216
3 2217 2214 2206
3 2217 2214 2202
3 2217 2211 2206
3 2217 2204 2210
3 2217 2211 2210
3 2217 2200 2216
3 2217 2212 2200
3 2217 2212 2204
3 2205 2211 2207
3 2205 2211 2210
3 2205 2219 2207
3 2205 2239 2225
3 2205 2239 2219
3 2205 2204 2210
3 2205 2212 2204
3 2205 2212 2213
3 2205 2225 2233
3 2205 2213 2233
3 2227 2223 2235
3 2227 2223 2238
3 2227 2239 2238
3 2227 2207 2215
3 2227 2235 2215
3 2227 2219 2207
3 2227 2239 2219
3 2240 2276 2260
3 2240 2276 2256
3 2245 2265 2273
3 2245 2253 2273
3 2252 2240 2260
3 2252 2272 2260
3 2252 2272 2273
3 2252 2253 2273
3 2252 2245 2250
3 2252 2244 2250
3 2252 2245 2253
3 2254 2275 2274
3 2254 2275 2255
3 2251 2254 2255
3 2251 2247 2255
3 2251 2254 2246
3 2267 2247 2255
3 2267 2275 2255
3 2268 2272 2260
3 2268 2261 2273
3 2268 2272 2273
3 2268 2261 2278
3 2268 2263 2278
3 2268 2263 2269
3 2262 2275 2274
3 2262 2263 2269
3 2262 2263 2275
3 2262 2254 2242
3 2262 2254 2274
3 2262 2276 2260
3 2262 2268 2269
3 2262 2268 2260
3 2262 2276 2256
3 2262 2242 2256
3 2257 2240 2256
3 2257 2252 2244
3 2257 2252 2240
3 2257 2254 2246
3 2257 2242 2256
3 2257 2254 2242
3 2257 2244 2250
3 2257 2251 2246
3 2257 2251 2250
3 2279 2261 2278
3 2279 2261 2273
3 2279 2265 2273
3 2279 2267 2275
3 2279 2263 2278
3 2279 2263 2275
3 2259 2245 2250
3 2259 2251 2250
3 2259 2251 2247
3 2259 2267 2247
3 2259 2279 2267
3 2259 2245 2265
3 2259 2279 2265
3 2280 2316 2300
3 2280 2316 2296
3 2285 2305 2313
3 2285 2293 2313
3 2292 2280 2300
3 2292 2312 2300
3 2292 2312 2313
3 2292 2293 2313
3 2292 2285 2290
3 2292 2284 2290
3 2292 2285 2293
3 2294 2315 2314
3 2294 2315 2295
3 2291 2294 2295
3 2291 2287 2295
3 2291 2294 2286
3 2307 2287 2295
3 2307 2315 2295
3 2308 2312 2300
3 2308 2301 2313
3 2308 2312 2313
3 2308 2301 2318
3 2308 2303 2318
3 2308 2303 2309
3 2302 2315 2314
3 2302 2303 2309
3 2302 2303 2315
3 2302 2294 2282
3 2302 2294 2314
3 2302 2316 2300
3 2302 2308 2309
3 2302 2308 2300
3 2302 2316 2296
3 2302 2282 2296
3 2297 2280 2296
3 2297 2292 2284
3 2297 2292 2280
3 2297 2294 2286
3 2297 2282 2296
3 2297 2294 2282
3 2297 2284 2290
3 2297 2291 2286
3 2297 2291 2290
3 2299 2285 2290
3 2299 2291 2290
3 2299 2291 2287
3 2319 2285 2305
3 2319 2299 2285
3 2319 2307 2287
3 2319 2299 2287
3 2319 2301 2318
3 2319 2301 2313
3 2319 2305 2313
3 2319 2307 2315
3 2319 2303 2318
3 2319 2303 2315
3 2352 2345 2350
3 2352 2344 2350
3 2352 2345 2353
3 2333 2320 2332
3 2333 2320 2328
3 2333 2321 2328
3 2333 2352 2332
3 2333 2352 2353
3 2357 2320 2336
3 2357 2320 2332
3 2357 2352 2332
3 2357 2352 2344
3 2334 2357 2336
3 2334 2346 2354
3 2334 2357 2346
3 2334 2322 2336
3 2329 2320 2336
3 2329 2320 2328
3 2329 2322 2336
3 2359 2333 2321
3 2359 2321 2338
3 2359 2345 2353
3 2359 2333 2353
3 2355 2334 2354
3 2355 2334 2335
3 2351 2357 2344
3 2351 2344 2350
3 2351 2357 2346
3 2351 2345 2350
3 2351 2359 2347
3 2351 2359 2345
3 2351 2346 2354
3 2351 2355 2354
3 2351 2355 2347
3 2323 2321 2328
3 2323 2321 2338
3 2323 2329 2328
3 2323 2334 2322
3 2323 2329 2322
3 2323 2334 2335
3 2323 2359 2338
3 2323 2355 2335
3 2323 2359 2347
3 2323 2355 2347
3 2380 2360 2368
3 2380 2368 2388
3 2399 2379 2378
3 2399 2378 2398
3 2366 2362 2376
3 2366 2377 2376
3 2366 2362 2374
3 2366 2364 2370
3 2366 2371 2370
3 2366 2364 2377
3 2367 2366 2371
3 2367 2375 2374
3 2367 2366 2374
3 2389 2381 2398
3 2389 2381 2388
3 2389 2383 2398
3 2390 2371 2370
3 2390 2371 2391
3 2396 2377 2376
3 2396 2377 2397
3 2396 2360 2376
3 2396 2380 2360
3 2387 2367 2371
3 2387 2371 2391
3 2387 2399 2379
3 2387 2367 2379
3 2369 2368 2388
3 2369 2389 2388
3 2369 2360 2376
3 2369 2362 2376
3 2369 2360 2368
3 2384 2380 2392
3 2384 2396 2380
3 2384 2396 2397
3 2384 2364 2377
3 2384 2377 2397
3 2384 2364 2370
3 2384 2390 2370
3 2385 2390 2391
3 2385 2387 2391
3 2385 2387 2399
3 2363 2383 2398
3 2363 2378 2398
3 2363 2389 2383
3 2363 2369 2389
3 2363 2367 2379
3 2363 2379 2378
3 2363 2367 2375
3 2363 2362 2374
3 2363 2375 2374
3 2363 2369 2362
3 2393 2381 2388
3 2393 2380 2392
3 2393 2380 2388
3 2393 2381 2398
3 2393 2399 2398
3 2393 2385 2399
3 2393 2384 2390
3 2393 2384 2392
3 2393 2385 2390
3 2405 2404 2412
3 2405 2413 2412
3 2405 2404 2410
3 2405 2401 2418
3 2405 2419 2418
3 2405 2401 2413
3 2400 2413 2412
3 2400 2401 2408
3 2400 2401 2413
3 2424 2404 2410
3 2424 2430 2410
3 2424 2404 2417
3 2424 2437 2417
3 2426 2424 2430
3 2426 2431 2430
3 2426 2424 2437
3 2438 2419 2418
3 2438 2419 2439
3 2428 2400 2408
3 2428 2400 2420
3 2428 2409 2408
3 2428 2409 2429
3 2422 2426 2437
3 2422 2426 2434
3 2422 2437 2436
3 2422 2428 2429
3 2422 2420 2436
3 2422 2428 2420
3 2416 2404 2412
3 2416 2400 2412
3 2416 2404 2417
3 2416 2437 2417
3 2416 2437 2436
3 2416 2400 2420
3 2416 2420 2436
3 2411 2430 2410
3 2411 2431 2430
3 2407 2405 2419
3 2407 2405 2410
3 2407 2411 2410
3 2407 2419 2439
3 2407 2427 2439
3 2407 2427 2431
3 2407 2411 2431
3 2403 2401 2408
3 2403 2401 2418
3 2403 2409 2408
3 2403 2438 2418
3 2403 2423 2438
3 2403 2409 2429
3 2403 2423 2429
3 2435 2427 2431
3 2435 2426 2434
3 2435 2426 2431
3 2435 2422 2429
3 2435 2422 2434
3 2435 2423 2429
3 2435 2438 2439
3 2435 2427 2439
3 2435 2423 2438
3 2460 2440 2448
3 2460 2448 2468
3 2479 2459 2458
3 2479 2458 2478
3 2446 2442 2456
3 2446 2457 2456
3 2446 2442 2454
3 2446 2444 2450
3 2446 2451 2450
3 2446 2444 2457
3 2447 2446 2451
3 2447 2455 2454
3 2447 2446 2454
3 2469 2461 2478
3 2469 2461 2468
3 2469 2463 2478
3 2464 2444 2457
3 2464 2457 2477
3 2476 2460 2472
3 2476 2464 2477
3 2476 2464 2472
3 2476 2457 2456
3 2476 2457 2477
3 2476 2440 2456
3 2476 2460 2440
3 2467 2447 2451
3 2467 2451 2471
3 2467 2479 2459
3 2467 2447 2459
3 2449 2448 2468
3 2449 2469 2468
3 2449 2440 2456
3 2449 2442 2456
3 2449 2440 2448
3 2473 2461 2468
3 2473 2460 2472
3 2473 2460 2468
3 2473 2461 2478
3 2473 2479 2478
3 2473 2465 2479
3 2470 2465 2479
3 2470 2467 2471
3 2470 2467 2479
3 2470 2464 2472
3 2470 2473 2465
3 2470 2473 2472
3 2470 2451 2450
3 2470 2451 2471
3 2470 2444 2450
3 2470 2464 2444
3 2443 2463 2478
3 2443 2458 2478
3 2443 2469 2463
3 2443 2449 2469
3 2443 2447 2459
3 2443 2459 2458
3 2443 2447 2455
3 2443 2442 2454
3 2443 2455 2454
3 2443 2449 2442
3 2485 2484 2492
3 2485 2493 2492
3 2485 2484 2490
3 2485 2481 2498
3 2485 2499 2498
3 2485 2481 2493
3 2480 2493 2492
3 2480 2481 2488
3 2480 2481 2493
3 2504 2484 2490
3 2504 2510 2490
3 2504 2484 2497
3 2504 2517 2497
3 2511 2491 2490
3 2511 2510 2490
3 2511 2506 2517
3 2511 2504 2510
3 2511 2504 2517
3 2518 2499 2498
3 2518 2499 2519
3 2508 2480 2488
3 2508 2480 2500
3 2502 2517 2516
3 2502 2506 2514
3 2502 2506 2517
3 2502 2508 2500
3 2502 2500 2516
3 2502 2508 2509
3 2496 2484 2492
3 2496 2480 2492
3 2496 2484 2497
3 2496 2517 2516
3 2496 2517 2497
3 2496 2480 2500
3 2496 2500 2516
3 2489 2481 2488
3 2489 2481 2498
3 2489 2483 2498
3 2489 2508 2488
3 2489 2508 2509
3 2503 2489 2483
3 2503 2489 2509
3 2503 2483 2498
3 2503 2518 2498
3 2487 2485 2499
3 2487 2485 2490
3 2487 2491 2490
3 2487 2499 2519
3 2487 2507 2519
3 2487 2511 2491
3 2487 2507 2511
3 2515 2506 2514
3 2515 2511 2506
3 2515 2507 2511
3 2515 2502 2514
3 2515 2502 2509
3 2515 2503 2509
3 2515 2518 2519
3 2515 2503 2518
3 2515 2507 2519
3 2520 2556 2540
3 2520 2556 2536
3 2542 2556 2536
3 2542 2522 2536
3 2532 2520 2540
3 2532 2552 2540
3 2532 2552 2553
3 2532 2533 2553
3 2543 2542 2554
3 2543 2555 2554
3 2543 2542 2549
3 2534 2555 2554
3 2534 2555 2535
3 2534 2542 2554
3 2534 2542 2522
3 2531 2534 2535
3 2531 2527 2535
3 2531 2534 2526
3 2525 2545 2553
3 2525 2533 2553
3 2559 2545 2553
3 2559 2541 2558
3 2559 2541 2553
3 2548 2556 2540
3 2548 2542 2549
3 2548 2542 2556
3 2548 2541 2553
3 2548 2552 2540
3 2548 2552 2553
3 2548 2541 2558
3 2548 2543 2549
3 2548 2543 2558
3 2537 2522 2536
3 2537 2534 2522
3 2537 2534 2526
3 2547 2543 2555
3 2547 2543 2558
3 2547 2559 2558
3 2547 2527 2535
3 2547 2555 2535
3 2539 2531 2527
3 2539 2531 2530
3 2539 2525 2530
3 2539 2547 2559
3 2539 2547 2527
3 2539 2525 2545
3 2539 2559 2545
3 2524 2525 2533
3 2524 2532 2533
3 2524 2525 2530
3 2524 2531 2530
3 2524 2531 2526
3 2524 2537 2526
3 2524 2520 2536
3 2524 2532 2520
3 2524 2537 2536
3 2560 2596 2580
3 2560 2596 2576
3 2582 2596 2576
3 2582 2562 2576
3 2592 2560 2580
3 2592 2572 2560
3 2573 2592 2593
3 2573 2592 2572
3 2583 2582 2594
3 2583 2595 2594
3 2583 2582 2589
3 2574 2595 2594
3 2574 2595 2575
3 2574 2582 2594
3 2574 2582 2562
3 2571 2574 2575
3 2571 2567 2575
3 2571 2574 2566
3 2585 2581 2598
3 2585 2599 2598
3 2585 2581 2593
3 2587 2599 2598
3 2587 2583 2598
3 2587 2583 2595
3 2587 2567 2575
3 2587 2595 2575
3 2587 2579 2567
3 2587 2579 2599
3 2588 2596 2580
3 2588 2582 2589
3 2588 2582 2596
3 2588 2581 2593
3 2588 2592 2580
3 2588 2592 2593
3 2588 2581 2598
3 2588 2583 2589
3 2588 2583 2598
3 2577 2574 2562
3 2577 2562 2576
3 2577 2574 2566
3 2577 2560 2576
3 2577 2572 2560
3 2577 2564 2572
3 2577 2571 2566
3 2577 2564 2570
3 2577 2571 2570
3 2565 2573 2572
3 2565 2564 2570
3 2565 2564 2572
3 2565 2573 2593
3 2565 2585 2593
3 2565 2571 2567
3 2565 2571 2570
3 2565 2579 2567
3 2565 2585 2599
3 2565 2579 2599
3 2600 2636 2620
3 2600 2636 2616
3 2622 2636 2616
3 2622 2602 2616
3 2628 2636 2620
3 2628 2622 2629
3 2628 2622 2636
3 2623 2622 2634
3 2623 2635 2634
3 2623 2622 2629
3 2614 2635 2634
3 2614 2635 2615
3 2614 2622 2634
3 2614 2622 2602
3 2611 2614 2615
3 2611 2607 2615
3 2611 2614 2606
3 2605 2613 2633
3 2605 2625 2633
3 2621 2632 2633
3 2621 2632 2620
3 2621 2628 2620
3 2621 2628 2629
3 2621 2623 2629
3 2621 2623 2638
3 2621 2625 2633
3 2621 2639 2638
3 2621 2639 2625
3 2612 2604 2610
3 2612 2605 2610
3 2612 2605 2613
3 2612 2600 2620
3 2612 2632 2620
3 2612 2632 2633
3 2612 2613 2633
3 2617 2602 2616
3 2617 2614 2606
3 2617 2614 2602
3 2617 2611 2606
3 2617 2604 2610
3 2617 2611 2610
3 2617 2600 2616
3 2617 2612 2604
3 2617 2612 2600
3 2627 2623 2635
3 2627 2623 2638
3 2627 2639 2638
3 2627 2607 2615
3 2627 2635 2615
3 2619 2611 2607
3 2619 2611 2610
3 2619 2605 2610
3 2619 2627 2639
3 2619 2627 2607
3 2619 2605 2625
3 2619 2639 2625
3 2640 2676 2660
3 2640 2676 2656
3 2645 2665 2673
3 2645 2653 2673
3 2652 2640 2660
3 2652 2672 2660
3 2652 2672 2673
3 2652 2653 2673
3 2652 2645 2650
3 2652 2644 2650
3 2652 2645 2653
3 2654 2675 2674
3 2654 2675 2655
3 2651 2654 2655
3 2651 2647 2655
3 2651 2654 2646
3 2667 2647 2655
3 2667 2675 2655
3 2668 2672 2660
3 2668 2661 2673
3 2668 2672 2673
3 2668 2661 2678
3 2668 2663 2678
3 2668 2663 2669
3 2662 2675 2674
3 2662 2663 2669
3 2662 2663 2675
3 2662 2654 2642
3 2662 2654 2674
3 2662 2676 2660
3 2662 2668 2669
3 2662 2668 2660
3 2662 2676 2656
3 2662 2642 2656
3 2657 2640 2656
3 2657 2652 2644
3 2657 2652 2640
3 2657 2654 2646
3 2657 2642 2656
3 2657 2654 2642
3 2657 2644 2650
3 2657 2651 2646
3 2657 2651 2650
3 2659 2645 2650
3 2659 2651 2650
3 2659 2651 2647
3 2679 2645 2665
3 2679 2659 2645
3 2679 2667 2647
3 2679 2659 2647
3 2679 2661 2678
3 2679 2661 2673
3 2679 2665 2673
3 2679 2667 2675
3 2679 2663 2678
3 2679 2663 2675
3 2680 2716 2700
3 2680 2716 2696
3 2712 2680 2700
3 2712 2692 2680
3 2693 2712 2692
3 2693 2712 2713
3 2694 2715 2714
3 2694 2715 2695
3 2691 2694 2695
3 2691 2687 2695
3 2691 2694 2686
3 2707 2687 2695
3 2707 2715 2695
3 2708 2701 2713
3 2708 2712 2700
3 2708 2712 2713
3 2708 2701 2718
3 2708 2703 2718
3 2708 2703 2709
3 2702 2715 2714
3 2702 2703 2709
3 2702 2703 2715
3 2702 2694 2682
3 2702 2694 2714
3 2702 2716 2700
3 2702 2708 2709
3 2702 2708 2700
3 2702 2716 2696
3 2702 2682 2696
3 2685 2693 2692
3 2685 2684 2690
3 2685 2684 2692
3 2685 2705 2713
3 2685 2693 2713
3 2685 2691 2687
3 2685 2691 2690
3 2685 2699 2687
3 2697 2694 2682
3 2697 2694 2686
3 2697 2682 2696
3 2697 2680 2696
3 2697 2692 2680
3 2697 2684 2692
3 2697 2684 2690
3 2697 2691 2686
3 2697 2691 2690
3 2719 2701 2718
3 2719 2701 2713
3 2719 2705 2713
3 2719 2707 2715
3 2719 2703 2718
3 2719 2703 2715
3 2719 2685 2705
3 2719 2685 2699
3 2719 2699 2687
3 2719 2707 2687
3 2752 2745 2750
3 2752 2744 2750
3 2752 2745 2753
3 2733 2720 2732
3 2733 2720 2728
3 2733 2721 2728
3 2733 2752 2732
3 2733 2752 2753
3 2757 2720 2736
3 2757 2720 2732
3 2757 2752 2732
3 2757 2752 2744
3 2759 2733 2721
3 2759 2721 2738
3 2759 2745 2753
3 2759 2733 2753
3 2734 2757 2736
3 2734 2746 2754
3 2734 2757 2746
3 2734 2722 2736
3 2729 2720 2736
3 2729 2720 2728
3 2729 2722 2736
3 2755 2734 2754
3 2755 2734 2735
3 2723 2721 2728
3 2723 2721 2738
3 2723 2729 2728
3 2723 2734 2722
3 2723 2729 2722
3 2723 2734 2735
3 2747 2759 2738
3 2747 2755 2735
3 2747 2723 2738
3 2747 2723 2735
3 2751 2757 2744
3 2751 2744 2750
3 2751 2757 2746
3 2751 2745 2750
3 2751 2759 2745
3 2751 2747 2759
3 2751 2746 2754
3 2751 2755 2754
3 2751 2747 2755
3 2760 2796 2780
3 2760 2796 2776
3 2782 2796 2776
3 2782 2762 2776
3 2792 2760 2780
3 2792 2772 2760
3 2783 2782 2794
3 2783 2795 2794
3 2783 2782 2789
3 2774 2795 2794
3 2774 2795 2775
3 2774 2782 2794
3 2774 2782 2762
3 2771 2774 2775
3 2771 2767 2775
3 2771 2774 2766
3 2777 2774 2762
3 2777 2762 2776
3 2777 2774 2766
3 2799 2785 2793
3 2799 2781 2798
3 2799 2781 2793
3 2773 2792 2772
3 2773 2792 2793
3 2788 2796 2780
3 2788 2782 2789
3 2788 2782 2796
3 2788 2781 2793
3 2788 2792 2780
3 2788 2792 2793
3 2788 2781 2798
3 2788 2783 2789
3 2788 2783 2798
3 2764 2771 2766
3 2764 2771 2770
3 2764 2777 2766
3 2764 2760 2776
3 2764 2772 2760
3 2764 2777 2776
3 2787 2783 2795
3 2787 2783 2798
3 2787 2799 2798
3 2787 2767 2775
3 2787 2795 2775
3 2787 2779 2767
3 2787 2799 2779
3 2765 2773 2772
3 2765 2764 2772
3 2765 2764 2770
3 2765 2785 2793
3 2765 2773 2793
3 2765 2771 2767
3 2765 2771 2770
3 2765 2779 2767
3 2765 2799 2785
3 2765 2799 2779
3 2800 2836 2820
3 2800 2836 2816
3 2822 2836 2816
3 2822 2802 2816
3 2832 2800 2820
3 2832 2812 2800
3 2823 2822 2834
3 2823 2835 2834
3 2823 2822 2829
3 2814 2835 2834
3 2814 2835 2815
3 2814 2822 2834
3 2814 2822 2802
3 2811 2814 2815
3 2811 2807 2815
3 2811 2814 2806
3 2839 2825 2833
3 2839 2821 2838
3 2839 2821 2833
3 2813 2832 2812
3 2813 2832 2833
3 2828 2836 2820
3 2828 2822 2829
3 2828 2822 2836
3 2828 2821 2833
3 2828 2832 2820
3 2828 2832 2833
3 2828 2821 2838
3 2828 2823 2829
3 2828 2823 2838
3 2817 2814 2802
3 2817 2802 2816
3 2817 2814 2806
3 2817 2800 2816
3 2817 2812 2800
3 2817 2804 2812
3 2817 2811 2806
3 2817 2811 2810
3 2817 2804 2810
3 2827 2823 2835
3 2827 2823 2838
3 2827 2839 2838
3 2827 2807 2815
3 2827 2835 2815
3 2827 2819 2807
3 2827 2839 2819
3 2805 2804 2810
3 2805 2804 2812
3 2805 2813 2812
3 2805 2825 2833
3 2805 2813 2833
3 2805 2811 2807
3 2805 2811 2810
3 2805 2819 2807
3 2805 2839 2825
3 2805 2839 2819
3 2840 2876 2860
3 2840 2876 2856
3 2862 2876 2856
3 2862 2842 2856
3 2852 2840 2860
3 2852 2872 2860
3 2852 2872 2873
3 2852 2853 2873
3 2863 2862 2874
3 2863 2875 2874
3 2863 2862 2869
3 2854 2875 2874
3 2854 2875 2855
3 2854 2862 2874
3 2854 2862 2842
3 2851 2854 2855
3 2851 2847 2855
3 2851 2854 2846
3 2865 2861 2878
3 2865 2879 2878
3 2865 2861 2873
3 2867 2879 2878
3 2867 2863 2878
3 2867 2863 2875
3 2867 2847 2855
3 2867 2875 2855
3 2867 2859 2847
3 2867 2859 2879
3 2868 2876 2860
3 2868 2862 2869
3 2868 2862 2876
3 2868 2861 2873
3 2868 2872 2860
3 2868 2872 2873
3 2868 2861 2878
3 2868 2863 2869
3 2868 2863 2878
3 2857 2842 2856
3 2857 2854 2842
3 2857 2854 2846
3 2845 2853 2873
3 2845 2865 2873
3 2845 2851 2847
3 2845 2851 2850
3 2845 2859 2847
3 2845 2865 2879
3 2845 2859 2879
3 2844 2851 2850
3 2844 2851 2846
3 2844 2857 2846
3 2844 2840 2856
3 2844 2852 2840
3 2844 2857 2856
3 2844 2852 2853
3 2844 2845 2850
3 2844 2845 2853
3 2880 2916 2900
3 2880 2916 2896
3 2885 2905 2913
3 2885 2893 2913
3 2892 2880 2900
3 2892 2912 2900
3 2892 2912 2913
3 2892 2893 2913
3 2892 2885 2890
3 2892 2884 2890
3 2892 2885 2893
3 2894 2915 2914
3 2894 2915 2895
3 2891 2894 2895
3 2891 2887 2895
3 2891 2894 2886
3 2907 2887 2895
3 2907 2915 2895
3 2908 2912 2900
3 2908 2901 2913
3 2908 2912 2913
3 2908 2901 2918
3 2908 2903 2918
3 2908 2903 2909
3 2902 2915 2914
3 2902 2903 2909
3 2902 2903 2915
3 2902 2894 2882
3 2902 2894 2914
3 2902 2916 2900
3 2902 2908 2909
3 2902 2908 2900
3 2902 2916 2896
3 2902 2882 2896
3 2897 2880 2896
3 2897 2892 2884
3 2897 2892 2880
3 2897 2894 2886
3 2897 2882 2896
3 2897 2894 2882
3 2897 2884 2890
3 2897 2891 2886
3 2897 2891 2890
3 2919 2901 2918
3 2919 2901 2913
3 2919 2905 2913
3 2919 2907 2915
3 2919 2903 2918
3 2919 2903 2915
3 2899 2885 2890
3 2899 2891 2890
3 2899 2891 2887
3 2899 2907 2887
3 2899 2919 2907
3 2899 2885 2905
3 2899 2919 2905
3 2920 2956 2940
3 2920 2956 2936
3 2925 2945 2953
3 2925 2933 2953
3 2932 2920 2940
3 2932 2952 2940
3 2932 2952 2953
3 2932 2933 2953
3 2932 2925 2930
3 2932 2924 2930
3 2932 2925 2933
3 2934 2955 2954
3 2934 2955 2935
3 2948 2952 2940
3 2948 2941 2953
3 2948 2952 2953
3 2948 2941 2958
3 2948 2943 2958
3 2948 2943 2949
3 2942 2955 2954
3 2942 2943 2949
3 2942 2943 2955
3 2942 2934 2922
3 2942 2934 2954
3 2942 2956 2940
3 2942 2948 2949
3 2942 2948 2940
3 2942 2956 2936
3 2942 2922 2936
3 2937 2920 2936
3 2937 2932 2924
3 2937 2932 2920
3 2937 2924 2930
3 2937 2931 2930
3 2937 2931 2926
3 2937 2934 2926
3 2937 2922 2936
3 2937 2934 2922
3 2959 2941 2958
3 2959 2941 2953
3 2959 2945 2953
3 2959 2947 2955
3 2959 2943 2958
3 2959 2943 2955
3 2939 2925 2945
3 2939 2959 2945
3 2927 2925 2930
3 2927 2931 2930
3 2927 2939 2925
3 2927 2959 2947
3 2927 2939 2959
3 2927 2931 2926
3 2927 2934 2935
3 2927 2934 2926
3 2927 2955 2935
3 2927 2947 2955
3 2992 2985 2990
3 2992 2984 2990
3 2992 2985 2993
3 2973 2960 2972
3 2973 2960 2968
3 2973 2961 2968
3 2973 2992 2972
3 2973 2992 2993
3 2997 2960 2976
3 2997 2960 2972
3 2997 2992 2972
3 2997 2992 2984
3 2974 2997 2976
3 2974 2986 2994
3 2974 2997 2986
3 2974 2962 2976
3 2969 2960 2976
3 2969 2960 2968
3 2969 2962 2976
3 2999 2973 2961
3 2999 2961 2978
3 2999 2985 2993
3 2999 2973 2993
3 2995 2974 2994
3 2995 2974 2975
3 2991 2997 2984
3 2991 2984 2990
3 2991 2997 2986
3 2991 2985 2990
3 2991 2999 2987
3 2991 2999 2985
3 2991 2986 2994
3 2991 2995 2994
3 2991 2995 2987
3 2963 2961 2968
3 2963 2961 2978
3 2963 2969 2968
3 2963 2974 2962
3 2963 2969 2962
3 2963 2974 2975
3 2963 2999 2978
3 2963 2995 2975
3 2963 2999 2987
3 2963 2995 2987
3 3020 3000 3008
3 3020 3008 3028
3 3039 3019 3018
3 3039 3018 3038
3 3006 3002 3016
3 3006 3017 3016
3 3006 3002 3014
3 3006 3004 3010
3 3006 3011 3010
3 3006 3004 3017
3 3007 3006 3011
3 3007 3015 3014
3 3007 3006 3014
3 3029 3021 3038
3 3029 3021 3028
3 3029 3023 3038
3 3030 3011 3010
3 3030 3011 3031
3 3036 3017 3016
3 3036 3017 3037
3 3036 3000 3016
3 3036 3020 3000
3 3027 3007 3011
3 3027 3011 3031
3 3027 3039 3019
3 3027 3007 3019
3 3009 3008 3028
3 3009 3029 3028
3 3009 3000 3016
3 3009 3002 3016
3 3009 3000 3008
3 3024 3020 3032
3 3024 3036 3020
3 3024 3036 3037
3 3024 3004 3017
3 3024 3017 3037
3 3024 3004 3010
3 3024 3030 3010
3 3025 3030 3031
3 3025 3027 3031
3 3025 3027 3039
3 3003 3023 3038
3 3003 3018 3038
3 3003 3029 3023
3 3003 3009 3029
3 3003 3007 3019
3 3003 3019 3018
3 3003 3007 3015
3 3003 3002 3014
3 3003 3015 3014
3 3003 3009 3002
3 3033 3021 3028
3 3033 3020 3032
3 3033 3020 3028
3 3033 3021 3038
3 3033 3039 3038
3 3033 3025 3039
3 3033 3024 3030
3 3033 3024 3032
3 3033 3025 3030
3 3045 3044 3052
3 3045 3053 3052
3 3045 3044 3050
3 3045 3041 3058
3 3045 3059 3058
3 3045 3041 3053
3 3040 3053 3052
3 3040 3041 3048
3 3040 3041 3053
3 3064 3044 3050
3 3064 3070 3050
3 3064 3044 3057
3 3064 3077 3057
3 3078 3059 3058
3 3078 3059 3079
3 3068 3040 3048
3 3068 3040 3060
3 3068 3049 3048
3 3068 3049 3069
3 3062 3077 3076
3 3062 3066 3074
3 3062 3066 3077
3 3062 3068 3069
3 3062 3060 3076
3 3062 3068 3060
3 3056 3044 3052
3 3056 3040 3052
3 3056 3044 3057
3 3056 3077 3057
3 3056 3077 3076
3 3056 3040 3060
3 3056 3060 3076
3 3047 3045 3059
3 3047 3045 3050
3 3047 3051 3050
3 3047 3059 3079
3 3047 3067 3079
3 3071 3064 3077
3 3071 3064 3070
3 3071 3066 3077
3 3071 3070 3050
3 3071 3051 3050
3 3071 3047 3051
3 3071 3047 3067
3 3043 3041 3048
3 3043 3041 3058
3 3043 3049 3048
3 3075 3066 3074
3 3075 3071 3067
3 3075 3071 3066
3 3063 3049 3069
3 3063 3043 3049
3 3063 3078 3058
3 3063 3043 3058
3 3063 3062 3069
3 3063 3062 3074
3 3063 3075 3074
3 3063 3078 3079
3 3063 3067 3079
3 3063 3075 3067
3 3100 3080 3088
3 3100 3088 3108
3 3119 3099 3098
3 3119 3098 3118
3 3086 3082 3096
3 3086 3097 3096
3 3086 3082 3094
3 3086 3084 3090
3 3086 3091 3090
3 3086 3084 3097
3 3087 3086 3091
3 3087 3095 3094
3 3087 3086 3094
3 3109 3101 3118
3 3109 3101 3108
3 3109 3103 3118
3 3110 3091 3090
3 3110 3091 3111
3 3116 3097 3096
3 3116 3097 3117
3 3116 3080 3096
3 3116 3100 3080
3 3107 3087 3091
3 3107 3091 3111
3 3107 3119 3099
3 3107 3087 3099
3 3089 3088 3108
3 3089 3109 3108
3 3089 3080 3096
3 3089 3082 3096
3 3089 3080 3088
3 3104 3100 3112
3 3104 3116 3100
3 3104 3116 3117
3 3104 3084 3097
3 3104 3097 3117
3 3104 3084 3090
3 3104 3110 3090
3 3105 3110 3111
3 3105 3107 3111
3 3105 3107 3119
3 3083 3103 3118
3 3083 3098 3118
3 3083 3109 3103
3 3083 3089 3109
3 3083 3087 3099
3 3083 3099 3098
3 3083 3087 3095
3 3083 3082 3094
3 3083 3095 3094
3 3083 3089 3082
3 3113 3101 3108
3 3113 3100 3112
3 3113 3100 3108
3 3113 3101 3118
3 3113 3119 3118
3 3113 3105 3119
3 3113 3104 3110
3 3113 3104 3112
3 3113 3105 3110
3 3125 3124 3132
3 3125 3133 3132
3 3125 3124 3130
3 3125 3121 3138
3 3125 3139 3138
3 3125 3121 3133
3 3120 3133 3132
3 3120 3121 3128
3 3120 3121 3133
3 3144 3124 3130
3 3144 3150 3130
3 3144 3124 3137
3 3144 3157 3137
3 3151 3131 3130
3 3151 3150 3130
3 3151 3146 3157
3 3151 3144 3150
3 3151 3144 3157
3 3158 3139 3138
3 3158 3139 3159
3 3148 3120 3128
3 3148 3120 3140
3 3148 3129 3128
3 3148 3129 3149
3 3142 3157 3156
3 3142 3146 3154
3 3142 3146 3157
3 3142 3148 3149
3 3142 3140 3156
3 3142 3148 3140
3 3136 3124 3132
3 3136 3120 3132
3 3136 3124 3137
3 3136 3157 3156
3 3136 3157 3137
3 3136 3120 3140
3 3136 3140 3156
3 3123 3121 3128
3 3123 3121 3138
3 3123 3129 3128
3 3127 3125 3139
3 3127 3125 3130
3 3127 3131 3130
3 3127 3139 3159
3 3127 3147 3159
3 3127 3151 3131
3 3127 3147 3151
3 3155 3146 3154
3 3155 3151 3146
3 3155 3147 3151
3 3143 3129 3149
3 3143 3123 3129
3 3143 3158 3138
3 3143 3123 3138
3 3143 3142 3154
3 3143 3142 3149
3 3143 3155 3154
3 3143 3158 3159
3 3143 3147 3159
3 3143 3155 3147
3 3160 3196 3180
3 3160 3196 3176
3 3182 3196 3176
3 3182 3162 3176
3 3183 3182 3194
3 3183 3195 3194
3 3183 3182 3189
3 3174 3195 3194
3 3174 3195 3175
3 3174 3182 3194
3 3174 3182 3162
3 3171 3174 3175
3 3171 3167 3175
3 3171 3174 3166
3 3185 3181 3198
3 3185 3199 3198
3 3185 3181 3193
3 3187 3199 3198
3 3187 3183 3198
3 3187 3183 3195
3 3187 3167 3175
3 3187 3195 3175
3 3187 3179 3167
3 3187 3179 3199
3 3188 3196 3180
3 3188 3182 3189
3 3188 3182 3196
3 3188 3181 3193
3 3188 3192 3180
3 3188 3192 3193
3 3188 3181 3198
3 3188 3183 3189
3 3188 3183 3198
3 3172 3160 3180
3 3172 3192 3180
3 3172 3192 3193
3 3172 3173 3193
3 3177 3162 3176
3 3177 3174 3166
3 3177 3174 3162
3 3177 3171 3166
3 3177 3164 3170
3 3177 3171 3170
3 3177 3160 3176
3 3177 3172 3160
3 3177 3172 3164
3 3165 3164 3170
3 3165 3172 3164
3 3165 3172 3173
3 3165 3185 3193
3 3165 3173 3193
3 3165 3171 3167
3 3165 3171 3170
3 3165 3179 3167
3 3165 3185 3199
3 3165 3179 3199
3 3200 3236 3220
3 3200 3236 3216
3 3222 3236 3216
3 3222 3202 3216
3 3232 3200 3220
3 3232 3212 3200
3 3223 3222 3234
3 3223 3235 3234
3 3223 3222 3229
3 3214 3235 3234
3 3214 3235 3215
3 3214 3222 3234
3 3214 3222 3202
3 3211 3214 3215
3 3211 3207 3215
3 3211 3214 3206
3 3239 3225 3233
3 3239 3221 3238
3 3239 3221 3233
3 3205 3211 3207
3 3205 3211 3210
3 3205 3219 3207
3 3205 3239 3225
3 3205 3239 3219
3 3228 3236 3220
3 3228 3222 3229
3 3228 3222 3236
3 3228 3221 3233
3 3228 3232 3220
3 3228 3232 3233
3 3228 3221 3238
3 3228 3223 3229
3 3228 3223 3238
3 3217 3214 3202
3 3217 3202 3216
3 3217 3214 3206
3 3217 3200 3216
3 3217 3212 3200
3 3217 3204 3212
3 3217 3211 3206
3 3217 3211 3210
3 3217 3204 3210
3 3227 3223 3235
3 3227 3223 3238
3 3227 3239 3238
3 3227 3207 3215
3 3227 3235 3215
3 3227 3219 3207
3 3227 3239 3219
3 3213 3204 3210
3 3213 3204 3212
3 3213 3205 3210
3 3213 3232 3212
3 3213 3232 3233
3 3213 3225 3233
3 3213 3205 3225
3 3240 3276 3260
3 3240 3276 3256
3 3262 3276 3256
3 3262 3242 3256
3 3263 3262 3274
3 3263 3275 3274
3 3263 3262 3269
3 3254 3275 3274
3 3254 3275 3255
3 3254 3262 3274
3 3254 3262 3242
3 3251 3254 3255
3 3251 3247 3255
3 3251 3254 3246
3 3245 3265 3273
3 3245 3253 3273
3 3279 3265 3273
3 3279 3261 3278
3 3279 3261 3273
3 3268 3276 3260
3 3268 3262 3269
3 3268 3262 3276
3 3268 3261 3273
3 3268 3272 3260
3 3268 3272 3273
3 3268 3261 3278
3 3268 3263 3269
3 3268 3263 3278
3 3252 3244 3250
3 3252 3245 3250
3 3252 3245 3253
3 3252 3240 3260
3 3252 3272 3260
3 3252 3272 3273
3 3252 3253 3273
3 3257 3242 3256
3 3257 3254 3246
3 3257 3254 3242
3 3257 3251 3246
3 3257 3244 3250
3 3257 3251 3250
3 3257 3240 3256
3 3257 3252 3244
3 3257 3252 3240
3 3267 3263 3275
3 3267 3263 3278
3 3267 3279 3278
3 3267 3247 3255
3 3267 3275 3255
3 3259 3251 3247
3 3259 3251 3250
3 3259 3245 3250
3 3259 3267 3279
3 3259 3267 3247
3 3259 3245 3265
3 3259 3279 3265
3 3280 3316 3300
3 3280 3316 3296
3 3285 3305 3313
3 3285 3293 3313
3 3292 3280 3300
3 3292 3312 3300
3 3292 3312 3313
3 3292 3293 3313
3 3292 3285 3290
3 3292 3284 3290
3 3292 3285 3293
3 3294 3315 3314
3 3294 3315 3295
3 3291 3294 3295
3 3291 3287 3295
3 3291 3294 3286
3 3307 3287 3295
3 3307 3315 3295
3 3308 3312 3300
3 3308 3301 3313
3 3308 3312 3313
3 3308 3301 3318
3 3308 3303 3318
3 3308 3303 3309
3 3302 3315 3314
3 3302 3303 3309
3 3302 3303 3315
3 3302 3294 3282
3 3302 3294 3314
3 3302 3316 3300
3 3302 3308 3309
3 3302 3308 3300
3 3302 3316 3296
3 3302 3282 3296
3 3297 3280 3296
3 3297 3292 3284
3 3297 3292 3280
3 3297 3294 3286
3 3297 3282 3296
3 3297 3294 3282
3 3297 3284 3290
3 3297 3291 3286
3 3297 3291 3290
3 3299 3285 3290
3 3299 3291 3290
3 3299 3291 3287
3 3319 3285 3305
3 3319 3299 3285
3 3319 3307 3287
3 3319 3299 3287
3 3319 3301 3318
3 3319 3301 3313
3 3319 3305 3313
3 3319 3307 3315
3 3319 3303 3318
3 3319 3303 3315
3 3320 3356 3340
3 3320 3356 3336
3 3325 3345 3353
3 3325 3333 3353
3 3332 3320 3340
3 3332 3352 3340
3 3332 3352 3353
3 3332 3333 3353
3 3332 3325 3330
3 3332 3324 3330
3 3332 3325 3333
3 3334 3355 3354
3 3334 3355 3335
3 3331 3334 3335
3 3331 3327 3335
3 3331 3334 3326
3 3347 3327 3335
3 3347 3355 3335
3 3348 3352 3340
3 3348 3341 3353
3 3348 3352 3353
3 3348 3341 3358
3 3348 3343 3358
3 3348 3343 3349
3 3342 3355 3354
3 3342 3343 3349
3 3342 3343 3355
3 3342 3334 3322
3 3342 3334 3354
3 3342 3356 3340
3 3342 3348 3349
3 3342 3348 3340
3 3342 3356 3336
3 3342 3322 3336
3 3337 3320 3336
3 3337 3332 3324
3 3337 3332 3320
3 3337 3334 3326
3 3337 3322 3336
3 3337 3334 3322
3 3337 3324 3330
3 3337 3331 3326
3 3337 3331 3330
3 3339 3325 3330
3 3339 3331 3330
3 3339 3331 3327
3 3359 3325 3345
3 3359 3339 3325
3 3359 3347 3327
3 3359 3339 3327
3 3359 3341 3358
3 3359 3341 3353
3 3359 3345 3353
3 3359 3347 3355
3 3359 3343 3358
3 3359 3343 3355
3 3392 3385 3390
3 3392 3384 3390
3 3392 3385 3393
3 3373 3360 3372
3 3373 3360 3368
3 3373 3361 3368
3 3373 3392 3372
3 3373 3392 3393
3 3397 3360 3376
3 3397 3360 3372
3 3397 3392 3372
3 3397 3392 3384
3 3374 3397 3376
3 3374 3386 3394
3 3374 3397 3386
3 3374 3362 3376
3 3369 3360 3376
3 3369 3360 3368
3 3369 3362 3376
3 3399 3373 3361
3 3399 3361 3378
3 3399 3385 3393
3 3399 3373 3393
3 3395 3374 3394
3 3395 3374 3375
3 3391 3397 3384
3 3391 3384 3390
3 3391 3397 3386
3 3391 3385 3390
3 3391 3399 3387
3 3391 3399 3385
3 3391 3386 3394
3 3391 3395 3394
3 3391 3395 3387
3 3363 3361 3368
3 3363 3361 3378
3 3363 3369 3368
3 3363 3374 3362
3 3363 3369 3362
3 3363 3374 3375
3 3363 3399 3378
3 3363 3395 3375
3 3363 3399 3387
3 3363 3395 3387
3 3400 3436 3420
3 3400 3436 3416
3 3422 3436 3416
3 3422 3402 3416
3 3428 3436 3420
3 3428 3422 3429
3 3428 3422 3436
3 3432 3400 3420
3 3432 3412 3400
3 3413 3432 3433
3 3413 3432 3412
3 3423 3422 3434
3 3423 3435 3434
3 3423 3422 3429
3 3414 3435 3434
3 3414 3435 3415
3 3414 3422 3434
3 3414 3422 3402
3 3411 3414 3415
3 3411 3407 3415
3 3411 3414 3406
3 3417 3414 3402
3 3417 3402 3416
3 3417 3414 3406
3 3427 3423 3438
3 3427 3439 3438
3 3427 3423 3435
3 3427 3407 3415
3 3427 3435 3415
3 3427 3419 3407
3 3427 3419 3439
3 3421 3428 3420
3 3421 3432 3420
3 3421 3432 3433
3 3421 3428 3429
3 3421 3423 3429
3 3421 3423 3438
3 3421 3439 3438
3 3421 3425 3433
3 3421 3425 3439
3 3404 3400 3416
3 3404 3412 3400
3 3404 3417 3416
3 3404 3411 3406
3 3404 3411 3410
3 3404 3417 3406
3 3405 3413 3412
3 3405 3404 3410
3 3405 3404 3412
3 3405 3413 3433
3 3405 3425 3433
3 3405 3411 3407
3 3405 3411 3410
3 3405 3419 3407
3 3405 3425 3439
3 3405 3419 3439
3 3440 3476 3460
3 3440 3476 3456
3 3462 3476 3456
3 3462 3442 3456
3 3472 3440 3460
3 3472 3452 3440
3 3463 3462 3474
3 3463 3475 3474
3 3463 3462 3469
3 3454 3475 3474
3 3454 3475 3455
3 3454 3462 3474
3 3454 3462 3442
3 3451 3454 3455
3 3451 3447 3455
3 3451 3454 3446
3 3467 3447 3455
3 3467 3475 3455
3 3445 3451 3447
3 3445 3451 3450
3 3445 3459 3447
3 3468 3476 3460
3 3468 3462 3469
3 3468 3462 3476
3 3468 3461 3473
3 3468 3472 3460
3 3468 3472 3473
3 3468 3461 3478
3 3468 3463 3469
3 3468 3463 3478
3 3457 3454 3442
3 3457 3442 3456
3 3457 3454 3446
3 3457 3440 3456
3 3457 3452 3440
3 3457 3444 3452
3 3457 3451 3446
3 3457 3451 3450
3 3457 3444 3450
3 3479 3465 3473
3 3479 3461 3478
3 3479 3461 3473
3 3479 3463 3475
3 3479 3463 3478
3 3479 3467 3475
3 3479 3445 3459
3 3479 3445 3465
3 3479 3459 3447
3 3479 3467 3447
3 3453 3444 3450
3 3453 3444 3452
3 3453 3445 3450
3 3453 3472 3452
3 3453 3472 3473
3 3453 3465 3473
3 3453 3445 3465
3 3480 3516 3500
3 3480 3516 3496
3 3502 3516 3496
3 3502 3482 3496
3 3512 3480 3500
3 3512 3492 3480
3 3493 3512 3513
3 3493 3512 3492
3 3503 3502 3514
3 3503 3515 3514
3 3503 3502 3509
3 3494 3515 3514
3 3494 3515 3495
3 3494 3502 3514
3 3494 3502 3482
3 3491 3494 3495
3 3491 3487 3495
3 3491 3494 3486
3 3505 3501 3518
3 3505 3519 3518
3 3505 3501 3513
3 3507 3519 3518
3 3507 3503 3518
3 3507 3503 3515
3 3507 3487 3495
3 3507 3515 3495
3 3507 3499 3487
3 3507 3499 3519
3 3508 3516 3500
3 3508 3502 3509
3 3508 3502 3516
3 3508 3501 3513
3 3508 3512 3500
3 3508 3512 3513
3 3508 3501 3518
3 3508 3503 3509
3 3508 3503 3518
3 3497 3494 3482
3 3497 3482 3496
3 3497 3494 3486
3 3497 3480 3496
3 3497 3492 3480
3 3497 3484 3492
3 3497 3491 3486
3 3497 3484 3490
3 3497 3491 3490
3 3485 3493 3492
3 3485 3484 3490
3 3485 3484 3492
3 3485 3493 3513
3 3485 3505 3513
3 3485 3491 3487
3 3485 3491 3490
3 3485 3499 3487
3 3485 3505 3519
3 3485 3499 3519
3 3520 3556 3540
3 3520 3556 3536
3 3525 3545 3553
3 3525 3533 3553
3 3532 3520 3540
3 3532 3552 3540
3 3532 3552 3553
3 3532 3533 3553
3 3532 3525 3530
3 3532 3524 3530
3 3532 3525 3533
3 3534 3555 3554
3 3534 3555 3535
3 3531 3534 3535
3 3531 3527 3535
3 3531 3534 3526
3 3547 3527 3535
3 3547 3555 3535
3 3548 3552 3540
3 3548 3541 3553
3 3548 3552 3553
3 3548 3541 3558
3 3548 3543 3558
3 3548 3543 3549
3 3542 3555 3554
3 3542 3543 3549
3 3542 3543 3555
3 3542 3534 3522
3 3542 3534 3554
3 3542 3556 3540
3 3542 3548 3549
3 3542 3548 3540
3 3542 3556 3536
3 3542 3522 3536
3 3537 3520 3536
3 3537 3532 3524
3 3537 3532 3520
3 3537 3534 3526
3 3537 3522 3536
3 3537 3534 3522
3 3537 3524 3530
3 3537 3531 3526
3 3537 3531 3530
3 3539 3525 3530
3 3539 3531 3530
3 3539 3531 3527
3 3559 3525 3545
3 3559 3539 3525
3 3559 3547 3527
3 3559 3539 3527
3 3559 3541 3558
3 3559 3541 3553
3 3559 3545 3553
3 3559 3547 3555
3 3559 3543 3558
3 3559 3543 3555
3 3560 3596 3580
3 3560 3596 3576
3 3592 3560 3580
3 3592 3572 3560
3 3574 3595 3594
3 3574 3595 3575
3 3571 3574 3575
3 3571 3567 3575
3 3571 3574 3566
3 3587 3567 3575
3 3587 3595 3575
3 3588 3581 3593
3 3588 3592 3580
3 3588 3592 3593
3 3588 3581 3598
3 3588 3583 3598
3 3588 3583 3589
3 3582 3595 3594
3 3582 3583 3589
3 3582 3583 3595
3 3582 3574 3562
3 3582 3574 3594
3 3582 3596 3580
3 3582 3588 3589
3 3582 3588 3580
3 3582 3596 3576
3 3582 3562 3576
3 3573 3564 3570
3 3573 3565 3570
3 3573 3564 3572
3 3573 3592 3572
3 3573 3592 3593
3 3573 3585 3593
3 3573 3565 3585
3 3577 3574 3562
3 3577 3574 3566
3 3577 3562 3576
3 3577 3560 3576
3 3577 3572 3560
3 3577 3564 3572
3 3577 3564 3570
3 3577 3571 3566
3 3577 3571 3570
3 3579 3565 3570
3 3579 3571 3570
3 3579 3571 3567
3 3599 3565 3585
3 3599 3579 3565
3 3599 3587 3567
3 3599 3579 3567
3 3599 3581 3598
3 3599 3581 3593
3 3599 3585 3593
3 3599 3587 3595
3 3599 3583 3598
3 3599 3583 3595
3 3632 3625 3630
3 3632 3624 3630
3 3632 3625 3633
3 3613 3600 3612
3 3613 3600 3608
3 3613 3601 3608
3 3613 3632 3612
3 3613 3632 3633
3 3637 3600 3616
3 3637 3600 3612
3 3637 3632 3612
3 3637 3632 3624
3 3639 3613 3601
3 3639 3601 3618
3 3639 3625 3633
3 3639 3613 3633
3 3614 3637 3616
3 3614 3626 3634
3 3614 3637 3626
3 3614 3602 3616
3 3635 3614 3634
3 3635 3614 3615
3 3609 3600 3616
3 3609 3600 3608
3 3609 3602 3616
3 3609 3601 3608
3 3609 3601 3618
3 3609 3603 3618
3 3609 3614 3602
3 3609 3603 3615
3 3609 3614 3615
3 3627 3639 3618
3 3627 3603 3618
3 3627 3603 3615
3 3627 3635 3615
3 3631 3637 3624
3 3631 3624 3630
3 3631 3637 3626
3 3631 3625 3630
3 3631 3639 3625
3 3631 3627 3639
3 3631 3626 3634
3 3631 3635 3634
3 3631 3627 3635
3 3660 3640 3648
3 3660 3648 3668
3 3679 3659 3658
3 3679 3658 3678
3 3646 3642 3656
3 3646 3657 3656
3 3646 3642 3654
3 3646 3644 3650
3 3646 3651 3650
3 3646 3644 3657
3 3647 3646 3651
3 3647 3655 3654
3 3647 3646 3654
3 3669 3661 3678
3 3669 3661 3668
3 3669 3663 3678
3 3664 3644 3657
3 3664 3657 3677
3 3676 3660 3672
3 3676 3664 3677
3 3676 3664 3672
3 3676 3657 3656
3 3676 3657 3677
3 3676 3640 3656
3 3676 3660 3640
3 3667 3647 3651
3 3667 3651 3671
3 3667 3679 3659
3 3667 3647 3659
3 3649 3648 3668
3 3649 3669 3668
3 3649 3640 3656
3 3649 3642 3656
3 3649 3640 3648
3 3673 3661 3668
3 3673 3660 3672
3 3673 3660 3668
3 3673 3661 3678
3 3673 3679 3678
3 3673 3665 3679
3 3670 3665 3679
3 3670 3667 3671
3 3670 3667 3679
3 3670 3664 3672
3 3670 3673 3665
3 3670 3673 3672
3 3670 3651 3650
3 3670 3651 3671
3 3670 3644 3650
3 3670 3664 3644
3 3643 3663 3678
3 3643 3658 3678
3 3643 3669 3663
3 3643 3649 3669
3 3643 3647 3659
3 3643 3659 3658
3 3643 3647 3655
3 3643 3642 3654
3 3643 3655 3654
3 3643 3649 3642
3 3685 3684 3692
3 3685 3693 3692
3 3685 3684 3690
3 3685 3681 3698
3 3685 3699 3698
3 3685 3681 3693
3 3680 3693 3692
3 3680 3681 3688
3 3680 3681 3693
3 3704 3684 3690
3 3704 3710 3690
3 3704 3684 3697
3 3704 3717 3697
3 3718 3699 3698
3 3718 3699 3719
3 3708 3680 3688
3 3708 3680 3700
3 3708 3689 3688
3 3708 3689 3709
3 3702 3717 3716
3 3702 3706 3714
3 3702 3706 3717
3 3702 3708 3709
3 3702 3700 3716
3 3702 3708 3700
3 3696 3684 3692
3 3696 3680 3692
3 3696 3684 3697
3 3696 3717 3697
3 3696 3717 3716
3 3696 3680 3700
3 3696 3700 3716
3 3687 3685 3699
3 3687 3685 3690
3 3687 3691 3690
3 3687 3699 3719
3 3687 3707 3719
3 3711 3704 3717
3 3711 3704 3710
3 3711 3706 3717
3 3711 3710 3690
3 3711 3691 3690
3 3711 3687 3691
3 3711 3687 3707
3 3683 3681 3688
3 3683 3681 3698
3 3683 3689 3688
3 3683 3718 3698
3 3683 3703 3718
3 3683 3689 3709
3 3683 3703 3709
3 3715 3706 3714
3 3715 3711 3707
3 3715 3711 3706
3 3715 3702 3709
3 3715 3702 3714
3 3715 3703 3709
3 3715 3718 3719
3 3715 3707 3719
3 3715 3703 3718
3 3729 3720 3736
3 3729 3722 3736
3 3729 3720 3728
3 3740 3720 3728
3 3740 3728 3748
3 3759 3739 3738
3 3759 3738 3758
3 3726 3722 3736
3 3726 3737 3736
3 3726 3722 3734
3 3726 3724 3730
3 3726 3731 3730
3 3726 3724 3737
3 3727 3735 3734
3 3727 3726 3731
3 3727 3726 3734
3 3723 3722 3734
3 3723 3729 3722
3 3723 3735 3734
3 3723 3739 3738
3 3723 3727 3735
3 3723 3727 3739
3 3723 3738 3758
3 3723 3743 3758
3 3750 3731 3730
3 3750 3731 3751
3 3756 3737 3736
3 3756 3737 3757
3 3756 3720 3736
3 3756 3740 3720
3 3747 3727 3731
3 3747 3731 3751
3 3747 3759 3739
3 3747 3727 3739
3 3749 3741 3748
3 3749 3741 3758
3 3749 3743 3758
3 3749 3729 3728
3 3749 3728 3748
3 3749 3723 3729
3 3749 3723 3743
3 3744 3740 3752
3 3744 3756 3740
3 3744 3756 3757
3 3744 3724 3737
3 3744 3737 3757
3 3744 3724 3730
3 3744 3750 3730
3 3753 3740 3752
3 3753 3741 3748
3 3753 3740 3748
3 3745 3750 3751
3 3745 3747 3751
3 3745 3747 3759
3 3745 3759 3758
3 3745 3741 3758
3 3745 3753 3741
3 3745 3744 3750
3 3745 3744 3752
3 3745 3753 3752
3 3765 3764 3772
3 3765 3773 3772
3 3765 3764 3770
3 3765 3761 3778
3 3765 3779 3778
3 3765 3761 3773
3 3760 3773 3772
3 3760 3761 3768
3 3760 3761 3773
3 3784 3764 3770
3 3784 3790 3770
3 3784 3764 3777
3 3784 3797 3777
3 3787 3767 3779
3 3787 3779 3799
3 3798 3779 3778
3 3798 3779 3799
3 3798 3763 3778
3 3798 3763 3783
3 3776 3764 3772
3 3776 3760 3772
3 3776 3764 3777
3 3776 3797 3796
3 3776 3797 3777
3 3776 3780 3796
3 3776 3760 3780
3 3795 3787 3799
3 3795 3798 3783
3 3795 3798 3799
3 3771 3765 3779
3 3771 3765 3770
3 3771 3767 3779
3 3788 3760 3768
3 3788 3760 3780
3 3769 3761 3768
3 3769 3761 3778
3 3769 3763 3778
3 3769 3788 3768
3 3769 3788 3789
3 3769 3763 3783
3 3769 3789 3783
3 3782 3797 3796
3 3782 3786 3794
3 3782 3786 3797
3 3782 3795 3783
3 3782 3795 3794
3 3782 3789 3783
3 3782 3780 3796
3 3782 3788 3780
3 3782 3788 3789
3 3791 3790 3770
3 3791 3771 3770
3 3791 3787 3767
3 3791 3771 3767
3 3791 3786 3797
3 3791 3784 3790
3 3791 3784 3797
3 3791 3786 3794
3 3791 3795 3794
3 3791 3795 3787
3 3800 3836 3820
3 3800 3836 3816
3 3822 3836 3816
3 3822 3802 3816
3 3832 3800 3820
3 3832 3812 3800
3 3813 3832 3833
3 3813 3832 3812
3 3823 3822 3834
3 3823 3835 3834
3 3823 3822 3829
3 3814 3835 3834
3 3814 3835 3815
3 3814 3822 3834
3 3814 3822 3802
3 3811 3814 3815
3 3811 3807 3815
3 3811 3814 3806
3 3825 3821 3838
3 3825 3839 3838
3 3825 3821 3833
3 3827 3839 3838
3 3827 3823 3838
3 3827 3823 3835
3 3827 3807 3815
3 3827 3835 3815
3 3827 3819 3807
3 3827 3819 3839
3 3828 3836 3820
3 3828 3822 3829
3 3828 3822 3836
3 3828 3821 3833
3 3828 3832 3820
3 3828 3832 3833
3 3828 3821 3838
3 3828 3823 3829
3 3828 3823 3838
3 3817 3814 3802
3 3817 3802 3816
3 3817 3814 3806
3 3817 3800 3816
3 3817 3812 3800
3 3817 3804 3812
3 3817 3811 3806
3 3817 3804 3810
3 3817 3811 3810
3 3805 3813 3812
3 3805 3804 3810
3 3805 3804 3812
3 3805 3813 3833
3 3805 3825 3833
3 3805 3811 3807
3 3805 3811 3810
3 3805 3819 3807
3 3805 3825 3839
3 3805 3819 3839
3 3840 3876 3860
3 3840 3876 3856
3 3862 3876 3856
3 3862 3842 3856
3 3872 3840 3860
3 3872 3852 3840
3 3853 3872 3873
3 3853 3872 3852
3 3863 3862 3874
3 3863 3875 3874
3 3863 3862 3869
3 3854 3875 3874
3 3854 3875 3855
3 3854 3862 3874
3 3854 3862 3842
3 3851 3854 3855
3 3851 3847 3855
3 3851 3854 3846
3 3865 3861 3878
3 3865 3879 3878
3 3865 3861 3873
3 3867 3879 3878
3 3867 3863 3878
3 3867 3863 3875
3 3867 3847 3855
3 3867 3875 3855
3 3867 3859 3847
3 3867 3859 3879
3 3868 3876 3860
3 3868 3862 3869
3 3868 3862 3876
3 3868 3861 3873
3 3868 3872 3860
3 3868 3872 3873
3 3868 3861 3878
3 3868 3863 3869
3 3868 3863 3878
3 3857 3854 3842
3 3857 3842 3856
3 3857 3854 3846
3 3857 3840 3856
3 3857 3852 3840
3 3857 3844 3852
3 3857 3851 3846
3 3857 3844 3850
3 3857 3851 3850
3 3845 3853 3852
3 3845 3844 3850
3 3845 3844 3852
3 3845 3853 3873
3 3845 3865 3873
3 3845 3851 3847
3 3845 3851 3850
3 3845 3859 3847
3 3845 3865 3879
3 3845 3859 3879
3 3880 3916 3900
3 3880 3916 3896
3 3902 3916 3896
3 3902 3882 3896
3 3912 3880 3900
3 3912 3892 3880
3 3903 3902 3914
3 3903 3915 3914
3 3903 3902 3909
3 3894 3915 3914
3 3894 3915 3895
3 3894 3902 3914
3 3894 3902 3882
3 3891 3894 3895
3 3891 3887 3895
3 3891 3894 3886
3 3907 3887 3895
3 3907 3915 3895
3 3885 3891 3887
3 3885 3891 3890
3 3885 3899 3887
3 3908 3916 3900
3 3908 3902 3909
3 3908 3902 3916
3 3908 3901 3913
3 3908 3912 3900
3 3908 3912 3913
3 3908 3901 3918
3 3908 3903 3909
3 3908 3903 3918
3 3897 3894 3882
3 3897 3882 3896
3 3897 3894 3886
3 3897 3880 3896
3 3897 3892 3880
3 3897 3884 3892
3 3897 3891 3886
3 3897 3891 3890
3 3897 3884 3890
3 3919 3905 3913
3 3919 3901 3918
3 3919 3901 3913
3 3919 3903 3915
3 3919 3903 3918
3 3919 3907 3915
3 3919 3885 3899
3 3919 3885 3905
3 3919 3899 3887
3 3919 3907 3887
3 3893 3884 3890
3 3893 3884 3892
3 3893 3885 3890
3 3893 3912 3892
3 3893 3912 3913
3 3893 3905 3913
3 3893 3885 3905
3 3920 3956 3940
3 3920 3956 3936
3 3952 3920 3940
3 3952 3932 3920
3 3934 3955 3954
3 3934 3955 3935
3 3948 3941 3953
3 3948 3952 3940
3 3948 3952 3953
3 3948 3941 3958
3 3948 3943 3958
3 3948 3943 3949
3 3942 3955 3954
3 3942 3943 3949
3 3942 3943 3955
3 3942 3934 3922
3 3942 3934 3954
3 3942 3956 3940
3 3942 3948 3949
3 3942 3948 3940
3 3942 3956 3936
3 3942 3922 3936
3 3933 3924 3930
3 3933 3925 3930
3 3933 3924 3932
3 3933 3952 3932
3 3933 3952 3953
3 3933 3945 3953
3 3933 3925 3945
3 3959 3941 3958
3 3959 3941 3953
3 3959 3945 3953
3 3959 3947 3955
3 3959 3943 3958
3 3959 3943 3955
3 3937 3934 3922
3 3937 3934 3926
3 3937 3922 3936
3 3937 3920 3936
3 3937 3932 3920
3 3937 3924 3932
3 3937 3931 3926
3 3937 3924 3930
3 3937 3931 3930
3 3939 3925 3945
3 3939 3959 3945
3 3927 3925 3930
3 3927 3931 3930
3 3927 3939 3925
3 3927 3959 3947
3 3927 3939 3959
3 3927 3931 3926
3 3927 3934 3935
3 3927 3934 3926
3 3927 3955 3935
3 3927 3947 3955
3 3960 3996 3980
3 3960 3996 3976
3 3965 3985 3993
3 3965 3973 3993
3 3972 3960 3980
3 3972 3992 3980
3 3972 3992 3993
3 3972 3973 3993
3 3972 3965 3970
3 3972 3964 3970
3 3972 3965 3973
3 3974 3995 3994
3 3974 3995 3975
3 3988 3992 3980
3 3988 3981 3993
3 3988 3992 3993
3 3988 3981 3998
3 3988 3983 3998
3 3988 3983 3989
3 3982 3995 3994
3 3982 3983 3989
3 3982 3983 3995
3 3982 3974 3962
3 3982 3974 3994
3 3982 3996 3980
3 3982 3988 3989
3 3982 3988 3980
3 3982 3996 3976
3 3982 3962 3976
3 3977 3960 3976
3 3977 3972 3964
3 3977 3972 3960
3 3977 3964 3970
3 3977 3971 3970
3 3977 3971 3966
3 3977 3974 3966
3 3977 3962 3976
3 3977 3974 3962
3 3999 3981 3998
3 3999 3981 3993
3 3999 3985 3993
3 3999 3987 3995
3 3999 3983 3998
3 3999 3983 3995
3 3967 3971 3966
3 3967 3974 3975
3 3967 3974 3966
3 3967 3995 3975
3 3967 3987 3995
3 3979 3965 3970
3 3979 3971 3970
3 3979 3967 3971
3 3979 3965 3985
3 3979 3999 3985
3 3979 3999 3987
3 3979 3967 3987
3 4032 4025 4030
3 4032 4024 4030
3 4032 4025 4033
3 4013 4000 4012
3 4013 4000 4008
3 4013 4001 4008
3 4013 4032 4012
3 4013 4032 4033
3 4037 4000 4016
3 4037 4000 4012
3 4037 4032 4012
3 4037 4032 4024
3 4014 4037 4016
3 4014 4026 4034
3 4014 4037 4026
3 4014 4002 4016
3 4039 4013 4001
3 4039 4001 4018
3 4039 4025 4033
3 4039 4013 4033
3 4035 4003 4018
3 4035 4003 4015
3 4035 4039 4018
3 4035 4039 4027
3 4035 4014 4034
3 4035 4014 4015
3 4031 4037 4024
3 4031 4024 4030
3 4031 4037 4026
3 4031 4025 4030
3 4031 4039 4027
3 4031 4039 4025
3 4031 4026 4034
3 4031 4035 4034
3 4031 4035 4027
3 4009 4000 4016
3 4009 4000 4008
3 4009 4002 4016
3 4009 4001 4008
3 4009 4001 4018
3 4009 4003 4018
3 4009 4014 4002
3 4009 4003 4015
3 4009 4014 4015
3 4040 4076 4060
3 4040 4076 4056
3 4062 4076 4056
3 4062 4042 4056
3 4072 4040 4060
3 4072 4052 4040
3 4053 4072 4073
3 4053 4072 4052
3 4063 4062 4074
3 4063 4075 4074
3 4063 4062 4069
3 4054 4075 4074
3 4054 4075 4055
3 4054 4062 4074
3 4054 4062 4042
3 4051 4054 4055
3 4051 4047 4055
3 4051 4054 4046
3 4065 4061 4078
3 4065 4079 4078
3 4065 4061 4073
3 4067 4079 4078
3 4067 4063 4078
3 4067 4063 4075
3 4067 4047 4055
3 4067 4075 4055
3 4067 4059 4047
3 4067 4059 4079
3 4068 4076 4060
3 4068 4062 4069
3 4068 4062 4076
3 4068 4061 4073
3 4068 4072 4060
3 4068 4072 4073
3 4068 4061 4078
3 4068 4063 4069
3 4068 4063 4078
3 4057 4054 4042
3 4057 4042 4056
3 4057 4054 4046
3 4057 4040 4056
3 4057 4052 4040
3 4057 4044 4052
3 4057 4051 4046
3 4057 4044 4050
3 4057 4051 4050
3 4045 4053 4052
3 4045 4044 4050
3 4045 4044 4052
3 4045 4053 4073
3 4045 4065 4073
3 4045 4051 4047
3 4045 4051 4050
3 4045 4059 4047
3 4045 4065 4079
3 4045 4059 4079
3 4080 4116 4100
3 4080 4116 4096
3 4102 4116 4096
3 4102 4082 4096
3 4112 4080 4100
3 4112 4092 4080
3 4093 4112 4113
3 4093 4112 4092
3 4103 4102 4114
3 4103 4115 4114
3 4103 4102 4109
3 4094 4115 4114
3 4094 4115 4095
3 4094 4102 4114
3 4094 4102 4082
3 4091 4094 4095
3 4091 4087 4095
3 4091 4094 4086
3 4105 4101 4118
3 4105 4119 4118
3 4105 4101 4113
3 4107 4119 4118
3 4107 4103 4118
3 4107 4103 4115
3 4107 4087 4095
3 4107 4115 4095
3 4107 4099 4087
3 4107 4099 4119
3 4108 4116 4100
3 4108 4102 4109
3 4108 4102 4116
3 4108 4101 4113
3 4108 4112 4100
3 4108 4112 4113
3 4108 4101 4118
3 4108 4103 4109
3 4108 4103 4118
3 4097 4094 4082
3 4097 4082 4096
3 4097 4094 4086
3 4097 4080 4096
3 4097 4092 4080
3 4097 4084 4092
3 4097 4091 4086
3 4097 4084 4090
3 4097 4091 4090
3 4085 4093 4092
3 4085 4084 4090
3 4085 4084 4092
3 4085 4093 4113
3 4085 4105 4113
3 4085 4091 4087
3 4085 4091 4090
3 4085 4099 4087
3 4085 4105 4119
3 4085 4099 4119
3 4120 4156 4140
3 4120 4156 4136
3 4142 4156 4136
3 4142 4122 4136
3 4143 4142 4154
3 4143 4155 4154
3 4143 4142 4149
3 4134 4155 4154
3 4134 4155 4135
3 4134 4142 4154
3 4134 4142 4122
3 4131 4134 4135
3 4131 4127 4135
3 4131 4134 4126
3 4125 4145 4153
3 4125 4133 4153
3 4147 4127 4135
3 4147 4155 4135
3 4148 4156 4140
3 4148 4142 4149
3 4148 4142 4156
3 4148 4141 4153
3 4148 4152 4140
3 4148 4152 4153
3 4148 4141 4158
3 4148 4143 4149
3 4148 4143 4158
3 4132 4124 4130
3 4132 4125 4130
3 4132 4125 4133
3 4132 4120 4140
3 4132 4152 4140
3 4132 4152 4153
3 4132 4133 4153
3 4137 4122 4136
3 4137 4134 4126
3 4137 4134 4122
3 4137 4131 4126
3 4137 4124 4130
3 4137 4131 4130
3 4137 4120 4136
3 4137 4132 4124
3 4137 4132 4120
3 4159 4145 4153
3 4159 4141 4158
3 4159 4141 4153
3 4159 4143 4155
3 4159 4143 4158
3 4159 4147 4155
3 4139 4131 4127
3 4139 4131 4130
3 4139 4125 4130
3 4139 4147 4127
3 4139 4159 4147
3 4139 4125 4145
3 4139 4159 4145
3 4160 4196 4180
3 4160 4196 4176
3 4192 4160 4180
3 4192 4172 4160
3 4173 4192 4172
3 4173 4192 4193
3 4174 4195 4194
3 4174 4195 4175
3 4171 4174 4175
3 4171 4167 4175
3 4171 4174 4166
3 4187 4167 4175
3 4187 4195 4175
3 4188 4181 4193
3 4188 4192 4180
3 4188 4192 4193
3 4188 4181 4198
3 4188 4183 4198
3 4188 4183 4189
3 4182 4195 4194
3 4182 4183 4189
3 4182 4183 4195
3 4182 4174 4162
3 4182 4174 4194
3 4182 4196 4180
3 4182 4188 4189
3 4182 4188 4180
3 4182 4196 4176
3 4182 4162 4176
3 4165 4173 4172
3 4165 4164 4170
3 4165 4164 4172
3 4165 4185 4193
3 4165 4173 4193
3 4165 4171 4167
3 4165 4171 4170
3 4165 4179 4167
3 4177 4174 4162
3 4177 4174 4166
3 4177 4162 4176
3 4177 4160 4176
3 4177 4172 4160
3 4177 4164 4172
3 4177 4164 4170
3 4177 4171 4166
3 4177 4171 4170
3 4199 4181 4198
3 4199 4181 4193
3 4199 4185 4193
3 4199 4187 4195
3 4199 4183 4198
3 4199 4183 4195
3 4199 4165 4185
3 4199 4165 4179
3 4199 4179 4167
3 4199 4187 4167
3 4200 4236 4220
3 4200 4236 4216
3 4232 4200 4220
3 4232 4212 4200
3 4213 4232 4212
3 4213 4232 4233
3 4214 4235 4234
3 4214 4235 4215
3 4228 4221 4233
3 4228 4232 4220
3 4228 4232 4233
3 4228 4221 4238
3 4228 4223 4238
3 4228 4223 4229
3 4222 4235 4234
3 4222 4223 4229
3 4222 4223 4235
3 4222 4214 4202
3 4222 4214 4234
3 4222 4236 4220
3 4222 4228 4229
3 4222 4228 4220
3 4222 4236 4216
3 4222 4202 4216
3 4205 4213 4212
3 4205 4204 4210
3 4205 4204 4212
3 4205 4225 4233
3 4205 4213 4233
3 4217 4214 4202
3 4217 4214 4206
3 4217 4202 4216
3 4217 4200 4216
3 4217 4212 4200
3 4217 4204 4212
3 4217 4211 4206
3 4217 4211 4210
3 4217 4204 4210
3 4239 4221 4238
3 4239 4221 4233
3 4239 4225 4233
3 4239 4227 4235
3 4239 4223 4238
3 4239 4223 4235
3 4219 4205 4225
3 4219 4239 4225
3 4207 4211 4210
3 4207 4205 4210
3 4207 4219 4205
3 4207 4239 4227
3 4207 4219 4239
3 4207 4211 4206
3 4207 4214 4215
3 4207 4214 4206
3 4207 4235 4215
3 4207 4227 4235
3 4272 4265 4270
3 4272 4264 4270
3 4272 4265 4273
3 4253 4240 4252
3 4253 4240 4248
3 4253 4241 4248
3 4253 4272 4252
3 4253 4272 4273
3 4277 4240 4256
3 4277 4240 4252
3 4277 4272 4252
3 4277 4272 4264
3 4279 4253 4241
3 4279 4241 4258
3 4279 4265 4273
3 4279 4253 4273
3 4254 4277 4256
3 4254 4266 4274
3 4254 4277 4266
3 4254 4242 4256
3 4275 4254 4274
3 4275 4254 4255
3 4249 4240 4256
3 4249 4240 4248
3 4249 4242 4256
3 4249 4241 4248
3 4249 4241 4258
3 4249 4243 4258
3 4249 4254 4242
3 4249 4243 4255
3 4249 4254 4255
3 4267 4279 4258
3 4267 4243 4258
3 4267 4243 4255
3 4267 4275 4255
3 4271 4277 4264
3 4271 4264 4270
3 4271 4277 4266
3 4271 4265 4270
3 4271 4279 4265
3 4271 4267 4279
3 4271 4266 4274
3 4271 4275 4274
3 4271 4267 4275
CELL_TYPES 5504
5 5 5 5 5 5 5 5 5 5 
5 5 5 5 5 5 5 5 5 5 
5 5 5 5 5 5 5 5 5 5 
5 5 5 5 5 5 5 5 5 5 
5 5 5 5 5 5 5 5 5 5 
5 5 5 5 5 5 5 5 5 5 
5 5 5 5 5 5 5 5 5 5 
5 5 5 5 5 5 5 5 5 5 
5 5 5 5 5 5 5 5 5 5 
5 5 5 5 5 5 5 5 5 5 
5 5 5 5 5 5 5 5 5 5 
5 5 5 5 5 5 5 5 5 5 
5 5 5 5 5 5 5 5 5 5 
5 5 5 5 5 5 5 5 5 5 
5 5 5 5 5 5 5 5 5 5 
5 5 5 5 5 5 5 5 5 5 
5 5 5 5 5 5 5 5 5 5 
5 5 5 5 5 5 5 5 5 5 
5 5 5 5 5 5 5 5 5 5 
5 5 5 5 5 5 5 5 5 5 
5 5 5 5 5 5 5 5 5 5 
5 5 5 5 5 5 5 5 5 5 
5 5 5 5 5 5 5 5 5 5 
5 5 5 5 5 5 5 5 5 5 
5 5 5 5 5 5 5 5 5 5 
5 5 5 5 5 5 5 5 5 5 
5 5 5 5 5 5 5 5 5 5 
5 5 5 5 5 5 5 5 5 5 
5 5 5 5 5 5 5 5 5 5 
5 5 5 5 5 5 5 5 5 5 
5 5 5 5 5 5 5 5 5 5 
5 5 5 5 5 5 5 5 5 5 
5 5 5 5 5 5 5 5 5 5 
5 5 5 5 5 5 5 5 5 5 
5 5 5 5 5 5 5 5 5 5 
5 5 5 5 5 5 5 5 5 5 
5 5 5 5 5 5 5 5 5 5 
5 5 5 5 5 5 5 5 5 5 
5 5 5 5 5 5 5 5 5 5 
5 5 5 5 5 5 5 5 5 5 
5 5 5 5 5 5 5 5 5 5 
5 5 5 5 5 5 5 5 5 5 
5 5 5 5 5 5 5 5 5 5 
5 5 5 5 5 5 5 5 5 5 
5 5 5 5 5 5 5 5 5 5 
5 5 5 5 5 5 5 5 5 5 
5 5 5 5 5 5 5 5 5 5 
5 5 5 5 5 5 5 5 5 5 
5 5 5 5 5 5 5 5 5 5 
5 5 5 5 5 5 5 5 5 5 
5 5 5 5 5 5 5 5 5 5 
5 5 5 5 5 5 5 5 5 5 
5 5 5 5 5 5 5 5 5 5 
5 5 5 5 5 5 5 5 5 5 
5 5 5 5 5 5 5 5 5 5 
5 5 5 5 5 5 5 5 5 5 
5 5 5 5 5 5 5 5 5 5 
5 5 5 5 5 5 5 5 5 5 
5 5 5 5 5 5 5 5 5 5 
5 5 5 5 5 5 5 5 5 5 
5 5 5 5 5 5 5 5 5 5 
5 5 5 5 5 5 5 5 5 5 
5 5 5 5 5 5 5 5 5 5 
5 5 5 5 5 5 5 5 5 5 
5 5 5 5 5 5 5 5 5 5 
5 5 5 5 5 5 5 5 5 5 
5 5 5 5 5 5 5 5 5 5 
5 5 5 5 5 5 5 5 5 5 
5 5 5 5 5 5 5 5 5 5 
5 5 5 5 5 5 5 5 5 5 
5 5 5 5 5 5 5 5 5 5 
5 5 5 5 5 5 5 5 5 5 
5 5 5 5 5 5 5 5 5 5 
5 5 5 5 5 5 5 5 5 5 
5 5 5 5 5 5 5 5 5 5 
5 5 5 5 5 5 5 5 5 5 
5 5 5 5 5 5 5 5 5 5 
5 5 5 5 5 5 5 5 5 5 
5 5 5 5 5 5 5 5 5 5 
5 5 5 5 5 5 5 5 5 5 
5 5 5 5 5 5 5 5 5 5 
5 5 5 5 5 5 5 5 5 5 
5 5 5 5 5 5 5 5 5 5 
5 5 5 5 5 5 5 5 5 5 
5 5 5 5 5 5 5 5 5 5 
5 5 5 5 5 5 5 5 5 5 
5 5 5 5 5 5 5 5 5 5 
5 5 5 5 5 5 5 5 5 5 
5 5 5 5 5 5 5 5 5 5 
5 5 5 5 5 5 5 5 5 5 
5 5 5 5 5 5 5 5 5 5 
5 5 5 5 5 5 5 5 5 5 
5 5 5 5 5 5 5 5 5 5 
5 5 5 5 5 5 5 5 5 5 
5 5 5 5 5 5 5 5 5 5 
5 5 5 5 5 5 5 5 5 5 
5 5 5 5 5 5 5 5 5 5 
5 5 5 5 5 5 5 5 5 5 
5 5 5 5 5 5 5 5 5 5 
5 5 5 5 5 5 5 5 5 5 
5 5 5 5 5 5 5 5 5 5 
5 5 5 5 5 5 5 5 5 5 
5 5 5 5 5 5 5 5 5 5 
5 5 5 5 5 5 5 5 5 5 
5 5 5 5 5 5 5 5 5 5 
5 5 5 5 5 5 5 5 5 5 
5 5 5 5 5 5 5 5 5 5 
5 5 5 5 5 5 5 5 5 5 
5 5 5 5 5 5 5 5 5 5 
5 5 5 5 5 5 5 5 5 5 
5 5 5 5 5 5 5 5 5 5 
5 5 5 5 5 5 5 5 5 5 
5 5 5 5 5 5 5 5 5 5 
5 5 5 5 5 5 5 5 5 5 
5 5 5 5 5 5 5 5 5 5 
5 5 5 5 5 5 5 5 5 5 
5 5 5 5 5 5 5 5 5 5 
5 5 5 5 5 5 5 5 5 5 
5 5 5 5 5 5 5 5 5 5 
5 5 5 5 5 5 5 5 5 5 
5 5 5 5 5 5 5 5 5 5 
5 5 5 5 5 5 5 5 5 5 
5 5 5 5 5 5 5 5 5 5 
5 5 5 5 5 5 5 5 5 5 
5 5 5 5 5 5 5 5 5 5 
5 5 5 5 5 5 5 5 5 5 
5 5 5 5 5 5 5 5 5 5 
5 5 5 5 5 5 5 5 5 5 
5 5 5 5 5 5 5 5 5 5 
5 5 5 5 5 5 5 5 5 5 
5 5 5 5 5 5 5 5 5 5 
5 5 5 5 5 5 5 5 5 5 
5 5 5 5 5 5 5 5 5 5 
5 5 5 5 5 5 5 5 5 5 
5 5 5 5 5 5 5 5 5 5 
5 5 5 5 5 5 5 5 5 5 
5 5 5 5 5 5 5 5 5 5 
5 5 5 5 5 5 5 5 5 5 
5 5 5 5 5 5 5 5 5 5 
5 5 5 5 5 5 5 5 5 5 
5 5 5 5 5 5 5 5 5 5 
5 5 5 5 5 5 5 5 5 5 
5 5 5 5 5 5 5 5 5 5 
5 5 5 5 5 5 5 5 5 5 
5 5 5 5 5 5 5 5 5 5 
5 5 5 5 5 5 5 5 5 5 
5 5 5 5 5 5 5 5 5 5 
5 5 5 5 5 5 5 5 5 5 
5 5 5 5 5 5 5 5 5 5 
5 5 5 5 5 5 5 5 5 5 
5 5 5 5 5 5 5 5 5 5 
5 5 5 5 5 5 5 5 5 5 
5 5 5 5 5 5 5 5 5 5 
5 5 5 5 5 5 5 5 5 5 
5 5 5 5 5 5 5 5 5 5 
5 5 5 5 5 5 5 5 5 5 
5 5 5 5 5 5 5 5 5 5 
5 5 5 5 5 5 5 5 5 5 
5 5 5 5 5 5 5 5 5 5 
5 5 5 5 5 5 5 5 5 5 
5 5 5 5 5 5 5 5 5 5 
5 5 5 5 5 5 5 5 5 5 
5 5 5 5 5 5 5 5 5 5 
5 5 5 5 5 5 5 5 5 5 
5 5 5 5 5 5 5 5 5 5 
5 5 5 5 5 5 5 5 5 5 
5 5 5 5 5 5 5 5 5 5 
5 5 5 5 5 5 5 5 5 5 
5 5 5 5 5 5 5 5 5 5 
5 5 5 5 5 5 5 5 5 5 
5 5 5 5 5 5 5 5 5 5 
5 5 5 5 5 5 5 5 5 5 
5 5 5 5 5 5 5 5 5 5 
5 5 5 5 5 5 5 5 5 5 
5 5 5 5 5 5 5 5 5 5 
5 5 5 5 5 5 5 5 5 5 
5 5 5 5 5 5 5 5 5 5 
5 5 5 5 5 5 5 5 5 5 
5 5 5 5 5 5 5 5 5 5 
5 5 5 5 5 5 5 5 5 5 
5 5 5 5 5 5 5 5 5 5 
5 5 5 5 5 5 5 5 5 5 
5 5 5 5 5 5 5 5 5 5 
5 5 5 5 5 5 5 5 5 5 
5 5 5 5 5 5 5 5 5 5 
5 5 5 5 5 5 5 5 5 5 
5 5 5 5 5 5 5 5 5 5 
5 5 5 5 5 5 5 5 5 5 
5 5 5 5 5 5 5 5 5 5 
5 5 5 5 5 5 5 5 5 5 
5 5 5 5 5 5 5 5 5 5 
5 5 5 5 5 5 5 5 5 5 
5 5 5 5 5 5 5 5 5 5 
5 5 5 5 5 5 5 5 5 5 
5 5 5 5 5 5 5 5 5 5 
5 5 5 5 5 5 5 5 5 5 
5 5 5 5 5 5 5 5 5 5 
5 5 5 5 5 5 5 5 5 5 
5 5 5 5 5 5 5 5 5 5 
5 5 5 5 5 5 5 5 5 5 
5 5 5 5 5 5 5 5 5 5 
5 5 5 5 5 5 5 5 5 5 
5 5 5 5 5 5 5 5 5 5 
5 5 5 5 5 5 5 5 5 5 
5 5 5 5 5 5 5 5 5 5 
5 5 5 5 5 5 5 5 5 5 
5 5 5 5 5 5 5 5 5 5 
5 5 5 5 5 5 5 5 5 5 
5 5 5 5 5 5 5 5 5 5 
5 5 5 5 5 5 5 5 5 5 
5 5 5 5 5 5 5 5 5 5 
5 5 5 5 5 5 5 5 5 5 
5 5 5 5 5 5 5 5 5 5 
5 5 5 5 5 5 5 5 5 5 
5 5 5 5 5 5 5 5 5 5 
5 5 5 5 5 5 5 5 5 5 
5 5 5 5 5 5 5 5 5 5 
5 5 5 5 5 5 5 5 5 5 
5 5 5 5 5 5 5 5 5 5 
5 5 5 5 5 5 5 5 5 5 
5 5 5 5 5 5 5 5 5 5 
5 5 5 5 5 5 5 5 5 5 
5 5 5 5 5 5 5 5 5 5 
5 5 5 5 5 5 5 5 5 5 
5 5 5 5 5 5 5 5 5 5 
5 5 5 5 5 5 5 5 5 5 
5 5 5 5 5 5 5 5 5 5 
5 5 5 5 5 5 5 5 5 5 
5 5 5 5 5 5 5 5 5 5 
5 5 5 5 5 5 5 5 5 5 
5 5 5 5 5 5 5 5 5 5 
5 5 5 5 5 5 5 5 5 5 
5 5 5 5 5 5 5 5 5 5 
5 5 5 5 5 5 5 5 5 5 
5 5 5 5 5 5 5 5 5 5 
5 5 5 5 5 5 5 5 5 5 
5 5 5 5 5 5 5 5 5 5 
5 5 5 5 5 5 5 5 5 5 
5 5 5 5 5 5 5 5 5 5 
5 5 5 5 5 5 5 5 5 5 
5 5 5 5 5 5 5 5 5 5 
5 5 5 5 5 5 5 5 5 5 
5 5 5 5 5 5 5 5 5 5 
5 5 5 5 5 5 5 5 5 5 
5 5 5 5 5 5 5 5 5 5 
5 5 5 5 5 5 5 5 5 5 
5 5 5 5 5 5 5 5 5 5 
5 5 5 5 5 5 5 5 5 5 
5 5 5 5 5 5 5 5 5 5 
5 5 5 5 5 5 5 5 5 5 
5 5 5 5 5 5 5 5 5 5 
5 5 5 5 5 5 5 5 5 5 
5 5 5 5 5 5 5 5 5 5 
5 5 5 5 5 5 5 5 5 5 
5 5 5 5 5 5 5 5 5 5 
5 5 5 5 5 5 5 5 5 5 
5 5 5 5 5 5 5 5 5 5 
5 5 5 5 5 5 5 5 5 5 
5 5 5 5 5 5 5 5 5 5 
5 5 5 5 5 5 5 5 5 5 
5 5 5 5 5 5 5 5 5 5 
5 5 5 5 5 5 5 5 5 5 
5 5 5 5 5 5 5 5 5 5 
5 5 5 5 5 5 5 5 5 5 
5 5 5 5 5 5 5 5 5 5 
5 5 5 5 5 5 5 5 5 5 
5 5 5 5 5 5 5 5 5 5 
5 5 5 5 5 5 5 5 5 5 
5 5 5 5 5 5 5 5 5 5 
5 5 5 5 5 5 5 5 5 5 
5 5 5 5 5 5 5 5 5 5 
5 5 5 5 5 5 5 5 5 5 
5 5 5 5 5 5 5 5 5 5 
5 5 5 5 5 5 5 5 5 5 
5 5 5 5 5 5 5 5 5 5 
5 5 5 5 5 5 5 5 5 5 
5 5 5 5 5 5 5 5 5 5 
5 5 5 5 5 5 5 5 5 5 
5 5 5 5 5 5 5 5 5 5 
5 5 5 5 5 5 5 5 5 5 
5 5 5 5 5 5 5 5 5 5 
5 5 5 5 5 5 5 5 5 5 
5 5 5 5 5 5 5 5 5 5 
5 5 5 5 5 5 5 5 5 5 
5 5 5 5 5 5 5 5 5 5 
5 5 5 5 5 5 5 5 5 5 
5 5 5 5 5 5 5 5 5 5 
5 5 5 5 5 5 5 5 5 5 
5 5 5 5 5 5 5 5 5 5 
5 5 5 5 5 5 5 5 5 5 
5 5 5 5 5 5 5 5 5 5 
5 5 5 5 5 5 5 5 5 5 
5 5 5 5 5 5 5 5 5 5 
5 5 5 5 5 5 5 5 5 5 
5 5 5 5 5 5 5 5 5 5 
5 5 5 5 5 5 5 5 5 5 
5 5 5 5 5 5 5 5 5 5 
5 5 5 5 5 5 5 5 5 5 
5 5 5 5 5 5 5 5 5 5 
5 5 5 5 5 5 5 5 5 5 
5 5 5 5 5 5 5 5 5 5 
5 5 5 5 5 5 5 5 5 5 
5 5 5 5 5 5 5 5 5 5 
5 5 5 5 5 5 5 5 5 5 
5 5 5 5 5 5 5 5 5 5 
5 5 5 5 5 5 5 5 5 5 
5 5 5 5 5 5 5 5 5 5 
5 5 5 5 5 5 5 5 5 5 
5 5 5 5 5 5 5 5 5 5 
5 5 5 5 5 5 5 5 5 5 
5 5 5 5 5 5 5 5 5 5 
5 5 5 5 5 5 5 5 5 5 
5 5 5 5 5 5 5 5 5 5 
5 5 5 5 5 5 5 5 5 5 
5 5 5 5 5 5 5 5 5 5 
5 5 5 5 5 5 5 5 5 5 
5 5 5 5 5 5 5 5 5 5 
5 5 5 5 5 5 5 5 5 5 
5 5 5 5 5 5 5 5 5 5 
5 5 5 5 5 5 5 5 5 5 
5 5 5 5 5 5 5 5 5 5 
5 5 5 5 5 5 5 5 5 5 
5 5 5 5 5 5 5 5 5 5 
5 5 5 5 5 5 5 5 5 5 
5 5 5 5 5 5 5 5 5 5 
5 5 5 5 5 5 5 5 5 5 
5 5 5 5 5 5 5 5 5 5 
5 5 5 5 5 5 5 5 5 5 
5 5 5 5 5 5 5 5 5 5 
5 5 5 5 5 5 5 5 5 5 
5 5 5 5 5 5 5 5 5 5 
5 5 5 5 5 5 5 5 5 5 
5 5 5 5 5 5 5 5 5 5 
5 5 5 5 5 5 5 5 5 5 
5 5 5 5 5 5 5 5 5 5 
5 5 5 5 5 5 5 5 5 5 
5 5 5 5 5 5 5 5 5 5 
5 5 5 5 5 5 5 5 5 5 
5 5 5 5 5 5 5 5 5 5 
5 5 5 5 5 5 5 5 5 5 
5 5 5 5 5 5 5 5 5 5 
5 5 5 5 5 5 5 5 5 5 
5 5 5 5 5 5 5 5 5 5 
5 5 5 5 5 5 5 5 5 5 
5 5 5 5 5 5 5 5 5 5 
5 5 5 5 5 5 5 5 5 5 
5 5 5 5 5 5 5 5 5 5 
5 5 5 5 5 5 5 5 5 5 
5 5 5 5 5 5 5 5 5 5 
5 5 5 5 5 5 5 5 5 5 
5 5 5 5 5 5 5 5 5 5 
5 5 5 5 5 5 5 5 5 5 
5 5 5 5 5 5 5 5 5 5 
5 5 5 5 5 5 5 5 5 5 
5 5 5 5 5 5 5 5 5 5 
5 5 5 5 5 5 5 5 5 5 
5 5 5 5 5 5 5 5 5 5 
5 5 5 5 5 5 5 5 5 5 
5 5 5 5 5 5 5 5 5 5 
5 5 5 5 5 5 5 5 5 5 
5 5 5 5 5 5 5 5 5 5 
5 5 5 5 5 5 5 5 5 5 
5 5 5 5 5 5 5 5 5 5 
5 5 5 5 5 5 5 5 5 5 
5 5 5 5 5 5 5 5 5 5 
5 5 5 5 5 5 5 5 5 5 
5 5 5 5 5 5 5 5 5 5 
5 5 5 5 5 5 5 5 5 5 
5 5 5 5 5 5 5 5 5 5 
5 5 5 5 5 5 5 5 5 5 
5 5 5 5 5 5 5 5 5 5 
5 5 5 5 5 5 5 5 5 5 
5 5 5 5 5 5 5 5 5 5 
5 5 5 5 5 5 5 5 5 5 
5 5 5 5 5 5 5 5 5 5 
5 5 5 5 5 5 5 5 5 5 
5 5 5 5 5 5 5 5 5 5 
5 5 5 5 5 5 5 5 5 5 
5 5 5 5 5 5 5 5 5 5 
5 5 5 5 5 5 5 5 5 5 
5 5 5 5 5 5 5 5 5 5 
5 5 5 5 5 5 5 5 5 5 
5 5 5 5 5 5 5 5 5 5 
5 5 5 5 5 5 5 5 5 5 
5 5 5 5 5 5 5 5 5 5 
5 5 5 5 5 5 5 5 5 5 
5 5 5 5 5 5 5 5 5 5 
5 5 5 5 5 5 5 5 5 5 
5 5 5 5 5 5 5 5 5 5 
5 5 5 5 5 5 5 5 5 5 
5 5 5 5 5 5 5 5 5 5 
5 5 5 5 5 5 5 5 5 5 
5 5 5 5 5 5 5 5 5 5 
5 5 5 5 5 5 5 5 5 5 
5 5 5 5 5 5 5 5 5 5 
5 5 5 5 5 5 5 5 5 5 
5 5 5 5 5 5 5 5 5 5 
5 5 5 5 5 5 5 5 5 5 
5 5 5 5 5 5 5 5 5 5 
5 5 5 5 5 5 5 5 5 5 
5 5 5 5 5 5 5 5 5 5 
5 5 5 5 5 5 5 5 5 5 
5 5 5 5 5 5 5 5 5 5 
5 5 5 5 5 5 5 5 5 5 
5 5 5 5 5 5 5 5 5 5 
5 5 5 5 5 5 5 5 5 5 
5 5 5 5 5 5 5 5 5 5 
5 5 5 5 5 5 5 5 5 5 
5 5 5 5 5 5 5 5 5 5 
5 5 5 5 5 5 5 5 5 5 
5 5 5 5 5 5 5 5 5 5 
5 5 5 5 5 5 5 5 5 5 
5 5 5 5 5 5 5 5 5 5 
5 5 5 5 5 5 5 5 5 5 
5 5 5 5 5 5 5 5 5 5 
5 5 5 5 5 5 5 5 5 5 
5 5 5 5 5 5 5 5 5 5 
5 5 5 5 5 5 5 5 5 5 
5 5 5 5 5 5 5 5 5 5 
5 5 5 5 5 5 5 5 5 5 
5 5 5 5 5 5 5 5 5 5 
5 5 5 5 5 5 5 5 5 5 
5 5 5 5 5 5 5 5 5 5 
5 5 5 5 5 5 5 5 5 5 
5 5 5 5 5 5 5 5 5 5 
5 5 5 5 5 5 5 5 5 5 
5 5 5 5 5 5 5 5 5 5 
5 5 5 5 5 5 5 5 5 5 
5 5 5 5 5 5 5 5 5 5 
5 5 5 5 5 5 5 5 5 5 
5 5 5 5 5 5 5 5 5 5 
5 5 5 5 5 5 5 5 5 5 
5 5 5 5 5 5 5 5 5 5 
5 5 5 5 5 5 5 5 5 5 
5 5 5 5 5 5 5 5 5 5 
5 5 5 5 5 5 5 5 5 5 
5 5 5 5 5 5 5 5 5 5 
5 5 5 5 5 5 5 5 5 5 
5 5 5 5 5 5 5 5 5 5 
5 5 5 5 5 5 5 5 5 5 
5 5 5 5 5 5 5 5 5 5 
5 5 5 5 5 5 5 5 5 5 
5 5 5 5 5 5 5 5 5 5 
5 5 5 5 5 5 5 5 5 5 
5 5 5 5 5 5 5 5 5 5 
5 5 5 5 5 5 5 5 5 5 
5 5 5 5 5 5 5 5 5 5 
5 5 5 5 5 5 5 5 5 5 
5 5 5 5 5 5 5 5 5 5 
5 5 5 5 5 5 5 5 5 5 
5 5 5 5 5 5 5 5 5 5 
5 5 5 5 5 5 5 5 5 5 
5 5 5 5 5 5 5 5 5 5 
5 5 5 5 5 5 5 5 5 5 
5 5 5 5 5 5 5 5 5 5 
5 5 5 5 5 5 5 5 5 5 
5 5 5 5 5 5 5 5 5 5 
5 5 5 5 5 5 5 5 5 5 
5 5 5 5 5 5 5 5 5 5 
5 5 5 5 5 5 5 5 5 5 
5 5 5 5 5 5 5 5 5 5 
5 5 5 5 5 5 5 5 5 5 
5 5 5 5 5 5 5 5 5 5 
5 5 5 5 5 5 5 5 5 5 
5 5 5 5 5 5 5 5 5 5 
5 5 5 5 5 5 5 5 5 5 
5 5 5 5 5 5 5 5 5 5 
5 5 5 5 5 5 5 5 5 5 
5 5 5 5 5 5 5 5 5 5 
5 5 5 5 5 5 5 5 5 5 
5 5 5 5 5 5 5 5 5 5 
5 5 5 5 5 5 5 5 5 5 
5 5 5 5 5 5 5 5 5 5 
5 5 5 5 5 5 5 5 5 5 
5 5 5 5 5 5 5 5 5 5 
5 5 5 5 5 5 5 5 5 5 
5 5 5 5 5 5 5 5 5 5 
5 5 5 5 5 5 5 5 5 5 
5 5 5 5 5 5 5 5 5 5 
5 5 5 5 5 5 5 5 5 5 
5 5 5 5 5 5 5 5 5 5 
5 5 5 5 5 5 5 5 5 5 
5 5 5 5 5 5 5 5 5 5 
5 5 5 5 5 5 5 5 5 5 
5 5 5 5 5 5 5 5 5 5 
5 5 5 5 5 5 5 5 5 5 
5 5 5 5 5 5 5 5 5 5 
5 5 5 5 5 5 5 5 5 5 
5 5 5 5 5 5 5 5 5 5 
5 5 5 5 5 5 5 5 5 5 
5 5 5 5 5 5 5 5 5 5 
5 5 5 5 5 5 5 5 5 5 
5 5 5 5 5 5 5 5 5 5 
5 5 5 5 5 5 5 5 5 5 
5 5 5 5 5 5 5 5 5 5 
5 5 5 5 5 5 5 5 5 5 
5 5 5 5 5 5 5 5 5 5 
5 5 5 5 5 5 5 5 5 5 
5 5 5 5 5 5 5 5 5 5 
5 5 5 5 5 5 5 5 5 5 
5 5 5 5 5 5 5 5 5 5 
5 5 5 5 5 5 5 5 5 5 
5 5 5 5 5 5 5 5 5 5 
5 5 5 5 5 5 5 5 5 5 
5 5 5 5 5 5 5 5 5 5 
5 5 5 5 5 5 5 5 5 5 
5 5 5 5 5 5 5 5 5 5 
5 5 5 5 5 5 5 5 5 5 
5 5 5 5 5 5 5 5 5 5 
5 5 5 5 5 5 5 5 5 5 
5 5 5 5 5 5 5 5 5 5 
5 5 5 5 5 5 5 5 5 5 
5 5 5 5 5 5 5 5 5 5 
5 5 5 5 5 5 5 5 5 5 
5 5 5 5 5 5 5 5 5 5 
5 5 5 5 5 5 5 5 5 5 
5 5 5 5 5 5 5 5 5 5 
5 5 5 5 5 5 5 5 5 5 
5 5 5 5 5 5 5 5 5 5 
5 5 5 5 5 5 5 5 5 5 
5 5 5 5 5 5 5 5 5 5 
5 5 5 5 5 5 5 5 5 5 
5 5 5 5 5 5 5 5 5 5 
5 5 5 5 5 5 5 5 5 5 
5 5 5 5 5 5 5 5 5 5 
5 5 5 5 5 5 5 5 5 5 
5 5 5 5 5 5 5 5 5 5 
5 5 5 5 5 5 5 5 5 5 
5 5 5 5 5 5 5 5 5 5 
5 5 5 5 5 5 5 5 5 5 
5 5 5 5 5 5 5 5 5 5 
5 5 5 5 5 5 5 5 5 5 
5 5 5 5 5 5 5 5 5 5 
5 5 5 5 5 5 5 5 5 5 
5 5 5 5 5 5 5 5 5 5 
5 5 5 5 5 5 5 5 5 5 
5 5 5 5 5 5 5 5 5 5 
5 5 5 5 5 5 5 5 5 5 
5 5 5 5 5 5 5 5 5 5 
5 5 5 5 5 5 5 5 5 5 
5 5 5 5 5 5 5 5 5 5 
5 5 5 5 5 5 5 5 5 5 
5 5 5 5 5 5 5 5 5 5 
5 5 5 5 5 5 5 5 5 5 
5 5 5 5 5 5 5 5 5 5 
5 5 5 5 5 5 5 5 5 5 
5 5 5 5 5 5 5 5 5 5 
5 5 5 5 5 5 5 5 5 5 
5 5 5 5 5 5 5 5 5 5 
5 5 5 5 5 5 5 5 5 5 
5 5 5 5 
CELL_DATA 5504
SCALARS Well_Number float 1
LOOKUP_TABLE default
0 0 0 0 0 0 0 0 0 
0 0 0 0 0 0 0 0 0 0 
0 0 0 0 0 0 0 0 0 0 
0 0 0 0 0 0 0 0 0 0 
0 0 0 0 0 1 1 1 1 1 
1 1 1 1 1 1 1 1 1 1 
1 1 1 1 1 1 1 1 1 1 
1 1 1 1 1 1 1 1 1 1 
1 1 1 1 1 1 1 1 1 2 
2 2 2 2 2 2 2 2 2 2 
2 2 2 2 2 2 2 2 2 2 
2 2 2 2 2 2 2 2 2 2 
2 2 2 2 2 2 2 2 2 2 
2 2 2 3 3 3 3 3 3 3 
3 3 3 3 3 3 3 3 3 3 
3 3 3 3 3 3 3 3 3 3 
3 3 3 3 3 3 3 3 3 3 
3 3 3 3 3 3 3 4 4 4 
4 4 4 4 4 4 4 4 4 4 
4 4 4 4 4 4 4 4 4 4 
4 4 4 4 4 4 4 4 4 4 
4 4 4 4 4 4 4 4 4 4 
4 5 5 5 5 5 5 5 5 5 
5 5 5 5 5 5 5 5 5 5 
5 5 5 5 5 5 5 5 5 5 
5 5 5 5 5 5 5 5 5 5 
5 5 5 5 5 6 6 6 6 6 
6 6 6 6 6 6 6 6 6 6 
6 6 6 6 6 6 6 6 6 6 
6 6 6 6 6 6 6 6 6 6 
6 6 6 6 6 6 6 6 6 7 
7 7 7 7 7 7 7 7 7 7 
7 7 7 7 7 7 7 7 7 7 
7 7 7 7 7 7 7 7 7 7 
7 7 7 7 7 7 7 7 7 7 
7 7 7 8 8 8 8 8 8 8 
8 8 8 8 8 8 8 8 8 8 
8 8 8 8 8 8 8 8 8 8 
8 8 8 8 8 8 8 8 8 8 
8 8 8 8 8 8 8 9 9 9 
9 9 9 9 9 9 9 9 9 9 
9 9 9 9 9 9 9 9 9 9 
9 9 9 9 9 9 9 9 9 9 
9 9 9 9 9 9 9 9 9 9 
9 10 10 10 10 10 10 10 10 10 
10 10 10 10 10 10 10 10 10 10 
10 10 10 10 10 10 10 10 10 10 
10 10 10 10 10 10 10 10 10 10 
10 10 10 10 10 11 11 11 11 11 
11 11 11 11 11 11 11 11 11 11 
11 11 11 11 11 11 11 11 11 11 
11 11 11 11 11 11 11 11 11 11 
11 11 11 11 11 11 11 11 11 12 
12 12 12 12 12 12 12 12 12 12 
12 12 12 12 12 12 12 12 12 12 
12 12 12 12 12 12 12 12 12 12 
12 12 12 12 12 12 12 12 12 12 
12 12 12 13 13 13 13 13 13 13 
13 13 13 13 13 13 13 13 13 13 
13 13 13 13 13 13 13 13 13 13 
13 13 13 13 13 13 13 13 13 13 
13 13 13 13 13 13 13 14 14 14 
14 14 14 14 14 14 14 14 14 14 
14 14 14 14 14 14 14 14 14 14 
14 14 14 14 14 14 14 14 14 14 
14 14 14 14 14 14 14 14 14 14 
14 15 15 15 15 15 15 15 15 15 
15 15 15 15 15 15 15 15 15 15 
15 15 15 15 15 15 15 15 15 15 
15 15 15 15 15 15 15 15 15 15 
15 15 15 15 15 16 16 16 16 16 
16 16 16 16 16 16 16 16 16 16 
16 16 16 16 16 16 16 16 16 16 
16 16 16 16 16 16 16 16 16 16 
16 16 16 16 16 16 16 16 16 17 
17 17 17 17 17 17 17 17 17 17 
17 17 17 17 17 17 17 17 17 17 
17 17 17 17 17 17 17 17 17 17 
17 17 17 17 17 17 17 17 17 17 
17 17 17 18 18 18 18 18 18 18 
18 18 18 18 18 18 18 18 18 18 
18 18 18 18 18 18 18 18 18 18 
18 18 18 18 18 18 18 18 18 18 
18 18 18 18 18 18 18 19 19 19 
19 19 19 19 19 19 19 19 19 19 
19 19 19 19 19 19 19 19 19 19 
19 19 19 19 19 19 19 19 19 19 
19 19 19 19 19 19 19 19 19 19 
19 20 20 20 20 20 20 20 20 20 
20 20 20 20 20 20 20 20 20 20 
20 20 20 20 20 20 20 20 20 20 
20 20 20 20 20 20 20 20 20 20 
20 20 20 20 20 20 20 20 20 20 
20 20 20 20 20 20 20 21 21 21 
21 21 21 21 21 21 21 21 21 21 
21 21 21 21 21 21 21 21 21 21 
21 21 21 21 21 21 21 21 21 21 
21 21 21 21 21 21 21 21 21 21 
21 21 21 21 21 21 21 21 21 21 
21 21 21 22 22 22 22 22 22 22 
22 22 22 22 22 22 22 22 22 22 
22 22 22 22 22 22 22 22 22 22 
22 22 22 22 22 22 22 22 22 22 
22 22 22 22 22 22 22 22 22 22 
22 22 22 22 22 22 22 22 22 23 
23 23 23 23 23 23 23 23 23 23 
23 23 23 23 23 23 23 23 23 23 
23 23 23 23 23 23 23 23 23 23 
23 23 23 23 23 23 23 23 23 23 
23 23 23 24 24 24 24 24 24 24 
24 24 24 24 24 24 24 24 24 24 
24 24 24 24 24 24 24 24 24 24 
24 24 24 24 24 24 24 24 24 24 
24 24 24 24 24 24 24 25 25 25 
25 25 25 25 25 25 25 25 25 25 
25 25 25 25 25 25 25 25 25 25 
25 25 25 25 25 25 25 25 25 25 
25 25 25 25 25 25 25 25 25 25 
25 26 26 26 26 26 26 26 26 26 
26 26 26 26 26 26 26 26 26 26 
26 26 26 26 26 26 26 26 26 26 
26 26 26 26 26 26 26 26 26 26 
26 26 26 26 26 27 27 27 27 27 
27 27 27 27 27 27 27 27 27 27 
27 27 27 27 27 27 27 27 27 27 
27 27 27 27 27 27 27 27 27 27 
27 27 27 27 27 27 27 27 27 28 
28 28 28 28 28 28 28 28 28 28 
28 28 28 28 28 28 28 28 28 28 
28 28 28 28 28 28 28 28 28 28 
28 28 28 28 28 28 28 28 28 28 
28 28 28 29 29 29 29 29 29 29 
29 29 29 29 29 29 29 29 29 29 
29 29 29 29 29 29 29 29 29 29 
29 29 29 29 29 29 29 29 29 29 
29 29 29 29 29 29 29 30 30 30 
30 30 30 30 30 30 30 30 30 30 
30 30 30 30 30 30 30 30 30 30 
30 30 30 30 30 30 30 30 30 30 
30 30 30 30 30 30 30 30 30 30 
30 31 31 31 31 31 31 31 31 31 
31 31 31 31 31 31 31 31 31 31 
31 31 31 31 31 31 31 31 31 31 
31 31 31 31 31 31 31 31 31 31 
31 31 31 31 31 32 32 32 32 32 
32 32 32 32 32 32 32 32 32 32 
32 32 32 32 32 32 32 32 32 32 
32 32 32 32 32 32 32 32 32 32 
32 32 32 32 32 32 32 32 32 33 
33 33 33 33 33 33 33 33 33 33 
33 33 33 33 33 33 33 33 33 33 
33 33 33 33 33 33 33 33 33 33 
33 33 33 33 33 33 33 33 33 33 
33 33 33 34 34 34 34 34 34 34 
34 34 34 34 34 34 34 34 34 34 
34 34 34 34 34 34 34 34 34 34 
34 34 34 34 34 34 34 34 34 34 
34 34 34 34 34 34 34 35 35 35 
35 35 35 35 35 35 35 35 35 35 
35 35 35 35 35 35 35 35 35 35 
35 35 35 35 35 35 35 35 35 35 
35 35 35 35 35 35 35 35 35 35 
35 36 36 36 36 36 36 36 36 36 
36 36 36 36 36 36 36 36 36 36 
36 36 36 36 36 36 36 36 36 36 
36 36 36 36 36 36 36 36 36 36 
36 36 36 36 36 37 37 37 37 37 
37 37 37 37 37 37 37 37 37 37 
37 37 37 37 37 37 37 37 37 37 
37 37 37 37 37 37 37 37 37 37 
37 37 37 37 37 37 37 37 37 38 
38 38 38 38 38 38 38 38 38 38 
38 38 38 38 38 38 38 38 38 38 
38 38 38 38 38 38 38 38 38 38 
38 38 38 38 38 38 38 38 38 38 
38 38 38 39 39 39 39 39 39 39 
39 39 39 39 39 39 39 39 39 39 
39 39 39 39 39 39 39 39 39 39 
39 39 39 39 39 39 39 39 39 39 
39 39 39 39 39 39 39 40 40 40 
40 40 40 40 40 40 40 40 40 40 
40 40 40 40 40 40 40 40 40 40 
40 40 40 40 40 40 40 40 40 40 
40 40 40 40 40 40 40 40 40 40 
40 40 40 40 40 40 40 40 40 40 
40 40 40 41 41 41 41 41 41 41 
41 41 41 41 41 41 41 41 41 41 
41 41 41 41 41 41 41 41 41 41 
41 41 41 41 41 41 41 41 41 41 
41 41 41 41 41 41 41 41 41 41 
41 41 41 41 41 41 41 41 41 42 
42 42 42 42 42 42 42 42 42 42 
42 42 42 42 42 42 42 42 42 42 
42 42 42 42 42 42 42 42 42 42 
42 42 42 42 42 42 42 42 42 42 
42 42 42 43 43 43 43 43 43 43 
43 43 43 43 43 43 43 43 43 43 
43 43 43 43 43 43 43 43 43 43 
43 43 43 43 43 43 43 43 43 43 
43 43 43 43 43 43 43 43 43 43 
43 43 43 43 43 43 43 43 43 43 
43 43 43 44 44 44 44 44 44 44 
44 44 44 44 44 44 44 44 44 44 
44 44 44 44 44 44 44 44 44 44 
44 44 44 44 44 44 44 44 44 44 
44 44 44 44 44 44 44 44 44 44 
44 44 44 44 44 44 44 44 44 44 
44 44 44 45 45 45 45 45 45 45 
45 45 45 45 45 45 45 45 45 45 
45 45 45 45 45 45 45 45 45 45 
45 45 45 45 45 45 45 45 45 45 
45 45 45 45 45 45 45 45 45 45 
45 45 45 45 45 45 45 45 45 45 
45 45 45 46 46 46 46 46 46 46 
46 46 46 46 46 46 46 46 46 46 
46 46 46 46 46 46 46 46 46 46 
46 46 46 46 46 46 46 46 46 46 
46 46 46 46 46 46 46 46 46 46 
46 46 46 46 46 46 46 46 46 46 
46 46 46 47 47 47 47 47 47 47 
47 47 47 47 47 47 47 47 47 47 
47 47 47 47 47 47 47 47 47 47 
47 47 47 47 47 47 47 47 47 47 
47 47 47 47 47 47 47 47 47 47 
47 47 47 47 47 47 47 47 47 48 
48 48 48 48 48 48 48 48 48 48 
48 48 48 48 48 48 48 48 48 48 
48 48 48 48 48 48 48 48 48 48 
48 48 48 48 48 48 48 48 48 48 
48 48 48 48 48 48 48 48 48 48 
48 48 48 48 48 49 49 49 49 49 
49 49 49 49 49 49 49 49 49 49 
49 49 49 49 49 49 49 49 49 49 
49 49 49 49 49 49 49 49 49 49 
49 49 49 49 49 49 49 49 49 49 
49 49 49 49 49 49 49 49 49 49 
49 50 50 50 50 50 50 50 50 50 
50 50 50 50 50 50 50 50 50 50 
50 50 50 50 50 50 50 50 50 50 
50 50 50 50 50 50 50 50 50 50 
50 50 50 50 50 50 50 50 50 50 
50 50 50 50 50 50 50 51 51 51 
51 51 51 51 51 51 51 51 51 51 
51 51 51 51 51 51 51 51 51 51 
51 51 51 51 51 51 51 51 51 51 
51 51 51 51 51 51 51 51 51 51 
51 51 51 51 51 51 51 51 51 51 
51 51 51 52 52 52 52 52 52 52 
52 52 52 52 52 52 52 52 52 52 
52 52 52 52 52 52 52 52 52 52 
52 52 52 52 52 52 52 52 52 52 
52 52 52 52 52 52 52 53 53 53 
53 53 53 53 53 53 53 53 53 53 
53 53 53 53 53 53 53 53 53 53 
53 53 53 53 53 53 53 53 53 53 
53 53 53 53 53 53 53 53 53 53 
53 53 53 53 53 53 53 53 53 53 
53 53 53 54 54 54 54 54 54 54 
54 54 54 54 54 54 54 54 54 54 
54 54 54 54 54 54 54 54 54 54 
54 54 54 54 54 54 54 54 54 54 
54 54 54 54 54 54 54 54 54 54 
54 54 54 54 54 54 54 54 54 55 
55 55 55 55 55 55 55 55 55 55 
55 55 55 55 55 55 55 55 55 55 
55 55 55 55 55 55 55 55 55 55 
55 55 55 55 55 55 55 55 55 55 
55 55 55 55 55 55 55 55 55 55 
55 55 55 55 55 56 56 56 56 56 
56 56 56 56 56 56 56 56 56 56 
56 56 56 56 56 56 56 56 56 56 
56 56 56 56 56 56 56 56 56 56 
56 56 56 56 56 56 56 56 56 56 
56 56 56 56 56 56 56 56 56 56 
56 57 57 57 57 57 57 57 57 57 
57 57 57 57 57 57 57 57 57 57 
57 57 57 57 57 57 57 57 57 57 
57 57 57 57 57 57 57 57 57 57 
57 57 57 57 57 57 57 57 57 57 
57 57 57 57 57 57 57 58 58 58 
58 58 58 58 58 58 58 58 58 58 
58 58 58 58 58 58 58 58 58 58 
58 58 58 58 58 58 58 58 58 58 
58 58 58 58 58 58 58 58 58 58 
58 59 59 59 59 59 59 59 59 59 
59 59 59 59 59 59 59 59 59 59 
59 59 59 59 59 59 59 59 59 59 
59 59 59 59 59 59 59 59 59 59 
59 59 59 59 59 59 59 59 59 59 
59 59 59 59 59 59 59 59 59 59 
59 60 60 60 60 60 60 60 60 60 
60 60 60 60 60 60 60 60 60 60 
60 60 60 60 60 60 60 60 60 60 
60 60 60 60 60 60 60 60 60 60 
60 60 60 60 60 60 60 60 60 60 
60 60 60 60 60 60 60 60 60 60 
60 61 61 61 61 61 61 61 61 61 
61 61 61 61 61 61 61 61 61 61 
61 61 61 61 61 61 61 61 61 61 
61 61 61 61 61 61 61 61 61 61 
61 61 61 61 61 61 61 61 61 61 
61 61 61 61 61 61 61 61 61 61 
61 62 62 62 62 62 62 62 62 62 
62 62 62 62 62 62 62 62 62 62 
62 62 62 62 62 62 62 62 62 62 
62 62 62 62 62 62 62 62 62 62 
62 62 62 62 62 62 62 62 62 62 
62 62 62 62 62 62 62 62 62 62 
62 63 63 63 63 63 63 63 63 63 
63 63 63 63 63 63 63 63 63 63 
63 63 63 63 63 63 63 63 63 63 
63 63 63 63 63 63 63 63 63 63 
63 63 63 63 63 63 63 63 63 63 
63 63 63 63 63 63 63 64 64 64 
64 64 64 64 64 64 64 64 64 64 
64 64 64 64 64 64 64 64 64 64 
64 64 64 64 64 64 64 64 64 64 
64 64 64 64 64 64 64 64 64 64 
64 64 64 64 64 64 64 64 64 64 
64 64 64 65 65 65 65 65 65 65 
65 65 65 65 65 65 65 65 65 65 
65 65 65 65 65 65 65 65 65 65 
65 65 65 65 65 65 65 65 65 65 
65 65 65 65 65 65 65 65 65 65 
65 65 65 65 65 65 65 65 65 66 
66 66 66 66 66 66 66 66 66 66 
66 66 66 66 66 66 66 66 66 66 
66 66 66 66 66 66 66 66 66 66 
66 66 66 66 66 66 66 66 66 66 
66 66 66 66 66 66 66 66 66 66 
66 66 66 66 66 67 67 67 67 67 
67 67 67 67 67 67 67 67 67 67 
67 67 67 67 67 67 67 67 67 67 
67 67 67 67 67 67 67 67 67 67 
67 67 67 67 67 67 67 67 67 67 
67 67 67 67 67 67 67 67 67 67 
67 68 68 68 68 68 68 68 68 68 
68 68 68 68 68 68 68 68 68 68 
68 68 68 68 68 68 68 68 68 68 
68 68 68 68 68 68 68 68 68 68 
68 68 68 68 68 69 69 69 69 69 
69 69 69 69 69 69 69 69 69 69 
69 69 69 69 69 69 69 69 69 69 
69 69 69 69 69 69 69 69 69 69 
69 69 69 69 69 69 69 69 69 69 
69 69 69 69 69 69 69 69 69 69 
69 70 70 70 70 70 70 70 70 70 
70 70 70 70 70 70 70 70 70 70 
70 70 70 70 70 70 70 70 70 70 
70 70 70 70 70 70 70 70 70 70 
70 70 70 70 70 70 70 70 70 70 
70 70 70 70 70 70 70 71 71 71 
71 71 71 71 71 71 71 71 71 71 
71 71 71 71 71 71 71 71 71 71 
71 71 71 71 71 71 71 71 71 71 
71 71 71 71 71 71 71 71 71 71 
71 71 71 71 71 71 71 71 71 71 
71 71 71 72 72 72 72 72 72 72 
72 72 72 72 72 72 72 72 72 72 
72 72 72 72 72 72 72 72 72 72 
72 72 72 72 72 72 72 72 72 72 
72 72 72 72 72 72 72 72 72 72 
72 72 72 72 72 72 72 72 72 73 
73 73 73 73 73 73 73 73 73 73 
73 73 73 73 73 73 73 73 73 73 
73 73 73 73 73 73 73 73 73 73 
73 73 73 73 73 73 73 73 73 73 
73 73 73 73 73 73 73 73 73 73 
73 73 73 73 73 74 74 74 74 74 
74 74 74 74 74 74 74 74 74 74 
74 74 74 74 74 74 74 74 74 74 
74 74 74 74 74 74 74 74 74 74 
74 74 74 74 74 74 74 74 74 75 
75 75 75 75 75 75 75 75 75 75 
75 75 75 75 75 75 75 75 75 75 
75 75 75 75 75 75 75 75 75 75 
75 75 75 75 75 75 75 75 75 75 
75 75 75 75 75 75 75 75 75 75 
75 75 75 75 75 75 75 75 75 76 
76 76 76 76 76 76 76 76 76 76 
76 76 76 76 76 76 76 76 76 76 
76 76 76 76 76 76 76 76 76 76 
76 76 76 76 76 76 76 76 76 76 
76 76 76 76 76 76 76 76 76 76 
76 76 76 76 76 76 76 76 76 77 
77 77 77 77 77 77 77 77 77 77 
77 77 77 77 77 77 77 77 77 77 
77 77 77 77 77 77 77 77 77 77 
77 77 77 77 77 77 77 77 77 77 
77 77 77 77 77 77 77 77 77 77 
77 77 77 77 77 77 77 77 77 78 
78 78 78 78 78 78 78 78 78 78 
78 78 78 78 78 78 78 78 78 78 
78 78 78 78 78 78 78 78 78 78 
78 78 78 78 78 78 78 78 78 78 
78 78 78 78 78 78 78 78 78 78 
78 78 78 78 78 78 78 78 78 79 
79 79 79 79 79 79 79 79 79 79 
79 79 79 79 79 79 79 79 79 79 
79 79 79 79 79 79 79 79 79 79 
79 79 79 79 79 79 79 79 79 79 
79 79 79 79 79 79 79 79 79 79 
79 79 79 79 79 80 80 80 80 80 
80 80 80 80 80 80 80 80 80 80 
80 80 80 80 80 80 80 80 80 80 
80 80 80 80 80 80 80 80 80 80 
80 80 80 80 80 80 80 80 80 80 
80 80 80 80 80 80 80 80 80 80 
80 81 81 81 81 81 81 81 81 81 
81 81 81 81 81 81 81 81 81 81 
81 81 81 81 81 81 81 81 81 81 
81 81 81 81 81 81 81 81 81 81 
81 81 81 81 81 81 81 81 81 81 
81 81 81 81 81 81 81 82 82 82 
82 82 82 82 82 82 82 82 82 82 
82 82 82 82 82 82 82 82 82 82 
82 82 82 82 82 82 82 82 82 82 
82 82 82 82 82 82 82 82 82 82 
82 82 82 82 82 82 82 82 82 82 
82 82 82 83 83 83 83 83 83 83 
83 83 83 83 83 83 83 83 83 83 
83 83 83 83 83 83 83 83 83 83 
83 83 83 83 83 83 83 83 83 83 
83 83 83 83 83 83 83 83 83 83 
83 83 83 83 83 83 83 83 83 84 
84 84 84 84 84 84 84 84 84 84 
84 84 84 84 84 84 84 84 84 84 
84 84 84 84 84 84 84 84 84 84 
84 84 84 84 84 84 84 84 84 84 
84 84 84 85 85 85 85 85 85 85 
85 85 85 85 85 85 85 85 85 85 
85 85 85 85 85 85 85 85 85 85 
85 85 85 85 85 85 85 85 85 85 
85 85 85 85 85 85 85 85 85 85 
85 85 85 85 85 85 85 85 85 86 
86 86 86 86 86 86 86 86 86 86 
86 86 86 86 86 86 86 86 86 86 
86 86 86 86 86 86 86 86 86 86 
86 86 86 86 86 86 86 86 86 86 
86 86 86 86 86 86 86 86 86 86 
86 86 86 86 86 87 87 87 87 87 
87 87 87 87 87 87 87 87 87 87 
87 87 87 87 87 87 87 87 87 87 
87 87 87 87 87 87 87 87 87 87 
87 87 87 87 87 87 87 87 87 87 
87 87 87 87 87 87 87 87 87 87 
87 88 88 88 88 88 88 88 88 88 
88 88 88 88 88 88 88 88 88 88 
88 88 88 88 88 88 88 88 88 88 
88 88 88 88 88 88 88 88 88 88 
88 88 88 88 88 88 88 88 88 88 
88 88 88 88 88 88 88 89 89 89 
89 89 89 89 89 89 89 89 89 89 
89 89 89 89 89 89 89 89 89 89 
89 89 89 89 89 89 89 89 89 89 
89 89 89 89 89 89 89 89 89 89 
89 89 89 89 89 89 89 89 89 89 
89 89 89 90 90 90 90 90 90 90 
90 90 90 90 90 90 90 90 90 90 
90 90 90 90 90 90 90 90 90 90 
90 90 90 90 90 90 90 90 90 90 
90 90 90 90 90 90 90 91 91 91 
91 91 91 91 91 91 91 91 91 91 
91 91 91 91 91 91 91 91 91 91 
91 91 91 91 91 91 91 91 91 91 
91 91 91 91 91 91 91 91 91 91 
91 91 91 91 91 91 91 91 91 91 
91 91 91 91 91 91 91 92 92 92 
92 92 92 92 92 92 92 92 92 92 
92 92 92 92 92 92 92 92 92 92 
92 92 92 92 92 92 92 92 92 92 
92 92 92 92 92 92 92 92 92 92 
92 92 92 92 92 92 92 92 92 92 
92 92 92 92 92 92 92 93 93 93 
93 93 93 93 93 93 93 93 93 93 
93 93 93 93 93 93 93 93 93 93 
93 93 93 93 93 93 93 93 93 93 
93 93 93 93 93 93 93 93 93 93 
93 93 93 93 93 93 93 93 93 93 
93 93 93 93 93 93 93 94 94 94 
94 94 94 94 94 94 94 94 94 94 
94 94 94 94 94 94 94 94 94 94 
94 94 94 94 94 94 94 94 94 94 
94 94 94 94 94 94 94 94 94 94 
94 94 94 94 94 94 94 94 94 94 
94 94 94 94 94 94 94 95 95 95 
95 95 95 95 95 95 95 95 95 95 
95 95 95 95 95 95 95 95 95 95 
95 95 95 95 95 95 95 95 95 95 
95 95 95 95 95 95 95 95 95 95 
95 95 95 95 95 95 95 95 95 95 
95 95 95 96 96 96 96 96 96 96 
96 96 96 96 96 96 96 96 96 96 
96 96 96 96 96 96 96 96 96 96 
96 96 96 96 96 96 96 96 96 96 
96 96 96 96 96 96 96 96 96 96 
96 96 96 96 96 96 96 96 96 97 
97 97 97 97 97 97 97 97 97 97 
97 97 97 97 97 97 97 97 97 97 
97 97 97 97 97 97 97 97 97 97 
97 97 97 97 97 97 97 97 97 97 
97 97 97 97 97 97 97 97 97 97 
97 97 97 97 97 98 98 98 98 98 
98 98 98 98 98 98 98 98 98 98 
98 98 98 98 98 98 98 98 98 98 
98 98 98 98 98 98 98 98 98 98 
98 98 98 98 98 98 98 98 98 98 
98 98 98 98 98 98 98 98 98 98 
98 99 99 99 99 99 99 99 99 99 
99 99 99 99 99 99 99 99 99 99 
99 99 99 99 99 99 99 99 99 99 
99 99 99 99 99 99 99 99 99 99 
99 99 99 99 99 99 99 99 99 99 
99 99 99 99 99 99 99 100 100 100 
100 100 100 100 100 100 100 100 100 100 
100 100 100 100 100 100 100 100 100 100 
100 100 100 100 100 100 100 100 100 100 
100 100 100 100 100 100 100 100 100 100 
100 101 101 101 101 101 101 101 101 101 
101 101 101 101 101 101 101 101 101 101 
101 101 101 101 101 101 101 101 101 101 
101 101 101 101 101 101 101 101 101 101 
101 101 101 101 101 101 101 101 101 101 
101 101 101 101 101 101 101 102 102 102 
102 102 102 102 102 102 102 102 102 102 
102 102 102 102 102 102 102 102 102 102 
102 102 102 102 102 102 102 102 102 102 
102 102 102 102 102 102 102 102 102 102 
102 102 102 102 102 102 102 102 102 102 
102 102 102 103 103 103 103 103 103 103 
103 103 103 103 103 103 103 103 103 103 
103 103 103 103 103 103 103 103 103 103 
103 103 103 103 103 103 103 103 103 103 
103 103 103 103 103 103 103 103 103 103 
103 103 103 103 103 103 103 103 103 104 
104 104 104 104 104 104 104 104 104 104 
104 104 104 104 104 104 104 104 104 104 
104 104 104 104 104 104 104 104 104 104 
104 104 104 104 104 104 104 104 104 104 
104 104 104 104 104 104 104 104 104 104 
104 104 104 104 104 105 105 105 105 105 
105 105 105 105 105 105 105 105 105 105 
105 105 105 105 105 105 105 105 105 105 
105 105 105 105 105 105 105 105 105 105 
105 105 105 105 105 105 105 105 105 105 
105 105 105 105 105 105 105 105 105 105 
105 106 106 106 106 106 106 106 106 106 
106 106 106 106 106 106 106 106 106 106 
106 106 106 106 106 106 106 106 106 106 
106 106 106 106 106 106 106 106 106 106 
106 106 106 106 106 SCALARS Well_Type float 1
LOOKUP_TABLE default
-1 -1 -1 -1 -1 -1 -1 -1 -1 
-1 -1 -1 -1 -1 -1 -1 -1 -1 -1 
-1 -1 -1 -1 -1 -1 -1 -1 -1 -1 
-1 -1 -1 -1 -1 -1 -1 -1 -1 -1 
-1 -1 -1 -1 -1 -2 -2 -2 -2 -2 
-2 -2 -2 -2 -2 -2 -2 -2 -2 -2 
-2 -2 -2 -2 -2 -2 -2 -2 -2 -2 
-2 -2 -2 -2 -2 -2 -2 -2 -2 -2 
-2 -2 -2 -2 -2 -2 -2 -2 -2 0 
0 0 0 0 0 0 0 0 0 0 
0 0 0 0 0 0 0 0 0 0 
0 0 0 0 0 0 0 0 0 0 
0 0 0 0 0 0 0 0 0 0 
0 0 0 0 0 0 0 0 0 0 
0 0 0 0 0 0 0 0 0 0 
0 0 0 0 0 0 0 0 0 0 
0 0 0 0 0 0 0 0 0 0 
0 0 0 0 0 0 0 0 0 0 
0 0 0 0 0 0 0 0 0 0 
0 0 0 0 0 0 0 0 0 0 
0 0 0 0 0 0 0 0 0 0 
0 0 0 0 0 0 0 0 0 0 
0 0 0 0 0 0 0 0 0 0 
0 0 0 0 0 0 0 0 0 0 
0 0 0 0 0 0 0 0 0 0 
0 0 0 0 0 0 0 0 0 0 
0 0 0 0 0 0 0 0 0 0 
0 0 0 0 0 0 0 0 0 0 
0 0 0 0 0 0 0 0 0 0 
0 0 0 0 0 0 0 0 0 0 
0 0 0 0 0 0 0 0 0 0 
0 0 0 0 0 0 0 0 0 0 
0 0 0 0 0 0 0 0 0 0 
0 0 0 0 0 0 0 0 0 0 
0 0 0 0 0 0 0 0 0 0 
0 0 0 0 0 0 0 0 0 0 
0 0 0 0 0 0 0 0 0 0 
0 0 0 0 0 0 0 0 0 0 
0 0 0 0 0 0 0 0 0 0 
0 0 0 0 0 0 0 0 0 0 
0 0 0 0 0 0 0 0 0 0 
0 0 0 0 0 0 0 0 0 0 
0 0 0 0 0 0 0 0 0 0 
0 0 0 0 0 0 0 0 0 0 
0 0 0 0 0 0 0 0 0 0 
0 0 0 0 0 0 0 0 0 0 
0 0 0 0 0 0 0 0 0 0 
0 0 0 0 0 0 0 0 0 0 
0 0 0 0 0 0 0 0 0 0 
0 0 0 0 0 0 0 0 0 0 
0 0 0 0 0 0 0 0 0 0 
0 0 0 0 0 0 0 0 0 0 
0 0 0 0 0 0 0 0 0 0 
0 0 0 0 0 0 0 0 0 0 
0 0 0 0 0 0 0 0 0 0 
0 0 0 0 0 0 0 0 0 0 
0 0 0 0 0 0 0 0 0 0 
0 0 0 0 0 0 0 0 0 0 
0 0 0 0 0 0 0 0 0 0 
0 0 0 0 0 0 0 0 0 0 
0 0 0 0 0 0 0 0 0 0 
0 0 0 0 0 0 0 0 0 0 
0 0 0 0 0 0 0 0 0 0 
0 0 0 0 0 0 0 0 0 0 
0 0 0 0 0 0 0 0 0 0 
0 0 0 0 0 0 0 0 0 0 
0 0 0 0 0 0 0 0 0 0 
0 0 0 0 0 0 0 0 0 0 
0 0 0 0 0 0 0 0 0 0 
0 0 0 0 0 0 0 0 0 0 
0 0 0 0 0 0 0 0 0 0 
0 0 0 0 0 0 0 0 0 0 
0 0 0 0 0 0 0 0 0 0 
0 0 0 0 0 0 0 0 0 0 
0 0 0 0 0 0 0 0 0 0 
0 0 0 0 0 0 0 0 0 0 
0 0 0 0 0 0 0 0 0 0 
0 0 0 0 0 0 0 0 0 0 
0 0 0 0 0 0 0 0 0 0 
0 0 0 0 0 0 0 0 0 0 
0 0 0 0 0 0 0 0 0 0 
0 0 0 0 0 0 0 0 0 0 
0 0 0 0 0 0 0 0 0 0 
0 0 0 0 0 0 0 0 0 0 
0 0 0 0 0 0 0 0 0 0 
0 0 0 0 0 0 0 0 0 0 
0 0 0 0 0 0 0 0 0 0 
0 0 0 0 0 0 0 0 0 0 
0 0 0 0 0 0 0 0 0 0 
0 0 0 0 0 0 0 0 0 0 
0 0 0 0 0 0 0 0 0 0 
0 0 0 0 0 0 0 0 0 0 
0 0 0 0 0 0 0 0 0 0 
0 0 0 0 0 0 0 0 0 0 
0 0 0 0 0 0 0 0 0 0 
0 0 0 0 0 0 0 0 0 0 
0 0 0 0 0 0 0 0 0 0 
0 0 0 0 0 0 0 0 0 0 
0 0 0 0 0 0 0 0 0 0 
0 0 0 0 0 0 0 0 0 0 
0 0 0 0 0 0 0 0 0 0 
0 0 0 0 0 0 0 0 0 0 
0 0 0 0 0 0 0 0 0 0 
0 0 0 0 0 0 0 0 0 0 
0 0 0 0 0 0 0 0 0 0 
0 0 0 0 0 0 0 0 0 0 
0 0 0 0 0 0 0 0 0 0 
0 0 0 0 0 0 0 0 0 0 
0 0 0 0 0 0 0 0 0 0 
0 0 0 0 0 0 0 0 0 0 
0 0 0 0 0 0 0 0 0 0 
0 0 0 0 0 0 0 0 0 0 
0 0 0 0 0 0 0 0 0 0 
0 0 0 0 0 0 0 0 0 0 
0 0 0 0 0 0 0 0 0 0 
0 0 0 0 0 0 0 0 0 0 
0 0 0 0 0 0 0 0 0 0 
0 0 0 0 0 0 0 0 0 0 
0 0 0 0 0 0 0 0 0 0 
0 0 0 0 0 0 0 0 0 0 
0 0 0 0 0 0 0 0 0 0 
0 0 0 0 0 0 0 0 0 0 
0 0 0 0 0 0 0 0 0 0 
0 0 0 0 0 0 0 0 0 0 
0 0 0 0 0 0 0 0 0 0 
0 0 0 0 0 0 0 0 0 0 
0 0 0 0 0 0 0 0 0 0 
0 0 0 0 0 0 0 0 0 0 
0 0 0 0 0 0 0 0 0 0 
0 0 0 0 0 0 0 0 0 0 
0 0 0 0 0 0 0 0 0 0 
0 0 0 0 0 0 0 0 0 0 
0 0 0 0 0 0 0 0 0 0 
0 0 0 0 0 0 0 0 0 0 
0 0 0 0 0 0 0 0 0 0 
0 0 0 0 0 0 0 0 0 0 
0 0 0 0 0 0 0 0 0 0 
0 0 0 0 0 0 0 0 0 0 
0 0 0 0 0 0 0 0 0 0 
0 0 0 0 0 0 0 0 0 0 
0 0 0 0 0 0 0 0 0 0 
0 0 0 0 0 0 0 0 0 0 
0 0 0 0 0 0 0 0 0 0 
0 0 0 0 0 0 0 0 0 0 
0 0 0 0 0 0 0 0 0 0 
0 0 0 0 0 0 0 0 0 0 
0 0 0 0 0 0 0 0 0 0 
0 0 0 0 0 0 0 0 0 0 
0 0 0 0 0 0 0 0 0 0 
0 0 0 0 0 0 0 0 0 0 
0 0 0 0 0 0 0 0 0 0 
0 0 0 0 0 0 0 0 0 0 
0 0 0 0 0 0 0 0 0 0 
0 0 0 0 0 0 0 0 0 0 
0 0 0 0 0 0 0 0 0 0 
0 0 0 0 0 0 0 0 0 0 
0 0 0 0 0 0 0 0 0 0 
0 0 0 0 0 0 0 0 0 0 
0 0 0 0 0 0 0 0 0 0 
0 0 0 0 0 0 0 0 0 0 
0 0 0 0 0 0 0 0 0 0 
0 0 0 0 0 0 0 0 0 0 
0 0 0 0 0 0 0 0 0 0 
0 0 0 0 0 0 0 0 0 0 
0 0 0 0 0 0 0 0 0 0 
0 0 0 0 0 0 0 0 0 0 
0 0 0 0 0 0 0 0 0 0 
0 0 0 0 0 0 0 0 0 0 
0 0 0 0 0 0 0 0 0 0 
0 0 0 0 0 0 0 0 0 0 
0 0 0 0 0 0 0 0 0 0 
0 0 0 0 0 0 0 0 0 0 
0 0 0 0 0 0 0 0 0 0 
0 0 0 0 0 0 0 0 0 0 
0 0 0 0 0 0 0 0 0 0 
0 0 0 0 0 0 0 0 0 0 
0 0 0 0 0 0 0 0 0 0 
0 0 0 0 0 0 0 0 0 0 
0 0 0 0 0 0 0 0 0 0 
0 0 0 0 0 0 0 0 0 0 
0 0 0 0 0 0 0 0 0 0 
0 0 0 0 0 0 0 0 0 0 
0 0 0 0 0 0 0 0 0 0 
0 0 0 0 0 0 0 0 0 0 
0 0 0 0 0 0 0 0 0 0 
0 0 0 0 0 0 0 0 0 0 
0 0 0 0 0 0 0 0 0 0 
0 0 0 0 0 0 0 0 0 0 
0 0 0 0 0 0 0 0 0 0 
0 0 0 0 0 0 0 0 0 0 
0 0 0 0 0 0 0 0 0 0 
0 0 0 0 0 0 0 0 0 0 
0 0 0 0 0 0 0 0 0 0 
0 0 0 0 0 0 0 0 0 0 
0 0 0 0 0 0 0 0 0 0 
0 0 0 0 0 0 0 0 0 0 
0 0 0 0 0 0 0 0 0 0 
0 0 0 0 0 0 0 0 0 0 
0 0 0 0 0 0 0 0 0 0 
0 0 0 0 0 0 0 0 0 0 
0 0 0 0 0 0 0 0 0 0 
0 0 0 0 0 0 0 0 0 0 
0 0 0 0 0 0 0 0 0 0 
0 0 0 0 0 0 0 0 0 0 
0 0 0 0 0 0 0 0 0 0 
0 0 0 0 0 0 0 0 0 0 
0 0 0 0 0 0 0 0 0 0 
0 0 0 0 0 0 0 0 0 0 
0 0 0 0 0 0 0 0 0 0 
0 0 0 0 0 0 0 0 0 0 
0 0 0 0 0 0 0 0 0 0 
0 0 0 0 0 0 0 0 0 0 
0 0 0 0 0 0 0 0 0 0 
0 0 0 0 0 0 0 0 0 0 
0 0 0 0 0 0 0 0 0 0 
0 0 0 0 0 0 0 0 0 0 
0 0 0 0 0 0 0 0 0 0 
0 0 0 0 0 0 0 0 0 0 
0 0 0 0 0 0 0 0 0 0 
0 0 0 0 0 0 0 0 0 0 
0 0 0 0 0 0 0 0 0 0 
0 0 0 0 0 0 0 0 0 0 
0 0 0 0 0 0 0 0 0 0 
0 0 0 0 0 0 0 0 0 0 
0 0 0 0 0 0 0 0 0 0 
0 0 0 0 0 0 0 0 0 0 
0 0 0 0 0 0 0 0 0 0 
0 0 0 0 0 0 0 0 0 0 
0 0 0 0 0 0 0 0 0 0 
0 0 0 0 0 0 0 0 0 0 
0 0 0 0 0 0 0 0 0 0 
0 0 0 0 0 0 0 0 0 0 
0 0 0 0 0 0 0 0 0 0 
0 0 0 0 0 0 0 0 0 0 
0 0 0 0 0 0 0 0 0 0 
0 0 0 0 0 0 0 0 0 0 
0 0 0 0 0 0 0 0 0 0 
0 0 0 0 0 0 0 0 0 0 
0 0 0 0 0 0 0 0 0 0 
0 0 0 0 0 0 0 0 0 0 
0 0 0 0 0 0 0 0 0 0 
0 0 0 0 0 0 0 0 0 0 
0 0 0 0 0 0 0 0 0 0 
0 0 0 0 0 0 0 0 0 0 
0 0 0 0 0 0 0 0 0 0 
0 0 0 0 0 0 0 0 0 0 
0 0 0 0 0 0 0 0 0 0 
0 0 0 0 0 0 0 0 0 0 
0 0 0 0 0 0 0 0 0 0 
0 0 0 0 0 0 0 0 0 0 
0 0 0 0 0 0 0 0 0 0 
0 0 0 0 0 0 0 0 0 0 
0 0 0 0 0 0 0 0 0 0 
0 0 0 0 0 0 0 0 0 0 
0 0 0 0 0 0 0 0 0 0 
0 0 0 0 0 0 0 0 0 0 
0 0 0 0 0 0 0 0 0 0 
0 0 0 0 0 0 0 0 0 0 
0 0 0 0 0 0 0 0 0 0 
0 0 0 0 0 0 0 0 0 0 
0 0 0 0 0 0 0 0 0 0 
0 0 0 0 0 0 0 0 0 0 
0 0 0 0 0 0 0 0 0 0 
0 0 0 0 0 0 0 0 0 0 
0 0 0 0 0 0 0 0 0 0 
0 0 0 0 0 0 0 0 0 0 
0 0 0 0 0 0 0 0 0 0 
0 0 0 0 0 0 0 0 0 0 
0 0 0 0 0 0 0 0 0 0 
0 0 0 0 0 0 0 0 0 0 
0 0 0 0 0 0 0 0 0 0 
0 0 0 0 0 0 0 0 0 0 
0 0 0 0 0 0 0 0 0 0 
0 0 0 0 0 0 0 0 0 0 
0 0 0 0 0 0 0 0 0 0 
0 0 0 0 0 0 0 0 0 0 
0 0 0 0 0 0 0 0 0 0 
0 0 0 0 0 0 0 0 0 0 
0 0 0 0 0 0 0 0 0 0 
0 0 0 0 0 0 0 0 0 0 
0 0 0 0 0 0 0 0 0 0 
0 0 0 0 0 0 0 0 0 0 
0 0 0 0 0 0 0 0 0 0 
0 0 0 0 0 0 0 0 0 0 
0 0 0 0 0 0 0 0 0 0 
0 0 0 0 0 0 0 0 0 0 
0 0 0 0 0 0 0 0 0 0 
0 0 0 0 0 0 0 0 0 0 
0 0 0 0 0 0 0 0 0 0 
0 0 0 0 0 0 0 0 0 0 
0 0 0 0 0 0 0 0 0 0 
0 0 0 0 0 0 0 0 0 0 
0 0 0 0 0 0 0 0 0 0 
0 0 0 0 0 0 0 0 0 0 
0 0 0 0 0 0 0 0 0 0 
0 0 0 0 0 0 0 0 0 0 
0 0 0 0 0 0 0 0 0 0 
0 0 0 0 0 0 0 0 0 0 
0 0 0 0 0 0 0 0 0 0 
0 0 0 0 0 0 0 0 0 0 
0 0 0 0 0 0 0 0 0 0 
0 0 0 0 0 0 0 0 0 0 
0 0 0 0 0 0 0 0 0 0 
0 0 0 0 0 0 0 0 0 0 
0 0 0 0 0 0 0 0 0 0 
0 0 0 0 0 0 0 0 0 0 
0 0 0 0 0 0 0 0 0 0 
0 0 0 0 0 0 0 0 0 0 
0 0 0 0 0 0 0 0 0 0 
0 0 0 0 0 0 0 0 0 0 
0 0 0 0 0 0 0 0 0 0 
0 0 0 0 0 0 0 0 0 0 
0 0 0 0 0 0 0 0 0 0 
0 0 0 0 0 0 0 0 0 0 
0 0 0 0 0 0 0 0 0 0 
0 0 0 0 0 0 0 0 0 0 
0 0 0 0 0 0 0 0 0 0 
0 0 0 0 0 0 0 0 0 0 
0 0 0 0 0 0 0 0 0 0 
0 0 0 0 0 0 0 0 0 0 
0 0 0 0 0 0 0 0 0 0 
0 0 0 0 0 0 0 0 0 0 
0 0 0 0 0 0 0 0 0 0 
0 0 0 0 0 0 0 0 0 0 
0 0 0 0 0 0 0 0 0 0 
0 0 0 0 0 0 0 0 0 0 
0 0 0 0 0 0 0 0 0 0 
0 0 0 0 0 0 0 0 0 0 
0 0 0 0 0 0 0 0 0 0 
0 0 0 0 0 0 0 0 0 0 
0 0 0 0 0 0 0 0 0 0 
0 0 0 0 0 0 0 0 0 0 
0 0 0 0 0 0 0 0 0 0 
0 0 0 0 0 0 0 0 0 0 
0 0 0 0 0 0 0 0 0 0 
0 0 0 0 0 0 0 0 0 0 
0 0 0 0 0 0 0 0 0 0 
0 0 0 0 0 0 0 0 0 0 
0 0 0 0 0 0 0 0 0 0 
0 0 0 0 0 0 0 0 0 0 
0 0 0 0 0 0 0 0 0 0 
0 0 0 0 0 0 0 0 0 0 
0 0 0 0 0 0 0 0 0 0 
0 0 0 0 0 0 0 0 0 0 
0 0 0 0 0 0 0 0 0 0 
0 0 0 0 0 0 0 0 0 0 
0 0 0 0 0 0 0 0 0 0 
0 0 0 0 0 0 0 0 0 0 
0 0 0 0 0 0 0 0 0 0 
0 0 0 0 0 0 0 0 0 0 
0 0 0 0 0 0 0 0 0 0 
0 0 0 0 0 0 0 0 0 0 
0 0 0 0 0 0 0 0 0 0 
0 0 0 0 0 0 0 0 0 0 
0 0 0 0 0 0 0 0 0 0 
0 0 0 0 0 0 0 0 0 0 
0 0 0 0 0 0 0 0 0 0 
0 0 0 0 0 0 0 0 0 0 
0 0 0 0 0 0 0 0 0 0 
0 0 0 0 0 0 0 0 0 0 
0 0 0 0 0 0 0 0 0 0 
0 0 0 0 0 0 0 0 0 0 
0 0 0 0 0 0 0 0 0 0 
0 0 0 0 0 0 0 0 0 0 
0 0 0 0 0 0 0 0 0 0 
0 0 0 0 0 0 0 0 0 0 
0 0 0 0 0 0 0 0 0 0 
0 0 0 0 0 0 0 0 0 0 
0 0 0 0 0 0 0 0 0 0 
0 0 0 0 0 0 0 0 0 0 
0 0 0 0 0 0 0 0 0 0 
0 0 0 0 0 0 0 0 0 0 
0 0 0 0 0 0 0 0 0 0 
0 0 0 0 0 0 0 0 0 0 
0 0 0 0 0 0 0 0 0 0 
0 0 0 0 0 0 0 0 0 0 
0 0 0 0 0 0 0 0 0 0 
0 0 0 0 0 0 0 0 0 0 
0 0 0 0 0 0 0 0 0 0 
0 0 0 0 0 0 0 0 0 0 
0 0 0 0 0 0 0 0 0 0 
0 0 0 0 0 0 0 0 0 0 
0 0 0 0 0 0 0 0 0 0 
0 0 0 0 0 0 0 0 0 0 
0 0 0 0 0 0 0 0 0 0 
0 0 0 0 0 0 0 0 0 0 
0 0 0 0 0 0 0 0 0 0 
0 0 0 0 0 0 0 0 0 0 
0 0 0 0 0 0 0 0 0 0 
0 0 0 0 0 0 0 0 0 0 
0 0 0 0 0 0 0 0 0 0 
0 0 0 0 0 0 0 0 0 0 
0 0 0 0 0 0 0 0 0 0 
0 0 0 0 0 0 0 0 0 0 
0 0 0 0 0 0 0 0 0 0 
0 0 0 0 0 0 0 0 0 0 
0 0 0 0 0 0 0 0 0 0 
0 0 0 0 0 0 0 0 0 0 
0 0 0 0 0 0 0 0 0 0 
0 0 0 0 0 0 0 0 0 0 
0 0 0 0 0 0 0 0 0 0 
0 0 0 0 0 0 0 0 0 0 
0 0 0 0 0 0 0 0 0 0 
0 0 0 0 0 0 0 0 0 0 
0 0 0 0 0 0 0 0 0 0 
0 0 0 0 0 0 0 0 0 0 
0 0 0 0 0 0 0 0 0 0 
0 0 0 0 0 0 0 0 0 0 
0 0 0 0 0 0 0 0 0 0 
0 0 0 0 0 0 0 0 0 0 
0 0 0 0 0 0 0 0 0 0 
0 0 0 0 0 0 0 0 0 0 
0 0 0 0 0 0 0 0 0 0 
0 0 0 0 0 0 0 0 0 0 
0 0 0 0 0 0 0 0 0 0 
0 0 0 0 0 0 0 0 0 0 
0 0 0 0 0 0 0 0 0 0 
0 0 0 0 0 0 0 0 0 0 
0 0 0 0 0 0 0 0 0 0 
0 0 0 0 0 0 0 0 0 0 
0 0 0 0 0 0 0 0 0 0 
0 0 0 0 0 0 0 0 0 0 
0 0 0 0 0 0 0 0 0 0 
0 0 0 0 0 0 0 0 0 0 
0 0 0 0 0 0 0 0 0 0 
0 0 0 0 0 0 0 0 0 0 
0 0 0 0 0 0 0 0 0 0 
0 0 0 0 0 0 0 0 0 0 
0 0 0 0 0 0 0 0 0 0 
0 0 0 0 0 0 0 0 0 0 
0 0 0 0 0 0 0 0 0 0 
0 0 0 0 0 0 0 0 0 0 
0 0 0 0 0 0 0 0 0 0 
0 0 0 0 0 0 0 0 0 0 
0 0 0 0 0 0 0 0 0 0 
0 0 0 0 0 0 0 0 0 0 
0 0 0 0 0 0 0 0 0 0 
0 0 0 0 0 0 0 0 0 0 
0 0 0 0 0 0 0 0 0 0 
0 0 0 0 0 0 0 0 0 0 
0 0 0 0 0 0 0 0 0 0 
0 0 0 0 0 0 0 0 0 0 
0 0 0 0 0 0 0 0 0 0 
0 0 0 0 0 0 0 0 0 0 
0 0 0 0 0 0 0 0 0 0 
0 0 0 0 0 0 0 0 0 0 
0 0 0 0 0 0 0 0 0 0 
0 0 0 0 0 0 0 0 0 0 
0 0 0 0 0 0 0 0 0 0 
0 0 0 0 0 0 0 0 0 0 
0 0 0 0 0 0 0 0 0 0 
0 0 0 0 0 0 0 0 0 0 
0 0 0 0 0 0 0 0 0 0 
0 0 0 0 0 0 0 0 0 0 
0 0 0 0 0 0 0 0 0 0 
0 0 0 0 0 0 0 0 0 0 
0 0 0 0 0 0 0 0 0 0 
0 0 0 0 0 0 0 0 0 0 
0 0 0 0 0 0 0 0 0 0 
0 0 0 0 0 0 0 0 0 0 
0 0 0 0 0 0 0 0 0 0 
0 0 0 0 0 0 0 0 0 0 
0 0 0 0 0 0 0 0 0 0 
0 0 0 0 0 0 0 0 0 0 
0 0 0 0 0 0 0 0 0 0 
0 0 0 0 0 0 0 0 0 0 
0 0 0 0 0 0 0 0 0 0 
0 0 0 0 0 0 0 0 0 0 
0 0 0 0 0 0 0 0 0 0 
0 0 0 0 0 0 0 0 0 0 
0 0 0 0 0 0 0 0 0 0 
0 0 0 0 0 0 0 0 0 0 
0 0 0 0 0 0 0 0 0 0 
0 0 0 0 0 0 0 0 0 0 
0 0 0 0 0 0 0 0 0 0 
0 0 0 0 0 0 0 0 0 0 
0 0 0 0 0 0 0 0 0 0 
0 0 0 0 0 0 0 0 0 0 
0 0 0 0 0 0 0 0 0 0 
0 0 0 0 0 0 0 0 0 0 
0 0 0 0 0 0 0 0 0 0 
0 0 0 0 0 0 0 0 0 0 
0 0 0 0 0 0 0 0 0 0 
0 0 0 0 0 0 0 0 0 0 
0 0 0 0 0 0 0 0 0 0 
0 0 0 0 0 0 0 0 0 0 
0 0 0 0 0 0 0 0 0 0 
0 0 0 0 0 0 0 0 0 0 
0 0 0 0 0 0 0 0 0 0 
0 0 0 0 0 0 0 0 0 0 
0 0 0 0 0 0 0 0 0 0 
0 0 0 0 0 0 0 0 0 0 
0 0 0 0 0 0 0 0 0 0 
0 0 0 0 0 0 0 0 0 0 
0 0 0 0 0 0 0 0 0 0 
0 0 0 0 0 0 0 0 0 0 
0 0 0 0 0 0 0 0 0 0 
0 0 0 0 0 0 0 0 0 0 
0 0 0 0 0 0 0 0 0 0 
0 0 0 0 0 0 0 0 0 0 
0 0 0 0 0 0 0 0 0 0 
0 0 0 0 0 0 0 0 0 0 
0 0 0 0 0 0 0 0 0 0 
0 0 0 0 0 0 0 0 0 0 
0 0 0 0 0 0 0 0 0 0 
0 0 0 0 0 0 0 0 0 0 
0 0 0 0 0 0 0 0 0 0 
0 0 0 0 0 0 0 0 0 0 
0 0 0 0 0 0 0 0 0 0 
0 0 0 0 0 0 0 0 0 0 
0 0 0 0 0 0 0 0 0 0 
0 0 0 0 0 0 0 0 0 0 
0 0 0 0 0 0 0 0 0 0 
0 0 0 0 0 0 0 0 0 0 
0 0 0 0 0 0 0 0 0 0 
0 0 0 0 0 0 0 0 0 0 
0 0 0 0 0 0 0 0 0 0 
0 0 0 0 0 0 0 0 0 0 
0 0 0 0 0 0 0 0 0 0 
0 0 0 0 0 0 0 0 0 0 
0 0 0 0 0 0 0 0 0 0 
0 0 0 0 0 0 0 0 0 0 
0 0 0 0 0 0 0 0 0 0 
0 0 0 0 0 0 0 0 0 0 
0 0 0 0 0 0 0 0 0 0 
0 0 0 0 0 0 0 0 0 0 
0 0 0 0 0 0 0 0 0 0 
0 0 0 0 0 0 0 0 0 0 
0 0 0 0 0 0 0 0 0 0 
0 0 0 0 0 0 0 0 0 0 
0 0 0 0 0 0 0 0 0 0 
0 0 0 0 0 0 0 0 0 0 
0 0 0 0 0 0 0 0 0 0 
0 0 0 0 0 0 0 0 0 0 
0 0 0 0 0 0 0 0 0 0 
0 0 0 0 0 0 0 0 0 0 
0 0 0 0 0 0 0 0 0 0 
0 0 0 0 0 0 0 0 0 0 
0 0 0 0 0 0 0 0 0 0 
0 0 0 0 0 0 0 0 0 0 
0 0 0 0 0 0 0 0 0 0 
0 0 0 0 0 0 0 0 0 0 
0 0 0 0 0 0 0 0 0 0 
0 0 0 0 0 0 0 0 0 0 
0 0 0 0 0 0 0 0 0 0 
0 0 0 0 0 0 0 0 0 0 
0 0 0 0 0 0 0 0 0 0 
0 0 0 0 0 0 0 0 0 0 
0 0 0 0 0 0 0 0 0 0 
0 0 0 0 0 0 0 0 0 0 
0 0 0 0 0 SCALARS Inner_Radius float 1
LOOKUP_TABLE default
0.133153 0.133153 0.133153 0.133153 0.133153 0.133153 0.133153 0.133153 0.133153 
0.133153 0.133153 0.133153 0.133153 0.133153 0.133153 0.133153 0.133153 0.133153 0.133153 
0.133153 0.133153 0.133153 0.133153 0.133153 0.133153 0.133153 0.133153 0.133153 0.133153 
0.133153 0.133153 0.133153 0.133153 0.133153 0.133153 0.133153 0.133153 0.133153 0.133153 
0.133153 0.133153 0.133153 0.133153 0.133153 0.133153 0.133153 0.133153 0.133153 0.133153 
0.133153 0.133153 0.133153 0.133153 0.133153 0.133153 0.133153 0.133153 0.133153 0.133153 
0.133153 0.133153 0.133153 0.133153 0.133153 0.133153 0.133153 0.133153 0.133153 0.133153 
0.133153 0.133153 0.133153 0.133153 0.133153 0.133153 0.133153 0.133153 0.133153 0.133153 
0.133153 0.133153 0.133153 0.133153 0.133153 0.133153 0.133153 0.133153 0.133153 0.133153 
0.133153 0.133153 0.133153 0.133153 0.133153 0.133153 0.133153 0.133153 0.133153 0.133153 
0.133153 0.133153 0.133153 0.133153 0.133153 0.133153 0.133153 0.133153 0.133153 0.133153 
0.133153 0.133153 0.133153 0.133153 0.133153 0.133153 0.133153 0.133153 0.133153 0.133153 
0.133153 0.133153 0.133153 0.133153 0.133153 0.133153 0.133153 0.133153 0.133153 0.133153 
0.133153 0.133153 0.133153 0.133153 0.133153 0.133153 0.133153 0.133153 0.133153 0.133153 
0.133153 0.133153 0.133153 0.133153 0.133153 0.133153 0.133153 0.133153 0.133153 0.133153 
0.133153 0.133153 0.133153 0.133153 0.133153 0.133153 0.133153 0.133153 0.133153 0.133153 
0.133153 0.133153 0.133153 0.133153 0.133153 0.133153 0.133153 0.133153 0.133153 0.133153 
0.133153 0.133153 0.133153 0.133153 0.133153 0.133153 0.133153 0.133153 0.133153 0.133153 
0.133153 0.133153 0.133153 0.133153 0.133153 0.133153 0.133153 0.133153 0.133153 0.133153 
0.133153 0.133153 0.133153 0.133153 0.133153 0.133153 0.133153 0.133153 0.133153 0.133153 
0.133153 0.133153 0.133153 0.133153 0.133153 0.133153 0.133153 0.133153 0.133153 0.133153 
0.133153 0.133153 0.133153 0.133153 0.133153 0.133153 0.133153 0.133153 0.133153 0.133153 
0.133153 0.133153 0.133153 0.133153 0.133153 0.133153 0.133153 0.133153 0.133153 0.133153 
0.133153 0.133153 0.133153 0.133153 0.133153 0.133153 0.133153 0.133153 0.133153 0.133153 
0.133153 0.133153 0.133153 0.133153 0.133153 0.133153 0.133153 0.133153 0.133153 0.133153 
0.133153 0.133153 0.133153 0.133153 0.133153 0.133153 0.133153 0.133153 0.133153 0.133153 
0.133153 0.133153 0.133153 0.133153 0.133153 0.133153 0.133153 0.133153 0.133153 0.133153 
0.133153 0.133153 0.133153 0.133153 0.133153 0.133153 0.133153 0.133153 0.133153 0.133153 
0.133153 0.133153 0.133153 0.133153 0.133153 0.133153 0.133153 0.133153 0.133153 0.133153 
0.133153 0.133153 0.133153 0.133153 0.133153 0.133153 0.133153 0.133153 0.133153 0.133153 
0.133153 0.133153 0.133153 0.133153 0.133153 0.133153 0.133153 0.133153 0.133153 0.133153 
0.133153 0.133153 0.133153 0.133153 0.133153 0.133153 0.133153 0.133153 0.133153 0.133153 
0.133153 0.133153 0.133153 0.133153 0.133153 0.133153 0.133153 0.133153 0.133153 0.133153 
0.133153 0.133153 0.133153 0.133153 0.133153 0.133153 0.133153 0.133153 0.133153 0.133153 
0.133153 0.133153 0.133153 0.133153 0.133153 0.133153 0.133153 0.133153 0.133153 0.133153 
0.133153 0.133153 0.133153 0.133153 0.133153 0.133153 0.133153 0.133153 0.133153 0.133153 
0.133153 0.133153 0.133153 0.133153 0.133153 0.133153 0.133153 0.133153 0.133153 0.133153 
0.133153 0.133153 0.133153 0.133153 0.133153 0.133153 0.133153 0.133153 0.133153 0.133153 
0.133153 0.133153 0.133153 0.133153 0.133153 0.133153 0.133153 0.133153 0.133153 0.133153 
0.133153 0.133153 0.133153 0.133153 0.133153 0.133153 0.133153 0.133153 0.133153 0.133153 
0.133153 0.133153 0.133153 0.133153 0.133153 0.133153 0.133153 0.133153 0.133153 0.133153 
0.133153 0.133153 0.133153 0.133153 0.133153 0.133153 0.133153 0.133153 0.133153 0.133153 
0.133153 0.133153 0.133153 0.133153 0.133153 0.133153 0.133153 0.133153 0.133153 0.133153 
0.133153 0.133153 0.133153 0.133153 0.133153 0.133153 0.133153 0.133153 0.133153 0.133153 
0.133153 0.133153 0.133153 0.133153 0.133153 0.133153 0.133153 0.133153 0.133153 0.133153 
0.133153 0.133153 0.133153 0.133153 0.133153 0.133153 0.133153 0.133153 0.133153 0.133153 
0.133153 0.133153 0.133153 0.133153 0.133153 0.133153 0.133153 0.133153 0.133153 0.133153 
0.133153 0.133153 0.133153 0.133153 0.133153 0.133153 0.133153 0.133153 0.133153 0.133153 
0.133153 0.133153 0.133153 0.133153 0.133153 0.133153 0.133153 0.133153 0.133153 0.133153 
0.133153 0.133153 0.133153 0.133153 0.133153 0.133153 0.133153 0.133153 0.133153 0.133153 
0.133153 0.133153 0.133153 0.133153 0.133153 0.133153 0.133153 0.133153 0.133153 0.133153 
0.133153 0.133153 0.133153 0.133153 0.133153 0.133153 0.133153 0.133153 0.133153 0.133153 
0.133153 0.133153 0.133153 0.133153 0.133153 0.133153 0.133153 0.133153 0.133153 0.133153 
0.133153 0.133153 0.133153 0.133153 0.133153 0.133153 0.133153 0.133153 0.133153 0.133153 
0.133153 0.133153 0.133153 0.133153 0.133153 0.133153 0.133153 0.133153 0.133153 0.133153 
0.133153 0.133153 0.133153 0.133153 0.133153 0.133153 0.133153 0.133153 0.133153 0.133153 
0.133153 0.133153 0.133153 0.133153 0.133153 0.133153 0.133153 0.133153 0.133153 0.133153 
0.133153 0.133153 0.133153 0.133153 0.133153 0.133153 0.133153 0.133153 0.133153 0.133153 
0.133153 0.133153 0.133153 0.133153 0.133153 0.133153 0.133153 0.133153 0.133153 0.133153 
0.133153 0.133153 0.133153 0.133153 0.133153 0.133153 0.133153 0.133153 0.133153 0.133153 
0.133153 0.133153 0.133153 0.133153 0.133153 0.133153 0.133153 0.133153 0.133153 0.133153 
0.133153 0.133153 0.133153 0.133153 0.133153 0.133153 0.133153 0.133153 0.133153 0.133153 
0.133153 0.133153 0.133153 0.133153 0.133153 0.133153 0.133153 0.133153 0.133153 0.133153 
0.133153 0.133153 0.133153 0.133153 0.133153 0.133153 0.133153 0.133153 0.133153 0.133153 
0.133153 0.133153 0.133153 0.133153 0.133153 0.133153 0.133153 0.133153 0.133153 0.133153 
0.133153 0.133153 0.133153 0.133153 0.133153 0.133153 0.133153 0.133153 0.133153 0.133153 
0.133153 0.133153 0.133153 0.133153 0.133153 0.133153 0.133153 0.133153 0.133153 0.133153 
0.133153 0.133153 0.133153 0.133153 0.133153 0.133153 0.133153 0.133153 0.133153 0.133153 
0.133153 0.133153 0.133153 0.133153 0.133153 0.133153 0.133153 0.133153 0.133153 0.133153 
0.133153 0.133153 0.133153 0.133153 0.133153 0.133153 0.133153 0.133153 0.133153 0.133153 
0.133153 0.133153 0.133153 0.133153 0.133153 0.133153 0.133153 0.133153 0.133153 0.133153 
0.133153 0.133153 0.133153 0.133153 0.133153 0.133153 0.133153 0.133153 0.133153 0.133153 
0.133153 0.133153 0.133153 0.133153 0.133153 0.133153 0.133153 0.133153 0.133153 0.133153 
0.133153 0.133153 0.133153 0.133153 0.133153 0.133153 0.133153 0.133153 0.133153 0.133153 
0.133153 0.133153 0.133153 0.133153 0.133153 0.133153 0.133153 0.133153 0.133153 0.133153 
0.133153 0.133153 0.133153 0.133153 0.133153 0.133153 0.133153 0.133153 0.133153 0.133153 
0.133153 0.133153 0.133153 0.133153 0.133153 0.133153 0.133153 0.133153 0.133153 0.133153 
0.133153 0.133153 0.133153 0.133153 0.133153 0.133153 0.133153 0.133153 0.133153 0.133153 
0.133153 0.133153 0.133153 0.133153 0.133153 0.133153 0.133153 0.133153 0.133153 0.133153 
0.133153 0.133153 0.133153 0.133153 0.133153 0.133153 0.133153 0.133153 0.133153 0.133153 
0.133153 0.133153 0.133153 0.133153 0.133153 0.133153 0.133153 0.133153 0.133153 0.133153 
0.133153 0.133153 0.133153 0.133153 0.133153 0.133153 0.133153 0.133153 0.133153 0.133153 
0.133153 0.133153 0.133153 0.133153 0.133153 0.133153 0.133153 0.133153 0.133153 0.133153 
0.133153 0.133153 0.133153 0.133153 0.133153 0.133153 0.133153 0.133153 0.133153 0.133153 
0.133153 0.133153 0.133153 0.133153 0.133153 0.133153 0.133153 0.133153 0.133153 0.133153 
0.133153 0.133153 0.133153 0.133153 0.133153 0.133153 0.133153 0.133153 0.133153 0.133153 
0.133153 0.133153 0.133153 0.133153 0.133153 0.133153 0.133153 0.133153 0.133153 0.133153 
0.133153 0.133153 0.133153 0.133153 0.133153 0.133153 0.133153 0.133153 0.133153 0.133153 
0.133153 0.133153 0.133153 0.133153 0.133153 0.133153 0.133153 0.133153 0.133153 0.133153 
0.133153 0.133153 0.133153 0.133153 0.133153 0.133153 0.133153 0.133153 0.133153 0.133153 
0.133153 0.133153 0.133153 0.133153 0.133153 0.133153 0.133153 0.133153 0.133153 0.133153 
0.133153 0.133153 0.133153 0.133153 0.133153 0.133153 0.133153 0.133153 0.133153 0.133153 
0.133153 0.133153 0.133153 0.133153 0.133153 0.133153 0.133153 0.133153 0.133153 0.133153 
0.133153 0.133153 0.133153 0.133153 0.133153 0.133153 0.133153 0.133153 0.133153 0.133153 
0.133153 0.133153 0.133153 0.133153 0.133153 0.133153 0.133153 0.133153 0.133153 0.133153 
0.133153 0.133153 0.133153 0.133153 0.133153 0.133153 0.133153 0.133153 0.133153 0.133153 
0.133153 0.133153 0.133153 0.133153 0.133153 0.133153 0.133153 0.133153 0.133153 0.133153 
0.133153 0.133153 0.133153 0.133153 0.133153 0.133153 0.133153 0.133153 0.133153 0.133153 
0.133153 0.133153 0.133153 0.133153 0.133153 0.133153 0.133153 0.133153 0.133153 0.133153 
0.133153 0.133153 0.133153 0.133153 0.133153 0.133153 0.133153 0.133153 0.133153 0.133153 
0.133153 0.133153 0.133153 0.133153 0.133153 0.133153 0.133153 0.133153 0.133153 0.133153 
0.133153 0.133153 0.133153 0.133153 0.133153 0.133153 0.133153 0.133153 0.133153 0.133153 
0.133153 0.133153 0.133153 0.133153 0.133153 0.133153 0.133153 0.133153 0.133153 0.133153 
0.133153 0.133153 0.133153 0.133153 0.133153 0.133153 0.133153 0.133153 0.133153 0.133153 
0.133153 0.133153 0.133153 0.133153 0.133153 0.133153 0.133153 0.133153 0.133153 0.133153 
0.133153 0.133153 0.133153 0.133153 0.133153 0.133153 0.133153 0.133153 0.133153 0.133153 
0.133153 0.133153 0.133153 0.133153 0.133153 0.133153 0.133153 0.133153 0.133153 0.133153 
0.133153 0.133153 0.133153 0.133153 0.133153 0.133153 0.133153 0.133153 0.133153 0.133153 
0.133153 0.133153 0.133153 0.133153 0.133153 0.133153 0.133153 0.133153 0.133153 0.133153 
0.133153 0.133153 0.133153 0.133153 0.133153 0.133153 0.133153 0.133153 0.133153 0.133153 
0.133153 0.133153 0.133153 0.133153 0.133153 0.133153 0.133153 0.133153 0.133153 0.133153 
0.133153 0.133153 0.133153 0.133153 0.133153 0.133153 0.133153 0.133153 0.133153 0.133153 
0.133153 0.133153 0.133153 0.133153 0.133153 0.133153 0.133153 0.133153 0.133153 0.133153 
0.133153 0.133153 0.133153 0.133153 0.133153 0.133153 0.133153 0.133153 0.133153 0.133153 
0.133153 0.133153 0.133153 0.133153 0.133153 0.133153 0.133153 0.133153 0.133153 0.133153 
0.133153 0.133153 0.133153 0.133153 0.133153 0.133153 0.133153 0.133153 0.133153 0.133153 
0.133153 0.133153 0.133153 0.133153 0.133153 0.133153 0.133153 0.133153 0.133153 0.133153 
0.133153 0.133153 0.133153 0.133153 0.133153 0.133153 0.133153 0.133153 0.133153 0.133153 
0.133153 0.133153 0.133153 0.133153 0.133153 0.133153 0.133153 0.133153 0.133153 0.133153 
0.133153 0.133153 0.133153 0.133153 0.133153 0.133153 0.133153 0.133153 0.133153 0.133153 
0.133153 0.133153 0.133153 0.133153 0.133153 0.133153 0.133153 0.133153 0.133153 0.133153 
0.133153 0.133153 0.133153 0.133153 0.133153 0.133153 0.133153 0.133153 0.133153 0.133153 
0.133153 0.133153 0.133153 0.133153 0.133153 0.133153 0.133153 0.133153 0.133153 0.133153 
0.133153 0.133153 0.133153 0.133153 0.133153 0.133153 0.133153 0.133153 0.133153 0.133153 
0.133153 0.133153 0.133153 0.133153 0.133153 0.133153 0.133153 0.133153 0.133153 0.133153 
0.133153 0.133153 0.133153 0.133153 0.133153 0.133153 0.133153 0.133153 0.133153 0.133153 
0.133153 0.133153 0.133153 0.133153 0.133153 0.133153 0.133153 0.133153 0.133153 0.133153 
0.133153 0.133153 0.133153 0.133153 0.133153 0.133153 0.133153 0.133153 0.133153 0.133153 
0.133153 0.133153 0.133153 0.133153 0.133153 0.133153 0.133153 0.133153 0.133153 0.133153 
0.133153 0.133153 0.133153 0.133153 0.133153 0.133153 0.133153 0.133153 0.133153 0.133153 
0.133153 0.133153 0.133153 0.133153 0.133153 0.133153 0.133153 0.133153 0.133153 0.133153 
0.133153 0.133153 0.133153 0.133153 0.133153 0.133153 0.133153 0.133153 0.133153 0.133153 
0.133153 0.133153 0.133153 0.133153 0.133153 0.133153 0.133153 0.133153 0.133153 0.133153 
0.133153 0.133153 0.133153 0.133153 0.133153 0.133153 0.133153 0.133153 0.133153 0.133153 
0.133153 0.133153 0.133153 0.133153 0.133153 0.133153 0.133153 0.133153 0.133153 0.133153 
0.133153 0.133153 0.133153 0.133153 0.133153 0.133153 0.133153 0.133153 0.133153 0.133153 
0.133153 0.133153 0.133153 0.133153 0.133153 0.133153 0.133153 0.133153 0.133153 0.133153 
0.133153 0.133153 0.133153 0.133153 0.133153 0.133153 0.133153 0.133153 0.133153 0.133153 
0.133153 0.133153 0.133153 0.133153 0.133153 0.133153 0.133153 0.133153 0.133153 0.133153 
0.133153 0.133153 0.133153 0.133153 0.133153 0.133153 0.133153 0.133153 0.133153 0.133153 
0.133153 0.133153 0.133153 0.133153 0.133153 0.133153 0.133153 0.133153 0.133153 0.133153 
0.133153 0.133153 0.133153 0.133153 0.133153 0.133153 0.133153 0.133153 0.133153 0.133153 
0.133153 0.133153 0.133153 0.133153 0.133153 0.133153 0.133153 0.133153 0.133153 0.133153 
0.133153 0.133153 0.133153 0.133153 0.133153 0.133153 0.133153 0.133153 0.133153 0.133153 
0.133153 0.133153 0.133153 0.133153 0.133153 0.133153 0.133153 0.133153 0.133153 0.133153 
0.133153 0.133153 0.133153 0.133153 0.133153 0.133153 0.133153 0.133153 0.133153 0.133153 
0.133153 0.133153 0.133153 0.133153 0.133153 0.133153 0.133153 0.133153 0.133153 0.133153 
0.133153 0.133153 0.133153 0.133153 0.133153 0.133153 0.133153 0.133153 0.133153 0.133153 
0.133153 0.133153 0.133153 0.133153 0.133153 0.133153 0.133153 0.133153 0.133153 0.133153 
0.133153 0.133153 0.133153 0.133153 0.133153 0.133153 0.133153 0.133153 0.133153 0.133153 
0.133153 0.133153 0.133153 0.133153 0.133153 0.133153 0.133153 0.133153 0.133153 0.133153 
0.133153 0.133153 0.133153 0.133153 0.133153 0.133153 0.133153 0.133153 0.133153 0.133153 
0.133153 0.133153 0.133153 0.133153 0.133153 0.133153 0.133153 0.133153 0.133153 0.133153 
0.133153 0.133153 0.133153 0.133153 0.133153 0.133153 0.133153 0.133153 0.133153 0.133153 
0.133153 0.133153 0.133153 0.133153 0.133153 0.133153 0.133153 0.133153 0.133153 0.133153 
0.133153 0.133153 0.133153 0.133153 0.133153 0.133153 0.133153 0.133153 0.133153 0.133153 
0.133153 0.133153 0.133153 0.133153 0.133153 0.133153 0.133153 0.133153 0.133153 0.133153 
0.133153 0.133153 0.133153 0.133153 0.133153 0.133153 0.133153 0.133153 0.133153 0.133153 
0.133153 0.133153 0.133153 0.133153 0.133153 0.133153 0.133153 0.133153 0.133153 0.133153 
0.133153 0.133153 0.133153 0.133153 0.133153 0.133153 0.133153 0.133153 0.133153 0.133153 
0.133153 0.133153 0.133153 0.133153 0.133153 0.133153 0.133153 0.133153 0.133153 0.133153 
0.133153 0.133153 0.133153 0.133153 0.133153 0.133153 0.133153 0.133153 0.133153 0.133153 
0.133153 0.133153 0.133153 0.133153 0.133153 0.133153 0.133153 0.133153 0.133153 0.133153 
0.133153 0.133153 0.133153 0.133153 0.133153 0.133153 0.133153 0.133153 0.133153 0.133153 
0.133153 0.133153 0.133153 0.133153 0.133153 0.133153 0.133153 0.133153 0.133153 0.133153 
0.133153 0.133153 0.133153 0.133153 0.133153 0.133153 0.133153 0.133153 0.133153 0.133153 
0.133153 0.133153 0.133153 0.133153 0.133153 0.133153 0.133153 0.133153 0.133153 0.133153 
0.133153 0.133153 0.133153 0.133153 0.133153 0.133153 0.133153 0.133153 0.133153 0.133153 
0.133153 0.133153 0.133153 0.133153 0.133153 0.133153 0.133153 0.133153 0.133153 0.133153 
0.133153 0.133153 0.133153 0.133153 0.133153 0.133153 0.133153 0.133153 0.133153 0.133153 
0.133153 0.133153 0.133153 0.133153 0.133153 0.133153 0.133153 0.133153 0.133153 0.133153 
0.133153 0.133153 0.133153 0.133153 0.133153 0.133153 0.133153 0.133153 0.133153 0.133153 
0.133153 0.133153 0.133153 0.133153 0.133153 0.133153 0.133153 0.133153 0.133153 0.133153 
0.133153 0.133153 0.133153 0.133153 0.133153 0.133153 0.133153 0.133153 0.133153 0.133153 
0.133153 0.133153 0.133153 0.133153 0.133153 0.133153 0.133153 0.133153 0.133153 0.133153 
0.133153 0.133153 0.133153 0.133153 0.133153 0.133153 0.133153 0.133153 0.133153 0.133153 
0.133153 0.133153 0.133153 0.133153 0.133153 0.133153 0.133153 0.133153 0.133153 0.133153 
0.133153 0.133153 0.133153 0.133153 0.133153 0.133153 0.133153 0.133153 0.133153 0.133153 
0.133153 0.133153 0.133153 0.133153 0.133153 0.133153 0.133153 0.133153 0.133153 0.133153 
0.133153 0.133153 0.133153 0.133153 0.133153 0.133153 0.133153 0.133153 0.133153 0.133153 
0.133153 0.133153 0.133153 0.133153 0.133153 0.133153 0.133153 0.133153 0.133153 0.133153 
0.133153 0.133153 0.133153 0.133153 0.133153 0.133153 0.133153 0.133153 0.133153 0.133153 
0.133153 0.133153 0.133153 0.133153 0.133153 0.133153 0.133153 0.133153 0.133153 0.133153 
0.133153 0.133153 0.133153 0.133153 0.133153 0.133153 0.133153 0.133153 0.133153 0.133153 
0.133153 0.133153 0.133153 0.133153 0.133153 0.133153 0.133153 0.133153 0.133153 0.133153 
0.133153 0.133153 0.133153 0.133153 0.133153 0.133153 0.133153 0.133153 0.133153 0.133153 
0.133153 0.133153 0.133153 0.133153 0.133153 0.133153 0.133153 0.133153 0.133153 0.133153 
0.133153 0.133153 0.133153 0.133153 0.133153 0.133153 0.133153 0.133153 0.133153 0.133153 
0.133153 0.133153 0.133153 0.133153 0.133153 0.133153 0.133153 0.133153 0.133153 0.133153 
0.133153 0.133153 0.133153 0.133153 0.133153 0.133153 0.133153 0.133153 0.133153 0.133153 
0.133153 0.133153 0.133153 0.133153 0.133153 0.133153 0.133153 0.133153 0.133153 0.133153 
0.133153 0.133153 0.133153 0.133153 0.133153 0.133153 0.133153 0.133153 0.133153 0.133153 
0.133153 0.133153 0.133153 0.133153 0.133153 0.133153 0.133153 0.133153 0.133153 0.133153 
0.133153 0.133153 0.133153 0.133153 0.133153 0.133153 0.133153 0.133153 0.133153 0.133153 
0.133153 0.133153 0.133153 0.133153 0.133153 0.133153 0.133153 0.133153 0.133153 0.133153 
0.133153 0.133153 0.133153 0.133153 0.133153 0.133153 0.133153 0.133153 0.133153 0.133153 
0.133153 0.133153 0.133153 0.133153 0.133153 0.133153 0.133153 0.133153 0.133153 0.133153 
0.133153 0.133153 0.133153 0.133153 0.133153 0.133153 0.133153 0.133153 0.133153 0.133153 
0.133153 0.133153 0.133153 0.133153 0.133153 0.133153 0.133153 0.133153 0.133153 0.133153 
0.133153 0.133153 0.133153 0.133153 0.133153 0.133153 0.133153 0.133153 0.133153 0.133153 
0.133153 0.133153 0.133153 0.133153 0.133153 0.133153 0.133153 0.133153 0.133153 0.133153 
0.133153 0.133153 0.133153 0.133153 0.133153 0.133153 0.133153 0.133153 0.133153 0.133153 
0.133153 0.133153 0.133153 0.133153 0.133153 0.133153 0.133153 0.133153 0.133153 0.133153 
0.133153 0.133153 0.133153 0.133153 0.133153 0.133153 0.133153 0.133153 0.133153 0.133153 
0.133153 0.133153 0.133153 0.133153 0.133153 0.133153 0.133153 0.133153 0.133153 0.133153 
0.133153 0.133153 0.133153 0.133153 0.133153 0.133153 0.133153 0.133153 0.133153 0.133153 
0.133153 0.133153 0.133153 0.133153 0.133153 0.133153 0.133153 0.133153 0.133153 0.133153 
0.133153 0.133153 0.133153 0.133153 0.133153 0.133153 0.133153 0.133153 0.133153 0.133153 
0.133153 0.133153 0.133153 0.133153 0.133153 0.133153 0.133153 0.133153 0.133153 0.133153 
0.133153 0.133153 0.133153 0.133153 0.133153 0.133153 0.133153 0.133153 0.133153 0.133153 
0.133153 0.133153 0.133153 0.133153 0.133153 0.133153 0.133153 0.133153 0.133153 0.133153 
0.133153 0.133153 0.133153 0.133153 0.133153 0.133153 0.133153 0.133153 0.133153 0.133153 
0.133153 0.133153 0.133153 0.133153 0.133153 0.133153 0.133153 0.133153 0.133153 0.133153 
0.133153 0.133153 0.133153 0.133153 0.133153 0.133153 0.133153 0.133153 0.133153 0.133153 
0.133153 0.133153 0.133153 0.133153 0.133153 0.133153 0.133153 0.133153 0.133153 0.133153 
0.133153 0.133153 0.133153 0.133153 0.133153 0.133153 0.133153 0.133153 0.133153 0.133153 
0.133153 0.133153 0.133153 0.133153 0.133153 0.133153 0.133153 0.133153 0.133153 0.133153 
0.133153 0.133153 0.133153 0.133153 0.133153 0.133153 0.133153 0.133153 0.133153 0.133153 
0.133153 0.133153 0.133153 0.133153 0.133153 0.133153 0.133153 0.133153 0.133153 0.133153 
0.133153 0.133153 0.133153 0.133153 0.133153 0.133153 0.133153 0.133153 0.133153 0.133153 
0.133153 0.133153 0.133153 0.133153 0.133153 0.133153 0.133153 0.133153 0.133153 0.133153 
0.133153 0.133153 0.133153 0.133153 0.133153 0.133153 0.133153 0.133153 0.133153 0.133153 
0.133153 0.133153 0.133153 0.133153 0.133153 0.133153 0.133153 0.133153 0.133153 0.133153 
0.133153 0.133153 0.133153 0.133153 0.133153 0.133153 0.133153 0.133153 0.133153 0.133153 
0.133153 0.133153 0.133153 0.133153 0.133153 0.133153 0.133153 0.133153 0.133153 0.133153 
0.133153 0.133153 0.133153 0.133153 0.133153 0.133153 0.133153 0.133153 0.133153 0.133153 
0.133153 0.133153 0.133153 0.133153 0.133153 0.133153 0.133153 0.133153 0.133153 0.133153 
0.133153 0.133153 0.133153 0.133153 0.133153 0.133153 0.133153 0.133153 0.133153 0.133153 
0.133153 0.133153 0.133153 0.133153 0.133153 0.133153 0.133153 0.133153 0.133153 0.133153 
0.133153 0.133153 0.133153 0.133153 0.133153 0.133153 0.133153 0.133153 0.133153 0.133153 
0.133153 0.133153 0.133153 0.133153 0.133153 0.133153 0.133153 0.133153 0.133153 0.133153 
0.133153 0.133153 0.133153 0.133153 0.133153 0.133153 0.133153 0.133153 0.133153 0.133153 
0.133153 0.133153 0.133153 0.133153 0.133153 0.133153 0.133153 0.133153 0.133153 0.133153 
0.133153 0.133153 0.133153 0.133153 0.133153 0.133153 0.133153 0.133153 0.133153 0.133153 
0.133153 0.133153 0.133153 0.133153 0.133153 0.133153 0.133153 0.133153 0.133153 0.133153 
0.133153 0.133153 0.133153 0.133153 0.133153 0.133153 0.133153 0.133153 0.133153 0.133153 
0.133153 0.133153 0.133153 0.133153 0.133153 0.133153 0.133153 0.133153 0.133153 0.133153 
0.133153 0.133153 0.133153 0.133153 0.133153 0.133153 0.133153 0.133153 0.133153 0.133153 
0.133153 0.133153 0.133153 0.133153 0.133153 0.133153 0.133153 0.133153 0.133153 0.133153 
0.133153 0.133153 0.133153 0.133153 0.133153 0.133153 0.133153 0.133153 0.133153 0.133153 
0.133153 0.133153 0.133153 0.133153 0.133153 0.133153 0.133153 0.133153 0.133153 0.133153 
0.133153 0.133153 0.133153 0.133153 0.133153 0.133153 0.133153 0.133153 0.133153 0.133153 
0.133153 0.133153 0.133153 0.133153 0.133153 0.133153 0.133153 0.133153 0.133153 0.133153 
0.133153 0.133153 0.133153 0.133153 0.133153 0.133153 0.133153 0.133153 0.133153 0.133153 
0.133153 0.133153 0.133153 0.133153 0.133153 0.133153 0.133153 0.133153 0.133153 0.133153 
0.133153 0.133153 0.133153 0.133153 0.133153 0.133153 0.133153 0.133153 0.133153 0.133153 
0.133153 0.133153 0.133153 0.133153 0.133153 0.133153 0.133153 0.133153 0.133153 0.133153 
0.133153 0.133153 0.133153 0.133153 0.133153 0.133153 0.133153 0.133153 0.133153 0.133153 
0.133153 0.133153 0.133153 0.133153 0.133153 0.133153 0.133153 0.133153 0.133153 0.133153 
0.133153 0.133153 0.133153 0.133153 0.133153 0.133153 0.133153 0.133153 0.133153 0.133153 
0.133153 0.133153 0.133153 0.133153 0.133153 0.133153 0.133153 0.133153 0.133153 0.133153 
0.133153 0.133153 0.133153 0.133153 0.133153 0.133153 0.133153 0.133153 0.133153 0.133153 
0.133153 0.133153 0.133153 0.133153 0.133153 0.133153 0.133153 0.133153 0.133153 0.133153 
0.133153 0.133153 0.133153 0.133153 0.133153 0.133153 0.133153 0.133153 0.133153 0.133153 
0.133153 0.133153 0.133153 0.133153 0.133153 0.133153 0.133153 0.133153 0.133153 0.133153 
0.133153 0.133153 0.133153 0.133153 0.133153 0.133153 0.133153 0.133153 0.133153 0.133153 
0.133153 0.133153 0.133153 0.133153 0.133153 0.133153 0.133153 0.133153 0.133153 0.133153 
0.133153 0.133153 0.133153 0.133153 0.133153 0.133153 0.133153 0.133153 0.133153 0.133153 
0.133153 0.133153 0.133153 0.133153 0.133153 0.133153 0.133153 0.133153 0.133153 0.133153 
0.133153 0.133153 0.133153 0.133153 0.133153 0.133153 0.133153 0.133153 0.133153 0.133153 
0.133153 0.133153 0.133153 0.133153 0.133153 0.133153 0.133153 0.133153 0.133153 0.133153 
0.133153 0.133153 0.133153 0.133153 0.133153 0.133153 0.133153 0.133153 0.133153 0.133153 
0.133153 0.133153 0.133153 0.133153 0.133153 0.133153 0.133153 0.133153 0.133153 0.133153 
0.133153 0.133153 0.133153 0.133153 0.133153 0.133153 0.133153 0.133153 0.133153 0.133153 
0.133153 0.133153 0.133153 0.133153 0.133153 0.133153 0.133153 0.133153 0.133153 0.133153 
0.133153 0.133153 0.133153 0.133153 0.133153 0.133153 0.133153 0.133153 0.133153 0.133153 
0.133153 0.133153 0.133153 0.133153 0.133153 0.133153 0.133153 0.133153 0.133153 0.133153 
0.133153 0.133153 0.133153 0.133153 0.133153 0.133153 0.133153 0.133153 0.133153 0.133153 
0.133153 0.133153 0.133153 0.133153 0.133153 0.133153 0.133153 0.133153 0.133153 0.133153 
0.133153 0.133153 0.133153 0.133153 0.133153 0.133153 0.133153 0.133153 0.133153 0.133153 
0.133153 0.133153 0.133153 0.133153 0.133153 0.133153 0.133153 0.133153 0.133153 0.133153 
0.133153 0.133153 0.133153 0.133153 0.133153 0.133153 0.133153 0.133153 0.133153 0.133153 
0.133153 0.133153 0.133153 0.133153 0.133153 0.133153 0.133153 0.133153 0.133153 0.133153 
0.133153 0.133153 0.133153 0.133153 0.133153 0.133153 0.133153 0.133153 0.133153 0.133153 
0.133153 0.133153 0.133153 0.133153 0.133153 0.133153 0.133153 0.133153 0.133153 0.133153 
0.133153 0.133153 0.133153 0.133153 0.133153 0.133153 0.133153 0.133153 0.133153 0.133153 
0.133153 0.133153 0.133153 0.133153 0.133153 0.133153 0.133153 0.133153 0.133153 0.133153 
0.133153 0.133153 0.133153 0.133153 0.133153 0.133153 0.133153 0.133153 0.133153 0.133153 
0.133153 0.133153 0.133153 0.133153 0.133153 0.133153 0.133153 0.133153 0.133153 0.133153 
0.133153 0.133153 0.133153 0.133153 0.133153 0.133153 0.133153 0.133153 0.133153 0.133153 
0.133153 0.133153 0.133153 0.133153 0.133153 0.133153 0.133153 0.133153 0.133153 0.133153 
0.133153 0.133153 0.133153 0.133153 0.133153 0.133153 0.133153 0.133153 0.133153 0.133153 
0.133153 0.133153 0.133153 0.133153 0.133153 0.133153 0.133153 0.133153 0.133153 0.133153 
0.133153 0.133153 0.133153 0.133153 0.133153 0.133153 0.133153 0.133153 0.133153 0.133153 
0.133153 0.133153 0.133153 0.133153 0.133153 0.133153 0.133153 0.133153 0.133153 0.133153 
0.133153 0.133153 0.133153 0.133153 0.133153 0.133153 0.133153 0.133153 0.133153 0.133153 
0.133153 0.133153 0.133153 0.133153 0.133153 0.133153 0.133153 0.133153 0.133153 0.133153 
0.133153 0.133153 0.133153 0.133153 0.133153 0.133153 0.133153 0.133153 0.133153 0.133153 
0.133153 0.133153 0.133153 0.133153 0.133153 0.133153 0.133153 0.133153 0.133153 0.133153 
0.133153 0.133153 0.133153 0.133153 0.133153 0.133153 0.133153 0.133153 0.133153 0.133153 
0.133153 0.133153 0.133153 0.133153 0.133153 0.133153 0.133153 0.133153 0.133153 0.133153 
0.133153 0.133153 0.133153 0.133153 0.133153 0.133153 0.133153 0.133153 0.133153 0.133153 
0.133153 0.133153 0.133153 0.133153 0.133153 0.133153 0.133153 0.133153 0.133153 0.133153 
0.133153 0.133153 0.133153 0.133153 0.133153 0.133153 0.133153 0.133153 0.133153 0.133153 
0.133153 0.133153 0.133153 0.133153 0.133153 0.133153 0.133153 0.133153 0.133153 0.133153 
0.133153 0.133153 0.133153 0.133153 0.133153 0.133153 0.133153 0.133153 0.133153 0.133153 
0.133153 0.133153 0.133153 0.133153 0.133153 0.133153 0.133153 0.133153 0.133153 0.133153 
0.133153 0.133153 0.133153 0.133153 0.133153 0.133153 0.133153 0.133153 0.133153 0.133153 
0.133153 0.133153 0.133153 0.133153 0.133153 0.133153 0.133153 0.133153 0.133153 0.133153 
0.133153 0.133153 0.133153 0.133153 0.133153 0.133153 0.133153 0.133153 0.133153 0.133153 
0.133153 0.133153 0.133153 0.133153 0.133153 0.133153 0.133153 0.133153 0.133153 0.133153 
0.133153 0.133153 0.133153 0.133153 0.133153 0.133153 0.133153 0.133153 0.133153 0.133153 
0.133153 0.133153 0.133153 0.133153 0.133153 0.133153 0.133153 0.133153 0.133153 0.133153 
0.133153 0.133153 0.133153 0.133153 0.133153 0.133153 0.133153 0.133153 0.133153 0.133153 
0.133153 0.133153 0.133153 0.133153 0.133153 0.133153 0.133153 0.133153 0.133153 0.133153 
0.133153 0.133153 0.133153 0.133153 0.133153 0.133153 0.133153 0.133153 0.133153 0.133153 
0.133153 0.133153 0.133153 0.133153 0.133153 0.133153 0.133153 0.133153 0.133153 0.133153 
0.133153 0.133153 0.133153 0.133153 0.133153 0.133153 0.133153 0.133153 0.133153 0.133153 
0.133153 0.133153 0.133153 0.133153 0.133153 0.133153 0.133153 0.133153 0.133153 0.133153 
0.133153 0.133153 0.133153 0.133153 0.133153 0.133153 0.133153 0.133153 0.133153 0.133153 
0.133153 0.133153 0.133153 0.133153 0.133153 0.133153 0.133153 0.133153 0.133153 0.133153 
0.133153 0.133153 0.133153 0.133153 0.133153 0.133153 0.133153 0.133153 0.133153 0.133153 
0.133153 0.133153 0.133153 0.133153 0.133153 0.133153 0.133153 0.133153 0.133153 0.133153 
0.133153 0.133153 0.133153 0.133153 0.133153 0.133153 0.133153 0.133153 0.133153 0.133153 
0.133153 0.133153 0.133153 0.133153 0.133153 0.133153 0.133153 0.133153 0.133153 0.133153 
0.133153 0.133153 0.133153 0.133153 0.133153 0.133153 0.133153 0.133153 0.133153 0.133153 
0.133153 0.133153 0.133153 0.133153 0.133153 0.133153 0.133153 0.133153 0.133153 0.133153 
0.133153 0.133153 0.133153 0.133153 0.133153 0.133153 0.133153 0.133153 0.133153 0.133153 
0.133153 0.133153 0.133153 0.133153 0.133153 0.133153 0.133153 0.133153 0.133153 0.133153 
0.133153 0.133153 0.133153 0.133153 0.133153 0.133153 0.133153 0.133153 0.133153 0.133153 
0.133153 0.133153 0.133153 0.133153 0.133153 0.133153 0.133153 0.133153 0.133153 0.133153 
0.133153 0.133153 0.133153 0.133153 0.133153 0.133153 0.133153 0.133153 0.133153 0.133153 
0.133153 0.133153 0.133153 0.133153 0.133153 0.133153 0.133153 0.133153 0.133153 0.133153 
0.133153 0.133153 0.133153 0.133153 0.133153 0.133153 0.133153 0.133153 0.133153 0.133153 
0.133153 0.133153 0.133153 0.133153 0.133153 0.133153 0.133153 0.133153 0.133153 0.133153 
0.133153 0.133153 0.133153 0.133153 0.133153 0.133153 0.133153 0.133153 0.133153 0.133153 
0.133153 0.133153 0.133153 0.133153 0.133153 0.133153 0.133153 0.133153 0.133153 0.133153 
0.133153 0.133153 0.133153 0.133153 0.133153 0.133153 0.133153 0.133153 0.133153 0.133153 
0.133153 0.133153 0.133153 0.133153 0.133153 0.133153 0.133153 0.133153 0.133153 0.133153 
0.133153 0.133153 0.133153 0.133153 0.133153 0.133153 0.133153 0.133153 0.133153 0.133153 
0.133153 0.133153 0.133153 0.133153 0.133153 0.133153 0.133153 0.133153 0.133153 0.133153 
0.133153 0.133153 0.133153 0.133153 0.133153 0.133153 0.133153 0.133153 0.133153 0.133153 
0.133153 0.133153 0.133153 0.133153 0.133153 0.133153 0.133153 0.133153 0.133153 0.133153 
0.133153 0.133153 0.133153 0.133153 0.133153 0.133153 0.133153 0.133153 0.133153 0.133153 
0.133153 0.133153 0.133153 0.133153 0.133153 0.133153 0.133153 0.133153 0.133153 0.133153 
0.133153 0.133153 0.133153 0.133153 0.133153 0.133153 0.133153 0.133153 0.133153 0.133153 
0.133153 0.133153 0.133153 0.133153 0.133153 0.133153 0.133153 0.133153 0.133153 0.133153 
0.133153 0.133153 0.133153 0.133153 0.133153 0.133153 0.133153 0.133153 0.133153 0.133153 
0.133153 0.133153 0.133153 0.133153 0.133153 0.133153 0.133153 0.133153 0.133153 0.133153 
0.133153 0.133153 0.133153 0.133153 0.133153 0.133153 0.133153 0.133153 0.133153 0.133153 
0.133153 0.133153 0.133153 0.133153 0.133153 0.133153 0.133153 0.133153 0.133153 0.133153 
0.133153 0.133153 0.133153 0.133153 0.133153 0.133153 0.133153 0.133153 0.133153 0.133153 
0.133153 0.133153 0.133153 0.133153 0.133153 0.133153 0.133153 0.133153 0.133153 0.133153 
0.133153 0.133153 0.133153 0.133153 0.133153 0.133153 0.133153 0.133153 0.133153 0.133153 
0.133153 0.133153 0.133153 0.133153 0.133153 0.133153 0.133153 0.133153 0.133153 0.133153 
0.133153 0.133153 0.133153 0.133153 0.133153 0.133153 0.133153 0.133153 0.133153 0.133153 
0.133153 0.133153 0.133153 0.133153 0.133153 0.133153 0.133153 0.133153 0.133153 0.133153 
0.133153 0.133153 0.133153 0.133153 0.133153 0.133153 0.133153 0.133153 0.133153 0.133153 
0.133153 0.133153 0.133153 0.133153 0.133153 0.133153 0.133153 0.133153 0.133153 0.133153 
0.133153 0.133153 0.133153 0.133153 0.133153 0.133153 0.133153 0.133153 0.133153 0.133153 
0.133153 0.133153 0.133153 0.133153 0.133153 0.133153 0.133153 0.133153 0.133153 0.133153 
0.133153 0.133153 0.133153 0.133153 0.133153 0.133153 0.133153 0.133153 0.133153 0.133153 
0.133153 0.133153 0.133153 0.133153 0.133153 0.133153 0.133153 0.133153 0.133153 0.133153 
0.133153 0.133153 0.133153 0.133153 0.133153 0.133153 0.133153 0.133153 0.133153 0.133153 
0.133153 0.133153 0.133153 0.133153 0.133153 0.133153 0.133153 0.133153 0.133153 0.133153 
0.133153 0.133153 0.133153 0.133153 0.133153 0.133153 0.133153 0.133153 0.133153 0.133153 
0.133153 0.133153 0.133153 0.133153 0.133153 0.133153 0.133153 0.133153 0.133153 0.133153 
0.133153 0.133153 0.133153 0.133153 0.133153 0.133153 0.133153 0.133153 0.133153 0.133153 
0.133153 0.133153 0.133153 0.133153 0.133153 0.133153 0.133153 0.133153 0.133153 0.133153 
0.133153 0.133153 0.133153 0.133153 0.133153 0.133153 0.133153 0.133153 0.133153 0.133153 
0.133153 0.133153 0.133153 0.133153 0.133153 0.133153 0.133153 0.133153 0.133153 0.133153 
0.133153 0.133153 0.133153 0.133153 0.133153 0.133153 0.133153 0.133153 0.133153 0.133153 
0.133153 0.133153 0.133153 0.133153 0.133153 0.133153 0.133153 0.133153 0.133153 0.133153 
0.133153 0.133153 0.133153 0.133153 0.133153 0.133153 0.133153 0.133153 0.133153 0.133153 
0.133153 0.133153 0.133153 0.133153 0.133153 0.133153 0.133153 0.133153 0.133153 0.133153 
0.133153 0.133153 0.133153 0.133153 0.133153 0.133153 0.133153 0.133153 0.133153 0.133153 
0.133153 0.133153 0.133153 0.133153 0.133153 0.133153 0.133153 0.133153 0.133153 0.133153 
0.133153 0.133153 0.133153 0.133153 0.133153 0.133153 0.133153 0.133153 0.133153 0.133153 
0.133153 0.133153 0.133153 0.133153 0.133153 0.133153 0.133153 0.133153 0.133153 0.133153 
0.133153 0.133153 0.133153 0.133153 0.133153 0.133153 0.133153 0.133153 0.133153 0.133153 
0.133153 0.133153 0.133153 0.133153 0.133153 0.133153 0.133153 0.133153 0.133153 0.133153 
0.133153 0.133153 0.133153 0.133153 0.133153 0.133153 0.133153 0.133153 0.133153 0.133153 
0.133153 0.133153 0.133153 0.133153 0.133153 0.133153 0.133153 0.133153 0.133153 0.133153 
0.133153 0.133153 0.133153 0.133153 0.133153 0.133153 0.133153 0.133153 0.133153 0.133153 
0.133153 0.133153 0.133153 0.133153 0.133153 0.133153 0.133153 0.133153 0.133153 0.133153 
0.133153 0.133153 0.133153 0.133153 0.133153 0.133153 0.133153 0.133153 0.133153 0.133153 
0.133153 0.133153 0.133153 0.133153 0.133153 0.133153 0.133153 0.133153 0.133153 0.133153 
0.133153 0.133153 0.133153 0.133153 0.133153 0.133153 0.133153 0.133153 0.133153 0.133153 
0.133153 0.133153 0.133153 0.133153 0.133153 0.133153 0.133153 0.133153 0.133153 0.133153 
0.133153 0.133153 0.133153 0.133153 0.133153 0.133153 0.133153 0.133153 0.133153 0.133153 
0.133153 0.133153 0.133153 0.133153 0.133153 0.133153 0.133153 0.133153 0.133153 0.133153 
0.133153 0.133153 0.133153 0.133153 0.133153 0.133153 0.133153 0.133153 0.133153 0.133153 
0.133153 0.133153 0.133153 0.133153 0.133153 0.133153 0.133153 0.133153 0.133153 0.133153 
0.133153 0.133153 0.133153 0.133153 0.133153 0.133153 0.133153 0.133153 0.133153 0.133153 
0.133153 0.133153 0.133153 0.133153 0.133153 0.133153 0.133153 0.133153 0.133153 0.133153 
0.133153 0.133153 0.133153 0.133153 0.133153 0.133153 0.133153 0.133153 0.133153 0.133153 
0.133153 0.133153 0.133153 0.133153 0.133153 0.133153 0.133153 0.133153 0.133153 0.133153 
0.133153 0.133153 0.133153 0.133153 0.133153 0.133153 0.133153 0.133153 0.133153 0.133153 
0.133153 0.133153 0.133153 0.133153 0.133153 0.133153 0.133153 0.133153 0.133153 0.133153 
0.133153 0.133153 0.133153 0.133153 0.133153 0.133153 0.133153 0.133153 0.133153 0.133153 
0.133153 0.133153 0.133153 0.133153 0.133153 0.133153 0.133153 0.133153 0.133153 0.133153 
0.133153 0.133153 0.133153 0.133153 0.133153 0.133153 0.133153 0.133153 0.133153 0.133153 
0.133153 0.133153 0.133153 0.133153 0.133153 0.133153 0.133153 0.133153 0.133153 0.133153 
0.133153 0.133153 0.133153 0.133153 0.133153 0.133153 0.133153 0.133153 0.133153 0.133153 
0.133153 0.133153 0.133153 0.133153 0.133153 0.133153 0.133153 0.133153 0.133153 0.133153 
0.133153 0.133153 0.133153 0.133153 0.133153 0.133153 0.133153 0.133153 0.133153 0.133153 
0.133153 0.133153 0.133153 0.133153 0.133153 0.133153 0.133153 0.133153 0.133153 0.133153 
0.133153 0.133153 0.133153 0.133153 0.133153 0.133153 0.133153 0.133153 0.133153 0.133153 
0.133153 0.133153 0.133153 0.133153 0.133153 0.133153 0.133153 0.133153 0.133153 0.133153 
0.133153 0.133153 0.133153 0.133153 0.133153 0.133153 0.133153 0.133153 0.133153 0.133153 
0.133153 0.133153 0.133153 0.133153 0.133153 0.133153 0.133153 0.133153 0.133153 0.133153 
0.133153 0.133153 0.133153 0.133153 0.133153 0.133153 0.133153 0.133153 0.133153 0.133153 
0.133153 0.133153 0.133153 0.133153 0.133153 0.133153 0.133153 0.133153 0.133153 0.133153 
0.133153 0.133153 0.133153 0.133153 0.133153 0.133153 0.133153 0.133153 0.133153 0.133153 
0.133153 0.133153 0.133153 0.133153 0.133153 0.133153 0.133153 0.133153 0.133153 0.133153 
0.133153 0.133153 0.133153 0.133153 0.133153 0.133153 0.133153 0.133153 0.133153 0.133153 
0.133153 0.133153 0.133153 0.133153 0.133153 0.133153 0.133153 0.133153 0.133153 0.133153 
0.133153 0.133153 0.133153 0.133153 0.133153 0.133153 0.133153 0.133153 0.133153 0.133153 
0.133153 0.133153 0.133153 0.133153 0.133153 0.133153 0.133153 0.133153 0.133153 0.133153 
0.133153 0.133153 0.133153 0.133153 0.133153 0.133153 0.133153 0.133153 0.133153 0.133153 
0.133153 0.133153 0.133153 0.133153 0.133153 0.133153 0.133153 0.133153 0.133153 0.133153 
0.133153 0.133153 0.133153 0.133153 0.133153 0.133153 0.133153 0.133153 0.133153 0.133153 
0.133153 0.133153 0.133153 0.133153 0.133153 0.133153 0.133153 0.133153 0.133153 0.133153 
0.133153 0.133153 0.133153 0.133153 0.133153 0.133153 0.133153 0.133153 0.133153 0.133153 
0.133153 0.133153 0.133153 0.133153 0.133153 0.133153 0.133153 0.133153 0.133153 0.133153 
0.133153 0.133153 0.133153 0.133153 0.133153 0.133153 0.133153 0.133153 0.133153 0.133153 
0.133153 0.133153 0.133153 0.133153 0.133153 0.133153 0.133153 0.133153 0.133153 0.133153 
0.133153 0.133153 0.133153 0.133153 0.133153 0.133153 0.133153 0.133153 0.133153 0.133153 
0.133153 0.133153 0.133153 0.133153 0.133153 0.133153 0.133153 0.133153 0.133153 0.133153 
0.133153 0.133153 0.133153 0.133153 0.133153 0.133153 0.133153 0.133153 0.133153 0.133153 
0.133153 0.133153 0.133153 0.133153 0.133153 0.133153 0.133153 0.133153 0.133153 0.133153 
0.133153 0.133153 0.133153 0.133153 0.133153 0.133153 0.133153 0.133153 0.133153 0.133153 
0.133153 0.133153 0.133153 0.133153 0.133153 0.133153 0.133153 0.133153 0.133153 0.133153 
0.133153 0.133153 0.133153 0.133153 0.133153 0.133153 0.133153 0.133153 0.133153 0.133153 
0.133153 0.133153 0.133153 0.133153 0.133153 0.133153 0.133153 0.133153 0.133153 0.133153 
0.133153 0.133153 0.133153 0.133153 0.133153 0.133153 0.133153 0.133153 0.133153 0.133153 
0.133153 0.133153 0.133153 0.133153 0.133153 0.133153 0.133153 0.133153 0.133153 0.133153 
0.133153 0.133153 0.133153 0.133153 0.133153 0.133153 0.133153 0.133153 0.133153 0.133153 
0.133153 0.133153 0.133153 0.133153 0.133153 0.133153 0.133153 0.133153 0.133153 0.133153 
0.133153 0.133153 0.133153 0.133153 0.133153 0.133153 0.133153 0.133153 0.133153 0.133153 
0.133153 0.133153 0.133153 0.133153 0.133153 0.133153 0.133153 0.133153 0.133153 0.133153 
0.133153 0.133153 0.133153 0.133153 0.133153 0.133153 0.133153 0.133153 0.133153 0.133153 
0.133153 0.133153 0.133153 0.133153 0.133153 0.133153 0.133153 0.133153 0.133153 0.133153 
0.133153 0.133153 0.133153 0.133153 0.133153 0.133153 0.133153 0.133153 0.133153 0.133153 
0.133153 0.133153 0.133153 0.133153 0.133153 0.133153 0.133153 0.133153 0.133153 0.133153 
0.133153 0.133153 0.133153 0.133153 0.133153 0.133153 0.133153 0.133153 0.133153 0.133153 
0.133153 0.133153 0.133153 0.133153 0.133153 0.133153 0.133153 0.133153 0.133153 0.133153 
0.133153 0.133153 0.133153 0.133153 0.133153 0.133153 0.133153 0.133153 0.133153 0.133153 
0.133153 0.133153 0.133153 0.133153 0.133153 0.133153 0.133153 0.133153 0.133153 0.133153 
0.133153 0.133153 0.133153 0.133153 0.133153 0.133153 0.133153 0.133153 0.133153 0.133153 
0.133153 0.133153 0.133153 0.133153 0.133153 0.133153 0.133153 0.133153 0.133153 0.133153 
0.133153 0.133153 0.133153 0.133153 0.133153 0.133153 0.133153 0.133153 0.133153 0.133153 
0.133153 0.133153 0.133153 0.133153 0.133153 0.133153 0.133153 0.133153 0.133153 0.133153 
0.133153 0.133153 0.133153 0.133153 0.133153 0.133153 0.133153 0.133153 0.133153 0.133153 
0.133153 0.133153 0.133153 0.133153 0.133153 0.133153 0.133153 0.133153 0.133153 0.133153 
0.133153 0.133153 0.133153 0.133153 0.133153 0.133153 0.133153 0.133153 0.133153 0.133153 
0.133153 0.133153 0.133153 0.133153 0.133153 0.133153 0.133153 0.133153 0.133153 0.133153 
0.133153 0.133153 0.133153 0.133153 0.133153 0.133153 0.133153 0.133153 0.133153 0.133153 
0.133153 0.133153 0.133153 0.133153 0.133153 0.133153 0.133153 0.133153 0.133153 0.133153 
0.133153 0.133153 0.133153 0.133153 0.133153 0.133153 0.133153 0.133153 0.133153 0.133153 
0.133153 0.133153 0.133153 0.133153 0.133153 0.133153 0.133153 0.133153 0.133153 0.133153 
0.133153 0.133153 0.133153 0.133153 0.133153 0.133153 0.133153 0.133153 0.133153 0.133153 
0.133153 0.133153 0.133153 0.133153 0.133153 0.133153 0.133153 0.133153 0.133153 0.133153 
0.133153 0.133153 0.133153 0.133153 0.133153 0.133153 0.133153 0.133153 0.133153 0.133153 
0.133153 0.133153 0.133153 0.133153 0.133153 0.133153 0.133153 0.133153 0.133153 0.133153 
0.133153 0.133153 0.133153 0.133153 0.133153 0.133153 0.133153 0.133153 0.133153 0.133153 
0.133153 0.133153 0.133153 0.133153 0.133153 0.133153 0.133153 0.133153 0.133153 0.133153 
0.133153 0.133153 0.133153 0.133153 0.133153 0.133153 0.133153 0.133153 0.133153 0.133153 
0.133153 0.133153 0.133153 0.133153 0.133153 0.133153 0.133153 0.133153 0.133153 0.133153 
0.133153 0.133153 0.133153 0.133153 0.133153 0.133153 0.133153 0.133153 0.133153 0.133153 
0.133153 0.133153 0.133153 0.133153 0.133153 0.133153 0.133153 0.133153 0.133153 0.133153 
0.133153 0.133153 0.133153 0.133153 0.133153 0.133153 0.133153 0.133153 0.133153 0.133153 
0.133153 0.133153 0.133153 0.133153 0.133153 0.133153 0.133153 0.133153 0.133153 0.133153 
0.133153 0.133153 0.133153 0.133153 0.133153 0.133153 0.133153 0.133153 0.133153 0.133153 
0.133153 0.133153 0.133153 0.133153 0.133153 0.133153 0.133153 0.133153 0.133153 0.133153 
0.133153 0.133153 0.133153 0.133153 0.133153 0.133153 0.133153 0.133153 0.133153 0.133153 
0.133153 0.133153 0.133153 0.133153 0.133153 0.133153 0.133153 0.133153 0.133153 0.133153 
0.133153 0.133153 0.133153 0.133153 0.133153 0.133153 0.133153 0.133153 0.133153 0.133153 
0.133153 0.133153 0.133153 0.133153 0.133153 0.133153 0.133153 0.133153 0.133153 0.133153 
0.133153 0.133153 0.133153 0.133153 0.133153 0.133153 0.133153 0.133153 0.133153 0.133153 
0.133153 0.133153 0.133153 0.133153 0.133153 0.133153 0.133153 0.133153 0.133153 0.133153 
0.133153 0.133153 0.133153 0.133153 0.133153 0.133153 0.133153 0.133153 0.133153 0.133153 
0.133153 0.133153 0.133153 0.133153 0.133153 0.133153 0.133153 0.133153 0.133153 0.133153 
0.133153 0.133153 0.133153 0.133153 0.133153 0.133153 0.133153 0.133153 0.133153 0.133153 
0.133153 0.133153 0.133153 0.133153 0.133153 0.133153 0.133153 0.133153 0.133153 0.133153 
0.133153 0.133153 0.133153 0.133153 0.133153 0.133153 0.133153 0.133153 0.133153 0.133153 
0.133153 0.133153 0.133153 0.133153 0.133153 0.133153 0.133153 0.133153 0.133153 0.133153 
0.133153 0.133153 0.133153 0.133153 0.133153 0.133153 0.133153 0.133153 0.133153 0.133153 
0.133153 0.133153 0.133153 0.133153 0.133153 0.133153 0.133153 0.133153 0.133153 0.133153 
0.133153 0.133153 0.133153 0.133153 0.133153 0.133153 0.133153 0.133153 0.133153 0.133153 
0.133153 0.133153 0.133153 0.133153 0.133153 0.133153 0.133153 0.133153 0.133153 0.133153 
0.133153 0.133153 0.133153 0.133153 0.133153 0.133153 0.133153 0.133153 0.133153 0.133153 
0.133153 0.133153 0.133153 0.133153 0.133153 0.133153 0.133153 0.133153 0.133153 0.133153 
0.133153 0.133153 0.133153 0.133153 0.133153 0.133153 0.133153 0.133153 0.133153 0.133153 
0.133153 0.133153 0.133153 0.133153 0.133153 0.133153 0.133153 0.133153 0.133153 0.133153 
0.133153 0.133153 0.133153 0.133153 0.133153 0.133153 0.133153 0.133153 0.133153 0.133153 
0.133153 0.133153 0.133153 0.133153 0.133153 0.133153 0.133153 0.133153 0.133153 0.133153 
0.133153 0.133153 0.133153 0.133153 0.133153 0.133153 0.133153 0.133153 0.133153 0.133153 
0.133153 0.133153 0.133153 0.133153 0.133153 0.133153 0.133153 0.133153 0.133153 0.133153 
0.133153 0.133153 0.133153 0.133153 0.133153 0.133153 0.133153 0.133153 0.133153 0.133153 
0.133153 0.133153 0.133153 0.133153 0.133153 0.133153 0.133153 0.133153 0.133153 0.133153 
0.133153 0.133153 0.133153 0.133153 0.133153 0.133153 0.133153 0.133153 0.133153 0.133153 
0.133153 0.133153 0.133153 0.133153 0.133153 0.133153 0.133153 0.133153 0.133153 0.133153 
0.133153 0.133153 0.133153 0.133153 0.133153 0.133153 0.133153 0.133153 0.133153 0.133153 
0.133153 0.133153 0.133153 0.133153 0.133153 0.133153 0.133153 0.133153 0.133153 0.133153 
0.133153 0.133153 0.133153 0.133153 0.133153 0.133153 0.133153 0.133153 0.133153 0.133153 
0.133153 0.133153 0.133153 0.133153 0.133153 0.133153 0.133153 0.133153 0.133153 0.133153 
0.133153 0.133153 0.133153 0.133153 0.133153 0.133153 0.133153 0.133153 0.133153 0.133153 
0.133153 0.133153 0.133153 0.133153 0.133153 0.133153 0.133153 0.133153 0.133153 0.133153 
0.133153 0.133153 0.133153 0.133153 0.133153 0.133153 0.133153 0.133153 0.133153 0.133153 
0.133153 0.133153 0.133153 0.133153 0.133153 0.133153 0.133153 0.133153 0.133153 0.133153 
0.133153 0.133153 0.133153 0.133153 0.133153 0.133153 0.133153 0.133153 0.133153 0.133153 
0.133153 0.133153 0.133153 0.133153 0.133153 0.133153 0.133153 0.133153 0.133153 0.133153 
0.133153 0.133153 0.133153 0.133153 0.133153 0.133153 0.133153 0.133153 0.133153 0.133153 
0.133153 0.133153 0.133153 0.133153 0.133153 0.133153 0.133153 0.133153 0.133153 0.133153 
0.133153 0.133153 0.133153 0.133153 0.133153 0.133153 0.133153 0.133153 0.133153 0.133153 
0.133153 0.133153 0.133153 0.133153 0.133153 0.133153 0.133153 0.133153 0.133153 0.133153 
0.133153 0.133153 0.133153 0.133153 0.133153 0.133153 0.133153 0.133153 0.133153 0.133153 
0.133153 0.133153 0.133153 0.133153 0.133153 0.133153 0.133153 0.133153 0.133153 0.133153 
0.133153 0.133153 0.133153 0.133153 0.133153 0.133153 0.133153 0.133153 0.133153 0.133153 
0.133153 0.133153 0.133153 0.133153 0.133153 0.133153 0.133153 0.133153 0.133153 0.133153 
0.133153 0.133153 0.133153 0.133153 0.133153 0.133153 0.133153 0.133153 0.133153 0.133153 
0.133153 0.133153 0.133153 0.133153 0.133153 0.133153 0.133153 0.133153 0.133153 0.133153 
0.133153 0.133153 0.133153 0.133153 0.133153 0.133153 0.133153 0.133153 0.133153 0.133153 
0.133153 0.133153 0.133153 0.133153 0.133153 0.133153 0.133153 0.133153 0.133153 0.133153 
0.133153 0.133153 0.133153 0.133153 0.133153 0.133153 0.133153 0.133153 0.133153 0.133153 
0.133153 0.133153 0.133153 0.133153 0.133153 0.133153 0.133153 0.133153 0.133153 0.133153 
0.133153 0.133153 0.133153 0.133153 0.133153 0.133153 0.133153 0.133153 0.133153 0.133153 
0.133153 0.133153 0.133153 0.133153 0.133153 0.133153 0.133153 0.133153 0.133153 0.133153 
0.133153 0.133153 0.133153 0.133153 0.133153 0.133153 0.133153 0.133153 0.133153 0.133153 
0.133153 0.133153 0.133153 0.133153 0.133153 0.133153 0.133153 0.133153 0.133153 0.133153 
0.133153 0.133153 0.133153 0.133153 0.133153 0.133153 0.133153 0.133153 0.133153 0.133153 
0.133153 0.133153 0.133153 0.133153 0.133153 0.133153 0.133153 0.133153 0.133153 0.133153 
0.133153 0.133153 0.133153 0.133153 0.133153 0.133153 0.133153 0.133153 0.133153 0.133153 
0.133153 0.133153 0.133153 0.133153 0.133153 0.133153 0.133153 0.133153 0.133153 0.133153 
0.133153 0.133153 0.133153 0.133153 0.133153 0.133153 0.133153 0.133153 0.133153 0.133153 
0.133153 0.133153 0.133153 0.133153 0.133153 0.133153 0.133153 0.133153 0.133153 0.133153 
0.133153 0.133153 0.133153 0.133153 0.133153 0.133153 0.133153 0.133153 0.133153 0.133153 
0.133153 0.133153 0.133153 0.133153 0.133153 0.133153 0.133153 0.133153 0.133153 0.133153 
0.133153 0.133153 0.133153 0.133153 0.133153 0.133153 0.133153 0.133153 0.133153 0.133153 
0.133153 0.133153 0.133153 0.133153 0.133153 0.133153 0.133153 0.133153 0.133153 0.133153 
0.133153 0.133153 0.133153 0.133153 0.133153 0.133153 0.133153 0.133153 0.133153 0.133153 
0.133153 0.133153 0.133153 0.133153 0.133153 0.133153 0.133153 0.133153 0.133153 0.133153 
0.133153 0.133153 0.133153 0.133153 0.133153 0.133153 0.133153 0.133153 0.133153 0.133153 
0.133153 0.133153 0.133153 0.133153 0.133153 0.133153 0.133153 0.133153 0.133153 0.133153 
0.133153 0.133153 0.133153 0.133153 0.133153 0.133153 0.133153 0.133153 0.133153 0.133153 
0.133153 0.133153 0.133153 0.133153 0.133153 0.133153 0.133153 0.133153 0.133153 0.133153 
0.133153 0.133153 0.133153 0.133153 0.133153 0.133153 0.133153 0.133153 0.133153 0.133153 
0.133153 0.133153 0.133153 0.133153 0.133153 0.133153 0.133153 0.133153 0.133153 0.133153 
0.133153 0.133153 0.133153 0.133153 0.133153 0.133153 0.133153 0.133153 0.133153 0.133153 
0.133153 0.133153 0.133153 0.133153 0.133153 0.133153 0.133153 0.133153 0.133153 0.133153 
0.133153 0.133153 0.133153 0.133153 0.133153 0.133153 0.133153 0.133153 0.133153 0.133153 
0.133153 0.133153 0.133153 0.133153 0.133153 0.133153 0.133153 0.133153 0.133153 0.133153 
0.133153 0.133153 0.133153 0.133153 0.133153 0.133153 0.133153 0.133153 0.133153 0.133153 
0.133153 0.133153 0.133153 0.133153 0.133153 0.133153 0.133153 0.133153 0.133153 0.133153 
0.133153 0.133153 0.133153 0.133153 0.133153 0.133153 0.133153 0.133153 0.133153 0.133153 
0.133153 0.133153 0.133153 0.133153 0.133153 0.133153 0.133153 0.133153 0.133153 0.133153 
0.133153 0.133153 0.133153 0.133153 0.133153 0.133153 0.133153 0.133153 0.133153 0.133153 
0.133153 0.133153 0.133153 0.133153 0.133153 0.133153 0.133153 0.133153 0.133153 0.133153 
0.133153 0.133153 0.133153 0.133153 0.133153 0.133153 0.133153 0.133153 0.133153 0.133153 
0.133153 0.133153 0.133153 0.133153 0.133153 SCALARS Roughness float 1
LOOKUP_TABLE default
88.8823 88.8823 88.8823 88.8823 88.8823 88.8823 88.8823 88.8823 88.8823 
88.8823 88.8823 88.8823 88.8823 88.8823 88.8823 88.8823 88.8823 88.8823 88.8823 
88.8823 88.8823 88.8823 88.8823 88.8823 88.8823 88.8823 88.8823 88.8823 88.8823 
88.8823 88.8823 88.8823 88.8823 88.8823 88.8823 88.8823 88.8823 88.8823 88.8823 
88.8823 88.8823 88.8823 88.8823 88.8823 88.8823 88.8823 88.8823 88.8823 88.8823 
88.8823 88.8823 88.8823 88.8823 88.8823 88.8823 88.8823 88.8823 88.8823 88.8823 
88.8823 88.8823 88.8823 88.8823 88.8823 88.8823 88.8823 88.8823 88.8823 88.8823 
88.8823 88.8823 88.8823 88.8823 88.8823 88.8823 88.8823 88.8823 88.8823 88.8823 
88.8823 88.8823 88.8823 88.8823 88.8823 88.8823 88.8823 88.8823 88.8823 88.8823 
88.8823 88.8823 88.8823 88.8823 88.8823 88.8823 88.8823 88.8823 88.8823 88.8823 
88.8823 88.8823 88.8823 88.8823 88.8823 88.8823 88.8823 88.8823 88.8823 88.8823 
88.8823 88.8823 88.8823 88.8823 88.8823 88.8823 88.8823 88.8823 88.8823 88.8823 
88.8823 88.8823 88.8823 88.8823 88.8823 88.8823 88.8823 88.8823 88.8823 88.8823 
88.8823 88.8823 88.8823 88.8823 88.8823 88.8823 88.8823 88.8823 88.8823 88.8823 
88.8823 88.8823 88.8823 88.8823 88.8823 88.8823 88.8823 88.8823 88.8823 88.8823 
88.8823 88.8823 88.8823 88.8823 88.8823 88.8823 88.8823 88.8823 88.8823 88.8823 
88.8823 88.8823 88.8823 88.8823 88.8823 88.8823 88.8823 88.8823 88.8823 88.8823 
88.8823 88.8823 88.8823 88.8823 88.8823 88.8823 88.8823 88.8823 88.8823 88.8823 
88.8823 88.8823 88.8823 88.8823 88.8823 88.8823 88.8823 88.8823 88.8823 88.8823 
88.8823 88.8823 88.8823 88.8823 88.8823 88.8823 88.8823 88.8823 88.8823 88.8823 
88.8823 88.8823 88.8823 88.8823 88.8823 88.8823 88.8823 88.8823 88.8823 88.8823 
88.8823 88.8823 88.8823 88.8823 88.8823 88.8823 88.8823 88.8823 88.8823 88.8823 
88.8823 88.8823 88.8823 88.8823 88.8823 88.8823 88.8823 88.8823 88.8823 88.8823 
88.8823 88.8823 88.8823 88.8823 88.8823 88.8823 88.8823 88.8823 88.8823 88.8823 
88.8823 88.8823 88.8823 88.8823 88.8823 88.8823 88.8823 88.8823 88.8823 88.8823 
88.8823 88.8823 88.8823 88.8823 88.8823 88.8823 88.8823 88.8823 88.8823 88.8823 
88.8823 88.8823 88.8823 88.8823 88.8823 88.8823 88.8823 88.8823 88.8823 88.8823 
88.8823 88.8823 88.8823 88.8823 88.8823 88.8823 88.8823 88.8823 88.8823 88.8823 
88.8823 88.8823 88.8823 88.8823 88.8823 88.8823 88.8823 88.8823 88.8823 88.8823 
88.8823 88.8823 88.8823 88.8823 88.8823 88.8823 88.8823 88.8823 88.8823 88.8823 
88.8823 88.8823 88.8823 88.8823 88.8823 88.8823 88.8823 88.8823 88.8823 88.8823 
88.8823 88.8823 88.8823 88.8823 88.8823 88.8823 88.8823 88.8823 88.8823 88.8823 
88.8823 88.8823 88.8823 88.8823 88.8823 88.8823 88.8823 88.8823 88.8823 88.8823 
88.8823 88.8823 88.8823 88.8823 88.8823 88.8823 88.8823 88.8823 88.8823 88.8823 
88.8823 88.8823 88.8823 88.8823 88.8823 88.8823 88.8823 88.8823 88.8823 88.8823 
88.8823 88.8823 88.8823 88.8823 88.8823 88.8823 88.8823 88.8823 88.8823 88.8823 
88.8823 88.8823 88.8823 88.8823 88.8823 88.8823 88.8823 88.8823 88.8823 88.8823 
88.8823 88.8823 88.8823 88.8823 88.8823 88.8823 88.8823 88.8823 88.8823 88.8823 
88.8823 88.8823 88.8823 88.8823 88.8823 88.8823 88.8823 88.8823 88.8823 88.8823 
88.8823 88.8823 88.8823 88.8823 88.8823 88.8823 88.8823 88.8823 88.8823 88.8823 
88.8823 88.8823 88.8823 88.8823 88.8823 88.8823 88.8823 88.8823 88.8823 88.8823 
88.8823 88.8823 88.8823 88.8823 88.8823 88.8823 88.8823 88.8823 88.8823 88.8823 
88.8823 88.8823 88.8823 88.8823 88.8823 88.8823 88.8823 88.8823 88.8823 88.8823 
88.8823 88.8823 88.8823 88.8823 88.8823 88.8823 88.8823 88.8823 88.8823 88.8823 
88.8823 88.8823 88.8823 88.8823 88.8823 88.8823 88.8823 88.8823 88.8823 88.8823 
88.8823 88.8823 88.8823 88.8823 88.8823 88.8823 88.8823 88.8823 88.8823 88.8823 
88.8823 88.8823 88.8823 88.8823 88.8823 88.8823 88.8823 88.8823 88.8823 88.8823 
88.8823 88.8823 88.8823 88.8823 88.8823 88.8823 88.8823 88.8823 88.8823 88.8823 
88.8823 88.8823 88.8823 88.8823 88.8823 88.8823 88.8823 88.8823 88.8823 88.8823 
88.8823 88.8823 88.8823 88.8823 88.8823 88.8823 88.8823 88.8823 88.8823 88.8823 
88.8823 88.8823 88.8823 88.8823 88.8823 88.8823 88.8823 88.8823 88.8823 88.8823 
88.8823 88.8823 88.8823 88.8823 88.8823 88.8823 88.8823 88.8823 88.8823 88.8823 
88.8823 88.8823 88.8823 88.8823 88.8823 88.8823 88.8823 88.8823 88.8823 88.8823 
88.8823 88.8823 88.8823 88.8823 88.8823 88.8823 88.8823 88.8823 88.8823 88.8823 
88.8823 88.8823 88.8823 88.8823 88.8823 88.8823 88.8823 88.8823 88.8823 88.8823 
88.8823 88.8823 88.8823 88.8823 88.8823 88.8823 88.8823 88.8823 88.8823 88.8823 
88.8823 88.8823 88.8823 88.8823 88.8823 88.8823 88.8823 88.8823 88.8823 88.8823 
88.8823 88.8823 88.8823 88.8823 88.8823 88.8823 88.8823 88.8823 88.8823 88.8823 
88.8823 88.8823 88.8823 88.8823 88.8823 88.8823 88.8823 88.8823 88.8823 88.8823 
88.8823 88.8823 88.8823 88.8823 88.8823 88.8823 88.8823 88.8823 88.8823 88.8823 
88.8823 88.8823 88.8823 88.8823 88.8823 88.8823 88.8823 88.8823 88.8823 88.8823 
88.8823 88.8823 88.8823 88.8823 88.8823 88.8823 88.8823 88.8823 88.8823 88.8823 
88.8823 88.8823 88.8823 88.8823 88.8823 88.8823 88.8823 88.8823 88.8823 88.8823 
88.8823 88.8823 88.8823 88.8823 88.8823 88.8823 88.8823 88.8823 88.8823 88.8823 
88.8823 88.8823 88.8823 88.8823 88.8823 88.8823 88.8823 88.8823 88.8823 88.8823 
88.8823 88.8823 88.8823 88.8823 88.8823 88.8823 88.8823 88.8823 88.8823 88.8823 
88.8823 88.8823 88.8823 88.8823 88.8823 88.8823 88.8823 88.8823 88.8823 88.8823 
88.8823 88.8823 88.8823 88.8823 88.8823 88.8823 88.8823 88.8823 88.8823 88.8823 
88.8823 88.8823 88.8823 88.8823 88.8823 88.8823 88.8823 88.8823 88.8823 88.8823 
88.8823 88.8823 88.8823 88.8823 88.8823 88.8823 88.8823 88.8823 88.8823 88.8823 
88.8823 88.8823 88.8823 88.8823 88.8823 88.8823 88.8823 88.8823 88.8823 88.8823 
88.8823 88.8823 88.8823 88.8823 88.8823 88.8823 88.8823 88.8823 88.8823 88.8823 
88.8823 88.8823 88.8823 88.8823 88.8823 88.8823 88.8823 88.8823 88.8823 88.8823 
88.8823 88.8823 88.8823 88.8823 88.8823 88.8823 88.8823 88.8823 88.8823 88.8823 
88.8823 88.8823 88.8823 88.8823 88.8823 88.8823 88.8823 88.8823 88.8823 88.8823 
88.8823 88.8823 88.8823 88.8823 88.8823 88.8823 88.8823 88.8823 88.8823 88.8823 
88.8823 88.8823 88.8823 88.8823 88.8823 88.8823 88.8823 88.8823 88.8823 88.8823 
88.8823 88.8823 88.8823 88.8823 88.8823 88.8823 88.8823 88.8823 88.8823 88.8823 
88.8823 88.8823 88.8823 88.8823 88.8823 88.8823 88.8823 88.8823 88.8823 88.8823 
88.8823 88.8823 88.8823 88.8823 88.8823 88.8823 88.8823 88.8823 88.8823 88.8823 
88.8823 88.8823 88.8823 88.8823 88.8823 88.8823 88.8823 88.8823 88.8823 88.8823 
88.8823 88.8823 88.8823 88.8823 88.8823 88.8823 88.8823 88.8823 88.8823 88.8823 
88.8823 88.8823 88.8823 88.8823 88.8823 88.8823 88.8823 88.8823 88.8823 88.8823 
88.8823 88.8823 88.8823 88.8823 88.8823 88.8823 88.8823 88.8823 88.8823 88.8823 
88.8823 88.8823 88.8823 88.8823 88.8823 88.8823 88.8823 88.8823 88.8823 88.8823 
88.8823 88.8823 88.8823 88.8823 88.8823 88.8823 88.8823 88.8823 88.8823 88.8823 
88.8823 88.8823 88.8823 88.8823 88.8823 88.8823 88.8823 88.8823 88.8823 88.8823 
88.8823 88.8823 88.8823 88.8823 88.8823 88.8823 88.8823 88.8823 88.8823 88.8823 
88.8823 88.8823 88.8823 88.8823 88.8823 88.8823 88.8823 88.8823 88.8823 88.8823 
88.8823 88.8823 88.8823 88.8823 88.8823 88.8823 88.8823 88.8823 88.8823 88.8823 
88.8823 88.8823 88.8823 88.8823 88.8823 88.8823 88.8823 88.8823 88.8823 88.8823 
88.8823 88.8823 88.8823 88.8823 88.8823 88.8823 88.8823 88.8823 88.8823 88.8823 
88.8823 88.8823 88.8823 88.8823 88.8823 88.8823 88.8823 88.8823 88.8823 88.8823 
88.8823 88.8823 88.8823 88.8823 88.8823 88.8823 88.8823 88.8823 88.8823 88.8823 
88.8823 88.8823 88.8823 88.8823 88.8823 88.8823 88.8823 88.8823 88.8823 88.8823 
88.8823 88.8823 88.8823 88.8823 88.8823 88.8823 88.8823 88.8823 88.8823 88.8823 
88.8823 88.8823 88.8823 88.8823 88.8823 88.8823 88.8823 88.8823 88.8823 88.8823 
88.8823 88.8823 88.8823 88.8823 88.8823 88.8823 88.8823 88.8823 88.8823 88.8823 
88.8823 88.8823 88.8823 88.8823 88.8823 88.8823 88.8823 88.8823 88.8823 88.8823 
88.8823 88.8823 88.8823 88.8823 88.8823 88.8823 88.8823 88.8823 88.8823 88.8823 
88.8823 88.8823 88.8823 88.8823 88.8823 88.8823 88.8823 88.8823 88.8823 88.8823 
88.8823 88.8823 88.8823 88.8823 88.8823 88.8823 88.8823 88.8823 88.8823 88.8823 
88.8823 88.8823 88.8823 88.8823 88.8823 88.8823 88.8823 88.8823 88.8823 88.8823 
88.8823 88.8823 88.8823 88.8823 88.8823 88.8823 88.8823 88.8823 88.8823 88.8823 
88.8823 88.8823 88.8823 88.8823 88.8823 88.8823 88.8823 88.8823 88.8823 88.8823 
88.8823 88.8823 88.8823 88.8823 88.8823 88.8823 88.8823 88.8823 88.8823 88.8823 
88.8823 88.8823 88.8823 88.8823 88.8823 88.8823 88.8823 88.8823 88.8823 88.8823 
88.8823 88.8823 88.8823 88.8823 88.8823 88.8823 88.8823 88.8823 88.8823 88.8823 
88.8823 88.8823 88.8823 88.8823 88.8823 88.8823 88.8823 88.8823 88.8823 88.8823 
88.8823 88.8823 88.8823 88.8823 88.8823 88.8823 88.8823 88.8823 88.8823 88.8823 
88.8823 88.8823 88.8823 88.8823 88.8823 88.8823 88.8823 88.8823 88.8823 88.8823 
88.8823 88.8823 88.8823 88.8823 88.8823 88.8823 88.8823 88.8823 88.8823 88.8823 
88.8823 88.8823 88.8823 88.8823 88.8823 88.8823 88.8823 88.8823 88.8823 88.8823 
88.8823 88.8823 88.8823 88.8823 88.8823 88.8823 88.8823 88.8823 88.8823 88.8823 
88.8823 88.8823 88.8823 88.8823 88.8823 88.8823 88.8823 88.8823 88.8823 88.8823 
88.8823 88.8823 88.8823 88.8823 88.8823 88.8823 88.8823 88.8823 88.8823 88.8823 
88.8823 88.8823 88.8823 88.8823 88.8823 88.8823 88.8823 88.8823 88.8823 88.8823 
88.8823 88.8823 88.8823 88.8823 88.8823 88.8823 88.8823 88.8823 88.8823 88.8823 
88.8823 88.8823 88.8823 88.8823 88.8823 88.8823 88.8823 88.8823 88.8823 88.8823 
88.8823 88.8823 88.8823 88.8823 88.8823 88.8823 88.8823 88.8823 88.8823 88.8823 
88.8823 88.8823 88.8823 88.8823 88.8823 88.8823 88.8823 88.8823 88.8823 88.8823 
88.8823 88.8823 88.8823 88.8823 88.8823 88.8823 88.8823 88.8823 88.8823 88.8823 
88.8823 88.8823 88.8823 88.8823 88.8823 88.8823 88.8823 88.8823 88.8823 88.8823 
88.8823 88.8823 88.8823 88.8823 88.8823 88.8823 88.8823 88.8823 88.8823 88.8823 
88.8823 88.8823 88.8823 88.8823 88.8823 88.8823 88.8823 88.8823 88.8823 88.8823 
88.8823 88.8823 88.8823 88.8823 88.8823 88.8823 88.8823 88.8823 88.8823 88.8823 
88.8823 88.8823 88.8823 88.8823 88.8823 88.8823 88.8823 88.8823 88.8823 88.8823 
88.8823 88.8823 88.8823 88.8823 88.8823 88.8823 88.8823 88.8823 88.8823 88.8823 
88.8823 88.8823 88.8823 88.8823 88.8823 88.8823 88.8823 88.8823 88.8823 88.8823 
88.8823 88.8823 88.8823 88.8823 88.8823 88.8823 88.8823 88.8823 88.8823 88.8823 
88.8823 88.8823 88.8823 88.8823 88.8823 88.8823 88.8823 88.8823 88.8823 88.8823 
88.8823 88.8823 88.8823 88.8823 88.8823 88.8823 88.8823 88.8823 88.8823 88.8823 
88.8823 88.8823 88.8823 88.8823 88.8823 88.8823 88.8823 88.8823 88.8823 88.8823 
88.8823 88.8823 88.8823 88.8823 88.8823 88.8823 88.8823 88.8823 88.8823 88.8823 
88.8823 88.8823 88.8823 88.8823 88.8823 88.8823 88.8823 88.8823 88.8823 88.8823 
88.8823 88.8823 88.8823 88.8823 88.8823 88.8823 88.8823 88.8823 88.8823 88.8823 
88.8823 88.8823 88.8823 88.8823 88.8823 88.8823 88.8823 88.8823 88.8823 88.8823 
88.8823 88.8823 88.8823 88.8823 88.8823 88.8823 88.8823 88.8823 88.8823 88.8823 
88.8823 88.8823 88.8823 88.8823 88.8823 88.8823 88.8823 88.8823 88.8823 88.8823 
88.8823 88.8823 88.8823 88.8823 88.8823 88.8823 88.8823 88.8823 88.8823 88.8823 
88.8823 88.8823 88.8823 88.8823 88.8823 88.8823 88.8823 88.8823 88.8823 88.8823 
88.8823 88.8823 88.8823 88.8823 88.8823 88.8823 88.8823 88.8823 88.8823 88.8823 
88.8823 88.8823 88.8823 88.8823 88.8823 88.8823 88.8823 88.8823 88.8823 88.8823 
88.8823 88.8823 88.8823 88.8823 88.8823 88.8823 88.8823 88.8823 88.8823 88.8823 
88.8823 88.8823 88.8823 88.8823 88.8823 88.8823 88.8823 88.8823 88.8823 88.8823 
88.8823 88.8823 88.8823 88.8823 88.8823 88.8823 88.8823 88.8823 88.8823 88.8823 
88.8823 88.8823 88.8823 88.8823 88.8823 88.8823 88.8823 88.8823 88.8823 88.8823 
88.8823 88.8823 88.8823 88.8823 88.8823 88.8823 88.8823 88.8823 88.8823 88.8823 
88.8823 88.8823 88.8823 88.8823 88.8823 88.8823 88.8823 88.8823 88.8823 88.8823 
88.8823 88.8823 88.8823 88.8823 88.8823 88.8823 88.8823 88.8823 88.8823 88.8823 
88.8823 88.8823 88.8823 88.8823 88.8823 88.8823 88.8823 88.8823 88.8823 88.8823 
88.8823 88.8823 88.8823 88.8823 88.8823 88.8823 88.8823 88.8823 88.8823 88.8823 
88.8823 88.8823 88.8823 88.8823 88.8823 88.8823 88.8823 88.8823 88.8823 88.8823 
88.8823 88.8823 88.8823 88.8823 88.8823 88.8823 88.8823 88.8823 88.8823 88.8823 
88.8823 88.8823 88.8823 88.8823 88.8823 88.8823 88.8823 88.8823 88.8823 88.8823 
88.8823 88.8823 88.8823 88.8823 88.8823 88.8823 88.8823 88.8823 88.8823 88.8823 
88.8823 88.8823 88.8823 88.8823 88.8823 88.8823 88.8823 88.8823 88.8823 88.8823 
88.8823 88.8823 88.8823 88.8823 88.8823 88.8823 88.8823 88.8823 88.8823 88.8823 
88.8823 88.8823 88.8823 88.8823 88.8823 88.8823 88.8823 88.8823 88.8823 88.8823 
88.8823 88.8823 88.8823 88.8823 88.8823 88.8823 88.8823 88.8823 88.8823 88.8823 
88.8823 88.8823 88.8823 88.8823 88.8823 88.8823 88.8823 88.8823 88.8823 88.8823 
88.8823 88.8823 88.8823 88.8823 88.8823 88.8823 88.8823 88.8823 88.8823 88.8823 
88.8823 88.8823 88.8823 88.8823 88.8823 88.8823 88.8823 88.8823 88.8823 88.8823 
88.8823 88.8823 88.8823 88.8823 88.8823 88.8823 88.8823 88.8823 88.8823 88.8823 
88.8823 88.8823 88.8823 88.8823 88.8823 88.8823 88.8823 88.8823 88.8823 88.8823 
88.8823 88.8823 88.8823 88.8823 88.8823 88.8823 88.8823 88.8823 88.8823 88.8823 
88.8823 88.8823 88.8823 88.8823 88.8823 88.8823 88.8823 88.8823 88.8823 88.8823 
88.8823 88.8823 88.8823 88.8823 88.8823 88.8823 88.8823 88.8823 88.8823 88.8823 
88.8823 88.8823 88.8823 88.8823 88.8823 88.8823 88.8823 88.8823 88.8823 88.8823 
88.8823 88.8823 88.8823 88.8823 88.8823 88.8823 88.8823 88.8823 88.8823 88.8823 
88.8823 88.8823 88.8823 88.8823 88.8823 88.8823 88.8823 88.8823 88.8823 88.8823 
88.8823 88.8823 88.8823 88.8823 88.8823 88.8823 88.8823 88.8823 88.8823 88.8823 
88.8823 88.8823 88.8823 88.8823 88.8823 88.8823 88.8823 88.8823 88.8823 88.8823 
88.8823 88.8823 88.8823 88.8823 88.8823 88.8823 88.8823 88.8823 88.8823 88.8823 
88.8823 88.8823 88.8823 88.8823 88.8823 88.8823 88.8823 88.8823 88.8823 88.8823 
88.8823 88.8823 88.8823 88.8823 88.8823 88.8823 88.8823 88.8823 88.8823 88.8823 
88.8823 88.8823 88.8823 88.8823 88.8823 88.8823 88.8823 88.8823 88.8823 88.8823 
88.8823 88.8823 88.8823 88.8823 88.8823 88.8823 88.8823 88.8823 88.8823 88.8823 
88.8823 88.8823 88.8823 88.8823 88.8823 88.8823 88.8823 88.8823 88.8823 88.8823 
88.8823 88.8823 88.8823 88.8823 88.8823 88.8823 88.8823 88.8823 88.8823 88.8823 
88.8823 88.8823 88.8823 88.8823 88.8823 88.8823 88.8823 88.8823 88.8823 88.8823 
88.8823 88.8823 88.8823 88.8823 88.8823 88.8823 88.8823 88.8823 88.8823 88.8823 
88.8823 88.8823 88.8823 88.8823 88.8823 88.8823 88.8823 88.8823 88.8823 88.8823 
88.8823 88.8823 88.8823 88.8823 88.8823 88.8823 88.8823 88.8823 88.8823 88.8823 
88.8823 88.8823 88.8823 88.8823 88.8823 88.8823 88.8823 88.8823 88.8823 88.8823 
88.8823 88.8823 88.8823 88.8823 88.8823 88.8823 88.8823 88.8823 88.8823 88.8823 
88.8823 88.8823 88.8823 88.8823 88.8823 88.8823 88.8823 88.8823 88.8823 88.8823 
88.8823 88.8823 88.8823 88.8823 88.8823 88.8823 88.8823 88.8823 88.8823 88.8823 
88.8823 88.8823 88.8823 88.8823 88.8823 88.8823 88.8823 88.8823 88.8823 88.8823 
88.8823 88.8823 88.8823 88.8823 88.8823 88.8823 88.8823 88.8823 88.8823 88.8823 
88.8823 88.8823 88.8823 88.8823 88.8823 88.8823 88.8823 88.8823 88.8823 88.8823 
88.8823 88.8823 88.8823 88.8823 88.8823 88.8823 88.8823 88.8823 88.8823 88.8823 
88.8823 88.8823 88.8823 88.8823 88.8823 88.8823 88.8823 88.8823 88.8823 88.8823 
88.8823 88.8823 88.8823 88.8823 88.8823 88.8823 88.8823 88.8823 88.8823 88.8823 
88.8823 88.8823 88.8823 88.8823 88.8823 88.8823 88.8823 88.8823 88.8823 88.8823 
88.8823 88.8823 88.8823 88.8823 88.8823 88.8823 88.8823 88.8823 88.8823 88.8823 
88.8823 88.8823 88.8823 88.8823 88.8823 88.8823 88.8823 88.8823 88.8823 88.8823 
88.8823 88.8823 88.8823 88.8823 88.8823 88.8823 88.8823 88.8823 88.8823 88.8823 
88.8823 88.8823 88.8823 88.8823 88.8823 88.8823 88.8823 88.8823 88.8823 88.8823 
88.8823 88.8823 88.8823 88.8823 88.8823 88.8823 88.8823 88.8823 88.8823 88.8823 
88.8823 88.8823 88.8823 88.8823 88.8823 88.8823 88.8823 88.8823 88.8823 88.8823 
88.8823 88.8823 88.8823 88.8823 88.8823 88.8823 88.8823 88.8823 88.8823 88.8823 
88.8823 88.8823 88.8823 88.8823 88.8823 88.8823 88.8823 88.8823 88.8823 88.8823 
88.8823 88.8823 88.8823 88.8823 88.8823 88.8823 88.8823 88.8823 88.8823 88.8823 
88.8823 88.8823 88.8823 88.8823 88.8823 88.8823 88.8823 88.8823 88.8823 88.8823 
88.8823 88.8823 88.8823 88.8823 88.8823 88.8823 88.8823 88.8823 88.8823 88.8823 
88.8823 88.8823 88.8823 88.8823 88.8823 88.8823 88.8823 88.8823 88.8823 88.8823 
88.8823 88.8823 88.8823 88.8823 88.8823 88.8823 88.8823 88.8823 88.8823 88.8823 
88.8823 88.8823 88.8823 88.8823 88.8823 88.8823 88.8823 88.8823 88.8823 88.8823 
88.8823 88.8823 88.8823 88.8823 88.8823 88.8823 88.8823 88.8823 88.8823 88.8823 
88.8823 88.8823 88.8823 88.8823 88.8823 88.8823 88.8823 88.8823 88.8823 88.8823 
88.8823 88.8823 88.8823 88.8823 88.8823 88.8823 88.8823 88.8823 88.8823 88.8823 
88.8823 88.8823 88.8823 88.8823 88.8823 88.8823 88.8823 88.8823 88.8823 88.8823 
88.8823 88.8823 88.8823 88.8823 88.8823 88.8823 88.8823 88.8823 88.8823 88.8823 
88.8823 88.8823 88.8823 88.8823 88.8823 88.8823 88.8823 88.8823 88.8823 88.8823 
88.8823 88.8823 88.8823 88.8823 88.8823 88.8823 88.8823 88.8823 88.8823 88.8823 
88.8823 88.8823 88.8823 88.8823 88.8823 88.8823 88.8823 88.8823 88.8823 88.8823 
88.8823 88.8823 88.8823 88.8823 88.8823 88.8823 88.8823 88.8823 88.8823 88.8823 
88.8823 88.8823 88.8823 88.8823 88.8823 88.8823 88.8823 88.8823 88.8823 88.8823 
88.8823 88.8823 88.8823 88.8823 88.8823 88.8823 88.8823 88.8823 88.8823 88.8823 
88.8823 88.8823 88.8823 88.8823 88.8823 88.8823 88.8823 88.8823 88.8823 88.8823 
88.8823 88.8823 88.8823 88.8823 88.8823 88.8823 88.8823 88.8823 88.8823 88.8823 
88.8823 88.8823 88.8823 88.8823 88.8823 88.8823 88.8823 88.8823 88.8823 88.8823 
88.8823 88.8823 88.8823 88.8823 88.8823 88.8823 88.8823 88.8823 88.8823 88.8823 
88.8823 88.8823 88.8823 88.8823 88.8823 88.8823 88.8823 88.8823 88.8823 88.8823 
88.8823 88.8823 88.8823 88.8823 88.8823 88.8823 88.8823 88.8823 88.8823 88.8823 
88.8823 88.8823 88.8823 88.8823 88.8823 88.8823 88.8823 88.8823 88.8823 88.8823 
88.8823 88.8823 88.8823 88.8823 88.8823 88.8823 88.8823 88.8823 88.8823 88.8823 
88.8823 88.8823 88.8823 88.8823 88.8823 88.8823 88.8823 88.8823 88.8823 88.8823 
88.8823 88.8823 88.8823 88.8823 88.8823 88.8823 88.8823 88.8823 88.8823 88.8823 
88.8823 88.8823 88.8823 88.8823 88.8823 88.8823 88.8823 88.8823 88.8823 88.8823 
88.8823 88.8823 88.8823 88.8823 88.8823 88.8823 88.8823 88.8823 88.8823 88.8823 
88.8823 88.8823 88.8823 88.8823 88.8823 88.8823 88.8823 88.8823 88.8823 88.8823 
88.8823 88.8823 88.8823 88.8823 88.8823 88.8823 88.8823 88.8823 88.8823 88.8823 
88.8823 88.8823 88.8823 88.8823 88.8823 88.8823 88.8823 88.8823 88.8823 88.8823 
88.8823 88.8823 88.8823 88.8823 88.8823 88.8823 88.8823 88.8823 88.8823 88.8823 
88.8823 88.8823 88.8823 88.8823 88.8823 88.8823 88.8823 88.8823 88.8823 88.8823 
88.8823 88.8823 88.8823 88.8823 88.8823 88.8823 88.8823 88.8823 88.8823 88.8823 
88.8823 88.8823 88.8823 88.8823 88.8823 88.8823 88.8823 88.8823 88.8823 88.8823 
88.8823 88.8823 88.8823 88.8823 88.8823 88.8823 88.8823 88.8823 88.8823 88.8823 
88.8823 88.8823 88.8823 88.8823 88.8823 88.8823 88.8823 88.8823 88.8823 88.8823 
88.8823 88.8823 88.8823 88.8823 88.8823 88.8823 88.8823 88.8823 88.8823 88.8823 
88.8823 88.8823 88.8823 88.8823 88.8823 88.8823 88.8823 88.8823 88.8823 88.8823 
88.8823 88.8823 88.8823 88.8823 88.8823 88.8823 88.8823 88.8823 88.8823 88.8823 
88.8823 88.8823 88.8823 88.8823 88.8823 88.8823 88.8823 88.8823 88.8823 88.8823 
88.8823 88.8823 88.8823 88.8823 88.8823 88.8823 88.8823 88.8823 88.8823 88.8823 
88.8823 88.8823 88.8823 88.8823 88.8823 88.8823 88.8823 88.8823 88.8823 88.8823 
88.8823 88.8823 88.8823 88.8823 88.8823 88.8823 88.8823 88.8823 88.8823 88.8823 
88.8823 88.8823 88.8823 88.8823 88.8823 88.8823 88.8823 88.8823 88.8823 88.8823 
88.8823 88.8823 88.8823 88.8823 88.8823 88.8823 88.8823 88.8823 88.8823 88.8823 
88.8823 88.8823 88.8823 88.8823 88.8823 88.8823 88.8823 88.8823 88.8823 88.8823 
88.8823 88.8823 88.8823 88.8823 88.8823 88.8823 88.8823 88.8823 88.8823 88.8823 
88.8823 88.8823 88.8823 88.8823 88.8823 88.8823 88.8823 88.8823 88.8823 88.8823 
88.8823 88.8823 88.8823 88.8823 88.8823 88.8823 88.8823 88.8823 88.8823 88.8823 
88.8823 88.8823 88.8823 88.8823 88.8823 88.8823 88.8823 88.8823 88.8823 88.8823 
88.8823 88.8823 88.8823 88.8823 88.8823 88.8823 88.8823 88.8823 88.8823 88.8823 
88.8823 88.8823 88.8823 88.8823 88.8823 88.8823 88.8823 88.8823 88.8823 88.8823 
88.8823 88.8823 88.8823 88.8823 88.8823 88.8823 88.8823 88.8823 88.8823 88.8823 
88.8823 88.8823 88.8823 88.8823 88.8823 88.8823 88.8823 88.8823 88.8823 88.8823 
88.8823 88.8823 88.8823 88.8823 88.8823 88.8823 88.8823 88.8823 88.8823 88.8823 
88.8823 88.8823 88.8823 88.8823 88.8823 88.8823 88.8823 88.8823 88.8823 88.8823 
88.8823 88.8823 88.8823 88.8823 88.8823 88.8823 88.8823 88.8823 88.8823 88.8823 
88.8823 88.8823 88.8823 88.8823 88.8823 88.8823 88.8823 88.8823 88.8823 88.8823 
88.8823 88.8823 88.8823 88.8823 88.8823 88.8823 88.8823 88.8823 88.8823 88.8823 
88.8823 88.8823 88.8823 88.8823 88.8823 88.8823 88.8823 88.8823 88.8823 88.8823 
88.8823 88.8823 88.8823 88.8823 88.8823 88.8823 88.8823 88.8823 88.8823 88.8823 
88.8823 88.8823 88.8823 88.8823 88.8823 88.8823 88.8823 88.8823 88.8823 88.8823 
88.8823 88.8823 88.8823 88.8823 88.8823 88.8823 88.8823 88.8823 88.8823 88.8823 
88.8823 88.8823 88.8823 88.8823 88.8823 88.8823 88.8823 88.8823 88.8823 88.8823 
88.8823 88.8823 88.8823 88.8823 88.8823 88.8823 88.8823 88.8823 88.8823 88.8823 
88.8823 88.8823 88.8823 88.8823 88.8823 88.8823 88.8823 88.8823 88.8823 88.8823 
88.8823 88.8823 88.8823 88.8823 88.8823 88.8823 88.8823 88.8823 88.8823 88.8823 
88.8823 88.8823 88.8823 88.8823 88.8823 88.8823 88.8823 88.8823 88.8823 88.8823 
88.8823 88.8823 88.8823 88.8823 88.8823 88.8823 88.8823 88.8823 88.8823 88.8823 
88.8823 88.8823 88.8823 88.8823 88.8823 88.8823 88.8823 88.8823 88.8823 88.8823 
88.8823 88.8823 88.8823 88.8823 88.8823 88.8823 88.8823 88.8823 88.8823 88.8823 
88.8823 88.8823 88.8823 88.8823 88.8823 88.8823 88.8823 88.8823 88.8823 88.8823 
88.8823 88.8823 88.8823 88.8823 88.8823 88.8823 88.8823 88.8823 88.8823 88.8823 
88.8823 88.8823 88.8823 88.8823 88.8823 88.8823 88.8823 88.8823 88.8823 88.8823 
88.8823 88.8823 88.8823 88.8823 88.8823 88.8823 88.8823 88.8823 88.8823 88.8823 
88.8823 88.8823 88.8823 88.8823 88.8823 88.8823 88.8823 88.8823 88.8823 88.8823 
88.8823 88.8823 88.8823 88.8823 88.8823 88.8823 88.8823 88.8823 88.8823 88.8823 
88.8823 88.8823 88.8823 88.8823 88.8823 88.8823 88.8823 88.8823 88.8823 88.8823 
88.8823 88.8823 88.8823 88.8823 88.8823 88.8823 88.8823 88.8823 88.8823 88.8823 
88.8823 88.8823 88.8823 88.8823 88.8823 88.8823 88.8823 88.8823 88.8823 88.8823 
88.8823 88.8823 88.8823 88.8823 88.8823 88.8823 88.8823 88.8823 88.8823 88.8823 
88.8823 88.8823 88.8823 88.8823 88.8823 88.8823 88.8823 88.8823 88.8823 88.8823 
88.8823 88.8823 88.8823 88.8823 88.8823 88.8823 88.8823 88.8823 88.8823 88.8823 
88.8823 88.8823 88.8823 88.8823 88.8823 88.8823 88.8823 88.8823 88.8823 88.8823 
88.8823 88.8823 88.8823 88.8823 88.8823 88.8823 88.8823 88.8823 88.8823 88.8823 
88.8823 88.8823 88.8823 88.8823 88.8823 88.8823 88.8823 88.8823 88.8823 88.8823 
88.8823 88.8823 88.8823 88.8823 88.8823 88.8823 88.8823 88.8823 88.8823 88.8823 
88.8823 88.8823 88.8823 88.8823 88.8823 88.8823 88.8823 88.8823 88.8823 88.8823 
88.8823 88.8823 88.8823 88.8823 88.8823 88.8823 88.8823 88.8823 88.8823 88.8823 
88.8823 88.8823 88.8823 88.8823 88.8823 88.8823 88.8823 88.8823 88.8823 88.8823 
88.8823 88.8823 88.8823 88.8823 88.8823 88.8823 88.8823 88.8823 88.8823 88.8823 
88.8823 88.8823 88.8823 88.8823 88.8823 88.8823 88.8823 88.8823 88.8823 88.8823 
88.8823 88.8823 88.8823 88.8823 88.8823 88.8823 88.8823 88.8823 88.8823 88.8823 
88.8823 88.8823 88.8823 88.8823 88.8823 88.8823 88.8823 88.8823 88.8823 88.8823 
88.8823 88.8823 88.8823 88.8823 88.8823 88.8823 88.8823 88.8823 88.8823 88.8823 
88.8823 88.8823 88.8823 88.8823 88.8823 88.8823 88.8823 88.8823 88.8823 88.8823 
88.8823 88.8823 88.8823 88.8823 88.8823 88.8823 88.8823 88.8823 88.8823 88.8823 
88.8823 88.8823 88.8823 88.8823 88.8823 88.8823 88.8823 88.8823 88.8823 88.8823 
88.8823 88.8823 88.8823 88.8823 88.8823 88.8823 88.8823 88.8823 88.8823 88.8823 
88.8823 88.8823 88.8823 88.8823 88.8823 88.8823 88.8823 88.8823 88.8823 88.8823 
88.8823 88.8823 88.8823 88.8823 88.8823 88.8823 88.8823 88.8823 88.8823 88.8823 
88.8823 88.8823 88.8823 88.8823 88.8823 88.8823 88.8823 88.8823 88.8823 88.8823 
88.8823 88.8823 88.8823 88.8823 88.8823 88.8823 88.8823 88.8823 88.8823 88.8823 
88.8823 88.8823 88.8823 88.8823 88.8823 88.8823 88.8823 88.8823 88.8823 88.8823 
88.8823 88.8823 88.8823 88.8823 88.8823 88.8823 88.8823 88.8823 88.8823 88.8823 
88.8823 88.8823 88.8823 88.8823 88.8823 88.8823 88.8823 88.8823 88.8823 88.8823 
88.8823 88.8823 88.8823 88.8823 88.8823 88.8823 88.8823 88.8823 88.8823 88.8823 
88.8823 88.8823 88.8823 88.8823 88.8823 88.8823 88.8823 88.8823 88.8823 88.8823 
88.8823 88.8823 88.8823 88.8823 88.8823 88.8823 88.8823 88.8823 88.8823 88.8823 
88.8823 88.8823 88.8823 88.8823 88.8823 88.8823 88.8823 88.8823 88.8823 88.8823 
88.8823 88.8823 88.8823 88.8823 88.8823 88.8823 88.8823 88.8823 88.8823 88.8823 
88.8823 88.8823 88.8823 88.8823 88.8823 88.8823 88.8823 88.8823 88.8823 88.8823 
88.8823 88.8823 88.8823 88.8823 88.8823 88.8823 88.8823 88.8823 88.8823 88.8823 
88.8823 88.8823 88.8823 88.8823 88.8823 88.8823 88.8823 88.8823 88.8823 88.8823 
88.8823 88.8823 88.8823 88.8823 88.8823 88.8823 88.8823 88.8823 88.8823 88.8823 
88.8823 88.8823 88.8823 88.8823 88.8823 88.8823 88.8823 88.8823 88.8823 88.8823 
88.8823 88.8823 88.8823 88.8823 88.8823 88.8823 88.8823 88.8823 88.8823 88.8823 
88.8823 88.8823 88.8823 88.8823 88.8823 88.8823 88.8823 88.8823 88.8823 88.8823 
88.8823 88.8823 88.8823 88.8823 88.8823 88.8823 88.8823 88.8823 88.8823 88.8823 
88.8823 88.8823 88.8823 88.8823 88.8823 88.8823 88.8823 88.8823 88.8823 88.8823 
88.8823 88.8823 88.8823 88.8823 88.8823 88.8823 88.8823 88.8823 88.8823 88.8823 
88.8823 88.8823 88.8823 88.8823 88.8823 88.8823 88.8823 88.8823 88.8823 88.8823 
88.8823 88.8823 88.8823 88.8823 88.8823 88.8823 88.8823 88.8823 88.8823 88.8823 
88.8823 88.8823 88.8823 88.8823 88.8823 88.8823 88.8823 88.8823 88.8823 88.8823 
88.8823 88.8823 88.8823 88.8823 88.8823 88.8823 88.8823 88.8823 88.8823 88.8823 
88.8823 88.8823 88.8823 88.8823 88.8823 88.8823 88.8823 88.8823 88.8823 88.8823 
88.8823 88.8823 88.8823 88.8823 88.8823 88.8823 88.8823 88.8823 88.8823 88.8823 
88.8823 88.8823 88.8823 88.8823 88.8823 88.8823 88.8823 88.8823 88.8823 88.8823 
88.8823 88.8823 88.8823 88.8823 88.8823 88.8823 88.8823 88.8823 88.8823 88.8823 
88.8823 88.8823 88.8823 88.8823 88.8823 88.8823 88.8823 88.8823 88.8823 88.8823 
88.8823 88.8823 88.8823 88.8823 88.8823 88.8823 88.8823 88.8823 88.8823 88.8823 
88.8823 88.8823 88.8823 88.8823 88.8823 88.8823 88.8823 88.8823 88.8823 88.8823 
88.8823 88.8823 88.8823 88.8823 88.8823 88.8823 88.8823 88.8823 88.8823 88.8823 
88.8823 88.8823 88.8823 88.8823 88.8823 88.8823 88.8823 88.8823 88.8823 88.8823 
88.8823 88.8823 88.8823 88.8823 88.8823 88.8823 88.8823 88.8823 88.8823 88.8823 
88.8823 88.8823 88.8823 88.8823 88.8823 88.8823 88.8823 88.8823 88.8823 88.8823 
88.8823 88.8823 88.8823 88.8823 88.8823 88.8823 88.8823 88.8823 88.8823 88.8823 
88.8823 88.8823 88.8823 88.8823 88.8823 88.8823 88.8823 88.8823 88.8823 88.8823 
88.8823 88.8823 88.8823 88.8823 88.8823 88.8823 88.8823 88.8823 88.8823 88.8823 
88.8823 88.8823 88.8823 88.8823 88.8823 88.8823 88.8823 88.8823 88.8823 88.8823 
88.8823 88.8823 88.8823 88.8823 88.8823 88.8823 88.8823 88.8823 88.8823 88.8823 
88.8823 88.8823 88.8823 88.8823 88.8823 88.8823 88.8823 88.8823 88.8823 88.8823 
88.8823 88.8823 88.8823 88.8823 88.8823 88.8823 88.8823 88.8823 88.8823 88.8823 
88.8823 88.8823 88.8823 88.8823 88.8823 88.8823 88.8823 88.8823 88.8823 88.8823 
88.8823 88.8823 88.8823 88.8823 88.8823 88.8823 88.8823 88.8823 88.8823 88.8823 
88.8823 88.8823 88.8823 88.8823 88.8823 88.8823 88.8823 88.8823 88.8823 88.8823 
88.8823 88.8823 88.8823 88.8823 88.8823 88.8823 88.8823 88.8823 88.8823 88.8823 
88.8823 88.8823 88.8823 88.8823 88.8823 88.8823 88.8823 88.8823 88.8823 88.8823 
88.8823 88.8823 88.8823 88.8823 88.8823 88.8823 88.8823 88.8823 88.8823 88.8823 
88.8823 88.8823 88.8823 88.8823 88.8823 88.8823 88.8823 88.8823 88.8823 88.8823 
88.8823 88.8823 88.8823 88.8823 88.8823 88.8823 88.8823 88.8823 88.8823 88.8823 
88.8823 88.8823 88.8823 88.8823 88.8823 88.8823 88.8823 88.8823 88.8823 88.8823 
88.8823 88.8823 88.8823 88.8823 88.8823 88.8823 88.8823 88.8823 88.8823 88.8823 
88.8823 88.8823 88.8823 88.8823 88.8823 88.8823 88.8823 88.8823 88.8823 88.8823 
88.8823 88.8823 88.8823 88.8823 88.8823 88.8823 88.8823 88.8823 88.8823 88.8823 
88.8823 88.8823 88.8823 88.8823 88.8823 88.8823 88.8823 88.8823 88.8823 88.8823 
88.8823 88.8823 88.8823 88.8823 88.8823 88.8823 88.8823 88.8823 88.8823 88.8823 
88.8823 88.8823 88.8823 88.8823 88.8823 88.8823 88.8823 88.8823 88.8823 88.8823 
88.8823 88.8823 88.8823 88.8823 88.8823 88.8823 88.8823 88.8823 88.8823 88.8823 
88.8823 88.8823 88.8823 88.8823 88.8823 88.8823 88.8823 88.8823 88.8823 88.8823 
88.8823 88.8823 88.8823 88.8823 88.8823 88.8823 88.8823 88.8823 88.8823 88.8823 
88.8823 88.8823 88.8823 88.8823 88.8823 88.8823 88.8823 88.8823 88.8823 88.8823 
88.8823 88.8823 88.8823 88.8823 88.8823 88.8823 88.8823 88.8823 88.8823 88.8823 
88.8823 88.8823 88.8823 88.8823 88.8823 88.8823 88.8823 88.8823 88.8823 88.8823 
88.8823 88.8823 88.8823 88.8823 88.8823 88.8823 88.8823 88.8823 88.8823 88.8823 
88.8823 88.8823 88.8823 88.8823 88.8823 88.8823 88.8823 88.8823 88.8823 88.8823 
88.8823 88.8823 88.8823 88.8823 88.8823 88.8823 88.8823 88.8823 88.8823 88.8823 
88.8823 88.8823 88.8823 88.8823 88.8823 88.8823 88.8823 88.8823 88.8823 88.8823 
88.8823 88.8823 88.8823 88.8823 88.8823 88.8823 88.8823 88.8823 88.8823 88.8823 
88.8823 88.8823 88.8823 88.8823 88.8823 88.8823 88.8823 88.8823 88.8823 88.8823 
88.8823 88.8823 88.8823 88.8823 88.8823 88.8823 88.8823 88.8823 88.8823 88.8823 
88.8823 88.8823 88.8823 88.8823 88.8823 88.8823 88.8823 88.8823 88.8823 88.8823 
88.8823 88.8823 88.8823 88.8823 88.8823 88.8823 88.8823 88.8823 88.8823 88.8823 
88.8823 88.8823 88.8823 88.8823 88.8823 88.8823 88.8823 88.8823 88.8823 88.8823 
88.8823 88.8823 88.8823 88.8823 88.8823 88.8823 88.8823 88.8823 88.8823 88.8823 
88.8823 88.8823 88.8823 88.8823 88.8823 88.8823 88.8823 88.8823 88.8823 88.8823 
88.8823 88.8823 88.8823 88.8823 88.8823 88.8823 88.8823 88.8823 88.8823 88.8823 
88.8823 88.8823 88.8823 88.8823 88.8823 88.8823 88.8823 88.8823 88.8823 88.8823 
88.8823 88.8823 88.8823 88.8823 88.8823 88.8823 88.8823 88.8823 88.8823 88.8823 
88.8823 88.8823 88.8823 88.8823 88.8823 88.8823 88.8823 88.8823 88.8823 88.8823 
88.8823 88.8823 88.8823 88.8823 88.8823 88.8823 88.8823 88.8823 88.8823 88.8823 
88.8823 88.8823 88.8823 88.8823 88.8823 88.8823 88.8823 88.8823 88.8823 88.8823 
88.8823 88.8823 88.8823 88.8823 88.8823 88.8823 88.8823 88.8823 88.8823 88.8823 
88.8823 88.8823 88.8823 88.8823 88.8823 88.8823 88.8823 88.8823 88.8823 88.8823 
88.8823 88.8823 88.8823 88.8823 88.8823 88.8823 88.8823 88.8823 88.8823 88.8823 
88.8823 88.8823 88.8823 88.8823 88.8823 88.8823 88.8823 88.8823 88.8823 88.8823 
88.8823 88.8823 88.8823 88.8823 88.8823 88.8823 88.8823 88.8823 88.8823 88.8823 
88.8823 88.8823 88.8823 88.8823 88.8823 88.8823 88.8823 88.8823 88.8823 88.8823 
88.8823 88.8823 88.8823 88.8823 88.8823 88.8823 88.8823 88.8823 88.8823 88.8823 
88.8823 88.8823 88.8823 88.8823 88.8823 88.8823 88.8823 88.8823 88.8823 88.8823 
88.8823 88.8823 88.8823 88.8823 88.8823 88.8823 88.8823 88.8823 88.8823 88.8823 
88.8823 88.8823 88.8823 88.8823 88.8823 88.8823 88.8823 88.8823 88.8823 88.8823 
88.8823 88.8823 88.8823 88.8823 88.8823 88.8823 88.8823 88.8823 88.8823 88.8823 
88.8823 88.8823 88.8823 88.8823 88.8823 88.8823 88.8823 88.8823 88.8823 88.8823 
88.8823 88.8823 88.8823 88.8823 88.8823 88.8823 88.8823 88.8823 88.8823 88.8823 
88.8823 88.8823 88.8823 88.8823 88.8823 88.8823 88.8823 88.8823 88.8823 88.8823 
88.8823 88.8823 88.8823 88.8823 88.8823 88.8823 88.8823 88.8823 88.8823 88.8823 
88.8823 88.8823 88.8823 88.8823 88.8823 88.8823 88.8823 88.8823 88.8823 88.8823 
88.8823 88.8823 88.8823 88.8823 88.8823 88.8823 88.8823 88.8823 88.8823 88.8823 
88.8823 88.8823 88.8823 88.8823 88.8823 88.8823 88.8823 88.8823 88.8823 88.8823 
88.8823 88.8823 88.8823 88.8823 88.8823 88.8823 88.8823 88.8823 88.8823 88.8823 
88.8823 88.8823 88.8823 88.8823 88.8823 88.8823 88.8823 88.8823 88.8823 88.8823 
88.8823 88.8823 88.8823 88.8823 88.8823 88.8823 88.8823 88.8823 88.8823 88.8823 
88.8823 88.8823 88.8823 88.8823 88.8823 88.8823 88.8823 88.8823 88.8823 88.8823 
88.8823 88.8823 88.8823 88.8823 88.8823 88.8823 88.8823 88.8823 88.8823 88.8823 
88.8823 88.8823 88.8823 88.8823 88.8823 88.8823 88.8823 88.8823 88.8823 88.8823 
88.8823 88.8823 88.8823 88.8823 88.8823 88.8823 88.8823 88.8823 88.8823 88.8823 
88.8823 88.8823 88.8823 88.8823 88.8823 88.8823 88.8823 88.8823 88.8823 88.8823 
88.8823 88.8823 88.8823 88.8823 88.8823 88.8823 88.8823 88.8823 88.8823 88.8823 
88.8823 88.8823 88.8823 88.8823 88.8823 88.8823 88.8823 88.8823 88.8823 88.8823 
88.8823 88.8823 88.8823 88.8823 88.8823 88.8823 88.8823 88.8823 88.8823 88.8823 
88.8823 88.8823 88.8823 88.8823 88.8823 88.8823 88.8823 88.8823 88.8823 88.8823 
88.8823 88.8823 88.8823 88.8823 88.8823 88.8823 88.8823 88.8823 88.8823 88.8823 
88.8823 88.8823 88.8823 88.8823 88.8823 88.8823 88.8823 88.8823 88.8823 88.8823 
88.8823 88.8823 88.8823 88.8823 88.8823 88.8823 88.8823 88.8823 88.8823 88.8823 
88.8823 88.8823 88.8823 88.8823 88.8823 88.8823 88.8823 88.8823 88.8823 88.8823 
88.8823 88.8823 88.8823 88.8823 88.8823 88.8823 88.8823 88.8823 88.8823 88.8823 
88.8823 88.8823 88.8823 88.8823 88.8823 88.8823 88.8823 88.8823 88.8823 88.8823 
88.8823 88.8823 88.8823 88.8823 88.8823 88.8823 88.8823 88.8823 88.8823 88.8823 
88.8823 88.8823 88.8823 88.8823 88.8823 88.8823 88.8823 88.8823 88.8823 88.8823 
88.8823 88.8823 88.8823 88.8823 88.8823 88.8823 88.8823 88.8823 88.8823 88.8823 
88.8823 88.8823 88.8823 88.8823 88.8823 88.8823 88.8823 88.8823 88.8823 88.8823 
88.8823 88.8823 88.8823 88.8823 88.8823 88.8823 88.8823 88.8823 88.8823 88.8823 
88.8823 88.8823 88.8823 88.8823 88.8823 88.8823 88.8823 88.8823 88.8823 88.8823 
88.8823 88.8823 88.8823 88.8823 88.8823 88.8823 88.8823 88.8823 88.8823 88.8823 
88.8823 88.8823 88.8823 88.8823 88.8823 88.8823 88.8823 88.8823 88.8823 88.8823 
88.8823 88.8823 88.8823 88.8823 88.8823 88.8823 88.8823 88.8823 88.8823 88.8823 
88.8823 88.8823 88.8823 88.8823 88.8823 88.8823 88.8823 88.8823 88.8823 88.8823 
88.8823 88.8823 88.8823 88.8823 88.8823 88.8823 88.8823 88.8823 88.8823 88.8823 
88.8823 88.8823 88.8823 88.8823 88.8823 88.8823 88.8823 88.8823 88.8823 88.8823 
88.8823 88.8823 88.8823 88.8823 88.8823 88.8823 88.8823 88.8823 88.8823 88.8823 
88.8823 88.8823 88.8823 88.8823 88.8823 88.8823 88.8823 88.8823 88.8823 88.8823 
88.8823 88.8823 88.8823 88.8823 88.8823 88.8823 88.8823 88.8823 88.8823 88.8823 
88.8823 88.8823 88.8823 88.8823 88.8823 88.8823 88.8823 88.8823 88.8823 88.8823 
88.8823 88.8823 88.8823 88.8823 88.8823 88.8823 88.8823 88.8823 88.8823 88.8823 
88.8823 88.8823 88.8823 88.8823 88.8823 88.8823 88.8823 88.8823 88.8823 88.8823 
88.8823 88.8823 88.8823 88.8823 88.8823 88.8823 88.8823 88.8823 88.8823 88.8823 
88.8823 88.8823 88.8823 88.8823 88.8823 88.8823 88.8823 88.8823 88.8823 88.8823 
88.8823 88.8823 88.8823 88.8823 88.8823 88.8823 88.8823 88.8823 88.8823 88.8823 
88.8823 88.8823 88.8823 88.8823 88.8823 88.8823 88.8823 88.8823 88.8823 88.8823 
88.8823 88.8823 88.8823 88.8823 88.8823 88.8823 88.8823 88.8823 88.8823 88.8823 
88.8823 88.8823 88.8823 88.8823 88.8823 88.8823 88.8823 88.8823 88.8823 88.8823 
88.8823 88.8823 88.8823 88.8823 88.8823 88.8823 88.8823 88.8823 88.8823 88.8823 
88.8823 88.8823 88.8823 88.8823 88.8823 88.8823 88.8823 88.8823 88.8823 88.8823 
88.8823 88.8823 88.8823 88.8823 88.8823 88.8823 88.8823 88.8823 88.8823 88.8823 
88.8823 88.8823 88.8823 88.8823 88.8823 88.8823 88.8823 88.8823 88.8823 88.8823 
88.8823 88.8823 88.8823 88.8823 88.8823 88.8823 88.8823 88.8823 88.8823 88.8823 
88.8823 88.8823 88.8823 88.8823 88.8823 88.8823 88.8823 88.8823 88.8823 88.8823 
88.8823 88.8823 88.8823 88.8823 88.8823 88.8823 88.8823 88.8823 88.8823 88.8823 
88.8823 88.8823 88.8823 88.8823 88.8823 88.8823 88.8823 88.8823 88.8823 88.8823 
88.8823 88.8823 88.8823 88.8823 88.8823 88.8823 88.8823 88.8823 88.8823 88.8823 
88.8823 88.8823 88.8823 88.8823 88.8823 88.8823 88.8823 88.8823 88.8823 88.8823 
88.8823 88.8823 88.8823 88.8823 88.8823 88.8823 88.8823 88.8823 88.8823 88.8823 
88.8823 88.8823 88.8823 88.8823 88.8823 88.8823 88.8823 88.8823 88.8823 88.8823 
88.8823 88.8823 88.8823 88.8823 88.8823 88.8823 88.8823 88.8823 88.8823 88.8823 
88.8823 88.8823 88.8823 88.8823 88.8823 88.8823 88.8823 88.8823 88.8823 88.8823 
88.8823 88.8823 88.8823 88.8823 88.8823 88.8823 88.8823 88.8823 88.8823 88.8823 
88.8823 88.8823 88.8823 88.8823 88.8823 88.8823 88.8823 88.8823 88.8823 88.8823 
88.8823 88.8823 88.8823 88.8823 88.8823 88.8823 88.8823 88.8823 88.8823 88.8823 
88.8823 88.8823 88.8823 88.8823 88.8823 88.8823 88.8823 88.8823 88.8823 88.8823 
88.8823 88.8823 88.8823 88.8823 88.8823 88.8823 88.8823 88.8823 88.8823 88.8823 
88.8823 88.8823 88.8823 88.8823 88.8823 88.8823 88.8823 88.8823 88.8823 88.8823 
88.8823 88.8823 88.8823 88.8823 88.8823 88.8823 88.8823 88.8823 88.8823 88.8823 
88.8823 88.8823 88.8823 88.8823 88.8823 88.8823 88.8823 88.8823 88.8823 88.8823 
88.8823 88.8823 88.8823 88.8823 88.8823 88.8823 88.8823 88.8823 88.8823 88.8823 
88.8823 88.8823 88.8823 88.8823 88.8823 88.8823 88.8823 88.8823 88.8823 88.8823 
88.8823 88.8823 88.8823 88.8823 88.8823 88.8823 88.8823 88.8823 88.8823 88.8823 
88.8823 88.8823 88.8823 88.8823 88.8823 88.8823 88.8823 88.8823 88.8823 88.8823 
88.8823 88.8823 88.8823 88.8823 88.8823 88.8823 88.8823 88.8823 88.8823 88.8823 
88.8823 88.8823 88.8823 88.8823 88.8823 88.8823 88.8823 88.8823 88.8823 88.8823 
88.8823 88.8823 88.8823 88.8823 88.8823 88.8823 88.8823 88.8823 88.8823 88.8823 
88.8823 88.8823 88.8823 88.8823 88.8823 88.8823 88.8823 88.8823 88.8823 88.8823 
88.8823 88.8823 88.8823 88.8823 88.8823 88.8823 88.8823 88.8823 88.8823 88.8823 
88.8823 88.8823 88.8823 88.8823 88.8823 88.8823 88.8823 88.8823 88.8823 88.8823 
88.8823 88.8823 88.8823 88.8823 88.8823 88.8823 88.8823 88.8823 88.8823 88.8823 
88.8823 88.8823 88.8823 88.8823 88.8823 88.8823 88.8823 88.8823 88.8823 88.8823 
88.8823 88.8823 88.8823 88.8823 88.8823 88.8823 88.8823 88.8823 88.8823 88.8823 
88.8823 88.8823 88.8823 88.8823 88.8823 88.8823 88.8823 88.8823 88.8823 88.8823 
88.8823 88.8823 88.8823 88.8823 88.8823 88.8823 88.8823 88.8823 88.8823 88.8823 
88.8823 88.8823 88.8823 88.8823 88.8823 88.8823 88.8823 88.8823 88.8823 88.8823 
88.8823 88.8823 88.8823 88.8823 88.8823 88.8823 88.8823 88.8823 88.8823 88.8823 
88.8823 88.8823 88.8823 88.8823 88.8823 88.8823 88.8823 88.8823 88.8823 88.8823 
88.8823 88.8823 88.8823 88.8823 88.8823 88.8823 88.8823 88.8823 88.8823 88.8823 
88.8823 88.8823 88.8823 88.8823 88.8823 88.8823 88.8823 88.8823 88.8823 88.8823 
88.8823 88.8823 88.8823 88.8823 88.8823 88.8823 88.8823 88.8823 88.8823 88.8823 
88.8823 88.8823 88.8823 88.8823 88.8823 88.8823 88.8823 88.8823 88.8823 88.8823 
88.8823 88.8823 88.8823 88.8823 88.8823 88.8823 88.8823 88.8823 88.8823 88.8823 
88.8823 88.8823 88.8823 88.8823 88.8823 88.8823 88.8823 88.8823 88.8823 88.8823 
88.8823 88.8823 88.8823 88.8823 88.8823 88.8823 88.8823 88.8823 88.8823 88.8823 
88.8823 88.8823 88.8823 88.8823 88.8823 88.8823 88.8823 88.8823 88.8823 88.8823 
88.8823 88.8823 88.8823 88.8823 88.8823 88.8823 88.8823 88.8823 88.8823 88.8823 
88.8823 88.8823 88.8823 88.8823 88.8823 88.8823 88.8823 88.8823 88.8823 88.8823 
88.8823 88.8823 88.8823 88.8823 88.8823 88.8823 88.8823 88.8823 88.8823 88.8823 
88.8823 88.8823 88.8823 88.8823 88.8823 88.8823 88.8823 88.8823 88.8823 88.8823 
88.8823 88.8823 88.8823 88.8823 88.8823 88.8823 88.8823 88.8823 88.8823 88.8823 
88.8823 88.8823 88.8823 88.8823 88.8823 88.8823 88.8823 88.8823 88.8823 88.8823 
88.8823 88.8823 88.8823 88.8823 88.8823 88.8823 88.8823 88.8823 88.8823 88.8823 
88.8823 88.8823 88.8823 88.8823 88.8823 88.8823 88.8823 88.8823 88.8823 88.8823 
88.8823 88.8823 88.8823 88.8823 88.8823 88.8823 88.8823 88.8823 88.8823 88.8823 
88.8823 88.8823 88.8823 88.8823 88.8823 88.8823 88.8823 88.8823 88.8823 88.8823 
88.8823 88.8823 88.8823 88.8823 88.8823 88.8823 88.8823 88.8823 88.8823 88.8823 
88.8823 88.8823 88.8823 88.8823 88.8823 88.8823 88.8823 88.8823 88.8823 88.8823 
88.8823 88.8823 88.8823 88.8823 88.8823 88.8823 88.8823 88.8823 88.8823 88.8823 
88.8823 88.8823 88.8823 88.8823 88.8823 88.8823 88.8823 88.8823 88.8823 88.8823 
88.8823 88.8823 88.8823 88.8823 88.8823 88.8823 88.8823 88.8823 88.8823 88.8823 
88.8823 88.8823 88.8823 88.8823 88.8823 88.8823 88.8823 88.8823 88.8823 88.8823 
88.8823 88.8823 88.8823 88.8823 88.8823 88.8823 88.8823 88.8823 88.8823 88.8823 
88.8823 88.8823 88.8823 88.8823 88.8823 88.8823 88.8823 88.8823 88.8823 88.8823 
88.8823 88.8823 88.8823 88.8823 88.8823 88.8823 88.8823 88.8823 88.8823 88.8823 
88.8823 88.8823 88.8823 88.8823 88.8823 88.8823 88.8823 88.8823 88.8823 88.8823 
88.8823 88.8823 88.8823 88.8823 88.8823 88.8823 88.8823 88.8823 88.8823 88.8823 
88.8823 88.8823 88.8823 88.8823 88.8823 88.8823 88.8823 88.8823 88.8823 88.8823 
88.8823 88.8823 88.8823 88.8823 88.8823 88.8823 88.8823 88.8823 88.8823 88.8823 
88.8823 88.8823 88.8823 88.8823 88.8823 88.8823 88.8823 88.8823 88.8823 88.8823 
88.8823 88.8823 88.8823 88.8823 88.8823 88.8823 88.8823 88.8823 88.8823 88.8823 
88.8823 88.8823 88.8823 88.8823 88.8823 88.8823 88.8823 88.8823 88.8823 88.8823 
88.8823 88.8823 88.8823 88.8823 88.8823 88.8823 88.8823 88.8823 88.8823 88.8823 
88.8823 88.8823 88.8823 88.8823 88.8823 88.8823 88.8823 88.8823 88.8823 88.8823 
88.8823 88.8823 88.8823 88.8823 88.8823 88.8823 88.8823 88.8823 88.8823 88.8823 
88.8823 88.8823 88.8823 88.8823 88.8823 88.8823 88.8823 88.8823 88.8823 88.8823 
88.8823 88.8823 88.8823 88.8823 88.8823 88.8823 88.8823 88.8823 88.8823 88.8823 
88.8823 88.8823 88.8823 88.8823 88.8823 88.8823 88.8823 88.8823 88.8823 88.8823 
88.8823 88.8823 88.8823 88.8823 88.8823 88.8823 88.8823 88.8823 88.8823 88.8823 
88.8823 88.8823 88.8823 88.8823 88.8823 88.8823 88.8823 88.8823 88.8823 88.8823 
88.8823 88.8823 88.8823 88.8823 88.8823 88.8823 88.8823 88.8823 88.8823 88.8823 
88.8823 88.8823 88.8823 88.8823 88.8823 88.8823 88.8823 88.8823 88.8823 88.8823 
88.8823 88.8823 88.8823 88.8823 88.8823 88.8823 88.8823 88.8823 88.8823 88.8823 
88.8823 88.8823 88.8823 88.8823 88.8823 88.8823 88.8823 88.8823 88.8823 88.8823 
88.8823 88.8823 88.8823 88.8823 88.8823 88.8823 88.8823 88.8823 88.8823 88.8823 
88.8823 88.8823 88.8823 88.8823 88.8823 88.8823 88.8823 88.8823 88.8823 88.8823 
88.8823 88.8823 88.8823 88.8823 88.8823 88.8823 88.8823 88.8823 88.8823 88.8823 
88.8823 88.8823 88.8823 88.8823 88.8823 88.8823 88.8823 88.8823 88.8823 88.8823 
88.8823 88.8823 88.8823 88.8823 88.8823 88.8823 88.8823 88.8823 88.8823 88.8823 
88.8823 88.8823 88.8823 88.8823 88.8823 88.8823 88.8823 88.8823 88.8823 88.8823 
88.8823 88.8823 88.8823 88.8823 88.8823 88.8823 88.8823 88.8823 88.8823 88.8823 
88.8823 88.8823 88.8823 88.8823 88.8823 88.8823 88.8823 88.8823 88.8823 88.8823 
88.8823 88.8823 88.8823 88.8823 88.8823 88.8823 88.8823 88.8823 88.8823 88.8823 
88.8823 88.8823 88.8823 88.8823 88.8823 88.8823 88.8823 88.8823 88.8823 88.8823 
88.8823 88.8823 88.8823 88.8823 88.8823 88.8823 88.8823 88.8823 88.8823 88.8823 
88.8823 88.8823 88.8823 88.8823 88.8823 88.8823 88.8823 88.8823 88.8823 88.8823 
88.8823 88.8823 88.8823 88.8823 88.8823 88.8823 88.8823 88.8823 88.8823 88.8823 
88.8823 88.8823 88.8823 88.8823 88.8823 88.8823 88.8823 88.8823 88.8823 88.8823 
88.8823 88.8823 88.8823 88.8823 88.8823 88.8823 88.8823 88.8823 88.8823 88.8823 
88.8823 88.8823 88.8823 88.8823 88.8823 88.8823 88.8823 88.8823 88.8823 88.8823 
88.8823 88.8823 88.8823 88.8823 88.8823 88.8823 88.8823 88.8823 88.8823 88.8823 
88.8823 88.8823 88.8823 88.8823 88.8823 SCALARS Outer_Radius float 1
LOOKUP_TABLE default
0.156034 0.156034 0.156034 0.156034 0.156034 0.156034 0.156034 0.156034 0.156034 
0.156034 0.156034 0.156034 0.156034 0.156034 0.156034 0.156034 0.156034 0.156034 0.156034 
0.156034 0.156034 0.156034 0.156034 0.156034 0.156034 0.156034 0.156034 0.156034 0.156034 
0.156034 0.156034 0.156034 0.156034 0.156034 0.156034 0.156034 0.156034 0.156034 0.156034 
0.156034 0.156034 0.156034 0.156034 0.156034 0.156034 0.156034 0.156034 0.156034 0.156034 
0.156034 0.156034 0.156034 0.156034 0.156034 0.156034 0.156034 0.156034 0.156034 0.156034 
0.156034 0.156034 0.156034 0.156034 0.156034 0.156034 0.156034 0.156034 0.156034 0.156034 
0.156034 0.156034 0.156034 0.156034 0.156034 0.156034 0.156034 0.156034 0.156034 0.156034 
0.156034 0.156034 0.156034 0.156034 0.156034 0.156034 0.156034 0.156034 0.156034 0.156034 
0.156034 0.156034 0.156034 0.156034 0.156034 0.156034 0.156034 0.156034 0.156034 0.156034 
0.156034 0.156034 0.156034 0.156034 0.156034 0.156034 0.156034 0.156034 0.156034 0.156034 
0.156034 0.156034 0.156034 0.156034 0.156034 0.156034 0.156034 0.156034 0.156034 0.156034 
0.156034 0.156034 0.156034 0.156034 0.156034 0.156034 0.156034 0.156034 0.156034 0.156034 
0.156034 0.156034 0.156034 0.156034 0.156034 0.156034 0.156034 0.156034 0.156034 0.156034 
0.156034 0.156034 0.156034 0.156034 0.156034 0.156034 0.156034 0.156034 0.156034 0.156034 
0.156034 0.156034 0.156034 0.156034 0.156034 0.156034 0.156034 0.156034 0.156034 0.156034 
0.156034 0.156034 0.156034 0.156034 0.156034 0.156034 0.156034 0.156034 0.156034 0.156034 
0.156034 0.156034 0.156034 0.156034 0.156034 0.156034 0.156034 0.156034 0.156034 0.156034 
0.156034 0.156034 0.156034 0.156034 0.156034 0.156034 0.156034 0.156034 0.156034 0.156034 
0.156034 0.156034 0.156034 0.156034 0.156034 0.156034 0.156034 0.156034 0.156034 0.156034 
0.156034 0.156034 0.156034 0.156034 0.156034 0.156034 0.156034 0.156034 0.156034 0.156034 
0.156034 0.156034 0.156034 0.156034 0.156034 0.156034 0.156034 0.156034 0.156034 0.156034 
0.156034 0.156034 0.156034 0.156034 0.156034 0.156034 0.156034 0.156034 0.156034 0.156034 
0.156034 0.156034 0.156034 0.156034 0.156034 0.156034 0.156034 0.156034 0.156034 0.156034 
0.156034 0.156034 0.156034 0.156034 0.156034 0.156034 0.156034 0.156034 0.156034 0.156034 
0.156034 0.156034 0.156034 0.156034 0.156034 0.156034 0.156034 0.156034 0.156034 0.156034 
0.156034 0.156034 0.156034 0.156034 0.156034 0.156034 0.156034 0.156034 0.156034 0.156034 
0.156034 0.156034 0.156034 0.156034 0.156034 0.156034 0.156034 0.156034 0.156034 0.156034 
0.156034 0.156034 0.156034 0.156034 0.156034 0.156034 0.156034 0.156034 0.156034 0.156034 
0.156034 0.156034 0.156034 0.156034 0.156034 0.156034 0.156034 0.156034 0.156034 0.156034 
0.156034 0.156034 0.156034 0.156034 0.156034 0.156034 0.156034 0.156034 0.156034 0.156034 
0.156034 0.156034 0.156034 0.156034 0.156034 0.156034 0.156034 0.156034 0.156034 0.156034 
0.156034 0.156034 0.156034 0.156034 0.156034 0.156034 0.156034 0.156034 0.156034 0.156034 
0.156034 0.156034 0.156034 0.156034 0.156034 0.156034 0.156034 0.156034 0.156034 0.156034 
0.156034 0.156034 0.156034 0.156034 0.156034 0.156034 0.156034 0.156034 0.156034 0.156034 
0.156034 0.156034 0.156034 0.156034 0.156034 0.156034 0.156034 0.156034 0.156034 0.156034 
0.156034 0.156034 0.156034 0.156034 0.156034 0.156034 0.156034 0.156034 0.156034 0.156034 
0.156034 0.156034 0.156034 0.156034 0.156034 0.156034 0.156034 0.156034 0.156034 0.156034 
0.156034 0.156034 0.156034 0.156034 0.156034 0.156034 0.156034 0.156034 0.156034 0.156034 
0.156034 0.156034 0.156034 0.156034 0.156034 0.156034 0.156034 0.156034 0.156034 0.156034 
0.156034 0.156034 0.156034 0.156034 0.156034 0.156034 0.156034 0.156034 0.156034 0.156034 
0.156034 0.156034 0.156034 0.156034 0.156034 0.156034 0.156034 0.156034 0.156034 0.156034 
0.156034 0.156034 0.156034 0.156034 0.156034 0.156034 0.156034 0.156034 0.156034 0.156034 
0.156034 0.156034 0.156034 0.156034 0.156034 0.156034 0.156034 0.156034 0.156034 0.156034 
0.156034 0.156034 0.156034 0.156034 0.156034 0.156034 0.156034 0.156034 0.156034 0.156034 
0.156034 0.156034 0.156034 0.156034 0.156034 0.156034 0.156034 0.156034 0.156034 0.156034 
0.156034 0.156034 0.156034 0.156034 0.156034 0.156034 0.156034 0.156034 0.156034 0.156034 
0.156034 0.156034 0.156034 0.156034 0.156034 0.156034 0.156034 0.156034 0.156034 0.156034 
0.156034 0.156034 0.156034 0.156034 0.156034 0.156034 0.156034 0.156034 0.156034 0.156034 
0.156034 0.156034 0.156034 0.156034 0.156034 0.156034 0.156034 0.156034 0.156034 0.156034 
0.156034 0.156034 0.156034 0.156034 0.156034 0.156034 0.156034 0.156034 0.156034 0.156034 
0.156034 0.156034 0.156034 0.156034 0.156034 0.156034 0.156034 0.156034 0.156034 0.156034 
0.156034 0.156034 0.156034 0.156034 0.156034 0.156034 0.156034 0.156034 0.156034 0.156034 
0.156034 0.156034 0.156034 0.156034 0.156034 0.156034 0.156034 0.156034 0.156034 0.156034 
0.156034 0.156034 0.156034 0.156034 0.156034 0.156034 0.156034 0.156034 0.156034 0.156034 
0.156034 0.156034 0.156034 0.156034 0.156034 0.156034 0.156034 0.156034 0.156034 0.156034 
0.156034 0.156034 0.156034 0.156034 0.156034 0.156034 0.156034 0.156034 0.156034 0.156034 
0.156034 0.156034 0.156034 0.156034 0.156034 0.156034 0.156034 0.156034 0.156034 0.156034 
0.156034 0.156034 0.156034 0.156034 0.156034 0.156034 0.156034 0.156034 0.156034 0.156034 
0.156034 0.156034 0.156034 0.156034 0.156034 0.156034 0.156034 0.156034 0.156034 0.156034 
0.156034 0.156034 0.156034 0.156034 0.156034 0.156034 0.156034 0.156034 0.156034 0.156034 
0.156034 0.156034 0.156034 0.156034 0.156034 0.156034 0.156034 0.156034 0.156034 0.156034 
0.156034 0.156034 0.156034 0.156034 0.156034 0.156034 0.156034 0.156034 0.156034 0.156034 
0.156034 0.156034 0.156034 0.156034 0.156034 0.156034 0.156034 0.156034 0.156034 0.156034 
0.156034 0.156034 0.156034 0.156034 0.156034 0.156034 0.156034 0.156034 0.156034 0.156034 
0.156034 0.156034 0.156034 0.156034 0.156034 0.156034 0.156034 0.156034 0.156034 0.156034 
0.156034 0.156034 0.156034 0.156034 0.156034 0.156034 0.156034 0.156034 0.156034 0.156034 
0.156034 0.156034 0.156034 0.156034 0.156034 0.156034 0.156034 0.156034 0.156034 0.156034 
0.156034 0.156034 0.156034 0.156034 0.156034 0.156034 0.156034 0.156034 0.156034 0.156034 
0.156034 0.156034 0.156034 0.156034 0.156034 0.156034 0.156034 0.156034 0.156034 0.156034 
0.156034 0.156034 0.156034 0.156034 0.156034 0.156034 0.156034 0.156034 0.156034 0.156034 
0.156034 0.156034 0.156034 0.156034 0.156034 0.156034 0.156034 0.156034 0.156034 0.156034 
0.156034 0.156034 0.156034 0.156034 0.156034 0.156034 0.156034 0.156034 0.156034 0.156034 
0.156034 0.156034 0.156034 0.156034 0.156034 0.156034 0.156034 0.156034 0.156034 0.156034 
0.156034 0.156034 0.156034 0.156034 0.156034 0.156034 0.156034 0.156034 0.156034 0.156034 
0.156034 0.156034 0.156034 0.156034 0.156034 0.156034 0.156034 0.156034 0.156034 0.156034 
0.156034 0.156034 0.156034 0.156034 0.156034 0.156034 0.156034 0.156034 0.156034 0.156034 
0.156034 0.156034 0.156034 0.156034 0.156034 0.156034 0.156034 0.156034 0.156034 0.156034 
0.156034 0.156034 0.156034 0.156034 0.156034 0.156034 0.156034 0.156034 0.156034 0.156034 
0.156034 0.156034 0.156034 0.156034 0.156034 0.156034 0.156034 0.156034 0.156034 0.156034 
0.156034 0.156034 0.156034 0.156034 0.156034 0.156034 0.156034 0.156034 0.156034 0.156034 
0.156034 0.156034 0.156034 0.156034 0.156034 0.156034 0.156034 0.156034 0.156034 0.156034 
0.156034 0.156034 0.156034 0.156034 0.156034 0.156034 0.156034 0.156034 0.156034 0.156034 
0.156034 0.156034 0.156034 0.156034 0.156034 0.156034 0.156034 0.156034 0.156034 0.156034 
0.156034 0.156034 0.156034 0.156034 0.156034 0.156034 0.156034 0.156034 0.156034 0.156034 
0.156034 0.156034 0.156034 0.156034 0.156034 0.156034 0.156034 0.156034 0.156034 0.156034 
0.156034 0.156034 0.156034 0.156034 0.156034 0.156034 0.156034 0.156034 0.156034 0.156034 
0.156034 0.156034 0.156034 0.156034 0.156034 0.156034 0.156034 0.156034 0.156034 0.156034 
0.156034 0.156034 0.156034 0.156034 0.156034 0.156034 0.156034 0.156034 0.156034 0.156034 
0.156034 0.156034 0.156034 0.156034 0.156034 0.156034 0.156034 0.156034 0.156034 0.156034 
0.156034 0.156034 0.156034 0.156034 0.156034 0.156034 0.156034 0.156034 0.156034 0.156034 
0.156034 0.156034 0.156034 0.156034 0.156034 0.156034 0.156034 0.156034 0.156034 0.156034 
0.156034 0.156034 0.156034 0.156034 0.156034 0.156034 0.156034 0.156034 0.156034 0.156034 
0.156034 0.156034 0.156034 0.156034 0.156034 0.156034 0.156034 0.156034 0.156034 0.156034 
0.156034 0.156034 0.156034 0.156034 0.156034 0.156034 0.156034 0.156034 0.156034 0.156034 
0.156034 0.156034 0.156034 0.156034 0.156034 0.156034 0.156034 0.156034 0.156034 0.156034 
0.156034 0.156034 0.156034 0.156034 0.156034 0.156034 0.156034 0.156034 0.156034 0.156034 
0.156034 0.156034 0.156034 0.156034 0.156034 0.156034 0.156034 0.156034 0.156034 0.156034 
0.156034 0.156034 0.156034 0.156034 0.156034 0.156034 0.156034 0.156034 0.156034 0.156034 
0.156034 0.156034 0.156034 0.156034 0.156034 0.156034 0.156034 0.156034 0.156034 0.156034 
0.156034 0.156034 0.156034 0.156034 0.156034 0.156034 0.156034 0.156034 0.156034 0.156034 
0.156034 0.156034 0.156034 0.156034 0.156034 0.156034 0.156034 0.156034 0.156034 0.156034 
0.156034 0.156034 0.156034 0.156034 0.156034 0.156034 0.156034 0.156034 0.156034 0.156034 
0.156034 0.156034 0.156034 0.156034 0.156034 0.156034 0.156034 0.156034 0.156034 0.156034 
0.156034 0.156034 0.156034 0.156034 0.156034 0.156034 0.156034 0.156034 0.156034 0.156034 
0.156034 0.156034 0.156034 0.156034 0.156034 0.156034 0.156034 0.156034 0.156034 0.156034 
0.156034 0.156034 0.156034 0.156034 0.156034 0.156034 0.156034 0.156034 0.156034 0.156034 
0.156034 0.156034 0.156034 0.156034 0.156034 0.156034 0.156034 0.156034 0.156034 0.156034 
0.156034 0.156034 0.156034 0.156034 0.156034 0.156034 0.156034 0.156034 0.156034 0.156034 
0.156034 0.156034 0.156034 0.156034 0.156034 0.156034 0.156034 0.156034 0.156034 0.156034 
0.156034 0.156034 0.156034 0.156034 0.156034 0.156034 0.156034 0.156034 0.156034 0.156034 
0.156034 0.156034 0.156034 0.156034 0.156034 0.156034 0.156034 0.156034 0.156034 0.156034 
0.156034 0.156034 0.156034 0.156034 0.156034 0.156034 0.156034 0.156034 0.156034 0.156034 
0.156034 0.156034 0.156034 0.156034 0.156034 0.156034 0.156034 0.156034 0.156034 0.156034 
0.156034 0.156034 0.156034 0.156034 0.156034 0.156034 0.156034 0.156034 0.156034 0.156034 
0.156034 0.156034 0.156034 0.156034 0.156034 0.156034 0.156034 0.156034 0.156034 0.156034 
0.156034 0.156034 0.156034 0.156034 0.156034 0.156034 0.156034 0.156034 0.156034 0.156034 
0.156034 0.156034 0.156034 0.156034 0.156034 0.156034 0.156034 0.156034 0.156034 0.156034 
0.156034 0.156034 0.156034 0.156034 0.156034 0.156034 0.156034 0.156034 0.156034 0.156034 
0.156034 0.156034 0.156034 0.156034 0.156034 0.156034 0.156034 0.156034 0.156034 0.156034 
0.156034 0.156034 0.156034 0.156034 0.156034 0.156034 0.156034 0.156034 0.156034 0.156034 
0.156034 0.156034 0.156034 0.156034 0.156034 0.156034 0.156034 0.156034 0.156034 0.156034 
0.156034 0.156034 0.156034 0.156034 0.156034 0.156034 0.156034 0.156034 0.156034 0.156034 
0.156034 0.156034 0.156034 0.156034 0.156034 0.156034 0.156034 0.156034 0.156034 0.156034 
0.156034 0.156034 0.156034 0.156034 0.156034 0.156034 0.156034 0.156034 0.156034 0.156034 
0.156034 0.156034 0.156034 0.156034 0.156034 0.156034 0.156034 0.156034 0.156034 0.156034 
0.156034 0.156034 0.156034 0.156034 0.156034 0.156034 0.156034 0.156034 0.156034 0.156034 
0.156034 0.156034 0.156034 0.156034 0.156034 0.156034 0.156034 0.156034 0.156034 0.156034 
0.156034 0.156034 0.156034 0.156034 0.156034 0.156034 0.156034 0.156034 0.156034 0.156034 
0.156034 0.156034 0.156034 0.156034 0.156034 0.156034 0.156034 0.156034 0.156034 0.156034 
0.156034 0.156034 0.156034 0.156034 0.156034 0.156034 0.156034 0.156034 0.156034 0.156034 
0.156034 0.156034 0.156034 0.156034 0.156034 0.156034 0.156034 0.156034 0.156034 0.156034 
0.156034 0.156034 0.156034 0.156034 0.156034 0.156034 0.156034 0.156034 0.156034 0.156034 
0.156034 0.156034 0.156034 0.156034 0.156034 0.156034 0.156034 0.156034 0.156034 0.156034 
0.156034 0.156034 0.156034 0.156034 0.156034 0.156034 0.156034 0.156034 0.156034 0.156034 
0.156034 0.156034 0.156034 0.156034 0.156034 0.156034 0.156034 0.156034 0.156034 0.156034 
0.156034 0.156034 0.156034 0.156034 0.156034 0.156034 0.156034 0.156034 0.156034 0.156034 
0.156034 0.156034 0.156034 0.156034 0.156034 0.156034 0.156034 0.156034 0.156034 0.156034 
0.156034 0.156034 0.156034 0.156034 0.156034 0.156034 0.156034 0.156034 0.156034 0.156034 
0.156034 0.156034 0.156034 0.156034 0.156034 0.156034 0.156034 0.156034 0.156034 0.156034 
0.156034 0.156034 0.156034 0.156034 0.156034 0.156034 0.156034 0.156034 0.156034 0.156034 
0.156034 0.156034 0.156034 0.156034 0.156034 0.156034 0.156034 0.156034 0.156034 0.156034 
0.156034 0.156034 0.156034 0.156034 0.156034 0.156034 0.156034 0.156034 0.156034 0.156034 
0.156034 0.156034 0.156034 0.156034 0.156034 0.156034 0.156034 0.156034 0.156034 0.156034 
0.156034 0.156034 0.156034 0.156034 0.156034 0.156034 0.156034 0.156034 0.156034 0.156034 
0.156034 0.156034 0.156034 0.156034 0.156034 0.156034 0.156034 0.156034 0.156034 0.156034 
0.156034 0.156034 0.156034 0.156034 0.156034 0.156034 0.156034 0.156034 0.156034 0.156034 
0.156034 0.156034 0.156034 0.156034 0.156034 0.156034 0.156034 0.156034 0.156034 0.156034 
0.156034 0.156034 0.156034 0.156034 0.156034 0.156034 0.156034 0.156034 0.156034 0.156034 
0.156034 0.156034 0.156034 0.156034 0.156034 0.156034 0.156034 0.156034 0.156034 0.156034 
0.156034 0.156034 0.156034 0.156034 0.156034 0.156034 0.156034 0.156034 0.156034 0.156034 
0.156034 0.156034 0.156034 0.156034 0.156034 0.156034 0.156034 0.156034 0.156034 0.156034 
0.156034 0.156034 0.156034 0.156034 0.156034 0.156034 0.156034 0.156034 0.156034 0.156034 
0.156034 0.156034 0.156034 0.156034 0.156034 0.156034 0.156034 0.156034 0.156034 0.156034 
0.156034 0.156034 0.156034 0.156034 0.156034 0.156034 0.156034 0.156034 0.156034 0.156034 
0.156034 0.156034 0.156034 0.156034 0.156034 0.156034 0.156034 0.156034 0.156034 0.156034 
0.156034 0.156034 0.156034 0.156034 0.156034 0.156034 0.156034 0.156034 0.156034 0.156034 
0.156034 0.156034 0.156034 0.156034 0.156034 0.156034 0.156034 0.156034 0.156034 0.156034 
0.156034 0.156034 0.156034 0.156034 0.156034 0.156034 0.156034 0.156034 0.156034 0.156034 
0.156034 0.156034 0.156034 0.156034 0.156034 0.156034 0.156034 0.156034 0.156034 0.156034 
0.156034 0.156034 0.156034 0.156034 0.156034 0.156034 0.156034 0.156034 0.156034 0.156034 
0.156034 0.156034 0.156034 0.156034 0.156034 0.156034 0.156034 0.156034 0.156034 0.156034 
0.156034 0.156034 0.156034 0.156034 0.156034 0.156034 0.156034 0.156034 0.156034 0.156034 
0.156034 0.156034 0.156034 0.156034 0.156034 0.156034 0.156034 0.156034 0.156034 0.156034 
0.156034 0.156034 0.156034 0.156034 0.156034 0.156034 0.156034 0.156034 0.156034 0.156034 
0.156034 0.156034 0.156034 0.156034 0.156034 0.156034 0.156034 0.156034 0.156034 0.156034 
0.156034 0.156034 0.156034 0.156034 0.156034 0.156034 0.156034 0.156034 0.156034 0.156034 
0.156034 0.156034 0.156034 0.156034 0.156034 0.156034 0.156034 0.156034 0.156034 0.156034 
0.156034 0.156034 0.156034 0.156034 0.156034 0.156034 0.156034 0.156034 0.156034 0.156034 
0.156034 0.156034 0.156034 0.156034 0.156034 0.156034 0.156034 0.156034 0.156034 0.156034 
0.156034 0.156034 0.156034 0.156034 0.156034 0.156034 0.156034 0.156034 0.156034 0.156034 
0.156034 0.156034 0.156034 0.156034 0.156034 0.156034 0.156034 0.156034 0.156034 0.156034 
0.156034 0.156034 0.156034 0.156034 0.156034 0.156034 0.156034 0.156034 0.156034 0.156034 
0.156034 0.156034 0.156034 0.156034 0.156034 0.156034 0.156034 0.156034 0.156034 0.156034 
0.156034 0.156034 0.156034 0.156034 0.156034 0.156034 0.156034 0.156034 0.156034 0.156034 
0.156034 0.156034 0.156034 0.156034 0.156034 0.156034 0.156034 0.156034 0.156034 0.156034 
0.156034 0.156034 0.156034 0.156034 0.156034 0.156034 0.156034 0.156034 0.156034 0.156034 
0.156034 0.156034 0.156034 0.156034 0.156034 0.156034 0.156034 0.156034 0.156034 0.156034 
0.156034 0.156034 0.156034 0.156034 0.156034 0.156034 0.156034 0.156034 0.156034 0.156034 
0.156034 0.156034 0.156034 0.156034 0.156034 0.156034 0.156034 0.156034 0.156034 0.156034 
0.156034 0.156034 0.156034 0.156034 0.156034 0.156034 0.156034 0.156034 0.156034 0.156034 
0.156034 0.156034 0.156034 0.156034 0.156034 0.156034 0.156034 0.156034 0.156034 0.156034 
0.156034 0.156034 0.156034 0.156034 0.156034 0.156034 0.156034 0.156034 0.156034 0.156034 
0.156034 0.156034 0.156034 0.156034 0.156034 0.156034 0.156034 0.156034 0.156034 0.156034 
0.156034 0.156034 0.156034 0.156034 0.156034 0.156034 0.156034 0.156034 0.156034 0.156034 
0.156034 0.156034 0.156034 0.156034 0.156034 0.156034 0.156034 0.156034 0.156034 0.156034 
0.156034 0.156034 0.156034 0.156034 0.156034 0.156034 0.156034 0.156034 0.156034 0.156034 
0.156034 0.156034 0.156034 0.156034 0.156034 0.156034 0.156034 0.156034 0.156034 0.156034 
0.156034 0.156034 0.156034 0.156034 0.156034 0.156034 0.156034 0.156034 0.156034 0.156034 
0.156034 0.156034 0.156034 0.156034 0.156034 0.156034 0.156034 0.156034 0.156034 0.156034 
0.156034 0.156034 0.156034 0.156034 0.156034 0.156034 0.156034 0.156034 0.156034 0.156034 
0.156034 0.156034 0.156034 0.156034 0.156034 0.156034 0.156034 0.156034 0.156034 0.156034 
0.156034 0.156034 0.156034 0.156034 0.156034 0.156034 0.156034 0.156034 0.156034 0.156034 
0.156034 0.156034 0.156034 0.156034 0.156034 0.156034 0.156034 0.156034 0.156034 0.156034 
0.156034 0.156034 0.156034 0.156034 0.156034 0.156034 0.156034 0.156034 0.156034 0.156034 
0.156034 0.156034 0.156034 0.156034 0.156034 0.156034 0.156034 0.156034 0.156034 0.156034 
0.156034 0.156034 0.156034 0.156034 0.156034 0.156034 0.156034 0.156034 0.156034 0.156034 
0.156034 0.156034 0.156034 0.156034 0.156034 0.156034 0.156034 0.156034 0.156034 0.156034 
0.156034 0.156034 0.156034 0.156034 0.156034 0.156034 0.156034 0.156034 0.156034 0.156034 
0.156034 0.156034 0.156034 0.156034 0.156034 0.156034 0.156034 0.156034 0.156034 0.156034 
0.156034 0.156034 0.156034 0.156034 0.156034 0.156034 0.156034 0.156034 0.156034 0.156034 
0.156034 0.156034 0.156034 0.156034 0.156034 0.156034 0.156034 0.156034 0.156034 0.156034 
0.156034 0.156034 0.156034 0.156034 0.156034 0.156034 0.156034 0.156034 0.156034 0.156034 
0.156034 0.156034 0.156034 0.156034 0.156034 0.156034 0.156034 0.156034 0.156034 0.156034 
0.156034 0.156034 0.156034 0.156034 0.156034 0.156034 0.156034 0.156034 0.156034 0.156034 
0.156034 0.156034 0.156034 0.156034 0.156034 0.156034 0.156034 0.156034 0.156034 0.156034 
0.156034 0.156034 0.156034 0.156034 0.156034 0.156034 0.156034 0.156034 0.156034 0.156034 
0.156034 0.156034 0.156034 0.156034 0.156034 0.156034 0.156034 0.156034 0.156034 0.156034 
0.156034 0.156034 0.156034 0.156034 0.156034 0.156034 0.156034 0.156034 0.156034 0.156034 
0.156034 0.156034 0.156034 0.156034 0.156034 0.156034 0.156034 0.156034 0.156034 0.156034 
0.156034 0.156034 0.156034 0.156034 0.156034 0.156034 0.156034 0.156034 0.156034 0.156034 
0.156034 0.156034 0.156034 0.156034 0.156034 0.156034 0.156034 0.156034 0.156034 0.156034 
0.156034 0.156034 0.156034 0.156034 0.156034 0.156034 0.156034 0.156034 0.156034 0.156034 
0.156034 0.156034 0.156034 0.156034 0.156034 0.156034 0.156034 0.156034 0.156034 0.156034 
0.156034 0.156034 0.156034 0.156034 0.156034 0.156034 0.156034 0.156034 0.156034 0.156034 
0.156034 0.156034 0.156034 0.156034 0.156034 0.156034 0.156034 0.156034 0.156034 0.156034 
0.156034 0.156034 0.156034 0.156034 0.156034 0.156034 0.156034 0.156034 0.156034 0.156034 
0.156034 0.156034 0.156034 0.156034 0.156034 0.156034 0.156034 0.156034 0.156034 0.156034 
0.156034 0.156034 0.156034 0.156034 0.156034 0.156034 0.156034 0.156034 0.156034 0.156034 
0.156034 0.156034 0.156034 0.156034 0.156034 0.156034 0.156034 0.156034 0.156034 0.156034 
0.156034 0.156034 0.156034 0.156034 0.156034 0.156034 0.156034 0.156034 0.156034 0.156034 
0.156034 0.156034 0.156034 0.156034 0.156034 0.156034 0.156034 0.156034 0.156034 0.156034 
0.156034 0.156034 0.156034 0.156034 0.156034 0.156034 0.156034 0.156034 0.156034 0.156034 
0.156034 0.156034 0.156034 0.156034 0.156034 0.156034 0.156034 0.156034 0.156034 0.156034 
0.156034 0.156034 0.156034 0.156034 0.156034 0.156034 0.156034 0.156034 0.156034 0.156034 
0.156034 0.156034 0.156034 0.156034 0.156034 0.156034 0.156034 0.156034 0.156034 0.156034 
0.156034 0.156034 0.156034 0.156034 0.156034 0.156034 0.156034 0.156034 0.156034 0.156034 
0.156034 0.156034 0.156034 0.156034 0.156034 0.156034 0.156034 0.156034 0.156034 0.156034 
0.156034 0.156034 0.156034 0.156034 0.156034 0.156034 0.156034 0.156034 0.156034 0.156034 
0.156034 0.156034 0.156034 0.156034 0.156034 0.156034 0.156034 0.156034 0.156034 0.156034 
0.156034 0.156034 0.156034 0.156034 0.156034 0.156034 0.156034 0.156034 0.156034 0.156034 
0.156034 0.156034 0.156034 0.156034 0.156034 0.156034 0.156034 0.156034 0.156034 0.156034 
0.156034 0.156034 0.156034 0.156034 0.156034 0.156034 0.156034 0.156034 0.156034 0.156034 
0.156034 0.156034 0.156034 0.156034 0.156034 0.156034 0.156034 0.156034 0.156034 0.156034 
0.156034 0.156034 0.156034 0.156034 0.156034 0.156034 0.156034 0.156034 0.156034 0.156034 
0.156034 0.156034 0.156034 0.156034 0.156034 0.156034 0.156034 0.156034 0.156034 0.156034 
0.156034 0.156034 0.156034 0.156034 0.156034 0.156034 0.156034 0.156034 0.156034 0.156034 
0.156034 0.156034 0.156034 0.156034 0.156034 0.156034 0.156034 0.156034 0.156034 0.156034 
0.156034 0.156034 0.156034 0.156034 0.156034 0.156034 0.156034 0.156034 0.156034 0.156034 
0.156034 0.156034 0.156034 0.156034 0.156034 0.156034 0.156034 0.156034 0.156034 0.156034 
0.156034 0.156034 0.156034 0.156034 0.156034 0.156034 0.156034 0.156034 0.156034 0.156034 
0.156034 0.156034 0.156034 0.156034 0.156034 0.156034 0.156034 0.156034 0.156034 0.156034 
0.156034 0.156034 0.156034 0.156034 0.156034 0.156034 0.156034 0.156034 0.156034 0.156034 
0.156034 0.156034 0.156034 0.156034 0.156034 0.156034 0.156034 0.156034 0.156034 0.156034 
0.156034 0.156034 0.156034 0.156034 0.156034 0.156034 0.156034 0.156034 0.156034 0.156034 
0.156034 0.156034 0.156034 0.156034 0.156034 0.156034 0.156034 0.156034 0.156034 0.156034 
0.156034 0.156034 0.156034 0.156034 0.156034 0.156034 0.156034 0.156034 0.156034 0.156034 
0.156034 0.156034 0.156034 0.156034 0.156034 0.156034 0.156034 0.156034 0.156034 0.156034 
0.156034 0.156034 0.156034 0.156034 0.156034 0.156034 0.156034 0.156034 0.156034 0.156034 
0.156034 0.156034 0.156034 0.156034 0.156034 0.156034 0.156034 0.156034 0.156034 0.156034 
0.156034 0.156034 0.156034 0.156034 0.156034 0.156034 0.156034 0.156034 0.156034 0.156034 
0.156034 0.156034 0.156034 0.156034 0.156034 0.156034 0.156034 0.156034 0.156034 0.156034 
0.156034 0.156034 0.156034 0.156034 0.156034 0.156034 0.156034 0.156034 0.156034 0.156034 
0.156034 0.156034 0.156034 0.156034 0.156034 0.156034 0.156034 0.156034 0.156034 0.156034 
0.156034 0.156034 0.156034 0.156034 0.156034 0.156034 0.156034 0.156034 0.156034 0.156034 
0.156034 0.156034 0.156034 0.156034 0.156034 0.156034 0.156034 0.156034 0.156034 0.156034 
0.156034 0.156034 0.156034 0.156034 0.156034 0.156034 0.156034 0.156034 0.156034 0.156034 
0.156034 0.156034 0.156034 0.156034 0.156034 0.156034 0.156034 0.156034 0.156034 0.156034 
0.156034 0.156034 0.156034 0.156034 0.156034 0.156034 0.156034 0.156034 0.156034 0.156034 
0.156034 0.156034 0.156034 0.156034 0.156034 0.156034 0.156034 0.156034 0.156034 0.156034 
0.156034 0.156034 0.156034 0.156034 0.156034 0.156034 0.156034 0.156034 0.156034 0.156034 
0.156034 0.156034 0.156034 0.156034 0.156034 0.156034 0.156034 0.156034 0.156034 0.156034 
0.156034 0.156034 0.156034 0.156034 0.156034 0.156034 0.156034 0.156034 0.156034 0.156034 
0.156034 0.156034 0.156034 0.156034 0.156034 0.156034 0.156034 0.156034 0.156034 0.156034 
0.156034 0.156034 0.156034 0.156034 0.156034 0.156034 0.156034 0.156034 0.156034 0.156034 
0.156034 0.156034 0.156034 0.156034 0.156034 0.156034 0.156034 0.156034 0.156034 0.156034 
0.156034 0.156034 0.156034 0.156034 0.156034 0.156034 0.156034 0.156034 0.156034 0.156034 
0.156034 0.156034 0.156034 0.156034 0.156034 0.156034 0.156034 0.156034 0.156034 0.156034 
0.156034 0.156034 0.156034 0.156034 0.156034 0.156034 0.156034 0.156034 0.156034 0.156034 
0.156034 0.156034 0.156034 0.156034 0.156034 0.156034 0.156034 0.156034 0.156034 0.156034 
0.156034 0.156034 0.156034 0.156034 0.156034 0.156034 0.156034 0.156034 0.156034 0.156034 
0.156034 0.156034 0.156034 0.156034 0.156034 0.156034 0.156034 0.156034 0.156034 0.156034 
0.156034 0.156034 0.156034 0.156034 0.156034 0.156034 0.156034 0.156034 0.156034 0.156034 
0.156034 0.156034 0.156034 0.156034 0.156034 0.156034 0.156034 0.156034 0.156034 0.156034 
0.156034 0.156034 0.156034 0.156034 0.156034 0.156034 0.156034 0.156034 0.156034 0.156034 
0.156034 0.156034 0.156034 0.156034 0.156034 0.156034 0.156034 0.156034 0.156034 0.156034 
0.156034 0.156034 0.156034 0.156034 0.156034 0.156034 0.156034 0.156034 0.156034 0.156034 
0.156034 0.156034 0.156034 0.156034 0.156034 0.156034 0.156034 0.156034 0.156034 0.156034 
0.156034 0.156034 0.156034 0.156034 0.156034 0.156034 0.156034 0.156034 0.156034 0.156034 
0.156034 0.156034 0.156034 0.156034 0.156034 0.156034 0.156034 0.156034 0.156034 0.156034 
0.156034 0.156034 0.156034 0.156034 0.156034 0.156034 0.156034 0.156034 0.156034 0.156034 
0.156034 0.156034 0.156034 0.156034 0.156034 0.156034 0.156034 0.156034 0.156034 0.156034 
0.156034 0.156034 0.156034 0.156034 0.156034 0.156034 0.156034 0.156034 0.156034 0.156034 
0.156034 0.156034 0.156034 0.156034 0.156034 0.156034 0.156034 0.156034 0.156034 0.156034 
0.156034 0.156034 0.156034 0.156034 0.156034 0.156034 0.156034 0.156034 0.156034 0.156034 
0.156034 0.156034 0.156034 0.156034 0.156034 0.156034 0.156034 0.156034 0.156034 0.156034 
0.156034 0.156034 0.156034 0.156034 0.156034 0.156034 0.156034 0.156034 0.156034 0.156034 
0.156034 0.156034 0.156034 0.156034 0.156034 0.156034 0.156034 0.156034 0.156034 0.156034 
0.156034 0.156034 0.156034 0.156034 0.156034 0.156034 0.156034 0.156034 0.156034 0.156034 
0.156034 0.156034 0.156034 0.156034 0.156034 0.156034 0.156034 0.156034 0.156034 0.156034 
0.156034 0.156034 0.156034 0.156034 0.156034 0.156034 0.156034 0.156034 0.156034 0.156034 
0.156034 0.156034 0.156034 0.156034 0.156034 0.156034 0.156034 0.156034 0.156034 0.156034 
0.156034 0.156034 0.156034 0.156034 0.156034 0.156034 0.156034 0.156034 0.156034 0.156034 
0.156034 0.156034 0.156034 0.156034 0.156034 0.156034 0.156034 0.156034 0.156034 0.156034 
0.156034 0.156034 0.156034 0.156034 0.156034 0.156034 0.156034 0.156034 0.156034 0.156034 
0.156034 0.156034 0.156034 0.156034 0.156034 0.156034 0.156034 0.156034 0.156034 0.156034 
0.156034 0.156034 0.156034 0.156034 0.156034 0.156034 0.156034 0.156034 0.156034 0.156034 
0.156034 0.156034 0.156034 0.156034 0.156034 0.156034 0.156034 0.156034 0.156034 0.156034 
0.156034 0.156034 0.156034 0.156034 0.156034 0.156034 0.156034 0.156034 0.156034 0.156034 
0.156034 0.156034 0.156034 0.156034 0.156034 0.156034 0.156034 0.156034 0.156034 0.156034 
0.156034 0.156034 0.156034 0.156034 0.156034 0.156034 0.156034 0.156034 0.156034 0.156034 
0.156034 0.156034 0.156034 0.156034 0.156034 0.156034 0.156034 0.156034 0.156034 0.156034 
0.156034 0.156034 0.156034 0.156034 0.156034 0.156034 0.156034 0.156034 0.156034 0.156034 
0.156034 0.156034 0.156034 0.156034 0.156034 0.156034 0.156034 0.156034 0.156034 0.156034 
0.156034 0.156034 0.156034 0.156034 0.156034 0.156034 0.156034 0.156034 0.156034 0.156034 
0.156034 0.156034 0.156034 0.156034 0.156034 0.156034 0.156034 0.156034 0.156034 0.156034 
0.156034 0.156034 0.156034 0.156034 0.156034 0.156034 0.156034 0.156034 0.156034 0.156034 
0.156034 0.156034 0.156034 0.156034 0.156034 0.156034 0.156034 0.156034 0.156034 0.156034 
0.156034 0.156034 0.156034 0.156034 0.156034 0.156034 0.156034 0.156034 0.156034 0.156034 
0.156034 0.156034 0.156034 0.156034 0.156034 0.156034 0.156034 0.156034 0.156034 0.156034 
0.156034 0.156034 0.156034 0.156034 0.156034 0.156034 0.156034 0.156034 0.156034 0.156034 
0.156034 0.156034 0.156034 0.156034 0.156034 0.156034 0.156034 0.156034 0.156034 0.156034 
0.156034 0.156034 0.156034 0.156034 0.156034 0.156034 0.156034 0.156034 0.156034 0.156034 
0.156034 0.156034 0.156034 0.156034 0.156034 0.156034 0.156034 0.156034 0.156034 0.156034 
0.156034 0.156034 0.156034 0.156034 0.156034 0.156034 0.156034 0.156034 0.156034 0.156034 
0.156034 0.156034 0.156034 0.156034 0.156034 0.156034 0.156034 0.156034 0.156034 0.156034 
0.156034 0.156034 0.156034 0.156034 0.156034 0.156034 0.156034 0.156034 0.156034 0.156034 
0.156034 0.156034 0.156034 0.156034 0.156034 0.156034 0.156034 0.156034 0.156034 0.156034 
0.156034 0.156034 0.156034 0.156034 0.156034 0.156034 0.156034 0.156034 0.156034 0.156034 
0.156034 0.156034 0.156034 0.156034 0.156034 0.156034 0.156034 0.156034 0.156034 0.156034 
0.156034 0.156034 0.156034 0.156034 0.156034 0.156034 0.156034 0.156034 0.156034 0.156034 
0.156034 0.156034 0.156034 0.156034 0.156034 0.156034 0.156034 0.156034 0.156034 0.156034 
0.156034 0.156034 0.156034 0.156034 0.156034 0.156034 0.156034 0.156034 0.156034 0.156034 
0.156034 0.156034 0.156034 0.156034 0.156034 0.156034 0.156034 0.156034 0.156034 0.156034 
0.156034 0.156034 0.156034 0.156034 0.156034 0.156034 0.156034 0.156034 0.156034 0.156034 
0.156034 0.156034 0.156034 0.156034 0.156034 0.156034 0.156034 0.156034 0.156034 0.156034 
0.156034 0.156034 0.156034 0.156034 0.156034 0.156034 0.156034 0.156034 0.156034 0.156034 
0.156034 0.156034 0.156034 0.156034 0.156034 0.156034 0.156034 0.156034 0.156034 0.156034 
0.156034 0.156034 0.156034 0.156034 0.156034 0.156034 0.156034 0.156034 0.156034 0.156034 
0.156034 0.156034 0.156034 0.156034 0.156034 0.156034 0.156034 0.156034 0.156034 0.156034 
0.156034 0.156034 0.156034 0.156034 0.156034 0.156034 0.156034 0.156034 0.156034 0.156034 
0.156034 0.156034 0.156034 0.156034 0.156034 0.156034 0.156034 0.156034 0.156034 0.156034 
0.156034 0.156034 0.156034 0.156034 0.156034 0.156034 0.156034 0.156034 0.156034 0.156034 
0.156034 0.156034 0.156034 0.156034 0.156034 0.156034 0.156034 0.156034 0.156034 0.156034 
0.156034 0.156034 0.156034 0.156034 0.156034 0.156034 0.156034 0.156034 0.156034 0.156034 
0.156034 0.156034 0.156034 0.156034 0.156034 0.156034 0.156034 0.156034 0.156034 0.156034 
0.156034 0.156034 0.156034 0.156034 0.156034 0.156034 0.156034 0.156034 0.156034 0.156034 
0.156034 0.156034 0.156034 0.156034 0.156034 0.156034 0.156034 0.156034 0.156034 0.156034 
0.156034 0.156034 0.156034 0.156034 0.156034 0.156034 0.156034 0.156034 0.156034 0.156034 
0.156034 0.156034 0.156034 0.156034 0.156034 0.156034 0.156034 0.156034 0.156034 0.156034 
0.156034 0.156034 0.156034 0.156034 0.156034 0.156034 0.156034 0.156034 0.156034 0.156034 
0.156034 0.156034 0.156034 0.156034 0.156034 0.156034 0.156034 0.156034 0.156034 0.156034 
0.156034 0.156034 0.156034 0.156034 0.156034 0.156034 0.156034 0.156034 0.156034 0.156034 
0.156034 0.156034 0.156034 0.156034 0.156034 0.156034 0.156034 0.156034 0.156034 0.156034 
0.156034 0.156034 0.156034 0.156034 0.156034 0.156034 0.156034 0.156034 0.156034 0.156034 
0.156034 0.156034 0.156034 0.156034 0.156034 0.156034 0.156034 0.156034 0.156034 0.156034 
0.156034 0.156034 0.156034 0.156034 0.156034 0.156034 0.156034 0.156034 0.156034 0.156034 
0.156034 0.156034 0.156034 0.156034 0.156034 0.156034 0.156034 0.156034 0.156034 0.156034 
0.156034 0.156034 0.156034 0.156034 0.156034 0.156034 0.156034 0.156034 0.156034 0.156034 
0.156034 0.156034 0.156034 0.156034 0.156034 0.156034 0.156034 0.156034 0.156034 0.156034 
0.156034 0.156034 0.156034 0.156034 0.156034 0.156034 0.156034 0.156034 0.156034 0.156034 
0.156034 0.156034 0.156034 0.156034 0.156034 0.156034 0.156034 0.156034 0.156034 0.156034 
0.156034 0.156034 0.156034 0.156034 0.156034 0.156034 0.156034 0.156034 0.156034 0.156034 
0.156034 0.156034 0.156034 0.156034 0.156034 0.156034 0.156034 0.156034 0.156034 0.156034 
0.156034 0.156034 0.156034 0.156034 0.156034 0.156034 0.156034 0.156034 0.156034 0.156034 
0.156034 0.156034 0.156034 0.156034 0.156034 0.156034 0.156034 0.156034 0.156034 0.156034 
0.156034 0.156034 0.156034 0.156034 0.156034 0.156034 0.156034 0.156034 0.156034 0.156034 
0.156034 0.156034 0.156034 0.156034 0.156034 0.156034 0.156034 0.156034 0.156034 0.156034 
0.156034 0.156034 0.156034 0.156034 0.156034 0.156034 0.156034 0.156034 0.156034 0.156034 
0.156034 0.156034 0.156034 0.156034 0.156034 0.156034 0.156034 0.156034 0.156034 0.156034 
0.156034 0.156034 0.156034 0.156034 0.156034 0.156034 0.156034 0.156034 0.156034 0.156034 
0.156034 0.156034 0.156034 0.156034 0.156034 0.156034 0.156034 0.156034 0.156034 0.156034 
0.156034 0.156034 0.156034 0.156034 0.156034 0.156034 0.156034 0.156034 0.156034 0.156034 
0.156034 0.156034 0.156034 0.156034 0.156034 0.156034 0.156034 0.156034 0.156034 0.156034 
0.156034 0.156034 0.156034 0.156034 0.156034 0.156034 0.156034 0.156034 0.156034 0.156034 
0.156034 0.156034 0.156034 0.156034 0.156034 0.156034 0.156034 0.156034 0.156034 0.156034 
0.156034 0.156034 0.156034 0.156034 0.156034 0.156034 0.156034 0.156034 0.156034 0.156034 
0.156034 0.156034 0.156034 0.156034 0.156034 0.156034 0.156034 0.156034 0.156034 0.156034 
0.156034 0.156034 0.156034 0.156034 0.156034 0.156034 0.156034 0.156034 0.156034 0.156034 
0.156034 0.156034 0.156034 0.156034 0.156034 0.156034 0.156034 0.156034 0.156034 0.156034 
0.156034 0.156034 0.156034 0.156034 0.156034 0.156034 0.156034 0.156034 0.156034 0.156034 
0.156034 0.156034 0.156034 0.156034 0.156034 0.156034 0.156034 0.156034 0.156034 0.156034 
0.156034 0.156034 0.156034 0.156034 0.156034 0.156034 0.156034 0.156034 0.156034 0.156034 
0.156034 0.156034 0.156034 0.156034 0.156034 0.156034 0.156034 0.156034 0.156034 0.156034 
0.156034 0.156034 0.156034 0.156034 0.156034 0.156034 0.156034 0.156034 0.156034 0.156034 
0.156034 0.156034 0.156034 0.156034 0.156034 0.156034 0.156034 0.156034 0.156034 0.156034 
0.156034 0.156034 0.156034 0.156034 0.156034 0.156034 0.156034 0.156034 0.156034 0.156034 
0.156034 0.156034 0.156034 0.156034 0.156034 0.156034 0.156034 0.156034 0.156034 0.156034 
0.156034 0.156034 0.156034 0.156034 0.156034 0.156034 0.156034 0.156034 0.156034 0.156034 
0.156034 0.156034 0.156034 0.156034 0.156034 0.156034 0.156034 0.156034 0.156034 0.156034 
0.156034 0.156034 0.156034 0.156034 0.156034 0.156034 0.156034 0.156034 0.156034 0.156034 
0.156034 0.156034 0.156034 0.156034 0.156034 0.156034 0.156034 0.156034 0.156034 0.156034 
0.156034 0.156034 0.156034 0.156034 0.156034 0.156034 0.156034 0.156034 0.156034 0.156034 
0.156034 0.156034 0.156034 0.156034 0.156034 0.156034 0.156034 0.156034 0.156034 0.156034 
0.156034 0.156034 0.156034 0.156034 0.156034 0.156034 0.156034 0.156034 0.156034 0.156034 
0.156034 0.156034 0.156034 0.156034 0.156034 0.156034 0.156034 0.156034 0.156034 0.156034 
0.156034 0.156034 0.156034 0.156034 0.156034 0.156034 0.156034 0.156034 0.156034 0.156034 
0.156034 0.156034 0.156034 0.156034 0.156034 0.156034 0.156034 0.156034 0.156034 0.156034 
0.156034 0.156034 0.156034 0.156034 0.156034 0.156034 0.156034 0.156034 0.156034 0.156034 
0.156034 0.156034 0.156034 0.156034 0.156034 0.156034 0.156034 0.156034 0.156034 0.156034 
0.156034 0.156034 0.156034 0.156034 0.156034 0.156034 0.156034 0.156034 0.156034 0.156034 
0.156034 0.156034 0.156034 0.156034 0.156034 0.156034 0.156034 0.156034 0.156034 0.156034 
0.156034 0.156034 0.156034 0.156034 0.156034 0.156034 0.156034 0.156034 0.156034 0.156034 
0.156034 0.156034 0.156034 0.156034 0.156034 0.156034 0.156034 0.156034 0.156034 0.156034 
0.156034 0.156034 0.156034 0.156034 0.156034 0.156034 0.156034 0.156034 0.156034 0.156034 
0.156034 0.156034 0.156034 0.156034 0.156034 0.156034 0.156034 0.156034 0.156034 0.156034 
0.156034 0.156034 0.156034 0.156034 0.156034 0.156034 0.156034 0.156034 0.156034 0.156034 
0.156034 0.156034 0.156034 0.156034 0.156034 0.156034 0.156034 0.156034 0.156034 0.156034 
0.156034 0.156034 0.156034 0.156034 0.156034 0.156034 0.156034 0.156034 0.156034 0.156034 
0.156034 0.156034 0.156034 0.156034 0.156034 0.156034 0.156034 0.156034 0.156034 0.156034 
0.156034 0.156034 0.156034 0.156034 0.156034 0.156034 0.156034 0.156034 0.156034 0.156034 
0.156034 0.156034 0.156034 0.156034 0.156034 0.156034 0.156034 0.156034 0.156034 0.156034 
0.156034 0.156034 0.156034 0.156034 0.156034 0.156034 0.156034 0.156034 0.156034 0.156034 
0.156034 0.156034 0.156034 0.156034 0.156034 0.156034 0.156034 0.156034 0.156034 0.156034 
0.156034 0.156034 0.156034 0.156034 0.156034 0.156034 0.156034 0.156034 0.156034 0.156034 
0.156034 0.156034 0.156034 0.156034 0.156034 0.156034 0.156034 0.156034 0.156034 0.156034 
0.156034 0.156034 0.156034 0.156034 0.156034 0.156034 0.156034 0.156034 0.156034 0.156034 
0.156034 0.156034 0.156034 0.156034 0.156034 0.156034 0.156034 0.156034 0.156034 0.156034 
0.156034 0.156034 0.156034 0.156034 0.156034 0.156034 0.156034 0.156034 0.156034 0.156034 
0.156034 0.156034 0.156034 0.156034 0.156034 0.156034 0.156034 0.156034 0.156034 0.156034 
0.156034 0.156034 0.156034 0.156034 0.156034 0.156034 0.156034 0.156034 0.156034 0.156034 
0.156034 0.156034 0.156034 0.156034 0.156034 0.156034 0.156034 0.156034 0.156034 0.156034 
0.156034 0.156034 0.156034 0.156034 0.156034 0.156034 0.156034 0.156034 0.156034 0.156034 
0.156034 0.156034 0.156034 0.156034 0.156034 0.156034 0.156034 0.156034 0.156034 0.156034 
0.156034 0.156034 0.156034 0.156034 0.156034 0.156034 0.156034 0.156034 0.156034 0.156034 
0.156034 0.156034 0.156034 0.156034 0.156034 0.156034 0.156034 0.156034 0.156034 0.156034 
0.156034 0.156034 0.156034 0.156034 0.156034 0.156034 0.156034 0.156034 0.156034 0.156034 
0.156034 0.156034 0.156034 0.156034 0.156034 0.156034 0.156034 0.156034 0.156034 0.156034 
0.156034 0.156034 0.156034 0.156034 0.156034 0.156034 0.156034 0.156034 0.156034 0.156034 
0.156034 0.156034 0.156034 0.156034 0.156034 0.156034 0.156034 0.156034 0.156034 0.156034 
0.156034 0.156034 0.156034 0.156034 0.156034 0.156034 0.156034 0.156034 0.156034 0.156034 
0.156034 0.156034 0.156034 0.156034 0.156034 0.156034 0.156034 0.156034 0.156034 0.156034 
0.156034 0.156034 0.156034 0.156034 0.156034 0.156034 0.156034 0.156034 0.156034 0.156034 
0.156034 0.156034 0.156034 0.156034 0.156034 0.156034 0.156034 0.156034 0.156034 0.156034 
0.156034 0.156034 0.156034 0.156034 0.156034 0.156034 0.156034 0.156034 0.156034 0.156034 
0.156034 0.156034 0.156034 0.156034 0.156034 0.156034 0.156034 0.156034 0.156034 0.156034 
0.156034 0.156034 0.156034 0.156034 0.156034 0.156034 0.156034 0.156034 0.156034 0.156034 
0.156034 0.156034 0.156034 0.156034 0.156034 0.156034 0.156034 0.156034 0.156034 0.156034 
0.156034 0.156034 0.156034 0.156034 0.156034 0.156034 0.156034 0.156034 0.156034 0.156034 
0.156034 0.156034 0.156034 0.156034 0.156034 0.156034 0.156034 0.156034 0.156034 0.156034 
0.156034 0.156034 0.156034 0.156034 0.156034 0.156034 0.156034 0.156034 0.156034 0.156034 
0.156034 0.156034 0.156034 0.156034 0.156034 0.156034 0.156034 0.156034 0.156034 0.156034 
0.156034 0.156034 0.156034 0.156034 0.156034 0.156034 0.156034 0.156034 0.156034 0.156034 
0.156034 0.156034 0.156034 0.156034 0.156034 0.156034 0.156034 0.156034 0.156034 0.156034 
0.156034 0.156034 0.156034 0.156034 0.156034 0.156034 0.156034 0.156034 0.156034 0.156034 
0.156034 0.156034 0.156034 0.156034 0.156034 0.156034 0.156034 0.156034 0.156034 0.156034 
0.156034 0.156034 0.156034 0.156034 0.156034 0.156034 0.156034 0.156034 0.156034 0.156034 
0.156034 0.156034 0.156034 0.156034 0.156034 0.156034 0.156034 0.156034 0.156034 0.156034 
0.156034 0.156034 0.156034 0.156034 0.156034 0.156034 0.156034 0.156034 0.156034 0.156034 
0.156034 0.156034 0.156034 0.156034 0.156034 0.156034 0.156034 0.156034 0.156034 0.156034 
0.156034 0.156034 0.156034 0.156034 0.156034 0.156034 0.156034 0.156034 0.156034 0.156034 
0.156034 0.156034 0.156034 0.156034 0.156034 0.156034 0.156034 0.156034 0.156034 0.156034 
0.156034 0.156034 0.156034 0.156034 0.156034 0.156034 0.156034 0.156034 0.156034 0.156034 
0.156034 0.156034 0.156034 0.156034 0.156034 0.156034 0.156034 0.156034 0.156034 0.156034 
0.156034 0.156034 0.156034 0.156034 0.156034 0.156034 0.156034 0.156034 0.156034 0.156034 
0.156034 0.156034 0.156034 0.156034 0.156034 0.156034 0.156034 0.156034 0.156034 0.156034 
0.156034 0.156034 0.156034 0.156034 0.156034 0.156034 0.156034 0.156034 0.156034 0.156034 
0.156034 0.156034 0.156034 0.156034 0.156034 0.156034 0.156034 0.156034 0.156034 0.156034 
0.156034 0.156034 0.156034 0.156034 0.156034 0.156034 0.156034 0.156034 0.156034 0.156034 
0.156034 0.156034 0.156034 0.156034 0.156034 0.156034 0.156034 0.156034 0.156034 0.156034 
0.156034 0.156034 0.156034 0.156034 0.156034 0.156034 0.156034 0.156034 0.156034 0.156034 
0.156034 0.156034 0.156034 0.156034 0.156034 0.156034 0.156034 0.156034 0.156034 0.156034 
0.156034 0.156034 0.156034 0.156034 0.156034 0.156034 0.156034 0.156034 0.156034 0.156034 
0.156034 0.156034 0.156034 0.156034 0.156034 0.156034 0.156034 0.156034 0.156034 0.156034 
0.156034 0.156034 0.156034 0.156034 0.156034 0.156034 0.156034 0.156034 0.156034 0.156034 
0.156034 0.156034 0.156034 0.156034 0.156034 0.156034 0.156034 0.156034 0.156034 0.156034 
0.156034 0.156034 0.156034 0.156034 0.156034 0.156034 0.156034 0.156034 0.156034 0.156034 
0.156034 0.156034 0.156034 0.156034 0.156034 0.156034 0.156034 0.156034 0.156034 0.156034 
0.156034 0.156034 0.156034 0.156034 0.156034 0.156034 0.156034 0.156034 0.156034 0.156034 
0.156034 0.156034 0.156034 0.156034 0.156034 0.156034 0.156034 0.156034 0.156034 0.156034 
0.156034 0.156034 0.156034 0.156034 0.156034 0.156034 0.156034 0.156034 0.156034 0.156034 
0.156034 0.156034 0.156034 0.156034 0.156034 0.156034 0.156034 0.156034 0.156034 0.156034 
0.156034 0.156034 0.156034 0.156034 0.156034 0.156034 0.156034 0.156034 0.156034 0.156034 
0.156034 0.156034 0.156034 0.156034 0.156034 0.156034 0.156034 0.156034 0.156034 0.156034 
0.156034 0.156034 0.156034 0.156034 0.156034 0.156034 0.156034 0.156034 0.156034 0.156034 
0.156034 0.156034 0.156034 0.156034 0.156034 0.156034 0.156034 0.156034 0.156034 0.156034 
0.156034 0.156034 0.156034 0.156034 0.156034 0.156034 0.156034 0.156034 0.156034 0.156034 
0.156034 0.156034 0.156034 0.156034 0.156034 0.156034 0.156034 0.156034 0.156034 0.156034 
0.156034 0.156034 0.156034 0.156034 0.156034 0.156034 0.156034 0.156034 0.156034 0.156034 
0.156034 0.156034 0.156034 0.156034 0.156034 0.156034 0.156034 0.156034 0.156034 0.156034 
0.156034 0.156034 0.156034 0.156034 0.156034 0.156034 0.156034 0.156034 0.156034 0.156034 
0.156034 0.156034 0.156034 0.156034 0.156034 0.156034 0.156034 0.156034 0.156034 0.156034 
0.156034 0.156034 0.156034 0.156034 0.156034 0.156034 0.156034 0.156034 0.156034 0.156034 
0.156034 0.156034 0.156034 0.156034 0.156034 0.156034 0.156034 0.156034 0.156034 0.156034 
0.156034 0.156034 0.156034 0.156034 0.156034 0.156034 0.156034 0.156034 0.156034 0.156034 
0.156034 0.156034 0.156034 0.156034 0.156034 0.156034 0.156034 0.156034 0.156034 0.156034 
0.156034 0.156034 0.156034 0.156034 0.156034 0.156034 0.156034 0.156034 0.156034 0.156034 
0.156034 0.156034 0.156034 0.156034 0.156034 0.156034 0.156034 0.156034 0.156034 0.156034 
0.156034 0.156034 0.156034 0.156034 0.156034 0.156034 0.156034 0.156034 0.156034 0.156034 
0.156034 0.156034 0.156034 0.156034 0.156034 0.156034 0.156034 0.156034 0.156034 0.156034 
0.156034 0.156034 0.156034 0.156034 0.156034 0.156034 0.156034 0.156034 0.156034 0.156034 
0.156034 0.156034 0.156034 0.156034 0.156034 0.156034 0.156034 0.156034 0.156034 0.156034 
0.156034 0.156034 0.156034 0.156034 0.156034 0.156034 0.156034 0.156034 0.156034 0.156034 
0.156034 0.156034 0.156034 0.156034 0.156034 0.156034 0.156034 0.156034 0.156034 0.156034 
0.156034 0.156034 0.156034 0.156034 0.156034 0.156034 0.156034 0.156034 0.156034 0.156034 
0.156034 0.156034 0.156034 0.156034 0.156034 0.156034 0.156034 0.156034 0.156034 0.156034 
0.156034 0.156034 0.156034 0.156034 0.156034 0.156034 0.156034 0.156034 0.156034 0.156034 
0.156034 0.156034 0.156034 0.156034 0.156034 0.156034 0.156034 0.156034 0.156034 0.156034 
0.156034 0.156034 0.156034 0.156034 0.156034 0.156034 0.156034 0.156034 0.156034 0.156034 
0.156034 0.156034 0.156034 0.156034 0.156034 0.156034 0.156034 0.156034 0.156034 0.156034 
0.156034 0.156034 0.156034 0.156034 0.156034 0.156034 0.156034 0.156034 0.156034 0.156034 
0.156034 0.156034 0.156034 0.156034 0.156034 0.156034 0.156034 0.156034 0.156034 0.156034 
0.156034 0.156034 0.156034 0.156034 0.156034 0.156034 0.156034 0.156034 0.156034 0.156034 
0.156034 0.156034 0.156034 0.156034 0.156034 0.156034 0.156034 0.156034 0.156034 0.156034 
0.156034 0.156034 0.156034 0.156034 0.156034 0.156034 0.156034 0.156034 0.156034 0.156034 
0.156034 0.156034 0.156034 0.156034 0.156034 0.156034 0.156034 0.156034 0.156034 0.156034 
0.156034 0.156034 0.156034 0.156034 0.156034 0.156034 0.156034 0.156034 0.156034 0.156034 
0.156034 0.156034 0.156034 0.156034 0.156034 0.156034 0.156034 0.156034 0.156034 0.156034 
0.156034 0.156034 0.156034 0.156034 0.156034 0.156034 0.156034 0.156034 0.156034 0.156034 
0.156034 0.156034 0.156034 0.156034 0.156034 0.156034 0.156034 0.156034 0.156034 0.156034 
0.156034 0.156034 0.156034 0.156034 0.156034 0.156034 0.156034 0.156034 0.156034 0.156034 
0.156034 0.156034 0.156034 0.156034 0.156034 0.156034 0.156034 0.156034 0.156034 0.156034 
0.156034 0.156034 0.156034 0.156034 0.156034 0.156034 0.156034 0.156034 0.156034 0.156034 
0.156034 0.156034 0.156034 0.156034 0.156034 0.156034 0.156034 0.156034 0.156034 0.156034 
0.156034 0.156034 0.156034 0.156034 0.156034 0.156034 0.156034 0.156034 0.156034 0.156034 
0.156034 0.156034 0.156034 0.156034 0.156034 0.156034 0.156034 0.156034 0.156034 0.156034 
0.156034 0.156034 0.156034 0.156034 0.156034 0.156034 0.156034 0.156034 0.156034 0.156034 
0.156034 0.156034 0.156034 0.156034 0.156034 0.156034 0.156034 0.156034 0.156034 0.156034 
0.156034 0.156034 0.156034 0.156034 0.156034 0.156034 0.156034 0.156034 0.156034 0.156034 
0.156034 0.156034 0.156034 0.156034 0.156034 0.156034 0.156034 0.156034 0.156034 0.156034 
0.156034 0.156034 0.156034 0.156034 0.156034 0.156034 0.156034 0.156034 0.156034 0.156034 
0.156034 0.156034 0.156034 0.156034 0.156034 0.156034 0.156034 0.156034 0.156034 0.156034 
0.156034 0.156034 0.156034 0.156034 0.156034 0.156034 0.156034 0.156034 0.156034 0.156034 
0.156034 0.156034 0.156034 0.156034 0.156034 0.156034 0.156034 0.156034 0.156034 0.156034 
0.156034 0.156034 0.156034 0.156034 0.156034 0.156034 0.156034 0.156034 0.156034 0.156034 
0.156034 0.156034 0.156034 0.156034 0.156034 0.156034 0.156034 0.156034 0.156034 0.156034 
0.156034 0.156034 0.156034 0.156034 0.156034 0.156034 0.156034 0.156034 0.156034 0.156034 
0.156034 0.156034 0.156034 0.156034 0.156034 0.156034 0.156034 0.156034 0.156034 0.156034 
0.156034 0.156034 0.156034 0.156034 0.156034 0.156034 0.156034 0.156034 0.156034 0.156034 
0.156034 0.156034 0.156034 0.156034 0.156034 0.156034 0.156034 0.156034 0.156034 0.156034 
0.156034 0.156034 0.156034 0.156034 0.156034 0.156034 0.156034 0.156034 0.156034 0.156034 
0.156034 0.156034 0.156034 0.156034 0.156034 0.156034 0.156034 0.156034 0.156034 0.156034 
0.156034 0.156034 0.156034 0.156034 0.156034 0.156034 0.156034 0.156034 0.156034 0.156034 
0.156034 0.156034 0.156034 0.156034 0.156034 0.156034 0.156034 0.156034 0.156034 0.156034 
0.156034 0.156034 0.156034 0.156034 0.156034 0.156034 0.156034 0.156034 0.156034 0.156034 
0.156034 0.156034 0.156034 0.156034 0.156034 0.156034 0.156034 0.156034 0.156034 0.156034 
0.156034 0.156034 0.156034 0.156034 0.156034 0.156034 0.156034 0.156034 0.156034 0.156034 
0.156034 0.156034 0.156034 0.156034 0.156034 0.156034 0.156034 0.156034 0.156034 0.156034 
0.156034 0.156034 0.156034 0.156034 0.156034 0.156034 0.156034 0.156034 0.156034 0.156034 
0.156034 0.156034 0.156034 0.156034 0.156034 0.156034 0.156034 0.156034 0.156034 0.156034 
0.156034 0.156034 0.156034 0.156034 0.156034 0.156034 0.156034 0.156034 0.156034 0.156034 
0.156034 0.156034 0.156034 0.156034 0.156034 0.156034 0.156034 0.156034 0.156034 0.156034 
0.156034 0.156034 0.156034 0.156034 0.156034 0.156034 0.156034 0.156034 0.156034 0.156034 
0.156034 0.156034 0.156034 0.156034 0.156034 0.156034 0.156034 0.156034 0.156034 0.156034 
0.156034 0.156034 0.156034 0.156034 0.156034 0.156034 0.156034 0.156034 0.156034 0.156034 
0.156034 0.156034 0.156034 0.156034 0.156034 0.156034 0.156034 0.156034 0.156034 0.156034 
0.156034 0.156034 0.156034 0.156034 0.156034 0.156034 0.156034 0.156034 0.156034 0.156034 
0.156034 0.156034 0.156034 0.156034 0.156034 0.156034 0.156034 0.156034 0.156034 0.156034 
0.156034 0.156034 0.156034 0.156034 0.156034 0.156034 0.156034 0.156034 0.156034 0.156034 
0.156034 0.156034 0.156034 0.156034 0.156034 0.156034 0.156034 0.156034 0.156034 0.156034 
0.156034 0.156034 0.156034 0.156034 0.156034 0.156034 0.156034 0.156034 0.156034 0.156034 
0.156034 0.156034 0.156034 0.156034 0.156034 0.156034 0.156034 0.156034 0.156034 0.156034 
0.156034 0.156034 0.156034 0.156034 0.156034 0.156034 0.156034 0.156034 0.156034 0.156034 
0.156034 0.156034 0.156034 0.156034 0.156034 0.156034 0.156034 0.156034 0.156034 0.156034 
0.156034 0.156034 0.156034 0.156034 0.156034 0.156034 0.156034 0.156034 0.156034 0.156034 
0.156034 0.156034 0.156034 0.156034 0.156034 0.156034 0.156034 0.156034 0.156034 0.156034 
0.156034 0.156034 0.156034 0.156034 0.156034 0.156034 0.156034 0.156034 0.156034 0.156034 
0.156034 0.156034 0.156034 0.156034 0.156034 0.156034 0.156034 0.156034 0.156034 0.156034 
0.156034 0.156034 0.156034 0.156034 0.156034 0.156034 0.156034 0.156034 0.156034 0.156034 
0.156034 0.156034 0.156034 0.156034 0.156034 0.156034 0.156034 0.156034 0.156034 0.156034 
0.156034 0.156034 0.156034 0.156034 0.156034 
