# vtk DataFile Version 2.0
vtkObjects
ASCII
DATASET UNSTRUCTURED_GRID
POINTS 4000 float
-296.856 -52.7525 5461.86
-292.856 -52.7525 5461.86
-296.856 -48.7525 5461.86
-292.856 -48.7525 5461.86
-296.856 -52.7525 5465.86
-292.856 -52.7525 5465.86
-296.856 -48.7525 5465.86
-292.856 -48.7525 5465.86
-294.856 -51.9886 5460.63
-294.856 -49.5164 5460.63
-294.856 -51.9886 5467.1
-294.856 -49.5164 5467.1
-296.092 -53.9886 5463.86
-293.62 -53.9886 5463.86
-296.092 -47.5164 5463.86
-293.62 -47.5164 5463.86
-298.092 -50.7525 5462.63
-298.092 -50.7525 5465.1
-291.62 -50.7525 5462.63
-291.62 -50.7525 5465.1
-296.856 -52.7525 5465.86
-292.856 -52.7525 5465.86
-296.856 -48.7525 5465.86
-292.856 -48.7525 5465.86
-296.856 -52.7525 5469.86
-292.856 -52.7525 5469.86
-296.856 -48.7525 5469.86
-292.856 -48.7525 5469.86
-294.856 -51.9886 5464.63
-294.856 -49.5164 5464.63
-294.856 -51.9886 5471.1
-294.856 -49.5164 5471.1
-296.092 -53.9886 5467.86
-293.62 -53.9886 5467.86
-296.092 -47.5164 5467.86
-293.62 -47.5164 5467.86
-298.092 -50.7525 5466.63
-298.092 -50.7525 5469.1
-291.62 -50.7525 5466.63
-291.62 -50.7525 5469.1
-296.856 -52.7525 5176.57
-292.856 -52.7525 5176.57
-296.856 -48.7525 5176.57
-292.856 -48.7525 5176.57
-296.856 -52.7525 5180.57
-292.856 -52.7525 5180.57
-296.856 -48.7525 5180.57
-292.856 -48.7525 5180.57
-294.856 -51.9886 5175.33
-294.856 -49.5164 5175.33
-294.856 -51.9886 5181.81
-294.856 -49.5164 5181.81
-296.092 -53.9886 5178.57
-293.62 -53.9886 5178.57
-296.092 -47.5164 5178.57
-293.62 -47.5164 5178.57
-298.092 -50.7525 5177.33
-298.092 -50.7525 5179.81
-291.62 -50.7525 5177.33
-291.62 -50.7525 5179.81
-296.856 -52.7525 5180.57
-292.856 -52.7525 5180.57
-296.856 -48.7525 5180.57
-292.856 -48.7525 5180.57
-296.856 -52.7525 5184.57
-292.856 -52.7525 5184.57
-296.856 -48.7525 5184.57
-292.856 -48.7525 5184.57
-294.856 -51.9886 5179.33
-294.856 -49.5164 5179.33
-294.856 -51.9886 5185.81
-294.856 -49.5164 5185.81
-296.092 -53.9886 5182.57
-293.62 -53.9886 5182.57
-296.092 -47.5164 5182.57
-293.62 -47.5164 5182.57
-298.092 -50.7525 5181.33
-298.092 -50.7525 5183.81
-291.62 -50.7525 5181.33
-291.62 -50.7525 5183.81
49.4485 6.8555 5461.86
53.4485 6.8555 5461.86
49.4485 10.8555 5461.86
53.4485 10.8555 5461.86
49.4485 6.8555 5465.86
53.4485 6.8555 5465.86
49.4485 10.8555 5465.86
53.4485 10.8555 5465.86
51.4485 7.61943 5460.63
51.4485 10.0916 5460.63
51.4485 7.61943 5467.1
51.4485 10.0916 5467.1
50.2124 5.61943 5463.86
52.6846 5.61943 5463.86
50.2124 12.0916 5463.86
52.6846 12.0916 5463.86
48.2124 8.8555 5462.63
48.2124 8.8555 5465.1
54.6846 8.8555 5462.63
54.6846 8.8555 5465.1
49.4485 6.8555 5465.86
53.4485 6.8555 5465.86
49.4485 10.8555 5465.86
53.4485 10.8555 5465.86
49.4485 6.8555 5469.86
53.4485 6.8555 5469.86
49.4485 10.8555 5469.86
53.4485 10.8555 5469.86
51.4485 7.61943 5464.63
51.4485 10.0916 5464.63
51.4485 7.61943 5471.1
51.4485 10.0916 5471.1
50.2124 5.61943 5467.86
52.6846 5.61943 5467.86
50.2124 12.0916 5467.86
52.6846 12.0916 5467.86
48.2124 8.8555 5466.63
48.2124 8.8555 5469.1
54.6846 8.8555 5466.63
54.6846 8.8555 5469.1
49.4485 6.8555 5176.57
53.4485 6.8555 5176.57
49.4485 10.8555 5176.57
53.4485 10.8555 5176.57
49.4485 6.8555 5180.57
53.4485 6.8555 5180.57
49.4485 10.8555 5180.57
53.4485 10.8555 5180.57
51.4485 7.61943 5175.33
51.4485 10.0916 5175.33
51.4485 7.61943 5181.81
51.4485 10.0916 5181.81
50.2124 5.61943 5178.57
52.6846 5.61943 5178.57
50.2124 12.0916 5178.57
52.6846 12.0916 5178.57
48.2124 8.8555 5177.33
48.2124 8.8555 5179.81
54.6846 8.8555 5177.33
54.6846 8.8555 5179.81
49.4485 6.8555 5180.57
53.4485 6.8555 5180.57
49.4485 10.8555 5180.57
53.4485 10.8555 5180.57
49.4485 6.8555 5184.57
53.4485 6.8555 5184.57
49.4485 10.8555 5184.57
53.4485 10.8555 5184.57
51.4485 7.61943 5179.33
51.4485 10.0916 5179.33
51.4485 7.61943 5185.81
51.4485 10.0916 5185.81
50.2124 5.61943 5182.57
52.6846 5.61943 5182.57
50.2124 12.0916 5182.57
52.6846 12.0916 5182.57
48.2124 8.8555 5181.33
48.2124 8.8555 5183.81
54.6846 8.8555 5181.33
54.6846 8.8555 5183.81
-296.856 -52.7525 4902.09
-292.856 -52.7525 4902.09
-296.856 -48.7525 4902.09
-292.856 -48.7525 4902.09
-296.856 -52.7525 4906.09
-292.856 -52.7525 4906.09
-296.856 -48.7525 4906.09
-292.856 -48.7525 4906.09
-294.856 -51.9886 4900.86
-294.856 -49.5164 4900.86
-294.856 -51.9886 4907.33
-294.856 -49.5164 4907.33
-296.092 -53.9886 4904.09
-293.62 -53.9886 4904.09
-296.092 -47.5164 4904.09
-293.62 -47.5164 4904.09
-298.092 -50.7525 4902.86
-298.092 -50.7525 4905.33
-291.62 -50.7525 4902.86
-291.62 -50.7525 4905.33
-296.856 -52.7525 4906.09
-292.856 -52.7525 4906.09
-296.856 -48.7525 4906.09
-292.856 -48.7525 4906.09
-296.856 -52.7525 4910.09
-292.856 -52.7525 4910.09
-296.856 -48.7525 4910.09
-292.856 -48.7525 4910.09
-294.856 -51.9886 4904.86
-294.856 -49.5164 4904.86
-294.856 -51.9886 4911.33
-294.856 -49.5164 4911.33
-296.092 -53.9886 4908.09
-293.62 -53.9886 4908.09
-296.092 -47.5164 4908.09
-293.62 -47.5164 4908.09
-298.092 -50.7525 4906.86
-298.092 -50.7525 4909.33
-291.62 -50.7525 4906.86
-291.62 -50.7525 4909.33
-296.856 -52.7525 4627.61
-292.856 -52.7525 4627.61
-296.856 -48.7525 4627.61
-292.856 -48.7525 4627.61
-296.856 -52.7525 4631.61
-292.856 -52.7525 4631.61
-296.856 -48.7525 4631.61
-292.856 -48.7525 4631.61
-294.856 -51.9886 4626.38
-294.856 -49.5164 4626.38
-294.856 -51.9886 4632.85
-294.856 -49.5164 4632.85
-296.092 -53.9886 4629.61
-293.62 -53.9886 4629.61
-296.092 -47.5164 4629.61
-293.62 -47.5164 4629.61
-298.092 -50.7525 4628.38
-298.092 -50.7525 4630.85
-291.62 -50.7525 4628.38
-291.62 -50.7525 4630.85
-296.856 -52.7525 4631.61
-292.856 -52.7525 4631.61
-296.856 -48.7525 4631.61
-292.856 -48.7525 4631.61
-296.856 -52.7525 4635.61
-292.856 -52.7525 4635.61
-296.856 -48.7525 4635.61
-292.856 -48.7525 4635.61
-294.856 -51.9886 4630.38
-294.856 -49.5164 4630.38
-294.856 -51.9886 4636.85
-294.856 -49.5164 4636.85
-296.092 -53.9886 4633.61
-293.62 -53.9886 4633.61
-296.092 -47.5164 4633.61
-293.62 -47.5164 4633.61
-298.092 -50.7525 4632.38
-298.092 -50.7525 4634.85
-291.62 -50.7525 4632.38
-291.62 -50.7525 4634.85
-296.856 -52.7525 4353.14
-292.856 -52.7525 4353.14
-296.856 -48.7525 4353.14
-292.856 -48.7525 4353.14
-296.856 -52.7525 4357.14
-292.856 -52.7525 4357.14
-296.856 -48.7525 4357.14
-292.856 -48.7525 4357.14
-294.856 -51.9886 4351.9
-294.856 -49.5164 4351.9
-294.856 -51.9886 4358.37
-294.856 -49.5164 4358.37
-296.092 -53.9886 4355.14
-293.62 -53.9886 4355.14
-296.092 -47.5164 4355.14
-293.62 -47.5164 4355.14
-298.092 -50.7525 4353.9
-298.092 -50.7525 4356.37
-291.62 -50.7525 4353.9
-291.62 -50.7525 4356.37
-296.856 -52.7525 4357.14
-292.856 -52.7525 4357.14
-296.856 -48.7525 4357.14
-292.856 -48.7525 4357.14
-296.856 -52.7525 4361.14
-292.856 -52.7525 4361.14
-296.856 -48.7525 4361.14
-292.856 -48.7525 4361.14
-294.856 -51.9886 4355.9
-294.856 -49.5164 4355.9
-294.856 -51.9886 4362.37
-294.856 -49.5164 4362.37
-296.092 -53.9886 4359.14
-293.62 -53.9886 4359.14
-296.092 -47.5164 4359.14
-293.62 -47.5164 4359.14
-298.092 -50.7525 4357.9
-298.092 -50.7525 4360.37
-291.62 -50.7525 4357.9
-291.62 -50.7525 4360.37
-296.856 -52.7525 4078.66
-292.856 -52.7525 4078.66
-296.856 -48.7525 4078.66
-292.856 -48.7525 4078.66
-296.856 -52.7525 4082.66
-292.856 -52.7525 4082.66
-296.856 -48.7525 4082.66
-292.856 -48.7525 4082.66
-294.856 -51.9886 4077.42
-294.856 -49.5164 4077.42
-294.856 -51.9886 4083.89
-294.856 -49.5164 4083.89
-296.092 -53.9886 4080.66
-293.62 -53.9886 4080.66
-296.092 -47.5164 4080.66
-293.62 -47.5164 4080.66
-298.092 -50.7525 4079.42
-298.092 -50.7525 4081.89
-291.62 -50.7525 4079.42
-291.62 -50.7525 4081.89
-296.856 -52.7525 4082.66
-292.856 -52.7525 4082.66
-296.856 -48.7525 4082.66
-292.856 -48.7525 4082.66
-296.856 -52.7525 4086.66
-292.856 -52.7525 4086.66
-296.856 -48.7525 4086.66
-292.856 -48.7525 4086.66
-294.856 -51.9886 4081.42
-294.856 -49.5164 4081.42
-294.856 -51.9886 4087.89
-294.856 -49.5164 4087.89
-296.092 -53.9886 4084.66
-293.62 -53.9886 4084.66
-296.092 -47.5164 4084.66
-293.62 -47.5164 4084.66
-298.092 -50.7525 4083.42
-298.092 -50.7525 4085.89
-291.62 -50.7525 4083.42
-291.62 -50.7525 4085.89
-296.856 -52.7525 3804.18
-292.856 -52.7525 3804.18
-296.856 -48.7525 3804.18
-292.856 -48.7525 3804.18
-296.856 -52.7525 3808.18
-292.856 -52.7525 3808.18
-296.856 -48.7525 3808.18
-292.856 -48.7525 3808.18
-294.856 -51.9886 3802.94
-294.856 -49.5164 3802.94
-294.856 -51.9886 3809.41
-294.856 -49.5164 3809.41
-296.092 -53.9886 3806.18
-293.62 -53.9886 3806.18
-296.092 -47.5164 3806.18
-293.62 -47.5164 3806.18
-298.092 -50.7525 3804.94
-298.092 -50.7525 3807.41
-291.62 -50.7525 3804.94
-291.62 -50.7525 3807.41
-296.856 -52.7525 3808.18
-292.856 -52.7525 3808.18
-296.856 -48.7525 3808.18
-292.856 -48.7525 3808.18
-296.856 -52.7525 3812.18
-292.856 -52.7525 3812.18
-296.856 -48.7525 3812.18
-292.856 -48.7525 3812.18
-294.856 -51.9886 3806.94
-294.856 -49.5164 3806.94
-294.856 -51.9886 3813.41
-294.856 -49.5164 3813.41
-296.092 -53.9886 3810.18
-293.62 -53.9886 3810.18
-296.092 -47.5164 3810.18
-293.62 -47.5164 3810.18
-298.092 -50.7525 3808.94
-298.092 -50.7525 3811.41
-291.62 -50.7525 3808.94
-291.62 -50.7525 3811.41
-296.856 -52.7525 3529.7
-292.856 -52.7525 3529.7
-296.856 -48.7525 3529.7
-292.856 -48.7525 3529.7
-296.856 -52.7525 3533.7
-292.856 -52.7525 3533.7
-296.856 -48.7525 3533.7
-292.856 -48.7525 3533.7
-294.856 -51.9886 3528.46
-294.856 -49.5164 3528.46
-294.856 -51.9886 3534.94
-294.856 -49.5164 3534.94
-296.092 -53.9886 3531.7
-293.62 -53.9886 3531.7
-296.092 -47.5164 3531.7
-293.62 -47.5164 3531.7
-298.092 -50.7525 3530.46
-298.092 -50.7525 3532.94
-291.62 -50.7525 3530.46
-291.62 -50.7525 3532.94
-296.856 -52.7525 3533.7
-292.856 -52.7525 3533.7
-296.856 -48.7525 3533.7
-292.856 -48.7525 3533.7
-296.856 -52.7525 3537.7
-292.856 -52.7525 3537.7
-296.856 -48.7525 3537.7
-292.856 -48.7525 3537.7
-294.856 -51.9886 3532.46
-294.856 -49.5164 3532.46
-294.856 -51.9886 3538.94
-294.856 -49.5164 3538.94
-296.092 -53.9886 3535.7
-293.62 -53.9886 3535.7
-296.092 -47.5164 3535.7
-293.62 -47.5164 3535.7
-298.092 -50.7525 3534.46
-298.092 -50.7525 3536.94
-291.62 -50.7525 3534.46
-291.62 -50.7525 3536.94
-296.856 -52.7525 3255.22
-292.856 -52.7525 3255.22
-296.856 -48.7525 3255.22
-292.856 -48.7525 3255.22
-296.856 -52.7525 3259.22
-292.856 -52.7525 3259.22
-296.856 -48.7525 3259.22
-292.856 -48.7525 3259.22
-294.856 -51.9886 3253.98
-294.856 -49.5164 3253.98
-294.856 -51.9886 3260.46
-294.856 -49.5164 3260.46
-296.092 -53.9886 3257.22
-293.62 -53.9886 3257.22
-296.092 -47.5164 3257.22
-293.62 -47.5164 3257.22
-298.092 -50.7525 3255.98
-298.092 -50.7525 3258.46
-291.62 -50.7525 3255.98
-291.62 -50.7525 3258.46
-296.856 -52.7525 3259.22
-292.856 -52.7525 3259.22
-296.856 -48.7525 3259.22
-292.856 -48.7525 3259.22
-296.856 -52.7525 3263.22
-292.856 -52.7525 3263.22
-296.856 -48.7525 3263.22
-292.856 -48.7525 3263.22
-294.856 -51.9886 3257.98
-294.856 -49.5164 3257.98
-294.856 -51.9886 3264.46
-294.856 -49.5164 3264.46
-296.092 -53.9886 3261.22
-293.62 -53.9886 3261.22
-296.092 -47.5164 3261.22
-293.62 -47.5164 3261.22
-298.092 -50.7525 3259.98
-298.092 -50.7525 3262.46
-291.62 -50.7525 3259.98
-291.62 -50.7525 3262.46
-296.856 -52.7525 2980.74
-292.856 -52.7525 2980.74
-296.856 -48.7525 2980.74
-292.856 -48.7525 2980.74
-296.856 -52.7525 2984.74
-292.856 -52.7525 2984.74
-296.856 -48.7525 2984.74
-292.856 -48.7525 2984.74
-294.856 -51.9886 2979.51
-294.856 -49.5164 2979.51
-294.856 -51.9886 2985.98
-294.856 -49.5164 2985.98
-296.092 -53.9886 2982.74
-293.62 -53.9886 2982.74
-296.092 -47.5164 2982.74
-293.62 -47.5164 2982.74
-298.092 -50.7525 2981.51
-298.092 -50.7525 2983.98
-291.62 -50.7525 2981.51
-291.62 -50.7525 2983.98
-296.856 -52.7525 2984.74
-292.856 -52.7525 2984.74
-296.856 -48.7525 2984.74
-292.856 -48.7525 2984.74
-296.856 -52.7525 2988.74
-292.856 -52.7525 2988.74
-296.856 -48.7525 2988.74
-292.856 -48.7525 2988.74
-294.856 -51.9886 2983.51
-294.856 -49.5164 2983.51
-294.856 -51.9886 2989.98
-294.856 -49.5164 2989.98
-296.092 -53.9886 2986.74
-293.62 -53.9886 2986.74
-296.092 -47.5164 2986.74
-293.62 -47.5164 2986.74
-298.092 -50.7525 2985.51
-298.092 -50.7525 2987.98
-291.62 -50.7525 2985.51
-291.62 -50.7525 2987.98
-296.856 -52.7525 2706.26
-292.856 -52.7525 2706.26
-296.856 -48.7525 2706.26
-292.856 -48.7525 2706.26
-296.856 -52.7525 2710.26
-292.856 -52.7525 2710.26
-296.856 -48.7525 2710.26
-292.856 -48.7525 2710.26
-294.856 -51.9886 2705.03
-294.856 -49.5164 2705.03
-294.856 -51.9886 2711.5
-294.856 -49.5164 2711.5
-296.092 -53.9886 2708.26
-293.62 -53.9886 2708.26
-296.092 -47.5164 2708.26
-293.62 -47.5164 2708.26
-298.092 -50.7525 2707.03
-298.092 -50.7525 2709.5
-291.62 -50.7525 2707.03
-291.62 -50.7525 2709.5
-296.856 -52.7525 2710.26
-292.856 -52.7525 2710.26
-296.856 -48.7525 2710.26
-292.856 -48.7525 2710.26
-296.856 -52.7525 2714.26
-292.856 -52.7525 2714.26
-296.856 -48.7525 2714.26
-292.856 -48.7525 2714.26
-294.856 -51.9886 2709.03
-294.856 -49.5164 2709.03
-294.856 -51.9886 2715.5
-294.856 -49.5164 2715.5
-296.092 -53.9886 2712.26
-293.62 -53.9886 2712.26
-296.092 -47.5164 2712.26
-293.62 -47.5164 2712.26
-298.092 -50.7525 2711.03
-298.092 -50.7525 2713.5
-291.62 -50.7525 2711.03
-291.62 -50.7525 2713.5
-296.856 -52.7525 2431.78
-292.856 -52.7525 2431.78
-296.856 -48.7525 2431.78
-292.856 -48.7525 2431.78
-296.856 -52.7525 2435.78
-292.856 -52.7525 2435.78
-296.856 -48.7525 2435.78
-292.856 -48.7525 2435.78
-294.856 -51.9886 2430.55
-294.856 -49.5164 2430.55
-294.856 -51.9886 2437.02
-294.856 -49.5164 2437.02
-296.092 -53.9886 2433.78
-293.62 -53.9886 2433.78
-296.092 -47.5164 2433.78
-293.62 -47.5164 2433.78
-298.092 -50.7525 2432.55
-298.092 -50.7525 2435.02
-291.62 -50.7525 2432.55
-291.62 -50.7525 2435.02
-296.856 -52.7525 2435.78
-292.856 -52.7525 2435.78
-296.856 -48.7525 2435.78
-292.856 -48.7525 2435.78
-296.856 -52.7525 2439.78
-292.856 -52.7525 2439.78
-296.856 -48.7525 2439.78
-292.856 -48.7525 2439.78
-294.856 -51.9886 2434.55
-294.856 -49.5164 2434.55
-294.856 -51.9886 2441.02
-294.856 -49.5164 2441.02
-296.092 -53.9886 2437.78
-293.62 -53.9886 2437.78
-296.092 -47.5164 2437.78
-293.62 -47.5164 2437.78
-298.092 -50.7525 2436.55
-298.092 -50.7525 2439.02
-291.62 -50.7525 2436.55
-291.62 -50.7525 2439.02
-296.856 -52.7525 2157.31
-292.856 -52.7525 2157.31
-296.856 -48.7525 2157.31
-292.856 -48.7525 2157.31
-296.856 -52.7525 2161.31
-292.856 -52.7525 2161.31
-296.856 -48.7525 2161.31
-292.856 -48.7525 2161.31
-294.856 -51.9886 2156.07
-294.856 -49.5164 2156.07
-294.856 -51.9886 2162.54
-294.856 -49.5164 2162.54
-296.092 -53.9886 2159.31
-293.62 -53.9886 2159.31
-296.092 -47.5164 2159.31
-293.62 -47.5164 2159.31
-298.092 -50.7525 2158.07
-298.092 -50.7525 2160.54
-291.62 -50.7525 2158.07
-291.62 -50.7525 2160.54
-296.856 -52.7525 2161.31
-292.856 -52.7525 2161.31
-296.856 -48.7525 2161.31
-292.856 -48.7525 2161.31
-296.856 -52.7525 2165.31
-292.856 -52.7525 2165.31
-296.856 -48.7525 2165.31
-292.856 -48.7525 2165.31
-294.856 -51.9886 2160.07
-294.856 -49.5164 2160.07
-294.856 -51.9886 2166.54
-294.856 -49.5164 2166.54
-296.092 -53.9886 2163.31
-293.62 -53.9886 2163.31
-296.092 -47.5164 2163.31
-293.62 -47.5164 2163.31
-298.092 -50.7525 2162.07
-298.092 -50.7525 2164.54
-291.62 -50.7525 2162.07
-291.62 -50.7525 2164.54
-296.856 -52.7525 1882.83
-292.856 -52.7525 1882.83
-296.856 -48.7525 1882.83
-292.856 -48.7525 1882.83
-296.856 -52.7525 1886.83
-292.856 -52.7525 1886.83
-296.856 -48.7525 1886.83
-292.856 -48.7525 1886.83
-294.856 -51.9886 1881.59
-294.856 -49.5164 1881.59
-294.856 -51.9886 1888.06
-294.856 -49.5164 1888.06
-296.092 -53.9886 1884.83
-293.62 -53.9886 1884.83
-296.092 -47.5164 1884.83
-293.62 -47.5164 1884.83
-298.092 -50.7525 1883.59
-298.092 -50.7525 1886.06
-291.62 -50.7525 1883.59
-291.62 -50.7525 1886.06
-296.856 -52.7525 1886.83
-292.856 -52.7525 1886.83
-296.856 -48.7525 1886.83
-292.856 -48.7525 1886.83
-296.856 -52.7525 1890.83
-292.856 -52.7525 1890.83
-296.856 -48.7525 1890.83
-292.856 -48.7525 1890.83
-294.856 -51.9886 1885.59
-294.856 -49.5164 1885.59
-294.856 -51.9886 1892.06
-294.856 -49.5164 1892.06
-296.092 -53.9886 1888.83
-293.62 -53.9886 1888.83
-296.092 -47.5164 1888.83
-293.62 -47.5164 1888.83
-298.092 -50.7525 1887.59
-298.092 -50.7525 1890.06
-291.62 -50.7525 1887.59
-291.62 -50.7525 1890.06
-296.856 -52.7525 1608.35
-292.856 -52.7525 1608.35
-296.856 -48.7525 1608.35
-292.856 -48.7525 1608.35
-296.856 -52.7525 1612.35
-292.856 -52.7525 1612.35
-296.856 -48.7525 1612.35
-292.856 -48.7525 1612.35
-294.856 -51.9886 1607.11
-294.856 -49.5164 1607.11
-294.856 -51.9886 1613.59
-294.856 -49.5164 1613.59
-296.092 -53.9886 1610.35
-293.62 -53.9886 1610.35
-296.092 -47.5164 1610.35
-293.62 -47.5164 1610.35
-298.092 -50.7525 1609.11
-298.092 -50.7525 1611.59
-291.62 -50.7525 1609.11
-291.62 -50.7525 1611.59
-296.856 -52.7525 1612.35
-292.856 -52.7525 1612.35
-296.856 -48.7525 1612.35
-292.856 -48.7525 1612.35
-296.856 -52.7525 1616.35
-292.856 -52.7525 1616.35
-296.856 -48.7525 1616.35
-292.856 -48.7525 1616.35
-294.856 -51.9886 1611.11
-294.856 -49.5164 1611.11
-294.856 -51.9886 1617.59
-294.856 -49.5164 1617.59
-296.092 -53.9886 1614.35
-293.62 -53.9886 1614.35
-296.092 -47.5164 1614.35
-293.62 -47.5164 1614.35
-298.092 -50.7525 1613.11
-298.092 -50.7525 1615.59
-291.62 -50.7525 1613.11
-291.62 -50.7525 1615.59
-296.856 -52.7525 1333.87
-292.856 -52.7525 1333.87
-296.856 -48.7525 1333.87
-292.856 -48.7525 1333.87
-296.856 -52.7525 1337.87
-292.856 -52.7525 1337.87
-296.856 -48.7525 1337.87
-292.856 -48.7525 1337.87
-294.856 -51.9886 1332.63
-294.856 -49.5164 1332.63
-294.856 -51.9886 1339.11
-294.856 -49.5164 1339.11
-296.092 -53.9886 1335.87
-293.62 -53.9886 1335.87
-296.092 -47.5164 1335.87
-293.62 -47.5164 1335.87
-298.092 -50.7525 1334.63
-298.092 -50.7525 1337.11
-291.62 -50.7525 1334.63
-291.62 -50.7525 1337.11
-296.856 -52.7525 1337.87
-292.856 -52.7525 1337.87
-296.856 -48.7525 1337.87
-292.856 -48.7525 1337.87
-296.856 -52.7525 1341.87
-292.856 -52.7525 1341.87
-296.856 -48.7525 1341.87
-292.856 -48.7525 1341.87
-294.856 -51.9886 1336.63
-294.856 -49.5164 1336.63
-294.856 -51.9886 1343.11
-294.856 -49.5164 1343.11
-296.092 -53.9886 1339.87
-293.62 -53.9886 1339.87
-296.092 -47.5164 1339.87
-293.62 -47.5164 1339.87
-298.092 -50.7525 1338.63
-298.092 -50.7525 1341.11
-291.62 -50.7525 1338.63
-291.62 -50.7525 1341.11
-296.856 -52.7525 1059.39
-292.856 -52.7525 1059.39
-296.856 -48.7525 1059.39
-292.856 -48.7525 1059.39
-296.856 -52.7525 1063.39
-292.856 -52.7525 1063.39
-296.856 -48.7525 1063.39
-292.856 -48.7525 1063.39
-294.856 -51.9886 1058.16
-294.856 -49.5164 1058.16
-294.856 -51.9886 1064.63
-294.856 -49.5164 1064.63
-296.092 -53.9886 1061.39
-293.62 -53.9886 1061.39
-296.092 -47.5164 1061.39
-293.62 -47.5164 1061.39
-298.092 -50.7525 1060.16
-298.092 -50.7525 1062.63
-291.62 -50.7525 1060.16
-291.62 -50.7525 1062.63
-296.856 -52.7525 1063.39
-292.856 -52.7525 1063.39
-296.856 -48.7525 1063.39
-292.856 -48.7525 1063.39
-296.856 -52.7525 1067.39
-292.856 -52.7525 1067.39
-296.856 -48.7525 1067.39
-292.856 -48.7525 1067.39
-294.856 -51.9886 1062.16
-294.856 -49.5164 1062.16
-294.856 -51.9886 1068.63
-294.856 -49.5164 1068.63
-296.092 -53.9886 1065.39
-293.62 -53.9886 1065.39
-296.092 -47.5164 1065.39
-293.62 -47.5164 1065.39
-298.092 -50.7525 1064.16
-298.092 -50.7525 1066.63
-291.62 -50.7525 1064.16
-291.62 -50.7525 1066.63
-296.856 -52.7525 784.914
-292.856 -52.7525 784.914
-296.856 -48.7525 784.914
-292.856 -48.7525 784.914
-296.856 -52.7525 788.914
-292.856 -52.7525 788.914
-296.856 -48.7525 788.914
-292.856 -48.7525 788.914
-294.856 -51.9886 783.678
-294.856 -49.5164 783.678
-294.856 -51.9886 790.15
-294.856 -49.5164 790.15
-296.092 -53.9886 786.914
-293.62 -53.9886 786.914
-296.092 -47.5164 786.914
-293.62 -47.5164 786.914
-298.092 -50.7525 785.678
-298.092 -50.7525 788.15
-291.62 -50.7525 785.678
-291.62 -50.7525 788.15
-296.856 -52.7525 788.914
-292.856 -52.7525 788.914
-296.856 -48.7525 788.914
-292.856 -48.7525 788.914
-296.856 -52.7525 792.914
-292.856 -52.7525 792.914
-296.856 -48.7525 792.914
-292.856 -48.7525 792.914
-294.856 -51.9886 787.678
-294.856 -49.5164 787.678
-294.856 -51.9886 794.15
-294.856 -49.5164 794.15
-296.092 -53.9886 790.914
-293.62 -53.9886 790.914
-296.092 -47.5164 790.914
-293.62 -47.5164 790.914
-298.092 -50.7525 789.678
-298.092 -50.7525 792.15
-291.62 -50.7525 789.678
-291.62 -50.7525 792.15
-296.856 -52.7525 510.435
-292.856 -52.7525 510.435
-296.856 -48.7525 510.435
-292.856 -48.7525 510.435
-296.856 -52.7525 514.435
-292.856 -52.7525 514.435
-296.856 -48.7525 514.435
-292.856 -48.7525 514.435
-294.856 -51.9886 509.199
-294.856 -49.5164 509.199
-294.856 -51.9886 515.671
-294.856 -49.5164 515.671
-296.092 -53.9886 512.435
-293.62 -53.9886 512.435
-296.092 -47.5164 512.435
-293.62 -47.5164 512.435
-298.092 -50.7525 511.199
-298.092 -50.7525 513.671
-291.62 -50.7525 511.199
-291.62 -50.7525 513.671
-296.856 -52.7525 514.435
-292.856 -52.7525 514.435
-296.856 -48.7525 514.435
-292.856 -48.7525 514.435
-296.856 -52.7525 518.435
-292.856 -52.7525 518.435
-296.856 -48.7525 518.435
-292.856 -48.7525 518.435
-294.856 -51.9886 513.199
-294.856 -49.5164 513.199
-294.856 -51.9886 519.671
-294.856 -49.5164 519.671
-296.092 -53.9886 516.435
-293.62 -53.9886 516.435
-296.092 -47.5164 516.435
-293.62 -47.5164 516.435
-298.092 -50.7525 515.199
-298.092 -50.7525 517.671
-291.62 -50.7525 515.199
-291.62 -50.7525 517.671
-296.856 -52.7525 235.957
-292.856 -52.7525 235.957
-296.856 -48.7525 235.957
-292.856 -48.7525 235.957
-296.856 -52.7525 239.957
-292.856 -52.7525 239.957
-296.856 -48.7525 239.957
-292.856 -48.7525 239.957
-294.856 -51.9886 234.72
-294.856 -49.5164 234.72
-294.856 -51.9886 241.193
-294.856 -49.5164 241.193
-296.092 -53.9886 237.957
-293.62 -53.9886 237.957
-296.092 -47.5164 237.957
-293.62 -47.5164 237.957
-298.092 -50.7525 236.72
-298.092 -50.7525 239.193
-291.62 -50.7525 236.72
-291.62 -50.7525 239.193
-296.856 -52.7525 239.957
-292.856 -52.7525 239.957
-296.856 -48.7525 239.957
-292.856 -48.7525 239.957
-296.856 -52.7525 243.957
-292.856 -52.7525 243.957
-296.856 -48.7525 243.957
-292.856 -48.7525 243.957
-294.856 -51.9886 238.72
-294.856 -49.5164 238.72
-294.856 -51.9886 245.193
-294.856 -49.5164 245.193
-296.092 -53.9886 241.957
-293.62 -53.9886 241.957
-296.092 -47.5164 241.957
-293.62 -47.5164 241.957
-298.092 -50.7525 240.72
-298.092 -50.7525 243.193
-291.62 -50.7525 240.72
-291.62 -50.7525 243.193
-100.285 -18.9175 75.9855
-96.2855 -18.9175 75.9855
-100.285 -14.9175 75.9855
-96.2855 -14.9175 75.9855
-100.285 -18.9175 79.9855
-96.2855 -18.9175 79.9855
-100.285 -14.9175 79.9855
-96.2855 -14.9175 79.9855
-98.2855 -18.1536 74.7494
-98.2855 -15.6814 74.7494
-98.2855 -18.1536 81.2216
-98.2855 -15.6814 81.2216
-99.5216 -20.1536 77.9855
-97.0494 -20.1536 77.9855
-99.5216 -13.6814 77.9855
-97.0494 -13.6814 77.9855
-101.522 -16.9175 76.7494
-101.522 -16.9175 79.2216
-95.0494 -16.9175 76.7494
-95.0494 -16.9175 79.2216
-100.285 -18.9175 79.9855
-96.2855 -18.9175 79.9855
-100.285 -14.9175 79.9855
-96.2855 -14.9175 79.9855
-100.285 -18.9175 83.9855
-96.2855 -18.9175 83.9855
-100.285 -14.9175 83.9855
-96.2855 -14.9175 83.9855
-98.2855 -18.1536 78.7494
-98.2855 -15.6814 78.7494
-98.2855 -18.1536 85.2216
-98.2855 -15.6814 85.2216
-99.5216 -20.1536 81.9855
-97.0494 -20.1536 81.9855
-99.5216 -13.6814 81.9855
-97.0494 -13.6814 81.9855
-101.522 -16.9175 80.7494
-101.522 -16.9175 83.2216
-95.0494 -16.9175 80.7494
-95.0494 -16.9175 83.2216
96.2855 14.9175 -83.9855
100.285 14.9175 -83.9855
96.2855 18.9175 -83.9855
100.285 18.9175 -83.9855
96.2855 14.9175 -79.9855
100.285 14.9175 -79.9855
96.2855 18.9175 -79.9855
100.285 18.9175 -79.9855
98.2855 15.6814 -85.2216
98.2855 18.1536 -85.2216
98.2855 15.6814 -78.7494
98.2855 18.1536 -78.7494
97.0494 13.6814 -81.9855
99.5216 13.6814 -81.9855
97.0494 20.1536 -81.9855
99.5216 20.1536 -81.9855
95.0494 16.9175 -83.2216
95.0494 16.9175 -80.7494
101.522 16.9175 -83.2216
101.522 16.9175 -80.7494
96.2855 14.9175 -79.9855
100.285 14.9175 -79.9855
96.2855 18.9175 -79.9855
100.285 18.9175 -79.9855
96.2855 14.9175 -75.9855
100.285 14.9175 -75.9855
96.2855 18.9175 -75.9855
100.285 18.9175 -75.9855
98.2855 15.6814 -81.2216
98.2855 18.1536 -81.2216
98.2855 15.6814 -74.7494
98.2855 18.1536 -74.7494
97.0494 13.6814 -77.9855
99.5216 13.6814 -77.9855
97.0494 20.1536 -77.9855
99.5216 20.1536 -77.9855
95.0494 16.9175 -79.2216
95.0494 16.9175 -76.7494
101.522 16.9175 -79.2216
101.522 16.9175 -76.7494
292.856 48.7525 -243.957
296.856 48.7525 -243.957
292.856 52.7525 -243.957
296.856 52.7525 -243.957
292.856 48.7525 -239.957
296.856 48.7525 -239.957
292.856 52.7525 -239.957
296.856 52.7525 -239.957
294.856 49.5164 -245.193
294.856 51.9886 -245.193
294.856 49.5164 -238.72
294.856 51.9886 -238.72
293.62 47.5164 -241.957
296.092 47.5164 -241.957
293.62 53.9886 -241.957
296.092 53.9886 -241.957
291.62 50.7525 -243.193
291.62 50.7525 -240.72
298.092 50.7525 -243.193
298.092 50.7525 -240.72
292.856 48.7525 -239.957
296.856 48.7525 -239.957
292.856 52.7525 -239.957
296.856 52.7525 -239.957
292.856 48.7525 -235.957
296.856 48.7525 -235.957
292.856 52.7525 -235.957
296.856 52.7525 -235.957
294.856 49.5164 -241.193
294.856 51.9886 -241.193
294.856 49.5164 -234.72
294.856 51.9886 -234.72
293.62 47.5164 -237.957
296.092 47.5164 -237.957
293.62 53.9886 -237.957
296.092 53.9886 -237.957
291.62 50.7525 -239.193
291.62 50.7525 -236.72
298.092 50.7525 -239.193
298.092 50.7525 -236.72
49.4485 6.8555 4895.87
53.4485 6.8555 4895.87
49.4485 10.8555 4895.87
53.4485 10.8555 4895.87
49.4485 6.8555 4899.87
53.4485 6.8555 4899.87
49.4485 10.8555 4899.87
53.4485 10.8555 4899.87
51.4485 7.61943 4894.63
51.4485 10.0916 4894.63
51.4485 7.61943 4901.1
51.4485 10.0916 4901.1
50.2124 5.61943 4897.87
52.6846 5.61943 4897.87
50.2124 12.0916 4897.87
52.6846 12.0916 4897.87
48.2124 8.8555 4896.63
48.2124 8.8555 4899.1
54.6846 8.8555 4896.63
54.6846 8.8555 4899.1
49.4485 6.8555 4899.87
53.4485 6.8555 4899.87
49.4485 10.8555 4899.87
53.4485 10.8555 4899.87
49.4485 6.8555 4903.87
53.4485 6.8555 4903.87
49.4485 10.8555 4903.87
53.4485 10.8555 4903.87
51.4485 7.61943 4898.63
51.4485 10.0916 4898.63
51.4485 7.61943 4905.1
51.4485 10.0916 4905.1
50.2124 5.61943 4901.87
52.6846 5.61943 4901.87
50.2124 12.0916 4901.87
52.6846 12.0916 4901.87
48.2124 8.8555 4900.63
48.2124 8.8555 4903.1
54.6846 8.8555 4900.63
54.6846 8.8555 4903.1
49.4485 6.8555 4615.16
53.4485 6.8555 4615.16
49.4485 10.8555 4615.16
53.4485 10.8555 4615.16
49.4485 6.8555 4619.16
53.4485 6.8555 4619.16
49.4485 10.8555 4619.16
53.4485 10.8555 4619.16
51.4485 7.61943 4613.92
51.4485 10.0916 4613.92
51.4485 7.61943 4620.4
51.4485 10.0916 4620.4
50.2124 5.61943 4617.16
52.6846 5.61943 4617.16
50.2124 12.0916 4617.16
52.6846 12.0916 4617.16
48.2124 8.8555 4615.92
48.2124 8.8555 4618.4
54.6846 8.8555 4615.92
54.6846 8.8555 4618.4
49.4485 6.8555 4619.16
53.4485 6.8555 4619.16
49.4485 10.8555 4619.16
53.4485 10.8555 4619.16
49.4485 6.8555 4623.16
53.4485 6.8555 4623.16
49.4485 10.8555 4623.16
53.4485 10.8555 4623.16
51.4485 7.61943 4617.92
51.4485 10.0916 4617.92
51.4485 7.61943 4624.4
51.4485 10.0916 4624.4
50.2124 5.61943 4621.16
52.6846 5.61943 4621.16
50.2124 12.0916 4621.16
52.6846 12.0916 4621.16
48.2124 8.8555 4619.92
48.2124 8.8555 4622.4
54.6846 8.8555 4619.92
54.6846 8.8555 4622.4
49.4485 6.8555 4334.45
53.4485 6.8555 4334.45
49.4485 10.8555 4334.45
53.4485 10.8555 4334.45
49.4485 6.8555 4338.45
53.4485 6.8555 4338.45
49.4485 10.8555 4338.45
53.4485 10.8555 4338.45
51.4485 7.61943 4333.22
51.4485 10.0916 4333.22
51.4485 7.61943 4339.69
51.4485 10.0916 4339.69
50.2124 5.61943 4336.45
52.6846 5.61943 4336.45
50.2124 12.0916 4336.45
52.6846 12.0916 4336.45
48.2124 8.8555 4335.22
48.2124 8.8555 4337.69
54.6846 8.8555 4335.22
54.6846 8.8555 4337.69
49.4485 6.8555 4338.45
53.4485 6.8555 4338.45
49.4485 10.8555 4338.45
53.4485 10.8555 4338.45
49.4485 6.8555 4342.45
53.4485 6.8555 4342.45
49.4485 10.8555 4342.45
53.4485 10.8555 4342.45
51.4485 7.61943 4337.22
51.4485 10.0916 4337.22
51.4485 7.61943 4343.69
51.4485 10.0916 4343.69
50.2124 5.61943 4340.45
52.6846 5.61943 4340.45
50.2124 12.0916 4340.45
52.6846 12.0916 4340.45
48.2124 8.8555 4339.22
48.2124 8.8555 4341.69
54.6846 8.8555 4339.22
54.6846 8.8555 4341.69
49.4485 6.8555 4053.75
53.4485 6.8555 4053.75
49.4485 10.8555 4053.75
53.4485 10.8555 4053.75
49.4485 6.8555 4057.75
53.4485 6.8555 4057.75
49.4485 10.8555 4057.75
53.4485 10.8555 4057.75
51.4485 7.61943 4052.51
51.4485 10.0916 4052.51
51.4485 7.61943 4058.99
51.4485 10.0916 4058.99
50.2124 5.61943 4055.75
52.6846 5.61943 4055.75
50.2124 12.0916 4055.75
52.6846 12.0916 4055.75
48.2124 8.8555 4054.51
48.2124 8.8555 4056.99
54.6846 8.8555 4054.51
54.6846 8.8555 4056.99
49.4485 6.8555 4057.75
53.4485 6.8555 4057.75
49.4485 10.8555 4057.75
53.4485 10.8555 4057.75
49.4485 6.8555 4061.75
53.4485 6.8555 4061.75
49.4485 10.8555 4061.75
53.4485 10.8555 4061.75
51.4485 7.61943 4056.51
51.4485 10.0916 4056.51
51.4485 7.61943 4062.99
51.4485 10.0916 4062.99
50.2124 5.61943 4059.75
52.6846 5.61943 4059.75
50.2124 12.0916 4059.75
52.6846 12.0916 4059.75
48.2124 8.8555 4058.51
48.2124 8.8555 4060.99
54.6846 8.8555 4058.51
54.6846 8.8555 4060.99
49.4485 6.8555 3773.04
53.4485 6.8555 3773.04
49.4485 10.8555 3773.04
53.4485 10.8555 3773.04
49.4485 6.8555 3777.04
53.4485 6.8555 3777.04
49.4485 10.8555 3777.04
53.4485 10.8555 3777.04
51.4485 7.61943 3771.81
51.4485 10.0916 3771.81
51.4485 7.61943 3778.28
51.4485 10.0916 3778.28
50.2124 5.61943 3775.04
52.6846 5.61943 3775.04
50.2124 12.0916 3775.04
52.6846 12.0916 3775.04
48.2124 8.8555 3773.81
48.2124 8.8555 3776.28
54.6846 8.8555 3773.81
54.6846 8.8555 3776.28
49.4485 6.8555 3777.04
53.4485 6.8555 3777.04
49.4485 10.8555 3777.04
53.4485 10.8555 3777.04
49.4485 6.8555 3781.04
53.4485 6.8555 3781.04
49.4485 10.8555 3781.04
53.4485 10.8555 3781.04
51.4485 7.61943 3775.81
51.4485 10.0916 3775.81
51.4485 7.61943 3782.28
51.4485 10.0916 3782.28
50.2124 5.61943 3779.04
52.6846 5.61943 3779.04
50.2124 12.0916 3779.04
52.6846 12.0916 3779.04
48.2124 8.8555 3777.81
48.2124 8.8555 3780.28
54.6846 8.8555 3777.81
54.6846 8.8555 3780.28
49.4485 6.8555 3492.34
53.4485 6.8555 3492.34
49.4485 10.8555 3492.34
53.4485 10.8555 3492.34
49.4485 6.8555 3496.34
53.4485 6.8555 3496.34
49.4485 10.8555 3496.34
53.4485 10.8555 3496.34
51.4485 7.61943 3491.1
51.4485 10.0916 3491.1
51.4485 7.61943 3497.58
51.4485 10.0916 3497.58
50.2124 5.61943 3494.34
52.6846 5.61943 3494.34
50.2124 12.0916 3494.34
52.6846 12.0916 3494.34
48.2124 8.8555 3493.1
48.2124 8.8555 3495.58
54.6846 8.8555 3493.1
54.6846 8.8555 3495.58
49.4485 6.8555 3496.34
53.4485 6.8555 3496.34
49.4485 10.8555 3496.34
53.4485 10.8555 3496.34
49.4485 6.8555 3500.34
53.4485 6.8555 3500.34
49.4485 10.8555 3500.34
53.4485 10.8555 3500.34
51.4485 7.61943 3495.1
51.4485 10.0916 3495.1
51.4485 7.61943 3501.58
51.4485 10.0916 3501.58
50.2124 5.61943 3498.34
52.6846 5.61943 3498.34
50.2124 12.0916 3498.34
52.6846 12.0916 3498.34
48.2124 8.8555 3497.1
48.2124 8.8555 3499.58
54.6846 8.8555 3497.1
54.6846 8.8555 3499.58
49.4485 6.8555 3211.63
53.4485 6.8555 3211.63
49.4485 10.8555 3211.63
53.4485 10.8555 3211.63
49.4485 6.8555 3215.63
53.4485 6.8555 3215.63
49.4485 10.8555 3215.63
53.4485 10.8555 3215.63
51.4485 7.61943 3210.4
51.4485 10.0916 3210.4
51.4485 7.61943 3216.87
51.4485 10.0916 3216.87
50.2124 5.61943 3213.63
52.6846 5.61943 3213.63
50.2124 12.0916 3213.63
52.6846 12.0916 3213.63
48.2124 8.8555 3212.4
48.2124 8.8555 3214.87
54.6846 8.8555 3212.4
54.6846 8.8555 3214.87
49.4485 6.8555 3215.63
53.4485 6.8555 3215.63
49.4485 10.8555 3215.63
53.4485 10.8555 3215.63
49.4485 6.8555 3219.63
53.4485 6.8555 3219.63
49.4485 10.8555 3219.63
53.4485 10.8555 3219.63
51.4485 7.61943 3214.4
51.4485 10.0916 3214.4
51.4485 7.61943 3220.87
51.4485 10.0916 3220.87
50.2124 5.61943 3217.63
52.6846 5.61943 3217.63
50.2124 12.0916 3217.63
52.6846 12.0916 3217.63
48.2124 8.8555 3216.4
48.2124 8.8555 3218.87
54.6846 8.8555 3216.4
54.6846 8.8555 3218.87
49.4485 6.8555 2930.93
53.4485 6.8555 2930.93
49.4485 10.8555 2930.93
53.4485 10.8555 2930.93
49.4485 6.8555 2934.93
53.4485 6.8555 2934.93
49.4485 10.8555 2934.93
53.4485 10.8555 2934.93
51.4485 7.61943 2929.69
51.4485 10.0916 2929.69
51.4485 7.61943 2936.16
51.4485 10.0916 2936.16
50.2124 5.61943 2932.93
52.6846 5.61943 2932.93
50.2124 12.0916 2932.93
52.6846 12.0916 2932.93
48.2124 8.8555 2931.69
48.2124 8.8555 2934.16
54.6846 8.8555 2931.69
54.6846 8.8555 2934.16
49.4485 6.8555 2934.93
53.4485 6.8555 2934.93
49.4485 10.8555 2934.93
53.4485 10.8555 2934.93
49.4485 6.8555 2938.93
53.4485 6.8555 2938.93
49.4485 10.8555 2938.93
53.4485 10.8555 2938.93
51.4485 7.61943 2933.69
51.4485 10.0916 2933.69
51.4485 7.61943 2940.16
51.4485 10.0916 2940.16
50.2124 5.61943 2936.93
52.6846 5.61943 2936.93
50.2124 12.0916 2936.93
52.6846 12.0916 2936.93
48.2124 8.8555 2935.69
48.2124 8.8555 2938.16
54.6846 8.8555 2935.69
54.6846 8.8555 2938.16
49.4485 6.8555 2650.22
53.4485 6.8555 2650.22
49.4485 10.8555 2650.22
53.4485 10.8555 2650.22
49.4485 6.8555 2654.22
53.4485 6.8555 2654.22
49.4485 10.8555 2654.22
53.4485 10.8555 2654.22
51.4485 7.61943 2648.99
51.4485 10.0916 2648.99
51.4485 7.61943 2655.46
51.4485 10.0916 2655.46
50.2124 5.61943 2652.22
52.6846 5.61943 2652.22
50.2124 12.0916 2652.22
52.6846 12.0916 2652.22
48.2124 8.8555 2650.99
48.2124 8.8555 2653.46
54.6846 8.8555 2650.99
54.6846 8.8555 2653.46
49.4485 6.8555 2654.22
53.4485 6.8555 2654.22
49.4485 10.8555 2654.22
53.4485 10.8555 2654.22
49.4485 6.8555 2658.22
53.4485 6.8555 2658.22
49.4485 10.8555 2658.22
53.4485 10.8555 2658.22
51.4485 7.61943 2652.99
51.4485 10.0916 2652.99
51.4485 7.61943 2659.46
51.4485 10.0916 2659.46
50.2124 5.61943 2656.22
52.6846 5.61943 2656.22
50.2124 12.0916 2656.22
52.6846 12.0916 2656.22
48.2124 8.8555 2654.99
48.2124 8.8555 2657.46
54.6846 8.8555 2654.99
54.6846 8.8555 2657.46
49.4485 6.8555 2369.52
53.4485 6.8555 2369.52
49.4485 10.8555 2369.52
53.4485 10.8555 2369.52
49.4485 6.8555 2373.52
53.4485 6.8555 2373.52
49.4485 10.8555 2373.52
53.4485 10.8555 2373.52
51.4485 7.61943 2368.28
51.4485 10.0916 2368.28
51.4485 7.61943 2374.75
51.4485 10.0916 2374.75
50.2124 5.61943 2371.52
52.6846 5.61943 2371.52
50.2124 12.0916 2371.52
52.6846 12.0916 2371.52
48.2124 8.8555 2370.28
48.2124 8.8555 2372.75
54.6846 8.8555 2370.28
54.6846 8.8555 2372.75
49.4485 6.8555 2373.52
53.4485 6.8555 2373.52
49.4485 10.8555 2373.52
53.4485 10.8555 2373.52
49.4485 6.8555 2377.52
53.4485 6.8555 2377.52
49.4485 10.8555 2377.52
53.4485 10.8555 2377.52
51.4485 7.61943 2372.28
51.4485 10.0916 2372.28
51.4485 7.61943 2378.75
51.4485 10.0916 2378.75
50.2124 5.61943 2375.52
52.6846 5.61943 2375.52
50.2124 12.0916 2375.52
52.6846 12.0916 2375.52
48.2124 8.8555 2374.28
48.2124 8.8555 2376.75
54.6846 8.8555 2374.28
54.6846 8.8555 2376.75
49.4485 6.8555 2088.81
53.4485 6.8555 2088.81
49.4485 10.8555 2088.81
53.4485 10.8555 2088.81
49.4485 6.8555 2092.81
53.4485 6.8555 2092.81
49.4485 10.8555 2092.81
53.4485 10.8555 2092.81
51.4485 7.61943 2087.58
51.4485 10.0916 2087.58
51.4485 7.61943 2094.05
51.4485 10.0916 2094.05
50.2124 5.61943 2090.81
52.6846 5.61943 2090.81
50.2124 12.0916 2090.81
52.6846 12.0916 2090.81
48.2124 8.8555 2089.58
48.2124 8.8555 2092.05
54.6846 8.8555 2089.58
54.6846 8.8555 2092.05
49.4485 6.8555 2092.81
53.4485 6.8555 2092.81
49.4485 10.8555 2092.81
53.4485 10.8555 2092.81
49.4485 6.8555 2096.81
53.4485 6.8555 2096.81
49.4485 10.8555 2096.81
53.4485 10.8555 2096.81
51.4485 7.61943 2091.58
51.4485 10.0916 2091.58
51.4485 7.61943 2098.05
51.4485 10.0916 2098.05
50.2124 5.61943 2094.81
52.6846 5.61943 2094.81
50.2124 12.0916 2094.81
52.6846 12.0916 2094.81
48.2124 8.8555 2093.58
48.2124 8.8555 2096.05
54.6846 8.8555 2093.58
54.6846 8.8555 2096.05
49.4485 6.8555 1808.11
53.4485 6.8555 1808.11
49.4485 10.8555 1808.11
53.4485 10.8555 1808.11
49.4485 6.8555 1812.11
53.4485 6.8555 1812.11
49.4485 10.8555 1812.11
53.4485 10.8555 1812.11
51.4485 7.61943 1806.87
51.4485 10.0916 1806.87
51.4485 7.61943 1813.34
51.4485 10.0916 1813.34
50.2124 5.61943 1810.11
52.6846 5.61943 1810.11
50.2124 12.0916 1810.11
52.6846 12.0916 1810.11
48.2124 8.8555 1808.87
48.2124 8.8555 1811.34
54.6846 8.8555 1808.87
54.6846 8.8555 1811.34
49.4485 6.8555 1812.11
53.4485 6.8555 1812.11
49.4485 10.8555 1812.11
53.4485 10.8555 1812.11
49.4485 6.8555 1816.11
53.4485 6.8555 1816.11
49.4485 10.8555 1816.11
53.4485 10.8555 1816.11
51.4485 7.61943 1810.87
51.4485 10.0916 1810.87
51.4485 7.61943 1817.34
51.4485 10.0916 1817.34
50.2124 5.61943 1814.11
52.6846 5.61943 1814.11
50.2124 12.0916 1814.11
52.6846 12.0916 1814.11
48.2124 8.8555 1812.87
48.2124 8.8555 1815.34
54.6846 8.8555 1812.87
54.6846 8.8555 1815.34
49.4485 6.8555 1527.4
53.4485 6.8555 1527.4
49.4485 10.8555 1527.4
53.4485 10.8555 1527.4
49.4485 6.8555 1531.4
53.4485 6.8555 1531.4
49.4485 10.8555 1531.4
53.4485 10.8555 1531.4
51.4485 7.61943 1526.17
51.4485 10.0916 1526.17
51.4485 7.61943 1532.64
51.4485 10.0916 1532.64
50.2124 5.61943 1529.4
52.6846 5.61943 1529.4
50.2124 12.0916 1529.4
52.6846 12.0916 1529.4
48.2124 8.8555 1528.17
48.2124 8.8555 1530.64
54.6846 8.8555 1528.17
54.6846 8.8555 1530.64
49.4485 6.8555 1531.4
53.4485 6.8555 1531.4
49.4485 10.8555 1531.4
53.4485 10.8555 1531.4
49.4485 6.8555 1535.4
53.4485 6.8555 1535.4
49.4485 10.8555 1535.4
53.4485 10.8555 1535.4
51.4485 7.61943 1530.17
51.4485 10.0916 1530.17
51.4485 7.61943 1536.64
51.4485 10.0916 1536.64
50.2124 5.61943 1533.4
52.6846 5.61943 1533.4
50.2124 12.0916 1533.4
52.6846 12.0916 1533.4
48.2124 8.8555 1532.17
48.2124 8.8555 1534.64
54.6846 8.8555 1532.17
54.6846 8.8555 1534.64
49.4485 6.8555 1246.7
53.4485 6.8555 1246.7
49.4485 10.8555 1246.7
53.4485 10.8555 1246.7
49.4485 6.8555 1250.7
53.4485 6.8555 1250.7
49.4485 10.8555 1250.7
53.4485 10.8555 1250.7
51.4485 7.61943 1245.46
51.4485 10.0916 1245.46
51.4485 7.61943 1251.93
51.4485 10.0916 1251.93
50.2124 5.61943 1248.7
52.6846 5.61943 1248.7
50.2124 12.0916 1248.7
52.6846 12.0916 1248.7
48.2124 8.8555 1247.46
48.2124 8.8555 1249.93
54.6846 8.8555 1247.46
54.6846 8.8555 1249.93
49.4485 6.8555 1250.7
53.4485 6.8555 1250.7
49.4485 10.8555 1250.7
53.4485 10.8555 1250.7
49.4485 6.8555 1254.7
53.4485 6.8555 1254.7
49.4485 10.8555 1254.7
53.4485 10.8555 1254.7
51.4485 7.61943 1249.46
51.4485 10.0916 1249.46
51.4485 7.61943 1255.93
51.4485 10.0916 1255.93
50.2124 5.61943 1252.7
52.6846 5.61943 1252.7
50.2124 12.0916 1252.7
52.6846 12.0916 1252.7
48.2124 8.8555 1251.46
48.2124 8.8555 1253.93
54.6846 8.8555 1251.46
54.6846 8.8555 1253.93
49.4485 6.8555 965.992
53.4485 6.8555 965.992
49.4485 10.8555 965.992
53.4485 10.8555 965.992
49.4485 6.8555 969.992
53.4485 6.8555 969.992
49.4485 10.8555 969.992
53.4485 10.8555 969.992
51.4485 7.61943 964.756
51.4485 10.0916 964.756
51.4485 7.61943 971.228
51.4485 10.0916 971.228
50.2124 5.61943 967.992
52.6846 5.61943 967.992
50.2124 12.0916 967.992
52.6846 12.0916 967.992
48.2124 8.8555 966.756
48.2124 8.8555 969.228
54.6846 8.8555 966.756
54.6846 8.8555 969.228
49.4485 6.8555 969.992
53.4485 6.8555 969.992
49.4485 10.8555 969.992
53.4485 10.8555 969.992
49.4485 6.8555 973.992
53.4485 6.8555 973.992
49.4485 10.8555 973.992
53.4485 10.8555 973.992
51.4485 7.61943 968.756
51.4485 10.0916 968.756
51.4485 7.61943 975.228
51.4485 10.0916 975.228
50.2124 5.61943 971.992
52.6846 5.61943 971.992
50.2124 12.0916 971.992
52.6846 12.0916 971.992
48.2124 8.8555 970.756
48.2124 8.8555 973.228
54.6846 8.8555 970.756
54.6846 8.8555 973.228
49.4485 6.8555 685.287
53.4485 6.8555 685.287
49.4485 10.8555 685.287
53.4485 10.8555 685.287
49.4485 6.8555 689.287
53.4485 6.8555 689.287
49.4485 10.8555 689.287
53.4485 10.8555 689.287
51.4485 7.61943 684.05
51.4485 10.0916 684.05
51.4485 7.61943 690.523
51.4485 10.0916 690.523
50.2124 5.61943 687.287
52.6846 5.61943 687.287
50.2124 12.0916 687.287
52.6846 12.0916 687.287
48.2124 8.8555 686.05
48.2124 8.8555 688.523
54.6846 8.8555 686.05
54.6846 8.8555 688.523
49.4485 6.8555 689.287
53.4485 6.8555 689.287
49.4485 10.8555 689.287
53.4485 10.8555 689.287
49.4485 6.8555 693.287
53.4485 6.8555 693.287
49.4485 10.8555 693.287
53.4485 10.8555 693.287
51.4485 7.61943 688.05
51.4485 10.0916 688.05
51.4485 7.61943 694.523
51.4485 10.0916 694.523
50.2124 5.61943 691.287
52.6846 5.61943 691.287
50.2124 12.0916 691.287
52.6846 12.0916 691.287
48.2124 8.8555 690.05
48.2124 8.8555 692.523
54.6846 8.8555 690.05
54.6846 8.8555 692.523
49.4485 6.8555 404.582
53.4485 6.8555 404.582
49.4485 10.8555 404.582
53.4485 10.8555 404.582
49.4485 6.8555 408.582
53.4485 6.8555 408.582
49.4485 10.8555 408.582
53.4485 10.8555 408.582
51.4485 7.61943 403.345
51.4485 10.0916 403.345
51.4485 7.61943 409.818
51.4485 10.0916 409.818
50.2124 5.61943 406.582
52.6846 5.61943 406.582
50.2124 12.0916 406.582
52.6846 12.0916 406.582
48.2124 8.8555 405.345
48.2124 8.8555 407.818
54.6846 8.8555 405.345
54.6846 8.8555 407.818
49.4485 6.8555 408.582
53.4485 6.8555 408.582
49.4485 10.8555 408.582
53.4485 10.8555 408.582
49.4485 6.8555 412.582
53.4485 6.8555 412.582
49.4485 10.8555 412.582
53.4485 10.8555 412.582
51.4485 7.61943 407.345
51.4485 10.0916 407.345
51.4485 7.61943 413.818
51.4485 10.0916 413.818
50.2124 5.61943 410.582
52.6846 5.61943 410.582
50.2124 12.0916 410.582
52.6846 12.0916 410.582
48.2124 8.8555 409.345
48.2124 8.8555 411.818
54.6846 8.8555 409.345
54.6846 8.8555 411.818
171.152 27.804 305.538
175.152 27.804 305.538
171.152 31.804 305.538
175.152 31.804 305.538
171.152 27.804 309.538
175.152 27.804 309.538
171.152 31.804 309.538
175.152 31.804 309.538
173.152 28.5679 304.301
173.152 31.0401 304.301
173.152 28.5679 310.774
173.152 31.0401 310.774
171.916 26.5679 307.538
174.388 26.5679 307.538
171.916 33.0401 307.538
174.388 33.0401 307.538
169.916 29.804 306.301
169.916 29.804 308.774
176.388 29.804 306.301
176.388 29.804 308.774
171.152 27.804 309.538
175.152 27.804 309.538
171.152 31.804 309.538
175.152 31.804 309.538
171.152 27.804 313.538
175.152 27.804 313.538
171.152 31.804 313.538
175.152 31.804 313.538
173.152 28.5679 308.301
173.152 31.0401 308.301
173.152 28.5679 314.774
173.152 31.0401 314.774
171.916 26.5679 311.538
174.388 26.5679 311.538
171.916 33.0401 311.538
174.388 33.0401 311.538
169.916 29.804 310.301
169.916 29.804 312.774
176.388 29.804 310.301
176.388 29.804 312.774
292.856 48.7525 206.494
296.856 48.7525 206.494
292.856 52.7525 206.494
296.856 52.7525 206.494
292.856 48.7525 210.494
296.856 48.7525 210.494
292.856 52.7525 210.494
296.856 52.7525 210.494
294.856 49.5164 205.258
294.856 51.9886 205.258
294.856 49.5164 211.73
294.856 51.9886 211.73
293.62 47.5164 208.494
296.092 47.5164 208.494
293.62 53.9886 208.494
296.092 53.9886 208.494
291.62 50.7525 207.258
291.62 50.7525 209.73
298.092 50.7525 207.258
298.092 50.7525 209.73
292.856 48.7525 210.494
296.856 48.7525 210.494
292.856 52.7525 210.494
296.856 52.7525 210.494
292.856 48.7525 214.494
296.856 48.7525 214.494
292.856 52.7525 214.494
296.856 52.7525 214.494
294.856 49.5164 209.258
294.856 51.9886 209.258
294.856 49.5164 215.73
294.856 51.9886 215.73
293.62 47.5164 212.494
296.092 47.5164 212.494
293.62 53.9886 212.494
296.092 53.9886 212.494
291.62 50.7525 211.258
291.62 50.7525 213.73
298.092 50.7525 211.258
298.092 50.7525 213.73
109.057 -339.449 404.582
113.057 -339.449 404.582
109.057 -335.449 404.582
113.057 -335.449 404.582
109.057 -339.449 408.582
113.057 -339.449 408.582
109.057 -335.449 408.582
113.057 -335.449 408.582
111.057 -338.685 403.345
111.057 -336.212 403.345
111.057 -338.685 409.818
111.057 -336.212 409.818
109.821 -340.685 406.582
112.293 -340.685 406.582
109.821 -334.212 406.582
112.293 -334.212 406.582
107.821 -337.449 405.345
107.821 -337.449 407.818
114.293 -337.449 405.345
114.293 -337.449 407.818
109.057 -339.449 408.582
113.057 -339.449 408.582
109.057 -335.449 408.582
113.057 -335.449 408.582
109.057 -339.449 412.582
113.057 -339.449 412.582
109.057 -335.449 412.582
113.057 -335.449 412.582
111.057 -338.685 407.345
111.057 -336.212 407.345
111.057 -338.685 413.818
111.057 -336.212 413.818
109.821 -340.685 410.582
112.293 -340.685 410.582
109.821 -334.212 410.582
112.293 -334.212 410.582
107.821 -337.449 409.345
107.821 -337.449 411.818
114.293 -337.449 409.345
114.293 -337.449 411.818
-10.16 353.16 404.582
-6.16 353.16 404.582
-10.16 357.16 404.582
-6.16 357.16 404.582
-10.16 353.16 408.582
-6.16 353.16 408.582
-10.16 357.16 408.582
-6.16 357.16 408.582
-8.16 353.924 403.345
-8.16 356.396 403.345
-8.16 353.924 409.818
-8.16 356.396 409.818
-9.39607 351.924 406.582
-6.92393 351.924 406.582
-9.39607 358.396 406.582
-6.92393 358.396 406.582
-11.3961 355.16 405.345
-11.3961 355.16 407.818
-4.92393 355.16 405.345
-4.92393 355.16 407.818
-10.16 353.16 408.582
-6.16 353.16 408.582
-10.16 357.16 408.582
-6.16 357.16 408.582
-10.16 353.16 412.582
-6.16 353.16 412.582
-10.16 357.16 412.582
-6.16 357.16 412.582
-8.16 353.924 407.345
-8.16 356.396 407.345
-8.16 353.924 413.818
-8.16 356.396 413.818
-9.39607 351.924 410.582
-6.92393 351.924 410.582
-9.39607 358.396 410.582
-6.92393 358.396 410.582
-11.3961 355.16 409.345
-11.3961 355.16 411.818
-4.92393 355.16 409.345
-4.92393 355.16 411.818
-237.248 -399.057 235.957
-233.248 -399.057 235.957
-237.248 -395.057 235.957
-233.248 -395.057 235.957
-237.248 -399.057 239.957
-233.248 -399.057 239.957
-237.248 -395.057 239.957
-233.248 -395.057 239.957
-235.248 -398.293 234.72
-235.248 -395.821 234.72
-235.248 -398.293 241.193
-235.248 -395.821 241.193
-236.484 -400.293 237.957
-234.011 -400.293 237.957
-236.484 -393.821 237.957
-234.011 -393.821 237.957
-238.484 -397.057 236.72
-238.484 -397.057 239.193
-232.011 -397.057 236.72
-232.011 -397.057 239.193
-237.248 -399.057 239.957
-233.248 -399.057 239.957
-237.248 -395.057 239.957
-233.248 -395.057 239.957
-237.248 -399.057 243.957
-233.248 -399.057 243.957
-237.248 -395.057 243.957
-233.248 -395.057 243.957
-235.248 -398.293 238.72
-235.248 -395.821 238.72
-235.248 -398.293 245.193
-235.248 -395.821 245.193
-236.484 -400.293 241.957
-234.011 -400.293 241.957
-236.484 -393.821 241.957
-234.011 -393.821 241.957
-238.484 -397.057 240.72
-238.484 -397.057 243.193
-232.011 -397.057 240.72
-232.011 -397.057 243.193
-356.464 293.552 235.957
-352.464 293.552 235.957
-356.464 297.552 235.957
-352.464 297.552 235.957
-356.464 293.552 239.957
-352.464 293.552 239.957
-356.464 297.552 239.957
-352.464 297.552 239.957
-354.464 294.315 234.72
-354.464 296.788 234.72
-354.464 294.315 241.193
-354.464 296.788 241.193
-355.7 292.315 237.957
-353.228 292.315 237.957
-355.7 298.788 237.957
-353.228 298.788 237.957
-357.7 295.552 236.72
-357.7 295.552 239.193
-351.228 295.552 236.72
-351.228 295.552 239.193
-356.464 293.552 239.957
-352.464 293.552 239.957
-356.464 297.552 239.957
-352.464 297.552 239.957
-356.464 293.552 243.957
-352.464 293.552 243.957
-356.464 297.552 243.957
-352.464 297.552 243.957
-354.464 294.315 238.72
-354.464 296.788 238.72
-354.464 294.315 245.193
-354.464 296.788 245.193
-355.7 292.315 241.957
-353.228 292.315 241.957
-355.7 298.788 241.957
-353.228 298.788 241.957
-357.7 295.552 240.72
-357.7 295.552 243.193
-351.228 295.552 240.72
-351.228 295.552 243.193
-40.677 -365.222 75.9855
-36.677 -365.222 75.9855
-40.677 -361.222 75.9855
-36.677 -361.222 75.9855
-40.677 -365.222 79.9855
-36.677 -365.222 79.9855
-40.677 -361.222 79.9855
-36.677 -361.222 79.9855
-38.677 -364.458 74.7494
-38.677 -361.986 74.7494
-38.677 -364.458 81.2216
-38.677 -361.986 81.2216
-39.9131 -366.458 77.9855
-37.4409 -366.458 77.9855
-39.9131 -359.986 77.9855
-37.4409 -359.986 77.9855
-41.9131 -363.222 76.7494
-41.9131 -363.222 79.2216
-35.4409 -363.222 76.7494
-35.4409 -363.222 79.2216
-40.677 -365.222 79.9855
-36.677 -365.222 79.9855
-40.677 -361.222 79.9855
-36.677 -361.222 79.9855
-40.677 -365.222 83.9855
-36.677 -365.222 83.9855
-40.677 -361.222 83.9855
-36.677 -361.222 83.9855
-38.677 -364.458 78.7494
-38.677 -361.986 78.7494
-38.677 -364.458 85.2216
-38.677 -361.986 85.2216
-39.9131 -366.458 81.9855
-37.4409 -366.458 81.9855
-39.9131 -359.986 81.9855
-37.4409 -359.986 81.9855
-41.9131 -363.222 80.7494
-41.9131 -363.222 83.2216
-35.4409 -363.222 80.7494
-35.4409 -363.222 83.2216
155.894 -331.387 -83.9855
159.894 -331.387 -83.9855
155.894 -327.387 -83.9855
159.894 -327.387 -83.9855
155.894 -331.387 -79.9855
159.894 -331.387 -79.9855
155.894 -327.387 -79.9855
159.894 -327.387 -79.9855
157.894 -330.623 -85.2216
157.894 -328.15 -85.2216
157.894 -330.623 -78.7494
157.894 -328.15 -78.7494
156.657 -332.623 -81.9855
159.13 -332.623 -81.9855
156.657 -326.15 -81.9855
159.13 -326.15 -81.9855
154.657 -329.387 -83.2216
154.657 -329.387 -80.7494
161.13 -329.387 -83.2216
161.13 -329.387 -80.7494
155.894 -331.387 -79.9855
159.894 -331.387 -79.9855
155.894 -327.387 -79.9855
159.894 -327.387 -79.9855
155.894 -331.387 -75.9855
159.894 -331.387 -75.9855
155.894 -327.387 -75.9855
159.894 -327.387 -75.9855
157.894 -330.623 -81.2216
157.894 -328.15 -81.2216
157.894 -330.623 -74.7494
157.894 -328.15 -74.7494
156.657 -332.623 -77.9855
159.13 -332.623 -77.9855
156.657 -326.15 -77.9855
159.13 -326.15 -77.9855
154.657 -329.387 -79.2216
154.657 -329.387 -76.7494
161.13 -329.387 -79.2216
161.13 -329.387 -76.7494
352.464 -297.552 -243.957
356.464 -297.552 -243.957
352.464 -293.552 -243.957
356.464 -293.552 -243.957
352.464 -297.552 -239.957
356.464 -297.552 -239.957
352.464 -293.552 -239.957
356.464 -293.552 -239.957
354.464 -296.788 -245.193
354.464 -294.315 -245.193
354.464 -296.788 -238.72
354.464 -294.315 -238.72
353.228 -298.788 -241.957
355.7 -298.788 -241.957
353.228 -292.315 -241.957
355.7 -292.315 -241.957
351.228 -295.552 -243.193
351.228 -295.552 -240.72
357.7 -295.552 -243.193
357.7 -295.552 -240.72
352.464 -297.552 -239.957
356.464 -297.552 -239.957
352.464 -293.552 -239.957
356.464 -293.552 -239.957
352.464 -297.552 -235.957
356.464 -297.552 -235.957
352.464 -293.552 -235.957
356.464 -293.552 -235.957
354.464 -296.788 -241.193
354.464 -294.315 -241.193
354.464 -296.788 -234.72
354.464 -294.315 -234.72
353.228 -298.788 -237.957
355.7 -298.788 -237.957
353.228 -292.315 -237.957
355.7 -292.315 -237.957
351.228 -295.552 -239.193
351.228 -295.552 -236.72
357.7 -295.552 -239.193
357.7 -295.552 -236.72
230.761 -318.5 305.538
234.761 -318.5 305.538
230.761 -314.5 305.538
234.761 -314.5 305.538
230.761 -318.5 309.538
234.761 -318.5 309.538
230.761 -314.5 309.538
234.761 -314.5 309.538
232.761 -317.736 304.301
232.761 -315.264 304.301
232.761 -317.736 310.774
232.761 -315.264 310.774
231.524 -319.736 307.538
233.997 -319.736 307.538
231.524 -313.264 307.538
233.997 -313.264 307.538
229.524 -316.5 306.301
229.524 -316.5 308.774
235.997 -316.5 306.301
235.997 -316.5 308.774
230.761 -318.5 309.538
234.761 -318.5 309.538
230.761 -314.5 309.538
234.761 -314.5 309.538
230.761 -318.5 313.538
234.761 -318.5 313.538
230.761 -314.5 313.538
234.761 -314.5 313.538
232.761 -317.736 308.301
232.761 -315.264 308.301
232.761 -317.736 314.774
232.761 -315.264 314.774
231.524 -319.736 311.538
233.997 -319.736 311.538
231.524 -313.264 311.538
233.997 -313.264 311.538
229.524 -316.5 310.301
229.524 -316.5 312.774
235.997 -316.5 310.301
235.997 -316.5 312.774
352.464 -297.552 206.494
356.464 -297.552 206.494
352.464 -293.552 206.494
356.464 -293.552 206.494
352.464 -297.552 210.494
356.464 -297.552 210.494
352.464 -293.552 210.494
356.464 -293.552 210.494
354.464 -296.788 205.258
354.464 -294.315 205.258
354.464 -296.788 211.73
354.464 -294.315 211.73
353.228 -298.788 208.494
355.7 -298.788 208.494
353.228 -292.315 208.494
355.7 -292.315 208.494
351.228 -295.552 207.258
351.228 -295.552 209.73
357.7 -295.552 207.258
357.7 -295.552 209.73
352.464 -297.552 210.494
356.464 -297.552 210.494
352.464 -293.552 210.494
356.464 -293.552 210.494
352.464 -297.552 214.494
356.464 -297.552 214.494
352.464 -293.552 214.494
356.464 -293.552 214.494
354.464 -296.788 209.258
354.464 -294.315 209.258
354.464 -296.788 215.73
354.464 -294.315 215.73
353.228 -298.788 212.494
355.7 -298.788 212.494
353.228 -292.315 212.494
355.7 -292.315 212.494
351.228 -295.552 211.258
351.228 -295.552 213.73
357.7 -295.552 211.258
357.7 -295.552 213.73
-159.894 327.387 75.9855
-155.894 327.387 75.9855
-159.894 331.387 75.9855
-155.894 331.387 75.9855
-159.894 327.387 79.9855
-155.894 327.387 79.9855
-159.894 331.387 79.9855
-155.894 331.387 79.9855
-157.894 328.15 74.7494
-157.894 330.623 74.7494
-157.894 328.15 81.2216
-157.894 330.623 81.2216
-159.13 326.15 77.9855
-156.657 326.15 77.9855
-159.13 332.623 77.9855
-156.657 332.623 77.9855
-161.13 329.387 76.7494
-161.13 329.387 79.2216
-154.657 329.387 76.7494
-154.657 329.387 79.2216
-159.894 327.387 79.9855
-155.894 327.387 79.9855
-159.894 331.387 79.9855
-155.894 331.387 79.9855
-159.894 327.387 83.9855
-155.894 327.387 83.9855
-159.894 331.387 83.9855
-155.894 331.387 83.9855
-157.894 328.15 78.7494
-157.894 330.623 78.7494
-157.894 328.15 85.2216
-157.894 330.623 85.2216
-159.13 326.15 81.9855
-156.657 326.15 81.9855
-159.13 332.623 81.9855
-156.657 332.623 81.9855
-161.13 329.387 80.7494
-161.13 329.387 83.2216
-154.657 329.387 80.7494
-154.657 329.387 83.2216
36.677 361.222 -83.9855
40.677 361.222 -83.9855
36.677 365.222 -83.9855
40.677 365.222 -83.9855
36.677 361.222 -79.9855
40.677 361.222 -79.9855
36.677 365.222 -79.9855
40.677 365.222 -79.9855
38.677 361.986 -85.2216
38.677 364.458 -85.2216
38.677 361.986 -78.7494
38.677 364.458 -78.7494
37.4409 359.986 -81.9855
39.9131 359.986 -81.9855
37.4409 366.458 -81.9855
39.9131 366.458 -81.9855
35.4409 363.222 -83.2216
35.4409 363.222 -80.7494
41.9131 363.222 -83.2216
41.9131 363.222 -80.7494
36.677 361.222 -79.9855
40.677 361.222 -79.9855
36.677 365.222 -79.9855
40.677 365.222 -79.9855
36.677 361.222 -75.9855
40.677 361.222 -75.9855
36.677 365.222 -75.9855
40.677 365.222 -75.9855
38.677 361.986 -81.2216
38.677 364.458 -81.2216
38.677 361.986 -74.7494
38.677 364.458 -74.7494
37.4409 359.986 -77.9855
39.9131 359.986 -77.9855
37.4409 366.458 -77.9855
39.9131 366.458 -77.9855
35.4409 363.222 -79.2216
35.4409 363.222 -76.7494
41.9131 363.222 -79.2216
41.9131 363.222 -76.7494
233.248 395.057 -243.957
237.248 395.057 -243.957
233.248 399.057 -243.957
237.248 399.057 -243.957
233.248 395.057 -239.957
237.248 395.057 -239.957
233.248 399.057 -239.957
237.248 399.057 -239.957
235.248 395.821 -245.193
235.248 398.293 -245.193
235.248 395.821 -238.72
235.248 398.293 -238.72
234.011 393.821 -241.957
236.484 393.821 -241.957
234.011 400.293 -241.957
236.484 400.293 -241.957
232.011 397.057 -243.193
232.011 397.057 -240.72
238.484 397.057 -243.193
238.484 397.057 -240.72
233.248 395.057 -239.957
237.248 395.057 -239.957
233.248 399.057 -239.957
237.248 399.057 -239.957
233.248 395.057 -235.957
237.248 395.057 -235.957
233.248 399.057 -235.957
237.248 399.057 -235.957
235.248 395.821 -241.193
235.248 398.293 -241.193
235.248 395.821 -234.72
235.248 398.293 -234.72
234.011 393.821 -237.957
236.484 393.821 -237.957
234.011 400.293 -237.957
236.484 400.293 -237.957
232.011 397.057 -239.193
232.011 397.057 -236.72
238.484 397.057 -239.193
238.484 397.057 -236.72
111.544 374.108 305.538
115.544 374.108 305.538
111.544 378.108 305.538
115.544 378.108 305.538
111.544 374.108 309.538
115.544 374.108 309.538
111.544 378.108 309.538
115.544 378.108 309.538
113.544 374.872 304.301
113.544 377.345 304.301
113.544 374.872 310.774
113.544 377.345 310.774
112.308 372.872 307.538
114.78 372.872 307.538
112.308 379.345 307.538
114.78 379.345 307.538
110.308 376.108 306.301
110.308 376.108 308.774
116.78 376.108 306.301
116.78 376.108 308.774
111.544 374.108 309.538
115.544 374.108 309.538
111.544 378.108 309.538
115.544 378.108 309.538
111.544 374.108 313.538
115.544 374.108 313.538
111.544 378.108 313.538
115.544 378.108 313.538
113.544 374.872 308.301
113.544 377.345 308.301
113.544 374.872 314.774
113.544 377.345 314.774
112.308 372.872 311.538
114.78 372.872 311.538
112.308 379.345 311.538
114.78 379.345 311.538
110.308 376.108 310.301
110.308 376.108 312.774
116.78 376.108 310.301
116.78 376.108 312.774
233.248 395.057 206.494
237.248 395.057 206.494
233.248 399.057 206.494
237.248 399.057 206.494
233.248 395.057 210.494
237.248 395.057 210.494
233.248 399.057 210.494
237.248 399.057 210.494
235.248 395.821 205.258
235.248 398.293 205.258
235.248 395.821 211.73
235.248 398.293 211.73
234.011 393.821 208.494
236.484 393.821 208.494
234.011 400.293 208.494
236.484 400.293 208.494
232.011 397.057 207.258
232.011 397.057 209.73
238.484 397.057 207.258
238.484 397.057 209.73
233.248 395.057 210.494
237.248 395.057 210.494
233.248 399.057 210.494
237.248 399.057 210.494
233.248 395.057 214.494
237.248 395.057 214.494
233.248 399.057 214.494
237.248 399.057 214.494
235.248 395.821 209.258
235.248 398.293 209.258
235.248 395.821 215.73
235.248 398.293 215.73
234.011 393.821 212.494
236.484 393.821 212.494
234.011 400.293 212.494
236.484 400.293 212.494
232.011 397.057 211.258
232.011 397.057 213.73
238.484 397.057 211.258
238.484 397.057 213.73
168.665 -685.753 404.582
172.665 -685.753 404.582
168.665 -681.753 404.582
172.665 -681.753 404.582
168.665 -685.753 408.582
172.665 -685.753 408.582
168.665 -681.753 408.582
172.665 -681.753 408.582
170.665 -684.989 403.345
170.665 -682.517 403.345
170.665 -684.989 409.818
170.665 -682.517 409.818
169.429 -686.989 406.582
171.901 -686.989 406.582
169.429 -680.517 406.582
171.901 -680.517 406.582
167.429 -683.753 405.345
167.429 -683.753 407.818
173.901 -683.753 405.345
173.901 -683.753 407.818
168.665 -685.753 408.582
172.665 -685.753 408.582
168.665 -681.753 408.582
172.665 -681.753 408.582
168.665 -685.753 412.582
172.665 -685.753 412.582
168.665 -681.753 412.582
172.665 -681.753 412.582
170.665 -684.989 407.345
170.665 -682.517 407.345
170.665 -684.989 413.818
170.665 -682.517 413.818
169.429 -686.989 410.582
171.901 -686.989 410.582
169.429 -680.517 410.582
171.901 -680.517 410.582
167.429 -683.753 409.345
167.429 -683.753 411.818
173.901 -683.753 409.345
173.901 -683.753 411.818
-69.7685 699.464 404.582
-65.7685 699.464 404.582
-69.7685 703.464 404.582
-65.7685 703.464 404.582
-69.7685 699.464 408.582
-65.7685 699.464 408.582
-69.7685 703.464 408.582
-65.7685 703.464 408.582
-67.7685 700.228 403.345
-67.7685 702.7 403.345
-67.7685 700.228 409.818
-67.7685 702.7 409.818
-69.0046 698.228 406.582
-66.5324 698.228 406.582
-69.0046 704.7 406.582
-66.5324 704.7 406.582
-71.0046 701.464 405.345
-71.0046 701.464 407.818
-64.5324 701.464 405.345
-64.5324 701.464 407.818
-69.7685 699.464 408.582
-65.7685 699.464 408.582
-69.7685 703.464 408.582
-65.7685 703.464 408.582
-69.7685 699.464 412.582
-65.7685 699.464 412.582
-69.7685 703.464 412.582
-65.7685 703.464 412.582
-67.7685 700.228 407.345
-67.7685 702.7 407.345
-67.7685 700.228 413.818
-67.7685 702.7 413.818
-69.0046 698.228 410.582
-66.5324 698.228 410.582
-69.0046 704.7 410.582
-66.5324 704.7 410.582
-71.0046 701.464 409.345
-71.0046 701.464 411.818
-64.5324 701.464 409.345
-64.5324 701.464 411.818
-177.639 -745.361 235.957
-173.639 -745.361 235.957
-177.639 -741.361 235.957
-173.639 -741.361 235.957
-177.639 -745.361 239.957
-173.639 -745.361 239.957
-177.639 -741.361 239.957
-173.639 -741.361 239.957
-175.639 -744.597 234.72
-175.639 -742.125 234.72
-175.639 -744.597 241.193
-175.639 -742.125 241.193
-176.875 -746.597 237.957
-174.403 -746.597 237.957
-176.875 -740.125 237.957
-174.403 -740.125 237.957
-178.875 -743.361 236.72
-178.875 -743.361 239.193
-172.403 -743.361 236.72
-172.403 -743.361 239.193
-177.639 -745.361 239.957
-173.639 -745.361 239.957
-177.639 -741.361 239.957
-173.639 -741.361 239.957
-177.639 -745.361 243.957
-173.639 -745.361 243.957
-177.639 -741.361 243.957
-173.639 -741.361 243.957
-175.639 -744.597 238.72
-175.639 -742.125 238.72
-175.639 -744.597 245.193
-175.639 -742.125 245.193
-176.875 -746.597 241.957
-174.403 -746.597 241.957
-176.875 -740.125 241.957
-174.403 -740.125 241.957
-178.875 -743.361 240.72
-178.875 -743.361 243.193
-172.403 -743.361 240.72
-172.403 -743.361 243.193
-416.072 639.856 235.957
-412.072 639.856 235.957
-416.072 643.856 235.957
-412.072 643.856 235.957
-416.072 639.856 239.957
-412.072 639.856 239.957
-416.072 643.856 239.957
-412.072 643.856 239.957
-414.072 640.62 234.72
-414.072 643.092 234.72
-414.072 640.62 241.193
-414.072 643.092 241.193
-415.309 638.62 237.957
-412.836 638.62 237.957
-415.309 645.092 237.957
-412.836 645.092 237.957
-417.309 641.856 236.72
-417.309 641.856 239.193
-410.836 641.856 236.72
-410.836 641.856 239.193
-416.072 639.856 239.957
-412.072 639.856 239.957
-416.072 643.856 239.957
-412.072 643.856 239.957
-416.072 639.856 243.957
-412.072 639.856 243.957
-416.072 643.856 243.957
-412.072 643.856 243.957
-414.072 640.62 238.72
-414.072 643.092 238.72
-414.072 640.62 245.193
-414.072 643.092 245.193
-415.309 638.62 241.957
-412.836 638.62 241.957
-415.309 645.092 241.957
-412.836 645.092 241.957
-417.309 641.856 240.72
-417.309 641.856 243.193
-410.836 641.856 240.72
-410.836 641.856 243.193
18.9315 -711.526 75.9855
22.9315 -711.526 75.9855
18.9315 -707.526 75.9855
22.9315 -707.526 75.9855
18.9315 -711.526 79.9855
22.9315 -711.526 79.9855
18.9315 -707.526 79.9855
22.9315 -707.526 79.9855
20.9315 -710.762 74.7494
20.9315 -708.29 74.7494
20.9315 -710.762 81.2216
20.9315 -708.29 81.2216
19.6954 -712.762 77.9855
22.1676 -712.762 77.9855
19.6954 -706.29 77.9855
22.1676 -706.29 77.9855
17.6954 -709.526 76.7494
17.6954 -709.526 79.2216
24.1676 -709.526 76.7494
24.1676 -709.526 79.2216
18.9315 -711.526 79.9855
22.9315 -711.526 79.9855
18.9315 -707.526 79.9855
22.9315 -707.526 79.9855
18.9315 -711.526 83.9855
22.9315 -711.526 83.9855
18.9315 -707.526 83.9855
22.9315 -707.526 83.9855
20.9315 -710.762 78.7494
20.9315 -708.29 78.7494
20.9315 -710.762 85.2216
20.9315 -708.29 85.2216
19.6954 -712.762 81.9855
22.1676 -712.762 81.9855
19.6954 -706.29 81.9855
22.1676 -706.29 81.9855
17.6954 -709.526 80.7494
17.6954 -709.526 83.2216
24.1676 -709.526 80.7494
24.1676 -709.526 83.2216
215.502 -677.691 -83.9855
219.502 -677.691 -83.9855
215.502 -673.691 -83.9855
219.502 -673.691 -83.9855
215.502 -677.691 -79.9855
219.502 -677.691 -79.9855
215.502 -673.691 -79.9855
219.502 -673.691 -79.9855
217.502 -676.927 -85.2216
217.502 -674.455 -85.2216
217.502 -676.927 -78.7494
217.502 -674.455 -78.7494
216.266 -678.927 -81.9855
218.738 -678.927 -81.9855
216.266 -672.455 -81.9855
218.738 -672.455 -81.9855
214.266 -675.691 -83.2216
214.266 -675.691 -80.7494
220.738 -675.691 -83.2216
220.738 -675.691 -80.7494
215.502 -677.691 -79.9855
219.502 -677.691 -79.9855
215.502 -673.691 -79.9855
219.502 -673.691 -79.9855
215.502 -677.691 -75.9855
219.502 -677.691 -75.9855
215.502 -673.691 -75.9855
219.502 -673.691 -75.9855
217.502 -676.927 -81.2216
217.502 -674.455 -81.2216
217.502 -676.927 -74.7494
217.502 -674.455 -74.7494
216.266 -678.927 -77.9855
218.738 -678.927 -77.9855
216.266 -672.455 -77.9855
218.738 -672.455 -77.9855
214.266 -675.691 -79.2216
214.266 -675.691 -76.7494
220.738 -675.691 -79.2216
220.738 -675.691 -76.7494
412.072 -643.856 -243.957
416.072 -643.856 -243.957
412.072 -639.856 -243.957
416.072 -639.856 -243.957
412.072 -643.856 -239.957
416.072 -643.856 -239.957
412.072 -639.856 -239.957
416.072 -639.856 -239.957
414.072 -643.092 -245.193
414.072 -640.62 -245.193
414.072 -643.092 -238.72
414.072 -640.62 -238.72
412.836 -645.092 -241.957
415.309 -645.092 -241.957
412.836 -638.62 -241.957
415.309 -638.62 -241.957
410.836 -641.856 -243.193
410.836 -641.856 -240.72
417.309 -641.856 -243.193
417.309 -641.856 -240.72
412.072 -643.856 -239.957
416.072 -643.856 -239.957
412.072 -639.856 -239.957
416.072 -639.856 -239.957
412.072 -643.856 -235.957
416.072 -643.856 -235.957
412.072 -639.856 -235.957
416.072 -639.856 -235.957
414.072 -643.092 -241.193
414.072 -640.62 -241.193
414.072 -643.092 -234.72
414.072 -640.62 -234.72
412.836 -645.092 -237.957
415.309 -645.092 -237.957
412.836 -638.62 -237.957
415.309 -638.62 -237.957
410.836 -641.856 -239.193
410.836 -641.856 -236.72
417.309 -641.856 -239.193
417.309 -641.856 -236.72
290.369 -664.804 305.538
294.369 -664.804 305.538
290.369 -660.804 305.538
294.369 -660.804 305.538
290.369 -664.804 309.538
294.369 -664.804 309.538
290.369 -660.804 309.538
294.369 -660.804 309.538
292.369 -664.041 304.301
292.369 -661.568 304.301
292.369 -664.041 310.774
292.369 -661.568 310.774
291.133 -666.041 307.538
293.605 -666.041 307.538
291.133 -659.568 307.538
293.605 -659.568 307.538
289.133 -662.804 306.301
289.133 -662.804 308.774
295.605 -662.804 306.301
295.605 -662.804 308.774
290.369 -664.804 309.538
294.369 -664.804 309.538
290.369 -660.804 309.538
294.369 -660.804 309.538
290.369 -664.804 313.538
294.369 -664.804 313.538
290.369 -660.804 313.538
294.369 -660.804 313.538
292.369 -664.041 308.301
292.369 -661.568 308.301
292.369 -664.041 314.774
292.369 -661.568 314.774
291.133 -666.041 311.538
293.605 -666.041 311.538
291.133 -659.568 311.538
293.605 -659.568 311.538
289.133 -662.804 310.301
289.133 -662.804 312.774
295.605 -662.804 310.301
295.605 -662.804 312.774
412.072 -643.856 206.494
416.072 -643.856 206.494
412.072 -639.856 206.494
416.072 -639.856 206.494
412.072 -643.856 210.494
416.072 -643.856 210.494
412.072 -639.856 210.494
416.072 -639.856 210.494
414.072 -643.092 205.258
414.072 -640.62 205.258
414.072 -643.092 211.73
414.072 -640.62 211.73
412.836 -645.092 208.494
415.309 -645.092 208.494
412.836 -638.62 208.494
415.309 -638.62 208.494
410.836 -641.856 207.258
410.836 -641.856 209.73
417.309 -641.856 207.258
417.309 -641.856 209.73
412.072 -643.856 210.494
416.072 -643.856 210.494
412.072 -639.856 210.494
416.072 -639.856 210.494
412.072 -643.856 214.494
416.072 -643.856 214.494
412.072 -639.856 214.494
416.072 -639.856 214.494
414.072 -643.092 209.258
414.072 -640.62 209.258
414.072 -643.092 215.73
414.072 -640.62 215.73
412.836 -645.092 212.494
415.309 -645.092 212.494
412.836 -638.62 212.494
415.309 -638.62 212.494
410.836 -641.856 211.258
410.836 -641.856 213.73
417.309 -641.856 211.258
417.309 -641.856 213.73
-219.502 673.691 75.9855
-215.502 673.691 75.9855
-219.502 677.691 75.9855
-215.502 677.691 75.9855
-219.502 673.691 79.9855
-215.502 673.691 79.9855
-219.502 677.691 79.9855
-215.502 677.691 79.9855
-217.502 674.455 74.7494
-217.502 676.927 74.7494
-217.502 674.455 81.2216
-217.502 676.927 81.2216
-218.738 672.455 77.9855
-216.266 672.455 77.9855
-218.738 678.927 77.9855
-216.266 678.927 77.9855
-220.738 675.691 76.7494
-220.738 675.691 79.2216
-214.266 675.691 76.7494
-214.266 675.691 79.2216
-219.502 673.691 79.9855
-215.502 673.691 79.9855
-219.502 677.691 79.9855
-215.502 677.691 79.9855
-219.502 673.691 83.9855
-215.502 673.691 83.9855
-219.502 677.691 83.9855
-215.502 677.691 83.9855
-217.502 674.455 78.7494
-217.502 676.927 78.7494
-217.502 674.455 85.2216
-217.502 676.927 85.2216
-218.738 672.455 81.9855
-216.266 672.455 81.9855
-218.738 678.927 81.9855
-216.266 678.927 81.9855
-220.738 675.691 80.7494
-220.738 675.691 83.2216
-214.266 675.691 80.7494
-214.266 675.691 83.2216
-22.9315 707.526 -83.9855
-18.9315 707.526 -83.9855
-22.9315 711.526 -83.9855
-18.9315 711.526 -83.9855
-22.9315 707.526 -79.9855
-18.9315 707.526 -79.9855
-22.9315 711.526 -79.9855
-18.9315 711.526 -79.9855
-20.9315 708.29 -85.2216
-20.9315 710.762 -85.2216
-20.9315 708.29 -78.7494
-20.9315 710.762 -78.7494
-22.1676 706.29 -81.9855
-19.6954 706.29 -81.9855
-22.1676 712.762 -81.9855
-19.6954 712.762 -81.9855
-24.1676 709.526 -83.2216
-24.1676 709.526 -80.7494
-17.6954 709.526 -83.2216
-17.6954 709.526 -80.7494
-22.9315 707.526 -79.9855
-18.9315 707.526 -79.9855
-22.9315 711.526 -79.9855
-18.9315 711.526 -79.9855
-22.9315 707.526 -75.9855
-18.9315 707.526 -75.9855
-22.9315 711.526 -75.9855
-18.9315 711.526 -75.9855
-20.9315 708.29 -81.2216
-20.9315 710.762 -81.2216
-20.9315 708.29 -74.7494
-20.9315 710.762 -74.7494
-22.1676 706.29 -77.9855
-19.6954 706.29 -77.9855
-22.1676 712.762 -77.9855
-19.6954 712.762 -77.9855
-24.1676 709.526 -79.2216
-24.1676 709.526 -76.7494
-17.6954 709.526 -79.2216
-17.6954 709.526 -76.7494
173.639 741.361 -243.957
177.639 741.361 -243.957
173.639 745.361 -243.957
177.639 745.361 -243.957
173.639 741.361 -239.957
177.639 741.361 -239.957
173.639 745.361 -239.957
177.639 745.361 -239.957
175.639 742.125 -245.193
175.639 744.597 -245.193
175.639 742.125 -238.72
175.639 744.597 -238.72
174.403 740.125 -241.957
176.875 740.125 -241.957
174.403 746.597 -241.957
176.875 746.597 -241.957
172.403 743.361 -243.193
172.403 743.361 -240.72
178.875 743.361 -243.193
178.875 743.361 -240.72
173.639 741.361 -239.957
177.639 741.361 -239.957
173.639 745.361 -239.957
177.639 745.361 -239.957
173.639 741.361 -235.957
177.639 741.361 -235.957
173.639 745.361 -235.957
177.639 745.361 -235.957
175.639 742.125 -241.193
175.639 744.597 -241.193
175.639 742.125 -234.72
175.639 744.597 -234.72
174.403 740.125 -237.957
176.875 740.125 -237.957
174.403 746.597 -237.957
176.875 746.597 -237.957
172.403 743.361 -239.193
172.403 743.361 -236.72
178.875 743.361 -239.193
178.875 743.361 -236.72
51.9355 720.413 305.538
55.9355 720.413 305.538
51.9355 724.413 305.538
55.9355 724.413 305.538
51.9355 720.413 309.538
55.9355 720.413 309.538
51.9355 724.413 309.538
55.9355 724.413 309.538
53.9355 721.176 304.301
53.9355 723.649 304.301
53.9355 721.176 310.774
53.9355 723.649 310.774
52.6994 719.176 307.538
55.1716 719.176 307.538
52.6994 725.649 307.538
55.1716 725.649 307.538
50.6994 722.413 306.301
50.6994 722.413 308.774
57.1716 722.413 306.301
57.1716 722.413 308.774
51.9355 720.413 309.538
55.9355 720.413 309.538
51.9355 724.413 309.538
55.9355 724.413 309.538
51.9355 720.413 313.538
55.9355 720.413 313.538
51.9355 724.413 313.538
55.9355 724.413 313.538
53.9355 721.176 308.301
53.9355 723.649 308.301
53.9355 721.176 314.774
53.9355 723.649 314.774
52.6994 719.176 311.538
55.1716 719.176 311.538
52.6994 725.649 311.538
55.1716 725.649 311.538
50.6994 722.413 310.301
50.6994 722.413 312.774
57.1716 722.413 310.301
57.1716 722.413 312.774
173.639 741.361 206.494
177.639 741.361 206.494
173.639 745.361 206.494
177.639 745.361 206.494
173.639 741.361 210.494
177.639 741.361 210.494
173.639 745.361 210.494
177.639 745.361 210.494
175.639 742.125 205.258
175.639 744.597 205.258
175.639 742.125 211.73
175.639 744.597 211.73
174.403 740.125 208.494
176.875 740.125 208.494
174.403 746.597 208.494
176.875 746.597 208.494
172.403 743.361 207.258
172.403 743.361 209.73
178.875 743.361 207.258
178.875 743.361 209.73
173.639 741.361 210.494
177.639 741.361 210.494
173.639 745.361 210.494
177.639 745.361 210.494
173.639 741.361 214.494
177.639 741.361 214.494
173.639 745.361 214.494
177.639 745.361 214.494
175.639 742.125 209.258
175.639 744.597 209.258
175.639 742.125 215.73
175.639 744.597 215.73
174.403 740.125 212.494
176.875 740.125 212.494
174.403 746.597 212.494
176.875 746.597 212.494
172.403 743.361 211.258
172.403 743.361 213.73
178.875 743.361 211.258
178.875 743.361 213.73
228.274 -1032.06 404.582
232.274 -1032.06 404.582
228.274 -1028.06 404.582
232.274 -1028.06 404.582
228.274 -1032.06 408.582
232.274 -1032.06 408.582
228.274 -1028.06 408.582
232.274 -1028.06 408.582
230.274 -1031.29 403.345
230.274 -1028.82 403.345
230.274 -1031.29 409.818
230.274 -1028.82 409.818
229.037 -1033.29 406.582
231.51 -1033.29 406.582
229.037 -1026.82 406.582
231.51 -1026.82 406.582
227.037 -1030.06 405.345
227.037 -1030.06 407.818
233.51 -1030.06 405.345
233.51 -1030.06 407.818
228.274 -1032.06 408.582
232.274 -1032.06 408.582
228.274 -1028.06 408.582
232.274 -1028.06 408.582
228.274 -1032.06 412.582
232.274 -1032.06 412.582
228.274 -1028.06 412.582
232.274 -1028.06 412.582
230.274 -1031.29 407.345
230.274 -1028.82 407.345
230.274 -1031.29 413.818
230.274 -1028.82 413.818
229.037 -1033.29 410.582
231.51 -1033.29 410.582
229.037 -1026.82 410.582
231.51 -1026.82 410.582
227.037 -1030.06 409.345
227.037 -1030.06 411.818
233.51 -1030.06 409.345
233.51 -1030.06 411.818
-129.377 1045.77 404.582
-125.377 1045.77 404.582
-129.377 1049.77 404.582
-125.377 1049.77 404.582
-129.377 1045.77 408.582
-125.377 1045.77 408.582
-129.377 1049.77 408.582
-125.377 1049.77 408.582
-127.377 1046.53 403.345
-127.377 1049 403.345
-127.377 1046.53 409.818
-127.377 1049 409.818
-128.613 1044.53 406.582
-126.14 1044.53 406.582
-128.613 1051 406.582
-126.14 1051 406.582
-130.613 1047.77 405.345
-130.613 1047.77 407.818
-124.14 1047.77 405.345
-124.14 1047.77 407.818
-129.377 1045.77 408.582
-125.377 1045.77 408.582
-129.377 1049.77 408.582
-125.377 1049.77 408.582
-129.377 1045.77 412.582
-125.377 1045.77 412.582
-129.377 1049.77 412.582
-125.377 1049.77 412.582
-127.377 1046.53 407.345
-127.377 1049 407.345
-127.377 1046.53 413.818
-127.377 1049 413.818
-128.613 1044.53 410.582
-126.14 1044.53 410.582
-128.613 1051 410.582
-126.14 1051 410.582
-130.613 1047.77 409.345
-130.613 1047.77 411.818
-124.14 1047.77 409.345
-124.14 1047.77 411.818
-118.031 -1091.67 235.957
-114.031 -1091.67 235.957
-118.031 -1087.67 235.957
-114.031 -1087.67 235.957
-118.031 -1091.67 239.957
-114.031 -1091.67 239.957
-118.031 -1087.67 239.957
-114.031 -1087.67 239.957
-116.031 -1090.9 234.72
-116.031 -1088.43 234.72
-116.031 -1090.9 241.193
-116.031 -1088.43 241.193
-117.267 -1092.9 237.957
-114.795 -1092.9 237.957
-117.267 -1086.43 237.957
-114.795 -1086.43 237.957
-119.267 -1089.67 236.72
-119.267 -1089.67 239.193
-112.795 -1089.67 236.72
-112.795 -1089.67 239.193
-118.031 -1091.67 239.957
-114.031 -1091.67 239.957
-118.031 -1087.67 239.957
-114.031 -1087.67 239.957
-118.031 -1091.67 243.957
-114.031 -1091.67 243.957
-118.031 -1087.67 243.957
-114.031 -1087.67 243.957
-116.031 -1090.9 238.72
-116.031 -1088.43 238.72
-116.031 -1090.9 245.193
-116.031 -1088.43 245.193
-117.267 -1092.9 241.957
-114.795 -1092.9 241.957
-117.267 -1086.43 241.957
-114.795 -1086.43 241.957
-119.267 -1089.67 240.72
-119.267 -1089.67 243.193
-112.795 -1089.67 240.72
-112.795 -1089.67 243.193
-475.681 986.16 235.957
-471.681 986.16 235.957
-475.681 990.16 235.957
-471.681 990.16 235.957
-475.681 986.16 239.957
-471.681 986.16 239.957
-475.681 990.16 239.957
-471.681 990.16 239.957
-473.681 986.924 234.72
-473.681 989.396 234.72
-473.681 986.924 241.193
-473.681 989.396 241.193
-474.917 984.924 237.957
-472.445 984.924 237.957
-474.917 991.396 237.957
-472.445 991.396 237.957
-476.917 988.16 236.72
-476.917 988.16 239.193
-470.445 988.16 236.72
-470.445 988.16 239.193
-475.681 986.16 239.957
-471.681 986.16 239.957
-475.681 990.16 239.957
-471.681 990.16 239.957
-475.681 986.16 243.957
-471.681 986.16 243.957
-475.681 990.16 243.957
-471.681 990.16 243.957
-473.681 986.924 238.72
-473.681 989.396 238.72
-473.681 986.924 245.193
-473.681 989.396 245.193
-474.917 984.924 241.957
-472.445 984.924 241.957
-474.917 991.396 241.957
-472.445 991.396 241.957
-476.917 988.16 240.72
-476.917 988.16 243.193
-470.445 988.16 240.72
-470.445 988.16 243.193
78.54 -1057.83 75.9855
82.54 -1057.83 75.9855
78.54 -1053.83 75.9855
82.54 -1053.83 75.9855
78.54 -1057.83 79.9855
82.54 -1057.83 79.9855
78.54 -1053.83 79.9855
82.54 -1053.83 79.9855
80.54 -1057.07 74.7494
80.54 -1054.59 74.7494
80.54 -1057.07 81.2216
80.54 -1054.59 81.2216
79.3039 -1059.07 77.9855
81.7761 -1059.07 77.9855
79.3039 -1052.59 77.9855
81.7761 -1052.59 77.9855
77.3039 -1055.83 76.7494
77.3039 -1055.83 79.2216
83.7761 -1055.83 76.7494
83.7761 -1055.83 79.2216
78.54 -1057.83 79.9855
82.54 -1057.83 79.9855
78.54 -1053.83 79.9855
82.54 -1053.83 79.9855
78.54 -1057.83 83.9855
82.54 -1057.83 83.9855
78.54 -1053.83 83.9855
82.54 -1053.83 83.9855
80.54 -1057.07 78.7494
80.54 -1054.59 78.7494
80.54 -1057.07 85.2216
80.54 -1054.59 85.2216
79.3039 -1059.07 81.9855
81.7761 -1059.07 81.9855
79.3039 -1052.59 81.9855
81.7761 -1052.59 81.9855
77.3039 -1055.83 80.7494
77.3039 -1055.83 83.2216
83.7761 -1055.83 80.7494
83.7761 -1055.83 83.2216
275.111 -1024 -83.9855
279.111 -1024 -83.9855
275.111 -1020 -83.9855
279.111 -1020 -83.9855
275.111 -1024 -79.9855
279.111 -1024 -79.9855
275.111 -1020 -79.9855
279.111 -1020 -79.9855
277.111 -1023.23 -85.2216
277.111 -1020.76 -85.2216
277.111 -1023.23 -78.7494
277.111 -1020.76 -78.7494
275.874 -1025.23 -81.9855
278.347 -1025.23 -81.9855
275.874 -1018.76 -81.9855
278.347 -1018.76 -81.9855
273.874 -1022 -83.2216
273.874 -1022 -80.7494
280.347 -1022 -83.2216
280.347 -1022 -80.7494
275.111 -1024 -79.9855
279.111 -1024 -79.9855
275.111 -1020 -79.9855
279.111 -1020 -79.9855
275.111 -1024 -75.9855
279.111 -1024 -75.9855
275.111 -1020 -75.9855
279.111 -1020 -75.9855
277.111 -1023.23 -81.2216
277.111 -1020.76 -81.2216
277.111 -1023.23 -74.7494
277.111 -1020.76 -74.7494
275.874 -1025.23 -77.9855
278.347 -1025.23 -77.9855
275.874 -1018.76 -77.9855
278.347 -1018.76 -77.9855
273.874 -1022 -79.2216
273.874 -1022 -76.7494
280.347 -1022 -79.2216
280.347 -1022 -76.7494
471.681 -990.16 -243.957
475.681 -990.16 -243.957
471.681 -986.16 -243.957
475.681 -986.16 -243.957
471.681 -990.16 -239.957
475.681 -990.16 -239.957
471.681 -986.16 -239.957
475.681 -986.16 -239.957
473.681 -989.396 -245.193
473.681 -986.924 -245.193
473.681 -989.396 -238.72
473.681 -986.924 -238.72
472.445 -991.396 -241.957
474.917 -991.396 -241.957
472.445 -984.924 -241.957
474.917 -984.924 -241.957
470.445 -988.16 -243.193
470.445 -988.16 -240.72
476.917 -988.16 -243.193
476.917 -988.16 -240.72
471.681 -990.16 -239.957
475.681 -990.16 -239.957
471.681 -986.16 -239.957
475.681 -986.16 -239.957
471.681 -990.16 -235.957
475.681 -990.16 -235.957
471.681 -986.16 -235.957
475.681 -986.16 -235.957
473.681 -989.396 -241.193
473.681 -986.924 -241.193
473.681 -989.396 -234.72
473.681 -986.924 -234.72
472.445 -991.396 -237.957
474.917 -991.396 -237.957
472.445 -984.924 -237.957
474.917 -984.924 -237.957
470.445 -988.16 -239.193
470.445 -988.16 -236.72
476.917 -988.16 -239.193
476.917 -988.16 -236.72
349.977 -1011.11 305.538
353.977 -1011.11 305.538
349.977 -1007.11 305.538
353.977 -1007.11 305.538
349.977 -1011.11 309.538
353.977 -1011.11 309.538
349.977 -1007.11 309.538
353.977 -1007.11 309.538
351.977 -1010.34 304.301
351.977 -1007.87 304.301
351.977 -1010.34 310.774
351.977 -1007.87 310.774
350.741 -1012.34 307.538
353.213 -1012.34 307.538
350.741 -1005.87 307.538
353.213 -1005.87 307.538
348.741 -1009.11 306.301
348.741 -1009.11 308.774
355.213 -1009.11 306.301
355.213 -1009.11 308.774
349.977 -1011.11 309.538
353.977 -1011.11 309.538
349.977 -1007.11 309.538
353.977 -1007.11 309.538
349.977 -1011.11 313.538
353.977 -1011.11 313.538
349.977 -1007.11 313.538
353.977 -1007.11 313.538
351.977 -1010.34 308.301
351.977 -1007.87 308.301
351.977 -1010.34 314.774
351.977 -1007.87 314.774
350.741 -1012.34 311.538
353.213 -1012.34 311.538
350.741 -1005.87 311.538
353.213 -1005.87 311.538
348.741 -1009.11 310.301
348.741 -1009.11 312.774
355.213 -1009.11 310.301
355.213 -1009.11 312.774
471.681 -990.16 206.494
475.681 -990.16 206.494
471.681 -986.16 206.494
475.681 -986.16 206.494
471.681 -990.16 210.494
475.681 -990.16 210.494
471.681 -986.16 210.494
475.681 -986.16 210.494
473.681 -989.396 205.258
473.681 -986.924 205.258
473.681 -989.396 211.73
473.681 -986.924 211.73
472.445 -991.396 208.494
474.917 -991.396 208.494
472.445 -984.924 208.494
474.917 -984.924 208.494
470.445 -988.16 207.258
470.445 -988.16 209.73
476.917 -988.16 207.258
476.917 -988.16 209.73
471.681 -990.16 210.494
475.681 -990.16 210.494
471.681 -986.16 210.494
475.681 -986.16 210.494
471.681 -990.16 214.494
475.681 -990.16 214.494
471.681 -986.16 214.494
475.681 -986.16 214.494
473.681 -989.396 209.258
473.681 -986.924 209.258
473.681 -989.396 215.73
473.681 -986.924 215.73
472.445 -991.396 212.494
474.917 -991.396 212.494
472.445 -984.924 212.494
474.917 -984.924 212.494
470.445 -988.16 211.258
470.445 -988.16 213.73
476.917 -988.16 211.258
476.917 -988.16 213.73
-279.111 1020 75.9855
-275.111 1020 75.9855
-279.111 1024 75.9855
-275.111 1024 75.9855
-279.111 1020 79.9855
-275.111 1020 79.9855
-279.111 1024 79.9855
-275.111 1024 79.9855
-277.111 1020.76 74.7494
-277.111 1023.23 74.7494
-277.111 1020.76 81.2216
-277.111 1023.23 81.2216
-278.347 1018.76 77.9855
-275.874 1018.76 77.9855
-278.347 1025.23 77.9855
-275.874 1025.23 77.9855
-280.347 1022 76.7494
-280.347 1022 79.2216
-273.874 1022 76.7494
-273.874 1022 79.2216
-279.111 1020 79.9855
-275.111 1020 79.9855
-279.111 1024 79.9855
-275.111 1024 79.9855
-279.111 1020 83.9855
-275.111 1020 83.9855
-279.111 1024 83.9855
-275.111 1024 83.9855
-277.111 1020.76 78.7494
-277.111 1023.23 78.7494
-277.111 1020.76 85.2216
-277.111 1023.23 85.2216
-278.347 1018.76 81.9855
-275.874 1018.76 81.9855
-278.347 1025.23 81.9855
-275.874 1025.23 81.9855
-280.347 1022 80.7494
-280.347 1022 83.2216
-273.874 1022 80.7494
-273.874 1022 83.2216
-82.54 1053.83 -83.9855
-78.54 1053.83 -83.9855
-82.54 1057.83 -83.9855
-78.54 1057.83 -83.9855
-82.54 1053.83 -79.9855
-78.54 1053.83 -79.9855
-82.54 1057.83 -79.9855
-78.54 1057.83 -79.9855
-80.54 1054.59 -85.2216
-80.54 1057.07 -85.2216
-80.54 1054.59 -78.7494
-80.54 1057.07 -78.7494
-81.7761 1052.59 -81.9855
-79.3039 1052.59 -81.9855
-81.7761 1059.07 -81.9855
-79.3039 1059.07 -81.9855
-83.7761 1055.83 -83.2216
-83.7761 1055.83 -80.7494
-77.3039 1055.83 -83.2216
-77.3039 1055.83 -80.7494
-82.54 1053.83 -79.9855
-78.54 1053.83 -79.9855
-82.54 1057.83 -79.9855
-78.54 1057.83 -79.9855
-82.54 1053.83 -75.9855
-78.54 1053.83 -75.9855
-82.54 1057.83 -75.9855
-78.54 1057.83 -75.9855
-80.54 1054.59 -81.2216
-80.54 1057.07 -81.2216
-80.54 1054.59 -74.7494
-80.54 1057.07 -74.7494
-81.7761 1052.59 -77.9855
-79.3039 1052.59 -77.9855
-81.7761 1059.07 -77.9855
-79.3039 1059.07 -77.9855
-83.7761 1055.83 -79.2216
-83.7761 1055.83 -76.7494
-77.3039 1055.83 -79.2216
-77.3039 1055.83 -76.7494
114.031 1087.67 -243.957
118.031 1087.67 -243.957
114.031 1091.67 -243.957
118.031 1091.67 -243.957
114.031 1087.67 -239.957
118.031 1087.67 -239.957
114.031 1091.67 -239.957
118.031 1091.67 -239.957
116.031 1088.43 -245.193
116.031 1090.9 -245.193
116.031 1088.43 -238.72
116.031 1090.9 -238.72
114.795 1086.43 -241.957
117.267 1086.43 -241.957
114.795 1092.9 -241.957
117.267 1092.9 -241.957
112.795 1089.67 -243.193
112.795 1089.67 -240.72
119.267 1089.67 -243.193
119.267 1089.67 -240.72
114.031 1087.67 -239.957
118.031 1087.67 -239.957
114.031 1091.67 -239.957
118.031 1091.67 -239.957
114.031 1087.67 -235.957
118.031 1087.67 -235.957
114.031 1091.67 -235.957
118.031 1091.67 -235.957
116.031 1088.43 -241.193
116.031 1090.9 -241.193
116.031 1088.43 -234.72
116.031 1090.9 -234.72
114.795 1086.43 -237.957
117.267 1086.43 -237.957
114.795 1092.9 -237.957
117.267 1092.9 -237.957
112.795 1089.67 -239.193
112.795 1089.67 -236.72
119.267 1089.67 -239.193
119.267 1089.67 -236.72
-7.673 1066.72 305.538
-3.673 1066.72 305.538
-7.673 1070.72 305.538
-3.673 1070.72 305.538
-7.673 1066.72 309.538
-3.673 1066.72 309.538
-7.673 1070.72 309.538
-3.673 1070.72 309.538
-5.673 1067.48 304.301
-5.673 1069.95 304.301
-5.673 1067.48 310.774
-5.673 1069.95 310.774
-6.90907 1065.48 307.538
-4.43693 1065.48 307.538
-6.90907 1071.95 307.538
-4.43693 1071.95 307.538
-8.90907 1068.72 306.301
-8.90907 1068.72 308.774
-2.43693 1068.72 306.301
-2.43693 1068.72 308.774
-7.673 1066.72 309.538
-3.673 1066.72 309.538
-7.673 1070.72 309.538
-3.673 1070.72 309.538
-7.673 1066.72 313.538
-3.673 1066.72 313.538
-7.673 1070.72 313.538
-3.673 1070.72 313.538
-5.673 1067.48 308.301
-5.673 1069.95 308.301
-5.673 1067.48 314.774
-5.673 1069.95 314.774
-6.90907 1065.48 311.538
-4.43693 1065.48 311.538
-6.90907 1071.95 311.538
-4.43693 1071.95 311.538
-8.90907 1068.72 310.301
-8.90907 1068.72 312.774
-2.43693 1068.72 310.301
-2.43693 1068.72 312.774
114.031 1087.67 206.494
118.031 1087.67 206.494
114.031 1091.67 206.494
118.031 1091.67 206.494
114.031 1087.67 210.494
118.031 1087.67 210.494
114.031 1091.67 210.494
118.031 1091.67 210.494
116.031 1088.43 205.258
116.031 1090.9 205.258
116.031 1088.43 211.73
116.031 1090.9 211.73
114.795 1086.43 208.494
117.267 1086.43 208.494
114.795 1092.9 208.494
117.267 1092.9 208.494
112.795 1089.67 207.258
112.795 1089.67 209.73
119.267 1089.67 207.258
119.267 1089.67 209.73
114.031 1087.67 210.494
118.031 1087.67 210.494
114.031 1091.67 210.494
118.031 1091.67 210.494
114.031 1087.67 214.494
118.031 1087.67 214.494
114.031 1091.67 214.494
118.031 1091.67 214.494
116.031 1088.43 209.258
116.031 1090.9 209.258
116.031 1088.43 215.73
116.031 1090.9 215.73
114.795 1086.43 212.494
117.267 1086.43 212.494
114.795 1092.9 212.494
117.267 1092.9 212.494
112.795 1089.67 211.258
112.795 1089.67 213.73
119.267 1089.67 211.258
119.267 1089.67 213.73
287.882 -1378.36 404.582
291.882 -1378.36 404.582
287.882 -1374.36 404.582
291.882 -1374.36 404.582
287.882 -1378.36 408.582
291.882 -1378.36 408.582
287.882 -1374.36 408.582
291.882 -1374.36 408.582
289.882 -1377.6 403.345
289.882 -1375.13 403.345
289.882 -1377.6 409.818
289.882 -1375.13 409.818
288.646 -1379.6 406.582
291.118 -1379.6 406.582
288.646 -1373.13 406.582
291.118 -1373.13 406.582
286.646 -1376.36 405.345
286.646 -1376.36 407.818
293.118 -1376.36 405.345
293.118 -1376.36 407.818
287.882 -1378.36 408.582
291.882 -1378.36 408.582
287.882 -1374.36 408.582
291.882 -1374.36 408.582
287.882 -1378.36 412.582
291.882 -1378.36 412.582
287.882 -1374.36 412.582
291.882 -1374.36 412.582
289.882 -1377.6 407.345
289.882 -1375.13 407.345
289.882 -1377.6 413.818
289.882 -1375.13 413.818
288.646 -1379.6 410.582
291.118 -1379.6 410.582
288.646 -1373.13 410.582
291.118 -1373.13 410.582
286.646 -1376.36 409.345
286.646 -1376.36 411.818
293.118 -1376.36 409.345
293.118 -1376.36 411.818
-188.985 1392.07 404.582
-184.985 1392.07 404.582
-188.985 1396.07 404.582
-184.985 1396.07 404.582
-188.985 1392.07 408.582
-184.985 1392.07 408.582
-188.985 1396.07 408.582
-184.985 1396.07 408.582
-186.985 1392.84 403.345
-186.985 1395.31 403.345
-186.985 1392.84 409.818
-186.985 1395.31 409.818
-188.221 1390.84 406.582
-185.749 1390.84 406.582
-188.221 1397.31 406.582
-185.749 1397.31 406.582
-190.221 1394.07 405.345
-190.221 1394.07 407.818
-183.749 1394.07 405.345
-183.749 1394.07 407.818
-188.985 1392.07 408.582
-184.985 1392.07 408.582
-188.985 1396.07 408.582
-184.985 1396.07 408.582
-188.985 1392.07 412.582
-184.985 1392.07 412.582
-188.985 1396.07 412.582
-184.985 1396.07 412.582
-186.985 1392.84 407.345
-186.985 1395.31 407.345
-186.985 1392.84 413.818
-186.985 1395.31 413.818
-188.221 1390.84 410.582
-185.749 1390.84 410.582
-188.221 1397.31 410.582
-185.749 1397.31 410.582
-190.221 1394.07 409.345
-190.221 1394.07 411.818
-183.749 1394.07 409.345
-183.749 1394.07 411.818
-58.4225 -1437.97 235.957
-54.4225 -1437.97 235.957
-58.4225 -1433.97 235.957
-54.4225 -1433.97 235.957
-58.4225 -1437.97 239.957
-54.4225 -1437.97 239.957
-58.4225 -1433.97 239.957
-54.4225 -1433.97 239.957
-56.4225 -1437.21 234.72
-56.4225 -1434.73 234.72
-56.4225 -1437.21 241.193
-56.4225 -1434.73 241.193
-57.6586 -1439.21 237.957
-55.1864 -1439.21 237.957
-57.6586 -1432.73 237.957
-55.1864 -1432.73 237.957
-59.6586 -1435.97 236.72
-59.6586 -1435.97 239.193
-53.1864 -1435.97 236.72
-53.1864 -1435.97 239.193
-58.4225 -1437.97 239.957
-54.4225 -1437.97 239.957
-58.4225 -1433.97 239.957
-54.4225 -1433.97 239.957
-58.4225 -1437.97 243.957
-54.4225 -1437.97 243.957
-58.4225 -1433.97 243.957
-54.4225 -1433.97 243.957
-56.4225 -1437.21 238.72
-56.4225 -1434.73 238.72
-56.4225 -1437.21 245.193
-56.4225 -1434.73 245.193
-57.6586 -1439.21 241.957
-55.1864 -1439.21 241.957
-57.6586 -1432.73 241.957
-55.1864 -1432.73 241.957
-59.6586 -1435.97 240.72
-59.6586 -1435.97 243.193
-53.1864 -1435.97 240.72
-53.1864 -1435.97 243.193
-535.289 1332.46 235.957
-531.289 1332.46 235.957
-535.289 1336.46 235.957
-531.289 1336.46 235.957
-535.289 1332.46 239.957
-531.289 1332.46 239.957
-535.289 1336.46 239.957
-531.289 1336.46 239.957
-533.289 1333.23 234.72
-533.289 1335.7 234.72
-533.289 1333.23 241.193
-533.289 1335.7 241.193
-534.526 1331.23 237.957
-532.053 1331.23 237.957
-534.526 1337.7 237.957
-532.053 1337.7 237.957
-536.526 1334.46 236.72
-536.526 1334.46 239.193
-530.053 1334.46 236.72
-530.053 1334.46 239.193
-535.289 1332.46 239.957
-531.289 1332.46 239.957
-535.289 1336.46 239.957
-531.289 1336.46 239.957
-535.289 1332.46 243.957
-531.289 1332.46 243.957
-535.289 1336.46 243.957
-531.289 1336.46 243.957
-533.289 1333.23 238.72
-533.289 1335.7 238.72
-533.289 1333.23 245.193
-533.289 1335.7 245.193
-534.526 1331.23 241.957
-532.053 1331.23 241.957
-534.526 1337.7 241.957
-532.053 1337.7 241.957
-536.526 1334.46 240.72
-536.526 1334.46 243.193
-530.053 1334.46 240.72
-530.053 1334.46 243.193
138.148 -1404.13 75.9855
142.148 -1404.13 75.9855
138.148 -1400.13 75.9855
142.148 -1400.13 75.9855
138.148 -1404.13 79.9855
142.148 -1404.13 79.9855
138.148 -1400.13 79.9855
142.148 -1400.13 79.9855
140.148 -1403.37 74.7494
140.148 -1400.9 74.7494
140.148 -1403.37 81.2216
140.148 -1400.9 81.2216
138.912 -1405.37 77.9855
141.384 -1405.37 77.9855
138.912 -1398.9 77.9855
141.384 -1398.9 77.9855
136.912 -1402.13 76.7494
136.912 -1402.13 79.2216
143.384 -1402.13 76.7494
143.384 -1402.13 79.2216
138.148 -1404.13 79.9855
142.148 -1404.13 79.9855
138.148 -1400.13 79.9855
142.148 -1400.13 79.9855
138.148 -1404.13 83.9855
142.148 -1404.13 83.9855
138.148 -1400.13 83.9855
142.148 -1400.13 83.9855
140.148 -1403.37 78.7494
140.148 -1400.9 78.7494
140.148 -1403.37 85.2216
140.148 -1400.9 85.2216
138.912 -1405.37 81.9855
141.384 -1405.37 81.9855
138.912 -1398.9 81.9855
141.384 -1398.9 81.9855
136.912 -1402.13 80.7494
136.912 -1402.13 83.2216
143.384 -1402.13 80.7494
143.384 -1402.13 83.2216
334.719 -1370.3 -83.9855
338.719 -1370.3 -83.9855
334.719 -1366.3 -83.9855
338.719 -1366.3 -83.9855
334.719 -1370.3 -79.9855
338.719 -1370.3 -79.9855
334.719 -1366.3 -79.9855
338.719 -1366.3 -79.9855
336.719 -1369.54 -85.2216
336.719 -1367.06 -85.2216
336.719 -1369.54 -78.7494
336.719 -1367.06 -78.7494
335.483 -1371.54 -81.9855
337.955 -1371.54 -81.9855
335.483 -1365.06 -81.9855
337.955 -1365.06 -81.9855
333.483 -1368.3 -83.2216
333.483 -1368.3 -80.7494
339.955 -1368.3 -83.2216
339.955 -1368.3 -80.7494
334.719 -1370.3 -79.9855
338.719 -1370.3 -79.9855
334.719 -1366.3 -79.9855
338.719 -1366.3 -79.9855
334.719 -1370.3 -75.9855
338.719 -1370.3 -75.9855
334.719 -1366.3 -75.9855
338.719 -1366.3 -75.9855
336.719 -1369.54 -81.2216
336.719 -1367.06 -81.2216
336.719 -1369.54 -74.7494
336.719 -1367.06 -74.7494
335.483 -1371.54 -77.9855
337.955 -1371.54 -77.9855
335.483 -1365.06 -77.9855
337.955 -1365.06 -77.9855
333.483 -1368.3 -79.2216
333.483 -1368.3 -76.7494
339.955 -1368.3 -79.2216
339.955 -1368.3 -76.7494
531.289 -1336.46 -243.957
535.289 -1336.46 -243.957
531.289 -1332.46 -243.957
535.289 -1332.46 -243.957
531.289 -1336.46 -239.957
535.289 -1336.46 -239.957
531.289 -1332.46 -239.957
535.289 -1332.46 -239.957
533.289 -1335.7 -245.193
533.289 -1333.23 -245.193
533.289 -1335.7 -238.72
533.289 -1333.23 -238.72
532.053 -1337.7 -241.957
534.526 -1337.7 -241.957
532.053 -1331.23 -241.957
534.526 -1331.23 -241.957
530.053 -1334.46 -243.193
530.053 -1334.46 -240.72
536.526 -1334.46 -243.193
536.526 -1334.46 -240.72
531.289 -1336.46 -239.957
535.289 -1336.46 -239.957
531.289 -1332.46 -239.957
535.289 -1332.46 -239.957
531.289 -1336.46 -235.957
535.289 -1336.46 -235.957
531.289 -1332.46 -235.957
535.289 -1332.46 -235.957
533.289 -1335.7 -241.193
533.289 -1333.23 -241.193
533.289 -1335.7 -234.72
533.289 -1333.23 -234.72
532.053 -1337.7 -237.957
534.526 -1337.7 -237.957
532.053 -1331.23 -237.957
534.526 -1331.23 -237.957
530.053 -1334.46 -239.193
530.053 -1334.46 -236.72
536.526 -1334.46 -239.193
536.526 -1334.46 -236.72
409.586 -1357.41 305.538
413.586 -1357.41 305.538
409.586 -1353.41 305.538
413.586 -1353.41 305.538
409.586 -1357.41 309.538
413.586 -1357.41 309.538
409.586 -1353.41 309.538
413.586 -1353.41 309.538
411.586 -1356.65 304.301
411.586 -1354.18 304.301
411.586 -1356.65 310.774
411.586 -1354.18 310.774
410.349 -1358.65 307.538
412.822 -1358.65 307.538
410.349 -1352.18 307.538
412.822 -1352.18 307.538
408.349 -1355.41 306.301
408.349 -1355.41 308.774
414.822 -1355.41 306.301
414.822 -1355.41 308.774
409.586 -1357.41 309.538
413.586 -1357.41 309.538
409.586 -1353.41 309.538
413.586 -1353.41 309.538
409.586 -1357.41 313.538
413.586 -1357.41 313.538
409.586 -1353.41 313.538
413.586 -1353.41 313.538
411.586 -1356.65 308.301
411.586 -1354.18 308.301
411.586 -1356.65 314.774
411.586 -1354.18 314.774
410.349 -1358.65 311.538
412.822 -1358.65 311.538
410.349 -1352.18 311.538
412.822 -1352.18 311.538
408.349 -1355.41 310.301
408.349 -1355.41 312.774
414.822 -1355.41 310.301
414.822 -1355.41 312.774
531.289 -1336.46 206.494
535.289 -1336.46 206.494
531.289 -1332.46 206.494
535.289 -1332.46 206.494
531.289 -1336.46 210.494
535.289 -1336.46 210.494
531.289 -1332.46 210.494
535.289 -1332.46 210.494
533.289 -1335.7 205.258
533.289 -1333.23 205.258
533.289 -1335.7 211.73
533.289 -1333.23 211.73
532.053 -1337.7 208.494
534.526 -1337.7 208.494
532.053 -1331.23 208.494
534.526 -1331.23 208.494
530.053 -1334.46 207.258
530.053 -1334.46 209.73
536.526 -1334.46 207.258
536.526 -1334.46 209.73
531.289 -1336.46 210.494
535.289 -1336.46 210.494
531.289 -1332.46 210.494
535.289 -1332.46 210.494
531.289 -1336.46 214.494
535.289 -1336.46 214.494
531.289 -1332.46 214.494
535.289 -1332.46 214.494
533.289 -1335.7 209.258
533.289 -1333.23 209.258
533.289 -1335.7 215.73
533.289 -1333.23 215.73
532.053 -1337.7 212.494
534.526 -1337.7 212.494
532.053 -1331.23 212.494
534.526 -1331.23 212.494
530.053 -1334.46 211.258
530.053 -1334.46 213.73
536.526 -1334.46 211.258
536.526 -1334.46 213.73
-338.719 1366.3 75.9855
-334.719 1366.3 75.9855
-338.719 1370.3 75.9855
-334.719 1370.3 75.9855
-338.719 1366.3 79.9855
-334.719 1366.3 79.9855
-338.719 1370.3 79.9855
-334.719 1370.3 79.9855
-336.719 1367.06 74.7494
-336.719 1369.54 74.7494
-336.719 1367.06 81.2216
-336.719 1369.54 81.2216
-337.955 1365.06 77.9855
-335.483 1365.06 77.9855
-337.955 1371.54 77.9855
-335.483 1371.54 77.9855
-339.955 1368.3 76.7494
-339.955 1368.3 79.2216
-333.483 1368.3 76.7494
-333.483 1368.3 79.2216
-338.719 1366.3 79.9855
-334.719 1366.3 79.9855
-338.719 1370.3 79.9855
-334.719 1370.3 79.9855
-338.719 1366.3 83.9855
-334.719 1366.3 83.9855
-338.719 1370.3 83.9855
-334.719 1370.3 83.9855
-336.719 1367.06 78.7494
-336.719 1369.54 78.7494
-336.719 1367.06 85.2216
-336.719 1369.54 85.2216
-337.955 1365.06 81.9855
-335.483 1365.06 81.9855
-337.955 1371.54 81.9855
-335.483 1371.54 81.9855
-339.955 1368.3 80.7494
-339.955 1368.3 83.2216
-333.483 1368.3 80.7494
-333.483 1368.3 83.2216
-142.148 1400.13 -83.9855
-138.148 1400.13 -83.9855
-142.148 1404.13 -83.9855
-138.148 1404.13 -83.9855
-142.148 1400.13 -79.9855
-138.148 1400.13 -79.9855
-142.148 1404.13 -79.9855
-138.148 1404.13 -79.9855
-140.148 1400.9 -85.2216
-140.148 1403.37 -85.2216
-140.148 1400.9 -78.7494
-140.148 1403.37 -78.7494
-141.384 1398.9 -81.9855
-138.912 1398.9 -81.9855
-141.384 1405.37 -81.9855
-138.912 1405.37 -81.9855
-143.384 1402.13 -83.2216
-143.384 1402.13 -80.7494
-136.912 1402.13 -83.2216
-136.912 1402.13 -80.7494
-142.148 1400.13 -79.9855
-138.148 1400.13 -79.9855
-142.148 1404.13 -79.9855
-138.148 1404.13 -79.9855
-142.148 1400.13 -75.9855
-138.148 1400.13 -75.9855
-142.148 1404.13 -75.9855
-138.148 1404.13 -75.9855
-140.148 1400.9 -81.2216
-140.148 1403.37 -81.2216
-140.148 1400.9 -74.7494
-140.148 1403.37 -74.7494
-141.384 1398.9 -77.9855
-138.912 1398.9 -77.9855
-141.384 1405.37 -77.9855
-138.912 1405.37 -77.9855
-143.384 1402.13 -79.2216
-143.384 1402.13 -76.7494
-136.912 1402.13 -79.2216
-136.912 1402.13 -76.7494
54.4225 1433.97 -243.957
58.4225 1433.97 -243.957
54.4225 1437.97 -243.957
58.4225 1437.97 -243.957
54.4225 1433.97 -239.957
58.4225 1433.97 -239.957
54.4225 1437.97 -239.957
58.4225 1437.97 -239.957
56.4225 1434.73 -245.193
56.4225 1437.21 -245.193
56.4225 1434.73 -238.72
56.4225 1437.21 -238.72
55.1864 1432.73 -241.957
57.6586 1432.73 -241.957
55.1864 1439.21 -241.957
57.6586 1439.21 -241.957
53.1864 1435.97 -243.193
53.1864 1435.97 -240.72
59.6586 1435.97 -243.193
59.6586 1435.97 -240.72
54.4225 1433.97 -239.957
58.4225 1433.97 -239.957
54.4225 1437.97 -239.957
58.4225 1437.97 -239.957
54.4225 1433.97 -235.957
58.4225 1433.97 -235.957
54.4225 1437.97 -235.957
58.4225 1437.97 -235.957
56.4225 1434.73 -241.193
56.4225 1437.21 -241.193
56.4225 1434.73 -234.72
56.4225 1437.21 -234.72
55.1864 1432.73 -237.957
57.6586 1432.73 -237.957
55.1864 1439.21 -237.957
57.6586 1439.21 -237.957
53.1864 1435.97 -239.193
53.1864 1435.97 -236.72
59.6586 1435.97 -239.193
59.6586 1435.97 -236.72
-67.2815 1413.02 305.538
-63.2815 1413.02 305.538
-67.2815 1417.02 305.538
-63.2815 1417.02 305.538
-67.2815 1413.02 309.538
-63.2815 1413.02 309.538
-67.2815 1417.02 309.538
-63.2815 1417.02 309.538
-65.2815 1413.78 304.301
-65.2815 1416.26 304.301
-65.2815 1413.78 310.774
-65.2815 1416.26 310.774
-66.5176 1411.78 307.538
-64.0454 1411.78 307.538
-66.5176 1418.26 307.538
-64.0454 1418.26 307.538
-68.5176 1415.02 306.301
-68.5176 1415.02 308.774
-62.0454 1415.02 306.301
-62.0454 1415.02 308.774
-67.2815 1413.02 309.538
-63.2815 1413.02 309.538
-67.2815 1417.02 309.538
-63.2815 1417.02 309.538
-67.2815 1413.02 313.538
-63.2815 1413.02 313.538
-67.2815 1417.02 313.538
-63.2815 1417.02 313.538
-65.2815 1413.78 308.301
-65.2815 1416.26 308.301
-65.2815 1413.78 314.774
-65.2815 1416.26 314.774
-66.5176 1411.78 311.538
-64.0454 1411.78 311.538
-66.5176 1418.26 311.538
-64.0454 1418.26 311.538
-68.5176 1415.02 310.301
-68.5176 1415.02 312.774
-62.0454 1415.02 310.301
-62.0454 1415.02 312.774
54.4225 1433.97 206.494
58.4225 1433.97 206.494
54.4225 1437.97 206.494
58.4225 1437.97 206.494
54.4225 1433.97 210.494
58.4225 1433.97 210.494
54.4225 1437.97 210.494
58.4225 1437.97 210.494
56.4225 1434.73 205.258
56.4225 1437.21 205.258
56.4225 1434.73 211.73
56.4225 1437.21 211.73
55.1864 1432.73 208.494
57.6586 1432.73 208.494
55.1864 1439.21 208.494
57.6586 1439.21 208.494
53.1864 1435.97 207.258
53.1864 1435.97 209.73
59.6586 1435.97 207.258
59.6586 1435.97 209.73
54.4225 1433.97 210.494
58.4225 1433.97 210.494
54.4225 1437.97 210.494
58.4225 1437.97 210.494
54.4225 1433.97 214.494
58.4225 1433.97 214.494
54.4225 1437.97 214.494
58.4225 1437.97 214.494
56.4225 1434.73 209.258
56.4225 1437.21 209.258
56.4225 1434.73 215.73
56.4225 1437.21 215.73
55.1864 1432.73 212.494
57.6586 1432.73 212.494
55.1864 1439.21 212.494
57.6586 1439.21 212.494
53.1864 1435.97 211.258
53.1864 1435.97 213.73
59.6586 1435.97 211.258
59.6586 1435.97 213.73
CELLS 4400 17600
3 32 37 16
3 32 0 16
3 32 0 12
3 32 37 24
3 13 0 12
3 13 1 8
3 13 0 8
3 13 32 33
3 13 32 12
3 25 32 24
3 25 24 30
3 25 32 33
3 25 1 18
3 25 39 18
3 25 13 1
3 25 13 33
3 25 39 27
3 25 31 30
3 25 31 27
3 26 37 16
3 26 2 16
3 26 14 34
3 26 2 14
3 26 37 24
3 26 24 30
3 26 31 30
3 26 31 27
3 26 35 34
3 26 35 27
3 9 1 18
3 9 3 18
3 9 1 8
3 9 0 16
3 9 0 8
3 9 2 16
3 15 3 18
3 15 39 18
3 15 39 27
3 15 35 27
3 15 2 14
3 15 9 2
3 15 9 3
3 15 14 34
3 15 35 34
3 72 77 56
3 72 40 56
3 72 40 52
3 72 77 64
3 53 72 73
3 53 72 52
3 41 40 52
3 41 40 48
3 41 53 52
3 65 72 64
3 65 64 70
3 65 72 73
3 65 53 73
3 65 79 58
3 65 41 53
3 65 41 58
3 65 79 67
3 65 71 70
3 65 71 67
3 66 77 56
3 66 42 56
3 66 54 74
3 66 42 54
3 66 77 64
3 66 64 70
3 66 71 70
3 66 71 67
3 66 75 74
3 66 75 67
3 49 41 48
3 49 43 58
3 49 41 58
3 49 40 56
3 49 40 48
3 49 42 56
3 55 79 58
3 55 79 67
3 55 43 58
3 55 75 67
3 55 42 54
3 55 49 42
3 55 49 43
3 55 54 74
3 55 75 74
3 112 117 96
3 112 80 96
3 112 80 92
3 112 117 104
3 93 80 92
3 93 81 88
3 93 80 88
3 93 112 113
3 93 112 92
3 105 112 104
3 105 104 110
3 105 112 113
3 105 81 98
3 105 119 98
3 105 93 81
3 105 93 113
3 105 119 107
3 105 111 110
3 105 111 107
3 106 117 96
3 106 82 96
3 106 94 114
3 106 82 94
3 106 117 104
3 106 104 110
3 106 111 110
3 106 111 107
3 106 115 114
3 106 115 107
3 89 81 98
3 89 83 98
3 89 81 88
3 89 80 96
3 89 80 88
3 89 82 96
3 95 83 98
3 95 119 98
3 95 119 107
3 95 115 107
3 95 82 94
3 95 89 82
3 95 89 83
3 95 94 114
3 95 115 114
3 152 157 136
3 152 120 136
3 152 120 132
3 152 157 144
3 133 120 132
3 133 121 128
3 133 120 128
3 133 152 153
3 133 152 132
3 145 152 144
3 145 144 150
3 145 152 153
3 145 121 138
3 145 159 138
3 145 133 121
3 145 133 153
3 145 159 147
3 145 151 150
3 145 151 147
3 146 157 136
3 146 122 136
3 146 134 154
3 146 122 134
3 146 157 144
3 146 144 150
3 146 151 150
3 146 151 147
3 146 155 154
3 146 155 147
3 129 121 138
3 129 123 138
3 129 121 128
3 129 120 136
3 129 120 128
3 129 122 136
3 135 123 138
3 135 159 138
3 135 159 147
3 135 155 147
3 135 122 134
3 135 129 122
3 135 129 123
3 135 134 154
3 135 155 154
3 192 197 176
3 192 160 176
3 192 160 172
3 192 197 184
3 173 160 172
3 173 161 168
3 173 160 168
3 173 192 193
3 173 192 172
3 185 192 184
3 185 184 190
3 185 192 193
3 185 161 178
3 185 199 178
3 185 173 161
3 185 173 193
3 185 199 187
3 185 191 190
3 185 191 187
3 186 197 176
3 186 162 176
3 186 174 194
3 186 162 174
3 186 197 184
3 186 184 190
3 186 191 190
3 186 191 187
3 186 195 194
3 186 195 187
3 169 161 178
3 169 163 178
3 169 161 168
3 169 160 176
3 169 160 168
3 169 162 176
3 175 163 178
3 175 199 178
3 175 199 187
3 175 195 187
3 175 162 174
3 175 169 162
3 175 169 163
3 175 174 194
3 175 195 194
3 232 237 216
3 232 200 216
3 232 200 212
3 232 237 224
3 213 200 212
3 213 201 208
3 213 200 208
3 213 232 233
3 213 232 212
3 225 232 224
3 225 224 230
3 225 232 233
3 225 201 218
3 225 239 218
3 225 213 201
3 225 213 233
3 225 239 227
3 225 231 230
3 225 231 227
3 209 201 218
3 209 203 218
3 209 201 208
3 226 237 224
3 226 224 230
3 226 231 230
3 226 231 227
3 226 235 234
3 226 235 227
3 202 237 216
3 202 226 234
3 202 214 234
3 202 226 237
3 202 200 216
3 202 200 208
3 202 209 208
3 215 203 218
3 215 239 218
3 215 239 227
3 215 235 227
3 215 209 203
3 215 202 209
3 215 202 214
3 215 214 234
3 215 235 234
3 272 277 256
3 272 240 256
3 272 240 252
3 272 277 264
3 253 240 252
3 253 241 248
3 253 240 248
3 253 272 273
3 253 272 252
3 265 272 264
3 265 264 270
3 265 272 273
3 265 241 258
3 265 279 258
3 265 253 241
3 265 253 273
3 265 279 267
3 265 271 270
3 265 271 267
3 249 241 258
3 249 243 258
3 249 241 248
3 266 277 264
3 266 264 270
3 266 271 270
3 266 271 267
3 266 275 274
3 266 275 267
3 242 277 256
3 242 266 274
3 242 254 274
3 242 266 277
3 242 240 256
3 242 240 248
3 242 249 248
3 255 243 258
3 255 279 258
3 255 279 267
3 255 275 267
3 255 249 243
3 255 242 249
3 255 242 254
3 255 254 274
3 255 275 274
3 312 317 296
3 312 280 296
3 312 280 292
3 312 317 304
3 293 280 292
3 293 281 288
3 293 280 288
3 293 312 313
3 293 312 292
3 305 312 304
3 305 304 310
3 305 312 313
3 305 281 298
3 305 319 298
3 305 293 281
3 305 293 313
3 305 319 307
3 305 311 310
3 305 311 307
3 306 317 296
3 306 282 296
3 306 294 314
3 306 282 294
3 306 317 304
3 306 304 310
3 306 311 310
3 306 311 307
3 306 315 314
3 306 315 307
3 289 281 298
3 289 283 298
3 289 281 288
3 289 280 296
3 289 280 288
3 289 282 296
3 295 283 298
3 295 319 298
3 295 319 307
3 295 315 307
3 295 282 294
3 295 289 282
3 295 289 283
3 295 294 314
3 295 315 314
3 352 357 336
3 352 320 336
3 352 320 332
3 352 357 344
3 333 320 332
3 333 321 328
3 333 320 328
3 333 352 353
3 333 352 332
3 345 352 344
3 345 344 350
3 345 352 353
3 345 321 338
3 345 359 338
3 345 333 321
3 345 333 353
3 322 357 336
3 322 346 354
3 322 334 354
3 322 346 357
3 351 357 344
3 351 344 350
3 351 346 357
3 351 359 347
3 351 345 359
3 351 345 350
3 351 346 354
3 351 355 354
3 351 355 347
3 329 321 338
3 329 323 338
3 329 321 328
3 329 320 336
3 329 320 328
3 329 322 336
3 335 323 338
3 335 359 338
3 335 359 347
3 335 355 347
3 335 322 334
3 335 329 322
3 335 329 323
3 335 334 354
3 335 355 354
3 392 397 376
3 392 360 376
3 392 360 372
3 392 397 384
3 373 360 372
3 373 361 368
3 373 360 368
3 373 392 393
3 373 392 372
3 385 392 384
3 385 384 390
3 385 392 393
3 385 361 378
3 385 399 378
3 385 373 361
3 385 373 393
3 385 399 387
3 385 391 390
3 385 391 387
3 386 397 376
3 386 362 376
3 386 374 394
3 386 362 374
3 386 397 384
3 386 384 390
3 386 391 390
3 386 391 387
3 386 395 394
3 386 395 387
3 369 361 378
3 369 363 378
3 369 361 368
3 369 360 376
3 369 360 368
3 369 362 376
3 375 363 378
3 375 399 378
3 375 399 387
3 375 395 387
3 375 362 374
3 375 369 362
3 375 369 363
3 375 374 394
3 375 395 394
3 432 437 416
3 432 400 416
3 432 400 412
3 432 437 424
3 413 400 412
3 413 401 408
3 413 400 408
3 413 432 433
3 413 432 412
3 425 432 424
3 425 424 430
3 425 432 433
3 425 401 418
3 425 439 418
3 425 413 401
3 425 413 433
3 425 439 427
3 425 431 430
3 425 431 427
3 426 437 416
3 426 402 416
3 426 414 434
3 426 402 414
3 426 437 424
3 426 424 430
3 426 431 430
3 426 431 427
3 426 435 434
3 426 435 427
3 409 401 418
3 409 403 418
3 409 401 408
3 409 400 416
3 409 400 408
3 409 402 416
3 415 403 418
3 415 439 418
3 415 439 427
3 415 435 427
3 415 402 414
3 415 409 402
3 415 409 403
3 415 414 434
3 415 435 434
3 472 477 456
3 472 440 456
3 472 440 452
3 472 477 464
3 453 472 473
3 453 472 452
3 441 440 452
3 441 440 448
3 441 453 452
3 465 472 464
3 465 464 470
3 465 472 473
3 465 453 473
3 465 479 458
3 465 441 453
3 465 441 458
3 442 477 456
3 442 466 474
3 442 454 474
3 442 466 477
3 471 477 464
3 471 464 470
3 471 466 477
3 471 479 467
3 471 465 479
3 471 465 470
3 471 466 474
3 471 475 474
3 471 475 467
3 449 443 458
3 449 441 448
3 449 441 458
3 449 440 456
3 449 440 448
3 449 442 456
3 455 479 458
3 455 443 458
3 455 479 467
3 455 475 467
3 455 442 454
3 455 449 442
3 455 449 443
3 455 454 474
3 455 475 474
3 512 517 496
3 512 480 496
3 512 480 492
3 512 517 504
3 493 480 492
3 493 481 488
3 493 480 488
3 493 512 513
3 493 512 492
3 505 512 504
3 505 504 510
3 505 512 513
3 505 481 498
3 505 519 498
3 505 493 481
3 505 493 513
3 505 519 507
3 505 511 510
3 505 511 507
3 506 517 496
3 506 482 496
3 506 494 514
3 506 482 494
3 506 517 504
3 506 504 510
3 506 511 510
3 506 511 507
3 506 515 514
3 506 515 507
3 489 481 498
3 489 483 498
3 489 481 488
3 489 480 496
3 489 480 488
3 489 482 496
3 495 483 498
3 495 519 498
3 495 519 507
3 495 515 507
3 495 482 494
3 495 489 482
3 495 489 483
3 495 494 514
3 495 515 514
3 552 557 536
3 552 520 536
3 552 520 532
3 552 557 544
3 533 520 532
3 533 521 528
3 533 520 528
3 533 552 553
3 533 552 532
3 545 552 544
3 545 544 550
3 545 552 553
3 545 521 538
3 545 559 538
3 545 533 521
3 545 533 553
3 545 559 547
3 545 551 550
3 545 551 547
3 546 557 536
3 546 522 536
3 546 534 554
3 546 522 534
3 546 557 544
3 546 544 550
3 546 551 550
3 546 551 547
3 546 555 554
3 546 555 547
3 529 521 538
3 529 523 538
3 529 521 528
3 529 520 536
3 529 520 528
3 529 522 536
3 535 523 538
3 535 559 538
3 535 559 547
3 535 555 547
3 535 522 534
3 535 529 522
3 535 529 523
3 535 534 554
3 535 555 554
3 592 597 576
3 592 560 576
3 592 560 572
3 592 597 584
3 573 592 593
3 573 592 572
3 561 560 572
3 561 560 568
3 561 573 572
3 585 592 584
3 585 584 590
3 585 592 593
3 585 573 593
3 585 599 578
3 585 561 573
3 585 561 578
3 562 597 576
3 562 586 594
3 562 574 594
3 562 586 597
3 591 597 584
3 591 584 590
3 591 586 597
3 591 599 587
3 591 585 599
3 591 585 590
3 591 586 594
3 591 595 594
3 591 595 587
3 569 563 578
3 569 561 568
3 569 561 578
3 569 560 576
3 569 560 568
3 569 562 576
3 575 599 578
3 575 563 578
3 575 599 587
3 575 595 587
3 575 562 574
3 575 569 562
3 575 569 563
3 575 574 594
3 575 595 594
3 632 637 616
3 632 600 616
3 632 600 612
3 632 637 624
3 613 600 612
3 613 601 608
3 613 600 608
3 613 632 633
3 613 632 612
3 625 632 624
3 625 624 630
3 625 632 633
3 625 601 618
3 625 639 618
3 625 613 601
3 625 613 633
3 625 639 627
3 625 631 630
3 625 631 627
3 626 637 616
3 626 602 616
3 626 614 634
3 626 602 614
3 626 637 624
3 626 624 630
3 626 631 630
3 626 631 627
3 626 635 634
3 626 635 627
3 609 601 618
3 609 603 618
3 609 601 608
3 609 600 616
3 609 600 608
3 609 602 616
3 615 603 618
3 615 639 618
3 615 639 627
3 615 635 627
3 615 602 614
3 615 609 602
3 615 609 603
3 615 614 634
3 615 635 634
3 672 677 656
3 672 640 656
3 672 640 652
3 672 677 664
3 653 640 652
3 653 641 648
3 653 640 648
3 653 672 673
3 653 672 652
3 665 672 664
3 665 664 670
3 665 672 673
3 665 641 658
3 665 679 658
3 665 653 641
3 665 653 673
3 665 679 667
3 665 671 670
3 665 671 667
3 666 677 656
3 666 642 656
3 666 654 674
3 666 642 654
3 666 677 664
3 666 664 670
3 666 671 670
3 666 671 667
3 666 675 674
3 666 675 667
3 649 641 658
3 649 643 658
3 649 641 648
3 649 640 656
3 649 640 648
3 649 642 656
3 655 643 658
3 655 679 658
3 655 679 667
3 655 675 667
3 655 642 654
3 655 649 642
3 655 649 643
3 655 654 674
3 655 675 674
3 712 717 696
3 712 680 696
3 712 680 692
3 712 717 704
3 693 680 692
3 693 681 688
3 693 680 688
3 693 712 713
3 693 712 692
3 705 712 704
3 705 704 710
3 705 712 713
3 705 681 698
3 705 719 698
3 705 693 681
3 705 693 713
3 705 719 707
3 705 711 710
3 705 711 707
3 706 717 696
3 706 682 696
3 706 694 714
3 706 682 694
3 706 717 704
3 706 704 710
3 706 711 710
3 706 711 707
3 706 715 714
3 706 715 707
3 689 681 698
3 689 683 698
3 689 681 688
3 689 680 696
3 689 680 688
3 689 682 696
3 695 683 698
3 695 719 698
3 695 719 707
3 695 715 707
3 695 682 694
3 695 689 682
3 695 689 683
3 695 694 714
3 695 715 714
3 752 757 736
3 752 720 736
3 752 720 732
3 752 757 744
3 733 720 732
3 733 721 728
3 733 720 728
3 733 752 753
3 733 752 732
3 745 752 744
3 745 744 750
3 745 752 753
3 745 721 738
3 745 759 738
3 745 733 721
3 745 733 753
3 722 757 736
3 722 746 754
3 722 734 754
3 722 746 757
3 751 757 744
3 751 744 750
3 751 746 757
3 751 759 747
3 751 745 759
3 751 745 750
3 751 746 754
3 751 755 754
3 751 755 747
3 729 721 738
3 729 723 738
3 729 721 728
3 729 720 736
3 729 720 728
3 729 722 736
3 735 723 738
3 735 759 738
3 735 759 747
3 735 755 747
3 735 722 734
3 735 729 722
3 735 729 723
3 735 734 754
3 735 755 754
3 792 797 776
3 792 760 776
3 792 760 772
3 792 797 784
3 773 760 772
3 773 761 768
3 773 760 768
3 773 792 793
3 773 792 772
3 785 792 784
3 785 784 790
3 785 792 793
3 785 761 778
3 785 799 778
3 785 773 761
3 785 773 793
3 785 799 787
3 785 791 790
3 785 791 787
3 786 797 776
3 786 762 776
3 786 774 794
3 786 762 774
3 786 797 784
3 786 784 790
3 786 791 790
3 786 791 787
3 786 795 794
3 786 795 787
3 769 761 778
3 769 763 778
3 769 761 768
3 769 760 776
3 769 760 768
3 769 762 776
3 775 763 778
3 775 799 778
3 775 799 787
3 775 795 787
3 775 762 774
3 775 769 762
3 775 769 763
3 775 774 794
3 775 795 794
3 832 837 816
3 832 800 816
3 832 800 812
3 832 837 824
3 813 800 812
3 813 801 808
3 813 800 808
3 813 832 833
3 813 832 812
3 825 832 824
3 825 824 830
3 825 832 833
3 825 801 818
3 825 839 818
3 825 813 801
3 825 813 833
3 825 839 827
3 825 831 830
3 825 831 827
3 826 837 816
3 826 802 816
3 826 814 834
3 826 802 814
3 826 837 824
3 826 824 830
3 826 831 830
3 826 831 827
3 826 835 834
3 826 835 827
3 809 801 818
3 809 803 818
3 809 801 808
3 809 800 816
3 809 800 808
3 809 802 816
3 815 803 818
3 815 839 818
3 815 839 827
3 815 835 827
3 815 802 814
3 815 809 802
3 815 809 803
3 815 814 834
3 815 835 834
3 872 877 856
3 872 840 856
3 872 840 852
3 872 877 864
3 842 840 856
3 842 840 848
3 842 849 848
3 853 840 848
3 853 840 852
3 853 841 848
3 853 872 873
3 853 872 852
3 865 872 864
3 865 864 870
3 865 872 873
3 865 841 858
3 865 879 858
3 865 853 841
3 865 853 873
3 865 879 867
3 865 871 870
3 865 871 867
3 843 849 848
3 843 841 858
3 843 841 848
3 843 879 858
3 843 879 867
3 843 875 867
3 843 875 855
3 854 842 849
3 854 843 855
3 854 843 849
3 854 875 855
3 854 875 874
3 866 877 856
3 866 854 874
3 866 842 856
3 866 854 842
3 866 877 864
3 866 864 870
3 866 871 870
3 866 871 867
3 866 875 867
3 866 875 874
3 912 917 896
3 912 880 896
3 912 880 892
3 912 917 904
3 893 880 892
3 893 881 888
3 893 880 888
3 893 912 913
3 893 912 892
3 905 912 904
3 905 904 910
3 905 912 913
3 905 881 898
3 905 919 898
3 905 893 881
3 905 893 913
3 905 919 907
3 905 911 910
3 905 911 907
3 889 881 898
3 889 883 898
3 889 881 888
3 906 917 904
3 906 904 910
3 906 911 910
3 906 911 907
3 906 915 914
3 906 915 907
3 882 917 896
3 882 906 914
3 882 894 914
3 882 906 917
3 882 880 896
3 882 880 888
3 882 889 888
3 895 883 898
3 895 919 898
3 895 919 907
3 895 915 907
3 895 889 883
3 895 882 889
3 895 882 894
3 895 894 914
3 895 915 914
3 952 957 936
3 952 920 936
3 952 920 932
3 952 957 944
3 933 920 932
3 933 920 928
3 933 921 928
3 933 952 953
3 933 952 932
3 945 952 944
3 945 944 950
3 945 952 953
3 945 959 938
3 945 921 938
3 945 933 921
3 945 933 953
3 945 959 947
3 945 951 950
3 945 951 947
3 946 957 936
3 946 922 936
3 946 934 954
3 946 922 934
3 946 957 944
3 946 944 950
3 946 951 950
3 946 951 947
3 946 955 954
3 946 955 947
3 929 921 928
3 929 921 938
3 929 923 938
3 929 920 936
3 929 920 928
3 929 922 936
3 935 959 938
3 935 923 938
3 935 959 947
3 935 955 947
3 935 922 934
3 935 929 922
3 935 929 923
3 935 934 954
3 935 955 954
3 992 997 976
3 992 960 976
3 992 960 972
3 992 997 984
3 973 960 972
3 973 961 968
3 973 960 968
3 973 992 993
3 973 992 972
3 985 992 984
3 985 984 990
3 985 992 993
3 985 961 978
3 985 999 978
3 985 973 961
3 985 973 993
3 985 999 987
3 985 991 990
3 985 991 987
3 986 997 976
3 986 962 976
3 986 974 994
3 986 962 974
3 986 997 984
3 986 984 990
3 986 991 990
3 986 991 987
3 986 995 994
3 986 995 987
3 969 961 978
3 969 963 978
3 969 961 968
3 969 960 976
3 969 960 968
3 969 962 976
3 975 963 978
3 975 999 978
3 975 999 987
3 975 995 987
3 975 962 974
3 975 969 962
3 975 969 963
3 975 974 994
3 975 995 994
3 1032 1037 1016
3 1032 1000 1016
3 1032 1000 1012
3 1032 1037 1024
3 1013 1000 1012
3 1013 1001 1008
3 1013 1000 1008
3 1013 1032 1033
3 1013 1032 1012
3 1025 1032 1024
3 1025 1024 1030
3 1025 1032 1033
3 1025 1001 1018
3 1025 1039 1018
3 1025 1013 1001
3 1025 1013 1033
3 1025 1039 1027
3 1025 1031 1030
3 1025 1031 1027
3 1009 1001 1018
3 1009 1003 1018
3 1009 1001 1008
3 1026 1037 1024
3 1026 1024 1030
3 1026 1031 1030
3 1026 1031 1027
3 1026 1035 1034
3 1026 1035 1027
3 1002 1037 1016
3 1002 1026 1034
3 1002 1014 1034
3 1002 1026 1037
3 1002 1000 1016
3 1002 1000 1008
3 1002 1009 1008
3 1015 1003 1018
3 1015 1039 1018
3 1015 1039 1027
3 1015 1035 1027
3 1015 1009 1003
3 1015 1002 1009
3 1015 1002 1014
3 1015 1014 1034
3 1015 1035 1034
3 1072 1077 1056
3 1072 1040 1056
3 1072 1040 1052
3 1072 1077 1064
3 1053 1040 1052
3 1053 1041 1048
3 1053 1040 1048
3 1053 1072 1073
3 1053 1072 1052
3 1065 1072 1064
3 1065 1064 1070
3 1065 1072 1073
3 1065 1041 1058
3 1065 1079 1058
3 1065 1053 1041
3 1065 1053 1073
3 1065 1079 1067
3 1065 1071 1070
3 1065 1071 1067
3 1049 1041 1058
3 1049 1043 1058
3 1049 1041 1048
3 1066 1077 1064
3 1066 1064 1070
3 1066 1071 1070
3 1066 1071 1067
3 1066 1075 1074
3 1066 1075 1067
3 1042 1077 1056
3 1042 1066 1074
3 1042 1054 1074
3 1042 1066 1077
3 1042 1040 1056
3 1042 1040 1048
3 1042 1049 1048
3 1055 1043 1058
3 1055 1079 1058
3 1055 1079 1067
3 1055 1075 1067
3 1055 1049 1043
3 1055 1042 1049
3 1055 1042 1054
3 1055 1054 1074
3 1055 1075 1074
3 1112 1117 1096
3 1112 1080 1096
3 1112 1080 1092
3 1112 1117 1104
3 1093 1080 1092
3 1093 1081 1088
3 1093 1080 1088
3 1093 1112 1113
3 1093 1112 1092
3 1105 1112 1104
3 1105 1104 1110
3 1105 1112 1113
3 1105 1081 1098
3 1105 1119 1098
3 1105 1093 1081
3 1105 1093 1113
3 1105 1119 1107
3 1105 1111 1110
3 1105 1111 1107
3 1089 1081 1098
3 1089 1083 1098
3 1089 1081 1088
3 1106 1117 1104
3 1106 1104 1110
3 1106 1111 1110
3 1106 1111 1107
3 1106 1115 1114
3 1106 1115 1107
3 1082 1117 1096
3 1082 1106 1114
3 1082 1094 1114
3 1082 1106 1117
3 1082 1080 1096
3 1082 1080 1088
3 1082 1089 1088
3 1095 1083 1098
3 1095 1119 1098
3 1095 1119 1107
3 1095 1115 1107
3 1095 1089 1083
3 1095 1082 1089
3 1095 1082 1094
3 1095 1094 1114
3 1095 1115 1114
3 1152 1157 1136
3 1152 1120 1136
3 1152 1120 1132
3 1152 1157 1144
3 1133 1152 1153
3 1133 1152 1132
3 1121 1120 1132
3 1121 1120 1128
3 1121 1133 1132
3 1145 1152 1144
3 1145 1144 1150
3 1145 1152 1153
3 1145 1133 1153
3 1145 1159 1138
3 1145 1121 1133
3 1145 1121 1138
3 1145 1159 1147
3 1145 1151 1150
3 1145 1151 1147
3 1129 1123 1138
3 1129 1121 1128
3 1129 1121 1138
3 1146 1157 1144
3 1146 1144 1150
3 1146 1151 1150
3 1146 1151 1147
3 1146 1155 1154
3 1146 1155 1147
3 1122 1157 1136
3 1122 1146 1154
3 1122 1134 1154
3 1122 1146 1157
3 1122 1120 1136
3 1122 1120 1128
3 1122 1129 1128
3 1135 1159 1138
3 1135 1123 1138
3 1135 1159 1147
3 1135 1155 1147
3 1135 1129 1123
3 1135 1122 1129
3 1135 1122 1134
3 1135 1134 1154
3 1135 1155 1154
3 1192 1197 1176
3 1192 1160 1176
3 1192 1160 1172
3 1192 1197 1184
3 1173 1192 1193
3 1173 1192 1172
3 1161 1160 1172
3 1161 1160 1168
3 1161 1173 1172
3 1185 1192 1184
3 1185 1184 1190
3 1185 1192 1193
3 1185 1173 1193
3 1185 1199 1178
3 1185 1161 1173
3 1185 1161 1178
3 1185 1199 1187
3 1185 1191 1190
3 1185 1191 1187
3 1169 1163 1178
3 1169 1161 1168
3 1169 1161 1178
3 1186 1197 1184
3 1186 1184 1190
3 1186 1191 1190
3 1186 1191 1187
3 1186 1195 1194
3 1186 1195 1187
3 1162 1197 1176
3 1162 1186 1194
3 1162 1174 1194
3 1162 1186 1197
3 1162 1160 1176
3 1162 1160 1168
3 1162 1169 1168
3 1175 1199 1178
3 1175 1163 1178
3 1175 1199 1187
3 1175 1195 1187
3 1175 1169 1163
3 1175 1162 1169
3 1175 1162 1174
3 1175 1174 1194
3 1175 1195 1194
3 1232 1237 1216
3 1232 1200 1216
3 1232 1200 1212
3 1232 1237 1224
3 1213 1232 1233
3 1213 1232 1212
3 1201 1200 1212
3 1201 1200 1208
3 1201 1213 1212
3 1225 1232 1224
3 1225 1224 1230
3 1225 1232 1233
3 1225 1213 1233
3 1225 1239 1218
3 1225 1201 1213
3 1225 1201 1218
3 1225 1239 1227
3 1225 1231 1230
3 1225 1231 1227
3 1209 1203 1218
3 1209 1201 1208
3 1209 1201 1218
3 1226 1237 1224
3 1226 1224 1230
3 1226 1231 1230
3 1226 1231 1227
3 1226 1235 1234
3 1226 1235 1227
3 1202 1237 1216
3 1202 1226 1234
3 1202 1214 1234
3 1202 1226 1237
3 1202 1200 1216
3 1202 1200 1208
3 1202 1209 1208
3 1215 1239 1218
3 1215 1203 1218
3 1215 1239 1227
3 1215 1235 1227
3 1215 1209 1203
3 1215 1202 1209
3 1215 1202 1214
3 1215 1214 1234
3 1215 1235 1234
3 1272 1277 1256
3 1272 1240 1256
3 1272 1240 1252
3 1272 1277 1264
3 1253 1240 1252
3 1253 1241 1248
3 1253 1240 1248
3 1253 1272 1273
3 1253 1272 1252
3 1265 1272 1264
3 1265 1264 1270
3 1265 1272 1273
3 1265 1241 1258
3 1265 1279 1258
3 1265 1253 1241
3 1265 1253 1273
3 1265 1279 1267
3 1265 1271 1270
3 1265 1271 1267
3 1249 1241 1258
3 1249 1243 1258
3 1249 1241 1248
3 1266 1277 1264
3 1266 1264 1270
3 1266 1271 1270
3 1266 1271 1267
3 1266 1275 1274
3 1266 1275 1267
3 1242 1277 1256
3 1242 1266 1274
3 1242 1254 1274
3 1242 1266 1277
3 1242 1240 1256
3 1242 1240 1248
3 1242 1249 1248
3 1255 1243 1258
3 1255 1279 1258
3 1255 1279 1267
3 1255 1275 1267
3 1255 1249 1243
3 1255 1242 1249
3 1255 1242 1254
3 1255 1254 1274
3 1255 1275 1274
3 1312 1317 1296
3 1312 1280 1296
3 1312 1280 1292
3 1312 1317 1304
3 1293 1280 1292
3 1293 1281 1288
3 1293 1280 1288
3 1293 1312 1313
3 1293 1312 1292
3 1305 1312 1304
3 1305 1304 1310
3 1305 1312 1313
3 1305 1281 1298
3 1305 1319 1298
3 1305 1293 1281
3 1305 1293 1313
3 1305 1319 1307
3 1305 1311 1310
3 1305 1311 1307
3 1289 1281 1298
3 1289 1283 1298
3 1289 1281 1288
3 1306 1317 1304
3 1306 1304 1310
3 1306 1311 1310
3 1306 1311 1307
3 1306 1315 1314
3 1306 1315 1307
3 1282 1317 1296
3 1282 1306 1314
3 1282 1294 1314
3 1282 1306 1317
3 1282 1280 1296
3 1282 1280 1288
3 1282 1289 1288
3 1295 1283 1298
3 1295 1319 1298
3 1295 1319 1307
3 1295 1315 1307
3 1295 1289 1283
3 1295 1282 1289
3 1295 1282 1294
3 1295 1294 1314
3 1295 1315 1314
3 1352 1357 1336
3 1352 1320 1336
3 1352 1320 1332
3 1352 1357 1344
3 1333 1320 1332
3 1333 1321 1328
3 1333 1320 1328
3 1333 1352 1353
3 1333 1352 1332
3 1345 1352 1344
3 1345 1344 1350
3 1345 1352 1353
3 1345 1321 1338
3 1345 1359 1338
3 1345 1333 1321
3 1345 1333 1353
3 1345 1359 1347
3 1345 1351 1350
3 1345 1351 1347
3 1329 1321 1338
3 1329 1323 1338
3 1329 1321 1328
3 1346 1357 1344
3 1346 1344 1350
3 1346 1351 1350
3 1346 1351 1347
3 1346 1355 1354
3 1346 1355 1347
3 1322 1357 1336
3 1322 1346 1354
3 1322 1334 1354
3 1322 1346 1357
3 1322 1320 1336
3 1322 1320 1328
3 1322 1329 1328
3 1335 1323 1338
3 1335 1359 1338
3 1335 1359 1347
3 1335 1355 1347
3 1335 1329 1323
3 1335 1322 1329
3 1335 1322 1334
3 1335 1334 1354
3 1335 1355 1354
3 1392 1397 1376
3 1392 1360 1376
3 1392 1360 1372
3 1392 1397 1384
3 1373 1360 1372
3 1373 1361 1368
3 1373 1360 1368
3 1373 1392 1393
3 1373 1392 1372
3 1385 1392 1384
3 1385 1384 1390
3 1385 1392 1393
3 1385 1361 1378
3 1385 1399 1378
3 1385 1373 1361
3 1385 1373 1393
3 1362 1397 1376
3 1362 1386 1394
3 1362 1374 1394
3 1362 1386 1397
3 1391 1397 1384
3 1391 1384 1390
3 1391 1386 1397
3 1391 1399 1387
3 1391 1385 1399
3 1391 1385 1390
3 1391 1386 1394
3 1391 1395 1394
3 1391 1395 1387
3 1369 1361 1378
3 1369 1363 1378
3 1369 1361 1368
3 1369 1360 1376
3 1369 1360 1368
3 1369 1362 1376
3 1375 1363 1378
3 1375 1399 1378
3 1375 1399 1387
3 1375 1395 1387
3 1375 1362 1374
3 1375 1369 1362
3 1375 1369 1363
3 1375 1374 1394
3 1375 1395 1394
3 1432 1437 1416
3 1432 1400 1416
3 1432 1400 1412
3 1432 1437 1424
3 1413 1400 1412
3 1413 1400 1408
3 1413 1401 1408
3 1413 1432 1433
3 1413 1432 1412
3 1425 1432 1424
3 1425 1424 1430
3 1425 1432 1433
3 1425 1439 1418
3 1425 1401 1418
3 1425 1413 1401
3 1425 1413 1433
3 1402 1437 1416
3 1402 1426 1434
3 1402 1414 1434
3 1402 1426 1437
3 1431 1437 1424
3 1431 1424 1430
3 1431 1426 1437
3 1431 1439 1427
3 1431 1425 1439
3 1431 1425 1430
3 1431 1426 1434
3 1431 1435 1434
3 1431 1435 1427
3 1409 1401 1408
3 1409 1401 1418
3 1409 1403 1418
3 1409 1400 1416
3 1409 1400 1408
3 1409 1402 1416
3 1415 1439 1418
3 1415 1403 1418
3 1415 1439 1427
3 1415 1435 1427
3 1415 1402 1414
3 1415 1409 1402
3 1415 1409 1403
3 1415 1414 1434
3 1415 1435 1434
3 1472 1477 1456
3 1472 1440 1456
3 1472 1440 1452
3 1472 1477 1464
3 1453 1440 1452
3 1453 1441 1448
3 1453 1440 1448
3 1453 1472 1473
3 1453 1472 1452
3 1465 1472 1464
3 1465 1464 1470
3 1465 1472 1473
3 1465 1441 1458
3 1465 1479 1458
3 1465 1453 1441
3 1465 1453 1473
3 1442 1477 1456
3 1442 1466 1474
3 1442 1454 1474
3 1442 1466 1477
3 1471 1477 1464
3 1471 1464 1470
3 1471 1466 1477
3 1471 1479 1467
3 1471 1465 1479
3 1471 1465 1470
3 1471 1466 1474
3 1471 1475 1474
3 1471 1475 1467
3 1449 1441 1458
3 1449 1443 1458
3 1449 1441 1448
3 1449 1440 1456
3 1449 1440 1448
3 1449 1442 1456
3 1455 1443 1458
3 1455 1479 1458
3 1455 1479 1467
3 1455 1475 1467
3 1455 1442 1454
3 1455 1449 1442
3 1455 1449 1443
3 1455 1454 1474
3 1455 1475 1474
3 1512 1517 1496
3 1512 1480 1496
3 1512 1480 1492
3 1512 1517 1504
3 1493 1480 1492
3 1493 1481 1488
3 1493 1480 1488
3 1493 1512 1513
3 1493 1512 1492
3 1505 1512 1504
3 1505 1504 1510
3 1505 1512 1513
3 1505 1481 1498
3 1505 1519 1498
3 1505 1493 1481
3 1505 1493 1513
3 1482 1517 1496
3 1482 1506 1514
3 1482 1494 1514
3 1482 1506 1517
3 1511 1517 1504
3 1511 1504 1510
3 1511 1506 1517
3 1511 1519 1507
3 1511 1505 1519
3 1511 1505 1510
3 1511 1506 1514
3 1511 1515 1514
3 1511 1515 1507
3 1489 1481 1498
3 1489 1483 1498
3 1489 1481 1488
3 1489 1480 1496
3 1489 1480 1488
3 1489 1482 1496
3 1495 1483 1498
3 1495 1519 1498
3 1495 1519 1507
3 1495 1515 1507
3 1495 1482 1494
3 1495 1489 1482
3 1495 1489 1483
3 1495 1494 1514
3 1495 1515 1514
3 1552 1557 1536
3 1552 1520 1536
3 1552 1520 1532
3 1552 1557 1544
3 1533 1520 1532
3 1533 1521 1528
3 1533 1520 1528
3 1533 1552 1553
3 1533 1552 1532
3 1545 1552 1544
3 1545 1544 1550
3 1545 1552 1553
3 1545 1521 1538
3 1545 1559 1538
3 1545 1533 1521
3 1545 1533 1553
3 1545 1559 1547
3 1545 1551 1550
3 1545 1551 1547
3 1529 1521 1538
3 1529 1523 1538
3 1529 1521 1528
3 1546 1557 1544
3 1546 1544 1550
3 1546 1551 1550
3 1546 1551 1547
3 1546 1555 1554
3 1546 1555 1547
3 1522 1557 1536
3 1522 1546 1554
3 1522 1534 1554
3 1522 1546 1557
3 1522 1520 1536
3 1522 1520 1528
3 1522 1529 1528
3 1535 1523 1538
3 1535 1559 1538
3 1535 1559 1547
3 1535 1555 1547
3 1535 1529 1523
3 1535 1522 1529
3 1535 1522 1534
3 1535 1534 1554
3 1535 1555 1554
3 1592 1597 1576
3 1592 1560 1576
3 1592 1560 1572
3 1592 1597 1584
3 1573 1560 1572
3 1573 1561 1568
3 1573 1560 1568
3 1573 1592 1593
3 1573 1592 1572
3 1585 1592 1584
3 1585 1584 1590
3 1585 1592 1593
3 1585 1561 1578
3 1585 1599 1578
3 1585 1573 1561
3 1585 1573 1593
3 1585 1599 1587
3 1585 1591 1590
3 1585 1591 1587
3 1569 1561 1578
3 1569 1563 1578
3 1569 1561 1568
3 1586 1597 1584
3 1586 1584 1590
3 1586 1591 1590
3 1586 1591 1587
3 1586 1595 1594
3 1586 1595 1587
3 1562 1597 1576
3 1562 1586 1594
3 1562 1574 1594
3 1562 1586 1597
3 1562 1560 1576
3 1562 1560 1568
3 1562 1569 1568
3 1575 1563 1578
3 1575 1599 1578
3 1575 1599 1587
3 1575 1595 1587
3 1575 1569 1563
3 1575 1562 1569
3 1575 1562 1574
3 1575 1574 1594
3 1575 1595 1594
3 1632 1637 1616
3 1632 1600 1616
3 1632 1600 1612
3 1632 1637 1624
3 1613 1632 1633
3 1613 1632 1612
3 1601 1600 1612
3 1601 1600 1608
3 1601 1613 1612
3 1625 1632 1624
3 1625 1624 1630
3 1625 1632 1633
3 1625 1613 1633
3 1625 1639 1618
3 1625 1601 1613
3 1625 1601 1618
3 1625 1639 1627
3 1625 1631 1630
3 1625 1631 1627
3 1626 1637 1616
3 1626 1602 1616
3 1626 1614 1634
3 1626 1602 1614
3 1626 1637 1624
3 1626 1624 1630
3 1626 1631 1630
3 1626 1631 1627
3 1626 1635 1634
3 1626 1635 1627
3 1609 1603 1618
3 1609 1601 1608
3 1609 1601 1618
3 1609 1600 1616
3 1609 1600 1608
3 1609 1602 1616
3 1615 1639 1618
3 1615 1603 1618
3 1615 1639 1627
3 1615 1635 1627
3 1615 1602 1614
3 1615 1609 1602
3 1615 1609 1603
3 1615 1614 1634
3 1615 1635 1634
3 1672 1677 1656
3 1672 1640 1656
3 1672 1640 1652
3 1672 1677 1664
3 1653 1640 1652
3 1653 1641 1648
3 1653 1640 1648
3 1653 1672 1673
3 1653 1672 1652
3 1665 1672 1664
3 1665 1664 1670
3 1665 1672 1673
3 1665 1641 1658
3 1665 1679 1658
3 1665 1653 1641
3 1665 1653 1673
3 1665 1679 1667
3 1665 1671 1670
3 1665 1671 1667
3 1666 1677 1656
3 1666 1642 1656
3 1666 1654 1674
3 1666 1642 1654
3 1666 1677 1664
3 1666 1664 1670
3 1666 1671 1670
3 1666 1671 1667
3 1666 1675 1674
3 1666 1675 1667
3 1649 1641 1658
3 1649 1643 1658
3 1649 1641 1648
3 1649 1640 1656
3 1649 1640 1648
3 1649 1642 1656
3 1655 1643 1658
3 1655 1679 1658
3 1655 1679 1667
3 1655 1675 1667
3 1655 1642 1654
3 1655 1649 1642
3 1655 1649 1643
3 1655 1654 1674
3 1655 1675 1674
3 1712 1717 1696
3 1712 1680 1696
3 1712 1680 1692
3 1712 1717 1704
3 1693 1680 1692
3 1693 1681 1688
3 1693 1680 1688
3 1693 1712 1713
3 1693 1712 1692
3 1705 1712 1704
3 1705 1704 1710
3 1705 1712 1713
3 1705 1681 1698
3 1705 1719 1698
3 1705 1693 1681
3 1705 1693 1713
3 1705 1719 1707
3 1705 1711 1710
3 1705 1711 1707
3 1706 1717 1696
3 1706 1682 1696
3 1706 1694 1714
3 1706 1682 1694
3 1706 1717 1704
3 1706 1704 1710
3 1706 1711 1710
3 1706 1711 1707
3 1706 1715 1714
3 1706 1715 1707
3 1689 1681 1698
3 1689 1683 1698
3 1689 1681 1688
3 1689 1680 1696
3 1689 1680 1688
3 1689 1682 1696
3 1695 1683 1698
3 1695 1719 1698
3 1695 1719 1707
3 1695 1715 1707
3 1695 1682 1694
3 1695 1689 1682
3 1695 1689 1683
3 1695 1694 1714
3 1695 1715 1714
3 1752 1757 1736
3 1752 1720 1736
3 1752 1720 1732
3 1752 1757 1744
3 1733 1720 1732
3 1733 1721 1728
3 1733 1720 1728
3 1733 1752 1753
3 1733 1752 1732
3 1745 1752 1744
3 1745 1744 1750
3 1745 1752 1753
3 1745 1721 1738
3 1745 1759 1738
3 1745 1733 1721
3 1745 1733 1753
3 1745 1759 1747
3 1745 1751 1750
3 1745 1751 1747
3 1746 1757 1736
3 1746 1722 1736
3 1746 1734 1754
3 1746 1722 1734
3 1746 1757 1744
3 1746 1744 1750
3 1746 1751 1750
3 1746 1751 1747
3 1746 1755 1754
3 1746 1755 1747
3 1729 1721 1738
3 1729 1723 1738
3 1729 1721 1728
3 1729 1720 1736
3 1729 1720 1728
3 1729 1722 1736
3 1735 1723 1738
3 1735 1759 1738
3 1735 1759 1747
3 1735 1755 1747
3 1735 1722 1734
3 1735 1729 1722
3 1735 1729 1723
3 1735 1734 1754
3 1735 1755 1754
3 1792 1797 1776
3 1792 1760 1776
3 1792 1760 1772
3 1792 1797 1784
3 1773 1760 1772
3 1773 1761 1768
3 1773 1760 1768
3 1773 1792 1793
3 1773 1792 1772
3 1785 1792 1784
3 1785 1784 1790
3 1785 1792 1793
3 1785 1761 1778
3 1785 1799 1778
3 1785 1773 1761
3 1785 1773 1793
3 1785 1799 1787
3 1785 1791 1790
3 1785 1791 1787
3 1786 1797 1776
3 1786 1762 1776
3 1786 1774 1794
3 1786 1762 1774
3 1786 1797 1784
3 1786 1784 1790
3 1786 1791 1790
3 1786 1791 1787
3 1786 1795 1794
3 1786 1795 1787
3 1769 1761 1778
3 1769 1763 1778
3 1769 1761 1768
3 1769 1760 1776
3 1769 1760 1768
3 1769 1762 1776
3 1775 1763 1778
3 1775 1799 1778
3 1775 1799 1787
3 1775 1795 1787
3 1775 1762 1774
3 1775 1769 1762
3 1775 1769 1763
3 1775 1774 1794
3 1775 1795 1794
3 1832 1837 1816
3 1832 1800 1816
3 1832 1800 1812
3 1832 1837 1824
3 1813 1832 1833
3 1813 1832 1812
3 1801 1800 1812
3 1801 1800 1808
3 1801 1813 1812
3 1825 1832 1824
3 1825 1824 1830
3 1825 1832 1833
3 1825 1813 1833
3 1825 1839 1818
3 1825 1801 1813
3 1825 1801 1818
3 1825 1839 1827
3 1825 1831 1830
3 1825 1831 1827
3 1826 1837 1816
3 1826 1802 1816
3 1826 1814 1834
3 1826 1802 1814
3 1826 1837 1824
3 1826 1824 1830
3 1826 1831 1830
3 1826 1831 1827
3 1826 1835 1834
3 1826 1835 1827
3 1809 1803 1818
3 1809 1801 1808
3 1809 1801 1818
3 1809 1800 1816
3 1809 1800 1808
3 1809 1802 1816
3 1815 1839 1818
3 1815 1803 1818
3 1815 1839 1827
3 1815 1835 1827
3 1815 1802 1814
3 1815 1809 1802
3 1815 1809 1803
3 1815 1814 1834
3 1815 1835 1834
3 1872 1877 1856
3 1872 1840 1856
3 1872 1840 1852
3 1872 1877 1864
3 1853 1840 1852
3 1853 1841 1848
3 1853 1840 1848
3 1853 1872 1873
3 1853 1872 1852
3 1865 1872 1864
3 1865 1864 1870
3 1865 1872 1873
3 1865 1841 1858
3 1865 1879 1858
3 1865 1853 1841
3 1865 1853 1873
3 1842 1877 1856
3 1842 1866 1874
3 1842 1854 1874
3 1842 1866 1877
3 1871 1877 1864
3 1871 1864 1870
3 1871 1866 1877
3 1871 1879 1867
3 1871 1865 1879
3 1871 1865 1870
3 1871 1866 1874
3 1871 1875 1874
3 1871 1875 1867
3 1849 1841 1858
3 1849 1843 1858
3 1849 1841 1848
3 1849 1840 1856
3 1849 1840 1848
3 1849 1842 1856
3 1855 1843 1858
3 1855 1879 1858
3 1855 1879 1867
3 1855 1875 1867
3 1855 1842 1854
3 1855 1849 1842
3 1855 1849 1843
3 1855 1854 1874
3 1855 1875 1874
3 1912 1917 1896
3 1912 1880 1896
3 1912 1880 1892
3 1912 1917 1904
3 1893 1880 1892
3 1893 1881 1888
3 1893 1880 1888
3 1893 1912 1913
3 1893 1912 1892
3 1905 1912 1904
3 1905 1904 1910
3 1905 1912 1913
3 1905 1881 1898
3 1905 1919 1898
3 1905 1893 1881
3 1905 1893 1913
3 1882 1917 1896
3 1882 1906 1914
3 1882 1894 1914
3 1882 1906 1917
3 1911 1917 1904
3 1911 1904 1910
3 1911 1906 1917
3 1911 1919 1907
3 1911 1905 1919
3 1911 1905 1910
3 1911 1906 1914
3 1911 1915 1914
3 1911 1915 1907
3 1889 1881 1898
3 1889 1883 1898
3 1889 1881 1888
3 1889 1880 1896
3 1889 1880 1888
3 1889 1882 1896
3 1895 1883 1898
3 1895 1919 1898
3 1895 1919 1907
3 1895 1915 1907
3 1895 1882 1894
3 1895 1889 1882
3 1895 1889 1883
3 1895 1894 1914
3 1895 1915 1914
3 1952 1957 1936
3 1952 1920 1936
3 1952 1920 1932
3 1952 1957 1944
3 1933 1952 1953
3 1933 1952 1932
3 1921 1920 1932
3 1921 1920 1928
3 1921 1933 1932
3 1945 1952 1944
3 1945 1944 1950
3 1945 1952 1953
3 1945 1933 1953
3 1945 1959 1938
3 1945 1921 1933
3 1945 1921 1938
3 1922 1957 1936
3 1922 1946 1954
3 1922 1934 1954
3 1922 1946 1957
3 1951 1957 1944
3 1951 1944 1950
3 1951 1946 1957
3 1951 1959 1947
3 1951 1945 1959
3 1951 1945 1950
3 1951 1946 1954
3 1951 1955 1954
3 1951 1955 1947
3 1929 1923 1938
3 1929 1921 1928
3 1929 1921 1938
3 1929 1920 1936
3 1929 1920 1928
3 1929 1922 1936
3 1935 1959 1938
3 1935 1923 1938
3 1935 1959 1947
3 1935 1955 1947
3 1935 1922 1934
3 1935 1929 1922
3 1935 1929 1923
3 1935 1934 1954
3 1935 1955 1954
3 1992 1997 1976
3 1992 1960 1976
3 1992 1960 1972
3 1992 1997 1984
3 1973 1960 1972
3 1973 1961 1968
3 1973 1960 1968
3 1973 1992 1993
3 1973 1992 1972
3 1985 1992 1984
3 1985 1984 1990
3 1985 1992 1993
3 1985 1961 1978
3 1985 1999 1978
3 1985 1973 1961
3 1985 1973 1993
3 1985 1999 1987
3 1985 1991 1990
3 1985 1991 1987
3 1986 1997 1976
3 1986 1962 1976
3 1986 1974 1994
3 1986 1962 1974
3 1986 1997 1984
3 1986 1984 1990
3 1986 1991 1990
3 1986 1991 1987
3 1986 1995 1994
3 1986 1995 1987
3 1969 1961 1978
3 1969 1963 1978
3 1969 1961 1968
3 1969 1960 1976
3 1969 1960 1968
3 1969 1962 1976
3 1975 1963 1978
3 1975 1999 1978
3 1975 1999 1987
3 1975 1995 1987
3 1975 1962 1974
3 1975 1969 1962
3 1975 1969 1963
3 1975 1974 1994
3 1975 1995 1994
3 2032 2037 2016
3 2032 2000 2016
3 2032 2000 2012
3 2032 2037 2024
3 2013 2032 2033
3 2013 2032 2012
3 2001 2000 2012
3 2001 2000 2008
3 2001 2013 2012
3 2025 2032 2024
3 2025 2024 2030
3 2025 2032 2033
3 2025 2013 2033
3 2025 2039 2018
3 2025 2001 2013
3 2025 2001 2018
3 2002 2037 2016
3 2002 2026 2034
3 2002 2014 2034
3 2002 2026 2037
3 2031 2037 2024
3 2031 2024 2030
3 2031 2026 2037
3 2031 2039 2027
3 2031 2025 2039
3 2031 2025 2030
3 2031 2026 2034
3 2031 2035 2034
3 2031 2035 2027
3 2009 2003 2018
3 2009 2001 2008
3 2009 2001 2018
3 2009 2000 2016
3 2009 2000 2008
3 2009 2002 2016
3 2015 2039 2018
3 2015 2003 2018
3 2015 2039 2027
3 2015 2035 2027
3 2015 2002 2014
3 2015 2009 2002
3 2015 2009 2003
3 2015 2014 2034
3 2015 2035 2034
3 2072 2077 2056
3 2072 2040 2056
3 2072 2040 2052
3 2072 2077 2064
3 2053 2072 2073
3 2053 2072 2052
3 2041 2040 2052
3 2041 2040 2048
3 2041 2053 2052
3 2065 2072 2064
3 2065 2064 2070
3 2065 2072 2073
3 2065 2053 2073
3 2065 2079 2058
3 2065 2041 2053
3 2065 2041 2058
3 2042 2077 2056
3 2042 2066 2074
3 2042 2054 2074
3 2042 2066 2077
3 2071 2077 2064
3 2071 2064 2070
3 2071 2066 2077
3 2071 2079 2067
3 2071 2065 2079
3 2071 2065 2070
3 2071 2066 2074
3 2071 2075 2074
3 2071 2075 2067
3 2049 2043 2058
3 2049 2041 2048
3 2049 2041 2058
3 2049 2040 2056
3 2049 2040 2048
3 2049 2042 2056
3 2055 2079 2058
3 2055 2043 2058
3 2055 2079 2067
3 2055 2075 2067
3 2055 2042 2054
3 2055 2049 2042
3 2055 2049 2043
3 2055 2054 2074
3 2055 2075 2074
3 2112 2117 2096
3 2112 2080 2096
3 2112 2080 2092
3 2112 2117 2104
3 2093 2080 2092
3 2093 2081 2088
3 2093 2080 2088
3 2093 2112 2113
3 2093 2112 2092
3 2105 2112 2104
3 2105 2104 2110
3 2105 2112 2113
3 2105 2081 2098
3 2105 2119 2098
3 2105 2093 2081
3 2105 2093 2113
3 2105 2119 2107
3 2105 2111 2110
3 2105 2111 2107
3 2089 2081 2098
3 2089 2083 2098
3 2089 2081 2088
3 2106 2117 2104
3 2106 2104 2110
3 2106 2111 2110
3 2106 2111 2107
3 2106 2115 2114
3 2106 2115 2107
3 2082 2117 2096
3 2082 2106 2114
3 2082 2094 2114
3 2082 2106 2117
3 2082 2080 2096
3 2082 2080 2088
3 2082 2089 2088
3 2095 2083 2098
3 2095 2119 2098
3 2095 2119 2107
3 2095 2115 2107
3 2095 2089 2083
3 2095 2082 2089
3 2095 2082 2094
3 2095 2094 2114
3 2095 2115 2114
3 2152 2157 2136
3 2152 2120 2136
3 2152 2120 2132
3 2152 2157 2144
3 2133 2120 2132
3 2133 2121 2128
3 2133 2120 2128
3 2133 2152 2153
3 2133 2152 2132
3 2145 2152 2144
3 2145 2144 2150
3 2145 2152 2153
3 2145 2121 2138
3 2145 2159 2138
3 2145 2133 2121
3 2145 2133 2153
3 2122 2157 2136
3 2122 2146 2154
3 2122 2134 2154
3 2122 2146 2157
3 2151 2157 2144
3 2151 2144 2150
3 2151 2146 2157
3 2151 2159 2147
3 2151 2145 2159
3 2151 2145 2150
3 2151 2146 2154
3 2151 2155 2154
3 2151 2155 2147
3 2129 2121 2138
3 2129 2123 2138
3 2129 2121 2128
3 2129 2120 2136
3 2129 2120 2128
3 2129 2122 2136
3 2135 2123 2138
3 2135 2159 2138
3 2135 2159 2147
3 2135 2155 2147
3 2135 2122 2134
3 2135 2129 2122
3 2135 2129 2123
3 2135 2134 2154
3 2135 2155 2154
3 2192 2197 2176
3 2192 2160 2176
3 2192 2160 2172
3 2192 2197 2184
3 2173 2160 2172
3 2173 2161 2168
3 2173 2160 2168
3 2173 2192 2193
3 2173 2192 2172
3 2185 2192 2184
3 2185 2184 2190
3 2185 2192 2193
3 2185 2161 2178
3 2185 2199 2178
3 2185 2173 2161
3 2185 2173 2193
3 2162 2197 2176
3 2162 2186 2194
3 2162 2174 2194
3 2162 2186 2197
3 2191 2197 2184
3 2191 2184 2190
3 2191 2186 2197
3 2191 2199 2187
3 2191 2185 2199
3 2191 2185 2190
3 2191 2186 2194
3 2191 2195 2194
3 2191 2195 2187
3 2169 2161 2178
3 2169 2163 2178
3 2169 2161 2168
3 2169 2160 2176
3 2169 2160 2168
3 2169 2162 2176
3 2175 2163 2178
3 2175 2199 2178
3 2175 2199 2187
3 2175 2195 2187
3 2175 2162 2174
3 2175 2169 2162
3 2175 2169 2163
3 2175 2174 2194
3 2175 2195 2194
3 2232 2237 2216
3 2232 2200 2216
3 2232 2200 2212
3 2232 2237 2224
3 2213 2200 2212
3 2213 2201 2208
3 2213 2200 2208
3 2213 2232 2233
3 2213 2232 2212
3 2225 2232 2224
3 2225 2224 2230
3 2225 2232 2233
3 2225 2201 2218
3 2225 2239 2218
3 2225 2213 2201
3 2225 2213 2233
3 2225 2239 2227
3 2225 2231 2230
3 2225 2231 2227
3 2226 2237 2216
3 2226 2202 2216
3 2226 2214 2234
3 2226 2202 2214
3 2226 2237 2224
3 2226 2224 2230
3 2226 2231 2230
3 2226 2231 2227
3 2226 2235 2234
3 2226 2235 2227
3 2209 2201 2218
3 2209 2203 2218
3 2209 2201 2208
3 2209 2200 2216
3 2209 2200 2208
3 2209 2202 2216
3 2215 2203 2218
3 2215 2239 2218
3 2215 2239 2227
3 2215 2235 2227
3 2215 2202 2214
3 2215 2209 2202
3 2215 2209 2203
3 2215 2214 2234
3 2215 2235 2234
3 2272 2277 2256
3 2272 2240 2256
3 2272 2240 2252
3 2272 2277 2264
3 2253 2240 2252
3 2253 2241 2248
3 2253 2240 2248
3 2253 2272 2273
3 2253 2272 2252
3 2265 2272 2264
3 2265 2264 2270
3 2265 2272 2273
3 2265 2241 2258
3 2265 2279 2258
3 2265 2253 2241
3 2265 2253 2273
3 2265 2279 2267
3 2265 2271 2270
3 2265 2271 2267
3 2266 2277 2256
3 2266 2242 2256
3 2266 2254 2274
3 2266 2242 2254
3 2266 2277 2264
3 2266 2264 2270
3 2266 2271 2270
3 2266 2271 2267
3 2266 2275 2274
3 2266 2275 2267
3 2249 2241 2258
3 2249 2243 2258
3 2249 2241 2248
3 2249 2240 2256
3 2249 2240 2248
3 2249 2242 2256
3 2255 2243 2258
3 2255 2279 2258
3 2255 2279 2267
3 2255 2275 2267
3 2255 2242 2254
3 2255 2249 2242
3 2255 2249 2243
3 2255 2254 2274
3 2255 2275 2274
3 2312 2317 2296
3 2312 2280 2296
3 2312 2280 2292
3 2312 2317 2304
3 2293 2280 2292
3 2293 2281 2288
3 2293 2280 2288
3 2293 2312 2313
3 2293 2312 2292
3 2305 2312 2304
3 2305 2304 2310
3 2305 2312 2313
3 2305 2281 2298
3 2305 2319 2298
3 2305 2293 2281
3 2305 2293 2313
3 2305 2319 2307
3 2305 2311 2310
3 2305 2311 2307
3 2306 2317 2296
3 2306 2282 2296
3 2306 2294 2314
3 2306 2282 2294
3 2306 2317 2304
3 2306 2304 2310
3 2306 2311 2310
3 2306 2311 2307
3 2306 2315 2314
3 2306 2315 2307
3 2289 2281 2298
3 2289 2283 2298
3 2289 2281 2288
3 2289 2280 2296
3 2289 2280 2288
3 2289 2282 2296
3 2295 2283 2298
3 2295 2319 2298
3 2295 2319 2307
3 2295 2315 2307
3 2295 2282 2294
3 2295 2289 2282
3 2295 2289 2283
3 2295 2294 2314
3 2295 2315 2314
3 2352 2357 2336
3 2352 2320 2336
3 2352 2320 2332
3 2352 2357 2344
3 2333 2352 2353
3 2333 2352 2332
3 2321 2320 2332
3 2321 2320 2328
3 2321 2333 2332
3 2345 2352 2344
3 2345 2344 2350
3 2345 2352 2353
3 2345 2333 2353
3 2345 2359 2338
3 2345 2321 2333
3 2345 2321 2338
3 2345 2359 2347
3 2345 2351 2350
3 2345 2351 2347
3 2329 2321 2328
3 2329 2323 2338
3 2329 2321 2338
3 2346 2357 2344
3 2346 2344 2350
3 2346 2351 2350
3 2346 2351 2347
3 2346 2355 2354
3 2346 2355 2347
3 2322 2357 2336
3 2322 2346 2354
3 2322 2334 2354
3 2322 2346 2357
3 2322 2320 2336
3 2322 2320 2328
3 2322 2329 2328
3 2335 2359 2338
3 2335 2359 2347
3 2335 2323 2338
3 2335 2355 2347
3 2335 2329 2323
3 2335 2322 2329
3 2335 2322 2334
3 2335 2334 2354
3 2335 2355 2354
3 2392 2397 2376
3 2392 2360 2376
3 2392 2360 2372
3 2392 2397 2384
3 2373 2392 2393
3 2373 2392 2372
3 2361 2360 2372
3 2361 2360 2368
3 2361 2373 2372
3 2385 2392 2384
3 2385 2384 2390
3 2385 2392 2393
3 2385 2373 2393
3 2385 2399 2378
3 2385 2361 2373
3 2385 2361 2378
3 2385 2399 2387
3 2385 2391 2390
3 2385 2391 2387
3 2386 2397 2376
3 2386 2362 2376
3 2386 2374 2394
3 2386 2362 2374
3 2386 2397 2384
3 2386 2384 2390
3 2386 2391 2390
3 2386 2391 2387
3 2386 2395 2394
3 2386 2395 2387
3 2369 2361 2368
3 2369 2363 2378
3 2369 2361 2378
3 2369 2360 2376
3 2369 2360 2368
3 2369 2362 2376
3 2375 2399 2378
3 2375 2399 2387
3 2375 2363 2378
3 2375 2395 2387
3 2375 2362 2374
3 2375 2369 2362
3 2375 2369 2363
3 2375 2374 2394
3 2375 2395 2394
3 2432 2437 2416
3 2432 2400 2416
3 2432 2400 2412
3 2432 2437 2424
3 2413 2432 2433
3 2413 2432 2412
3 2402 2400 2416
3 2402 2400 2408
3 2402 2409 2408
3 2401 2400 2408
3 2401 2400 2412
3 2401 2413 2412
3 2425 2432 2424
3 2425 2424 2430
3 2425 2432 2433
3 2425 2413 2433
3 2425 2439 2418
3 2425 2401 2413
3 2425 2401 2418
3 2425 2439 2427
3 2425 2431 2430
3 2425 2431 2427
3 2403 2439 2418
3 2403 2439 2427
3 2403 2435 2427
3 2403 2435 2415
3 2403 2409 2408
3 2403 2401 2418
3 2403 2401 2408
3 2414 2402 2409
3 2414 2403 2409
3 2414 2403 2415
3 2414 2435 2415
3 2414 2435 2434
3 2426 2437 2416
3 2426 2414 2434
3 2426 2402 2416
3 2426 2414 2402
3 2426 2437 2424
3 2426 2424 2430
3 2426 2431 2430
3 2426 2431 2427
3 2426 2435 2427
3 2426 2435 2434
3 2472 2477 2456
3 2472 2440 2456
3 2472 2440 2452
3 2472 2477 2464
3 2453 2440 2448
3 2453 2440 2452
3 2453 2441 2448
3 2453 2472 2473
3 2453 2472 2452
3 2465 2472 2464
3 2465 2464 2470
3 2465 2472 2473
3 2465 2441 2458
3 2465 2479 2458
3 2465 2453 2441
3 2465 2453 2473
3 2465 2479 2467
3 2465 2471 2470
3 2465 2471 2467
3 2442 2440 2456
3 2442 2440 2448
3 2442 2449 2448
3 2466 2477 2456
3 2466 2442 2456
3 2466 2454 2474
3 2466 2442 2454
3 2466 2477 2464
3 2466 2464 2470
3 2466 2471 2470
3 2466 2471 2467
3 2466 2475 2474
3 2466 2475 2467
3 2455 2454 2474
3 2455 2475 2474
3 2443 2449 2448
3 2443 2441 2458
3 2443 2441 2448
3 2443 2479 2458
3 2443 2479 2467
3 2443 2475 2467
3 2443 2455 2475
3 2443 2442 2449
3 2443 2442 2454
3 2443 2455 2454
3 2512 2517 2496
3 2512 2480 2496
3 2512 2480 2492
3 2512 2517 2504
3 2493 2480 2488
3 2493 2480 2492
3 2493 2481 2488
3 2493 2512 2513
3 2493 2512 2492
3 2505 2512 2504
3 2505 2504 2510
3 2505 2512 2513
3 2505 2481 2498
3 2505 2519 2498
3 2505 2493 2481
3 2505 2493 2513
3 2505 2519 2507
3 2505 2511 2510
3 2505 2511 2507
3 2482 2480 2496
3 2482 2480 2488
3 2482 2489 2488
3 2506 2517 2496
3 2506 2482 2496
3 2506 2494 2514
3 2506 2482 2494
3 2506 2517 2504
3 2506 2504 2510
3 2506 2511 2510
3 2506 2511 2507
3 2506 2515 2514
3 2506 2515 2507
3 2483 2489 2488
3 2483 2481 2498
3 2483 2481 2488
3 2495 2519 2498
3 2495 2519 2507
3 2495 2515 2507
3 2495 2483 2498
3 2495 2482 2489
3 2495 2482 2494
3 2495 2483 2489
3 2495 2494 2514
3 2495 2515 2514
3 2552 2557 2536
3 2552 2520 2536
3 2552 2520 2532
3 2552 2557 2544
3 2522 2520 2536
3 2522 2520 2528
3 2522 2529 2528
3 2533 2520 2528
3 2533 2520 2532
3 2533 2521 2528
3 2533 2552 2553
3 2533 2552 2532
3 2545 2552 2544
3 2545 2544 2550
3 2545 2552 2553
3 2545 2521 2538
3 2545 2559 2538
3 2545 2533 2521
3 2545 2533 2553
3 2545 2559 2547
3 2545 2551 2550
3 2545 2551 2547
3 2523 2529 2528
3 2523 2521 2538
3 2523 2521 2528
3 2523 2559 2538
3 2523 2559 2547
3 2523 2555 2547
3 2523 2555 2535
3 2534 2522 2529
3 2534 2523 2535
3 2534 2523 2529
3 2534 2555 2535
3 2534 2555 2554
3 2546 2557 2536
3 2546 2534 2554
3 2546 2522 2536
3 2546 2534 2522
3 2546 2557 2544
3 2546 2544 2550
3 2546 2551 2550
3 2546 2551 2547
3 2546 2555 2547
3 2546 2555 2554
3 2592 2597 2576
3 2592 2560 2576
3 2592 2560 2572
3 2592 2597 2584
3 2562 2560 2576
3 2562 2560 2568
3 2562 2569 2568
3 2573 2560 2568
3 2573 2560 2572
3 2573 2561 2568
3 2573 2592 2593
3 2573 2592 2572
3 2585 2592 2584
3 2585 2584 2590
3 2585 2592 2593
3 2585 2561 2578
3 2585 2599 2578
3 2585 2573 2561
3 2585 2573 2593
3 2563 2569 2568
3 2563 2561 2578
3 2563 2561 2568
3 2563 2599 2578
3 2563 2599 2587
3 2563 2595 2587
3 2563 2595 2575
3 2574 2597 2576
3 2574 2586 2594
3 2574 2562 2576
3 2574 2586 2597
3 2574 2562 2569
3 2574 2563 2575
3 2574 2563 2569
3 2574 2595 2575
3 2574 2595 2594
3 2591 2597 2584
3 2591 2584 2590
3 2591 2586 2597
3 2591 2599 2587
3 2591 2585 2599
3 2591 2585 2590
3 2591 2586 2594
3 2591 2595 2587
3 2591 2595 2594
3 2632 2637 2616
3 2632 2600 2616
3 2632 2600 2612
3 2632 2637 2624
3 2602 2600 2616
3 2602 2600 2608
3 2602 2609 2608
3 2613 2600 2608
3 2613 2600 2612
3 2613 2601 2608
3 2613 2632 2633
3 2613 2632 2612
3 2625 2632 2624
3 2625 2624 2630
3 2625 2632 2633
3 2625 2601 2618
3 2625 2639 2618
3 2625 2613 2601
3 2625 2613 2633
3 2603 2609 2608
3 2603 2601 2618
3 2603 2601 2608
3 2603 2639 2618
3 2603 2639 2627
3 2603 2635 2627
3 2603 2635 2615
3 2614 2637 2616
3 2614 2626 2634
3 2614 2602 2616
3 2614 2626 2637
3 2614 2602 2609
3 2614 2603 2615
3 2614 2603 2609
3 2614 2635 2615
3 2614 2635 2634
3 2631 2637 2624
3 2631 2624 2630
3 2631 2626 2637
3 2631 2639 2627
3 2631 2625 2639
3 2631 2625 2630
3 2631 2626 2634
3 2631 2635 2627
3 2631 2635 2634
3 2672 2677 2656
3 2672 2640 2656
3 2672 2640 2652
3 2672 2677 2664
3 2642 2640 2656
3 2642 2640 2648
3 2642 2649 2648
3 2653 2640 2648
3 2653 2640 2652
3 2653 2641 2648
3 2653 2672 2673
3 2653 2672 2652
3 2665 2672 2664
3 2665 2664 2670
3 2665 2672 2673
3 2665 2641 2658
3 2665 2679 2658
3 2665 2653 2641
3 2665 2653 2673
3 2665 2679 2667
3 2665 2671 2670
3 2665 2671 2667
3 2643 2649 2648
3 2643 2641 2658
3 2643 2641 2648
3 2643 2679 2658
3 2643 2679 2667
3 2643 2675 2667
3 2643 2675 2655
3 2654 2642 2649
3 2654 2643 2655
3 2654 2643 2649
3 2654 2675 2655
3 2654 2675 2674
3 2666 2677 2656
3 2666 2654 2674
3 2666 2642 2656
3 2666 2654 2642
3 2666 2677 2664
3 2666 2664 2670
3 2666 2671 2670
3 2666 2671 2667
3 2666 2675 2667
3 2666 2675 2674
3 2712 2717 2696
3 2712 2680 2696
3 2712 2680 2692
3 2712 2717 2704
3 2693 2712 2713
3 2693 2712 2692
3 2681 2680 2688
3 2681 2680 2692
3 2681 2693 2692
3 2705 2712 2704
3 2705 2704 2710
3 2705 2712 2713
3 2705 2693 2713
3 2705 2719 2698
3 2705 2681 2693
3 2705 2681 2698
3 2705 2719 2707
3 2705 2711 2710
3 2705 2711 2707
3 2682 2680 2696
3 2682 2680 2688
3 2682 2689 2688
3 2706 2717 2696
3 2706 2682 2696
3 2706 2694 2714
3 2706 2682 2694
3 2706 2717 2704
3 2706 2704 2710
3 2706 2711 2710
3 2706 2711 2707
3 2706 2715 2714
3 2706 2715 2707
3 2683 2689 2688
3 2683 2681 2698
3 2683 2681 2688
3 2695 2719 2698
3 2695 2719 2707
3 2695 2715 2707
3 2695 2683 2698
3 2695 2682 2689
3 2695 2682 2694
3 2695 2683 2689
3 2695 2694 2714
3 2695 2715 2714
3 2752 2757 2736
3 2752 2720 2736
3 2752 2720 2732
3 2752 2757 2744
3 2722 2720 2736
3 2722 2720 2728
3 2722 2729 2728
3 2733 2720 2728
3 2733 2720 2732
3 2733 2721 2728
3 2733 2752 2753
3 2733 2752 2732
3 2745 2752 2744
3 2745 2744 2750
3 2745 2752 2753
3 2745 2721 2738
3 2745 2759 2738
3 2745 2733 2721
3 2745 2733 2753
3 2745 2759 2747
3 2745 2751 2750
3 2745 2751 2747
3 2723 2729 2728
3 2723 2721 2738
3 2723 2721 2728
3 2723 2759 2738
3 2723 2759 2747
3 2723 2755 2747
3 2723 2755 2735
3 2734 2722 2729
3 2734 2723 2735
3 2734 2723 2729
3 2734 2755 2735
3 2734 2755 2754
3 2746 2757 2736
3 2746 2734 2754
3 2746 2722 2736
3 2746 2734 2722
3 2746 2757 2744
3 2746 2744 2750
3 2746 2751 2750
3 2746 2751 2747
3 2746 2755 2747
3 2746 2755 2754
3 2792 2797 2776
3 2792 2760 2776
3 2792 2760 2772
3 2792 2797 2784
3 2773 2760 2768
3 2773 2760 2772
3 2773 2761 2768
3 2773 2792 2793
3 2773 2792 2772
3 2785 2792 2784
3 2785 2784 2790
3 2785 2792 2793
3 2785 2761 2778
3 2785 2799 2778
3 2785 2773 2761
3 2785 2773 2793
3 2785 2799 2787
3 2785 2791 2790
3 2785 2791 2787
3 2762 2760 2776
3 2762 2760 2768
3 2762 2769 2768
3 2786 2797 2776
3 2786 2762 2776
3 2786 2774 2794
3 2786 2762 2774
3 2786 2797 2784
3 2786 2784 2790
3 2786 2791 2790
3 2786 2791 2787
3 2786 2795 2794
3 2786 2795 2787
3 2763 2769 2768
3 2763 2761 2778
3 2763 2761 2768
3 2775 2799 2778
3 2775 2799 2787
3 2775 2795 2787
3 2775 2763 2778
3 2775 2762 2769
3 2775 2762 2774
3 2775 2763 2769
3 2775 2774 2794
3 2775 2795 2794
3 2832 2837 2816
3 2832 2800 2816
3 2832 2800 2812
3 2832 2837 2824
3 2813 2832 2833
3 2813 2832 2812
3 2801 2800 2808
3 2801 2800 2812
3 2801 2813 2812
3 2825 2832 2824
3 2825 2824 2830
3 2825 2832 2833
3 2825 2813 2833
3 2825 2839 2818
3 2825 2801 2813
3 2825 2801 2818
3 2825 2839 2827
3 2825 2831 2830
3 2825 2831 2827
3 2802 2800 2816
3 2802 2800 2808
3 2802 2809 2808
3 2826 2837 2816
3 2826 2802 2816
3 2826 2814 2834
3 2826 2802 2814
3 2826 2837 2824
3 2826 2824 2830
3 2826 2831 2830
3 2826 2831 2827
3 2826 2835 2834
3 2826 2835 2827
3 2803 2809 2808
3 2803 2801 2818
3 2803 2801 2808
3 2815 2839 2818
3 2815 2839 2827
3 2815 2835 2827
3 2815 2803 2818
3 2815 2802 2809
3 2815 2802 2814
3 2815 2803 2809
3 2815 2814 2834
3 2815 2835 2834
3 2872 2877 2856
3 2872 2840 2856
3 2872 2840 2852
3 2872 2877 2864
3 2853 2840 2852
3 2853 2840 2848
3 2853 2841 2848
3 2853 2872 2873
3 2853 2872 2852
3 2865 2872 2864
3 2865 2864 2870
3 2865 2872 2873
3 2865 2879 2858
3 2865 2841 2858
3 2865 2853 2841
3 2865 2853 2873
3 2865 2879 2867
3 2865 2871 2870
3 2865 2871 2867
3 2849 2841 2848
3 2849 2841 2858
3 2849 2843 2858
3 2866 2877 2864
3 2866 2864 2870
3 2866 2871 2870
3 2866 2871 2867
3 2866 2875 2874
3 2866 2875 2867
3 2842 2877 2856
3 2842 2866 2874
3 2842 2854 2874
3 2842 2866 2877
3 2842 2840 2856
3 2842 2840 2848
3 2842 2849 2848
3 2855 2879 2858
3 2855 2843 2858
3 2855 2879 2867
3 2855 2875 2867
3 2855 2849 2843
3 2855 2842 2849
3 2855 2842 2854
3 2855 2854 2874
3 2855 2875 2874
3 2912 2917 2896
3 2912 2880 2896
3 2912 2880 2892
3 2912 2917 2904
3 2893 2880 2892
3 2893 2881 2888
3 2893 2880 2888
3 2893 2912 2913
3 2893 2912 2892
3 2905 2912 2904
3 2905 2904 2910
3 2905 2912 2913
3 2905 2881 2898
3 2905 2919 2898
3 2905 2893 2881
3 2905 2893 2913
3 2882 2917 2896
3 2882 2906 2914
3 2882 2894 2914
3 2882 2906 2917
3 2911 2917 2904
3 2911 2904 2910
3 2911 2906 2917
3 2911 2919 2907
3 2911 2905 2919
3 2911 2905 2910
3 2911 2906 2914
3 2911 2915 2914
3 2911 2915 2907
3 2889 2881 2898
3 2889 2883 2898
3 2889 2881 2888
3 2889 2880 2896
3 2889 2880 2888
3 2889 2882 2896
3 2895 2883 2898
3 2895 2919 2898
3 2895 2919 2907
3 2895 2915 2907
3 2895 2882 2894
3 2895 2889 2882
3 2895 2889 2883
3 2895 2894 2914
3 2895 2915 2914
3 2952 2957 2936
3 2952 2920 2936
3 2952 2920 2932
3 2952 2957 2944
3 2933 2920 2932
3 2933 2921 2928
3 2933 2920 2928
3 2933 2952 2953
3 2933 2952 2932
3 2945 2952 2944
3 2945 2944 2950
3 2945 2952 2953
3 2945 2921 2938
3 2945 2959 2938
3 2945 2933 2921
3 2945 2933 2953
3 2922 2957 2936
3 2922 2946 2954
3 2922 2934 2954
3 2922 2946 2957
3 2951 2957 2944
3 2951 2944 2950
3 2951 2946 2957
3 2951 2959 2947
3 2951 2945 2959
3 2951 2945 2950
3 2951 2946 2954
3 2951 2955 2954
3 2951 2955 2947
3 2929 2921 2938
3 2929 2923 2938
3 2929 2921 2928
3 2929 2920 2936
3 2929 2920 2928
3 2929 2922 2936
3 2935 2923 2938
3 2935 2959 2938
3 2935 2959 2947
3 2935 2955 2947
3 2935 2922 2934
3 2935 2929 2922
3 2935 2929 2923
3 2935 2934 2954
3 2935 2955 2954
3 2992 2997 2976
3 2992 2960 2976
3 2992 2960 2972
3 2992 2997 2984
3 2973 2960 2972
3 2973 2961 2968
3 2973 2960 2968
3 2973 2992 2993
3 2973 2992 2972
3 2985 2992 2984
3 2985 2984 2990
3 2985 2992 2993
3 2985 2961 2978
3 2985 2999 2978
3 2985 2973 2961
3 2985 2973 2993
3 2962 2997 2976
3 2962 2986 2994
3 2962 2974 2994
3 2962 2986 2997
3 2991 2997 2984
3 2991 2984 2990
3 2991 2986 2997
3 2991 2999 2987
3 2991 2985 2999
3 2991 2985 2990
3 2991 2986 2994
3 2991 2995 2994
3 2991 2995 2987
3 2969 2961 2978
3 2969 2963 2978
3 2969 2961 2968
3 2969 2960 2976
3 2969 2960 2968
3 2969 2962 2976
3 2975 2963 2978
3 2975 2999 2978
3 2975 2999 2987
3 2975 2995 2987
3 2975 2962 2974
3 2975 2969 2962
3 2975 2969 2963
3 2975 2974 2994
3 2975 2995 2994
3 3032 3037 3016
3 3032 3000 3016
3 3032 3000 3012
3 3032 3037 3024
3 3002 3000 3016
3 3002 3000 3008
3 3002 3009 3008
3 3013 3000 3008
3 3013 3000 3012
3 3013 3001 3008
3 3013 3032 3033
3 3013 3032 3012
3 3025 3032 3024
3 3025 3024 3030
3 3025 3032 3033
3 3025 3001 3018
3 3025 3039 3018
3 3025 3013 3001
3 3025 3013 3033
3 3003 3009 3008
3 3003 3001 3018
3 3003 3001 3008
3 3003 3039 3018
3 3003 3039 3027
3 3003 3035 3027
3 3003 3035 3015
3 3014 3037 3016
3 3014 3026 3034
3 3014 3002 3016
3 3014 3026 3037
3 3014 3002 3009
3 3014 3003 3015
3 3014 3003 3009
3 3014 3035 3015
3 3014 3035 3034
3 3031 3037 3024
3 3031 3024 3030
3 3031 3026 3037
3 3031 3039 3027
3 3031 3025 3039
3 3031 3025 3030
3 3031 3026 3034
3 3031 3035 3027
3 3031 3035 3034
3 3072 3077 3056
3 3072 3040 3056
3 3072 3040 3052
3 3072 3077 3064
3 3053 3040 3052
3 3053 3041 3048
3 3053 3040 3048
3 3053 3072 3073
3 3053 3072 3052
3 3065 3072 3064
3 3065 3064 3070
3 3065 3072 3073
3 3065 3041 3058
3 3065 3079 3058
3 3065 3053 3041
3 3065 3053 3073
3 3065 3079 3067
3 3065 3071 3070
3 3065 3071 3067
3 3066 3077 3056
3 3066 3042 3056
3 3066 3054 3074
3 3066 3042 3054
3 3066 3077 3064
3 3066 3064 3070
3 3066 3071 3070
3 3066 3071 3067
3 3066 3075 3074
3 3066 3075 3067
3 3049 3041 3058
3 3049 3043 3058
3 3049 3041 3048
3 3049 3040 3056
3 3049 3040 3048
3 3049 3042 3056
3 3055 3043 3058
3 3055 3079 3058
3 3055 3079 3067
3 3055 3075 3067
3 3055 3042 3054
3 3055 3049 3042
3 3055 3049 3043
3 3055 3054 3074
3 3055 3075 3074
3 3112 3117 3096
3 3112 3080 3096
3 3112 3080 3092
3 3112 3117 3104
3 3082 3080 3096
3 3082 3080 3088
3 3082 3089 3088
3 3093 3080 3088
3 3093 3080 3092
3 3093 3081 3088
3 3093 3112 3113
3 3093 3112 3092
3 3105 3112 3104
3 3105 3104 3110
3 3105 3112 3113
3 3105 3081 3098
3 3105 3119 3098
3 3105 3093 3081
3 3105 3093 3113
3 3105 3119 3107
3 3105 3111 3110
3 3105 3111 3107
3 3083 3089 3088
3 3083 3081 3098
3 3083 3081 3088
3 3083 3119 3098
3 3083 3119 3107
3 3083 3115 3107
3 3083 3115 3095
3 3094 3082 3089
3 3094 3083 3095
3 3094 3083 3089
3 3094 3115 3095
3 3094 3115 3114
3 3106 3117 3096
3 3106 3094 3114
3 3106 3082 3096
3 3106 3094 3082
3 3106 3117 3104
3 3106 3104 3110
3 3106 3111 3110
3 3106 3111 3107
3 3106 3115 3107
3 3106 3115 3114
3 3152 3157 3136
3 3152 3120 3136
3 3152 3120 3132
3 3152 3157 3144
3 3133 3152 3153
3 3133 3152 3132
3 3122 3120 3136
3 3122 3120 3128
3 3122 3129 3128
3 3121 3120 3128
3 3121 3120 3132
3 3121 3133 3132
3 3145 3152 3144
3 3145 3144 3150
3 3145 3152 3153
3 3145 3133 3153
3 3145 3159 3138
3 3145 3121 3133
3 3145 3121 3138
3 3145 3159 3147
3 3145 3151 3150
3 3145 3151 3147
3 3123 3159 3138
3 3123 3159 3147
3 3123 3155 3147
3 3123 3155 3135
3 3123 3129 3128
3 3123 3121 3138
3 3123 3121 3128
3 3134 3122 3129
3 3134 3123 3129
3 3134 3123 3135
3 3134 3155 3135
3 3134 3155 3154
3 3146 3157 3136
3 3146 3134 3154
3 3146 3122 3136
3 3146 3134 3122
3 3146 3157 3144
3 3146 3144 3150
3 3146 3151 3150
3 3146 3151 3147
3 3146 3155 3147
3 3146 3155 3154
3 3192 3197 3176
3 3192 3160 3176
3 3192 3160 3172
3 3192 3197 3184
3 3173 3160 3168
3 3173 3160 3172
3 3173 3161 3168
3 3173 3192 3193
3 3173 3192 3172
3 3185 3192 3184
3 3185 3184 3190
3 3185 3192 3193
3 3185 3161 3178
3 3185 3199 3178
3 3185 3173 3161
3 3185 3173 3193
3 3162 3160 3176
3 3162 3160 3168
3 3162 3169 3168
3 3162 3197 3176
3 3162 3186 3194
3 3162 3174 3194
3 3162 3186 3197
3 3191 3197 3184
3 3191 3184 3190
3 3191 3186 3197
3 3191 3185 3199
3 3191 3185 3190
3 3191 3199 3187
3 3191 3186 3194
3 3191 3195 3194
3 3191 3195 3187
3 3163 3169 3168
3 3163 3161 3178
3 3163 3161 3168
3 3175 3199 3178
3 3175 3199 3187
3 3175 3195 3187
3 3175 3163 3178
3 3175 3162 3169
3 3175 3162 3174
3 3175 3163 3169
3 3175 3174 3194
3 3175 3195 3194
3 3232 3237 3216
3 3232 3200 3216
3 3232 3200 3212
3 3232 3237 3224
3 3213 3232 3233
3 3213 3232 3212
3 3202 3200 3216
3 3202 3200 3208
3 3202 3209 3208
3 3201 3200 3208
3 3201 3200 3212
3 3201 3213 3212
3 3225 3232 3224
3 3225 3224 3230
3 3225 3232 3233
3 3225 3213 3233
3 3225 3239 3218
3 3225 3201 3213
3 3225 3201 3218
3 3225 3239 3227
3 3225 3231 3230
3 3225 3231 3227
3 3203 3239 3218
3 3203 3239 3227
3 3203 3235 3227
3 3203 3235 3215
3 3203 3209 3208
3 3203 3201 3218
3 3203 3201 3208
3 3214 3202 3209
3 3214 3203 3209
3 3214 3203 3215
3 3214 3235 3215
3 3214 3235 3234
3 3226 3237 3216
3 3226 3214 3234
3 3226 3202 3216
3 3226 3214 3202
3 3226 3237 3224
3 3226 3224 3230
3 3226 3231 3230
3 3226 3231 3227
3 3226 3235 3227
3 3226 3235 3234
3 3272 3277 3256
3 3272 3240 3256
3 3272 3240 3252
3 3272 3277 3264
3 3253 3272 3273
3 3253 3272 3252
3 3242 3240 3256
3 3242 3240 3248
3 3242 3249 3248
3 3241 3240 3248
3 3241 3240 3252
3 3241 3253 3252
3 3265 3272 3264
3 3265 3264 3270
3 3265 3272 3273
3 3265 3253 3273
3 3265 3279 3258
3 3265 3241 3253
3 3265 3241 3258
3 3243 3279 3258
3 3243 3279 3267
3 3243 3275 3267
3 3243 3275 3255
3 3243 3249 3248
3 3243 3241 3258
3 3243 3241 3248
3 3254 3277 3256
3 3254 3266 3274
3 3254 3242 3256
3 3254 3266 3277
3 3254 3242 3249
3 3254 3243 3249
3 3254 3243 3255
3 3254 3275 3255
3 3254 3275 3274
3 3271 3277 3264
3 3271 3264 3270
3 3271 3266 3277
3 3271 3279 3267
3 3271 3265 3279
3 3271 3265 3270
3 3271 3266 3274
3 3271 3275 3267
3 3271 3275 3274
3 3312 3317 3296
3 3312 3280 3296
3 3312 3280 3292
3 3312 3317 3304
3 3293 3280 3292
3 3293 3281 3288
3 3293 3280 3288
3 3293 3312 3313
3 3293 3312 3292
3 3305 3312 3304
3 3305 3304 3310
3 3305 3312 3313
3 3305 3281 3298
3 3305 3319 3298
3 3305 3293 3281
3 3305 3293 3313
3 3282 3317 3296
3 3282 3306 3314
3 3282 3294 3314
3 3282 3306 3317
3 3311 3317 3304
3 3311 3304 3310
3 3311 3306 3317
3 3311 3319 3307
3 3311 3305 3319
3 3311 3305 3310
3 3311 3306 3314
3 3311 3315 3314
3 3311 3315 3307
3 3289 3281 3298
3 3289 3283 3298
3 3289 3281 3288
3 3289 3280 3296
3 3289 3280 3288
3 3289 3282 3296
3 3295 3283 3298
3 3295 3319 3298
3 3295 3319 3307
3 3295 3315 3307
3 3295 3282 3294
3 3295 3289 3282
3 3295 3289 3283
3 3295 3294 3314
3 3295 3315 3314
3 3352 3357 3336
3 3352 3320 3336
3 3352 3320 3332
3 3352 3357 3344
3 3333 3320 3332
3 3333 3321 3328
3 3333 3320 3328
3 3333 3352 3353
3 3333 3352 3332
3 3345 3352 3344
3 3345 3344 3350
3 3345 3352 3353
3 3345 3321 3338
3 3345 3359 3338
3 3345 3333 3321
3 3345 3333 3353
3 3322 3357 3336
3 3322 3346 3354
3 3322 3334 3354
3 3322 3346 3357
3 3351 3357 3344
3 3351 3344 3350
3 3351 3346 3357
3 3351 3359 3347
3 3351 3345 3359
3 3351 3345 3350
3 3351 3346 3354
3 3351 3355 3354
3 3351 3355 3347
3 3329 3321 3338
3 3329 3323 3338
3 3329 3321 3328
3 3329 3320 3336
3 3329 3320 3328
3 3329 3322 3336
3 3335 3323 3338
3 3335 3359 3338
3 3335 3359 3347
3 3335 3355 3347
3 3335 3322 3334
3 3335 3329 3322
3 3335 3329 3323
3 3335 3334 3354
3 3335 3355 3354
3 3392 3397 3376
3 3392 3360 3376
3 3392 3360 3372
3 3392 3397 3384
3 3373 3392 3393
3 3373 3392 3372
3 3361 3360 3372
3 3361 3360 3368
3 3361 3373 3372
3 3385 3392 3384
3 3385 3384 3390
3 3385 3392 3393
3 3385 3373 3393
3 3385 3399 3378
3 3385 3361 3373
3 3385 3361 3378
3 3362 3397 3376
3 3362 3386 3394
3 3362 3374 3394
3 3362 3386 3397
3 3391 3397 3384
3 3391 3384 3390
3 3391 3386 3397
3 3391 3399 3387
3 3391 3385 3399
3 3391 3385 3390
3 3391 3386 3394
3 3391 3395 3394
3 3391 3395 3387
3 3369 3363 3378
3 3369 3361 3368
3 3369 3361 3378
3 3369 3360 3376
3 3369 3360 3368
3 3369 3362 3376
3 3375 3399 3378
3 3375 3363 3378
3 3375 3399 3387
3 3375 3395 3387
3 3375 3362 3374
3 3375 3369 3362
3 3375 3369 3363
3 3375 3374 3394
3 3375 3395 3394
3 3432 3437 3416
3 3432 3400 3416
3 3432 3400 3412
3 3432 3437 3424
3 3413 3400 3412
3 3413 3401 3408
3 3413 3400 3408
3 3413 3432 3433
3 3413 3432 3412
3 3425 3432 3424
3 3425 3424 3430
3 3425 3432 3433
3 3425 3401 3418
3 3425 3439 3418
3 3425 3413 3401
3 3425 3413 3433
3 3425 3439 3427
3 3425 3431 3430
3 3425 3431 3427
3 3426 3437 3416
3 3426 3402 3416
3 3426 3414 3434
3 3426 3402 3414
3 3426 3437 3424
3 3426 3424 3430
3 3426 3431 3430
3 3426 3431 3427
3 3426 3435 3434
3 3426 3435 3427
3 3409 3401 3418
3 3409 3403 3418
3 3409 3401 3408
3 3409 3400 3416
3 3409 3400 3408
3 3409 3402 3416
3 3415 3403 3418
3 3415 3439 3418
3 3415 3439 3427
3 3415 3435 3427
3 3415 3402 3414
3 3415 3409 3402
3 3415 3409 3403
3 3415 3414 3434
3 3415 3435 3434
3 3472 3477 3456
3 3472 3440 3456
3 3472 3440 3452
3 3472 3477 3464
3 3453 3440 3452
3 3453 3441 3448
3 3453 3440 3448
3 3453 3472 3473
3 3453 3472 3452
3 3465 3472 3464
3 3465 3464 3470
3 3465 3472 3473
3 3465 3441 3458
3 3465 3479 3458
3 3465 3453 3441
3 3465 3453 3473
3 3442 3477 3456
3 3442 3466 3474
3 3442 3454 3474
3 3442 3466 3477
3 3471 3477 3464
3 3471 3464 3470
3 3471 3466 3477
3 3471 3479 3467
3 3471 3465 3479
3 3471 3465 3470
3 3471 3466 3474
3 3471 3475 3474
3 3471 3475 3467
3 3449 3441 3458
3 3449 3443 3458
3 3449 3441 3448
3 3449 3440 3456
3 3449 3440 3448
3 3449 3442 3456
3 3455 3443 3458
3 3455 3479 3458
3 3455 3479 3467
3 3455 3475 3467
3 3455 3442 3454
3 3455 3449 3442
3 3455 3449 3443
3 3455 3454 3474
3 3455 3475 3474
3 3512 3517 3496
3 3512 3480 3496
3 3512 3480 3492
3 3512 3517 3504
3 3493 3480 3492
3 3493 3481 3488
3 3493 3480 3488
3 3493 3512 3513
3 3493 3512 3492
3 3505 3512 3504
3 3505 3504 3510
3 3505 3512 3513
3 3505 3481 3498
3 3505 3519 3498
3 3505 3493 3481
3 3505 3493 3513
3 3482 3517 3496
3 3482 3506 3514
3 3482 3494 3514
3 3482 3506 3517
3 3511 3517 3504
3 3511 3504 3510
3 3511 3506 3517
3 3511 3519 3507
3 3511 3505 3519
3 3511 3505 3510
3 3511 3506 3514
3 3511 3515 3514
3 3511 3515 3507
3 3489 3481 3498
3 3489 3483 3498
3 3489 3481 3488
3 3489 3480 3496
3 3489 3480 3488
3 3489 3482 3496
3 3495 3483 3498
3 3495 3519 3498
3 3495 3519 3507
3 3495 3515 3507
3 3495 3482 3494
3 3495 3489 3482
3 3495 3489 3483
3 3495 3494 3514
3 3495 3515 3514
3 3552 3557 3536
3 3552 3520 3536
3 3552 3520 3532
3 3552 3557 3544
3 3533 3520 3532
3 3533 3521 3528
3 3533 3520 3528
3 3533 3552 3553
3 3533 3552 3532
3 3545 3552 3544
3 3545 3544 3550
3 3545 3552 3553
3 3545 3521 3538
3 3545 3559 3538
3 3545 3533 3521
3 3545 3533 3553
3 3545 3559 3547
3 3545 3551 3550
3 3545 3551 3547
3 3546 3557 3536
3 3546 3522 3536
3 3546 3534 3554
3 3546 3522 3534
3 3546 3557 3544
3 3546 3544 3550
3 3546 3551 3550
3 3546 3551 3547
3 3546 3555 3554
3 3546 3555 3547
3 3529 3521 3538
3 3529 3523 3538
3 3529 3521 3528
3 3529 3520 3536
3 3529 3520 3528
3 3529 3522 3536
3 3535 3523 3538
3 3535 3559 3538
3 3535 3559 3547
3 3535 3555 3547
3 3535 3522 3534
3 3535 3529 3522
3 3535 3529 3523
3 3535 3534 3554
3 3535 3555 3554
3 3592 3597 3576
3 3592 3560 3576
3 3592 3560 3572
3 3592 3597 3584
3 3573 3592 3593
3 3573 3592 3572
3 3561 3560 3572
3 3561 3560 3568
3 3561 3573 3572
3 3585 3592 3584
3 3585 3584 3590
3 3585 3592 3593
3 3585 3573 3593
3 3585 3599 3578
3 3585 3561 3573
3 3585 3561 3578
3 3585 3599 3587
3 3585 3591 3590
3 3585 3591 3587
3 3586 3597 3576
3 3586 3562 3576
3 3586 3574 3594
3 3586 3562 3574
3 3586 3597 3584
3 3586 3584 3590
3 3586 3591 3590
3 3586 3591 3587
3 3586 3595 3594
3 3586 3595 3587
3 3569 3561 3568
3 3569 3563 3578
3 3569 3561 3578
3 3569 3560 3576
3 3569 3560 3568
3 3569 3562 3576
3 3575 3599 3578
3 3575 3599 3587
3 3575 3563 3578
3 3575 3595 3587
3 3575 3562 3574
3 3575 3569 3562
3 3575 3569 3563
3 3575 3574 3594
3 3575 3595 3594
3 3632 3637 3616
3 3632 3600 3616
3 3632 3600 3612
3 3632 3637 3624
3 3613 3600 3612
3 3613 3600 3608
3 3613 3601 3608
3 3613 3632 3633
3 3613 3632 3612
3 3625 3632 3624
3 3625 3624 3630
3 3625 3632 3633
3 3625 3639 3618
3 3625 3601 3618
3 3625 3613 3601
3 3625 3613 3633
3 3602 3637 3616
3 3602 3626 3634
3 3602 3614 3634
3 3602 3626 3637
3 3631 3637 3624
3 3631 3624 3630
3 3631 3626 3637
3 3631 3639 3627
3 3631 3625 3639
3 3631 3625 3630
3 3631 3626 3634
3 3631 3635 3634
3 3631 3635 3627
3 3609 3601 3608
3 3609 3601 3618
3 3609 3603 3618
3 3609 3600 3616
3 3609 3600 3608
3 3609 3602 3616
3 3615 3639 3618
3 3615 3603 3618
3 3615 3639 3627
3 3615 3635 3627
3 3615 3602 3614
3 3615 3609 3602
3 3615 3609 3603
3 3615 3614 3634
3 3615 3635 3634
3 3672 3677 3656
3 3672 3640 3656
3 3672 3640 3652
3 3672 3677 3664
3 3653 3640 3652
3 3653 3641 3648
3 3653 3640 3648
3 3653 3672 3673
3 3653 3672 3652
3 3665 3672 3664
3 3665 3664 3670
3 3665 3672 3673
3 3665 3641 3658
3 3665 3679 3658
3 3665 3653 3641
3 3665 3653 3673
3 3642 3677 3656
3 3642 3666 3674
3 3642 3654 3674
3 3642 3666 3677
3 3671 3677 3664
3 3671 3664 3670
3 3671 3666 3677
3 3671 3679 3667
3 3671 3665 3679
3 3671 3665 3670
3 3671 3666 3674
3 3671 3675 3674
3 3671 3675 3667
3 3649 3641 3658
3 3649 3643 3658
3 3649 3641 3648
3 3649 3640 3656
3 3649 3640 3648
3 3649 3642 3656
3 3655 3643 3658
3 3655 3679 3658
3 3655 3679 3667
3 3655 3675 3667
3 3655 3642 3654
3 3655 3649 3642
3 3655 3649 3643
3 3655 3654 3674
3 3655 3675 3674
3 3712 3717 3696
3 3712 3680 3696
3 3712 3680 3692
3 3712 3717 3704
3 3693 3680 3692
3 3693 3680 3688
3 3693 3681 3688
3 3693 3712 3713
3 3693 3712 3692
3 3705 3712 3704
3 3705 3704 3710
3 3705 3712 3713
3 3705 3719 3698
3 3705 3681 3698
3 3705 3693 3681
3 3705 3693 3713
3 3682 3717 3696
3 3682 3706 3714
3 3682 3694 3714
3 3682 3706 3717
3 3711 3717 3704
3 3711 3704 3710
3 3711 3706 3717
3 3711 3719 3707
3 3711 3705 3719
3 3711 3705 3710
3 3711 3706 3714
3 3711 3715 3714
3 3711 3715 3707
3 3689 3681 3688
3 3689 3681 3698
3 3689 3683 3698
3 3689 3680 3696
3 3689 3680 3688
3 3689 3682 3696
3 3695 3719 3698
3 3695 3683 3698
3 3695 3719 3707
3 3695 3715 3707
3 3695 3682 3694
3 3695 3689 3682
3 3695 3689 3683
3 3695 3694 3714
3 3695 3715 3714
3 3752 3757 3736
3 3752 3720 3736
3 3752 3720 3732
3 3752 3757 3744
3 3733 3720 3732
3 3733 3720 3728
3 3733 3721 3728
3 3733 3752 3753
3 3733 3752 3732
3 3745 3752 3744
3 3745 3744 3750
3 3745 3752 3753
3 3745 3759 3738
3 3745 3721 3738
3 3745 3733 3721
3 3745 3733 3753
3 3722 3757 3736
3 3722 3746 3754
3 3722 3734 3754
3 3722 3746 3757
3 3751 3757 3744
3 3751 3744 3750
3 3751 3746 3757
3 3751 3759 3747
3 3751 3745 3759
3 3751 3745 3750
3 3751 3746 3754
3 3751 3755 3754
3 3751 3755 3747
3 3729 3721 3728
3 3729 3721 3738
3 3729 3723 3738
3 3729 3720 3736
3 3729 3720 3728
3 3729 3722 3736
3 3735 3759 3738
3 3735 3723 3738
3 3735 3759 3747
3 3735 3755 3747
3 3735 3722 3734
3 3735 3729 3722
3 3735 3729 3723
3 3735 3734 3754
3 3735 3755 3754
3 3792 3797 3776
3 3792 3760 3776
3 3792 3760 3772
3 3792 3797 3784
3 3773 3792 3793
3 3773 3792 3772
3 3761 3760 3772
3 3761 3760 3768
3 3761 3773 3772
3 3785 3792 3784
3 3785 3784 3790
3 3785 3792 3793
3 3785 3773 3793
3 3785 3799 3778
3 3785 3761 3773
3 3785 3761 3778
3 3762 3797 3776
3 3762 3786 3794
3 3762 3774 3794
3 3762 3786 3797
3 3791 3797 3784
3 3791 3784 3790
3 3791 3786 3797
3 3791 3799 3787
3 3791 3785 3799
3 3791 3785 3790
3 3791 3786 3794
3 3791 3795 3794
3 3791 3795 3787
3 3769 3761 3768
3 3769 3763 3778
3 3769 3761 3778
3 3769 3760 3776
3 3769 3760 3768
3 3769 3762 3776
3 3775 3799 3778
3 3775 3799 3787
3 3775 3763 3778
3 3775 3795 3787
3 3775 3762 3774
3 3775 3769 3762
3 3775 3769 3763
3 3775 3774 3794
3 3775 3795 3794
3 3832 3837 3816
3 3832 3800 3816
3 3832 3800 3812
3 3832 3837 3824
3 3813 3800 3812
3 3813 3800 3808
3 3813 3801 3808
3 3813 3832 3833
3 3813 3832 3812
3 3825 3832 3824
3 3825 3824 3830
3 3825 3832 3833
3 3825 3839 3818
3 3825 3801 3818
3 3825 3813 3801
3 3825 3813 3833
3 3802 3837 3816
3 3802 3826 3834
3 3802 3814 3834
3 3802 3826 3837
3 3831 3837 3824
3 3831 3824 3830
3 3831 3826 3837
3 3831 3839 3827
3 3831 3825 3839
3 3831 3825 3830
3 3831 3826 3834
3 3831 3835 3834
3 3831 3835 3827
3 3809 3801 3808
3 3809 3801 3818
3 3809 3803 3818
3 3809 3800 3816
3 3809 3800 3808
3 3809 3802 3816
3 3815 3839 3818
3 3815 3803 3818
3 3815 3839 3827
3 3815 3835 3827
3 3815 3802 3814
3 3815 3809 3802
3 3815 3809 3803
3 3815 3814 3834
3 3815 3835 3834
3 3872 3877 3856
3 3872 3840 3856
3 3872 3840 3852
3 3872 3877 3864
3 3853 3840 3852
3 3853 3841 3848
3 3853 3840 3848
3 3853 3872 3873
3 3853 3872 3852
3 3865 3872 3864
3 3865 3864 3870
3 3865 3872 3873
3 3865 3841 3858
3 3865 3879 3858
3 3865 3853 3841
3 3865 3853 3873
3 3842 3877 3856
3 3842 3866 3874
3 3842 3854 3874
3 3842 3866 3877
3 3871 3877 3864
3 3871 3864 3870
3 3871 3866 3877
3 3871 3879 3867
3 3871 3865 3879
3 3871 3865 3870
3 3871 3866 3874
3 3871 3875 3874
3 3871 3875 3867
3 3849 3841 3858
3 3849 3843 3858
3 3849 3841 3848
3 3849 3840 3856
3 3849 3840 3848
3 3849 3842 3856
3 3855 3843 3858
3 3855 3879 3858
3 3855 3879 3867
3 3855 3875 3867
3 3855 3842 3854
3 3855 3849 3842
3 3855 3849 3843
3 3855 3854 3874
3 3855 3875 3874
3 3912 3917 3896
3 3912 3880 3896
3 3912 3880 3892
3 3912 3917 3904
3 3893 3880 3892
3 3893 3880 3888
3 3893 3881 3888
3 3893 3912 3913
3 3893 3912 3892
3 3905 3912 3904
3 3905 3904 3910
3 3905 3912 3913
3 3905 3919 3898
3 3905 3881 3898
3 3905 3893 3881
3 3905 3893 3913
3 3905 3919 3907
3 3905 3911 3910
3 3905 3911 3907
3 3906 3917 3896
3 3906 3882 3896
3 3906 3894 3914
3 3906 3882 3894
3 3906 3917 3904
3 3906 3904 3910
3 3906 3911 3910
3 3906 3911 3907
3 3906 3915 3914
3 3906 3915 3907
3 3889 3881 3888
3 3889 3881 3898
3 3889 3883 3898
3 3889 3880 3896
3 3889 3880 3888
3 3889 3882 3896
3 3895 3919 3898
3 3895 3883 3898
3 3895 3919 3907
3 3895 3915 3907
3 3895 3882 3894
3 3895 3889 3882
3 3895 3889 3883
3 3895 3894 3914
3 3895 3915 3914
3 3952 3957 3936
3 3952 3920 3936
3 3952 3920 3932
3 3952 3957 3944
3 3933 3920 3932
3 3933 3921 3928
3 3933 3920 3928
3 3933 3952 3953
3 3933 3952 3932
3 3945 3952 3944
3 3945 3944 3950
3 3945 3952 3953
3 3945 3921 3938
3 3945 3959 3938
3 3945 3933 3921
3 3945 3933 3953
3 3945 3959 3947
3 3945 3951 3950
3 3945 3951 3947
3 3946 3957 3936
3 3946 3922 3936
3 3946 3934 3954
3 3946 3922 3934
3 3946 3957 3944
3 3946 3944 3950
3 3946 3951 3950
3 3946 3951 3947
3 3946 3955 3954
3 3946 3955 3947
3 3929 3921 3938
3 3929 3923 3938
3 3929 3921 3928
3 3929 3920 3936
3 3929 3920 3928
3 3929 3922 3936
3 3935 3923 3938
3 3935 3959 3938
3 3935 3959 3947
3 3935 3955 3947
3 3935 3922 3934
3 3935 3929 3922
3 3935 3929 3923
3 3935 3934 3954
3 3935 3955 3954
3 3992 3997 3976
3 3992 3960 3976
3 3992 3960 3972
3 3992 3997 3984
3 3973 3960 3972
3 3973 3960 3968
3 3973 3961 3968
3 3973 3992 3993
3 3973 3992 3972
3 3985 3992 3984
3 3985 3984 3990
3 3985 3992 3993
3 3985 3999 3978
3 3985 3961 3978
3 3985 3973 3961
3 3985 3973 3993
3 3985 3999 3987
3 3985 3991 3990
3 3985 3991 3987
3 3986 3997 3976
3 3986 3962 3976
3 3986 3974 3994
3 3986 3962 3974
3 3986 3997 3984
3 3986 3984 3990
3 3986 3991 3990
3 3986 3991 3987
3 3986 3995 3994
3 3986 3995 3987
3 3969 3961 3968
3 3969 3961 3978
3 3969 3963 3978
3 3969 3960 3976
3 3969 3960 3968
3 3969 3962 3976
3 3975 3999 3978
3 3975 3963 3978
3 3975 3999 3987
3 3975 3995 3987
3 3975 3962 3974
3 3975 3969 3962
3 3975 3969 3963
3 3975 3974 3994
3 3975 3995 3994
CELL_TYPES 4400
5 5 5 5 5 5 5 5 5 5 
5 5 5 5 5 5 5 5 5 5 
5 5 5 5 5 5 5 5 5 5 
5 5 5 5 5 5 5 5 5 5 
5 5 5 5 5 5 5 5 5 5 
5 5 5 5 5 5 5 5 5 5 
5 5 5 5 5 5 5 5 5 5 
5 5 5 5 5 5 5 5 5 5 
5 5 5 5 5 5 5 5 5 5 
5 5 5 5 5 5 5 5 5 5 
5 5 5 5 5 5 5 5 5 5 
5 5 5 5 5 5 5 5 5 5 
5 5 5 5 5 5 5 5 5 5 
5 5 5 5 5 5 5 5 5 5 
5 5 5 5 5 5 5 5 5 5 
5 5 5 5 5 5 5 5 5 5 
5 5 5 5 5 5 5 5 5 5 
5 5 5 5 5 5 5 5 5 5 
5 5 5 5 5 5 5 5 5 5 
5 5 5 5 5 5 5 5 5 5 
5 5 5 5 5 5 5 5 5 5 
5 5 5 5 5 5 5 5 5 5 
5 5 5 5 5 5 5 5 5 5 
5 5 5 5 5 5 5 5 5 5 
5 5 5 5 5 5 5 5 5 5 
5 5 5 5 5 5 5 5 5 5 
5 5 5 5 5 5 5 5 5 5 
5 5 5 5 5 5 5 5 5 5 
5 5 5 5 5 5 5 5 5 5 
5 5 5 5 5 5 5 5 5 5 
5 5 5 5 5 5 5 5 5 5 
5 5 5 5 5 5 5 5 5 5 
5 5 5 5 5 5 5 5 5 5 
5 5 5 5 5 5 5 5 5 5 
5 5 5 5 5 5 5 5 5 5 
5 5 5 5 5 5 5 5 5 5 
5 5 5 5 5 5 5 5 5 5 
5 5 5 5 5 5 5 5 5 5 
5 5 5 5 5 5 5 5 5 5 
5 5 5 5 5 5 5 5 5 5 
5 5 5 5 5 5 5 5 5 5 
5 5 5 5 5 5 5 5 5 5 
5 5 5 5 5 5 5 5 5 5 
5 5 5 5 5 5 5 5 5 5 
5 5 5 5 5 5 5 5 5 5 
5 5 5 5 5 5 5 5 5 5 
5 5 5 5 5 5 5 5 5 5 
5 5 5 5 5 5 5 5 5 5 
5 5 5 5 5 5 5 5 5 5 
5 5 5 5 5 5 5 5 5 5 
5 5 5 5 5 5 5 5 5 5 
5 5 5 5 5 5 5 5 5 5 
5 5 5 5 5 5 5 5 5 5 
5 5 5 5 5 5 5 5 5 5 
5 5 5 5 5 5 5 5 5 5 
5 5 5 5 5 5 5 5 5 5 
5 5 5 5 5 5 5 5 5 5 
5 5 5 5 5 5 5 5 5 5 
5 5 5 5 5 5 5 5 5 5 
5 5 5 5 5 5 5 5 5 5 
5 5 5 5 5 5 5 5 5 5 
5 5 5 5 5 5 5 5 5 5 
5 5 5 5 5 5 5 5 5 5 
5 5 5 5 5 5 5 5 5 5 
5 5 5 5 5 5 5 5 5 5 
5 5 5 5 5 5 5 5 5 5 
5 5 5 5 5 5 5 5 5 5 
5 5 5 5 5 5 5 5 5 5 
5 5 5 5 5 5 5 5 5 5 
5 5 5 5 5 5 5 5 5 5 
5 5 5 5 5 5 5 5 5 5 
5 5 5 5 5 5 5 5 5 5 
5 5 5 5 5 5 5 5 5 5 
5 5 5 5 5 5 5 5 5 5 
5 5 5 5 5 5 5 5 5 5 
5 5 5 5 5 5 5 5 5 5 
5 5 5 5 5 5 5 5 5 5 
5 5 5 5 5 5 5 5 5 5 
5 5 5 5 5 5 5 5 5 5 
5 5 5 5 5 5 5 5 5 5 
5 5 5 5 5 5 5 5 5 5 
5 5 5 5 5 5 5 5 5 5 
5 5 5 5 5 5 5 5 5 5 
5 5 5 5 5 5 5 5 5 5 
5 5 5 5 5 5 5 5 5 5 
5 5 5 5 5 5 5 5 5 5 
5 5 5 5 5 5 5 5 5 5 
5 5 5 5 5 5 5 5 5 5 
5 5 5 5 5 5 5 5 5 5 
5 5 5 5 5 5 5 5 5 5 
5 5 5 5 5 5 5 5 5 5 
5 5 5 5 5 5 5 5 5 5 
5 5 5 5 5 5 5 5 5 5 
5 5 5 5 5 5 5 5 5 5 
5 5 5 5 5 5 5 5 5 5 
5 5 5 5 5 5 5 5 5 5 
5 5 5 5 5 5 5 5 5 5 
5 5 5 5 5 5 5 5 5 5 
5 5 5 5 5 5 5 5 5 5 
5 5 5 5 5 5 5 5 5 5 
5 5 5 5 5 5 5 5 5 5 
5 5 5 5 5 5 5 5 5 5 
5 5 5 5 5 5 5 5 5 5 
5 5 5 5 5 5 5 5 5 5 
5 5 5 5 5 5 5 5 5 5 
5 5 5 5 5 5 5 5 5 5 
5 5 5 5 5 5 5 5 5 5 
5 5 5 5 5 5 5 5 5 5 
5 5 5 5 5 5 5 5 5 5 
5 5 5 5 5 5 5 5 5 5 
5 5 5 5 5 5 5 5 5 5 
5 5 5 5 5 5 5 5 5 5 
5 5 5 5 5 5 5 5 5 5 
5 5 5 5 5 5 5 5 5 5 
5 5 5 5 5 5 5 5 5 5 
5 5 5 5 5 5 5 5 5 5 
5 5 5 5 5 5 5 5 5 5 
5 5 5 5 5 5 5 5 5 5 
5 5 5 5 5 5 5 5 5 5 
5 5 5 5 5 5 5 5 5 5 
5 5 5 5 5 5 5 5 5 5 
5 5 5 5 5 5 5 5 5 5 
5 5 5 5 5 5 5 5 5 5 
5 5 5 5 5 5 5 5 5 5 
5 5 5 5 5 5 5 5 5 5 
5 5 5 5 5 5 5 5 5 5 
5 5 5 5 5 5 5 5 5 5 
5 5 5 5 5 5 5 5 5 5 
5 5 5 5 5 5 5 5 5 5 
5 5 5 5 5 5 5 5 5 5 
5 5 5 5 5 5 5 5 5 5 
5 5 5 5 5 5 5 5 5 5 
5 5 5 5 5 5 5 5 5 5 
5 5 5 5 5 5 5 5 5 5 
5 5 5 5 5 5 5 5 5 5 
5 5 5 5 5 5 5 5 5 5 
5 5 5 5 5 5 5 5 5 5 
5 5 5 5 5 5 5 5 5 5 
5 5 5 5 5 5 5 5 5 5 
5 5 5 5 5 5 5 5 5 5 
5 5 5 5 5 5 5 5 5 5 
5 5 5 5 5 5 5 5 5 5 
5 5 5 5 5 5 5 5 5 5 
5 5 5 5 5 5 5 5 5 5 
5 5 5 5 5 5 5 5 5 5 
5 5 5 5 5 5 5 5 5 5 
5 5 5 5 5 5 5 5 5 5 
5 5 5 5 5 5 5 5 5 5 
5 5 5 5 5 5 5 5 5 5 
5 5 5 5 5 5 5 5 5 5 
5 5 5 5 5 5 5 5 5 5 
5 5 5 5 5 5 5 5 5 5 
5 5 5 5 5 5 5 5 5 5 
5 5 5 5 5 5 5 5 5 5 
5 5 5 5 5 5 5 5 5 5 
5 5 5 5 5 5 5 5 5 5 
5 5 5 5 5 5 5 5 5 5 
5 5 5 5 5 5 5 5 5 5 
5 5 5 5 5 5 5 5 5 5 
5 5 5 5 5 5 5 5 5 5 
5 5 5 5 5 5 5 5 5 5 
5 5 5 5 5 5 5 5 5 5 
5 5 5 5 5 5 5 5 5 5 
5 5 5 5 5 5 5 5 5 5 
5 5 5 5 5 5 5 5 5 5 
5 5 5 5 5 5 5 5 5 5 
5 5 5 5 5 5 5 5 5 5 
5 5 5 5 5 5 5 5 5 5 
5 5 5 5 5 5 5 5 5 5 
5 5 5 5 5 5 5 5 5 5 
5 5 5 5 5 5 5 5 5 5 
5 5 5 5 5 5 5 5 5 5 
5 5 5 5 5 5 5 5 5 5 
5 5 5 5 5 5 5 5 5 5 
5 5 5 5 5 5 5 5 5 5 
5 5 5 5 5 5 5 5 5 5 
5 5 5 5 5 5 5 5 5 5 
5 5 5 5 5 5 5 5 5 5 
5 5 5 5 5 5 5 5 5 5 
5 5 5 5 5 5 5 5 5 5 
5 5 5 5 5 5 5 5 5 5 
5 5 5 5 5 5 5 5 5 5 
5 5 5 5 5 5 5 5 5 5 
5 5 5 5 5 5 5 5 5 5 
5 5 5 5 5 5 5 5 5 5 
5 5 5 5 5 5 5 5 5 5 
5 5 5 5 5 5 5 5 5 5 
5 5 5 5 5 5 5 5 5 5 
5 5 5 5 5 5 5 5 5 5 
5 5 5 5 5 5 5 5 5 5 
5 5 5 5 5 5 5 5 5 5 
5 5 5 5 5 5 5 5 5 5 
5 5 5 5 5 5 5 5 5 5 
5 5 5 5 5 5 5 5 5 5 
5 5 5 5 5 5 5 5 5 5 
5 5 5 5 5 5 5 5 5 5 
5 5 5 5 5 5 5 5 5 5 
5 5 5 5 5 5 5 5 5 5 
5 5 5 5 5 5 5 5 5 5 
5 5 5 5 5 5 5 5 5 5 
5 5 5 5 5 5 5 5 5 5 
5 5 5 5 5 5 5 5 5 5 
5 5 5 5 5 5 5 5 5 5 
5 5 5 5 5 5 5 5 5 5 
5 5 5 5 5 5 5 5 5 5 
5 5 5 5 5 5 5 5 5 5 
5 5 5 5 5 5 5 5 5 5 
5 5 5 5 5 5 5 5 5 5 
5 5 5 5 5 5 5 5 5 5 
5 5 5 5 5 5 5 5 5 5 
5 5 5 5 5 5 5 5 5 5 
5 5 5 5 5 5 5 5 5 5 
5 5 5 5 5 5 5 5 5 5 
5 5 5 5 5 5 5 5 5 5 
5 5 5 5 5 5 5 5 5 5 
5 5 5 5 5 5 5 5 5 5 
5 5 5 5 5 5 5 5 5 5 
5 5 5 5 5 5 5 5 5 5 
5 5 5 5 5 5 5 5 5 5 
5 5 5 5 5 5 5 5 5 5 
5 5 5 5 5 5 5 5 5 5 
5 5 5 5 5 5 5 5 5 5 
5 5 5 5 5 5 5 5 5 5 
5 5 5 5 5 5 5 5 5 5 
5 5 5 5 5 5 5 5 5 5 
5 5 5 5 5 5 5 5 5 5 
5 5 5 5 5 5 5 5 5 5 
5 5 5 5 5 5 5 5 5 5 
5 5 5 5 5 5 5 5 5 5 
5 5 5 5 5 5 5 5 5 5 
5 5 5 5 5 5 5 5 5 5 
5 5 5 5 5 5 5 5 5 5 
5 5 5 5 5 5 5 5 5 5 
5 5 5 5 5 5 5 5 5 5 
5 5 5 5 5 5 5 5 5 5 
5 5 5 5 5 5 5 5 5 5 
5 5 5 5 5 5 5 5 5 5 
5 5 5 5 5 5 5 5 5 5 
5 5 5 5 5 5 5 5 5 5 
5 5 5 5 5 5 5 5 5 5 
5 5 5 5 5 5 5 5 5 5 
5 5 5 5 5 5 5 5 5 5 
5 5 5 5 5 5 5 5 5 5 
5 5 5 5 5 5 5 5 5 5 
5 5 5 5 5 5 5 5 5 5 
5 5 5 5 5 5 5 5 5 5 
5 5 5 5 5 5 5 5 5 5 
5 5 5 5 5 5 5 5 5 5 
5 5 5 5 5 5 5 5 5 5 
5 5 5 5 5 5 5 5 5 5 
5 5 5 5 5 5 5 5 5 5 
5 5 5 5 5 5 5 5 5 5 
5 5 5 5 5 5 5 5 5 5 
5 5 5 5 5 5 5 5 5 5 
5 5 5 5 5 5 5 5 5 5 
5 5 5 5 5 5 5 5 5 5 
5 5 5 5 5 5 5 5 5 5 
5 5 5 5 5 5 5 5 5 5 
5 5 5 5 5 5 5 5 5 5 
5 5 5 5 5 5 5 5 5 5 
5 5 5 5 5 5 5 5 5 5 
5 5 5 5 5 5 5 5 5 5 
5 5 5 5 5 5 5 5 5 5 
5 5 5 5 5 5 5 5 5 5 
5 5 5 5 5 5 5 5 5 5 
5 5 5 5 5 5 5 5 5 5 
5 5 5 5 5 5 5 5 5 5 
5 5 5 5 5 5 5 5 5 5 
5 5 5 5 5 5 5 5 5 5 
5 5 5 5 5 5 5 5 5 5 
5 5 5 5 5 5 5 5 5 5 
5 5 5 5 5 5 5 5 5 5 
5 5 5 5 5 5 5 5 5 5 
5 5 5 5 5 5 5 5 5 5 
5 5 5 5 5 5 5 5 5 5 
5 5 5 5 5 5 5 5 5 5 
5 5 5 5 5 5 5 5 5 5 
5 5 5 5 5 5 5 5 5 5 
5 5 5 5 5 5 5 5 5 5 
5 5 5 5 5 5 5 5 5 5 
5 5 5 5 5 5 5 5 5 5 
5 5 5 5 5 5 5 5 5 5 
5 5 5 5 5 5 5 5 5 5 
5 5 5 5 5 5 5 5 5 5 
5 5 5 5 5 5 5 5 5 5 
5 5 5 5 5 5 5 5 5 5 
5 5 5 5 5 5 5 5 5 5 
5 5 5 5 5 5 5 5 5 5 
5 5 5 5 5 5 5 5 5 5 
5 5 5 5 5 5 5 5 5 5 
5 5 5 5 5 5 5 5 5 5 
5 5 5 5 5 5 5 5 5 5 
5 5 5 5 5 5 5 5 5 5 
5 5 5 5 5 5 5 5 5 5 
5 5 5 5 5 5 5 5 5 5 
5 5 5 5 5 5 5 5 5 5 
5 5 5 5 5 5 5 5 5 5 
5 5 5 5 5 5 5 5 5 5 
5 5 5 5 5 5 5 5 5 5 
5 5 5 5 5 5 5 5 5 5 
5 5 5 5 5 5 5 5 5 5 
5 5 5 5 5 5 5 5 5 5 
5 5 5 5 5 5 5 5 5 5 
5 5 5 5 5 5 5 5 5 5 
5 5 5 5 5 5 5 5 5 5 
5 5 5 5 5 5 5 5 5 5 
5 5 5 5 5 5 5 5 5 5 
5 5 5 5 5 5 5 5 5 5 
5 5 5 5 5 5 5 5 5 5 
5 5 5 5 5 5 5 5 5 5 
5 5 5 5 5 5 5 5 5 5 
5 5 5 5 5 5 5 5 5 5 
5 5 5 5 5 5 5 5 5 5 
5 5 5 5 5 5 5 5 5 5 
5 5 5 5 5 5 5 5 5 5 
5 5 5 5 5 5 5 5 5 5 
5 5 5 5 5 5 5 5 5 5 
5 5 5 5 5 5 5 5 5 5 
5 5 5 5 5 5 5 5 5 5 
5 5 5 5 5 5 5 5 5 5 
5 5 5 5 5 5 5 5 5 5 
5 5 5 5 5 5 5 5 5 5 
5 5 5 5 5 5 5 5 5 5 
5 5 5 5 5 5 5 5 5 5 
5 5 5 5 5 5 5 5 5 5 
5 5 5 5 5 5 5 5 5 5 
5 5 5 5 5 5 5 5 5 5 
5 5 5 5 5 5 5 5 5 5 
5 5 5 5 5 5 5 5 5 5 
5 5 5 5 5 5 5 5 5 5 
5 5 5 5 5 5 5 5 5 5 
5 5 5 5 5 5 5 5 5 5 
5 5 5 5 5 5 5 5 5 5 
5 5 5 5 5 5 5 5 5 5 
5 5 5 5 5 5 5 5 5 5 
5 5 5 5 5 5 5 5 5 5 
5 5 5 5 5 5 5 5 5 5 
5 5 5 5 5 5 5 5 5 5 
5 5 5 5 5 5 5 5 5 5 
5 5 5 5 5 5 5 5 5 5 
5 5 5 5 5 5 5 5 5 5 
5 5 5 5 5 5 5 5 5 5 
5 5 5 5 5 5 5 5 5 5 
5 5 5 5 5 5 5 5 5 5 
5 5 5 5 5 5 5 5 5 5 
5 5 5 5 5 5 5 5 5 5 
5 5 5 5 5 5 5 5 5 5 
5 5 5 5 5 5 5 5 5 5 
5 5 5 5 5 5 5 5 5 5 
5 5 5 5 5 5 5 5 5 5 
5 5 5 5 5 5 5 5 5 5 
5 5 5 5 5 5 5 5 5 5 
5 5 5 5 5 5 5 5 5 5 
5 5 5 5 5 5 5 5 5 5 
5 5 5 5 5 5 5 5 5 5 
5 5 5 5 5 5 5 5 5 5 
5 5 5 5 5 5 5 5 5 5 
5 5 5 5 5 5 5 5 5 5 
5 5 5 5 5 5 5 5 5 5 
5 5 5 5 5 5 5 5 5 5 
5 5 5 5 5 5 5 5 5 5 
5 5 5 5 5 5 5 5 5 5 
5 5 5 5 5 5 5 5 5 5 
5 5 5 5 5 5 5 5 5 5 
5 5 5 5 5 5 5 5 5 5 
5 5 5 5 5 5 5 5 5 5 
5 5 5 5 5 5 5 5 5 5 
5 5 5 5 5 5 5 5 5 5 
5 5 5 5 5 5 5 5 5 5 
5 5 5 5 5 5 5 5 5 5 
5 5 5 5 5 5 5 5 5 5 
5 5 5 5 5 5 5 5 5 5 
5 5 5 5 5 5 5 5 5 5 
5 5 5 5 5 5 5 5 5 5 
5 5 5 5 5 5 5 5 5 5 
5 5 5 5 5 5 5 5 5 5 
5 5 5 5 5 5 5 5 5 5 
5 5 5 5 5 5 5 5 5 5 
5 5 5 5 5 5 5 5 5 5 
5 5 5 5 5 5 5 5 5 5 
5 5 5 5 5 5 5 5 5 5 
5 5 5 5 5 5 5 5 5 5 
5 5 5 5 5 5 5 5 5 5 
5 5 5 5 5 5 5 5 5 5 
5 5 5 5 5 5 5 5 5 5 
5 5 5 5 5 5 5 5 5 5 
5 5 5 5 5 5 5 5 5 5 
5 5 5 5 5 5 5 5 5 5 
5 5 5 5 5 5 5 5 5 5 
5 5 5 5 5 5 5 5 5 5 
5 5 5 5 5 5 5 5 5 5 
5 5 5 5 5 5 5 5 5 5 
5 5 5 5 5 5 5 5 5 5 
5 5 5 5 5 5 5 5 5 5 
5 5 5 5 5 5 5 5 5 5 
5 5 5 5 5 5 5 5 5 5 
5 5 5 5 5 5 5 5 5 5 
5 5 5 5 5 5 5 5 5 5 
5 5 5 5 5 5 5 5 5 5 
5 5 5 5 5 5 5 5 5 5 
5 5 5 5 5 5 5 5 5 5 
5 5 5 5 5 5 5 5 5 5 
5 5 5 5 5 5 5 5 5 5 
5 5 5 5 5 5 5 5 5 5 
5 5 5 5 5 5 5 5 5 5 
5 5 5 5 5 5 5 5 5 5 
5 5 5 5 5 5 5 5 5 5 
5 5 5 5 5 5 5 5 5 5 
5 5 5 5 5 5 5 5 5 5 
5 5 5 5 5 5 5 5 5 5 
5 5 5 5 5 5 5 5 5 5 
5 5 5 5 5 5 5 5 5 5 
5 5 5 5 5 5 5 5 5 5 
5 5 5 5 5 5 5 5 5 5 
5 5 5 5 5 5 5 5 5 5 
5 5 5 5 5 5 5 5 5 5 
5 5 5 5 5 5 5 5 5 5 
5 5 5 5 5 5 5 5 5 5 
5 5 5 5 5 5 5 5 5 5 
5 5 5 5 5 5 5 5 5 5 
5 5 5 5 5 5 5 5 5 5 
5 5 5 5 5 5 5 5 5 5 
5 5 5 5 5 5 5 5 5 5 
5 5 5 5 5 5 5 5 5 5 
5 5 5 5 5 5 5 5 5 5 
5 5 5 5 5 5 5 5 5 5 
5 5 5 5 5 5 5 5 5 5 
5 5 5 5 5 5 5 5 5 5 
5 5 5 5 5 5 5 5 5 5 
5 5 5 5 5 5 5 5 5 5 
5 5 5 5 5 5 5 5 5 5 
5 5 5 5 5 5 5 5 5 5 
5 5 5 5 5 5 5 5 5 5 
5 5 5 5 5 5 5 5 5 5 
5 5 5 5 5 5 5 5 5 5 
5 5 5 5 5 5 5 5 5 5 
5 5 5 5 5 5 5 5 5 5 
5 5 5 5 5 5 5 5 5 5 
5 5 5 5 5 5 5 5 5 5 
5 5 5 5 5 5 5 5 5 5 

CELL_DATA 4400
SCALARS Node_Number float 1
LOOKUP_TABLE default
1 1 1 1 1 1 1 1 1 
1 1 1 1 1 1 1 1 1 1 
1 1 1 1 1 1 1 1 1 1 
1 1 1 1 1 1 1 1 1 1 
1 1 1 1 1 2 2 2 2 2 
2 2 2 2 2 2 2 2 2 2 
2 2 2 2 2 2 2 2 2 2 
2 2 2 2 2 2 2 2 2 2 
2 2 2 2 2 2 2 2 2 3 
3 3 3 3 3 3 3 3 3 3 
3 3 3 3 3 3 3 3 3 3 
3 3 3 3 3 3 3 3 3 3 
3 3 3 3 3 3 3 3 3 3 
3 3 3 4 4 4 4 4 4 4 
4 4 4 4 4 4 4 4 4 4 
4 4 4 4 4 4 4 4 4 4 
4 4 4 4 4 4 4 4 4 4 
4 4 4 4 4 4 4 5 5 5 
5 5 5 5 5 5 5 5 5 5 
5 5 5 5 5 5 5 5 5 5 
5 5 5 5 5 5 5 5 5 5 
5 5 5 5 5 5 5 5 5 5 
5 6 6 6 6 6 6 6 6 6 
6 6 6 6 6 6 6 6 6 6 
6 6 6 6 6 6 6 6 6 6 
6 6 6 6 6 6 6 6 6 6 
6 6 6 6 6 7 7 7 7 7 
7 7 7 7 7 7 7 7 7 7 
7 7 7 7 7 7 7 7 7 7 
7 7 7 7 7 7 7 7 7 7 
7 7 7 7 7 7 7 7 7 8 
8 8 8 8 8 8 8 8 8 8 
8 8 8 8 8 8 8 8 8 8 
8 8 8 8 8 8 8 8 8 8 
8 8 8 8 8 8 8 8 8 8 
8 8 8 9 9 9 9 9 9 9 
9 9 9 9 9 9 9 9 9 9 
9 9 9 9 9 9 9 9 9 9 
9 9 9 9 9 9 9 9 9 9 
9 9 9 9 9 9 9 10 10 10 
10 10 10 10 10 10 10 10 10 10 
10 10 10 10 10 10 10 10 10 10 
10 10 10 10 10 10 10 10 10 10 
10 10 10 10 10 10 10 10 10 10 
10 11 11 11 11 11 11 11 11 11 
11 11 11 11 11 11 11 11 11 11 
11 11 11 11 11 11 11 11 11 11 
11 11 11 11 11 11 11 11 11 11 
11 11 11 11 11 12 12 12 12 12 
12 12 12 12 12 12 12 12 12 12 
12 12 12 12 12 12 12 12 12 12 
12 12 12 12 12 12 12 12 12 12 
12 12 12 12 12 12 12 12 12 13 
13 13 13 13 13 13 13 13 13 13 
13 13 13 13 13 13 13 13 13 13 
13 13 13 13 13 13 13 13 13 13 
13 13 13 13 13 13 13 13 13 13 
13 13 13 14 14 14 14 14 14 14 
14 14 14 14 14 14 14 14 14 14 
14 14 14 14 14 14 14 14 14 14 
14 14 14 14 14 14 14 14 14 14 
14 14 14 14 14 14 14 15 15 15 
15 15 15 15 15 15 15 15 15 15 
15 15 15 15 15 15 15 15 15 15 
15 15 15 15 15 15 15 15 15 15 
15 15 15 15 15 15 15 15 15 15 
15 16 16 16 16 16 16 16 16 16 
16 16 16 16 16 16 16 16 16 16 
16 16 16 16 16 16 16 16 16 16 
16 16 16 16 16 16 16 16 16 16 
16 16 16 16 16 17 17 17 17 17 
17 17 17 17 17 17 17 17 17 17 
17 17 17 17 17 17 17 17 17 17 
17 17 17 17 17 17 17 17 17 17 
17 17 17 17 17 17 17 17 17 18 
18 18 18 18 18 18 18 18 18 18 
18 18 18 18 18 18 18 18 18 18 
18 18 18 18 18 18 18 18 18 18 
18 18 18 18 18 18 18 18 18 18 
18 18 18 19 19 19 19 19 19 19 
19 19 19 19 19 19 19 19 19 19 
19 19 19 19 19 19 19 19 19 19 
19 19 19 19 19 19 19 19 19 19 
19 19 19 19 19 19 19 20 20 20 
20 20 20 20 20 20 20 20 20 20 
20 20 20 20 20 20 20 20 20 20 
20 20 20 20 20 20 20 20 20 20 
20 20 20 20 20 20 20 20 20 20 
20 21 21 21 21 21 21 21 21 21 
21 21 21 21 21 21 21 21 21 21 
21 21 21 21 21 21 21 21 21 21 
21 21 21 21 21 21 21 21 21 21 
21 21 21 21 21 22 22 22 22 22 
22 22 22 22 22 22 22 22 22 22 
22 22 22 22 22 22 22 22 22 22 
22 22 22 22 22 22 22 22 22 22 
22 22 22 22 22 22 22 22 22 23 
23 23 23 23 23 23 23 23 23 23 
23 23 23 23 23 23 23 23 23 23 
23 23 23 23 23 23 23 23 23 23 
23 23 23 23 23 23 23 23 23 23 
23 23 23 24 24 24 24 24 24 24 
24 24 24 24 24 24 24 24 24 24 
24 24 24 24 24 24 24 24 24 24 
24 24 24 24 24 24 24 24 24 24 
24 24 24 24 24 24 24 25 25 25 
25 25 25 25 25 25 25 25 25 25 
25 25 25 25 25 25 25 25 25 25 
25 25 25 25 25 25 25 25 25 25 
25 25 25 25 25 25 25 25 25 25 
25 26 26 26 26 26 26 26 26 26 
26 26 26 26 26 26 26 26 26 26 
26 26 26 26 26 26 26 26 26 26 
26 26 26 26 26 26 26 26 26 26 
26 26 26 26 26 27 27 27 27 27 
27 27 27 27 27 27 27 27 27 27 
27 27 27 27 27 27 27 27 27 27 
27 27 27 27 27 27 27 27 27 27 
27 27 27 27 27 27 27 27 27 28 
28 28 28 28 28 28 28 28 28 28 
28 28 28 28 28 28 28 28 28 28 
28 28 28 28 28 28 28 28 28 28 
28 28 28 28 28 28 28 28 28 28 
28 28 28 29 29 29 29 29 29 29 
29 29 29 29 29 29 29 29 29 29 
29 29 29 29 29 29 29 29 29 29 
29 29 29 29 29 29 29 29 29 29 
29 29 29 29 29 29 29 30 30 30 
30 30 30 30 30 30 30 30 30 30 
30 30 30 30 30 30 30 30 30 30 
30 30 30 30 30 30 30 30 30 30 
30 30 30 30 30 30 30 30 30 30 
30 31 31 31 31 31 31 31 31 31 
31 31 31 31 31 31 31 31 31 31 
31 31 31 31 31 31 31 31 31 31 
31 31 31 31 31 31 31 31 31 31 
31 31 31 31 31 32 32 32 32 32 
32 32 32 32 32 32 32 32 32 32 
32 32 32 32 32 32 32 32 32 32 
32 32 32 32 32 32 32 32 32 32 
32 32 32 32 32 32 32 32 32 33 
33 33 33 33 33 33 33 33 33 33 
33 33 33 33 33 33 33 33 33 33 
33 33 33 33 33 33 33 33 33 33 
33 33 33 33 33 33 33 33 33 33 
33 33 33 34 34 34 34 34 34 34 
34 34 34 34 34 34 34 34 34 34 
34 34 34 34 34 34 34 34 34 34 
34 34 34 34 34 34 34 34 34 34 
34 34 34 34 34 34 34 35 35 35 
35 35 35 35 35 35 35 35 35 35 
35 35 35 35 35 35 35 35 35 35 
35 35 35 35 35 35 35 35 35 35 
35 35 35 35 35 35 35 35 35 35 
35 36 36 36 36 36 36 36 36 36 
36 36 36 36 36 36 36 36 36 36 
36 36 36 36 36 36 36 36 36 36 
36 36 36 36 36 36 36 36 36 36 
36 36 36 36 36 37 37 37 37 37 
37 37 37 37 37 37 37 37 37 37 
37 37 37 37 37 37 37 37 37 37 
37 37 37 37 37 37 37 37 37 37 
37 37 37 37 37 37 37 37 37 38 
38 38 38 38 38 38 38 38 38 38 
38 38 38 38 38 38 38 38 38 38 
38 38 38 38 38 38 38 38 38 38 
38 38 38 38 38 38 38 38 38 38 
38 38 38 39 39 39 39 39 39 39 
39 39 39 39 39 39 39 39 39 39 
39 39 39 39 39 39 39 39 39 39 
39 39 39 39 39 39 39 39 39 39 
39 39 39 39 39 39 39 40 40 40 
40 40 40 40 40 40 40 40 40 40 
40 40 40 40 40 40 40 40 40 40 
40 40 40 40 40 40 40 40 40 40 
40 40 40 40 40 40 40 40 40 40 
40 41 41 41 41 41 41 41 41 41 
41 41 41 41 41 41 41 41 41 41 
41 41 41 41 41 41 41 41 41 41 
41 41 41 41 41 41 41 41 41 41 
41 41 41 41 41 42 42 42 42 42 
42 42 42 42 42 42 42 42 42 42 
42 42 42 42 42 42 42 42 42 42 
42 42 42 42 42 42 42 42 42 42 
42 42 42 42 42 42 42 42 42 43 
43 43 43 43 43 43 43 43 43 43 
43 43 43 43 43 43 43 43 43 43 
43 43 43 43 43 43 43 43 43 43 
43 43 43 43 43 43 43 43 43 43 
43 43 43 44 44 44 44 44 44 44 
44 44 44 44 44 44 44 44 44 44 
44 44 44 44 44 44 44 44 44 44 
44 44 44 44 44 44 44 44 44 44 
44 44 44 44 44 44 44 45 45 45 
45 45 45 45 45 45 45 45 45 45 
45 45 45 45 45 45 45 45 45 45 
45 45 45 45 45 45 45 45 45 45 
45 45 45 45 45 45 45 45 45 45 
45 46 46 46 46 46 46 46 46 46 
46 46 46 46 46 46 46 46 46 46 
46 46 46 46 46 46 46 46 46 46 
46 46 46 46 46 46 46 46 46 46 
46 46 46 46 46 47 47 47 47 47 
47 47 47 47 47 47 47 47 47 47 
47 47 47 47 47 47 47 47 47 47 
47 47 47 47 47 47 47 47 47 47 
47 47 47 47 47 47 47 47 47 48 
48 48 48 48 48 48 48 48 48 48 
48 48 48 48 48 48 48 48 48 48 
48 48 48 48 48 48 48 48 48 48 
48 48 48 48 48 48 48 48 48 48 
48 48 48 49 49 49 49 49 49 49 
49 49 49 49 49 49 49 49 49 49 
49 49 49 49 49 49 49 49 49 49 
49 49 49 49 49 49 49 49 49 49 
49 49 49 49 49 49 49 50 50 50 
50 50 50 50 50 50 50 50 50 50 
50 50 50 50 50 50 50 50 50 50 
50 50 50 50 50 50 50 50 50 50 
50 50 50 50 50 50 50 50 50 50 
50 51 51 51 51 51 51 51 51 51 
51 51 51 51 51 51 51 51 51 51 
51 51 51 51 51 51 51 51 51 51 
51 51 51 51 51 51 51 51 51 51 
51 51 51 51 51 52 52 52 52 52 
52 52 52 52 52 52 52 52 52 52 
52 52 52 52 52 52 52 52 52 52 
52 52 52 52 52 52 52 52 52 52 
52 52 52 52 52 52 52 52 52 53 
53 53 53 53 53 53 53 53 53 53 
53 53 53 53 53 53 53 53 53 53 
53 53 53 53 53 53 53 53 53 53 
53 53 53 53 53 53 53 53 53 53 
53 53 53 54 54 54 54 54 54 54 
54 54 54 54 54 54 54 54 54 54 
54 54 54 54 54 54 54 54 54 54 
54 54 54 54 54 54 54 54 54 54 
54 54 54 54 54 54 54 55 55 55 
55 55 55 55 55 55 55 55 55 55 
55 55 55 55 55 55 55 55 55 55 
55 55 55 55 55 55 55 55 55 55 
55 55 55 55 55 55 55 55 55 55 
55 56 56 56 56 56 56 56 56 56 
56 56 56 56 56 56 56 56 56 56 
56 56 56 56 56 56 56 56 56 56 
56 56 56 56 56 56 56 56 56 56 
56 56 56 56 56 57 57 57 57 57 
57 57 57 57 57 57 57 57 57 57 
57 57 57 57 57 57 57 57 57 57 
57 57 57 57 57 57 57 57 57 57 
57 57 57 57 57 57 57 57 57 58 
58 58 58 58 58 58 58 58 58 58 
58 58 58 58 58 58 58 58 58 58 
58 58 58 58 58 58 58 58 58 58 
58 58 58 58 58 58 58 58 58 58 
58 58 58 59 59 59 59 59 59 59 
59 59 59 59 59 59 59 59 59 59 
59 59 59 59 59 59 59 59 59 59 
59 59 59 59 59 59 59 59 59 59 
59 59 59 59 59 59 59 60 60 60 
60 60 60 60 60 60 60 60 60 60 
60 60 60 60 60 60 60 60 60 60 
60 60 60 60 60 60 60 60 60 60 
60 60 60 60 60 60 60 60 60 60 
60 61 61 61 61 61 61 61 61 61 
61 61 61 61 61 61 61 61 61 61 
61 61 61 61 61 61 61 61 61 61 
61 61 61 61 61 61 61 61 61 61 
61 61 61 61 61 62 62 62 62 62 
62 62 62 62 62 62 62 62 62 62 
62 62 62 62 62 62 62 62 62 62 
62 62 62 62 62 62 62 62 62 62 
62 62 62 62 62 62 62 62 62 63 
63 63 63 63 63 63 63 63 63 63 
63 63 63 63 63 63 63 63 63 63 
63 63 63 63 63 63 63 63 63 63 
63 63 63 63 63 63 63 63 63 63 
63 63 63 64 64 64 64 64 64 64 
64 64 64 64 64 64 64 64 64 64 
64 64 64 64 64 64 64 64 64 64 
64 64 64 64 64 64 64 64 64 64 
64 64 64 64 64 64 64 65 65 65 
65 65 65 65 65 65 65 65 65 65 
65 65 65 65 65 65 65 65 65 65 
65 65 65 65 65 65 65 65 65 65 
65 65 65 65 65 65 65 65 65 65 
65 66 66 66 66 66 66 66 66 66 
66 66 66 66 66 66 66 66 66 66 
66 66 66 66 66 66 66 66 66 66 
66 66 66 66 66 66 66 66 66 66 
66 66 66 66 66 67 67 67 67 67 
67 67 67 67 67 67 67 67 67 67 
67 67 67 67 67 67 67 67 67 67 
67 67 67 67 67 67 67 67 67 67 
67 67 67 67 67 67 67 67 67 68 
68 68 68 68 68 68 68 68 68 68 
68 68 68 68 68 68 68 68 68 68 
68 68 68 68 68 68 68 68 68 68 
68 68 68 68 68 68 68 68 68 68 
68 68 68 69 69 69 69 69 69 69 
69 69 69 69 69 69 69 69 69 69 
69 69 69 69 69 69 69 69 69 69 
69 69 69 69 69 69 69 69 69 69 
69 69 69 69 69 69 69 70 70 70 
70 70 70 70 70 70 70 70 70 70 
70 70 70 70 70 70 70 70 70 70 
70 70 70 70 70 70 70 70 70 70 
70 70 70 70 70 70 70 70 70 70 
70 71 71 71 71 71 71 71 71 71 
71 71 71 71 71 71 71 71 71 71 
71 71 71 71 71 71 71 71 71 71 
71 71 71 71 71 71 71 71 71 71 
71 71 71 71 71 72 72 72 72 72 
72 72 72 72 72 72 72 72 72 72 
72 72 72 72 72 72 72 72 72 72 
72 72 72 72 72 72 72 72 72 72 
72 72 72 72 72 72 72 72 72 73 
73 73 73 73 73 73 73 73 73 73 
73 73 73 73 73 73 73 73 73 73 
73 73 73 73 73 73 73 73 73 73 
73 73 73 73 73 73 73 73 73 73 
73 73 73 74 74 74 74 74 74 74 
74 74 74 74 74 74 74 74 74 74 
74 74 74 74 74 74 74 74 74 74 
74 74 74 74 74 74 74 74 74 74 
74 74 74 74 74 74 74 75 75 75 
75 75 75 75 75 75 75 75 75 75 
75 75 75 75 75 75 75 75 75 75 
75 75 75 75 75 75 75 75 75 75 
75 75 75 75 75 75 75 75 75 75 
75 76 76 76 76 76 76 76 76 76 
76 76 76 76 76 76 76 76 76 76 
76 76 76 76 76 76 76 76 76 76 
76 76 76 76 76 76 76 76 76 76 
76 76 76 76 76 77 77 77 77 77 
77 77 77 77 77 77 77 77 77 77 
77 77 77 77 77 77 77 77 77 77 
77 77 77 77 77 77 77 77 77 77 
77 77 77 77 77 77 77 77 77 78 
78 78 78 78 78 78 78 78 78 78 
78 78 78 78 78 78 78 78 78 78 
78 78 78 78 78 78 78 78 78 78 
78 78 78 78 78 78 78 78 78 78 
78 78 78 79 79 79 79 79 79 79 
79 79 79 79 79 79 79 79 79 79 
79 79 79 79 79 79 79 79 79 79 
79 79 79 79 79 79 79 79 79 79 
79 79 79 79 79 79 79 80 80 80 
80 80 80 80 80 80 80 80 80 80 
80 80 80 80 80 80 80 80 80 80 
80 80 80 80 80 80 80 80 80 80 
80 80 80 80 80 80 80 80 80 80 
80 81 81 81 81 81 81 81 81 81 
81 81 81 81 81 81 81 81 81 81 
81 81 81 81 81 81 81 81 81 81 
81 81 81 81 81 81 81 81 81 81 
81 81 81 81 81 82 82 82 82 82 
82 82 82 82 82 82 82 82 82 82 
82 82 82 82 82 82 82 82 82 82 
82 82 82 82 82 82 82 82 82 82 
82 82 82 82 82 82 82 82 82 83 
83 83 83 83 83 83 83 83 83 83 
83 83 83 83 83 83 83 83 83 83 
83 83 83 83 83 83 83 83 83 83 
83 83 83 83 83 83 83 83 83 83 
83 83 83 84 84 84 84 84 84 84 
84 84 84 84 84 84 84 84 84 84 
84 84 84 84 84 84 84 84 84 84 
84 84 84 84 84 84 84 84 84 84 
84 84 84 84 84 84 84 85 85 85 
85 85 85 85 85 85 85 85 85 85 
85 85 85 85 85 85 85 85 85 85 
85 85 85 85 85 85 85 85 85 85 
85 85 85 85 85 85 85 85 85 85 
85 86 86 86 86 86 86 86 86 86 
86 86 86 86 86 86 86 86 86 86 
86 86 86 86 86 86 86 86 86 86 
86 86 86 86 86 86 86 86 86 86 
86 86 86 86 86 87 87 87 87 87 
87 87 87 87 87 87 87 87 87 87 
87 87 87 87 87 87 87 87 87 87 
87 87 87 87 87 87 87 87 87 87 
87 87 87 87 87 87 87 87 87 88 
88 88 88 88 88 88 88 88 88 88 
88 88 88 88 88 88 88 88 88 88 
88 88 88 88 88 88 88 88 88 88 
88 88 88 88 88 88 88 88 88 88 
88 88 88 89 89 89 89 89 89 89 
89 89 89 89 89 89 89 89 89 89 
89 89 89 89 89 89 89 89 89 89 
89 89 89 89 89 89 89 89 89 89 
89 89 89 89 89 89 89 90 90 90 
90 90 90 90 90 90 90 90 90 90 
90 90 90 90 90 90 90 90 90 90 
90 90 90 90 90 90 90 90 90 90 
90 90 90 90 90 90 90 90 90 90 
90 91 91 91 91 91 91 91 91 91 
91 91 91 91 91 91 91 91 91 91 
91 91 91 91 91 91 91 91 91 91 
91 91 91 91 91 91 91 91 91 91 
91 91 91 91 91 92 92 92 92 92 
92 92 92 92 92 92 92 92 92 92 
92 92 92 92 92 92 92 92 92 92 
92 92 92 92 92 92 92 92 92 92 
92 92 92 92 92 92 92 92 92 93 
93 93 93 93 93 93 93 93 93 93 
93 93 93 93 93 93 93 93 93 93 
93 93 93 93 93 93 93 93 93 93 
93 93 93 93 93 93 93 93 93 93 
93 93 93 94 94 94 94 94 94 94 
94 94 94 94 94 94 94 94 94 94 
94 94 94 94 94 94 94 94 94 94 
94 94 94 94 94 94 94 94 94 94 
94 94 94 94 94 94 94 95 95 95 
95 95 95 95 95 95 95 95 95 95 
95 95 95 95 95 95 95 95 95 95 
95 95 95 95 95 95 95 95 95 95 
95 95 95 95 95 95 95 95 95 95 
95 96 96 96 96 96 96 96 96 96 
96 96 96 96 96 96 96 96 96 96 
96 96 96 96 96 96 96 96 96 96 
96 96 96 96 96 96 96 96 96 96 
96 96 96 96 96 97 97 97 97 97 
97 97 97 97 97 97 97 97 97 97 
97 97 97 97 97 97 97 97 97 97 
97 97 97 97 97 97 97 97 97 97 
97 97 97 97 97 97 97 97 97 98 
98 98 98 98 98 98 98 98 98 98 
98 98 98 98 98 98 98 98 98 98 
98 98 98 98 98 98 98 98 98 98 
98 98 98 98 98 98 98 98 98 98 
98 98 98 99 99 99 99 99 99 99 
99 99 99 99 99 99 99 99 99 99 
99 99 99 99 99 99 99 99 99 99 
99 99 99 99 99 99 99 99 99 99 
99 99 99 99 99 99 99 100 100 100 
100 100 100 100 100 100 100 100 100 100 
100 100 100 100 100 100 100 100 100 100 
100 100 100 100 100 100 100 100 100 100 
100 100 100 100 100 100 100 100 100 100 
100 SCALARS Node_Pressure_MPa float 1
LOOKUP_TABLE default
50.6125 50.6125 50.6125 50.6125 50.6125 50.6125 50.6125 50.6125 50.6125 
50.6125 50.6125 50.6125 50.6125 50.6125 50.6125 50.6125 50.6125 50.6125 50.6125 
50.6125 50.6125 50.6125 50.6125 50.6125 50.6125 50.6125 50.6125 50.6125 50.6125 
50.6125 50.6125 50.6125 50.6125 50.6125 50.6125 50.6125 50.6125 50.6125 50.6125 
50.6125 50.6125 50.6125 50.6125 50.6125 48.6485 48.6485 48.6485 48.6485 48.6485 
48.6485 48.6485 48.6485 48.6485 48.6485 48.6485 48.6485 48.6485 48.6485 48.6485 
48.6485 48.6485 48.6485 48.6485 48.6485 48.6485 48.6485 48.6485 48.6485 48.6485 
48.6485 48.6485 48.6485 48.6485 48.6485 48.6485 48.6485 48.6485 48.6485 48.6485 
48.6485 48.6485 48.6485 48.6485 48.6485 48.6485 48.6485 48.6485 48.6485 48.3672 
48.3672 48.3672 48.3672 48.3672 48.3672 48.3672 48.3672 48.3672 48.3672 48.3672 
48.3672 48.3672 48.3672 48.3672 48.3672 48.3672 48.3672 48.3672 48.3672 48.3672 
48.3672 48.3672 48.3672 48.3672 48.3672 48.3672 48.3672 48.3672 48.3672 48.3672 
48.3672 48.3672 48.3672 48.3672 48.3672 48.3672 48.3672 48.3672 48.3672 48.3672 
48.3672 48.3672 48.3672 48.3752 48.3752 48.3752 48.3752 48.3752 48.3752 48.3752 
48.3752 48.3752 48.3752 48.3752 48.3752 48.3752 48.3752 48.3752 48.3752 48.3752 
48.3752 48.3752 48.3752 48.3752 48.3752 48.3752 48.3752 48.3752 48.3752 48.3752 
48.3752 48.3752 48.3752 48.3752 48.3752 48.3752 48.3752 48.3752 48.3752 48.3752 
48.3752 48.3752 48.3752 48.3752 48.3752 48.3752 48.3752 48.6409 48.6409 48.6409 
48.6409 48.6409 48.6409 48.6409 48.6409 48.6409 48.6409 48.6409 48.6409 48.6409 
48.6409 48.6409 48.6409 48.6409 48.6409 48.6409 48.6409 48.6409 48.6409 48.6409 
48.6409 48.6409 48.6409 48.6409 48.6409 48.6409 48.6409 48.6409 48.6409 48.6409 
48.6409 48.6409 48.6409 48.6409 48.6409 48.6409 48.6409 48.6409 48.6409 48.6409 
48.6409 48.6332 48.6332 48.6332 48.6332 48.6332 48.6332 48.6332 48.6332 48.6332 
48.6332 48.6332 48.6332 48.6332 48.6332 48.6332 48.6332 48.6332 48.6332 48.6332 
48.6332 48.6332 48.6332 48.6332 48.6332 48.6332 48.6332 48.6332 48.6332 48.6332 
48.6332 48.6332 48.6332 48.6332 48.6332 48.6332 48.6332 48.6332 48.6332 48.6332 
48.6332 48.6332 48.6332 48.6332 48.6332 48.6255 48.6255 48.6255 48.6255 48.6255 
48.6255 48.6255 48.6255 48.6255 48.6255 48.6255 48.6255 48.6255 48.6255 48.6255 
48.6255 48.6255 48.6255 48.6255 48.6255 48.6255 48.6255 48.6255 48.6255 48.6255 
48.6255 48.6255 48.6255 48.6255 48.6255 48.6255 48.6255 48.6255 48.6255 48.6255 
48.6255 48.6255 48.6255 48.6255 48.6255 48.6255 48.6255 48.6255 48.6255 48.6178 
48.6178 48.6178 48.6178 48.6178 48.6178 48.6178 48.6178 48.6178 48.6178 48.6178 
48.6178 48.6178 48.6178 48.6178 48.6178 48.6178 48.6178 48.6178 48.6178 48.6178 
48.6178 48.6178 48.6178 48.6178 48.6178 48.6178 48.6178 48.6178 48.6178 48.6178 
48.6178 48.6178 48.6178 48.6178 48.6178 48.6178 48.6178 48.6178 48.6178 48.6178 
48.6178 48.6178 48.6178 48.6101 48.6101 48.6101 48.6101 48.6101 48.6101 48.6101 
48.6101 48.6101 48.6101 48.6101 48.6101 48.6101 48.6101 48.6101 48.6101 48.6101 
48.6101 48.6101 48.6101 48.6101 48.6101 48.6101 48.6101 48.6101 48.6101 48.6101 
48.6101 48.6101 48.6101 48.6101 48.6101 48.6101 48.6101 48.6101 48.6101 48.6101 
48.6101 48.6101 48.6101 48.6101 48.6101 48.6101 48.6101 48.6024 48.6024 48.6024 
48.6024 48.6024 48.6024 48.6024 48.6024 48.6024 48.6024 48.6024 48.6024 48.6024 
48.6024 48.6024 48.6024 48.6024 48.6024 48.6024 48.6024 48.6024 48.6024 48.6024 
48.6024 48.6024 48.6024 48.6024 48.6024 48.6024 48.6024 48.6024 48.6024 48.6024 
48.6024 48.6024 48.6024 48.6024 48.6024 48.6024 48.6024 48.6024 48.6024 48.6024 
48.6024 48.5947 48.5947 48.5947 48.5947 48.5947 48.5947 48.5947 48.5947 48.5947 
48.5947 48.5947 48.5947 48.5947 48.5947 48.5947 48.5947 48.5947 48.5947 48.5947 
48.5947 48.5947 48.5947 48.5947 48.5947 48.5947 48.5947 48.5947 48.5947 48.5947 
48.5947 48.5947 48.5947 48.5947 48.5947 48.5947 48.5947 48.5947 48.5947 48.5947 
48.5947 48.5947 48.5947 48.5947 48.5947 48.587 48.587 48.587 48.587 48.587 
48.587 48.587 48.587 48.587 48.587 48.587 48.587 48.587 48.587 48.587 
48.587 48.587 48.587 48.587 48.587 48.587 48.587 48.587 48.587 48.587 
48.587 48.587 48.587 48.587 48.587 48.587 48.587 48.587 48.587 48.587 
48.587 48.587 48.587 48.587 48.587 48.587 48.587 48.587 48.587 48.5794 
48.5794 48.5794 48.5794 48.5794 48.5794 48.5794 48.5794 48.5794 48.5794 48.5794 
48.5794 48.5794 48.5794 48.5794 48.5794 48.5794 48.5794 48.5794 48.5794 48.5794 
48.5794 48.5794 48.5794 48.5794 48.5794 48.5794 48.5794 48.5794 48.5794 48.5794 
48.5794 48.5794 48.5794 48.5794 48.5794 48.5794 48.5794 48.5794 48.5794 48.5794 
48.5794 48.5794 48.5794 48.5717 48.5717 48.5717 48.5717 48.5717 48.5717 48.5717 
48.5717 48.5717 48.5717 48.5717 48.5717 48.5717 48.5717 48.5717 48.5717 48.5717 
48.5717 48.5717 48.5717 48.5717 48.5717 48.5717 48.5717 48.5717 48.5717 48.5717 
48.5717 48.5717 48.5717 48.5717 48.5717 48.5717 48.5717 48.5717 48.5717 48.5717 
48.5717 48.5717 48.5717 48.5717 48.5717 48.5717 48.5717 48.564 48.564 48.564 
48.564 48.564 48.564 48.564 48.564 48.564 48.564 48.564 48.564 48.564 
48.564 48.564 48.564 48.564 48.564 48.564 48.564 48.564 48.564 48.564 
48.564 48.564 48.564 48.564 48.564 48.564 48.564 48.564 48.564 48.564 
48.564 48.564 48.564 48.564 48.564 48.564 48.564 48.564 48.564 48.564 
48.564 48.5563 48.5563 48.5563 48.5563 48.5563 48.5563 48.5563 48.5563 48.5563 
48.5563 48.5563 48.5563 48.5563 48.5563 48.5563 48.5563 48.5563 48.5563 48.5563 
48.5563 48.5563 48.5563 48.5563 48.5563 48.5563 48.5563 48.5563 48.5563 48.5563 
48.5563 48.5563 48.5563 48.5563 48.5563 48.5563 48.5563 48.5563 48.5563 48.5563 
48.5563 48.5563 48.5563 48.5563 48.5563 48.5486 48.5486 48.5486 48.5486 48.5486 
48.5486 48.5486 48.5486 48.5486 48.5486 48.5486 48.5486 48.5486 48.5486 48.5486 
48.5486 48.5486 48.5486 48.5486 48.5486 48.5486 48.5486 48.5486 48.5486 48.5486 
48.5486 48.5486 48.5486 48.5486 48.5486 48.5486 48.5486 48.5486 48.5486 48.5486 
48.5486 48.5486 48.5486 48.5486 48.5486 48.5486 48.5486 48.5486 48.5486 48.5409 
48.5409 48.5409 48.5409 48.5409 48.5409 48.5409 48.5409 48.5409 48.5409 48.5409 
48.5409 48.5409 48.5409 48.5409 48.5409 48.5409 48.5409 48.5409 48.5409 48.5409 
48.5409 48.5409 48.5409 48.5409 48.5409 48.5409 48.5409 48.5409 48.5409 48.5409 
48.5409 48.5409 48.5409 48.5409 48.5409 48.5409 48.5409 48.5409 48.5409 48.5409 
48.5409 48.5409 48.5409 48.5332 48.5332 48.5332 48.5332 48.5332 48.5332 48.5332 
48.5332 48.5332 48.5332 48.5332 48.5332 48.5332 48.5332 48.5332 48.5332 48.5332 
48.5332 48.5332 48.5332 48.5332 48.5332 48.5332 48.5332 48.5332 48.5332 48.5332 
48.5332 48.5332 48.5332 48.5332 48.5332 48.5332 48.5332 48.5332 48.5332 48.5332 
48.5332 48.5332 48.5332 48.5332 48.5332 48.5332 48.5332 48.5256 48.5256 48.5256 
48.5256 48.5256 48.5256 48.5256 48.5256 48.5256 48.5256 48.5256 48.5256 48.5256 
48.5256 48.5256 48.5256 48.5256 48.5256 48.5256 48.5256 48.5256 48.5256 48.5256 
48.5256 48.5256 48.5256 48.5256 48.5256 48.5256 48.5256 48.5256 48.5256 48.5256 
48.5256 48.5256 48.5256 48.5256 48.5256 48.5256 48.5256 48.5256 48.5256 48.5256 
48.5256 48.5179 48.5179 48.5179 48.5179 48.5179 48.5179 48.5179 48.5179 48.5179 
48.5179 48.5179 48.5179 48.5179 48.5179 48.5179 48.5179 48.5179 48.5179 48.5179 
48.5179 48.5179 48.5179 48.5179 48.5179 48.5179 48.5179 48.5179 48.5179 48.5179 
48.5179 48.5179 48.5179 48.5179 48.5179 48.5179 48.5179 48.5179 48.5179 48.5179 
48.5179 48.5179 48.5179 48.5179 48.5179 48.5102 48.5102 48.5102 48.5102 48.5102 
48.5102 48.5102 48.5102 48.5102 48.5102 48.5102 48.5102 48.5102 48.5102 48.5102 
48.5102 48.5102 48.5102 48.5102 48.5102 48.5102 48.5102 48.5102 48.5102 48.5102 
48.5102 48.5102 48.5102 48.5102 48.5102 48.5102 48.5102 48.5102 48.5102 48.5102 
48.5102 48.5102 48.5102 48.5102 48.5102 48.5102 48.5102 48.5102 48.5102 48.51 
48.51 48.51 48.51 48.51 48.51 48.51 48.51 48.51 48.51 48.51 
48.51 48.51 48.51 48.51 48.51 48.51 48.51 48.51 48.51 48.51 
48.51 48.51 48.51 48.51 48.51 48.51 48.51 48.51 48.51 48.51 
48.51 48.51 48.51 48.51 48.51 48.51 48.51 48.51 48.51 48.51 
48.51 48.51 48.51 48.5097 48.5097 48.5097 48.5097 48.5097 48.5097 48.5097 
48.5097 48.5097 48.5097 48.5097 48.5097 48.5097 48.5097 48.5097 48.5097 48.5097 
48.5097 48.5097 48.5097 48.5097 48.5097 48.5097 48.5097 48.5097 48.5097 48.5097 
48.5097 48.5097 48.5097 48.5097 48.5097 48.5097 48.5097 48.5097 48.5097 48.5097 
48.5097 48.5097 48.5097 48.5097 48.5097 48.5097 48.5097 48.5095 48.5095 48.5095 
48.5095 48.5095 48.5095 48.5095 48.5095 48.5095 48.5095 48.5095 48.5095 48.5095 
48.5095 48.5095 48.5095 48.5095 48.5095 48.5095 48.5095 48.5095 48.5095 48.5095 
48.5095 48.5095 48.5095 48.5095 48.5095 48.5095 48.5095 48.5095 48.5095 48.5095 
48.5095 48.5095 48.5095 48.5095 48.5095 48.5095 48.5095 48.5095 48.5095 48.5095 
48.5095 48.383 48.383 48.383 48.383 48.383 48.383 48.383 48.383 48.383 
48.383 48.383 48.383 48.383 48.383 48.383 48.383 48.383 48.383 48.383 
48.383 48.383 48.383 48.383 48.383 48.383 48.383 48.383 48.383 48.383 
48.383 48.383 48.383 48.383 48.383 48.383 48.383 48.383 48.383 48.383 
48.383 48.383 48.383 48.383 48.383 48.3909 48.3909 48.3909 48.3909 48.3909 
48.3909 48.3909 48.3909 48.3909 48.3909 48.3909 48.3909 48.3909 48.3909 48.3909 
48.3909 48.3909 48.3909 48.3909 48.3909 48.3909 48.3909 48.3909 48.3909 48.3909 
48.3909 48.3909 48.3909 48.3909 48.3909 48.3909 48.3909 48.3909 48.3909 48.3909 
48.3909 48.3909 48.3909 48.3909 48.3909 48.3909 48.3909 48.3909 48.3909 48.3987 
48.3987 48.3987 48.3987 48.3987 48.3987 48.3987 48.3987 48.3987 48.3987 48.3987 
48.3987 48.3987 48.3987 48.3987 48.3987 48.3987 48.3987 48.3987 48.3987 48.3987 
48.3987 48.3987 48.3987 48.3987 48.3987 48.3987 48.3987 48.3987 48.3987 48.3987 
48.3987 48.3987 48.3987 48.3987 48.3987 48.3987 48.3987 48.3987 48.3987 48.3987 
48.3987 48.3987 48.3987 48.4066 48.4066 48.4066 48.4066 48.4066 48.4066 48.4066 
48.4066 48.4066 48.4066 48.4066 48.4066 48.4066 48.4066 48.4066 48.4066 48.4066 
48.4066 48.4066 48.4066 48.4066 48.4066 48.4066 48.4066 48.4066 48.4066 48.4066 
48.4066 48.4066 48.4066 48.4066 48.4066 48.4066 48.4066 48.4066 48.4066 48.4066 
48.4066 48.4066 48.4066 48.4066 48.4066 48.4066 48.4066 48.4145 48.4145 48.4145 
48.4145 48.4145 48.4145 48.4145 48.4145 48.4145 48.4145 48.4145 48.4145 48.4145 
48.4145 48.4145 48.4145 48.4145 48.4145 48.4145 48.4145 48.4145 48.4145 48.4145 
48.4145 48.4145 48.4145 48.4145 48.4145 48.4145 48.4145 48.4145 48.4145 48.4145 
48.4145 48.4145 48.4145 48.4145 48.4145 48.4145 48.4145 48.4145 48.4145 48.4145 
48.4145 48.4223 48.4223 48.4223 48.4223 48.4223 48.4223 48.4223 48.4223 48.4223 
48.4223 48.4223 48.4223 48.4223 48.4223 48.4223 48.4223 48.4223 48.4223 48.4223 
48.4223 48.4223 48.4223 48.4223 48.4223 48.4223 48.4223 48.4223 48.4223 48.4223 
48.4223 48.4223 48.4223 48.4223 48.4223 48.4223 48.4223 48.4223 48.4223 48.4223 
48.4223 48.4223 48.4223 48.4223 48.4223 48.4302 48.4302 48.4302 48.4302 48.4302 
48.4302 48.4302 48.4302 48.4302 48.4302 48.4302 48.4302 48.4302 48.4302 48.4302 
48.4302 48.4302 48.4302 48.4302 48.4302 48.4302 48.4302 48.4302 48.4302 48.4302 
48.4302 48.4302 48.4302 48.4302 48.4302 48.4302 48.4302 48.4302 48.4302 48.4302 
48.4302 48.4302 48.4302 48.4302 48.4302 48.4302 48.4302 48.4302 48.4302 48.4381 
48.4381 48.4381 48.4381 48.4381 48.4381 48.4381 48.4381 48.4381 48.4381 48.4381 
48.4381 48.4381 48.4381 48.4381 48.4381 48.4381 48.4381 48.4381 48.4381 48.4381 
48.4381 48.4381 48.4381 48.4381 48.4381 48.4381 48.4381 48.4381 48.4381 48.4381 
48.4381 48.4381 48.4381 48.4381 48.4381 48.4381 48.4381 48.4381 48.4381 48.4381 
48.4381 48.4381 48.4381 48.4459 48.4459 48.4459 48.4459 48.4459 48.4459 48.4459 
48.4459 48.4459 48.4459 48.4459 48.4459 48.4459 48.4459 48.4459 48.4459 48.4459 
48.4459 48.4459 48.4459 48.4459 48.4459 48.4459 48.4459 48.4459 48.4459 48.4459 
48.4459 48.4459 48.4459 48.4459 48.4459 48.4459 48.4459 48.4459 48.4459 48.4459 
48.4459 48.4459 48.4459 48.4459 48.4459 48.4459 48.4459 48.4538 48.4538 48.4538 
48.4538 48.4538 48.4538 48.4538 48.4538 48.4538 48.4538 48.4538 48.4538 48.4538 
48.4538 48.4538 48.4538 48.4538 48.4538 48.4538 48.4538 48.4538 48.4538 48.4538 
48.4538 48.4538 48.4538 48.4538 48.4538 48.4538 48.4538 48.4538 48.4538 48.4538 
48.4538 48.4538 48.4538 48.4538 48.4538 48.4538 48.4538 48.4538 48.4538 48.4538 
48.4538 48.4616 48.4616 48.4616 48.4616 48.4616 48.4616 48.4616 48.4616 48.4616 
48.4616 48.4616 48.4616 48.4616 48.4616 48.4616 48.4616 48.4616 48.4616 48.4616 
48.4616 48.4616 48.4616 48.4616 48.4616 48.4616 48.4616 48.4616 48.4616 48.4616 
48.4616 48.4616 48.4616 48.4616 48.4616 48.4616 48.4616 48.4616 48.4616 48.4616 
48.4616 48.4616 48.4616 48.4616 48.4616 48.4695 48.4695 48.4695 48.4695 48.4695 
48.4695 48.4695 48.4695 48.4695 48.4695 48.4695 48.4695 48.4695 48.4695 48.4695 
48.4695 48.4695 48.4695 48.4695 48.4695 48.4695 48.4695 48.4695 48.4695 48.4695 
48.4695 48.4695 48.4695 48.4695 48.4695 48.4695 48.4695 48.4695 48.4695 48.4695 
48.4695 48.4695 48.4695 48.4695 48.4695 48.4695 48.4695 48.4695 48.4695 48.4774 
48.4774 48.4774 48.4774 48.4774 48.4774 48.4774 48.4774 48.4774 48.4774 48.4774 
48.4774 48.4774 48.4774 48.4774 48.4774 48.4774 48.4774 48.4774 48.4774 48.4774 
48.4774 48.4774 48.4774 48.4774 48.4774 48.4774 48.4774 48.4774 48.4774 48.4774 
48.4774 48.4774 48.4774 48.4774 48.4774 48.4774 48.4774 48.4774 48.4774 48.4774 
48.4774 48.4774 48.4774 48.4852 48.4852 48.4852 48.4852 48.4852 48.4852 48.4852 
48.4852 48.4852 48.4852 48.4852 48.4852 48.4852 48.4852 48.4852 48.4852 48.4852 
48.4852 48.4852 48.4852 48.4852 48.4852 48.4852 48.4852 48.4852 48.4852 48.4852 
48.4852 48.4852 48.4852 48.4852 48.4852 48.4852 48.4852 48.4852 48.4852 48.4852 
48.4852 48.4852 48.4852 48.4852 48.4852 48.4852 48.4852 48.4931 48.4931 48.4931 
48.4931 48.4931 48.4931 48.4931 48.4931 48.4931 48.4931 48.4931 48.4931 48.4931 
48.4931 48.4931 48.4931 48.4931 48.4931 48.4931 48.4931 48.4931 48.4931 48.4931 
48.4931 48.4931 48.4931 48.4931 48.4931 48.4931 48.4931 48.4931 48.4931 48.4931 
48.4931 48.4931 48.4931 48.4931 48.4931 48.4931 48.4931 48.4931 48.4931 48.4931 
48.4931 48.5009 48.5009 48.5009 48.5009 48.5009 48.5009 48.5009 48.5009 48.5009 
48.5009 48.5009 48.5009 48.5009 48.5009 48.5009 48.5009 48.5009 48.5009 48.5009 
48.5009 48.5009 48.5009 48.5009 48.5009 48.5009 48.5009 48.5009 48.5009 48.5009 
48.5009 48.5009 48.5009 48.5009 48.5009 48.5009 48.5009 48.5009 48.5009 48.5009 
48.5009 48.5009 48.5009 48.5009 48.5009 48.5088 48.5088 48.5088 48.5088 48.5088 
48.5088 48.5088 48.5088 48.5088 48.5088 48.5088 48.5088 48.5088 48.5088 48.5088 
48.5088 48.5088 48.5088 48.5088 48.5088 48.5088 48.5088 48.5088 48.5088 48.5088 
48.5088 48.5088 48.5088 48.5088 48.5088 48.5088 48.5088 48.5088 48.5088 48.5088 
48.5088 48.5088 48.5088 48.5088 48.5088 48.5088 48.5088 48.5088 48.5088 48.509 
48.509 48.509 48.509 48.509 48.509 48.509 48.509 48.509 48.509 48.509 
48.509 48.509 48.509 48.509 48.509 48.509 48.509 48.509 48.509 48.509 
48.509 48.509 48.509 48.509 48.509 48.509 48.509 48.509 48.509 48.509 
48.509 48.509 48.509 48.509 48.509 48.509 48.509 48.509 48.509 48.509 
48.509 48.509 48.509 48.5091 48.5091 48.5091 48.5091 48.5091 48.5091 48.5091 
48.5091 48.5091 48.5091 48.5091 48.5091 48.5091 48.5091 48.5091 48.5091 48.5091 
48.5091 48.5091 48.5091 48.5091 48.5091 48.5091 48.5091 48.5091 48.5091 48.5091 
48.5091 48.5091 48.5091 48.5091 48.5091 48.5091 48.5091 48.5091 48.5091 48.5091 
48.5091 48.5091 48.5091 48.5091 48.5091 48.5091 48.5091 48.509 48.509 48.509 
48.509 48.509 48.509 48.509 48.509 48.509 48.509 48.509 48.509 48.509 
48.509 48.509 48.509 48.509 48.509 48.509 48.509 48.509 48.509 48.509 
48.509 48.509 48.509 48.509 48.509 48.509 48.509 48.509 48.509 48.509 
48.509 48.509 48.509 48.509 48.509 48.509 48.509 48.509 48.509 48.509 
48.509 48.509 48.509 48.509 48.509 48.509 48.509 48.509 48.509 48.509 
48.509 48.509 48.509 48.509 48.509 48.509 48.509 48.509 48.509 48.509 
48.509 48.509 48.509 48.509 48.509 48.509 48.509 48.509 48.509 48.509 
48.509 48.509 48.509 48.509 48.509 48.509 48.509 48.509 48.509 48.509 
48.509 48.509 48.509 48.509 48.509 48.51 48.51 48.51 48.51 48.51 
48.51 48.51 48.51 48.51 48.51 48.51 48.51 48.51 48.51 48.51 
48.51 48.51 48.51 48.51 48.51 48.51 48.51 48.51 48.51 48.51 
48.51 48.51 48.51 48.51 48.51 48.51 48.51 48.51 48.51 48.51 
48.51 48.51 48.51 48.51 48.51 48.51 48.51 48.51 48.51 48.51 
48.51 48.51 48.51 48.51 48.51 48.51 48.51 48.51 48.51 48.51 
48.51 48.51 48.51 48.51 48.51 48.51 48.51 48.51 48.51 48.51 
48.51 48.51 48.51 48.51 48.51 48.51 48.51 48.51 48.51 48.51 
48.51 48.51 48.51 48.51 48.51 48.51 48.51 48.51 48.51 48.51 
48.51 48.51 48.51 48.5098 48.5098 48.5098 48.5098 48.5098 48.5098 48.5098 
48.5098 48.5098 48.5098 48.5098 48.5098 48.5098 48.5098 48.5098 48.5098 48.5098 
48.5098 48.5098 48.5098 48.5098 48.5098 48.5098 48.5098 48.5098 48.5098 48.5098 
48.5098 48.5098 48.5098 48.5098 48.5098 48.5098 48.5098 48.5098 48.5098 48.5098 
48.5098 48.5098 48.5098 48.5098 48.5098 48.5098 48.5098 48.5097 48.5097 48.5097 
48.5097 48.5097 48.5097 48.5097 48.5097 48.5097 48.5097 48.5097 48.5097 48.5097 
48.5097 48.5097 48.5097 48.5097 48.5097 48.5097 48.5097 48.5097 48.5097 48.5097 
48.5097 48.5097 48.5097 48.5097 48.5097 48.5097 48.5097 48.5097 48.5097 48.5097 
48.5097 48.5097 48.5097 48.5097 48.5097 48.5097 48.5097 48.5097 48.5097 48.5097 
48.5097 48.5095 48.5095 48.5095 48.5095 48.5095 48.5095 48.5095 48.5095 48.5095 
48.5095 48.5095 48.5095 48.5095 48.5095 48.5095 48.5095 48.5095 48.5095 48.5095 
48.5095 48.5095 48.5095 48.5095 48.5095 48.5095 48.5095 48.5095 48.5095 48.5095 
48.5095 48.5095 48.5095 48.5095 48.5095 48.5095 48.5095 48.5095 48.5095 48.5095 
48.5095 48.5095 48.5095 48.5095 48.5095 48.5091 48.5091 48.5091 48.5091 48.5091 
48.5091 48.5091 48.5091 48.5091 48.5091 48.5091 48.5091 48.5091 48.5091 48.5091 
48.5091 48.5091 48.5091 48.5091 48.5091 48.5091 48.5091 48.5091 48.5091 48.5091 
48.5091 48.5091 48.5091 48.5091 48.5091 48.5091 48.5091 48.5091 48.5091 48.5091 
48.5091 48.5091 48.5091 48.5091 48.5091 48.5091 48.5091 48.5091 48.5091 48.5092 
48.5092 48.5092 48.5092 48.5092 48.5092 48.5092 48.5092 48.5092 48.5092 48.5092 
48.5092 48.5092 48.5092 48.5092 48.5092 48.5092 48.5092 48.5092 48.5092 48.5092 
48.5092 48.5092 48.5092 48.5092 48.5092 48.5092 48.5092 48.5092 48.5092 48.5092 
48.5092 48.5092 48.5092 48.5092 48.5092 48.5092 48.5092 48.5092 48.5092 48.5092 
48.5092 48.5092 48.5092 48.5098 48.5098 48.5098 48.5098 48.5098 48.5098 48.5098 
48.5098 48.5098 48.5098 48.5098 48.5098 48.5098 48.5098 48.5098 48.5098 48.5098 
48.5098 48.5098 48.5098 48.5098 48.5098 48.5098 48.5098 48.5098 48.5098 48.5098 
48.5098 48.5098 48.5098 48.5098 48.5098 48.5098 48.5098 48.5098 48.5098 48.5098 
48.5098 48.5098 48.5098 48.5098 48.5098 48.5098 48.5098 48.5097 48.5097 48.5097 
48.5097 48.5097 48.5097 48.5097 48.5097 48.5097 48.5097 48.5097 48.5097 48.5097 
48.5097 48.5097 48.5097 48.5097 48.5097 48.5097 48.5097 48.5097 48.5097 48.5097 
48.5097 48.5097 48.5097 48.5097 48.5097 48.5097 48.5097 48.5097 48.5097 48.5097 
48.5097 48.5097 48.5097 48.5097 48.5097 48.5097 48.5097 48.5097 48.5097 48.5097 
48.5097 48.5095 48.5095 48.5095 48.5095 48.5095 48.5095 48.5095 48.5095 48.5095 
48.5095 48.5095 48.5095 48.5095 48.5095 48.5095 48.5095 48.5095 48.5095 48.5095 
48.5095 48.5095 48.5095 48.5095 48.5095 48.5095 48.5095 48.5095 48.5095 48.5095 
48.5095 48.5095 48.5095 48.5095 48.5095 48.5095 48.5095 48.5095 48.5095 48.5095 
48.5095 48.5095 48.5095 48.5095 48.5095 48.5091 48.5091 48.5091 48.5091 48.5091 
48.5091 48.5091 48.5091 48.5091 48.5091 48.5091 48.5091 48.5091 48.5091 48.5091 
48.5091 48.5091 48.5091 48.5091 48.5091 48.5091 48.5091 48.5091 48.5091 48.5091 
48.5091 48.5091 48.5091 48.5091 48.5091 48.5091 48.5091 48.5091 48.5091 48.5091 
48.5091 48.5091 48.5091 48.5091 48.5091 48.5091 48.5091 48.5091 48.5091 48.5092 
48.5092 48.5092 48.5092 48.5092 48.5092 48.5092 48.5092 48.5092 48.5092 48.5092 
48.5092 48.5092 48.5092 48.5092 48.5092 48.5092 48.5092 48.5092 48.5092 48.5092 
48.5092 48.5092 48.5092 48.5092 48.5092 48.5092 48.5092 48.5092 48.5092 48.5092 
48.5092 48.5092 48.5092 48.5092 48.5092 48.5092 48.5092 48.5092 48.5092 48.5092 
48.5092 48.5092 48.5092 48.5091 48.5091 48.5091 48.5091 48.5091 48.5091 48.5091 
48.5091 48.5091 48.5091 48.5091 48.5091 48.5091 48.5091 48.5091 48.5091 48.5091 
48.5091 48.5091 48.5091 48.5091 48.5091 48.5091 48.5091 48.5091 48.5091 48.5091 
48.5091 48.5091 48.5091 48.5091 48.5091 48.5091 48.5091 48.5091 48.5091 48.5091 
48.5091 48.5091 48.5091 48.5091 48.5091 48.5091 48.5091 48.5091 48.5091 48.5091 
48.5091 48.5091 48.5091 48.5091 48.5091 48.5091 48.5091 48.5091 48.5091 48.5091 
48.5091 48.5091 48.5091 48.5091 48.5091 48.5091 48.5091 48.5091 48.5091 48.5091 
48.5091 48.5091 48.5091 48.5091 48.5091 48.5091 48.5091 48.5091 48.5091 48.5091 
48.5091 48.5091 48.5091 48.5091 48.5091 48.5091 48.5091 48.5091 48.5091 48.5091 
48.5091 48.5099 48.5099 48.5099 48.5099 48.5099 48.5099 48.5099 48.5099 48.5099 
48.5099 48.5099 48.5099 48.5099 48.5099 48.5099 48.5099 48.5099 48.5099 48.5099 
48.5099 48.5099 48.5099 48.5099 48.5099 48.5099 48.5099 48.5099 48.5099 48.5099 
48.5099 48.5099 48.5099 48.5099 48.5099 48.5099 48.5099 48.5099 48.5099 48.5099 
48.5099 48.5099 48.5099 48.5099 48.5099 48.5099 48.5099 48.5099 48.5099 48.5099 
48.5099 48.5099 48.5099 48.5099 48.5099 48.5099 48.5099 48.5099 48.5099 48.5099 
48.5099 48.5099 48.5099 48.5099 48.5099 48.5099 48.5099 48.5099 48.5099 48.5099 
48.5099 48.5099 48.5099 48.5099 48.5099 48.5099 48.5099 48.5099 48.5099 48.5099 
48.5099 48.5099 48.5099 48.5099 48.5099 48.5099 48.5099 48.5099 48.5099 48.5097 
48.5097 48.5097 48.5097 48.5097 48.5097 48.5097 48.5097 48.5097 48.5097 48.5097 
48.5097 48.5097 48.5097 48.5097 48.5097 48.5097 48.5097 48.5097 48.5097 48.5097 
48.5097 48.5097 48.5097 48.5097 48.5097 48.5097 48.5097 48.5097 48.5097 48.5097 
48.5097 48.5097 48.5097 48.5097 48.5097 48.5097 48.5097 48.5097 48.5097 48.5097 
48.5097 48.5097 48.5097 48.5096 48.5096 48.5096 48.5096 48.5096 48.5096 48.5096 
48.5096 48.5096 48.5096 48.5096 48.5096 48.5096 48.5096 48.5096 48.5096 48.5096 
48.5096 48.5096 48.5096 48.5096 48.5096 48.5096 48.5096 48.5096 48.5096 48.5096 
48.5096 48.5096 48.5096 48.5096 48.5096 48.5096 48.5096 48.5096 48.5096 48.5096 
48.5096 48.5096 48.5096 48.5096 48.5096 48.5096 48.5096 48.5095 48.5095 48.5095 
48.5095 48.5095 48.5095 48.5095 48.5095 48.5095 48.5095 48.5095 48.5095 48.5095 
48.5095 48.5095 48.5095 48.5095 48.5095 48.5095 48.5095 48.5095 48.5095 48.5095 
48.5095 48.5095 48.5095 48.5095 48.5095 48.5095 48.5095 48.5095 48.5095 48.5095 
48.5095 48.5095 48.5095 48.5095 48.5095 48.5095 48.5095 48.5095 48.5095 48.5095 
48.5095 48.5092 48.5092 48.5092 48.5092 48.5092 48.5092 48.5092 48.5092 48.5092 
48.5092 48.5092 48.5092 48.5092 48.5092 48.5092 48.5092 48.5092 48.5092 48.5092 
48.5092 48.5092 48.5092 48.5092 48.5092 48.5092 48.5092 48.5092 48.5092 48.5092 
48.5092 48.5092 48.5092 48.5092 48.5092 48.5092 48.5092 48.5092 48.5092 48.5092 
48.5092 48.5092 48.5092 48.5092 48.5092 48.5093 48.5093 48.5093 48.5093 48.5093 
48.5093 48.5093 48.5093 48.5093 48.5093 48.5093 48.5093 48.5093 48.5093 48.5093 
48.5093 48.5093 48.5093 48.5093 48.5093 48.5093 48.5093 48.5093 48.5093 48.5093 
48.5093 48.5093 48.5093 48.5093 48.5093 48.5093 48.5093 48.5093 48.5093 48.5093 
48.5093 48.5093 48.5093 48.5093 48.5093 48.5093 48.5093 48.5093 48.5093 48.5097 
48.5097 48.5097 48.5097 48.5097 48.5097 48.5097 48.5097 48.5097 48.5097 48.5097 
48.5097 48.5097 48.5097 48.5097 48.5097 48.5097 48.5097 48.5097 48.5097 48.5097 
48.5097 48.5097 48.5097 48.5097 48.5097 48.5097 48.5097 48.5097 48.5097 48.5097 
48.5097 48.5097 48.5097 48.5097 48.5097 48.5097 48.5097 48.5097 48.5097 48.5097 
48.5097 48.5097 48.5097 48.5096 48.5096 48.5096 48.5096 48.5096 48.5096 48.5096 
48.5096 48.5096 48.5096 48.5096 48.5096 48.5096 48.5096 48.5096 48.5096 48.5096 
48.5096 48.5096 48.5096 48.5096 48.5096 48.5096 48.5096 48.5096 48.5096 48.5096 
48.5096 48.5096 48.5096 48.5096 48.5096 48.5096 48.5096 48.5096 48.5096 48.5096 
48.5096 48.5096 48.5096 48.5096 48.5096 48.5096 48.5096 48.5095 48.5095 48.5095 
48.5095 48.5095 48.5095 48.5095 48.5095 48.5095 48.5095 48.5095 48.5095 48.5095 
48.5095 48.5095 48.5095 48.5095 48.5095 48.5095 48.5095 48.5095 48.5095 48.5095 
48.5095 48.5095 48.5095 48.5095 48.5095 48.5095 48.5095 48.5095 48.5095 48.5095 
48.5095 48.5095 48.5095 48.5095 48.5095 48.5095 48.5095 48.5095 48.5095 48.5095 
48.5095 48.5092 48.5092 48.5092 48.5092 48.5092 48.5092 48.5092 48.5092 48.5092 
48.5092 48.5092 48.5092 48.5092 48.5092 48.5092 48.5092 48.5092 48.5092 48.5092 
48.5092 48.5092 48.5092 48.5092 48.5092 48.5092 48.5092 48.5092 48.5092 48.5092 
48.5092 48.5092 48.5092 48.5092 48.5092 48.5092 48.5092 48.5092 48.5092 48.5092 
48.5092 48.5092 48.5092 48.5092 48.5092 48.5093 48.5093 48.5093 48.5093 48.5093 
48.5093 48.5093 48.5093 48.5093 48.5093 48.5093 48.5093 48.5093 48.5093 48.5093 
48.5093 48.5093 48.5093 48.5093 48.5093 48.5093 48.5093 48.5093 48.5093 48.5093 
48.5093 48.5093 48.5093 48.5093 48.5093 48.5093 48.5093 48.5093 48.5093 48.5093 
48.5093 48.5093 48.5093 48.5093 48.5093 48.5093 48.5093 48.5093 48.5093 48.5092 
48.5092 48.5092 48.5092 48.5092 48.5092 48.5092 48.5092 48.5092 48.5092 48.5092 
48.5092 48.5092 48.5092 48.5092 48.5092 48.5092 48.5092 48.5092 48.5092 48.5092 
48.5092 48.5092 48.5092 48.5092 48.5092 48.5092 48.5092 48.5092 48.5092 48.5092 
48.5092 48.5092 48.5092 48.5092 48.5092 48.5092 48.5092 48.5092 48.5092 48.5092 
48.5092 48.5092 48.5092 48.5092 48.5092 48.5092 48.5092 48.5092 48.5092 48.5092 
48.5092 48.5092 48.5092 48.5092 48.5092 48.5092 48.5092 48.5092 48.5092 48.5092 
48.5092 48.5092 48.5092 48.5092 48.5092 48.5092 48.5092 48.5092 48.5092 48.5092 
48.5092 48.5092 48.5092 48.5092 48.5092 48.5092 48.5092 48.5092 48.5092 48.5092 
48.5092 48.5092 48.5092 48.5092 48.5092 48.5092 48.5092 48.5098 48.5098 48.5098 
48.5098 48.5098 48.5098 48.5098 48.5098 48.5098 48.5098 48.5098 48.5098 48.5098 
48.5098 48.5098 48.5098 48.5098 48.5098 48.5098 48.5098 48.5098 48.5098 48.5098 
48.5098 48.5098 48.5098 48.5098 48.5098 48.5098 48.5098 48.5098 48.5098 48.5098 
48.5098 48.5098 48.5098 48.5098 48.5098 48.5098 48.5098 48.5098 48.5098 48.5098 
48.5098 48.5098 48.5098 48.5098 48.5098 48.5098 48.5098 48.5098 48.5098 48.5098 
48.5098 48.5098 48.5098 48.5098 48.5098 48.5098 48.5098 48.5098 48.5098 48.5098 
48.5098 48.5098 48.5098 48.5098 48.5098 48.5098 48.5098 48.5098 48.5098 48.5098 
48.5098 48.5098 48.5098 48.5098 48.5098 48.5098 48.5098 48.5098 48.5098 48.5098 
48.5098 48.5098 48.5098 48.5098 48.5098 48.5097 48.5097 48.5097 48.5097 48.5097 
48.5097 48.5097 48.5097 48.5097 48.5097 48.5097 48.5097 48.5097 48.5097 48.5097 
48.5097 48.5097 48.5097 48.5097 48.5097 48.5097 48.5097 48.5097 48.5097 48.5097 
48.5097 48.5097 48.5097 48.5097 48.5097 48.5097 48.5097 48.5097 48.5097 48.5097 
48.5097 48.5097 48.5097 48.5097 48.5097 48.5097 48.5097 48.5097 48.5097 48.5096 
48.5096 48.5096 48.5096 48.5096 48.5096 48.5096 48.5096 48.5096 48.5096 48.5096 
48.5096 48.5096 48.5096 48.5096 48.5096 48.5096 48.5096 48.5096 48.5096 48.5096 
48.5096 48.5096 48.5096 48.5096 48.5096 48.5096 48.5096 48.5096 48.5096 48.5096 
48.5096 48.5096 48.5096 48.5096 48.5096 48.5096 48.5096 48.5096 48.5096 48.5096 
48.5096 48.5096 48.5096 48.5095 48.5095 48.5095 48.5095 48.5095 48.5095 48.5095 
48.5095 48.5095 48.5095 48.5095 48.5095 48.5095 48.5095 48.5095 48.5095 48.5095 
48.5095 48.5095 48.5095 48.5095 48.5095 48.5095 48.5095 48.5095 48.5095 48.5095 
48.5095 48.5095 48.5095 48.5095 48.5095 48.5095 48.5095 48.5095 48.5095 48.5095 
48.5095 48.5095 48.5095 48.5095 48.5095 48.5095 48.5095 48.5093 48.5093 48.5093 
48.5093 48.5093 48.5093 48.5093 48.5093 48.5093 48.5093 48.5093 48.5093 48.5093 
48.5093 48.5093 48.5093 48.5093 48.5093 48.5093 48.5093 48.5093 48.5093 48.5093 
48.5093 48.5093 48.5093 48.5093 48.5093 48.5093 48.5093 48.5093 48.5093 48.5093 
48.5093 48.5093 48.5093 48.5093 48.5093 48.5093 48.5093 48.5093 48.5093 48.5093 
48.5093 48.5093 48.5093 48.5093 48.5093 48.5093 48.5093 48.5093 48.5093 48.5093 
48.5093 48.5093 48.5093 48.5093 48.5093 48.5093 48.5093 48.5093 48.5093 48.5093 
48.5093 48.5093 48.5093 48.5093 48.5093 48.5093 48.5093 48.5093 48.5093 48.5093 
48.5093 48.5093 48.5093 48.5093 48.5093 48.5093 48.5093 48.5093 48.5093 48.5093 
48.5093 48.5093 48.5093 48.5093 48.5093 48.5097 48.5097 48.5097 48.5097 48.5097 
48.5097 48.5097 48.5097 48.5097 48.5097 48.5097 48.5097 48.5097 48.5097 48.5097 
48.5097 48.5097 48.5097 48.5097 48.5097 48.5097 48.5097 48.5097 48.5097 48.5097 
48.5097 48.5097 48.5097 48.5097 48.5097 48.5097 48.5097 48.5097 48.5097 48.5097 
48.5097 48.5097 48.5097 48.5097 48.5097 48.5097 48.5097 48.5097 48.5097 48.5096 
48.5096 48.5096 48.5096 48.5096 48.5096 48.5096 48.5096 48.5096 48.5096 48.5096 
48.5096 48.5096 48.5096 48.5096 48.5096 48.5096 48.5096 48.5096 48.5096 48.5096 
48.5096 48.5096 48.5096 48.5096 48.5096 48.5096 48.5096 48.5096 48.5096 48.5096 
48.5096 48.5096 48.5096 48.5096 48.5096 48.5096 48.5096 48.5096 48.5096 48.5096 
48.5096 48.5096 48.5096 48.5095 48.5095 48.5095 48.5095 48.5095 48.5095 48.5095 
48.5095 48.5095 48.5095 48.5095 48.5095 48.5095 48.5095 48.5095 48.5095 48.5095 
48.5095 48.5095 48.5095 48.5095 48.5095 48.5095 48.5095 48.5095 48.5095 48.5095 
48.5095 48.5095 48.5095 48.5095 48.5095 48.5095 48.5095 48.5095 48.5095 48.5095 
48.5095 48.5095 48.5095 48.5095 48.5095 48.5095 48.5095 48.5093 48.5093 48.5093 
48.5093 48.5093 48.5093 48.5093 48.5093 48.5093 48.5093 48.5093 48.5093 48.5093 
48.5093 48.5093 48.5093 48.5093 48.5093 48.5093 48.5093 48.5093 48.5093 48.5093 
48.5093 48.5093 48.5093 48.5093 48.5093 48.5093 48.5093 48.5093 48.5093 48.5093 
48.5093 48.5093 48.5093 48.5093 48.5093 48.5093 48.5093 48.5093 48.5093 48.5093 
48.5093 48.5093 48.5093 48.5093 48.5093 48.5093 48.5093 48.5093 48.5093 48.5093 
48.5093 48.5093 48.5093 48.5093 48.5093 48.5093 48.5093 48.5093 48.5093 48.5093 
48.5093 48.5093 48.5093 48.5093 48.5093 48.5093 48.5093 48.5093 48.5093 48.5093 
48.5093 48.5093 48.5093 48.5093 48.5093 48.5093 48.5093 48.5093 48.5093 48.5093 
48.5093 48.5093 48.5093 48.5093 48.5093 48.5093 48.5093 48.5093 48.5093 48.5093 
48.5093 48.5093 48.5093 48.5093 48.5093 48.5093 48.5093 48.5093 48.5093 48.5093 
48.5093 48.5093 48.5093 48.5093 48.5093 48.5093 48.5093 48.5093 48.5093 48.5093 
48.5093 48.5093 48.5093 48.5093 48.5093 48.5093 48.5093 48.5093 48.5093 48.5093 
48.5093 48.5093 48.5093 48.5093 48.5093 48.5093 48.5093 48.5093 48.5093 48.5093 
48.5093 48.5093 48.5093 48.5093 48.5093 48.5093 48.5093 48.5093 48.5093 48.5093 
48.5093 48.5093 48.5093 48.5093 48.5093 48.5093 48.5093 48.5093 48.5093 48.5093 
48.5093 48.5093 48.5093 48.5093 48.5093 48.5093 48.5093 48.5093 48.5093 48.5093 
48.5093 48.5093 48.5093 48.5093 48.5093 48.5093 48.5093 48.5093 48.5093 48.5093 
48.5093 48.5093 48.5093 48.5097 48.5097 48.5097 48.5097 48.5097 48.5097 48.5097 
48.5097 48.5097 48.5097 48.5097 48.5097 48.5097 48.5097 48.5097 48.5097 48.5097 
48.5097 48.5097 48.5097 48.5097 48.5097 48.5097 48.5097 48.5097 48.5097 48.5097 
48.5097 48.5097 48.5097 48.5097 48.5097 48.5097 48.5097 48.5097 48.5097 48.5097 
48.5097 48.5097 48.5097 48.5097 48.5097 48.5097 48.5097 48.5097 48.5097 48.5097 
48.5097 48.5097 48.5097 48.5097 48.5097 48.5097 48.5097 48.5097 48.5097 48.5097 
48.5097 48.5097 48.5097 48.5097 48.5097 48.5097 48.5097 48.5097 48.5097 48.5097 
48.5097 48.5097 48.5097 48.5097 48.5097 48.5097 48.5097 48.5097 48.5097 48.5097 
48.5097 48.5097 48.5097 48.5097 48.5097 48.5097 48.5097 48.5097 48.5097 48.5097 
48.5097 48.5097 48.5097 48.5097 48.5097 48.5097 48.5097 48.5097 48.5097 48.5097 
48.5097 48.5097 48.5097 48.5097 48.5097 48.5097 48.5097 48.5097 48.5097 48.5097 
48.5097 48.5097 48.5097 48.5097 48.5097 48.5097 48.5097 48.5097 48.5097 48.5097 
48.5097 48.5097 48.5097 48.5097 48.5097 48.5097 48.5097 48.5097 48.5097 48.5097 
48.5097 48.5097 48.5097 48.5097 48.5097 48.5096 48.5096 48.5096 48.5096 48.5096 
48.5096 48.5096 48.5096 48.5096 48.5096 48.5096 48.5096 48.5096 48.5096 48.5096 
48.5096 48.5096 48.5096 48.5096 48.5096 48.5096 48.5096 48.5096 48.5096 48.5096 
48.5096 48.5096 48.5096 48.5096 48.5096 48.5096 48.5096 48.5096 48.5096 48.5096 
48.5096 48.5096 48.5096 48.5096 48.5096 48.5096 48.5096 48.5096 48.5096 48.5095 
48.5095 48.5095 48.5095 48.5095 48.5095 48.5095 48.5095 48.5095 48.5095 48.5095 
48.5095 48.5095 48.5095 48.5095 48.5095 48.5095 48.5095 48.5095 48.5095 48.5095 
48.5095 48.5095 48.5095 48.5095 48.5095 48.5095 48.5095 48.5095 48.5095 48.5095 
48.5095 48.5095 48.5095 48.5095 48.5095 48.5095 48.5095 48.5095 48.5095 48.5095 
48.5095 48.5095 48.5095 48.5093 48.5093 48.5093 48.5093 48.5093 48.5093 48.5093 
48.5093 48.5093 48.5093 48.5093 48.5093 48.5093 48.5093 48.5093 48.5093 48.5093 
48.5093 48.5093 48.5093 48.5093 48.5093 48.5093 48.5093 48.5093 48.5093 48.5093 
48.5093 48.5093 48.5093 48.5093 48.5093 48.5093 48.5093 48.5093 48.5093 48.5093 
48.5093 48.5093 48.5093 48.5093 48.5093 48.5093 48.5093 48.5094 48.5094 48.5094 
48.5094 48.5094 48.5094 48.5094 48.5094 48.5094 48.5094 48.5094 48.5094 48.5094 
48.5094 48.5094 48.5094 48.5094 48.5094 48.5094 48.5094 48.5094 48.5094 48.5094 
48.5094 48.5094 48.5094 48.5094 48.5094 48.5094 48.5094 48.5094 48.5094 48.5094 
48.5094 48.5094 48.5094 48.5094 48.5094 48.5094 48.5094 48.5094 48.5094 48.5094 
48.5094 48.5097 48.5097 48.5097 48.5097 48.5097 48.5097 48.5097 48.5097 48.5097 
48.5097 48.5097 48.5097 48.5097 48.5097 48.5097 48.5097 48.5097 48.5097 48.5097 
48.5097 48.5097 48.5097 48.5097 48.5097 48.5097 48.5097 48.5097 48.5097 48.5097 
48.5097 48.5097 48.5097 48.5097 48.5097 48.5097 48.5097 48.5097 48.5097 48.5097 
48.5097 48.5097 48.5097 48.5097 48.5097 48.5096 48.5096 48.5096 48.5096 48.5096 
48.5096 48.5096 48.5096 48.5096 48.5096 48.5096 48.5096 48.5096 48.5096 48.5096 
48.5096 48.5096 48.5096 48.5096 48.5096 48.5096 48.5096 48.5096 48.5096 48.5096 
48.5096 48.5096 48.5096 48.5096 48.5096 48.5096 48.5096 48.5096 48.5096 48.5096 
48.5096 48.5096 48.5096 48.5096 48.5096 48.5096 48.5096 48.5096 48.5096 48.5095 
48.5095 48.5095 48.5095 48.5095 48.5095 48.5095 48.5095 48.5095 48.5095 48.5095 
48.5095 48.5095 48.5095 48.5095 48.5095 48.5095 48.5095 48.5095 48.5095 48.5095 
48.5095 48.5095 48.5095 48.5095 48.5095 48.5095 48.5095 48.5095 48.5095 48.5095 
48.5095 48.5095 48.5095 48.5095 48.5095 48.5095 48.5095 48.5095 48.5095 48.5095 
48.5095 48.5095 48.5095 48.5093 48.5093 48.5093 48.5093 48.5093 48.5093 48.5093 
48.5093 48.5093 48.5093 48.5093 48.5093 48.5093 48.5093 48.5093 48.5093 48.5093 
48.5093 48.5093 48.5093 48.5093 48.5093 48.5093 48.5093 48.5093 48.5093 48.5093 
48.5093 48.5093 48.5093 48.5093 48.5093 48.5093 48.5093 48.5093 48.5093 48.5093 
48.5093 48.5093 48.5093 48.5093 48.5093 48.5093 48.5093 48.5094 48.5094 48.5094 
48.5094 48.5094 48.5094 48.5094 48.5094 48.5094 48.5094 48.5094 48.5094 48.5094 
48.5094 48.5094 48.5094 48.5094 48.5094 48.5094 48.5094 48.5094 48.5094 48.5094 
48.5094 48.5094 48.5094 48.5094 48.5094 48.5094 48.5094 48.5094 48.5094 48.5094 
48.5094 48.5094 48.5094 48.5094 48.5094 48.5094 48.5094 48.5094 48.5094 48.5094 
48.5094 SCALARS Node_Temperature_K float 1
LOOKUP_TABLE default
321.398 321.398 321.398 321.398 321.398 321.398 321.398 321.398 321.398 
321.398 321.398 321.398 321.398 321.398 321.398 321.398 321.398 321.398 321.398 
321.398 321.398 321.398 321.398 321.398 321.398 321.398 321.398 321.398 321.398 
321.398 321.398 321.398 321.398 321.398 321.398 321.398 321.398 321.398 321.398 
321.398 321.398 321.398 321.398 321.398 321.329 321.329 321.329 321.329 321.329 
321.329 321.329 321.329 321.329 321.329 321.329 321.329 321.329 321.329 321.329 
321.329 321.329 321.329 321.329 321.329 321.329 321.329 321.329 321.329 321.329 
321.329 321.329 321.329 321.329 321.329 321.329 321.329 321.329 321.329 321.329 
321.329 321.329 321.329 321.329 321.329 321.329 321.329 321.329 321.329 379.527 
379.527 379.527 379.527 379.527 379.527 379.527 379.527 379.527 379.527 379.527 
379.527 379.527 379.527 379.527 379.527 379.527 379.527 379.527 379.527 379.527 
379.527 379.527 379.527 379.527 379.527 379.527 379.527 379.527 379.527 379.527 
379.527 379.527 379.527 379.527 379.527 379.527 379.527 379.527 379.527 379.527 
379.527 379.527 379.527 379.701 379.701 379.701 379.701 379.701 379.701 379.701 
379.701 379.701 379.701 379.701 379.701 379.701 379.701 379.701 379.701 379.701 
379.701 379.701 379.701 379.701 379.701 379.701 379.701 379.701 379.701 379.701 
379.701 379.701 379.701 379.701 379.701 379.701 379.701 379.701 379.701 379.701 
379.701 379.701 379.701 379.701 379.701 379.701 379.701 321.298 321.298 321.298 
321.298 321.298 321.298 321.298 321.298 321.298 321.298 321.298 321.298 321.298 
321.298 321.298 321.298 321.298 321.298 321.298 321.298 321.298 321.298 321.298 
321.298 321.298 321.298 321.298 321.298 321.298 321.298 321.298 321.298 321.298 
321.298 321.298 321.298 321.298 321.298 321.298 321.298 321.298 321.298 321.298 
321.298 321.31 321.31 321.31 321.31 321.31 321.31 321.31 321.31 321.31 
321.31 321.31 321.31 321.31 321.31 321.31 321.31 321.31 321.31 321.31 
321.31 321.31 321.31 321.31 321.31 321.31 321.31 321.31 321.31 321.31 
321.31 321.31 321.31 321.31 321.31 321.31 321.31 321.31 321.31 321.31 
321.31 321.31 321.31 321.31 321.31 321.35 321.35 321.35 321.35 321.35 
321.35 321.35 321.35 321.35 321.35 321.35 321.35 321.35 321.35 321.35 
321.35 321.35 321.35 321.35 321.35 321.35 321.35 321.35 321.35 321.35 
321.35 321.35 321.35 321.35 321.35 321.35 321.35 321.35 321.35 321.35 
321.35 321.35 321.35 321.35 321.35 321.35 321.35 321.35 321.35 321.424 
321.424 321.424 321.424 321.424 321.424 321.424 321.424 321.424 321.424 321.424 
321.424 321.424 321.424 321.424 321.424 321.424 321.424 321.424 321.424 321.424 
321.424 321.424 321.424 321.424 321.424 321.424 321.424 321.424 321.424 321.424 
321.424 321.424 321.424 321.424 321.424 321.424 321.424 321.424 321.424 321.424 
321.424 321.424 321.424 321.533 321.533 321.533 321.533 321.533 321.533 321.533 
321.533 321.533 321.533 321.533 321.533 321.533 321.533 321.533 321.533 321.533 
321.533 321.533 321.533 321.533 321.533 321.533 321.533 321.533 321.533 321.533 
321.533 321.533 321.533 321.533 321.533 321.533 321.533 321.533 321.533 321.533 
321.533 321.533 321.533 321.533 321.533 321.533 321.533 321.677 321.677 321.677 
321.677 321.677 321.677 321.677 321.677 321.677 321.677 321.677 321.677 321.677 
321.677 321.677 321.677 321.677 321.677 321.677 321.677 321.677 321.677 321.677 
321.677 321.677 321.677 321.677 321.677 321.677 321.677 321.677 321.677 321.677 
321.677 321.677 321.677 321.677 321.677 321.677 321.677 321.677 321.677 321.677 
321.677 321.855 321.855 321.855 321.855 321.855 321.855 321.855 321.855 321.855 
321.855 321.855 321.855 321.855 321.855 321.855 321.855 321.855 321.855 321.855 
321.855 321.855 321.855 321.855 321.855 321.855 321.855 321.855 321.855 321.855 
321.855 321.855 321.855 321.855 321.855 321.855 321.855 321.855 321.855 321.855 
321.855 321.855 321.855 321.855 321.855 322.068 322.068 322.068 322.068 322.068 
322.068 322.068 322.068 322.068 322.068 322.068 322.068 322.068 322.068 322.068 
322.068 322.068 322.068 322.068 322.068 322.068 322.068 322.068 322.068 322.068 
322.068 322.068 322.068 322.068 322.068 322.068 322.068 322.068 322.068 322.068 
322.068 322.068 322.068 322.068 322.068 322.068 322.068 322.068 322.068 322.316 
322.316 322.316 322.316 322.316 322.316 322.316 322.316 322.316 322.316 322.316 
322.316 322.316 322.316 322.316 322.316 322.316 322.316 322.316 322.316 322.316 
322.316 322.316 322.316 322.316 322.316 322.316 322.316 322.316 322.316 322.316 
322.316 322.316 322.316 322.316 322.316 322.316 322.316 322.316 322.316 322.316 
322.316 322.316 322.316 322.598 322.598 322.598 322.598 322.598 322.598 322.598 
322.598 322.598 322.598 322.598 322.598 322.598 322.598 322.598 322.598 322.598 
322.598 322.598 322.598 322.598 322.598 322.598 322.598 322.598 322.598 322.598 
322.598 322.598 322.598 322.598 322.598 322.598 322.598 322.598 322.598 322.598 
322.598 322.598 322.598 322.598 322.598 322.598 322.598 322.915 322.915 322.915 
322.915 322.915 322.915 322.915 322.915 322.915 322.915 322.915 322.915 322.915 
322.915 322.915 322.915 322.915 322.915 322.915 322.915 322.915 322.915 322.915 
322.915 322.915 322.915 322.915 322.915 322.915 322.915 322.915 322.915 322.915 
322.915 322.915 322.915 322.915 322.915 322.915 322.915 322.915 322.915 322.915 
322.915 323.265 323.265 323.265 323.265 323.265 323.265 323.265 323.265 323.265 
323.265 323.265 323.265 323.265 323.265 323.265 323.265 323.265 323.265 323.265 
323.265 323.265 323.265 323.265 323.265 323.265 323.265 323.265 323.265 323.265 
323.265 323.265 323.265 323.265 323.265 323.265 323.265 323.265 323.265 323.265 
323.265 323.265 323.265 323.265 323.265 323.65 323.65 323.65 323.65 323.65 
323.65 323.65 323.65 323.65 323.65 323.65 323.65 323.65 323.65 323.65 
323.65 323.65 323.65 323.65 323.65 323.65 323.65 323.65 323.65 323.65 
323.65 323.65 323.65 323.65 323.65 323.65 323.65 323.65 323.65 323.65 
323.65 323.65 323.65 323.65 323.65 323.65 323.65 323.65 323.65 324.069 
324.069 324.069 324.069 324.069 324.069 324.069 324.069 324.069 324.069 324.069 
324.069 324.069 324.069 324.069 324.069 324.069 324.069 324.069 324.069 324.069 
324.069 324.069 324.069 324.069 324.069 324.069 324.069 324.069 324.069 324.069 
324.069 324.069 324.069 324.069 324.069 324.069 324.069 324.069 324.069 324.069 
324.069 324.069 324.069 324.523 324.523 324.523 324.523 324.523 324.523 324.523 
324.523 324.523 324.523 324.523 324.523 324.523 324.523 324.523 324.523 324.523 
324.523 324.523 324.523 324.523 324.523 324.523 324.523 324.523 324.523 324.523 
324.523 324.523 324.523 324.523 324.523 324.523 324.523 324.523 324.523 324.523 
324.523 324.523 324.523 324.523 324.523 324.523 324.523 325.01 325.01 325.01 
325.01 325.01 325.01 325.01 325.01 325.01 325.01 325.01 325.01 325.01 
325.01 325.01 325.01 325.01 325.01 325.01 325.01 325.01 325.01 325.01 
325.01 325.01 325.01 325.01 325.01 325.01 325.01 325.01 325.01 325.01 
325.01 325.01 325.01 325.01 325.01 325.01 325.01 325.01 325.01 325.01 
325.01 325.531 325.531 325.531 325.531 325.531 325.531 325.531 325.531 325.531 
325.531 325.531 325.531 325.531 325.531 325.531 325.531 325.531 325.531 325.531 
325.531 325.531 325.531 325.531 325.531 325.531 325.531 325.531 325.531 325.531 
325.531 325.531 325.531 325.531 325.531 325.531 325.531 325.531 325.531 325.531 
325.531 325.531 325.531 325.531 325.531 326.086 326.086 326.086 326.086 326.086 
326.086 326.086 326.086 326.086 326.086 326.086 326.086 326.086 326.086 326.086 
326.086 326.086 326.086 326.086 326.086 326.086 326.086 326.086 326.086 326.086 
326.086 326.086 326.086 326.086 326.086 326.086 326.086 326.086 326.086 326.086 
326.086 326.086 326.086 326.086 326.086 326.086 326.086 326.086 326.086 329.547 
329.547 329.547 329.547 329.547 329.547 329.547 329.547 329.547 329.547 329.547 
329.547 329.547 329.547 329.547 329.547 329.547 329.547 329.547 329.547 329.547 
329.547 329.547 329.547 329.547 329.547 329.547 329.547 329.547 329.547 329.547 
329.547 329.547 329.547 329.547 329.547 329.547 329.547 329.547 329.547 329.547 
329.547 329.547 329.547 333.082 333.082 333.082 333.082 333.082 333.082 333.082 
333.082 333.082 333.082 333.082 333.082 333.082 333.082 333.082 333.082 333.082 
333.082 333.082 333.082 333.082 333.082 333.082 333.082 333.082 333.082 333.082 
333.082 333.082 333.082 333.082 333.082 333.082 333.082 333.082 333.082 333.082 
333.082 333.082 333.082 333.082 333.082 333.082 333.082 336.684 336.684 336.684 
336.684 336.684 336.684 336.684 336.684 336.684 336.684 336.684 336.684 336.684 
336.684 336.684 336.684 336.684 336.684 336.684 336.684 336.684 336.684 336.684 
336.684 336.684 336.684 336.684 336.684 336.684 336.684 336.684 336.684 336.684 
336.684 336.684 336.684 336.684 336.684 336.684 336.684 336.684 336.684 336.684 
336.684 379.837 379.837 379.837 379.837 379.837 379.837 379.837 379.837 379.837 
379.837 379.837 379.837 379.837 379.837 379.837 379.837 379.837 379.837 379.837 
379.837 379.837 379.837 379.837 379.837 379.837 379.837 379.837 379.837 379.837 
379.837 379.837 379.837 379.837 379.837 379.837 379.837 379.837 379.837 379.837 
379.837 379.837 379.837 379.837 379.837 379.965 379.965 379.965 379.965 379.965 
379.965 379.965 379.965 379.965 379.965 379.965 379.965 379.965 379.965 379.965 
379.965 379.965 379.965 379.965 379.965 379.965 379.965 379.965 379.965 379.965 
379.965 379.965 379.965 379.965 379.965 379.965 379.965 379.965 379.965 379.965 
379.965 379.965 379.965 379.965 379.965 379.965 379.965 379.965 379.965 380.043 
380.043 380.043 380.043 380.043 380.043 380.043 380.043 380.043 380.043 380.043 
380.043 380.043 380.043 380.043 380.043 380.043 380.043 380.043 380.043 380.043 
380.043 380.043 380.043 380.043 380.043 380.043 380.043 380.043 380.043 380.043 
380.043 380.043 380.043 380.043 380.043 380.043 380.043 380.043 380.043 380.043 
380.043 380.043 380.043 380.092 380.092 380.092 380.092 380.092 380.092 380.092 
380.092 380.092 380.092 380.092 380.092 380.092 380.092 380.092 380.092 380.092 
380.092 380.092 380.092 380.092 380.092 380.092 380.092 380.092 380.092 380.092 
380.092 380.092 380.092 380.092 380.092 380.092 380.092 380.092 380.092 380.092 
380.092 380.092 380.092 380.092 380.092 380.092 380.092 380.106 380.106 380.106 
380.106 380.106 380.106 380.106 380.106 380.106 380.106 380.106 380.106 380.106 
380.106 380.106 380.106 380.106 380.106 380.106 380.106 380.106 380.106 380.106 
380.106 380.106 380.106 380.106 380.106 380.106 380.106 380.106 380.106 380.106 
380.106 380.106 380.106 380.106 380.106 380.106 380.106 380.106 380.106 380.106 
380.106 380.061 380.061 380.061 380.061 380.061 380.061 380.061 380.061 380.061 
380.061 380.061 380.061 380.061 380.061 380.061 380.061 380.061 380.061 380.061 
380.061 380.061 380.061 380.061 380.061 380.061 380.061 380.061 380.061 380.061 
380.061 380.061 380.061 380.061 380.061 380.061 380.061 380.061 380.061 380.061 
380.061 380.061 380.061 380.061 380.061 379.982 379.982 379.982 379.982 379.982 
379.982 379.982 379.982 379.982 379.982 379.982 379.982 379.982 379.982 379.982 
379.982 379.982 379.982 379.982 379.982 379.982 379.982 379.982 379.982 379.982 
379.982 379.982 379.982 379.982 379.982 379.982 379.982 379.982 379.982 379.982 
379.982 379.982 379.982 379.982 379.982 379.982 379.982 379.982 379.982 379.892 
379.892 379.892 379.892 379.892 379.892 379.892 379.892 379.892 379.892 379.892 
379.892 379.892 379.892 379.892 379.892 379.892 379.892 379.892 379.892 379.892 
379.892 379.892 379.892 379.892 379.892 379.892 379.892 379.892 379.892 379.892 
379.892 379.892 379.892 379.892 379.892 379.892 379.892 379.892 379.892 379.892 
379.892 379.892 379.892 379.753 379.753 379.753 379.753 379.753 379.753 379.753 
379.753 379.753 379.753 379.753 379.753 379.753 379.753 379.753 379.753 379.753 
379.753 379.753 379.753 379.753 379.753 379.753 379.753 379.753 379.753 379.753 
379.753 379.753 379.753 379.753 379.753 379.753 379.753 379.753 379.753 379.753 
379.753 379.753 379.753 379.753 379.753 379.753 379.753 379.585 379.585 379.585 
379.585 379.585 379.585 379.585 379.585 379.585 379.585 379.585 379.585 379.585 
379.585 379.585 379.585 379.585 379.585 379.585 379.585 379.585 379.585 379.585 
379.585 379.585 379.585 379.585 379.585 379.585 379.585 379.585 379.585 379.585 
379.585 379.585 379.585 379.585 379.585 379.585 379.585 379.585 379.585 379.585 
379.585 379.38 379.38 379.38 379.38 379.38 379.38 379.38 379.38 379.38 
379.38 379.38 379.38 379.38 379.38 379.38 379.38 379.38 379.38 379.38 
379.38 379.38 379.38 379.38 379.38 379.38 379.38 379.38 379.38 379.38 
379.38 379.38 379.38 379.38 379.38 379.38 379.38 379.38 379.38 379.38 
379.38 379.38 379.38 379.38 379.38 379.117 379.117 379.117 379.117 379.117 
379.117 379.117 379.117 379.117 379.117 379.117 379.117 379.117 379.117 379.117 
379.117 379.117 379.117 379.117 379.117 379.117 379.117 379.117 379.117 379.117 
379.117 379.117 379.117 379.117 379.117 379.117 379.117 379.117 379.117 379.117 
379.117 379.117 379.117 379.117 379.117 379.117 379.117 379.117 379.117 378.819 
378.819 378.819 378.819 378.819 378.819 378.819 378.819 378.819 378.819 378.819 
378.819 378.819 378.819 378.819 378.819 378.819 378.819 378.819 378.819 378.819 
378.819 378.819 378.819 378.819 378.819 378.819 378.819 378.819 378.819 378.819 
378.819 378.819 378.819 378.819 378.819 378.819 378.819 378.819 378.819 378.819 
378.819 378.819 378.819 378.51 378.51 378.51 378.51 378.51 378.51 378.51 
378.51 378.51 378.51 378.51 378.51 378.51 378.51 378.51 378.51 378.51 
378.51 378.51 378.51 378.51 378.51 378.51 378.51 378.51 378.51 378.51 
378.51 378.51 378.51 378.51 378.51 378.51 378.51 378.51 378.51 378.51 
378.51 378.51 378.51 378.51 378.51 378.51 378.51 378.151 378.151 378.151 
378.151 378.151 378.151 378.151 378.151 378.151 378.151 378.151 378.151 378.151 
378.151 378.151 378.151 378.151 378.151 378.151 378.151 378.151 378.151 378.151 
378.151 378.151 378.151 378.151 378.151 378.151 378.151 378.151 378.151 378.151 
378.151 378.151 378.151 378.151 378.151 378.151 378.151 378.151 378.151 378.151 
378.151 377.763 377.763 377.763 377.763 377.763 377.763 377.763 377.763 377.763 
377.763 377.763 377.763 377.763 377.763 377.763 377.763 377.763 377.763 377.763 
377.763 377.763 377.763 377.763 377.763 377.763 377.763 377.763 377.763 377.763 
377.763 377.763 377.763 377.763 377.763 377.763 377.763 377.763 377.763 377.763 
377.763 377.763 377.763 377.763 377.763 377.337 377.337 377.337 377.337 377.337 
377.337 377.337 377.337 377.337 377.337 377.337 377.337 377.337 377.337 377.337 
377.337 377.337 377.337 377.337 377.337 377.337 377.337 377.337 377.337 377.337 
377.337 377.337 377.337 377.337 377.337 377.337 377.337 377.337 377.337 377.337 
377.337 377.337 377.337 377.337 377.337 377.337 377.337 377.337 377.337 344.666 
344.666 344.666 344.666 344.666 344.666 344.666 344.666 344.666 344.666 344.666 
344.666 344.666 344.666 344.666 344.666 344.666 344.666 344.666 344.666 344.666 
344.666 344.666 344.666 344.666 344.666 344.666 344.666 344.666 344.666 344.666 
344.666 344.666 344.666 344.666 344.666 344.666 344.666 344.666 344.666 344.666 
344.666 344.666 344.666 342.71 342.71 342.71 342.71 342.71 342.71 342.71 
342.71 342.71 342.71 342.71 342.71 342.71 342.71 342.71 342.71 342.71 
342.71 342.71 342.71 342.71 342.71 342.71 342.71 342.71 342.71 342.71 
342.71 342.71 342.71 342.71 342.71 342.71 342.71 342.71 342.71 342.71 
342.71 342.71 342.71 342.71 342.71 342.71 342.71 356.082 356.082 356.082 
356.082 356.082 356.082 356.082 356.082 356.082 356.082 356.082 356.082 356.082 
356.082 356.082 356.082 356.082 356.082 356.082 356.082 356.082 356.082 356.082 
356.082 356.082 356.082 356.082 356.082 356.082 356.082 356.082 356.082 356.082 
356.082 356.082 356.082 356.082 356.082 356.082 356.082 356.082 356.082 356.082 
356.082 356.082 356.082 356.082 356.082 356.082 356.082 356.082 356.082 356.082 
356.082 356.082 356.082 356.082 356.082 356.082 356.082 356.082 356.082 356.082 
356.082 356.082 356.082 356.082 356.082 356.082 356.082 356.082 356.082 356.082 
356.082 356.082 356.082 356.082 356.082 356.082 356.082 356.082 356.082 356.082 
356.082 356.082 356.082 356.082 356.082 331.787 331.787 331.787 331.787 331.787 
331.787 331.787 331.787 331.787 331.787 331.787 331.787 331.787 331.787 331.787 
331.787 331.787 331.787 331.787 331.787 331.787 331.787 331.787 331.787 331.787 
331.787 331.787 331.787 331.787 331.787 331.787 331.787 331.787 331.787 331.787 
331.787 331.787 331.787 331.787 331.787 331.787 331.787 331.787 331.787 331.787 
331.787 331.787 331.787 331.787 331.787 331.787 331.787 331.787 331.787 331.787 
331.787 331.787 331.787 331.787 331.787 331.787 331.787 331.787 331.787 331.787 
331.787 331.787 331.787 331.787 331.787 331.787 331.787 331.787 331.787 331.787 
331.787 331.787 331.787 331.787 331.787 331.787 331.787 331.787 331.787 331.787 
331.787 331.787 331.787 335.923 335.923 335.923 335.923 335.923 335.923 335.923 
335.923 335.923 335.923 335.923 335.923 335.923 335.923 335.923 335.923 335.923 
335.923 335.923 335.923 335.923 335.923 335.923 335.923 335.923 335.923 335.923 
335.923 335.923 335.923 335.923 335.923 335.923 335.923 335.923 335.923 335.923 
335.923 335.923 335.923 335.923 335.923 335.923 335.923 340.131 340.131 340.131 
340.131 340.131 340.131 340.131 340.131 340.131 340.131 340.131 340.131 340.131 
340.131 340.131 340.131 340.131 340.131 340.131 340.131 340.131 340.131 340.131 
340.131 340.131 340.131 340.131 340.131 340.131 340.131 340.131 340.131 340.131 
340.131 340.131 340.131 340.131 340.131 340.131 340.131 340.131 340.131 340.131 
340.131 344.417 344.417 344.417 344.417 344.417 344.417 344.417 344.417 344.417 
344.417 344.417 344.417 344.417 344.417 344.417 344.417 344.417 344.417 344.417 
344.417 344.417 344.417 344.417 344.417 344.417 344.417 344.417 344.417 344.417 
344.417 344.417 344.417 344.417 344.417 344.417 344.417 344.417 344.417 344.417 
344.417 344.417 344.417 344.417 344.417 353.858 353.858 353.858 353.858 353.858 
353.858 353.858 353.858 353.858 353.858 353.858 353.858 353.858 353.858 353.858 
353.858 353.858 353.858 353.858 353.858 353.858 353.858 353.858 353.858 353.858 
353.858 353.858 353.858 353.858 353.858 353.858 353.858 353.858 353.858 353.858 
353.858 353.858 353.858 353.858 353.858 353.858 353.858 353.858 353.858 351.557 
351.557 351.557 351.557 351.557 351.557 351.557 351.557 351.557 351.557 351.557 
351.557 351.557 351.557 351.557 351.557 351.557 351.557 351.557 351.557 351.557 
351.557 351.557 351.557 351.557 351.557 351.557 351.557 351.557 351.557 351.557 
351.557 351.557 351.557 351.557 351.557 351.557 351.557 351.557 351.557 351.557 
351.557 351.557 351.557 335.922 335.922 335.922 335.922 335.922 335.922 335.922 
335.922 335.922 335.922 335.922 335.922 335.922 335.922 335.922 335.922 335.922 
335.922 335.922 335.922 335.922 335.922 335.922 335.922 335.922 335.922 335.922 
335.922 335.922 335.922 335.922 335.922 335.922 335.922 335.922 335.922 335.922 
335.922 335.922 335.922 335.922 335.922 335.922 335.922 340.131 340.131 340.131 
340.131 340.131 340.131 340.131 340.131 340.131 340.131 340.131 340.131 340.131 
340.131 340.131 340.131 340.131 340.131 340.131 340.131 340.131 340.131 340.131 
340.131 340.131 340.131 340.131 340.131 340.131 340.131 340.131 340.131 340.131 
340.131 340.131 340.131 340.131 340.131 340.131 340.131 340.131 340.131 340.131 
340.131 344.417 344.417 344.417 344.417 344.417 344.417 344.417 344.417 344.417 
344.417 344.417 344.417 344.417 344.417 344.417 344.417 344.417 344.417 344.417 
344.417 344.417 344.417 344.417 344.417 344.417 344.417 344.417 344.417 344.417 
344.417 344.417 344.417 344.417 344.417 344.417 344.417 344.417 344.417 344.417 
344.417 344.417 344.417 344.417 344.417 353.858 353.858 353.858 353.858 353.858 
353.858 353.858 353.858 353.858 353.858 353.858 353.858 353.858 353.858 353.858 
353.858 353.858 353.858 353.858 353.858 353.858 353.858 353.858 353.858 353.858 
353.858 353.858 353.858 353.858 353.858 353.858 353.858 353.858 353.858 353.858 
353.858 353.858 353.858 353.858 353.858 353.858 353.858 353.858 353.858 351.557 
351.557 351.557 351.557 351.557 351.557 351.557 351.557 351.557 351.557 351.557 
351.557 351.557 351.557 351.557 351.557 351.557 351.557 351.557 351.557 351.557 
351.557 351.557 351.557 351.557 351.557 351.557 351.557 351.557 351.557 351.557 
351.557 351.557 351.557 351.557 351.557 351.557 351.557 351.557 351.557 351.557 
351.557 351.557 351.557 366.166 366.166 366.166 366.166 366.166 366.166 366.166 
366.166 366.166 366.166 366.166 366.166 366.166 366.166 366.166 366.166 366.166 
366.166 366.166 366.166 366.166 366.166 366.166 366.166 366.166 366.166 366.166 
366.166 366.166 366.166 366.166 366.166 366.166 366.166 366.166 366.166 366.166 
366.166 366.166 366.166 366.166 366.166 366.166 366.166 366.166 366.166 366.166 
366.166 366.166 366.166 366.166 366.166 366.166 366.166 366.166 366.166 366.166 
366.166 366.166 366.166 366.166 366.166 366.166 366.166 366.166 366.166 366.166 
366.166 366.166 366.166 366.166 366.166 366.166 366.166 366.166 366.166 366.166 
366.166 366.166 366.166 366.166 366.166 366.166 366.166 366.166 366.166 366.166 
366.166 339.089 339.089 339.089 339.089 339.089 339.089 339.089 339.089 339.089 
339.089 339.089 339.089 339.089 339.089 339.089 339.089 339.089 339.089 339.089 
339.089 339.089 339.089 339.089 339.089 339.089 339.089 339.089 339.089 339.089 
339.089 339.089 339.089 339.089 339.089 339.089 339.089 339.089 339.089 339.089 
339.089 339.089 339.089 339.089 339.089 339.089 339.089 339.089 339.089 339.089 
339.089 339.089 339.089 339.089 339.089 339.089 339.089 339.089 339.089 339.089 
339.089 339.089 339.089 339.089 339.089 339.089 339.089 339.089 339.089 339.089 
339.089 339.089 339.089 339.089 339.089 339.089 339.089 339.089 339.089 339.089 
339.089 339.089 339.089 339.089 339.089 339.089 339.089 339.089 339.089 343.726 
343.726 343.726 343.726 343.726 343.726 343.726 343.726 343.726 343.726 343.726 
343.726 343.726 343.726 343.726 343.726 343.726 343.726 343.726 343.726 343.726 
343.726 343.726 343.726 343.726 343.726 343.726 343.726 343.726 343.726 343.726 
343.726 343.726 343.726 343.726 343.726 343.726 343.726 343.726 343.726 343.726 
343.726 343.726 343.726 348.445 348.445 348.445 348.445 348.445 348.445 348.445 
348.445 348.445 348.445 348.445 348.445 348.445 348.445 348.445 348.445 348.445 
348.445 348.445 348.445 348.445 348.445 348.445 348.445 348.445 348.445 348.445 
348.445 348.445 348.445 348.445 348.445 348.445 348.445 348.445 348.445 348.445 
348.445 348.445 348.445 348.445 348.445 348.445 348.445 353.243 353.243 353.243 
353.243 353.243 353.243 353.243 353.243 353.243 353.243 353.243 353.243 353.243 
353.243 353.243 353.243 353.243 353.243 353.243 353.243 353.243 353.243 353.243 
353.243 353.243 353.243 353.243 353.243 353.243 353.243 353.243 353.243 353.243 
353.243 353.243 353.243 353.243 353.243 353.243 353.243 353.243 353.243 353.243 
353.243 363.702 363.702 363.702 363.702 363.702 363.702 363.702 363.702 363.702 
363.702 363.702 363.702 363.702 363.702 363.702 363.702 363.702 363.702 363.702 
363.702 363.702 363.702 363.702 363.702 363.702 363.702 363.702 363.702 363.702 
363.702 363.702 363.702 363.702 363.702 363.702 363.702 363.702 363.702 363.702 
363.702 363.702 363.702 363.702 363.702 361.168 361.168 361.168 361.168 361.168 
361.168 361.168 361.168 361.168 361.168 361.168 361.168 361.168 361.168 361.168 
361.168 361.168 361.168 361.168 361.168 361.168 361.168 361.168 361.168 361.168 
361.168 361.168 361.168 361.168 361.168 361.168 361.168 361.168 361.168 361.168 
361.168 361.168 361.168 361.168 361.168 361.168 361.168 361.168 361.168 343.726 
343.726 343.726 343.726 343.726 343.726 343.726 343.726 343.726 343.726 343.726 
343.726 343.726 343.726 343.726 343.726 343.726 343.726 343.726 343.726 343.726 
343.726 343.726 343.726 343.726 343.726 343.726 343.726 343.726 343.726 343.726 
343.726 343.726 343.726 343.726 343.726 343.726 343.726 343.726 343.726 343.726 
343.726 343.726 343.726 348.445 348.445 348.445 348.445 348.445 348.445 348.445 
348.445 348.445 348.445 348.445 348.445 348.445 348.445 348.445 348.445 348.445 
348.445 348.445 348.445 348.445 348.445 348.445 348.445 348.445 348.445 348.445 
348.445 348.445 348.445 348.445 348.445 348.445 348.445 348.445 348.445 348.445 
348.445 348.445 348.445 348.445 348.445 348.445 348.445 353.243 353.243 353.243 
353.243 353.243 353.243 353.243 353.243 353.243 353.243 353.243 353.243 353.243 
353.243 353.243 353.243 353.243 353.243 353.243 353.243 353.243 353.243 353.243 
353.243 353.243 353.243 353.243 353.243 353.243 353.243 353.243 353.243 353.243 
353.243 353.243 353.243 353.243 353.243 353.243 353.243 353.243 353.243 353.243 
353.243 363.702 363.702 363.702 363.702 363.702 363.702 363.702 363.702 363.702 
363.702 363.702 363.702 363.702 363.702 363.702 363.702 363.702 363.702 363.702 
363.702 363.702 363.702 363.702 363.702 363.702 363.702 363.702 363.702 363.702 
363.702 363.702 363.702 363.702 363.702 363.702 363.702 363.702 363.702 363.702 
363.702 363.702 363.702 363.702 363.702 361.168 361.168 361.168 361.168 361.168 
361.168 361.168 361.168 361.168 361.168 361.168 361.168 361.168 361.168 361.168 
361.168 361.168 361.168 361.168 361.168 361.168 361.168 361.168 361.168 361.168 
361.168 361.168 361.168 361.168 361.168 361.168 361.168 361.168 361.168 361.168 
361.168 361.168 361.168 361.168 361.168 361.168 361.168 361.168 361.168 376.673 
376.673 376.673 376.673 376.673 376.673 376.673 376.673 376.673 376.673 376.673 
376.673 376.673 376.673 376.673 376.673 376.673 376.673 376.673 376.673 376.673 
376.673 376.673 376.673 376.673 376.673 376.673 376.673 376.673 376.673 376.673 
376.673 376.673 376.673 376.673 376.673 376.673 376.673 376.673 376.673 376.673 
376.673 376.673 376.673 376.673 376.673 376.673 376.673 376.673 376.673 376.673 
376.673 376.673 376.673 376.673 376.673 376.673 376.673 376.673 376.673 376.673 
376.673 376.673 376.673 376.673 376.673 376.673 376.673 376.673 376.673 376.673 
376.673 376.673 376.673 376.673 376.673 376.673 376.673 376.673 376.673 376.673 
376.673 376.673 376.673 376.673 376.673 376.673 376.673 347.582 347.582 347.582 
347.582 347.582 347.582 347.582 347.582 347.582 347.582 347.582 347.582 347.582 
347.582 347.582 347.582 347.582 347.582 347.582 347.582 347.582 347.582 347.582 
347.582 347.582 347.582 347.582 347.582 347.582 347.582 347.582 347.582 347.582 
347.582 347.582 347.582 347.582 347.582 347.582 347.582 347.582 347.582 347.582 
347.582 347.582 347.582 347.582 347.582 347.582 347.582 347.582 347.582 347.582 
347.582 347.582 347.582 347.582 347.582 347.582 347.582 347.582 347.582 347.582 
347.582 347.582 347.582 347.582 347.582 347.582 347.582 347.582 347.582 347.582 
347.582 347.582 347.582 347.582 347.582 347.582 347.582 347.582 347.582 347.582 
347.582 347.582 347.582 347.582 347.582 352.596 352.596 352.596 352.596 352.596 
352.596 352.596 352.596 352.596 352.596 352.596 352.596 352.596 352.596 352.596 
352.596 352.596 352.596 352.596 352.596 352.596 352.596 352.596 352.596 352.596 
352.596 352.596 352.596 352.596 352.596 352.596 352.596 352.596 352.596 352.596 
352.596 352.596 352.596 352.596 352.596 352.596 352.596 352.596 352.596 357.68 
357.68 357.68 357.68 357.68 357.68 357.68 357.68 357.68 357.68 357.68 
357.68 357.68 357.68 357.68 357.68 357.68 357.68 357.68 357.68 357.68 
357.68 357.68 357.68 357.68 357.68 357.68 357.68 357.68 357.68 357.68 
357.68 357.68 357.68 357.68 357.68 357.68 357.68 357.68 357.68 357.68 
357.68 357.68 357.68 362.834 362.834 362.834 362.834 362.834 362.834 362.834 
362.834 362.834 362.834 362.834 362.834 362.834 362.834 362.834 362.834 362.834 
362.834 362.834 362.834 362.834 362.834 362.834 362.834 362.834 362.834 362.834 
362.834 362.834 362.834 362.834 362.834 362.834 362.834 362.834 362.834 362.834 
362.834 362.834 362.834 362.834 362.834 362.834 362.834 374.043 374.043 374.043 
374.043 374.043 374.043 374.043 374.043 374.043 374.043 374.043 374.043 374.043 
374.043 374.043 374.043 374.043 374.043 374.043 374.043 374.043 374.043 374.043 
374.043 374.043 374.043 374.043 374.043 374.043 374.043 374.043 374.043 374.043 
374.043 374.043 374.043 374.043 374.043 374.043 374.043 374.043 374.043 374.043 
374.043 371.34 371.34 371.34 371.34 371.34 371.34 371.34 371.34 371.34 
371.34 371.34 371.34 371.34 371.34 371.34 371.34 371.34 371.34 371.34 
371.34 371.34 371.34 371.34 371.34 371.34 371.34 371.34 371.34 371.34 
371.34 371.34 371.34 371.34 371.34 371.34 371.34 371.34 371.34 371.34 
371.34 371.34 371.34 371.34 371.34 352.595 352.595 352.595 352.595 352.595 
352.595 352.595 352.595 352.595 352.595 352.595 352.595 352.595 352.595 352.595 
352.595 352.595 352.595 352.595 352.595 352.595 352.595 352.595 352.595 352.595 
352.595 352.595 352.595 352.595 352.595 352.595 352.595 352.595 352.595 352.595 
352.595 352.595 352.595 352.595 352.595 352.595 352.595 352.595 352.595 357.679 
357.679 357.679 357.679 357.679 357.679 357.679 357.679 357.679 357.679 357.679 
357.679 357.679 357.679 357.679 357.679 357.679 357.679 357.679 357.679 357.679 
357.679 357.679 357.679 357.679 357.679 357.679 357.679 357.679 357.679 357.679 
357.679 357.679 357.679 357.679 357.679 357.679 357.679 357.679 357.679 357.679 
357.679 357.679 357.679 362.833 362.833 362.833 362.833 362.833 362.833 362.833 
362.833 362.833 362.833 362.833 362.833 362.833 362.833 362.833 362.833 362.833 
362.833 362.833 362.833 362.833 362.833 362.833 362.833 362.833 362.833 362.833 
362.833 362.833 362.833 362.833 362.833 362.833 362.833 362.833 362.833 362.833 
362.833 362.833 362.833 362.833 362.833 362.833 362.833 374.044 374.044 374.044 
374.044 374.044 374.044 374.044 374.044 374.044 374.044 374.044 374.044 374.044 
374.044 374.044 374.044 374.044 374.044 374.044 374.044 374.044 374.044 374.044 
374.044 374.044 374.044 374.044 374.044 374.044 374.044 374.044 374.044 374.044 
374.044 374.044 374.044 374.044 374.044 374.044 374.044 374.044 374.044 374.044 
374.044 371.339 371.339 371.339 371.339 371.339 371.339 371.339 371.339 371.339 
371.339 371.339 371.339 371.339 371.339 371.339 371.339 371.339 371.339 371.339 
371.339 371.339 371.339 371.339 371.339 371.339 371.339 371.339 371.339 371.339 
371.339 371.339 371.339 371.339 371.339 371.339 371.339 371.339 371.339 371.339 
371.339 371.339 371.339 371.339 371.339 387.415 387.415 387.415 387.415 387.415 
387.415 387.415 387.415 387.415 387.415 387.415 387.415 387.415 387.415 387.415 
387.415 387.415 387.415 387.415 387.415 387.415 387.415 387.415 387.415 387.415 
387.415 387.415 387.415 387.415 387.415 387.415 387.415 387.415 387.415 387.415 
387.415 387.415 387.415 387.415 387.415 387.415 387.415 387.415 387.415 387.415 
387.415 387.415 387.415 387.415 387.415 387.415 387.415 387.415 387.415 387.415 
387.415 387.415 387.415 387.415 387.415 387.415 387.415 387.415 387.415 387.415 
387.415 387.415 387.415 387.415 387.415 387.415 387.415 387.415 387.415 387.415 
387.415 387.415 387.415 387.415 387.415 387.415 387.415 387.415 387.415 387.415 
387.415 387.415 387.415 356.965 356.965 356.965 356.965 356.965 356.965 356.965 
356.965 356.965 356.965 356.965 356.965 356.965 356.965 356.965 356.965 356.965 
356.965 356.965 356.965 356.965 356.965 356.965 356.965 356.965 356.965 356.965 
356.965 356.965 356.965 356.965 356.965 356.965 356.965 356.965 356.965 356.965 
356.965 356.965 356.965 356.965 356.965 356.965 356.965 356.965 356.965 356.965 
356.965 356.965 356.965 356.965 356.965 356.965 356.965 356.965 356.965 356.965 
356.965 356.965 356.965 356.965 356.965 356.965 356.965 356.965 356.965 356.965 
356.965 356.965 356.965 356.965 356.965 356.965 356.965 356.965 356.965 356.965 
356.965 356.965 356.965 356.965 356.965 356.965 356.965 356.965 356.965 356.965 
356.965 362.224 362.224 362.224 362.224 362.224 362.224 362.224 362.224 362.224 
362.224 362.224 362.224 362.224 362.224 362.224 362.224 362.224 362.224 362.224 
362.224 362.224 362.224 362.224 362.224 362.224 362.224 362.224 362.224 362.224 
362.224 362.224 362.224 362.224 362.224 362.224 362.224 362.224 362.224 362.224 
362.224 362.224 362.224 362.224 362.224 367.568 367.568 367.568 367.568 367.568 
367.568 367.568 367.568 367.568 367.568 367.568 367.568 367.568 367.568 367.568 
367.568 367.568 367.568 367.568 367.568 367.568 367.568 367.568 367.568 367.568 
367.568 367.568 367.568 367.568 367.568 367.568 367.568 367.568 367.568 367.568 
367.568 367.568 367.568 367.568 367.568 367.568 367.568 367.568 367.568 372.994 
372.994 372.994 372.994 372.994 372.994 372.994 372.994 372.994 372.994 372.994 
372.994 372.994 372.994 372.994 372.994 372.994 372.994 372.994 372.994 372.994 
372.994 372.994 372.994 372.994 372.994 372.994 372.994 372.994 372.994 372.994 
372.994 372.994 372.994 372.994 372.994 372.994 372.994 372.994 372.994 372.994 
372.994 372.994 372.994 384.675 384.675 384.675 384.675 384.675 384.675 384.675 
384.675 384.675 384.675 384.675 384.675 384.675 384.675 384.675 384.675 384.675 
384.675 384.675 384.675 384.675 384.675 384.675 384.675 384.675 384.675 384.675 
384.675 384.675 384.675 384.675 384.675 384.675 384.675 384.675 384.675 384.675 
384.675 384.675 384.675 384.675 384.675 384.675 384.675 381.877 381.877 381.877 
381.877 381.877 381.877 381.877 381.877 381.877 381.877 381.877 381.877 381.877 
381.877 381.877 381.877 381.877 381.877 381.877 381.877 381.877 381.877 381.877 
381.877 381.877 381.877 381.877 381.877 381.877 381.877 381.877 381.877 381.877 
381.877 381.877 381.877 381.877 381.877 381.877 381.877 381.877 381.877 381.877 
381.877 362.224 362.224 362.224 362.224 362.224 362.224 362.224 362.224 362.224 
362.224 362.224 362.224 362.224 362.224 362.224 362.224 362.224 362.224 362.224 
362.224 362.224 362.224 362.224 362.224 362.224 362.224 362.224 362.224 362.224 
362.224 362.224 362.224 362.224 362.224 362.224 362.224 362.224 362.224 362.224 
362.224 362.224 362.224 362.224 362.224 367.568 367.568 367.568 367.568 367.568 
367.568 367.568 367.568 367.568 367.568 367.568 367.568 367.568 367.568 367.568 
367.568 367.568 367.568 367.568 367.568 367.568 367.568 367.568 367.568 367.568 
367.568 367.568 367.568 367.568 367.568 367.568 367.568 367.568 367.568 367.568 
367.568 367.568 367.568 367.568 367.568 367.568 367.568 367.568 367.568 372.994 
372.994 372.994 372.994 372.994 372.994 372.994 372.994 372.994 372.994 372.994 
372.994 372.994 372.994 372.994 372.994 372.994 372.994 372.994 372.994 372.994 
372.994 372.994 372.994 372.994 372.994 372.994 372.994 372.994 372.994 372.994 
372.994 372.994 372.994 372.994 372.994 372.994 372.994 372.994 372.994 372.994 
372.994 372.994 372.994 384.675 384.675 384.675 384.675 384.675 384.675 384.675 
384.675 384.675 384.675 384.675 384.675 384.675 384.675 384.675 384.675 384.675 
384.675 384.675 384.675 384.675 384.675 384.675 384.675 384.675 384.675 384.675 
384.675 384.675 384.675 384.675 384.675 384.675 384.675 384.675 384.675 384.675 
384.675 384.675 384.675 384.675 384.675 384.675 384.675 381.877 381.877 381.877 
381.877 381.877 381.877 381.877 381.877 381.877 381.877 381.877 381.877 381.877 
381.877 381.877 381.877 381.877 381.877 381.877 381.877 381.877 381.877 381.877 
381.877 381.877 381.877 381.877 381.877 381.877 381.877 381.877 381.877 381.877 
381.877 381.877 381.877 381.877 381.877 381.877 381.877 381.877 381.877 381.877 
381.877 SCALARS Node_Enthalpy_kJ/kg float 1
LOOKUP_TABLE default
242.693 242.693 242.693 242.693 242.693 242.693 242.693 242.693 242.693 
242.693 242.693 242.693 242.693 242.693 242.693 242.693 242.693 242.693 242.693 
242.693 242.693 242.693 242.693 242.693 242.693 242.693 242.693 242.693 242.693 
242.693 242.693 242.693 242.693 242.693 242.693 242.693 242.693 242.693 242.693 
242.693 242.693 242.693 242.693 242.693 242.412 242.412 242.412 242.412 242.412 
242.412 242.412 242.412 242.412 242.412 242.412 242.412 242.412 242.412 242.412 
242.412 242.412 242.412 242.412 242.412 242.412 242.412 242.412 242.412 242.412 
242.412 242.412 242.412 242.412 242.412 242.412 242.412 242.412 242.412 242.412 
242.412 242.412 242.412 242.412 242.412 242.412 242.412 242.412 242.412 481.278 
481.278 481.278 481.278 481.278 481.278 481.278 481.278 481.278 481.278 481.278 
481.278 481.278 481.278 481.278 481.278 481.278 481.278 481.278 481.278 481.278 
481.278 481.278 481.278 481.278 481.278 481.278 481.278 481.278 481.278 481.278 
481.278 481.278 481.278 481.278 481.278 481.278 481.278 481.278 481.278 481.278 
481.278 481.278 481.278 481.999 481.999 481.999 481.999 481.999 481.999 481.999 
481.999 481.999 481.999 481.999 481.999 481.999 481.999 481.999 481.999 481.999 
481.999 481.999 481.999 481.999 481.999 481.999 481.999 481.999 481.999 481.999 
481.999 481.999 481.999 481.999 481.999 481.999 481.999 481.999 481.999 481.999 
481.999 481.999 481.999 481.999 481.999 481.999 481.999 242.287 242.287 242.287 
242.287 242.287 242.287 242.287 242.287 242.287 242.287 242.287 242.287 242.287 
242.287 242.287 242.287 242.287 242.287 242.287 242.287 242.287 242.287 242.287 
242.287 242.287 242.287 242.287 242.287 242.287 242.287 242.287 242.287 242.287 
242.287 242.287 242.287 242.287 242.287 242.287 242.287 242.287 242.287 242.287 
242.287 242.335 242.335 242.335 242.335 242.335 242.335 242.335 242.335 242.335 
242.335 242.335 242.335 242.335 242.335 242.335 242.335 242.335 242.335 242.335 
242.335 242.335 242.335 242.335 242.335 242.335 242.335 242.335 242.335 242.335 
242.335 242.335 242.335 242.335 242.335 242.335 242.335 242.335 242.335 242.335 
242.335 242.335 242.335 242.335 242.335 242.497 242.497 242.497 242.497 242.497 
242.497 242.497 242.497 242.497 242.497 242.497 242.497 242.497 242.497 242.497 
242.497 242.497 242.497 242.497 242.497 242.497 242.497 242.497 242.497 242.497 
242.497 242.497 242.497 242.497 242.497 242.497 242.497 242.497 242.497 242.497 
242.497 242.497 242.497 242.497 242.497 242.497 242.497 242.497 242.497 242.801 
242.801 242.801 242.801 242.801 242.801 242.801 242.801 242.801 242.801 242.801 
242.801 242.801 242.801 242.801 242.801 242.801 242.801 242.801 242.801 242.801 
242.801 242.801 242.801 242.801 242.801 242.801 242.801 242.801 242.801 242.801 
242.801 242.801 242.801 242.801 242.801 242.801 242.801 242.801 242.801 242.801 
242.801 242.801 242.801 243.247 243.247 243.247 243.247 243.247 243.247 243.247 
243.247 243.247 243.247 243.247 243.247 243.247 243.247 243.247 243.247 243.247 
243.247 243.247 243.247 243.247 243.247 243.247 243.247 243.247 243.247 243.247 
243.247 243.247 243.247 243.247 243.247 243.247 243.247 243.247 243.247 243.247 
243.247 243.247 243.247 243.247 243.247 243.247 243.247 243.834 243.834 243.834 
243.834 243.834 243.834 243.834 243.834 243.834 243.834 243.834 243.834 243.834 
243.834 243.834 243.834 243.834 243.834 243.834 243.834 243.834 243.834 243.834 
243.834 243.834 243.834 243.834 243.834 243.834 243.834 243.834 243.834 243.834 
243.834 243.834 243.834 243.834 243.834 243.834 243.834 243.834 243.834 243.834 
243.834 244.564 244.564 244.564 244.564 244.564 244.564 244.564 244.564 244.564 
244.564 244.564 244.564 244.564 244.564 244.564 244.564 244.564 244.564 244.564 
244.564 244.564 244.564 244.564 244.564 244.564 244.564 244.564 244.564 244.564 
244.564 244.564 244.564 244.564 244.564 244.564 244.564 244.564 244.564 244.564 
244.564 244.564 244.564 244.564 244.564 245.435 245.435 245.435 245.435 245.435 
245.435 245.435 245.435 245.435 245.435 245.435 245.435 245.435 245.435 245.435 
245.435 245.435 245.435 245.435 245.435 245.435 245.435 245.435 245.435 245.435 
245.435 245.435 245.435 245.435 245.435 245.435 245.435 245.435 245.435 245.435 
245.435 245.435 245.435 245.435 245.435 245.435 245.435 245.435 245.435 246.447 
246.447 246.447 246.447 246.447 246.447 246.447 246.447 246.447 246.447 246.447 
246.447 246.447 246.447 246.447 246.447 246.447 246.447 246.447 246.447 246.447 
246.447 246.447 246.447 246.447 246.447 246.447 246.447 246.447 246.447 246.447 
246.447 246.447 246.447 246.447 246.447 246.447 246.447 246.447 246.447 246.447 
246.447 246.447 246.447 247.6 247.6 247.6 247.6 247.6 247.6 247.6 
247.6 247.6 247.6 247.6 247.6 247.6 247.6 247.6 247.6 247.6 
247.6 247.6 247.6 247.6 247.6 247.6 247.6 247.6 247.6 247.6 
247.6 247.6 247.6 247.6 247.6 247.6 247.6 247.6 247.6 247.6 
247.6 247.6 247.6 247.6 247.6 247.6 247.6 248.893 248.893 248.893 
248.893 248.893 248.893 248.893 248.893 248.893 248.893 248.893 248.893 248.893 
248.893 248.893 248.893 248.893 248.893 248.893 248.893 248.893 248.893 248.893 
248.893 248.893 248.893 248.893 248.893 248.893 248.893 248.893 248.893 248.893 
248.893 248.893 248.893 248.893 248.893 248.893 248.893 248.893 248.893 248.893 
248.893 250.326 250.326 250.326 250.326 250.326 250.326 250.326 250.326 250.326 
250.326 250.326 250.326 250.326 250.326 250.326 250.326 250.326 250.326 250.326 
250.326 250.326 250.326 250.326 250.326 250.326 250.326 250.326 250.326 250.326 
250.326 250.326 250.326 250.326 250.326 250.326 250.326 250.326 250.326 250.326 
250.326 250.326 250.326 250.326 250.326 251.899 251.899 251.899 251.899 251.899 
251.899 251.899 251.899 251.899 251.899 251.899 251.899 251.899 251.899 251.899 
251.899 251.899 251.899 251.899 251.899 251.899 251.899 251.899 251.899 251.899 
251.899 251.899 251.899 251.899 251.899 251.899 251.899 251.899 251.899 251.899 
251.899 251.899 251.899 251.899 251.899 251.899 251.899 251.899 251.899 253.613 
253.613 253.613 253.613 253.613 253.613 253.613 253.613 253.613 253.613 253.613 
253.613 253.613 253.613 253.613 253.613 253.613 253.613 253.613 253.613 253.613 
253.613 253.613 253.613 253.613 253.613 253.613 253.613 253.613 253.613 253.613 
253.613 253.613 253.613 253.613 253.613 253.613 253.613 253.613 253.613 253.613 
253.613 253.613 253.613 255.465 255.465 255.465 255.465 255.465 255.465 255.465 
255.465 255.465 255.465 255.465 255.465 255.465 255.465 255.465 255.465 255.465 
255.465 255.465 255.465 255.465 255.465 255.465 255.465 255.465 255.465 255.465 
255.465 255.465 255.465 255.465 255.465 255.465 255.465 255.465 255.465 255.465 
255.465 255.465 255.465 255.465 255.465 255.465 255.465 257.457 257.457 257.457 
257.457 257.457 257.457 257.457 257.457 257.457 257.457 257.457 257.457 257.457 
257.457 257.457 257.457 257.457 257.457 257.457 257.457 257.457 257.457 257.457 
257.457 257.457 257.457 257.457 257.457 257.457 257.457 257.457 257.457 257.457 
257.457 257.457 257.457 257.457 257.457 257.457 257.457 257.457 257.457 257.457 
257.457 259.588 259.588 259.588 259.588 259.588 259.588 259.588 259.588 259.588 
259.588 259.588 259.588 259.588 259.588 259.588 259.588 259.588 259.588 259.588 
259.588 259.588 259.588 259.588 259.588 259.588 259.588 259.588 259.588 259.588 
259.588 259.588 259.588 259.588 259.588 259.588 259.588 259.588 259.588 259.588 
259.588 259.588 259.588 259.588 259.588 261.856 261.856 261.856 261.856 261.856 
261.856 261.856 261.856 261.856 261.856 261.856 261.856 261.856 261.856 261.856 
261.856 261.856 261.856 261.856 261.856 261.856 261.856 261.856 261.856 261.856 
261.856 261.856 261.856 261.856 261.856 261.856 261.856 261.856 261.856 261.856 
261.856 261.856 261.856 261.856 261.856 261.856 261.856 261.856 261.856 275.999 
275.999 275.999 275.999 275.999 275.999 275.999 275.999 275.999 275.999 275.999 
275.999 275.999 275.999 275.999 275.999 275.999 275.999 275.999 275.999 275.999 
275.999 275.999 275.999 275.999 275.999 275.999 275.999 275.999 275.999 275.999 
275.999 275.999 275.999 275.999 275.999 275.999 275.999 275.999 275.999 275.999 
275.999 275.999 275.999 290.445 290.445 290.445 290.445 290.445 290.445 290.445 
290.445 290.445 290.445 290.445 290.445 290.445 290.445 290.445 290.445 290.445 
290.445 290.445 290.445 290.445 290.445 290.445 290.445 290.445 290.445 290.445 
290.445 290.445 290.445 290.445 290.445 290.445 290.445 290.445 290.445 290.445 
290.445 290.445 290.445 290.445 290.445 290.445 290.445 305.189 305.189 305.189 
305.189 305.189 305.189 305.189 305.189 305.189 305.189 305.189 305.189 305.189 
305.189 305.189 305.189 305.189 305.189 305.189 305.189 305.189 305.189 305.189 
305.189 305.189 305.189 305.189 305.189 305.189 305.189 305.189 305.189 305.189 
305.189 305.189 305.189 305.189 305.189 305.189 305.189 305.189 305.189 305.189 
305.189 482.562 482.562 482.562 482.562 482.562 482.562 482.562 482.562 482.562 
482.562 482.562 482.562 482.562 482.562 482.562 482.562 482.562 482.562 482.562 
482.562 482.562 482.562 482.562 482.562 482.562 482.562 482.562 482.562 482.562 
482.562 482.562 482.562 482.562 482.562 482.562 482.562 482.562 482.562 482.562 
482.562 482.562 482.562 482.562 482.562 483.089 483.089 483.089 483.089 483.089 
483.089 483.089 483.089 483.089 483.089 483.089 483.089 483.089 483.089 483.089 
483.089 483.089 483.089 483.089 483.089 483.089 483.089 483.089 483.089 483.089 
483.089 483.089 483.089 483.089 483.089 483.089 483.089 483.089 483.089 483.089 
483.089 483.089 483.089 483.089 483.089 483.089 483.089 483.089 483.089 483.412 
483.412 483.412 483.412 483.412 483.412 483.412 483.412 483.412 483.412 483.412 
483.412 483.412 483.412 483.412 483.412 483.412 483.412 483.412 483.412 483.412 
483.412 483.412 483.412 483.412 483.412 483.412 483.412 483.412 483.412 483.412 
483.412 483.412 483.412 483.412 483.412 483.412 483.412 483.412 483.412 483.412 
483.412 483.412 483.412 483.616 483.616 483.616 483.616 483.616 483.616 483.616 
483.616 483.616 483.616 483.616 483.616 483.616 483.616 483.616 483.616 483.616 
483.616 483.616 483.616 483.616 483.616 483.616 483.616 483.616 483.616 483.616 
483.616 483.616 483.616 483.616 483.616 483.616 483.616 483.616 483.616 483.616 
483.616 483.616 483.616 483.616 483.616 483.616 483.616 483.671 483.671 483.671 
483.671 483.671 483.671 483.671 483.671 483.671 483.671 483.671 483.671 483.671 
483.671 483.671 483.671 483.671 483.671 483.671 483.671 483.671 483.671 483.671 
483.671 483.671 483.671 483.671 483.671 483.671 483.671 483.671 483.671 483.671 
483.671 483.671 483.671 483.671 483.671 483.671 483.671 483.671 483.671 483.671 
483.671 483.488 483.488 483.488 483.488 483.488 483.488 483.488 483.488 483.488 
483.488 483.488 483.488 483.488 483.488 483.488 483.488 483.488 483.488 483.488 
483.488 483.488 483.488 483.488 483.488 483.488 483.488 483.488 483.488 483.488 
483.488 483.488 483.488 483.488 483.488 483.488 483.488 483.488 483.488 483.488 
483.488 483.488 483.488 483.488 483.488 483.158 483.158 483.158 483.158 483.158 
483.158 483.158 483.158 483.158 483.158 483.158 483.158 483.158 483.158 483.158 
483.158 483.158 483.158 483.158 483.158 483.158 483.158 483.158 483.158 483.158 
483.158 483.158 483.158 483.158 483.158 483.158 483.158 483.158 483.158 483.158 
483.158 483.158 483.158 483.158 483.158 483.158 483.158 483.158 483.158 482.787 
482.787 482.787 482.787 482.787 482.787 482.787 482.787 482.787 482.787 482.787 
482.787 482.787 482.787 482.787 482.787 482.787 482.787 482.787 482.787 482.787 
482.787 482.787 482.787 482.787 482.787 482.787 482.787 482.787 482.787 482.787 
482.787 482.787 482.787 482.787 482.787 482.787 482.787 482.787 482.787 482.787 
482.787 482.787 482.787 482.213 482.213 482.213 482.213 482.213 482.213 482.213 
482.213 482.213 482.213 482.213 482.213 482.213 482.213 482.213 482.213 482.213 
482.213 482.213 482.213 482.213 482.213 482.213 482.213 482.213 482.213 482.213 
482.213 482.213 482.213 482.213 482.213 482.213 482.213 482.213 482.213 482.213 
482.213 482.213 482.213 482.213 482.213 482.213 482.213 481.516 481.516 481.516 
481.516 481.516 481.516 481.516 481.516 481.516 481.516 481.516 481.516 481.516 
481.516 481.516 481.516 481.516 481.516 481.516 481.516 481.516 481.516 481.516 
481.516 481.516 481.516 481.516 481.516 481.516 481.516 481.516 481.516 481.516 
481.516 481.516 481.516 481.516 481.516 481.516 481.516 481.516 481.516 481.516 
481.516 480.669 480.669 480.669 480.669 480.669 480.669 480.669 480.669 480.669 
480.669 480.669 480.669 480.669 480.669 480.669 480.669 480.669 480.669 480.669 
480.669 480.669 480.669 480.669 480.669 480.669 480.669 480.669 480.669 480.669 
480.669 480.669 480.669 480.669 480.669 480.669 480.669 480.669 480.669 480.669 
480.669 480.669 480.669 480.669 480.669 479.583 479.583 479.583 479.583 479.583 
479.583 479.583 479.583 479.583 479.583 479.583 479.583 479.583 479.583 479.583 
479.583 479.583 479.583 479.583 479.583 479.583 479.583 479.583 479.583 479.583 
479.583 479.583 479.583 479.583 479.583 479.583 479.583 479.583 479.583 479.583 
479.583 479.583 479.583 479.583 479.583 479.583 479.583 479.583 479.583 478.349 
478.349 478.349 478.349 478.349 478.349 478.349 478.349 478.349 478.349 478.349 
478.349 478.349 478.349 478.349 478.349 478.349 478.349 478.349 478.349 478.349 
478.349 478.349 478.349 478.349 478.349 478.349 478.349 478.349 478.349 478.349 
478.349 478.349 478.349 478.349 478.349 478.349 478.349 478.349 478.349 478.349 
478.349 478.349 478.349 477.07 477.07 477.07 477.07 477.07 477.07 477.07 
477.07 477.07 477.07 477.07 477.07 477.07 477.07 477.07 477.07 477.07 
477.07 477.07 477.07 477.07 477.07 477.07 477.07 477.07 477.07 477.07 
477.07 477.07 477.07 477.07 477.07 477.07 477.07 477.07 477.07 477.07 
477.07 477.07 477.07 477.07 477.07 477.07 477.07 475.588 475.588 475.588 
475.588 475.588 475.588 475.588 475.588 475.588 475.588 475.588 475.588 475.588 
475.588 475.588 475.588 475.588 475.588 475.588 475.588 475.588 475.588 475.588 
475.588 475.588 475.588 475.588 475.588 475.588 475.588 475.588 475.588 475.588 
475.588 475.588 475.588 475.588 475.588 475.588 475.588 475.588 475.588 475.588 
475.588 473.98 473.98 473.98 473.98 473.98 473.98 473.98 473.98 473.98 
473.98 473.98 473.98 473.98 473.98 473.98 473.98 473.98 473.98 473.98 
473.98 473.98 473.98 473.98 473.98 473.98 473.98 473.98 473.98 473.98 
473.98 473.98 473.98 473.98 473.98 473.98 473.98 473.98 473.98 473.98 
473.98 473.98 473.98 473.98 473.98 472.221 472.221 472.221 472.221 472.221 
472.221 472.221 472.221 472.221 472.221 472.221 472.221 472.221 472.221 472.221 
472.221 472.221 472.221 472.221 472.221 472.221 472.221 472.221 472.221 472.221 
472.221 472.221 472.221 472.221 472.221 472.221 472.221 472.221 472.221 472.221 
472.221 472.221 472.221 472.221 472.221 472.221 472.221 472.221 472.221 337.889 
337.889 337.889 337.889 337.889 337.889 337.889 337.889 337.889 337.889 337.889 
337.889 337.889 337.889 337.889 337.889 337.889 337.889 337.889 337.889 337.889 
337.889 337.889 337.889 337.889 337.889 337.889 337.889 337.889 337.889 337.889 
337.889 337.889 337.889 337.889 337.889 337.889 337.889 337.889 337.889 337.889 
337.889 337.889 337.889 329.879 329.879 329.879 329.879 329.879 329.879 329.879 
329.879 329.879 329.879 329.879 329.879 329.879 329.879 329.879 329.879 329.879 
329.879 329.879 329.879 329.879 329.879 329.879 329.879 329.879 329.879 329.879 
329.879 329.879 329.879 329.879 329.879 329.879 329.879 329.879 329.879 329.879 
329.879 329.879 329.879 329.879 329.879 329.879 329.879 384.686 384.686 384.686 
384.686 384.686 384.686 384.686 384.686 384.686 384.686 384.686 384.686 384.686 
384.686 384.686 384.686 384.686 384.686 384.686 384.686 384.686 384.686 384.686 
384.686 384.686 384.686 384.686 384.686 384.686 384.686 384.686 384.686 384.686 
384.686 384.686 384.686 384.686 384.686 384.686 384.686 384.686 384.686 384.686 
384.686 384.686 384.686 384.686 384.686 384.686 384.686 384.686 384.686 384.686 
384.686 384.686 384.686 384.686 384.686 384.686 384.686 384.686 384.686 384.686 
384.686 384.686 384.686 384.686 384.686 384.686 384.686 384.686 384.686 384.686 
384.686 384.686 384.686 384.686 384.686 384.686 384.686 384.686 384.686 384.686 
384.686 384.686 384.686 384.686 384.686 285.153 285.153 285.153 285.153 285.153 
285.153 285.153 285.153 285.153 285.153 285.153 285.153 285.153 285.153 285.153 
285.153 285.153 285.153 285.153 285.153 285.153 285.153 285.153 285.153 285.153 
285.153 285.153 285.153 285.153 285.153 285.153 285.153 285.153 285.153 285.153 
285.153 285.153 285.153 285.153 285.153 285.153 285.153 285.153 285.153 285.153 
285.153 285.153 285.153 285.153 285.153 285.153 285.153 285.153 285.153 285.153 
285.153 285.153 285.153 285.153 285.153 285.153 285.153 285.153 285.153 285.153 
285.153 285.153 285.153 285.153 285.153 285.153 285.153 285.153 285.153 285.153 
285.153 285.153 285.153 285.153 285.153 285.153 285.153 285.153 285.153 285.153 
285.153 285.153 285.153 302.071 302.071 302.071 302.071 302.071 302.071 302.071 
302.071 302.071 302.071 302.071 302.071 302.071 302.071 302.071 302.071 302.071 
302.071 302.071 302.071 302.071 302.071 302.071 302.071 302.071 302.071 302.071 
302.071 302.071 302.071 302.071 302.071 302.071 302.071 302.071 302.071 302.071 
302.071 302.071 302.071 302.071 302.071 302.071 302.071 319.312 319.312 319.312 
319.312 319.312 319.312 319.312 319.312 319.312 319.312 319.312 319.312 319.312 
319.312 319.312 319.312 319.312 319.312 319.312 319.312 319.312 319.312 319.312 
319.312 319.312 319.312 319.312 319.312 319.312 319.312 319.312 319.312 319.312 
319.312 319.312 319.312 319.312 319.312 319.312 319.312 319.312 319.312 319.312 
319.312 336.871 336.871 336.871 336.871 336.871 336.871 336.871 336.871 336.871 
336.871 336.871 336.871 336.871 336.871 336.871 336.871 336.871 336.871 336.871 
336.871 336.871 336.871 336.871 336.871 336.871 336.871 336.871 336.871 336.871 
336.871 336.871 336.871 336.871 336.871 336.871 336.871 336.871 336.871 336.871 
336.871 336.871 336.871 336.871 336.871 375.548 375.548 375.548 375.548 375.548 
375.548 375.548 375.548 375.548 375.548 375.548 375.548 375.548 375.548 375.548 
375.548 375.548 375.548 375.548 375.548 375.548 375.548 375.548 375.548 375.548 
375.548 375.548 375.548 375.548 375.548 375.548 375.548 375.548 375.548 375.548 
375.548 375.548 375.548 375.548 375.548 375.548 375.548 375.548 375.548 366.121 
366.121 366.121 366.121 366.121 366.121 366.121 366.121 366.121 366.121 366.121 
366.121 366.121 366.121 366.121 366.121 366.121 366.121 366.121 366.121 366.121 
366.121 366.121 366.121 366.121 366.121 366.121 366.121 366.121 366.121 366.121 
366.121 366.121 366.121 366.121 366.121 366.121 366.121 366.121 366.121 366.121 
366.121 366.121 366.121 302.071 302.071 302.071 302.071 302.071 302.071 302.071 
302.071 302.071 302.071 302.071 302.071 302.071 302.071 302.071 302.071 302.071 
302.071 302.071 302.071 302.071 302.071 302.071 302.071 302.071 302.071 302.071 
302.071 302.071 302.071 302.071 302.071 302.071 302.071 302.071 302.071 302.071 
302.071 302.071 302.071 302.071 302.071 302.071 302.071 319.312 319.312 319.312 
319.312 319.312 319.312 319.312 319.312 319.312 319.312 319.312 319.312 319.312 
319.312 319.312 319.312 319.312 319.312 319.312 319.312 319.312 319.312 319.312 
319.312 319.312 319.312 319.312 319.312 319.312 319.312 319.312 319.312 319.312 
319.312 319.312 319.312 319.312 319.312 319.312 319.312 319.312 319.312 319.312 
319.312 336.871 336.871 336.871 336.871 336.871 336.871 336.871 336.871 336.871 
336.871 336.871 336.871 336.871 336.871 336.871 336.871 336.871 336.871 336.871 
336.871 336.871 336.871 336.871 336.871 336.871 336.871 336.871 336.871 336.871 
336.871 336.871 336.871 336.871 336.871 336.871 336.871 336.871 336.871 336.871 
336.871 336.871 336.871 336.871 336.871 375.548 375.548 375.548 375.548 375.548 
375.548 375.548 375.548 375.548 375.548 375.548 375.548 375.548 375.548 375.548 
375.548 375.548 375.548 375.548 375.548 375.548 375.548 375.548 375.548 375.548 
375.548 375.548 375.548 375.548 375.548 375.548 375.548 375.548 375.548 375.548 
375.548 375.548 375.548 375.548 375.548 375.548 375.548 375.548 375.548 366.121 
366.121 366.121 366.121 366.121 366.121 366.121 366.121 366.121 366.121 366.121 
366.121 366.121 366.121 366.121 366.121 366.121 366.121 366.121 366.121 366.121 
366.121 366.121 366.121 366.121 366.121 366.121 366.121 366.121 366.121 366.121 
366.121 366.121 366.121 366.121 366.121 366.121 366.121 366.121 366.121 366.121 
366.121 366.121 366.121 426.193 426.193 426.193 426.193 426.193 426.193 426.193 
426.193 426.193 426.193 426.193 426.193 426.193 426.193 426.193 426.193 426.193 
426.193 426.193 426.193 426.193 426.193 426.193 426.193 426.193 426.193 426.193 
426.193 426.193 426.193 426.193 426.193 426.193 426.193 426.193 426.193 426.193 
426.193 426.193 426.193 426.193 426.193 426.193 426.193 426.193 426.193 426.193 
426.193 426.193 426.193 426.193 426.193 426.193 426.193 426.193 426.193 426.193 
426.193 426.193 426.193 426.193 426.193 426.193 426.193 426.193 426.193 426.193 
426.193 426.193 426.193 426.193 426.193 426.193 426.193 426.193 426.193 426.193 
426.193 426.193 426.193 426.193 426.193 426.193 426.193 426.193 426.193 426.193 
426.193 315.042 315.042 315.042 315.042 315.042 315.042 315.042 315.042 315.042 
315.042 315.042 315.042 315.042 315.042 315.042 315.042 315.042 315.042 315.042 
315.042 315.042 315.042 315.042 315.042 315.042 315.042 315.042 315.042 315.042 
315.042 315.042 315.042 315.042 315.042 315.042 315.042 315.042 315.042 315.042 
315.042 315.042 315.042 315.042 315.042 315.042 315.042 315.042 315.042 315.042 
315.042 315.042 315.042 315.042 315.042 315.042 315.042 315.042 315.042 315.042 
315.042 315.042 315.042 315.042 315.042 315.042 315.042 315.042 315.042 315.042 
315.042 315.042 315.042 315.042 315.042 315.042 315.042 315.042 315.042 315.042 
315.042 315.042 315.042 315.042 315.042 315.042 315.042 315.042 315.042 334.04 
334.04 334.04 334.04 334.04 334.04 334.04 334.04 334.04 334.04 334.04 
334.04 334.04 334.04 334.04 334.04 334.04 334.04 334.04 334.04 334.04 
334.04 334.04 334.04 334.04 334.04 334.04 334.04 334.04 334.04 334.04 
334.04 334.04 334.04 334.04 334.04 334.04 334.04 334.04 334.04 334.04 
334.04 334.04 334.04 353.371 353.371 353.371 353.371 353.371 353.371 353.371 
353.371 353.371 353.371 353.371 353.371 353.371 353.371 353.371 353.371 353.371 
353.371 353.371 353.371 353.371 353.371 353.371 353.371 353.371 353.371 353.371 
353.371 353.371 353.371 353.371 353.371 353.371 353.371 353.371 353.371 353.371 
353.371 353.371 353.371 353.371 353.371 353.371 353.371 373.029 373.029 373.029 
373.029 373.029 373.029 373.029 373.029 373.029 373.029 373.029 373.029 373.029 
373.029 373.029 373.029 373.029 373.029 373.029 373.029 373.029 373.029 373.029 
373.029 373.029 373.029 373.029 373.029 373.029 373.029 373.029 373.029 373.029 
373.029 373.029 373.029 373.029 373.029 373.029 373.029 373.029 373.029 373.029 
373.029 416.052 416.052 416.052 416.052 416.052 416.052 416.052 416.052 416.052 
416.052 416.052 416.052 416.052 416.052 416.052 416.052 416.052 416.052 416.052 
416.052 416.052 416.052 416.052 416.052 416.052 416.052 416.052 416.052 416.052 
416.052 416.052 416.052 416.052 416.052 416.052 416.052 416.052 416.052 416.052 
416.052 416.052 416.052 416.052 416.052 405.619 405.619 405.619 405.619 405.619 
405.619 405.619 405.619 405.619 405.619 405.619 405.619 405.619 405.619 405.619 
405.619 405.619 405.619 405.619 405.619 405.619 405.619 405.619 405.619 405.619 
405.619 405.619 405.619 405.619 405.619 405.619 405.619 405.619 405.619 405.619 
405.619 405.619 405.619 405.619 405.619 405.619 405.619 405.619 405.619 334.04 
334.04 334.04 334.04 334.04 334.04 334.04 334.04 334.04 334.04 334.04 
334.04 334.04 334.04 334.04 334.04 334.04 334.04 334.04 334.04 334.04 
334.04 334.04 334.04 334.04 334.04 334.04 334.04 334.04 334.04 334.04 
334.04 334.04 334.04 334.04 334.04 334.04 334.04 334.04 334.04 334.04 
334.04 334.04 334.04 353.371 353.371 353.371 353.371 353.371 353.371 353.371 
353.371 353.371 353.371 353.371 353.371 353.371 353.371 353.371 353.371 353.371 
353.371 353.371 353.371 353.371 353.371 353.371 353.371 353.371 353.371 353.371 
353.371 353.371 353.371 353.371 353.371 353.371 353.371 353.371 353.371 353.371 
353.371 353.371 353.371 353.371 353.371 353.371 353.371 373.029 373.029 373.029 
373.029 373.029 373.029 373.029 373.029 373.029 373.029 373.029 373.029 373.029 
373.029 373.029 373.029 373.029 373.029 373.029 373.029 373.029 373.029 373.029 
373.029 373.029 373.029 373.029 373.029 373.029 373.029 373.029 373.029 373.029 
373.029 373.029 373.029 373.029 373.029 373.029 373.029 373.029 373.029 373.029 
373.029 416.052 416.052 416.052 416.052 416.052 416.052 416.052 416.052 416.052 
416.052 416.052 416.052 416.052 416.052 416.052 416.052 416.052 416.052 416.052 
416.052 416.052 416.052 416.052 416.052 416.052 416.052 416.052 416.052 416.052 
416.052 416.052 416.052 416.052 416.052 416.052 416.052 416.052 416.052 416.052 
416.052 416.052 416.052 416.052 416.052 405.619 405.619 405.619 405.619 405.619 
405.619 405.619 405.619 405.619 405.619 405.619 405.619 405.619 405.619 405.619 
405.619 405.619 405.619 405.619 405.619 405.619 405.619 405.619 405.619 405.619 
405.619 405.619 405.619 405.619 405.619 405.619 405.619 405.619 405.619 405.619 
405.619 405.619 405.619 405.619 405.619 405.619 405.619 405.619 405.619 469.473 
469.473 469.473 469.473 469.473 469.473 469.473 469.473 469.473 469.473 469.473 
469.473 469.473 469.473 469.473 469.473 469.473 469.473 469.473 469.473 469.473 
469.473 469.473 469.473 469.473 469.473 469.473 469.473 469.473 469.473 469.473 
469.473 469.473 469.473 469.473 469.473 469.473 469.473 469.473 469.473 469.473 
469.473 469.473 469.473 469.475 469.475 469.475 469.475 469.475 469.475 469.475 
469.475 469.475 469.475 469.475 469.475 469.475 469.475 469.475 469.475 469.475 
469.475 469.475 469.475 469.475 469.475 469.475 469.475 469.475 469.475 469.475 
469.475 469.475 469.475 469.475 469.475 469.475 469.475 469.475 469.475 469.475 
469.475 469.475 469.475 469.475 469.475 469.475 469.475 349.838 349.838 349.838 
349.838 349.838 349.838 349.838 349.838 349.838 349.838 349.838 349.838 349.838 
349.838 349.838 349.838 349.838 349.838 349.838 349.838 349.838 349.838 349.838 
349.838 349.838 349.838 349.838 349.838 349.838 349.838 349.838 349.838 349.838 
349.838 349.838 349.838 349.838 349.838 349.838 349.838 349.838 349.838 349.838 
349.838 349.835 349.835 349.835 349.835 349.835 349.835 349.835 349.835 349.835 
349.835 349.835 349.835 349.835 349.835 349.835 349.835 349.835 349.835 349.835 
349.835 349.835 349.835 349.835 349.835 349.835 349.835 349.835 349.835 349.835 
349.835 349.835 349.835 349.835 349.835 349.835 349.835 349.835 349.835 349.835 
349.835 349.835 349.835 349.835 349.835 370.38 370.38 370.38 370.38 370.38 
370.38 370.38 370.38 370.38 370.38 370.38 370.38 370.38 370.38 370.38 
370.38 370.38 370.38 370.38 370.38 370.38 370.38 370.38 370.38 370.38 
370.38 370.38 370.38 370.38 370.38 370.38 370.38 370.38 370.38 370.38 
370.38 370.38 370.38 370.38 370.38 370.38 370.38 370.38 370.38 391.263 
391.263 391.263 391.263 391.263 391.263 391.263 391.263 391.263 391.263 391.263 
391.263 391.263 391.263 391.263 391.263 391.263 391.263 391.263 391.263 391.263 
391.263 391.263 391.263 391.263 391.263 391.263 391.263 391.263 391.263 391.263 
391.263 391.263 391.263 391.263 391.263 391.263 391.263 391.263 391.263 391.263 
391.263 391.263 391.263 412.48 412.48 412.48 412.48 412.48 412.48 412.48 
412.48 412.48 412.48 412.48 412.48 412.48 412.48 412.48 412.48 412.48 
412.48 412.48 412.48 412.48 412.48 412.48 412.48 412.48 412.48 412.48 
412.48 412.48 412.48 412.48 412.48 412.48 412.48 412.48 412.48 412.48 
412.48 412.48 412.48 412.48 412.48 412.48 412.48 458.62 458.62 458.62 
458.62 458.62 458.62 458.62 458.62 458.62 458.62 458.62 458.62 458.62 
458.62 458.62 458.62 458.62 458.62 458.62 458.62 458.62 458.62 458.62 
458.62 458.62 458.62 458.62 458.62 458.62 458.62 458.62 458.62 458.62 
458.62 458.62 458.62 458.62 458.62 458.62 458.62 458.62 458.62 458.62 
458.62 447.492 447.492 447.492 447.492 447.492 447.492 447.492 447.492 447.492 
447.492 447.492 447.492 447.492 447.492 447.492 447.492 447.492 447.492 447.492 
447.492 447.492 447.492 447.492 447.492 447.492 447.492 447.492 447.492 447.492 
447.492 447.492 447.492 447.492 447.492 447.492 447.492 447.492 447.492 447.492 
447.492 447.492 447.492 447.492 447.492 370.376 370.376 370.376 370.376 370.376 
370.376 370.376 370.376 370.376 370.376 370.376 370.376 370.376 370.376 370.376 
370.376 370.376 370.376 370.376 370.376 370.376 370.376 370.376 370.376 370.376 
370.376 370.376 370.376 370.376 370.376 370.376 370.376 370.376 370.376 370.376 
370.376 370.376 370.376 370.376 370.376 370.376 370.376 370.376 370.376 391.259 
391.259 391.259 391.259 391.259 391.259 391.259 391.259 391.259 391.259 391.259 
391.259 391.259 391.259 391.259 391.259 391.259 391.259 391.259 391.259 391.259 
391.259 391.259 391.259 391.259 391.259 391.259 391.259 391.259 391.259 391.259 
391.259 391.259 391.259 391.259 391.259 391.259 391.259 391.259 391.259 391.259 
391.259 391.259 391.259 412.475 412.475 412.475 412.475 412.475 412.475 412.475 
412.475 412.475 412.475 412.475 412.475 412.475 412.475 412.475 412.475 412.475 
412.475 412.475 412.475 412.475 412.475 412.475 412.475 412.475 412.475 412.475 
412.475 412.475 412.475 412.475 412.475 412.475 412.475 412.475 412.475 412.475 
412.475 412.475 412.475 412.475 412.475 412.475 412.475 458.622 458.622 458.622 
458.622 458.622 458.622 458.622 458.622 458.622 458.622 458.622 458.622 458.622 
458.622 458.622 458.622 458.622 458.622 458.622 458.622 458.622 458.622 458.622 
458.622 458.622 458.622 458.622 458.622 458.622 458.622 458.622 458.622 458.622 
458.622 458.622 458.622 458.622 458.622 458.622 458.622 458.622 458.622 458.622 
458.622 447.486 447.486 447.486 447.486 447.486 447.486 447.486 447.486 447.486 
447.486 447.486 447.486 447.486 447.486 447.486 447.486 447.486 447.486 447.486 
447.486 447.486 447.486 447.486 447.486 447.486 447.486 447.486 447.486 447.486 
447.486 447.486 447.486 447.486 447.486 447.486 447.486 447.486 447.486 447.486 
447.486 447.486 447.486 447.486 447.486 513.904 513.904 513.904 513.904 513.904 
513.904 513.904 513.904 513.904 513.904 513.904 513.904 513.904 513.904 513.904 
513.904 513.904 513.904 513.904 513.904 513.904 513.904 513.904 513.904 513.904 
513.904 513.904 513.904 513.904 513.904 513.904 513.904 513.904 513.904 513.904 
513.904 513.904 513.904 513.904 513.904 513.904 513.904 513.904 513.904 513.904 
513.904 513.904 513.904 513.904 513.904 513.904 513.904 513.904 513.904 513.904 
513.904 513.904 513.904 513.904 513.904 513.904 513.904 513.904 513.904 513.904 
513.904 513.904 513.904 513.904 513.904 513.904 513.904 513.904 513.904 513.904 
513.904 513.904 513.904 513.904 513.904 513.904 513.904 513.904 513.904 513.904 
513.904 513.904 513.904 388.32 388.32 388.32 388.32 388.32 388.32 388.32 
388.32 388.32 388.32 388.32 388.32 388.32 388.32 388.32 388.32 388.32 
388.32 388.32 388.32 388.32 388.32 388.32 388.32 388.32 388.32 388.32 
388.32 388.32 388.32 388.32 388.32 388.32 388.32 388.32 388.32 388.32 
388.32 388.32 388.32 388.32 388.32 388.32 388.32 388.32 388.32 388.32 
388.32 388.32 388.32 388.32 388.32 388.32 388.32 388.32 388.32 388.32 
388.32 388.32 388.32 388.32 388.32 388.32 388.32 388.32 388.32 388.32 
388.32 388.32 388.32 388.32 388.32 388.32 388.32 388.32 388.32 388.32 
388.32 388.32 388.32 388.32 388.32 388.32 388.32 388.32 388.32 388.32 
388.32 409.967 409.967 409.967 409.967 409.967 409.967 409.967 409.967 409.967 
409.967 409.967 409.967 409.967 409.967 409.967 409.967 409.967 409.967 409.967 
409.967 409.967 409.967 409.967 409.967 409.967 409.967 409.967 409.967 409.967 
409.967 409.967 409.967 409.967 409.967 409.967 409.967 409.967 409.967 409.967 
409.967 409.967 409.967 409.967 409.967 431.965 431.965 431.965 431.965 431.965 
431.965 431.965 431.965 431.965 431.965 431.965 431.965 431.965 431.965 431.965 
431.965 431.965 431.965 431.965 431.965 431.965 431.965 431.965 431.965 431.965 
431.965 431.965 431.965 431.965 431.965 431.965 431.965 431.965 431.965 431.965 
431.965 431.965 431.965 431.965 431.965 431.965 431.965 431.965 431.965 454.303 
454.303 454.303 454.303 454.303 454.303 454.303 454.303 454.303 454.303 454.303 
454.303 454.303 454.303 454.303 454.303 454.303 454.303 454.303 454.303 454.303 
454.303 454.303 454.303 454.303 454.303 454.303 454.303 454.303 454.303 454.303 
454.303 454.303 454.303 454.303 454.303 454.303 454.303 454.303 454.303 454.303 
454.303 454.303 454.303 502.572 502.572 502.572 502.572 502.572 502.572 502.572 
502.572 502.572 502.572 502.572 502.572 502.572 502.572 502.572 502.572 502.572 
502.572 502.572 502.572 502.572 502.572 502.572 502.572 502.572 502.572 502.572 
502.572 502.572 502.572 502.572 502.572 502.572 502.572 502.572 502.572 502.572 
502.572 502.572 502.572 502.572 502.572 502.572 502.572 490.998 490.998 490.998 
490.998 490.998 490.998 490.998 490.998 490.998 490.998 490.998 490.998 490.998 
490.998 490.998 490.998 490.998 490.998 490.998 490.998 490.998 490.998 490.998 
490.998 490.998 490.998 490.998 490.998 490.998 490.998 490.998 490.998 490.998 
490.998 490.998 490.998 490.998 490.998 490.998 490.998 490.998 490.998 490.998 
490.998 409.967 409.967 409.967 409.967 409.967 409.967 409.967 409.967 409.967 
409.967 409.967 409.967 409.967 409.967 409.967 409.967 409.967 409.967 409.967 
409.967 409.967 409.967 409.967 409.967 409.967 409.967 409.967 409.967 409.967 
409.967 409.967 409.967 409.967 409.967 409.967 409.967 409.967 409.967 409.967 
409.967 409.967 409.967 409.967 409.967 431.964 431.964 431.964 431.964 431.964 
431.964 431.964 431.964 431.964 431.964 431.964 431.964 431.964 431.964 431.964 
431.964 431.964 431.964 431.964 431.964 431.964 431.964 431.964 431.964 431.964 
431.964 431.964 431.964 431.964 431.964 431.964 431.964 431.964 431.964 431.964 
431.964 431.964 431.964 431.964 431.964 431.964 431.964 431.964 431.964 454.302 
454.302 454.302 454.302 454.302 454.302 454.302 454.302 454.302 454.302 454.302 
454.302 454.302 454.302 454.302 454.302 454.302 454.302 454.302 454.302 454.302 
454.302 454.302 454.302 454.302 454.302 454.302 454.302 454.302 454.302 454.302 
454.302 454.302 454.302 454.302 454.302 454.302 454.302 454.302 454.302 454.302 
454.302 454.302 454.302 502.572 502.572 502.572 502.572 502.572 502.572 502.572 
502.572 502.572 502.572 502.572 502.572 502.572 502.572 502.572 502.572 502.572 
502.572 502.572 502.572 502.572 502.572 502.572 502.572 502.572 502.572 502.572 
502.572 502.572 502.572 502.572 502.572 502.572 502.572 502.572 502.572 502.572 
502.572 502.572 502.572 502.572 502.572 502.572 502.572 490.997 490.997 490.997 
490.997 490.997 490.997 490.997 490.997 490.997 490.997 490.997 490.997 490.997 
490.997 490.997 490.997 490.997 490.997 490.997 490.997 490.997 490.997 490.997 
490.997 490.997 490.997 490.997 490.997 490.997 490.997 490.997 490.997 490.997 
490.997 490.997 490.997 490.997 490.997 490.997 490.997 490.997 490.997 490.997 
490.997 
