# vtk DataFile Version 2.0
vtkObjects
ASCII
DATASET UNSTRUCTURED_GRID
POINTS 2400 float
-475.771 -465.924 567.689
-475.773 -465.929 567.708
-459.173 -471.181 568.005
-459.175 -471.186 568.024
-442.085 -474.401 568.949
-442.087 -474.407 568.968
-424.778 -475.534 570.505
-424.78 -475.539 570.524
-407.523 -474.56 572.649
-407.526 -474.566 572.668
-390.595 -471.497 575.347
-390.597 -471.502 575.367
-374.258 -466.391 578.557
-374.26 -466.396 578.577
-358.772 -459.324 582.228
-358.774 -459.329 582.248
-344.38 -450.407 586.302
-344.382 -450.412 586.322
-331.309 -439.78 590.715
-331.311 -439.785 590.735
-319.765 -427.612 595.398
-319.767 -427.617 595.417
-309.931 -414.093 600.275
-309.933 -414.099 600.294
-301.961 -399.438 605.271
-301.963 -399.444 605.291
-295.981 -383.878 610.307
-295.983 -383.883 610.326
-292.086 -367.657 615.303
-292.088 -367.662 615.323
-290.337 -351.032 620.181
-290.339 -351.037 620.2
-290.761 -334.264 624.863
-290.763 -334.27 624.882
-293.352 -317.619 629.276
-293.354 -317.624 629.295
-298.069 -301.359 633.35
-298.071 -301.364 633.369
-304.837 -285.739 637.021
-304.839 -285.745 637.04
-313.55 -271.008 640.231
-313.552 -271.013 640.25
-324.071 -257.396 642.929
-324.073 -257.401 642.949
-336.233 -245.118 645.074
-336.235 -245.123 645.093
-349.845 -234.369 646.63
-349.847 -234.374 646.649
-364.691 -225.317 647.573
-364.693 -225.322 647.593
-380.539 -218.106 647.89
-380.541 -218.111 647.909
-397.137 -212.849 647.573
-397.14 -212.854 647.593
-414.225 -209.628 646.63
-414.227 -209.634 646.649
-431.533 -208.496 645.074
-431.535 -208.501 645.093
-448.787 -209.469 642.929
-448.789 -209.475 642.949
-465.715 -212.533 640.231
-465.718 -212.538 640.25
-482.052 -217.639 637.021
-482.054 -217.644 637.04
-497.538 -224.706 633.35
-497.54 -224.711 633.369
-511.93 -233.623 629.276
-511.933 -233.628 629.295
-525.001 -244.25 624.863
-525.004 -244.255 624.882
-536.545 -256.418 620.181
-536.547 -256.423 620.2
-546.379 -269.936 615.303
-546.382 -269.942 615.323
-554.349 -284.591 610.307
-554.351 -284.597 610.326
-560.329 -300.152 605.271
-560.331 -300.157 605.291
-564.224 -316.373 600.275
-564.226 -316.378 600.294
-565.974 -332.998 595.398
-565.976 -333.003 595.417
-565.549 -349.765 590.715
-565.551 -349.771 590.735
-562.958 -366.411 586.302
-562.961 -366.416 586.322
-558.242 -382.671 582.228
-558.244 -382.676 582.248
-551.473 -398.29 578.557
-551.475 -398.296 578.577
-542.76 -413.022 575.347
-542.762 -413.027 575.367
-532.239 -426.634 572.649
-532.241 -426.639 572.668
-520.077 -438.911 570.505
-520.079 -438.917 570.524
-506.466 -449.661 568.949
-506.468 -449.666 568.968
-491.619 -458.713 568.005
-491.621 -458.718 568.024
-863.992 30.5586 -457.652
-863.98 30.5544 -457.637
-861.004 41.1291 -457.192
-860.991 41.1249 -457.177
-859.04 51.8593 -455.821
-859.028 51.8551 -455.806
-858.132 62.5802 -453.56
-858.119 62.576 -453.545
-858.293 73.1226 -450.444
-858.281 73.1184 -450.429
-859.522 83.3202 -446.523
-859.509 83.316 -446.508
-861.798 93.0122 -441.859
-861.786 93.008 -441.844
-865.087 102.046 -436.524
-865.074 102.042 -436.509
-869.335 110.279 -430.604
-869.323 110.274 -430.589
-874.477 117.581 -424.192
-874.464 117.576 -424.177
-880.43 123.837 -417.388
-880.418 123.833 -417.373
-887.102 128.948 -410.3
-887.089 128.944 -410.285
-894.386 132.835 -403.04
-894.374 132.831 -403.025
-902.169 135.435 -395.723
-902.156 135.431 -395.708
-910.326 136.707 -388.463
-910.314 136.703 -388.448
-918.731 136.632 -381.375
-918.718 136.628 -381.36
-927.249 135.211 -374.571
-927.237 135.207 -374.556
-935.747 132.466 -368.159
-935.735 132.462 -368.144
-944.091 128.44 -362.238
-944.079 128.436 -362.223
-952.149 123.197 -356.904
-952.137 123.193 -356.889
-959.794 116.82 -352.24
-959.782 116.815 -352.225
-966.906 109.408 -348.319
-966.893 109.404 -348.304
-973.372 101.08 -345.203
-973.359 101.076 -345.188
-979.09 91.9661 -342.942
-979.077 91.9619 -342.927
-983.97 82.2102 -341.57
-983.957 82.206 -341.555
-987.936 71.9663 -341.111
-987.923 71.9621 -341.096
-990.924 61.3958 -341.57
-990.911 61.3916 -341.555
-992.888 50.6656 -342.942
-992.875 50.6614 -342.927
-993.796 39.9447 -345.203
-993.783 39.9405 -345.188
-993.635 29.4024 -348.319
-993.622 29.3981 -348.304
-992.406 19.2047 -352.24
-992.393 19.2005 -352.225
-990.13 9.51268 -356.904
-990.117 9.50846 -356.889
-986.841 0.479051 -362.238
-986.829 0.474833 -362.223
-982.593 -7.7537 -368.159
-982.58 -7.75791 -368.144
-977.451 -15.0557 -374.571
-977.439 -15.0599 -374.556
-971.498 -21.3119 -381.375
-971.485 -21.3161 -381.36
-964.826 -26.4235 -388.463
-964.813 -26.4277 -388.448
-957.542 -30.3099 -395.723
-957.529 -30.3142 -395.708
-949.759 -32.9099 -403.04
-949.747 -32.9142 -403.025
-941.601 -34.1825 -410.3
-941.589 -34.1867 -410.285
-933.197 -34.1075 -417.388
-933.184 -34.1118 -417.373
-924.679 -32.6863 -424.192
-924.666 -32.6905 -424.177
-916.18 -29.941 -430.604
-916.168 -29.9453 -430.589
-907.837 -25.9152 -436.524
-907.824 -25.9194 -436.509
-899.779 -20.6722 -441.859
-899.766 -20.6764 -441.844
-892.134 -14.2948 -446.523
-892.121 -14.299 -446.508
-885.022 -6.88347 -450.444
-885.009 -6.88769 -450.429
-878.556 1.44484 -453.56
-878.544 1.44062 -453.545
-872.838 10.5588 -455.821
-872.825 10.5546 -455.806
-867.958 20.3147 -457.192
-867.945 20.3105 -457.177
1.60093 -674.622 -913.011
1.60899 -674.625 -912.993
2.35284 -672.392 -912.947
2.3609 -672.395 -912.929
2.84574 -670.098 -912.755
2.8538 -670.101 -912.737
3.07187 -667.776 -912.439
3.07992 -667.78 -912.421
3.02765 -665.463 -912.004
3.03571 -665.466 -911.986
2.71379 -663.195 -911.457
2.72185 -663.198 -911.439
2.13524 -661.008 -910.805
2.1433 -661.011 -910.787
1.30111 -658.937 -910.06
1.30917 -658.94 -910.042
0.224574 -657.013 -909.233
0.232632 -657.016 -909.215
-1.0774 -655.268 -908.338
-1.06935 -655.272 -908.319
-2.58429 -653.729 -907.387
-2.57623 -653.733 -907.369
-4.27231 -652.421 -906.397
-4.26425 -652.424 -906.379
-6.11485 -651.363 -905.383
-6.10679 -651.366 -905.365
-8.08285 -650.573 -904.361
-8.0748 -650.576 -904.343
-10.1453 -650.062 -903.347
-10.1372 -650.066 -903.329
-12.2696 -649.84 -902.357
-12.2616 -649.844 -902.339
-14.4223 -649.91 -901.407
-14.4143 -649.913 -901.389
-16.5695 -650.27 -900.511
-16.5614 -650.273 -900.493
-18.6773 -650.915 -899.684
-18.6692 -650.918 -899.666
-20.7124 -651.834 -898.939
-20.7043 -651.837 -898.921
-22.6427 -653.014 -898.288
-22.6347 -653.017 -898.27
-24.4379 -654.435 -897.74
-24.4298 -654.438 -897.722
-26.0695 -656.075 -897.305
-26.0615 -656.078 -897.287
-27.512 -657.909 -896.989
-27.5039 -657.912 -896.971
-28.7424 -659.906 -896.797
-28.7343 -659.91 -896.779
-29.7414 -662.037 -896.733
-29.7334 -662.04 -896.715
-30.4933 -664.267 -896.797
-30.4853 -664.27 -896.779
-30.9862 -666.561 -896.989
-30.9782 -666.564 -896.971
-31.2124 -668.883 -897.305
-31.2043 -668.886 -897.287
-31.1681 -671.196 -897.74
-31.1601 -671.2 -897.722
-30.8543 -673.464 -898.288
-30.8462 -673.467 -898.27
-30.2757 -675.651 -898.939
-30.2677 -675.654 -898.921
-29.4416 -677.723 -899.684
-29.4336 -677.726 -899.666
-28.3651 -679.646 -900.511
-28.357 -679.649 -900.493
-27.0631 -681.391 -901.407
-27.055 -681.394 -901.389
-25.5562 -682.93 -902.357
-25.5482 -682.933 -902.339
-23.8682 -684.239 -903.347
-23.8601 -684.242 -903.329
-22.0256 -685.297 -904.361
-22.0176 -685.3 -904.343
-20.0576 -686.087 -905.383
-20.0496 -686.09 -905.365
-17.9952 -686.597 -906.397
-17.9872 -686.6 -906.379
-15.8709 -686.819 -907.387
-15.8628 -686.822 -907.369
-13.7182 -686.75 -908.338
-13.7101 -686.753 -908.319
-11.571 -686.39 -909.233
-11.5629 -686.393 -909.215
-9.46324 -685.745 -910.06
-9.45518 -685.748 -910.042
-7.42813 -684.825 -910.805
-7.42008 -684.829 -910.787
-5.49778 -683.646 -911.457
-5.48972 -683.649 -911.439
-3.70262 -682.225 -912.004
-3.69457 -682.228 -911.986
-2.07097 -680.584 -912.439
-2.06291 -680.588 -912.421
-0.628549 -678.751 -912.755
-0.620491 -678.754 -912.737
0.601887 -676.753 -912.947
0.609945 -676.756 -912.929
26.3334 -346.589 -273.976
26.331 -346.593 -273.956
57.9508 -364.527 -273.469
57.9484 -364.53 -273.45
91.4992 -378.451 -271.958
91.4968 -378.455 -271.939
126.45 -388.143 -269.467
126.447 -388.146 -269.447
162.251 -393.449 -266.033
162.248 -393.452 -266.014
198.338 -394.286 -261.713
198.336 -394.289 -261.693
234.143 -390.64 -256.573
234.14 -390.644 -256.553
269.1 -382.57 -250.695
269.097 -382.573 -250.675
302.658 -370.201 -244.171
302.655 -370.205 -244.152
334.287 -353.731 -237.105
334.285 -353.734 -237.086
363.49 -333.417 -229.608
363.488 -333.421 -229.588
389.806 -309.581 -221.798
389.804 -309.584 -221.778
412.819 -282.598 -213.798
412.817 -282.602 -213.778
432.167 -252.894 -205.734
432.164 -252.898 -205.715
447.544 -220.938 -197.734
447.541 -220.941 -197.715
458.708 -187.233 -189.924
458.705 -187.236 -189.905
465.483 -152.31 -182.427
465.48 -152.314 -182.407
467.762 -116.722 -175.361
467.759 -116.726 -175.341
465.509 -81.0281 -168.837
465.506 -81.0319 -168.818
458.759 -45.7923 -162.959
458.757 -45.796 -162.94
447.62 -11.57 -157.819
447.618 -11.5737 -157.8
432.267 21.0991 -153.499
432.264 21.0954 -153.479
412.941 51.6998 -150.065
412.939 51.6961 -150.046
389.948 79.7495 -147.574
389.946 79.7458 -147.554
363.65 104.806 -146.063
363.648 104.802 -146.043
334.463 126.474 -145.556
334.46 126.47 -145.537
302.845 144.411 -146.063
302.843 144.407 -146.043
269.297 158.336 -147.574
269.295 158.332 -147.554
234.347 168.027 -150.065
234.344 168.024 -150.046
198.545 173.333 -153.499
198.543 173.33 -153.479
162.458 174.17 -157.819
162.456 174.167 -157.8
126.654 170.525 -162.959
126.651 170.521 -162.94
91.6967 162.454 -168.837
91.6942 162.451 -168.818
58.1386 150.086 -175.361
58.1362 150.082 -175.341
26.5087 133.615 -182.427
26.5063 133.612 -182.407
-2.69424 113.302 -189.924
-2.69667 113.298 -189.905
-29.0097 89.4654 -197.734
-29.0122 89.4617 -197.715
-52.0228 62.4826 -205.734
-52.0252 62.4789 -205.715
-71.3704 32.7788 -213.798
-71.3728 32.775 -213.778
-86.7474 0.822296 -221.798
-86.7498 0.818579 -221.778
-97.9114 -32.8828 -229.608
-97.9139 -32.8865 -229.588
-104.686 -67.805 -237.105
-104.689 -67.8087 -237.086
-106.965 -103.394 -244.171
-106.968 -103.397 -244.152
-104.712 -139.087 -250.695
-104.715 -139.091 -250.675
-97.9631 -174.323 -256.573
-97.9655 -174.327 -256.553
-86.8239 -208.545 -261.713
-86.8263 -208.549 -261.693
-71.4704 -241.214 -266.033
-71.4728 -241.218 -266.014
-52.1448 -271.815 -269.467
-52.1472 -271.819 -269.447
-29.1519 -299.865 -271.958
-29.1543 -299.869 -271.939
-2.85422 -324.921 -273.469
-2.85664 -324.925 -273.45
538.799 -710.645 -33.4892
538.804 -710.65 -33.4707
542.554 -706.093 -33.35
542.56 -706.098 -33.3315
545.747 -701.146 -32.9345
545.752 -701.151 -32.916
548.326 -695.881 -32.2494
548.332 -695.886 -32.2309
550.252 -690.382 -31.3053
550.257 -690.387 -31.2868
551.493 -684.735 -30.1173
551.499 -684.74 -30.0987
552.031 -679.03 -28.704
552.036 -679.035 -28.6854
551.856 -673.356 -27.0877
551.862 -673.361 -27.0691
550.972 -667.802 -25.2939
550.978 -667.807 -25.2754
549.393 -662.457 -23.3509
549.399 -662.462 -23.3324
547.143 -657.405 -21.2894
547.148 -657.41 -21.2709
544.258 -652.725 -19.1418
544.263 -652.73 -19.1233
540.783 -648.491 -16.9421
540.788 -648.496 -16.9236
536.773 -644.77 -14.7249
536.779 -644.775 -14.7063
532.292 -641.621 -12.5251
532.297 -641.626 -12.5066
527.41 -639.093 -10.3775
527.415 -639.098 -10.359
522.204 -637.226 -8.31602
522.209 -637.231 -8.29748
516.756 -636.049 -6.37305
516.761 -636.054 -6.35451
511.152 -635.582 -4.57927
511.157 -635.587 -4.56073
505.48 -635.831 -2.96298
505.486 -635.836 -2.94444
499.831 -636.793 -1.54966
499.837 -636.798 -1.53113
494.293 -638.452 -0.361614
494.298 -638.458 -0.343079
488.952 -640.783 0.582436
488.958 -640.788 0.600971
483.895 -643.748 1.2676
483.9 -643.753 1.28613
479.2 -647.3 1.68306
479.205 -647.306 1.7016
474.941 -651.385 1.82229
474.946 -651.39 1.84082
471.186 -655.936 1.68306
471.191 -655.942 1.7016
467.993 -660.884 1.2676
467.999 -660.889 1.28613
465.414 -666.148 0.582436
465.419 -666.153 0.600971
463.488 -671.647 -0.361614
463.493 -671.652 -0.343079
462.246 -677.294 -1.54966
462.252 -677.299 -1.53113
461.709 -683 -2.96298
461.714 -683.005 -2.94444
461.883 -688.674 -4.57927
461.889 -688.679 -4.56073
462.767 -694.227 -6.37305
462.773 -694.232 -6.35451
464.347 -699.572 -8.31602
464.352 -699.577 -8.29748
466.597 -704.624 -10.3775
466.602 -704.63 -10.359
469.482 -709.304 -12.5251
469.487 -709.31 -12.5066
472.957 -713.538 -14.7249
472.962 -713.543 -14.7063
476.966 -717.259 -16.9421
476.972 -717.264 -16.9236
481.448 -720.409 -19.1418
481.453 -720.414 -19.1233
486.33 -722.937 -21.2894
486.335 -722.942 -21.2709
491.536 -724.804 -23.3509
491.541 -724.809 -23.3324
496.984 -725.98 -25.2939
496.989 -725.985 -25.2754
502.588 -726.447 -27.0877
502.593 -726.452 -27.0691
508.259 -726.198 -28.704
508.265 -726.203 -28.6854
513.909 -725.236 -30.1173
513.914 -725.241 -30.0987
519.447 -723.577 -31.3053
519.453 -723.582 -31.2868
524.787 -721.246 -32.2494
524.793 -721.252 -32.2309
529.845 -718.282 -32.9345
529.85 -718.287 -32.916
534.54 -714.729 -33.35
534.545 -714.734 -33.3315
658.899 324.73 -371.307
658.896 324.728 -371.287
663.449 318.362 -371.214
663.445 318.36 -371.194
668.745 312.606 -370.938
668.741 312.604 -370.918
674.704 307.553 -370.482
674.701 307.551 -370.463
681.232 303.282 -369.855
681.229 303.28 -369.835
688.227 299.861 -369.065
688.224 299.859 -369.045
695.578 297.344 -368.125
695.575 297.342 -368.105
703.169 295.771 -367.05
703.166 295.769 -367.031
710.881 295.165 -365.858
710.878 295.163 -365.838
718.591 295.538 -364.566
718.588 295.536 -364.546
726.178 296.883 -363.195
726.175 296.881 -363.176
733.523 299.178 -361.768
733.52 299.176 -361.748
740.51 302.388 -360.305
740.506 302.386 -360.285
747.028 306.462 -358.831
747.025 306.46 -358.811
752.974 311.335 -357.368
752.971 311.333 -357.349
758.256 316.932 -355.941
758.253 316.93 -355.921
762.789 323.163 -354.57
762.786 323.161 -354.55
766.503 329.93 -353.278
766.5 329.928 -353.259
769.338 337.127 -352.086
769.335 337.125 -352.066
771.25 344.64 -351.011
771.247 344.638 -350.991
772.208 352.35 -350.071
772.205 352.348 -350.052
772.199 360.137 -349.281
772.195 360.135 -349.262
771.221 367.877 -348.654
771.217 367.875 -348.634
769.29 375.447 -348.198
769.286 375.445 -348.179
766.436 382.73 -347.922
766.433 382.728 -347.902
762.706 389.61 -347.83
762.703 389.608 -347.81
758.157 395.978 -347.922
758.153 395.976 -347.902
752.861 401.734 -348.198
752.857 401.732 -348.179
746.901 406.787 -348.654
746.898 406.785 -348.634
740.373 411.057 -349.281
740.37 411.055 -349.262
733.378 414.478 -350.071
733.375 414.476 -350.052
726.027 416.995 -351.011
726.024 416.993 -350.991
718.436 418.569 -352.086
718.433 418.567 -352.066
710.724 419.174 -353.278
710.721 419.172 -353.259
703.014 418.801 -354.57
703.011 418.799 -354.55
695.427 417.457 -355.941
695.424 417.455 -355.921
688.082 415.161 -357.368
688.079 415.159 -357.349
681.096 411.951 -358.831
681.092 411.949 -358.811
674.578 407.877 -360.305
674.574 407.875 -360.285
668.631 403.004 -361.768
668.628 403.002 -361.748
663.349 397.408 -363.195
663.346 397.406 -363.176
658.816 391.177 -364.566
658.813 391.175 -364.546
655.102 384.409 -365.858
655.099 384.407 -365.838
652.267 377.212 -367.05
652.264 377.21 -367.031
650.355 369.699 -368.125
650.352 369.697 -368.105
649.397 361.989 -369.065
649.394 361.987 -369.045
649.407 354.202 -369.855
649.403 354.2 -369.835
650.385 346.463 -370.482
650.381 346.461 -370.463
652.316 338.892 -370.938
652.312 338.89 -370.918
655.169 331.609 -371.214
655.166 331.607 -371.194
789.302 491.41 732.242
789.296 491.401 732.259
822.324 473.282 733.502
822.319 473.273 733.519
856.938 458.845 737.263
856.932 458.836 737.28
892.596 448.326 743.466
892.59 448.317 743.483
928.738 441.891 752.013
928.732 441.882 752.03
964.792 439.641 762.768
964.786 439.632 762.785
1000.19 441.613 775.563
1000.18 441.604 775.58
1034.38 447.774 790.195
1034.37 447.765 790.212
1066.81 458.027 806.434
1066.8 458.018 806.451
1096.97 472.212 824.023
1096.97 472.203 824.04
1124.4 490.104 842.686
1124.4 490.095 842.703
1148.66 511.421 862.128
1148.65 511.411 862.145
1169.35 535.826 882.042
1169.35 535.817 882.059
1186.17 562.936 902.115
1186.17 562.927 902.132
1198.84 592.322 922.029
1198.84 592.313 922.046
1207.16 623.522 941.471
1207.16 623.513 941.488
1211.01 656.042 960.133
1211 656.033 960.15
1210.32 689.37 977.723
1210.31 689.361 977.74
1205.1 722.981 993.962
1205.09 722.972 993.979
1195.43 756.344 1008.59
1195.42 756.335 1008.61
1181.47 788.934 1021.39
1181.46 788.925 1021.41
1163.44 820.236 1032.14
1163.43 820.227 1032.16
1141.62 849.757 1040.69
1141.61 849.748 1040.71
1116.35 877.031 1046.89
1116.35 877.022 1046.91
1088.04 901.627 1050.65
1088.03 901.618 1050.67
1057.13 923.159 1051.91
1057.12 923.15 1051.93
1024.11 941.287 1050.65
1024.1 941.278 1050.67
989.495 955.724 1046.89
989.489 955.715 1046.91
953.836 966.243 1040.69
953.831 966.234 1040.71
917.695 972.678 1032.14
917.689 972.669 1032.16
881.64 974.928 1021.39
881.635 974.919 1021.41
846.242 972.957 1008.59
846.236 972.947 1008.61
812.057 966.796 993.962
812.051 966.787 993.979
779.625 956.542 977.723
779.62 956.533 977.74
749.458 942.357 960.133
749.452 942.348 960.15
722.031 924.466 941.471
722.025 924.456 941.488
697.777 903.149 922.029
697.771 903.14 922.046
677.078 878.743 902.115
677.073 878.734 902.132
660.261 851.633 882.042
660.255 851.624 882.059
647.591 822.247 862.128
647.585 822.238 862.145
639.268 791.048 842.686
639.262 791.039 842.703
635.422 758.527 824.023
635.417 758.518 824.04
636.116 725.199 806.434
636.11 725.19 806.451
641.337 691.588 790.195
641.331 691.579 790.212
651.003 658.225 775.563
650.998 658.216 775.58
664.963 625.635 762.768
664.957 625.626 762.785
682.995 594.333 752.013
682.99 594.324 752.03
704.816 564.812 743.466
704.81 564.803 743.483
730.081 537.539 737.263
730.075 537.53 737.28
758.392 512.942 733.502
758.386 512.933 733.519
-275.045 -105.657 -155.203
-275.043 -105.663 -155.184
-262.721 -101.822 -154.932
-262.719 -101.829 -154.913
-250.959 -96.5648 -154.124
-250.957 -96.5713 -154.105
-239.943 -89.9677 -152.79
-239.941 -89.9742 -152.771
-229.847 -82.135 -150.952
-229.846 -82.1415 -150.933
-220.832 -73.19 -148.639
-220.83 -73.1964 -148.621
-213.038 -63.2738 -145.888
-213.036 -63.2803 -145.869
-206.588 -52.5429 -142.742
-206.587 -52.5494 -142.723
-201.585 -41.1664 -139.25
-201.584 -41.1729 -139.231
-198.107 -29.3238 -135.468
-198.106 -29.3303 -135.449
-196.21 -17.2018 -131.455
-196.208 -17.2083 -131.436
-195.922 -4.9917 -127.274
-195.921 -4.99819 -127.256
-197.249 7.11407 -122.992
-197.248 7.10758 -122.974
-200.17 18.9246 -118.676
-200.168 18.9181 -118.657
-204.638 30.2535 -114.394
-204.637 30.247 -114.375
-210.584 40.9222 -110.214
-210.582 40.9157 -110.195
-217.913 50.7625 -106.201
-217.911 50.756 -106.182
-226.509 59.6191 -102.419
-226.508 59.6126 -102.4
-236.238 67.3524 -98.9267
-236.237 67.3459 -98.9079
-246.946 73.8404 -95.7805
-246.944 73.8339 -95.7616
-258.463 78.9808 -93.0293
-258.462 78.9743 -93.0104
-270.609 82.6926 -90.7166
-270.608 82.6861 -90.6977
-283.192 84.9171 -88.8789
-283.19 84.9106 -88.86
-296.013 85.6193 -87.5451
-296.011 85.6129 -87.5263
-308.87 84.7882 -86.7364
-308.868 84.7817 -86.7175
-321.56 82.4369 -86.4654
-321.558 82.4304 -86.4465
-333.883 78.6023 -86.7364
-333.882 78.5958 -86.7175
-345.646 73.3451 -87.5451
-345.644 73.3386 -87.5263
-356.662 66.748 -88.8789
-356.66 66.7416 -88.86
-366.757 58.9153 -90.7166
-366.755 58.9088 -90.6977
-375.773 49.9703 -93.0293
-375.771 49.9638 -93.0104
-383.567 40.0541 -95.7805
-383.565 40.0476 -95.7616
-390.016 29.3232 -98.9267
-390.015 29.3167 -98.9079
-395.019 17.9467 -102.419
-395.018 17.9402 -102.4
-398.497 6.1041 -106.201
-398.495 6.09761 -106.182
-400.395 -6.01785 -110.214
-400.393 -6.02434 -110.195
-400.682 -18.228 -114.394
-400.681 -18.2345 -114.375
-399.355 -30.3338 -118.676
-399.354 -30.3403 -118.657
-396.434 -42.1442 -122.992
-396.433 -42.1507 -122.974
-391.966 -53.4732 -127.274
-391.965 -53.4797 -127.256
-386.021 -64.1419 -131.455
-386.019 -64.1484 -131.436
-378.692 -73.9822 -135.468
-378.69 -73.9887 -135.449
-370.095 -82.8388 -139.25
-370.094 -82.8453 -139.231
-360.366 -90.5721 -142.742
-360.365 -90.5786 -142.723
-349.659 -97.0601 -145.888
-349.657 -97.0666 -145.869
-338.141 -102.201 -148.639
-338.14 -102.207 -148.621
-325.995 -105.912 -150.952
-325.994 -105.919 -150.933
-313.413 -108.137 -152.79
-313.411 -108.143 -152.771
-300.592 -108.839 -154.124
-300.59 -108.846 -154.105
-287.735 -108.008 -154.932
-287.733 -108.014 -154.913
-188.674 76.5609 -966.078
-188.669 76.5522 -966.06
-186.675 77.8069 -966.004
-186.67 77.7982 -965.987
-184.831 79.2585 -965.785
-184.826 79.2499 -965.768
-183.171 80.8929 -965.424
-183.167 80.8842 -965.407
-181.723 82.6842 -964.927
-181.718 82.6755 -964.91
-180.507 84.6042 -964.301
-180.502 84.5955 -964.284
-179.545 86.6227 -963.556
-179.54 86.614 -963.539
-178.85 88.7077 -962.705
-178.845 88.699 -962.687
-178.434 90.8264 -961.76
-178.429 90.8178 -961.742
-178.303 92.9455 -960.736
-178.298 92.9368 -960.719
-178.46 95.0314 -959.65
-178.455 95.0227 -959.632
-178.901 97.0513 -958.518
-178.897 97.0426 -958.501
-179.621 98.9733 -957.359
-179.616 98.9646 -957.342
-180.607 100.767 -956.191
-180.603 100.758 -956.174
-181.845 102.404 -955.032
-181.84 102.396 -955.015
-183.314 103.859 -953.9
-183.309 103.851 -953.883
-184.991 105.109 -952.814
-184.986 105.101 -952.797
-186.85 106.134 -951.79
-186.846 106.125 -951.773
-188.862 106.918 -950.845
-188.858 106.909 -950.828
-190.995 107.448 -949.994
-190.99 107.439 -949.976
-193.215 107.717 -949.249
-193.211 107.708 -949.232
-195.488 107.719 -948.623
-195.483 107.71 -948.606
-197.776 107.455 -948.126
-197.772 107.446 -948.108
-200.046 106.929 -947.765
-200.041 106.921 -947.747
-202.259 106.15 -947.546
-202.254 106.141 -947.528
-204.382 105.129 -947.472
-204.378 105.121 -947.455
-206.382 103.883 -947.546
-206.377 103.875 -947.528
-208.226 102.432 -947.765
-208.221 102.423 -947.747
-209.885 100.797 -948.126
-209.88 100.789 -948.108
-211.334 99.0059 -948.623
-211.329 98.9972 -948.606
-212.549 97.0859 -949.249
-212.545 97.0772 -949.232
-213.512 95.0675 -949.994
-213.507 95.0588 -949.976
-214.207 92.9824 -950.845
-214.202 92.9738 -950.828
-214.623 90.8637 -951.79
-214.618 90.855 -951.773
-214.754 88.7447 -952.814
-214.749 88.736 -952.797
-214.597 86.6588 -953.9
-214.592 86.6501 -953.883
-214.155 84.6389 -955.032
-214.15 84.6302 -955.015
-213.435 82.7169 -956.191
-213.431 82.7082 -956.174
-212.449 80.9231 -957.359
-212.444 80.9144 -957.342
-211.212 79.2857 -958.518
-211.207 79.277 -958.501
-209.743 77.8307 -959.65
-209.738 77.822 -959.632
-208.065 76.5809 -960.736
-208.061 76.5722 -960.719
-206.206 75.556 -961.76
-206.201 75.5473 -961.742
-204.194 74.7723 -962.705
-204.189 74.7636 -962.687
-202.061 74.242 -963.556
-202.057 74.2333 -963.539
-199.841 73.9736 -964.301
-199.836 73.9649 -964.284
-197.569 73.9713 -964.927
-197.564 73.9626 -964.91
-195.28 74.235 -965.424
-195.275 74.2264 -965.407
-193.011 74.7608 -965.785
-193.006 74.7521 -965.768
-190.797 75.5401 -966.004
-190.793 75.5315 -965.987
-1032.97 -391.699 -674.095
-1032.97 -391.707 -674.077
-999.161 -404.468 -673.112
-999.165 -404.475 -673.094
-964.228 -413.295 -670.178
-964.232 -413.303 -670.16
-928.719 -418.042 -665.34
-928.723 -418.05 -665.322
-893.194 -418.634 -658.673
-893.198 -418.642 -658.655
-858.213 -415.061 -650.283
-858.217 -415.069 -650.265
-824.328 -407.379 -640.302
-824.331 -407.387 -640.284
-792.072 -395.711 -628.888
-792.076 -395.719 -628.87
-761.956 -380.239 -616.22
-761.959 -380.247 -616.202
-734.453 -361.208 -602.499
-734.457 -361.216 -602.481
-709.998 -338.919 -587.94
-710.002 -338.927 -587.922
-688.976 -313.721 -572.774
-688.98 -313.729 -572.756
-671.719 -286.014 -557.24
-671.723 -286.022 -557.222
-658.499 -256.233 -541.582
-658.502 -256.241 -541.564
-649.524 -224.849 -526.047
-649.527 -224.857 -526.029
-644.936 -192.356 -510.881
-644.939 -192.364 -510.863
-644.807 -159.267 -496.323
-644.81 -159.275 -496.305
-649.139 -126.104 -482.601
-649.143 -126.112 -482.583
-657.865 -93.3897 -469.934
-657.868 -93.3976 -469.916
-670.846 -61.6398 -458.52
-670.849 -61.6478 -458.502
-687.877 -31.3553 -448.539
-687.881 -31.3633 -448.521
-708.691 -3.01378 -440.149
-708.694 -3.0217 -440.131
-732.958 22.9379 -433.482
-732.961 22.93 -433.464
-760.296 46.0903 -428.643
-760.3 46.0824 -428.625
-790.275 66.0785 -425.709
-790.278 66.0706 -425.691
-822.42 82.5871 -424.726
-822.424 82.5792 -424.708
-856.226 95.3559 -425.709
-856.23 95.348 -425.691
-891.159 104.183 -428.643
-891.163 104.175 -428.625
-926.668 108.93 -433.482
-926.672 108.922 -433.464
-962.193 109.522 -440.149
-962.197 109.514 -440.131
-997.174 105.949 -448.539
-997.178 105.941 -448.521
-1031.06 98.2678 -458.52
-1031.06 98.2598 -458.502
-1063.32 86.5993 -469.934
-1063.32 86.5913 -469.916
-1093.43 71.1276 -482.601
-1093.44 71.1197 -482.583
-1120.93 52.0968 -496.323
-1120.94 52.0889 -496.305
-1145.39 29.807 -510.881
-1145.39 29.799 -510.863
-1166.41 4.60961 -526.047
-1166.41 4.60169 -526.029
-1183.67 -23.0979 -541.582
-1183.67 -23.1058 -541.564
-1196.89 -52.8785 -557.24
-1196.89 -52.8865 -557.222
-1205.86 -84.2627 -572.774
-1205.87 -84.2706 -572.756
-1210.45 -116.755 -587.94
-1210.46 -116.763 -587.922
-1210.58 -149.844 -602.499
-1210.58 -149.852 -602.481
-1206.25 -183.007 -616.22
-1206.25 -183.015 -616.202
-1197.52 -215.722 -628.888
-1197.53 -215.73 -628.87
-1184.54 -247.472 -640.302
-1184.55 -247.48 -640.284
-1167.51 -277.756 -650.283
-1167.51 -277.764 -650.265
-1146.7 -306.098 -658.673
-1146.7 -306.106 -658.655
-1122.43 -332.05 -665.34
-1122.43 -332.057 -665.322
-1095.09 -355.202 -670.178
-1095.09 -355.21 -670.16
-1065.11 -375.19 -673.112
-1065.12 -375.198 -673.094
33.4739 403.087 690.778
33.4679 403.081 690.796
37.302 399.734 690.913
37.2961 399.728 690.931
41.4755 396.846 691.317
41.4696 396.84 691.336
45.9287 394.471 691.984
45.9227 394.465 692.002
50.5911 392.644 692.903
50.5852 392.638 692.921
55.3894 391.395 694.058
55.3834 391.389 694.077
60.2478 390.744 695.433
60.2418 390.738 695.452
65.0897 390.701 697.006
65.0837 390.694 697.024
69.8388 391.266 698.751
69.8328 391.26 698.769
74.4201 392.43 700.642
74.4142 392.424 700.66
78.7615 394.176 702.647
78.7555 394.17 702.665
82.7944 396.476 704.737
82.7884 396.47 704.755
86.4552 399.293 706.877
86.4493 399.287 706.895
89.6863 402.584 709.034
89.6803 402.578 709.052
92.4366 406.295 711.174
92.4307 406.289 711.193
94.6628 410.369 713.264
94.6569 410.363 713.282
96.3298 414.741 715.27
96.3238 414.735 715.288
97.4112 419.343 717.16
97.4053 419.337 717.178
97.8901 424.102 718.905
97.8842 424.096 718.923
97.7589 428.942 720.478
97.753 428.936 720.496
97.0196 433.788 721.853
97.0137 433.782 721.871
95.6839 438.563 723.009
95.678 438.556 723.027
93.7729 443.191 723.927
93.767 443.185 723.945
91.3167 447.6 724.594
91.3108 447.594 724.612
88.3541 451.721 724.998
88.3481 451.715 725.016
84.9317 455.487 725.134
84.9257 455.481 725.152
81.1035 458.841 724.998
81.0976 458.835 725.016
76.93 461.728 724.594
76.9241 461.722 724.612
72.4769 464.104 723.927
72.4709 464.098 723.945
67.8144 465.931 723.009
67.8085 465.925 723.027
63.0162 467.18 721.853
63.0102 467.174 721.871
58.1578 467.831 720.478
58.1518 467.825 720.496
53.3159 467.874 718.905
53.3099 467.868 718.923
48.5668 467.309 717.16
48.5608 467.303 717.178
43.9854 466.144 715.27
43.9795 466.138 715.288
39.6441 464.398 713.264
39.6381 464.392 713.282
35.6112 462.099 711.174
35.6052 462.093 711.193
31.9503 459.281 709.034
31.9444 459.275 709.052
28.7193 455.991 706.877
28.7133 455.985 706.895
25.9689 452.28 704.737
25.963 452.274 704.755
23.7427 448.206 702.647
23.7368 448.2 702.665
22.0758 443.834 700.642
22.0698 443.827 700.66
20.9943 439.232 698.751
20.9884 439.226 698.769
20.5154 434.473 697.006
20.5095 434.467 697.024
20.6466 429.633 695.433
20.6407 429.627 695.452
21.3859 424.787 694.058
21.38 424.781 694.077
22.7216 420.012 692.903
22.7157 420.006 692.921
24.6326 415.384 691.984
24.6267 415.378 692.002
27.0888 410.975 691.317
27.0829 410.968 691.336
30.0515 406.854 690.913
30.0455 406.848 690.931
546.468 156.745 -383.663
546.466 156.733 -383.647
550.243 156.38 -383.521
550.241 156.368 -383.505
554.014 156.398 -383.095
554.012 156.387 -383.079
557.722 156.8 -382.394
557.721 156.788 -382.378
561.309 157.579 -381.428
561.307 157.567 -381.412
564.717 158.722 -380.211
564.716 158.71 -380.195
567.894 160.212 -378.765
567.892 160.2 -378.749
570.788 162.026 -377.11
570.786 162.014 -377.094
573.355 164.133 -375.274
573.353 164.122 -375.258
575.554 166.503 -373.285
575.552 166.491 -373.269
577.35 169.096 -371.174
577.348 169.084 -371.158
578.714 171.872 -368.976
578.713 171.86 -368.96
579.626 174.788 -366.724
579.625 174.776 -366.708
580.071 177.797 -364.454
580.07 177.785 -364.438
580.042 180.851 -362.202
580.041 180.84 -362.186
579.54 183.904 -360.003
579.538 183.892 -359.987
578.572 186.906 -357.893
578.57 186.894 -357.877
577.153 189.81 -355.904
577.151 189.798 -355.888
575.306 192.571 -354.068
575.304 192.559 -354.052
573.06 195.144 -352.413
573.059 195.132 -352.397
570.451 197.49 -350.966
570.45 197.478 -350.95
567.52 199.571 -349.75
567.518 199.559 -349.734
564.312 201.355 -348.784
564.311 201.343 -348.767
560.879 202.813 -348.082
560.877 202.801 -348.066
557.275 203.922 -347.657
557.273 203.91 -347.641
553.556 204.665 -347.514
553.554 204.653 -347.498
549.781 205.03 -347.657
549.779 205.019 -347.641
546.01 205.012 -348.082
546.008 205 -348.066
542.301 204.61 -348.784
542.3 204.599 -348.767
538.715 203.832 -349.75
538.713 203.82 -349.734
535.306 202.688 -350.966
535.305 202.676 -350.95
532.13 201.198 -352.413
532.128 201.186 -352.397
529.236 199.385 -354.068
529.234 199.373 -354.052
526.669 197.277 -355.904
526.667 197.265 -355.888
524.47 194.908 -357.893
524.468 194.896 -357.877
522.674 192.315 -360.003
522.672 192.303 -359.987
521.309 189.538 -362.202
521.308 189.527 -362.186
520.397 186.623 -364.454
520.396 186.611 -364.438
519.952 183.614 -366.724
519.951 183.602 -366.708
519.981 180.559 -368.976
519.98 180.547 -368.96
520.484 177.507 -371.174
520.482 177.495 -371.158
521.452 174.505 -373.285
521.451 174.493 -373.269
522.871 171.6 -375.274
522.869 171.589 -375.258
524.718 168.84 -377.11
524.716 168.828 -377.094
526.963 166.266 -378.765
526.962 166.254 -378.749
529.572 163.92 -380.211
529.571 163.909 -380.195
532.504 161.839 -381.428
532.502 161.827 -381.412
535.711 160.056 -382.394
535.71 160.044 -382.378
539.145 158.598 -383.095
539.143 158.586 -383.079
542.749 157.488 -383.521
542.747 157.477 -383.505
643.007 159.575 763.24
643.01 159.573 763.26
644.684 161.995 763.278
644.687 161.992 763.297
646.05 164.6 763.388
646.054 164.598 763.408
647.084 167.351 763.571
647.087 167.349 763.59
647.769 170.203 763.822
647.772 170.201 763.842
648.095 173.112 764.139
648.098 173.11 764.159
648.056 176.032 764.516
648.059 176.03 764.535
647.653 178.916 764.946
647.656 178.914 764.966
646.892 181.72 765.424
646.895 181.718 765.444
645.785 184.399 765.942
645.789 184.396 765.962
644.351 186.91 766.492
644.354 186.908 766.511
642.61 189.215 767.064
642.613 189.213 767.083
640.592 191.277 767.65
640.595 191.274 767.67
638.327 193.063 768.241
638.33 193.06 768.261
635.851 194.545 768.827
635.855 194.542 768.847
633.204 195.699 769.399
633.207 195.697 769.419
630.427 196.509 769.949
630.431 196.506 769.968
627.565 196.96 770.467
627.568 196.957 770.486
624.661 197.046 770.945
624.664 197.043 770.964
621.762 196.765 771.375
621.765 196.763 771.395
618.913 196.122 771.752
618.917 196.12 771.772
616.161 195.127 772.069
616.164 195.124 772.088
613.547 193.795 772.32
613.55 193.793 772.34
611.113 192.149 772.503
611.116 192.146 772.522
608.898 190.212 772.613
608.901 190.21 772.633
606.937 188.017 772.651
606.94 188.015 772.67
605.26 185.598 772.613
605.263 185.595 772.633
603.893 182.992 772.503
603.896 182.989 772.522
602.859 180.241 772.32
602.863 180.239 772.34
602.174 177.389 772.069
602.177 177.387 772.088
601.849 174.48 771.752
601.852 174.478 771.772
601.888 171.56 771.375
601.891 171.558 771.395
602.291 168.676 770.945
602.294 168.674 770.964
603.052 165.872 770.467
603.055 165.87 770.486
604.158 163.194 769.949
604.161 163.191 769.968
605.593 160.682 769.399
605.596 160.68 769.419
607.333 158.377 768.827
607.337 158.375 768.847
609.352 156.316 768.241
609.355 156.313 768.261
611.617 154.53 767.65
611.62 154.527 767.67
614.092 153.048 767.064
614.095 153.045 767.083
616.739 151.893 766.492
616.742 151.891 766.511
619.516 151.084 765.942
619.519 151.081 765.962
622.379 150.633 765.424
622.382 150.63 765.444
625.283 150.547 764.946
625.286 150.544 764.966
628.182 150.827 764.516
628.185 150.825 764.535
631.03 151.47 764.139
631.033 151.468 764.159
633.783 152.466 763.822
633.786 152.463 763.842
636.397 153.797 763.571
636.4 153.795 763.59
638.83 155.444 763.388
638.833 155.441 763.408
641.045 157.38 763.278
641.049 157.378 763.297
-625.362 -587.642 110.502
-625.363 -587.655 110.517
-611.553 -588.623 111.095
-611.555 -588.637 111.11
-597.814 -588.323 112.863
-597.816 -588.337 112.878
-584.361 -586.747 115.779
-584.362 -586.761 115.794
-571.405 -583.92 119.797
-571.407 -583.934 119.811
-559.152 -579.886 124.853
-559.154 -579.9 124.867
-547.794 -574.709 130.867
-547.796 -574.723 130.882
-537.511 -568.471 137.746
-537.513 -568.484 137.761
-528.465 -561.269 145.38
-528.466 -561.283 145.394
-520.798 -553.218 153.649
-520.799 -553.232 153.663
-514.631 -544.444 162.422
-514.632 -544.458 162.437
-510.062 -535.086 171.562
-510.063 -535.1 171.576
-507.162 -525.292 180.923
-507.164 -525.305 180.938
-505.978 -515.215 190.359
-505.98 -515.229 190.374
-506.528 -505.015 199.721
-506.529 -505.029 199.736
-508.803 -494.853 208.86
-508.805 -494.867 208.875
-512.768 -484.889 217.634
-512.769 -484.902 217.648
-518.359 -475.28 225.903
-518.361 -475.293 225.917
-525.49 -466.177 233.537
-525.492 -466.19 233.551
-534.047 -457.724 240.415
-534.048 -457.738 240.43
-543.895 -450.055 246.43
-543.897 -450.069 246.445
-554.879 -443.291 251.486
-554.881 -443.304 251.501
-566.826 -437.537 255.504
-566.828 -437.551 255.518
-579.548 -432.885 258.42
-579.549 -432.899 258.434
-592.843 -429.408 260.188
-592.845 -429.422 260.202
-606.503 -427.162 260.78
-606.504 -427.175 260.795
-620.311 -426.181 260.188
-620.312 -426.194 260.202
-634.05 -426.48 258.42
-634.051 -426.494 258.434
-647.503 -428.056 255.504
-647.505 -428.07 255.518
-660.459 -430.883 251.486
-660.46 -430.897 251.501
-672.712 -434.917 246.43
-672.714 -434.931 246.445
-684.07 -440.094 240.415
-684.071 -440.108 240.43
-694.353 -446.333 233.537
-694.355 -446.346 233.551
-703.4 -453.535 225.903
-703.401 -453.548 225.917
-711.067 -461.586 217.634
-711.068 -461.599 217.648
-717.233 -470.359 208.86
-717.235 -470.373 208.875
-721.803 -479.717 199.721
-721.804 -479.731 199.736
-724.702 -489.512 190.359
-724.704 -489.525 190.374
-725.886 -499.588 180.923
-725.888 -499.602 180.938
-725.336 -509.788 171.562
-725.338 -509.802 171.576
-723.061 -519.95 162.422
-723.063 -519.964 162.437
-719.096 -529.915 153.649
-719.098 -529.928 153.663
-713.505 -539.524 145.38
-713.506 -539.538 145.394
-706.374 -548.627 137.746
-706.376 -548.64 137.761
-697.817 -557.079 130.867
-697.819 -557.093 130.882
-687.969 -564.748 124.853
-687.971 -564.762 124.867
-676.985 -571.513 119.797
-676.986 -571.527 119.811
-665.038 -577.267 115.779
-665.039 -577.28 115.794
-652.316 -581.919 112.863
-652.318 -581.932 112.878
-639.021 -585.395 111.095
-639.023 -585.409 111.11
-924.034 -840.154 -120.497
-924.038 -840.143 -120.481
-929.168 -842.074 -120.293
-929.172 -842.063 -120.277
-934.053 -844.493 -119.684
-934.057 -844.482 -119.668
-938.612 -847.373 -118.681
-938.616 -847.362 -118.665
-942.773 -850.668 -117.298
-942.777 -850.656 -117.282
-946.471 -854.326 -115.558
-946.474 -854.315 -115.542
-949.647 -858.29 -113.489
-949.65 -858.279 -113.473
-952.251 -862.497 -111.122
-952.255 -862.485 -111.105
-954.242 -866.88 -108.494
-954.246 -866.869 -108.478
-955.589 -871.372 -105.649
-955.593 -871.36 -105.633
-956.271 -875.9 -102.63
-956.275 -875.888 -102.614
-956.276 -880.393 -99.4845
-956.28 -880.382 -99.4684
-955.605 -884.781 -96.2629
-955.609 -884.77 -96.2468
-954.268 -888.994 -93.0157
-954.272 -888.983 -92.9996
-952.287 -892.967 -89.7941
-952.29 -892.955 -89.778
-949.692 -896.635 -86.6489
-949.695 -896.624 -86.6328
-946.524 -899.942 -83.6297
-946.528 -899.93 -83.6136
-942.834 -902.835 -80.7842
-942.837 -902.823 -80.7681
-938.679 -905.268 -78.1571
-938.683 -905.257 -78.141
-934.126 -907.204 -75.79
-934.13 -907.193 -75.7739
-929.246 -908.611 -73.7202
-929.249 -908.6 -73.7041
-924.115 -909.468 -71.9802
-924.119 -909.457 -71.9641
-918.816 -909.761 -70.5976
-918.819 -909.75 -70.5815
-913.43 -909.486 -69.5942
-913.434 -909.474 -69.5781
-908.045 -908.646 -68.9857
-908.048 -908.634 -68.9696
-902.743 -907.254 -68.7818
-902.747 -907.243 -68.7657
-897.609 -905.334 -68.9857
-897.613 -905.323 -68.9696
-892.724 -902.915 -69.5942
-892.728 -902.904 -69.5781
-888.165 -900.036 -70.5976
-888.169 -900.024 -70.5815
-884.004 -896.741 -71.9802
-884.008 -896.729 -71.9641
-880.307 -893.083 -73.7202
-880.31 -893.071 -73.7041
-877.131 -889.119 -75.79
-877.134 -889.107 -75.7739
-874.526 -884.912 -78.1571
-874.53 -884.901 -78.141
-872.535 -880.528 -80.7842
-872.539 -880.517 -80.7681
-871.188 -876.037 -83.6297
-871.191 -876.026 -83.6136
-870.506 -871.509 -86.6489
-870.51 -871.497 -86.6328
-870.501 -867.015 -89.7941
-870.505 -867.004 -89.778
-871.172 -862.627 -93.0157
-871.176 -862.616 -92.9996
-872.509 -858.414 -96.2629
-872.513 -858.403 -96.2468
-874.491 -854.442 -99.4845
-874.494 -854.431 -99.4684
-877.086 -850.774 -102.63
-877.089 -850.762 -102.614
-880.253 -847.467 -105.649
-880.257 -847.456 -105.633
-883.944 -844.574 -108.494
-883.947 -844.563 -108.478
-888.098 -842.14 -111.122
-888.102 -842.129 -111.105
-892.651 -840.205 -113.489
-892.655 -840.193 -113.473
-897.532 -838.797 -115.558
-897.535 -838.786 -115.542
-902.662 -837.94 -117.298
-902.666 -837.929 -117.282
-907.962 -837.647 -118.681
-907.965 -837.636 -118.665
-913.347 -837.923 -119.684
-913.351 -837.912 -119.668
-918.733 -838.763 -120.293
-918.736 -838.752 -120.277
318.478 -588.282 -843.296
318.463 -588.285 -843.282
319.643 -593.222 -843.068
319.629 -593.224 -843.054
321.229 -598 -842.388
321.214 -598.003 -842.374
323.209 -602.542 -841.266
323.195 -602.544 -841.252
325.554 -606.775 -839.721
325.54 -606.778 -839.707
328.226 -610.634 -837.777
328.212 -610.637 -837.763
331.183 -614.057 -835.464
331.169 -614.059 -835.45
334.378 -616.99 -832.818
334.364 -616.992 -832.804
337.761 -619.387 -829.883
337.747 -619.389 -829.869
341.279 -621.21 -826.703
341.265 -621.212 -826.689
344.875 -622.43 -823.329
344.861 -622.433 -823.315
348.494 -623.029 -819.814
348.48 -623.032 -819.8
352.078 -622.996 -816.214
352.064 -622.999 -816.2
355.571 -622.333 -812.585
355.557 -622.336 -812.571
358.918 -621.049 -808.984
358.904 -621.052 -808.97
362.065 -619.165 -805.47
362.051 -619.168 -805.456
364.964 -616.711 -802.096
364.95 -616.714 -802.082
367.568 -613.726 -798.916
367.554 -613.728 -798.902
369.836 -610.255 -795.98
369.822 -610.258 -795.966
371.734 -606.355 -793.334
371.72 -606.358 -793.32
373.23 -602.087 -791.021
373.216 -602.089 -791.007
374.301 -597.517 -789.077
374.287 -597.52 -789.063
374.93 -592.719 -787.532
374.916 -592.721 -787.518
375.108 -587.767 -786.41
375.094 -587.769 -786.396
374.832 -582.74 -785.73
374.818 -582.743 -785.716
374.105 -577.717 -785.503
374.091 -577.72 -785.489
372.94 -572.777 -785.73
372.926 -572.78 -785.716
371.354 -567.999 -786.41
371.34 -568.002 -786.396
369.373 -563.457 -787.532
369.359 -563.46 -787.518
367.028 -559.224 -789.077
367.014 -559.227 -789.063
364.356 -555.365 -791.021
364.342 -555.368 -791.007
361.399 -551.942 -793.334
361.385 -551.945 -793.32
358.204 -549.009 -795.98
358.19 -549.012 -795.966
354.821 -546.613 -798.916
354.807 -546.615 -798.902
351.304 -544.789 -802.096
351.29 -544.792 -802.082
347.707 -543.569 -805.47
347.693 -543.572 -805.456
344.088 -542.97 -808.984
344.074 -542.973 -808.97
340.504 -543.003 -812.585
340.49 -543.006 -812.571
337.011 -543.666 -816.214
336.997 -543.669 -816.2
333.665 -544.95 -819.814
333.651 -544.953 -819.8
330.517 -546.834 -823.329
330.503 -546.836 -823.315
327.619 -549.288 -826.703
327.605 -549.291 -826.689
325.015 -552.274 -829.883
325.001 -552.276 -829.869
322.746 -555.744 -832.818
322.732 -555.747 -832.804
320.849 -559.644 -835.464
320.835 -559.647 -835.45
319.353 -563.913 -837.777
319.339 -563.915 -837.763
318.281 -568.482 -839.721
318.267 -568.485 -839.707
317.652 -573.281 -841.266
317.638 -573.283 -841.252
317.474 -578.232 -842.388
317.46 -578.235 -842.374
317.751 -583.259 -843.068
317.737 -583.262 -843.054
-274.409 -441.894 -1026.53
-274.41 -441.876 -1026.52
-310.425 -445.771 -1024.39
-310.427 -445.752 -1024.39
-345.738 -451.161 -1018.01
-345.74 -451.143 -1018.01
-379.792 -457.98 -1007.5
-379.794 -457.961 -1007.49
-412.049 -466.12 -993.007
-412.051 -466.102 -993
-442.001 -475.453 -974.77
-442.002 -475.435 -974.763
-469.174 -485.832 -953.075
-469.176 -485.813 -953.069
-493.142 -497.092 -928.265
-493.143 -497.074 -928.258
-513.524 -509.057 -900.731
-513.526 -509.039 -900.724
-530.002 -521.538 -870.906
-530.003 -521.519 -870.899
-542.313 -534.337 -839.262
-542.315 -534.319 -839.255
-550.264 -547.254 -806.296
-550.266 -547.235 -806.289
-553.731 -560.084 -772.53
-553.732 -560.065 -772.523
-552.657 -572.624 -738.496
-552.659 -572.606 -738.489
-547.061 -584.678 -704.73
-547.062 -584.659 -704.723
-537.029 -596.055 -671.764
-537.031 -596.036 -671.757
-522.722 -606.576 -640.12
-522.723 -606.557 -640.113
-504.363 -616.074 -610.295
-504.365 -616.055 -610.288
-482.243 -624.4 -582.761
-482.245 -624.382 -582.754
-456.711 -631.423 -557.95
-456.712 -631.404 -557.943
-428.168 -637.032 -536.256
-428.17 -637.013 -536.249
-397.066 -641.138 -518.019
-397.068 -641.12 -518.012
-363.895 -643.677 -503.528
-363.897 -643.659 -503.521
-329.178 -644.609 -493.011
-329.179 -644.59 -493.004
-293.462 -643.918 -486.633
-293.463 -643.9 -486.627
-257.311 -641.617 -484.496
-257.312 -641.598 -484.49
-221.294 -637.74 -486.633
-221.296 -637.721 -486.627
-185.981 -632.35 -493.011
-185.982 -632.331 -493.004
-151.927 -625.531 -503.528
-151.929 -625.512 -503.521
-119.67 -617.391 -518.019
-119.672 -617.372 -518.012
-89.7186 -608.058 -536.256
-89.7202 -608.039 -536.249
-62.545 -597.679 -557.95
-62.5466 -597.66 -557.943
-38.5777 -586.419 -582.761
-38.5793 -586.4 -582.754
-18.1948 -574.454 -610.295
-18.1964 -574.435 -610.288
-1.71779 -561.973 -640.12
-1.71939 -561.954 -640.113
10.5936 -549.174 -671.764
10.592 -549.155 -671.757
18.5451 -536.257 -704.73
18.5435 -536.239 -704.723
22.0114 -523.428 -738.496
22.0098 -523.409 -738.489
20.9379 -510.887 -772.53
20.9363 -510.868 -772.523
15.3413 -498.833 -806.296
15.3397 -498.814 -806.289
5.31003 -487.456 -839.262
5.30843 -487.437 -839.255
-8.99774 -476.936 -870.906
-8.99934 -476.917 -870.899
-27.3564 -467.437 -900.731
-27.358 -467.418 -900.724
-49.4764 -459.111 -928.265
-49.478 -459.092 -928.258
-75.0088 -452.088 -953.075
-75.0104 -452.069 -953.069
-103.551 -446.479 -974.77
-103.553 -446.46 -974.763
-134.653 -442.373 -993.007
-134.655 -442.354 -993
-167.824 -439.834 -1007.5
-167.826 -439.815 -1007.49
-202.542 -438.902 -1018.01
-202.543 -438.884 -1018.01
-238.257 -439.593 -1024.39
-238.259 -439.574 -1024.39
349.488 -598.758 60.6175
349.495 -598.765 60.6348
350.146 -598.142 60.646
350.153 -598.15 60.6633
350.731 -597.461 60.7311
350.737 -597.469 60.7484
351.233 -596.726 60.8714
351.24 -596.734 60.8887
351.645 -595.948 61.0647
351.652 -595.956 61.082
351.96 -595.139 61.308
351.967 -595.147 61.3253
352.173 -594.313 61.5975
352.18 -594.32 61.6148
352.281 -593.481 61.9285
352.288 -593.489 61.9458
352.282 -592.658 62.2959
352.289 -592.666 62.3131
352.177 -591.856 62.6938
352.183 -591.864 62.711
351.966 -591.088 63.116
351.972 -591.096 63.1332
351.653 -590.366 63.5558
351.659 -590.374 63.573
351.243 -589.702 64.0063
351.249 -589.709 64.0235
350.743 -589.105 64.4604
350.749 -589.113 64.4776
350.16 -588.586 64.9109
350.166 -588.593 64.9281
349.503 -588.152 65.3507
349.51 -588.16 65.3679
348.784 -587.81 65.7729
348.79 -587.818 65.7901
348.012 -587.567 66.1708
348.019 -587.574 66.188
347.202 -587.424 66.5381
347.208 -587.432 66.5554
346.364 -587.386 66.8691
346.371 -587.394 66.8864
345.513 -587.452 67.1586
345.519 -587.46 67.1759
344.662 -587.621 67.4019
344.668 -587.629 67.4192
343.824 -587.891 67.5952
343.83 -587.899 67.6125
343.012 -588.258 67.7355
343.019 -588.266 67.7528
342.24 -588.715 67.8206
342.247 -588.723 67.8379
341.519 -589.256 67.8491
341.526 -589.264 67.8664
340.861 -589.871 67.8206
340.868 -589.879 67.8379
340.277 -590.552 67.7355
340.283 -590.56 67.7528
339.775 -591.287 67.5952
339.781 -591.295 67.6125
339.363 -592.066 67.4019
339.369 -592.073 67.4192
339.048 -592.874 67.1586
339.054 -592.882 67.1759
338.834 -593.701 66.8691
338.841 -593.709 66.8864
338.726 -594.532 66.5381
338.733 -594.54 66.5554
338.725 -595.356 66.1708
338.732 -595.363 66.188
338.831 -596.157 65.7729
338.838 -596.165 65.7901
339.042 -596.925 65.3507
339.049 -596.933 65.3679
339.355 -597.647 64.9109
339.361 -597.655 64.9281
339.765 -598.312 64.4604
339.771 -598.32 64.4776
340.265 -598.909 64.0063
340.272 -598.916 64.0235
340.848 -599.428 63.5558
340.855 -599.436 63.573
341.505 -599.862 63.116
341.511 -599.869 63.1332
342.224 -600.203 62.6938
342.231 -600.211 62.711
342.995 -600.447 62.2959
343.002 -600.455 62.3131
343.806 -600.589 61.9285
343.813 -600.597 61.9458
344.644 -600.628 61.5975
344.65 -600.635 61.6148
345.495 -600.562 61.308
345.501 -600.569 61.3253
346.346 -600.392 61.0647
346.353 -600.4 61.082
347.184 -600.122 60.8714
347.19 -600.13 60.8887
347.995 -599.756 60.7311
348.002 -599.763 60.7484
348.768 -599.298 60.646
348.774 -599.306 60.6633
-976.319 -412.764 991.073
-976.322 -412.762 991.093
-978.066 -415.414 991.108
-978.069 -415.412 991.128
-979.472 -418.257 991.214
-979.475 -418.255 991.234
-980.515 -421.25 991.388
-980.518 -421.248 991.408
-981.179 -424.344 991.628
-981.181 -424.342 991.648
-981.452 -427.492 991.93
-981.455 -427.49 991.949
-981.33 -430.644 992.289
-981.333 -430.641 992.309
-980.817 -433.749 992.699
-980.819 -433.746 992.719
-979.918 -436.758 993.155
-979.921 -436.756 993.175
-978.65 -439.626 993.649
-978.653 -439.624 993.668
-977.031 -442.305 994.173
-977.034 -442.303 994.192
-975.087 -444.755 994.718
-975.09 -444.752 994.738
-972.85 -446.935 995.277
-972.853 -446.933 995.297
-970.353 -448.813 995.84
-970.356 -448.81 995.86
-967.638 -450.357 996.399
-967.641 -450.355 996.419
-964.745 -451.545 996.945
-964.748 -451.543 996.964
-961.722 -452.357 997.468
-961.725 -452.355 997.488
-958.615 -452.78 997.962
-958.618 -452.778 997.982
-955.474 -452.808 998.418
-955.477 -452.806 998.438
-952.349 -452.44 998.828
-952.351 -452.438 998.848
-949.287 -451.682 999.188
-949.29 -451.68 999.207
-946.339 -450.546 999.489
-946.342 -450.544 999.509
-943.55 -449.051 999.729
-943.553 -449.048 999.749
-940.964 -447.218 999.903
-940.967 -447.216 999.923
-938.622 -445.078 1000.01
-938.625 -445.076 1000.03
-936.562 -442.665 1000.04
-936.564 -442.662 1000.06
-934.814 -440.015 1000.01
-934.817 -440.013 1000.03
-933.408 -437.171 999.903
-933.411 -437.169 999.923
-932.365 -434.179 999.729
-932.368 -434.177 999.749
-931.702 -431.084 999.489
-931.705 -431.082 999.509
-931.429 -427.936 999.188
-931.432 -427.934 999.207
-931.55 -424.785 998.828
-931.553 -424.783 998.848
-932.064 -421.68 998.418
-932.067 -421.678 998.438
-932.962 -418.67 997.962
-932.965 -418.668 997.982
-934.231 -415.803 997.468
-934.234 -415.801 997.488
-935.85 -413.123 996.945
-935.852 -413.121 996.964
-937.793 -410.674 996.399
-937.796 -410.672 996.419
-940.031 -408.494 995.84
-940.034 -408.491 995.86
-942.527 -406.616 995.277
-942.53 -406.614 995.297
-945.243 -405.071 994.718
-945.246 -405.069 994.738
-948.135 -403.884 994.173
-948.138 -403.882 994.192
-951.159 -403.072 993.649
-951.162 -403.07 993.668
-954.265 -402.649 993.155
-954.268 -402.647 993.175
-957.406 -402.621 992.699
-957.409 -402.619 992.719
-960.532 -402.989 992.289
-960.535 -402.987 992.309
-963.593 -403.746 991.93
-963.596 -403.744 991.949
-966.542 -404.882 991.628
-966.545 -404.88 991.648
-969.331 -406.378 991.388
-969.334 -406.376 991.408
-971.917 -408.21 991.214
-971.919 -408.208 991.234
-974.258 -410.35 991.108
-974.261 -410.348 991.128
477.978 28.2115 -117.426
477.973 28.2295 -117.419
465.916 24.9703 -116.699
465.911 24.9882 -116.692
454.185 21.2015 -114.53
454.18 21.2195 -114.522
442.97 16.9645 -110.952
442.965 16.9825 -110.945
432.448 12.3263 -106.023
432.443 12.3443 -106.015
422.784 7.35989 -99.8194
422.78 7.37787 -99.8118
414.132 2.14363 -92.4397
414.128 2.16162 -92.4321
406.628 -3.24021 -84.0001
406.624 -3.22223 -83.9926
400.39 -8.70672 -74.6338
400.385 -8.68874 -74.6263
395.516 -14.1697 -64.4885
395.511 -14.1517 -64.4809
392.083 -19.543 -53.7242
392.079 -19.525 -53.7166
390.146 -24.7419 -42.5105
390.142 -24.7239 -42.5029
389.735 -29.6843 -31.0244
389.73 -29.6663 -31.0169
390.856 -34.2924 -19.4471
390.851 -34.2744 -19.4395
393.492 -38.4934 -7.961
393.487 -38.4755 -7.95342
397.601 -42.2212 3.25264
397.596 -42.2032 3.26022
403.118 -45.4169 14.017
403.114 -45.3989 14.0246
409.957 -48.0301 24.1623
409.953 -48.0121 24.1699
418.01 -50.0196 33.5286
418.005 -50.0016 33.5362
427.149 -51.3541 41.9682
427.144 -51.3361 41.9757
437.23 -52.0124 49.3478
437.226 -51.9944 49.3554
448.095 -51.9843 55.5513
448.09 -51.9663 55.5589
459.572 -51.2701 60.4807
459.567 -51.2521 60.4883
471.479 -49.8811 64.0583
471.475 -49.8631 64.0659
483.631 -47.8393 66.2277
483.626 -47.8213 66.2353
495.833 -45.1767 66.9546
495.829 -45.1587 66.9622
507.896 -41.9355 66.2277
507.891 -41.9175 66.2353
519.627 -38.1667 64.0583
519.622 -38.1487 64.0659
530.842 -33.9298 60.4807
530.837 -33.9118 60.4883
541.364 -29.2915 55.5513
541.359 -29.2736 55.5589
551.027 -24.3251 49.3478
551.023 -24.3071 49.3554
559.679 -19.1089 41.9682
559.675 -19.0909 41.9757
567.183 -13.725 33.5286
567.179 -13.707 33.5362
573.422 -8.25852 24.1623
573.417 -8.24053 24.1699
578.296 -2.79553 14.017
578.291 -2.77755 14.0246
581.728 2.57776 3.25264
581.724 2.59574 3.26022
583.665 7.77662 -7.961
583.661 7.79461 -7.95342
584.077 12.7191 -19.4471
584.072 12.7371 -19.4395
582.956 17.3272 -31.0244
582.951 17.3451 -31.0169
580.32 21.5282 -42.5105
580.315 21.5462 -42.5029
576.21 25.256 -53.7242
576.206 25.2739 -53.7166
570.693 28.4516 -64.4885
570.689 28.4696 -64.4809
563.854 31.0648 -74.6338
563.85 31.0828 -74.6263
555.802 33.0544 -84.0001
555.797 33.0724 -83.9926
546.663 34.3888 -92.4397
546.658 34.4068 -92.4321
536.581 35.0472 -99.8194
536.577 35.0652 -99.8118
525.717 35.019 -106.023
525.712 35.037 -106.015
514.24 34.3048 -110.952
514.235 34.3228 -110.945
502.332 32.9159 -114.53
502.327 32.9338 -114.522
490.181 30.874 -116.699
490.176 30.892 -116.692
-347.913 830.197 830.832
-347.914 830.193 830.852
-344.262 829.915 830.882
-344.263 829.91 830.902
-340.607 830.081 831.031
-340.608 830.077 831.05
-337.005 830.695 831.276
-337.006 830.69 831.295
-333.513 831.745 831.613
-333.514 831.74 831.633
-330.186 833.215 832.038
-330.187 833.211 832.057
-327.077 835.082 832.543
-327.078 835.078 832.563
-324.234 837.317 833.121
-324.235 837.313 833.141
-321.703 839.885 833.762
-321.704 839.881 833.782
-319.523 842.744 834.457
-319.524 842.74 834.477
-317.729 845.85 835.194
-317.73 845.846 835.214
-316.349 849.154 835.962
-316.349 849.15 835.981
-315.404 852.604 836.748
-315.405 852.599 836.768
-314.911 856.145 837.541
-314.911 856.14 837.56
-314.875 859.721 838.327
-314.876 859.717 838.347
-315.299 863.276 839.095
-315.3 863.272 839.115
-316.175 866.755 839.832
-316.176 866.751 839.852
-317.49 870.101 840.527
-317.49 870.097 840.546
-319.222 873.263 841.168
-319.223 873.259 841.188
-321.345 876.191 841.746
-321.346 876.186 841.765
-323.825 878.837 842.251
-323.825 878.833 842.271
-326.623 881.162 842.676
-326.623 881.157 842.696
-329.694 883.127 843.014
-329.695 883.123 843.033
-332.991 884.702 843.258
-332.991 884.698 843.278
-336.461 885.862 843.407
-336.462 885.858 843.427
-340.05 886.59 843.457
-340.05 886.585 843.476
-343.701 886.872 843.407
-343.701 886.868 843.427
-347.356 886.705 843.258
-347.356 886.701 843.278
-350.958 886.092 843.014
-350.958 886.088 843.033
-354.45 885.042 842.676
-354.45 885.038 842.696
-357.776 883.572 842.251
-357.777 883.567 842.271
-360.886 881.704 841.746
-360.886 881.7 841.765
-363.728 879.469 841.168
-363.729 879.465 841.188
-366.26 876.902 840.527
-366.26 876.898 840.546
-368.44 874.043 839.832
-368.44 874.038 839.852
-370.234 870.936 839.095
-370.235 870.932 839.115
-371.614 867.633 838.327
-371.615 867.628 838.347
-372.559 864.183 837.541
-372.559 864.179 837.56
-373.052 860.642 836.748
-373.053 860.638 836.768
-373.088 857.066 835.962
-373.088 857.061 835.981
-372.664 853.51 835.194
-372.664 853.506 835.214
-371.788 850.032 834.457
-371.788 850.028 834.477
-370.473 846.685 833.762
-370.474 846.681 833.782
-368.741 843.523 833.121
-368.741 843.519 833.141
-366.618 840.596 832.543
-366.618 840.592 832.563
-364.138 837.949 832.038
-364.139 837.945 832.057
-361.34 835.625 831.613
-361.341 835.621 831.633
-358.269 833.66 831.276
-358.269 833.655 831.295
-354.972 832.084 831.031
-354.973 832.08 831.05
-351.502 830.924 830.882
-351.502 830.92 830.902
30.5643 3.30305 39.9304
30.5823 3.30856 39.9373
20.0575 35.0882 41.9076
20.0754 35.0937 41.9145
8.33142 65.9472 47.808
8.34937 65.9527 47.8148
-4.42897 95.3936 57.5385
-4.41102 95.3991 57.5454
-18.0224 122.963 70.9457
-18.0045 122.968 70.9526
-32.2346 148.22 87.8181
-32.2166 148.226 87.825
-46.8413 170.767 107.89
-46.8234 170.773 107.897
-61.6122 190.248 130.844
-61.5943 190.254 130.851
-76.3144 206.357 156.319
-76.2965 206.362 156.326
-90.716 218.838 183.912
-90.698 218.843 183.919
-104.59 227.495 213.19
-104.572 227.501 213.197
-117.717 232.192 243.689
-117.699 232.198 243.696
-129.891 232.854 274.929
-129.873 232.86 274.936
-140.919 229.472 306.418
-140.901 229.477 306.425
-150.628 222.098 337.658
-150.61 222.103 337.665
-158.864 210.848 368.158
-158.846 210.854 368.165
-165.498 195.901 397.435
-165.48 195.906 397.442
-170.425 177.491 425.029
-170.407 177.497 425.036
-173.566 155.91 450.504
-173.548 155.915 450.511
-174.874 131.497 473.458
-174.856 131.502 473.465
-174.327 104.637 493.529
-174.309 104.643 493.536
-171.933 75.7549 510.402
-171.915 75.7604 510.409
-167.731 45.3052 523.809
-167.713 45.3107 523.816
-161.786 13.7683 533.54
-161.768 13.7738 533.546
-154.193 -18.3584 539.44
-154.175 -18.3529 539.447
-145.071 -50.5683 541.417
-145.053 -50.5628 541.424
-134.564 -82.3535 539.44
-134.546 -82.348 539.447
-122.838 -113.213 533.54
-122.82 -113.207 533.546
-110.078 -142.659 523.809
-110.06 -142.653 523.816
-96.4843 -170.228 510.402
-96.4664 -170.223 510.409
-82.2721 -195.485 493.529
-82.2542 -195.48 493.536
-67.6654 -218.032 473.458
-67.6475 -218.027 473.465
-52.8945 -237.514 450.504
-52.8766 -237.508 450.511
-38.1923 -253.622 425.029
-38.1744 -253.617 425.036
-23.7908 -266.103 397.435
-23.7728 -266.098 397.442
-9.9169 -274.761 368.158
-9.89895 -274.755 368.165
3.21043 -279.457 337.658
3.22838 -279.452 337.665
15.3842 -280.12 306.418
15.4022 -280.114 306.425
26.4124 -276.737 274.929
26.4304 -276.732 274.936
36.1212 -269.363 243.689
36.1392 -269.357 243.696
44.3574 -258.113 213.19
44.3754 -258.108 213.197
50.9912 -243.166 183.912
51.0091 -243.16 183.919
55.9178 -224.756 156.319
55.9358 -224.751 156.326
59.0597 -203.175 130.844
59.0777 -203.169 130.851
60.3673 -178.762 107.89
60.3852 -178.756 107.897
59.8199 -151.903 87.8181
59.8378 -151.897 87.825
57.4262 -123.02 70.9457
57.4441 -123.015 70.9526
53.2239 -92.5705 57.5385
53.2419 -92.565 57.5454
47.2793 -61.0336 47.808
47.2973 -61.0281 47.8148
39.6862 -28.9069 41.9076
39.7042 -28.9014 41.9145
-309.826 -947.21 -50.8012
-309.82 -947.214 -50.7826
-299.783 -928.063 -50.3003
-299.777 -928.067 -50.2817
-292.062 -907.917 -48.8054
-292.055 -907.921 -48.7868
-286.784 -887.089 -46.3402
-286.778 -887.093 -46.3216
-284.033 -865.909 -42.9436
-284.026 -865.913 -42.925
-283.852 -844.709 -38.669
-283.845 -844.713 -38.6504
-286.243 -823.825 -33.5839
-286.237 -823.829 -33.5653
-291.17 -803.586 -27.7686
-291.164 -803.59 -27.75
-298.555 -784.311 -21.3146
-298.548 -784.315 -21.296
-308.28 -766.303 -14.3238
-308.274 -766.307 -14.3052
-320.193 -749.848 -6.90652
-320.187 -749.852 -6.88793
-334.106 -735.204 0.820379
-334.1 -735.208 0.838968
-349.8 -722.602 8.735
-349.793 -722.606 8.75359
-367.026 -712.242 16.7125
-367.019 -712.246 16.7311
-385.513 -704.286 24.6271
-385.507 -704.29 24.6457
-404.97 -698.86 32.354
-404.964 -698.864 32.3726
-425.09 -696.049 39.7714
-425.084 -696.053 39.79
-445.555 -695.899 46.7621
-445.549 -695.902 46.7807
-466.043 -698.41 53.2161
-466.037 -698.414 53.2347
-486.231 -703.545 59.0314
-486.225 -703.548 59.05
-505.8 -711.221 64.1165
-505.793 -711.224 64.1351
-524.441 -721.317 68.3911
-524.435 -721.321 68.4097
-541.862 -733.675 71.7877
-541.855 -733.679 71.8063
-557.786 -748.099 74.2529
-557.78 -748.103 74.2715
-571.963 -764.363 75.7478
-571.957 -764.367 75.7664
-584.169 -782.209 76.2487
-584.163 -782.213 76.2673
-594.212 -801.356 75.7478
-594.206 -801.36 75.7664
-601.933 -821.502 74.2529
-601.927 -821.506 74.2715
-607.211 -842.33 71.7877
-607.205 -842.333 71.8063
-609.962 -863.51 68.3911
-609.956 -863.514 68.4097
-610.143 -884.71 64.1165
-610.137 -884.713 64.1351
-607.752 -905.594 59.0314
-607.745 -905.597 59.05
-602.825 -925.833 53.2161
-602.818 -925.837 53.2347
-595.44 -945.108 46.7621
-595.434 -945.112 46.7807
-585.715 -963.116 39.7714
-585.708 -963.119 39.79
-573.802 -979.571 32.354
-573.795 -979.575 32.3726
-559.889 -994.215 24.6271
-559.882 -994.219 24.6457
-544.195 -1006.82 16.7125
-544.189 -1006.82 16.7311
-526.969 -1017.18 8.735
-526.963 -1017.18 8.75359
-508.482 -1025.13 0.820379
-508.476 -1025.14 0.838968
-489.025 -1030.56 -6.90652
-489.019 -1030.56 -6.88793
-468.905 -1033.37 -14.3238
-468.899 -1033.37 -14.3052
-448.44 -1033.52 -21.3146
-448.434 -1033.52 -21.296
-427.952 -1031.01 -27.7686
-427.946 -1031.01 -27.75
-407.764 -1025.87 -33.5839
-407.758 -1025.88 -33.5653
-388.195 -1018.2 -38.669
-388.189 -1018.2 -38.6504
-369.554 -1008.1 -42.9436
-369.547 -1008.11 -42.925
-352.133 -995.744 -46.3402
-352.127 -995.748 -46.3216
-336.209 -981.32 -48.8054
-336.203 -981.323 -48.7868
-322.032 -965.056 -50.3003
-322.026 -965.06 -50.2817
-6.98254 635.624 -698.027
-6.9848 635.622 -698.007
-6.17248 634.818 -698.016
-6.17474 634.816 -697.997
-5.26901 634.118 -697.984
-5.27127 634.116 -697.964
-4.28638 633.536 -697.931
-4.28863 633.534 -697.911
-3.24007 633.082 -697.857
-3.24233 633.08 -697.838
-2.1466 632.761 -697.765
-2.14885 632.759 -697.745
-1.0232 632.58 -697.655
-1.02546 632.578 -697.635
0.112408 632.541 -697.529
0.110149 632.539 -697.509
1.24231 632.645 -697.389
1.24005 632.643 -697.37
2.34869 632.89 -697.238
2.34643 632.888 -697.219
3.4141 633.272 -697.078
3.41185 633.27 -697.058
4.42174 633.785 -696.911
4.41949 633.783 -696.891
5.35572 634.422 -696.74
5.35346 634.42 -696.72
6.20131 635.172 -696.567
6.19905 635.17 -696.547
6.94516 636.023 -696.396
6.9429 636.021 -696.376
7.57556 636.962 -696.229
7.5733 636.96 -696.209
8.08256 637.974 -696.068
8.0803 637.972 -696.049
8.45816 639.043 -695.917
8.4559 639.041 -695.897
8.69644 640.152 -695.778
8.69418 640.15 -695.758
8.79365 641.284 -695.652
8.79139 641.282 -695.632
8.74824 642.421 -695.542
8.74598 642.419 -695.522
8.56094 643.545 -695.449
8.55868 643.543 -695.43
8.2347 644.639 -695.376
8.23244 644.637 -695.356
7.77466 645.684 -695.323
7.7724 645.682 -695.303
7.18809 646.665 -695.29
7.18583 646.662 -695.271
6.48422 647.565 -695.279
6.48196 647.563 -695.26
5.67416 648.372 -695.29
5.6719 648.37 -695.271
4.77069 649.072 -695.323
4.76843 649.07 -695.303
3.78806 649.653 -695.376
3.7858 649.651 -695.356
2.74175 650.108 -695.449
2.73949 650.106 -695.43
1.64827 650.429 -695.542
1.64602 650.427 -695.522
0.524877 650.61 -695.652
0.522618 650.608 -695.632
-0.610728 650.649 -695.778
-0.612987 650.647 -695.758
-1.74063 650.545 -695.917
-1.74289 650.543 -695.897
-2.84701 650.3 -696.068
-2.84927 650.298 -696.049
-3.91243 649.918 -696.229
-3.91468 649.916 -696.209
-4.92007 649.404 -696.396
-4.92232 649.402 -696.376
-5.85404 648.768 -696.567
-5.8563 648.766 -696.547
-6.69963 648.018 -696.74
-6.70189 648.016 -696.72
-7.44348 647.167 -696.911
-7.44574 647.165 -696.891
-8.07388 646.228 -697.078
-8.07614 646.226 -697.058
-8.58088 645.216 -697.238
-8.58314 645.214 -697.219
-8.95648 644.147 -697.389
-8.95874 644.145 -697.37
-9.19476 643.037 -697.529
-9.19702 643.035 -697.509
-9.29197 641.905 -697.655
-9.29423 641.903 -697.635
-9.24656 640.768 -697.765
-9.24882 640.766 -697.745
-9.05926 639.644 -697.857
-9.06152 639.642 -697.838
-8.73302 638.551 -697.931
-8.73528 638.549 -697.911
-8.27298 637.506 -697.984
-8.27524 637.504 -697.964
-7.68641 636.525 -698.016
-7.68867 636.523 -697.997
CELLS 4704 18816
3 19 16 18
3 19 16 17
3 9 8 6
3 9 7 6
3 9 10 8
3 9 10 11
3 13 10 11
3 13 10 12
3 20 19 21
3 20 19 18
3 23 22 24
3 23 25 24
3 23 20 22
3 23 20 21
3 41 40 42
3 41 43 42
3 44 43 45
3 44 43 42
3 33 32 34
3 33 34 35
3 53 54 52
3 53 54 55
3 53 52 50
3 53 51 50
3 57 54 56
3 57 54 55
3 57 58 56
3 57 58 59
3 63 64 62
3 63 64 65
3 15 16 17
3 15 16 14
3 15 14 12
3 15 13 12
3 1 2 0
3 1 2 3
3 1 98 0
3 1 98 99
3 97 96 94
3 97 94 95
3 97 98 96
3 97 98 99
3 87 84 86
3 87 84 85
3 87 88 86
3 87 88 89
3 93 92 94
3 93 94 95
3 39 38 40
3 39 41 40
3 48 49 51
3 48 51 50
3 47 44 46
3 47 44 45
3 47 48 46
3 47 48 49
3 31 28 30
3 31 28 29
3 31 32 30
3 31 33 32
3 26 25 24
3 26 27 25
3 26 27 29
3 26 28 29
3 4 7 6
3 4 5 7
3 4 5 3
3 4 2 3
3 91 88 89
3 91 88 90
3 91 92 90
3 91 93 92
3 83 84 85
3 83 82 84
3 77 76 74
3 77 74 75
3 77 78 76
3 77 78 79
3 37 34 36
3 37 34 35
3 37 38 36
3 37 39 38
3 73 72 74
3 73 74 75
3 67 64 65
3 67 66 64
3 67 66 68
3 67 69 68
3 61 58 59
3 61 60 58
3 61 63 62
3 61 60 62
3 81 78 80
3 81 78 79
3 81 82 80
3 81 83 82
3 70 32 30
3 70 14 12
3 70 26 24
3 70 16 18
3 70 38 36
3 70 34 36
3 70 2 0
3 70 98 0
3 70 22 24
3 70 82 80
3 70 52 50
3 70 8 6
3 70 48 50
3 70 66 68
3 70 40 42
3 70 76 74
3 70 64 62
3 70 16 14
3 70 10 12
3 70 96 94
3 70 20 18
3 70 92 94
3 70 38 40
3 70 84 86
3 70 32 34
3 70 28 30
3 70 44 42
3 70 54 56
3 70 60 62
3 70 10 8
3 70 20 22
3 70 92 90
3 70 88 86
3 70 44 46
3 70 54 52
3 70 72 74
3 70 58 56
3 70 98 96
3 70 88 90
3 70 82 84
3 70 4 6
3 70 48 46
3 70 26 28
3 70 78 80
3 70 66 64
3 70 60 58
3 70 4 2
3 70 78 76
3 71 23 25
3 71 77 75
3 71 9 7
3 71 19 17
3 71 87 85
3 71 53 55
3 71 5 7
3 71 1 3
3 71 83 85
3 71 33 35
3 71 27 25
3 71 63 65
3 71 37 35
3 71 19 21
3 71 43 45
3 71 41 43
3 71 57 55
3 71 9 11
3 71 13 11
3 71 23 21
3 71 15 17
3 71 97 95
3 71 91 89
3 71 93 95
3 71 49 51
3 71 47 45
3 71 27 29
3 71 53 51
3 71 73 75
3 71 57 59
3 71 67 65
3 71 5 3
3 71 15 13
3 71 1 99
3 71 97 99
3 71 87 89
3 71 31 29
3 71 39 41
3 71 47 49
3 71 31 33
3 71 91 93
3 71 61 59
3 71 77 79
3 71 37 39
3 71 81 79
3 71 67 69
3 71 61 63
3 71 81 83
3 71 69 68
3 71 70 68
3 71 73 72
3 71 70 72
3 172 173 175
3 172 175 174
3 169 166 168
3 169 166 167
3 151 152 150
3 151 152 153
3 148 151 149
3 148 151 150
3 148 149 147
3 148 146 147
3 141 138 140
3 141 138 139
3 141 142 140
3 141 142 143
3 145 146 144
3 145 146 147
3 145 142 144
3 145 142 143
3 126 127 125
3 126 125 124
3 137 138 136
3 137 138 139
3 129 126 127
3 129 126 128
3 165 164 166
3 165 166 167
3 165 164 162
3 165 163 162
3 160 163 161
3 160 163 162
3 159 160 158
3 159 160 161
3 159 158 156
3 159 157 156
3 181 182 180
3 181 182 183
3 184 187 185
3 184 187 186
3 184 185 183
3 184 182 183
3 188 187 189
3 188 187 186
3 109 108 106
3 109 107 106
3 104 107 105
3 104 107 106
3 103 104 102
3 103 104 105
3 103 102 100
3 103 101 100
3 135 132 134
3 135 132 133
3 135 134 136
3 135 137 136
3 131 132 130
3 131 132 133
3 131 128 130
3 131 129 128
3 117 116 118
3 117 119 118
3 154 155 157
3 154 157 156
3 154 152 153
3 154 155 153
3 178 181 179
3 178 181 180
3 177 175 174
3 177 176 174
3 177 178 176
3 177 178 179
3 171 172 173
3 171 170 172
3 171 169 168
3 171 170 168
3 195 196 194
3 195 196 197
3 195 192 194
3 195 192 193
3 191 188 189
3 191 188 190
3 191 192 190
3 191 192 193
3 111 110 112
3 111 112 113
3 111 110 108
3 111 109 108
3 199 198 196
3 199 196 197
3 199 101 100
3 199 198 100
3 114 142 144
3 114 102 100
3 114 170 168
3 114 138 136
3 114 134 136
3 114 160 162
3 114 172 174
3 114 110 112
3 114 192 194
3 114 164 162
3 114 148 150
3 114 126 124
3 114 184 186
3 114 132 130
3 114 166 168
3 114 152 150
3 114 122 124
3 114 104 106
3 114 138 140
3 114 146 144
3 114 108 106
3 114 128 130
3 114 164 166
3 114 120 118
3 114 158 156
3 114 182 180
3 114 176 174
3 114 196 194
3 114 178 180
3 114 148 146
3 114 142 140
3 114 110 108
3 114 188 186
3 114 126 128
3 114 132 134
3 114 116 118
3 114 198 100
3 114 160 158
3 114 154 156
3 114 170 172
3 114 184 182
3 114 188 190
3 114 104 102
3 114 198 196
3 114 120 122
3 114 154 152
3 114 178 176
3 114 192 190
3 121 119 118
3 121 120 118
3 115 112 113
3 115 114 112
3 115 117 116
3 115 114 116
3 123 151 153
3 123 185 183
3 123 145 147
3 123 129 127
3 123 111 113
3 123 131 133
3 123 165 167
3 123 159 161
3 123 169 167
3 123 127 125
3 123 163 161
3 123 173 175
3 123 187 189
3 123 149 147
3 123 141 139
3 123 171 173
3 123 137 139
3 123 199 197
3 123 155 153
3 123 115 113
3 123 177 175
3 123 181 183
3 123 151 149
3 123 141 143
3 123 145 143
3 123 107 105
3 123 191 189
3 123 103 105
3 123 135 133
3 123 165 163
3 123 155 157
3 123 159 157
3 123 181 179
3 123 187 185
3 123 195 197
3 123 109 107
3 123 103 101
3 123 135 137
3 123 131 129
3 123 117 119
3 123 177 179
3 123 171 169
3 123 195 193
3 123 191 193
3 123 111 109
3 123 199 101
3 123 121 119
3 123 115 117
3 123 125 124
3 123 122 124
3 123 120 122
3 123 121 120
3 201 202 200
3 201 202 203
3 237 234 236
3 237 234 235
3 225 222 224
3 225 222 223
3 233 232 234
3 233 234 235
3 247 246 248
3 247 248 249
3 247 246 244
3 247 245 244
3 208 207 209
3 208 207 206
3 211 208 210
3 211 208 209
3 211 210 212
3 211 213 212
3 215 214 212
3 215 213 212
3 298 201 299
3 298 201 200
3 289 286 288
3 289 286 287
3 227 228 226
3 227 228 229
3 227 226 224
3 227 225 224
3 264 263 265
3 264 263 262
3 267 264 266
3 267 264 265
3 267 266 268
3 267 269 268
3 273 272 274
3 273 274 275
3 260 263 261
3 260 263 262
3 231 228 230
3 231 228 229
3 231 232 230
3 231 233 232
3 239 238 240
3 239 240 241
3 239 237 236
3 239 238 236
3 243 242 240
3 243 240 241
3 243 245 244
3 243 242 244
3 205 202 203
3 205 204 202
3 205 204 206
3 205 207 206
3 290 289 291
3 290 289 288
3 297 298 296
3 297 298 299
3 297 296 294
3 297 295 294
3 293 290 292
3 293 290 291
3 293 292 294
3 293 295 294
3 271 270 268
3 271 269 268
3 271 272 270
3 271 273 272
3 254 257 255
3 254 257 256
3 253 254 255
3 253 254 252
3 259 260 261
3 259 260 258
3 259 258 256
3 259 257 256
3 221 222 220
3 221 222 223
3 221 220 218
3 221 219 218
3 217 216 214
3 217 215 214
3 217 216 218
3 217 219 218
3 285 286 287
3 285 284 286
3 279 280 278
3 279 280 281
3 251 248 250
3 251 248 249
3 251 252 250
3 251 253 252
3 283 280 282
3 283 280 281
3 283 284 282
3 283 285 284
3 276 228 230
3 276 202 200
3 276 234 236
3 276 214 212
3 276 204 206
3 276 226 224
3 276 210 212
3 276 248 250
3 276 220 218
3 276 222 224
3 276 216 218
3 276 232 230
3 276 208 206
3 276 284 282
3 276 222 220
3 276 216 214
3 276 272 274
3 276 260 262
3 276 246 244
3 276 264 262
3 276 286 288
3 276 270 268
3 276 280 282
3 276 246 248
3 276 232 234
3 276 238 236
3 276 204 202
3 276 242 244
3 276 296 294
3 276 298 200
3 276 228 226
3 276 272 270
3 276 266 268
3 276 258 256
3 276 238 240
3 276 242 240
3 276 208 210
3 276 298 296
3 276 252 250
3 276 292 294
3 276 264 266
3 276 260 258
3 276 290 288
3 276 284 286
3 276 254 256
3 276 290 292
3 276 254 252
3 276 280 278
3 277 201 299
3 277 215 213
3 277 233 235
3 277 289 287
3 277 237 235
3 277 267 265
3 277 263 261
3 277 201 203
3 277 247 249
3 277 211 209
3 277 271 269
3 277 225 223
3 277 231 229
3 277 239 241
3 277 243 241
3 277 285 287
3 277 259 261
3 277 263 265
3 277 227 229
3 277 273 275
3 277 283 281
3 277 247 245
3 277 207 209
3 277 211 213
3 277 205 203
3 277 217 215
3 277 289 291
3 277 297 299
3 277 227 225
3 277 267 269
3 277 293 291
3 277 257 255
3 277 231 233
3 277 239 237
3 277 243 245
3 277 205 207
3 277 221 223
3 277 297 295
3 277 293 295
3 277 271 273
3 277 253 255
3 277 259 257
3 277 221 219
3 277 217 219
3 277 251 249
3 277 279 281
3 277 251 253
3 277 283 285
3 277 274 275
3 277 276 274
3 277 279 278
3 277 276 278
3 345 342 344
3 345 342 343
3 339 338 336
3 339 336 337
3 346 345 347
3 346 345 344
3 349 346 348
3 349 346 347
3 349 348 350
3 349 351 350
3 327 328 326
3 327 328 329
3 327 326 324
3 327 325 324
3 335 334 336
3 335 336 337
3 335 332 334
3 335 332 333
3 331 328 330
3 331 328 329
3 331 332 330
3 331 332 333
3 357 354 356
3 357 354 355
3 357 358 356
3 357 358 359
3 369 366 367
3 369 366 368
3 387 384 386
3 387 384 385
3 387 388 386
3 387 388 389
3 381 378 380
3 381 378 379
3 375 372 374
3 375 372 373
3 341 342 343
3 341 342 340
3 341 338 340
3 341 339 338
3 352 351 350
3 352 353 351
3 352 353 355
3 352 354 355
3 371 372 370
3 371 372 373
3 371 370 368
3 371 369 368
3 322 325 324
3 322 323 325
3 322 323 321
3 322 320 321
3 399 398 396
3 399 396 397
3 395 394 396
3 395 396 397
3 395 394 392
3 395 393 392
3 314 315 313
3 314 313 312
3 319 320 318
3 319 320 321
3 309 308 306
3 309 306 307
3 383 384 385
3 383 384 382
3 383 382 380
3 383 381 380
3 377 378 379
3 377 378 376
3 377 376 374
3 377 375 374
3 360 361 363
3 360 363 362
3 360 358 359
3 360 361 359
3 364 365 363
3 364 363 362
3 364 366 367
3 364 365 367
3 301 302 300
3 301 302 303
3 301 398 300
3 301 399 398
3 391 388 389
3 391 390 388
3 391 393 392
3 391 390 392
3 304 305 307
3 304 306 307
3 304 305 303
3 304 302 303
3 317 314 315
3 317 314 316
3 317 316 318
3 317 319 318
3 310 334 336
3 310 348 350
3 310 314 312
3 310 338 336
3 310 394 392
3 310 390 392
3 310 376 374
3 310 326 324
3 310 378 380
3 310 360 362
3 310 388 386
3 310 328 330
3 310 332 330
3 310 372 374
3 310 352 350
3 310 384 386
3 310 304 306
3 310 338 340
3 310 342 344
3 310 346 344
3 310 354 356
3 310 370 368
3 310 320 318
3 310 316 318
3 310 398 300
3 310 382 380
3 310 302 300
3 310 342 340
3 310 346 348
3 310 328 326
3 310 332 334
3 310 358 356
3 310 372 370
3 310 366 368
3 310 398 396
3 310 394 396
3 310 384 382
3 310 322 324
3 310 364 362
3 310 308 306
3 310 378 376
3 310 352 354
3 310 322 320
3 310 390 388
3 310 314 316
3 310 360 358
3 310 364 366
3 310 304 302
3 311 353 355
3 311 365 363
3 311 371 373
3 311 399 397
3 311 345 347
3 311 331 329
3 311 327 329
3 311 357 355
3 311 387 385
3 311 309 307
3 311 339 337
3 311 349 347
3 311 335 337
3 311 341 343
3 311 361 363
3 311 323 321
3 311 395 397
3 311 319 321
3 311 305 307
3 311 345 343
3 311 375 373
3 311 349 351
3 311 327 325
3 311 335 333
3 311 331 333
3 311 353 351
3 311 357 359
3 311 369 367
3 311 323 325
3 311 387 389
3 311 301 303
3 311 315 313
3 311 381 379
3 311 383 385
3 311 341 339
3 311 361 359
3 311 365 367
3 311 371 369
3 311 377 379
3 311 395 393
3 311 305 303
3 311 391 389
3 311 317 315
3 311 383 381
3 311 377 375
3 311 301 399
3 311 391 393
3 311 317 319
3 311 313 312
3 311 310 312
3 311 309 308
3 311 310 308
3 469 470 468
3 469 470 471
3 469 466 468
3 469 466 467
3 476 477 475
3 476 475 474
3 442 443 445
3 442 445 444
3 439 438 436
3 439 436 437
3 451 452 450
3 451 452 453
3 451 448 450
3 451 448 449
3 425 426 424
3 425 426 427
3 422 425 423
3 422 425 424
3 433 432 430
3 433 431 430
3 472 473 475
3 472 475 474
3 472 473 471
3 472 470 471
3 455 454 452
3 455 452 453
3 478 477 479
3 478 476 477
3 401 498 400
3 401 498 499
3 402 401 403
3 402 401 400
3 481 478 480
3 481 478 479
3 481 482 480
3 481 482 483
3 487 488 486
3 487 488 489
3 441 442 443
3 441 442 440
3 441 438 440
3 441 439 438
3 435 434 436
3 435 436 437
3 435 434 432
3 435 433 432
3 429 426 427
3 429 428 426
3 429 431 430
3 429 428 430
3 415 414 412
3 415 413 412
3 464 465 463
3 464 463 462
3 464 466 467
3 464 465 467
3 457 458 456
3 457 458 459
3 457 454 456
3 457 455 454
3 460 461 463
3 460 463 462
3 460 461 459
3 460 458 459
3 409 408 406
3 409 406 407
3 492 493 495
3 492 495 494
3 491 488 490
3 491 488 489
3 491 492 490
3 491 492 493
3 497 498 499
3 497 496 498
3 497 496 494
3 497 495 494
3 446 445 444
3 446 447 445
3 446 448 449
3 446 447 449
3 420 421 419
3 420 418 419
3 420 422 423
3 420 421 423
3 417 416 418
3 417 418 419
3 417 416 414
3 417 415 414
3 404 405 407
3 404 406 407
3 404 402 403
3 404 405 403
3 410 434 436
3 410 448 450
3 410 416 418
3 410 442 444
3 410 476 474
3 410 464 462
3 410 478 480
3 410 438 436
3 410 414 412
3 410 454 456
3 410 452 450
3 410 404 406
3 410 432 430
3 410 426 424
3 410 470 468
3 410 492 494
3 410 496 494
3 410 498 400
3 410 438 440
3 410 434 432
3 410 422 424
3 410 428 430
3 410 466 468
3 410 454 452
3 410 458 456
3 410 472 474
3 410 402 400
3 410 488 486
3 410 460 462
3 410 442 440
3 410 484 486
3 410 446 444
3 410 428 426
3 410 416 414
3 410 472 470
3 410 478 476
3 410 420 418
3 410 408 406
3 410 488 490
3 410 496 498
3 410 482 480
3 410 464 466
3 410 460 458
3 410 492 490
3 410 484 482
3 410 446 448
3 410 420 422
3 410 404 402
3 485 482 483
3 485 484 482
3 485 487 486
3 485 484 486
3 411 477 479
3 411 447 445
3 411 491 489
3 411 425 427
3 411 473 471
3 411 465 463
3 411 461 463
3 411 409 407
3 411 439 437
3 411 421 419
3 411 455 453
3 411 477 475
3 411 469 471
3 411 429 427
3 411 443 445
3 411 441 443
3 411 451 453
3 411 435 437
3 411 473 475
3 411 469 467
3 411 457 459
3 411 405 407
3 411 401 499
3 411 481 479
3 411 487 489
3 411 451 449
3 411 425 423
3 411 433 431
3 411 465 467
3 411 497 499
3 411 461 459
3 411 401 403
3 411 493 495
3 411 481 483
3 411 417 419
3 411 441 439
3 411 447 449
3 411 421 423
3 411 435 433
3 411 429 431
3 411 415 413
3 411 457 455
3 411 405 403
3 411 485 483
3 411 491 493
3 411 497 495
3 411 417 415
3 411 485 487
3 411 413 412
3 411 410 412
3 411 409 408
3 411 410 408
3 503 502 500
3 503 501 500
3 503 504 502
3 503 504 505
3 507 508 506
3 507 508 509
3 507 504 506
3 507 504 505
3 539 538 536
3 539 536 537
3 545 542 544
3 545 542 543
3 597 596 594
3 597 595 594
3 515 514 512
3 515 513 512
3 521 520 518
3 521 518 519
3 521 520 522
3 521 523 522
3 525 526 524
3 525 526 527
3 525 522 524
3 525 523 522
3 533 532 530
3 533 531 530
3 541 542 540
3 541 542 543
3 541 538 540
3 541 539 538
3 561 560 562
3 561 562 563
3 554 557 555
3 554 557 556
3 553 554 555
3 553 554 552
3 570 564 562
3 570 526 524
3 570 532 530
3 570 502 500
3 570 548 550
3 570 514 512
3 570 522 524
3 570 576 574
3 570 592 594
3 570 534 536
3 570 560 562
3 570 520 518
3 570 584 586
3 570 596 594
3 570 598 500
3 570 504 506
3 570 538 536
3 570 542 544
3 570 552 550
3 570 546 544
3 570 578 580
3 570 516 518
3 570 508 506
3 570 598 596
3 570 532 534
3 570 510 512
3 570 538 540
3 570 558 556
3 570 566 568
3 570 546 548
3 570 572 574
3 570 582 580
3 570 588 586
3 570 516 514
3 570 520 522
3 570 504 502
3 570 542 540
3 570 560 558
3 570 528 530
3 570 564 566
3 570 554 556
3 570 582 584
3 570 578 576
3 570 588 590
3 570 592 590
3 570 510 508
3 570 528 526
3 570 554 552
3 569 570 568
3 569 570 571
3 569 566 568
3 569 567 566
3 565 564 562
3 565 562 563
3 565 564 566
3 565 567 566
3 547 546 548
3 547 548 549
3 547 546 544
3 547 545 544
3 583 582 580
3 583 580 581
3 583 582 584
3 583 585 584
3 573 570 572
3 573 570 571
3 573 572 574
3 573 575 574
3 577 576 574
3 577 575 574
3 589 588 590
3 589 590 591
3 599 598 500
3 599 501 500
3 599 598 596
3 599 597 596
3 593 592 590
3 593 590 591
3 593 595 594
3 593 592 594
3 511 508 509
3 511 510 508
3 511 510 512
3 511 513 512
3 517 516 518
3 517 518 519
3 517 516 514
3 517 515 514
3 529 526 527
3 529 528 526
3 529 528 530
3 529 531 530
3 535 534 536
3 535 536 537
3 535 532 534
3 535 533 532
3 559 558 556
3 559 557 556
3 559 560 558
3 559 561 560
3 551 548 550
3 551 548 549
3 551 552 550
3 551 553 552
3 579 578 580
3 579 580 581
3 579 578 576
3 579 577 576
3 587 507 509
3 587 511 509
3 587 541 543
3 587 525 527
3 587 539 537
3 587 573 571
3 587 589 591
3 587 565 563
3 587 503 501
3 587 569 571
3 587 561 563
3 587 547 549
3 587 599 501
3 587 593 591
3 587 521 519
3 587 503 505
3 587 507 505
3 587 517 519
3 587 529 527
3 587 557 555
3 587 559 557
3 587 545 543
3 587 551 549
3 587 583 581
3 587 597 595
3 587 515 513
3 587 521 523
3 587 525 523
3 587 533 531
3 587 541 539
3 587 535 537
3 587 553 555
3 587 569 567
3 587 565 567
3 587 547 545
3 587 583 585
3 587 573 575
3 587 577 575
3 587 579 581
3 587 599 597
3 587 593 595
3 587 511 513
3 587 517 515
3 587 529 531
3 587 535 533
3 587 559 561
3 587 551 553
3 587 579 577
3 587 584 586
3 587 585 584
3 587 588 586
3 587 589 588
3 639 638 636
3 639 636 637
3 639 640 638
3 639 640 641
3 643 644 642
3 643 644 645
3 643 640 642
3 643 640 641
3 635 634 636
3 635 636 637
3 635 632 634
3 635 632 633
3 631 628 630
3 631 628 629
3 631 632 630
3 631 632 633
3 653 654 652
3 653 654 655
3 653 652 650
3 653 651 650
3 657 654 656
3 657 654 655
3 657 658 656
3 657 658 659
3 623 620 622
3 623 620 621
3 623 622 624
3 623 625 624
3 695 696 694
3 695 696 697
3 687 684 686
3 687 684 685
3 681 678 680
3 681 678 679
3 675 672 674
3 675 672 673
3 648 649 651
3 648 651 650
3 647 644 646
3 647 644 645
3 647 648 646
3 647 648 649
3 627 626 628
3 627 628 629
3 627 626 624
3 627 625 624
3 666 669 667
3 666 669 668
3 665 664 662
3 665 663 662
3 665 666 664
3 665 666 667
3 615 614 612
3 615 613 612
3 699 698 696
3 699 696 697
3 683 684 685
3 683 684 682
3 683 682 680
3 683 681 680
3 677 678 679
3 677 678 676
3 677 676 674
3 677 675 674
3 660 661 663
3 660 663 662
3 660 658 659
3 660 661 659
3 671 670 672
3 671 672 673
3 671 670 668
3 671 669 668
3 619 620 618
3 619 620 621
3 611 613 612
3 611 610 612
3 601 602 600
3 601 602 603
3 601 698 600
3 601 699 698
3 693 692 690
3 693 690 691
3 693 695 694
3 693 692 694
3 689 688 690
3 689 690 691
3 689 687 686
3 689 688 686
3 604 605 607
3 604 606 607
3 604 605 603
3 604 602 603
3 617 616 614
3 617 615 614
3 617 616 618
3 617 619 618
3 608 634 636
3 608 678 680
3 608 672 674
3 608 676 674
3 608 698 600
3 608 614 612
3 608 638 636
3 608 640 642
3 608 652 650
3 608 616 618
3 608 644 642
3 608 626 624
3 608 654 656
3 608 670 668
3 608 622 624
3 608 684 686
3 608 602 600
3 608 692 694
3 608 628 630
3 608 632 630
3 608 688 686
3 608 664 662
3 608 620 618
3 608 696 694
3 608 682 680
3 608 666 668
3 608 644 646
3 608 640 638
3 608 626 628
3 608 632 634
3 608 654 652
3 608 658 656
3 608 670 672
3 608 648 650
3 608 620 622
3 608 616 614
3 608 698 696
3 608 684 682
3 608 610 612
3 608 660 662
3 608 678 676
3 608 648 646
3 608 666 664
3 608 604 606
3 608 692 690
3 608 688 690
3 608 660 658
3 608 604 602
3 609 653 655
3 609 657 655
3 609 631 629
3 609 615 613
3 609 623 621
3 609 675 673
3 609 643 645
3 609 661 663
3 609 665 663
3 609 605 607
3 609 639 637
3 609 647 645
3 609 635 637
3 609 627 629
3 609 677 679
3 609 695 697
3 609 699 697
3 609 687 685
3 609 649 651
3 609 639 641
3 609 643 641
3 609 635 633
3 609 631 633
3 609 653 651
3 609 657 659
3 609 623 625
3 609 619 621
3 609 601 603
3 609 693 691
3 609 681 679
3 609 683 685
3 609 647 649
3 609 627 625
3 609 661 659
3 609 669 667
3 609 665 667
3 609 671 673
3 609 617 615
3 609 605 603
3 609 683 681
3 609 677 675
3 609 671 669
3 609 689 691
3 609 611 613
3 609 601 699
3 609 693 695
3 609 689 687
3 609 617 619
3 609 606 607
3 609 608 606
3 609 611 610
3 609 608 610
3 702 703 701
3 702 701 700
3 707 708 706
3 707 708 709
3 796 795 797
3 796 795 794
3 792 795 793
3 792 795 794
3 745 742 744
3 745 742 743
3 741 742 743
3 741 742 740
3 746 745 747
3 746 745 744
3 749 746 748
3 749 746 747
3 749 748 750
3 749 751 750
3 735 734 736
3 735 736 737
3 725 722 724
3 725 722 723
3 725 726 724
3 725 726 727
3 716 719 717
3 716 719 718
3 711 708 710
3 711 708 709
3 711 710 712
3 711 713 712
3 715 716 714
3 715 716 717
3 715 714 712
3 715 713 712
3 753 754 752
3 753 754 755
3 753 752 750
3 753 751 750
3 757 754 756
3 757 754 755
3 757 758 756
3 757 758 759
3 798 799 701
3 798 701 700
3 798 799 797
3 798 796 797
3 705 702 703
3 705 704 702
3 705 707 706
3 705 704 706
3 787 784 786
3 787 784 785
3 787 788 786
3 787 788 789
3 791 792 793
3 791 792 790
3 791 788 790
3 791 788 789
3 739 738 736
3 739 736 737
3 739 738 740
3 739 741 740
3 733 732 730
3 733 731 730
3 733 734 732
3 733 735 734
3 721 720 722
3 721 722 723
3 721 720 718
3 721 719 718
3 764 763 765
3 764 763 762
3 767 764 766
3 767 764 765
3 767 766 768
3 767 769 768
3 778 781 779
3 778 781 780
3 777 776 774
3 777 774 775
3 777 778 776
3 777 778 779
3 728 731 730
3 728 729 731
3 728 726 727
3 728 729 727
3 773 772 774
3 773 774 775
3 761 758 759
3 761 760 758
3 761 763 762
3 761 760 762
3 783 784 785
3 783 782 784
3 783 782 780
3 783 781 780
3 770 748 750
3 770 710 712
3 770 746 744
3 770 708 706
3 770 738 736
3 770 722 724
3 770 798 700
3 770 764 762
3 770 782 780
3 770 720 718
3 770 752 750
3 770 714 712
3 770 702 700
3 770 784 786
3 770 732 730
3 770 734 736
3 770 776 774
3 770 708 710
3 770 772 774
3 770 704 706
3 770 792 794
3 770 738 740
3 770 742 744
3 770 734 732
3 770 720 722
3 770 726 724
3 770 716 718
3 770 754 756
3 770 796 794
3 770 704 702
3 770 792 790
3 770 788 786
3 770 742 740
3 770 746 748
3 770 778 780
3 770 716 714
3 770 754 752
3 770 766 768
3 770 758 756
3 770 798 796
3 770 788 790
3 770 782 784
3 770 760 762
3 770 764 766
3 770 728 730
3 770 760 758
3 770 778 776
3 770 728 726
3 771 749 747
3 771 735 737
3 771 799 701
3 771 795 793
3 771 787 785
3 771 707 709
3 771 753 755
3 771 703 701
3 771 777 775
3 771 745 747
3 771 715 717
3 771 725 723
3 771 729 731
3 771 799 797
3 771 763 765
3 771 795 797
3 771 761 759
3 771 791 793
3 771 733 731
3 771 711 709
3 771 757 755
3 771 705 703
3 771 767 765
3 771 745 743
3 771 741 743
3 771 749 751
3 771 739 737
3 771 725 727
3 771 719 717
3 771 711 713
3 771 715 713
3 771 753 751
3 771 721 723
3 771 757 759
3 771 773 775
3 771 705 707
3 771 787 789
3 771 791 789
3 771 739 741
3 771 733 735
3 771 729 727
3 771 721 719
3 771 767 769
3 771 781 779
3 771 777 779
3 771 783 785
3 771 761 763
3 771 783 781
3 771 769 768
3 771 770 768
3 771 773 772
3 771 770 772
3 899 898 800
3 899 801 800
3 893 892 894
3 893 894 895
3 875 872 874
3 875 872 873
3 839 836 838
3 839 836 837
3 845 842 844
3 845 842 843
3 809 808 806
3 809 806 807
3 803 802 800
3 803 801 800
3 815 814 812
3 815 813 812
3 887 888 886
3 887 888 889
3 884 887 885
3 884 887 886
3 884 885 883
3 884 882 883
3 891 888 890
3 891 888 889
3 891 892 890
3 891 893 892
3 876 875 877
3 876 875 874
3 881 882 880
3 881 882 883
3 841 842 840
3 841 842 843
3 841 840 838
3 841 839 838
3 835 836 834
3 835 836 837
3 835 832 834
3 835 833 832
3 859 858 856
3 859 857 856
3 854 857 855
3 854 857 856
3 853 854 855
3 853 854 852
3 847 846 848
3 847 848 849
3 847 846 844
3 847 845 844
3 811 810 812
3 811 813 812
3 811 808 810
3 811 809 808
3 897 894 895
3 897 896 894
3 897 899 898
3 897 896 898
3 805 804 806
3 805 806 807
3 805 804 802
3 805 803 802
3 821 820 818
3 821 818 819
3 821 820 822
3 821 823 822
3 825 826 824
3 825 826 827
3 825 822 824
3 825 823 822
3 829 828 826
3 829 826 827
3 871 872 873
3 871 870 872
3 879 876 877
3 879 876 878
3 879 878 880
3 879 881 880
3 861 860 862
3 861 862 863
3 861 860 858
3 861 859 858
3 851 848 850
3 851 848 849
3 851 852 850
3 851 853 852
3 817 818 819
3 817 816 818
3 817 815 814
3 817 816 814
3 831 832 830
3 831 833 832
3 831 828 830
3 831 829 828
3 869 839 837
3 869 891 889
3 869 841 843
3 869 861 863
3 869 875 873
3 869 809 807
3 869 893 895
3 869 885 883
3 869 805 807
3 869 897 895
3 869 811 813
3 869 871 873
3 869 835 837
3 869 879 877
3 869 899 801
3 869 851 849
3 869 887 889
3 869 829 827
3 869 875 877
3 869 881 883
3 869 825 827
3 869 857 855
3 869 845 843
3 869 847 849
3 869 803 801
3 869 821 819
3 869 815 813
3 869 887 885
3 869 891 893
3 869 865 863
3 869 841 839
3 869 835 833
3 869 859 857
3 869 853 855
3 869 847 845
3 869 811 809
3 869 897 899
3 869 805 803
3 869 821 823
3 869 825 823
3 869 817 819
3 869 831 833
3 869 865 867
3 869 879 881
3 869 861 859
3 869 851 853
3 869 817 815
3 869 831 829
3 869 866 868
3 869 866 867
3 869 870 868
3 869 871 870
3 864 814 812
3 864 810 812
3 864 832 830
3 864 802 800
3 864 826 824
3 864 860 862
3 864 898 800
3 864 872 874
3 864 840 838
3 864 828 830
3 864 848 850
3 864 804 806
3 864 892 894
3 864 816 818
3 864 888 886
3 864 836 838
3 864 842 844
3 864 846 844
3 864 852 850
3 864 808 806
3 864 822 824
3 864 892 890
3 864 882 880
3 864 870 868
3 864 832 834
3 864 836 834
3 864 858 856
3 864 846 848
3 864 808 810
3 864 804 802
3 864 896 894
3 864 854 856
3 864 820 818
3 864 888 890
3 864 884 886
3 864 878 880
3 864 842 840
3 864 860 858
3 864 876 874
3 864 896 898
3 864 820 822
3 864 828 826
3 864 884 882
3 864 870 872
3 864 866 868
3 864 876 878
3 864 854 852
3 864 816 814
3 864 865 863
3 864 862 863
3 864 865 867
3 864 866 867
3 929 926 928
3 929 926 927
3 929 928 930
3 929 931 930
3 973 972 974
3 973 975 974
3 942 943 945
3 942 945 944
3 939 938 936
3 939 936 937
3 951 948 950
3 951 948 949
3 919 916 918
3 919 916 917
3 932 933 931
3 932 931 930
3 935 934 936
3 935 936 937
3 935 932 934
3 935 932 933
3 964 963 965
3 964 963 962
3 967 966 968
3 967 968 969
3 967 964 966
3 967 964 965
3 952 951 953
3 952 951 950
3 955 952 954
3 955 952 953
3 955 954 956
3 955 957 956
3 960 963 961
3 960 963 962
3 959 960 958
3 959 960 961
3 959 958 956
3 959 957 956
3 976 977 975
3 976 975 974
3 902 901 903
3 902 901 900
3 998 901 999
3 998 901 900
3 941 942 943
3 941 942 940
3 941 938 940
3 941 939 938
3 920 919 921
3 920 919 918
3 923 920 921
3 923 920 922
3 971 968 969
3 971 970 968
3 971 973 972
3 971 970 972
3 915 916 917
3 915 914 916
3 915 914 912
3 915 913 912
3 983 982 980
3 983 980 981
3 983 984 982
3 983 984 985
3 987 988 986
3 987 988 989
3 987 984 986
3 987 984 985
3 946 945 944
3 946 947 945
3 946 948 949
3 946 947 949
3 925 926 924
3 925 926 927
3 925 922 924
3 925 923 922
3 978 979 981
3 978 980 981
3 978 976 977
3 978 979 977
3 904 948 950
3 904 932 930
3 904 960 962
3 904 942 944
3 904 990 992
3 904 972 974
3 904 970 968
3 904 934 936
3 904 902 900
3 904 926 924
3 904 994 992
3 904 922 924
3 904 938 936
3 904 928 930
3 904 966 968
3 904 964 962
3 904 952 950
3 904 976 974
3 904 998 900
3 904 938 940
3 904 916 918
3 904 926 928
3 904 954 956
3 904 958 956
3 904 982 980
3 904 914 912
3 904 910 912
3 904 942 940
3 904 984 986
3 904 988 986
3 904 932 934
3 904 964 966
3 904 952 954
3 904 960 958
3 904 946 944
3 904 970 972
3 904 978 980
3 904 914 916
3 904 920 918
3 904 994 996
3 904 998 996
3 904 908 906
3 904 920 922
3 904 908 910
3 904 990 988
3 904 984 982
3 904 946 948
3 904 978 976
3 904 905 907
3 904 906 907
3 904 902 903
3 904 905 903
3 911 910 912
3 911 913 912
3 997 998 996
3 997 998 999
3 997 994 996
3 997 995 994
3 993 994 992
3 993 995 994
3 909 908 906
3 909 906 907
3 909 908 910
3 909 911 910
3 991 951 953
3 991 959 961
3 991 929 927
3 991 987 989
3 991 939 937
3 991 963 961
3 991 967 969
3 991 905 907
3 991 901 999
3 991 919 917
3 991 979 981
3 991 943 945
3 991 941 943
3 991 947 945
3 991 933 931
3 991 929 931
3 991 935 937
3 991 955 953
3 991 977 975
3 991 973 975
3 991 971 969
3 991 925 927
3 991 915 917
3 991 909 907
3 991 951 949
3 991 919 921
3 991 935 933
3 991 963 965
3 991 967 965
3 991 955 957
3 991 959 957
3 991 901 903
3 991 983 981
3 991 941 939
3 991 947 949
3 991 923 921
3 991 979 977
3 991 971 973
3 991 905 903
3 991 915 913
3 991 997 999
3 991 983 985
3 991 987 985
3 991 925 923
3 991 911 913
3 991 997 995
3 991 993 995
3 991 909 911
3 991 990 988
3 991 988 989
3 991 990 992
3 991 993 992
3 1007 1008 1006
3 1007 1008 1009
3 1011 1008 1009
3 1011 1008 1010
3 1004 1007 1005
3 1004 1007 1006
3 1001 1098 1099
3 1001 1098 1000
3 1017 1016 1014
3 1017 1014 1015
3 1017 1016 1018
3 1017 1019 1018
3 1042 1043 1045
3 1042 1045 1044
3 1039 1038 1036
3 1039 1036 1037
3 1035 1034 1036
3 1035 1036 1037
3 1053 1054 1052
3 1053 1054 1055
3 1057 1054 1056
3 1057 1054 1055
3 1057 1058 1056
3 1057 1058 1059
3 1063 1064 1062
3 1063 1064 1065
3 1013 1014 1012
3 1013 1014 1015
3 1013 1010 1012
3 1013 1011 1010
3 1003 1004 1005
3 1003 1004 1002
3 1003 1002 1000
3 1003 1001 1000
3 1023 1022 1024
3 1023 1025 1024
3 1087 1088 1086
3 1087 1088 1089
3 1091 1088 1089
3 1091 1088 1090
3 1084 1087 1085
3 1084 1087 1086
3 1083 1084 1082
3 1083 1084 1085
3 1083 1082 1080
3 1083 1081 1080
3 1041 1042 1043
3 1041 1042 1040
3 1041 1038 1040
3 1041 1039 1038
3 1027 1026 1024
3 1027 1025 1024
3 1051 1048 1050
3 1051 1048 1049
3 1051 1052 1050
3 1051 1053 1052
3 1096 1097 1095
3 1096 1094 1095
3 1096 1098 1099
3 1096 1097 1099
3 1021 1020 1018
3 1021 1019 1018
3 1021 1022 1020
3 1021 1023 1022
3 1093 1092 1094
3 1093 1094 1095
3 1093 1092 1090
3 1093 1091 1090
3 1077 1076 1074
3 1077 1074 1075
3 1046 1045 1044
3 1046 1047 1045
3 1046 1047 1049
3 1046 1048 1049
3 1033 1032 1030
3 1033 1031 1030
3 1033 1035 1034
3 1033 1032 1034
3 1029 1028 1030
3 1029 1031 1030
3 1029 1026 1028
3 1029 1027 1026
3 1073 1072 1074
3 1073 1074 1075
3 1067 1064 1065
3 1067 1066 1064
3 1067 1066 1068
3 1067 1069 1068
3 1061 1058 1059
3 1061 1060 1058
3 1061 1063 1062
3 1061 1060 1062
3 1070 1034 1036
3 1070 1014 1012
3 1070 1048 1050
3 1070 1016 1018
3 1070 1042 1044
3 1070 1084 1086
3 1070 1010 1012
3 1070 1066 1068
3 1070 1004 1006
3 1070 1038 1036
3 1070 1052 1050
3 1070 1032 1030
3 1070 1002 1000
3 1070 1098 1000
3 1070 1088 1086
3 1070 1064 1062
3 1070 1008 1006
3 1070 1016 1014
3 1070 1020 1018
3 1070 1022 1024
3 1070 1092 1094
3 1070 1038 1040
3 1070 1076 1074
3 1070 1028 1030
3 1070 1026 1024
3 1070 1054 1056
3 1070 1008 1010
3 1070 1004 1002
3 1070 1060 1062
3 1070 1022 1020
3 1070 1092 1090
3 1070 1082 1080
3 1070 1042 1040
3 1070 1096 1094
3 1070 1026 1028
3 1070 1054 1052
3 1070 1072 1074
3 1070 1058 1056
3 1070 1088 1090
3 1070 1084 1082
3 1070 1046 1044
3 1070 1032 1034
3 1070 1078 1080
3 1070 1066 1064
3 1070 1060 1058
3 1070 1096 1098
3 1070 1046 1048
3 1070 1078 1076
3 1079 1081 1080
3 1079 1078 1080
3 1079 1077 1076
3 1079 1078 1076
3 1071 1053 1055
3 1071 1039 1037
3 1071 1097 1095
3 1071 1013 1015
3 1071 1087 1085
3 1071 1007 1005
3 1071 1003 1005
3 1071 1017 1015
3 1071 1093 1095
3 1071 1047 1045
3 1071 1035 1037
3 1071 1029 1031
3 1071 1063 1065
3 1071 1043 1045
3 1071 1041 1043
3 1071 1057 1055
3 1071 1007 1009
3 1071 1011 1009
3 1071 1001 1099
3 1071 1017 1019
3 1071 1023 1025
3 1071 1021 1019
3 1071 1083 1085
3 1071 1077 1075
3 1071 1027 1025
3 1071 1073 1075
3 1071 1057 1059
3 1071 1067 1065
3 1071 1013 1011
3 1071 1097 1099
3 1071 1003 1001
3 1071 1051 1049
3 1071 1087 1089
3 1071 1091 1089
3 1071 1083 1081
3 1071 1041 1039
3 1071 1047 1049
3 1071 1033 1031
3 1071 1051 1053
3 1071 1021 1023
3 1071 1093 1091
3 1071 1061 1059
3 1071 1033 1035
3 1071 1029 1027
3 1071 1079 1081
3 1071 1067 1069
3 1071 1061 1063
3 1071 1079 1077
3 1071 1069 1068
3 1071 1070 1068
3 1071 1073 1072
3 1071 1070 1072
3 1101 1102 1100
3 1101 1102 1103
3 1109 1110 1108
3 1109 1110 1111
3 1109 1108 1106
3 1109 1107 1106
3 1198 1101 1100
3 1198 1101 1199
3 1198 1197 1199
3 1198 1197 1196
3 1194 1193 1195
3 1194 1193 1192
3 1194 1197 1195
3 1194 1197 1196
3 1187 1188 1186
3 1187 1188 1189
3 1147 1144 1146
3 1147 1144 1145
3 1147 1148 1146
3 1147 1148 1149
3 1139 1138 1136
3 1139 1136 1137
3 1139 1140 1138
3 1139 1140 1141
3 1143 1144 1142
3 1143 1144 1145
3 1143 1140 1142
3 1143 1140 1141
3 1133 1132 1130
3 1133 1131 1130
3 1121 1120 1118
3 1121 1118 1119
3 1121 1120 1122
3 1121 1123 1122
3 1125 1126 1124
3 1125 1126 1127
3 1125 1122 1124
3 1125 1123 1122
3 1117 1116 1118
3 1117 1118 1119
3 1117 1116 1114
3 1117 1115 1114
3 1113 1110 1112
3 1113 1110 1111
3 1113 1114 1112
3 1113 1115 1114
3 1105 1102 1103
3 1105 1104 1102
3 1105 1107 1106
3 1105 1104 1106
3 1153 1154 1152
3 1153 1154 1155
3 1157 1154 1156
3 1157 1154 1155
3 1157 1158 1156
3 1157 1158 1159
3 1190 1193 1191
3 1190 1193 1192
3 1190 1191 1189
3 1190 1188 1189
3 1183 1182 1180
3 1183 1180 1181
3 1184 1187 1185
3 1184 1187 1186
3 1184 1183 1185
3 1184 1183 1182
3 1178 1179 1181
3 1178 1180 1181
3 1135 1134 1136
3 1135 1136 1137
3 1135 1134 1132
3 1135 1133 1132
3 1129 1128 1126
3 1129 1126 1127
3 1129 1131 1130
3 1129 1128 1130
3 1151 1148 1149
3 1151 1148 1150
3 1151 1152 1150
3 1151 1153 1152
3 1164 1163 1165
3 1164 1163 1162
3 1167 1164 1166
3 1167 1164 1165
3 1167 1166 1168
3 1167 1169 1168
3 1173 1172 1174
3 1173 1174 1175
3 1161 1158 1159
3 1161 1160 1158
3 1161 1163 1162
3 1161 1160 1162
3 1176 1177 1175
3 1176 1174 1175
3 1176 1178 1179
3 1176 1177 1179
3 1170 1144 1142
3 1170 1102 1100
3 1170 1134 1136
3 1170 1116 1118
3 1170 1184 1186
3 1170 1114 1112
3 1170 1188 1186
3 1170 1104 1106
3 1170 1138 1136
3 1170 1122 1124
3 1170 1152 1150
3 1170 1110 1112
3 1170 1164 1162
3 1170 1148 1150
3 1170 1132 1130
3 1170 1126 1124
3 1170 1120 1118
3 1170 1108 1106
3 1170 1160 1162
3 1170 1198 1100
3 1170 1194 1192
3 1170 1190 1192
3 1170 1134 1132
3 1170 1140 1142
3 1170 1120 1122
3 1170 1116 1114
3 1170 1110 1108
3 1170 1104 1102
3 1170 1128 1130
3 1170 1154 1156
3 1170 1172 1174
3 1170 1198 1196
3 1170 1194 1196
3 1170 1182 1180
3 1170 1144 1146
3 1170 1148 1146
3 1170 1140 1138
3 1170 1128 1126
3 1170 1154 1152
3 1170 1166 1168
3 1170 1158 1156
3 1170 1190 1188
3 1170 1184 1182
3 1170 1178 1180
3 1170 1164 1166
3 1170 1176 1174
3 1170 1160 1158
3 1170 1176 1178
3 1171 1147 1145
3 1171 1113 1111
3 1171 1153 1155
3 1171 1105 1103
3 1171 1187 1189
3 1171 1101 1103
3 1171 1183 1181
3 1171 1193 1195
3 1171 1191 1189
3 1171 1197 1195
3 1171 1143 1145
3 1171 1125 1127
3 1171 1109 1111
3 1171 1101 1199
3 1171 1177 1175
3 1171 1163 1165
3 1171 1167 1165
3 1171 1139 1137
3 1171 1135 1137
3 1171 1121 1119
3 1171 1117 1119
3 1171 1109 1107
3 1171 1157 1155
3 1171 1193 1191
3 1171 1197 1199
3 1171 1187 1185
3 1171 1179 1181
3 1171 1147 1149
3 1171 1139 1141
3 1171 1143 1141
3 1171 1133 1131
3 1171 1121 1123
3 1171 1125 1123
3 1171 1117 1115
3 1171 1113 1115
3 1171 1105 1107
3 1171 1129 1127
3 1171 1151 1149
3 1171 1157 1159
3 1171 1173 1175
3 1171 1183 1185
3 1171 1135 1133
3 1171 1129 1131
3 1171 1151 1153
3 1171 1167 1169
3 1171 1177 1179
3 1171 1161 1159
3 1171 1161 1163
3 1171 1169 1168
3 1171 1170 1168
3 1171 1173 1172
3 1171 1170 1172
3 1251 1248 1250
3 1251 1248 1249
3 1241 1242 1240
3 1241 1242 1243
3 1247 1248 1249
3 1247 1246 1248
3 1272 1275 1273
3 1272 1275 1274
3 1263 1260 1262
3 1263 1260 1261
3 1271 1272 1273
3 1271 1272 1270
3 1225 1226 1224
3 1225 1226 1227
3 1235 1234 1236
3 1235 1236 1237
3 1229 1228 1226
3 1229 1226 1227
3 1229 1228 1230
3 1229 1231 1230
3 1283 1284 1282
3 1283 1284 1285
3 1280 1283 1281
3 1280 1283 1282
3 1280 1281 1279
3 1280 1278 1279
3 1239 1238 1236
3 1239 1236 1237
3 1239 1238 1240
3 1239 1241 1240
3 1252 1251 1250
3 1252 1253 1251
3 1245 1242 1243
3 1245 1242 1244
3 1245 1246 1244
3 1245 1247 1246
3 1269 1266 1268
3 1269 1266 1267
3 1269 1270 1268
3 1269 1271 1270
3 1221 1220 1218
3 1221 1218 1219
3 1222 1225 1223
3 1222 1225 1224
3 1222 1221 1223
3 1222 1221 1220
3 1214 1215 1213
3 1214 1212 1213
3 1292 1295 1293
3 1292 1295 1294
3 1287 1286 1284
3 1287 1284 1285
3 1287 1286 1288
3 1287 1289 1288
3 1291 1292 1290
3 1291 1292 1293
3 1291 1290 1288
3 1291 1289 1288
3 1277 1276 1278
3 1277 1278 1279
3 1277 1275 1274
3 1277 1276 1274
3 1254 1257 1255
3 1254 1257 1256
3 1254 1253 1255
3 1254 1252 1253
3 1258 1259 1257
3 1258 1257 1256
3 1258 1260 1261
3 1258 1259 1261
3 1265 1264 1266
3 1265 1266 1267
3 1265 1263 1262
3 1265 1264 1262
3 1201 1298 1200
3 1201 1298 1299
3 1202 1201 1203
3 1202 1201 1200
3 1202 1203 1205
3 1202 1204 1205
3 1211 1210 1212
3 1211 1212 1213
3 1211 1208 1210
3 1211 1208 1209
3 1207 1204 1206
3 1207 1204 1205
3 1207 1208 1206
3 1207 1208 1209
3 1297 1296 1298
3 1297 1298 1299
3 1297 1296 1294
3 1297 1295 1294
3 1233 1217 1219
3 1233 1275 1273
3 1233 1265 1267
3 1233 1247 1249
3 1233 1251 1249
3 1233 1253 1255
3 1233 1229 1227
3 1233 1225 1227
3 1233 1271 1273
3 1233 1235 1237
3 1233 1215 1213
3 1233 1239 1237
3 1233 1283 1285
3 1233 1263 1261
3 1233 1201 1299
3 1233 1221 1219
3 1233 1291 1293
3 1233 1281 1279
3 1233 1241 1243
3 1233 1253 1251
3 1233 1257 1255
3 1233 1259 1261
3 1233 1277 1279
3 1233 1245 1243
3 1233 1269 1267
3 1233 1225 1223
3 1233 1207 1205
3 1233 1287 1285
3 1233 1297 1299
3 1233 1229 1231
3 1233 1283 1281
3 1233 1239 1241
3 1233 1259 1257
3 1233 1245 1247
3 1233 1269 1271
3 1233 1203 1205
3 1233 1211 1213
3 1233 1221 1223
3 1233 1295 1293
3 1233 1287 1289
3 1233 1291 1289
3 1233 1277 1275
3 1233 1265 1263
3 1233 1201 1203
3 1233 1211 1209
3 1233 1207 1209
3 1233 1217 1215
3 1233 1297 1295
3 1233 1231 1230
3 1233 1232 1230
3 1233 1235 1234
3 1233 1232 1234
3 1216 1246 1244
3 1216 1228 1230
3 1216 1260 1262
3 1216 1238 1236
3 1216 1210 1212
3 1216 1286 1288
3 1216 1248 1250
3 1216 1298 1200
3 1216 1296 1294
3 1216 1226 1224
3 1216 1290 1288
3 1216 1280 1282
3 1216 1272 1274
3 1216 1264 1262
3 1216 1234 1236
3 1216 1284 1282
3 1216 1238 1240
3 1216 1242 1244
3 1216 1246 1248
3 1216 1270 1268
3 1216 1252 1250
3 1216 1222 1224
3 1216 1258 1256
3 1216 1292 1294
3 1216 1228 1226
3 1216 1286 1284
3 1216 1276 1274
3 1216 1242 1240
3 1216 1254 1256
3 1216 1272 1270
3 1216 1266 1268
3 1216 1202 1200
3 1216 1220 1218
3 1216 1296 1298
3 1216 1214 1212
3 1216 1276 1278
3 1216 1280 1278
3 1216 1232 1230
3 1216 1264 1266
3 1216 1204 1206
3 1216 1222 1220
3 1216 1208 1206
3 1216 1292 1290
3 1216 1232 1234
3 1216 1254 1252
3 1216 1258 1260
3 1216 1202 1204
3 1216 1208 1210
3 1216 1218 1219
3 1216 1217 1219
3 1216 1214 1215
3 1216 1217 1215
3 1327 1328 1326
3 1327 1328 1329
3 1327 1326 1324
3 1327 1325 1324
3 1322 1325 1323
3 1322 1325 1324
3 1331 1328 1330
3 1331 1328 1329
3 1302 1301 1303
3 1302 1301 1300
3 1333 1332 1334
3 1333 1335 1334
3 1333 1332 1330
3 1333 1331 1330
3 1341 1340 1342
3 1341 1342 1343
3 1341 1340 1338
3 1341 1339 1338
3 1337 1334 1336
3 1337 1335 1334
3 1337 1338 1336
3 1337 1339 1338
3 1373 1372 1374
3 1373 1374 1375
3 1367 1366 1368
3 1367 1369 1368
3 1317 1316 1314
3 1317 1315 1314
3 1317 1316 1318
3 1317 1319 1318
3 1321 1322 1323
3 1321 1320 1322
3 1321 1320 1318
3 1321 1319 1318
3 1398 1301 1399
3 1398 1301 1300
3 1397 1398 1396
3 1397 1398 1399
3 1313 1314 1312
3 1313 1315 1314
3 1313 1310 1312
3 1313 1310 1311
3 1309 1308 1306
3 1309 1306 1307
3 1309 1310 1308
3 1309 1310 1311
3 1304 1305 1307
3 1304 1306 1307
3 1304 1302 1303
3 1304 1305 1303
3 1348 1349 1351
3 1348 1351 1350
3 1348 1349 1347
3 1348 1346 1347
3 1344 1342 1343
3 1344 1345 1343
3 1344 1345 1347
3 1344 1346 1347
3 1371 1370 1368
3 1371 1369 1368
3 1371 1370 1372
3 1371 1373 1372
3 1365 1364 1362
3 1365 1363 1362
3 1365 1366 1364
3 1365 1367 1366
3 1353 1352 1350
3 1353 1351 1350
3 1359 1358 1356
3 1359 1357 1356
3 1391 1390 1388
3 1391 1388 1389
3 1391 1390 1392
3 1391 1393 1392
3 1355 1354 1356
3 1355 1357 1356
3 1355 1352 1354
3 1355 1353 1352
3 1395 1393 1392
3 1395 1394 1392
3 1395 1397 1396
3 1395 1394 1396
3 1384 1385 1383
3 1384 1382 1383
3 1361 1331 1329
3 1361 1327 1329
3 1361 1337 1335
3 1361 1325 1323
3 1361 1333 1335
3 1361 1397 1399
3 1361 1317 1315
3 1361 1345 1343
3 1361 1305 1307
3 1361 1327 1325
3 1361 1301 1399
3 1361 1313 1315
3 1361 1349 1351
3 1361 1373 1375
3 1361 1365 1363
3 1361 1321 1323
3 1361 1395 1393
3 1361 1301 1303
3 1361 1341 1343
3 1361 1353 1351
3 1361 1333 1331
3 1361 1371 1369
3 1361 1381 1383
3 1361 1391 1389
3 1361 1305 1303
3 1361 1341 1339
3 1361 1337 1339
3 1361 1349 1347
3 1361 1345 1347
3 1361 1309 1307
3 1361 1367 1369
3 1361 1317 1319
3 1361 1321 1319
3 1361 1355 1357
3 1361 1377 1375
3 1361 1385 1383
3 1361 1313 1311
3 1361 1309 1311
3 1361 1371 1373
3 1361 1365 1367
3 1361 1387 1389
3 1361 1359 1357
3 1361 1391 1393
3 1361 1387 1385
3 1361 1355 1353
3 1361 1395 1397
3 1361 1377 1379
3 1361 1381 1379
3 1361 1363 1362
3 1361 1360 1362
3 1361 1359 1358
3 1361 1360 1358
3 1376 1374 1375
3 1376 1377 1375
3 1376 1377 1379
3 1376 1378 1379
3 1380 1381 1383
3 1380 1382 1383
3 1380 1381 1379
3 1380 1378 1379
3 1386 1364 1362
3 1386 1332 1330
3 1386 1316 1318
3 1386 1314 1312
3 1386 1326 1324
3 1386 1334 1336
3 1386 1340 1342
3 1386 1338 1336
3 1386 1328 1330
3 1386 1322 1324
3 1386 1398 1300
3 1386 1372 1374
3 1386 1328 1326
3 1386 1332 1334
3 1386 1366 1368
3 1386 1320 1318
3 1386 1390 1388
3 1386 1394 1392
3 1386 1302 1300
3 1386 1304 1306
3 1386 1370 1368
3 1386 1352 1350
3 1386 1320 1322
3 1386 1316 1314
3 1386 1380 1382
3 1386 1308 1306
3 1386 1310 1312
3 1386 1340 1338
3 1386 1348 1350
3 1386 1370 1372
3 1386 1366 1364
3 1386 1354 1356
3 1386 1344 1342
3 1386 1360 1362
3 1386 1352 1354
3 1386 1358 1356
3 1386 1390 1392
3 1386 1398 1396
3 1386 1310 1308
3 1386 1304 1302
3 1386 1348 1346
3 1386 1344 1346
3 1386 1394 1396
3 1386 1376 1374
3 1386 1360 1358
3 1386 1384 1382
3 1386 1376 1378
3 1386 1380 1378
3 1386 1388 1389
3 1386 1387 1389
3 1386 1387 1385
3 1386 1384 1385
3 1401 1402 1403
3 1401 1402 1400
3 1495 1496 1494
3 1495 1496 1497
3 1499 1496 1498
3 1499 1496 1497
3 1499 1498 1400
3 1499 1401 1400
3 1492 1495 1493
3 1492 1495 1494
3 1445 1442 1444
3 1445 1442 1443
3 1441 1442 1443
3 1441 1442 1440
3 1411 1410 1412
3 1411 1413 1412
3 1404 1405 1407
3 1404 1406 1407
3 1404 1402 1403
3 1404 1405 1403
3 1415 1414 1412
3 1415 1413 1412
3 1488 1489 1487
3 1488 1487 1486
3 1491 1492 1490
3 1491 1492 1493
3 1491 1488 1490
3 1491 1488 1489
3 1483 1482 1480
3 1483 1480 1481
3 1477 1476 1474
3 1477 1475 1474
3 1469 1470 1468
3 1469 1470 1471
3 1466 1469 1467
3 1466 1469 1468
3 1447 1448 1446
3 1447 1448 1449
3 1447 1446 1444
3 1447 1445 1444
3 1439 1436 1438
3 1439 1436 1437
3 1439 1440 1438
3 1439 1441 1440
3 1435 1436 1434
3 1435 1436 1437
3 1435 1432 1434
3 1435 1433 1432
3 1457 1458 1456
3 1457 1459 1458
3 1461 1460 1462
3 1461 1462 1463
3 1461 1460 1458
3 1461 1459 1458
3 1454 1457 1455
3 1454 1457 1456
3 1451 1448 1450
3 1451 1448 1449
3 1409 1408 1406
3 1409 1406 1407
3 1409 1408 1410
3 1409 1411 1410
3 1425 1426 1424
3 1425 1426 1427
3 1425 1422 1424
3 1425 1422 1423
3 1421 1420 1418
3 1421 1418 1419
3 1421 1422 1420
3 1421 1422 1423
3 1429 1428 1426
3 1429 1426 1427
3 1479 1478 1480
3 1479 1480 1481
3 1479 1478 1476
3 1479 1477 1476
3 1472 1475 1474
3 1472 1473 1475
3 1472 1473 1471
3 1472 1470 1471
3 1453 1454 1455
3 1453 1454 1452
3 1453 1452 1450
3 1453 1451 1450
3 1417 1418 1419
3 1417 1416 1418
3 1417 1415 1414
3 1417 1416 1414
3 1431 1432 1430
3 1431 1433 1432
3 1431 1428 1430
3 1431 1429 1428
3 1485 1457 1455
3 1485 1491 1493
3 1485 1447 1449
3 1485 1405 1407
3 1485 1469 1471
3 1485 1439 1437
3 1485 1483 1481
3 1485 1495 1497
3 1485 1453 1455
3 1485 1425 1427
3 1485 1451 1449
3 1485 1401 1403
3 1485 1495 1493
3 1485 1499 1497
3 1485 1479 1481
3 1485 1461 1463
3 1485 1405 1403
3 1485 1499 1401
3 1485 1489 1487
3 1485 1429 1427
3 1485 1473 1471
3 1485 1445 1443
3 1485 1441 1443
3 1485 1421 1419
3 1485 1435 1437
3 1485 1411 1413
3 1485 1409 1407
3 1485 1415 1413
3 1485 1491 1489
3 1485 1431 1433
3 1485 1477 1475
3 1485 1473 1475
3 1485 1469 1467
3 1485 1447 1445
3 1485 1439 1441
3 1485 1435 1433
3 1485 1457 1459
3 1485 1461 1459
3 1485 1465 1463
3 1485 1409 1411
3 1485 1425 1423
3 1485 1421 1423
3 1485 1417 1419
3 1485 1479 1477
3 1485 1465 1467
3 1485 1453 1451
3 1485 1417 1415
3 1485 1431 1429
3 1485 1487 1486
3 1485 1484 1486
3 1485 1483 1482
3 1485 1484 1482
3 1464 1414 1412
3 1464 1410 1412
3 1464 1432 1430
3 1464 1402 1400
3 1464 1498 1400
3 1464 1460 1462
3 1464 1496 1494
3 1464 1428 1430
3 1464 1440 1438
3 1464 1476 1474
3 1464 1442 1444
3 1464 1408 1406
3 1464 1492 1494
3 1464 1484 1486
3 1464 1478 1480
3 1464 1436 1438
3 1464 1446 1444
3 1464 1448 1450
3 1464 1452 1450
3 1464 1454 1456
3 1464 1496 1498
3 1464 1426 1424
3 1464 1416 1418
3 1464 1488 1486
3 1464 1432 1434
3 1464 1436 1434
3 1464 1458 1456
3 1464 1448 1446
3 1464 1408 1410
3 1464 1420 1418
3 1464 1422 1424
3 1464 1404 1406
3 1464 1492 1490
3 1464 1482 1480
3 1464 1478 1476
3 1464 1470 1468
3 1464 1442 1440
3 1464 1460 1458
3 1464 1472 1474
3 1464 1404 1402
3 1464 1428 1426
3 1464 1488 1490
3 1464 1466 1468
3 1464 1454 1452
3 1464 1422 1420
3 1464 1416 1414
3 1464 1484 1482
3 1464 1472 1470
3 1464 1462 1463
3 1464 1465 1463
3 1464 1466 1467
3 1464 1465 1467
3 1501 1502 1500
3 1501 1502 1503
3 1587 1588 1586
3 1587 1588 1589
3 1509 1510 1508
3 1509 1510 1511
3 1509 1508 1506
3 1509 1507 1506
3 1598 1501 1599
3 1598 1501 1500
3 1598 1599 1597
3 1598 1596 1597
3 1542 1543 1545
3 1542 1545 1544
3 1539 1538 1536
3 1539 1536 1537
3 1533 1532 1530
3 1533 1531 1530
3 1521 1520 1518
3 1521 1518 1519
3 1521 1520 1522
3 1521 1523 1522
3 1525 1526 1524
3 1525 1526 1527
3 1525 1522 1524
3 1525 1523 1522
3 1513 1510 1512
3 1513 1510 1511
3 1513 1514 1512
3 1513 1514 1515
3 1517 1516 1518
3 1517 1518 1519
3 1517 1514 1516
3 1517 1514 1515
3 1505 1502 1503
3 1505 1504 1502
3 1505 1507 1506
3 1505 1504 1506
3 1553 1554 1552
3 1553 1554 1555
3 1557 1554 1556
3 1557 1554 1555
3 1557 1558 1556
3 1557 1558 1559
3 1563 1564 1562
3 1563 1564 1565
3 1590 1591 1593
3 1590 1593 1592
3 1590 1588 1589
3 1590 1591 1589
3 1594 1595 1593
3 1594 1593 1592
3 1594 1596 1597
3 1594 1595 1597
3 1584 1587 1586
3 1584 1585 1587
3 1541 1542 1543
3 1541 1542 1540
3 1541 1538 1540
3 1541 1539 1538
3 1535 1534 1536
3 1535 1536 1537
3 1535 1534 1532
3 1535 1533 1532
3 1529 1528 1526
3 1529 1526 1527
3 1529 1531 1530
3 1529 1528 1530
3 1551 1548 1550
3 1551 1548 1549
3 1551 1552 1550
3 1551 1553 1552
3 1582 1581 1583
3 1582 1581 1580
3 1582 1585 1583
3 1582 1584 1585
3 1578 1581 1579
3 1578 1581 1580
3 1577 1576 1574
3 1577 1574 1575
3 1577 1578 1576
3 1577 1578 1579
3 1546 1545 1544
3 1546 1547 1545
3 1546 1547 1549
3 1546 1548 1549
3 1573 1572 1574
3 1573 1574 1575
3 1567 1564 1565
3 1567 1566 1564
3 1567 1566 1568
3 1567 1569 1568
3 1561 1558 1559
3 1561 1560 1558
3 1561 1563 1562
3 1561 1560 1562
3 1570 1538 1536
3 1570 1502 1500
3 1570 1534 1536
3 1570 1520 1518
3 1570 1542 1544
3 1570 1528 1530
3 1570 1576 1574
3 1570 1588 1586
3 1570 1584 1586
3 1570 1522 1524
3 1570 1552 1550
3 1570 1510 1512
3 1570 1504 1506
3 1570 1598 1500
3 1570 1532 1530
3 1570 1526 1524
3 1570 1516 1518
3 1570 1508 1506
3 1570 1564 1562
3 1570 1566 1568
3 1570 1590 1592
3 1570 1594 1592
3 1570 1538 1540
3 1570 1534 1532
3 1570 1548 1550
3 1570 1520 1522
3 1570 1510 1508
3 1570 1504 1502
3 1570 1514 1512
3 1570 1554 1556
3 1570 1598 1596
3 1570 1542 1540
3 1570 1578 1580
3 1570 1528 1526
3 1570 1514 1516
3 1570 1554 1552
3 1570 1572 1574
3 1570 1558 1556
3 1570 1590 1588
3 1570 1594 1596
3 1570 1560 1562
3 1570 1582 1580
3 1570 1546 1544
3 1570 1566 1564
3 1570 1560 1558
3 1570 1582 1584
3 1570 1578 1576
3 1570 1546 1548
3 1571 1505 1503
3 1571 1517 1519
3 1571 1553 1555
3 1571 1587 1589
3 1571 1585 1583
3 1571 1501 1503
3 1571 1547 1545
3 1571 1599 1597
3 1571 1577 1575
3 1571 1551 1549
3 1571 1539 1537
3 1571 1513 1511
3 1571 1509 1511
3 1571 1501 1599
3 1571 1591 1589
3 1571 1595 1597
3 1571 1543 1545
3 1571 1541 1543
3 1571 1535 1537
3 1571 1521 1519
3 1571 1525 1527
3 1571 1509 1507
3 1571 1557 1555
3 1571 1591 1593
3 1571 1595 1593
3 1571 1585 1587
3 1571 1563 1565
3 1571 1581 1583
3 1571 1533 1531
3 1571 1521 1523
3 1571 1525 1523
3 1571 1513 1515
3 1571 1517 1515
3 1571 1505 1507
3 1571 1529 1527
3 1571 1573 1575
3 1571 1557 1559
3 1571 1567 1565
3 1571 1581 1579
3 1571 1541 1539
3 1571 1547 1549
3 1571 1535 1533
3 1571 1529 1531
3 1571 1551 1553
3 1571 1577 1579
3 1571 1561 1559
3 1571 1567 1569
3 1571 1561 1563
3 1571 1569 1568
3 1571 1570 1568
3 1571 1573 1572
3 1571 1570 1572
3 1653 1654 1652
3 1653 1654 1655
3 1653 1652 1650
3 1653 1651 1650
3 1648 1649 1651
3 1648 1651 1650
3 1669 1666 1668
3 1669 1667 1666
3 1670 1669 1671
3 1670 1669 1668
3 1678 1681 1679
3 1678 1681 1680
3 1646 1649 1647
3 1646 1648 1649
3 1645 1646 1644
3 1645 1646 1647
3 1642 1645 1643
3 1642 1645 1644
3 1642 1643 1641
3 1642 1640 1641
3 1631 1628 1630
3 1631 1628 1629
3 1631 1632 1630
3 1631 1633 1632
3 1635 1634 1636
3 1635 1636 1637
3 1635 1634 1632
3 1635 1633 1632
3 1665 1667 1666
3 1665 1664 1666
3 1659 1660 1658
3 1659 1661 1660
3 1683 1682 1680
3 1683 1681 1680
3 1673 1670 1672
3 1673 1670 1671
3 1673 1672 1674
3 1673 1675 1674
3 1638 1639 1637
3 1638 1636 1637
3 1638 1640 1641
3 1638 1639 1641
3 1609 1608 1606
3 1609 1607 1606
3 1626 1627 1625
3 1626 1625 1624
3 1626 1627 1629
3 1626 1628 1629
3 1615 1614 1612
3 1615 1612 1613
3 1694 1695 1693
3 1694 1693 1692
3 1697 1698 1696
3 1697 1698 1699
3 1697 1694 1696
3 1697 1694 1695
3 1689 1688 1686
3 1689 1686 1687
3 1663 1660 1662
3 1663 1661 1660
3 1663 1664 1662
3 1663 1665 1664
3 1657 1654 1656
3 1657 1654 1655
3 1657 1658 1656
3 1657 1659 1658
3 1685 1684 1686
3 1685 1686 1687
3 1685 1684 1682
3 1685 1683 1682
3 1677 1678 1679
3 1677 1676 1678
3 1677 1675 1674
3 1677 1676 1674
3 1611 1610 1612
3 1611 1612 1613
3 1611 1610 1608
3 1611 1609 1608
3 1604 1605 1607
3 1604 1607 1606
3 1603 1604 1605
3 1603 1604 1602
3 1623 1622 1624
3 1623 1625 1624
3 1690 1634 1636
3 1690 1642 1644
3 1690 1660 1662
3 1690 1670 1668
3 1690 1614 1612
3 1690 1652 1650
3 1690 1654 1656
3 1690 1622 1624
3 1690 1684 1686
3 1690 1648 1650
3 1690 1638 1636
3 1690 1602 1600
3 1690 1658 1656
3 1690 1666 1668
3 1690 1672 1674
3 1690 1632 1630
3 1690 1676 1674
3 1690 1610 1612
3 1690 1698 1600
3 1690 1654 1652
3 1690 1660 1658
3 1690 1664 1662
3 1690 1682 1680
3 1690 1634 1632
3 1690 1688 1686
3 1690 1646 1644
3 1690 1608 1606
3 1690 1628 1630
3 1690 1620 1618
3 1690 1664 1666
3 1690 1670 1672
3 1690 1684 1682
3 1690 1678 1680
3 1690 1646 1648
3 1690 1642 1640
3 1690 1610 1608
3 1690 1604 1606
3 1690 1626 1624
3 1690 1698 1696
3 1690 1616 1618
3 1690 1676 1678
3 1690 1638 1640
3 1690 1694 1692
3 1690 1626 1628
3 1690 1620 1622
3 1690 1694 1696
3 1690 1604 1602
3 1690 1616 1614
3 1601 1698 1600
3 1601 1698 1699
3 1601 1602 1600
3 1601 1603 1602
3 1617 1616 1618
3 1617 1619 1618
3 1617 1615 1614
3 1617 1616 1614
3 1621 1620 1618
3 1621 1619 1618
3 1621 1620 1622
3 1621 1623 1622
3 1691 1673 1671
3 1691 1677 1679
3 1691 1649 1647
3 1691 1645 1647
3 1691 1653 1655
3 1691 1631 1629
3 1691 1657 1655
3 1691 1669 1671
3 1691 1649 1651
3 1691 1615 1613
3 1691 1611 1613
3 1691 1653 1651
3 1691 1697 1699
3 1691 1663 1661
3 1691 1643 1641
3 1691 1639 1637
3 1691 1627 1625
3 1691 1623 1625
3 1691 1635 1637
3 1691 1669 1667
3 1691 1665 1667
3 1691 1681 1679
3 1691 1685 1687
3 1691 1645 1643
3 1691 1639 1641
3 1691 1605 1607
3 1691 1627 1629
3 1691 1631 1633
3 1691 1635 1633
3 1691 1695 1693
3 1691 1689 1687
3 1691 1659 1661
3 1691 1683 1681
3 1691 1673 1675
3 1691 1609 1607
3 1691 1601 1699
3 1691 1697 1695
3 1691 1621 1619
3 1691 1663 1665
3 1691 1657 1659
3 1691 1685 1683
3 1691 1677 1675
3 1691 1611 1609
3 1691 1603 1605
3 1691 1617 1619
3 1691 1601 1603
3 1691 1617 1615
3 1691 1621 1623
3 1691 1693 1692
3 1691 1690 1692
3 1691 1689 1688
3 1691 1690 1688
3 1747 1748 1746
3 1747 1748 1749
3 1739 1738 1736
3 1739 1736 1737
3 1783 1782 1780
3 1783 1780 1781
3 1783 1784 1782
3 1783 1784 1785
3 1797 1796 1794
3 1797 1795 1794
3 1705 1704 1706
3 1705 1707 1706
3 1717 1716 1718
3 1717 1718 1719
3 1717 1716 1714
3 1717 1715 1714
3 1713 1710 1712
3 1713 1710 1711
3 1713 1714 1712
3 1713 1715 1714
3 1725 1726 1724
3 1725 1726 1727
3 1725 1722 1724
3 1725 1722 1723
3 1721 1720 1718
3 1721 1718 1719
3 1721 1722 1720
3 1721 1722 1723
3 1733 1732 1730
3 1733 1731 1730
3 1745 1742 1744
3 1745 1742 1743
3 1745 1746 1744
3 1745 1747 1746
3 1741 1742 1740
3 1741 1742 1743
3 1741 1738 1740
3 1741 1739 1738
3 1759 1758 1756
3 1759 1757 1756
3 1751 1748 1750
3 1751 1748 1749
3 1751 1752 1750
3 1751 1752 1753
3 1779 1778 1780
3 1779 1780 1781
3 1779 1778 1776
3 1779 1777 1776
3 1775 1772 1774
3 1775 1772 1773
3 1775 1776 1774
3 1775 1777 1776
3 1789 1788 1790
3 1789 1790 1791
3 1799 1798 1700
3 1799 1701 1700
3 1799 1798 1796
3 1799 1797 1796
3 1793 1792 1790
3 1793 1790 1791
3 1793 1795 1794
3 1793 1792 1794
3 1709 1708 1710
3 1709 1710 1711
3 1709 1708 1706
3 1709 1707 1706
3 1703 1702 1700
3 1703 1701 1700
3 1703 1704 1702
3 1703 1705 1704
3 1729 1726 1727
3 1729 1728 1726
3 1729 1728 1730
3 1729 1731 1730
3 1735 1734 1736
3 1735 1736 1737
3 1735 1732 1734
3 1735 1733 1732
3 1761 1760 1762
3 1761 1762 1763
3 1761 1760 1758
3 1761 1759 1758
3 1767 1766 1768
3 1767 1769 1768
3 1787 1784 1785
3 1787 1784 1786
3 1787 1788 1786
3 1787 1789 1788
3 1754 1766 1768
3 1754 1726 1724
3 1754 1732 1730
3 1754 1702 1700
3 1754 1764 1762
3 1754 1714 1712
3 1754 1708 1706
3 1754 1776 1774
3 1754 1710 1712
3 1754 1734 1736
3 1754 1728 1730
3 1754 1788 1786
3 1754 1704 1706
3 1754 1796 1794
3 1754 1798 1700
3 1754 1716 1718
3 1754 1738 1736
3 1754 1742 1744
3 1754 1746 1744
3 1754 1748 1750
3 1754 1704 1702
3 1754 1778 1780
3 1754 1720 1718
3 1754 1792 1794
3 1754 1798 1796
3 1754 1732 1734
3 1754 1722 1724
3 1754 1738 1740
3 1754 1758 1756
3 1754 1760 1762
3 1754 1748 1746
3 1754 1782 1780
3 1754 1772 1774
3 1754 1784 1786
3 1754 1716 1714
3 1754 1742 1740
3 1754 1760 1758
3 1754 1766 1764
3 1754 1752 1750
3 1754 1778 1776
3 1754 1788 1790
3 1754 1784 1782
3 1754 1792 1790
3 1754 1708 1710
3 1754 1722 1720
3 1754 1728 1726
3 1754 1770 1768
3 1754 1770 1772
3 1754 1757 1756
3 1754 1755 1757
3 1754 1752 1753
3 1754 1755 1753
3 1771 1772 1773
3 1771 1770 1772
3 1771 1770 1768
3 1771 1769 1768
3 1765 1725 1727
3 1765 1755 1757
3 1765 1783 1781
3 1765 1747 1749
3 1765 1741 1743
3 1765 1789 1791
3 1765 1709 1711
3 1765 1751 1749
3 1765 1721 1719
3 1765 1739 1737
3 1765 1735 1737
3 1765 1775 1773
3 1765 1799 1701
3 1765 1793 1791
3 1765 1717 1719
3 1765 1713 1711
3 1765 1703 1701
3 1765 1729 1727
3 1765 1745 1743
3 1765 1761 1763
3 1765 1779 1781
3 1765 1783 1785
3 1765 1797 1795
3 1765 1705 1707
3 1765 1717 1715
3 1765 1713 1715
3 1765 1725 1723
3 1765 1721 1723
3 1765 1733 1731
3 1765 1745 1747
3 1765 1741 1739
3 1765 1759 1757
3 1765 1751 1753
3 1765 1787 1785
3 1765 1779 1777
3 1765 1775 1777
3 1765 1771 1773
3 1765 1799 1797
3 1765 1793 1795
3 1765 1709 1707
3 1765 1703 1705
3 1765 1729 1731
3 1765 1735 1733
3 1765 1761 1759
3 1765 1755 1753
3 1765 1767 1769
3 1765 1787 1789
3 1765 1771 1769
3 1765 1764 1762
3 1765 1762 1763
3 1765 1766 1764
3 1765 1767 1766
3 1865 1866 1864
3 1865 1866 1867
3 1865 1864 1862
3 1865 1863 1862
3 1872 1873 1875
3 1872 1875 1874
3 1869 1866 1868
3 1869 1866 1867
3 1839 1838 1836
3 1839 1836 1837
3 1839 1840 1838
3 1839 1840 1841
3 1843 1844 1842
3 1843 1844 1845
3 1843 1840 1842
3 1843 1840 1841
3 1826 1827 1825
3 1826 1825 1824
3 1829 1826 1828
3 1829 1826 1827
3 1829 1828 1830
3 1829 1831 1830
3 1835 1834 1836
3 1835 1836 1837
3 1857 1858 1856
3 1857 1858 1859
3 1854 1857 1856
3 1854 1857 1855
3 1881 1882 1880
3 1881 1882 1883
3 1878 1881 1879
3 1878 1881 1880
3 1895 1896 1894
3 1895 1896 1897
3 1895 1892 1894
3 1895 1892 1893
3 1851 1848 1850
3 1851 1848 1849
3 1847 1844 1846
3 1847 1844 1845
3 1847 1848 1846
3 1847 1848 1849
3 1809 1808 1806
3 1809 1807 1806
3 1804 1807 1805
3 1804 1807 1806
3 1803 1804 1802
3 1803 1804 1805
3 1803 1802 1800
3 1803 1801 1800
3 1833 1832 1830
3 1833 1831 1830
3 1833 1834 1832
3 1833 1835 1834
3 1815 1814 1812
3 1815 1812 1813
3 1860 1861 1863
3 1860 1863 1862
3 1860 1861 1859
3 1860 1858 1859
3 1852 1851 1853
3 1852 1851 1850
3 1852 1855 1853
3 1852 1854 1855
3 1885 1882 1884
3 1885 1882 1883
3 1886 1887 1889
3 1886 1889 1888
3 1886 1885 1887
3 1886 1885 1884
3 1871 1872 1873
3 1871 1870 1872
3 1871 1869 1868
3 1871 1870 1868
3 1811 1810 1812
3 1811 1812 1813
3 1811 1810 1808
3 1811 1809 1808
3 1899 1896 1897
3 1899 1898 1896
3 1899 1801 1800
3 1899 1898 1800
3 1823 1825 1824
3 1823 1822 1824
3 1876 1875 1874
3 1876 1877 1875
3 1876 1878 1879
3 1876 1877 1879
3 1890 1840 1842
3 1890 1864 1862
3 1890 1852 1850
3 1890 1872 1874
3 1890 1876 1874
3 1890 1882 1880
3 1890 1838 1836
3 1890 1810 1812
3 1890 1814 1812
3 1890 1820 1818
3 1890 1844 1842
3 1890 1832 1830
3 1890 1834 1836
3 1890 1826 1824
3 1890 1802 1800
3 1890 1822 1824
3 1890 1866 1868
3 1890 1870 1868
3 1890 1804 1806
3 1890 1834 1832
3 1890 1808 1806
3 1890 1828 1830
3 1890 1866 1864
3 1890 1860 1862
3 1890 1816 1818
3 1890 1896 1894
3 1890 1844 1846
3 1890 1840 1838
3 1890 1810 1808
3 1890 1848 1850
3 1890 1826 1828
3 1890 1886 1888
3 1890 1898 1800
3 1890 1858 1856
3 1890 1854 1856
3 1890 1882 1884
3 1890 1878 1880
3 1890 1870 1872
3 1890 1892 1894
3 1890 1848 1846
3 1890 1804 1802
3 1890 1898 1896
3 1890 1820 1822
3 1890 1860 1858
3 1890 1852 1854
3 1890 1886 1884
3 1890 1816 1814
3 1890 1876 1878
3 1890 1889 1888
3 1890 1891 1889
3 1890 1892 1893
3 1890 1891 1893
3 1817 1816 1818
3 1817 1819 1818
3 1817 1815 1814
3 1817 1816 1814
3 1821 1895 1897
3 1821 1857 1859
3 1821 1843 1845
3 1821 1861 1859
3 1821 1829 1827
3 1821 1865 1867
3 1821 1855 1853
3 1821 1815 1813
3 1821 1881 1883
3 1821 1827 1825
3 1821 1833 1831
3 1821 1873 1875
3 1821 1869 1867
3 1821 1839 1837
3 1821 1847 1845
3 1821 1811 1813
3 1821 1899 1897
3 1821 1861 1863
3 1821 1865 1863
3 1821 1835 1837
3 1821 1885 1883
3 1821 1877 1875
3 1821 1871 1873
3 1821 1851 1853
3 1821 1839 1841
3 1821 1843 1841
3 1821 1807 1805
3 1821 1891 1889
3 1821 1829 1831
3 1821 1803 1805
3 1821 1857 1855
3 1821 1887 1889
3 1821 1881 1879
3 1821 1895 1893
3 1821 1851 1849
3 1821 1847 1849
3 1821 1809 1807
3 1821 1803 1801
3 1821 1833 1835
3 1821 1823 1825
3 1821 1885 1887
3 1821 1877 1879
3 1821 1871 1869
3 1821 1891 1893
3 1821 1811 1809
3 1821 1899 1801
3 1821 1817 1819
3 1821 1817 1815
3 1821 1820 1818
3 1821 1819 1818
3 1821 1820 1822
3 1821 1823 1822
3 1951 1948 1950
3 1951 1948 1949
3 1938 1939 1937
3 1938 1937 1936
3 1938 1939 1941
3 1938 1940 1941
3 1911 1910 1912
3 1911 1912 1913
3 1911 1908 1910
3 1911 1908 1909
3 1943 1942 1940
3 1943 1940 1941
3 1943 1942 1944
3 1943 1945 1944
3 1947 1948 1949
3 1947 1946 1948
3 1947 1946 1944
3 1947 1945 1944
3 1957 1958 1956
3 1957 1958 1959
3 1952 1951 1953
3 1952 1951 1950
3 1933 1932 1930
3 1933 1931 1930
3 1927 1926 1924
3 1927 1925 1924
3 1901 1902 1900
3 1901 1902 1903
3 1998 1901 1900
3 1998 1901 1999
3 1905 1904 1902
3 1905 1902 1903
3 1992 1995 1993
3 1992 1995 1994
3 1954 1957 1956
3 1954 1957 1955
3 1954 1955 1953
3 1954 1952 1953
3 1961 1958 1959
3 1961 1960 1958
3 1961 1960 1962
3 1961 1963 1962
3 1969 1966 1968
3 1969 1966 1967
3 1970 1969 1971
3 1970 1969 1968
3 1935 1937 1936
3 1935 1934 1936
3 1935 1934 1932
3 1935 1933 1932
3 1929 1928 1930
3 1929 1931 1930
3 1929 1928 1926
3 1929 1927 1926
3 1917 1916 1918
3 1917 1919 1918
3 1996 1995 1997
3 1996 1995 1994
3 1996 1999 1997
3 1996 1998 1999
3 1907 1908 1909
3 1907 1908 1906
3 1907 1904 1906
3 1907 1905 1904
3 1988 1989 1987
3 1988 1987 1986
3 1991 1992 1990
3 1991 1992 1993
3 1991 1988 1990
3 1991 1988 1989
3 1981 1982 1980
3 1981 1982 1983
3 1978 1981 1979
3 1978 1981 1980
3 1964 1965 1963
3 1964 1963 1962
3 1964 1965 1967
3 1964 1966 1967
3 1921 1919 1918
3 1921 1920 1918
3 1984 1985 1987
3 1984 1987 1986
3 1984 1985 1983
3 1984 1982 1983
3 1972 1973 1975
3 1972 1974 1975
3 1972 1970 1971
3 1972 1973 1971
3 1915 1912 1913
3 1915 1914 1912
3 1915 1917 1916
3 1915 1914 1916
3 1923 1965 1967
3 1923 1927 1925
3 1923 1985 1983
3 1923 1951 1949
3 1923 1915 1913
3 1923 1911 1913
3 1923 1939 1941
3 1923 1981 1983
3 1923 1907 1909
3 1923 1943 1941
3 1923 1947 1949
3 1923 1939 1937
3 1923 1969 1967
3 1923 1929 1931
3 1923 1901 1903
3 1923 1995 1993
3 1923 1951 1953
3 1923 1955 1953
3 1923 1957 1959
3 1923 1973 1975
3 1923 1999 1997
3 1923 1911 1909
3 1923 1995 1997
3 1923 1905 1903
3 1923 1943 1945
3 1923 1947 1945
3 1923 1957 1955
3 1923 1965 1963
3 1923 1961 1959
3 1923 1933 1931
3 1923 1935 1937
3 1923 1901 1999
3 1923 1977 1975
3 1923 1985 1987
3 1923 1989 1987
3 1923 1991 1993
3 1923 1961 1963
3 1923 1969 1971
3 1923 1935 1933
3 1923 1929 1927
3 1923 1917 1919
3 1923 1907 1905
3 1923 1991 1989
3 1923 1981 1979
3 1923 1973 1971
3 1923 1921 1919
3 1923 1977 1979
3 1923 1915 1917
3 1923 1925 1924
3 1923 1922 1924
3 1923 1920 1922
3 1923 1921 1920
3 1976 1902 1900
3 1976 1938 1936
3 1976 1972 1974
3 1976 1910 1912
3 1976 1948 1950
3 1976 1926 1924
3 1976 1952 1950
3 1976 1922 1924
3 1976 1988 1986
3 1976 1964 1962
3 1976 1914 1912
3 1976 1942 1944
3 1976 1946 1944
3 1976 1932 1930
3 1976 1934 1936
3 1976 1960 1962
3 1976 1904 1906
3 1976 1928 1930
3 1976 1908 1906
3 1976 1942 1940
3 1976 1946 1948
3 1976 1958 1956
3 1976 1954 1956
3 1976 1938 1940
3 1976 1934 1932
3 1976 1928 1926
3 1976 1904 1902
3 1976 1908 1910
3 1976 1998 1900
3 1976 1996 1994
3 1976 1992 1994
3 1976 1960 1958
3 1976 1916 1918
3 1976 1984 1986
3 1976 1920 1918
3 1976 1992 1990
3 1976 1954 1952
3 1976 1966 1968
3 1976 1970 1968
3 1976 1920 1922
3 1976 1996 1998
3 1976 1982 1980
3 1976 1988 1990
3 1976 1978 1980
3 1976 1964 1966
3 1976 1914 1916
3 1976 1984 1982
3 1976 1972 1970
3 1976 1977 1975
3 1976 1974 1975
3 1976 1978 1979
3 1976 1977 1979
3 2069 2066 2068
3 2069 2066 2067
3 2097 2096 2098
3 2097 2099 2098
3 2042 2043 2045
3 2042 2045 2044
3 2039 2038 2036
3 2039 2036 2037
3 2051 2052 2050
3 2051 2052 2053
3 2051 2048 2050
3 2051 2048 2049
3 2025 2026 2024
3 2025 2026 2027
3 2033 2032 2030
3 2033 2031 2030
3 2029 2028 2026
3 2029 2026 2027
3 2029 2028 2030
3 2029 2031 2030
3 2070 2069 2071
3 2070 2069 2068
3 2073 2070 2071
3 2073 2070 2072
3 2079 2078 2076
3 2079 2076 2077
3 2057 2058 2059
3 2057 2058 2056
3 2065 2064 2066
3 2065 2066 2067
3 2065 2064 2062
3 2065 2063 2062
3 2095 2096 2094
3 2095 2097 2096
3 2041 2042 2043
3 2041 2042 2040
3 2041 2038 2040
3 2041 2039 2038
3 2021 2020 2018
3 2021 2018 2019
3 2022 2025 2023
3 2022 2025 2024
3 2022 2021 2023
3 2022 2021 2020
3 2014 2015 2013
3 2014 2012 2013
3 2075 2076 2074
3 2075 2076 2077
3 2075 2072 2074
3 2075 2073 2072
3 2081 2082 2080
3 2081 2082 2083
3 2081 2078 2080
3 2081 2079 2078
3 2084 2085 2087
3 2084 2086 2087
3 2084 2085 2083
3 2084 2082 2083
3 2055 2054 2052
3 2055 2052 2053
3 2055 2054 2056
3 2055 2057 2056
3 2061 2058 2059
3 2061 2060 2058
3 2061 2063 2062
3 2061 2060 2062
3 2046 2045 2044
3 2046 2047 2045
3 2046 2048 2049
3 2046 2047 2049
3 2008 2009 2007
3 2008 2007 2006
3 2011 2010 2012
3 2011 2012 2013
3 2011 2008 2010
3 2011 2008 2009
3 2001 2098 2000
3 2001 2099 2098
3 2035 2036 2037
3 2035 2034 2036
3 2035 2033 2032
3 2035 2034 2032
3 2089 2088 2086
3 2089 2086 2087
3 2089 2088 2090
3 2089 2091 2090
3 2093 2095 2094
3 2093 2092 2094
3 2093 2092 2090
3 2093 2091 2090
3 2002 2001 2003
3 2002 2001 2000
3 2005 2047 2045
3 2005 2069 2067
3 2005 2039 2037
3 2005 2015 2013
3 2005 2079 2077
3 2005 2081 2083
3 2005 2097 2099
3 2005 2025 2027
3 2005 2017 2019
3 2005 2029 2027
3 2005 2021 2019
3 2005 2085 2087
3 2005 2051 2053
3 2005 2043 2045
3 2005 2041 2043
3 2005 2011 2013
3 2005 2069 2071
3 2005 2055 2053
3 2005 2065 2067
3 2005 2095 2097
3 2005 2051 2049
3 2005 2035 2037
3 2005 2025 2023
3 2005 2001 2099
3 2005 2033 2031
3 2005 2029 2031
3 2005 2073 2071
3 2005 2075 2077
3 2005 2085 2083
3 2005 2057 2059
3 2005 2065 2063
3 2005 2061 2059
3 2005 2041 2039
3 2005 2047 2049
3 2005 2009 2007
3 2005 2093 2095
3 2005 2021 2023
3 2005 2075 2073
3 2005 2081 2079
3 2005 2055 2057
3 2005 2061 2063
3 2005 2089 2087
3 2005 2011 2009
3 2005 2001 2003
3 2005 2017 2015
3 2005 2035 2033
3 2005 2089 2091
3 2005 2093 2091
3 2005 2007 2006
3 2005 2004 2006
3 2005 2002 2004
3 2005 2002 2003
3 2016 2088 2086
3 2016 2028 2030
3 2016 2076 2074
3 2016 2064 2062
3 2016 2042 2044
3 2016 2038 2036
3 2016 2098 2000
3 2016 2096 2094
3 2016 2010 2012
3 2016 2026 2024
3 2016 2078 2080
3 2016 2054 2056
3 2016 2052 2050
3 2016 2084 2086
3 2016 2070 2068
3 2016 2008 2006
3 2016 2014 2012
3 2016 2066 2068
3 2016 2072 2074
3 2016 2034 2036
3 2016 2096 2098
3 2016 2088 2090
3 2016 2038 2040
3 2016 2048 2050
3 2016 2022 2024
3 2016 2032 2030
3 2016 2028 2026
3 2016 2064 2066
3 2016 2060 2062
3 2016 2078 2076
3 2016 2082 2080
3 2016 2054 2052
3 2016 2058 2056
3 2016 2042 2040
3 2016 2092 2094
3 2016 2046 2044
3 2016 2020 2018
3 2016 2070 2072
3 2016 2060 2058
3 2016 2022 2020
3 2016 2002 2000
3 2016 2034 2032
3 2016 2084 2082
3 2016 2092 2090
3 2016 2046 2048
3 2016 2008 2010
3 2016 2004 2006
3 2016 2002 2004
3 2016 2018 2019
3 2016 2017 2019
3 2016 2014 2015
3 2016 2017 2015
3 2149 2148 2150
3 2149 2151 2150
3 2143 2142 2144
3 2143 2144 2145
3 2135 2132 2134
3 2135 2132 2133
3 2131 2132 2130
3 2131 2132 2133
3 2125 2126 2124
3 2125 2126 2127
3 2152 2153 2151
3 2152 2151 2150
3 2141 2138 2140
3 2141 2138 2139
3 2141 2142 2140
3 2141 2143 2142
3 2137 2138 2136
3 2137 2138 2139
3 2137 2134 2136
3 2137 2135 2134
3 2122 2125 2123
3 2122 2125 2124
3 2121 2122 2120
3 2121 2122 2123
3 2121 2120 2118
3 2121 2119 2118
3 2101 2102 2100
3 2101 2102 2103
3 2158 2157 2159
3 2158 2157 2156
3 2161 2158 2160
3 2161 2158 2159
3 2161 2160 2162
3 2161 2163 2162
3 2154 2157 2155
3 2154 2157 2156
3 2154 2153 2155
3 2154 2152 2153
3 2147 2144 2145
3 2147 2146 2144
3 2147 2149 2148
3 2147 2146 2148
3 2164 2165 2163
3 2164 2163 2162
3 2129 2126 2127
3 2129 2128 2126
3 2129 2131 2130
3 2129 2128 2130
3 2111 2110 2112
3 2111 2112 2113
3 2198 2101 2199
3 2198 2101 2100
3 2197 2196 2194
3 2197 2194 2195
3 2197 2198 2196
3 2197 2198 2199
3 2187 2184 2186
3 2187 2184 2185
3 2187 2188 2186
3 2187 2188 2189
3 2193 2192 2194
3 2193 2194 2195
3 2166 2169 2167
3 2166 2169 2168
3 2166 2165 2167
3 2166 2164 2165
3 2170 2169 2171
3 2170 2169 2168
3 2173 2172 2174
3 2173 2174 2175
3 2173 2170 2172
3 2173 2170 2171
3 2117 2119 2118
3 2117 2116 2118
3 2114 2115 2113
3 2114 2112 2113
3 2114 2117 2115
3 2114 2117 2116
3 2105 2102 2103
3 2105 2104 2102
3 2105 2104 2106
3 2105 2107 2106
3 2109 2108 2106
3 2109 2107 2106
3 2109 2108 2110
3 2109 2111 2110
3 2191 2188 2189
3 2191 2188 2190
3 2191 2192 2190
3 2191 2193 2192
3 2177 2176 2174
3 2177 2174 2175
3 2183 2184 2185
3 2183 2182 2184
3 2183 2182 2180
3 2183 2181 2180
3 2178 2110 2112
3 2178 2146 2144
3 2178 2164 2162
3 2178 2108 2106
3 2178 2128 2130
3 2178 2134 2136
3 2178 2160 2162
3 2178 2148 2150
3 2178 2142 2144
3 2178 2132 2130
3 2178 2198 2100
3 2178 2152 2150
3 2178 2142 2140
3 2178 2138 2136
3 2178 2122 2124
3 2178 2126 2124
3 2178 2102 2100
3 2178 2188 2186
3 2178 2154 2156
3 2178 2138 2140
3 2178 2132 2134
3 2178 2120 2118
3 2178 2170 2168
3 2178 2108 2110
3 2178 2172 2174
3 2178 2104 2106
3 2178 2192 2194
3 2178 2184 2186
3 2178 2158 2156
3 2178 2146 2148
3 2178 2122 2120
3 2178 2116 2118
3 2178 2128 2126
3 2178 2196 2194
3 2178 2192 2190
3 2178 2176 2174
3 2178 2158 2160
3 2178 2154 2152
3 2178 2182 2180
3 2178 2166 2168
3 2178 2104 2102
3 2178 2198 2196
3 2178 2188 2190
3 2178 2114 2112
3 2178 2182 2184
3 2178 2166 2164
3 2178 2170 2172
3 2178 2114 2116
3 2179 2165 2167
3 2179 2121 2123
3 2179 2111 2113
3 2179 2153 2151
3 2179 2169 2167
3 2179 2135 2133
3 2179 2191 2189
3 2179 2187 2185
3 2179 2161 2159
3 2179 2143 2145
3 2179 2131 2133
3 2179 2125 2123
3 2179 2101 2103
3 2179 2153 2155
3 2179 2149 2151
3 2179 2157 2159
3 2179 2193 2195
3 2179 2141 2139
3 2179 2137 2139
3 2179 2115 2113
3 2179 2125 2127
3 2179 2129 2127
3 2179 2157 2155
3 2179 2165 2163
3 2179 2147 2145
3 2179 2141 2143
3 2179 2137 2135
3 2179 2121 2119
3 2179 2117 2119
3 2179 2101 2199
3 2179 2197 2195
3 2179 2177 2175
3 2179 2161 2163
3 2179 2147 2149
3 2179 2169 2171
3 2179 2173 2175
3 2179 2129 2131
3 2179 2105 2103
3 2179 2197 2199
3 2179 2187 2189
3 2179 2109 2107
3 2179 2173 2171
3 2179 2117 2115
3 2179 2105 2107
3 2179 2109 2111
3 2179 2191 2193
3 2179 2183 2185
3 2179 2183 2181
3 2179 2181 2180
3 2179 2178 2180
3 2179 2177 2176
3 2179 2178 2176
3 2213 2214 2215
3 2213 2214 2212
3 2296 2297 2295
3 2296 2294 2295
3 2202 2201 2203
3 2202 2201 2200
3 2207 2208 2206
3 2207 2208 2209
3 2245 2242 2244
3 2245 2242 2243
3 2239 2238 2236
3 2239 2236 2237
3 2246 2245 2247
3 2246 2245 2244
3 2249 2246 2248
3 2249 2246 2247
3 2249 2248 2250
3 2249 2251 2250
3 2232 2233 2231
3 2232 2231 2230
3 2235 2234 2236
3 2235 2236 2237
3 2235 2232 2234
3 2235 2232 2233
3 2225 2222 2224
3 2225 2222 2223
3 2221 2220 2222
3 2221 2222 2223
3 2221 2220 2218
3 2221 2219 2218
3 2257 2254 2256
3 2257 2254 2255
3 2257 2258 2256
3 2257 2258 2259
3 2263 2264 2262
3 2263 2264 2265
3 2211 2210 2208
3 2211 2208 2209
3 2211 2210 2212
3 2211 2213 2212
3 2293 2292 2294
3 2293 2294 2295
3 2298 2201 2299
3 2298 2201 2200
3 2298 2297 2299
3 2298 2296 2297
3 2205 2202 2203
3 2205 2202 2204
3 2205 2204 2206
3 2205 2207 2206
3 2288 2289 2287
3 2288 2287 2286
3 2284 2285 2287
3 2284 2287 2286
3 2278 2281 2279
3 2278 2281 2280
3 2241 2242 2243
3 2241 2242 2240
3 2241 2238 2240
3 2241 2239 2238
3 2226 2225 2227
3 2226 2225 2224
3 2229 2231 2230
3 2229 2228 2230
3 2229 2226 2228
3 2229 2226 2227
3 2217 2214 2215
3 2217 2216 2214
3 2217 2219 2218
3 2217 2216 2218
3 2252 2251 2250
3 2252 2253 2251
3 2252 2253 2255
3 2252 2254 2255
3 2290 2293 2292
3 2290 2293 2291
3 2290 2289 2291
3 2290 2288 2289
3 2282 2281 2283
3 2282 2281 2280
3 2282 2285 2283
3 2282 2284 2285
3 2273 2272 2274
3 2273 2274 2275
3 2267 2264 2265
3 2267 2266 2264
3 2267 2266 2268
3 2267 2269 2268
3 2261 2258 2259
3 2261 2260 2258
3 2261 2263 2262
3 2261 2260 2262
3 2276 2277 2275
3 2276 2274 2275
3 2276 2278 2279
3 2276 2277 2279
3 2270 2234 2236
3 2270 2210 2212
3 2270 2232 2230
3 2270 2298 2200
3 2270 2238 2236
3 2270 2222 2224
3 2270 2266 2268
3 2270 2214 2212
3 2270 2284 2286
3 2270 2220 2218
3 2270 2226 2224
3 2270 2208 2206
3 2270 2202 2200
3 2270 2246 2244
3 2270 2248 2250
3 2270 2264 2262
3 2270 2210 2208
3 2270 2252 2250
3 2270 2204 2206
3 2270 2288 2286
3 2270 2238 2240
3 2270 2242 2244
3 2270 2220 2222
3 2270 2282 2280
3 2270 2254 2256
3 2270 2216 2218
3 2270 2292 2294
3 2270 2296 2294
3 2270 2202 2204
3 2270 2242 2240
3 2270 2246 2248
3 2270 2232 2234
3 2270 2228 2230
3 2270 2216 2214
3 2270 2272 2274
3 2270 2258 2256
3 2270 2298 2296
3 2270 2260 2262
3 2270 2290 2292
3 2270 2278 2280
3 2270 2226 2228
3 2270 2252 2254
3 2270 2276 2274
3 2270 2266 2264
3 2270 2260 2258
3 2270 2290 2288
3 2270 2282 2284
3 2270 2276 2278
3 2271 2221 2223
3 2271 2277 2275
3 2271 2263 2265
3 2271 2207 2209
3 2271 2285 2283
3 2271 2211 2209
3 2271 2253 2255
3 2271 2297 2299
3 2271 2201 2299
3 2271 2245 2247
3 2271 2249 2247
3 2271 2235 2237
3 2271 2225 2223
3 2271 2297 2295
3 2271 2201 2203
3 2271 2289 2291
3 2271 2217 2215
3 2271 2239 2237
3 2271 2233 2231
3 2271 2241 2243
3 2271 2229 2231
3 2271 2257 2255
3 2271 2213 2215
3 2271 2293 2291
3 2271 2289 2287
3 2271 2285 2287
3 2271 2205 2203
3 2271 2245 2243
3 2271 2281 2283
3 2271 2249 2251
3 2271 2235 2233
3 2271 2225 2227
3 2271 2221 2219
3 2271 2253 2251
3 2271 2273 2275
3 2271 2257 2259
3 2271 2267 2265
3 2271 2211 2213
3 2271 2293 2295
3 2271 2205 2207
3 2271 2281 2279
3 2271 2241 2239
3 2271 2229 2227
3 2271 2217 2219
3 2271 2277 2279
3 2271 2261 2259
3 2271 2267 2269
3 2271 2261 2263
3 2271 2269 2268
3 2271 2270 2268
3 2271 2273 2272
3 2271 2270 2272
3 2339 2336 2338
3 2339 2336 2337
3 2345 2342 2344
3 2345 2343 2342
3 2389 2390 2388
3 2389 2390 2391
3 2389 2388 2386
3 2389 2387 2386
3 2393 2390 2392
3 2393 2390 2391
3 2393 2394 2392
3 2393 2394 2395
3 2399 2398 2300
3 2399 2301 2300
3 2305 2304 2306
3 2305 2307 2306
3 2317 2316 2318
3 2317 2318 2319
3 2317 2316 2314
3 2317 2315 2314
3 2313 2310 2312
3 2313 2310 2311
3 2313 2314 2312
3 2313 2315 2314
3 2325 2326 2324
3 2325 2326 2327
3 2325 2322 2324
3 2325 2322 2323
3 2321 2320 2318
3 2321 2318 2319
3 2321 2322 2320
3 2321 2322 2323
3 2329 2326 2328
3 2329 2326 2327
3 2329 2328 2330
3 2329 2331 2330
3 2333 2332 2330
3 2333 2331 2330
3 2341 2340 2342
3 2341 2343 2342
3 2341 2340 2338
3 2341 2339 2338
3 2357 2358 2356
3 2357 2359 2358
3 2361 2360 2362
3 2361 2362 2363
3 2361 2360 2358
3 2361 2359 2358
3 2354 2357 2355
3 2354 2357 2356
3 2353 2354 2355
3 2353 2354 2352
3 2365 2364 2362
3 2365 2362 2363
3 2365 2366 2364
3 2365 2366 2367
3 2369 2370 2368
3 2369 2370 2371
3 2369 2366 2368
3 2369 2366 2367
3 2347 2346 2348
3 2347 2348 2349
3 2347 2346 2344
3 2347 2345 2344
3 2377 2376 2374
3 2377 2375 2374
3 2384 2352 2350
3 2384 2316 2318
3 2384 2336 2338
3 2384 2302 2300
3 2384 2348 2350
3 2384 2314 2312
3 2384 2308 2306
3 2384 2372 2374
3 2384 2310 2312
3 2384 2332 2330
3 2384 2360 2362
3 2384 2346 2344
3 2384 2304 2306
3 2384 2390 2392
3 2384 2398 2300
3 2384 2342 2344
3 2384 2340 2338
3 2384 2326 2324
3 2384 2364 2362
3 2384 2376 2374
3 2384 2304 2302
3 2384 2388 2386
3 2384 2320 2318
3 2384 2394 2392
3 2384 2398 2396
3 2384 2332 2334
3 2384 2336 2334
3 2384 2328 2330
3 2384 2340 2342
3 2384 2358 2356
3 2384 2354 2356
3 2384 2346 2348
3 2384 2366 2368
3 2384 2382 2380
3 2384 2378 2380
3 2384 2316 2314
3 2384 2326 2328
3 2384 2360 2358
3 2384 2322 2324
3 2384 2370 2368
3 2384 2378 2376
3 2384 2390 2388
3 2384 2394 2396
3 2384 2308 2310
3 2384 2322 2320
3 2384 2354 2352
3 2384 2366 2364
3 2384 2372 2370
3 2384 2385 2387
3 2384 2387 2386
3 2383 2382 2380
3 2383 2380 2381
3 2383 2384 2382
3 2383 2384 2385
3 2397 2394 2395
3 2397 2394 2396
3 2397 2398 2396
3 2397 2399 2398
3 2309 2308 2310
3 2309 2310 2311
3 2309 2308 2306
3 2309 2307 2306
3 2303 2302 2300
3 2303 2301 2300
3 2303 2304 2302
3 2303 2305 2304
3 2335 2336 2334
3 2335 2336 2337
3 2335 2332 2334
3 2335 2333 2332
3 2351 2348 2350
3 2351 2348 2349
3 2351 2352 2350
3 2351 2353 2352
3 2373 2370 2371
3 2373 2372 2370
3 2373 2372 2374
3 2373 2375 2374
3 2379 2325 2327
3 2379 2347 2349
3 2379 2393 2391
3 2379 2329 2327
3 2379 2339 2337
3 2379 2399 2301
3 2379 2309 2311
3 2379 2357 2355
3 2379 2335 2337
3 2379 2361 2363
3 2379 2369 2371
3 2379 2373 2371
3 2379 2389 2391
3 2379 2397 2395
3 2379 2317 2319
3 2379 2313 2311
3 2379 2321 2319
3 2379 2303 2301
3 2379 2341 2343
3 2379 2365 2363
3 2379 2345 2343
3 2379 2351 2349
3 2379 2385 2387
3 2379 2389 2387
3 2379 2393 2395
3 2379 2383 2381
3 2379 2305 2307
3 2379 2317 2315
3 2379 2313 2315
3 2379 2325 2323
3 2379 2321 2323
3 2379 2329 2331
3 2379 2333 2331
3 2379 2341 2339
3 2379 2357 2359
3 2379 2361 2359
3 2379 2353 2355
3 2379 2365 2367
3 2379 2369 2367
3 2379 2347 2345
3 2379 2377 2375
3 2379 2383 2385
3 2379 2397 2399
3 2379 2309 2307
3 2379 2303 2305
3 2379 2335 2333
3 2379 2351 2353
3 2379 2373 2375
3 2379 2378 2380
3 2379 2380 2381
3 2379 2378 2376
3 2379 2377 2376
CELL_TYPES 4704
5 5 5 5 5 5 5 5 5 5 
5 5 5 5 5 5 5 5 5 5 
5 5 5 5 5 5 5 5 5 5 
5 5 5 5 5 5 5 5 5 5 
5 5 5 5 5 5 5 5 5 5 
5 5 5 5 5 5 5 5 5 5 
5 5 5 5 5 5 5 5 5 5 
5 5 5 5 5 5 5 5 5 5 
5 5 5 5 5 5 5 5 5 5 
5 5 5 5 5 5 5 5 5 5 
5 5 5 5 5 5 5 5 5 5 
5 5 5 5 5 5 5 5 5 5 
5 5 5 5 5 5 5 5 5 5 
5 5 5 5 5 5 5 5 5 5 
5 5 5 5 5 5 5 5 5 5 
5 5 5 5 5 5 5 5 5 5 
5 5 5 5 5 5 5 5 5 5 
5 5 5 5 5 5 5 5 5 5 
5 5 5 5 5 5 5 5 5 5 
5 5 5 5 5 5 5 5 5 5 
5 5 5 5 5 5 5 5 5 5 
5 5 5 5 5 5 5 5 5 5 
5 5 5 5 5 5 5 5 5 5 
5 5 5 5 5 5 5 5 5 5 
5 5 5 5 5 5 5 5 5 5 
5 5 5 5 5 5 5 5 5 5 
5 5 5 5 5 5 5 5 5 5 
5 5 5 5 5 5 5 5 5 5 
5 5 5 5 5 5 5 5 5 5 
5 5 5 5 5 5 5 5 5 5 
5 5 5 5 5 5 5 5 5 5 
5 5 5 5 5 5 5 5 5 5 
5 5 5 5 5 5 5 5 5 5 
5 5 5 5 5 5 5 5 5 5 
5 5 5 5 5 5 5 5 5 5 
5 5 5 5 5 5 5 5 5 5 
5 5 5 5 5 5 5 5 5 5 
5 5 5 5 5 5 5 5 5 5 
5 5 5 5 5 5 5 5 5 5 
5 5 5 5 5 5 5 5 5 5 
5 5 5 5 5 5 5 5 5 5 
5 5 5 5 5 5 5 5 5 5 
5 5 5 5 5 5 5 5 5 5 
5 5 5 5 5 5 5 5 5 5 
5 5 5 5 5 5 5 5 5 5 
5 5 5 5 5 5 5 5 5 5 
5 5 5 5 5 5 5 5 5 5 
5 5 5 5 5 5 5 5 5 5 
5 5 5 5 5 5 5 5 5 5 
5 5 5 5 5 5 5 5 5 5 
5 5 5 5 5 5 5 5 5 5 
5 5 5 5 5 5 5 5 5 5 
5 5 5 5 5 5 5 5 5 5 
5 5 5 5 5 5 5 5 5 5 
5 5 5 5 5 5 5 5 5 5 
5 5 5 5 5 5 5 5 5 5 
5 5 5 5 5 5 5 5 5 5 
5 5 5 5 5 5 5 5 5 5 
5 5 5 5 5 5 5 5 5 5 
5 5 5 5 5 5 5 5 5 5 
5 5 5 5 5 5 5 5 5 5 
5 5 5 5 5 5 5 5 5 5 
5 5 5 5 5 5 5 5 5 5 
5 5 5 5 5 5 5 5 5 5 
5 5 5 5 5 5 5 5 5 5 
5 5 5 5 5 5 5 5 5 5 
5 5 5 5 5 5 5 5 5 5 
5 5 5 5 5 5 5 5 5 5 
5 5 5 5 5 5 5 5 5 5 
5 5 5 5 5 5 5 5 5 5 
5 5 5 5 5 5 5 5 5 5 
5 5 5 5 5 5 5 5 5 5 
5 5 5 5 5 5 5 5 5 5 
5 5 5 5 5 5 5 5 5 5 
5 5 5 5 5 5 5 5 5 5 
5 5 5 5 5 5 5 5 5 5 
5 5 5 5 5 5 5 5 5 5 
5 5 5 5 5 5 5 5 5 5 
5 5 5 5 5 5 5 5 5 5 
5 5 5 5 5 5 5 5 5 5 
5 5 5 5 5 5 5 5 5 5 
5 5 5 5 5 5 5 5 5 5 
5 5 5 5 5 5 5 5 5 5 
5 5 5 5 5 5 5 5 5 5 
5 5 5 5 5 5 5 5 5 5 
5 5 5 5 5 5 5 5 5 5 
5 5 5 5 5 5 5 5 5 5 
5 5 5 5 5 5 5 5 5 5 
5 5 5 5 5 5 5 5 5 5 
5 5 5 5 5 5 5 5 5 5 
5 5 5 5 5 5 5 5 5 5 
5 5 5 5 5 5 5 5 5 5 
5 5 5 5 5 5 5 5 5 5 
5 5 5 5 5 5 5 5 5 5 
5 5 5 5 5 5 5 5 5 5 
5 5 5 5 5 5 5 5 5 5 
5 5 5 5 5 5 5 5 5 5 
5 5 5 5 5 5 5 5 5 5 
5 5 5 5 5 5 5 5 5 5 
5 5 5 5 5 5 5 5 5 5 
5 5 5 5 5 5 5 5 5 5 
5 5 5 5 5 5 5 5 5 5 
5 5 5 5 5 5 5 5 5 5 
5 5 5 5 5 5 5 5 5 5 
5 5 5 5 5 5 5 5 5 5 
5 5 5 5 5 5 5 5 5 5 
5 5 5 5 5 5 5 5 5 5 
5 5 5 5 5 5 5 5 5 5 
5 5 5 5 5 5 5 5 5 5 
5 5 5 5 5 5 5 5 5 5 
5 5 5 5 5 5 5 5 5 5 
5 5 5 5 5 5 5 5 5 5 
5 5 5 5 5 5 5 5 5 5 
5 5 5 5 5 5 5 5 5 5 
5 5 5 5 5 5 5 5 5 5 
5 5 5 5 5 5 5 5 5 5 
5 5 5 5 5 5 5 5 5 5 
5 5 5 5 5 5 5 5 5 5 
5 5 5 5 5 5 5 5 5 5 
5 5 5 5 5 5 5 5 5 5 
5 5 5 5 5 5 5 5 5 5 
5 5 5 5 5 5 5 5 5 5 
5 5 5 5 5 5 5 5 5 5 
5 5 5 5 5 5 5 5 5 5 
5 5 5 5 5 5 5 5 5 5 
5 5 5 5 5 5 5 5 5 5 
5 5 5 5 5 5 5 5 5 5 
5 5 5 5 5 5 5 5 5 5 
5 5 5 5 5 5 5 5 5 5 
5 5 5 5 5 5 5 5 5 5 
5 5 5 5 5 5 5 5 5 5 
5 5 5 5 5 5 5 5 5 5 
5 5 5 5 5 5 5 5 5 5 
5 5 5 5 5 5 5 5 5 5 
5 5 5 5 5 5 5 5 5 5 
5 5 5 5 5 5 5 5 5 5 
5 5 5 5 5 5 5 5 5 5 
5 5 5 5 5 5 5 5 5 5 
5 5 5 5 5 5 5 5 5 5 
5 5 5 5 5 5 5 5 5 5 
5 5 5 5 5 5 5 5 5 5 
5 5 5 5 5 5 5 5 5 5 
5 5 5 5 5 5 5 5 5 5 
5 5 5 5 5 5 5 5 5 5 
5 5 5 5 5 5 5 5 5 5 
5 5 5 5 5 5 5 5 5 5 
5 5 5 5 5 5 5 5 5 5 
5 5 5 5 5 5 5 5 5 5 
5 5 5 5 5 5 5 5 5 5 
5 5 5 5 5 5 5 5 5 5 
5 5 5 5 5 5 5 5 5 5 
5 5 5 5 5 5 5 5 5 5 
5 5 5 5 5 5 5 5 5 5 
5 5 5 5 5 5 5 5 5 5 
5 5 5 5 5 5 5 5 5 5 
5 5 5 5 5 5 5 5 5 5 
5 5 5 5 5 5 5 5 5 5 
5 5 5 5 5 5 5 5 5 5 
5 5 5 5 5 5 5 5 5 5 
5 5 5 5 5 5 5 5 5 5 
5 5 5 5 5 5 5 5 5 5 
5 5 5 5 5 5 5 5 5 5 
5 5 5 5 5 5 5 5 5 5 
5 5 5 5 5 5 5 5 5 5 
5 5 5 5 5 5 5 5 5 5 
5 5 5 5 5 5 5 5 5 5 
5 5 5 5 5 5 5 5 5 5 
5 5 5 5 5 5 5 5 5 5 
5 5 5 5 5 5 5 5 5 5 
5 5 5 5 5 5 5 5 5 5 
5 5 5 5 5 5 5 5 5 5 
5 5 5 5 5 5 5 5 5 5 
5 5 5 5 5 5 5 5 5 5 
5 5 5 5 5 5 5 5 5 5 
5 5 5 5 5 5 5 5 5 5 
5 5 5 5 5 5 5 5 5 5 
5 5 5 5 5 5 5 5 5 5 
5 5 5 5 5 5 5 5 5 5 
5 5 5 5 5 5 5 5 5 5 
5 5 5 5 5 5 5 5 5 5 
5 5 5 5 5 5 5 5 5 5 
5 5 5 5 5 5 5 5 5 5 
5 5 5 5 5 5 5 5 5 5 
5 5 5 5 5 5 5 5 5 5 
5 5 5 5 5 5 5 5 5 5 
5 5 5 5 5 5 5 5 5 5 
5 5 5 5 5 5 5 5 5 5 
5 5 5 5 5 5 5 5 5 5 
5 5 5 5 5 5 5 5 5 5 
5 5 5 5 5 5 5 5 5 5 
5 5 5 5 5 5 5 5 5 5 
5 5 5 5 5 5 5 5 5 5 
5 5 5 5 5 5 5 5 5 5 
5 5 5 5 5 5 5 5 5 5 
5 5 5 5 5 5 5 5 5 5 
5 5 5 5 5 5 5 5 5 5 
5 5 5 5 5 5 5 5 5 5 
5 5 5 5 5 5 5 5 5 5 
5 5 5 5 5 5 5 5 5 5 
5 5 5 5 5 5 5 5 5 5 
5 5 5 5 5 5 5 5 5 5 
5 5 5 5 5 5 5 5 5 5 
5 5 5 5 5 5 5 5 5 5 
5 5 5 5 5 5 5 5 5 5 
5 5 5 5 5 5 5 5 5 5 
5 5 5 5 5 5 5 5 5 5 
5 5 5 5 5 5 5 5 5 5 
5 5 5 5 5 5 5 5 5 5 
5 5 5 5 5 5 5 5 5 5 
5 5 5 5 5 5 5 5 5 5 
5 5 5 5 5 5 5 5 5 5 
5 5 5 5 5 5 5 5 5 5 
5 5 5 5 5 5 5 5 5 5 
5 5 5 5 5 5 5 5 5 5 
5 5 5 5 5 5 5 5 5 5 
5 5 5 5 5 5 5 5 5 5 
5 5 5 5 5 5 5 5 5 5 
5 5 5 5 5 5 5 5 5 5 
5 5 5 5 5 5 5 5 5 5 
5 5 5 5 5 5 5 5 5 5 
5 5 5 5 5 5 5 5 5 5 
5 5 5 5 5 5 5 5 5 5 
5 5 5 5 5 5 5 5 5 5 
5 5 5 5 5 5 5 5 5 5 
5 5 5 5 5 5 5 5 5 5 
5 5 5 5 5 5 5 5 5 5 
5 5 5 5 5 5 5 5 5 5 
5 5 5 5 5 5 5 5 5 5 
5 5 5 5 5 5 5 5 5 5 
5 5 5 5 5 5 5 5 5 5 
5 5 5 5 5 5 5 5 5 5 
5 5 5 5 5 5 5 5 5 5 
5 5 5 5 5 5 5 5 5 5 
5 5 5 5 5 5 5 5 5 5 
5 5 5 5 5 5 5 5 5 5 
5 5 5 5 5 5 5 5 5 5 
5 5 5 5 5 5 5 5 5 5 
5 5 5 5 5 5 5 5 5 5 
5 5 5 5 5 5 5 5 5 5 
5 5 5 5 5 5 5 5 5 5 
5 5 5 5 5 5 5 5 5 5 
5 5 5 5 5 5 5 5 5 5 
5 5 5 5 5 5 5 5 5 5 
5 5 5 5 5 5 5 5 5 5 
5 5 5 5 5 5 5 5 5 5 
5 5 5 5 5 5 5 5 5 5 
5 5 5 5 5 5 5 5 5 5 
5 5 5 5 5 5 5 5 5 5 
5 5 5 5 5 5 5 5 5 5 
5 5 5 5 5 5 5 5 5 5 
5 5 5 5 5 5 5 5 5 5 
5 5 5 5 5 5 5 5 5 5 
5 5 5 5 5 5 5 5 5 5 
5 5 5 5 5 5 5 5 5 5 
5 5 5 5 5 5 5 5 5 5 
5 5 5 5 5 5 5 5 5 5 
5 5 5 5 5 5 5 5 5 5 
5 5 5 5 5 5 5 5 5 5 
5 5 5 5 5 5 5 5 5 5 
5 5 5 5 5 5 5 5 5 5 
5 5 5 5 5 5 5 5 5 5 
5 5 5 5 5 5 5 5 5 5 
5 5 5 5 5 5 5 5 5 5 
5 5 5 5 5 5 5 5 5 5 
5 5 5 5 5 5 5 5 5 5 
5 5 5 5 5 5 5 5 5 5 
5 5 5 5 5 5 5 5 5 5 
5 5 5 5 5 5 5 5 5 5 
5 5 5 5 5 5 5 5 5 5 
5 5 5 5 5 5 5 5 5 5 
5 5 5 5 5 5 5 5 5 5 
5 5 5 5 5 5 5 5 5 5 
5 5 5 5 5 5 5 5 5 5 
5 5 5 5 5 5 5 5 5 5 
5 5 5 5 5 5 5 5 5 5 
5 5 5 5 5 5 5 5 5 5 
5 5 5 5 5 5 5 5 5 5 
5 5 5 5 5 5 5 5 5 5 
5 5 5 5 5 5 5 5 5 5 
5 5 5 5 5 5 5 5 5 5 
5 5 5 5 5 5 5 5 5 5 
5 5 5 5 5 5 5 5 5 5 
5 5 5 5 5 5 5 5 5 5 
5 5 5 5 5 5 5 5 5 5 
5 5 5 5 5 5 5 5 5 5 
5 5 5 5 5 5 5 5 5 5 
5 5 5 5 5 5 5 5 5 5 
5 5 5 5 5 5 5 5 5 5 
5 5 5 5 5 5 5 5 5 5 
5 5 5 5 5 5 5 5 5 5 
5 5 5 5 5 5 5 5 5 5 
5 5 5 5 5 5 5 5 5 5 
5 5 5 5 5 5 5 5 5 5 
5 5 5 5 5 5 5 5 5 5 
5 5 5 5 5 5 5 5 5 5 
5 5 5 5 5 5 5 5 5 5 
5 5 5 5 5 5 5 5 5 5 
5 5 5 5 5 5 5 5 5 5 
5 5 5 5 5 5 5 5 5 5 
5 5 5 5 5 5 5 5 5 5 
5 5 5 5 5 5 5 5 5 5 
5 5 5 5 5 5 5 5 5 5 
5 5 5 5 5 5 5 5 5 5 
5 5 5 5 5 5 5 5 5 5 
5 5 5 5 5 5 5 5 5 5 
5 5 5 5 5 5 5 5 5 5 
5 5 5 5 5 5 5 5 5 5 
5 5 5 5 5 5 5 5 5 5 
5 5 5 5 5 5 5 5 5 5 
5 5 5 5 5 5 5 5 5 5 
5 5 5 5 5 5 5 5 5 5 
5 5 5 5 5 5 5 5 5 5 
5 5 5 5 5 5 5 5 5 5 
5 5 5 5 5 5 5 5 5 5 
5 5 5 5 5 5 5 5 5 5 
5 5 5 5 5 5 5 5 5 5 
5 5 5 5 5 5 5 5 5 5 
5 5 5 5 5 5 5 5 5 5 
5 5 5 5 5 5 5 5 5 5 
5 5 5 5 5 5 5 5 5 5 
5 5 5 5 5 5 5 5 5 5 
5 5 5 5 5 5 5 5 5 5 
5 5 5 5 5 5 5 5 5 5 
5 5 5 5 5 5 5 5 5 5 
5 5 5 5 5 5 5 5 5 5 
5 5 5 5 5 5 5 5 5 5 
5 5 5 5 5 5 5 5 5 5 
5 5 5 5 5 5 5 5 5 5 
5 5 5 5 5 5 5 5 5 5 
5 5 5 5 5 5 5 5 5 5 
5 5 5 5 5 5 5 5 5 5 
5 5 5 5 5 5 5 5 5 5 
5 5 5 5 5 5 5 5 5 5 
5 5 5 5 5 5 5 5 5 5 
5 5 5 5 5 5 5 5 5 5 
5 5 5 5 5 5 5 5 5 5 
5 5 5 5 5 5 5 5 5 5 
5 5 5 5 5 5 5 5 5 5 
5 5 5 5 5 5 5 5 5 5 
5 5 5 5 5 5 5 5 5 5 
5 5 5 5 5 5 5 5 5 5 
5 5 5 5 5 5 5 5 5 5 
5 5 5 5 5 5 5 5 5 5 
5 5 5 5 5 5 5 5 5 5 
5 5 5 5 5 5 5 5 5 5 
5 5 5 5 5 5 5 5 5 5 
5 5 5 5 5 5 5 5 5 5 
5 5 5 5 5 5 5 5 5 5 
5 5 5 5 5 5 5 5 5 5 
5 5 5 5 5 5 5 5 5 5 
5 5 5 5 5 5 5 5 5 5 
5 5 5 5 5 5 5 5 5 5 
5 5 5 5 5 5 5 5 5 5 
5 5 5 5 5 5 5 5 5 5 
5 5 5 5 5 5 5 5 5 5 
5 5 5 5 5 5 5 5 5 5 
5 5 5 5 5 5 5 5 5 5 
5 5 5 5 5 5 5 5 5 5 
5 5 5 5 5 5 5 5 5 5 
5 5 5 5 5 5 5 5 5 5 
5 5 5 5 5 5 5 5 5 5 
5 5 5 5 5 5 5 5 5 5 
5 5 5 5 5 5 5 5 5 5 
5 5 5 5 5 5 5 5 5 5 
5 5 5 5 5 5 5 5 5 5 
5 5 5 5 5 5 5 5 5 5 
5 5 5 5 5 5 5 5 5 5 
5 5 5 5 5 5 5 5 5 5 
5 5 5 5 5 5 5 5 5 5 
5 5 5 5 5 5 5 5 5 5 
5 5 5 5 5 5 5 5 5 5 
5 5 5 5 5 5 5 5 5 5 
5 5 5 5 5 5 5 5 5 5 
5 5 5 5 5 5 5 5 5 5 
5 5 5 5 5 5 5 5 5 5 
5 5 5 5 5 5 5 5 5 5 
5 5 5 5 5 5 5 5 5 5 
5 5 5 5 5 5 5 5 5 5 
5 5 5 5 5 5 5 5 5 5 
5 5 5 5 5 5 5 5 5 5 
5 5 5 5 5 5 5 5 5 5 
5 5 5 5 5 5 5 5 5 5 
5 5 5 5 5 5 5 5 5 5 
5 5 5 5 5 5 5 5 5 5 
5 5 5 5 5 5 5 5 5 5 
5 5 5 5 5 5 5 5 5 5 
5 5 5 5 5 5 5 5 5 5 
5 5 5 5 5 5 5 5 5 5 
5 5 5 5 5 5 5 5 5 5 
5 5 5 5 5 5 5 5 5 5 
5 5 5 5 5 5 5 5 5 5 
5 5 5 5 5 5 5 5 5 5 
5 5 5 5 5 5 5 5 5 5 
5 5 5 5 5 5 5 5 5 5 
5 5 5 5 5 5 5 5 5 5 
5 5 5 5 5 5 5 5 5 5 
5 5 5 5 5 5 5 5 5 5 
5 5 5 5 5 5 5 5 5 5 
5 5 5 5 5 5 5 5 5 5 
5 5 5 5 5 5 5 5 5 5 
5 5 5 5 5 5 5 5 5 5 
5 5 5 5 5 5 5 5 5 5 
5 5 5 5 5 5 5 5 5 5 
5 5 5 5 5 5 5 5 5 5 
5 5 5 5 5 5 5 5 5 5 
5 5 5 5 5 5 5 5 5 5 
5 5 5 5 5 5 5 5 5 5 
5 5 5 5 5 5 5 5 5 5 
5 5 5 5 5 5 5 5 5 5 
5 5 5 5 5 5 5 5 5 5 
5 5 5 5 5 5 5 5 5 5 
5 5 5 5 5 5 5 5 5 5 
5 5 5 5 5 5 5 5 5 5 
5 5 5 5 5 5 5 5 5 5 
5 5 5 5 5 5 5 5 5 5 
5 5 5 5 5 5 5 5 5 5 
5 5 5 5 5 5 5 5 5 5 
5 5 5 5 5 5 5 5 5 5 
5 5 5 5 5 5 5 5 5 5 
5 5 5 5 5 5 5 5 5 5 
5 5 5 5 5 5 5 5 5 5 
5 5 5 5 5 5 5 5 5 5 
5 5 5 5 5 5 5 5 5 5 
5 5 5 5 5 5 5 5 5 5 
5 5 5 5 5 5 5 5 5 5 
5 5 5 5 5 5 5 5 5 5 
5 5 5 5 5 5 5 5 5 5 
5 5 5 5 5 5 5 5 5 5 
5 5 5 5 5 5 5 5 5 5 
5 5 5 5 5 5 5 5 5 5 
5 5 5 5 5 5 5 5 5 5 
5 5 5 5 5 5 5 5 5 5 
5 5 5 5 5 5 5 5 5 5 
5 5 5 5 5 5 5 5 5 5 
5 5 5 5 5 5 5 5 5 5 
5 5 5 5 5 5 5 5 5 5 
5 5 5 5 5 5 5 5 5 5 
5 5 5 5 5 5 5 5 5 5 
5 5 5 5 5 5 5 5 5 5 
5 5 5 5 5 5 5 5 5 5 
5 5 5 5 5 5 5 5 5 5 
5 5 5 5 5 5 5 5 5 5 
5 5 5 5 5 5 5 5 5 5 
5 5 5 5 5 5 5 5 5 5 
5 5 5 5 5 5 5 5 5 5 
5 5 5 5 5 5 5 5 5 5 
5 5 5 5 5 5 5 5 5 5 
5 5 5 5 5 5 5 5 5 5 
5 5 5 5 5 5 5 5 5 5 
5 5 5 5 5 5 5 5 5 5 
5 5 5 5 5 5 5 5 5 5 
5 5 5 5 5 5 5 5 5 5 
5 5 5 5 5 5 5 5 5 5 
5 5 5 5 5 5 5 5 5 5 
5 5 5 5 5 5 5 5 5 5 
5 5 5 5 5 5 5 5 5 5 
5 5 5 5 5 5 5 5 5 5 
5 5 5 5 5 5 5 5 5 5 
5 5 5 5 5 5 5 5 5 5 
5 5 5 5 5 5 5 5 5 5 
5 5 5 5 5 5 5 5 5 5 
5 5 5 5 5 5 5 5 5 5 
5 5 5 5 5 5 5 5 5 5 
5 5 5 5 5 5 5 5 5 5 
5 5 5 5 5 5 5 5 5 5 
5 5 5 5 5 5 5 5 5 5 
5 5 5 5 5 5 5 5 5 5 
5 5 5 5 5 5 5 5 5 5 
5 5 5 5 5 5 5 5 5 5 
5 5 5 5 5 5 5 5 5 5 
5 5 5 5 
CELL_DATA 4704
SCALARS Face_Number float 1
LOOKUP_TABLE default
6 6 6 6 6 6 6 6 6 
6 6 6 6 6 6 6 6 6 6 
6 6 6 6 6 6 6 6 6 6 
6 6 6 6 6 6 6 6 6 6 
6 6 6 6 6 6 6 6 6 6 
6 6 6 6 6 6 6 6 6 6 
6 6 6 6 6 6 6 6 6 6 
6 6 6 6 6 6 6 6 6 6 
6 6 6 6 6 6 6 6 6 6 
6 6 6 6 6 6 6 6 6 6 
6 6 6 6 6 6 6 6 6 6 
6 6 6 6 6 6 6 6 6 6 
6 6 6 6 6 6 6 6 6 6 
6 6 6 6 6 6 6 6 6 6 
6 6 6 6 6 6 6 6 6 6 
6 6 6 6 6 6 6 6 6 6 
6 6 6 6 6 6 6 6 6 6 
6 6 6 6 6 6 6 6 6 6 
6 6 6 6 6 6 6 6 6 6 
6 6 6 6 6 6 6 7 7 7 
7 7 7 7 7 7 7 7 7 7 
7 7 7 7 7 7 7 7 7 7 
7 7 7 7 7 7 7 7 7 7 
7 7 7 7 7 7 7 7 7 7 
7 7 7 7 7 7 7 7 7 7 
7 7 7 7 7 7 7 7 7 7 
7 7 7 7 7 7 7 7 7 7 
7 7 7 7 7 7 7 7 7 7 
7 7 7 7 7 7 7 7 7 7 
7 7 7 7 7 7 7 7 7 7 
7 7 7 7 7 7 7 7 7 7 
7 7 7 7 7 7 7 7 7 7 
7 7 7 7 7 7 7 7 7 7 
7 7 7 7 7 7 7 7 7 7 
7 7 7 7 7 7 7 7 7 7 
7 7 7 7 7 7 7 7 7 7 
7 7 7 7 7 7 7 7 7 7 
7 7 7 7 7 7 7 7 7 7 
7 7 7 7 7 7 7 7 7 7 
7 7 7 8 8 8 8 8 8 8 
8 8 8 8 8 8 8 8 8 8 
8 8 8 8 8 8 8 8 8 8 
8 8 8 8 8 8 8 8 8 8 
8 8 8 8 8 8 8 8 8 8 
8 8 8 8 8 8 8 8 8 8 
8 8 8 8 8 8 8 8 8 8 
8 8 8 8 8 8 8 8 8 8 
8 8 8 8 8 8 8 8 8 8 
8 8 8 8 8 8 8 8 8 8 
8 8 8 8 8 8 8 8 8 8 
8 8 8 8 8 8 8 8 8 8 
8 8 8 8 8 8 8 8 8 8 
8 8 8 8 8 8 8 8 8 8 
8 8 8 8 8 8 8 8 8 8 
8 8 8 8 8 8 8 8 8 8 
8 8 8 8 8 8 8 8 8 8 
8 8 8 8 8 8 8 8 8 8 
8 8 8 8 8 8 8 8 8 8 
8 8 8 8 8 8 8 8 8 9 
9 9 9 9 9 9 9 9 9 9 
9 9 9 9 9 9 9 9 9 9 
9 9 9 9 9 9 9 9 9 9 
9 9 9 9 9 9 9 9 9 9 
9 9 9 9 9 9 9 9 9 9 
9 9 9 9 9 9 9 9 9 9 
9 9 9 9 9 9 9 9 9 9 
9 9 9 9 9 9 9 9 9 9 
9 9 9 9 9 9 9 9 9 9 
9 9 9 9 9 9 9 9 9 9 
9 9 9 9 9 9 9 9 9 9 
9 9 9 9 9 9 9 9 9 9 
9 9 9 9 9 9 9 9 9 9 
9 9 9 9 9 9 9 9 9 9 
9 9 9 9 9 9 9 9 9 9 
9 9 9 9 9 9 9 9 9 9 
9 9 9 9 9 9 9 9 9 9 
9 9 9 9 9 9 9 9 9 9 
9 9 9 9 9 9 9 9 9 9 
9 9 9 9 9 10 10 10 10 10 
10 10 10 10 10 10 10 10 10 10 
10 10 10 10 10 10 10 10 10 10 
10 10 10 10 10 10 10 10 10 10 
10 10 10 10 10 10 10 10 10 10 
10 10 10 10 10 10 10 10 10 10 
10 10 10 10 10 10 10 10 10 10 
10 10 10 10 10 10 10 10 10 10 
10 10 10 10 10 10 10 10 10 10 
10 10 10 10 10 10 10 10 10 10 
10 10 10 10 10 10 10 10 10 10 
10 10 10 10 10 10 10 10 10 10 
10 10 10 10 10 10 10 10 10 10 
10 10 10 10 10 10 10 10 10 10 
10 10 10 10 10 10 10 10 10 10 
10 10 10 10 10 10 10 10 10 10 
10 10 10 10 10 10 10 10 10 10 
10 10 10 10 10 10 10 10 10 10 
10 10 10 10 10 10 10 10 10 10 
10 10 10 10 10 10 10 10 10 10 
10 11 11 11 11 11 11 11 11 11 
11 11 11 11 11 11 11 11 11 11 
11 11 11 11 11 11 11 11 11 11 
11 11 11 11 11 11 11 11 11 11 
11 11 11 11 11 11 11 11 11 11 
11 11 11 11 11 11 11 11 11 11 
11 11 11 11 11 11 11 11 11 11 
11 11 11 11 11 11 11 11 11 11 
11 11 11 11 11 11 11 11 11 11 
11 11 11 11 11 11 11 11 11 11 
11 11 11 11 11 11 11 11 11 11 
11 11 11 11 11 11 11 11 11 11 
11 11 11 11 11 11 11 11 11 11 
11 11 11 11 11 11 11 11 11 11 
11 11 11 11 11 11 11 11 11 11 
11 11 11 11 11 11 11 11 11 11 
11 11 11 11 11 11 11 11 11 11 
11 11 11 11 11 11 11 11 11 11 
11 11 11 11 11 11 11 11 11 11 
11 11 11 11 11 11 11 12 12 12 
12 12 12 12 12 12 12 12 12 12 
12 12 12 12 12 12 12 12 12 12 
12 12 12 12 12 12 12 12 12 12 
12 12 12 12 12 12 12 12 12 12 
12 12 12 12 12 12 12 12 12 12 
12 12 12 12 12 12 12 12 12 12 
12 12 12 12 12 12 12 12 12 12 
12 12 12 12 12 12 12 12 12 12 
12 12 12 12 12 12 12 12 12 12 
12 12 12 12 12 12 12 12 12 12 
12 12 12 12 12 12 12 12 12 12 
12 12 12 12 12 12 12 12 12 12 
12 12 12 12 12 12 12 12 12 12 
12 12 12 12 12 12 12 12 12 12 
12 12 12 12 12 12 12 12 12 12 
12 12 12 12 12 12 12 12 12 12 
12 12 12 12 12 12 12 12 12 12 
12 12 12 12 12 12 12 12 12 12 
12 12 12 12 12 12 12 12 12 12 
12 12 12 13 13 13 13 13 13 13 
13 13 13 13 13 13 13 13 13 13 
13 13 13 13 13 13 13 13 13 13 
13 13 13 13 13 13 13 13 13 13 
13 13 13 13 13 13 13 13 13 13 
13 13 13 13 13 13 13 13 13 13 
13 13 13 13 13 13 13 13 13 13 
13 13 13 13 13 13 13 13 13 13 
13 13 13 13 13 13 13 13 13 13 
13 13 13 13 13 13 13 13 13 13 
13 13 13 13 13 13 13 13 13 13 
13 13 13 13 13 13 13 13 13 13 
13 13 13 13 13 13 13 13 13 13 
13 13 13 13 13 13 13 13 13 13 
13 13 13 13 13 13 13 13 13 13 
13 13 13 13 13 13 13 13 13 13 
13 13 13 13 13 13 13 13 13 13 
13 13 13 13 13 13 13 13 13 13 
13 13 13 13 13 13 13 13 13 13 
13 13 13 13 13 13 13 13 13 14 
14 14 14 14 14 14 14 14 14 14 
14 14 14 14 14 14 14 14 14 14 
14 14 14 14 14 14 14 14 14 14 
14 14 14 14 14 14 14 14 14 14 
14 14 14 14 14 14 14 14 14 14 
14 14 14 14 14 14 14 14 14 14 
14 14 14 14 14 14 14 14 14 14 
14 14 14 14 14 14 14 14 14 14 
14 14 14 14 14 14 14 14 14 14 
14 14 14 14 14 14 14 14 14 14 
14 14 14 14 14 14 14 14 14 14 
14 14 14 14 14 14 14 14 14 14 
14 14 14 14 14 14 14 14 14 14 
14 14 14 14 14 14 14 14 14 14 
14 14 14 14 14 14 14 14 14 14 
14 14 14 14 14 14 14 14 14 14 
14 14 14 14 14 14 14 14 14 14 
14 14 14 14 14 14 14 14 14 14 
14 14 14 14 14 14 14 14 14 14 
14 14 14 14 14 15 15 15 15 15 
15 15 15 15 15 15 15 15 15 15 
15 15 15 15 15 15 15 15 15 15 
15 15 15 15 15 15 15 15 15 15 
15 15 15 15 15 15 15 15 15 15 
15 15 15 15 15 15 15 15 15 15 
15 15 15 15 15 15 15 15 15 15 
15 15 15 15 15 15 15 15 15 15 
15 15 15 15 15 15 15 15 15 15 
15 15 15 15 15 15 15 15 15 15 
15 15 15 15 15 15 15 15 15 15 
15 15 15 15 15 15 15 15 15 15 
15 15 15 15 15 15 15 15 15 15 
15 15 15 15 15 15 15 15 15 15 
15 15 15 15 15 15 15 15 15 15 
15 15 15 15 15 15 15 15 15 15 
15 15 15 15 15 15 15 15 15 15 
15 15 15 15 15 15 15 15 15 15 
15 15 15 15 15 15 15 15 15 15 
15 15 15 15 15 15 15 15 15 15 
15 16 16 16 16 16 16 16 16 16 
16 16 16 16 16 16 16 16 16 16 
16 16 16 16 16 16 16 16 16 16 
16 16 16 16 16 16 16 16 16 16 
16 16 16 16 16 16 16 16 16 16 
16 16 16 16 16 16 16 16 16 16 
16 16 16 16 16 16 16 16 16 16 
16 16 16 16 16 16 16 16 16 16 
16 16 16 16 16 16 16 16 16 16 
16 16 16 16 16 16 16 16 16 16 
16 16 16 16 16 16 16 16 16 16 
16 16 16 16 16 16 16 16 16 16 
16 16 16 16 16 16 16 16 16 16 
16 16 16 16 16 16 16 16 16 16 
16 16 16 16 16 16 16 16 16 16 
16 16 16 16 16 16 16 16 16 16 
16 16 16 16 16 16 16 16 16 16 
16 16 16 16 16 16 16 16 16 16 
16 16 16 16 16 16 16 16 16 16 
16 16 16 16 16 16 16 17 17 17 
17 17 17 17 17 17 17 17 17 17 
17 17 17 17 17 17 17 17 17 17 
17 17 17 17 17 17 17 17 17 17 
17 17 17 17 17 17 17 17 17 17 
17 17 17 17 17 17 17 17 17 17 
17 17 17 17 17 17 17 17 17 17 
17 17 17 17 17 17 17 17 17 17 
17 17 17 17 17 17 17 17 17 17 
17 17 17 17 17 17 17 17 17 17 
17 17 17 17 17 17 17 17 17 17 
17 17 17 17 17 17 17 17 17 17 
17 17 17 17 17 17 17 17 17 17 
17 17 17 17 17 17 17 17 17 17 
17 17 17 17 17 17 17 17 17 17 
17 17 17 17 17 17 17 17 17 17 
17 17 17 17 17 17 17 17 17 17 
17 17 17 17 17 17 17 17 17 17 
17 17 17 17 17 17 17 17 17 17 
17 17 17 17 17 17 17 17 17 17 
17 17 17 18 18 18 18 18 18 18 
18 18 18 18 18 18 18 18 18 18 
18 18 18 18 18 18 18 18 18 18 
18 18 18 18 18 18 18 18 18 18 
18 18 18 18 18 18 18 18 18 18 
18 18 18 18 18 18 18 18 18 18 
18 18 18 18 18 18 18 18 18 18 
18 18 18 18 18 18 18 18 18 18 
18 18 18 18 18 18 18 18 18 18 
18 18 18 18 18 18 18 18 18 18 
18 18 18 18 18 18 18 18 18 18 
18 18 18 18 18 18 18 18 18 18 
18 18 18 18 18 18 18 18 18 18 
18 18 18 18 18 18 18 18 18 18 
18 18 18 18 18 18 18 18 18 18 
18 18 18 18 18 18 18 18 18 18 
18 18 18 18 18 18 18 18 18 18 
18 18 18 18 18 18 18 18 18 18 
18 18 18 18 18 18 18 18 18 18 
18 18 18 18 18 18 18 18 18 19 
19 19 19 19 19 19 19 19 19 19 
19 19 19 19 19 19 19 19 19 19 
19 19 19 19 19 19 19 19 19 19 
19 19 19 19 19 19 19 19 19 19 
19 19 19 19 19 19 19 19 19 19 
19 19 19 19 19 19 19 19 19 19 
19 19 19 19 19 19 19 19 19 19 
19 19 19 19 19 19 19 19 19 19 
19 19 19 19 19 19 19 19 19 19 
19 19 19 19 19 19 19 19 19 19 
19 19 19 19 19 19 19 19 19 19 
19 19 19 19 19 19 19 19 19 19 
19 19 19 19 19 19 19 19 19 19 
19 19 19 19 19 19 19 19 19 19 
19 19 19 19 19 19 19 19 19 19 
19 19 19 19 19 19 19 19 19 19 
19 19 19 19 19 19 19 19 19 19 
19 19 19 19 19 19 19 19 19 19 
19 19 19 19 19 19 19 19 19 19 
19 19 19 19 19 20 20 20 20 20 
20 20 20 20 20 20 20 20 20 20 
20 20 20 20 20 20 20 20 20 20 
20 20 20 20 20 20 20 20 20 20 
20 20 20 20 20 20 20 20 20 20 
20 20 20 20 20 20 20 20 20 20 
20 20 20 20 20 20 20 20 20 20 
20 20 20 20 20 20 20 20 20 20 
20 20 20 20 20 20 20 20 20 20 
20 20 20 20 20 20 20 20 20 20 
20 20 20 20 20 20 20 20 20 20 
20 20 20 20 20 20 20 20 20 20 
20 20 20 20 20 20 20 20 20 20 
20 20 20 20 20 20 20 20 20 20 
20 20 20 20 20 20 20 20 20 20 
20 20 20 20 20 20 20 20 20 20 
20 20 20 20 20 20 20 20 20 20 
20 20 20 20 20 20 20 20 20 20 
20 20 20 20 20 20 20 20 20 20 
20 20 20 20 20 20 20 20 20 20 
20 21 21 21 21 21 21 21 21 21 
21 21 21 21 21 21 21 21 21 21 
21 21 21 21 21 21 21 21 21 21 
21 21 21 21 21 21 21 21 21 21 
21 21 21 21 21 21 21 21 21 21 
21 21 21 21 21 21 21 21 21 21 
21 21 21 21 21 21 21 21 21 21 
21 21 21 21 21 21 21 21 21 21 
21 21 21 21 21 21 21 21 21 21 
21 21 21 21 21 21 21 21 21 21 
21 21 21 21 21 21 21 21 21 21 
21 21 21 21 21 21 21 21 21 21 
21 21 21 21 21 21 21 21 21 21 
21 21 21 21 21 21 21 21 21 21 
21 21 21 21 21 21 21 21 21 21 
21 21 21 21 21 21 21 21 21 21 
21 21 21 21 21 21 21 21 21 21 
21 21 21 21 21 21 21 21 21 21 
21 21 21 21 21 21 21 21 21 21 
21 21 21 21 21 21 21 22 22 22 
22 22 22 22 22 22 22 22 22 22 
22 22 22 22 22 22 22 22 22 22 
22 22 22 22 22 22 22 22 22 22 
22 22 22 22 22 22 22 22 22 22 
22 22 22 22 22 22 22 22 22 22 
22 22 22 22 22 22 22 22 22 22 
22 22 22 22 22 22 22 22 22 22 
22 22 22 22 22 22 22 22 22 22 
22 22 22 22 22 22 22 22 22 22 
22 22 22 22 22 22 22 22 22 22 
22 22 22 22 22 22 22 22 22 22 
22 22 22 22 22 22 22 22 22 22 
22 22 22 22 22 22 22 22 22 22 
22 22 22 22 22 22 22 22 22 22 
22 22 22 22 22 22 22 22 22 22 
22 22 22 22 22 22 22 22 22 22 
22 22 22 22 22 22 22 22 22 22 
22 22 22 22 22 22 22 22 22 22 
22 22 22 22 22 22 22 22 22 22 
22 22 22 23 23 23 23 23 23 23 
23 23 23 23 23 23 23 23 23 23 
23 23 23 23 23 23 23 23 23 23 
23 23 23 23 23 23 23 23 23 23 
23 23 23 23 23 23 23 23 23 23 
23 23 23 23 23 23 23 23 23 23 
23 23 23 23 23 23 23 23 23 23 
23 23 23 23 23 23 23 23 23 23 
23 23 23 23 23 23 23 23 23 23 
23 23 23 23 23 23 23 23 23 23 
23 23 23 23 23 23 23 23 23 23 
23 23 23 23 23 23 23 23 23 23 
23 23 23 23 23 23 23 23 23 23 
23 23 23 23 23 23 23 23 23 23 
23 23 23 23 23 23 23 23 23 23 
23 23 23 23 23 23 23 23 23 23 
23 23 23 23 23 23 23 23 23 23 
23 23 23 23 23 23 23 23 23 23 
23 23 23 23 23 23 23 23 23 23 
23 23 23 23 23 23 23 23 23 24 
24 24 24 24 24 24 24 24 24 24 
24 24 24 24 24 24 24 24 24 24 
24 24 24 24 24 24 24 24 24 24 
24 24 24 24 24 24 24 24 24 24 
24 24 24 24 24 24 24 24 24 24 
24 24 24 24 24 24 24 24 24 24 
24 24 24 24 24 24 24 24 24 24 
24 24 24 24 24 24 24 24 24 24 
24 24 24 24 24 24 24 24 24 24 
24 24 24 24 24 24 24 24 24 24 
24 24 24 24 24 24 24 24 24 24 
24 24 24 24 24 24 24 24 24 24 
24 24 24 24 24 24 24 24 24 24 
24 24 24 24 24 24 24 24 24 24 
24 24 24 24 24 24 24 24 24 24 
24 24 24 24 24 24 24 24 24 24 
24 24 24 24 24 24 24 24 24 24 
24 24 24 24 24 24 24 24 24 24 
24 24 24 24 24 24 24 24 24 24 
24 24 24 24 24 25 25 25 25 25 
25 25 25 25 25 25 25 25 25 25 
25 25 25 25 25 25 25 25 25 25 
25 25 25 25 25 25 25 25 25 25 
25 25 25 25 25 25 25 25 25 25 
25 25 25 25 25 25 25 25 25 25 
25 25 25 25 25 25 25 25 25 25 
25 25 25 25 25 25 25 25 25 25 
25 25 25 25 25 25 25 25 25 25 
25 25 25 25 25 25 25 25 25 25 
25 25 25 25 25 25 25 25 25 25 
25 25 25 25 25 25 25 25 25 25 
25 25 25 25 25 25 25 25 25 25 
25 25 25 25 25 25 25 25 25 25 
25 25 25 25 25 25 25 25 25 25 
25 25 25 25 25 25 25 25 25 25 
25 25 25 25 25 25 25 25 25 25 
25 25 25 25 25 25 25 25 25 25 
25 25 25 25 25 25 25 25 25 25 
25 25 25 25 25 25 25 25 25 25 
25 26 26 26 26 26 26 26 26 26 
26 26 26 26 26 26 26 26 26 26 
26 26 26 26 26 26 26 26 26 26 
26 26 26 26 26 26 26 26 26 26 
26 26 26 26 26 26 26 26 26 26 
26 26 26 26 26 26 26 26 26 26 
26 26 26 26 26 26 26 26 26 26 
26 26 26 26 26 26 26 26 26 26 
26 26 26 26 26 26 26 26 26 26 
26 26 26 26 26 26 26 26 26 26 
26 26 26 26 26 26 26 26 26 26 
26 26 26 26 26 26 26 26 26 26 
26 26 26 26 26 26 26 26 26 26 
26 26 26 26 26 26 26 26 26 26 
26 26 26 26 26 26 26 26 26 26 
26 26 26 26 26 26 26 26 26 26 
26 26 26 26 26 26 26 26 26 26 
26 26 26 26 26 26 26 26 26 26 
26 26 26 26 26 26 26 26 26 26 
26 26 26 26 26 26 26 27 27 27 
27 27 27 27 27 27 27 27 27 27 
27 27 27 27 27 27 27 27 27 27 
27 27 27 27 27 27 27 27 27 27 
27 27 27 27 27 27 27 27 27 27 
27 27 27 27 27 27 27 27 27 27 
27 27 27 27 27 27 27 27 27 27 
27 27 27 27 27 27 27 27 27 27 
27 27 27 27 27 27 27 27 27 27 
27 27 27 27 27 27 27 27 27 27 
27 27 27 27 27 27 27 27 27 27 
27 27 27 27 27 27 27 27 27 27 
27 27 27 27 27 27 27 27 27 27 
27 27 27 27 27 27 27 27 27 27 
27 27 27 27 27 27 27 27 27 27 
27 27 27 27 27 27 27 27 27 27 
27 27 27 27 27 27 27 27 27 27 
27 27 27 27 27 27 27 27 27 27 
27 27 27 27 27 27 27 27 27 27 
27 27 27 27 27 27 27 27 27 27 
27 27 27 28 28 28 28 28 28 28 
28 28 28 28 28 28 28 28 28 28 
28 28 28 28 28 28 28 28 28 28 
28 28 28 28 28 28 28 28 28 28 
28 28 28 28 28 28 28 28 28 28 
28 28 28 28 28 28 28 28 28 28 
28 28 28 28 28 28 28 28 28 28 
28 28 28 28 28 28 28 28 28 28 
28 28 28 28 28 28 28 28 28 28 
28 28 28 28 28 28 28 28 28 28 
28 28 28 28 28 28 28 28 28 28 
28 28 28 28 28 28 28 28 28 28 
28 28 28 28 28 28 28 28 28 28 
28 28 28 28 28 28 28 28 28 28 
28 28 28 28 28 28 28 28 28 28 
28 28 28 28 28 28 28 28 28 28 
28 28 28 28 28 28 28 28 28 28 
28 28 28 28 28 28 28 28 28 28 
28 28 28 28 28 28 28 28 28 28 
28 28 28 28 28 28 28 28 28 29 
29 29 29 29 29 29 29 29 29 29 
29 29 29 29 29 29 29 29 29 29 
29 29 29 29 29 29 29 29 29 29 
29 29 29 29 29 29 29 29 29 29 
29 29 29 29 29 29 29 29 29 29 
29 29 29 29 29 29 29 29 29 29 
29 29 29 29 29 29 29 29 29 29 
29 29 29 29 29 29 29 29 29 29 
29 29 29 29 29 29 29 29 29 29 
29 29 29 29 29 29 29 29 29 29 
29 29 29 29 29 29 29 29 29 29 
29 29 29 29 29 29 29 29 29 29 
29 29 29 29 29 29 29 29 29 29 
29 29 29 29 29 29 29 29 29 29 
29 29 29 29 29 29 29 29 29 29 
29 29 29 29 29 29 29 29 29 29 
29 29 29 29 29 29 29 29 29 29 
29 29 29 29 29 29 29 29 29 29 
29 29 29 29 29 29 29 29 29 29 
29 29 29 29 29 SCALARS Node_Number float 1
LOOKUP_TABLE default
-1 -1 -1 -1 -1 -1 -1 -1 -1 
-1 -1 -1 -1 -1 -1 -1 -1 -1 -1 
-1 -1 -1 -1 -1 -1 -1 -1 -1 -1 
-1 -1 -1 -1 -1 -1 -1 -1 -1 -1 
-1 -1 -1 -1 -1 -1 -1 -1 -1 -1 
-1 -1 -1 -1 -1 -1 -1 -1 -1 -1 
-1 -1 -1 -1 -1 -1 -1 -1 -1 -1 
-1 -1 -1 -1 -1 -1 -1 -1 -1 -1 
-1 -1 -1 -1 -1 -1 -1 -1 -1 -1 
-1 -1 -1 -1 -1 -1 -1 -1 -1 -1 
-1 -1 -1 -1 -1 -1 -1 -1 -1 -1 
-1 -1 -1 -1 -1 -1 -1 -1 -1 -1 
-1 -1 -1 -1 -1 -1 -1 -1 -1 -1 
-1 -1 -1 -1 -1 -1 -1 -1 -1 -1 
-1 -1 -1 -1 -1 -1 -1 -1 -1 -1 
-1 -1 -1 -1 -1 -1 -1 -1 -1 -1 
-1 -1 -1 -1 -1 -1 -1 -1 -1 -1 
-1 -1 -1 -1 -1 -1 -1 -1 -1 -1 
-1 -1 -1 -1 -1 -1 -1 -1 -1 -1 
-1 -1 -1 -1 -1 -1 -1 -1 -1 -1 
-1 -1 -1 -1 -1 -1 -1 -1 -1 -1 
-1 -1 -1 -1 -1 -1 -1 -1 -1 -1 
-1 -1 -1 -1 -1 -1 -1 -1 -1 -1 
-1 -1 -1 -1 -1 -1 -1 -1 -1 -1 
-1 -1 -1 -1 -1 -1 -1 -1 -1 -1 
-1 -1 -1 -1 -1 -1 -1 -1 -1 -1 
-1 -1 -1 -1 -1 -1 -1 -1 -1 -1 
-1 -1 -1 -1 -1 -1 -1 -1 -1 -1 
-1 -1 -1 -1 -1 -1 -1 -1 -1 -1 
-1 -1 -1 -1 -1 -1 -1 -1 -1 -1 
-1 -1 -1 -1 -1 -1 -1 -1 -1 -1 
-1 -1 -1 -1 -1 -1 -1 -1 -1 -1 
-1 -1 -1 -1 -1 -1 -1 -1 -1 -1 
-1 -1 -1 -1 -1 -1 -1 -1 -1 -1 
-1 -1 -1 -1 -1 -1 -1 -1 -1 -1 
-1 -1 -1 -1 -1 -1 -1 -1 -1 -1 
-1 -1 -1 -1 -1 -1 -1 -1 -1 -1 
-1 -1 -1 -1 -1 -1 -1 -1 -1 -1 
-1 -1 -1 -1 -1 -1 -1 -1 -1 -1 
-1 -1 -1 -1 -1 -1 -1 -1 -1 -1 
-1 -1 -1 -1 -1 -1 -1 -1 -1 -1 
-1 -1 -1 -1 -1 -1 -1 -1 -1 -1 
-1 -1 -1 -1 -1 -1 -1 -1 -1 -1 
-1 -1 -1 -1 -1 -1 -1 -1 -1 -1 
-1 -1 -1 -1 -1 -1 -1 -1 -1 -1 
-1 -1 -1 -1 -1 -1 -1 -1 -1 -1 
-1 -1 -1 -1 -1 -1 -1 -1 -1 -1 
-1 -1 -1 -1 -1 -1 -1 -1 -1 -1 
-1 -1 -1 -1 -1 -1 -1 -1 -1 -1 
-1 -1 -1 -1 -1 -1 -1 -1 -1 -1 
-1 -1 -1 -1 -1 -1 -1 -1 -1 -1 
-1 -1 -1 -1 -1 -1 -1 -1 -1 -1 
-1 -1 -1 -1 -1 -1 -1 -1 -1 -1 
-1 -1 -1 -1 -1 -1 -1 -1 -1 -1 
-1 -1 -1 -1 -1 -1 -1 -1 -1 -1 
-1 -1 -1 -1 -1 -1 -1 -1 -1 -1 
-1 -1 -1 -1 -1 -1 -1 -1 -1 -1 
-1 -1 -1 -1 -1 -1 -1 -1 -1 -1 
-1 -1 -1 -1 -1 -1 -1 -1 -1 -1 
-1 -1 -1 -1 -1 -1 -1 -1 -1 -1 
-1 -1 -1 -1 -1 -1 -1 -1 -1 -1 
-1 -1 -1 -1 -1 -1 -1 -1 -1 -1 
-1 -1 -1 -1 -1 -1 -1 -1 -1 -1 
-1 -1 -1 -1 -1 -1 -1 -1 -1 -1 
-1 -1 -1 -1 -1 -1 -1 -1 -1 -1 
-1 -1 -1 -1 -1 -1 -1 -1 -1 -1 
-1 -1 -1 -1 -1 -1 -1 -1 -1 -1 
-1 -1 -1 -1 -1 -1 -1 -1 -1 -1 
-1 -1 -1 -1 -1 -1 -1 -1 -1 -1 
-1 -1 -1 -1 -1 -1 -1 -1 -1 -1 
-1 -1 -1 -1 -1 -1 -1 -1 -1 -1 
-1 -1 -1 -1 -1 -1 -1 -1 -1 -1 
-1 -1 -1 -1 -1 -1 -1 -1 -1 -1 
-1 -1 -1 -1 -1 -1 -1 -1 -1 -1 
-1 -1 -1 -1 -1 -1 -1 -1 -1 -1 
-1 -1 -1 -1 -1 -1 -1 -1 -1 -1 
-1 -1 -1 -1 -1 -1 -1 -1 -1 -1 
-1 -1 -1 -1 -1 -1 -1 -1 -1 -1 
-1 -1 -1 -1 -1 -1 -1 -1 -1 -1 
-1 -1 -1 -1 -1 -1 -1 -1 -1 -1 
-1 -1 -1 -1 -1 -1 -1 -1 -1 -1 
-1 -1 -1 -1 -1 -1 -1 -1 -1 -1 
-1 -1 -1 -1 -1 -1 -1 -1 -1 -1 
-1 -1 -1 -1 -1 -1 -1 -1 -1 -1 
-1 -1 -1 -1 -1 -1 -1 -1 -1 -1 
-1 -1 -1 -1 -1 -1 -1 -1 -1 -1 
-1 -1 -1 -1 -1 -1 -1 -1 -1 -1 
-1 -1 -1 -1 -1 -1 -1 -1 -1 -1 
-1 -1 -1 -1 -1 -1 -1 -1 -1 -1 
-1 -1 -1 -1 -1 -1 -1 -1 -1 -1 
-1 -1 -1 -1 -1 -1 -1 -1 -1 -1 
-1 -1 -1 -1 -1 -1 -1 -1 -1 -1 
-1 -1 -1 -1 -1 -1 -1 -1 -1 -1 
-1 -1 -1 -1 -1 -1 -1 -1 -1 -1 
-1 -1 -1 -1 -1 -1 -1 -1 -1 -1 
-1 -1 -1 -1 -1 -1 -1 -1 -1 -1 
-1 -1 -1 -1 -1 -1 -1 -1 -1 -1 
-1 -1 -1 -1 -1 -1 -1 -1 -1 -1 
-1 -1 -1 -1 -1 -1 -1 -1 -1 -1 
-1 -1 -1 -1 -1 -1 -1 -1 -1 -1 
-1 -1 -1 -1 -1 -1 -1 -1 -1 -1 
-1 -1 -1 -1 -1 -1 -1 -1 -1 -1 
-1 -1 -1 -1 -1 -1 -1 -1 -1 -1 
-1 -1 -1 -1 -1 -1 -1 -1 -1 -1 
-1 -1 -1 -1 -1 -1 -1 -1 -1 -1 
-1 -1 -1 -1 -1 -1 -1 -1 -1 -1 
-1 -1 -1 -1 -1 -1 -1 -1 -1 -1 
-1 -1 -1 -1 -1 -1 -1 -1 -1 -1 
-1 -1 -1 -1 -1 -1 -1 -1 -1 -1 
-1 -1 -1 -1 -1 -1 -1 -1 -1 -1 
-1 -1 -1 -1 -1 -1 -1 -1 -1 -1 
-1 -1 -1 -1 -1 -1 -1 -1 -1 -1 
-1 -1 -1 -1 -1 -1 -1 -1 -1 -1 
-1 -1 -1 -1 -1 -1 -1 -1 -1 -1 
-1 -1 -1 -1 -1 -1 -1 -1 -1 -1 
-1 -1 -1 -1 -1 -1 -1 -1 -1 -1 
-1 -1 -1 -1 -1 -1 -1 -1 -1 -1 
-1 -1 -1 -1 -1 -1 -1 -1 -1 -1 
-1 -1 -1 -1 -1 -1 -1 -1 -1 -1 
-1 -1 -1 -1 -1 -1 -1 -1 -1 -1 
-1 -1 -1 -1 -1 -1 -1 -1 -1 -1 
-1 -1 -1 -1 -1 -1 -1 -1 -1 -1 
-1 -1 -1 -1 -1 -1 -1 -1 -1 -1 
-1 -1 -1 -1 -1 -1 -1 -1 -1 -1 
-1 -1 -1 -1 -1 -1 -1 -1 -1 -1 
-1 -1 -1 -1 -1 -1 -1 -1 -1 -1 
-1 -1 -1 -1 -1 -1 -1 -1 -1 -1 
-1 -1 -1 -1 -1 -1 -1 -1 -1 -1 
-1 -1 -1 -1 -1 -1 -1 -1 -1 -1 
-1 -1 -1 -1 -1 -1 -1 -1 -1 -1 
-1 -1 -1 -1 -1 -1 -1 -1 -1 -1 
-1 -1 -1 -1 -1 -1 -1 -1 -1 -1 
-1 -1 -1 -1 -1 -1 -1 -1 -1 -1 
-1 -1 -1 -1 -1 -1 -1 -1 -1 -1 
-1 -1 -1 -1 -1 -1 -1 -1 -1 -1 
-1 -1 -1 -1 -1 -1 -1 -1 -1 -1 
-1 -1 -1 -1 -1 -1 -1 -1 -1 -1 
-1 -1 -1 -1 -1 -1 -1 -1 -1 -1 
-1 -1 -1 -1 -1 -1 -1 -1 -1 -1 
-1 -1 -1 -1 -1 -1 -1 -1 -1 -1 
-1 -1 -1 -1 -1 -1 -1 -1 -1 -1 
-1 -1 -1 -1 -1 -1 -1 -1 -1 -1 
-1 -1 -1 -1 -1 -1 -1 -1 -1 -1 
-1 -1 -1 -1 -1 -1 -1 -1 -1 -1 
-1 -1 -1 -1 -1 -1 -1 -1 -1 -1 
-1 -1 -1 -1 -1 -1 -1 -1 -1 -1 
-1 -1 -1 -1 -1 -1 -1 -1 -1 -1 
-1 -1 -1 -1 -1 -1 -1 -1 -1 -1 
-1 -1 -1 -1 -1 -1 -1 -1 -1 -1 
-1 -1 -1 -1 -1 -1 -1 -1 -1 -1 
-1 -1 -1 -1 -1 -1 -1 -1 -1 -1 
-1 -1 -1 -1 -1 -1 -1 -1 -1 -1 
-1 -1 -1 -1 -1 -1 -1 -1 -1 -1 
-1 -1 -1 -1 -1 -1 -1 -1 -1 -1 
-1 -1 -1 -1 -1 -1 -1 -1 -1 -1 
-1 -1 -1 -1 -1 -1 -1 -1 -1 -1 
-1 -1 -1 -1 -1 -1 -1 -1 -1 -1 
-1 -1 -1 -1 -1 -1 -1 -1 -1 -1 
-1 -1 -1 -1 -1 -1 -1 -1 -1 -1 
-1 -1 -1 -1 -1 -1 -1 -1 -1 -1 
-1 -1 -1 -1 -1 -1 -1 -1 -1 -1 
-1 -1 -1 -1 -1 -1 -1 -1 -1 -1 
-1 -1 -1 -1 -1 -1 -1 -1 -1 -1 
-1 -1 -1 -1 -1 -1 -1 -1 -1 -1 
-1 -1 -1 -1 -1 -1 -1 -1 -1 -1 
-1 -1 -1 -1 -1 -1 -1 -1 -1 -1 
-1 -1 -1 -1 -1 -1 -1 -1 -1 -1 
-1 -1 -1 -1 -1 -1 -1 -1 -1 -1 
-1 -1 -1 -1 -1 -1 -1 -1 -1 -1 
-1 -1 -1 -1 -1 -1 -1 -1 -1 -1 
-1 -1 -1 -1 -1 -1 -1 -1 -1 -1 
-1 -1 -1 -1 -1 -1 -1 -1 -1 -1 
-1 -1 -1 -1 -1 -1 -1 -1 -1 -1 
-1 -1 -1 -1 -1 -1 -1 -1 -1 -1 
-1 -1 -1 -1 -1 -1 -1 -1 -1 -1 
-1 -1 -1 -1 -1 -1 -1 -1 -1 -1 
-1 -1 -1 -1 -1 -1 -1 -1 -1 -1 
-1 -1 -1 -1 -1 -1 -1 -1 -1 -1 
-1 -1 -1 -1 -1 -1 -1 -1 -1 -1 
-1 -1 -1 -1 -1 -1 -1 -1 -1 -1 
-1 -1 -1 -1 -1 -1 -1 -1 -1 -1 
-1 -1 -1 -1 -1 -1 -1 -1 -1 -1 
-1 -1 -1 -1 -1 -1 -1 -1 -1 -1 
-1 -1 -1 -1 -1 -1 -1 -1 -1 -1 
-1 -1 -1 -1 -1 -1 -1 -1 -1 -1 
-1 -1 -1 -1 -1 -1 -1 -1 -1 -1 
-1 -1 -1 -1 -1 -1 -1 -1 -1 -1 
-1 -1 -1 -1 -1 -1 -1 -1 -1 -1 
-1 -1 -1 -1 -1 -1 -1 -1 -1 -1 
-1 -1 -1 -1 -1 -1 -1 -1 -1 -1 
-1 -1 -1 -1 -1 -1 -1 -1 -1 -1 
-1 -1 -1 -1 -1 -1 -1 -1 -1 -1 
-1 -1 -1 -1 -1 -1 -1 -1 -1 -1 
-1 -1 -1 -1 -1 -1 -1 -1 -1 -1 
-1 -1 -1 -1 -1 -1 -1 -1 -1 -1 
-1 -1 -1 -1 -1 -1 -1 -1 -1 -1 
-1 -1 -1 -1 -1 -1 -1 -1 -1 -1 
-1 -1 -1 -1 -1 -1 -1 -1 -1 -1 
-1 -1 -1 -1 -1 -1 -1 -1 -1 -1 
-1 -1 -1 -1 -1 -1 -1 -1 -1 -1 
-1 -1 -1 -1 -1 -1 -1 -1 -1 -1 
-1 -1 -1 -1 -1 -1 -1 -1 -1 -1 
-1 -1 -1 -1 -1 -1 -1 -1 -1 -1 
-1 -1 -1 -1 -1 -1 -1 -1 -1 -1 
-1 -1 -1 -1 -1 -1 -1 -1 -1 -1 
-1 -1 -1 -1 -1 -1 -1 -1 -1 -1 
-1 -1 -1 -1 -1 -1 -1 -1 -1 -1 
-1 -1 -1 -1 -1 -1 -1 -1 -1 -1 
-1 -1 -1 -1 -1 -1 -1 -1 -1 -1 
-1 -1 -1 -1 -1 -1 -1 -1 -1 -1 
-1 -1 -1 -1 -1 -1 -1 -1 -1 -1 
-1 -1 -1 -1 -1 -1 -1 -1 -1 -1 
-1 -1 -1 -1 -1 -1 -1 -1 -1 -1 
-1 -1 -1 -1 -1 -1 -1 -1 -1 -1 
-1 -1 -1 -1 -1 -1 -1 -1 -1 -1 
-1 -1 -1 -1 -1 -1 -1 -1 -1 -1 
-1 -1 -1 -1 -1 -1 -1 -1 -1 -1 
-1 -1 -1 -1 -1 -1 -1 -1 -1 -1 
-1 -1 -1 -1 -1 -1 -1 -1 -1 -1 
-1 -1 -1 -1 -1 -1 -1 -1 -1 -1 
-1 -1 -1 -1 -1 -1 -1 -1 -1 -1 
-1 -1 -1 -1 -1 -1 -1 -1 -1 -1 
-1 -1 -1 -1 -1 -1 -1 -1 -1 -1 
-1 -1 -1 -1 -1 -1 -1 -1 -1 -1 
-1 -1 -1 -1 -1 -1 -1 -1 -1 -1 
-1 -1 -1 -1 -1 -1 -1 -1 -1 -1 
-1 -1 -1 -1 -1 -1 -1 -1 -1 -1 
-1 -1 -1 -1 -1 -1 -1 -1 -1 -1 
-1 -1 -1 -1 -1 -1 -1 -1 -1 -1 
-1 -1 -1 -1 -1 -1 -1 -1 -1 -1 
-1 -1 -1 -1 -1 -1 -1 -1 -1 -1 
-1 -1 -1 -1 -1 -1 -1 -1 -1 -1 
-1 -1 -1 -1 -1 -1 -1 -1 -1 -1 
-1 -1 -1 -1 -1 -1 -1 -1 -1 -1 
-1 -1 -1 -1 -1 -1 -1 -1 -1 -1 
-1 -1 -1 -1 -1 -1 -1 -1 -1 -1 
-1 -1 -1 -1 -1 -1 -1 -1 -1 -1 
-1 -1 -1 -1 -1 -1 -1 -1 -1 -1 
-1 -1 -1 -1 -1 -1 -1 -1 -1 -1 
-1 -1 -1 -1 -1 -1 -1 -1 -1 -1 
-1 -1 -1 -1 -1 -1 -1 -1 -1 -1 
-1 -1 -1 -1 -1 -1 -1 -1 -1 -1 
-1 -1 -1 -1 -1 -1 -1 -1 -1 -1 
-1 -1 -1 -1 -1 -1 -1 -1 -1 -1 
-1 -1 -1 -1 -1 -1 -1 -1 -1 -1 
-1 -1 -1 -1 -1 -1 -1 -1 -1 -1 
-1 -1 -1 -1 -1 -1 -1 -1 -1 -1 
-1 -1 -1 -1 -1 -1 -1 -1 -1 -1 
-1 -1 -1 -1 -1 -1 -1 -1 -1 -1 
-1 -1 -1 -1 -1 -1 -1 -1 -1 -1 
-1 -1 -1 -1 -1 -1 -1 -1 -1 -1 
-1 -1 -1 -1 -1 -1 -1 -1 -1 -1 
-1 -1 -1 -1 -1 -1 -1 -1 -1 -1 
-1 -1 -1 -1 -1 -1 -1 -1 -1 -1 
-1 -1 -1 -1 -1 -1 -1 -1 -1 -1 
-1 -1 -1 -1 -1 -1 -1 -1 -1 -1 
-1 -1 -1 -1 -1 -1 -1 -1 -1 -1 
-1 -1 -1 -1 -1 -1 -1 -1 -1 -1 
-1 -1 -1 -1 -1 -1 -1 -1 -1 -1 
-1 -1 -1 -1 -1 -1 -1 -1 -1 -1 
-1 -1 -1 -1 -1 -1 -1 -1 -1 -1 
-1 -1 -1 -1 -1 -1 -1 -1 -1 -1 
-1 -1 -1 -1 -1 -1 -1 -1 -1 -1 
-1 -1 -1 -1 -1 -1 -1 -1 -1 -1 
-1 -1 -1 -1 -1 -1 -1 -1 -1 -1 
-1 -1 -1 -1 -1 -1 -1 -1 -1 -1 
-1 -1 -1 -1 -1 -1 -1 -1 -1 -1 
-1 -1 -1 -1 -1 -1 -1 -1 -1 -1 
-1 -1 -1 -1 -1 -1 -1 -1 -1 -1 
-1 -1 -1 -1 -1 -1 -1 -1 -1 -1 
-1 -1 -1 -1 -1 -1 -1 -1 -1 -1 
-1 -1 -1 -1 -1 -1 -1 -1 -1 -1 
-1 -1 -1 -1 -1 -1 -1 -1 -1 -1 
-1 -1 -1 -1 -1 -1 -1 -1 -1 -1 
-1 -1 -1 -1 -1 -1 -1 -1 -1 -1 
-1 -1 -1 -1 -1 -1 -1 -1 -1 -1 
-1 -1 -1 -1 -1 -1 -1 -1 -1 -1 
-1 -1 -1 -1 -1 -1 -1 -1 -1 -1 
-1 -1 -1 -1 -1 -1 -1 -1 -1 -1 
-1 -1 -1 -1 -1 -1 -1 -1 -1 -1 
-1 -1 -1 -1 -1 -1 -1 -1 -1 -1 
-1 -1 -1 -1 -1 -1 -1 -1 -1 -1 
-1 -1 -1 -1 -1 -1 -1 -1 -1 -1 
-1 -1 -1 -1 -1 -1 -1 -1 -1 -1 
-1 -1 -1 -1 -1 -1 -1 -1 -1 -1 
-1 -1 -1 -1 -1 -1 -1 -1 -1 -1 
-1 -1 -1 -1 -1 -1 -1 -1 -1 -1 
-1 -1 -1 -1 -1 -1 -1 -1 -1 -1 
-1 -1 -1 -1 -1 -1 -1 -1 -1 -1 
-1 -1 -1 -1 -1 -1 -1 -1 -1 -1 
-1 -1 -1 -1 -1 -1 -1 -1 -1 -1 
-1 -1 -1 -1 -1 -1 -1 -1 -1 -1 
-1 -1 -1 -1 -1 -1 -1 -1 -1 -1 
-1 -1 -1 -1 -1 -1 -1 -1 -1 -1 
-1 -1 -1 -1 -1 -1 -1 -1 -1 -1 
-1 -1 -1 -1 -1 -1 -1 -1 -1 -1 
-1 -1 -1 -1 -1 -1 -1 -1 -1 -1 
-1 -1 -1 -1 -1 -1 -1 -1 -1 -1 
-1 -1 -1 -1 -1 -1 -1 -1 -1 -1 
-1 -1 -1 -1 -1 -1 -1 -1 -1 -1 
-1 -1 -1 -1 -1 -1 -1 -1 -1 -1 
-1 -1 -1 -1 -1 -1 -1 -1 -1 -1 
-1 -1 -1 -1 -1 -1 -1 -1 -1 -1 
-1 -1 -1 -1 -1 -1 -1 -1 -1 -1 
-1 -1 -1 -1 -1 -1 -1 -1 -1 -1 
-1 -1 -1 -1 -1 -1 -1 -1 -1 -1 
-1 -1 -1 -1 -1 -1 -1 -1 -1 -1 
-1 -1 -1 -1 -1 -1 -1 -1 -1 -1 
-1 -1 -1 -1 -1 -1 -1 -1 -1 -1 
-1 -1 -1 -1 -1 -1 -1 -1 -1 -1 
-1 -1 -1 -1 -1 -1 -1 -1 -1 -1 
-1 -1 -1 -1 -1 -1 -1 -1 -1 -1 
-1 -1 -1 -1 -1 -1 -1 -1 -1 -1 
-1 -1 -1 -1 -1 -1 -1 -1 -1 -1 
-1 -1 -1 -1 -1 -1 -1 -1 -1 -1 
-1 -1 -1 -1 -1 -1 -1 -1 -1 -1 
-1 -1 -1 -1 -1 -1 -1 -1 -1 -1 
-1 -1 -1 -1 -1 -1 -1 -1 -1 -1 
-1 -1 -1 -1 -1 -1 -1 -1 -1 -1 
-1 -1 -1 -1 -1 -1 -1 -1 -1 -1 
-1 -1 -1 -1 -1 -1 -1 -1 -1 -1 
-1 -1 -1 -1 -1 -1 -1 -1 -1 -1 
-1 -1 -1 -1 -1 -1 -1 -1 -1 -1 
-1 -1 -1 -1 -1 -1 -1 -1 -1 -1 
-1 -1 -1 -1 -1 -1 -1 -1 -1 -1 
-1 -1 -1 -1 -1 -1 -1 -1 -1 -1 
-1 -1 -1 -1 -1 -1 -1 -1 -1 -1 
-1 -1 -1 -1 -1 -1 -1 -1 -1 -1 
-1 -1 -1 -1 -1 -1 -1 -1 -1 -1 
-1 -1 -1 -1 -1 -1 -1 -1 -1 -1 
-1 -1 -1 -1 -1 -1 -1 -1 -1 -1 
-1 -1 -1 -1 -1 -1 -1 -1 -1 -1 
-1 -1 -1 -1 -1 -1 -1 -1 -1 -1 
-1 -1 -1 -1 -1 -1 -1 -1 -1 -1 
-1 -1 -1 -1 -1 -1 -1 -1 -1 -1 
-1 -1 -1 -1 -1 -1 -1 -1 -1 -1 
-1 -1 -1 -1 -1 -1 -1 -1 -1 -1 
-1 -1 -1 -1 -1 -1 -1 -1 -1 -1 
-1 -1 -1 -1 -1 -1 -1 -1 -1 -1 
-1 -1 -1 -1 -1 -1 -1 -1 -1 -1 
-1 -1 -1 -1 -1 -1 -1 -1 -1 -1 
-1 -1 -1 -1 -1 -1 -1 -1 -1 -1 
-1 -1 -1 -1 -1 -1 -1 -1 -1 -1 
-1 -1 -1 -1 -1 -1 -1 -1 -1 -1 
-1 -1 -1 -1 -1 -1 -1 -1 -1 -1 
-1 -1 -1 -1 -1 -1 -1 -1 -1 -1 
-1 -1 -1 -1 -1 -1 -1 -1 -1 -1 
-1 -1 -1 -1 -1 -1 -1 -1 -1 -1 
-1 -1 -1 -1 -1 -1 -1 -1 -1 -1 
-1 -1 -1 -1 -1 -1 -1 -1 -1 -1 
-1 -1 -1 -1 -1 -1 -1 -1 -1 -1 
-1 -1 -1 -1 -1 -1 -1 -1 -1 -1 
-1 -1 -1 -1 -1 -1 -1 -1 -1 -1 
-1 -1 -1 -1 -1 -1 -1 -1 -1 -1 
-1 -1 -1 -1 -1 -1 -1 -1 -1 -1 
-1 -1 -1 -1 -1 -1 -1 -1 -1 -1 
-1 -1 -1 -1 -1 -1 -1 -1 -1 -1 
-1 -1 -1 -1 -1 -1 -1 -1 -1 -1 
-1 -1 -1 -1 -1 -1 -1 -1 -1 -1 
-1 -1 -1 -1 -1 -1 -1 -1 -1 -1 
-1 -1 -1 -1 -1 -1 -1 -1 -1 -1 
-1 -1 -1 -1 -1 -1 -1 -1 -1 -1 
-1 -1 -1 -1 -1 -1 -1 -1 -1 -1 
-1 -1 -1 -1 -1 -1 -1 -1 -1 -1 
-1 -1 -1 -1 -1 -1 -1 -1 -1 -1 
-1 -1 -1 -1 -1 -1 -1 -1 -1 -1 
-1 -1 -1 -1 -1 -1 -1 -1 -1 -1 
-1 -1 -1 -1 -1 -1 -1 -1 -1 -1 
-1 -1 -1 -1 -1 -1 -1 -1 -1 -1 
-1 -1 -1 -1 -1 -1 -1 -1 -1 -1 
-1 -1 -1 -1 -1 -1 -1 -1 -1 -1 
-1 -1 -1 -1 -1 -1 -1 -1 -1 -1 
-1 -1 -1 -1 -1 -1 -1 -1 -1 -1 
-1 -1 -1 -1 -1 -1 -1 -1 -1 -1 
-1 -1 -1 -1 -1 -1 -1 -1 -1 -1 
-1 -1 -1 -1 -1 -1 -1 -1 -1 -1 
-1 -1 -1 -1 -1 -1 -1 -1 -1 -1 
-1 -1 -1 -1 -1 -1 -1 -1 -1 -1 
-1 -1 -1 -1 -1 -1 -1 -1 -1 -1 
-1 -1 -1 -1 -1 -1 -1 -1 -1 -1 
-1 -1 -1 -1 -1 -1 -1 -1 -1 -1 
-1 -1 -1 -1 -1 -1 -1 -1 -1 -1 
-1 -1 -1 -1 -1 -1 -1 -1 -1 -1 
-1 -1 -1 -1 -1 -1 -1 -1 -1 -1 
-1 -1 -1 -1 -1 -1 -1 -1 -1 -1 
-1 -1 -1 -1 -1 -1 -1 -1 -1 -1 
-1 -1 -1 -1 -1 -1 -1 -1 -1 -1 
-1 -1 -1 -1 -1 -1 -1 -1 -1 -1 
-1 -1 -1 -1 -1 -1 -1 -1 -1 -1 
-1 -1 -1 -1 -1 -1 -1 -1 -1 -1 
-1 -1 -1 -1 -1 -1 -1 -1 -1 -1 
-1 -1 -1 -1 -1 -1 -1 -1 -1 -1 
-1 -1 -1 -1 -1 -1 -1 -1 -1 -1 
-1 -1 -1 -1 -1 -1 -1 -1 -1 -1 
-1 -1 -1 -1 -1 -1 -1 -1 -1 -1 
-1 -1 -1 -1 -1 -1 -1 -1 -1 -1 
-1 -1 -1 -1 -1 -1 -1 -1 -1 -1 
-1 -1 -1 -1 -1 -1 -1 -1 -1 -1 
-1 -1 -1 -1 -1 -1 -1 -1 -1 -1 
-1 -1 -1 -1 -1 -1 -1 -1 -1 -1 
-1 -1 -1 -1 -1 -1 -1 -1 -1 -1 
-1 -1 -1 -1 -1 -1 -1 -1 -1 -1 
-1 -1 -1 -1 -1 -1 -1 -1 -1 -1 
-1 -1 -1 -1 -1 -1 -1 -1 -1 -1 
-1 -1 -1 -1 -1 -1 -1 -1 -1 -1 
-1 -1 -1 -1 -1 -1 -1 -1 -1 -1 
-1 -1 -1 -1 -1 -1 -1 -1 -1 -1 
-1 -1 -1 -1 -1 -1 -1 -1 -1 -1 
-1 -1 -1 -1 -1 -1 -1 -1 -1 -1 
-1 -1 -1 -1 -1 -1 -1 -1 -1 -1 
-1 -1 -1 -1 -1 -1 -1 -1 -1 -1 
-1 -1 -1 -1 -1 -1 -1 -1 -1 -1 
-1 -1 -1 -1 -1 -1 -1 -1 -1 -1 
-1 -1 -1 -1 -1 -1 -1 -1 -1 -1 
-1 -1 -1 -1 -1 -1 -1 -1 -1 -1 
-1 -1 -1 -1 -1 -1 -1 -1 -1 -1 
-1 -1 -1 -1 -1 -1 -1 -1 -1 -1 
-1 -1 -1 -1 -1 -1 -1 -1 -1 -1 
-1 -1 -1 -1 -1 -1 -1 -1 -1 -1 
-1 -1 -1 -1 -1 -1 -1 -1 -1 -1 
-1 -1 -1 -1 -1 -1 -1 -1 -1 -1 
-1 -1 -1 -1 -1 -1 -1 -1 -1 -1 
-1 -1 -1 -1 -1 -1 -1 -1 -1 -1 
-1 -1 -1 -1 -1 -1 -1 -1 -1 -1 
-1 -1 -1 -1 -1 -1 -1 -1 -1 -1 
-1 -1 -1 -1 -1 -1 -1 -1 -1 -1 
-1 -1 -1 -1 -1 -1 -1 -1 -1 -1 
-1 -1 -1 -1 -1 -1 -1 -1 -1 -1 
-1 -1 -1 -1 -1 -1 -1 -1 -1 -1 
-1 -1 -1 -1 -1 -1 -1 -1 -1 -1 
-1 -1 -1 -1 -1 -1 -1 -1 -1 -1 
-1 -1 -1 -1 -1 -1 -1 -1 -1 -1 
-1 -1 -1 -1 -1 -1 -1 -1 -1 -1 
-1 -1 -1 -1 -1 -1 -1 -1 -1 -1 
-1 -1 -1 -1 -1 -1 -1 -1 -1 -1 
-1 -1 -1 -1 -1 -1 -1 -1 -1 -1 
-1 -1 -1 -1 -1 -1 -1 -1 -1 -1 
-1 -1 -1 -1 -1 -1 -1 -1 -1 -1 
-1 -1 -1 -1 -1 -1 -1 -1 -1 -1 
-1 -1 -1 -1 -1 -1 -1 -1 -1 -1 
-1 -1 -1 -1 -1 -1 -1 -1 -1 -1 
-1 -1 -1 -1 -1 -1 -1 -1 -1 -1 
-1 -1 -1 -1 -1 -1 -1 -1 -1 -1 
-1 -1 -1 -1 -1 -1 -1 -1 -1 -1 
-1 -1 -1 -1 -1 -1 -1 -1 -1 -1 
-1 -1 -1 -1 -1 -1 -1 -1 -1 -1 
-1 -1 -1 -1 -1 -1 -1 -1 -1 -1 
-1 -1 -1 -1 -1 -1 -1 -1 -1 -1 
-1 -1 -1 -1 -1 -1 -1 -1 -1 -1 
-1 -1 -1 -1 -1 -1 -1 -1 -1 -1 
-1 -1 -1 -1 -1 -1 -1 -1 -1 -1 
-1 -1 -1 -1 -1 -1 -1 -1 -1 -1 
-1 -1 -1 -1 -1 -1 -1 -1 -1 -1 
-1 -1 -1 -1 -1 -1 -1 -1 -1 -1 
-1 -1 -1 -1 -1 -1 -1 -1 -1 -1 
-1 -1 -1 -1 -1 -1 -1 -1 -1 -1 
-1 -1 -1 -1 -1 -1 -1 -1 -1 -1 
-1 -1 -1 -1 -1 -1 -1 -1 -1 -1 
-1 -1 -1 -1 -1 -1 -1 -1 -1 -1 
-1 -1 -1 -1 -1 -1 -1 -1 -1 -1 
-1 -1 -1 -1 -1 -1 -1 -1 -1 -1 
-1 -1 -1 -1 -1 -1 -1 -1 -1 -1 
-1 -1 -1 -1 -1 -1 -1 -1 -1 -1 
-1 -1 -1 -1 -1 -1 -1 -1 -1 -1 
-1 -1 -1 -1 -1 -1 -1 -1 -1 -1 
-1 -1 -1 -1 -1 -1 -1 -1 -1 -1 
-1 -1 -1 -1 -1 -1 -1 -1 -1 -1 
-1 -1 -1 -1 -1 -1 -1 -1 -1 -1 
-1 -1 -1 -1 -1 -1 -1 -1 -1 -1 
-1 -1 -1 -1 -1 -1 -1 -1 -1 -1 
-1 -1 -1 -1 -1 SCALARS Type float 1
LOOKUP_TABLE default
1 1 1 1 1 1 1 1 1 
1 1 1 1 1 1 1 1 1 1 
1 1 1 1 1 1 1 1 1 1 
1 1 1 1 1 1 1 1 1 1 
1 1 1 1 1 1 1 1 1 1 
1 1 1 1 1 1 1 1 1 1 
1 1 1 1 1 1 1 1 1 1 
1 1 1 1 1 1 1 1 1 1 
1 1 1 1 1 1 1 1 1 1 
1 1 1 1 1 1 1 1 1 1 
1 1 1 1 1 1 1 1 1 1 
1 1 1 1 1 1 1 1 1 1 
1 1 1 1 1 1 1 1 1 1 
1 1 1 1 1 1 1 1 1 1 
1 1 1 1 1 1 1 1 1 1 
1 1 1 1 1 1 1 1 1 1 
1 1 1 1 1 1 1 1 1 1 
1 1 1 1 1 1 1 1 1 1 
1 1 1 1 1 1 1 1 1 1 
1 1 1 1 1 1 1 1 1 1 
1 1 1 1 1 1 1 1 1 1 
1 1 1 1 1 1 1 1 1 1 
1 1 1 1 1 1 1 1 1 1 
1 1 1 1 1 1 1 1 1 1 
1 1 1 1 1 1 1 1 1 1 
1 1 1 1 1 1 1 1 1 1 
1 1 1 1 1 1 1 1 1 1 
1 1 1 1 1 1 1 1 1 1 
1 1 1 1 1 1 1 1 1 1 
1 1 1 1 1 1 1 1 1 1 
1 1 1 1 1 1 1 1 1 1 
1 1 1 1 1 1 1 1 1 1 
1 1 1 1 1 1 1 1 1 1 
1 1 1 1 1 1 1 1 1 1 
1 1 1 1 1 1 1 1 1 1 
1 1 1 1 1 1 1 1 1 1 
1 1 1 1 1 1 1 1 1 1 
1 1 1 1 1 1 1 1 1 1 
1 1 1 1 1 1 1 1 1 1 
1 1 1 1 1 1 1 1 1 1 
1 1 1 1 1 1 1 1 1 1 
1 1 1 1 1 1 1 1 1 1 
1 1 1 1 1 1 1 1 1 1 
1 1 1 1 1 1 1 1 1 1 
1 1 1 1 1 1 1 1 1 1 
1 1 1 1 1 1 1 1 1 1 
1 1 1 1 1 1 1 1 1 1 
1 1 1 1 1 1 1 1 1 1 
1 1 1 1 1 1 1 1 1 1 
1 1 1 1 1 1 1 1 1 1 
1 1 1 1 1 1 1 1 1 1 
1 1 1 1 1 1 1 1 1 1 
1 1 1 1 1 1 1 1 1 1 
1 1 1 1 1 1 1 1 1 1 
1 1 1 1 1 1 1 1 1 1 
1 1 1 1 1 1 1 1 1 1 
1 1 1 1 1 1 1 1 1 1 
1 1 1 1 1 1 1 1 1 1 
1 1 1 1 1 1 1 1 1 1 
1 1 1 1 1 1 1 1 1 1 
1 1 1 1 1 1 1 1 1 1 
1 1 1 1 1 1 1 1 1 1 
1 1 1 1 1 1 1 1 1 1 
1 1 1 1 1 1 1 1 1 1 
1 1 1 1 1 1 1 1 1 1 
1 1 1 1 1 1 1 1 1 1 
1 1 1 1 1 1 1 1 1 1 
1 1 1 1 1 1 1 1 1 1 
1 1 1 1 1 1 1 1 1 1 
1 1 1 1 1 1 1 1 1 1 
1 1 1 1 1 1 1 1 1 1 
1 1 1 1 1 1 1 1 1 1 
1 1 1 1 1 1 1 1 1 1 
1 1 1 1 1 1 1 1 1 1 
1 1 1 1 1 1 1 1 1 1 
1 1 1 1 1 1 1 1 1 1 
1 1 1 1 1 1 1 1 1 1 
1 1 1 1 1 1 1 1 1 1 
1 1 1 1 1 1 1 1 1 1 
1 1 1 1 1 1 1 1 1 1 
1 1 1 1 1 1 1 1 1 1 
1 1 1 1 1 1 1 1 1 1 
1 1 1 1 1 1 1 1 1 1 
1 1 1 1 1 1 1 1 1 1 
1 1 1 1 1 1 1 1 1 1 
1 1 1 1 1 1 1 1 1 1 
1 1 1 1 1 1 1 1 1 1 
1 1 1 1 1 1 1 1 1 1 
1 1 1 1 1 1 1 1 1 1 
1 1 1 1 1 1 1 1 1 1 
1 1 1 1 1 1 1 1 1 1 
1 1 1 1 1 1 1 1 1 1 
1 1 1 1 1 1 1 1 1 1 
1 1 1 1 1 1 1 1 1 1 
1 1 1 1 1 1 1 1 1 1 
1 1 1 1 1 1 1 1 1 1 
1 1 1 1 1 1 1 1 1 1 
1 1 1 1 1 1 1 1 1 1 
1 1 1 1 1 1 1 1 1 1 
1 1 1 1 1 1 1 1 1 1 
1 1 1 1 1 1 1 1 1 1 
1 1 1 1 1 1 1 1 1 1 
1 1 1 1 1 1 1 1 1 1 
1 1 1 1 1 1 1 1 1 1 
1 1 1 1 1 1 1 1 1 1 
1 1 1 1 1 1 1 1 1 1 
1 1 1 1 1 1 1 1 1 1 
1 1 1 1 1 1 1 1 1 1 
1 1 1 1 1 1 1 1 1 1 
1 1 1 1 1 1 1 1 1 1 
1 1 1 1 1 1 1 1 1 1 
1 1 1 1 1 1 1 1 1 1 
1 1 1 1 1 1 1 1 1 1 
1 1 1 1 1 1 1 1 1 1 
1 1 1 1 1 1 1 1 1 1 
1 1 1 1 1 1 1 1 1 1 
1 1 1 1 1 1 1 1 1 1 
1 1 1 1 1 1 1 1 1 1 
1 1 1 1 1 1 1 1 1 1 
1 1 1 1 1 1 1 1 1 1 
1 1 1 1 1 1 1 1 1 1 
1 1 1 1 1 1 1 1 1 1 
1 1 1 1 1 1 1 1 1 1 
1 1 1 1 1 1 1 1 1 1 
1 1 1 1 1 1 1 1 1 1 
1 1 1 1 1 1 1 1 1 1 
1 1 1 1 1 1 1 1 1 1 
1 1 1 1 1 1 1 1 1 1 
1 1 1 1 1 1 1 1 1 1 
1 1 1 1 1 1 1 1 1 1 
1 1 1 1 1 1 1 1 1 1 
1 1 1 1 1 1 1 1 1 1 
1 1 1 1 1 1 1 1 1 1 
1 1 1 1 1 1 1 1 1 1 
1 1 1 1 1 1 1 1 1 1 
1 1 1 1 1 1 1 1 1 1 
1 1 1 1 1 1 1 1 1 1 
1 1 1 1 1 1 1 1 1 1 
1 1 1 1 1 1 1 1 1 1 
1 1 1 1 1 1 1 1 1 1 
1 1 1 1 1 1 1 1 1 1 
1 1 1 1 1 1 1 1 1 1 
1 1 1 1 1 1 1 1 1 1 
1 1 1 1 1 1 1 1 1 1 
1 1 1 1 1 1 1 1 1 1 
1 1 1 1 1 1 1 1 1 1 
1 1 1 1 1 1 1 1 1 1 
1 1 1 1 1 1 1 1 1 1 
1 1 1 1 1 1 1 1 1 1 
1 1 1 1 1 1 1 1 1 1 
1 1 1 1 1 1 1 1 1 1 
1 1 1 1 1 1 1 1 1 1 
1 1 1 1 1 1 1 1 1 1 
1 1 1 1 1 1 1 1 1 1 
1 1 1 1 1 1 1 1 1 1 
1 1 1 1 1 1 1 1 1 1 
1 1 1 1 1 1 1 1 1 1 
1 1 1 1 1 1 1 1 1 1 
1 1 1 1 1 1 1 1 1 1 
1 1 1 1 1 1 1 1 1 1 
1 1 1 1 1 1 1 1 1 1 
1 1 1 1 1 1 1 1 1 1 
1 1 1 1 1 1 1 1 1 1 
1 1 1 1 1 1 1 1 1 1 
1 1 1 1 1 1 1 1 1 1 
1 1 1 1 1 1 1 1 1 1 
1 1 1 1 1 1 1 1 1 1 
1 1 1 1 1 1 1 1 1 1 
1 1 1 1 1 1 1 1 1 1 
1 1 1 1 1 1 1 1 1 1 
1 1 1 1 1 1 1 1 1 1 
1 1 1 1 1 1 1 1 1 1 
1 1 1 1 1 1 1 1 1 1 
1 1 1 1 1 1 1 1 1 1 
1 1 1 1 1 1 1 1 1 1 
1 1 1 1 1 1 1 1 1 1 
1 1 1 1 1 1 1 1 1 1 
1 1 1 1 1 1 1 1 1 1 
1 1 1 1 1 1 1 1 1 1 
1 1 1 1 1 1 1 1 1 1 
1 1 1 1 1 1 1 1 1 1 
1 1 1 1 1 1 1 1 1 1 
1 1 1 1 1 1 1 1 1 1 
1 1 1 1 1 1 1 1 1 1 
1 1 1 1 1 1 1 1 1 1 
1 1 1 1 1 1 1 1 1 1 
1 1 1 1 1 1 1 1 1 1 
1 1 1 1 1 1 1 1 1 1 
1 1 1 1 1 1 1 1 1 1 
1 1 1 1 1 1 1 1 1 1 
1 1 1 1 1 1 1 1 1 1 
1 1 1 1 1 1 1 1 1 1 
1 1 1 1 1 1 1 1 1 1 
1 1 1 1 1 1 1 1 1 1 
1 1 1 1 1 1 1 1 1 1 
1 1 1 1 1 1 1 1 1 1 
1 1 1 1 1 1 1 1 1 1 
1 1 1 1 1 1 1 1 1 1 
1 1 1 1 1 1 1 1 1 1 
1 1 1 1 1 1 1 1 1 1 
1 1 1 1 1 1 1 1 1 1 
1 1 1 1 1 1 1 1 1 1 
1 1 1 1 1 1 1 1 1 1 
1 1 1 1 1 1 1 1 1 1 
1 1 1 1 1 1 1 1 1 1 
1 1 1 1 1 1 1 1 1 1 
1 1 1 1 1 1 1 1 1 1 
1 1 1 1 1 1 1 1 1 1 
1 1 1 1 1 1 1 1 1 1 
1 1 1 1 1 1 1 1 1 1 
1 1 1 1 1 1 1 1 1 1 
1 1 1 1 1 1 1 1 1 1 
1 1 1 1 1 1 1 1 1 1 
1 1 1 1 1 1 1 1 1 1 
1 1 1 1 1 1 1 1 1 1 
1 1 1 1 1 1 1 1 1 1 
1 1 1 1 1 1 1 1 1 1 
1 1 1 1 1 1 1 1 1 1 
1 1 1 1 1 1 1 1 1 1 
1 1 1 1 1 1 1 1 1 1 
1 1 1 1 1 1 1 1 1 1 
1 1 1 1 1 1 1 1 1 1 
1 1 1 1 1 1 1 1 1 1 
1 1 1 1 1 1 1 1 1 1 
1 1 1 1 1 1 1 1 1 1 
1 1 1 1 1 1 1 1 1 1 
1 1 1 1 1 1 1 1 1 1 
1 1 1 1 1 1 1 1 1 1 
1 1 1 1 1 1 1 1 1 1 
1 1 1 1 1 1 1 1 1 1 
1 1 1 1 1 1 1 1 1 1 
1 1 1 1 1 1 1 1 1 1 
1 1 1 1 1 1 1 1 1 1 
1 1 1 1 1 1 1 1 1 1 
1 1 1 1 1 1 1 1 1 1 
1 1 1 1 1 1 1 1 1 1 
1 1 1 1 1 1 1 1 1 1 
1 1 1 1 1 1 1 1 1 1 
1 1 1 1 1 1 1 1 1 1 
1 1 1 1 1 1 1 1 1 1 
1 1 1 1 1 1 1 1 1 1 
1 1 1 1 1 1 1 1 1 1 
1 1 1 1 1 1 1 1 1 1 
1 1 1 1 1 1 1 1 1 1 
1 1 1 1 1 1 1 1 1 1 
1 1 1 1 1 1 1 1 1 1 
1 1 1 1 1 1 1 1 1 1 
1 1 1 1 1 1 1 1 1 1 
1 1 1 1 1 1 1 1 1 1 
1 1 1 1 1 1 1 1 1 1 
1 1 1 1 1 1 1 1 1 1 
1 1 1 1 1 1 1 1 1 1 
1 1 1 1 1 1 1 1 1 1 
1 1 1 1 1 1 1 1 1 1 
1 1 1 1 1 1 1 1 1 1 
1 1 1 1 1 1 1 1 1 1 
1 1 1 1 1 1 1 1 1 1 
1 1 1 1 1 1 1 1 1 1 
1 1 1 1 1 1 1 1 1 1 
1 1 1 1 1 1 1 1 1 1 
1 1 1 1 1 1 1 1 1 1 
1 1 1 1 1 1 1 1 1 1 
1 1 1 1 1 1 1 1 1 1 
1 1 1 1 1 1 1 1 1 1 
1 1 1 1 1 1 1 1 1 1 
1 1 1 1 1 1 1 1 1 1 
1 1 1 1 1 1 1 1 1 1 
1 1 1 1 1 1 1 1 1 1 
1 1 1 1 1 1 1 1 1 1 
1 1 1 1 1 1 1 1 1 1 
1 1 1 1 1 1 1 1 1 1 
1 1 1 1 1 1 1 1 1 1 
1 1 1 1 1 1 1 1 1 1 
1 1 1 1 1 1 1 1 1 1 
1 1 1 1 1 1 1 1 1 1 
1 1 1 1 1 1 1 1 1 1 
1 1 1 1 1 1 1 1 1 1 
1 1 1 1 1 1 1 1 1 1 
1 1 1 1 1 1 1 1 1 1 
1 1 1 1 1 1 1 1 1 1 
1 1 1 1 1 1 1 1 1 1 
1 1 1 1 1 1 1 1 1 1 
1 1 1 1 1 1 1 1 1 1 
1 1 1 1 1 1 1 1 1 1 
1 1 1 1 1 1 1 1 1 1 
1 1 1 1 1 1 1 1 1 1 
1 1 1 1 1 1 1 1 1 1 
1 1 1 1 1 1 1 1 1 1 
1 1 1 1 1 1 1 1 1 1 
1 1 1 1 1 1 1 1 1 1 
1 1 1 1 1 1 1 1 1 1 
1 1 1 1 1 1 1 1 1 1 
1 1 1 1 1 1 1 1 1 1 
1 1 1 1 1 1 1 1 1 1 
1 1 1 1 1 1 1 1 1 1 
1 1 1 1 1 1 1 1 1 1 
1 1 1 1 1 1 1 1 1 1 
1 1 1 1 1 1 1 1 1 1 
1 1 1 1 1 1 1 1 1 1 
1 1 1 1 1 1 1 1 1 1 
1 1 1 1 1 1 1 1 1 1 
1 1 1 1 1 1 1 1 1 1 
1 1 1 1 1 1 1 1 1 1 
1 1 1 1 1 1 1 1 1 1 
1 1 1 1 1 1 1 1 1 1 
1 1 1 1 1 1 1 1 1 1 
1 1 1 1 1 1 1 1 1 1 
1 1 1 1 1 1 1 1 1 1 
1 1 1 1 1 1 1 1 1 1 
1 1 1 1 1 1 1 1 1 1 
1 1 1 1 1 1 1 1 1 1 
1 1 1 1 1 1 1 1 1 1 
1 1 1 1 1 1 1 1 1 1 
1 1 1 1 1 1 1 1 1 1 
1 1 1 1 1 1 1 1 1 1 
1 1 1 1 1 1 1 1 1 1 
1 1 1 1 1 1 1 1 1 1 
1 1 1 1 1 1 1 1 1 1 
1 1 1 1 1 1 1 1 1 1 
1 1 1 1 1 1 1 1 1 1 
1 1 1 1 1 1 1 1 1 1 
1 1 1 1 1 1 1 1 1 1 
1 1 1 1 1 1 1 1 1 1 
1 1 1 1 1 1 1 1 1 1 
1 1 1 1 1 1 1 1 1 1 
1 1 1 1 1 1 1 1 1 1 
1 1 1 1 1 1 1 1 1 1 
1 1 1 1 1 1 1 1 1 1 
1 1 1 1 1 1 1 1 1 1 
1 1 1 1 1 1 1 1 1 1 
1 1 1 1 1 1 1 1 1 1 
1 1 1 1 1 1 1 1 1 1 
1 1 1 1 1 1 1 1 1 1 
1 1 1 1 1 1 1 1 1 1 
1 1 1 1 1 1 1 1 1 1 
1 1 1 1 1 1 1 1 1 1 
1 1 1 1 1 1 1 1 1 1 
1 1 1 1 1 1 1 1 1 1 
1 1 1 1 1 1 1 1 1 1 
1 1 1 1 1 1 1 1 1 1 
1 1 1 1 1 1 1 1 1 1 
1 1 1 1 1 1 1 1 1 1 
1 1 1 1 1 1 1 1 1 1 
1 1 1 1 1 1 1 1 1 1 
1 1 1 1 1 1 1 1 1 1 
1 1 1 1 1 1 1 1 1 1 
1 1 1 1 1 1 1 1 1 1 
1 1 1 1 1 1 1 1 1 1 
1 1 1 1 1 1 1 1 1 1 
1 1 1 1 1 1 1 1 1 1 
1 1 1 1 1 1 1 1 1 1 
1 1 1 1 1 1 1 1 1 1 
1 1 1 1 1 1 1 1 1 1 
1 1 1 1 1 1 1 1 1 1 
1 1 1 1 1 1 1 1 1 1 
1 1 1 1 1 1 1 1 1 1 
1 1 1 1 1 1 1 1 1 1 
1 1 1 1 1 1 1 1 1 1 
1 1 1 1 1 1 1 1 1 1 
1 1 1 1 1 1 1 1 1 1 
1 1 1 1 1 1 1 1 1 1 
1 1 1 1 1 1 1 1 1 1 
1 1 1 1 1 1 1 1 1 1 
1 1 1 1 1 1 1 1 1 1 
1 1 1 1 1 1 1 1 1 1 
1 1 1 1 1 1 1 1 1 1 
1 1 1 1 1 1 1 1 1 1 
1 1 1 1 1 1 1 1 1 1 
1 1 1 1 1 1 1 1 1 1 
1 1 1 1 1 1 1 1 1 1 
1 1 1 1 1 1 1 1 1 1 
1 1 1 1 1 1 1 1 1 1 
1 1 1 1 1 1 1 1 1 1 
1 1 1 1 1 1 1 1 1 1 
1 1 1 1 1 1 1 1 1 1 
1 1 1 1 1 1 1 1 1 1 
1 1 1 1 1 1 1 1 1 1 
1 1 1 1 1 1 1 1 1 1 
1 1 1 1 1 1 1 1 1 1 
1 1 1 1 1 1 1 1 1 1 
1 1 1 1 1 1 1 1 1 1 
1 1 1 1 1 1 1 1 1 1 
1 1 1 1 1 1 1 1 1 1 
1 1 1 1 1 1 1 1 1 1 
1 1 1 1 1 1 1 1 1 1 
1 1 1 1 1 1 1 1 1 1 
1 1 1 1 1 1 1 1 1 1 
1 1 1 1 1 1 1 1 1 1 
1 1 1 1 1 1 1 1 1 1 
1 1 1 1 1 1 1 1 1 1 
1 1 1 1 1 1 1 1 1 1 
1 1 1 1 1 1 1 1 1 1 
1 1 1 1 1 1 1 1 1 1 
1 1 1 1 1 1 1 1 1 1 
1 1 1 1 1 1 1 1 1 1 
1 1 1 1 1 1 1 1 1 1 
1 1 1 1 1 1 1 1 1 1 
1 1 1 1 1 1 1 1 1 1 
1 1 1 1 1 1 1 1 1 1 
1 1 1 1 1 1 1 1 1 1 
1 1 1 1 1 1 1 1 1 1 
1 1 1 1 1 1 1 1 1 1 
1 1 1 1 1 1 1 1 1 1 
1 1 1 1 1 1 1 1 1 1 
1 1 1 1 1 1 1 1 1 1 
1 1 1 1 1 1 1 1 1 1 
1 1 1 1 1 1 1 1 1 1 
1 1 1 1 1 1 1 1 1 1 
1 1 1 1 1 1 1 1 1 1 
1 1 1 1 1 1 1 1 1 1 
1 1 1 1 1 1 1 1 1 1 
1 1 1 1 1 1 1 1 1 1 
1 1 1 1 1 1 1 1 1 1 
1 1 1 1 1 1 1 1 1 1 
1 1 1 1 1 1 1 1 1 1 
1 1 1 1 1 1 1 1 1 1 
1 1 1 1 1 1 1 1 1 1 
1 1 1 1 1 1 1 1 1 1 
1 1 1 1 1 1 1 1 1 1 
1 1 1 1 1 1 1 1 1 1 
1 1 1 1 1 1 1 1 1 1 
1 1 1 1 1 1 1 1 1 1 
1 1 1 1 1 1 1 1 1 1 
1 1 1 1 1 1 1 1 1 1 
1 1 1 1 1 1 1 1 1 1 
1 1 1 1 1 1 1 1 1 1 
1 1 1 1 1 1 1 1 1 1 
1 1 1 1 1 1 1 1 1 1 
1 1 1 1 1 1 1 1 1 1 
1 1 1 1 1 1 1 1 1 1 
1 1 1 1 1 1 1 1 1 1 
1 1 1 1 1 1 1 1 1 1 
1 1 1 1 1 1 1 1 1 1 
1 1 1 1 1 1 1 1 1 1 
1 1 1 1 1 1 1 1 1 1 
1 1 1 1 1 1 1 1 1 1 
1 1 1 1 1 1 1 1 1 1 
1 1 1 1 1 1 1 1 1 1 
1 1 1 1 1 1 1 1 1 1 
1 1 1 1 1 1 1 1 1 1 
1 1 1 1 1 1 1 1 1 1 
1 1 1 1 1 1 1 1 1 1 
1 1 1 1 1 1 1 1 1 1 
1 1 1 1 1 1 1 1 1 1 
1 1 1 1 1 1 1 1 1 1 
1 1 1 1 1 1 1 1 1 1 
1 1 1 1 1 1 1 1 1 1 
1 1 1 1 1 1 1 1 1 1 
1 1 1 1 1 1 1 1 1 1 
1 1 1 1 1 1 1 1 1 1 
1 1 1 1 1 1 1 1 1 1 
1 1 1 1 1 1 1 1 1 1 
1 1 1 1 1 1 1 1 1 1 
1 1 1 1 1 1 1 1 1 1 
1 1 1 1 1 1 1 1 1 1 
1 1 1 1 1 1 1 1 1 1 
1 1 1 1 1 1 1 1 1 1 
1 1 1 1 1 1 1 1 1 1 
1 1 1 1 1 1 1 1 1 1 
1 1 1 1 1 1 1 1 1 1 
1 1 1 1 1 1 1 1 1 1 
1 1 1 1 1 1 1 1 1 1 
1 1 1 1 1 1 1 1 1 1 
1 1 1 1 1 1 1 1 1 1 
1 1 1 1 1 1 1 1 1 1 
1 1 1 1 1 1 1 1 1 1 
1 1 1 1 1 1 1 1 1 1 
1 1 1 1 1 1 1 1 1 1 
1 1 1 1 1 1 1 1 1 1 
1 1 1 1 1 1 1 1 1 1 
1 1 1 1 1 SCALARS Sn_MPa float 1
LOOKUP_TABLE default
166.59 166.59 166.59 166.59 166.59 166.59 166.59 166.59 166.59 
166.59 166.59 166.59 166.59 166.59 166.59 166.59 166.59 166.59 166.59 
166.59 166.59 166.59 166.59 166.59 166.59 166.59 166.59 166.59 166.59 
166.59 166.59 166.59 166.59 166.59 166.59 166.59 166.59 166.59 166.59 
166.59 166.59 166.59 166.59 166.59 166.59 166.59 166.59 166.59 166.59 
166.59 166.59 166.59 166.59 166.59 166.59 166.59 166.59 166.59 166.59 
166.59 166.59 166.59 166.59 166.59 166.59 166.59 166.59 166.59 166.59 
166.59 166.59 166.59 166.59 166.59 166.59 166.59 166.59 166.59 166.59 
166.59 166.59 166.59 166.59 166.59 166.59 166.59 166.59 166.59 166.59 
166.59 166.59 166.59 166.59 166.59 166.59 166.59 166.59 166.59 166.59 
166.59 166.59 166.59 166.59 166.59 166.59 166.59 166.59 166.59 166.59 
166.59 166.59 166.59 166.59 166.59 166.59 166.59 166.59 166.59 166.59 
166.59 166.59 166.59 166.59 166.59 166.59 166.59 166.59 166.59 166.59 
166.59 166.59 166.59 166.59 166.59 166.59 166.59 166.59 166.59 166.59 
166.59 166.59 166.59 166.59 166.59 166.59 166.59 166.59 166.59 166.59 
166.59 166.59 166.59 166.59 166.59 166.59 166.59 166.59 166.59 166.59 
166.59 166.59 166.59 166.59 166.59 166.59 166.59 166.59 166.59 166.59 
166.59 166.59 166.59 166.59 166.59 166.59 166.59 166.59 166.59 166.59 
166.59 166.59 166.59 166.59 166.59 166.59 166.59 166.59 166.59 166.59 
166.59 166.59 166.59 166.59 166.59 166.59 166.59 124.96 124.96 124.96 
124.96 124.96 124.96 124.96 124.96 124.96 124.96 124.96 124.96 124.96 
124.96 124.96 124.96 124.96 124.96 124.96 124.96 124.96 124.96 124.96 
124.96 124.96 124.96 124.96 124.96 124.96 124.96 124.96 124.96 124.96 
124.96 124.96 124.96 124.96 124.96 124.96 124.96 124.96 124.96 124.96 
124.96 124.96 124.96 124.96 124.96 124.96 124.96 124.96 124.96 124.96 
124.96 124.96 124.96 124.96 124.96 124.96 124.96 124.96 124.96 124.96 
124.96 124.96 124.96 124.96 124.96 124.96 124.96 124.96 124.96 124.96 
124.96 124.96 124.96 124.96 124.96 124.96 124.96 124.96 124.96 124.96 
124.96 124.96 124.96 124.96 124.96 124.96 124.96 124.96 124.96 124.96 
124.96 124.96 124.96 124.96 124.96 124.96 124.96 124.96 124.96 124.96 
124.96 124.96 124.96 124.96 124.96 124.96 124.96 124.96 124.96 124.96 
124.96 124.96 124.96 124.96 124.96 124.96 124.96 124.96 124.96 124.96 
124.96 124.96 124.96 124.96 124.96 124.96 124.96 124.96 124.96 124.96 
124.96 124.96 124.96 124.96 124.96 124.96 124.96 124.96 124.96 124.96 
124.96 124.96 124.96 124.96 124.96 124.96 124.96 124.96 124.96 124.96 
124.96 124.96 124.96 124.96 124.96 124.96 124.96 124.96 124.96 124.96 
124.96 124.96 124.96 124.96 124.96 124.96 124.96 124.96 124.96 124.96 
124.96 124.96 124.96 124.96 124.96 124.96 124.96 124.96 124.96 124.96 
124.96 124.96 124.96 124.96 124.96 124.96 124.96 124.96 124.96 124.96 
124.96 124.96 124.96 144.241 144.241 144.241 144.241 144.241 144.241 144.241 
144.241 144.241 144.241 144.241 144.241 144.241 144.241 144.241 144.241 144.241 
144.241 144.241 144.241 144.241 144.241 144.241 144.241 144.241 144.241 144.241 
144.241 144.241 144.241 144.241 144.241 144.241 144.241 144.241 144.241 144.241 
144.241 144.241 144.241 144.241 144.241 144.241 144.241 144.241 144.241 144.241 
144.241 144.241 144.241 144.241 144.241 144.241 144.241 144.241 144.241 144.241 
144.241 144.241 144.241 144.241 144.241 144.241 144.241 144.241 144.241 144.241 
144.241 144.241 144.241 144.241 144.241 144.241 144.241 144.241 144.241 144.241 
144.241 144.241 144.241 144.241 144.241 144.241 144.241 144.241 144.241 144.241 
144.241 144.241 144.241 144.241 144.241 144.241 144.241 144.241 144.241 144.241 
144.241 144.241 144.241 144.241 144.241 144.241 144.241 144.241 144.241 144.241 
144.241 144.241 144.241 144.241 144.241 144.241 144.241 144.241 144.241 144.241 
144.241 144.241 144.241 144.241 144.241 144.241 144.241 144.241 144.241 144.241 
144.241 144.241 144.241 144.241 144.241 144.241 144.241 144.241 144.241 144.241 
144.241 144.241 144.241 144.241 144.241 144.241 144.241 144.241 144.241 144.241 
144.241 144.241 144.241 144.241 144.241 144.241 144.241 144.241 144.241 144.241 
144.241 144.241 144.241 144.241 144.241 144.241 144.241 144.241 144.241 144.241 
144.241 144.241 144.241 144.241 144.241 144.241 144.241 144.241 144.241 144.241 
144.241 144.241 144.241 144.241 144.241 144.241 144.241 144.241 144.241 144.241 
144.241 144.241 144.241 144.241 144.241 144.241 144.241 144.241 144.241 168.242 
168.242 168.242 168.242 168.242 168.242 168.242 168.242 168.242 168.242 168.242 
168.242 168.242 168.242 168.242 168.242 168.242 168.242 168.242 168.242 168.242 
168.242 168.242 168.242 168.242 168.242 168.242 168.242 168.242 168.242 168.242 
168.242 168.242 168.242 168.242 168.242 168.242 168.242 168.242 168.242 168.242 
168.242 168.242 168.242 168.242 168.242 168.242 168.242 168.242 168.242 168.242 
168.242 168.242 168.242 168.242 168.242 168.242 168.242 168.242 168.242 168.242 
168.242 168.242 168.242 168.242 168.242 168.242 168.242 168.242 168.242 168.242 
168.242 168.242 168.242 168.242 168.242 168.242 168.242 168.242 168.242 168.242 
168.242 168.242 168.242 168.242 168.242 168.242 168.242 168.242 168.242 168.242 
168.242 168.242 168.242 168.242 168.242 168.242 168.242 168.242 168.242 168.242 
168.242 168.242 168.242 168.242 168.242 168.242 168.242 168.242 168.242 168.242 
168.242 168.242 168.242 168.242 168.242 168.242 168.242 168.242 168.242 168.242 
168.242 168.242 168.242 168.242 168.242 168.242 168.242 168.242 168.242 168.242 
168.242 168.242 168.242 168.242 168.242 168.242 168.242 168.242 168.242 168.242 
168.242 168.242 168.242 168.242 168.242 168.242 168.242 168.242 168.242 168.242 
168.242 168.242 168.242 168.242 168.242 168.242 168.242 168.242 168.242 168.242 
168.242 168.242 168.242 168.242 168.242 168.242 168.242 168.242 168.242 168.242 
168.242 168.242 168.242 168.242 168.242 168.242 168.242 168.242 168.242 168.242 
168.242 168.242 168.242 168.242 168.242 168.242 168.242 168.242 168.242 168.242 
168.242 168.242 168.242 168.242 168.242 151.944 151.944 151.944 151.944 151.944 
151.944 151.944 151.944 151.944 151.944 151.944 151.944 151.944 151.944 151.944 
151.944 151.944 151.944 151.944 151.944 151.944 151.944 151.944 151.944 151.944 
151.944 151.944 151.944 151.944 151.944 151.944 151.944 151.944 151.944 151.944 
151.944 151.944 151.944 151.944 151.944 151.944 151.944 151.944 151.944 151.944 
151.944 151.944 151.944 151.944 151.944 151.944 151.944 151.944 151.944 151.944 
151.944 151.944 151.944 151.944 151.944 151.944 151.944 151.944 151.944 151.944 
151.944 151.944 151.944 151.944 151.944 151.944 151.944 151.944 151.944 151.944 
151.944 151.944 151.944 151.944 151.944 151.944 151.944 151.944 151.944 151.944 
151.944 151.944 151.944 151.944 151.944 151.944 151.944 151.944 151.944 151.944 
151.944 151.944 151.944 151.944 151.944 151.944 151.944 151.944 151.944 151.944 
151.944 151.944 151.944 151.944 151.944 151.944 151.944 151.944 151.944 151.944 
151.944 151.944 151.944 151.944 151.944 151.944 151.944 151.944 151.944 151.944 
151.944 151.944 151.944 151.944 151.944 151.944 151.944 151.944 151.944 151.944 
151.944 151.944 151.944 151.944 151.944 151.944 151.944 151.944 151.944 151.944 
151.944 151.944 151.944 151.944 151.944 151.944 151.944 151.944 151.944 151.944 
151.944 151.944 151.944 151.944 151.944 151.944 151.944 151.944 151.944 151.944 
151.944 151.944 151.944 151.944 151.944 151.944 151.944 151.944 151.944 151.944 
151.944 151.944 151.944 151.944 151.944 151.944 151.944 151.944 151.944 151.944 
151.944 151.944 151.944 151.944 151.944 151.944 151.944 151.944 151.944 151.944 
151.944 169.53 169.53 169.53 169.53 169.53 169.53 169.53 169.53 169.53 
169.53 169.53 169.53 169.53 169.53 169.53 169.53 169.53 169.53 169.53 
169.53 169.53 169.53 169.53 169.53 169.53 169.53 169.53 169.53 169.53 
169.53 169.53 169.53 169.53 169.53 169.53 169.53 169.53 169.53 169.53 
169.53 169.53 169.53 169.53 169.53 169.53 169.53 169.53 169.53 169.53 
169.53 169.53 169.53 169.53 169.53 169.53 169.53 169.53 169.53 169.53 
169.53 169.53 169.53 169.53 169.53 169.53 169.53 169.53 169.53 169.53 
169.53 169.53 169.53 169.53 169.53 169.53 169.53 169.53 169.53 169.53 
169.53 169.53 169.53 169.53 169.53 169.53 169.53 169.53 169.53 169.53 
169.53 169.53 169.53 169.53 169.53 169.53 169.53 169.53 169.53 169.53 
169.53 169.53 169.53 169.53 169.53 169.53 169.53 169.53 169.53 169.53 
169.53 169.53 169.53 169.53 169.53 169.53 169.53 169.53 169.53 169.53 
169.53 169.53 169.53 169.53 169.53 169.53 169.53 169.53 169.53 169.53 
169.53 169.53 169.53 169.53 169.53 169.53 169.53 169.53 169.53 169.53 
169.53 169.53 169.53 169.53 169.53 169.53 169.53 169.53 169.53 169.53 
169.53 169.53 169.53 169.53 169.53 169.53 169.53 169.53 169.53 169.53 
169.53 169.53 169.53 169.53 169.53 169.53 169.53 169.53 169.53 169.53 
169.53 169.53 169.53 169.53 169.53 169.53 169.53 169.53 169.53 169.53 
169.53 169.53 169.53 169.53 169.53 169.53 169.53 169.53 169.53 169.53 
169.53 169.53 169.53 169.53 169.53 169.53 169.53 161.305 161.305 161.305 
161.305 161.305 161.305 161.305 161.305 161.305 161.305 161.305 161.305 161.305 
161.305 161.305 161.305 161.305 161.305 161.305 161.305 161.305 161.305 161.305 
161.305 161.305 161.305 161.305 161.305 161.305 161.305 161.305 161.305 161.305 
161.305 161.305 161.305 161.305 161.305 161.305 161.305 161.305 161.305 161.305 
161.305 161.305 161.305 161.305 161.305 161.305 161.305 161.305 161.305 161.305 
161.305 161.305 161.305 161.305 161.305 161.305 161.305 161.305 161.305 161.305 
161.305 161.305 161.305 161.305 161.305 161.305 161.305 161.305 161.305 161.305 
161.305 161.305 161.305 161.305 161.305 161.305 161.305 161.305 161.305 161.305 
161.305 161.305 161.305 161.305 161.305 161.305 161.305 161.305 161.305 161.305 
161.305 161.305 161.305 161.305 161.305 161.305 161.305 161.305 161.305 161.305 
161.305 161.305 161.305 161.305 161.305 161.305 161.305 161.305 161.305 161.305 
161.305 161.305 161.305 161.305 161.305 161.305 161.305 161.305 161.305 161.305 
161.305 161.305 161.305 161.305 161.305 161.305 161.305 161.305 161.305 161.305 
161.305 161.305 161.305 161.305 161.305 161.305 161.305 161.305 161.305 161.305 
161.305 161.305 161.305 161.305 161.305 161.305 161.305 161.305 161.305 161.305 
161.305 161.305 161.305 161.305 161.305 161.305 161.305 161.305 161.305 161.305 
161.305 161.305 161.305 161.305 161.305 161.305 161.305 161.305 161.305 161.305 
161.305 161.305 161.305 161.305 161.305 161.305 161.305 161.305 161.305 161.305 
161.305 161.305 161.305 161.305 161.305 161.305 161.305 161.305 161.305 161.305 
161.305 161.305 161.305 160.503 160.503 160.503 160.503 160.503 160.503 160.503 
160.503 160.503 160.503 160.503 160.503 160.503 160.503 160.503 160.503 160.503 
160.503 160.503 160.503 160.503 160.503 160.503 160.503 160.503 160.503 160.503 
160.503 160.503 160.503 160.503 160.503 160.503 160.503 160.503 160.503 160.503 
160.503 160.503 160.503 160.503 160.503 160.503 160.503 160.503 160.503 160.503 
160.503 160.503 160.503 160.503 160.503 160.503 160.503 160.503 160.503 160.503 
160.503 160.503 160.503 160.503 160.503 160.503 160.503 160.503 160.503 160.503 
160.503 160.503 160.503 160.503 160.503 160.503 160.503 160.503 160.503 160.503 
160.503 160.503 160.503 160.503 160.503 160.503 160.503 160.503 160.503 160.503 
160.503 160.503 160.503 160.503 160.503 160.503 160.503 160.503 160.503 160.503 
160.503 160.503 160.503 160.503 160.503 160.503 160.503 160.503 160.503 160.503 
160.503 160.503 160.503 160.503 160.503 160.503 160.503 160.503 160.503 160.503 
160.503 160.503 160.503 160.503 160.503 160.503 160.503 160.503 160.503 160.503 
160.503 160.503 160.503 160.503 160.503 160.503 160.503 160.503 160.503 160.503 
160.503 160.503 160.503 160.503 160.503 160.503 160.503 160.503 160.503 160.503 
160.503 160.503 160.503 160.503 160.503 160.503 160.503 160.503 160.503 160.503 
160.503 160.503 160.503 160.503 160.503 160.503 160.503 160.503 160.503 160.503 
160.503 160.503 160.503 160.503 160.503 160.503 160.503 160.503 160.503 160.503 
160.503 160.503 160.503 160.503 160.503 160.503 160.503 160.503 160.503 160.503 
160.503 160.503 160.503 160.503 160.503 160.503 160.503 160.503 160.503 150.346 
150.346 150.346 150.346 150.346 150.346 150.346 150.346 150.346 150.346 150.346 
150.346 150.346 150.346 150.346 150.346 150.346 150.346 150.346 150.346 150.346 
150.346 150.346 150.346 150.346 150.346 150.346 150.346 150.346 150.346 150.346 
150.346 150.346 150.346 150.346 150.346 150.346 150.346 150.346 150.346 150.346 
150.346 150.346 150.346 150.346 150.346 150.346 150.346 150.346 150.346 150.346 
150.346 150.346 150.346 150.346 150.346 150.346 150.346 150.346 150.346 150.346 
150.346 150.346 150.346 150.346 150.346 150.346 150.346 150.346 150.346 150.346 
150.346 150.346 150.346 150.346 150.346 150.346 150.346 150.346 150.346 150.346 
150.346 150.346 150.346 150.346 150.346 150.346 150.346 150.346 150.346 150.346 
150.346 150.346 150.346 150.346 150.346 150.346 150.346 150.346 150.346 150.346 
150.346 150.346 150.346 150.346 150.346 150.346 150.346 150.346 150.346 150.346 
150.346 150.346 150.346 150.346 150.346 150.346 150.346 150.346 150.346 150.346 
150.346 150.346 150.346 150.346 150.346 150.346 150.346 150.346 150.346 150.346 
150.346 150.346 150.346 150.346 150.346 150.346 150.346 150.346 150.346 150.346 
150.346 150.346 150.346 150.346 150.346 150.346 150.346 150.346 150.346 150.346 
150.346 150.346 150.346 150.346 150.346 150.346 150.346 150.346 150.346 150.346 
150.346 150.346 150.346 150.346 150.346 150.346 150.346 150.346 150.346 150.346 
150.346 150.346 150.346 150.346 150.346 150.346 150.346 150.346 150.346 150.346 
150.346 150.346 150.346 150.346 150.346 150.346 150.346 150.346 150.346 150.346 
150.346 150.346 150.346 150.346 150.346 163.963 163.963 163.963 163.963 163.963 
163.963 163.963 163.963 163.963 163.963 163.963 163.963 163.963 163.963 163.963 
163.963 163.963 163.963 163.963 163.963 163.963 163.963 163.963 163.963 163.963 
163.963 163.963 163.963 163.963 163.963 163.963 163.963 163.963 163.963 163.963 
163.963 163.963 163.963 163.963 163.963 163.963 163.963 163.963 163.963 163.963 
163.963 163.963 163.963 163.963 163.963 163.963 163.963 163.963 163.963 163.963 
163.963 163.963 163.963 163.963 163.963 163.963 163.963 163.963 163.963 163.963 
163.963 163.963 163.963 163.963 163.963 163.963 163.963 163.963 163.963 163.963 
163.963 163.963 163.963 163.963 163.963 163.963 163.963 163.963 163.963 163.963 
163.963 163.963 163.963 163.963 163.963 163.963 163.963 163.963 163.963 163.963 
163.963 163.963 163.963 163.963 163.963 163.963 163.963 163.963 163.963 163.963 
163.963 163.963 163.963 163.963 163.963 163.963 163.963 163.963 163.963 163.963 
163.963 163.963 163.963 163.963 163.963 163.963 163.963 163.963 163.963 163.963 
163.963 163.963 163.963 163.963 163.963 163.963 163.963 163.963 163.963 163.963 
163.963 163.963 163.963 163.963 163.963 163.963 163.963 163.963 163.963 163.963 
163.963 163.963 163.963 163.963 163.963 163.963 163.963 163.963 163.963 163.963 
163.963 163.963 163.963 163.963 163.963 163.963 163.963 163.963 163.963 163.963 
163.963 163.963 163.963 163.963 163.963 163.963 163.963 163.963 163.963 163.963 
163.963 163.963 163.963 163.963 163.963 163.963 163.963 163.963 163.963 163.963 
163.963 163.963 163.963 163.963 163.963 163.963 163.963 163.963 163.963 163.963 
163.963 165.878 165.878 165.878 165.878 165.878 165.878 165.878 165.878 165.878 
165.878 165.878 165.878 165.878 165.878 165.878 165.878 165.878 165.878 165.878 
165.878 165.878 165.878 165.878 165.878 165.878 165.878 165.878 165.878 165.878 
165.878 165.878 165.878 165.878 165.878 165.878 165.878 165.878 165.878 165.878 
165.878 165.878 165.878 165.878 165.878 165.878 165.878 165.878 165.878 165.878 
165.878 165.878 165.878 165.878 165.878 165.878 165.878 165.878 165.878 165.878 
165.878 165.878 165.878 165.878 165.878 165.878 165.878 165.878 165.878 165.878 
165.878 165.878 165.878 165.878 165.878 165.878 165.878 165.878 165.878 165.878 
165.878 165.878 165.878 165.878 165.878 165.878 165.878 165.878 165.878 165.878 
165.878 165.878 165.878 165.878 165.878 165.878 165.878 165.878 165.878 165.878 
165.878 165.878 165.878 165.878 165.878 165.878 165.878 165.878 165.878 165.878 
165.878 165.878 165.878 165.878 165.878 165.878 165.878 165.878 165.878 165.878 
165.878 165.878 165.878 165.878 165.878 165.878 165.878 165.878 165.878 165.878 
165.878 165.878 165.878 165.878 165.878 165.878 165.878 165.878 165.878 165.878 
165.878 165.878 165.878 165.878 165.878 165.878 165.878 165.878 165.878 165.878 
165.878 165.878 165.878 165.878 165.878 165.878 165.878 165.878 165.878 165.878 
165.878 165.878 165.878 165.878 165.878 165.878 165.878 165.878 165.878 165.878 
165.878 165.878 165.878 165.878 165.878 165.878 165.878 165.878 165.878 165.878 
165.878 165.878 165.878 165.878 165.878 165.878 165.878 165.878 165.878 165.878 
165.878 165.878 165.878 165.878 165.878 165.878 165.878 155.711 155.711 155.711 
155.711 155.711 155.711 155.711 155.711 155.711 155.711 155.711 155.711 155.711 
155.711 155.711 155.711 155.711 155.711 155.711 155.711 155.711 155.711 155.711 
155.711 155.711 155.711 155.711 155.711 155.711 155.711 155.711 155.711 155.711 
155.711 155.711 155.711 155.711 155.711 155.711 155.711 155.711 155.711 155.711 
155.711 155.711 155.711 155.711 155.711 155.711 155.711 155.711 155.711 155.711 
155.711 155.711 155.711 155.711 155.711 155.711 155.711 155.711 155.711 155.711 
155.711 155.711 155.711 155.711 155.711 155.711 155.711 155.711 155.711 155.711 
155.711 155.711 155.711 155.711 155.711 155.711 155.711 155.711 155.711 155.711 
155.711 155.711 155.711 155.711 155.711 155.711 155.711 155.711 155.711 155.711 
155.711 155.711 155.711 155.711 155.711 155.711 155.711 155.711 155.711 155.711 
155.711 155.711 155.711 155.711 155.711 155.711 155.711 155.711 155.711 155.711 
155.711 155.711 155.711 155.711 155.711 155.711 155.711 155.711 155.711 155.711 
155.711 155.711 155.711 155.711 155.711 155.711 155.711 155.711 155.711 155.711 
155.711 155.711 155.711 155.711 155.711 155.711 155.711 155.711 155.711 155.711 
155.711 155.711 155.711 155.711 155.711 155.711 155.711 155.711 155.711 155.711 
155.711 155.711 155.711 155.711 155.711 155.711 155.711 155.711 155.711 155.711 
155.711 155.711 155.711 155.711 155.711 155.711 155.711 155.711 155.711 155.711 
155.711 155.711 155.711 155.711 155.711 155.711 155.711 155.711 155.711 155.711 
155.711 155.711 155.711 155.711 155.711 155.711 155.711 155.711 155.711 155.711 
155.711 155.711 155.711 159.913 159.913 159.913 159.913 159.913 159.913 159.913 
159.913 159.913 159.913 159.913 159.913 159.913 159.913 159.913 159.913 159.913 
159.913 159.913 159.913 159.913 159.913 159.913 159.913 159.913 159.913 159.913 
159.913 159.913 159.913 159.913 159.913 159.913 159.913 159.913 159.913 159.913 
159.913 159.913 159.913 159.913 159.913 159.913 159.913 159.913 159.913 159.913 
159.913 159.913 159.913 159.913 159.913 159.913 159.913 159.913 159.913 159.913 
159.913 159.913 159.913 159.913 159.913 159.913 159.913 159.913 159.913 159.913 
159.913 159.913 159.913 159.913 159.913 159.913 159.913 159.913 159.913 159.913 
159.913 159.913 159.913 159.913 159.913 159.913 159.913 159.913 159.913 159.913 
159.913 159.913 159.913 159.913 159.913 159.913 159.913 159.913 159.913 159.913 
159.913 159.913 159.913 159.913 159.913 159.913 159.913 159.913 159.913 159.913 
159.913 159.913 159.913 159.913 159.913 159.913 159.913 159.913 159.913 159.913 
159.913 159.913 159.913 159.913 159.913 159.913 159.913 159.913 159.913 159.913 
159.913 159.913 159.913 159.913 159.913 159.913 159.913 159.913 159.913 159.913 
159.913 159.913 159.913 159.913 159.913 159.913 159.913 159.913 159.913 159.913 
159.913 159.913 159.913 159.913 159.913 159.913 159.913 159.913 159.913 159.913 
159.913 159.913 159.913 159.913 159.913 159.913 159.913 159.913 159.913 159.913 
159.913 159.913 159.913 159.913 159.913 159.913 159.913 159.913 159.913 159.913 
159.913 159.913 159.913 159.913 159.913 159.913 159.913 159.913 159.913 159.913 
159.913 159.913 159.913 159.913 159.913 159.913 159.913 159.913 159.913 151.393 
151.393 151.393 151.393 151.393 151.393 151.393 151.393 151.393 151.393 151.393 
151.393 151.393 151.393 151.393 151.393 151.393 151.393 151.393 151.393 151.393 
151.393 151.393 151.393 151.393 151.393 151.393 151.393 151.393 151.393 151.393 
151.393 151.393 151.393 151.393 151.393 151.393 151.393 151.393 151.393 151.393 
151.393 151.393 151.393 151.393 151.393 151.393 151.393 151.393 151.393 151.393 
151.393 151.393 151.393 151.393 151.393 151.393 151.393 151.393 151.393 151.393 
151.393 151.393 151.393 151.393 151.393 151.393 151.393 151.393 151.393 151.393 
151.393 151.393 151.393 151.393 151.393 151.393 151.393 151.393 151.393 151.393 
151.393 151.393 151.393 151.393 151.393 151.393 151.393 151.393 151.393 151.393 
151.393 151.393 151.393 151.393 151.393 151.393 151.393 151.393 151.393 151.393 
151.393 151.393 151.393 151.393 151.393 151.393 151.393 151.393 151.393 151.393 
151.393 151.393 151.393 151.393 151.393 151.393 151.393 151.393 151.393 151.393 
151.393 151.393 151.393 151.393 151.393 151.393 151.393 151.393 151.393 151.393 
151.393 151.393 151.393 151.393 151.393 151.393 151.393 151.393 151.393 151.393 
151.393 151.393 151.393 151.393 151.393 151.393 151.393 151.393 151.393 151.393 
151.393 151.393 151.393 151.393 151.393 151.393 151.393 151.393 151.393 151.393 
151.393 151.393 151.393 151.393 151.393 151.393 151.393 151.393 151.393 151.393 
151.393 151.393 151.393 151.393 151.393 151.393 151.393 151.393 151.393 151.393 
151.393 151.393 151.393 151.393 151.393 151.393 151.393 151.393 151.393 151.393 
151.393 151.393 151.393 151.393 151.393 156.406 156.406 156.406 156.406 156.406 
156.406 156.406 156.406 156.406 156.406 156.406 156.406 156.406 156.406 156.406 
156.406 156.406 156.406 156.406 156.406 156.406 156.406 156.406 156.406 156.406 
156.406 156.406 156.406 156.406 156.406 156.406 156.406 156.406 156.406 156.406 
156.406 156.406 156.406 156.406 156.406 156.406 156.406 156.406 156.406 156.406 
156.406 156.406 156.406 156.406 156.406 156.406 156.406 156.406 156.406 156.406 
156.406 156.406 156.406 156.406 156.406 156.406 156.406 156.406 156.406 156.406 
156.406 156.406 156.406 156.406 156.406 156.406 156.406 156.406 156.406 156.406 
156.406 156.406 156.406 156.406 156.406 156.406 156.406 156.406 156.406 156.406 
156.406 156.406 156.406 156.406 156.406 156.406 156.406 156.406 156.406 156.406 
156.406 156.406 156.406 156.406 156.406 156.406 156.406 156.406 156.406 156.406 
156.406 156.406 156.406 156.406 156.406 156.406 156.406 156.406 156.406 156.406 
156.406 156.406 156.406 156.406 156.406 156.406 156.406 156.406 156.406 156.406 
156.406 156.406 156.406 156.406 156.406 156.406 156.406 156.406 156.406 156.406 
156.406 156.406 156.406 156.406 156.406 156.406 156.406 156.406 156.406 156.406 
156.406 156.406 156.406 156.406 156.406 156.406 156.406 156.406 156.406 156.406 
156.406 156.406 156.406 156.406 156.406 156.406 156.406 156.406 156.406 156.406 
156.406 156.406 156.406 156.406 156.406 156.406 156.406 156.406 156.406 156.406 
156.406 156.406 156.406 156.406 156.406 156.406 156.406 156.406 156.406 156.406 
156.406 156.406 156.406 156.406 156.406 156.406 156.406 156.406 156.406 156.406 
156.406 148.673 148.673 148.673 148.673 148.673 148.673 148.673 148.673 148.673 
148.673 148.673 148.673 148.673 148.673 148.673 148.673 148.673 148.673 148.673 
148.673 148.673 148.673 148.673 148.673 148.673 148.673 148.673 148.673 148.673 
148.673 148.673 148.673 148.673 148.673 148.673 148.673 148.673 148.673 148.673 
148.673 148.673 148.673 148.673 148.673 148.673 148.673 148.673 148.673 148.673 
148.673 148.673 148.673 148.673 148.673 148.673 148.673 148.673 148.673 148.673 
148.673 148.673 148.673 148.673 148.673 148.673 148.673 148.673 148.673 148.673 
148.673 148.673 148.673 148.673 148.673 148.673 148.673 148.673 148.673 148.673 
148.673 148.673 148.673 148.673 148.673 148.673 148.673 148.673 148.673 148.673 
148.673 148.673 148.673 148.673 148.673 148.673 148.673 148.673 148.673 148.673 
148.673 148.673 148.673 148.673 148.673 148.673 148.673 148.673 148.673 148.673 
148.673 148.673 148.673 148.673 148.673 148.673 148.673 148.673 148.673 148.673 
148.673 148.673 148.673 148.673 148.673 148.673 148.673 148.673 148.673 148.673 
148.673 148.673 148.673 148.673 148.673 148.673 148.673 148.673 148.673 148.673 
148.673 148.673 148.673 148.673 148.673 148.673 148.673 148.673 148.673 148.673 
148.673 148.673 148.673 148.673 148.673 148.673 148.673 148.673 148.673 148.673 
148.673 148.673 148.673 148.673 148.673 148.673 148.673 148.673 148.673 148.673 
148.673 148.673 148.673 148.673 148.673 148.673 148.673 148.673 148.673 148.673 
148.673 148.673 148.673 148.673 148.673 148.673 148.673 148.673 148.673 148.673 
148.673 148.673 148.673 148.673 148.673 148.673 148.673 133.627 133.627 133.627 
133.627 133.627 133.627 133.627 133.627 133.627 133.627 133.627 133.627 133.627 
133.627 133.627 133.627 133.627 133.627 133.627 133.627 133.627 133.627 133.627 
133.627 133.627 133.627 133.627 133.627 133.627 133.627 133.627 133.627 133.627 
133.627 133.627 133.627 133.627 133.627 133.627 133.627 133.627 133.627 133.627 
133.627 133.627 133.627 133.627 133.627 133.627 133.627 133.627 133.627 133.627 
133.627 133.627 133.627 133.627 133.627 133.627 133.627 133.627 133.627 133.627 
133.627 133.627 133.627 133.627 133.627 133.627 133.627 133.627 133.627 133.627 
133.627 133.627 133.627 133.627 133.627 133.627 133.627 133.627 133.627 133.627 
133.627 133.627 133.627 133.627 133.627 133.627 133.627 133.627 133.627 133.627 
133.627 133.627 133.627 133.627 133.627 133.627 133.627 133.627 133.627 133.627 
133.627 133.627 133.627 133.627 133.627 133.627 133.627 133.627 133.627 133.627 
133.627 133.627 133.627 133.627 133.627 133.627 133.627 133.627 133.627 133.627 
133.627 133.627 133.627 133.627 133.627 133.627 133.627 133.627 133.627 133.627 
133.627 133.627 133.627 133.627 133.627 133.627 133.627 133.627 133.627 133.627 
133.627 133.627 133.627 133.627 133.627 133.627 133.627 133.627 133.627 133.627 
133.627 133.627 133.627 133.627 133.627 133.627 133.627 133.627 133.627 133.627 
133.627 133.627 133.627 133.627 133.627 133.627 133.627 133.627 133.627 133.627 
133.627 133.627 133.627 133.627 133.627 133.627 133.627 133.627 133.627 133.627 
133.627 133.627 133.627 133.627 133.627 133.627 133.627 133.627 133.627 133.627 
133.627 133.627 133.627 146.475 146.475 146.475 146.475 146.475 146.475 146.475 
146.475 146.475 146.475 146.475 146.475 146.475 146.475 146.475 146.475 146.475 
146.475 146.475 146.475 146.475 146.475 146.475 146.475 146.475 146.475 146.475 
146.475 146.475 146.475 146.475 146.475 146.475 146.475 146.475 146.475 146.475 
146.475 146.475 146.475 146.475 146.475 146.475 146.475 146.475 146.475 146.475 
146.475 146.475 146.475 146.475 146.475 146.475 146.475 146.475 146.475 146.475 
146.475 146.475 146.475 146.475 146.475 146.475 146.475 146.475 146.475 146.475 
146.475 146.475 146.475 146.475 146.475 146.475 146.475 146.475 146.475 146.475 
146.475 146.475 146.475 146.475 146.475 146.475 146.475 146.475 146.475 146.475 
146.475 146.475 146.475 146.475 146.475 146.475 146.475 146.475 146.475 146.475 
146.475 146.475 146.475 146.475 146.475 146.475 146.475 146.475 146.475 146.475 
146.475 146.475 146.475 146.475 146.475 146.475 146.475 146.475 146.475 146.475 
146.475 146.475 146.475 146.475 146.475 146.475 146.475 146.475 146.475 146.475 
146.475 146.475 146.475 146.475 146.475 146.475 146.475 146.475 146.475 146.475 
146.475 146.475 146.475 146.475 146.475 146.475 146.475 146.475 146.475 146.475 
146.475 146.475 146.475 146.475 146.475 146.475 146.475 146.475 146.475 146.475 
146.475 146.475 146.475 146.475 146.475 146.475 146.475 146.475 146.475 146.475 
146.475 146.475 146.475 146.475 146.475 146.475 146.475 146.475 146.475 146.475 
146.475 146.475 146.475 146.475 146.475 146.475 146.475 146.475 146.475 146.475 
146.475 146.475 146.475 146.475 146.475 146.475 146.475 146.475 146.475 169.029 
169.029 169.029 169.029 169.029 169.029 169.029 169.029 169.029 169.029 169.029 
169.029 169.029 169.029 169.029 169.029 169.029 169.029 169.029 169.029 169.029 
169.029 169.029 169.029 169.029 169.029 169.029 169.029 169.029 169.029 169.029 
169.029 169.029 169.029 169.029 169.029 169.029 169.029 169.029 169.029 169.029 
169.029 169.029 169.029 169.029 169.029 169.029 169.029 169.029 169.029 169.029 
169.029 169.029 169.029 169.029 169.029 169.029 169.029 169.029 169.029 169.029 
169.029 169.029 169.029 169.029 169.029 169.029 169.029 169.029 169.029 169.029 
169.029 169.029 169.029 169.029 169.029 169.029 169.029 169.029 169.029 169.029 
169.029 169.029 169.029 169.029 169.029 169.029 169.029 169.029 169.029 169.029 
169.029 169.029 169.029 169.029 169.029 169.029 169.029 169.029 169.029 169.029 
169.029 169.029 169.029 169.029 169.029 169.029 169.029 169.029 169.029 169.029 
169.029 169.029 169.029 169.029 169.029 169.029 169.029 169.029 169.029 169.029 
169.029 169.029 169.029 169.029 169.029 169.029 169.029 169.029 169.029 169.029 
169.029 169.029 169.029 169.029 169.029 169.029 169.029 169.029 169.029 169.029 
169.029 169.029 169.029 169.029 169.029 169.029 169.029 169.029 169.029 169.029 
169.029 169.029 169.029 169.029 169.029 169.029 169.029 169.029 169.029 169.029 
169.029 169.029 169.029 169.029 169.029 169.029 169.029 169.029 169.029 169.029 
169.029 169.029 169.029 169.029 169.029 169.029 169.029 169.029 169.029 169.029 
169.029 169.029 169.029 169.029 169.029 169.029 169.029 169.029 169.029 169.029 
169.029 169.029 169.029 169.029 169.029 135.438 135.438 135.438 135.438 135.438 
135.438 135.438 135.438 135.438 135.438 135.438 135.438 135.438 135.438 135.438 
135.438 135.438 135.438 135.438 135.438 135.438 135.438 135.438 135.438 135.438 
135.438 135.438 135.438 135.438 135.438 135.438 135.438 135.438 135.438 135.438 
135.438 135.438 135.438 135.438 135.438 135.438 135.438 135.438 135.438 135.438 
135.438 135.438 135.438 135.438 135.438 135.438 135.438 135.438 135.438 135.438 
135.438 135.438 135.438 135.438 135.438 135.438 135.438 135.438 135.438 135.438 
135.438 135.438 135.438 135.438 135.438 135.438 135.438 135.438 135.438 135.438 
135.438 135.438 135.438 135.438 135.438 135.438 135.438 135.438 135.438 135.438 
135.438 135.438 135.438 135.438 135.438 135.438 135.438 135.438 135.438 135.438 
135.438 135.438 135.438 135.438 135.438 135.438 135.438 135.438 135.438 135.438 
135.438 135.438 135.438 135.438 135.438 135.438 135.438 135.438 135.438 135.438 
135.438 135.438 135.438 135.438 135.438 135.438 135.438 135.438 135.438 135.438 
135.438 135.438 135.438 135.438 135.438 135.438 135.438 135.438 135.438 135.438 
135.438 135.438 135.438 135.438 135.438 135.438 135.438 135.438 135.438 135.438 
135.438 135.438 135.438 135.438 135.438 135.438 135.438 135.438 135.438 135.438 
135.438 135.438 135.438 135.438 135.438 135.438 135.438 135.438 135.438 135.438 
135.438 135.438 135.438 135.438 135.438 135.438 135.438 135.438 135.438 135.438 
135.438 135.438 135.438 135.438 135.438 135.438 135.438 135.438 135.438 135.438 
135.438 135.438 135.438 135.438 135.438 135.438 135.438 135.438 135.438 135.438 
135.438 166.072 166.072 166.072 166.072 166.072 166.072 166.072 166.072 166.072 
166.072 166.072 166.072 166.072 166.072 166.072 166.072 166.072 166.072 166.072 
166.072 166.072 166.072 166.072 166.072 166.072 166.072 166.072 166.072 166.072 
166.072 166.072 166.072 166.072 166.072 166.072 166.072 166.072 166.072 166.072 
166.072 166.072 166.072 166.072 166.072 166.072 166.072 166.072 166.072 166.072 
166.072 166.072 166.072 166.072 166.072 166.072 166.072 166.072 166.072 166.072 
166.072 166.072 166.072 166.072 166.072 166.072 166.072 166.072 166.072 166.072 
166.072 166.072 166.072 166.072 166.072 166.072 166.072 166.072 166.072 166.072 
166.072 166.072 166.072 166.072 166.072 166.072 166.072 166.072 166.072 166.072 
166.072 166.072 166.072 166.072 166.072 166.072 166.072 166.072 166.072 166.072 
166.072 166.072 166.072 166.072 166.072 166.072 166.072 166.072 166.072 166.072 
166.072 166.072 166.072 166.072 166.072 166.072 166.072 166.072 166.072 166.072 
166.072 166.072 166.072 166.072 166.072 166.072 166.072 166.072 166.072 166.072 
166.072 166.072 166.072 166.072 166.072 166.072 166.072 166.072 166.072 166.072 
166.072 166.072 166.072 166.072 166.072 166.072 166.072 166.072 166.072 166.072 
166.072 166.072 166.072 166.072 166.072 166.072 166.072 166.072 166.072 166.072 
166.072 166.072 166.072 166.072 166.072 166.072 166.072 166.072 166.072 166.072 
166.072 166.072 166.072 166.072 166.072 166.072 166.072 166.072 166.072 166.072 
166.072 166.072 166.072 166.072 166.072 166.072 166.072 166.072 166.072 166.072 
166.072 166.072 166.072 166.072 166.072 166.072 166.072 100.369 100.369 100.369 
100.369 100.369 100.369 100.369 100.369 100.369 100.369 100.369 100.369 100.369 
100.369 100.369 100.369 100.369 100.369 100.369 100.369 100.369 100.369 100.369 
100.369 100.369 100.369 100.369 100.369 100.369 100.369 100.369 100.369 100.369 
100.369 100.369 100.369 100.369 100.369 100.369 100.369 100.369 100.369 100.369 
100.369 100.369 100.369 100.369 100.369 100.369 100.369 100.369 100.369 100.369 
100.369 100.369 100.369 100.369 100.369 100.369 100.369 100.369 100.369 100.369 
100.369 100.369 100.369 100.369 100.369 100.369 100.369 100.369 100.369 100.369 
100.369 100.369 100.369 100.369 100.369 100.369 100.369 100.369 100.369 100.369 
100.369 100.369 100.369 100.369 100.369 100.369 100.369 100.369 100.369 100.369 
100.369 100.369 100.369 100.369 100.369 100.369 100.369 100.369 100.369 100.369 
100.369 100.369 100.369 100.369 100.369 100.369 100.369 100.369 100.369 100.369 
100.369 100.369 100.369 100.369 100.369 100.369 100.369 100.369 100.369 100.369 
100.369 100.369 100.369 100.369 100.369 100.369 100.369 100.369 100.369 100.369 
100.369 100.369 100.369 100.369 100.369 100.369 100.369 100.369 100.369 100.369 
100.369 100.369 100.369 100.369 100.369 100.369 100.369 100.369 100.369 100.369 
100.369 100.369 100.369 100.369 100.369 100.369 100.369 100.369 100.369 100.369 
100.369 100.369 100.369 100.369 100.369 100.369 100.369 100.369 100.369 100.369 
100.369 100.369 100.369 100.369 100.369 100.369 100.369 100.369 100.369 100.369 
100.369 100.369 100.369 100.369 100.369 100.369 100.369 100.369 100.369 100.369 
100.369 100.369 100.369 150.131 150.131 150.131 150.131 150.131 150.131 150.131 
150.131 150.131 150.131 150.131 150.131 150.131 150.131 150.131 150.131 150.131 
150.131 150.131 150.131 150.131 150.131 150.131 150.131 150.131 150.131 150.131 
150.131 150.131 150.131 150.131 150.131 150.131 150.131 150.131 150.131 150.131 
150.131 150.131 150.131 150.131 150.131 150.131 150.131 150.131 150.131 150.131 
150.131 150.131 150.131 150.131 150.131 150.131 150.131 150.131 150.131 150.131 
150.131 150.131 150.131 150.131 150.131 150.131 150.131 150.131 150.131 150.131 
150.131 150.131 150.131 150.131 150.131 150.131 150.131 150.131 150.131 150.131 
150.131 150.131 150.131 150.131 150.131 150.131 150.131 150.131 150.131 150.131 
150.131 150.131 150.131 150.131 150.131 150.131 150.131 150.131 150.131 150.131 
150.131 150.131 150.131 150.131 150.131 150.131 150.131 150.131 150.131 150.131 
150.131 150.131 150.131 150.131 150.131 150.131 150.131 150.131 150.131 150.131 
150.131 150.131 150.131 150.131 150.131 150.131 150.131 150.131 150.131 150.131 
150.131 150.131 150.131 150.131 150.131 150.131 150.131 150.131 150.131 150.131 
150.131 150.131 150.131 150.131 150.131 150.131 150.131 150.131 150.131 150.131 
150.131 150.131 150.131 150.131 150.131 150.131 150.131 150.131 150.131 150.131 
150.131 150.131 150.131 150.131 150.131 150.131 150.131 150.131 150.131 150.131 
150.131 150.131 150.131 150.131 150.131 150.131 150.131 150.131 150.131 150.131 
150.131 150.131 150.131 150.131 150.131 150.131 150.131 150.131 150.131 150.131 
150.131 150.131 150.131 150.131 150.131 150.131 150.131 150.131 150.131 168.984 
168.984 168.984 168.984 168.984 168.984 168.984 168.984 168.984 168.984 168.984 
168.984 168.984 168.984 168.984 168.984 168.984 168.984 168.984 168.984 168.984 
168.984 168.984 168.984 168.984 168.984 168.984 168.984 168.984 168.984 168.984 
168.984 168.984 168.984 168.984 168.984 168.984 168.984 168.984 168.984 168.984 
168.984 168.984 168.984 168.984 168.984 168.984 168.984 168.984 168.984 168.984 
168.984 168.984 168.984 168.984 168.984 168.984 168.984 168.984 168.984 168.984 
168.984 168.984 168.984 168.984 168.984 168.984 168.984 168.984 168.984 168.984 
168.984 168.984 168.984 168.984 168.984 168.984 168.984 168.984 168.984 168.984 
168.984 168.984 168.984 168.984 168.984 168.984 168.984 168.984 168.984 168.984 
168.984 168.984 168.984 168.984 168.984 168.984 168.984 168.984 168.984 168.984 
168.984 168.984 168.984 168.984 168.984 168.984 168.984 168.984 168.984 168.984 
168.984 168.984 168.984 168.984 168.984 168.984 168.984 168.984 168.984 168.984 
168.984 168.984 168.984 168.984 168.984 168.984 168.984 168.984 168.984 168.984 
168.984 168.984 168.984 168.984 168.984 168.984 168.984 168.984 168.984 168.984 
168.984 168.984 168.984 168.984 168.984 168.984 168.984 168.984 168.984 168.984 
168.984 168.984 168.984 168.984 168.984 168.984 168.984 168.984 168.984 168.984 
168.984 168.984 168.984 168.984 168.984 168.984 168.984 168.984 168.984 168.984 
168.984 168.984 168.984 168.984 168.984 168.984 168.984 168.984 168.984 168.984 
168.984 168.984 168.984 168.984 168.984 168.984 168.984 168.984 168.984 168.984 
168.984 168.984 168.984 168.984 168.984 SCALARS Pc_MPa float 1
LOOKUP_TABLE default
164.311 164.311 164.311 164.311 164.311 164.311 164.311 164.311 164.311 
164.311 164.311 164.311 164.311 164.311 164.311 164.311 164.311 164.311 164.311 
164.311 164.311 164.311 164.311 164.311 164.311 164.311 164.311 164.311 164.311 
164.311 164.311 164.311 164.311 164.311 164.311 164.311 164.311 164.311 164.311 
164.311 164.311 164.311 164.311 164.311 164.311 164.311 164.311 164.311 164.311 
164.311 164.311 164.311 164.311 164.311 164.311 164.311 164.311 164.311 164.311 
164.311 164.311 164.311 164.311 164.311 164.311 164.311 164.311 164.311 164.311 
164.311 164.311 164.311 164.311 164.311 164.311 164.311 164.311 164.311 164.311 
164.311 164.311 164.311 164.311 164.311 164.311 164.311 164.311 164.311 164.311 
164.311 164.311 164.311 164.311 164.311 164.311 164.311 164.311 164.311 164.311 
164.311 164.311 164.311 164.311 164.311 164.311 164.311 164.311 164.311 164.311 
164.311 164.311 164.311 164.311 164.311 164.311 164.311 164.311 164.311 164.311 
164.311 164.311 164.311 164.311 164.311 164.311 164.311 164.311 164.311 164.311 
164.311 164.311 164.311 164.311 164.311 164.311 164.311 164.311 164.311 164.311 
164.311 164.311 164.311 164.311 164.311 164.311 164.311 164.311 164.311 164.311 
164.311 164.311 164.311 164.311 164.311 164.311 164.311 164.311 164.311 164.311 
164.311 164.311 164.311 164.311 164.311 164.311 164.311 164.311 164.311 164.311 
164.311 164.311 164.311 164.311 164.311 164.311 164.311 164.311 164.311 164.311 
164.311 164.311 164.311 164.311 164.311 164.311 164.311 164.311 164.311 164.311 
164.311 164.311 164.311 164.311 164.311 164.311 164.311 47.5453 47.5453 47.5453 
47.5453 47.5453 47.5453 47.5453 47.5453 47.5453 47.5453 47.5453 47.5453 47.5453 
47.5453 47.5453 47.5453 47.5453 47.5453 47.5453 47.5453 47.5453 47.5453 47.5453 
47.5453 47.5453 47.5453 47.5453 47.5453 47.5453 47.5453 47.5453 47.5453 47.5453 
47.5453 47.5453 47.5453 47.5453 47.5453 47.5453 47.5453 47.5453 47.5453 47.5453 
47.5453 47.5453 47.5453 47.5453 47.5453 47.5453 47.5453 47.5453 47.5453 47.5453 
47.5453 47.5453 47.5453 47.5453 47.5453 47.5453 47.5453 47.5453 47.5453 47.5453 
47.5453 47.5453 47.5453 47.5453 47.5453 47.5453 47.5453 47.5453 47.5453 47.5453 
47.5453 47.5453 47.5453 47.5453 47.5453 47.5453 47.5453 47.5453 47.5453 47.5453 
47.5453 47.5453 47.5453 47.5453 47.5453 47.5453 47.5453 47.5453 47.5453 47.5453 
47.5453 47.5453 47.5453 47.5453 47.5453 47.5453 47.5453 47.5453 47.5453 47.5453 
47.5453 47.5453 47.5453 47.5453 47.5453 47.5453 47.5453 47.5453 47.5453 47.5453 
47.5453 47.5453 47.5453 47.5453 47.5453 47.5453 47.5453 47.5453 47.5453 47.5453 
47.5453 47.5453 47.5453 47.5453 47.5453 47.5453 47.5453 47.5453 47.5453 47.5453 
47.5453 47.5453 47.5453 47.5453 47.5453 47.5453 47.5453 47.5453 47.5453 47.5453 
47.5453 47.5453 47.5453 47.5453 47.5453 47.5453 47.5453 47.5453 47.5453 47.5453 
47.5453 47.5453 47.5453 47.5453 47.5453 47.5453 47.5453 47.5453 47.5453 47.5453 
47.5453 47.5453 47.5453 47.5453 47.5453 47.5453 47.5453 47.5453 47.5453 47.5453 
47.5453 47.5453 47.5453 47.5453 47.5453 47.5453 47.5453 47.5453 47.5453 47.5453 
47.5453 47.5453 47.5453 47.5453 47.5453 47.5453 47.5453 47.5453 47.5453 47.5453 
47.5453 47.5453 47.5453 104.68 104.68 104.68 104.68 104.68 104.68 104.68 
104.68 104.68 104.68 104.68 104.68 104.68 104.68 104.68 104.68 104.68 
104.68 104.68 104.68 104.68 104.68 104.68 104.68 104.68 104.68 104.68 
104.68 104.68 104.68 104.68 104.68 104.68 104.68 104.68 104.68 104.68 
104.68 104.68 104.68 104.68 104.68 104.68 104.68 104.68 104.68 104.68 
104.68 104.68 104.68 104.68 104.68 104.68 104.68 104.68 104.68 104.68 
104.68 104.68 104.68 104.68 104.68 104.68 104.68 104.68 104.68 104.68 
104.68 104.68 104.68 104.68 104.68 104.68 104.68 104.68 104.68 104.68 
104.68 104.68 104.68 104.68 104.68 104.68 104.68 104.68 104.68 104.68 
104.68 104.68 104.68 104.68 104.68 104.68 104.68 104.68 104.68 104.68 
104.68 104.68 104.68 104.68 104.68 104.68 104.68 104.68 104.68 104.68 
104.68 104.68 104.68 104.68 104.68 104.68 104.68 104.68 104.68 104.68 
104.68 104.68 104.68 104.68 104.68 104.68 104.68 104.68 104.68 104.68 
104.68 104.68 104.68 104.68 104.68 104.68 104.68 104.68 104.68 104.68 
104.68 104.68 104.68 104.68 104.68 104.68 104.68 104.68 104.68 104.68 
104.68 104.68 104.68 104.68 104.68 104.68 104.68 104.68 104.68 104.68 
104.68 104.68 104.68 104.68 104.68 104.68 104.68 104.68 104.68 104.68 
104.68 104.68 104.68 104.68 104.68 104.68 104.68 104.68 104.68 104.68 
104.68 104.68 104.68 104.68 104.68 104.68 104.68 104.68 104.68 104.68 
104.68 104.68 104.68 104.68 104.68 104.68 104.68 104.68 104.68 176.199 
176.199 176.199 176.199 176.199 176.199 176.199 176.199 176.199 176.199 176.199 
176.199 176.199 176.199 176.199 176.199 176.199 176.199 176.199 176.199 176.199 
176.199 176.199 176.199 176.199 176.199 176.199 176.199 176.199 176.199 176.199 
176.199 176.199 176.199 176.199 176.199 176.199 176.199 176.199 176.199 176.199 
176.199 176.199 176.199 176.199 176.199 176.199 176.199 176.199 176.199 176.199 
176.199 176.199 176.199 176.199 176.199 176.199 176.199 176.199 176.199 176.199 
176.199 176.199 176.199 176.199 176.199 176.199 176.199 176.199 176.199 176.199 
176.199 176.199 176.199 176.199 176.199 176.199 176.199 176.199 176.199 176.199 
176.199 176.199 176.199 176.199 176.199 176.199 176.199 176.199 176.199 176.199 
176.199 176.199 176.199 176.199 176.199 176.199 176.199 176.199 176.199 176.199 
176.199 176.199 176.199 176.199 176.199 176.199 176.199 176.199 176.199 176.199 
176.199 176.199 176.199 176.199 176.199 176.199 176.199 176.199 176.199 176.199 
176.199 176.199 176.199 176.199 176.199 176.199 176.199 176.199 176.199 176.199 
176.199 176.199 176.199 176.199 176.199 176.199 176.199 176.199 176.199 176.199 
176.199 176.199 176.199 176.199 176.199 176.199 176.199 176.199 176.199 176.199 
176.199 176.199 176.199 176.199 176.199 176.199 176.199 176.199 176.199 176.199 
176.199 176.199 176.199 176.199 176.199 176.199 176.199 176.199 176.199 176.199 
176.199 176.199 176.199 176.199 176.199 176.199 176.199 176.199 176.199 176.199 
176.199 176.199 176.199 176.199 176.199 176.199 176.199 176.199 176.199 176.199 
176.199 176.199 176.199 176.199 176.199 128.456 128.456 128.456 128.456 128.456 
128.456 128.456 128.456 128.456 128.456 128.456 128.456 128.456 128.456 128.456 
128.456 128.456 128.456 128.456 128.456 128.456 128.456 128.456 128.456 128.456 
128.456 128.456 128.456 128.456 128.456 128.456 128.456 128.456 128.456 128.456 
128.456 128.456 128.456 128.456 128.456 128.456 128.456 128.456 128.456 128.456 
128.456 128.456 128.456 128.456 128.456 128.456 128.456 128.456 128.456 128.456 
128.456 128.456 128.456 128.456 128.456 128.456 128.456 128.456 128.456 128.456 
128.456 128.456 128.456 128.456 128.456 128.456 128.456 128.456 128.456 128.456 
128.456 128.456 128.456 128.456 128.456 128.456 128.456 128.456 128.456 128.456 
128.456 128.456 128.456 128.456 128.456 128.456 128.456 128.456 128.456 128.456 
128.456 128.456 128.456 128.456 128.456 128.456 128.456 128.456 128.456 128.456 
128.456 128.456 128.456 128.456 128.456 128.456 128.456 128.456 128.456 128.456 
128.456 128.456 128.456 128.456 128.456 128.456 128.456 128.456 128.456 128.456 
128.456 128.456 128.456 128.456 128.456 128.456 128.456 128.456 128.456 128.456 
128.456 128.456 128.456 128.456 128.456 128.456 128.456 128.456 128.456 128.456 
128.456 128.456 128.456 128.456 128.456 128.456 128.456 128.456 128.456 128.456 
128.456 128.456 128.456 128.456 128.456 128.456 128.456 128.456 128.456 128.456 
128.456 128.456 128.456 128.456 128.456 128.456 128.456 128.456 128.456 128.456 
128.456 128.456 128.456 128.456 128.456 128.456 128.456 128.456 128.456 128.456 
128.456 128.456 128.456 128.456 128.456 128.456 128.456 128.456 128.456 128.456 
128.456 161.758 161.758 161.758 161.758 161.758 161.758 161.758 161.758 161.758 
161.758 161.758 161.758 161.758 161.758 161.758 161.758 161.758 161.758 161.758 
161.758 161.758 161.758 161.758 161.758 161.758 161.758 161.758 161.758 161.758 
161.758 161.758 161.758 161.758 161.758 161.758 161.758 161.758 161.758 161.758 
161.758 161.758 161.758 161.758 161.758 161.758 161.758 161.758 161.758 161.758 
161.758 161.758 161.758 161.758 161.758 161.758 161.758 161.758 161.758 161.758 
161.758 161.758 161.758 161.758 161.758 161.758 161.758 161.758 161.758 161.758 
161.758 161.758 161.758 161.758 161.758 161.758 161.758 161.758 161.758 161.758 
161.758 161.758 161.758 161.758 161.758 161.758 161.758 161.758 161.758 161.758 
161.758 161.758 161.758 161.758 161.758 161.758 161.758 161.758 161.758 161.758 
161.758 161.758 161.758 161.758 161.758 161.758 161.758 161.758 161.758 161.758 
161.758 161.758 161.758 161.758 161.758 161.758 161.758 161.758 161.758 161.758 
161.758 161.758 161.758 161.758 161.758 161.758 161.758 161.758 161.758 161.758 
161.758 161.758 161.758 161.758 161.758 161.758 161.758 161.758 161.758 161.758 
161.758 161.758 161.758 161.758 161.758 161.758 161.758 161.758 161.758 161.758 
161.758 161.758 161.758 161.758 161.758 161.758 161.758 161.758 161.758 161.758 
161.758 161.758 161.758 161.758 161.758 161.758 161.758 161.758 161.758 161.758 
161.758 161.758 161.758 161.758 161.758 161.758 161.758 161.758 161.758 161.758 
161.758 161.758 161.758 161.758 161.758 161.758 161.758 161.758 161.758 161.758 
161.758 161.758 161.758 161.758 161.758 161.758 161.758 153.118 153.118 153.118 
153.118 153.118 153.118 153.118 153.118 153.118 153.118 153.118 153.118 153.118 
153.118 153.118 153.118 153.118 153.118 153.118 153.118 153.118 153.118 153.118 
153.118 153.118 153.118 153.118 153.118 153.118 153.118 153.118 153.118 153.118 
153.118 153.118 153.118 153.118 153.118 153.118 153.118 153.118 153.118 153.118 
153.118 153.118 153.118 153.118 153.118 153.118 153.118 153.118 153.118 153.118 
153.118 153.118 153.118 153.118 153.118 153.118 153.118 153.118 153.118 153.118 
153.118 153.118 153.118 153.118 153.118 153.118 153.118 153.118 153.118 153.118 
153.118 153.118 153.118 153.118 153.118 153.118 153.118 153.118 153.118 153.118 
153.118 153.118 153.118 153.118 153.118 153.118 153.118 153.118 153.118 153.118 
153.118 153.118 153.118 153.118 153.118 153.118 153.118 153.118 153.118 153.118 
153.118 153.118 153.118 153.118 153.118 153.118 153.118 153.118 153.118 153.118 
153.118 153.118 153.118 153.118 153.118 153.118 153.118 153.118 153.118 153.118 
153.118 153.118 153.118 153.118 153.118 153.118 153.118 153.118 153.118 153.118 
153.118 153.118 153.118 153.118 153.118 153.118 153.118 153.118 153.118 153.118 
153.118 153.118 153.118 153.118 153.118 153.118 153.118 153.118 153.118 153.118 
153.118 153.118 153.118 153.118 153.118 153.118 153.118 153.118 153.118 153.118 
153.118 153.118 153.118 153.118 153.118 153.118 153.118 153.118 153.118 153.118 
153.118 153.118 153.118 153.118 153.118 153.118 153.118 153.118 153.118 153.118 
153.118 153.118 153.118 153.118 153.118 153.118 153.118 153.118 153.118 153.118 
153.118 153.118 153.118 146.682 146.682 146.682 146.682 146.682 146.682 146.682 
146.682 146.682 146.682 146.682 146.682 146.682 146.682 146.682 146.682 146.682 
146.682 146.682 146.682 146.682 146.682 146.682 146.682 146.682 146.682 146.682 
146.682 146.682 146.682 146.682 146.682 146.682 146.682 146.682 146.682 146.682 
146.682 146.682 146.682 146.682 146.682 146.682 146.682 146.682 146.682 146.682 
146.682 146.682 146.682 146.682 146.682 146.682 146.682 146.682 146.682 146.682 
146.682 146.682 146.682 146.682 146.682 146.682 146.682 146.682 146.682 146.682 
146.682 146.682 146.682 146.682 146.682 146.682 146.682 146.682 146.682 146.682 
146.682 146.682 146.682 146.682 146.682 146.682 146.682 146.682 146.682 146.682 
146.682 146.682 146.682 146.682 146.682 146.682 146.682 146.682 146.682 146.682 
146.682 146.682 146.682 146.682 146.682 146.682 146.682 146.682 146.682 146.682 
146.682 146.682 146.682 146.682 146.682 146.682 146.682 146.682 146.682 146.682 
146.682 146.682 146.682 146.682 146.682 146.682 146.682 146.682 146.682 146.682 
146.682 146.682 146.682 146.682 146.682 146.682 146.682 146.682 146.682 146.682 
146.682 146.682 146.682 146.682 146.682 146.682 146.682 146.682 146.682 146.682 
146.682 146.682 146.682 146.682 146.682 146.682 146.682 146.682 146.682 146.682 
146.682 146.682 146.682 146.682 146.682 146.682 146.682 146.682 146.682 146.682 
146.682 146.682 146.682 146.682 146.682 146.682 146.682 146.682 146.682 146.682 
146.682 146.682 146.682 146.682 146.682 146.682 146.682 146.682 146.682 146.682 
146.682 146.682 146.682 146.682 146.682 146.682 146.682 146.682 146.682 134.971 
134.971 134.971 134.971 134.971 134.971 134.971 134.971 134.971 134.971 134.971 
134.971 134.971 134.971 134.971 134.971 134.971 134.971 134.971 134.971 134.971 
134.971 134.971 134.971 134.971 134.971 134.971 134.971 134.971 134.971 134.971 
134.971 134.971 134.971 134.971 134.971 134.971 134.971 134.971 134.971 134.971 
134.971 134.971 134.971 134.971 134.971 134.971 134.971 134.971 134.971 134.971 
134.971 134.971 134.971 134.971 134.971 134.971 134.971 134.971 134.971 134.971 
134.971 134.971 134.971 134.971 134.971 134.971 134.971 134.971 134.971 134.971 
134.971 134.971 134.971 134.971 134.971 134.971 134.971 134.971 134.971 134.971 
134.971 134.971 134.971 134.971 134.971 134.971 134.971 134.971 134.971 134.971 
134.971 134.971 134.971 134.971 134.971 134.971 134.971 134.971 134.971 134.971 
134.971 134.971 134.971 134.971 134.971 134.971 134.971 134.971 134.971 134.971 
134.971 134.971 134.971 134.971 134.971 134.971 134.971 134.971 134.971 134.971 
134.971 134.971 134.971 134.971 134.971 134.971 134.971 134.971 134.971 134.971 
134.971 134.971 134.971 134.971 134.971 134.971 134.971 134.971 134.971 134.971 
134.971 134.971 134.971 134.971 134.971 134.971 134.971 134.971 134.971 134.971 
134.971 134.971 134.971 134.971 134.971 134.971 134.971 134.971 134.971 134.971 
134.971 134.971 134.971 134.971 134.971 134.971 134.971 134.971 134.971 134.971 
134.971 134.971 134.971 134.971 134.971 134.971 134.971 134.971 134.971 134.971 
134.971 134.971 134.971 134.971 134.971 134.971 134.971 134.971 134.971 134.971 
134.971 134.971 134.971 134.971 134.971 162.583 162.583 162.583 162.583 162.583 
162.583 162.583 162.583 162.583 162.583 162.583 162.583 162.583 162.583 162.583 
162.583 162.583 162.583 162.583 162.583 162.583 162.583 162.583 162.583 162.583 
162.583 162.583 162.583 162.583 162.583 162.583 162.583 162.583 162.583 162.583 
162.583 162.583 162.583 162.583 162.583 162.583 162.583 162.583 162.583 162.583 
162.583 162.583 162.583 162.583 162.583 162.583 162.583 162.583 162.583 162.583 
162.583 162.583 162.583 162.583 162.583 162.583 162.583 162.583 162.583 162.583 
162.583 162.583 162.583 162.583 162.583 162.583 162.583 162.583 162.583 162.583 
162.583 162.583 162.583 162.583 162.583 162.583 162.583 162.583 162.583 162.583 
162.583 162.583 162.583 162.583 162.583 162.583 162.583 162.583 162.583 162.583 
162.583 162.583 162.583 162.583 162.583 162.583 162.583 162.583 162.583 162.583 
162.583 162.583 162.583 162.583 162.583 162.583 162.583 162.583 162.583 162.583 
162.583 162.583 162.583 162.583 162.583 162.583 162.583 162.583 162.583 162.583 
162.583 162.583 162.583 162.583 162.583 162.583 162.583 162.583 162.583 162.583 
162.583 162.583 162.583 162.583 162.583 162.583 162.583 162.583 162.583 162.583 
162.583 162.583 162.583 162.583 162.583 162.583 162.583 162.583 162.583 162.583 
162.583 162.583 162.583 162.583 162.583 162.583 162.583 162.583 162.583 162.583 
162.583 162.583 162.583 162.583 162.583 162.583 162.583 162.583 162.583 162.583 
162.583 162.583 162.583 162.583 162.583 162.583 162.583 162.583 162.583 162.583 
162.583 162.583 162.583 162.583 162.583 162.583 162.583 162.583 162.583 162.583 
162.583 155.886 155.886 155.886 155.886 155.886 155.886 155.886 155.886 155.886 
155.886 155.886 155.886 155.886 155.886 155.886 155.886 155.886 155.886 155.886 
155.886 155.886 155.886 155.886 155.886 155.886 155.886 155.886 155.886 155.886 
155.886 155.886 155.886 155.886 155.886 155.886 155.886 155.886 155.886 155.886 
155.886 155.886 155.886 155.886 155.886 155.886 155.886 155.886 155.886 155.886 
155.886 155.886 155.886 155.886 155.886 155.886 155.886 155.886 155.886 155.886 
155.886 155.886 155.886 155.886 155.886 155.886 155.886 155.886 155.886 155.886 
155.886 155.886 155.886 155.886 155.886 155.886 155.886 155.886 155.886 155.886 
155.886 155.886 155.886 155.886 155.886 155.886 155.886 155.886 155.886 155.886 
155.886 155.886 155.886 155.886 155.886 155.886 155.886 155.886 155.886 155.886 
155.886 155.886 155.886 155.886 155.886 155.886 155.886 155.886 155.886 155.886 
155.886 155.886 155.886 155.886 155.886 155.886 155.886 155.886 155.886 155.886 
155.886 155.886 155.886 155.886 155.886 155.886 155.886 155.886 155.886 155.886 
155.886 155.886 155.886 155.886 155.886 155.886 155.886 155.886 155.886 155.886 
155.886 155.886 155.886 155.886 155.886 155.886 155.886 155.886 155.886 155.886 
155.886 155.886 155.886 155.886 155.886 155.886 155.886 155.886 155.886 155.886 
155.886 155.886 155.886 155.886 155.886 155.886 155.886 155.886 155.886 155.886 
155.886 155.886 155.886 155.886 155.886 155.886 155.886 155.886 155.886 155.886 
155.886 155.886 155.886 155.886 155.886 155.886 155.886 155.886 155.886 155.886 
155.886 155.886 155.886 155.886 155.886 155.886 155.886 145.326 145.326 145.326 
145.326 145.326 145.326 145.326 145.326 145.326 145.326 145.326 145.326 145.326 
145.326 145.326 145.326 145.326 145.326 145.326 145.326 145.326 145.326 145.326 
145.326 145.326 145.326 145.326 145.326 145.326 145.326 145.326 145.326 145.326 
145.326 145.326 145.326 145.326 145.326 145.326 145.326 145.326 145.326 145.326 
145.326 145.326 145.326 145.326 145.326 145.326 145.326 145.326 145.326 145.326 
145.326 145.326 145.326 145.326 145.326 145.326 145.326 145.326 145.326 145.326 
145.326 145.326 145.326 145.326 145.326 145.326 145.326 145.326 145.326 145.326 
145.326 145.326 145.326 145.326 145.326 145.326 145.326 145.326 145.326 145.326 
145.326 145.326 145.326 145.326 145.326 145.326 145.326 145.326 145.326 145.326 
145.326 145.326 145.326 145.326 145.326 145.326 145.326 145.326 145.326 145.326 
145.326 145.326 145.326 145.326 145.326 145.326 145.326 145.326 145.326 145.326 
145.326 145.326 145.326 145.326 145.326 145.326 145.326 145.326 145.326 145.326 
145.326 145.326 145.326 145.326 145.326 145.326 145.326 145.326 145.326 145.326 
145.326 145.326 145.326 145.326 145.326 145.326 145.326 145.326 145.326 145.326 
145.326 145.326 145.326 145.326 145.326 145.326 145.326 145.326 145.326 145.326 
145.326 145.326 145.326 145.326 145.326 145.326 145.326 145.326 145.326 145.326 
145.326 145.326 145.326 145.326 145.326 145.326 145.326 145.326 145.326 145.326 
145.326 145.326 145.326 145.326 145.326 145.326 145.326 145.326 145.326 145.326 
145.326 145.326 145.326 145.326 145.326 145.326 145.326 145.326 145.326 145.326 
145.326 145.326 145.326 143.874 143.874 143.874 143.874 143.874 143.874 143.874 
143.874 143.874 143.874 143.874 143.874 143.874 143.874 143.874 143.874 143.874 
143.874 143.874 143.874 143.874 143.874 143.874 143.874 143.874 143.874 143.874 
143.874 143.874 143.874 143.874 143.874 143.874 143.874 143.874 143.874 143.874 
143.874 143.874 143.874 143.874 143.874 143.874 143.874 143.874 143.874 143.874 
143.874 143.874 143.874 143.874 143.874 143.874 143.874 143.874 143.874 143.874 
143.874 143.874 143.874 143.874 143.874 143.874 143.874 143.874 143.874 143.874 
143.874 143.874 143.874 143.874 143.874 143.874 143.874 143.874 143.874 143.874 
143.874 143.874 143.874 143.874 143.874 143.874 143.874 143.874 143.874 143.874 
143.874 143.874 143.874 143.874 143.874 143.874 143.874 143.874 143.874 143.874 
143.874 143.874 143.874 143.874 143.874 143.874 143.874 143.874 143.874 143.874 
143.874 143.874 143.874 143.874 143.874 143.874 143.874 143.874 143.874 143.874 
143.874 143.874 143.874 143.874 143.874 143.874 143.874 143.874 143.874 143.874 
143.874 143.874 143.874 143.874 143.874 143.874 143.874 143.874 143.874 143.874 
143.874 143.874 143.874 143.874 143.874 143.874 143.874 143.874 143.874 143.874 
143.874 143.874 143.874 143.874 143.874 143.874 143.874 143.874 143.874 143.874 
143.874 143.874 143.874 143.874 143.874 143.874 143.874 143.874 143.874 143.874 
143.874 143.874 143.874 143.874 143.874 143.874 143.874 143.874 143.874 143.874 
143.874 143.874 143.874 143.874 143.874 143.874 143.874 143.874 143.874 143.874 
143.874 143.874 143.874 143.874 143.874 143.874 143.874 143.874 143.874 138.745 
138.745 138.745 138.745 138.745 138.745 138.745 138.745 138.745 138.745 138.745 
138.745 138.745 138.745 138.745 138.745 138.745 138.745 138.745 138.745 138.745 
138.745 138.745 138.745 138.745 138.745 138.745 138.745 138.745 138.745 138.745 
138.745 138.745 138.745 138.745 138.745 138.745 138.745 138.745 138.745 138.745 
138.745 138.745 138.745 138.745 138.745 138.745 138.745 138.745 138.745 138.745 
138.745 138.745 138.745 138.745 138.745 138.745 138.745 138.745 138.745 138.745 
138.745 138.745 138.745 138.745 138.745 138.745 138.745 138.745 138.745 138.745 
138.745 138.745 138.745 138.745 138.745 138.745 138.745 138.745 138.745 138.745 
138.745 138.745 138.745 138.745 138.745 138.745 138.745 138.745 138.745 138.745 
138.745 138.745 138.745 138.745 138.745 138.745 138.745 138.745 138.745 138.745 
138.745 138.745 138.745 138.745 138.745 138.745 138.745 138.745 138.745 138.745 
138.745 138.745 138.745 138.745 138.745 138.745 138.745 138.745 138.745 138.745 
138.745 138.745 138.745 138.745 138.745 138.745 138.745 138.745 138.745 138.745 
138.745 138.745 138.745 138.745 138.745 138.745 138.745 138.745 138.745 138.745 
138.745 138.745 138.745 138.745 138.745 138.745 138.745 138.745 138.745 138.745 
138.745 138.745 138.745 138.745 138.745 138.745 138.745 138.745 138.745 138.745 
138.745 138.745 138.745 138.745 138.745 138.745 138.745 138.745 138.745 138.745 
138.745 138.745 138.745 138.745 138.745 138.745 138.745 138.745 138.745 138.745 
138.745 138.745 138.745 138.745 138.745 138.745 138.745 138.745 138.745 138.745 
138.745 138.745 138.745 138.745 138.745 140.219 140.219 140.219 140.219 140.219 
140.219 140.219 140.219 140.219 140.219 140.219 140.219 140.219 140.219 140.219 
140.219 140.219 140.219 140.219 140.219 140.219 140.219 140.219 140.219 140.219 
140.219 140.219 140.219 140.219 140.219 140.219 140.219 140.219 140.219 140.219 
140.219 140.219 140.219 140.219 140.219 140.219 140.219 140.219 140.219 140.219 
140.219 140.219 140.219 140.219 140.219 140.219 140.219 140.219 140.219 140.219 
140.219 140.219 140.219 140.219 140.219 140.219 140.219 140.219 140.219 140.219 
140.219 140.219 140.219 140.219 140.219 140.219 140.219 140.219 140.219 140.219 
140.219 140.219 140.219 140.219 140.219 140.219 140.219 140.219 140.219 140.219 
140.219 140.219 140.219 140.219 140.219 140.219 140.219 140.219 140.219 140.219 
140.219 140.219 140.219 140.219 140.219 140.219 140.219 140.219 140.219 140.219 
140.219 140.219 140.219 140.219 140.219 140.219 140.219 140.219 140.219 140.219 
140.219 140.219 140.219 140.219 140.219 140.219 140.219 140.219 140.219 140.219 
140.219 140.219 140.219 140.219 140.219 140.219 140.219 140.219 140.219 140.219 
140.219 140.219 140.219 140.219 140.219 140.219 140.219 140.219 140.219 140.219 
140.219 140.219 140.219 140.219 140.219 140.219 140.219 140.219 140.219 140.219 
140.219 140.219 140.219 140.219 140.219 140.219 140.219 140.219 140.219 140.219 
140.219 140.219 140.219 140.219 140.219 140.219 140.219 140.219 140.219 140.219 
140.219 140.219 140.219 140.219 140.219 140.219 140.219 140.219 140.219 140.219 
140.219 140.219 140.219 140.219 140.219 140.219 140.219 140.219 140.219 140.219 
140.219 109.193 109.193 109.193 109.193 109.193 109.193 109.193 109.193 109.193 
109.193 109.193 109.193 109.193 109.193 109.193 109.193 109.193 109.193 109.193 
109.193 109.193 109.193 109.193 109.193 109.193 109.193 109.193 109.193 109.193 
109.193 109.193 109.193 109.193 109.193 109.193 109.193 109.193 109.193 109.193 
109.193 109.193 109.193 109.193 109.193 109.193 109.193 109.193 109.193 109.193 
109.193 109.193 109.193 109.193 109.193 109.193 109.193 109.193 109.193 109.193 
109.193 109.193 109.193 109.193 109.193 109.193 109.193 109.193 109.193 109.193 
109.193 109.193 109.193 109.193 109.193 109.193 109.193 109.193 109.193 109.193 
109.193 109.193 109.193 109.193 109.193 109.193 109.193 109.193 109.193 109.193 
109.193 109.193 109.193 109.193 109.193 109.193 109.193 109.193 109.193 109.193 
109.193 109.193 109.193 109.193 109.193 109.193 109.193 109.193 109.193 109.193 
109.193 109.193 109.193 109.193 109.193 109.193 109.193 109.193 109.193 109.193 
109.193 109.193 109.193 109.193 109.193 109.193 109.193 109.193 109.193 109.193 
109.193 109.193 109.193 109.193 109.193 109.193 109.193 109.193 109.193 109.193 
109.193 109.193 109.193 109.193 109.193 109.193 109.193 109.193 109.193 109.193 
109.193 109.193 109.193 109.193 109.193 109.193 109.193 109.193 109.193 109.193 
109.193 109.193 109.193 109.193 109.193 109.193 109.193 109.193 109.193 109.193 
109.193 109.193 109.193 109.193 109.193 109.193 109.193 109.193 109.193 109.193 
109.193 109.193 109.193 109.193 109.193 109.193 109.193 109.193 109.193 109.193 
109.193 109.193 109.193 109.193 109.193 109.193 109.193 118.397 118.397 118.397 
118.397 118.397 118.397 118.397 118.397 118.397 118.397 118.397 118.397 118.397 
118.397 118.397 118.397 118.397 118.397 118.397 118.397 118.397 118.397 118.397 
118.397 118.397 118.397 118.397 118.397 118.397 118.397 118.397 118.397 118.397 
118.397 118.397 118.397 118.397 118.397 118.397 118.397 118.397 118.397 118.397 
118.397 118.397 118.397 118.397 118.397 118.397 118.397 118.397 118.397 118.397 
118.397 118.397 118.397 118.397 118.397 118.397 118.397 118.397 118.397 118.397 
118.397 118.397 118.397 118.397 118.397 118.397 118.397 118.397 118.397 118.397 
118.397 118.397 118.397 118.397 118.397 118.397 118.397 118.397 118.397 118.397 
118.397 118.397 118.397 118.397 118.397 118.397 118.397 118.397 118.397 118.397 
118.397 118.397 118.397 118.397 118.397 118.397 118.397 118.397 118.397 118.397 
118.397 118.397 118.397 118.397 118.397 118.397 118.397 118.397 118.397 118.397 
118.397 118.397 118.397 118.397 118.397 118.397 118.397 118.397 118.397 118.397 
118.397 118.397 118.397 118.397 118.397 118.397 118.397 118.397 118.397 118.397 
118.397 118.397 118.397 118.397 118.397 118.397 118.397 118.397 118.397 118.397 
118.397 118.397 118.397 118.397 118.397 118.397 118.397 118.397 118.397 118.397 
118.397 118.397 118.397 118.397 118.397 118.397 118.397 118.397 118.397 118.397 
118.397 118.397 118.397 118.397 118.397 118.397 118.397 118.397 118.397 118.397 
118.397 118.397 118.397 118.397 118.397 118.397 118.397 118.397 118.397 118.397 
118.397 118.397 118.397 118.397 118.397 118.397 118.397 118.397 118.397 118.397 
118.397 118.397 118.397 126.939 126.939 126.939 126.939 126.939 126.939 126.939 
126.939 126.939 126.939 126.939 126.939 126.939 126.939 126.939 126.939 126.939 
126.939 126.939 126.939 126.939 126.939 126.939 126.939 126.939 126.939 126.939 
126.939 126.939 126.939 126.939 126.939 126.939 126.939 126.939 126.939 126.939 
126.939 126.939 126.939 126.939 126.939 126.939 126.939 126.939 126.939 126.939 
126.939 126.939 126.939 126.939 126.939 126.939 126.939 126.939 126.939 126.939 
126.939 126.939 126.939 126.939 126.939 126.939 126.939 126.939 126.939 126.939 
126.939 126.939 126.939 126.939 126.939 126.939 126.939 126.939 126.939 126.939 
126.939 126.939 126.939 126.939 126.939 126.939 126.939 126.939 126.939 126.939 
126.939 126.939 126.939 126.939 126.939 126.939 126.939 126.939 126.939 126.939 
126.939 126.939 126.939 126.939 126.939 126.939 126.939 126.939 126.939 126.939 
126.939 126.939 126.939 126.939 126.939 126.939 126.939 126.939 126.939 126.939 
126.939 126.939 126.939 126.939 126.939 126.939 126.939 126.939 126.939 126.939 
126.939 126.939 126.939 126.939 126.939 126.939 126.939 126.939 126.939 126.939 
126.939 126.939 126.939 126.939 126.939 126.939 126.939 126.939 126.939 126.939 
126.939 126.939 126.939 126.939 126.939 126.939 126.939 126.939 126.939 126.939 
126.939 126.939 126.939 126.939 126.939 126.939 126.939 126.939 126.939 126.939 
126.939 126.939 126.939 126.939 126.939 126.939 126.939 126.939 126.939 126.939 
126.939 126.939 126.939 126.939 126.939 126.939 126.939 126.939 126.939 126.939 
126.939 126.939 126.939 126.939 126.939 126.939 126.939 126.939 126.939 183.519 
183.519 183.519 183.519 183.519 183.519 183.519 183.519 183.519 183.519 183.519 
183.519 183.519 183.519 183.519 183.519 183.519 183.519 183.519 183.519 183.519 
183.519 183.519 183.519 183.519 183.519 183.519 183.519 183.519 183.519 183.519 
183.519 183.519 183.519 183.519 183.519 183.519 183.519 183.519 183.519 183.519 
183.519 183.519 183.519 183.519 183.519 183.519 183.519 183.519 183.519 183.519 
183.519 183.519 183.519 183.519 183.519 183.519 183.519 183.519 183.519 183.519 
183.519 183.519 183.519 183.519 183.519 183.519 183.519 183.519 183.519 183.519 
183.519 183.519 183.519 183.519 183.519 183.519 183.519 183.519 183.519 183.519 
183.519 183.519 183.519 183.519 183.519 183.519 183.519 183.519 183.519 183.519 
183.519 183.519 183.519 183.519 183.519 183.519 183.519 183.519 183.519 183.519 
183.519 183.519 183.519 183.519 183.519 183.519 183.519 183.519 183.519 183.519 
183.519 183.519 183.519 183.519 183.519 183.519 183.519 183.519 183.519 183.519 
183.519 183.519 183.519 183.519 183.519 183.519 183.519 183.519 183.519 183.519 
183.519 183.519 183.519 183.519 183.519 183.519 183.519 183.519 183.519 183.519 
183.519 183.519 183.519 183.519 183.519 183.519 183.519 183.519 183.519 183.519 
183.519 183.519 183.519 183.519 183.519 183.519 183.519 183.519 183.519 183.519 
183.519 183.519 183.519 183.519 183.519 183.519 183.519 183.519 183.519 183.519 
183.519 183.519 183.519 183.519 183.519 183.519 183.519 183.519 183.519 183.519 
183.519 183.519 183.519 183.519 183.519 183.519 183.519 183.519 183.519 183.519 
183.519 183.519 183.519 183.519 183.519 123.366 123.366 123.366 123.366 123.366 
123.366 123.366 123.366 123.366 123.366 123.366 123.366 123.366 123.366 123.366 
123.366 123.366 123.366 123.366 123.366 123.366 123.366 123.366 123.366 123.366 
123.366 123.366 123.366 123.366 123.366 123.366 123.366 123.366 123.366 123.366 
123.366 123.366 123.366 123.366 123.366 123.366 123.366 123.366 123.366 123.366 
123.366 123.366 123.366 123.366 123.366 123.366 123.366 123.366 123.366 123.366 
123.366 123.366 123.366 123.366 123.366 123.366 123.366 123.366 123.366 123.366 
123.366 123.366 123.366 123.366 123.366 123.366 123.366 123.366 123.366 123.366 
123.366 123.366 123.366 123.366 123.366 123.366 123.366 123.366 123.366 123.366 
123.366 123.366 123.366 123.366 123.366 123.366 123.366 123.366 123.366 123.366 
123.366 123.366 123.366 123.366 123.366 123.366 123.366 123.366 123.366 123.366 
123.366 123.366 123.366 123.366 123.366 123.366 123.366 123.366 123.366 123.366 
123.366 123.366 123.366 123.366 123.366 123.366 123.366 123.366 123.366 123.366 
123.366 123.366 123.366 123.366 123.366 123.366 123.366 123.366 123.366 123.366 
123.366 123.366 123.366 123.366 123.366 123.366 123.366 123.366 123.366 123.366 
123.366 123.366 123.366 123.366 123.366 123.366 123.366 123.366 123.366 123.366 
123.366 123.366 123.366 123.366 123.366 123.366 123.366 123.366 123.366 123.366 
123.366 123.366 123.366 123.366 123.366 123.366 123.366 123.366 123.366 123.366 
123.366 123.366 123.366 123.366 123.366 123.366 123.366 123.366 123.366 123.366 
123.366 123.366 123.366 123.366 123.366 123.366 123.366 123.366 123.366 123.366 
123.366 168.245 168.245 168.245 168.245 168.245 168.245 168.245 168.245 168.245 
168.245 168.245 168.245 168.245 168.245 168.245 168.245 168.245 168.245 168.245 
168.245 168.245 168.245 168.245 168.245 168.245 168.245 168.245 168.245 168.245 
168.245 168.245 168.245 168.245 168.245 168.245 168.245 168.245 168.245 168.245 
168.245 168.245 168.245 168.245 168.245 168.245 168.245 168.245 168.245 168.245 
168.245 168.245 168.245 168.245 168.245 168.245 168.245 168.245 168.245 168.245 
168.245 168.245 168.245 168.245 168.245 168.245 168.245 168.245 168.245 168.245 
168.245 168.245 168.245 168.245 168.245 168.245 168.245 168.245 168.245 168.245 
168.245 168.245 168.245 168.245 168.245 168.245 168.245 168.245 168.245 168.245 
168.245 168.245 168.245 168.245 168.245 168.245 168.245 168.245 168.245 168.245 
168.245 168.245 168.245 168.245 168.245 168.245 168.245 168.245 168.245 168.245 
168.245 168.245 168.245 168.245 168.245 168.245 168.245 168.245 168.245 168.245 
168.245 168.245 168.245 168.245 168.245 168.245 168.245 168.245 168.245 168.245 
168.245 168.245 168.245 168.245 168.245 168.245 168.245 168.245 168.245 168.245 
168.245 168.245 168.245 168.245 168.245 168.245 168.245 168.245 168.245 168.245 
168.245 168.245 168.245 168.245 168.245 168.245 168.245 168.245 168.245 168.245 
168.245 168.245 168.245 168.245 168.245 168.245 168.245 168.245 168.245 168.245 
168.245 168.245 168.245 168.245 168.245 168.245 168.245 168.245 168.245 168.245 
168.245 168.245 168.245 168.245 168.245 168.245 168.245 168.245 168.245 168.245 
168.245 168.245 168.245 168.245 168.245 168.245 168.245 69.7125 69.7125 69.7125 
69.7125 69.7125 69.7125 69.7125 69.7125 69.7125 69.7125 69.7125 69.7125 69.7125 
69.7125 69.7125 69.7125 69.7125 69.7125 69.7125 69.7125 69.7125 69.7125 69.7125 
69.7125 69.7125 69.7125 69.7125 69.7125 69.7125 69.7125 69.7125 69.7125 69.7125 
69.7125 69.7125 69.7125 69.7125 69.7125 69.7125 69.7125 69.7125 69.7125 69.7125 
69.7125 69.7125 69.7125 69.7125 69.7125 69.7125 69.7125 69.7125 69.7125 69.7125 
69.7125 69.7125 69.7125 69.7125 69.7125 69.7125 69.7125 69.7125 69.7125 69.7125 
69.7125 69.7125 69.7125 69.7125 69.7125 69.7125 69.7125 69.7125 69.7125 69.7125 
69.7125 69.7125 69.7125 69.7125 69.7125 69.7125 69.7125 69.7125 69.7125 69.7125 
69.7125 69.7125 69.7125 69.7125 69.7125 69.7125 69.7125 69.7125 69.7125 69.7125 
69.7125 69.7125 69.7125 69.7125 69.7125 69.7125 69.7125 69.7125 69.7125 69.7125 
69.7125 69.7125 69.7125 69.7125 69.7125 69.7125 69.7125 69.7125 69.7125 69.7125 
69.7125 69.7125 69.7125 69.7125 69.7125 69.7125 69.7125 69.7125 69.7125 69.7125 
69.7125 69.7125 69.7125 69.7125 69.7125 69.7125 69.7125 69.7125 69.7125 69.7125 
69.7125 69.7125 69.7125 69.7125 69.7125 69.7125 69.7125 69.7125 69.7125 69.7125 
69.7125 69.7125 69.7125 69.7125 69.7125 69.7125 69.7125 69.7125 69.7125 69.7125 
69.7125 69.7125 69.7125 69.7125 69.7125 69.7125 69.7125 69.7125 69.7125 69.7125 
69.7125 69.7125 69.7125 69.7125 69.7125 69.7125 69.7125 69.7125 69.7125 69.7125 
69.7125 69.7125 69.7125 69.7125 69.7125 69.7125 69.7125 69.7125 69.7125 69.7125 
69.7125 69.7125 69.7125 69.7125 69.7125 69.7125 69.7125 69.7125 69.7125 69.7125 
69.7125 69.7125 69.7125 80.5204 80.5204 80.5204 80.5204 80.5204 80.5204 80.5204 
80.5204 80.5204 80.5204 80.5204 80.5204 80.5204 80.5204 80.5204 80.5204 80.5204 
80.5204 80.5204 80.5204 80.5204 80.5204 80.5204 80.5204 80.5204 80.5204 80.5204 
80.5204 80.5204 80.5204 80.5204 80.5204 80.5204 80.5204 80.5204 80.5204 80.5204 
80.5204 80.5204 80.5204 80.5204 80.5204 80.5204 80.5204 80.5204 80.5204 80.5204 
80.5204 80.5204 80.5204 80.5204 80.5204 80.5204 80.5204 80.5204 80.5204 80.5204 
80.5204 80.5204 80.5204 80.5204 80.5204 80.5204 80.5204 80.5204 80.5204 80.5204 
80.5204 80.5204 80.5204 80.5204 80.5204 80.5204 80.5204 80.5204 80.5204 80.5204 
80.5204 80.5204 80.5204 80.5204 80.5204 80.5204 80.5204 80.5204 80.5204 80.5204 
80.5204 80.5204 80.5204 80.5204 80.5204 80.5204 80.5204 80.5204 80.5204 80.5204 
80.5204 80.5204 80.5204 80.5204 80.5204 80.5204 80.5204 80.5204 80.5204 80.5204 
80.5204 80.5204 80.5204 80.5204 80.5204 80.5204 80.5204 80.5204 80.5204 80.5204 
80.5204 80.5204 80.5204 80.5204 80.5204 80.5204 80.5204 80.5204 80.5204 80.5204 
80.5204 80.5204 80.5204 80.5204 80.5204 80.5204 80.5204 80.5204 80.5204 80.5204 
80.5204 80.5204 80.5204 80.5204 80.5204 80.5204 80.5204 80.5204 80.5204 80.5204 
80.5204 80.5204 80.5204 80.5204 80.5204 80.5204 80.5204 80.5204 80.5204 80.5204 
80.5204 80.5204 80.5204 80.5204 80.5204 80.5204 80.5204 80.5204 80.5204 80.5204 
80.5204 80.5204 80.5204 80.5204 80.5204 80.5204 80.5204 80.5204 80.5204 80.5204 
80.5204 80.5204 80.5204 80.5204 80.5204 80.5204 80.5204 80.5204 80.5204 80.5204 
80.5204 80.5204 80.5204 80.5204 80.5204 80.5204 80.5204 80.5204 80.5204 180.417 
180.417 180.417 180.417 180.417 180.417 180.417 180.417 180.417 180.417 180.417 
180.417 180.417 180.417 180.417 180.417 180.417 180.417 180.417 180.417 180.417 
180.417 180.417 180.417 180.417 180.417 180.417 180.417 180.417 180.417 180.417 
180.417 180.417 180.417 180.417 180.417 180.417 180.417 180.417 180.417 180.417 
180.417 180.417 180.417 180.417 180.417 180.417 180.417 180.417 180.417 180.417 
180.417 180.417 180.417 180.417 180.417 180.417 180.417 180.417 180.417 180.417 
180.417 180.417 180.417 180.417 180.417 180.417 180.417 180.417 180.417 180.417 
180.417 180.417 180.417 180.417 180.417 180.417 180.417 180.417 180.417 180.417 
180.417 180.417 180.417 180.417 180.417 180.417 180.417 180.417 180.417 180.417 
180.417 180.417 180.417 180.417 180.417 180.417 180.417 180.417 180.417 180.417 
180.417 180.417 180.417 180.417 180.417 180.417 180.417 180.417 180.417 180.417 
180.417 180.417 180.417 180.417 180.417 180.417 180.417 180.417 180.417 180.417 
180.417 180.417 180.417 180.417 180.417 180.417 180.417 180.417 180.417 180.417 
180.417 180.417 180.417 180.417 180.417 180.417 180.417 180.417 180.417 180.417 
180.417 180.417 180.417 180.417 180.417 180.417 180.417 180.417 180.417 180.417 
180.417 180.417 180.417 180.417 180.417 180.417 180.417 180.417 180.417 180.417 
180.417 180.417 180.417 180.417 180.417 180.417 180.417 180.417 180.417 180.417 
180.417 180.417 180.417 180.417 180.417 180.417 180.417 180.417 180.417 180.417 
180.417 180.417 180.417 180.417 180.417 180.417 180.417 180.417 180.417 180.417 
180.417 180.417 180.417 180.417 180.417 SCALARS Tau_MPa float 1
LOOKUP_TABLE default
12.2844 12.2844 12.2844 12.2844 12.2844 12.2844 12.2844 12.2844 12.2844 
12.2844 12.2844 12.2844 12.2844 12.2844 12.2844 12.2844 12.2844 12.2844 12.2844 
12.2844 12.2844 12.2844 12.2844 12.2844 12.2844 12.2844 12.2844 12.2844 12.2844 
12.2844 12.2844 12.2844 12.2844 12.2844 12.2844 12.2844 12.2844 12.2844 12.2844 
12.2844 12.2844 12.2844 12.2844 12.2844 12.2844 12.2844 12.2844 12.2844 12.2844 
12.2844 12.2844 12.2844 12.2844 12.2844 12.2844 12.2844 12.2844 12.2844 12.2844 
12.2844 12.2844 12.2844 12.2844 12.2844 12.2844 12.2844 12.2844 12.2844 12.2844 
12.2844 12.2844 12.2844 12.2844 12.2844 12.2844 12.2844 12.2844 12.2844 12.2844 
12.2844 12.2844 12.2844 12.2844 12.2844 12.2844 12.2844 12.2844 12.2844 12.2844 
12.2844 12.2844 12.2844 12.2844 12.2844 12.2844 12.2844 12.2844 12.2844 12.2844 
12.2844 12.2844 12.2844 12.2844 12.2844 12.2844 12.2844 12.2844 12.2844 12.2844 
12.2844 12.2844 12.2844 12.2844 12.2844 12.2844 12.2844 12.2844 12.2844 12.2844 
12.2844 12.2844 12.2844 12.2844 12.2844 12.2844 12.2844 12.2844 12.2844 12.2844 
12.2844 12.2844 12.2844 12.2844 12.2844 12.2844 12.2844 12.2844 12.2844 12.2844 
12.2844 12.2844 12.2844 12.2844 12.2844 12.2844 12.2844 12.2844 12.2844 12.2844 
12.2844 12.2844 12.2844 12.2844 12.2844 12.2844 12.2844 12.2844 12.2844 12.2844 
12.2844 12.2844 12.2844 12.2844 12.2844 12.2844 12.2844 12.2844 12.2844 12.2844 
12.2844 12.2844 12.2844 12.2844 12.2844 12.2844 12.2844 12.2844 12.2844 12.2844 
12.2844 12.2844 12.2844 12.2844 12.2844 12.2844 12.2844 12.2844 12.2844 12.2844 
12.2844 12.2844 12.2844 12.2844 12.2844 12.2844 12.2844 34.0688 34.0688 34.0688 
34.0688 34.0688 34.0688 34.0688 34.0688 34.0688 34.0688 34.0688 34.0688 34.0688 
34.0688 34.0688 34.0688 34.0688 34.0688 34.0688 34.0688 34.0688 34.0688 34.0688 
34.0688 34.0688 34.0688 34.0688 34.0688 34.0688 34.0688 34.0688 34.0688 34.0688 
34.0688 34.0688 34.0688 34.0688 34.0688 34.0688 34.0688 34.0688 34.0688 34.0688 
34.0688 34.0688 34.0688 34.0688 34.0688 34.0688 34.0688 34.0688 34.0688 34.0688 
34.0688 34.0688 34.0688 34.0688 34.0688 34.0688 34.0688 34.0688 34.0688 34.0688 
34.0688 34.0688 34.0688 34.0688 34.0688 34.0688 34.0688 34.0688 34.0688 34.0688 
34.0688 34.0688 34.0688 34.0688 34.0688 34.0688 34.0688 34.0688 34.0688 34.0688 
34.0688 34.0688 34.0688 34.0688 34.0688 34.0688 34.0688 34.0688 34.0688 34.0688 
34.0688 34.0688 34.0688 34.0688 34.0688 34.0688 34.0688 34.0688 34.0688 34.0688 
34.0688 34.0688 34.0688 34.0688 34.0688 34.0688 34.0688 34.0688 34.0688 34.0688 
34.0688 34.0688 34.0688 34.0688 34.0688 34.0688 34.0688 34.0688 34.0688 34.0688 
34.0688 34.0688 34.0688 34.0688 34.0688 34.0688 34.0688 34.0688 34.0688 34.0688 
34.0688 34.0688 34.0688 34.0688 34.0688 34.0688 34.0688 34.0688 34.0688 34.0688 
34.0688 34.0688 34.0688 34.0688 34.0688 34.0688 34.0688 34.0688 34.0688 34.0688 
34.0688 34.0688 34.0688 34.0688 34.0688 34.0688 34.0688 34.0688 34.0688 34.0688 
34.0688 34.0688 34.0688 34.0688 34.0688 34.0688 34.0688 34.0688 34.0688 34.0688 
34.0688 34.0688 34.0688 34.0688 34.0688 34.0688 34.0688 34.0688 34.0688 34.0688 
34.0688 34.0688 34.0688 34.0688 34.0688 34.0688 34.0688 34.0688 34.0688 34.0688 
34.0688 34.0688 34.0688 34.1128 34.1128 34.1128 34.1128 34.1128 34.1128 34.1128 
34.1128 34.1128 34.1128 34.1128 34.1128 34.1128 34.1128 34.1128 34.1128 34.1128 
34.1128 34.1128 34.1128 34.1128 34.1128 34.1128 34.1128 34.1128 34.1128 34.1128 
34.1128 34.1128 34.1128 34.1128 34.1128 34.1128 34.1128 34.1128 34.1128 34.1128 
34.1128 34.1128 34.1128 34.1128 34.1128 34.1128 34.1128 34.1128 34.1128 34.1128 
34.1128 34.1128 34.1128 34.1128 34.1128 34.1128 34.1128 34.1128 34.1128 34.1128 
34.1128 34.1128 34.1128 34.1128 34.1128 34.1128 34.1128 34.1128 34.1128 34.1128 
34.1128 34.1128 34.1128 34.1128 34.1128 34.1128 34.1128 34.1128 34.1128 34.1128 
34.1128 34.1128 34.1128 34.1128 34.1128 34.1128 34.1128 34.1128 34.1128 34.1128 
34.1128 34.1128 34.1128 34.1128 34.1128 34.1128 34.1128 34.1128 34.1128 34.1128 
34.1128 34.1128 34.1128 34.1128 34.1128 34.1128 34.1128 34.1128 34.1128 34.1128 
34.1128 34.1128 34.1128 34.1128 34.1128 34.1128 34.1128 34.1128 34.1128 34.1128 
34.1128 34.1128 34.1128 34.1128 34.1128 34.1128 34.1128 34.1128 34.1128 34.1128 
34.1128 34.1128 34.1128 34.1128 34.1128 34.1128 34.1128 34.1128 34.1128 34.1128 
34.1128 34.1128 34.1128 34.1128 34.1128 34.1128 34.1128 34.1128 34.1128 34.1128 
34.1128 34.1128 34.1128 34.1128 34.1128 34.1128 34.1128 34.1128 34.1128 34.1128 
34.1128 34.1128 34.1128 34.1128 34.1128 34.1128 34.1128 34.1128 34.1128 34.1128 
34.1128 34.1128 34.1128 34.1128 34.1128 34.1128 34.1128 34.1128 34.1128 34.1128 
34.1128 34.1128 34.1128 34.1128 34.1128 34.1128 34.1128 34.1128 34.1128 34.1128 
34.1128 34.1128 34.1128 34.1128 34.1128 34.1128 34.1128 34.1128 34.1128 9.39454 
9.39454 9.39454 9.39454 9.39454 9.39454 9.39454 9.39454 9.39454 9.39454 9.39454 
9.39454 9.39454 9.39454 9.39454 9.39454 9.39454 9.39454 9.39454 9.39454 9.39454 
9.39454 9.39454 9.39454 9.39454 9.39454 9.39454 9.39454 9.39454 9.39454 9.39454 
9.39454 9.39454 9.39454 9.39454 9.39454 9.39454 9.39454 9.39454 9.39454 9.39454 
9.39454 9.39454 9.39454 9.39454 9.39454 9.39454 9.39454 9.39454 9.39454 9.39454 
9.39454 9.39454 9.39454 9.39454 9.39454 9.39454 9.39454 9.39454 9.39454 9.39454 
9.39454 9.39454 9.39454 9.39454 9.39454 9.39454 9.39454 9.39454 9.39454 9.39454 
9.39454 9.39454 9.39454 9.39454 9.39454 9.39454 9.39454 9.39454 9.39454 9.39454 
9.39454 9.39454 9.39454 9.39454 9.39454 9.39454 9.39454 9.39454 9.39454 9.39454 
9.39454 9.39454 9.39454 9.39454 9.39454 9.39454 9.39454 9.39454 9.39454 9.39454 
9.39454 9.39454 9.39454 9.39454 9.39454 9.39454 9.39454 9.39454 9.39454 9.39454 
9.39454 9.39454 9.39454 9.39454 9.39454 9.39454 9.39454 9.39454 9.39454 9.39454 
9.39454 9.39454 9.39454 9.39454 9.39454 9.39454 9.39454 9.39454 9.39454 9.39454 
9.39454 9.39454 9.39454 9.39454 9.39454 9.39454 9.39454 9.39454 9.39454 9.39454 
9.39454 9.39454 9.39454 9.39454 9.39454 9.39454 9.39454 9.39454 9.39454 9.39454 
9.39454 9.39454 9.39454 9.39454 9.39454 9.39454 9.39454 9.39454 9.39454 9.39454 
9.39454 9.39454 9.39454 9.39454 9.39454 9.39454 9.39454 9.39454 9.39454 9.39454 
9.39454 9.39454 9.39454 9.39454 9.39454 9.39454 9.39454 9.39454 9.39454 9.39454 
9.39454 9.39454 9.39454 9.39454 9.39454 9.39454 9.39454 9.39454 9.39454 9.39454 
9.39454 9.39454 9.39454 9.39454 9.39454 29.8702 29.8702 29.8702 29.8702 29.8702 
29.8702 29.8702 29.8702 29.8702 29.8702 29.8702 29.8702 29.8702 29.8702 29.8702 
29.8702 29.8702 29.8702 29.8702 29.8702 29.8702 29.8702 29.8702 29.8702 29.8702 
29.8702 29.8702 29.8702 29.8702 29.8702 29.8702 29.8702 29.8702 29.8702 29.8702 
29.8702 29.8702 29.8702 29.8702 29.8702 29.8702 29.8702 29.8702 29.8702 29.8702 
29.8702 29.8702 29.8702 29.8702 29.8702 29.8702 29.8702 29.8702 29.8702 29.8702 
29.8702 29.8702 29.8702 29.8702 29.8702 29.8702 29.8702 29.8702 29.8702 29.8702 
29.8702 29.8702 29.8702 29.8702 29.8702 29.8702 29.8702 29.8702 29.8702 29.8702 
29.8702 29.8702 29.8702 29.8702 29.8702 29.8702 29.8702 29.8702 29.8702 29.8702 
29.8702 29.8702 29.8702 29.8702 29.8702 29.8702 29.8702 29.8702 29.8702 29.8702 
29.8702 29.8702 29.8702 29.8702 29.8702 29.8702 29.8702 29.8702 29.8702 29.8702 
29.8702 29.8702 29.8702 29.8702 29.8702 29.8702 29.8702 29.8702 29.8702 29.8702 
29.8702 29.8702 29.8702 29.8702 29.8702 29.8702 29.8702 29.8702 29.8702 29.8702 
29.8702 29.8702 29.8702 29.8702 29.8702 29.8702 29.8702 29.8702 29.8702 29.8702 
29.8702 29.8702 29.8702 29.8702 29.8702 29.8702 29.8702 29.8702 29.8702 29.8702 
29.8702 29.8702 29.8702 29.8702 29.8702 29.8702 29.8702 29.8702 29.8702 29.8702 
29.8702 29.8702 29.8702 29.8702 29.8702 29.8702 29.8702 29.8702 29.8702 29.8702 
29.8702 29.8702 29.8702 29.8702 29.8702 29.8702 29.8702 29.8702 29.8702 29.8702 
29.8702 29.8702 29.8702 29.8702 29.8702 29.8702 29.8702 29.8702 29.8702 29.8702 
29.8702 29.8702 29.8702 29.8702 29.8702 29.8702 29.8702 29.8702 29.8702 29.8702 
29.8702 5.33262 5.33262 5.33262 5.33262 5.33262 5.33262 5.33262 5.33262 5.33262 
5.33262 5.33262 5.33262 5.33262 5.33262 5.33262 5.33262 5.33262 5.33262 5.33262 
5.33262 5.33262 5.33262 5.33262 5.33262 5.33262 5.33262 5.33262 5.33262 5.33262 
5.33262 5.33262 5.33262 5.33262 5.33262 5.33262 5.33262 5.33262 5.33262 5.33262 
5.33262 5.33262 5.33262 5.33262 5.33262 5.33262 5.33262 5.33262 5.33262 5.33262 
5.33262 5.33262 5.33262 5.33262 5.33262 5.33262 5.33262 5.33262 5.33262 5.33262 
5.33262 5.33262 5.33262 5.33262 5.33262 5.33262 5.33262 5.33262 5.33262 5.33262 
5.33262 5.33262 5.33262 5.33262 5.33262 5.33262 5.33262 5.33262 5.33262 5.33262 
5.33262 5.33262 5.33262 5.33262 5.33262 5.33262 5.33262 5.33262 5.33262 5.33262 
5.33262 5.33262 5.33262 5.33262 5.33262 5.33262 5.33262 5.33262 5.33262 5.33262 
5.33262 5.33262 5.33262 5.33262 5.33262 5.33262 5.33262 5.33262 5.33262 5.33262 
5.33262 5.33262 5.33262 5.33262 5.33262 5.33262 5.33262 5.33262 5.33262 5.33262 
5.33262 5.33262 5.33262 5.33262 5.33262 5.33262 5.33262 5.33262 5.33262 5.33262 
5.33262 5.33262 5.33262 5.33262 5.33262 5.33262 5.33262 5.33262 5.33262 5.33262 
5.33262 5.33262 5.33262 5.33262 5.33262 5.33262 5.33262 5.33262 5.33262 5.33262 
5.33262 5.33262 5.33262 5.33262 5.33262 5.33262 5.33262 5.33262 5.33262 5.33262 
5.33262 5.33262 5.33262 5.33262 5.33262 5.33262 5.33262 5.33262 5.33262 5.33262 
5.33262 5.33262 5.33262 5.33262 5.33262 5.33262 5.33262 5.33262 5.33262 5.33262 
5.33262 5.33262 5.33262 5.33262 5.33262 5.33262 5.33262 5.33262 5.33262 5.33262 
5.33262 5.33262 5.33262 5.33262 5.33262 5.33262 5.33262 17.7362 17.7362 17.7362 
17.7362 17.7362 17.7362 17.7362 17.7362 17.7362 17.7362 17.7362 17.7362 17.7362 
17.7362 17.7362 17.7362 17.7362 17.7362 17.7362 17.7362 17.7362 17.7362 17.7362 
17.7362 17.7362 17.7362 17.7362 17.7362 17.7362 17.7362 17.7362 17.7362 17.7362 
17.7362 17.7362 17.7362 17.7362 17.7362 17.7362 17.7362 17.7362 17.7362 17.7362 
17.7362 17.7362 17.7362 17.7362 17.7362 17.7362 17.7362 17.7362 17.7362 17.7362 
17.7362 17.7362 17.7362 17.7362 17.7362 17.7362 17.7362 17.7362 17.7362 17.7362 
17.7362 17.7362 17.7362 17.7362 17.7362 17.7362 17.7362 17.7362 17.7362 17.7362 
17.7362 17.7362 17.7362 17.7362 17.7362 17.7362 17.7362 17.7362 17.7362 17.7362 
17.7362 17.7362 17.7362 17.7362 17.7362 17.7362 17.7362 17.7362 17.7362 17.7362 
17.7362 17.7362 17.7362 17.7362 17.7362 17.7362 17.7362 17.7362 17.7362 17.7362 
17.7362 17.7362 17.7362 17.7362 17.7362 17.7362 17.7362 17.7362 17.7362 17.7362 
17.7362 17.7362 17.7362 17.7362 17.7362 17.7362 17.7362 17.7362 17.7362 17.7362 
17.7362 17.7362 17.7362 17.7362 17.7362 17.7362 17.7362 17.7362 17.7362 17.7362 
17.7362 17.7362 17.7362 17.7362 17.7362 17.7362 17.7362 17.7362 17.7362 17.7362 
17.7362 17.7362 17.7362 17.7362 17.7362 17.7362 17.7362 17.7362 17.7362 17.7362 
17.7362 17.7362 17.7362 17.7362 17.7362 17.7362 17.7362 17.7362 17.7362 17.7362 
17.7362 17.7362 17.7362 17.7362 17.7362 17.7362 17.7362 17.7362 17.7362 17.7362 
17.7362 17.7362 17.7362 17.7362 17.7362 17.7362 17.7362 17.7362 17.7362 17.7362 
17.7362 17.7362 17.7362 17.7362 17.7362 17.7362 17.7362 17.7362 17.7362 17.7362 
17.7362 17.7362 17.7362 21.5249 21.5249 21.5249 21.5249 21.5249 21.5249 21.5249 
21.5249 21.5249 21.5249 21.5249 21.5249 21.5249 21.5249 21.5249 21.5249 21.5249 
21.5249 21.5249 21.5249 21.5249 21.5249 21.5249 21.5249 21.5249 21.5249 21.5249 
21.5249 21.5249 21.5249 21.5249 21.5249 21.5249 21.5249 21.5249 21.5249 21.5249 
21.5249 21.5249 21.5249 21.5249 21.5249 21.5249 21.5249 21.5249 21.5249 21.5249 
21.5249 21.5249 21.5249 21.5249 21.5249 21.5249 21.5249 21.5249 21.5249 21.5249 
21.5249 21.5249 21.5249 21.5249 21.5249 21.5249 21.5249 21.5249 21.5249 21.5249 
21.5249 21.5249 21.5249 21.5249 21.5249 21.5249 21.5249 21.5249 21.5249 21.5249 
21.5249 21.5249 21.5249 21.5249 21.5249 21.5249 21.5249 21.5249 21.5249 21.5249 
21.5249 21.5249 21.5249 21.5249 21.5249 21.5249 21.5249 21.5249 21.5249 21.5249 
21.5249 21.5249 21.5249 21.5249 21.5249 21.5249 21.5249 21.5249 21.5249 21.5249 
21.5249 21.5249 21.5249 21.5249 21.5249 21.5249 21.5249 21.5249 21.5249 21.5249 
21.5249 21.5249 21.5249 21.5249 21.5249 21.5249 21.5249 21.5249 21.5249 21.5249 
21.5249 21.5249 21.5249 21.5249 21.5249 21.5249 21.5249 21.5249 21.5249 21.5249 
21.5249 21.5249 21.5249 21.5249 21.5249 21.5249 21.5249 21.5249 21.5249 21.5249 
21.5249 21.5249 21.5249 21.5249 21.5249 21.5249 21.5249 21.5249 21.5249 21.5249 
21.5249 21.5249 21.5249 21.5249 21.5249 21.5249 21.5249 21.5249 21.5249 21.5249 
21.5249 21.5249 21.5249 21.5249 21.5249 21.5249 21.5249 21.5249 21.5249 21.5249 
21.5249 21.5249 21.5249 21.5249 21.5249 21.5249 21.5249 21.5249 21.5249 21.5249 
21.5249 21.5249 21.5249 21.5249 21.5249 21.5249 21.5249 21.5249 21.5249 27.9967 
27.9967 27.9967 27.9967 27.9967 27.9967 27.9967 27.9967 27.9967 27.9967 27.9967 
27.9967 27.9967 27.9967 27.9967 27.9967 27.9967 27.9967 27.9967 27.9967 27.9967 
27.9967 27.9967 27.9967 27.9967 27.9967 27.9967 27.9967 27.9967 27.9967 27.9967 
27.9967 27.9967 27.9967 27.9967 27.9967 27.9967 27.9967 27.9967 27.9967 27.9967 
27.9967 27.9967 27.9967 27.9967 27.9967 27.9967 27.9967 27.9967 27.9967 27.9967 
27.9967 27.9967 27.9967 27.9967 27.9967 27.9967 27.9967 27.9967 27.9967 27.9967 
27.9967 27.9967 27.9967 27.9967 27.9967 27.9967 27.9967 27.9967 27.9967 27.9967 
27.9967 27.9967 27.9967 27.9967 27.9967 27.9967 27.9967 27.9967 27.9967 27.9967 
27.9967 27.9967 27.9967 27.9967 27.9967 27.9967 27.9967 27.9967 27.9967 27.9967 
27.9967 27.9967 27.9967 27.9967 27.9967 27.9967 27.9967 27.9967 27.9967 27.9967 
27.9967 27.9967 27.9967 27.9967 27.9967 27.9967 27.9967 27.9967 27.9967 27.9967 
27.9967 27.9967 27.9967 27.9967 27.9967 27.9967 27.9967 27.9967 27.9967 27.9967 
27.9967 27.9967 27.9967 27.9967 27.9967 27.9967 27.9967 27.9967 27.9967 27.9967 
27.9967 27.9967 27.9967 27.9967 27.9967 27.9967 27.9967 27.9967 27.9967 27.9967 
27.9967 27.9967 27.9967 27.9967 27.9967 27.9967 27.9967 27.9967 27.9967 27.9967 
27.9967 27.9967 27.9967 27.9967 27.9967 27.9967 27.9967 27.9967 27.9967 27.9967 
27.9967 27.9967 27.9967 27.9967 27.9967 27.9967 27.9967 27.9967 27.9967 27.9967 
27.9967 27.9967 27.9967 27.9967 27.9967 27.9967 27.9967 27.9967 27.9967 27.9967 
27.9967 27.9967 27.9967 27.9967 27.9967 27.9967 27.9967 27.9967 27.9967 27.9967 
27.9967 27.9967 27.9967 27.9967 27.9967 14.6492 14.6492 14.6492 14.6492 14.6492 
14.6492 14.6492 14.6492 14.6492 14.6492 14.6492 14.6492 14.6492 14.6492 14.6492 
14.6492 14.6492 14.6492 14.6492 14.6492 14.6492 14.6492 14.6492 14.6492 14.6492 
14.6492 14.6492 14.6492 14.6492 14.6492 14.6492 14.6492 14.6492 14.6492 14.6492 
14.6492 14.6492 14.6492 14.6492 14.6492 14.6492 14.6492 14.6492 14.6492 14.6492 
14.6492 14.6492 14.6492 14.6492 14.6492 14.6492 14.6492 14.6492 14.6492 14.6492 
14.6492 14.6492 14.6492 14.6492 14.6492 14.6492 14.6492 14.6492 14.6492 14.6492 
14.6492 14.6492 14.6492 14.6492 14.6492 14.6492 14.6492 14.6492 14.6492 14.6492 
14.6492 14.6492 14.6492 14.6492 14.6492 14.6492 14.6492 14.6492 14.6492 14.6492 
14.6492 14.6492 14.6492 14.6492 14.6492 14.6492 14.6492 14.6492 14.6492 14.6492 
14.6492 14.6492 14.6492 14.6492 14.6492 14.6492 14.6492 14.6492 14.6492 14.6492 
14.6492 14.6492 14.6492 14.6492 14.6492 14.6492 14.6492 14.6492 14.6492 14.6492 
14.6492 14.6492 14.6492 14.6492 14.6492 14.6492 14.6492 14.6492 14.6492 14.6492 
14.6492 14.6492 14.6492 14.6492 14.6492 14.6492 14.6492 14.6492 14.6492 14.6492 
14.6492 14.6492 14.6492 14.6492 14.6492 14.6492 14.6492 14.6492 14.6492 14.6492 
14.6492 14.6492 14.6492 14.6492 14.6492 14.6492 14.6492 14.6492 14.6492 14.6492 
14.6492 14.6492 14.6492 14.6492 14.6492 14.6492 14.6492 14.6492 14.6492 14.6492 
14.6492 14.6492 14.6492 14.6492 14.6492 14.6492 14.6492 14.6492 14.6492 14.6492 
14.6492 14.6492 14.6492 14.6492 14.6492 14.6492 14.6492 14.6492 14.6492 14.6492 
14.6492 14.6492 14.6492 14.6492 14.6492 14.6492 14.6492 14.6492 14.6492 14.6492 
14.6492 13.5009 13.5009 13.5009 13.5009 13.5009 13.5009 13.5009 13.5009 13.5009 
13.5009 13.5009 13.5009 13.5009 13.5009 13.5009 13.5009 13.5009 13.5009 13.5009 
13.5009 13.5009 13.5009 13.5009 13.5009 13.5009 13.5009 13.5009 13.5009 13.5009 
13.5009 13.5009 13.5009 13.5009 13.5009 13.5009 13.5009 13.5009 13.5009 13.5009 
13.5009 13.5009 13.5009 13.5009 13.5009 13.5009 13.5009 13.5009 13.5009 13.5009 
13.5009 13.5009 13.5009 13.5009 13.5009 13.5009 13.5009 13.5009 13.5009 13.5009 
13.5009 13.5009 13.5009 13.5009 13.5009 13.5009 13.5009 13.5009 13.5009 13.5009 
13.5009 13.5009 13.5009 13.5009 13.5009 13.5009 13.5009 13.5009 13.5009 13.5009 
13.5009 13.5009 13.5009 13.5009 13.5009 13.5009 13.5009 13.5009 13.5009 13.5009 
13.5009 13.5009 13.5009 13.5009 13.5009 13.5009 13.5009 13.5009 13.5009 13.5009 
13.5009 13.5009 13.5009 13.5009 13.5009 13.5009 13.5009 13.5009 13.5009 13.5009 
13.5009 13.5009 13.5009 13.5009 13.5009 13.5009 13.5009 13.5009 13.5009 13.5009 
13.5009 13.5009 13.5009 13.5009 13.5009 13.5009 13.5009 13.5009 13.5009 13.5009 
13.5009 13.5009 13.5009 13.5009 13.5009 13.5009 13.5009 13.5009 13.5009 13.5009 
13.5009 13.5009 13.5009 13.5009 13.5009 13.5009 13.5009 13.5009 13.5009 13.5009 
13.5009 13.5009 13.5009 13.5009 13.5009 13.5009 13.5009 13.5009 13.5009 13.5009 
13.5009 13.5009 13.5009 13.5009 13.5009 13.5009 13.5009 13.5009 13.5009 13.5009 
13.5009 13.5009 13.5009 13.5009 13.5009 13.5009 13.5009 13.5009 13.5009 13.5009 
13.5009 13.5009 13.5009 13.5009 13.5009 13.5009 13.5009 13.5009 13.5009 13.5009 
13.5009 13.5009 13.5009 13.5009 13.5009 13.5009 13.5009 19.8256 19.8256 19.8256 
19.8256 19.8256 19.8256 19.8256 19.8256 19.8256 19.8256 19.8256 19.8256 19.8256 
19.8256 19.8256 19.8256 19.8256 19.8256 19.8256 19.8256 19.8256 19.8256 19.8256 
19.8256 19.8256 19.8256 19.8256 19.8256 19.8256 19.8256 19.8256 19.8256 19.8256 
19.8256 19.8256 19.8256 19.8256 19.8256 19.8256 19.8256 19.8256 19.8256 19.8256 
19.8256 19.8256 19.8256 19.8256 19.8256 19.8256 19.8256 19.8256 19.8256 19.8256 
19.8256 19.8256 19.8256 19.8256 19.8256 19.8256 19.8256 19.8256 19.8256 19.8256 
19.8256 19.8256 19.8256 19.8256 19.8256 19.8256 19.8256 19.8256 19.8256 19.8256 
19.8256 19.8256 19.8256 19.8256 19.8256 19.8256 19.8256 19.8256 19.8256 19.8256 
19.8256 19.8256 19.8256 19.8256 19.8256 19.8256 19.8256 19.8256 19.8256 19.8256 
19.8256 19.8256 19.8256 19.8256 19.8256 19.8256 19.8256 19.8256 19.8256 19.8256 
19.8256 19.8256 19.8256 19.8256 19.8256 19.8256 19.8256 19.8256 19.8256 19.8256 
19.8256 19.8256 19.8256 19.8256 19.8256 19.8256 19.8256 19.8256 19.8256 19.8256 
19.8256 19.8256 19.8256 19.8256 19.8256 19.8256 19.8256 19.8256 19.8256 19.8256 
19.8256 19.8256 19.8256 19.8256 19.8256 19.8256 19.8256 19.8256 19.8256 19.8256 
19.8256 19.8256 19.8256 19.8256 19.8256 19.8256 19.8256 19.8256 19.8256 19.8256 
19.8256 19.8256 19.8256 19.8256 19.8256 19.8256 19.8256 19.8256 19.8256 19.8256 
19.8256 19.8256 19.8256 19.8256 19.8256 19.8256 19.8256 19.8256 19.8256 19.8256 
19.8256 19.8256 19.8256 19.8256 19.8256 19.8256 19.8256 19.8256 19.8256 19.8256 
19.8256 19.8256 19.8256 19.8256 19.8256 19.8256 19.8256 19.8256 19.8256 19.8256 
19.8256 19.8256 19.8256 24.7246 24.7246 24.7246 24.7246 24.7246 24.7246 24.7246 
24.7246 24.7246 24.7246 24.7246 24.7246 24.7246 24.7246 24.7246 24.7246 24.7246 
24.7246 24.7246 24.7246 24.7246 24.7246 24.7246 24.7246 24.7246 24.7246 24.7246 
24.7246 24.7246 24.7246 24.7246 24.7246 24.7246 24.7246 24.7246 24.7246 24.7246 
24.7246 24.7246 24.7246 24.7246 24.7246 24.7246 24.7246 24.7246 24.7246 24.7246 
24.7246 24.7246 24.7246 24.7246 24.7246 24.7246 24.7246 24.7246 24.7246 24.7246 
24.7246 24.7246 24.7246 24.7246 24.7246 24.7246 24.7246 24.7246 24.7246 24.7246 
24.7246 24.7246 24.7246 24.7246 24.7246 24.7246 24.7246 24.7246 24.7246 24.7246 
24.7246 24.7246 24.7246 24.7246 24.7246 24.7246 24.7246 24.7246 24.7246 24.7246 
24.7246 24.7246 24.7246 24.7246 24.7246 24.7246 24.7246 24.7246 24.7246 24.7246 
24.7246 24.7246 24.7246 24.7246 24.7246 24.7246 24.7246 24.7246 24.7246 24.7246 
24.7246 24.7246 24.7246 24.7246 24.7246 24.7246 24.7246 24.7246 24.7246 24.7246 
24.7246 24.7246 24.7246 24.7246 24.7246 24.7246 24.7246 24.7246 24.7246 24.7246 
24.7246 24.7246 24.7246 24.7246 24.7246 24.7246 24.7246 24.7246 24.7246 24.7246 
24.7246 24.7246 24.7246 24.7246 24.7246 24.7246 24.7246 24.7246 24.7246 24.7246 
24.7246 24.7246 24.7246 24.7246 24.7246 24.7246 24.7246 24.7246 24.7246 24.7246 
24.7246 24.7246 24.7246 24.7246 24.7246 24.7246 24.7246 24.7246 24.7246 24.7246 
24.7246 24.7246 24.7246 24.7246 24.7246 24.7246 24.7246 24.7246 24.7246 24.7246 
24.7246 24.7246 24.7246 24.7246 24.7246 24.7246 24.7246 24.7246 24.7246 24.7246 
24.7246 24.7246 24.7246 24.7246 24.7246 24.7246 24.7246 24.7246 24.7246 20.6326 
20.6326 20.6326 20.6326 20.6326 20.6326 20.6326 20.6326 20.6326 20.6326 20.6326 
20.6326 20.6326 20.6326 20.6326 20.6326 20.6326 20.6326 20.6326 20.6326 20.6326 
20.6326 20.6326 20.6326 20.6326 20.6326 20.6326 20.6326 20.6326 20.6326 20.6326 
20.6326 20.6326 20.6326 20.6326 20.6326 20.6326 20.6326 20.6326 20.6326 20.6326 
20.6326 20.6326 20.6326 20.6326 20.6326 20.6326 20.6326 20.6326 20.6326 20.6326 
20.6326 20.6326 20.6326 20.6326 20.6326 20.6326 20.6326 20.6326 20.6326 20.6326 
20.6326 20.6326 20.6326 20.6326 20.6326 20.6326 20.6326 20.6326 20.6326 20.6326 
20.6326 20.6326 20.6326 20.6326 20.6326 20.6326 20.6326 20.6326 20.6326 20.6326 
20.6326 20.6326 20.6326 20.6326 20.6326 20.6326 20.6326 20.6326 20.6326 20.6326 
20.6326 20.6326 20.6326 20.6326 20.6326 20.6326 20.6326 20.6326 20.6326 20.6326 
20.6326 20.6326 20.6326 20.6326 20.6326 20.6326 20.6326 20.6326 20.6326 20.6326 
20.6326 20.6326 20.6326 20.6326 20.6326 20.6326 20.6326 20.6326 20.6326 20.6326 
20.6326 20.6326 20.6326 20.6326 20.6326 20.6326 20.6326 20.6326 20.6326 20.6326 
20.6326 20.6326 20.6326 20.6326 20.6326 20.6326 20.6326 20.6326 20.6326 20.6326 
20.6326 20.6326 20.6326 20.6326 20.6326 20.6326 20.6326 20.6326 20.6326 20.6326 
20.6326 20.6326 20.6326 20.6326 20.6326 20.6326 20.6326 20.6326 20.6326 20.6326 
20.6326 20.6326 20.6326 20.6326 20.6326 20.6326 20.6326 20.6326 20.6326 20.6326 
20.6326 20.6326 20.6326 20.6326 20.6326 20.6326 20.6326 20.6326 20.6326 20.6326 
20.6326 20.6326 20.6326 20.6326 20.6326 20.6326 20.6326 20.6326 20.6326 20.6326 
20.6326 20.6326 20.6326 20.6326 20.6326 19.4785 19.4785 19.4785 19.4785 19.4785 
19.4785 19.4785 19.4785 19.4785 19.4785 19.4785 19.4785 19.4785 19.4785 19.4785 
19.4785 19.4785 19.4785 19.4785 19.4785 19.4785 19.4785 19.4785 19.4785 19.4785 
19.4785 19.4785 19.4785 19.4785 19.4785 19.4785 19.4785 19.4785 19.4785 19.4785 
19.4785 19.4785 19.4785 19.4785 19.4785 19.4785 19.4785 19.4785 19.4785 19.4785 
19.4785 19.4785 19.4785 19.4785 19.4785 19.4785 19.4785 19.4785 19.4785 19.4785 
19.4785 19.4785 19.4785 19.4785 19.4785 19.4785 19.4785 19.4785 19.4785 19.4785 
19.4785 19.4785 19.4785 19.4785 19.4785 19.4785 19.4785 19.4785 19.4785 19.4785 
19.4785 19.4785 19.4785 19.4785 19.4785 19.4785 19.4785 19.4785 19.4785 19.4785 
19.4785 19.4785 19.4785 19.4785 19.4785 19.4785 19.4785 19.4785 19.4785 19.4785 
19.4785 19.4785 19.4785 19.4785 19.4785 19.4785 19.4785 19.4785 19.4785 19.4785 
19.4785 19.4785 19.4785 19.4785 19.4785 19.4785 19.4785 19.4785 19.4785 19.4785 
19.4785 19.4785 19.4785 19.4785 19.4785 19.4785 19.4785 19.4785 19.4785 19.4785 
19.4785 19.4785 19.4785 19.4785 19.4785 19.4785 19.4785 19.4785 19.4785 19.4785 
19.4785 19.4785 19.4785 19.4785 19.4785 19.4785 19.4785 19.4785 19.4785 19.4785 
19.4785 19.4785 19.4785 19.4785 19.4785 19.4785 19.4785 19.4785 19.4785 19.4785 
19.4785 19.4785 19.4785 19.4785 19.4785 19.4785 19.4785 19.4785 19.4785 19.4785 
19.4785 19.4785 19.4785 19.4785 19.4785 19.4785 19.4785 19.4785 19.4785 19.4785 
19.4785 19.4785 19.4785 19.4785 19.4785 19.4785 19.4785 19.4785 19.4785 19.4785 
19.4785 19.4785 19.4785 19.4785 19.4785 19.4785 19.4785 19.4785 19.4785 19.4785 
19.4785 32.935 32.935 32.935 32.935 32.935 32.935 32.935 32.935 32.935 
32.935 32.935 32.935 32.935 32.935 32.935 32.935 32.935 32.935 32.935 
32.935 32.935 32.935 32.935 32.935 32.935 32.935 32.935 32.935 32.935 
32.935 32.935 32.935 32.935 32.935 32.935 32.935 32.935 32.935 32.935 
32.935 32.935 32.935 32.935 32.935 32.935 32.935 32.935 32.935 32.935 
32.935 32.935 32.935 32.935 32.935 32.935 32.935 32.935 32.935 32.935 
32.935 32.935 32.935 32.935 32.935 32.935 32.935 32.935 32.935 32.935 
32.935 32.935 32.935 32.935 32.935 32.935 32.935 32.935 32.935 32.935 
32.935 32.935 32.935 32.935 32.935 32.935 32.935 32.935 32.935 32.935 
32.935 32.935 32.935 32.935 32.935 32.935 32.935 32.935 32.935 32.935 
32.935 32.935 32.935 32.935 32.935 32.935 32.935 32.935 32.935 32.935 
32.935 32.935 32.935 32.935 32.935 32.935 32.935 32.935 32.935 32.935 
32.935 32.935 32.935 32.935 32.935 32.935 32.935 32.935 32.935 32.935 
32.935 32.935 32.935 32.935 32.935 32.935 32.935 32.935 32.935 32.935 
32.935 32.935 32.935 32.935 32.935 32.935 32.935 32.935 32.935 32.935 
32.935 32.935 32.935 32.935 32.935 32.935 32.935 32.935 32.935 32.935 
32.935 32.935 32.935 32.935 32.935 32.935 32.935 32.935 32.935 32.935 
32.935 32.935 32.935 32.935 32.935 32.935 32.935 32.935 32.935 32.935 
32.935 32.935 32.935 32.935 32.935 32.935 32.935 32.935 32.935 32.935 
32.935 32.935 32.935 32.935 32.935 32.935 32.935 13.4446 13.4446 13.4446 
13.4446 13.4446 13.4446 13.4446 13.4446 13.4446 13.4446 13.4446 13.4446 13.4446 
13.4446 13.4446 13.4446 13.4446 13.4446 13.4446 13.4446 13.4446 13.4446 13.4446 
13.4446 13.4446 13.4446 13.4446 13.4446 13.4446 13.4446 13.4446 13.4446 13.4446 
13.4446 13.4446 13.4446 13.4446 13.4446 13.4446 13.4446 13.4446 13.4446 13.4446 
13.4446 13.4446 13.4446 13.4446 13.4446 13.4446 13.4446 13.4446 13.4446 13.4446 
13.4446 13.4446 13.4446 13.4446 13.4446 13.4446 13.4446 13.4446 13.4446 13.4446 
13.4446 13.4446 13.4446 13.4446 13.4446 13.4446 13.4446 13.4446 13.4446 13.4446 
13.4446 13.4446 13.4446 13.4446 13.4446 13.4446 13.4446 13.4446 13.4446 13.4446 
13.4446 13.4446 13.4446 13.4446 13.4446 13.4446 13.4446 13.4446 13.4446 13.4446 
13.4446 13.4446 13.4446 13.4446 13.4446 13.4446 13.4446 13.4446 13.4446 13.4446 
13.4446 13.4446 13.4446 13.4446 13.4446 13.4446 13.4446 13.4446 13.4446 13.4446 
13.4446 13.4446 13.4446 13.4446 13.4446 13.4446 13.4446 13.4446 13.4446 13.4446 
13.4446 13.4446 13.4446 13.4446 13.4446 13.4446 13.4446 13.4446 13.4446 13.4446 
13.4446 13.4446 13.4446 13.4446 13.4446 13.4446 13.4446 13.4446 13.4446 13.4446 
13.4446 13.4446 13.4446 13.4446 13.4446 13.4446 13.4446 13.4446 13.4446 13.4446 
13.4446 13.4446 13.4446 13.4446 13.4446 13.4446 13.4446 13.4446 13.4446 13.4446 
13.4446 13.4446 13.4446 13.4446 13.4446 13.4446 13.4446 13.4446 13.4446 13.4446 
13.4446 13.4446 13.4446 13.4446 13.4446 13.4446 13.4446 13.4446 13.4446 13.4446 
13.4446 13.4446 13.4446 13.4446 13.4446 13.4446 13.4446 13.4446 13.4446 13.4446 
13.4446 13.4446 13.4446 30.7379 30.7379 30.7379 30.7379 30.7379 30.7379 30.7379 
30.7379 30.7379 30.7379 30.7379 30.7379 30.7379 30.7379 30.7379 30.7379 30.7379 
30.7379 30.7379 30.7379 30.7379 30.7379 30.7379 30.7379 30.7379 30.7379 30.7379 
30.7379 30.7379 30.7379 30.7379 30.7379 30.7379 30.7379 30.7379 30.7379 30.7379 
30.7379 30.7379 30.7379 30.7379 30.7379 30.7379 30.7379 30.7379 30.7379 30.7379 
30.7379 30.7379 30.7379 30.7379 30.7379 30.7379 30.7379 30.7379 30.7379 30.7379 
30.7379 30.7379 30.7379 30.7379 30.7379 30.7379 30.7379 30.7379 30.7379 30.7379 
30.7379 30.7379 30.7379 30.7379 30.7379 30.7379 30.7379 30.7379 30.7379 30.7379 
30.7379 30.7379 30.7379 30.7379 30.7379 30.7379 30.7379 30.7379 30.7379 30.7379 
30.7379 30.7379 30.7379 30.7379 30.7379 30.7379 30.7379 30.7379 30.7379 30.7379 
30.7379 30.7379 30.7379 30.7379 30.7379 30.7379 30.7379 30.7379 30.7379 30.7379 
30.7379 30.7379 30.7379 30.7379 30.7379 30.7379 30.7379 30.7379 30.7379 30.7379 
30.7379 30.7379 30.7379 30.7379 30.7379 30.7379 30.7379 30.7379 30.7379 30.7379 
30.7379 30.7379 30.7379 30.7379 30.7379 30.7379 30.7379 30.7379 30.7379 30.7379 
30.7379 30.7379 30.7379 30.7379 30.7379 30.7379 30.7379 30.7379 30.7379 30.7379 
30.7379 30.7379 30.7379 30.7379 30.7379 30.7379 30.7379 30.7379 30.7379 30.7379 
30.7379 30.7379 30.7379 30.7379 30.7379 30.7379 30.7379 30.7379 30.7379 30.7379 
30.7379 30.7379 30.7379 30.7379 30.7379 30.7379 30.7379 30.7379 30.7379 30.7379 
30.7379 30.7379 30.7379 30.7379 30.7379 30.7379 30.7379 30.7379 30.7379 30.7379 
30.7379 30.7379 30.7379 30.7379 30.7379 30.7379 30.7379 30.7379 30.7379 7.58479 
7.58479 7.58479 7.58479 7.58479 7.58479 7.58479 7.58479 7.58479 7.58479 7.58479 
7.58479 7.58479 7.58479 7.58479 7.58479 7.58479 7.58479 7.58479 7.58479 7.58479 
7.58479 7.58479 7.58479 7.58479 7.58479 7.58479 7.58479 7.58479 7.58479 7.58479 
7.58479 7.58479 7.58479 7.58479 7.58479 7.58479 7.58479 7.58479 7.58479 7.58479 
7.58479 7.58479 7.58479 7.58479 7.58479 7.58479 7.58479 7.58479 7.58479 7.58479 
7.58479 7.58479 7.58479 7.58479 7.58479 7.58479 7.58479 7.58479 7.58479 7.58479 
7.58479 7.58479 7.58479 7.58479 7.58479 7.58479 7.58479 7.58479 7.58479 7.58479 
7.58479 7.58479 7.58479 7.58479 7.58479 7.58479 7.58479 7.58479 7.58479 7.58479 
7.58479 7.58479 7.58479 7.58479 7.58479 7.58479 7.58479 7.58479 7.58479 7.58479 
7.58479 7.58479 7.58479 7.58479 7.58479 7.58479 7.58479 7.58479 7.58479 7.58479 
7.58479 7.58479 7.58479 7.58479 7.58479 7.58479 7.58479 7.58479 7.58479 7.58479 
7.58479 7.58479 7.58479 7.58479 7.58479 7.58479 7.58479 7.58479 7.58479 7.58479 
7.58479 7.58479 7.58479 7.58479 7.58479 7.58479 7.58479 7.58479 7.58479 7.58479 
7.58479 7.58479 7.58479 7.58479 7.58479 7.58479 7.58479 7.58479 7.58479 7.58479 
7.58479 7.58479 7.58479 7.58479 7.58479 7.58479 7.58479 7.58479 7.58479 7.58479 
7.58479 7.58479 7.58479 7.58479 7.58479 7.58479 7.58479 7.58479 7.58479 7.58479 
7.58479 7.58479 7.58479 7.58479 7.58479 7.58479 7.58479 7.58479 7.58479 7.58479 
7.58479 7.58479 7.58479 7.58479 7.58479 7.58479 7.58479 7.58479 7.58479 7.58479 
7.58479 7.58479 7.58479 7.58479 7.58479 7.58479 7.58479 7.58479 7.58479 7.58479 
7.58479 7.58479 7.58479 7.58479 7.58479 15.5833 15.5833 15.5833 15.5833 15.5833 
15.5833 15.5833 15.5833 15.5833 15.5833 15.5833 15.5833 15.5833 15.5833 15.5833 
15.5833 15.5833 15.5833 15.5833 15.5833 15.5833 15.5833 15.5833 15.5833 15.5833 
15.5833 15.5833 15.5833 15.5833 15.5833 15.5833 15.5833 15.5833 15.5833 15.5833 
15.5833 15.5833 15.5833 15.5833 15.5833 15.5833 15.5833 15.5833 15.5833 15.5833 
15.5833 15.5833 15.5833 15.5833 15.5833 15.5833 15.5833 15.5833 15.5833 15.5833 
15.5833 15.5833 15.5833 15.5833 15.5833 15.5833 15.5833 15.5833 15.5833 15.5833 
15.5833 15.5833 15.5833 15.5833 15.5833 15.5833 15.5833 15.5833 15.5833 15.5833 
15.5833 15.5833 15.5833 15.5833 15.5833 15.5833 15.5833 15.5833 15.5833 15.5833 
15.5833 15.5833 15.5833 15.5833 15.5833 15.5833 15.5833 15.5833 15.5833 15.5833 
15.5833 15.5833 15.5833 15.5833 15.5833 15.5833 15.5833 15.5833 15.5833 15.5833 
15.5833 15.5833 15.5833 15.5833 15.5833 15.5833 15.5833 15.5833 15.5833 15.5833 
15.5833 15.5833 15.5833 15.5833 15.5833 15.5833 15.5833 15.5833 15.5833 15.5833 
15.5833 15.5833 15.5833 15.5833 15.5833 15.5833 15.5833 15.5833 15.5833 15.5833 
15.5833 15.5833 15.5833 15.5833 15.5833 15.5833 15.5833 15.5833 15.5833 15.5833 
15.5833 15.5833 15.5833 15.5833 15.5833 15.5833 15.5833 15.5833 15.5833 15.5833 
15.5833 15.5833 15.5833 15.5833 15.5833 15.5833 15.5833 15.5833 15.5833 15.5833 
15.5833 15.5833 15.5833 15.5833 15.5833 15.5833 15.5833 15.5833 15.5833 15.5833 
15.5833 15.5833 15.5833 15.5833 15.5833 15.5833 15.5833 15.5833 15.5833 15.5833 
15.5833 15.5833 15.5833 15.5833 15.5833 15.5833 15.5833 15.5833 15.5833 15.5833 
15.5833 14.7003 14.7003 14.7003 14.7003 14.7003 14.7003 14.7003 14.7003 14.7003 
14.7003 14.7003 14.7003 14.7003 14.7003 14.7003 14.7003 14.7003 14.7003 14.7003 
14.7003 14.7003 14.7003 14.7003 14.7003 14.7003 14.7003 14.7003 14.7003 14.7003 
14.7003 14.7003 14.7003 14.7003 14.7003 14.7003 14.7003 14.7003 14.7003 14.7003 
14.7003 14.7003 14.7003 14.7003 14.7003 14.7003 14.7003 14.7003 14.7003 14.7003 
14.7003 14.7003 14.7003 14.7003 14.7003 14.7003 14.7003 14.7003 14.7003 14.7003 
14.7003 14.7003 14.7003 14.7003 14.7003 14.7003 14.7003 14.7003 14.7003 14.7003 
14.7003 14.7003 14.7003 14.7003 14.7003 14.7003 14.7003 14.7003 14.7003 14.7003 
14.7003 14.7003 14.7003 14.7003 14.7003 14.7003 14.7003 14.7003 14.7003 14.7003 
14.7003 14.7003 14.7003 14.7003 14.7003 14.7003 14.7003 14.7003 14.7003 14.7003 
14.7003 14.7003 14.7003 14.7003 14.7003 14.7003 14.7003 14.7003 14.7003 14.7003 
14.7003 14.7003 14.7003 14.7003 14.7003 14.7003 14.7003 14.7003 14.7003 14.7003 
14.7003 14.7003 14.7003 14.7003 14.7003 14.7003 14.7003 14.7003 14.7003 14.7003 
14.7003 14.7003 14.7003 14.7003 14.7003 14.7003 14.7003 14.7003 14.7003 14.7003 
14.7003 14.7003 14.7003 14.7003 14.7003 14.7003 14.7003 14.7003 14.7003 14.7003 
14.7003 14.7003 14.7003 14.7003 14.7003 14.7003 14.7003 14.7003 14.7003 14.7003 
14.7003 14.7003 14.7003 14.7003 14.7003 14.7003 14.7003 14.7003 14.7003 14.7003 
14.7003 14.7003 14.7003 14.7003 14.7003 14.7003 14.7003 14.7003 14.7003 14.7003 
14.7003 14.7003 14.7003 14.7003 14.7003 14.7003 14.7003 14.7003 14.7003 14.7003 
14.7003 14.7003 14.7003 14.7003 14.7003 14.7003 14.7003 11.7561 11.7561 11.7561 
11.7561 11.7561 11.7561 11.7561 11.7561 11.7561 11.7561 11.7561 11.7561 11.7561 
11.7561 11.7561 11.7561 11.7561 11.7561 11.7561 11.7561 11.7561 11.7561 11.7561 
11.7561 11.7561 11.7561 11.7561 11.7561 11.7561 11.7561 11.7561 11.7561 11.7561 
11.7561 11.7561 11.7561 11.7561 11.7561 11.7561 11.7561 11.7561 11.7561 11.7561 
11.7561 11.7561 11.7561 11.7561 11.7561 11.7561 11.7561 11.7561 11.7561 11.7561 
11.7561 11.7561 11.7561 11.7561 11.7561 11.7561 11.7561 11.7561 11.7561 11.7561 
11.7561 11.7561 11.7561 11.7561 11.7561 11.7561 11.7561 11.7561 11.7561 11.7561 
11.7561 11.7561 11.7561 11.7561 11.7561 11.7561 11.7561 11.7561 11.7561 11.7561 
11.7561 11.7561 11.7561 11.7561 11.7561 11.7561 11.7561 11.7561 11.7561 11.7561 
11.7561 11.7561 11.7561 11.7561 11.7561 11.7561 11.7561 11.7561 11.7561 11.7561 
11.7561 11.7561 11.7561 11.7561 11.7561 11.7561 11.7561 11.7561 11.7561 11.7561 
11.7561 11.7561 11.7561 11.7561 11.7561 11.7561 11.7561 11.7561 11.7561 11.7561 
11.7561 11.7561 11.7561 11.7561 11.7561 11.7561 11.7561 11.7561 11.7561 11.7561 
11.7561 11.7561 11.7561 11.7561 11.7561 11.7561 11.7561 11.7561 11.7561 11.7561 
11.7561 11.7561 11.7561 11.7561 11.7561 11.7561 11.7561 11.7561 11.7561 11.7561 
11.7561 11.7561 11.7561 11.7561 11.7561 11.7561 11.7561 11.7561 11.7561 11.7561 
11.7561 11.7561 11.7561 11.7561 11.7561 11.7561 11.7561 11.7561 11.7561 11.7561 
11.7561 11.7561 11.7561 11.7561 11.7561 11.7561 11.7561 11.7561 11.7561 11.7561 
11.7561 11.7561 11.7561 11.7561 11.7561 11.7561 11.7561 11.7561 11.7561 11.7561 
11.7561 11.7561 11.7561 31.5255 31.5255 31.5255 31.5255 31.5255 31.5255 31.5255 
31.5255 31.5255 31.5255 31.5255 31.5255 31.5255 31.5255 31.5255 31.5255 31.5255 
31.5255 31.5255 31.5255 31.5255 31.5255 31.5255 31.5255 31.5255 31.5255 31.5255 
31.5255 31.5255 31.5255 31.5255 31.5255 31.5255 31.5255 31.5255 31.5255 31.5255 
31.5255 31.5255 31.5255 31.5255 31.5255 31.5255 31.5255 31.5255 31.5255 31.5255 
31.5255 31.5255 31.5255 31.5255 31.5255 31.5255 31.5255 31.5255 31.5255 31.5255 
31.5255 31.5255 31.5255 31.5255 31.5255 31.5255 31.5255 31.5255 31.5255 31.5255 
31.5255 31.5255 31.5255 31.5255 31.5255 31.5255 31.5255 31.5255 31.5255 31.5255 
31.5255 31.5255 31.5255 31.5255 31.5255 31.5255 31.5255 31.5255 31.5255 31.5255 
31.5255 31.5255 31.5255 31.5255 31.5255 31.5255 31.5255 31.5255 31.5255 31.5255 
31.5255 31.5255 31.5255 31.5255 31.5255 31.5255 31.5255 31.5255 31.5255 31.5255 
31.5255 31.5255 31.5255 31.5255 31.5255 31.5255 31.5255 31.5255 31.5255 31.5255 
31.5255 31.5255 31.5255 31.5255 31.5255 31.5255 31.5255 31.5255 31.5255 31.5255 
31.5255 31.5255 31.5255 31.5255 31.5255 31.5255 31.5255 31.5255 31.5255 31.5255 
31.5255 31.5255 31.5255 31.5255 31.5255 31.5255 31.5255 31.5255 31.5255 31.5255 
31.5255 31.5255 31.5255 31.5255 31.5255 31.5255 31.5255 31.5255 31.5255 31.5255 
31.5255 31.5255 31.5255 31.5255 31.5255 31.5255 31.5255 31.5255 31.5255 31.5255 
31.5255 31.5255 31.5255 31.5255 31.5255 31.5255 31.5255 31.5255 31.5255 31.5255 
31.5255 31.5255 31.5255 31.5255 31.5255 31.5255 31.5255 31.5255 31.5255 31.5255 
31.5255 31.5255 31.5255 31.5255 31.5255 31.5255 31.5255 31.5255 31.5255 8.15162 
8.15162 8.15162 8.15162 8.15162 8.15162 8.15162 8.15162 8.15162 8.15162 8.15162 
8.15162 8.15162 8.15162 8.15162 8.15162 8.15162 8.15162 8.15162 8.15162 8.15162 
8.15162 8.15162 8.15162 8.15162 8.15162 8.15162 8.15162 8.15162 8.15162 8.15162 
8.15162 8.15162 8.15162 8.15162 8.15162 8.15162 8.15162 8.15162 8.15162 8.15162 
8.15162 8.15162 8.15162 8.15162 8.15162 8.15162 8.15162 8.15162 8.15162 8.15162 
8.15162 8.15162 8.15162 8.15162 8.15162 8.15162 8.15162 8.15162 8.15162 8.15162 
8.15162 8.15162 8.15162 8.15162 8.15162 8.15162 8.15162 8.15162 8.15162 8.15162 
8.15162 8.15162 8.15162 8.15162 8.15162 8.15162 8.15162 8.15162 8.15162 8.15162 
8.15162 8.15162 8.15162 8.15162 8.15162 8.15162 8.15162 8.15162 8.15162 8.15162 
8.15162 8.15162 8.15162 8.15162 8.15162 8.15162 8.15162 8.15162 8.15162 8.15162 
8.15162 8.15162 8.15162 8.15162 8.15162 8.15162 8.15162 8.15162 8.15162 8.15162 
8.15162 8.15162 8.15162 8.15162 8.15162 8.15162 8.15162 8.15162 8.15162 8.15162 
8.15162 8.15162 8.15162 8.15162 8.15162 8.15162 8.15162 8.15162 8.15162 8.15162 
8.15162 8.15162 8.15162 8.15162 8.15162 8.15162 8.15162 8.15162 8.15162 8.15162 
8.15162 8.15162 8.15162 8.15162 8.15162 8.15162 8.15162 8.15162 8.15162 8.15162 
8.15162 8.15162 8.15162 8.15162 8.15162 8.15162 8.15162 8.15162 8.15162 8.15162 
8.15162 8.15162 8.15162 8.15162 8.15162 8.15162 8.15162 8.15162 8.15162 8.15162 
8.15162 8.15162 8.15162 8.15162 8.15162 8.15162 8.15162 8.15162 8.15162 8.15162 
8.15162 8.15162 8.15162 8.15162 8.15162 8.15162 8.15162 8.15162 8.15162 8.15162 
8.15162 8.15162 8.15162 8.15162 8.15162 
