# vtk DataFile Version 2.0
vtkObjects
ASCII
DATASET UNSTRUCTURED_GRID
POINTS 4280 float
-296.188 -52.0845 5464.53
-293.524 -52.0845 5464.53
-296.188 -49.4205 5464.53
-293.524 -49.4205 5464.53
-296.188 -52.0845 5467.19
-293.524 -52.0845 5467.19
-296.188 -49.4205 5467.19
-293.524 -49.4205 5467.19
-294.856 -51.5757 5463.71
-294.856 -49.9293 5463.71
-294.856 -51.5757 5468.02
-294.856 -49.9293 5468.02
-295.679 -52.9077 5465.86
-294.033 -52.9077 5465.86
-295.679 -48.5973 5465.86
-294.033 -48.5973 5465.86
-297.011 -50.7525 5465.04
-297.011 -50.7525 5466.68
-292.701 -50.7525 5465.04
-292.701 -50.7525 5466.68
-296.188 -52.0845 5179.24
-293.524 -52.0845 5179.24
-296.188 -49.4205 5179.24
-293.524 -49.4205 5179.24
-296.188 -52.0845 5181.9
-293.524 -52.0845 5181.9
-296.188 -49.4205 5181.9
-293.524 -49.4205 5181.9
-294.856 -51.5757 5178.42
-294.856 -49.9293 5178.42
-294.856 -51.5757 5182.73
-294.856 -49.9293 5182.73
-295.679 -52.9077 5180.57
-294.033 -52.9077 5180.57
-295.679 -48.5973 5180.57
-294.033 -48.5973 5180.57
-297.011 -50.7525 5179.75
-297.011 -50.7525 5181.39
-292.701 -50.7525 5179.75
-292.701 -50.7525 5181.39
50.1165 7.5235 5464.53
52.7805 7.5235 5464.53
50.1165 10.1875 5464.53
52.7805 10.1875 5464.53
50.1165 7.5235 5467.19
52.7805 7.5235 5467.19
50.1165 10.1875 5467.19
52.7805 10.1875 5467.19
51.4485 8.03228 5463.71
51.4485 9.67872 5463.71
51.4485 8.03228 5468.02
51.4485 9.67872 5468.02
50.6253 6.70028 5465.86
52.2717 6.70028 5465.86
50.6253 11.0107 5465.86
52.2717 11.0107 5465.86
49.2933 8.8555 5465.04
49.2933 8.8555 5466.68
53.6037 8.8555 5465.04
53.6037 8.8555 5466.68
50.1165 7.5235 5179.24
52.7805 7.5235 5179.24
50.1165 10.1875 5179.24
52.7805 10.1875 5179.24
50.1165 7.5235 5181.9
52.7805 7.5235 5181.9
50.1165 10.1875 5181.9
52.7805 10.1875 5181.9
51.4485 8.03228 5178.42
51.4485 9.67872 5178.42
51.4485 8.03228 5182.73
51.4485 9.67872 5182.73
50.6253 6.70028 5180.57
52.2717 6.70028 5180.57
50.6253 11.0107 5180.57
52.2717 11.0107 5180.57
49.2933 8.8555 5179.75
49.2933 8.8555 5181.39
53.6037 8.8555 5179.75
53.6037 8.8555 5181.39
-296.188 -52.0845 5179.24
-293.524 -52.0845 5179.24
-296.188 -49.4205 5179.24
-293.524 -49.4205 5179.24
-296.188 -52.0845 5181.9
-293.524 -52.0845 5181.9
-296.188 -49.4205 5181.9
-293.524 -49.4205 5181.9
-294.856 -51.5757 5178.42
-294.856 -49.9293 5178.42
-294.856 -51.5757 5182.73
-294.856 -49.9293 5182.73
-295.679 -52.9077 5180.57
-294.033 -52.9077 5180.57
-295.679 -48.5973 5180.57
-294.033 -48.5973 5180.57
-297.011 -50.7525 5179.75
-297.011 -50.7525 5181.39
-292.701 -50.7525 5179.75
-292.701 -50.7525 5181.39
-296.188 -52.0845 4904.76
-293.524 -52.0845 4904.76
-296.188 -49.4205 4904.76
-293.524 -49.4205 4904.76
-296.188 -52.0845 4907.42
-293.524 -52.0845 4907.42
-296.188 -49.4205 4907.42
-293.524 -49.4205 4907.42
-294.856 -51.5757 4903.94
-294.856 -49.9293 4903.94
-294.856 -51.5757 4908.25
-294.856 -49.9293 4908.25
-295.679 -52.9077 4906.09
-294.033 -52.9077 4906.09
-295.679 -48.5973 4906.09
-294.033 -48.5973 4906.09
-297.011 -50.7525 4905.27
-297.011 -50.7525 4906.92
-292.701 -50.7525 4905.27
-292.701 -50.7525 4906.92
-296.188 -52.0845 4904.76
-293.524 -52.0845 4904.76
-296.188 -49.4205 4904.76
-293.524 -49.4205 4904.76
-296.188 -52.0845 4907.42
-293.524 -52.0845 4907.42
-296.188 -49.4205 4907.42
-293.524 -49.4205 4907.42
-294.856 -51.5757 4903.94
-294.856 -49.9293 4903.94
-294.856 -51.5757 4908.25
-294.856 -49.9293 4908.25
-295.679 -52.9077 4906.09
-294.033 -52.9077 4906.09
-295.679 -48.5973 4906.09
-294.033 -48.5973 4906.09
-297.011 -50.7525 4905.27
-297.011 -50.7525 4906.92
-292.701 -50.7525 4905.27
-292.701 -50.7525 4906.92
-296.188 -52.0845 4630.28
-293.524 -52.0845 4630.28
-296.188 -49.4205 4630.28
-293.524 -49.4205 4630.28
-296.188 -52.0845 4632.95
-293.524 -52.0845 4632.95
-296.188 -49.4205 4632.95
-293.524 -49.4205 4632.95
-294.856 -51.5757 4629.46
-294.856 -49.9293 4629.46
-294.856 -51.5757 4633.77
-294.856 -49.9293 4633.77
-295.679 -52.9077 4631.61
-294.033 -52.9077 4631.61
-295.679 -48.5973 4631.61
-294.033 -48.5973 4631.61
-297.011 -50.7525 4630.79
-297.011 -50.7525 4632.44
-292.701 -50.7525 4630.79
-292.701 -50.7525 4632.44
-296.188 -52.0845 4630.28
-293.524 -52.0845 4630.28
-296.188 -49.4205 4630.28
-293.524 -49.4205 4630.28
-296.188 -52.0845 4632.95
-293.524 -52.0845 4632.95
-296.188 -49.4205 4632.95
-293.524 -49.4205 4632.95
-294.856 -51.5757 4629.46
-294.856 -49.9293 4629.46
-294.856 -51.5757 4633.77
-294.856 -49.9293 4633.77
-295.679 -52.9077 4631.61
-294.033 -52.9077 4631.61
-295.679 -48.5973 4631.61
-294.033 -48.5973 4631.61
-297.011 -50.7525 4630.79
-297.011 -50.7525 4632.44
-292.701 -50.7525 4630.79
-292.701 -50.7525 4632.44
-296.188 -52.0845 4355.8
-293.524 -52.0845 4355.8
-296.188 -49.4205 4355.8
-293.524 -49.4205 4355.8
-296.188 -52.0845 4358.47
-293.524 -52.0845 4358.47
-296.188 -49.4205 4358.47
-293.524 -49.4205 4358.47
-294.856 -51.5757 4354.98
-294.856 -49.9293 4354.98
-294.856 -51.5757 4359.29
-294.856 -49.9293 4359.29
-295.679 -52.9077 4357.14
-294.033 -52.9077 4357.14
-295.679 -48.5973 4357.14
-294.033 -48.5973 4357.14
-297.011 -50.7525 4356.31
-297.011 -50.7525 4357.96
-292.701 -50.7525 4356.31
-292.701 -50.7525 4357.96
-296.188 -52.0845 4355.8
-293.524 -52.0845 4355.8
-296.188 -49.4205 4355.8
-293.524 -49.4205 4355.8
-296.188 -52.0845 4358.47
-293.524 -52.0845 4358.47
-296.188 -49.4205 4358.47
-293.524 -49.4205 4358.47
-294.856 -51.5757 4354.98
-294.856 -49.9293 4354.98
-294.856 -51.5757 4359.29
-294.856 -49.9293 4359.29
-295.679 -52.9077 4357.14
-294.033 -52.9077 4357.14
-295.679 -48.5973 4357.14
-294.033 -48.5973 4357.14
-297.011 -50.7525 4356.31
-297.011 -50.7525 4357.96
-292.701 -50.7525 4356.31
-292.701 -50.7525 4357.96
-296.188 -52.0845 4081.32
-293.524 -52.0845 4081.32
-296.188 -49.4205 4081.32
-293.524 -49.4205 4081.32
-296.188 -52.0845 4083.99
-293.524 -52.0845 4083.99
-296.188 -49.4205 4083.99
-293.524 -49.4205 4083.99
-294.856 -51.5757 4080.5
-294.856 -49.9293 4080.5
-294.856 -51.5757 4084.81
-294.856 -49.9293 4084.81
-295.679 -52.9077 4082.66
-294.033 -52.9077 4082.66
-295.679 -48.5973 4082.66
-294.033 -48.5973 4082.66
-297.011 -50.7525 4081.83
-297.011 -50.7525 4083.48
-292.701 -50.7525 4081.83
-292.701 -50.7525 4083.48
-296.188 -52.0845 4081.32
-293.524 -52.0845 4081.32
-296.188 -49.4205 4081.32
-293.524 -49.4205 4081.32
-296.188 -52.0845 4083.99
-293.524 -52.0845 4083.99
-296.188 -49.4205 4083.99
-293.524 -49.4205 4083.99
-294.856 -51.5757 4080.5
-294.856 -49.9293 4080.5
-294.856 -51.5757 4084.81
-294.856 -49.9293 4084.81
-295.679 -52.9077 4082.66
-294.033 -52.9077 4082.66
-295.679 -48.5973 4082.66
-294.033 -48.5973 4082.66
-297.011 -50.7525 4081.83
-297.011 -50.7525 4083.48
-292.701 -50.7525 4081.83
-292.701 -50.7525 4083.48
-296.188 -52.0845 3806.85
-293.524 -52.0845 3806.85
-296.188 -49.4205 3806.85
-293.524 -49.4205 3806.85
-296.188 -52.0845 3809.51
-293.524 -52.0845 3809.51
-296.188 -49.4205 3809.51
-293.524 -49.4205 3809.51
-294.856 -51.5757 3806.02
-294.856 -49.9293 3806.02
-294.856 -51.5757 3810.33
-294.856 -49.9293 3810.33
-295.679 -52.9077 3808.18
-294.033 -52.9077 3808.18
-295.679 -48.5973 3808.18
-294.033 -48.5973 3808.18
-297.011 -50.7525 3807.35
-297.011 -50.7525 3809
-292.701 -50.7525 3807.35
-292.701 -50.7525 3809
-296.188 -52.0845 3806.85
-293.524 -52.0845 3806.85
-296.188 -49.4205 3806.85
-293.524 -49.4205 3806.85
-296.188 -52.0845 3809.51
-293.524 -52.0845 3809.51
-296.188 -49.4205 3809.51
-293.524 -49.4205 3809.51
-294.856 -51.5757 3806.02
-294.856 -49.9293 3806.02
-294.856 -51.5757 3810.33
-294.856 -49.9293 3810.33
-295.679 -52.9077 3808.18
-294.033 -52.9077 3808.18
-295.679 -48.5973 3808.18
-294.033 -48.5973 3808.18
-297.011 -50.7525 3807.35
-297.011 -50.7525 3809
-292.701 -50.7525 3807.35
-292.701 -50.7525 3809
-296.188 -52.0845 3532.37
-293.524 -52.0845 3532.37
-296.188 -49.4205 3532.37
-293.524 -49.4205 3532.37
-296.188 -52.0845 3535.03
-293.524 -52.0845 3535.03
-296.188 -49.4205 3535.03
-293.524 -49.4205 3535.03
-294.856 -51.5757 3531.54
-294.856 -49.9293 3531.54
-294.856 -51.5757 3535.85
-294.856 -49.9293 3535.85
-295.679 -52.9077 3533.7
-294.033 -52.9077 3533.7
-295.679 -48.5973 3533.7
-294.033 -48.5973 3533.7
-297.011 -50.7525 3532.88
-297.011 -50.7525 3534.52
-292.701 -50.7525 3532.88
-292.701 -50.7525 3534.52
-296.188 -52.0845 3532.37
-293.524 -52.0845 3532.37
-296.188 -49.4205 3532.37
-293.524 -49.4205 3532.37
-296.188 -52.0845 3535.03
-293.524 -52.0845 3535.03
-296.188 -49.4205 3535.03
-293.524 -49.4205 3535.03
-294.856 -51.5757 3531.54
-294.856 -49.9293 3531.54
-294.856 -51.5757 3535.85
-294.856 -49.9293 3535.85
-295.679 -52.9077 3533.7
-294.033 -52.9077 3533.7
-295.679 -48.5973 3533.7
-294.033 -48.5973 3533.7
-297.011 -50.7525 3532.88
-297.011 -50.7525 3534.52
-292.701 -50.7525 3532.88
-292.701 -50.7525 3534.52
-296.188 -52.0845 3257.89
-293.524 -52.0845 3257.89
-296.188 -49.4205 3257.89
-293.524 -49.4205 3257.89
-296.188 -52.0845 3260.55
-293.524 -52.0845 3260.55
-296.188 -49.4205 3260.55
-293.524 -49.4205 3260.55
-294.856 -51.5757 3257.07
-294.856 -49.9293 3257.07
-294.856 -51.5757 3261.38
-294.856 -49.9293 3261.38
-295.679 -52.9077 3259.22
-294.033 -52.9077 3259.22
-295.679 -48.5973 3259.22
-294.033 -48.5973 3259.22
-297.011 -50.7525 3258.4
-297.011 -50.7525 3260.04
-292.701 -50.7525 3258.4
-292.701 -50.7525 3260.04
-296.188 -52.0845 3257.89
-293.524 -52.0845 3257.89
-296.188 -49.4205 3257.89
-293.524 -49.4205 3257.89
-296.188 -52.0845 3260.55
-293.524 -52.0845 3260.55
-296.188 -49.4205 3260.55
-293.524 -49.4205 3260.55
-294.856 -51.5757 3257.07
-294.856 -49.9293 3257.07
-294.856 -51.5757 3261.38
-294.856 -49.9293 3261.38
-295.679 -52.9077 3259.22
-294.033 -52.9077 3259.22
-295.679 -48.5973 3259.22
-294.033 -48.5973 3259.22
-297.011 -50.7525 3258.4
-297.011 -50.7525 3260.04
-292.701 -50.7525 3258.4
-292.701 -50.7525 3260.04
-296.188 -52.0845 2983.41
-293.524 -52.0845 2983.41
-296.188 -49.4205 2983.41
-293.524 -49.4205 2983.41
-296.188 -52.0845 2986.07
-293.524 -52.0845 2986.07
-296.188 -49.4205 2986.07
-293.524 -49.4205 2986.07
-294.856 -51.5757 2982.59
-294.856 -49.9293 2982.59
-294.856 -51.5757 2986.9
-294.856 -49.9293 2986.9
-295.679 -52.9077 2984.74
-294.033 -52.9077 2984.74
-295.679 -48.5973 2984.74
-294.033 -48.5973 2984.74
-297.011 -50.7525 2983.92
-297.011 -50.7525 2985.57
-292.701 -50.7525 2983.92
-292.701 -50.7525 2985.57
-296.188 -52.0845 2983.41
-293.524 -52.0845 2983.41
-296.188 -49.4205 2983.41
-293.524 -49.4205 2983.41
-296.188 -52.0845 2986.07
-293.524 -52.0845 2986.07
-296.188 -49.4205 2986.07
-293.524 -49.4205 2986.07
-294.856 -51.5757 2982.59
-294.856 -49.9293 2982.59
-294.856 -51.5757 2986.9
-294.856 -49.9293 2986.9
-295.679 -52.9077 2984.74
-294.033 -52.9077 2984.74
-295.679 -48.5973 2984.74
-294.033 -48.5973 2984.74
-297.011 -50.7525 2983.92
-297.011 -50.7525 2985.57
-292.701 -50.7525 2983.92
-292.701 -50.7525 2985.57
-296.188 -52.0845 2708.93
-293.524 -52.0845 2708.93
-296.188 -49.4205 2708.93
-293.524 -49.4205 2708.93
-296.188 -52.0845 2711.6
-293.524 -52.0845 2711.6
-296.188 -49.4205 2711.6
-293.524 -49.4205 2711.6
-294.856 -51.5757 2708.11
-294.856 -49.9293 2708.11
-294.856 -51.5757 2712.42
-294.856 -49.9293 2712.42
-295.679 -52.9077 2710.26
-294.033 -52.9077 2710.26
-295.679 -48.5973 2710.26
-294.033 -48.5973 2710.26
-297.011 -50.7525 2709.44
-297.011 -50.7525 2711.09
-292.701 -50.7525 2709.44
-292.701 -50.7525 2711.09
-296.188 -52.0845 2708.93
-293.524 -52.0845 2708.93
-296.188 -49.4205 2708.93
-293.524 -49.4205 2708.93
-296.188 -52.0845 2711.6
-293.524 -52.0845 2711.6
-296.188 -49.4205 2711.6
-293.524 -49.4205 2711.6
-294.856 -51.5757 2708.11
-294.856 -49.9293 2708.11
-294.856 -51.5757 2712.42
-294.856 -49.9293 2712.42
-295.679 -52.9077 2710.26
-294.033 -52.9077 2710.26
-295.679 -48.5973 2710.26
-294.033 -48.5973 2710.26
-297.011 -50.7525 2709.44
-297.011 -50.7525 2711.09
-292.701 -50.7525 2709.44
-292.701 -50.7525 2711.09
-296.188 -52.0845 2434.45
-293.524 -52.0845 2434.45
-296.188 -49.4205 2434.45
-293.524 -49.4205 2434.45
-296.188 -52.0845 2437.12
-293.524 -52.0845 2437.12
-296.188 -49.4205 2437.12
-293.524 -49.4205 2437.12
-294.856 -51.5757 2433.63
-294.856 -49.9293 2433.63
-294.856 -51.5757 2437.94
-294.856 -49.9293 2437.94
-295.679 -52.9077 2435.78
-294.033 -52.9077 2435.78
-295.679 -48.5973 2435.78
-294.033 -48.5973 2435.78
-297.011 -50.7525 2434.96
-297.011 -50.7525 2436.61
-292.701 -50.7525 2434.96
-292.701 -50.7525 2436.61
-296.188 -52.0845 2434.45
-293.524 -52.0845 2434.45
-296.188 -49.4205 2434.45
-293.524 -49.4205 2434.45
-296.188 -52.0845 2437.12
-293.524 -52.0845 2437.12
-296.188 -49.4205 2437.12
-293.524 -49.4205 2437.12
-294.856 -51.5757 2433.63
-294.856 -49.9293 2433.63
-294.856 -51.5757 2437.94
-294.856 -49.9293 2437.94
-295.679 -52.9077 2435.78
-294.033 -52.9077 2435.78
-295.679 -48.5973 2435.78
-294.033 -48.5973 2435.78
-297.011 -50.7525 2434.96
-297.011 -50.7525 2436.61
-292.701 -50.7525 2434.96
-292.701 -50.7525 2436.61
-296.188 -52.0845 2159.97
-293.524 -52.0845 2159.97
-296.188 -49.4205 2159.97
-293.524 -49.4205 2159.97
-296.188 -52.0845 2162.64
-293.524 -52.0845 2162.64
-296.188 -49.4205 2162.64
-293.524 -49.4205 2162.64
-294.856 -51.5757 2159.15
-294.856 -49.9293 2159.15
-294.856 -51.5757 2163.46
-294.856 -49.9293 2163.46
-295.679 -52.9077 2161.31
-294.033 -52.9077 2161.31
-295.679 -48.5973 2161.31
-294.033 -48.5973 2161.31
-297.011 -50.7525 2160.48
-297.011 -50.7525 2162.13
-292.701 -50.7525 2160.48
-292.701 -50.7525 2162.13
-296.188 -52.0845 2159.97
-293.524 -52.0845 2159.97
-296.188 -49.4205 2159.97
-293.524 -49.4205 2159.97
-296.188 -52.0845 2162.64
-293.524 -52.0845 2162.64
-296.188 -49.4205 2162.64
-293.524 -49.4205 2162.64
-294.856 -51.5757 2159.15
-294.856 -49.9293 2159.15
-294.856 -51.5757 2163.46
-294.856 -49.9293 2163.46
-295.679 -52.9077 2161.31
-294.033 -52.9077 2161.31
-295.679 -48.5973 2161.31
-294.033 -48.5973 2161.31
-297.011 -50.7525 2160.48
-297.011 -50.7525 2162.13
-292.701 -50.7525 2160.48
-292.701 -50.7525 2162.13
-296.188 -52.0845 1885.5
-293.524 -52.0845 1885.5
-296.188 -49.4205 1885.5
-293.524 -49.4205 1885.5
-296.188 -52.0845 1888.16
-293.524 -52.0845 1888.16
-296.188 -49.4205 1888.16
-293.524 -49.4205 1888.16
-294.856 -51.5757 1884.67
-294.856 -49.9293 1884.67
-294.856 -51.5757 1888.98
-294.856 -49.9293 1888.98
-295.679 -52.9077 1886.83
-294.033 -52.9077 1886.83
-295.679 -48.5973 1886.83
-294.033 -48.5973 1886.83
-297.011 -50.7525 1886
-297.011 -50.7525 1887.65
-292.701 -50.7525 1886
-292.701 -50.7525 1887.65
-296.188 -52.0845 1885.5
-293.524 -52.0845 1885.5
-296.188 -49.4205 1885.5
-293.524 -49.4205 1885.5
-296.188 -52.0845 1888.16
-293.524 -52.0845 1888.16
-296.188 -49.4205 1888.16
-293.524 -49.4205 1888.16
-294.856 -51.5757 1884.67
-294.856 -49.9293 1884.67
-294.856 -51.5757 1888.98
-294.856 -49.9293 1888.98
-295.679 -52.9077 1886.83
-294.033 -52.9077 1886.83
-295.679 -48.5973 1886.83
-294.033 -48.5973 1886.83
-297.011 -50.7525 1886
-297.011 -50.7525 1887.65
-292.701 -50.7525 1886
-292.701 -50.7525 1887.65
-296.188 -52.0845 1611.02
-293.524 -52.0845 1611.02
-296.188 -49.4205 1611.02
-293.524 -49.4205 1611.02
-296.188 -52.0845 1613.68
-293.524 -52.0845 1613.68
-296.188 -49.4205 1613.68
-293.524 -49.4205 1613.68
-294.856 -51.5757 1610.19
-294.856 -49.9293 1610.19
-294.856 -51.5757 1614.5
-294.856 -49.9293 1614.5
-295.679 -52.9077 1612.35
-294.033 -52.9077 1612.35
-295.679 -48.5973 1612.35
-294.033 -48.5973 1612.35
-297.011 -50.7525 1611.53
-297.011 -50.7525 1613.17
-292.701 -50.7525 1611.53
-292.701 -50.7525 1613.17
-296.188 -52.0845 1611.02
-293.524 -52.0845 1611.02
-296.188 -49.4205 1611.02
-293.524 -49.4205 1611.02
-296.188 -52.0845 1613.68
-293.524 -52.0845 1613.68
-296.188 -49.4205 1613.68
-293.524 -49.4205 1613.68
-294.856 -51.5757 1610.19
-294.856 -49.9293 1610.19
-294.856 -51.5757 1614.5
-294.856 -49.9293 1614.5
-295.679 -52.9077 1612.35
-294.033 -52.9077 1612.35
-295.679 -48.5973 1612.35
-294.033 -48.5973 1612.35
-297.011 -50.7525 1611.53
-297.011 -50.7525 1613.17
-292.701 -50.7525 1611.53
-292.701 -50.7525 1613.17
-296.188 -52.0845 1336.54
-293.524 -52.0845 1336.54
-296.188 -49.4205 1336.54
-293.524 -49.4205 1336.54
-296.188 -52.0845 1339.2
-293.524 -52.0845 1339.2
-296.188 -49.4205 1339.2
-293.524 -49.4205 1339.2
-294.856 -51.5757 1335.72
-294.856 -49.9293 1335.72
-294.856 -51.5757 1340.03
-294.856 -49.9293 1340.03
-295.679 -52.9077 1337.87
-294.033 -52.9077 1337.87
-295.679 -48.5973 1337.87
-294.033 -48.5973 1337.87
-297.011 -50.7525 1337.05
-297.011 -50.7525 1338.69
-292.701 -50.7525 1337.05
-292.701 -50.7525 1338.69
-296.188 -52.0845 1336.54
-293.524 -52.0845 1336.54
-296.188 -49.4205 1336.54
-293.524 -49.4205 1336.54
-296.188 -52.0845 1339.2
-293.524 -52.0845 1339.2
-296.188 -49.4205 1339.2
-293.524 -49.4205 1339.2
-294.856 -51.5757 1335.72
-294.856 -49.9293 1335.72
-294.856 -51.5757 1340.03
-294.856 -49.9293 1340.03
-295.679 -52.9077 1337.87
-294.033 -52.9077 1337.87
-295.679 -48.5973 1337.87
-294.033 -48.5973 1337.87
-297.011 -50.7525 1337.05
-297.011 -50.7525 1338.69
-292.701 -50.7525 1337.05
-292.701 -50.7525 1338.69
-296.188 -52.0845 1062.06
-293.524 -52.0845 1062.06
-296.188 -49.4205 1062.06
-293.524 -49.4205 1062.06
-296.188 -52.0845 1064.72
-293.524 -52.0845 1064.72
-296.188 -49.4205 1064.72
-293.524 -49.4205 1064.72
-294.856 -51.5757 1061.24
-294.856 -49.9293 1061.24
-294.856 -51.5757 1065.55
-294.856 -49.9293 1065.55
-295.679 -52.9077 1063.39
-294.033 -52.9077 1063.39
-295.679 -48.5973 1063.39
-294.033 -48.5973 1063.39
-297.011 -50.7525 1062.57
-297.011 -50.7525 1064.22
-292.701 -50.7525 1062.57
-292.701 -50.7525 1064.22
-296.188 -52.0845 1062.06
-293.524 -52.0845 1062.06
-296.188 -49.4205 1062.06
-293.524 -49.4205 1062.06
-296.188 -52.0845 1064.72
-293.524 -52.0845 1064.72
-296.188 -49.4205 1064.72
-293.524 -49.4205 1064.72
-294.856 -51.5757 1061.24
-294.856 -49.9293 1061.24
-294.856 -51.5757 1065.55
-294.856 -49.9293 1065.55
-295.679 -52.9077 1063.39
-294.033 -52.9077 1063.39
-295.679 -48.5973 1063.39
-294.033 -48.5973 1063.39
-297.011 -50.7525 1062.57
-297.011 -50.7525 1064.22
-292.701 -50.7525 1062.57
-292.701 -50.7525 1064.22
-296.188 -52.0845 787.582
-293.524 -52.0845 787.582
-296.188 -49.4205 787.582
-293.524 -49.4205 787.582
-296.188 -52.0845 790.246
-293.524 -52.0845 790.246
-296.188 -49.4205 790.246
-293.524 -49.4205 790.246
-294.856 -51.5757 786.759
-294.856 -49.9293 786.759
-294.856 -51.5757 791.069
-294.856 -49.9293 791.069
-295.679 -52.9077 788.914
-294.033 -52.9077 788.914
-295.679 -48.5973 788.914
-294.033 -48.5973 788.914
-297.011 -50.7525 788.091
-297.011 -50.7525 789.737
-292.701 -50.7525 788.091
-292.701 -50.7525 789.737
-296.188 -52.0845 787.582
-293.524 -52.0845 787.582
-296.188 -49.4205 787.582
-293.524 -49.4205 787.582
-296.188 -52.0845 790.246
-293.524 -52.0845 790.246
-296.188 -49.4205 790.246
-293.524 -49.4205 790.246
-294.856 -51.5757 786.759
-294.856 -49.9293 786.759
-294.856 -51.5757 791.069
-294.856 -49.9293 791.069
-295.679 -52.9077 788.914
-294.033 -52.9077 788.914
-295.679 -48.5973 788.914
-294.033 -48.5973 788.914
-297.011 -50.7525 788.091
-297.011 -50.7525 789.737
-292.701 -50.7525 788.091
-292.701 -50.7525 789.737
-296.188 -52.0845 513.103
-293.524 -52.0845 513.103
-296.188 -49.4205 513.103
-293.524 -49.4205 513.103
-296.188 -52.0845 515.767
-293.524 -52.0845 515.767
-296.188 -49.4205 515.767
-293.524 -49.4205 515.767
-294.856 -51.5757 512.28
-294.856 -49.9293 512.28
-294.856 -51.5757 516.59
-294.856 -49.9293 516.59
-295.679 -52.9077 514.435
-294.033 -52.9077 514.435
-295.679 -48.5973 514.435
-294.033 -48.5973 514.435
-297.011 -50.7525 513.612
-297.011 -50.7525 515.258
-292.701 -50.7525 513.612
-292.701 -50.7525 515.258
-296.188 -52.0845 513.103
-293.524 -52.0845 513.103
-296.188 -49.4205 513.103
-293.524 -49.4205 513.103
-296.188 -52.0845 515.767
-293.524 -52.0845 515.767
-296.188 -49.4205 515.767
-293.524 -49.4205 515.767
-294.856 -51.5757 512.28
-294.856 -49.9293 512.28
-294.856 -51.5757 516.59
-294.856 -49.9293 516.59
-295.679 -52.9077 514.435
-294.033 -52.9077 514.435
-295.679 -48.5973 514.435
-294.033 -48.5973 514.435
-297.011 -50.7525 513.612
-297.011 -50.7525 515.258
-292.701 -50.7525 513.612
-292.701 -50.7525 515.258
-296.188 -52.0845 238.625
-293.524 -52.0845 238.625
-296.188 -49.4205 238.625
-293.524 -49.4205 238.625
-296.188 -52.0845 241.288
-293.524 -52.0845 241.288
-296.188 -49.4205 241.288
-293.524 -49.4205 241.288
-294.856 -51.5757 237.801
-294.856 -49.9293 237.801
-294.856 -51.5757 242.112
-294.856 -49.9293 242.112
-295.679 -52.9077 239.957
-294.033 -52.9077 239.957
-295.679 -48.5973 239.957
-294.033 -48.5973 239.957
-297.011 -50.7525 239.133
-297.011 -50.7525 240.78
-292.701 -50.7525 239.133
-292.701 -50.7525 240.78
-296.188 -52.0845 238.625
-293.524 -52.0845 238.625
-296.188 -49.4205 238.625
-293.524 -49.4205 238.625
-296.188 -52.0845 241.288
-293.524 -52.0845 241.288
-296.188 -49.4205 241.288
-293.524 -49.4205 241.288
-294.856 -51.5757 237.801
-294.856 -49.9293 237.801
-294.856 -51.5757 242.112
-294.856 -49.9293 242.112
-295.679 -52.9077 239.957
-294.033 -52.9077 239.957
-295.679 -48.5973 239.957
-294.033 -48.5973 239.957
-297.011 -50.7525 239.133
-297.011 -50.7525 240.78
-292.701 -50.7525 239.133
-292.701 -50.7525 240.78
-99.6175 -18.2495 78.6535
-96.9535 -18.2495 78.6535
-99.6175 -15.5855 78.6535
-96.9535 -15.5855 78.6535
-99.6175 -18.2495 81.3175
-96.9535 -18.2495 81.3175
-99.6175 -15.5855 81.3175
-96.9535 -15.5855 81.3175
-98.2855 -17.7407 77.8303
-98.2855 -16.0943 77.8303
-98.2855 -17.7407 82.1407
-98.2855 -16.0943 82.1407
-99.1087 -19.0727 79.9855
-97.4623 -19.0727 79.9855
-99.1087 -14.7623 79.9855
-97.4623 -14.7623 79.9855
-100.441 -16.9175 79.1623
-100.441 -16.9175 80.8087
-96.1303 -16.9175 79.1623
-96.1303 -16.9175 80.8087
-99.6175 -18.2495 78.6535
-96.9535 -18.2495 78.6535
-99.6175 -15.5855 78.6535
-96.9535 -15.5855 78.6535
-99.6175 -18.2495 81.3175
-96.9535 -18.2495 81.3175
-99.6175 -15.5855 81.3175
-96.9535 -15.5855 81.3175
-98.2855 -17.7407 77.8303
-98.2855 -16.0943 77.8303
-98.2855 -17.7407 82.1407
-98.2855 -16.0943 82.1407
-99.1087 -19.0727 79.9855
-97.4623 -19.0727 79.9855
-99.1087 -14.7623 79.9855
-97.4623 -14.7623 79.9855
-100.441 -16.9175 79.1623
-100.441 -16.9175 80.8087
-96.1303 -16.9175 79.1623
-96.1303 -16.9175 80.8087
96.9535 15.5855 -81.3175
99.6175 15.5855 -81.3175
96.9535 18.2495 -81.3175
99.6175 18.2495 -81.3175
96.9535 15.5855 -78.6535
99.6175 15.5855 -78.6535
96.9535 18.2495 -78.6535
99.6175 18.2495 -78.6535
98.2855 16.0943 -82.1407
98.2855 17.7407 -82.1407
98.2855 16.0943 -77.8303
98.2855 17.7407 -77.8303
97.4623 14.7623 -79.9855
99.1087 14.7623 -79.9855
97.4623 19.0727 -79.9855
99.1087 19.0727 -79.9855
96.1303 16.9175 -80.8087
96.1303 16.9175 -79.1623
100.441 16.9175 -80.8087
100.441 16.9175 -79.1623
96.9535 15.5855 -81.3175
99.6175 15.5855 -81.3175
96.9535 18.2495 -81.3175
99.6175 18.2495 -81.3175
96.9535 15.5855 -78.6535
99.6175 15.5855 -78.6535
96.9535 18.2495 -78.6535
99.6175 18.2495 -78.6535
98.2855 16.0943 -82.1407
98.2855 17.7407 -82.1407
98.2855 16.0943 -77.8303
98.2855 17.7407 -77.8303
97.4623 14.7623 -79.9855
99.1087 14.7623 -79.9855
97.4623 19.0727 -79.9855
99.1087 19.0727 -79.9855
96.1303 16.9175 -80.8087
96.1303 16.9175 -79.1623
100.441 16.9175 -80.8087
100.441 16.9175 -79.1623
293.524 49.4205 -241.288
296.188 49.4205 -241.288
293.524 52.0845 -241.288
296.188 52.0845 -241.288
293.524 49.4205 -238.625
296.188 49.4205 -238.625
293.524 52.0845 -238.625
296.188 52.0845 -238.625
294.856 49.9293 -242.112
294.856 51.5757 -242.112
294.856 49.9293 -237.801
294.856 51.5757 -237.801
294.033 48.5973 -239.957
295.679 48.5973 -239.957
294.033 52.9077 -239.957
295.679 52.9077 -239.957
292.701 50.7525 -240.78
292.701 50.7525 -239.133
297.011 50.7525 -240.78
297.011 50.7525 -239.133
50.1165 7.5235 5179.24
52.7805 7.5235 5179.24
50.1165 10.1875 5179.24
52.7805 10.1875 5179.24
50.1165 7.5235 5181.9
52.7805 7.5235 5181.9
50.1165 10.1875 5181.9
52.7805 10.1875 5181.9
51.4485 8.03228 5178.42
51.4485 9.67872 5178.42
51.4485 8.03228 5182.73
51.4485 9.67872 5182.73
50.6253 6.70028 5180.57
52.2717 6.70028 5180.57
50.6253 11.0107 5180.57
52.2717 11.0107 5180.57
49.2933 8.8555 5179.75
49.2933 8.8555 5181.39
53.6037 8.8555 5179.75
53.6037 8.8555 5181.39
50.1165 7.5235 4898.53
52.7805 7.5235 4898.53
50.1165 10.1875 4898.53
52.7805 10.1875 4898.53
50.1165 7.5235 4901.2
52.7805 7.5235 4901.2
50.1165 10.1875 4901.2
52.7805 10.1875 4901.2
51.4485 8.03228 4897.71
51.4485 9.67872 4897.71
51.4485 8.03228 4902.02
51.4485 9.67872 4902.02
50.6253 6.70028 4899.87
52.2717 6.70028 4899.87
50.6253 11.0107 4899.87
52.2717 11.0107 4899.87
49.2933 8.8555 4899.04
49.2933 8.8555 4900.69
53.6037 8.8555 4899.04
53.6037 8.8555 4900.69
50.1165 7.5235 4898.53
52.7805 7.5235 4898.53
50.1165 10.1875 4898.53
52.7805 10.1875 4898.53
50.1165 7.5235 4901.2
52.7805 7.5235 4901.2
50.1165 10.1875 4901.2
52.7805 10.1875 4901.2
51.4485 8.03228 4897.71
51.4485 9.67872 4897.71
51.4485 8.03228 4902.02
51.4485 9.67872 4902.02
50.6253 6.70028 4899.87
52.2717 6.70028 4899.87
50.6253 11.0107 4899.87
52.2717 11.0107 4899.87
49.2933 8.8555 4899.04
49.2933 8.8555 4900.69
53.6037 8.8555 4899.04
53.6037 8.8555 4900.69
50.1165 7.5235 4617.83
52.7805 7.5235 4617.83
50.1165 10.1875 4617.83
52.7805 10.1875 4617.83
50.1165 7.5235 4620.49
52.7805 7.5235 4620.49
50.1165 10.1875 4620.49
52.7805 10.1875 4620.49
51.4485 8.03228 4617
51.4485 9.67872 4617
51.4485 8.03228 4621.32
51.4485 9.67872 4621.32
50.6253 6.70028 4619.16
52.2717 6.70028 4619.16
50.6253 11.0107 4619.16
52.2717 11.0107 4619.16
49.2933 8.8555 4618.34
49.2933 8.8555 4619.98
53.6037 8.8555 4618.34
53.6037 8.8555 4619.98
50.1165 7.5235 4617.83
52.7805 7.5235 4617.83
50.1165 10.1875 4617.83
52.7805 10.1875 4617.83
50.1165 7.5235 4620.49
52.7805 7.5235 4620.49
50.1165 10.1875 4620.49
52.7805 10.1875 4620.49
51.4485 8.03228 4617
51.4485 9.67872 4617
51.4485 8.03228 4621.32
51.4485 9.67872 4621.32
50.6253 6.70028 4619.16
52.2717 6.70028 4619.16
50.6253 11.0107 4619.16
52.2717 11.0107 4619.16
49.2933 8.8555 4618.34
49.2933 8.8555 4619.98
53.6037 8.8555 4618.34
53.6037 8.8555 4619.98
50.1165 7.5235 4337.12
52.7805 7.5235 4337.12
50.1165 10.1875 4337.12
52.7805 10.1875 4337.12
50.1165 7.5235 4339.79
52.7805 7.5235 4339.79
50.1165 10.1875 4339.79
52.7805 10.1875 4339.79
51.4485 8.03228 4336.3
51.4485 9.67872 4336.3
51.4485 8.03228 4340.61
51.4485 9.67872 4340.61
50.6253 6.70028 4338.45
52.2717 6.70028 4338.45
50.6253 11.0107 4338.45
52.2717 11.0107 4338.45
49.2933 8.8555 4337.63
49.2933 8.8555 4339.28
53.6037 8.8555 4337.63
53.6037 8.8555 4339.28
50.1165 7.5235 4337.12
52.7805 7.5235 4337.12
50.1165 10.1875 4337.12
52.7805 10.1875 4337.12
50.1165 7.5235 4339.79
52.7805 7.5235 4339.79
50.1165 10.1875 4339.79
52.7805 10.1875 4339.79
51.4485 8.03228 4336.3
51.4485 9.67872 4336.3
51.4485 8.03228 4340.61
51.4485 9.67872 4340.61
50.6253 6.70028 4338.45
52.2717 6.70028 4338.45
50.6253 11.0107 4338.45
52.2717 11.0107 4338.45
49.2933 8.8555 4337.63
49.2933 8.8555 4339.28
53.6037 8.8555 4337.63
53.6037 8.8555 4339.28
50.1165 7.5235 4056.42
52.7805 7.5235 4056.42
50.1165 10.1875 4056.42
52.7805 10.1875 4056.42
50.1165 7.5235 4059.08
52.7805 7.5235 4059.08
50.1165 10.1875 4059.08
52.7805 10.1875 4059.08
51.4485 8.03228 4055.59
51.4485 9.67872 4055.59
51.4485 8.03228 4059.9
51.4485 9.67872 4059.9
50.6253 6.70028 4057.75
52.2717 6.70028 4057.75
50.6253 11.0107 4057.75
52.2717 11.0107 4057.75
49.2933 8.8555 4056.93
49.2933 8.8555 4058.57
53.6037 8.8555 4056.93
53.6037 8.8555 4058.57
50.1165 7.5235 4056.42
52.7805 7.5235 4056.42
50.1165 10.1875 4056.42
52.7805 10.1875 4056.42
50.1165 7.5235 4059.08
52.7805 7.5235 4059.08
50.1165 10.1875 4059.08
52.7805 10.1875 4059.08
51.4485 8.03228 4055.59
51.4485 9.67872 4055.59
51.4485 8.03228 4059.9
51.4485 9.67872 4059.9
50.6253 6.70028 4057.75
52.2717 6.70028 4057.75
50.6253 11.0107 4057.75
52.2717 11.0107 4057.75
49.2933 8.8555 4056.93
49.2933 8.8555 4058.57
53.6037 8.8555 4056.93
53.6037 8.8555 4058.57
50.1165 7.5235 3775.71
52.7805 7.5235 3775.71
50.1165 10.1875 3775.71
52.7805 10.1875 3775.71
50.1165 7.5235 3778.38
52.7805 7.5235 3778.38
50.1165 10.1875 3778.38
52.7805 10.1875 3778.38
51.4485 8.03228 3774.89
51.4485 9.67872 3774.89
51.4485 8.03228 3779.2
51.4485 9.67872 3779.2
50.6253 6.70028 3777.04
52.2717 6.70028 3777.04
50.6253 11.0107 3777.04
52.2717 11.0107 3777.04
49.2933 8.8555 3776.22
49.2933 8.8555 3777.87
53.6037 8.8555 3776.22
53.6037 8.8555 3777.87
50.1165 7.5235 3775.71
52.7805 7.5235 3775.71
50.1165 10.1875 3775.71
52.7805 10.1875 3775.71
50.1165 7.5235 3778.38
52.7805 7.5235 3778.38
50.1165 10.1875 3778.38
52.7805 10.1875 3778.38
51.4485 8.03228 3774.89
51.4485 9.67872 3774.89
51.4485 8.03228 3779.2
51.4485 9.67872 3779.2
50.6253 6.70028 3777.04
52.2717 6.70028 3777.04
50.6253 11.0107 3777.04
52.2717 11.0107 3777.04
49.2933 8.8555 3776.22
49.2933 8.8555 3777.87
53.6037 8.8555 3776.22
53.6037 8.8555 3777.87
50.1165 7.5235 3495.01
52.7805 7.5235 3495.01
50.1165 10.1875 3495.01
52.7805 10.1875 3495.01
50.1165 7.5235 3497.67
52.7805 7.5235 3497.67
50.1165 10.1875 3497.67
52.7805 10.1875 3497.67
51.4485 8.03228 3494.18
51.4485 9.67872 3494.18
51.4485 8.03228 3498.49
51.4485 9.67872 3498.49
50.6253 6.70028 3496.34
52.2717 6.70028 3496.34
50.6253 11.0107 3496.34
52.2717 11.0107 3496.34
49.2933 8.8555 3495.52
49.2933 8.8555 3497.16
53.6037 8.8555 3495.52
53.6037 8.8555 3497.16
50.1165 7.5235 3495.01
52.7805 7.5235 3495.01
50.1165 10.1875 3495.01
52.7805 10.1875 3495.01
50.1165 7.5235 3497.67
52.7805 7.5235 3497.67
50.1165 10.1875 3497.67
52.7805 10.1875 3497.67
51.4485 8.03228 3494.18
51.4485 9.67872 3494.18
51.4485 8.03228 3498.49
51.4485 9.67872 3498.49
50.6253 6.70028 3496.34
52.2717 6.70028 3496.34
50.6253 11.0107 3496.34
52.2717 11.0107 3496.34
49.2933 8.8555 3495.52
49.2933 8.8555 3497.16
53.6037 8.8555 3495.52
53.6037 8.8555 3497.16
50.1165 7.5235 3214.3
52.7805 7.5235 3214.3
50.1165 10.1875 3214.3
52.7805 10.1875 3214.3
50.1165 7.5235 3216.97
52.7805 7.5235 3216.97
50.1165 10.1875 3216.97
52.7805 10.1875 3216.97
51.4485 8.03228 3213.48
51.4485 9.67872 3213.48
51.4485 8.03228 3217.79
51.4485 9.67872 3217.79
50.6253 6.70028 3215.63
52.2717 6.70028 3215.63
50.6253 11.0107 3215.63
52.2717 11.0107 3215.63
49.2933 8.8555 3214.81
49.2933 8.8555 3216.46
53.6037 8.8555 3214.81
53.6037 8.8555 3216.46
50.1165 7.5235 3214.3
52.7805 7.5235 3214.3
50.1165 10.1875 3214.3
52.7805 10.1875 3214.3
50.1165 7.5235 3216.97
52.7805 7.5235 3216.97
50.1165 10.1875 3216.97
52.7805 10.1875 3216.97
51.4485 8.03228 3213.48
51.4485 9.67872 3213.48
51.4485 8.03228 3217.79
51.4485 9.67872 3217.79
50.6253 6.70028 3215.63
52.2717 6.70028 3215.63
50.6253 11.0107 3215.63
52.2717 11.0107 3215.63
49.2933 8.8555 3214.81
49.2933 8.8555 3216.46
53.6037 8.8555 3214.81
53.6037 8.8555 3216.46
50.1165 7.5235 2933.6
52.7805 7.5235 2933.6
50.1165 10.1875 2933.6
52.7805 10.1875 2933.6
50.1165 7.5235 2936.26
52.7805 7.5235 2936.26
50.1165 10.1875 2936.26
52.7805 10.1875 2936.26
51.4485 8.03228 2932.77
51.4485 9.67872 2932.77
51.4485 8.03228 2937.08
51.4485 9.67872 2937.08
50.6253 6.70028 2934.93
52.2717 6.70028 2934.93
50.6253 11.0107 2934.93
52.2717 11.0107 2934.93
49.2933 8.8555 2934.11
49.2933 8.8555 2935.75
53.6037 8.8555 2934.11
53.6037 8.8555 2935.75
50.1165 7.5235 2933.6
52.7805 7.5235 2933.6
50.1165 10.1875 2933.6
52.7805 10.1875 2933.6
50.1165 7.5235 2936.26
52.7805 7.5235 2936.26
50.1165 10.1875 2936.26
52.7805 10.1875 2936.26
51.4485 8.03228 2932.77
51.4485 9.67872 2932.77
51.4485 8.03228 2937.08
51.4485 9.67872 2937.08
50.6253 6.70028 2934.93
52.2717 6.70028 2934.93
50.6253 11.0107 2934.93
52.2717 11.0107 2934.93
49.2933 8.8555 2934.11
49.2933 8.8555 2935.75
53.6037 8.8555 2934.11
53.6037 8.8555 2935.75
50.1165 7.5235 2652.89
52.7805 7.5235 2652.89
50.1165 10.1875 2652.89
52.7805 10.1875 2652.89
50.1165 7.5235 2655.56
52.7805 7.5235 2655.56
50.1165 10.1875 2655.56
52.7805 10.1875 2655.56
51.4485 8.03228 2652.07
51.4485 9.67872 2652.07
51.4485 8.03228 2656.38
51.4485 9.67872 2656.38
50.6253 6.70028 2654.22
52.2717 6.70028 2654.22
50.6253 11.0107 2654.22
52.2717 11.0107 2654.22
49.2933 8.8555 2653.4
49.2933 8.8555 2655.05
53.6037 8.8555 2653.4
53.6037 8.8555 2655.05
50.1165 7.5235 2652.89
52.7805 7.5235 2652.89
50.1165 10.1875 2652.89
52.7805 10.1875 2652.89
50.1165 7.5235 2655.56
52.7805 7.5235 2655.56
50.1165 10.1875 2655.56
52.7805 10.1875 2655.56
51.4485 8.03228 2652.07
51.4485 9.67872 2652.07
51.4485 8.03228 2656.38
51.4485 9.67872 2656.38
50.6253 6.70028 2654.22
52.2717 6.70028 2654.22
50.6253 11.0107 2654.22
52.2717 11.0107 2654.22
49.2933 8.8555 2653.4
49.2933 8.8555 2655.05
53.6037 8.8555 2653.4
53.6037 8.8555 2655.05
50.1165 7.5235 2372.19
52.7805 7.5235 2372.19
50.1165 10.1875 2372.19
52.7805 10.1875 2372.19
50.1165 7.5235 2374.85
52.7805 7.5235 2374.85
50.1165 10.1875 2374.85
52.7805 10.1875 2374.85
51.4485 8.03228 2371.36
51.4485 9.67872 2371.36
51.4485 8.03228 2375.67
51.4485 9.67872 2375.67
50.6253 6.70028 2373.52
52.2717 6.70028 2373.52
50.6253 11.0107 2373.52
52.2717 11.0107 2373.52
49.2933 8.8555 2372.69
49.2933 8.8555 2374.34
53.6037 8.8555 2372.69
53.6037 8.8555 2374.34
50.1165 7.5235 2372.19
52.7805 7.5235 2372.19
50.1165 10.1875 2372.19
52.7805 10.1875 2372.19
50.1165 7.5235 2374.85
52.7805 7.5235 2374.85
50.1165 10.1875 2374.85
52.7805 10.1875 2374.85
51.4485 8.03228 2371.36
51.4485 9.67872 2371.36
51.4485 8.03228 2375.67
51.4485 9.67872 2375.67
50.6253 6.70028 2373.52
52.2717 6.70028 2373.52
50.6253 11.0107 2373.52
52.2717 11.0107 2373.52
49.2933 8.8555 2372.69
49.2933 8.8555 2374.34
53.6037 8.8555 2372.69
53.6037 8.8555 2374.34
50.1165 7.5235 2091.48
52.7805 7.5235 2091.48
50.1165 10.1875 2091.48
52.7805 10.1875 2091.48
50.1165 7.5235 2094.14
52.7805 7.5235 2094.14
50.1165 10.1875 2094.14
52.7805 10.1875 2094.14
51.4485 8.03228 2090.66
51.4485 9.67872 2090.66
51.4485 8.03228 2094.97
51.4485 9.67872 2094.97
50.6253 6.70028 2092.81
52.2717 6.70028 2092.81
50.6253 11.0107 2092.81
52.2717 11.0107 2092.81
49.2933 8.8555 2091.99
49.2933 8.8555 2093.64
53.6037 8.8555 2091.99
53.6037 8.8555 2093.64
50.1165 7.5235 2091.48
52.7805 7.5235 2091.48
50.1165 10.1875 2091.48
52.7805 10.1875 2091.48
50.1165 7.5235 2094.14
52.7805 7.5235 2094.14
50.1165 10.1875 2094.14
52.7805 10.1875 2094.14
51.4485 8.03228 2090.66
51.4485 9.67872 2090.66
51.4485 8.03228 2094.97
51.4485 9.67872 2094.97
50.6253 6.70028 2092.81
52.2717 6.70028 2092.81
50.6253 11.0107 2092.81
52.2717 11.0107 2092.81
49.2933 8.8555 2091.99
49.2933 8.8555 2093.64
53.6037 8.8555 2091.99
53.6037 8.8555 2093.64
50.1165 7.5235 1810.78
52.7805 7.5235 1810.78
50.1165 10.1875 1810.78
52.7805 10.1875 1810.78
50.1165 7.5235 1813.44
52.7805 7.5235 1813.44
50.1165 10.1875 1813.44
52.7805 10.1875 1813.44
51.4485 8.03228 1809.95
51.4485 9.67872 1809.95
51.4485 8.03228 1814.26
51.4485 9.67872 1814.26
50.6253 6.70028 1812.11
52.2717 6.70028 1812.11
50.6253 11.0107 1812.11
52.2717 11.0107 1812.11
49.2933 8.8555 1811.28
49.2933 8.8555 1812.93
53.6037 8.8555 1811.28
53.6037 8.8555 1812.93
50.1165 7.5235 1810.78
52.7805 7.5235 1810.78
50.1165 10.1875 1810.78
52.7805 10.1875 1810.78
50.1165 7.5235 1813.44
52.7805 7.5235 1813.44
50.1165 10.1875 1813.44
52.7805 10.1875 1813.44
51.4485 8.03228 1809.95
51.4485 9.67872 1809.95
51.4485 8.03228 1814.26
51.4485 9.67872 1814.26
50.6253 6.70028 1812.11
52.2717 6.70028 1812.11
50.6253 11.0107 1812.11
52.2717 11.0107 1812.11
49.2933 8.8555 1811.28
49.2933 8.8555 1812.93
53.6037 8.8555 1811.28
53.6037 8.8555 1812.93
50.1165 7.5235 1530.07
52.7805 7.5235 1530.07
50.1165 10.1875 1530.07
52.7805 10.1875 1530.07
50.1165 7.5235 1532.73
52.7805 7.5235 1532.73
50.1165 10.1875 1532.73
52.7805 10.1875 1532.73
51.4485 8.03228 1529.25
51.4485 9.67872 1529.25
51.4485 8.03228 1533.56
51.4485 9.67872 1533.56
50.6253 6.70028 1531.4
52.2717 6.70028 1531.4
50.6253 11.0107 1531.4
52.2717 11.0107 1531.4
49.2933 8.8555 1530.58
49.2933 8.8555 1532.23
53.6037 8.8555 1530.58
53.6037 8.8555 1532.23
50.1165 7.5235 1530.07
52.7805 7.5235 1530.07
50.1165 10.1875 1530.07
52.7805 10.1875 1530.07
50.1165 7.5235 1532.73
52.7805 7.5235 1532.73
50.1165 10.1875 1532.73
52.7805 10.1875 1532.73
51.4485 8.03228 1529.25
51.4485 9.67872 1529.25
51.4485 8.03228 1533.56
51.4485 9.67872 1533.56
50.6253 6.70028 1531.4
52.2717 6.70028 1531.4
50.6253 11.0107 1531.4
52.2717 11.0107 1531.4
49.2933 8.8555 1530.58
49.2933 8.8555 1532.23
53.6037 8.8555 1530.58
53.6037 8.8555 1532.23
50.1165 7.5235 1249.37
52.7805 7.5235 1249.37
50.1165 10.1875 1249.37
52.7805 10.1875 1249.37
50.1165 7.5235 1252.03
52.7805 7.5235 1252.03
50.1165 10.1875 1252.03
52.7805 10.1875 1252.03
51.4485 8.03228 1248.54
51.4485 9.67872 1248.54
51.4485 8.03228 1252.85
51.4485 9.67872 1252.85
50.6253 6.70028 1250.7
52.2717 6.70028 1250.7
50.6253 11.0107 1250.7
52.2717 11.0107 1250.7
49.2933 8.8555 1249.87
49.2933 8.8555 1251.52
53.6037 8.8555 1249.87
53.6037 8.8555 1251.52
50.1165 7.5235 1249.37
52.7805 7.5235 1249.37
50.1165 10.1875 1249.37
52.7805 10.1875 1249.37
50.1165 7.5235 1252.03
52.7805 7.5235 1252.03
50.1165 10.1875 1252.03
52.7805 10.1875 1252.03
51.4485 8.03228 1248.54
51.4485 9.67872 1248.54
51.4485 8.03228 1252.85
51.4485 9.67872 1252.85
50.6253 6.70028 1250.7
52.2717 6.70028 1250.7
50.6253 11.0107 1250.7
52.2717 11.0107 1250.7
49.2933 8.8555 1249.87
49.2933 8.8555 1251.52
53.6037 8.8555 1249.87
53.6037 8.8555 1251.52
50.1165 7.5235 968.66
52.7805 7.5235 968.66
50.1165 10.1875 968.66
52.7805 10.1875 968.66
50.1165 7.5235 971.324
52.7805 7.5235 971.324
50.1165 10.1875 971.324
52.7805 10.1875 971.324
51.4485 8.03228 967.837
51.4485 9.67872 967.837
51.4485 8.03228 972.147
51.4485 9.67872 972.147
50.6253 6.70028 969.992
52.2717 6.70028 969.992
50.6253 11.0107 969.992
52.2717 11.0107 969.992
49.2933 8.8555 969.169
49.2933 8.8555 970.815
53.6037 8.8555 969.169
53.6037 8.8555 970.815
50.1165 7.5235 968.66
52.7805 7.5235 968.66
50.1165 10.1875 968.66
52.7805 10.1875 968.66
50.1165 7.5235 971.324
52.7805 7.5235 971.324
50.1165 10.1875 971.324
52.7805 10.1875 971.324
51.4485 8.03228 967.837
51.4485 9.67872 967.837
51.4485 8.03228 972.147
51.4485 9.67872 972.147
50.6253 6.70028 969.992
52.2717 6.70028 969.992
50.6253 11.0107 969.992
52.2717 11.0107 969.992
49.2933 8.8555 969.169
49.2933 8.8555 970.815
53.6037 8.8555 969.169
53.6037 8.8555 970.815
50.1165 7.5235 687.955
52.7805 7.5235 687.955
50.1165 10.1875 687.955
52.7805 10.1875 687.955
50.1165 7.5235 690.619
52.7805 7.5235 690.619
50.1165 10.1875 690.619
52.7805 10.1875 690.619
51.4485 8.03228 687.131
51.4485 9.67872 687.131
51.4485 8.03228 691.442
51.4485 9.67872 691.442
50.6253 6.70028 689.287
52.2717 6.70028 689.287
50.6253 11.0107 689.287
52.2717 11.0107 689.287
49.2933 8.8555 688.463
49.2933 8.8555 690.11
53.6037 8.8555 688.463
53.6037 8.8555 690.11
50.1165 7.5235 687.955
52.7805 7.5235 687.955
50.1165 10.1875 687.955
52.7805 10.1875 687.955
50.1165 7.5235 690.619
52.7805 7.5235 690.619
50.1165 10.1875 690.619
52.7805 10.1875 690.619
51.4485 8.03228 687.131
51.4485 9.67872 687.131
51.4485 8.03228 691.442
51.4485 9.67872 691.442
50.6253 6.70028 689.287
52.2717 6.70028 689.287
50.6253 11.0107 689.287
52.2717 11.0107 689.287
49.2933 8.8555 688.463
49.2933 8.8555 690.11
53.6037 8.8555 688.463
53.6037 8.8555 690.11
50.1165 7.5235 407.25
52.7805 7.5235 407.25
50.1165 10.1875 407.25
52.7805 10.1875 407.25
50.1165 7.5235 409.913
52.7805 7.5235 409.913
50.1165 10.1875 409.913
52.7805 10.1875 409.913
51.4485 8.03228 406.426
51.4485 9.67872 406.426
51.4485 8.03228 410.737
51.4485 9.67872 410.737
50.6253 6.70028 408.582
52.2717 6.70028 408.582
50.6253 11.0107 408.582
52.2717 11.0107 408.582
49.2933 8.8555 407.758
49.2933 8.8555 409.405
53.6037 8.8555 407.758
53.6037 8.8555 409.405
50.1165 7.5235 407.25
52.7805 7.5235 407.25
50.1165 10.1875 407.25
52.7805 10.1875 407.25
50.1165 7.5235 409.913
52.7805 7.5235 409.913
50.1165 10.1875 409.913
52.7805 10.1875 409.913
51.4485 8.03228 406.426
51.4485 9.67872 406.426
51.4485 8.03228 410.737
51.4485 9.67872 410.737
50.6253 6.70028 408.582
52.2717 6.70028 408.582
50.6253 11.0107 408.582
52.2717 11.0107 408.582
49.2933 8.8555 407.758
49.2933 8.8555 409.405
53.6037 8.8555 407.758
53.6037 8.8555 409.405
171.82 28.472 308.206
174.484 28.472 308.206
171.82 31.136 308.206
174.484 31.136 308.206
171.82 28.472 310.87
174.484 28.472 310.87
171.82 31.136 310.87
174.484 31.136 310.87
173.152 28.9808 307.382
173.152 30.6272 307.382
173.152 28.9808 311.693
173.152 30.6272 311.693
172.329 27.6488 309.538
173.975 27.6488 309.538
172.329 31.9592 309.538
173.975 31.9592 309.538
170.997 29.804 308.714
170.997 29.804 310.361
175.307 29.804 308.714
175.307 29.804 310.361
171.82 28.472 308.206
174.484 28.472 308.206
171.82 31.136 308.206
174.484 31.136 308.206
171.82 28.472 310.87
174.484 28.472 310.87
171.82 31.136 310.87
174.484 31.136 310.87
173.152 28.9808 307.382
173.152 30.6272 307.382
173.152 28.9808 311.693
173.152 30.6272 311.693
172.329 27.6488 309.538
173.975 27.6488 309.538
172.329 31.9592 309.538
173.975 31.9592 309.538
170.997 29.804 308.714
170.997 29.804 310.361
175.307 29.804 308.714
175.307 29.804 310.361
293.524 49.4205 209.162
296.188 49.4205 209.162
293.524 52.0845 209.162
296.188 52.0845 209.162
293.524 49.4205 211.826
296.188 49.4205 211.826
293.524 52.0845 211.826
296.188 52.0845 211.826
294.856 49.9293 208.339
294.856 51.5757 208.339
294.856 49.9293 212.649
294.856 51.5757 212.649
294.033 48.5973 210.494
295.679 48.5973 210.494
294.033 52.9077 210.494
295.679 52.9077 210.494
292.701 50.7525 209.671
292.701 50.7525 211.317
297.011 50.7525 209.671
297.011 50.7525 211.317
293.524 49.4205 -241.288
296.188 49.4205 -241.288
293.524 52.0845 -241.288
296.188 52.0845 -241.288
293.524 49.4205 -238.625
296.188 49.4205 -238.625
293.524 52.0845 -238.625
296.188 52.0845 -238.625
294.856 49.9293 -242.112
294.856 51.5757 -242.112
294.856 49.9293 -237.801
294.856 51.5757 -237.801
294.033 48.5973 -239.957
295.679 48.5973 -239.957
294.033 52.9077 -239.957
295.679 52.9077 -239.957
292.701 50.7525 -240.78
292.701 50.7525 -239.133
297.011 50.7525 -240.78
297.011 50.7525 -239.133
293.524 49.4205 209.162
296.188 49.4205 209.162
293.524 52.0845 209.162
296.188 52.0845 209.162
293.524 49.4205 211.826
296.188 49.4205 211.826
293.524 52.0845 211.826
296.188 52.0845 211.826
294.856 49.9293 208.339
294.856 51.5757 208.339
294.856 49.9293 212.649
294.856 51.5757 212.649
294.033 48.5973 210.494
295.679 48.5973 210.494
294.033 52.9077 210.494
295.679 52.9077 210.494
292.701 50.7525 209.671
292.701 50.7525 211.317
297.011 50.7525 209.671
297.011 50.7525 211.317
50.1165 7.5235 407.25
52.7805 7.5235 407.25
50.1165 10.1875 407.25
52.7805 10.1875 407.25
50.1165 7.5235 409.913
52.7805 7.5235 409.913
50.1165 10.1875 409.913
52.7805 10.1875 409.913
51.4485 8.03228 406.426
51.4485 9.67872 406.426
51.4485 8.03228 410.737
51.4485 9.67872 410.737
50.6253 6.70028 408.582
52.2717 6.70028 408.582
50.6253 11.0107 408.582
52.2717 11.0107 408.582
49.2933 8.8555 407.758
49.2933 8.8555 409.405
53.6037 8.8555 407.758
53.6037 8.8555 409.405
109.725 -338.781 407.25
112.389 -338.781 407.25
109.725 -336.117 407.25
112.389 -336.117 407.25
109.725 -338.781 409.913
112.389 -338.781 409.913
109.725 -336.117 409.913
112.389 -336.117 409.913
111.057 -338.272 406.426
111.057 -336.625 406.426
111.057 -338.272 410.737
111.057 -336.625 410.737
110.234 -339.604 408.582
111.88 -339.604 408.582
110.234 -335.293 408.582
111.88 -335.293 408.582
108.902 -337.449 407.758
108.902 -337.449 409.405
113.212 -337.449 407.758
113.212 -337.449 409.405
50.1165 7.5235 407.25
52.7805 7.5235 407.25
50.1165 10.1875 407.25
52.7805 10.1875 407.25
50.1165 7.5235 409.913
52.7805 7.5235 409.913
50.1165 10.1875 409.913
52.7805 10.1875 409.913
51.4485 8.03228 406.426
51.4485 9.67872 406.426
51.4485 8.03228 410.737
51.4485 9.67872 410.737
50.6253 6.70028 408.582
52.2717 6.70028 408.582
50.6253 11.0107 408.582
52.2717 11.0107 408.582
49.2933 8.8555 407.758
49.2933 8.8555 409.405
53.6037 8.8555 407.758
53.6037 8.8555 409.405
-9.492 353.828 407.25
-6.828 353.828 407.25
-9.492 356.492 407.25
-6.828 356.492 407.25
-9.492 353.828 409.913
-6.828 353.828 409.913
-9.492 356.492 409.913
-6.828 356.492 409.913
-8.16 354.337 406.426
-8.16 355.983 406.426
-8.16 354.337 410.737
-8.16 355.983 410.737
-8.98322 353.005 408.582
-7.33678 353.005 408.582
-8.98322 357.315 408.582
-7.33678 357.315 408.582
-10.3152 355.16 407.758
-10.3152 355.16 409.405
-6.00478 355.16 407.758
-6.00478 355.16 409.405
-296.188 -52.0845 238.625
-293.524 -52.0845 238.625
-296.188 -49.4205 238.625
-293.524 -49.4205 238.625
-296.188 -52.0845 241.288
-293.524 -52.0845 241.288
-296.188 -49.4205 241.288
-293.524 -49.4205 241.288
-294.856 -51.5757 237.801
-294.856 -49.9293 237.801
-294.856 -51.5757 242.112
-294.856 -49.9293 242.112
-295.679 -52.9077 239.957
-294.033 -52.9077 239.957
-295.679 -48.5973 239.957
-294.033 -48.5973 239.957
-297.011 -50.7525 239.133
-297.011 -50.7525 240.78
-292.701 -50.7525 239.133
-292.701 -50.7525 240.78
-236.579 -398.389 238.625
-233.916 -398.389 238.625
-236.579 -395.725 238.625
-233.916 -395.725 238.625
-236.579 -398.389 241.288
-233.916 -398.389 241.288
-236.579 -395.725 241.288
-233.916 -395.725 241.288
-235.248 -397.88 237.801
-235.248 -396.234 237.801
-235.248 -397.88 242.112
-235.248 -396.234 242.112
-236.071 -399.212 239.957
-234.424 -399.212 239.957
-236.071 -394.902 239.957
-234.424 -394.902 239.957
-237.403 -397.057 239.133
-237.403 -397.057 240.78
-233.092 -397.057 239.133
-233.092 -397.057 240.78
-296.188 -52.0845 238.625
-293.524 -52.0845 238.625
-296.188 -49.4205 238.625
-293.524 -49.4205 238.625
-296.188 -52.0845 241.288
-293.524 -52.0845 241.288
-296.188 -49.4205 241.288
-293.524 -49.4205 241.288
-294.856 -51.5757 237.801
-294.856 -49.9293 237.801
-294.856 -51.5757 242.112
-294.856 -49.9293 242.112
-295.679 -52.9077 239.957
-294.033 -52.9077 239.957
-295.679 -48.5973 239.957
-294.033 -48.5973 239.957
-297.011 -50.7525 239.133
-297.011 -50.7525 240.78
-292.701 -50.7525 239.133
-292.701 -50.7525 240.78
-355.796 294.22 238.625
-353.132 294.22 238.625
-355.796 296.884 238.625
-353.132 296.884 238.625
-355.796 294.22 241.288
-353.132 294.22 241.288
-355.796 296.884 241.288
-353.132 296.884 241.288
-354.464 294.728 237.801
-354.464 296.375 237.801
-354.464 294.728 242.112
-354.464 296.375 242.112
-355.287 293.396 239.957
-353.641 293.396 239.957
-355.287 297.707 239.957
-353.641 297.707 239.957
-356.619 295.552 239.133
-356.619 295.552 240.78
-352.309 295.552 239.133
-352.309 295.552 240.78
-236.579 -398.389 238.625
-233.916 -398.389 238.625
-236.579 -395.725 238.625
-233.916 -395.725 238.625
-236.579 -398.389 241.288
-233.916 -398.389 241.288
-236.579 -395.725 241.288
-233.916 -395.725 241.288
-235.248 -397.88 237.801
-235.248 -396.234 237.801
-235.248 -397.88 242.112
-235.248 -396.234 242.112
-236.071 -399.212 239.957
-234.424 -399.212 239.957
-236.071 -394.902 239.957
-234.424 -394.902 239.957
-237.403 -397.057 239.133
-237.403 -397.057 240.78
-233.092 -397.057 239.133
-233.092 -397.057 240.78
-40.009 -364.554 78.6535
-37.345 -364.554 78.6535
-40.009 -361.89 78.6535
-37.345 -361.89 78.6535
-40.009 -364.554 81.3175
-37.345 -364.554 81.3175
-40.009 -361.89 81.3175
-37.345 -361.89 81.3175
-38.677 -364.045 77.8303
-38.677 -362.399 77.8303
-38.677 -364.045 82.1407
-38.677 -362.399 82.1407
-39.5002 -365.377 79.9855
-37.8538 -365.377 79.9855
-39.5002 -361.067 79.9855
-37.8538 -361.067 79.9855
-40.8322 -363.222 79.1623
-40.8322 -363.222 80.8087
-36.5218 -363.222 79.1623
-36.5218 -363.222 80.8087
-40.009 -364.554 78.6535
-37.345 -364.554 78.6535
-40.009 -361.89 78.6535
-37.345 -361.89 78.6535
-40.009 -364.554 81.3175
-37.345 -364.554 81.3175
-40.009 -361.89 81.3175
-37.345 -361.89 81.3175
-38.677 -364.045 77.8303
-38.677 -362.399 77.8303
-38.677 -364.045 82.1407
-38.677 -362.399 82.1407
-39.5002 -365.377 79.9855
-37.8538 -365.377 79.9855
-39.5002 -361.067 79.9855
-37.8538 -361.067 79.9855
-40.8322 -363.222 79.1623
-40.8322 -363.222 80.8087
-36.5218 -363.222 79.1623
-36.5218 -363.222 80.8087
156.562 -330.719 -81.3175
159.226 -330.719 -81.3175
156.562 -328.055 -81.3175
159.226 -328.055 -81.3175
156.562 -330.719 -78.6535
159.226 -330.719 -78.6535
156.562 -328.055 -78.6535
159.226 -328.055 -78.6535
157.894 -330.21 -82.1407
157.894 -328.563 -82.1407
157.894 -330.21 -77.8303
157.894 -328.563 -77.8303
157.07 -331.542 -79.9855
158.717 -331.542 -79.9855
157.07 -327.231 -79.9855
158.717 -327.231 -79.9855
155.738 -329.387 -80.8087
155.738 -329.387 -79.1623
160.049 -329.387 -80.8087
160.049 -329.387 -79.1623
156.562 -330.719 -81.3175
159.226 -330.719 -81.3175
156.562 -328.055 -81.3175
159.226 -328.055 -81.3175
156.562 -330.719 -78.6535
159.226 -330.719 -78.6535
156.562 -328.055 -78.6535
159.226 -328.055 -78.6535
157.894 -330.21 -82.1407
157.894 -328.563 -82.1407
157.894 -330.21 -77.8303
157.894 -328.563 -77.8303
157.07 -331.542 -79.9855
158.717 -331.542 -79.9855
157.07 -327.231 -79.9855
158.717 -327.231 -79.9855
155.738 -329.387 -80.8087
155.738 -329.387 -79.1623
160.049 -329.387 -80.8087
160.049 -329.387 -79.1623
353.132 -296.884 -241.288
355.796 -296.884 -241.288
353.132 -294.22 -241.288
355.796 -294.22 -241.288
353.132 -296.884 -238.625
355.796 -296.884 -238.625
353.132 -294.22 -238.625
355.796 -294.22 -238.625
354.464 -296.375 -242.112
354.464 -294.728 -242.112
354.464 -296.375 -237.801
354.464 -294.728 -237.801
353.641 -297.707 -239.957
355.287 -297.707 -239.957
353.641 -293.396 -239.957
355.287 -293.396 -239.957
352.309 -295.552 -240.78
352.309 -295.552 -239.133
356.619 -295.552 -240.78
356.619 -295.552 -239.133
109.725 -338.781 407.25
112.389 -338.781 407.25
109.725 -336.117 407.25
112.389 -336.117 407.25
109.725 -338.781 409.913
112.389 -338.781 409.913
109.725 -336.117 409.913
112.389 -336.117 409.913
111.057 -338.272 406.426
111.057 -336.625 406.426
111.057 -338.272 410.737
111.057 -336.625 410.737
110.234 -339.604 408.582
111.88 -339.604 408.582
110.234 -335.293 408.582
111.88 -335.293 408.582
108.902 -337.449 407.758
108.902 -337.449 409.405
113.212 -337.449 407.758
113.212 -337.449 409.405
231.429 -317.832 308.206
234.093 -317.832 308.206
231.429 -315.168 308.206
234.093 -315.168 308.206
231.429 -317.832 310.87
234.093 -317.832 310.87
231.429 -315.168 310.87
234.093 -315.168 310.87
232.761 -317.323 307.382
232.761 -315.677 307.382
232.761 -317.323 311.693
232.761 -315.677 311.693
231.937 -318.655 309.538
233.584 -318.655 309.538
231.937 -314.345 309.538
233.584 -314.345 309.538
230.605 -316.5 308.714
230.605 -316.5 310.361
234.916 -316.5 308.714
234.916 -316.5 310.361
231.429 -317.832 308.206
234.093 -317.832 308.206
231.429 -315.168 308.206
234.093 -315.168 308.206
231.429 -317.832 310.87
234.093 -317.832 310.87
231.429 -315.168 310.87
234.093 -315.168 310.87
232.761 -317.323 307.382
232.761 -315.677 307.382
232.761 -317.323 311.693
232.761 -315.677 311.693
231.937 -318.655 309.538
233.584 -318.655 309.538
231.937 -314.345 309.538
233.584 -314.345 309.538
230.605 -316.5 308.714
230.605 -316.5 310.361
234.916 -316.5 308.714
234.916 -316.5 310.361
353.132 -296.884 209.162
355.796 -296.884 209.162
353.132 -294.22 209.162
355.796 -294.22 209.162
353.132 -296.884 211.826
355.796 -296.884 211.826
353.132 -294.22 211.826
355.796 -294.22 211.826
354.464 -296.375 208.339
354.464 -294.728 208.339
354.464 -296.375 212.649
354.464 -294.728 212.649
353.641 -297.707 210.494
355.287 -297.707 210.494
353.641 -293.396 210.494
355.287 -293.396 210.494
352.309 -295.552 209.671
352.309 -295.552 211.317
356.619 -295.552 209.671
356.619 -295.552 211.317
353.132 -296.884 -241.288
355.796 -296.884 -241.288
353.132 -294.22 -241.288
355.796 -294.22 -241.288
353.132 -296.884 -238.625
355.796 -296.884 -238.625
353.132 -294.22 -238.625
355.796 -294.22 -238.625
354.464 -296.375 -242.112
354.464 -294.728 -242.112
354.464 -296.375 -237.801
354.464 -294.728 -237.801
353.641 -297.707 -239.957
355.287 -297.707 -239.957
353.641 -293.396 -239.957
355.287 -293.396 -239.957
352.309 -295.552 -240.78
352.309 -295.552 -239.133
356.619 -295.552 -240.78
356.619 -295.552 -239.133
353.132 -296.884 209.162
355.796 -296.884 209.162
353.132 -294.22 209.162
355.796 -294.22 209.162
353.132 -296.884 211.826
355.796 -296.884 211.826
353.132 -294.22 211.826
355.796 -294.22 211.826
354.464 -296.375 208.339
354.464 -294.728 208.339
354.464 -296.375 212.649
354.464 -294.728 212.649
353.641 -297.707 210.494
355.287 -297.707 210.494
353.641 -293.396 210.494
355.287 -293.396 210.494
352.309 -295.552 209.671
352.309 -295.552 211.317
356.619 -295.552 209.671
356.619 -295.552 211.317
-355.796 294.22 238.625
-353.132 294.22 238.625
-355.796 296.884 238.625
-353.132 296.884 238.625
-355.796 294.22 241.288
-353.132 294.22 241.288
-355.796 296.884 241.288
-353.132 296.884 241.288
-354.464 294.728 237.801
-354.464 296.375 237.801
-354.464 294.728 242.112
-354.464 296.375 242.112
-355.287 293.396 239.957
-353.641 293.396 239.957
-355.287 297.707 239.957
-353.641 297.707 239.957
-356.619 295.552 239.133
-356.619 295.552 240.78
-352.309 295.552 239.133
-352.309 295.552 240.78
-159.226 328.055 78.6535
-156.562 328.055 78.6535
-159.226 330.719 78.6535
-156.562 330.719 78.6535
-159.226 328.055 81.3175
-156.562 328.055 81.3175
-159.226 330.719 81.3175
-156.562 330.719 81.3175
-157.894 328.563 77.8303
-157.894 330.21 77.8303
-157.894 328.563 82.1407
-157.894 330.21 82.1407
-158.717 327.231 79.9855
-157.07 327.231 79.9855
-158.717 331.542 79.9855
-157.07 331.542 79.9855
-160.049 329.387 79.1623
-160.049 329.387 80.8087
-155.738 329.387 79.1623
-155.738 329.387 80.8087
-159.226 328.055 78.6535
-156.562 328.055 78.6535
-159.226 330.719 78.6535
-156.562 330.719 78.6535
-159.226 328.055 81.3175
-156.562 328.055 81.3175
-159.226 330.719 81.3175
-156.562 330.719 81.3175
-157.894 328.563 77.8303
-157.894 330.21 77.8303
-157.894 328.563 82.1407
-157.894 330.21 82.1407
-158.717 327.231 79.9855
-157.07 327.231 79.9855
-158.717 331.542 79.9855
-157.07 331.542 79.9855
-160.049 329.387 79.1623
-160.049 329.387 80.8087
-155.738 329.387 79.1623
-155.738 329.387 80.8087
37.345 361.89 -81.3175
40.009 361.89 -81.3175
37.345 364.554 -81.3175
40.009 364.554 -81.3175
37.345 361.89 -78.6535
40.009 361.89 -78.6535
37.345 364.554 -78.6535
40.009 364.554 -78.6535
38.677 362.399 -82.1407
38.677 364.045 -82.1407
38.677 362.399 -77.8303
38.677 364.045 -77.8303
37.8538 361.067 -79.9855
39.5002 361.067 -79.9855
37.8538 365.377 -79.9855
39.5002 365.377 -79.9855
36.5218 363.222 -80.8087
36.5218 363.222 -79.1623
40.8322 363.222 -80.8087
40.8322 363.222 -79.1623
37.345 361.89 -81.3175
40.009 361.89 -81.3175
37.345 364.554 -81.3175
40.009 364.554 -81.3175
37.345 361.89 -78.6535
40.009 361.89 -78.6535
37.345 364.554 -78.6535
40.009 364.554 -78.6535
38.677 362.399 -82.1407
38.677 364.045 -82.1407
38.677 362.399 -77.8303
38.677 364.045 -77.8303
37.8538 361.067 -79.9855
39.5002 361.067 -79.9855
37.8538 365.377 -79.9855
39.5002 365.377 -79.9855
36.5218 363.222 -80.8087
36.5218 363.222 -79.1623
40.8322 363.222 -80.8087
40.8322 363.222 -79.1623
233.916 395.725 -241.288
236.579 395.725 -241.288
233.916 398.389 -241.288
236.579 398.389 -241.288
233.916 395.725 -238.625
236.579 395.725 -238.625
233.916 398.389 -238.625
236.579 398.389 -238.625
235.248 396.234 -242.112
235.248 397.88 -242.112
235.248 396.234 -237.801
235.248 397.88 -237.801
234.424 394.902 -239.957
236.071 394.902 -239.957
234.424 399.212 -239.957
236.071 399.212 -239.957
233.092 397.057 -240.78
233.092 397.057 -239.133
237.403 397.057 -240.78
237.403 397.057 -239.133
-9.492 353.828 407.25
-6.828 353.828 407.25
-9.492 356.492 407.25
-6.828 356.492 407.25
-9.492 353.828 409.913
-6.828 353.828 409.913
-9.492 356.492 409.913
-6.828 356.492 409.913
-8.16 354.337 406.426
-8.16 355.983 406.426
-8.16 354.337 410.737
-8.16 355.983 410.737
-8.98322 353.005 408.582
-7.33678 353.005 408.582
-8.98322 357.315 408.582
-7.33678 357.315 408.582
-10.3152 355.16 407.758
-10.3152 355.16 409.405
-6.00478 355.16 407.758
-6.00478 355.16 409.405
112.212 374.776 308.206
114.876 374.776 308.206
112.212 377.44 308.206
114.876 377.44 308.206
112.212 374.776 310.87
114.876 374.776 310.87
112.212 377.44 310.87
114.876 377.44 310.87
113.544 375.285 307.382
113.544 376.932 307.382
113.544 375.285 311.693
113.544 376.932 311.693
112.721 373.953 309.538
114.367 373.953 309.538
112.721 378.264 309.538
114.367 378.264 309.538
111.389 376.108 308.714
111.389 376.108 310.361
115.699 376.108 308.714
115.699 376.108 310.361
112.212 374.776 308.206
114.876 374.776 308.206
112.212 377.44 308.206
114.876 377.44 308.206
112.212 374.776 310.87
114.876 374.776 310.87
112.212 377.44 310.87
114.876 377.44 310.87
113.544 375.285 307.382
113.544 376.932 307.382
113.544 375.285 311.693
113.544 376.932 311.693
112.721 373.953 309.538
114.367 373.953 309.538
112.721 378.264 309.538
114.367 378.264 309.538
111.389 376.108 308.714
111.389 376.108 310.361
115.699 376.108 308.714
115.699 376.108 310.361
233.916 395.725 209.162
236.579 395.725 209.162
233.916 398.389 209.162
236.579 398.389 209.162
233.916 395.725 211.826
236.579 395.725 211.826
233.916 398.389 211.826
236.579 398.389 211.826
235.248 396.234 208.339
235.248 397.88 208.339
235.248 396.234 212.649
235.248 397.88 212.649
234.424 394.902 210.494
236.071 394.902 210.494
234.424 399.212 210.494
236.071 399.212 210.494
233.092 397.057 209.671
233.092 397.057 211.317
237.403 397.057 209.671
237.403 397.057 211.317
233.916 395.725 -241.288
236.579 395.725 -241.288
233.916 398.389 -241.288
236.579 398.389 -241.288
233.916 395.725 -238.625
236.579 395.725 -238.625
233.916 398.389 -238.625
236.579 398.389 -238.625
235.248 396.234 -242.112
235.248 397.88 -242.112
235.248 396.234 -237.801
235.248 397.88 -237.801
234.424 394.902 -239.957
236.071 394.902 -239.957
234.424 399.212 -239.957
236.071 399.212 -239.957
233.092 397.057 -240.78
233.092 397.057 -239.133
237.403 397.057 -240.78
237.403 397.057 -239.133
233.916 395.725 209.162
236.579 395.725 209.162
233.916 398.389 209.162
236.579 398.389 209.162
233.916 395.725 211.826
236.579 395.725 211.826
233.916 398.389 211.826
236.579 398.389 211.826
235.248 396.234 208.339
235.248 397.88 208.339
235.248 396.234 212.649
235.248 397.88 212.649
234.424 394.902 210.494
236.071 394.902 210.494
234.424 399.212 210.494
236.071 399.212 210.494
233.092 397.057 209.671
233.092 397.057 211.317
237.403 397.057 209.671
237.403 397.057 211.317
50.1165 7.5235 407.25
52.7805 7.5235 407.25
50.1165 10.1875 407.25
52.7805 10.1875 407.25
50.1165 7.5235 409.913
52.7805 7.5235 409.913
50.1165 10.1875 409.913
52.7805 10.1875 409.913
51.4485 8.03228 406.426
51.4485 9.67872 406.426
51.4485 8.03228 410.737
51.4485 9.67872 410.737
50.6253 6.70028 408.582
52.2717 6.70028 408.582
50.6253 11.0107 408.582
52.2717 11.0107 408.582
49.2933 8.8555 407.758
49.2933 8.8555 409.405
53.6037 8.8555 407.758
53.6037 8.8555 409.405
169.333 -685.085 407.25
171.997 -685.085 407.25
169.333 -682.421 407.25
171.997 -682.421 407.25
169.333 -685.085 409.913
171.997 -685.085 409.913
169.333 -682.421 409.913
171.997 -682.421 409.913
170.665 -684.576 406.426
170.665 -682.93 406.426
170.665 -684.576 410.737
170.665 -682.93 410.737
169.842 -685.908 408.582
171.488 -685.908 408.582
169.842 -681.598 408.582
171.488 -681.598 408.582
168.51 -683.753 407.758
168.51 -683.753 409.405
172.82 -683.753 407.758
172.82 -683.753 409.405
50.1165 7.5235 407.25
52.7805 7.5235 407.25
50.1165 10.1875 407.25
52.7805 10.1875 407.25
50.1165 7.5235 409.913
52.7805 7.5235 409.913
50.1165 10.1875 409.913
52.7805 10.1875 409.913
51.4485 8.03228 406.426
51.4485 9.67872 406.426
51.4485 8.03228 410.737
51.4485 9.67872 410.737
50.6253 6.70028 408.582
52.2717 6.70028 408.582
50.6253 11.0107 408.582
52.2717 11.0107 408.582
49.2933 8.8555 407.758
49.2933 8.8555 409.405
53.6037 8.8555 407.758
53.6037 8.8555 409.405
-69.1005 700.132 407.25
-66.4365 700.132 407.25
-69.1005 702.796 407.25
-66.4365 702.796 407.25
-69.1005 700.132 409.913
-66.4365 700.132 409.913
-69.1005 702.796 409.913
-66.4365 702.796 409.913
-67.7685 700.641 406.426
-67.7685 702.287 406.426
-67.7685 700.641 410.737
-67.7685 702.287 410.737
-68.5917 699.309 408.582
-66.9453 699.309 408.582
-68.5917 703.619 408.582
-66.9453 703.619 408.582
-69.9237 701.464 407.758
-69.9237 701.464 409.405
-65.6133 701.464 407.758
-65.6133 701.464 409.405
-296.188 -52.0845 238.625
-293.524 -52.0845 238.625
-296.188 -49.4205 238.625
-293.524 -49.4205 238.625
-296.188 -52.0845 241.288
-293.524 -52.0845 241.288
-296.188 -49.4205 241.288
-293.524 -49.4205 241.288
-294.856 -51.5757 237.801
-294.856 -49.9293 237.801
-294.856 -51.5757 242.112
-294.856 -49.9293 242.112
-295.679 -52.9077 239.957
-294.033 -52.9077 239.957
-295.679 -48.5973 239.957
-294.033 -48.5973 239.957
-297.011 -50.7525 239.133
-297.011 -50.7525 240.78
-292.701 -50.7525 239.133
-292.701 -50.7525 240.78
-176.971 -744.693 238.625
-174.307 -744.693 238.625
-176.971 -742.029 238.625
-174.307 -742.029 238.625
-176.971 -744.693 241.288
-174.307 -744.693 241.288
-176.971 -742.029 241.288
-174.307 -742.029 241.288
-175.639 -744.184 237.801
-175.639 -742.538 237.801
-175.639 -744.184 242.112
-175.639 -742.538 242.112
-176.462 -745.516 239.957
-174.816 -745.516 239.957
-176.462 -741.206 239.957
-174.816 -741.206 239.957
-177.794 -743.361 239.133
-177.794 -743.361 240.78
-173.484 -743.361 239.133
-173.484 -743.361 240.78
-296.188 -52.0845 238.625
-293.524 -52.0845 238.625
-296.188 -49.4205 238.625
-293.524 -49.4205 238.625
-296.188 -52.0845 241.288
-293.524 -52.0845 241.288
-296.188 -49.4205 241.288
-293.524 -49.4205 241.288
-294.856 -51.5757 237.801
-294.856 -49.9293 237.801
-294.856 -51.5757 242.112
-294.856 -49.9293 242.112
-295.679 -52.9077 239.957
-294.033 -52.9077 239.957
-295.679 -48.5973 239.957
-294.033 -48.5973 239.957
-297.011 -50.7525 239.133
-297.011 -50.7525 240.78
-292.701 -50.7525 239.133
-292.701 -50.7525 240.78
-415.404 640.524 238.625
-412.74 640.524 238.625
-415.404 643.188 238.625
-412.74 643.188 238.625
-415.404 640.524 241.288
-412.74 640.524 241.288
-415.404 643.188 241.288
-412.74 643.188 241.288
-414.072 641.033 237.801
-414.072 642.679 237.801
-414.072 641.033 242.112
-414.072 642.679 242.112
-414.896 639.701 239.957
-413.249 639.701 239.957
-414.896 644.011 239.957
-413.249 644.011 239.957
-416.228 641.856 239.133
-416.228 641.856 240.78
-411.917 641.856 239.133
-411.917 641.856 240.78
-176.971 -744.693 238.625
-174.307 -744.693 238.625
-176.971 -742.029 238.625
-174.307 -742.029 238.625
-176.971 -744.693 241.288
-174.307 -744.693 241.288
-176.971 -742.029 241.288
-174.307 -742.029 241.288
-175.639 -744.184 237.801
-175.639 -742.538 237.801
-175.639 -744.184 242.112
-175.639 -742.538 242.112
-176.462 -745.516 239.957
-174.816 -745.516 239.957
-176.462 -741.206 239.957
-174.816 -741.206 239.957
-177.794 -743.361 239.133
-177.794 -743.361 240.78
-173.484 -743.361 239.133
-173.484 -743.361 240.78
19.5995 -710.858 78.6535
22.2635 -710.858 78.6535
19.5995 -708.194 78.6535
22.2635 -708.194 78.6535
19.5995 -710.858 81.3175
22.2635 -710.858 81.3175
19.5995 -708.194 81.3175
22.2635 -708.194 81.3175
20.9315 -710.349 77.8303
20.9315 -708.703 77.8303
20.9315 -710.349 82.1407
20.9315 -708.703 82.1407
20.1083 -711.681 79.9855
21.7547 -711.681 79.9855
20.1083 -707.371 79.9855
21.7547 -707.371 79.9855
18.7763 -709.526 79.1623
18.7763 -709.526 80.8087
23.0867 -709.526 79.1623
23.0867 -709.526 80.8087
19.5995 -710.858 78.6535
22.2635 -710.858 78.6535
19.5995 -708.194 78.6535
22.2635 -708.194 78.6535
19.5995 -710.858 81.3175
22.2635 -710.858 81.3175
19.5995 -708.194 81.3175
22.2635 -708.194 81.3175
20.9315 -710.349 77.8303
20.9315 -708.703 77.8303
20.9315 -710.349 82.1407
20.9315 -708.703 82.1407
20.1083 -711.681 79.9855
21.7547 -711.681 79.9855
20.1083 -707.371 79.9855
21.7547 -707.371 79.9855
18.7763 -709.526 79.1623
18.7763 -709.526 80.8087
23.0867 -709.526 79.1623
23.0867 -709.526 80.8087
216.17 -677.023 -81.3175
218.834 -677.023 -81.3175
216.17 -674.359 -81.3175
218.834 -674.359 -81.3175
216.17 -677.023 -78.6535
218.834 -677.023 -78.6535
216.17 -674.359 -78.6535
218.834 -674.359 -78.6535
217.502 -676.514 -82.1407
217.502 -674.868 -82.1407
217.502 -676.514 -77.8303
217.502 -674.868 -77.8303
216.679 -677.846 -79.9855
218.325 -677.846 -79.9855
216.679 -673.536 -79.9855
218.325 -673.536 -79.9855
215.347 -675.691 -80.8087
215.347 -675.691 -79.1623
219.657 -675.691 -80.8087
219.657 -675.691 -79.1623
216.17 -677.023 -81.3175
218.834 -677.023 -81.3175
216.17 -674.359 -81.3175
218.834 -674.359 -81.3175
216.17 -677.023 -78.6535
218.834 -677.023 -78.6535
216.17 -674.359 -78.6535
218.834 -674.359 -78.6535
217.502 -676.514 -82.1407
217.502 -674.868 -82.1407
217.502 -676.514 -77.8303
217.502 -674.868 -77.8303
216.679 -677.846 -79.9855
218.325 -677.846 -79.9855
216.679 -673.536 -79.9855
218.325 -673.536 -79.9855
215.347 -675.691 -80.8087
215.347 -675.691 -79.1623
219.657 -675.691 -80.8087
219.657 -675.691 -79.1623
412.74 -643.188 -241.288
415.404 -643.188 -241.288
412.74 -640.524 -241.288
415.404 -640.524 -241.288
412.74 -643.188 -238.625
415.404 -643.188 -238.625
412.74 -640.524 -238.625
415.404 -640.524 -238.625
414.072 -642.679 -242.112
414.072 -641.033 -242.112
414.072 -642.679 -237.801
414.072 -641.033 -237.801
413.249 -644.011 -239.957
414.896 -644.011 -239.957
413.249 -639.701 -239.957
414.896 -639.701 -239.957
411.917 -641.856 -240.78
411.917 -641.856 -239.133
416.228 -641.856 -240.78
416.228 -641.856 -239.133
169.333 -685.085 407.25
171.997 -685.085 407.25
169.333 -682.421 407.25
171.997 -682.421 407.25
169.333 -685.085 409.913
171.997 -685.085 409.913
169.333 -682.421 409.913
171.997 -682.421 409.913
170.665 -684.576 406.426
170.665 -682.93 406.426
170.665 -684.576 410.737
170.665 -682.93 410.737
169.842 -685.908 408.582
171.488 -685.908 408.582
169.842 -681.598 408.582
171.488 -681.598 408.582
168.51 -683.753 407.758
168.51 -683.753 409.405
172.82 -683.753 407.758
172.82 -683.753 409.405
291.037 -664.136 308.206
293.701 -664.136 308.206
291.037 -661.472 308.206
293.701 -661.472 308.206
291.037 -664.136 310.87
293.701 -664.136 310.87
291.037 -661.472 310.87
293.701 -661.472 310.87
292.369 -663.628 307.382
292.369 -661.981 307.382
292.369 -663.628 311.693
292.369 -661.981 311.693
291.546 -664.96 309.538
293.192 -664.96 309.538
291.546 -660.649 309.538
293.192 -660.649 309.538
290.214 -662.804 308.714
290.214 -662.804 310.361
294.524 -662.804 308.714
294.524 -662.804 310.361
291.037 -664.136 308.206
293.701 -664.136 308.206
291.037 -661.472 308.206
293.701 -661.472 308.206
291.037 -664.136 310.87
293.701 -664.136 310.87
291.037 -661.472 310.87
293.701 -661.472 310.87
292.369 -663.628 307.382
292.369 -661.981 307.382
292.369 -663.628 311.693
292.369 -661.981 311.693
291.546 -664.96 309.538
293.192 -664.96 309.538
291.546 -660.649 309.538
293.192 -660.649 309.538
290.214 -662.804 308.714
290.214 -662.804 310.361
294.524 -662.804 308.714
294.524 -662.804 310.361
412.74 -643.188 209.162
415.404 -643.188 209.162
412.74 -640.524 209.162
415.404 -640.524 209.162
412.74 -643.188 211.826
415.404 -643.188 211.826
412.74 -640.524 211.826
415.404 -640.524 211.826
414.072 -642.679 208.339
414.072 -641.033 208.339
414.072 -642.679 212.649
414.072 -641.033 212.649
413.249 -644.011 210.494
414.896 -644.011 210.494
413.249 -639.701 210.494
414.896 -639.701 210.494
411.917 -641.856 209.671
411.917 -641.856 211.317
416.228 -641.856 209.671
416.228 -641.856 211.317
412.74 -643.188 -241.288
415.404 -643.188 -241.288
412.74 -640.524 -241.288
415.404 -640.524 -241.288
412.74 -643.188 -238.625
415.404 -643.188 -238.625
412.74 -640.524 -238.625
415.404 -640.524 -238.625
414.072 -642.679 -242.112
414.072 -641.033 -242.112
414.072 -642.679 -237.801
414.072 -641.033 -237.801
413.249 -644.011 -239.957
414.896 -644.011 -239.957
413.249 -639.701 -239.957
414.896 -639.701 -239.957
411.917 -641.856 -240.78
411.917 -641.856 -239.133
416.228 -641.856 -240.78
416.228 -641.856 -239.133
412.74 -643.188 209.162
415.404 -643.188 209.162
412.74 -640.524 209.162
415.404 -640.524 209.162
412.74 -643.188 211.826
415.404 -643.188 211.826
412.74 -640.524 211.826
415.404 -640.524 211.826
414.072 -642.679 208.339
414.072 -641.033 208.339
414.072 -642.679 212.649
414.072 -641.033 212.649
413.249 -644.011 210.494
414.896 -644.011 210.494
413.249 -639.701 210.494
414.896 -639.701 210.494
411.917 -641.856 209.671
411.917 -641.856 211.317
416.228 -641.856 209.671
416.228 -641.856 211.317
-415.404 640.524 238.625
-412.74 640.524 238.625
-415.404 643.188 238.625
-412.74 643.188 238.625
-415.404 640.524 241.288
-412.74 640.524 241.288
-415.404 643.188 241.288
-412.74 643.188 241.288
-414.072 641.033 237.801
-414.072 642.679 237.801
-414.072 641.033 242.112
-414.072 642.679 242.112
-414.896 639.701 239.957
-413.249 639.701 239.957
-414.896 644.011 239.957
-413.249 644.011 239.957
-416.228 641.856 239.133
-416.228 641.856 240.78
-411.917 641.856 239.133
-411.917 641.856 240.78
-218.834 674.359 78.6535
-216.17 674.359 78.6535
-218.834 677.023 78.6535
-216.17 677.023 78.6535
-218.834 674.359 81.3175
-216.17 674.359 81.3175
-218.834 677.023 81.3175
-216.17 677.023 81.3175
-217.502 674.868 77.8303
-217.502 676.514 77.8303
-217.502 674.868 82.1407
-217.502 676.514 82.1407
-218.325 673.536 79.9855
-216.679 673.536 79.9855
-218.325 677.846 79.9855
-216.679 677.846 79.9855
-219.657 675.691 79.1623
-219.657 675.691 80.8087
-215.347 675.691 79.1623
-215.347 675.691 80.8087
-218.834 674.359 78.6535
-216.17 674.359 78.6535
-218.834 677.023 78.6535
-216.17 677.023 78.6535
-218.834 674.359 81.3175
-216.17 674.359 81.3175
-218.834 677.023 81.3175
-216.17 677.023 81.3175
-217.502 674.868 77.8303
-217.502 676.514 77.8303
-217.502 674.868 82.1407
-217.502 676.514 82.1407
-218.325 673.536 79.9855
-216.679 673.536 79.9855
-218.325 677.846 79.9855
-216.679 677.846 79.9855
-219.657 675.691 79.1623
-219.657 675.691 80.8087
-215.347 675.691 79.1623
-215.347 675.691 80.8087
-22.2635 708.194 -81.3175
-19.5995 708.194 -81.3175
-22.2635 710.858 -81.3175
-19.5995 710.858 -81.3175
-22.2635 708.194 -78.6535
-19.5995 708.194 -78.6535
-22.2635 710.858 -78.6535
-19.5995 710.858 -78.6535
-20.9315 708.703 -82.1407
-20.9315 710.349 -82.1407
-20.9315 708.703 -77.8303
-20.9315 710.349 -77.8303
-21.7547 707.371 -79.9855
-20.1083 707.371 -79.9855
-21.7547 711.681 -79.9855
-20.1083 711.681 -79.9855
-23.0867 709.526 -80.8087
-23.0867 709.526 -79.1623
-18.7763 709.526 -80.8087
-18.7763 709.526 -79.1623
-22.2635 708.194 -81.3175
-19.5995 708.194 -81.3175
-22.2635 710.858 -81.3175
-19.5995 710.858 -81.3175
-22.2635 708.194 -78.6535
-19.5995 708.194 -78.6535
-22.2635 710.858 -78.6535
-19.5995 710.858 -78.6535
-20.9315 708.703 -82.1407
-20.9315 710.349 -82.1407
-20.9315 708.703 -77.8303
-20.9315 710.349 -77.8303
-21.7547 707.371 -79.9855
-20.1083 707.371 -79.9855
-21.7547 711.681 -79.9855
-20.1083 711.681 -79.9855
-23.0867 709.526 -80.8087
-23.0867 709.526 -79.1623
-18.7763 709.526 -80.8087
-18.7763 709.526 -79.1623
174.307 742.029 -241.288
176.971 742.029 -241.288
174.307 744.693 -241.288
176.971 744.693 -241.288
174.307 742.029 -238.625
176.971 742.029 -238.625
174.307 744.693 -238.625
176.971 744.693 -238.625
175.639 742.538 -242.112
175.639 744.184 -242.112
175.639 742.538 -237.801
175.639 744.184 -237.801
174.816 741.206 -239.957
176.462 741.206 -239.957
174.816 745.516 -239.957
176.462 745.516 -239.957
173.484 743.361 -240.78
173.484 743.361 -239.133
177.794 743.361 -240.78
177.794 743.361 -239.133
-69.1005 700.132 407.25
-66.4365 700.132 407.25
-69.1005 702.796 407.25
-66.4365 702.796 407.25
-69.1005 700.132 409.913
-66.4365 700.132 409.913
-69.1005 702.796 409.913
-66.4365 702.796 409.913
-67.7685 700.641 406.426
-67.7685 702.287 406.426
-67.7685 700.641 410.737
-67.7685 702.287 410.737
-68.5917 699.309 408.582
-66.9453 699.309 408.582
-68.5917 703.619 408.582
-66.9453 703.619 408.582
-69.9237 701.464 407.758
-69.9237 701.464 409.405
-65.6133 701.464 407.758
-65.6133 701.464 409.405
52.6035 721.081 308.206
55.2675 721.081 308.206
52.6035 723.745 308.206
55.2675 723.745 308.206
52.6035 721.081 310.87
55.2675 721.081 310.87
52.6035 723.745 310.87
55.2675 723.745 310.87
53.9355 721.589 307.382
53.9355 723.236 307.382
53.9355 721.589 311.693
53.9355 723.236 311.693
53.1123 720.257 309.538
54.7587 720.257 309.538
53.1123 724.568 309.538
54.7587 724.568 309.538
51.7803 722.413 308.714
51.7803 722.413 310.361
56.0907 722.413 308.714
56.0907 722.413 310.361
52.6035 721.081 308.206
55.2675 721.081 308.206
52.6035 723.745 308.206
55.2675 723.745 308.206
52.6035 721.081 310.87
55.2675 721.081 310.87
52.6035 723.745 310.87
55.2675 723.745 310.87
53.9355 721.589 307.382
53.9355 723.236 307.382
53.9355 721.589 311.693
53.9355 723.236 311.693
53.1123 720.257 309.538
54.7587 720.257 309.538
53.1123 724.568 309.538
54.7587 724.568 309.538
51.7803 722.413 308.714
51.7803 722.413 310.361
56.0907 722.413 308.714
56.0907 722.413 310.361
174.307 742.029 209.162
176.971 742.029 209.162
174.307 744.693 209.162
176.971 744.693 209.162
174.307 742.029 211.826
176.971 742.029 211.826
174.307 744.693 211.826
176.971 744.693 211.826
175.639 742.538 208.339
175.639 744.184 208.339
175.639 742.538 212.649
175.639 744.184 212.649
174.816 741.206 210.494
176.462 741.206 210.494
174.816 745.516 210.494
176.462 745.516 210.494
173.484 743.361 209.671
173.484 743.361 211.317
177.794 743.361 209.671
177.794 743.361 211.317
174.307 742.029 -241.288
176.971 742.029 -241.288
174.307 744.693 -241.288
176.971 744.693 -241.288
174.307 742.029 -238.625
176.971 742.029 -238.625
174.307 744.693 -238.625
176.971 744.693 -238.625
175.639 742.538 -242.112
175.639 744.184 -242.112
175.639 742.538 -237.801
175.639 744.184 -237.801
174.816 741.206 -239.957
176.462 741.206 -239.957
174.816 745.516 -239.957
176.462 745.516 -239.957
173.484 743.361 -240.78
173.484 743.361 -239.133
177.794 743.361 -240.78
177.794 743.361 -239.133
174.307 742.029 209.162
176.971 742.029 209.162
174.307 744.693 209.162
176.971 744.693 209.162
174.307 742.029 211.826
176.971 742.029 211.826
174.307 744.693 211.826
176.971 744.693 211.826
175.639 742.538 208.339
175.639 744.184 208.339
175.639 742.538 212.649
175.639 744.184 212.649
174.816 741.206 210.494
176.462 741.206 210.494
174.816 745.516 210.494
176.462 745.516 210.494
173.484 743.361 209.671
173.484 743.361 211.317
177.794 743.361 209.671
177.794 743.361 211.317
50.1165 7.5235 407.25
52.7805 7.5235 407.25
50.1165 10.1875 407.25
52.7805 10.1875 407.25
50.1165 7.5235 409.913
52.7805 7.5235 409.913
50.1165 10.1875 409.913
52.7805 10.1875 409.913
51.4485 8.03228 406.426
51.4485 9.67872 406.426
51.4485 8.03228 410.737
51.4485 9.67872 410.737
50.6253 6.70028 408.582
52.2717 6.70028 408.582
50.6253 11.0107 408.582
52.2717 11.0107 408.582
49.2933 8.8555 407.758
49.2933 8.8555 409.405
53.6037 8.8555 407.758
53.6037 8.8555 409.405
228.942 -1031.39 407.25
231.606 -1031.39 407.25
228.942 -1028.72 407.25
231.606 -1028.72 407.25
228.942 -1031.39 409.913
231.606 -1031.39 409.913
228.942 -1028.72 409.913
231.606 -1028.72 409.913
230.274 -1030.88 406.426
230.274 -1029.23 406.426
230.274 -1030.88 410.737
230.274 -1029.23 410.737
229.45 -1032.21 408.582
231.097 -1032.21 408.582
229.45 -1027.9 408.582
231.097 -1027.9 408.582
228.118 -1030.06 407.758
228.118 -1030.06 409.405
232.429 -1030.06 407.758
232.429 -1030.06 409.405
50.1165 7.5235 407.25
52.7805 7.5235 407.25
50.1165 10.1875 407.25
52.7805 10.1875 407.25
50.1165 7.5235 409.913
52.7805 7.5235 409.913
50.1165 10.1875 409.913
52.7805 10.1875 409.913
51.4485 8.03228 406.426
51.4485 9.67872 406.426
51.4485 8.03228 410.737
51.4485 9.67872 410.737
50.6253 6.70028 408.582
52.2717 6.70028 408.582
50.6253 11.0107 408.582
52.2717 11.0107 408.582
49.2933 8.8555 407.758
49.2933 8.8555 409.405
53.6037 8.8555 407.758
53.6037 8.8555 409.405
-128.709 1046.44 407.25
-126.045 1046.44 407.25
-128.709 1049.1 407.25
-126.045 1049.1 407.25
-128.709 1046.44 409.913
-126.045 1046.44 409.913
-128.709 1049.1 409.913
-126.045 1049.1 409.913
-127.377 1046.95 406.426
-127.377 1048.59 406.426
-127.377 1046.95 410.737
-127.377 1048.59 410.737
-128.2 1045.61 408.582
-126.553 1045.61 408.582
-128.2 1049.92 408.582
-126.553 1049.92 408.582
-129.532 1047.77 407.758
-129.532 1047.77 409.405
-125.221 1047.77 407.758
-125.221 1047.77 409.405
-296.188 -52.0845 238.625
-293.524 -52.0845 238.625
-296.188 -49.4205 238.625
-293.524 -49.4205 238.625
-296.188 -52.0845 241.288
-293.524 -52.0845 241.288
-296.188 -49.4205 241.288
-293.524 -49.4205 241.288
-294.856 -51.5757 237.801
-294.856 -49.9293 237.801
-294.856 -51.5757 242.112
-294.856 -49.9293 242.112
-295.679 -52.9077 239.957
-294.033 -52.9077 239.957
-295.679 -48.5973 239.957
-294.033 -48.5973 239.957
-297.011 -50.7525 239.133
-297.011 -50.7525 240.78
-292.701 -50.7525 239.133
-292.701 -50.7525 240.78
-117.363 -1091 238.625
-114.699 -1091 238.625
-117.363 -1088.33 238.625
-114.699 -1088.33 238.625
-117.363 -1091 241.288
-114.699 -1091 241.288
-117.363 -1088.33 241.288
-114.699 -1088.33 241.288
-116.031 -1090.49 237.801
-116.031 -1088.84 237.801
-116.031 -1090.49 242.112
-116.031 -1088.84 242.112
-116.854 -1091.82 239.957
-115.208 -1091.82 239.957
-116.854 -1087.51 239.957
-115.208 -1087.51 239.957
-118.186 -1089.67 239.133
-118.186 -1089.67 240.78
-113.876 -1089.67 239.133
-113.876 -1089.67 240.78
-296.188 -52.0845 238.625
-293.524 -52.0845 238.625
-296.188 -49.4205 238.625
-293.524 -49.4205 238.625
-296.188 -52.0845 241.288
-293.524 -52.0845 241.288
-296.188 -49.4205 241.288
-293.524 -49.4205 241.288
-294.856 -51.5757 237.801
-294.856 -49.9293 237.801
-294.856 -51.5757 242.112
-294.856 -49.9293 242.112
-295.679 -52.9077 239.957
-294.033 -52.9077 239.957
-295.679 -48.5973 239.957
-294.033 -48.5973 239.957
-297.011 -50.7525 239.133
-297.011 -50.7525 240.78
-292.701 -50.7525 239.133
-292.701 -50.7525 240.78
-475.013 986.828 238.625
-472.349 986.828 238.625
-475.013 989.492 238.625
-472.349 989.492 238.625
-475.013 986.828 241.288
-472.349 986.828 241.288
-475.013 989.492 241.288
-472.349 989.492 241.288
-473.681 987.337 237.801
-473.681 988.983 237.801
-473.681 987.337 242.112
-473.681 988.983 242.112
-474.504 986.005 239.957
-472.858 986.005 239.957
-474.504 990.315 239.957
-472.858 990.315 239.957
-475.836 988.16 239.133
-475.836 988.16 240.78
-471.526 988.16 239.133
-471.526 988.16 240.78
-117.363 -1091 238.625
-114.699 -1091 238.625
-117.363 -1088.33 238.625
-114.699 -1088.33 238.625
-117.363 -1091 241.288
-114.699 -1091 241.288
-117.363 -1088.33 241.288
-114.699 -1088.33 241.288
-116.031 -1090.49 237.801
-116.031 -1088.84 237.801
-116.031 -1090.49 242.112
-116.031 -1088.84 242.112
-116.854 -1091.82 239.957
-115.208 -1091.82 239.957
-116.854 -1087.51 239.957
-115.208 -1087.51 239.957
-118.186 -1089.67 239.133
-118.186 -1089.67 240.78
-113.876 -1089.67 239.133
-113.876 -1089.67 240.78
79.208 -1057.16 78.6535
81.872 -1057.16 78.6535
79.208 -1054.5 78.6535
81.872 -1054.5 78.6535
79.208 -1057.16 81.3175
81.872 -1057.16 81.3175
79.208 -1054.5 81.3175
81.872 -1054.5 81.3175
80.54 -1056.65 77.8303
80.54 -1055.01 77.8303
80.54 -1056.65 82.1407
80.54 -1055.01 82.1407
79.7168 -1057.99 79.9855
81.3632 -1057.99 79.9855
79.7168 -1053.68 79.9855
81.3632 -1053.68 79.9855
78.3848 -1055.83 79.1623
78.3848 -1055.83 80.8087
82.6952 -1055.83 79.1623
82.6952 -1055.83 80.8087
79.208 -1057.16 78.6535
81.872 -1057.16 78.6535
79.208 -1054.5 78.6535
81.872 -1054.5 78.6535
79.208 -1057.16 81.3175
81.872 -1057.16 81.3175
79.208 -1054.5 81.3175
81.872 -1054.5 81.3175
80.54 -1056.65 77.8303
80.54 -1055.01 77.8303
80.54 -1056.65 82.1407
80.54 -1055.01 82.1407
79.7168 -1057.99 79.9855
81.3632 -1057.99 79.9855
79.7168 -1053.68 79.9855
81.3632 -1053.68 79.9855
78.3848 -1055.83 79.1623
78.3848 -1055.83 80.8087
82.6952 -1055.83 79.1623
82.6952 -1055.83 80.8087
275.779 -1023.33 -81.3175
278.442 -1023.33 -81.3175
275.779 -1020.66 -81.3175
278.442 -1020.66 -81.3175
275.779 -1023.33 -78.6535
278.442 -1023.33 -78.6535
275.779 -1020.66 -78.6535
278.442 -1020.66 -78.6535
277.111 -1022.82 -82.1407
277.111 -1021.17 -82.1407
277.111 -1022.82 -77.8303
277.111 -1021.17 -77.8303
276.287 -1024.15 -79.9855
277.934 -1024.15 -79.9855
276.287 -1019.84 -79.9855
277.934 -1019.84 -79.9855
274.955 -1022 -80.8087
274.955 -1022 -79.1623
279.266 -1022 -80.8087
279.266 -1022 -79.1623
275.779 -1023.33 -81.3175
278.442 -1023.33 -81.3175
275.779 -1020.66 -81.3175
278.442 -1020.66 -81.3175
275.779 -1023.33 -78.6535
278.442 -1023.33 -78.6535
275.779 -1020.66 -78.6535
278.442 -1020.66 -78.6535
277.111 -1022.82 -82.1407
277.111 -1021.17 -82.1407
277.111 -1022.82 -77.8303
277.111 -1021.17 -77.8303
276.287 -1024.15 -79.9855
277.934 -1024.15 -79.9855
276.287 -1019.84 -79.9855
277.934 -1019.84 -79.9855
274.955 -1022 -80.8087
274.955 -1022 -79.1623
279.266 -1022 -80.8087
279.266 -1022 -79.1623
472.349 -989.492 -241.288
475.013 -989.492 -241.288
472.349 -986.828 -241.288
475.013 -986.828 -241.288
472.349 -989.492 -238.625
475.013 -989.492 -238.625
472.349 -986.828 -238.625
475.013 -986.828 -238.625
473.681 -988.983 -242.112
473.681 -987.337 -242.112
473.681 -988.983 -237.801
473.681 -987.337 -237.801
472.858 -990.315 -239.957
474.504 -990.315 -239.957
472.858 -986.005 -239.957
474.504 -986.005 -239.957
471.526 -988.16 -240.78
471.526 -988.16 -239.133
475.836 -988.16 -240.78
475.836 -988.16 -239.133
228.942 -1031.39 407.25
231.606 -1031.39 407.25
228.942 -1028.72 407.25
231.606 -1028.72 407.25
228.942 -1031.39 409.913
231.606 -1031.39 409.913
228.942 -1028.72 409.913
231.606 -1028.72 409.913
230.274 -1030.88 406.426
230.274 -1029.23 406.426
230.274 -1030.88 410.737
230.274 -1029.23 410.737
229.45 -1032.21 408.582
231.097 -1032.21 408.582
229.45 -1027.9 408.582
231.097 -1027.9 408.582
228.118 -1030.06 407.758
228.118 -1030.06 409.405
232.429 -1030.06 407.758
232.429 -1030.06 409.405
350.645 -1010.44 308.206
353.309 -1010.44 308.206
350.645 -1007.78 308.206
353.309 -1007.78 308.206
350.645 -1010.44 310.87
353.309 -1010.44 310.87
350.645 -1007.78 310.87
353.309 -1007.78 310.87
351.977 -1009.93 307.382
351.977 -1008.29 307.382
351.977 -1009.93 311.693
351.977 -1008.29 311.693
351.154 -1011.26 309.538
352.8 -1011.26 309.538
351.154 -1006.95 309.538
352.8 -1006.95 309.538
349.822 -1009.11 308.714
349.822 -1009.11 310.361
354.132 -1009.11 308.714
354.132 -1009.11 310.361
350.645 -1010.44 308.206
353.309 -1010.44 308.206
350.645 -1007.78 308.206
353.309 -1007.78 308.206
350.645 -1010.44 310.87
353.309 -1010.44 310.87
350.645 -1007.78 310.87
353.309 -1007.78 310.87
351.977 -1009.93 307.382
351.977 -1008.29 307.382
351.977 -1009.93 311.693
351.977 -1008.29 311.693
351.154 -1011.26 309.538
352.8 -1011.26 309.538
351.154 -1006.95 309.538
352.8 -1006.95 309.538
349.822 -1009.11 308.714
349.822 -1009.11 310.361
354.132 -1009.11 308.714
354.132 -1009.11 310.361
472.349 -989.492 209.162
475.013 -989.492 209.162
472.349 -986.828 209.162
475.013 -986.828 209.162
472.349 -989.492 211.826
475.013 -989.492 211.826
472.349 -986.828 211.826
475.013 -986.828 211.826
473.681 -988.983 208.339
473.681 -987.337 208.339
473.681 -988.983 212.649
473.681 -987.337 212.649
472.858 -990.315 210.494
474.504 -990.315 210.494
472.858 -986.005 210.494
474.504 -986.005 210.494
471.526 -988.16 209.671
471.526 -988.16 211.317
475.836 -988.16 209.671
475.836 -988.16 211.317
472.349 -989.492 -241.288
475.013 -989.492 -241.288
472.349 -986.828 -241.288
475.013 -986.828 -241.288
472.349 -989.492 -238.625
475.013 -989.492 -238.625
472.349 -986.828 -238.625
475.013 -986.828 -238.625
473.681 -988.983 -242.112
473.681 -987.337 -242.112
473.681 -988.983 -237.801
473.681 -987.337 -237.801
472.858 -990.315 -239.957
474.504 -990.315 -239.957
472.858 -986.005 -239.957
474.504 -986.005 -239.957
471.526 -988.16 -240.78
471.526 -988.16 -239.133
475.836 -988.16 -240.78
475.836 -988.16 -239.133
472.349 -989.492 209.162
475.013 -989.492 209.162
472.349 -986.828 209.162
475.013 -986.828 209.162
472.349 -989.492 211.826
475.013 -989.492 211.826
472.349 -986.828 211.826
475.013 -986.828 211.826
473.681 -988.983 208.339
473.681 -987.337 208.339
473.681 -988.983 212.649
473.681 -987.337 212.649
472.858 -990.315 210.494
474.504 -990.315 210.494
472.858 -986.005 210.494
474.504 -986.005 210.494
471.526 -988.16 209.671
471.526 -988.16 211.317
475.836 -988.16 209.671
475.836 -988.16 211.317
-475.013 986.828 238.625
-472.349 986.828 238.625
-475.013 989.492 238.625
-472.349 989.492 238.625
-475.013 986.828 241.288
-472.349 986.828 241.288
-475.013 989.492 241.288
-472.349 989.492 241.288
-473.681 987.337 237.801
-473.681 988.983 237.801
-473.681 987.337 242.112
-473.681 988.983 242.112
-474.504 986.005 239.957
-472.858 986.005 239.957
-474.504 990.315 239.957
-472.858 990.315 239.957
-475.836 988.16 239.133
-475.836 988.16 240.78
-471.526 988.16 239.133
-471.526 988.16 240.78
-278.442 1020.66 78.6535
-275.779 1020.66 78.6535
-278.442 1023.33 78.6535
-275.779 1023.33 78.6535
-278.442 1020.66 81.3175
-275.779 1020.66 81.3175
-278.442 1023.33 81.3175
-275.779 1023.33 81.3175
-277.111 1021.17 77.8303
-277.111 1022.82 77.8303
-277.111 1021.17 82.1407
-277.111 1022.82 82.1407
-277.934 1019.84 79.9855
-276.287 1019.84 79.9855
-277.934 1024.15 79.9855
-276.287 1024.15 79.9855
-279.266 1022 79.1623
-279.266 1022 80.8087
-274.955 1022 79.1623
-274.955 1022 80.8087
-278.442 1020.66 78.6535
-275.779 1020.66 78.6535
-278.442 1023.33 78.6535
-275.779 1023.33 78.6535
-278.442 1020.66 81.3175
-275.779 1020.66 81.3175
-278.442 1023.33 81.3175
-275.779 1023.33 81.3175
-277.111 1021.17 77.8303
-277.111 1022.82 77.8303
-277.111 1021.17 82.1407
-277.111 1022.82 82.1407
-277.934 1019.84 79.9855
-276.287 1019.84 79.9855
-277.934 1024.15 79.9855
-276.287 1024.15 79.9855
-279.266 1022 79.1623
-279.266 1022 80.8087
-274.955 1022 79.1623
-274.955 1022 80.8087
-81.872 1054.5 -81.3175
-79.208 1054.5 -81.3175
-81.872 1057.16 -81.3175
-79.208 1057.16 -81.3175
-81.872 1054.5 -78.6535
-79.208 1054.5 -78.6535
-81.872 1057.16 -78.6535
-79.208 1057.16 -78.6535
-80.54 1055.01 -82.1407
-80.54 1056.65 -82.1407
-80.54 1055.01 -77.8303
-80.54 1056.65 -77.8303
-81.3632 1053.68 -79.9855
-79.7168 1053.68 -79.9855
-81.3632 1057.99 -79.9855
-79.7168 1057.99 -79.9855
-82.6952 1055.83 -80.8087
-82.6952 1055.83 -79.1623
-78.3848 1055.83 -80.8087
-78.3848 1055.83 -79.1623
-81.872 1054.5 -81.3175
-79.208 1054.5 -81.3175
-81.872 1057.16 -81.3175
-79.208 1057.16 -81.3175
-81.872 1054.5 -78.6535
-79.208 1054.5 -78.6535
-81.872 1057.16 -78.6535
-79.208 1057.16 -78.6535
-80.54 1055.01 -82.1407
-80.54 1056.65 -82.1407
-80.54 1055.01 -77.8303
-80.54 1056.65 -77.8303
-81.3632 1053.68 -79.9855
-79.7168 1053.68 -79.9855
-81.3632 1057.99 -79.9855
-79.7168 1057.99 -79.9855
-82.6952 1055.83 -80.8087
-82.6952 1055.83 -79.1623
-78.3848 1055.83 -80.8087
-78.3848 1055.83 -79.1623
114.699 1088.33 -241.288
117.363 1088.33 -241.288
114.699 1091 -241.288
117.363 1091 -241.288
114.699 1088.33 -238.625
117.363 1088.33 -238.625
114.699 1091 -238.625
117.363 1091 -238.625
116.031 1088.84 -242.112
116.031 1090.49 -242.112
116.031 1088.84 -237.801
116.031 1090.49 -237.801
115.208 1087.51 -239.957
116.854 1087.51 -239.957
115.208 1091.82 -239.957
116.854 1091.82 -239.957
113.876 1089.67 -240.78
113.876 1089.67 -239.133
118.186 1089.67 -240.78
118.186 1089.67 -239.133
-128.709 1046.44 407.25
-126.045 1046.44 407.25
-128.709 1049.1 407.25
-126.045 1049.1 407.25
-128.709 1046.44 409.913
-126.045 1046.44 409.913
-128.709 1049.1 409.913
-126.045 1049.1 409.913
-127.377 1046.95 406.426
-127.377 1048.59 406.426
-127.377 1046.95 410.737
-127.377 1048.59 410.737
-128.2 1045.61 408.582
-126.553 1045.61 408.582
-128.2 1049.92 408.582
-126.553 1049.92 408.582
-129.532 1047.77 407.758
-129.532 1047.77 409.405
-125.221 1047.77 407.758
-125.221 1047.77 409.405
-7.005 1067.38 308.206
-4.341 1067.38 308.206
-7.005 1070.05 308.206
-4.341 1070.05 308.206
-7.005 1067.38 310.87
-4.341 1067.38 310.87
-7.005 1070.05 310.87
-4.341 1070.05 310.87
-5.673 1067.89 307.382
-5.673 1069.54 307.382
-5.673 1067.89 311.693
-5.673 1069.54 311.693
-6.49622 1066.56 309.538
-4.84978 1066.56 309.538
-6.49622 1070.87 309.538
-4.84978 1070.87 309.538
-7.82822 1068.72 308.714
-7.82822 1068.72 310.361
-3.51778 1068.72 308.714
-3.51778 1068.72 310.361
-7.005 1067.38 308.206
-4.341 1067.38 308.206
-7.005 1070.05 308.206
-4.341 1070.05 308.206
-7.005 1067.38 310.87
-4.341 1067.38 310.87
-7.005 1070.05 310.87
-4.341 1070.05 310.87
-5.673 1067.89 307.382
-5.673 1069.54 307.382
-5.673 1067.89 311.693
-5.673 1069.54 311.693
-6.49622 1066.56 309.538
-4.84978 1066.56 309.538
-6.49622 1070.87 309.538
-4.84978 1070.87 309.538
-7.82822 1068.72 308.714
-7.82822 1068.72 310.361
-3.51778 1068.72 308.714
-3.51778 1068.72 310.361
114.699 1088.33 209.162
117.363 1088.33 209.162
114.699 1091 209.162
117.363 1091 209.162
114.699 1088.33 211.826
117.363 1088.33 211.826
114.699 1091 211.826
117.363 1091 211.826
116.031 1088.84 208.339
116.031 1090.49 208.339
116.031 1088.84 212.649
116.031 1090.49 212.649
115.208 1087.51 210.494
116.854 1087.51 210.494
115.208 1091.82 210.494
116.854 1091.82 210.494
113.876 1089.67 209.671
113.876 1089.67 211.317
118.186 1089.67 209.671
118.186 1089.67 211.317
114.699 1088.33 -241.288
117.363 1088.33 -241.288
114.699 1091 -241.288
117.363 1091 -241.288
114.699 1088.33 -238.625
117.363 1088.33 -238.625
114.699 1091 -238.625
117.363 1091 -238.625
116.031 1088.84 -242.112
116.031 1090.49 -242.112
116.031 1088.84 -237.801
116.031 1090.49 -237.801
115.208 1087.51 -239.957
116.854 1087.51 -239.957
115.208 1091.82 -239.957
116.854 1091.82 -239.957
113.876 1089.67 -240.78
113.876 1089.67 -239.133
118.186 1089.67 -240.78
118.186 1089.67 -239.133
114.699 1088.33 209.162
117.363 1088.33 209.162
114.699 1091 209.162
117.363 1091 209.162
114.699 1088.33 211.826
117.363 1088.33 211.826
114.699 1091 211.826
117.363 1091 211.826
116.031 1088.84 208.339
116.031 1090.49 208.339
116.031 1088.84 212.649
116.031 1090.49 212.649
115.208 1087.51 210.494
116.854 1087.51 210.494
115.208 1091.82 210.494
116.854 1091.82 210.494
113.876 1089.67 209.671
113.876 1089.67 211.317
118.186 1089.67 209.671
118.186 1089.67 211.317
50.1165 7.5235 407.25
52.7805 7.5235 407.25
50.1165 10.1875 407.25
52.7805 10.1875 407.25
50.1165 7.5235 409.913
52.7805 7.5235 409.913
50.1165 10.1875 409.913
52.7805 10.1875 409.913
51.4485 8.03228 406.426
51.4485 9.67872 406.426
51.4485 8.03228 410.737
51.4485 9.67872 410.737
50.6253 6.70028 408.582
52.2717 6.70028 408.582
50.6253 11.0107 408.582
52.2717 11.0107 408.582
49.2933 8.8555 407.758
49.2933 8.8555 409.405
53.6037 8.8555 407.758
53.6037 8.8555 409.405
288.55 -1377.69 407.25
291.214 -1377.69 407.25
288.55 -1375.03 407.25
291.214 -1375.03 407.25
288.55 -1377.69 409.913
291.214 -1377.69 409.913
288.55 -1375.03 409.913
291.214 -1375.03 409.913
289.882 -1377.18 406.426
289.882 -1375.54 406.426
289.882 -1377.18 410.737
289.882 -1375.54 410.737
289.059 -1378.52 408.582
290.705 -1378.52 408.582
289.059 -1374.21 408.582
290.705 -1374.21 408.582
287.727 -1376.36 407.758
287.727 -1376.36 409.405
292.037 -1376.36 407.758
292.037 -1376.36 409.405
50.1165 7.5235 407.25
52.7805 7.5235 407.25
50.1165 10.1875 407.25
52.7805 10.1875 407.25
50.1165 7.5235 409.913
52.7805 7.5235 409.913
50.1165 10.1875 409.913
52.7805 10.1875 409.913
51.4485 8.03228 406.426
51.4485 9.67872 406.426
51.4485 8.03228 410.737
51.4485 9.67872 410.737
50.6253 6.70028 408.582
52.2717 6.70028 408.582
50.6253 11.0107 408.582
52.2717 11.0107 408.582
49.2933 8.8555 407.758
49.2933 8.8555 409.405
53.6037 8.8555 407.758
53.6037 8.8555 409.405
-188.317 1392.74 407.25
-185.653 1392.74 407.25
-188.317 1395.4 407.25
-185.653 1395.4 407.25
-188.317 1392.74 409.913
-185.653 1392.74 409.913
-188.317 1395.4 409.913
-185.653 1395.4 409.913
-186.985 1393.25 406.426
-186.985 1394.9 406.426
-186.985 1393.25 410.737
-186.985 1394.9 410.737
-187.808 1391.92 408.582
-186.162 1391.92 408.582
-187.808 1396.23 408.582
-186.162 1396.23 408.582
-189.14 1394.07 407.758
-189.14 1394.07 409.405
-184.83 1394.07 407.758
-184.83 1394.07 409.405
-296.188 -52.0845 238.625
-293.524 -52.0845 238.625
-296.188 -49.4205 238.625
-293.524 -49.4205 238.625
-296.188 -52.0845 241.288
-293.524 -52.0845 241.288
-296.188 -49.4205 241.288
-293.524 -49.4205 241.288
-294.856 -51.5757 237.801
-294.856 -49.9293 237.801
-294.856 -51.5757 242.112
-294.856 -49.9293 242.112
-295.679 -52.9077 239.957
-294.033 -52.9077 239.957
-295.679 -48.5973 239.957
-294.033 -48.5973 239.957
-297.011 -50.7525 239.133
-297.011 -50.7525 240.78
-292.701 -50.7525 239.133
-292.701 -50.7525 240.78
-57.7545 -1437.3 238.625
-55.0905 -1437.3 238.625
-57.7545 -1434.64 238.625
-55.0905 -1434.64 238.625
-57.7545 -1437.3 241.288
-55.0905 -1437.3 241.288
-57.7545 -1434.64 241.288
-55.0905 -1434.64 241.288
-56.4225 -1436.79 237.801
-56.4225 -1435.15 237.801
-56.4225 -1436.79 242.112
-56.4225 -1435.15 242.112
-57.2457 -1438.12 239.957
-55.5993 -1438.12 239.957
-57.2457 -1433.81 239.957
-55.5993 -1433.81 239.957
-58.5777 -1435.97 239.133
-58.5777 -1435.97 240.78
-54.2673 -1435.97 239.133
-54.2673 -1435.97 240.78
-296.188 -52.0845 238.625
-293.524 -52.0845 238.625
-296.188 -49.4205 238.625
-293.524 -49.4205 238.625
-296.188 -52.0845 241.288
-293.524 -52.0845 241.288
-296.188 -49.4205 241.288
-293.524 -49.4205 241.288
-294.856 -51.5757 237.801
-294.856 -49.9293 237.801
-294.856 -51.5757 242.112
-294.856 -49.9293 242.112
-295.679 -52.9077 239.957
-294.033 -52.9077 239.957
-295.679 -48.5973 239.957
-294.033 -48.5973 239.957
-297.011 -50.7525 239.133
-297.011 -50.7525 240.78
-292.701 -50.7525 239.133
-292.701 -50.7525 240.78
-534.621 1333.13 238.625
-531.957 1333.13 238.625
-534.621 1335.8 238.625
-531.957 1335.8 238.625
-534.621 1333.13 241.288
-531.957 1333.13 241.288
-534.621 1335.8 241.288
-531.957 1335.8 241.288
-533.289 1333.64 237.801
-533.289 1335.29 237.801
-533.289 1333.64 242.112
-533.289 1335.29 242.112
-534.113 1332.31 239.957
-532.466 1332.31 239.957
-534.113 1336.62 239.957
-532.466 1336.62 239.957
-535.445 1334.46 239.133
-535.445 1334.46 240.78
-531.134 1334.46 239.133
-531.134 1334.46 240.78
-57.7545 -1437.3 238.625
-55.0905 -1437.3 238.625
-57.7545 -1434.64 238.625
-55.0905 -1434.64 238.625
-57.7545 -1437.3 241.288
-55.0905 -1437.3 241.288
-57.7545 -1434.64 241.288
-55.0905 -1434.64 241.288
-56.4225 -1436.79 237.801
-56.4225 -1435.15 237.801
-56.4225 -1436.79 242.112
-56.4225 -1435.15 242.112
-57.2457 -1438.12 239.957
-55.5993 -1438.12 239.957
-57.2457 -1433.81 239.957
-55.5993 -1433.81 239.957
-58.5777 -1435.97 239.133
-58.5777 -1435.97 240.78
-54.2673 -1435.97 239.133
-54.2673 -1435.97 240.78
138.816 -1403.47 78.6535
141.48 -1403.47 78.6535
138.816 -1400.8 78.6535
141.48 -1400.8 78.6535
138.816 -1403.47 81.3175
141.48 -1403.47 81.3175
138.816 -1400.8 81.3175
141.48 -1400.8 81.3175
140.148 -1402.96 77.8303
140.148 -1401.31 77.8303
140.148 -1402.96 82.1407
140.148 -1401.31 82.1407
139.325 -1404.29 79.9855
140.971 -1404.29 79.9855
139.325 -1399.98 79.9855
140.971 -1399.98 79.9855
137.993 -1402.13 79.1623
137.993 -1402.13 80.8087
142.303 -1402.13 79.1623
142.303 -1402.13 80.8087
138.816 -1403.47 78.6535
141.48 -1403.47 78.6535
138.816 -1400.8 78.6535
141.48 -1400.8 78.6535
138.816 -1403.47 81.3175
141.48 -1403.47 81.3175
138.816 -1400.8 81.3175
141.48 -1400.8 81.3175
140.148 -1402.96 77.8303
140.148 -1401.31 77.8303
140.148 -1402.96 82.1407
140.148 -1401.31 82.1407
139.325 -1404.29 79.9855
140.971 -1404.29 79.9855
139.325 -1399.98 79.9855
140.971 -1399.98 79.9855
137.993 -1402.13 79.1623
137.993 -1402.13 80.8087
142.303 -1402.13 79.1623
142.303 -1402.13 80.8087
335.387 -1369.63 -81.3175
338.051 -1369.63 -81.3175
335.387 -1366.97 -81.3175
338.051 -1366.97 -81.3175
335.387 -1369.63 -78.6535
338.051 -1369.63 -78.6535
335.387 -1366.97 -78.6535
338.051 -1366.97 -78.6535
336.719 -1369.12 -82.1407
336.719 -1367.48 -82.1407
336.719 -1369.12 -77.8303
336.719 -1367.48 -77.8303
335.896 -1370.45 -79.9855
337.542 -1370.45 -79.9855
335.896 -1366.14 -79.9855
337.542 -1366.14 -79.9855
334.564 -1368.3 -80.8087
334.564 -1368.3 -79.1623
338.874 -1368.3 -80.8087
338.874 -1368.3 -79.1623
335.387 -1369.63 -81.3175
338.051 -1369.63 -81.3175
335.387 -1366.97 -81.3175
338.051 -1366.97 -81.3175
335.387 -1369.63 -78.6535
338.051 -1369.63 -78.6535
335.387 -1366.97 -78.6535
338.051 -1366.97 -78.6535
336.719 -1369.12 -82.1407
336.719 -1367.48 -82.1407
336.719 -1369.12 -77.8303
336.719 -1367.48 -77.8303
335.896 -1370.45 -79.9855
337.542 -1370.45 -79.9855
335.896 -1366.14 -79.9855
337.542 -1366.14 -79.9855
334.564 -1368.3 -80.8087
334.564 -1368.3 -79.1623
338.874 -1368.3 -80.8087
338.874 -1368.3 -79.1623
531.957 -1335.8 -241.288
534.621 -1335.8 -241.288
531.957 -1333.13 -241.288
534.621 -1333.13 -241.288
531.957 -1335.8 -238.625
534.621 -1335.8 -238.625
531.957 -1333.13 -238.625
534.621 -1333.13 -238.625
533.289 -1335.29 -242.112
533.289 -1333.64 -242.112
533.289 -1335.29 -237.801
533.289 -1333.64 -237.801
532.466 -1336.62 -239.957
534.113 -1336.62 -239.957
532.466 -1332.31 -239.957
534.113 -1332.31 -239.957
531.134 -1334.46 -240.78
531.134 -1334.46 -239.133
535.445 -1334.46 -240.78
535.445 -1334.46 -239.133
288.55 -1377.69 407.25
291.214 -1377.69 407.25
288.55 -1375.03 407.25
291.214 -1375.03 407.25
288.55 -1377.69 409.913
291.214 -1377.69 409.913
288.55 -1375.03 409.913
291.214 -1375.03 409.913
289.882 -1377.18 406.426
289.882 -1375.54 406.426
289.882 -1377.18 410.737
289.882 -1375.54 410.737
289.059 -1378.52 408.582
290.705 -1378.52 408.582
289.059 -1374.21 408.582
290.705 -1374.21 408.582
287.727 -1376.36 407.758
287.727 -1376.36 409.405
292.037 -1376.36 407.758
292.037 -1376.36 409.405
410.254 -1356.75 308.206
412.918 -1356.75 308.206
410.254 -1354.08 308.206
412.918 -1354.08 308.206
410.254 -1356.75 310.87
412.918 -1356.75 310.87
410.254 -1354.08 310.87
412.918 -1354.08 310.87
411.586 -1356.24 307.382
411.586 -1354.59 307.382
411.586 -1356.24 311.693
411.586 -1354.59 311.693
410.762 -1357.57 309.538
412.409 -1357.57 309.538
410.762 -1353.26 309.538
412.409 -1353.26 309.538
409.43 -1355.41 308.714
409.43 -1355.41 310.361
413.741 -1355.41 308.714
413.741 -1355.41 310.361
410.254 -1356.75 308.206
412.918 -1356.75 308.206
410.254 -1354.08 308.206
412.918 -1354.08 308.206
410.254 -1356.75 310.87
412.918 -1356.75 310.87
410.254 -1354.08 310.87
412.918 -1354.08 310.87
411.586 -1356.24 307.382
411.586 -1354.59 307.382
411.586 -1356.24 311.693
411.586 -1354.59 311.693
410.762 -1357.57 309.538
412.409 -1357.57 309.538
410.762 -1353.26 309.538
412.409 -1353.26 309.538
409.43 -1355.41 308.714
409.43 -1355.41 310.361
413.741 -1355.41 308.714
413.741 -1355.41 310.361
531.957 -1335.8 209.162
534.621 -1335.8 209.162
531.957 -1333.13 209.162
534.621 -1333.13 209.162
531.957 -1335.8 211.826
534.621 -1335.8 211.826
531.957 -1333.13 211.826
534.621 -1333.13 211.826
533.289 -1335.29 208.339
533.289 -1333.64 208.339
533.289 -1335.29 212.649
533.289 -1333.64 212.649
532.466 -1336.62 210.494
534.113 -1336.62 210.494
532.466 -1332.31 210.494
534.113 -1332.31 210.494
531.134 -1334.46 209.671
531.134 -1334.46 211.317
535.445 -1334.46 209.671
535.445 -1334.46 211.317
531.957 -1335.8 -241.288
534.621 -1335.8 -241.288
531.957 -1333.13 -241.288
534.621 -1333.13 -241.288
531.957 -1335.8 -238.625
534.621 -1335.8 -238.625
531.957 -1333.13 -238.625
534.621 -1333.13 -238.625
533.289 -1335.29 -242.112
533.289 -1333.64 -242.112
533.289 -1335.29 -237.801
533.289 -1333.64 -237.801
532.466 -1336.62 -239.957
534.113 -1336.62 -239.957
532.466 -1332.31 -239.957
534.113 -1332.31 -239.957
531.134 -1334.46 -240.78
531.134 -1334.46 -239.133
535.445 -1334.46 -240.78
535.445 -1334.46 -239.133
531.957 -1335.8 209.162
534.621 -1335.8 209.162
531.957 -1333.13 209.162
534.621 -1333.13 209.162
531.957 -1335.8 211.826
534.621 -1335.8 211.826
531.957 -1333.13 211.826
534.621 -1333.13 211.826
533.289 -1335.29 208.339
533.289 -1333.64 208.339
533.289 -1335.29 212.649
533.289 -1333.64 212.649
532.466 -1336.62 210.494
534.113 -1336.62 210.494
532.466 -1332.31 210.494
534.113 -1332.31 210.494
531.134 -1334.46 209.671
531.134 -1334.46 211.317
535.445 -1334.46 209.671
535.445 -1334.46 211.317
-534.621 1333.13 238.625
-531.957 1333.13 238.625
-534.621 1335.8 238.625
-531.957 1335.8 238.625
-534.621 1333.13 241.288
-531.957 1333.13 241.288
-534.621 1335.8 241.288
-531.957 1335.8 241.288
-533.289 1333.64 237.801
-533.289 1335.29 237.801
-533.289 1333.64 242.112
-533.289 1335.29 242.112
-534.113 1332.31 239.957
-532.466 1332.31 239.957
-534.113 1336.62 239.957
-532.466 1336.62 239.957
-535.445 1334.46 239.133
-535.445 1334.46 240.78
-531.134 1334.46 239.133
-531.134 1334.46 240.78
-338.051 1366.97 78.6535
-335.387 1366.97 78.6535
-338.051 1369.63 78.6535
-335.387 1369.63 78.6535
-338.051 1366.97 81.3175
-335.387 1366.97 81.3175
-338.051 1369.63 81.3175
-335.387 1369.63 81.3175
-336.719 1367.48 77.8303
-336.719 1369.12 77.8303
-336.719 1367.48 82.1407
-336.719 1369.12 82.1407
-337.542 1366.14 79.9855
-335.896 1366.14 79.9855
-337.542 1370.45 79.9855
-335.896 1370.45 79.9855
-338.874 1368.3 79.1623
-338.874 1368.3 80.8087
-334.564 1368.3 79.1623
-334.564 1368.3 80.8087
-338.051 1366.97 78.6535
-335.387 1366.97 78.6535
-338.051 1369.63 78.6535
-335.387 1369.63 78.6535
-338.051 1366.97 81.3175
-335.387 1366.97 81.3175
-338.051 1369.63 81.3175
-335.387 1369.63 81.3175
-336.719 1367.48 77.8303
-336.719 1369.12 77.8303
-336.719 1367.48 82.1407
-336.719 1369.12 82.1407
-337.542 1366.14 79.9855
-335.896 1366.14 79.9855
-337.542 1370.45 79.9855
-335.896 1370.45 79.9855
-338.874 1368.3 79.1623
-338.874 1368.3 80.8087
-334.564 1368.3 79.1623
-334.564 1368.3 80.8087
-141.48 1400.8 -81.3175
-138.816 1400.8 -81.3175
-141.48 1403.47 -81.3175
-138.816 1403.47 -81.3175
-141.48 1400.8 -78.6535
-138.816 1400.8 -78.6535
-141.48 1403.47 -78.6535
-138.816 1403.47 -78.6535
-140.148 1401.31 -82.1407
-140.148 1402.96 -82.1407
-140.148 1401.31 -77.8303
-140.148 1402.96 -77.8303
-140.971 1399.98 -79.9855
-139.325 1399.98 -79.9855
-140.971 1404.29 -79.9855
-139.325 1404.29 -79.9855
-142.303 1402.13 -80.8087
-142.303 1402.13 -79.1623
-137.993 1402.13 -80.8087
-137.993 1402.13 -79.1623
-141.48 1400.8 -81.3175
-138.816 1400.8 -81.3175
-141.48 1403.47 -81.3175
-138.816 1403.47 -81.3175
-141.48 1400.8 -78.6535
-138.816 1400.8 -78.6535
-141.48 1403.47 -78.6535
-138.816 1403.47 -78.6535
-140.148 1401.31 -82.1407
-140.148 1402.96 -82.1407
-140.148 1401.31 -77.8303
-140.148 1402.96 -77.8303
-140.971 1399.98 -79.9855
-139.325 1399.98 -79.9855
-140.971 1404.29 -79.9855
-139.325 1404.29 -79.9855
-142.303 1402.13 -80.8087
-142.303 1402.13 -79.1623
-137.993 1402.13 -80.8087
-137.993 1402.13 -79.1623
55.0905 1434.64 -241.288
57.7545 1434.64 -241.288
55.0905 1437.3 -241.288
57.7545 1437.3 -241.288
55.0905 1434.64 -238.625
57.7545 1434.64 -238.625
55.0905 1437.3 -238.625
57.7545 1437.3 -238.625
56.4225 1435.15 -242.112
56.4225 1436.79 -242.112
56.4225 1435.15 -237.801
56.4225 1436.79 -237.801
55.5993 1433.81 -239.957
57.2457 1433.81 -239.957
55.5993 1438.12 -239.957
57.2457 1438.12 -239.957
54.2673 1435.97 -240.78
54.2673 1435.97 -239.133
58.5777 1435.97 -240.78
58.5777 1435.97 -239.133
-188.317 1392.74 407.25
-185.653 1392.74 407.25
-188.317 1395.4 407.25
-185.653 1395.4 407.25
-188.317 1392.74 409.913
-185.653 1392.74 409.913
-188.317 1395.4 409.913
-185.653 1395.4 409.913
-186.985 1393.25 406.426
-186.985 1394.9 406.426
-186.985 1393.25 410.737
-186.985 1394.9 410.737
-187.808 1391.92 408.582
-186.162 1391.92 408.582
-187.808 1396.23 408.582
-186.162 1396.23 408.582
-189.14 1394.07 407.758
-189.14 1394.07 409.405
-184.83 1394.07 407.758
-184.83 1394.07 409.405
-66.6135 1413.69 308.206
-63.9495 1413.69 308.206
-66.6135 1416.35 308.206
-63.9495 1416.35 308.206
-66.6135 1413.69 310.87
-63.9495 1413.69 310.87
-66.6135 1416.35 310.87
-63.9495 1416.35 310.87
-65.2815 1414.2 307.382
-65.2815 1415.84 307.382
-65.2815 1414.2 311.693
-65.2815 1415.84 311.693
-66.1047 1412.87 309.538
-64.4583 1412.87 309.538
-66.1047 1417.18 309.538
-64.4583 1417.18 309.538
-67.4367 1415.02 308.714
-67.4367 1415.02 310.361
-63.1263 1415.02 308.714
-63.1263 1415.02 310.361
-66.6135 1413.69 308.206
-63.9495 1413.69 308.206
-66.6135 1416.35 308.206
-63.9495 1416.35 308.206
-66.6135 1413.69 310.87
-63.9495 1413.69 310.87
-66.6135 1416.35 310.87
-63.9495 1416.35 310.87
-65.2815 1414.2 307.382
-65.2815 1415.84 307.382
-65.2815 1414.2 311.693
-65.2815 1415.84 311.693
-66.1047 1412.87 309.538
-64.4583 1412.87 309.538
-66.1047 1417.18 309.538
-64.4583 1417.18 309.538
-67.4367 1415.02 308.714
-67.4367 1415.02 310.361
-63.1263 1415.02 308.714
-63.1263 1415.02 310.361
55.0905 1434.64 209.162
57.7545 1434.64 209.162
55.0905 1437.3 209.162
57.7545 1437.3 209.162
55.0905 1434.64 211.826
57.7545 1434.64 211.826
55.0905 1437.3 211.826
57.7545 1437.3 211.826
56.4225 1435.15 208.339
56.4225 1436.79 208.339
56.4225 1435.15 212.649
56.4225 1436.79 212.649
55.5993 1433.81 210.494
57.2457 1433.81 210.494
55.5993 1438.12 210.494
57.2457 1438.12 210.494
54.2673 1435.97 209.671
54.2673 1435.97 211.317
58.5777 1435.97 209.671
58.5777 1435.97 211.317
55.0905 1434.64 -241.288
57.7545 1434.64 -241.288
55.0905 1437.3 -241.288
57.7545 1437.3 -241.288
55.0905 1434.64 -238.625
57.7545 1434.64 -238.625
55.0905 1437.3 -238.625
57.7545 1437.3 -238.625
56.4225 1435.15 -242.112
56.4225 1436.79 -242.112
56.4225 1435.15 -237.801
56.4225 1436.79 -237.801
55.5993 1433.81 -239.957
57.2457 1433.81 -239.957
55.5993 1438.12 -239.957
57.2457 1438.12 -239.957
54.2673 1435.97 -240.78
54.2673 1435.97 -239.133
58.5777 1435.97 -240.78
58.5777 1435.97 -239.133
55.0905 1434.64 209.162
57.7545 1434.64 209.162
55.0905 1437.3 209.162
57.7545 1437.3 209.162
55.0905 1434.64 211.826
57.7545 1434.64 211.826
55.0905 1437.3 211.826
57.7545 1437.3 211.826
56.4225 1435.15 208.339
56.4225 1436.79 208.339
56.4225 1435.15 212.649
56.4225 1436.79 212.649
55.5993 1433.81 210.494
57.2457 1433.81 210.494
55.5993 1438.12 210.494
57.2457 1438.12 210.494
54.2673 1435.97 209.671
54.2673 1435.97 211.317
58.5777 1435.97 209.671
58.5777 1435.97 211.317
CELLS 5504 22016
3 32 21 33
3 32 20 28
3 32 21 28
3 32 13 33
3 32 13 12
3 10 17 4
3 10 6 11
3 10 6 17
3 36 32 12
3 36 4 12
3 36 17 4
3 36 32 20
3 7 15 35
3 7 38 19
3 7 23 35
3 7 23 38
3 5 13 33
3 5 38 19
3 5 21 33
3 5 38 21
3 5 4 12
3 5 13 12
3 5 10 4
3 5 10 11
3 5 7 19
3 5 7 11
3 29 20 28
3 29 36 20
3 29 36 22
3 29 21 28
3 29 38 21
3 29 23 38
3 29 23 35
3 29 34 35
3 29 34 22
3 14 6 11
3 14 7 15
3 14 7 11
3 14 36 17
3 14 6 17
3 14 36 22
3 14 34 22
3 14 15 35
3 14 34 35
3 72 61 73
3 72 60 68
3 72 61 68
3 72 53 73
3 72 53 52
3 50 57 44
3 50 46 51
3 50 46 57
3 76 72 52
3 76 44 52
3 76 57 44
3 76 72 60
3 69 60 68
3 69 76 60
3 69 76 62
3 45 53 73
3 45 78 59
3 45 61 73
3 45 78 61
3 45 44 52
3 45 53 52
3 45 50 44
3 45 50 51
3 45 47 59
3 45 47 51
3 63 47 59
3 63 78 59
3 63 55 75
3 63 47 55
3 63 61 68
3 63 78 61
3 63 69 68
3 63 69 62
3 63 74 75
3 63 74 62
3 54 46 51
3 54 47 55
3 54 47 51
3 54 76 57
3 54 46 57
3 54 76 62
3 54 74 62
3 54 55 75
3 54 74 75
3 112 101 113
3 112 100 108
3 112 101 108
3 112 93 113
3 112 93 92
3 85 93 113
3 85 118 99
3 85 101 113
3 85 118 101
3 116 112 92
3 116 84 92
3 116 97 84
3 116 112 100
3 87 95 115
3 87 118 99
3 87 103 115
3 87 103 118
3 90 97 84
3 90 86 91
3 90 86 97
3 90 84 92
3 90 93 92
3 90 85 93
3 90 85 99
3 90 87 99
3 90 87 91
3 109 100 108
3 109 116 100
3 109 116 102
3 109 101 108
3 109 118 101
3 109 103 118
3 109 103 115
3 109 114 115
3 109 114 102
3 94 86 91
3 94 87 95
3 94 87 91
3 94 116 97
3 94 86 97
3 94 116 102
3 94 114 102
3 94 95 115
3 94 114 115
3 152 141 153
3 152 140 148
3 152 141 148
3 152 133 153
3 152 133 132
3 125 133 153
3 125 158 139
3 125 141 153
3 125 158 141
3 156 152 132
3 156 124 132
3 156 137 124
3 156 152 140
3 127 135 155
3 127 158 139
3 127 143 155
3 127 143 158
3 130 137 124
3 130 126 131
3 130 126 137
3 130 124 132
3 130 133 132
3 130 125 133
3 130 125 139
3 130 127 139
3 130 127 131
3 149 140 148
3 149 156 140
3 149 156 142
3 149 141 148
3 149 158 141
3 149 143 158
3 149 143 155
3 149 154 155
3 149 154 142
3 134 126 131
3 134 127 135
3 134 127 131
3 134 156 137
3 134 126 137
3 134 156 142
3 134 154 142
3 134 135 155
3 134 154 155
3 192 181 193
3 192 180 188
3 192 181 188
3 192 173 193
3 192 173 172
3 165 173 193
3 165 198 179
3 165 181 193
3 165 198 181
3 196 192 172
3 196 164 172
3 196 177 164
3 196 192 180
3 167 175 195
3 167 198 179
3 167 183 195
3 167 183 198
3 170 177 164
3 170 166 171
3 170 166 177
3 170 164 172
3 170 173 172
3 170 165 173
3 170 165 179
3 170 167 179
3 170 167 171
3 189 180 188
3 189 196 180
3 189 196 182
3 189 181 188
3 189 198 181
3 189 183 198
3 189 183 195
3 189 194 195
3 189 194 182
3 174 166 171
3 174 167 175
3 174 167 171
3 174 196 177
3 174 166 177
3 174 196 182
3 174 194 182
3 174 175 195
3 174 194 195
3 232 221 233
3 232 220 228
3 232 221 228
3 232 213 233
3 232 213 212
3 205 213 233
3 205 238 219
3 205 221 233
3 205 238 221
3 236 232 212
3 236 204 212
3 236 217 204
3 236 232 220
3 207 215 235
3 207 238 219
3 207 223 235
3 207 223 238
3 210 217 204
3 210 206 211
3 210 206 217
3 210 204 212
3 210 213 212
3 210 205 213
3 210 205 219
3 210 207 219
3 210 207 211
3 229 220 228
3 229 236 220
3 229 236 222
3 229 221 228
3 229 238 221
3 229 223 238
3 229 223 235
3 229 234 235
3 229 234 222
3 214 206 211
3 214 207 215
3 214 207 211
3 214 236 217
3 214 206 217
3 214 236 222
3 214 234 222
3 214 215 235
3 214 234 235
3 272 261 273
3 272 260 268
3 272 261 268
3 272 253 273
3 272 253 252
3 250 257 244
3 250 246 251
3 250 246 257
3 276 272 252
3 276 244 252
3 276 257 244
3 276 272 260
3 247 255 275
3 247 278 259
3 247 263 275
3 247 263 278
3 245 253 273
3 245 278 259
3 245 261 273
3 245 278 261
3 245 244 252
3 245 253 252
3 245 250 244
3 245 250 251
3 245 247 259
3 245 247 251
3 269 260 268
3 269 276 260
3 269 276 262
3 269 261 268
3 269 278 261
3 269 263 278
3 269 263 275
3 269 274 275
3 269 274 262
3 254 246 251
3 254 247 255
3 254 247 251
3 254 276 257
3 254 246 257
3 254 276 262
3 254 274 262
3 254 255 275
3 254 274 275
3 312 301 313
3 312 300 308
3 312 301 308
3 312 293 313
3 312 293 292
3 290 297 284
3 290 286 291
3 290 286 297
3 316 312 292
3 316 284 292
3 316 297 284
3 316 312 300
3 287 295 315
3 287 318 299
3 287 303 315
3 287 303 318
3 285 293 313
3 285 318 299
3 285 301 313
3 285 318 301
3 285 284 292
3 285 293 292
3 285 290 284
3 285 290 291
3 285 287 299
3 285 287 291
3 309 300 308
3 309 316 300
3 309 316 302
3 309 301 308
3 309 318 301
3 309 303 318
3 309 303 315
3 309 314 315
3 309 314 302
3 294 286 291
3 294 287 295
3 294 287 291
3 294 316 297
3 294 286 297
3 294 316 302
3 294 314 302
3 294 295 315
3 294 314 315
3 352 341 353
3 352 340 348
3 352 341 348
3 352 333 353
3 352 333 332
3 330 337 324
3 330 326 331
3 330 326 337
3 356 352 332
3 356 324 332
3 356 337 324
3 356 352 340
3 327 335 355
3 327 358 339
3 327 343 355
3 327 343 358
3 325 333 353
3 325 358 339
3 325 341 353
3 325 358 341
3 325 324 332
3 325 333 332
3 325 330 324
3 325 330 331
3 325 327 339
3 325 327 331
3 349 340 348
3 349 356 340
3 349 356 342
3 349 341 348
3 349 358 341
3 349 343 358
3 349 343 355
3 349 354 355
3 349 354 342
3 334 326 331
3 334 327 335
3 334 327 331
3 334 356 337
3 334 326 337
3 334 356 342
3 334 354 342
3 334 335 355
3 334 354 355
3 392 381 393
3 392 380 388
3 392 381 388
3 373 392 372
3 373 392 393
3 370 373 372
3 370 373 365
3 370 364 372
3 398 373 393
3 398 381 393
3 398 379 365
3 398 373 365
3 367 379 365
3 367 370 365
3 367 370 371
3 396 364 372
3 396 392 372
3 396 392 380
3 396 364 377
3 383 367 379
3 383 398 379
3 383 375 395
3 383 367 375
3 374 375 395
3 374 394 395
3 389 380 388
3 389 396 382
3 389 396 380
3 389 381 388
3 389 398 381
3 389 383 398
3 389 394 382
3 389 383 395
3 389 394 395
3 366 364 377
3 366 370 371
3 366 370 364
3 366 396 377
3 366 396 382
3 366 394 382
3 366 374 394
3 366 367 371
3 366 367 375
3 366 374 375
3 432 421 433
3 432 420 428
3 432 421 428
3 413 432 412
3 413 432 433
3 410 413 412
3 410 413 405
3 410 404 412
3 438 413 433
3 438 421 433
3 438 419 405
3 438 413 405
3 407 419 405
3 407 410 405
3 407 410 411
3 436 404 412
3 436 432 412
3 436 432 420
3 436 404 417
3 423 407 419
3 423 438 419
3 423 415 435
3 423 407 415
3 414 415 435
3 414 434 435
3 429 420 428
3 429 436 422
3 429 436 420
3 429 421 428
3 429 438 421
3 429 423 438
3 429 434 422
3 429 423 435
3 429 434 435
3 406 404 417
3 406 410 411
3 406 410 404
3 406 436 417
3 406 436 422
3 406 434 422
3 406 414 434
3 406 407 411
3 406 407 415
3 406 414 415
3 472 461 473
3 472 460 468
3 472 461 468
3 453 472 452
3 453 472 473
3 450 453 452
3 450 453 445
3 450 444 452
3 478 453 473
3 478 461 473
3 478 459 445
3 478 453 445
3 447 459 445
3 447 450 445
3 447 450 451
3 476 444 452
3 476 472 452
3 476 472 460
3 476 444 457
3 469 460 468
3 469 476 462
3 469 476 460
3 454 455 475
3 454 474 475
3 463 447 459
3 463 478 459
3 463 455 475
3 463 447 455
3 463 461 468
3 463 478 461
3 463 469 468
3 463 474 462
3 463 474 475
3 463 469 462
3 446 444 457
3 446 450 451
3 446 450 444
3 446 476 457
3 446 476 462
3 446 474 462
3 446 454 474
3 446 447 451
3 446 447 455
3 446 454 455
3 512 501 513
3 512 500 508
3 512 501 508
3 512 493 513
3 512 493 492
3 485 493 513
3 485 518 499
3 485 501 513
3 485 518 501
3 516 512 492
3 516 484 492
3 516 497 484
3 516 512 500
3 509 500 508
3 509 516 500
3 509 516 502
3 490 497 484
3 490 486 491
3 490 486 497
3 490 484 492
3 490 493 492
3 490 485 493
3 490 485 499
3 490 487 499
3 490 487 491
3 503 487 499
3 503 518 499
3 503 495 515
3 503 487 495
3 503 501 508
3 503 518 501
3 503 509 508
3 503 509 502
3 503 514 515
3 503 514 502
3 494 486 491
3 494 487 495
3 494 487 491
3 494 516 497
3 494 486 497
3 494 516 502
3 494 514 502
3 494 495 515
3 494 514 515
3 552 541 553
3 552 540 548
3 552 541 548
3 552 533 553
3 552 533 532
3 530 537 524
3 530 526 531
3 530 526 537
3 556 552 532
3 556 524 532
3 556 537 524
3 556 552 540
3 527 535 555
3 527 558 539
3 527 543 555
3 527 543 558
3 525 533 553
3 525 558 539
3 525 541 553
3 525 558 541
3 525 524 532
3 525 533 532
3 525 530 524
3 525 530 531
3 525 527 539
3 525 527 531
3 549 540 548
3 549 556 540
3 549 556 542
3 549 541 548
3 549 558 541
3 549 543 558
3 549 543 555
3 549 554 555
3 549 554 542
3 534 526 531
3 534 527 535
3 534 527 531
3 534 556 537
3 534 526 537
3 534 556 542
3 534 554 542
3 534 535 555
3 534 554 555
3 592 581 593
3 592 580 588
3 592 581 588
3 592 573 593
3 592 573 572
3 570 577 564
3 570 566 571
3 570 566 577
3 596 592 572
3 596 564 572
3 596 577 564
3 596 592 580
3 567 575 595
3 567 598 579
3 567 583 595
3 567 583 598
3 565 573 593
3 565 598 579
3 565 581 593
3 565 598 581
3 565 564 572
3 565 573 572
3 565 570 564
3 565 570 571
3 565 567 579
3 565 567 571
3 589 580 588
3 589 596 580
3 589 596 582
3 589 581 588
3 589 598 581
3 589 583 598
3 589 583 595
3 589 594 595
3 589 594 582
3 574 566 571
3 574 567 575
3 574 567 571
3 574 596 577
3 574 566 577
3 574 596 582
3 574 594 582
3 574 575 595
3 574 594 595
3 632 621 633
3 632 620 628
3 632 621 628
3 632 613 633
3 632 613 612
3 605 613 633
3 605 638 619
3 605 621 633
3 605 638 621
3 636 632 612
3 636 604 612
3 636 617 604
3 636 632 620
3 607 615 635
3 607 638 619
3 607 623 635
3 607 623 638
3 610 617 604
3 610 606 611
3 610 606 617
3 610 604 612
3 610 613 612
3 610 605 613
3 610 605 619
3 610 607 619
3 610 607 611
3 629 620 628
3 629 636 620
3 629 636 622
3 629 621 628
3 629 638 621
3 629 623 638
3 629 623 635
3 629 634 635
3 629 634 622
3 614 606 611
3 614 607 615
3 614 607 611
3 614 636 617
3 614 606 617
3 614 636 622
3 614 634 622
3 614 615 635
3 614 634 635
3 672 661 673
3 672 660 668
3 672 661 668
3 653 672 652
3 653 672 673
3 650 653 652
3 650 653 645
3 650 644 652
3 678 653 673
3 678 661 673
3 678 659 645
3 678 653 645
3 647 659 645
3 647 650 645
3 647 650 651
3 676 644 652
3 676 672 652
3 676 672 660
3 676 644 657
3 663 647 659
3 663 678 659
3 663 655 675
3 663 647 655
3 654 655 675
3 654 674 675
3 669 660 668
3 669 676 662
3 669 676 660
3 669 661 668
3 669 678 661
3 669 663 678
3 669 674 662
3 669 663 675
3 669 674 675
3 646 644 657
3 646 650 651
3 646 650 644
3 646 676 657
3 646 676 662
3 646 674 662
3 646 654 674
3 646 647 651
3 646 647 655
3 646 654 655
3 712 701 713
3 712 700 708
3 712 701 708
3 712 693 713
3 712 693 692
3 685 693 713
3 685 718 699
3 685 701 713
3 685 718 701
3 716 712 692
3 716 684 692
3 716 697 684
3 716 712 700
3 687 695 715
3 687 718 699
3 687 703 715
3 687 703 718
3 690 697 684
3 690 686 691
3 690 686 697
3 690 684 692
3 690 693 692
3 690 685 693
3 690 685 699
3 690 687 699
3 690 687 691
3 709 700 708
3 709 716 700
3 709 716 702
3 709 701 708
3 709 718 701
3 709 703 718
3 709 703 715
3 709 714 715
3 709 714 702
3 694 686 691
3 694 687 695
3 694 687 691
3 694 716 697
3 694 686 697
3 694 716 702
3 694 714 702
3 694 695 715
3 694 714 715
3 752 741 753
3 752 740 748
3 752 741 748
3 733 752 732
3 733 752 753
3 730 733 732
3 730 733 725
3 730 724 732
3 758 733 753
3 758 741 753
3 758 739 725
3 758 733 725
3 727 739 725
3 727 730 725
3 727 730 731
3 756 724 732
3 756 752 732
3 756 752 740
3 756 724 737
3 743 727 739
3 743 758 739
3 743 735 755
3 743 727 735
3 734 735 755
3 734 754 755
3 749 740 748
3 749 756 742
3 749 756 740
3 749 741 748
3 749 758 741
3 749 743 758
3 749 754 742
3 749 743 755
3 749 754 755
3 726 724 737
3 726 730 731
3 726 730 724
3 726 756 737
3 726 756 742
3 726 754 742
3 726 734 754
3 726 727 731
3 726 727 735
3 726 734 735
3 792 781 793
3 792 780 788
3 792 781 788
3 773 792 772
3 773 792 793
3 770 773 772
3 770 773 765
3 770 764 772
3 798 773 793
3 798 781 793
3 798 779 765
3 798 773 765
3 767 779 765
3 767 770 765
3 767 770 771
3 796 764 772
3 796 792 772
3 796 792 780
3 796 764 777
3 783 767 779
3 783 798 779
3 783 775 795
3 783 767 775
3 774 775 795
3 774 794 795
3 789 780 788
3 789 796 782
3 789 796 780
3 789 781 788
3 789 798 781
3 789 783 798
3 789 794 782
3 789 783 795
3 789 794 795
3 766 764 777
3 766 770 771
3 766 770 764
3 766 796 777
3 766 796 782
3 766 794 782
3 766 774 794
3 766 767 771
3 766 767 775
3 766 774 775
3 800 836 820
3 800 836 816
3 822 836 816
3 822 802 816
3 828 836 820
3 828 822 829
3 828 822 836
3 823 822 834
3 823 835 834
3 823 822 829
3 814 835 834
3 814 835 815
3 814 822 834
3 814 822 802
3 811 814 815
3 811 807 815
3 811 814 806
3 827 823 838
3 827 839 838
3 827 823 835
3 827 807 815
3 827 835 815
3 827 819 807
3 827 819 839
3 821 832 833
3 821 832 820
3 821 828 820
3 821 828 829
3 821 823 829
3 821 823 838
3 821 839 838
3 821 825 833
3 821 825 839
3 812 800 820
3 812 832 820
3 812 832 833
3 812 813 833
3 817 802 816
3 817 814 806
3 817 814 802
3 817 811 806
3 817 804 810
3 817 811 810
3 817 800 816
3 817 812 800
3 817 812 804
3 805 804 810
3 805 812 804
3 805 812 813
3 805 825 833
3 805 813 833
3 805 811 807
3 805 811 810
3 805 819 807
3 805 825 839
3 805 819 839
3 840 876 860
3 840 876 856
3 862 876 856
3 862 842 856
3 868 876 860
3 868 862 869
3 868 862 876
3 852 840 860
3 852 872 860
3 852 872 873
3 852 853 873
3 863 862 874
3 863 875 874
3 863 862 869
3 854 875 874
3 854 875 855
3 854 862 874
3 854 862 842
3 851 854 855
3 851 847 855
3 851 854 846
3 867 863 878
3 867 879 878
3 867 863 875
3 867 847 855
3 867 875 855
3 867 859 847
3 867 859 879
3 861 872 873
3 861 872 860
3 861 868 860
3 861 868 869
3 861 863 869
3 861 863 878
3 861 879 878
3 861 865 873
3 861 865 879
3 857 842 856
3 857 854 842
3 857 854 846
3 845 853 873
3 845 865 873
3 845 851 847
3 845 851 850
3 845 859 847
3 845 865 879
3 845 859 879
3 844 851 850
3 844 851 846
3 844 857 846
3 844 840 856
3 844 852 840
3 844 857 856
3 844 852 853
3 844 845 850
3 844 845 853
3 880 916 900
3 880 916 896
3 902 916 896
3 902 882 896
3 908 916 900
3 908 902 909
3 908 902 916
3 892 880 900
3 892 912 900
3 892 912 913
3 892 893 913
3 903 902 914
3 903 915 914
3 903 902 909
3 894 915 914
3 894 915 895
3 894 902 914
3 894 902 882
3 891 894 895
3 891 887 895
3 891 894 886
3 901 912 913
3 901 912 900
3 901 908 900
3 901 908 909
3 901 903 909
3 901 903 918
3 901 919 918
3 901 919 905
3 901 905 913
3 897 882 896
3 897 894 882
3 897 894 886
3 885 891 887
3 885 891 890
3 885 899 887
3 885 919 905
3 885 919 899
3 885 893 913
3 885 905 913
3 907 903 915
3 907 903 918
3 907 919 918
3 907 887 895
3 907 915 895
3 907 899 887
3 907 919 899
3 884 891 890
3 884 891 886
3 884 897 886
3 884 880 896
3 884 892 880
3 884 897 896
3 884 892 893
3 884 885 890
3 884 885 893
3 952 941 953
3 952 940 948
3 952 941 948
3 952 933 953
3 952 933 932
3 930 937 924
3 930 926 931
3 930 926 937
3 956 952 932
3 956 924 932
3 956 937 924
3 956 952 940
3 927 935 955
3 927 958 939
3 927 943 955
3 927 943 958
3 925 933 953
3 925 958 939
3 925 941 953
3 925 958 941
3 925 924 932
3 925 933 932
3 925 930 924
3 925 930 931
3 925 927 939
3 925 927 931
3 949 940 948
3 949 956 940
3 949 956 942
3 949 941 948
3 949 958 941
3 949 943 958
3 949 943 955
3 949 954 955
3 949 954 942
3 934 926 931
3 934 927 935
3 934 927 931
3 934 956 937
3 934 926 937
3 934 956 942
3 934 954 942
3 934 935 955
3 934 954 955
3 992 981 993
3 992 980 988
3 992 981 988
3 992 973 993
3 992 973 972
3 965 973 993
3 965 998 979
3 965 981 993
3 965 998 981
3 996 992 972
3 996 964 972
3 996 977 964
3 996 992 980
3 967 975 995
3 967 998 979
3 967 983 995
3 967 983 998
3 970 977 964
3 970 966 971
3 970 966 977
3 970 964 972
3 970 973 972
3 970 965 973
3 970 965 979
3 970 967 979
3 970 967 971
3 989 980 988
3 989 996 980
3 989 996 982
3 989 981 988
3 989 998 981
3 989 983 998
3 989 983 995
3 989 994 995
3 989 994 982
3 974 966 971
3 974 967 975
3 974 967 971
3 974 996 977
3 974 966 977
3 974 996 982
3 974 994 982
3 974 975 995
3 974 994 995
3 1032 1021 1033
3 1032 1020 1028
3 1032 1021 1028
3 1032 1013 1033
3 1032 1013 1012
3 1005 1013 1033
3 1005 1038 1019
3 1005 1021 1033
3 1005 1038 1021
3 1036 1032 1012
3 1036 1004 1012
3 1036 1017 1004
3 1036 1032 1020
3 1007 1015 1035
3 1007 1038 1019
3 1007 1023 1035
3 1007 1023 1038
3 1010 1017 1004
3 1010 1006 1011
3 1010 1006 1017
3 1010 1004 1012
3 1010 1013 1012
3 1010 1005 1013
3 1010 1005 1019
3 1010 1007 1019
3 1010 1007 1011
3 1029 1020 1028
3 1029 1036 1020
3 1029 1036 1022
3 1029 1021 1028
3 1029 1038 1021
3 1029 1023 1038
3 1029 1023 1035
3 1029 1034 1035
3 1029 1034 1022
3 1014 1006 1011
3 1014 1007 1015
3 1014 1007 1011
3 1014 1036 1017
3 1014 1006 1017
3 1014 1036 1022
3 1014 1034 1022
3 1014 1015 1035
3 1014 1034 1035
3 1072 1061 1073
3 1072 1060 1068
3 1072 1061 1068
3 1072 1053 1073
3 1072 1053 1052
3 1045 1053 1073
3 1045 1078 1059
3 1045 1061 1073
3 1045 1078 1061
3 1076 1072 1052
3 1076 1044 1052
3 1076 1057 1044
3 1076 1072 1060
3 1069 1060 1068
3 1069 1076 1060
3 1069 1076 1062
3 1050 1057 1044
3 1050 1046 1051
3 1050 1046 1057
3 1050 1044 1052
3 1050 1053 1052
3 1050 1045 1053
3 1050 1045 1059
3 1050 1047 1059
3 1050 1047 1051
3 1063 1047 1059
3 1063 1078 1059
3 1063 1055 1075
3 1063 1047 1055
3 1063 1061 1068
3 1063 1078 1061
3 1063 1069 1068
3 1063 1069 1062
3 1063 1074 1075
3 1063 1074 1062
3 1054 1046 1051
3 1054 1047 1055
3 1054 1047 1051
3 1054 1076 1057
3 1054 1046 1057
3 1054 1076 1062
3 1054 1074 1062
3 1054 1055 1075
3 1054 1074 1075
3 1112 1101 1113
3 1112 1100 1108
3 1112 1101 1108
3 1093 1112 1092
3 1093 1112 1113
3 1090 1093 1092
3 1090 1093 1085
3 1090 1084 1092
3 1118 1093 1113
3 1118 1101 1113
3 1118 1099 1085
3 1118 1093 1085
3 1087 1099 1085
3 1087 1090 1085
3 1087 1090 1091
3 1116 1084 1092
3 1116 1112 1092
3 1116 1112 1100
3 1116 1084 1097
3 1109 1100 1108
3 1109 1116 1102
3 1109 1116 1100
3 1094 1095 1115
3 1094 1114 1115
3 1103 1087 1099
3 1103 1118 1099
3 1103 1095 1115
3 1103 1087 1095
3 1103 1101 1108
3 1103 1118 1101
3 1103 1109 1108
3 1103 1114 1102
3 1103 1114 1115
3 1103 1109 1102
3 1086 1084 1097
3 1086 1090 1091
3 1086 1090 1084
3 1086 1116 1097
3 1086 1116 1102
3 1086 1114 1102
3 1086 1094 1114
3 1086 1087 1091
3 1086 1087 1095
3 1086 1094 1095
3 1152 1141 1153
3 1152 1140 1148
3 1152 1141 1148
3 1152 1133 1153
3 1152 1133 1132
3 1130 1137 1124
3 1130 1126 1131
3 1130 1126 1137
3 1156 1152 1132
3 1156 1124 1132
3 1156 1137 1124
3 1156 1152 1140
3 1149 1140 1148
3 1149 1156 1140
3 1149 1156 1142
3 1125 1133 1153
3 1125 1158 1139
3 1125 1141 1153
3 1125 1158 1141
3 1125 1124 1132
3 1125 1133 1132
3 1125 1130 1124
3 1125 1130 1131
3 1125 1127 1139
3 1125 1127 1131
3 1143 1127 1139
3 1143 1158 1139
3 1143 1135 1155
3 1143 1127 1135
3 1143 1141 1148
3 1143 1158 1141
3 1143 1149 1148
3 1143 1149 1142
3 1143 1154 1155
3 1143 1154 1142
3 1134 1126 1131
3 1134 1127 1135
3 1134 1127 1131
3 1134 1156 1137
3 1134 1126 1137
3 1134 1156 1142
3 1134 1154 1142
3 1134 1135 1155
3 1134 1154 1155
3 1192 1181 1193
3 1192 1180 1188
3 1192 1181 1188
3 1173 1192 1172
3 1173 1192 1193
3 1170 1173 1172
3 1170 1173 1165
3 1170 1164 1172
3 1198 1173 1193
3 1198 1181 1193
3 1198 1179 1165
3 1198 1173 1165
3 1167 1179 1165
3 1167 1170 1165
3 1167 1170 1171
3 1196 1164 1172
3 1196 1192 1172
3 1196 1192 1180
3 1196 1164 1177
3 1189 1180 1188
3 1189 1196 1182
3 1189 1196 1180
3 1174 1175 1195
3 1174 1194 1195
3 1183 1167 1179
3 1183 1198 1179
3 1183 1175 1195
3 1183 1167 1175
3 1183 1181 1188
3 1183 1198 1181
3 1183 1189 1188
3 1183 1194 1182
3 1183 1194 1195
3 1183 1189 1182
3 1166 1164 1177
3 1166 1170 1171
3 1166 1170 1164
3 1166 1196 1177
3 1166 1196 1182
3 1166 1194 1182
3 1166 1174 1194
3 1166 1167 1171
3 1166 1167 1175
3 1166 1174 1175
3 1232 1221 1233
3 1232 1220 1228
3 1232 1221 1228
3 1213 1232 1212
3 1213 1232 1233
3 1210 1213 1212
3 1210 1213 1205
3 1210 1204 1212
3 1238 1213 1233
3 1238 1221 1233
3 1238 1219 1205
3 1238 1213 1205
3 1207 1219 1205
3 1207 1210 1205
3 1207 1210 1211
3 1236 1204 1212
3 1236 1232 1212
3 1236 1232 1220
3 1236 1204 1217
3 1229 1220 1228
3 1229 1236 1222
3 1229 1236 1220
3 1214 1215 1235
3 1214 1234 1235
3 1223 1207 1219
3 1223 1238 1219
3 1223 1215 1235
3 1223 1207 1215
3 1223 1221 1228
3 1223 1238 1221
3 1223 1229 1228
3 1223 1234 1222
3 1223 1234 1235
3 1223 1229 1222
3 1206 1204 1217
3 1206 1210 1211
3 1206 1210 1204
3 1206 1236 1217
3 1206 1236 1222
3 1206 1234 1222
3 1206 1214 1234
3 1206 1207 1211
3 1206 1207 1215
3 1206 1214 1215
3 1272 1261 1273
3 1272 1260 1268
3 1272 1261 1268
3 1253 1272 1252
3 1253 1272 1273
3 1250 1253 1252
3 1250 1253 1245
3 1250 1244 1252
3 1278 1253 1273
3 1278 1261 1273
3 1278 1259 1245
3 1278 1253 1245
3 1247 1259 1245
3 1247 1250 1245
3 1247 1250 1251
3 1276 1244 1252
3 1276 1272 1252
3 1276 1272 1260
3 1276 1244 1257
3 1263 1247 1259
3 1263 1278 1259
3 1263 1255 1275
3 1263 1247 1255
3 1254 1255 1275
3 1254 1274 1275
3 1269 1260 1268
3 1269 1276 1262
3 1269 1276 1260
3 1269 1261 1268
3 1269 1278 1261
3 1269 1263 1278
3 1269 1274 1262
3 1269 1263 1275
3 1269 1274 1275
3 1246 1244 1257
3 1246 1250 1251
3 1246 1250 1244
3 1246 1276 1257
3 1246 1276 1262
3 1246 1274 1262
3 1246 1254 1274
3 1246 1247 1251
3 1246 1247 1255
3 1246 1254 1255
3 1312 1301 1313
3 1312 1300 1308
3 1312 1301 1308
3 1293 1312 1292
3 1293 1312 1313
3 1290 1293 1292
3 1290 1293 1285
3 1290 1284 1292
3 1318 1293 1313
3 1318 1301 1313
3 1318 1299 1285
3 1318 1293 1285
3 1287 1299 1285
3 1287 1290 1285
3 1287 1290 1291
3 1316 1284 1292
3 1316 1312 1292
3 1316 1312 1300
3 1316 1284 1297
3 1303 1287 1299
3 1303 1318 1299
3 1303 1295 1315
3 1303 1287 1295
3 1294 1295 1315
3 1294 1314 1315
3 1309 1300 1308
3 1309 1316 1302
3 1309 1316 1300
3 1309 1301 1308
3 1309 1318 1301
3 1309 1303 1318
3 1309 1314 1302
3 1309 1303 1315
3 1309 1314 1315
3 1286 1284 1297
3 1286 1290 1291
3 1286 1290 1284
3 1286 1316 1297
3 1286 1316 1302
3 1286 1314 1302
3 1286 1294 1314
3 1286 1287 1291
3 1286 1287 1295
3 1286 1294 1295
3 1352 1341 1353
3 1352 1340 1348
3 1352 1341 1348
3 1333 1352 1332
3 1333 1352 1353
3 1330 1333 1332
3 1330 1333 1325
3 1330 1324 1332
3 1358 1333 1353
3 1358 1341 1353
3 1358 1339 1325
3 1358 1333 1325
3 1327 1339 1325
3 1327 1330 1325
3 1327 1330 1331
3 1356 1324 1332
3 1356 1352 1332
3 1356 1352 1340
3 1356 1324 1337
3 1343 1327 1339
3 1343 1358 1339
3 1343 1335 1355
3 1343 1327 1335
3 1334 1335 1355
3 1334 1354 1355
3 1349 1340 1348
3 1349 1356 1342
3 1349 1356 1340
3 1349 1341 1348
3 1349 1358 1341
3 1349 1343 1358
3 1349 1354 1342
3 1349 1343 1355
3 1349 1354 1355
3 1326 1324 1337
3 1326 1330 1331
3 1326 1330 1324
3 1326 1356 1337
3 1326 1356 1342
3 1326 1354 1342
3 1326 1334 1354
3 1326 1327 1331
3 1326 1327 1335
3 1326 1334 1335
3 1392 1381 1393
3 1392 1380 1388
3 1392 1381 1388
3 1373 1392 1372
3 1373 1392 1393
3 1364 1373 1372
3 1364 1373 1365
3 1364 1370 1365
3 1398 1373 1393
3 1398 1381 1393
3 1398 1379 1365
3 1398 1373 1365
3 1367 1379 1365
3 1367 1370 1371
3 1367 1370 1365
3 1396 1364 1372
3 1396 1392 1372
3 1396 1392 1380
3 1396 1364 1377
3 1383 1367 1379
3 1383 1398 1379
3 1383 1375 1395
3 1383 1367 1375
3 1374 1375 1395
3 1374 1394 1395
3 1389 1380 1388
3 1389 1396 1382
3 1389 1396 1380
3 1389 1381 1388
3 1389 1398 1381
3 1389 1383 1398
3 1389 1394 1382
3 1389 1383 1395
3 1389 1394 1395
3 1366 1370 1371
3 1366 1364 1370
3 1366 1364 1377
3 1366 1396 1377
3 1366 1396 1382
3 1366 1394 1382
3 1366 1374 1394
3 1366 1367 1371
3 1366 1367 1375
3 1366 1374 1375
3 1432 1421 1433
3 1432 1420 1428
3 1432 1421 1428
3 1413 1432 1412
3 1413 1432 1433
3 1410 1413 1412
3 1410 1413 1405
3 1410 1404 1412
3 1438 1413 1433
3 1438 1421 1433
3 1438 1419 1405
3 1438 1413 1405
3 1407 1419 1405
3 1407 1410 1405
3 1407 1410 1411
3 1436 1404 1412
3 1436 1432 1412
3 1436 1432 1420
3 1436 1404 1417
3 1423 1407 1419
3 1423 1438 1419
3 1423 1415 1435
3 1423 1407 1415
3 1414 1415 1435
3 1414 1434 1435
3 1429 1420 1428
3 1429 1436 1422
3 1429 1436 1420
3 1429 1421 1428
3 1429 1438 1421
3 1429 1423 1438
3 1429 1434 1422
3 1429 1423 1435
3 1429 1434 1435
3 1406 1404 1417
3 1406 1410 1411
3 1406 1410 1404
3 1406 1436 1417
3 1406 1436 1422
3 1406 1434 1422
3 1406 1414 1434
3 1406 1407 1411
3 1406 1407 1415
3 1406 1414 1415
3 1472 1461 1473
3 1472 1460 1468
3 1472 1461 1468
3 1472 1453 1473
3 1472 1453 1452
3 1450 1457 1444
3 1450 1446 1451
3 1450 1446 1457
3 1476 1472 1452
3 1476 1444 1452
3 1476 1457 1444
3 1476 1472 1460
3 1447 1455 1475
3 1447 1478 1459
3 1447 1463 1475
3 1447 1463 1478
3 1445 1453 1473
3 1445 1478 1459
3 1445 1461 1473
3 1445 1478 1461
3 1445 1444 1452
3 1445 1453 1452
3 1445 1450 1444
3 1445 1450 1451
3 1445 1447 1459
3 1445 1447 1451
3 1469 1460 1468
3 1469 1476 1460
3 1469 1476 1462
3 1469 1461 1468
3 1469 1478 1461
3 1469 1463 1478
3 1469 1463 1475
3 1469 1474 1475
3 1469 1474 1462
3 1454 1446 1451
3 1454 1447 1455
3 1454 1447 1451
3 1454 1476 1457
3 1454 1446 1457
3 1454 1476 1462
3 1454 1474 1462
3 1454 1455 1475
3 1454 1474 1475
3 1512 1501 1513
3 1512 1500 1508
3 1512 1501 1508
3 1512 1493 1513
3 1512 1493 1492
3 1485 1493 1513
3 1485 1518 1499
3 1485 1501 1513
3 1485 1518 1501
3 1516 1512 1492
3 1516 1484 1492
3 1516 1497 1484
3 1516 1512 1500
3 1509 1500 1508
3 1509 1516 1500
3 1509 1516 1502
3 1490 1497 1484
3 1490 1486 1491
3 1490 1486 1497
3 1490 1484 1492
3 1490 1493 1492
3 1490 1485 1493
3 1490 1485 1499
3 1490 1487 1499
3 1490 1487 1491
3 1503 1487 1499
3 1503 1518 1499
3 1503 1495 1515
3 1503 1487 1495
3 1503 1501 1508
3 1503 1518 1501
3 1503 1509 1508
3 1503 1509 1502
3 1503 1514 1515
3 1503 1514 1502
3 1494 1486 1491
3 1494 1487 1495
3 1494 1487 1491
3 1494 1516 1497
3 1494 1486 1497
3 1494 1516 1502
3 1494 1514 1502
3 1494 1495 1515
3 1494 1514 1515
3 1552 1541 1553
3 1552 1540 1548
3 1552 1541 1548
3 1552 1533 1553
3 1552 1533 1532
3 1530 1537 1524
3 1530 1526 1531
3 1530 1526 1537
3 1556 1552 1532
3 1556 1524 1532
3 1556 1537 1524
3 1556 1552 1540
3 1527 1535 1555
3 1527 1558 1539
3 1527 1543 1555
3 1527 1543 1558
3 1525 1533 1553
3 1525 1558 1539
3 1525 1541 1553
3 1525 1558 1541
3 1525 1524 1532
3 1525 1533 1532
3 1525 1530 1524
3 1525 1530 1531
3 1525 1527 1539
3 1525 1527 1531
3 1549 1540 1548
3 1549 1556 1540
3 1549 1556 1542
3 1549 1541 1548
3 1549 1558 1541
3 1549 1543 1558
3 1549 1543 1555
3 1549 1554 1555
3 1549 1554 1542
3 1534 1526 1531
3 1534 1527 1535
3 1534 1527 1531
3 1534 1556 1537
3 1534 1526 1537
3 1534 1556 1542
3 1534 1554 1542
3 1534 1535 1555
3 1534 1554 1555
3 1592 1581 1593
3 1592 1580 1588
3 1592 1581 1588
3 1592 1573 1593
3 1592 1573 1572
3 1570 1577 1564
3 1570 1566 1571
3 1570 1566 1577
3 1596 1592 1572
3 1596 1564 1572
3 1596 1577 1564
3 1596 1592 1580
3 1567 1575 1595
3 1567 1598 1579
3 1567 1583 1595
3 1567 1583 1598
3 1565 1573 1593
3 1565 1598 1579
3 1565 1581 1593
3 1565 1598 1581
3 1565 1564 1572
3 1565 1573 1572
3 1565 1570 1564
3 1565 1570 1571
3 1565 1567 1579
3 1565 1567 1571
3 1589 1580 1588
3 1589 1596 1580
3 1589 1596 1582
3 1589 1581 1588
3 1589 1598 1581
3 1589 1583 1598
3 1589 1583 1595
3 1589 1594 1595
3 1589 1594 1582
3 1574 1566 1571
3 1574 1567 1575
3 1574 1567 1571
3 1574 1596 1577
3 1574 1566 1577
3 1574 1596 1582
3 1574 1594 1582
3 1574 1575 1595
3 1574 1594 1595
3 1600 1636 1620
3 1600 1636 1616
3 1622 1636 1616
3 1622 1602 1616
3 1628 1636 1620
3 1628 1622 1629
3 1628 1622 1636
3 1623 1622 1634
3 1623 1635 1634
3 1623 1622 1629
3 1614 1635 1634
3 1614 1635 1615
3 1614 1622 1634
3 1614 1622 1602
3 1611 1614 1615
3 1611 1607 1615
3 1611 1614 1606
3 1605 1613 1633
3 1605 1625 1633
3 1621 1632 1633
3 1621 1632 1620
3 1621 1628 1620
3 1621 1628 1629
3 1621 1623 1629
3 1621 1623 1638
3 1621 1625 1633
3 1621 1639 1638
3 1621 1639 1625
3 1612 1604 1610
3 1612 1605 1610
3 1612 1605 1613
3 1612 1600 1620
3 1612 1632 1620
3 1612 1632 1633
3 1612 1613 1633
3 1617 1602 1616
3 1617 1614 1606
3 1617 1614 1602
3 1617 1611 1606
3 1617 1604 1610
3 1617 1611 1610
3 1617 1600 1616
3 1617 1612 1604
3 1617 1612 1600
3 1627 1623 1635
3 1627 1623 1638
3 1627 1639 1638
3 1627 1607 1615
3 1627 1635 1615
3 1619 1611 1607
3 1619 1611 1610
3 1619 1605 1610
3 1619 1627 1639
3 1619 1627 1607
3 1619 1605 1625
3 1619 1639 1625
3 1640 1676 1660
3 1640 1676 1656
3 1662 1676 1656
3 1662 1642 1656
3 1668 1676 1660
3 1668 1662 1669
3 1668 1662 1676
3 1672 1640 1660
3 1672 1652 1640
3 1653 1672 1673
3 1653 1672 1652
3 1663 1662 1674
3 1663 1675 1674
3 1663 1662 1669
3 1654 1675 1674
3 1654 1675 1655
3 1654 1662 1674
3 1654 1662 1642
3 1651 1654 1655
3 1651 1647 1655
3 1651 1654 1646
3 1667 1663 1678
3 1667 1679 1678
3 1667 1663 1675
3 1667 1647 1655
3 1667 1675 1655
3 1667 1659 1647
3 1667 1659 1679
3 1661 1668 1660
3 1661 1672 1660
3 1661 1672 1673
3 1661 1668 1669
3 1661 1663 1669
3 1661 1663 1678
3 1661 1679 1678
3 1661 1665 1673
3 1661 1665 1679
3 1657 1654 1642
3 1657 1642 1656
3 1657 1654 1646
3 1657 1640 1656
3 1657 1652 1640
3 1657 1644 1652
3 1657 1651 1646
3 1657 1644 1650
3 1657 1651 1650
3 1645 1653 1652
3 1645 1644 1650
3 1645 1644 1652
3 1645 1653 1673
3 1645 1665 1673
3 1645 1651 1647
3 1645 1651 1650
3 1645 1659 1647
3 1645 1665 1679
3 1645 1659 1679
3 1712 1705 1710
3 1712 1704 1710
3 1712 1705 1713
3 1693 1680 1692
3 1693 1680 1688
3 1693 1681 1688
3 1693 1712 1692
3 1693 1712 1713
3 1717 1680 1696
3 1717 1680 1692
3 1717 1712 1692
3 1717 1712 1704
3 1694 1717 1696
3 1694 1706 1714
3 1694 1717 1706
3 1694 1682 1696
3 1689 1680 1696
3 1689 1680 1688
3 1689 1682 1696
3 1719 1693 1681
3 1719 1681 1698
3 1719 1705 1713
3 1719 1693 1713
3 1715 1694 1714
3 1715 1694 1695
3 1711 1717 1704
3 1711 1704 1710
3 1711 1717 1706
3 1711 1705 1710
3 1711 1719 1707
3 1711 1719 1705
3 1711 1706 1714
3 1711 1715 1714
3 1711 1715 1707
3 1683 1681 1688
3 1683 1681 1698
3 1683 1689 1688
3 1683 1694 1682
3 1683 1689 1682
3 1683 1694 1695
3 1683 1719 1698
3 1683 1715 1695
3 1683 1719 1707
3 1683 1715 1707
3 1740 1720 1728
3 1740 1728 1748
3 1759 1739 1738
3 1759 1738 1758
3 1726 1722 1736
3 1726 1737 1736
3 1726 1722 1734
3 1726 1724 1730
3 1726 1731 1730
3 1726 1724 1737
3 1727 1726 1731
3 1727 1735 1734
3 1727 1726 1734
3 1749 1741 1758
3 1749 1741 1748
3 1749 1743 1758
3 1744 1724 1737
3 1744 1737 1757
3 1756 1740 1752
3 1756 1744 1757
3 1756 1744 1752
3 1756 1737 1736
3 1756 1737 1757
3 1756 1720 1736
3 1756 1740 1720
3 1747 1727 1731
3 1747 1731 1751
3 1747 1759 1739
3 1747 1727 1739
3 1729 1728 1748
3 1729 1749 1748
3 1729 1720 1736
3 1729 1722 1736
3 1729 1720 1728
3 1753 1741 1748
3 1753 1740 1752
3 1753 1740 1748
3 1753 1741 1758
3 1753 1759 1758
3 1753 1745 1759
3 1750 1745 1759
3 1750 1747 1751
3 1750 1747 1759
3 1750 1744 1752
3 1750 1753 1745
3 1750 1753 1752
3 1750 1731 1730
3 1750 1731 1751
3 1750 1724 1730
3 1750 1744 1724
3 1723 1743 1758
3 1723 1738 1758
3 1723 1749 1743
3 1723 1729 1749
3 1723 1727 1739
3 1723 1739 1738
3 1723 1727 1735
3 1723 1722 1734
3 1723 1735 1734
3 1723 1729 1722
3 1765 1764 1772
3 1765 1773 1772
3 1765 1764 1770
3 1765 1761 1778
3 1765 1779 1778
3 1765 1761 1773
3 1760 1773 1772
3 1760 1761 1768
3 1760 1761 1773
3 1784 1764 1770
3 1784 1790 1770
3 1784 1764 1777
3 1784 1797 1777
3 1798 1779 1778
3 1798 1779 1799
3 1788 1760 1768
3 1788 1760 1780
3 1788 1769 1768
3 1788 1769 1789
3 1782 1797 1796
3 1782 1786 1794
3 1782 1786 1797
3 1782 1788 1789
3 1782 1780 1796
3 1782 1788 1780
3 1776 1764 1772
3 1776 1760 1772
3 1776 1764 1777
3 1776 1797 1777
3 1776 1797 1796
3 1776 1760 1780
3 1776 1780 1796
3 1767 1765 1779
3 1767 1765 1770
3 1767 1771 1770
3 1767 1779 1799
3 1767 1787 1799
3 1791 1784 1797
3 1791 1784 1790
3 1791 1786 1797
3 1791 1790 1770
3 1791 1771 1770
3 1791 1767 1771
3 1791 1767 1787
3 1763 1761 1768
3 1763 1761 1778
3 1763 1769 1768
3 1763 1798 1778
3 1763 1783 1798
3 1763 1769 1789
3 1763 1783 1789
3 1795 1786 1794
3 1795 1791 1787
3 1795 1791 1786
3 1795 1782 1789
3 1795 1782 1794
3 1795 1783 1789
3 1795 1798 1799
3 1795 1787 1799
3 1795 1783 1798
3 1809 1800 1816
3 1809 1802 1816
3 1809 1800 1808
3 1836 1817 1816
3 1836 1817 1837
3 1839 1819 1818
3 1839 1818 1838
3 1806 1802 1816
3 1806 1817 1816
3 1806 1802 1814
3 1806 1804 1810
3 1806 1811 1810
3 1806 1804 1817
3 1807 1815 1814
3 1807 1806 1811
3 1807 1806 1814
3 1803 1802 1814
3 1803 1809 1802
3 1803 1815 1814
3 1803 1819 1818
3 1803 1807 1815
3 1803 1807 1819
3 1803 1818 1838
3 1803 1823 1838
3 1824 1817 1837
3 1824 1804 1817
3 1820 1836 1837
3 1820 1824 1837
3 1820 1824 1832
3 1820 1800 1808
3 1820 1808 1828
3 1820 1800 1816
3 1820 1836 1816
3 1827 1807 1811
3 1827 1811 1831
3 1827 1839 1819
3 1827 1807 1819
3 1829 1821 1828
3 1829 1821 1838
3 1829 1823 1838
3 1829 1809 1808
3 1829 1808 1828
3 1829 1803 1809
3 1829 1803 1823
3 1833 1821 1828
3 1833 1820 1832
3 1833 1820 1828
3 1833 1839 1838
3 1833 1821 1838
3 1833 1825 1839
3 1830 1825 1839
3 1830 1827 1831
3 1830 1827 1839
3 1830 1824 1832
3 1830 1833 1825
3 1830 1833 1832
3 1830 1811 1810
3 1830 1811 1831
3 1830 1804 1810
3 1830 1824 1804
3 1845 1844 1852
3 1845 1853 1852
3 1845 1844 1850
3 1845 1841 1858
3 1845 1859 1858
3 1845 1841 1853
3 1856 1877 1876
3 1856 1877 1857
3 1864 1844 1850
3 1864 1870 1850
3 1864 1844 1857
3 1864 1877 1857
3 1867 1847 1859
3 1867 1859 1879
3 1878 1859 1858
3 1878 1859 1879
3 1862 1877 1876
3 1862 1866 1874
3 1862 1866 1877
3 1862 1868 1860
3 1862 1860 1876
3 1862 1868 1869
3 1840 1853 1852
3 1840 1841 1848
3 1840 1841 1853
3 1840 1844 1852
3 1840 1844 1857
3 1840 1856 1857
3 1840 1868 1860
3 1840 1868 1848
3 1840 1856 1876
3 1840 1860 1876
3 1851 1845 1859
3 1851 1845 1850
3 1851 1847 1859
3 1849 1841 1848
3 1849 1841 1858
3 1849 1843 1858
3 1849 1868 1869
3 1849 1868 1848
3 1863 1849 1843
3 1863 1849 1869
3 1863 1843 1858
3 1863 1878 1858
3 1871 1870 1850
3 1871 1851 1850
3 1871 1867 1847
3 1871 1851 1847
3 1871 1866 1877
3 1871 1864 1870
3 1871 1864 1877
3 1875 1862 1869
3 1875 1862 1874
3 1875 1863 1869
3 1875 1867 1879
3 1875 1878 1879
3 1875 1863 1878
3 1875 1866 1874
3 1875 1871 1866
3 1875 1871 1867
3 1880 1916 1900
3 1880 1916 1896
3 1902 1916 1896
3 1902 1882 1896
3 1903 1902 1914
3 1903 1915 1914
3 1903 1902 1909
3 1894 1915 1914
3 1894 1915 1895
3 1894 1902 1914
3 1894 1902 1882
3 1891 1894 1895
3 1891 1887 1895
3 1891 1894 1886
3 1905 1901 1918
3 1905 1919 1918
3 1905 1901 1913
3 1907 1919 1918
3 1907 1903 1918
3 1907 1903 1915
3 1907 1887 1895
3 1907 1915 1895
3 1907 1899 1887
3 1907 1899 1919
3 1908 1916 1900
3 1908 1902 1909
3 1908 1902 1916
3 1908 1901 1913
3 1908 1912 1900
3 1908 1912 1913
3 1908 1901 1918
3 1908 1903 1909
3 1908 1903 1918
3 1892 1880 1900
3 1892 1912 1900
3 1892 1912 1913
3 1892 1893 1913
3 1897 1882 1896
3 1897 1894 1886
3 1897 1894 1882
3 1897 1891 1886
3 1897 1884 1890
3 1897 1891 1890
3 1897 1880 1896
3 1897 1892 1880
3 1897 1892 1884
3 1885 1884 1890
3 1885 1892 1884
3 1885 1892 1893
3 1885 1905 1913
3 1885 1893 1913
3 1885 1891 1887
3 1885 1891 1890
3 1885 1899 1887
3 1885 1905 1919
3 1885 1899 1919
3 1920 1956 1940
3 1920 1956 1936
3 1942 1956 1936
3 1942 1922 1936
3 1948 1956 1940
3 1948 1942 1949
3 1948 1942 1956
3 1943 1942 1954
3 1943 1955 1954
3 1943 1942 1949
3 1934 1955 1954
3 1934 1955 1935
3 1934 1942 1954
3 1934 1942 1922
3 1931 1934 1935
3 1931 1927 1935
3 1931 1934 1926
3 1947 1943 1958
3 1947 1959 1958
3 1947 1943 1955
3 1947 1927 1935
3 1947 1955 1935
3 1947 1939 1927
3 1947 1939 1959
3 1941 1952 1953
3 1941 1952 1940
3 1941 1948 1940
3 1941 1948 1949
3 1941 1943 1949
3 1941 1943 1958
3 1941 1959 1958
3 1941 1945 1953
3 1941 1945 1959
3 1932 1920 1940
3 1932 1952 1940
3 1932 1952 1953
3 1932 1933 1953
3 1937 1922 1936
3 1937 1934 1926
3 1937 1934 1922
3 1937 1931 1926
3 1937 1924 1930
3 1937 1931 1930
3 1937 1920 1936
3 1937 1932 1920
3 1937 1932 1924
3 1925 1924 1930
3 1925 1932 1924
3 1925 1932 1933
3 1925 1945 1953
3 1925 1933 1953
3 1925 1931 1927
3 1925 1931 1930
3 1925 1939 1927
3 1925 1945 1959
3 1925 1939 1959
3 1960 1996 1980
3 1960 1996 1976
3 1982 1996 1976
3 1982 1962 1976
3 1972 1960 1980
3 1972 1992 1980
3 1972 1992 1993
3 1972 1973 1993
3 1983 1982 1994
3 1983 1995 1994
3 1983 1982 1989
3 1974 1995 1994
3 1974 1995 1975
3 1974 1982 1994
3 1974 1982 1962
3 1971 1974 1975
3 1971 1967 1975
3 1971 1974 1966
3 1985 1981 1998
3 1985 1999 1998
3 1985 1981 1993
3 1987 1999 1998
3 1987 1983 1998
3 1987 1983 1995
3 1987 1967 1975
3 1987 1995 1975
3 1987 1979 1967
3 1987 1979 1999
3 1988 1996 1980
3 1988 1982 1989
3 1988 1982 1996
3 1988 1981 1993
3 1988 1992 1980
3 1988 1992 1993
3 1988 1981 1998
3 1988 1983 1989
3 1988 1983 1998
3 1977 1962 1976
3 1977 1974 1962
3 1977 1974 1966
3 1965 1973 1993
3 1965 1985 1993
3 1965 1971 1967
3 1965 1971 1970
3 1965 1979 1967
3 1965 1985 1999
3 1965 1979 1999
3 1964 1971 1970
3 1964 1971 1966
3 1964 1977 1966
3 1964 1960 1976
3 1964 1972 1960
3 1964 1977 1976
3 1964 1972 1973
3 1964 1965 1970
3 1964 1965 1973
3 2000 2036 2020
3 2000 2036 2016
3 2022 2036 2016
3 2022 2002 2016
3 2028 2036 2020
3 2028 2022 2029
3 2028 2022 2036
3 2032 2000 2020
3 2032 2012 2000
3 2023 2022 2034
3 2023 2035 2034
3 2023 2022 2029
3 2014 2035 2034
3 2014 2035 2015
3 2014 2022 2034
3 2014 2022 2002
3 2011 2014 2015
3 2011 2007 2015
3 2011 2014 2006
3 2017 2014 2002
3 2017 2002 2016
3 2017 2014 2006
3 2005 2011 2007
3 2005 2011 2010
3 2005 2019 2007
3 2005 2039 2025
3 2005 2039 2019
3 2021 2028 2020
3 2021 2032 2020
3 2021 2032 2033
3 2021 2028 2029
3 2021 2023 2029
3 2021 2023 2038
3 2021 2025 2033
3 2021 2039 2038
3 2021 2039 2025
3 2004 2011 2006
3 2004 2011 2010
3 2004 2017 2006
3 2004 2000 2016
3 2004 2012 2000
3 2004 2017 2016
3 2027 2023 2035
3 2027 2023 2038
3 2027 2039 2038
3 2027 2007 2015
3 2027 2035 2015
3 2027 2019 2007
3 2027 2039 2019
3 2013 2005 2010
3 2013 2004 2012
3 2013 2004 2010
3 2013 2032 2012
3 2013 2032 2033
3 2013 2025 2033
3 2013 2005 2025
3 2040 2076 2060
3 2040 2076 2056
3 2062 2076 2056
3 2062 2042 2056
3 2072 2040 2060
3 2072 2052 2040
3 2063 2062 2074
3 2063 2075 2074
3 2063 2062 2069
3 2054 2075 2074
3 2054 2075 2055
3 2054 2062 2074
3 2054 2062 2042
3 2051 2054 2055
3 2051 2047 2055
3 2051 2054 2046
3 2079 2065 2073
3 2079 2061 2078
3 2079 2061 2073
3 2053 2072 2052
3 2053 2072 2073
3 2068 2076 2060
3 2068 2062 2069
3 2068 2062 2076
3 2068 2061 2073
3 2068 2072 2060
3 2068 2072 2073
3 2068 2061 2078
3 2068 2063 2069
3 2068 2063 2078
3 2057 2054 2042
3 2057 2042 2056
3 2057 2054 2046
3 2057 2040 2056
3 2057 2052 2040
3 2057 2044 2052
3 2057 2051 2046
3 2057 2051 2050
3 2057 2044 2050
3 2067 2063 2075
3 2067 2063 2078
3 2067 2079 2078
3 2067 2047 2055
3 2067 2075 2055
3 2067 2059 2047
3 2067 2079 2059
3 2045 2044 2050
3 2045 2044 2052
3 2045 2053 2052
3 2045 2065 2073
3 2045 2053 2073
3 2045 2051 2047
3 2045 2051 2050
3 2045 2059 2047
3 2045 2079 2065
3 2045 2079 2059
3 2112 2105 2110
3 2112 2104 2110
3 2112 2105 2113
3 2093 2080 2092
3 2093 2080 2088
3 2093 2081 2088
3 2093 2112 2092
3 2093 2112 2113
3 2117 2080 2096
3 2117 2080 2092
3 2117 2112 2092
3 2117 2112 2104
3 2119 2093 2081
3 2119 2081 2098
3 2119 2105 2113
3 2119 2093 2113
3 2094 2117 2096
3 2094 2106 2114
3 2094 2117 2106
3 2094 2082 2096
3 2115 2094 2114
3 2115 2094 2095
3 2089 2080 2096
3 2089 2080 2088
3 2089 2082 2096
3 2089 2081 2088
3 2089 2081 2098
3 2089 2083 2098
3 2089 2094 2082
3 2089 2083 2095
3 2089 2094 2095
3 2107 2119 2098
3 2107 2083 2098
3 2107 2083 2095
3 2107 2115 2095
3 2111 2117 2104
3 2111 2104 2110
3 2111 2117 2106
3 2111 2105 2110
3 2111 2119 2105
3 2111 2107 2119
3 2111 2106 2114
3 2111 2115 2114
3 2111 2107 2115
3 2120 2156 2140
3 2120 2156 2136
3 2142 2156 2136
3 2142 2122 2136
3 2148 2156 2140
3 2148 2142 2149
3 2148 2142 2156
3 2143 2142 2154
3 2143 2155 2154
3 2143 2142 2149
3 2134 2155 2154
3 2134 2155 2135
3 2134 2142 2154
3 2134 2142 2122
3 2131 2134 2135
3 2131 2127 2135
3 2131 2134 2126
3 2147 2143 2158
3 2147 2159 2158
3 2147 2143 2155
3 2147 2127 2135
3 2147 2155 2135
3 2147 2139 2127
3 2147 2139 2159
3 2141 2152 2153
3 2141 2152 2140
3 2141 2148 2140
3 2141 2148 2149
3 2141 2143 2149
3 2141 2143 2158
3 2141 2159 2158
3 2141 2145 2153
3 2141 2145 2159
3 2132 2120 2140
3 2132 2152 2140
3 2132 2152 2153
3 2132 2133 2153
3 2137 2122 2136
3 2137 2134 2126
3 2137 2134 2122
3 2137 2131 2126
3 2137 2124 2130
3 2137 2131 2130
3 2137 2120 2136
3 2137 2132 2120
3 2137 2132 2124
3 2125 2124 2130
3 2125 2132 2124
3 2125 2132 2133
3 2125 2145 2153
3 2125 2133 2153
3 2125 2131 2127
3 2125 2131 2130
3 2125 2139 2127
3 2125 2145 2159
3 2125 2139 2159
3 2160 2196 2180
3 2160 2196 2176
3 2182 2196 2176
3 2182 2162 2176
3 2183 2182 2194
3 2183 2195 2194
3 2183 2182 2189
3 2174 2195 2194
3 2174 2195 2175
3 2174 2182 2194
3 2174 2182 2162
3 2171 2174 2175
3 2171 2167 2175
3 2171 2174 2166
3 2185 2181 2198
3 2185 2199 2198
3 2185 2181 2193
3 2187 2199 2198
3 2187 2183 2198
3 2187 2183 2195
3 2187 2167 2175
3 2187 2195 2175
3 2187 2179 2167
3 2187 2179 2199
3 2188 2196 2180
3 2188 2182 2189
3 2188 2182 2196
3 2188 2181 2193
3 2188 2192 2180
3 2188 2192 2193
3 2188 2181 2198
3 2188 2183 2189
3 2188 2183 2198
3 2172 2160 2180
3 2172 2192 2180
3 2172 2192 2193
3 2172 2173 2193
3 2177 2162 2176
3 2177 2174 2166
3 2177 2174 2162
3 2177 2171 2166
3 2177 2164 2170
3 2177 2171 2170
3 2177 2160 2176
3 2177 2172 2160
3 2177 2172 2164
3 2165 2164 2170
3 2165 2172 2164
3 2165 2172 2173
3 2165 2185 2193
3 2165 2173 2193
3 2165 2171 2167
3 2165 2171 2170
3 2165 2179 2167
3 2165 2185 2199
3 2165 2179 2199
3 2200 2236 2220
3 2200 2236 2216
3 2222 2236 2216
3 2222 2202 2216
3 2228 2236 2220
3 2228 2222 2229
3 2228 2222 2236
3 2223 2222 2234
3 2223 2235 2234
3 2223 2222 2229
3 2214 2235 2234
3 2214 2235 2215
3 2214 2222 2234
3 2214 2222 2202
3 2211 2214 2215
3 2211 2207 2215
3 2211 2214 2206
3 2221 2232 2233
3 2221 2232 2220
3 2221 2228 2220
3 2221 2228 2229
3 2221 2223 2229
3 2221 2223 2238
3 2221 2239 2238
3 2221 2239 2225
3 2221 2225 2233
3 2212 2200 2220
3 2212 2232 2220
3 2212 2232 2233
3 2212 2213 2233
3 2217 2202 2216
3 2217 2214 2206
3 2217 2214 2202
3 2217 2211 2206
3 2217 2204 2210
3 2217 2211 2210
3 2217 2200 2216
3 2217 2212 2200
3 2217 2212 2204
3 2205 2211 2207
3 2205 2211 2210
3 2205 2219 2207
3 2205 2239 2225
3 2205 2239 2219
3 2205 2204 2210
3 2205 2212 2204
3 2205 2212 2213
3 2205 2225 2233
3 2205 2213 2233
3 2227 2223 2235
3 2227 2223 2238
3 2227 2239 2238
3 2227 2207 2215
3 2227 2235 2215
3 2227 2219 2207
3 2227 2239 2219
3 2240 2276 2260
3 2240 2276 2256
3 2262 2276 2256
3 2262 2242 2256
3 2268 2276 2260
3 2268 2262 2269
3 2268 2262 2276
3 2272 2240 2260
3 2272 2252 2240
3 2263 2262 2274
3 2263 2275 2274
3 2263 2262 2269
3 2254 2275 2274
3 2254 2275 2255
3 2254 2262 2274
3 2254 2262 2242
3 2251 2254 2255
3 2251 2247 2255
3 2251 2254 2246
3 2267 2247 2255
3 2267 2275 2255
3 2253 2272 2252
3 2253 2272 2273
3 2261 2268 2260
3 2261 2272 2260
3 2261 2272 2273
3 2261 2268 2269
3 2261 2263 2269
3 2261 2263 2278
3 2257 2254 2242
3 2257 2242 2256
3 2257 2254 2246
3 2257 2240 2256
3 2257 2252 2240
3 2257 2244 2252
3 2257 2251 2246
3 2257 2251 2250
3 2257 2244 2250
3 2279 2263 2275
3 2279 2263 2278
3 2279 2267 2275
3 2279 2261 2278
3 2279 2261 2273
3 2279 2265 2273
3 2279 2259 2247
3 2279 2267 2247
3 2245 2244 2250
3 2245 2244 2252
3 2245 2253 2252
3 2245 2253 2273
3 2245 2265 2273
3 2245 2251 2247
3 2245 2251 2250
3 2245 2259 2247
3 2245 2279 2265
3 2245 2279 2259
3 2280 2316 2300
3 2280 2316 2296
3 2302 2316 2296
3 2302 2282 2296
3 2308 2316 2300
3 2308 2302 2309
3 2308 2302 2316
3 2312 2280 2300
3 2312 2292 2280
3 2293 2312 2313
3 2293 2312 2292
3 2303 2302 2314
3 2303 2315 2314
3 2303 2302 2309
3 2294 2315 2314
3 2294 2315 2295
3 2294 2302 2314
3 2294 2302 2282
3 2291 2294 2295
3 2291 2287 2295
3 2291 2294 2286
3 2307 2303 2318
3 2307 2319 2318
3 2307 2303 2315
3 2307 2287 2295
3 2307 2315 2295
3 2307 2299 2287
3 2307 2299 2319
3 2301 2308 2300
3 2301 2312 2300
3 2301 2312 2313
3 2301 2308 2309
3 2301 2303 2309
3 2301 2303 2318
3 2301 2319 2318
3 2301 2305 2313
3 2301 2305 2319
3 2297 2294 2282
3 2297 2282 2296
3 2297 2294 2286
3 2297 2280 2296
3 2297 2292 2280
3 2297 2284 2292
3 2297 2291 2286
3 2297 2284 2290
3 2297 2291 2290
3 2285 2293 2292
3 2285 2284 2290
3 2285 2284 2292
3 2285 2293 2313
3 2285 2305 2313
3 2285 2291 2287
3 2285 2291 2290
3 2285 2299 2287
3 2285 2305 2319
3 2285 2299 2319
3 2352 2345 2350
3 2352 2344 2350
3 2352 2345 2353
3 2333 2320 2332
3 2333 2320 2328
3 2333 2321 2328
3 2333 2352 2332
3 2333 2352 2353
3 2357 2320 2336
3 2357 2320 2332
3 2357 2352 2332
3 2357 2352 2344
3 2359 2333 2321
3 2359 2321 2338
3 2359 2345 2353
3 2359 2333 2353
3 2334 2357 2336
3 2334 2346 2354
3 2334 2357 2346
3 2334 2322 2336
3 2355 2334 2354
3 2355 2334 2335
3 2329 2320 2336
3 2329 2320 2328
3 2329 2322 2336
3 2329 2321 2328
3 2329 2321 2338
3 2329 2323 2338
3 2329 2334 2322
3 2329 2323 2335
3 2329 2334 2335
3 2347 2359 2338
3 2347 2323 2338
3 2347 2323 2335
3 2347 2355 2335
3 2351 2357 2344
3 2351 2344 2350
3 2351 2357 2346
3 2351 2345 2350
3 2351 2359 2345
3 2351 2347 2359
3 2351 2346 2354
3 2351 2355 2354
3 2351 2347 2355
3 2369 2360 2376
3 2369 2362 2376
3 2369 2360 2368
3 2380 2360 2368
3 2380 2368 2388
3 2399 2379 2378
3 2399 2378 2398
3 2366 2362 2376
3 2366 2377 2376
3 2366 2362 2374
3 2366 2364 2370
3 2366 2371 2370
3 2366 2364 2377
3 2367 2375 2374
3 2367 2366 2371
3 2367 2366 2374
3 2363 2362 2374
3 2363 2369 2362
3 2363 2375 2374
3 2363 2379 2378
3 2363 2367 2375
3 2363 2367 2379
3 2363 2378 2398
3 2363 2383 2398
3 2384 2364 2377
3 2384 2377 2397
3 2396 2380 2392
3 2396 2384 2397
3 2396 2384 2392
3 2396 2377 2376
3 2396 2377 2397
3 2396 2360 2376
3 2396 2380 2360
3 2387 2367 2371
3 2387 2371 2391
3 2387 2399 2379
3 2387 2367 2379
3 2389 2381 2388
3 2389 2381 2398
3 2389 2383 2398
3 2389 2369 2368
3 2389 2368 2388
3 2389 2363 2369
3 2389 2363 2383
3 2393 2380 2392
3 2393 2381 2388
3 2393 2380 2388
3 2393 2399 2398
3 2393 2381 2398
3 2393 2385 2399
3 2390 2385 2399
3 2390 2387 2391
3 2390 2387 2399
3 2390 2384 2392
3 2390 2393 2385
3 2390 2393 2392
3 2390 2371 2370
3 2390 2371 2391
3 2390 2364 2370
3 2390 2384 2364
3 2405 2404 2412
3 2405 2413 2412
3 2405 2404 2410
3 2405 2401 2418
3 2405 2419 2418
3 2405 2401 2413
3 2400 2413 2412
3 2400 2401 2408
3 2400 2401 2413
3 2424 2404 2410
3 2424 2430 2410
3 2424 2404 2417
3 2424 2437 2417
3 2426 2424 2430
3 2426 2431 2430
3 2426 2424 2437
3 2438 2419 2418
3 2438 2419 2439
3 2428 2400 2408
3 2428 2400 2420
3 2428 2409 2408
3 2428 2409 2429
3 2422 2426 2437
3 2422 2426 2434
3 2422 2437 2436
3 2422 2428 2429
3 2422 2420 2436
3 2422 2428 2420
3 2416 2404 2412
3 2416 2400 2412
3 2416 2404 2417
3 2416 2437 2417
3 2416 2437 2436
3 2416 2400 2420
3 2416 2420 2436
3 2411 2430 2410
3 2411 2431 2430
3 2403 2401 2408
3 2403 2401 2418
3 2403 2409 2408
3 2435 2427 2431
3 2435 2426 2434
3 2435 2426 2431
3 2407 2405 2419
3 2407 2405 2410
3 2407 2411 2410
3 2407 2419 2439
3 2407 2427 2439
3 2407 2427 2431
3 2407 2411 2431
3 2423 2409 2429
3 2423 2403 2409
3 2423 2438 2418
3 2423 2403 2418
3 2423 2422 2429
3 2423 2422 2434
3 2423 2435 2434
3 2423 2438 2439
3 2423 2435 2427
3 2423 2427 2439
3 2449 2440 2456
3 2449 2442 2456
3 2449 2440 2448
3 2476 2457 2456
3 2476 2457 2477
3 2479 2459 2458
3 2479 2458 2478
3 2446 2442 2456
3 2446 2457 2456
3 2446 2442 2454
3 2446 2444 2450
3 2446 2451 2450
3 2446 2444 2457
3 2447 2455 2454
3 2447 2446 2451
3 2447 2446 2454
3 2443 2442 2454
3 2443 2449 2442
3 2443 2455 2454
3 2443 2459 2458
3 2443 2447 2455
3 2443 2447 2459
3 2443 2458 2478
3 2443 2463 2478
3 2464 2457 2477
3 2464 2444 2457
3 2460 2476 2477
3 2460 2464 2477
3 2460 2464 2472
3 2460 2440 2448
3 2460 2448 2468
3 2460 2440 2456
3 2460 2476 2456
3 2467 2447 2451
3 2467 2451 2471
3 2467 2479 2459
3 2467 2447 2459
3 2469 2461 2468
3 2469 2461 2478
3 2469 2463 2478
3 2469 2449 2448
3 2469 2448 2468
3 2469 2443 2449
3 2469 2443 2463
3 2473 2461 2468
3 2473 2460 2472
3 2473 2460 2468
3 2473 2479 2478
3 2473 2461 2478
3 2473 2465 2479
3 2470 2465 2479
3 2470 2467 2471
3 2470 2467 2479
3 2470 2464 2472
3 2470 2473 2465
3 2470 2473 2472
3 2470 2451 2450
3 2470 2451 2471
3 2470 2444 2450
3 2470 2464 2444
3 2485 2484 2492
3 2485 2493 2492
3 2485 2484 2490
3 2485 2481 2498
3 2485 2499 2498
3 2485 2481 2493
3 2496 2517 2516
3 2496 2517 2497
3 2504 2484 2490
3 2504 2510 2490
3 2504 2484 2497
3 2504 2517 2497
3 2506 2504 2510
3 2506 2511 2510
3 2506 2504 2517
3 2518 2499 2498
3 2518 2499 2519
3 2508 2489 2488
3 2508 2489 2509
3 2502 2517 2516
3 2502 2506 2517
3 2502 2506 2514
3 2502 2508 2509
3 2502 2500 2516
3 2502 2508 2500
3 2480 2493 2492
3 2480 2481 2488
3 2480 2481 2493
3 2480 2484 2492
3 2480 2484 2497
3 2480 2496 2497
3 2480 2508 2488
3 2480 2508 2500
3 2480 2496 2516
3 2480 2500 2516
3 2491 2510 2490
3 2491 2511 2510
3 2483 2481 2488
3 2483 2481 2498
3 2483 2489 2488
3 2515 2507 2511
3 2515 2506 2514
3 2515 2506 2511
3 2487 2485 2499
3 2487 2485 2490
3 2487 2491 2490
3 2487 2499 2519
3 2487 2507 2519
3 2487 2507 2511
3 2487 2491 2511
3 2503 2489 2509
3 2503 2483 2489
3 2503 2518 2498
3 2503 2483 2498
3 2503 2502 2509
3 2503 2502 2514
3 2503 2515 2514
3 2503 2518 2519
3 2503 2515 2507
3 2503 2507 2519
3 2520 2556 2540
3 2520 2556 2536
3 2542 2556 2536
3 2542 2522 2536
3 2548 2556 2540
3 2548 2542 2549
3 2548 2542 2556
3 2532 2520 2540
3 2532 2552 2540
3 2532 2552 2553
3 2532 2533 2553
3 2543 2542 2554
3 2543 2555 2554
3 2543 2542 2549
3 2534 2555 2554
3 2534 2555 2535
3 2534 2542 2554
3 2534 2542 2522
3 2531 2534 2535
3 2531 2527 2535
3 2531 2534 2526
3 2547 2543 2558
3 2547 2559 2558
3 2547 2543 2555
3 2547 2527 2535
3 2547 2555 2535
3 2547 2539 2527
3 2547 2539 2559
3 2541 2552 2553
3 2541 2552 2540
3 2541 2548 2540
3 2541 2548 2549
3 2541 2543 2549
3 2541 2543 2558
3 2541 2559 2558
3 2541 2545 2553
3 2541 2545 2559
3 2537 2522 2536
3 2537 2534 2522
3 2537 2534 2526
3 2525 2533 2553
3 2525 2545 2553
3 2525 2531 2527
3 2525 2531 2530
3 2525 2539 2527
3 2525 2545 2559
3 2525 2539 2559
3 2524 2531 2530
3 2524 2531 2526
3 2524 2537 2526
3 2524 2520 2536
3 2524 2532 2520
3 2524 2537 2536
3 2524 2532 2533
3 2524 2525 2530
3 2524 2525 2533
3 2560 2596 2580
3 2560 2596 2576
3 2582 2596 2576
3 2582 2562 2576
3 2592 2560 2580
3 2592 2572 2560
3 2573 2592 2593
3 2573 2592 2572
3 2583 2582 2594
3 2583 2595 2594
3 2583 2582 2589
3 2574 2595 2594
3 2574 2595 2575
3 2574 2582 2594
3 2574 2582 2562
3 2571 2574 2575
3 2571 2567 2575
3 2571 2574 2566
3 2577 2574 2562
3 2577 2562 2576
3 2577 2574 2566
3 2585 2581 2598
3 2585 2599 2598
3 2585 2581 2593
3 2587 2599 2598
3 2587 2583 2598
3 2587 2583 2595
3 2587 2567 2575
3 2587 2595 2575
3 2587 2579 2567
3 2587 2579 2599
3 2588 2596 2580
3 2588 2582 2589
3 2588 2582 2596
3 2588 2581 2593
3 2588 2592 2580
3 2588 2592 2593
3 2588 2581 2598
3 2588 2583 2589
3 2588 2583 2598
3 2564 2560 2576
3 2564 2572 2560
3 2564 2577 2576
3 2564 2571 2566
3 2564 2571 2570
3 2564 2577 2566
3 2565 2573 2572
3 2565 2564 2570
3 2565 2564 2572
3 2565 2573 2593
3 2565 2585 2593
3 2565 2571 2567
3 2565 2571 2570
3 2565 2579 2567
3 2565 2585 2599
3 2565 2579 2599
3 2600 2636 2620
3 2600 2636 2616
3 2622 2636 2616
3 2622 2602 2616
3 2612 2600 2620
3 2612 2632 2620
3 2612 2632 2633
3 2612 2613 2633
3 2623 2622 2634
3 2623 2635 2634
3 2623 2622 2629
3 2614 2635 2634
3 2614 2635 2615
3 2614 2622 2634
3 2614 2622 2602
3 2611 2614 2615
3 2611 2607 2615
3 2611 2614 2606
3 2625 2621 2638
3 2625 2639 2638
3 2625 2621 2633
3 2627 2639 2638
3 2627 2623 2638
3 2627 2623 2635
3 2627 2607 2615
3 2627 2635 2615
3 2627 2619 2607
3 2627 2619 2639
3 2628 2636 2620
3 2628 2622 2629
3 2628 2622 2636
3 2628 2621 2633
3 2628 2632 2620
3 2628 2632 2633
3 2628 2621 2638
3 2628 2623 2629
3 2628 2623 2638
3 2605 2612 2613
3 2605 2604 2610
3 2605 2604 2612
3 2605 2613 2633
3 2605 2625 2633
3 2605 2611 2607
3 2605 2611 2610
3 2605 2619 2607
3 2605 2625 2639
3 2605 2619 2639
3 2617 2602 2616
3 2617 2614 2602
3 2617 2614 2606
3 2617 2611 2610
3 2617 2611 2606
3 2617 2604 2610
3 2617 2600 2616
3 2617 2612 2600
3 2617 2604 2612
3 2640 2676 2660
3 2640 2676 2656
3 2662 2676 2656
3 2662 2642 2656
3 2668 2676 2660
3 2668 2662 2669
3 2668 2662 2676
3 2652 2640 2660
3 2652 2672 2660
3 2652 2672 2673
3 2652 2653 2673
3 2663 2662 2674
3 2663 2675 2674
3 2663 2662 2669
3 2654 2675 2674
3 2654 2675 2655
3 2654 2662 2674
3 2654 2662 2642
3 2651 2654 2655
3 2651 2647 2655
3 2651 2654 2646
3 2667 2663 2678
3 2667 2679 2678
3 2667 2663 2675
3 2667 2647 2655
3 2667 2675 2655
3 2667 2659 2647
3 2667 2659 2679
3 2661 2672 2673
3 2661 2672 2660
3 2661 2668 2660
3 2661 2668 2669
3 2661 2663 2669
3 2661 2663 2678
3 2661 2679 2678
3 2661 2665 2673
3 2661 2665 2679
3 2657 2642 2656
3 2657 2654 2642
3 2657 2654 2646
3 2645 2653 2673
3 2645 2665 2673
3 2645 2651 2647
3 2645 2651 2650
3 2645 2659 2647
3 2645 2665 2679
3 2645 2659 2679
3 2644 2651 2650
3 2644 2651 2646
3 2644 2657 2646
3 2644 2640 2656
3 2644 2652 2640
3 2644 2657 2656
3 2644 2652 2653
3 2644 2645 2650
3 2644 2645 2653
3 2680 2716 2700
3 2680 2716 2696
3 2702 2716 2696
3 2702 2682 2696
3 2703 2702 2714
3 2703 2715 2714
3 2703 2702 2709
3 2694 2715 2714
3 2694 2715 2695
3 2694 2702 2714
3 2694 2702 2682
3 2691 2694 2695
3 2691 2687 2695
3 2691 2694 2686
3 2719 2705 2713
3 2719 2701 2718
3 2719 2701 2713
3 2708 2716 2700
3 2708 2702 2709
3 2708 2702 2716
3 2708 2701 2713
3 2708 2712 2700
3 2708 2712 2713
3 2708 2701 2718
3 2708 2703 2709
3 2708 2703 2718
3 2692 2680 2700
3 2692 2712 2700
3 2692 2712 2713
3 2692 2693 2713
3 2697 2682 2696
3 2697 2694 2686
3 2697 2694 2682
3 2697 2691 2686
3 2697 2684 2690
3 2697 2691 2690
3 2697 2680 2696
3 2697 2692 2680
3 2697 2692 2684
3 2685 2691 2687
3 2685 2691 2690
3 2685 2699 2687
3 2685 2719 2705
3 2685 2719 2699
3 2685 2684 2690
3 2685 2692 2684
3 2685 2692 2693
3 2685 2705 2713
3 2685 2693 2713
3 2707 2703 2715
3 2707 2703 2718
3 2707 2719 2718
3 2707 2687 2695
3 2707 2715 2695
3 2707 2699 2687
3 2707 2719 2699
3 2752 2745 2750
3 2752 2744 2750
3 2752 2745 2753
3 2733 2720 2732
3 2733 2720 2728
3 2733 2721 2728
3 2733 2752 2732
3 2733 2752 2753
3 2757 2720 2736
3 2757 2720 2732
3 2757 2752 2732
3 2757 2752 2744
3 2734 2757 2736
3 2734 2746 2754
3 2734 2757 2746
3 2734 2722 2736
3 2729 2720 2736
3 2729 2720 2728
3 2729 2722 2736
3 2759 2733 2721
3 2759 2721 2738
3 2759 2745 2753
3 2759 2733 2753
3 2755 2734 2754
3 2755 2734 2735
3 2751 2757 2744
3 2751 2744 2750
3 2751 2757 2746
3 2751 2745 2750
3 2751 2759 2747
3 2751 2759 2745
3 2751 2746 2754
3 2751 2755 2754
3 2751 2755 2747
3 2723 2721 2728
3 2723 2721 2738
3 2723 2729 2728
3 2723 2734 2722
3 2723 2729 2722
3 2723 2734 2735
3 2723 2759 2738
3 2723 2755 2735
3 2723 2759 2747
3 2723 2755 2747
3 2760 2796 2780
3 2760 2796 2776
3 2782 2796 2776
3 2782 2762 2776
3 2772 2760 2780
3 2772 2792 2780
3 2772 2792 2793
3 2772 2773 2793
3 2783 2782 2794
3 2783 2795 2794
3 2783 2782 2789
3 2774 2795 2794
3 2774 2795 2775
3 2774 2782 2794
3 2774 2782 2762
3 2771 2774 2775
3 2771 2767 2775
3 2771 2774 2766
3 2785 2781 2798
3 2785 2799 2798
3 2785 2781 2793
3 2787 2799 2798
3 2787 2783 2798
3 2787 2783 2795
3 2787 2767 2775
3 2787 2795 2775
3 2787 2779 2767
3 2787 2779 2799
3 2788 2796 2780
3 2788 2782 2789
3 2788 2782 2796
3 2788 2781 2793
3 2788 2792 2780
3 2788 2792 2793
3 2788 2781 2798
3 2788 2783 2789
3 2788 2783 2798
3 2777 2762 2776
3 2777 2774 2762
3 2777 2774 2766
3 2765 2773 2793
3 2765 2785 2793
3 2765 2771 2767
3 2765 2771 2770
3 2765 2779 2767
3 2765 2785 2799
3 2765 2779 2799
3 2764 2771 2770
3 2764 2771 2766
3 2764 2777 2766
3 2764 2760 2776
3 2764 2772 2760
3 2764 2777 2776
3 2764 2772 2773
3 2764 2765 2770
3 2764 2765 2773
3 2800 2836 2820
3 2800 2836 2816
3 2822 2836 2816
3 2822 2802 2816
3 2832 2800 2820
3 2832 2812 2800
3 2813 2832 2833
3 2813 2832 2812
3 2823 2822 2834
3 2823 2835 2834
3 2823 2822 2829
3 2814 2835 2834
3 2814 2835 2815
3 2814 2822 2834
3 2814 2822 2802
3 2811 2814 2815
3 2811 2807 2815
3 2811 2814 2806
3 2817 2814 2802
3 2817 2802 2816
3 2817 2814 2806
3 2825 2821 2838
3 2825 2839 2838
3 2825 2821 2833
3 2827 2839 2838
3 2827 2823 2838
3 2827 2823 2835
3 2827 2807 2815
3 2827 2835 2815
3 2827 2819 2807
3 2827 2819 2839
3 2828 2836 2820
3 2828 2822 2829
3 2828 2822 2836
3 2828 2821 2833
3 2828 2832 2820
3 2828 2832 2833
3 2828 2821 2838
3 2828 2823 2829
3 2828 2823 2838
3 2804 2800 2816
3 2804 2812 2800
3 2804 2817 2816
3 2804 2811 2806
3 2804 2811 2810
3 2804 2817 2806
3 2805 2813 2812
3 2805 2804 2810
3 2805 2804 2812
3 2805 2813 2833
3 2805 2825 2833
3 2805 2811 2807
3 2805 2811 2810
3 2805 2819 2807
3 2805 2825 2839
3 2805 2819 2839
3 2840 2876 2860
3 2840 2876 2856
3 2862 2876 2856
3 2862 2842 2856
3 2863 2862 2874
3 2863 2875 2874
3 2863 2862 2869
3 2854 2875 2874
3 2854 2875 2855
3 2854 2862 2874
3 2854 2862 2842
3 2851 2854 2855
3 2851 2847 2855
3 2851 2854 2846
3 2845 2865 2873
3 2845 2853 2873
3 2879 2865 2873
3 2879 2861 2878
3 2879 2861 2873
3 2868 2876 2860
3 2868 2862 2869
3 2868 2862 2876
3 2868 2861 2873
3 2868 2872 2860
3 2868 2872 2873
3 2868 2861 2878
3 2868 2863 2869
3 2868 2863 2878
3 2852 2844 2850
3 2852 2845 2850
3 2852 2845 2853
3 2852 2840 2860
3 2852 2872 2860
3 2852 2872 2873
3 2852 2853 2873
3 2857 2842 2856
3 2857 2854 2846
3 2857 2854 2842
3 2857 2851 2846
3 2857 2844 2850
3 2857 2851 2850
3 2857 2840 2856
3 2857 2852 2844
3 2857 2852 2840
3 2867 2863 2875
3 2867 2863 2878
3 2867 2879 2878
3 2867 2847 2855
3 2867 2875 2855
3 2859 2851 2847
3 2859 2851 2850
3 2859 2845 2850
3 2859 2867 2879
3 2859 2867 2847
3 2859 2845 2865
3 2859 2879 2865
3 2880 2916 2900
3 2880 2916 2896
3 2902 2916 2896
3 2902 2882 2896
3 2892 2880 2900
3 2892 2912 2900
3 2892 2912 2913
3 2892 2893 2913
3 2903 2902 2914
3 2903 2915 2914
3 2903 2902 2909
3 2894 2915 2914
3 2894 2915 2895
3 2894 2902 2914
3 2894 2902 2882
3 2891 2894 2895
3 2891 2887 2895
3 2891 2894 2886
3 2907 2887 2895
3 2907 2915 2895
3 2908 2916 2900
3 2908 2902 2909
3 2908 2902 2916
3 2908 2901 2913
3 2908 2912 2900
3 2908 2912 2913
3 2908 2901 2918
3 2908 2903 2909
3 2908 2903 2918
3 2897 2882 2896
3 2897 2894 2882
3 2897 2894 2886
3 2885 2891 2887
3 2885 2891 2890
3 2885 2899 2887
3 2885 2905 2913
3 2885 2893 2913
3 2919 2905 2913
3 2919 2901 2918
3 2919 2901 2913
3 2919 2903 2915
3 2919 2903 2918
3 2919 2907 2915
3 2919 2885 2899
3 2919 2885 2905
3 2919 2899 2887
3 2919 2907 2887
3 2884 2891 2890
3 2884 2891 2886
3 2884 2897 2886
3 2884 2880 2896
3 2884 2892 2880
3 2884 2897 2896
3 2884 2892 2893
3 2884 2885 2890
3 2884 2885 2893
3 2920 2956 2940
3 2920 2956 2936
3 2942 2956 2936
3 2942 2922 2936
3 2932 2920 2940
3 2932 2952 2940
3 2932 2952 2953
3 2932 2933 2953
3 2943 2942 2954
3 2943 2955 2954
3 2943 2942 2949
3 2934 2955 2954
3 2934 2955 2935
3 2934 2942 2954
3 2934 2942 2922
3 2931 2934 2935
3 2931 2927 2935
3 2931 2934 2926
3 2945 2941 2958
3 2945 2959 2958
3 2945 2941 2953
3 2947 2959 2958
3 2947 2943 2958
3 2947 2943 2955
3 2947 2927 2935
3 2947 2955 2935
3 2947 2939 2927
3 2947 2939 2959
3 2948 2956 2940
3 2948 2942 2949
3 2948 2942 2956
3 2948 2941 2953
3 2948 2952 2940
3 2948 2952 2953
3 2948 2941 2958
3 2948 2943 2949
3 2948 2943 2958
3 2937 2922 2936
3 2937 2934 2922
3 2937 2934 2926
3 2925 2933 2953
3 2925 2945 2953
3 2925 2931 2927
3 2925 2931 2930
3 2925 2939 2927
3 2925 2945 2959
3 2925 2939 2959
3 2924 2931 2930
3 2924 2931 2926
3 2924 2937 2926
3 2924 2920 2936
3 2924 2932 2920
3 2924 2937 2936
3 2924 2932 2933
3 2924 2925 2930
3 2924 2925 2933
3 2992 2985 2990
3 2992 2984 2990
3 2992 2985 2993
3 2973 2960 2972
3 2973 2960 2968
3 2973 2961 2968
3 2973 2992 2972
3 2973 2992 2993
3 2997 2960 2976
3 2997 2960 2972
3 2997 2992 2972
3 2997 2992 2984
3 2999 2973 2961
3 2999 2961 2978
3 2999 2985 2993
3 2999 2973 2993
3 2974 2997 2976
3 2974 2986 2994
3 2974 2997 2986
3 2974 2962 2976
3 2995 2974 2994
3 2995 2974 2975
3 2969 2960 2976
3 2969 2960 2968
3 2969 2962 2976
3 2969 2961 2968
3 2969 2961 2978
3 2969 2963 2978
3 2969 2974 2962
3 2969 2963 2975
3 2969 2974 2975
3 2987 2999 2978
3 2987 2963 2978
3 2987 2963 2975
3 2987 2995 2975
3 2991 2997 2984
3 2991 2984 2990
3 2991 2997 2986
3 2991 2985 2990
3 2991 2999 2985
3 2991 2987 2999
3 2991 2986 2994
3 2991 2995 2994
3 2991 2987 2995
3 3020 3000 3008
3 3020 3008 3028
3 3039 3019 3018
3 3039 3018 3038
3 3006 3002 3016
3 3006 3017 3016
3 3006 3002 3014
3 3006 3004 3010
3 3006 3011 3010
3 3006 3004 3017
3 3007 3006 3011
3 3007 3015 3014
3 3007 3006 3014
3 3029 3021 3038
3 3029 3021 3028
3 3029 3023 3038
3 3030 3011 3010
3 3030 3011 3031
3 3036 3017 3016
3 3036 3017 3037
3 3036 3000 3016
3 3036 3020 3000
3 3027 3007 3011
3 3027 3011 3031
3 3027 3039 3019
3 3027 3007 3019
3 3009 3008 3028
3 3009 3029 3028
3 3009 3000 3016
3 3009 3002 3016
3 3009 3000 3008
3 3024 3020 3032
3 3024 3036 3020
3 3024 3036 3037
3 3024 3004 3017
3 3024 3017 3037
3 3024 3004 3010
3 3024 3030 3010
3 3025 3030 3031
3 3025 3027 3031
3 3025 3027 3039
3 3003 3023 3038
3 3003 3018 3038
3 3003 3029 3023
3 3003 3009 3029
3 3003 3007 3019
3 3003 3019 3018
3 3003 3007 3015
3 3003 3002 3014
3 3003 3015 3014
3 3003 3009 3002
3 3033 3021 3028
3 3033 3020 3032
3 3033 3020 3028
3 3033 3021 3038
3 3033 3039 3038
3 3033 3025 3039
3 3033 3024 3030
3 3033 3024 3032
3 3033 3025 3030
3 3045 3044 3052
3 3045 3053 3052
3 3045 3044 3050
3 3045 3041 3058
3 3045 3059 3058
3 3045 3041 3053
3 3040 3053 3052
3 3040 3041 3048
3 3040 3041 3053
3 3064 3044 3050
3 3064 3070 3050
3 3064 3044 3057
3 3064 3077 3057
3 3071 3070 3050
3 3071 3051 3050
3 3078 3059 3058
3 3078 3059 3079
3 3068 3040 3048
3 3068 3040 3060
3 3068 3049 3048
3 3068 3049 3069
3 3062 3068 3069
3 3062 3060 3076
3 3062 3068 3060
3 3056 3044 3052
3 3056 3040 3052
3 3056 3044 3057
3 3056 3077 3057
3 3056 3077 3076
3 3056 3040 3060
3 3056 3060 3076
3 3047 3045 3059
3 3047 3045 3050
3 3047 3051 3050
3 3047 3059 3079
3 3047 3067 3079
3 3047 3071 3051
3 3047 3071 3067
3 3066 3064 3077
3 3066 3064 3070
3 3066 3071 3070
3 3066 3062 3076
3 3066 3077 3076
3 3066 3062 3074
3 3043 3041 3048
3 3043 3041 3058
3 3043 3049 3048
3 3075 3066 3071
3 3075 3071 3067
3 3075 3066 3074
3 3063 3049 3069
3 3063 3043 3049
3 3063 3078 3058
3 3063 3043 3058
3 3063 3062 3074
3 3063 3062 3069
3 3063 3075 3074
3 3063 3078 3079
3 3063 3067 3079
3 3063 3075 3067
3 3100 3080 3088
3 3100 3088 3108
3 3119 3099 3098
3 3119 3098 3118
3 3086 3082 3096
3 3086 3097 3096
3 3086 3082 3094
3 3086 3084 3090
3 3086 3091 3090
3 3086 3084 3097
3 3087 3086 3091
3 3087 3095 3094
3 3087 3086 3094
3 3109 3101 3118
3 3109 3101 3108
3 3109 3103 3118
3 3110 3091 3090
3 3110 3091 3111
3 3116 3097 3096
3 3116 3097 3117
3 3116 3080 3096
3 3116 3100 3080
3 3107 3087 3091
3 3107 3091 3111
3 3107 3119 3099
3 3107 3087 3099
3 3089 3088 3108
3 3089 3109 3108
3 3089 3080 3096
3 3089 3082 3096
3 3089 3080 3088
3 3104 3100 3112
3 3104 3116 3100
3 3104 3116 3117
3 3104 3084 3097
3 3104 3097 3117
3 3104 3084 3090
3 3104 3110 3090
3 3105 3110 3111
3 3105 3107 3111
3 3105 3107 3119
3 3083 3103 3118
3 3083 3098 3118
3 3083 3109 3103
3 3083 3089 3109
3 3083 3087 3099
3 3083 3099 3098
3 3083 3087 3095
3 3083 3082 3094
3 3083 3095 3094
3 3083 3089 3082
3 3113 3101 3108
3 3113 3100 3112
3 3113 3100 3108
3 3113 3101 3118
3 3113 3119 3118
3 3113 3105 3119
3 3113 3104 3110
3 3113 3104 3112
3 3113 3105 3110
3 3125 3124 3132
3 3125 3133 3132
3 3125 3124 3130
3 3125 3121 3138
3 3125 3139 3138
3 3125 3121 3133
3 3136 3157 3156
3 3136 3157 3137
3 3144 3124 3130
3 3144 3150 3130
3 3144 3124 3137
3 3144 3157 3137
3 3146 3144 3150
3 3146 3151 3150
3 3146 3144 3157
3 3158 3139 3138
3 3158 3139 3159
3 3148 3129 3128
3 3148 3129 3149
3 3142 3157 3156
3 3142 3146 3157
3 3142 3146 3154
3 3142 3148 3149
3 3142 3140 3156
3 3142 3148 3140
3 3120 3133 3132
3 3120 3121 3128
3 3120 3121 3133
3 3120 3124 3132
3 3120 3124 3137
3 3120 3136 3137
3 3120 3148 3128
3 3120 3148 3140
3 3120 3136 3156
3 3120 3140 3156
3 3131 3150 3130
3 3131 3151 3150
3 3123 3121 3128
3 3123 3121 3138
3 3123 3129 3128
3 3155 3147 3151
3 3155 3146 3154
3 3155 3146 3151
3 3127 3125 3139
3 3127 3125 3130
3 3127 3131 3130
3 3127 3139 3159
3 3127 3147 3159
3 3127 3147 3151
3 3127 3131 3151
3 3143 3129 3149
3 3143 3123 3129
3 3143 3158 3138
3 3143 3123 3138
3 3143 3142 3149
3 3143 3142 3154
3 3143 3155 3154
3 3143 3158 3159
3 3143 3155 3147
3 3143 3147 3159
3 3160 3196 3180
3 3160 3196 3176
3 3182 3196 3176
3 3182 3162 3176
3 3183 3182 3194
3 3183 3195 3194
3 3183 3182 3189
3 3174 3195 3194
3 3174 3195 3175
3 3174 3182 3194
3 3174 3182 3162
3 3171 3174 3175
3 3171 3167 3175
3 3171 3174 3166
3 3165 3185 3193
3 3165 3173 3193
3 3187 3167 3175
3 3187 3195 3175
3 3188 3196 3180
3 3188 3182 3189
3 3188 3182 3196
3 3188 3181 3193
3 3188 3192 3180
3 3188 3192 3193
3 3188 3181 3198
3 3188 3183 3189
3 3188 3183 3198
3 3172 3164 3170
3 3172 3165 3170
3 3172 3165 3173
3 3172 3160 3180
3 3172 3192 3180
3 3172 3192 3193
3 3172 3173 3193
3 3177 3162 3176
3 3177 3174 3166
3 3177 3174 3162
3 3177 3171 3166
3 3177 3164 3170
3 3177 3171 3170
3 3177 3160 3176
3 3177 3172 3164
3 3177 3172 3160
3 3199 3185 3193
3 3199 3181 3198
3 3199 3181 3193
3 3199 3183 3195
3 3199 3183 3198
3 3199 3187 3195
3 3179 3171 3167
3 3179 3171 3170
3 3179 3165 3170
3 3179 3187 3167
3 3179 3199 3187
3 3179 3165 3185
3 3179 3199 3185
3 3200 3236 3220
3 3200 3236 3216
3 3222 3236 3216
3 3222 3202 3216
3 3223 3222 3234
3 3223 3235 3234
3 3223 3222 3229
3 3214 3235 3234
3 3214 3235 3215
3 3214 3222 3234
3 3214 3222 3202
3 3211 3214 3215
3 3211 3207 3215
3 3211 3214 3206
3 3225 3221 3238
3 3225 3239 3238
3 3225 3221 3233
3 3227 3239 3238
3 3227 3223 3238
3 3227 3223 3235
3 3227 3207 3215
3 3227 3235 3215
3 3227 3219 3207
3 3227 3219 3239
3 3228 3236 3220
3 3228 3222 3229
3 3228 3222 3236
3 3228 3221 3233
3 3228 3232 3220
3 3228 3232 3233
3 3228 3221 3238
3 3228 3223 3229
3 3228 3223 3238
3 3212 3200 3220
3 3212 3232 3220
3 3212 3232 3233
3 3212 3213 3233
3 3217 3202 3216
3 3217 3214 3206
3 3217 3214 3202
3 3217 3211 3206
3 3217 3204 3210
3 3217 3211 3210
3 3217 3200 3216
3 3217 3212 3200
3 3217 3212 3204
3 3205 3204 3210
3 3205 3212 3204
3 3205 3212 3213
3 3205 3225 3233
3 3205 3213 3233
3 3205 3211 3207
3 3205 3211 3210
3 3205 3219 3207
3 3205 3225 3239
3 3205 3219 3239
3 3240 3276 3260
3 3240 3276 3256
3 3262 3276 3256
3 3262 3242 3256
3 3272 3240 3260
3 3272 3252 3240
3 3253 3272 3273
3 3253 3272 3252
3 3263 3262 3274
3 3263 3275 3274
3 3263 3262 3269
3 3254 3275 3274
3 3254 3275 3255
3 3254 3262 3274
3 3254 3262 3242
3 3251 3254 3255
3 3251 3247 3255
3 3251 3254 3246
3 3257 3254 3242
3 3257 3242 3256
3 3257 3254 3246
3 3265 3261 3278
3 3265 3279 3278
3 3265 3261 3273
3 3267 3279 3278
3 3267 3263 3278
3 3267 3263 3275
3 3267 3247 3255
3 3267 3275 3255
3 3267 3259 3247
3 3267 3259 3279
3 3268 3276 3260
3 3268 3262 3269
3 3268 3262 3276
3 3268 3261 3273
3 3268 3272 3260
3 3268 3272 3273
3 3268 3261 3278
3 3268 3263 3269
3 3268 3263 3278
3 3244 3240 3256
3 3244 3252 3240
3 3244 3257 3256
3 3244 3251 3246
3 3244 3251 3250
3 3244 3257 3246
3 3245 3253 3252
3 3245 3244 3250
3 3245 3244 3252
3 3245 3253 3273
3 3245 3265 3273
3 3245 3251 3247
3 3245 3251 3250
3 3245 3259 3247
3 3245 3265 3279
3 3245 3259 3279
3 3280 3316 3300
3 3280 3316 3296
3 3302 3316 3296
3 3302 3282 3296
3 3292 3280 3300
3 3292 3312 3300
3 3292 3312 3313
3 3292 3293 3313
3 3303 3302 3314
3 3303 3315 3314
3 3303 3302 3309
3 3294 3315 3314
3 3294 3315 3295
3 3294 3302 3314
3 3294 3302 3282
3 3291 3294 3295
3 3291 3287 3295
3 3291 3294 3286
3 3285 3305 3313
3 3285 3293 3313
3 3319 3305 3313
3 3319 3301 3318
3 3319 3301 3313
3 3308 3316 3300
3 3308 3302 3309
3 3308 3302 3316
3 3308 3301 3313
3 3308 3312 3300
3 3308 3312 3313
3 3308 3301 3318
3 3308 3303 3309
3 3308 3303 3318
3 3297 3282 3296
3 3297 3294 3282
3 3297 3294 3286
3 3307 3303 3315
3 3307 3303 3318
3 3307 3319 3318
3 3307 3287 3295
3 3307 3315 3295
3 3299 3291 3287
3 3299 3291 3290
3 3299 3285 3290
3 3299 3307 3319
3 3299 3307 3287
3 3299 3285 3305
3 3299 3319 3305
3 3284 3285 3293
3 3284 3292 3293
3 3284 3285 3290
3 3284 3291 3290
3 3284 3291 3286
3 3284 3297 3286
3 3284 3280 3296
3 3284 3292 3280
3 3284 3297 3296
3 3320 3356 3340
3 3320 3356 3336
3 3342 3356 3336
3 3342 3322 3336
3 3352 3320 3340
3 3352 3332 3320
3 3333 3352 3353
3 3333 3352 3332
3 3343 3342 3354
3 3343 3355 3354
3 3343 3342 3349
3 3334 3355 3354
3 3334 3355 3335
3 3334 3342 3354
3 3334 3342 3322
3 3331 3334 3335
3 3331 3327 3335
3 3331 3334 3326
3 3345 3341 3358
3 3345 3359 3358
3 3345 3341 3353
3 3347 3359 3358
3 3347 3343 3358
3 3347 3343 3355
3 3347 3327 3335
3 3347 3355 3335
3 3347 3339 3327
3 3347 3339 3359
3 3348 3356 3340
3 3348 3342 3349
3 3348 3342 3356
3 3348 3341 3353
3 3348 3352 3340
3 3348 3352 3353
3 3348 3341 3358
3 3348 3343 3349
3 3348 3343 3358
3 3337 3334 3322
3 3337 3322 3336
3 3337 3334 3326
3 3337 3320 3336
3 3337 3332 3320
3 3337 3324 3332
3 3337 3331 3326
3 3337 3324 3330
3 3337 3331 3330
3 3325 3333 3332
3 3325 3324 3330
3 3325 3324 3332
3 3325 3333 3353
3 3325 3345 3353
3 3325 3331 3327
3 3325 3331 3330
3 3325 3339 3327
3 3325 3345 3359
3 3325 3339 3359
3 3392 3385 3390
3 3392 3384 3390
3 3392 3385 3393
3 3373 3360 3372
3 3373 3360 3368
3 3373 3361 3368
3 3373 3392 3372
3 3373 3392 3393
3 3397 3360 3376
3 3397 3360 3372
3 3397 3392 3372
3 3397 3392 3384
3 3399 3373 3361
3 3399 3361 3378
3 3399 3385 3393
3 3399 3373 3393
3 3374 3397 3376
3 3374 3386 3394
3 3374 3397 3386
3 3374 3362 3376
3 3395 3374 3394
3 3395 3374 3375
3 3369 3360 3376
3 3369 3360 3368
3 3369 3362 3376
3 3369 3361 3368
3 3369 3361 3378
3 3369 3363 3378
3 3369 3374 3362
3 3369 3363 3375
3 3369 3374 3375
3 3387 3399 3378
3 3387 3363 3378
3 3387 3363 3375
3 3387 3395 3375
3 3391 3397 3384
3 3391 3384 3390
3 3391 3397 3386
3 3391 3385 3390
3 3391 3399 3385
3 3391 3387 3399
3 3391 3386 3394
3 3391 3395 3394
3 3391 3387 3395
3 3400 3436 3420
3 3400 3436 3416
3 3422 3436 3416
3 3422 3402 3416
3 3423 3422 3434
3 3423 3435 3434
3 3423 3422 3429
3 3414 3435 3434
3 3414 3435 3415
3 3414 3422 3434
3 3414 3422 3402
3 3411 3414 3415
3 3411 3407 3415
3 3411 3414 3406
3 3427 3407 3415
3 3427 3435 3415
3 3428 3436 3420
3 3428 3422 3429
3 3428 3422 3436
3 3428 3421 3433
3 3428 3432 3420
3 3428 3432 3433
3 3428 3421 3438
3 3428 3423 3429
3 3428 3423 3438
3 3412 3400 3420
3 3412 3432 3420
3 3412 3432 3433
3 3412 3413 3433
3 3417 3402 3416
3 3417 3414 3406
3 3417 3414 3402
3 3417 3411 3406
3 3417 3404 3410
3 3417 3411 3410
3 3417 3400 3416
3 3417 3412 3400
3 3417 3412 3404
3 3405 3411 3407
3 3405 3411 3410
3 3405 3419 3407
3 3405 3404 3410
3 3405 3412 3404
3 3405 3412 3413
3 3405 3425 3433
3 3405 3413 3433
3 3439 3425 3433
3 3439 3421 3438
3 3439 3421 3433
3 3439 3423 3435
3 3439 3423 3438
3 3439 3427 3435
3 3439 3405 3419
3 3439 3405 3425
3 3439 3419 3407
3 3439 3427 3407
3 3440 3476 3460
3 3440 3476 3456
3 3462 3476 3456
3 3462 3442 3456
3 3472 3440 3460
3 3472 3452 3440
3 3453 3472 3473
3 3453 3472 3452
3 3463 3462 3474
3 3463 3475 3474
3 3463 3462 3469
3 3454 3475 3474
3 3454 3475 3455
3 3454 3462 3474
3 3454 3462 3442
3 3451 3454 3455
3 3451 3447 3455
3 3451 3454 3446
3 3457 3454 3442
3 3457 3442 3456
3 3457 3454 3446
3 3465 3461 3478
3 3465 3479 3478
3 3465 3461 3473
3 3467 3479 3478
3 3467 3463 3478
3 3467 3463 3475
3 3467 3447 3455
3 3467 3475 3455
3 3467 3459 3447
3 3467 3459 3479
3 3468 3476 3460
3 3468 3462 3469
3 3468 3462 3476
3 3468 3461 3473
3 3468 3472 3460
3 3468 3472 3473
3 3468 3461 3478
3 3468 3463 3469
3 3468 3463 3478
3 3444 3440 3456
3 3444 3452 3440
3 3444 3457 3456
3 3444 3451 3446
3 3444 3451 3450
3 3444 3457 3446
3 3445 3453 3452
3 3445 3444 3450
3 3445 3444 3452
3 3445 3453 3473
3 3445 3465 3473
3 3445 3451 3447
3 3445 3451 3450
3 3445 3459 3447
3 3445 3465 3479
3 3445 3459 3479
3 3480 3516 3500
3 3480 3516 3496
3 3502 3516 3496
3 3502 3482 3496
3 3503 3502 3514
3 3503 3515 3514
3 3503 3502 3509
3 3494 3515 3514
3 3494 3515 3495
3 3494 3502 3514
3 3494 3502 3482
3 3491 3494 3495
3 3491 3487 3495
3 3491 3494 3486
3 3507 3487 3495
3 3507 3515 3495
3 3508 3516 3500
3 3508 3502 3509
3 3508 3502 3516
3 3508 3501 3513
3 3508 3512 3500
3 3508 3512 3513
3 3508 3501 3518
3 3508 3503 3509
3 3508 3503 3518
3 3492 3480 3500
3 3492 3512 3500
3 3492 3512 3513
3 3492 3493 3513
3 3497 3482 3496
3 3497 3494 3486
3 3497 3494 3482
3 3497 3491 3486
3 3497 3484 3490
3 3497 3491 3490
3 3497 3480 3496
3 3497 3492 3480
3 3497 3492 3484
3 3485 3491 3487
3 3485 3491 3490
3 3485 3499 3487
3 3485 3484 3490
3 3485 3492 3484
3 3485 3492 3493
3 3485 3505 3513
3 3485 3493 3513
3 3519 3505 3513
3 3519 3501 3518
3 3519 3501 3513
3 3519 3503 3515
3 3519 3503 3518
3 3519 3507 3515
3 3519 3485 3499
3 3519 3485 3505
3 3519 3499 3487
3 3519 3507 3487
3 3520 3556 3540
3 3520 3556 3536
3 3542 3556 3536
3 3542 3522 3536
3 3548 3556 3540
3 3548 3542 3549
3 3548 3542 3556
3 3543 3542 3554
3 3543 3555 3554
3 3543 3542 3549
3 3534 3555 3554
3 3534 3555 3535
3 3534 3542 3554
3 3534 3542 3522
3 3531 3534 3535
3 3531 3527 3535
3 3531 3534 3526
3 3525 3533 3553
3 3525 3545 3553
3 3547 3527 3535
3 3547 3555 3535
3 3541 3552 3553
3 3541 3552 3540
3 3541 3548 3540
3 3541 3548 3549
3 3541 3543 3549
3 3541 3543 3558
3 3532 3524 3530
3 3532 3525 3530
3 3532 3525 3533
3 3532 3520 3540
3 3532 3552 3540
3 3532 3552 3553
3 3532 3533 3553
3 3537 3522 3536
3 3537 3534 3526
3 3537 3534 3522
3 3537 3531 3526
3 3537 3524 3530
3 3537 3531 3530
3 3537 3520 3536
3 3537 3532 3524
3 3537 3532 3520
3 3559 3543 3555
3 3559 3543 3558
3 3559 3547 3555
3 3559 3545 3553
3 3559 3541 3558
3 3559 3541 3553
3 3539 3531 3527
3 3539 3531 3530
3 3539 3525 3530
3 3539 3547 3527
3 3539 3559 3547
3 3539 3525 3545
3 3539 3559 3545
3 3560 3596 3580
3 3560 3596 3576
3 3582 3596 3576
3 3582 3562 3576
3 3592 3560 3580
3 3592 3572 3560
3 3583 3582 3594
3 3583 3595 3594
3 3583 3582 3589
3 3574 3595 3594
3 3574 3595 3575
3 3574 3582 3594
3 3574 3582 3562
3 3571 3574 3575
3 3571 3567 3575
3 3571 3574 3566
3 3587 3567 3575
3 3587 3595 3575
3 3573 3592 3572
3 3573 3592 3593
3 3588 3596 3580
3 3588 3582 3589
3 3588 3582 3596
3 3588 3581 3593
3 3588 3592 3580
3 3588 3592 3593
3 3588 3581 3598
3 3588 3583 3589
3 3588 3583 3598
3 3577 3574 3562
3 3577 3562 3576
3 3577 3574 3566
3 3577 3560 3576
3 3577 3572 3560
3 3577 3564 3572
3 3577 3571 3566
3 3577 3571 3570
3 3577 3564 3570
3 3599 3585 3593
3 3599 3581 3598
3 3599 3581 3593
3 3599 3583 3595
3 3599 3583 3598
3 3599 3587 3595
3 3599 3579 3567
3 3599 3587 3567
3 3565 3564 3570
3 3565 3564 3572
3 3565 3573 3572
3 3565 3585 3593
3 3565 3573 3593
3 3565 3571 3567
3 3565 3571 3570
3 3565 3579 3567
3 3565 3599 3585
3 3565 3599 3579
3 3632 3625 3630
3 3632 3624 3630
3 3632 3625 3633
3 3613 3600 3612
3 3613 3600 3608
3 3613 3601 3608
3 3613 3632 3612
3 3613 3632 3633
3 3637 3600 3616
3 3637 3600 3612
3 3637 3632 3612
3 3637 3632 3624
3 3614 3637 3616
3 3614 3626 3634
3 3614 3637 3626
3 3614 3602 3616
3 3609 3600 3616
3 3609 3600 3608
3 3609 3602 3616
3 3639 3613 3601
3 3639 3601 3618
3 3639 3625 3633
3 3639 3613 3633
3 3635 3614 3634
3 3635 3614 3615
3 3631 3637 3624
3 3631 3624 3630
3 3631 3637 3626
3 3631 3625 3630
3 3631 3639 3627
3 3631 3639 3625
3 3631 3626 3634
3 3631 3635 3634
3 3631 3635 3627
3 3603 3601 3608
3 3603 3601 3618
3 3603 3609 3608
3 3603 3614 3602
3 3603 3609 3602
3 3603 3614 3615
3 3603 3639 3618
3 3603 3635 3615
3 3603 3639 3627
3 3603 3635 3627
3 3649 3640 3656
3 3649 3642 3656
3 3649 3640 3648
3 3660 3640 3648
3 3660 3648 3668
3 3679 3659 3658
3 3679 3658 3678
3 3646 3642 3656
3 3646 3657 3656
3 3646 3642 3654
3 3646 3644 3650
3 3646 3651 3650
3 3646 3644 3657
3 3647 3655 3654
3 3647 3646 3651
3 3647 3646 3654
3 3669 3649 3648
3 3669 3648 3668
3 3643 3642 3654
3 3643 3649 3642
3 3643 3655 3654
3 3643 3659 3658
3 3643 3647 3655
3 3643 3647 3659
3 3670 3651 3650
3 3670 3651 3671
3 3676 3657 3656
3 3676 3657 3677
3 3676 3640 3656
3 3676 3660 3640
3 3667 3647 3651
3 3667 3651 3671
3 3667 3679 3659
3 3667 3647 3659
3 3663 3661 3668
3 3663 3661 3678
3 3663 3669 3668
3 3663 3658 3678
3 3663 3643 3658
3 3663 3669 3649
3 3663 3643 3649
3 3664 3660 3672
3 3664 3676 3660
3 3664 3676 3677
3 3664 3644 3657
3 3664 3657 3677
3 3664 3644 3650
3 3664 3670 3650
3 3665 3670 3671
3 3665 3667 3671
3 3665 3667 3679
3 3673 3660 3672
3 3673 3661 3668
3 3673 3660 3668
3 3673 3679 3678
3 3673 3661 3678
3 3673 3665 3679
3 3673 3664 3670
3 3673 3664 3672
3 3673 3665 3670
3 3685 3684 3692
3 3685 3693 3692
3 3685 3684 3690
3 3685 3681 3698
3 3685 3699 3698
3 3685 3681 3693
3 3680 3693 3692
3 3680 3681 3688
3 3680 3681 3693
3 3704 3684 3690
3 3704 3710 3690
3 3704 3684 3697
3 3704 3717 3697
3 3706 3704 3710
3 3706 3711 3710
3 3706 3704 3717
3 3718 3699 3698
3 3718 3699 3719
3 3718 3683 3698
3 3718 3683 3703
3 3696 3684 3692
3 3696 3680 3692
3 3696 3684 3697
3 3696 3717 3697
3 3696 3717 3716
3 3696 3700 3716
3 3696 3680 3700
3 3715 3707 3711
3 3715 3706 3714
3 3715 3706 3711
3 3715 3718 3703
3 3715 3707 3719
3 3715 3718 3719
3 3691 3710 3690
3 3691 3711 3710
3 3708 3680 3688
3 3708 3680 3700
3 3689 3681 3688
3 3689 3681 3698
3 3689 3683 3698
3 3689 3708 3688
3 3689 3708 3709
3 3689 3683 3703
3 3689 3709 3703
3 3702 3706 3717
3 3702 3706 3714
3 3702 3717 3716
3 3702 3715 3703
3 3702 3715 3714
3 3702 3709 3703
3 3702 3700 3716
3 3702 3708 3700
3 3702 3708 3709
3 3687 3685 3699
3 3687 3685 3690
3 3687 3691 3690
3 3687 3707 3719
3 3687 3699 3719
3 3687 3707 3711
3 3687 3691 3711
3 3729 3720 3736
3 3729 3722 3736
3 3729 3720 3728
3 3740 3720 3728
3 3740 3728 3748
3 3759 3739 3738
3 3759 3738 3758
3 3726 3722 3736
3 3726 3737 3736
3 3726 3722 3734
3 3726 3724 3730
3 3726 3731 3730
3 3726 3724 3737
3 3727 3735 3734
3 3727 3726 3731
3 3727 3726 3734
3 3749 3729 3728
3 3749 3728 3748
3 3723 3722 3734
3 3723 3729 3722
3 3723 3735 3734
3 3723 3739 3738
3 3723 3727 3735
3 3723 3727 3739
3 3750 3731 3730
3 3750 3731 3751
3 3756 3737 3736
3 3756 3737 3757
3 3756 3720 3736
3 3756 3740 3720
3 3747 3727 3731
3 3747 3731 3751
3 3747 3759 3739
3 3747 3727 3739
3 3743 3741 3748
3 3743 3741 3758
3 3743 3749 3748
3 3743 3738 3758
3 3743 3723 3738
3 3743 3749 3729
3 3743 3723 3729
3 3744 3740 3752
3 3744 3756 3740
3 3744 3756 3757
3 3744 3724 3737
3 3744 3737 3757
3 3744 3724 3730
3 3744 3750 3730
3 3745 3750 3751
3 3745 3747 3751
3 3745 3747 3759
3 3753 3740 3752
3 3753 3741 3748
3 3753 3740 3748
3 3753 3759 3758
3 3753 3741 3758
3 3753 3745 3759
3 3753 3744 3750
3 3753 3744 3752
3 3753 3745 3750
3 3765 3764 3772
3 3765 3773 3772
3 3765 3764 3770
3 3765 3761 3778
3 3765 3779 3778
3 3765 3761 3773
3 3776 3797 3796
3 3776 3797 3777
3 3784 3764 3770
3 3784 3790 3770
3 3784 3764 3777
3 3784 3797 3777
3 3798 3779 3778
3 3798 3779 3799
3 3798 3763 3778
3 3798 3763 3783
3 3795 3798 3783
3 3795 3787 3799
3 3795 3798 3799
3 3760 3773 3772
3 3760 3761 3768
3 3760 3761 3773
3 3760 3764 3772
3 3760 3764 3777
3 3760 3776 3777
3 3760 3776 3796
3 3760 3780 3796
3 3767 3765 3779
3 3767 3765 3770
3 3767 3771 3770
3 3767 3779 3799
3 3767 3787 3799
3 3791 3784 3797
3 3791 3784 3790
3 3791 3786 3797
3 3791 3786 3794
3 3791 3795 3787
3 3791 3795 3794
3 3791 3790 3770
3 3791 3771 3770
3 3791 3767 3771
3 3791 3767 3787
3 3788 3760 3768
3 3788 3760 3780
3 3769 3761 3768
3 3769 3761 3778
3 3769 3763 3778
3 3769 3788 3768
3 3769 3788 3789
3 3769 3763 3783
3 3769 3789 3783
3 3782 3797 3796
3 3782 3786 3794
3 3782 3786 3797
3 3782 3795 3794
3 3782 3795 3783
3 3782 3789 3783
3 3782 3780 3796
3 3782 3788 3780
3 3782 3788 3789
3 3800 3836 3820
3 3800 3836 3816
3 3822 3836 3816
3 3822 3802 3816
3 3823 3822 3834
3 3823 3835 3834
3 3823 3822 3829
3 3814 3835 3834
3 3814 3835 3815
3 3814 3822 3834
3 3814 3822 3802
3 3811 3814 3815
3 3811 3807 3815
3 3811 3814 3806
3 3827 3807 3815
3 3827 3835 3815
3 3828 3836 3820
3 3828 3822 3829
3 3828 3822 3836
3 3828 3821 3833
3 3828 3832 3820
3 3828 3832 3833
3 3828 3821 3838
3 3828 3823 3829
3 3828 3823 3838
3 3812 3800 3820
3 3812 3832 3820
3 3812 3832 3833
3 3812 3813 3833
3 3817 3802 3816
3 3817 3814 3806
3 3817 3814 3802
3 3817 3811 3806
3 3817 3804 3810
3 3817 3811 3810
3 3817 3800 3816
3 3817 3812 3800
3 3817 3812 3804
3 3805 3811 3807
3 3805 3811 3810
3 3805 3819 3807
3 3805 3804 3810
3 3805 3812 3804
3 3805 3812 3813
3 3805 3825 3833
3 3805 3813 3833
3 3839 3825 3833
3 3839 3821 3838
3 3839 3821 3833
3 3839 3823 3835
3 3839 3823 3838
3 3839 3827 3835
3 3839 3805 3819
3 3839 3805 3825
3 3839 3819 3807
3 3839 3827 3807
3 3840 3876 3860
3 3840 3876 3856
3 3862 3876 3856
3 3862 3842 3856
3 3872 3840 3860
3 3872 3852 3840
3 3863 3862 3874
3 3863 3875 3874
3 3863 3862 3869
3 3854 3875 3874
3 3854 3875 3855
3 3854 3862 3874
3 3854 3862 3842
3 3851 3854 3855
3 3851 3847 3855
3 3851 3854 3846
3 3879 3865 3873
3 3879 3861 3878
3 3879 3861 3873
3 3845 3851 3847
3 3845 3851 3850
3 3845 3859 3847
3 3845 3879 3865
3 3845 3879 3859
3 3868 3876 3860
3 3868 3862 3869
3 3868 3862 3876
3 3868 3861 3873
3 3868 3872 3860
3 3868 3872 3873
3 3868 3861 3878
3 3868 3863 3869
3 3868 3863 3878
3 3857 3854 3842
3 3857 3842 3856
3 3857 3854 3846
3 3857 3840 3856
3 3857 3852 3840
3 3857 3844 3852
3 3857 3851 3846
3 3857 3851 3850
3 3857 3844 3850
3 3867 3863 3875
3 3867 3863 3878
3 3867 3879 3878
3 3867 3847 3855
3 3867 3875 3855
3 3867 3859 3847
3 3867 3879 3859
3 3853 3844 3850
3 3853 3844 3852
3 3853 3845 3850
3 3853 3872 3852
3 3853 3872 3873
3 3853 3865 3873
3 3853 3845 3865
3 3880 3916 3900
3 3880 3916 3896
3 3902 3916 3896
3 3902 3882 3896
3 3912 3880 3900
3 3912 3892 3880
3 3903 3902 3914
3 3903 3915 3914
3 3903 3902 3909
3 3894 3915 3914
3 3894 3915 3895
3 3894 3902 3914
3 3894 3902 3882
3 3891 3894 3895
3 3891 3887 3895
3 3891 3894 3886
3 3919 3905 3913
3 3919 3901 3918
3 3919 3901 3913
3 3885 3891 3887
3 3885 3891 3890
3 3885 3899 3887
3 3885 3919 3905
3 3885 3919 3899
3 3908 3916 3900
3 3908 3902 3909
3 3908 3902 3916
3 3908 3901 3913
3 3908 3912 3900
3 3908 3912 3913
3 3908 3901 3918
3 3908 3903 3909
3 3908 3903 3918
3 3897 3894 3882
3 3897 3882 3896
3 3897 3894 3886
3 3897 3880 3896
3 3897 3892 3880
3 3897 3884 3892
3 3897 3891 3886
3 3897 3891 3890
3 3897 3884 3890
3 3907 3903 3915
3 3907 3903 3918
3 3907 3919 3918
3 3907 3887 3895
3 3907 3915 3895
3 3907 3899 3887
3 3907 3919 3899
3 3893 3884 3890
3 3893 3884 3892
3 3893 3885 3890
3 3893 3912 3892
3 3893 3912 3913
3 3893 3905 3913
3 3893 3885 3905
3 3920 3956 3940
3 3920 3956 3936
3 3942 3956 3936
3 3942 3922 3936
3 3943 3942 3954
3 3943 3955 3954
3 3943 3942 3949
3 3934 3955 3954
3 3934 3955 3935
3 3934 3942 3954
3 3934 3942 3922
3 3931 3934 3935
3 3931 3927 3935
3 3931 3934 3926
3 3947 3927 3935
3 3947 3955 3935
3 3948 3956 3940
3 3948 3942 3949
3 3948 3942 3956
3 3948 3941 3953
3 3948 3952 3940
3 3948 3952 3953
3 3948 3941 3958
3 3948 3943 3949
3 3948 3943 3958
3 3932 3920 3940
3 3932 3952 3940
3 3932 3952 3953
3 3932 3933 3953
3 3937 3922 3936
3 3937 3934 3926
3 3937 3934 3922
3 3937 3931 3926
3 3937 3924 3930
3 3937 3931 3930
3 3937 3920 3936
3 3937 3932 3920
3 3937 3932 3924
3 3925 3931 3927
3 3925 3931 3930
3 3925 3939 3927
3 3925 3924 3930
3 3925 3932 3924
3 3925 3932 3933
3 3925 3945 3953
3 3925 3933 3953
3 3959 3945 3953
3 3959 3941 3958
3 3959 3941 3953
3 3959 3943 3955
3 3959 3943 3958
3 3959 3947 3955
3 3959 3925 3939
3 3959 3925 3945
3 3959 3939 3927
3 3959 3947 3927
3 3960 3996 3980
3 3960 3996 3976
3 3982 3996 3976
3 3982 3962 3976
3 3992 3960 3980
3 3992 3972 3960
3 3983 3982 3994
3 3983 3995 3994
3 3983 3982 3989
3 3974 3995 3994
3 3974 3995 3975
3 3974 3982 3994
3 3974 3982 3962
3 3971 3974 3975
3 3971 3967 3975
3 3971 3974 3966
3 3999 3985 3993
3 3999 3981 3998
3 3999 3981 3993
3 3973 3992 3972
3 3973 3992 3993
3 3988 3996 3980
3 3988 3982 3989
3 3988 3982 3996
3 3988 3981 3993
3 3988 3992 3980
3 3988 3992 3993
3 3988 3981 3998
3 3988 3983 3989
3 3988 3983 3998
3 3977 3974 3962
3 3977 3962 3976
3 3977 3974 3966
3 3977 3960 3976
3 3977 3972 3960
3 3977 3964 3972
3 3977 3971 3966
3 3977 3971 3970
3 3977 3964 3970
3 3987 3983 3995
3 3987 3983 3998
3 3987 3999 3998
3 3987 3967 3975
3 3987 3995 3975
3 3987 3979 3967
3 3987 3999 3979
3 3965 3964 3970
3 3965 3964 3972
3 3965 3973 3972
3 3965 3985 3993
3 3965 3973 3993
3 3965 3971 3967
3 3965 3971 3970
3 3965 3979 3967
3 3965 3999 3985
3 3965 3999 3979
3 4032 4025 4030
3 4032 4024 4030
3 4032 4025 4033
3 4013 4000 4012
3 4013 4000 4008
3 4013 4001 4008
3 4013 4032 4012
3 4013 4032 4033
3 4037 4000 4016
3 4037 4000 4012
3 4037 4032 4012
3 4037 4032 4024
3 4039 4013 4001
3 4039 4001 4018
3 4039 4025 4033
3 4039 4013 4033
3 4014 4037 4016
3 4014 4026 4034
3 4014 4037 4026
3 4014 4002 4016
3 4035 4014 4034
3 4035 4014 4015
3 4009 4000 4016
3 4009 4000 4008
3 4009 4002 4016
3 4009 4001 4008
3 4009 4001 4018
3 4009 4003 4018
3 4009 4014 4002
3 4009 4003 4015
3 4009 4014 4015
3 4031 4037 4024
3 4031 4024 4030
3 4031 4037 4026
3 4027 4039 4018
3 4027 4003 4018
3 4027 4003 4015
3 4027 4035 4015
3 4027 4025 4030
3 4027 4039 4025
3 4027 4031 4030
3 4027 4026 4034
3 4027 4035 4034
3 4027 4031 4026
3 4040 4076 4060
3 4040 4076 4056
3 4062 4076 4056
3 4062 4042 4056
3 4052 4040 4060
3 4052 4072 4060
3 4052 4072 4073
3 4052 4053 4073
3 4063 4062 4074
3 4063 4075 4074
3 4063 4062 4069
3 4054 4075 4074
3 4054 4075 4055
3 4054 4062 4074
3 4054 4062 4042
3 4051 4054 4055
3 4051 4047 4055
3 4051 4054 4046
3 4079 4065 4073
3 4079 4061 4078
3 4079 4061 4073
3 4068 4076 4060
3 4068 4062 4069
3 4068 4062 4076
3 4068 4061 4073
3 4068 4072 4060
3 4068 4072 4073
3 4068 4061 4078
3 4068 4063 4069
3 4068 4063 4078
3 4057 4042 4056
3 4057 4054 4042
3 4057 4054 4046
3 4045 4051 4047
3 4045 4051 4050
3 4045 4059 4047
3 4045 4079 4065
3 4045 4079 4059
3 4045 4065 4073
3 4045 4053 4073
3 4067 4063 4075
3 4067 4063 4078
3 4067 4079 4078
3 4067 4047 4055
3 4067 4075 4055
3 4067 4059 4047
3 4067 4079 4059
3 4044 4051 4050
3 4044 4051 4046
3 4044 4057 4046
3 4044 4040 4056
3 4044 4052 4040
3 4044 4057 4056
3 4044 4052 4053
3 4044 4045 4050
3 4044 4045 4053
3 4080 4116 4100
3 4080 4116 4096
3 4102 4116 4096
3 4102 4082 4096
3 4108 4116 4100
3 4108 4102 4109
3 4108 4102 4116
3 4103 4102 4114
3 4103 4115 4114
3 4103 4102 4109
3 4094 4115 4114
3 4094 4115 4095
3 4094 4102 4114
3 4094 4102 4082
3 4091 4094 4095
3 4091 4087 4095
3 4091 4094 4086
3 4107 4103 4118
3 4107 4119 4118
3 4107 4103 4115
3 4107 4087 4095
3 4107 4115 4095
3 4107 4099 4087
3 4107 4099 4119
3 4101 4112 4113
3 4101 4112 4100
3 4101 4108 4100
3 4101 4108 4109
3 4101 4103 4109
3 4101 4103 4118
3 4101 4119 4118
3 4101 4105 4113
3 4101 4105 4119
3 4092 4080 4100
3 4092 4112 4100
3 4092 4112 4113
3 4092 4093 4113
3 4097 4082 4096
3 4097 4094 4086
3 4097 4094 4082
3 4097 4091 4086
3 4097 4084 4090
3 4097 4091 4090
3 4097 4080 4096
3 4097 4092 4080
3 4097 4092 4084
3 4085 4084 4090
3 4085 4092 4084
3 4085 4092 4093
3 4085 4105 4113
3 4085 4093 4113
3 4085 4091 4087
3 4085 4091 4090
3 4085 4099 4087
3 4085 4105 4119
3 4085 4099 4119
3 4120 4156 4140
3 4120 4156 4136
3 4142 4156 4136
3 4142 4122 4136
3 4143 4142 4154
3 4143 4155 4154
3 4143 4142 4149
3 4134 4155 4154
3 4134 4155 4135
3 4134 4142 4154
3 4134 4142 4122
3 4131 4134 4135
3 4131 4127 4135
3 4131 4134 4126
3 4147 4127 4135
3 4147 4155 4135
3 4148 4156 4140
3 4148 4142 4149
3 4148 4142 4156
3 4148 4141 4153
3 4148 4152 4140
3 4148 4152 4153
3 4148 4141 4158
3 4148 4143 4149
3 4148 4143 4158
3 4132 4120 4140
3 4132 4152 4140
3 4132 4152 4153
3 4132 4133 4153
3 4137 4122 4136
3 4137 4134 4126
3 4137 4134 4122
3 4137 4131 4126
3 4137 4124 4130
3 4137 4131 4130
3 4137 4120 4136
3 4137 4132 4120
3 4137 4132 4124
3 4125 4131 4127
3 4125 4131 4130
3 4125 4139 4127
3 4125 4124 4130
3 4125 4132 4124
3 4125 4132 4133
3 4125 4145 4153
3 4125 4133 4153
3 4159 4145 4153
3 4159 4141 4158
3 4159 4141 4153
3 4159 4143 4155
3 4159 4143 4158
3 4159 4147 4155
3 4159 4125 4139
3 4159 4125 4145
3 4159 4139 4127
3 4159 4147 4127
3 4160 4196 4180
3 4160 4196 4176
3 4182 4196 4176
3 4182 4162 4176
3 4188 4196 4180
3 4188 4182 4189
3 4188 4182 4196
3 4192 4160 4180
3 4192 4172 4160
3 4183 4182 4194
3 4183 4195 4194
3 4183 4182 4189
3 4174 4195 4194
3 4174 4195 4175
3 4174 4182 4194
3 4174 4182 4162
3 4171 4174 4175
3 4171 4167 4175
3 4171 4174 4166
3 4187 4167 4175
3 4187 4195 4175
3 4173 4192 4172
3 4173 4192 4193
3 4181 4188 4180
3 4181 4192 4180
3 4181 4192 4193
3 4181 4188 4189
3 4181 4183 4189
3 4181 4183 4198
3 4177 4174 4162
3 4177 4162 4176
3 4177 4174 4166
3 4177 4160 4176
3 4177 4172 4160
3 4177 4164 4172
3 4177 4171 4166
3 4177 4171 4170
3 4177 4164 4170
3 4199 4183 4195
3 4199 4183 4198
3 4199 4187 4195
3 4199 4181 4198
3 4199 4181 4193
3 4199 4185 4193
3 4199 4179 4167
3 4199 4187 4167
3 4165 4164 4170
3 4165 4164 4172
3 4165 4173 4172
3 4165 4173 4193
3 4165 4185 4193
3 4165 4171 4167
3 4165 4171 4170
3 4165 4179 4167
3 4165 4199 4185
3 4165 4199 4179
3 4200 4236 4220
3 4200 4236 4216
3 4222 4236 4216
3 4222 4202 4216
3 4223 4222 4234
3 4223 4235 4234
3 4223 4222 4229
3 4214 4235 4234
3 4214 4235 4215
3 4214 4222 4234
3 4214 4222 4202
3 4211 4214 4215
3 4211 4207 4215
3 4211 4214 4206
3 4239 4225 4233
3 4239 4221 4238
3 4239 4221 4233
3 4228 4236 4220
3 4228 4222 4229
3 4228 4222 4236
3 4228 4221 4233
3 4228 4232 4220
3 4228 4232 4233
3 4228 4221 4238
3 4228 4223 4229
3 4228 4223 4238
3 4212 4200 4220
3 4212 4232 4220
3 4212 4232 4233
3 4212 4213 4233
3 4217 4202 4216
3 4217 4214 4206
3 4217 4214 4202
3 4217 4211 4206
3 4217 4204 4210
3 4217 4211 4210
3 4217 4200 4216
3 4217 4212 4200
3 4217 4212 4204
3 4205 4211 4207
3 4205 4211 4210
3 4205 4219 4207
3 4205 4239 4225
3 4205 4239 4219
3 4205 4204 4210
3 4205 4212 4204
3 4205 4212 4213
3 4205 4225 4233
3 4205 4213 4233
3 4227 4223 4235
3 4227 4223 4238
3 4227 4239 4238
3 4227 4207 4215
3 4227 4235 4215
3 4227 4219 4207
3 4227 4239 4219
3 4272 4265 4270
3 4272 4264 4270
3 4272 4265 4273
3 4253 4240 4252
3 4253 4240 4248
3 4253 4241 4248
3 4253 4272 4252
3 4253 4272 4273
3 4277 4240 4256
3 4277 4240 4252
3 4277 4272 4252
3 4277 4272 4264
3 4254 4277 4256
3 4254 4266 4274
3 4254 4277 4266
3 4254 4242 4256
3 4249 4240 4256
3 4249 4240 4248
3 4249 4242 4256
3 4279 4253 4241
3 4279 4241 4258
3 4279 4265 4273
3 4279 4253 4273
3 4275 4254 4274
3 4275 4254 4255
3 4271 4277 4264
3 4271 4264 4270
3 4271 4277 4266
3 4271 4265 4270
3 4271 4279 4267
3 4271 4279 4265
3 4271 4266 4274
3 4271 4275 4274
3 4271 4275 4267
3 4243 4241 4248
3 4243 4241 4258
3 4243 4249 4248
3 4243 4254 4242
3 4243 4249 4242
3 4243 4254 4255
3 4243 4279 4258
3 4243 4275 4255
3 4243 4279 4267
3 4243 4275 4267
CELL_TYPES 5504
5 5 5 5 5 5 5 5 5 5 
5 5 5 5 5 5 5 5 5 5 
5 5 5 5 5 5 5 5 5 5 
5 5 5 5 5 5 5 5 5 5 
5 5 5 5 5 5 5 5 5 5 
5 5 5 5 5 5 5 5 5 5 
5 5 5 5 5 5 5 5 5 5 
5 5 5 5 5 5 5 5 5 5 
5 5 5 5 5 5 5 5 5 5 
5 5 5 5 5 5 5 5 5 5 
5 5 5 5 5 5 5 5 5 5 
5 5 5 5 5 5 5 5 5 5 
5 5 5 5 5 5 5 5 5 5 
5 5 5 5 5 5 5 5 5 5 
5 5 5 5 5 5 5 5 5 5 
5 5 5 5 5 5 5 5 5 5 
5 5 5 5 5 5 5 5 5 5 
5 5 5 5 5 5 5 5 5 5 
5 5 5 5 5 5 5 5 5 5 
5 5 5 5 5 5 5 5 5 5 
5 5 5 5 5 5 5 5 5 5 
5 5 5 5 5 5 5 5 5 5 
5 5 5 5 5 5 5 5 5 5 
5 5 5 5 5 5 5 5 5 5 
5 5 5 5 5 5 5 5 5 5 
5 5 5 5 5 5 5 5 5 5 
5 5 5 5 5 5 5 5 5 5 
5 5 5 5 5 5 5 5 5 5 
5 5 5 5 5 5 5 5 5 5 
5 5 5 5 5 5 5 5 5 5 
5 5 5 5 5 5 5 5 5 5 
5 5 5 5 5 5 5 5 5 5 
5 5 5 5 5 5 5 5 5 5 
5 5 5 5 5 5 5 5 5 5 
5 5 5 5 5 5 5 5 5 5 
5 5 5 5 5 5 5 5 5 5 
5 5 5 5 5 5 5 5 5 5 
5 5 5 5 5 5 5 5 5 5 
5 5 5 5 5 5 5 5 5 5 
5 5 5 5 5 5 5 5 5 5 
5 5 5 5 5 5 5 5 5 5 
5 5 5 5 5 5 5 5 5 5 
5 5 5 5 5 5 5 5 5 5 
5 5 5 5 5 5 5 5 5 5 
5 5 5 5 5 5 5 5 5 5 
5 5 5 5 5 5 5 5 5 5 
5 5 5 5 5 5 5 5 5 5 
5 5 5 5 5 5 5 5 5 5 
5 5 5 5 5 5 5 5 5 5 
5 5 5 5 5 5 5 5 5 5 
5 5 5 5 5 5 5 5 5 5 
5 5 5 5 5 5 5 5 5 5 
5 5 5 5 5 5 5 5 5 5 
5 5 5 5 5 5 5 5 5 5 
5 5 5 5 5 5 5 5 5 5 
5 5 5 5 5 5 5 5 5 5 
5 5 5 5 5 5 5 5 5 5 
5 5 5 5 5 5 5 5 5 5 
5 5 5 5 5 5 5 5 5 5 
5 5 5 5 5 5 5 5 5 5 
5 5 5 5 5 5 5 5 5 5 
5 5 5 5 5 5 5 5 5 5 
5 5 5 5 5 5 5 5 5 5 
5 5 5 5 5 5 5 5 5 5 
5 5 5 5 5 5 5 5 5 5 
5 5 5 5 5 5 5 5 5 5 
5 5 5 5 5 5 5 5 5 5 
5 5 5 5 5 5 5 5 5 5 
5 5 5 5 5 5 5 5 5 5 
5 5 5 5 5 5 5 5 5 5 
5 5 5 5 5 5 5 5 5 5 
5 5 5 5 5 5 5 5 5 5 
5 5 5 5 5 5 5 5 5 5 
5 5 5 5 5 5 5 5 5 5 
5 5 5 5 5 5 5 5 5 5 
5 5 5 5 5 5 5 5 5 5 
5 5 5 5 5 5 5 5 5 5 
5 5 5 5 5 5 5 5 5 5 
5 5 5 5 5 5 5 5 5 5 
5 5 5 5 5 5 5 5 5 5 
5 5 5 5 5 5 5 5 5 5 
5 5 5 5 5 5 5 5 5 5 
5 5 5 5 5 5 5 5 5 5 
5 5 5 5 5 5 5 5 5 5 
5 5 5 5 5 5 5 5 5 5 
5 5 5 5 5 5 5 5 5 5 
5 5 5 5 5 5 5 5 5 5 
5 5 5 5 5 5 5 5 5 5 
5 5 5 5 5 5 5 5 5 5 
5 5 5 5 5 5 5 5 5 5 
5 5 5 5 5 5 5 5 5 5 
5 5 5 5 5 5 5 5 5 5 
5 5 5 5 5 5 5 5 5 5 
5 5 5 5 5 5 5 5 5 5 
5 5 5 5 5 5 5 5 5 5 
5 5 5 5 5 5 5 5 5 5 
5 5 5 5 5 5 5 5 5 5 
5 5 5 5 5 5 5 5 5 5 
5 5 5 5 5 5 5 5 5 5 
5 5 5 5 5 5 5 5 5 5 
5 5 5 5 5 5 5 5 5 5 
5 5 5 5 5 5 5 5 5 5 
5 5 5 5 5 5 5 5 5 5 
5 5 5 5 5 5 5 5 5 5 
5 5 5 5 5 5 5 5 5 5 
5 5 5 5 5 5 5 5 5 5 
5 5 5 5 5 5 5 5 5 5 
5 5 5 5 5 5 5 5 5 5 
5 5 5 5 5 5 5 5 5 5 
5 5 5 5 5 5 5 5 5 5 
5 5 5 5 5 5 5 5 5 5 
5 5 5 5 5 5 5 5 5 5 
5 5 5 5 5 5 5 5 5 5 
5 5 5 5 5 5 5 5 5 5 
5 5 5 5 5 5 5 5 5 5 
5 5 5 5 5 5 5 5 5 5 
5 5 5 5 5 5 5 5 5 5 
5 5 5 5 5 5 5 5 5 5 
5 5 5 5 5 5 5 5 5 5 
5 5 5 5 5 5 5 5 5 5 
5 5 5 5 5 5 5 5 5 5 
5 5 5 5 5 5 5 5 5 5 
5 5 5 5 5 5 5 5 5 5 
5 5 5 5 5 5 5 5 5 5 
5 5 5 5 5 5 5 5 5 5 
5 5 5 5 5 5 5 5 5 5 
5 5 5 5 5 5 5 5 5 5 
5 5 5 5 5 5 5 5 5 5 
5 5 5 5 5 5 5 5 5 5 
5 5 5 5 5 5 5 5 5 5 
5 5 5 5 5 5 5 5 5 5 
5 5 5 5 5 5 5 5 5 5 
5 5 5 5 5 5 5 5 5 5 
5 5 5 5 5 5 5 5 5 5 
5 5 5 5 5 5 5 5 5 5 
5 5 5 5 5 5 5 5 5 5 
5 5 5 5 5 5 5 5 5 5 
5 5 5 5 5 5 5 5 5 5 
5 5 5 5 5 5 5 5 5 5 
5 5 5 5 5 5 5 5 5 5 
5 5 5 5 5 5 5 5 5 5 
5 5 5 5 5 5 5 5 5 5 
5 5 5 5 5 5 5 5 5 5 
5 5 5 5 5 5 5 5 5 5 
5 5 5 5 5 5 5 5 5 5 
5 5 5 5 5 5 5 5 5 5 
5 5 5 5 5 5 5 5 5 5 
5 5 5 5 5 5 5 5 5 5 
5 5 5 5 5 5 5 5 5 5 
5 5 5 5 5 5 5 5 5 5 
5 5 5 5 5 5 5 5 5 5 
5 5 5 5 5 5 5 5 5 5 
5 5 5 5 5 5 5 5 5 5 
5 5 5 5 5 5 5 5 5 5 
5 5 5 5 5 5 5 5 5 5 
5 5 5 5 5 5 5 5 5 5 
5 5 5 5 5 5 5 5 5 5 
5 5 5 5 5 5 5 5 5 5 
5 5 5 5 5 5 5 5 5 5 
5 5 5 5 5 5 5 5 5 5 
5 5 5 5 5 5 5 5 5 5 
5 5 5 5 5 5 5 5 5 5 
5 5 5 5 5 5 5 5 5 5 
5 5 5 5 5 5 5 5 5 5 
5 5 5 5 5 5 5 5 5 5 
5 5 5 5 5 5 5 5 5 5 
5 5 5 5 5 5 5 5 5 5 
5 5 5 5 5 5 5 5 5 5 
5 5 5 5 5 5 5 5 5 5 
5 5 5 5 5 5 5 5 5 5 
5 5 5 5 5 5 5 5 5 5 
5 5 5 5 5 5 5 5 5 5 
5 5 5 5 5 5 5 5 5 5 
5 5 5 5 5 5 5 5 5 5 
5 5 5 5 5 5 5 5 5 5 
5 5 5 5 5 5 5 5 5 5 
5 5 5 5 5 5 5 5 5 5 
5 5 5 5 5 5 5 5 5 5 
5 5 5 5 5 5 5 5 5 5 
5 5 5 5 5 5 5 5 5 5 
5 5 5 5 5 5 5 5 5 5 
5 5 5 5 5 5 5 5 5 5 
5 5 5 5 5 5 5 5 5 5 
5 5 5 5 5 5 5 5 5 5 
5 5 5 5 5 5 5 5 5 5 
5 5 5 5 5 5 5 5 5 5 
5 5 5 5 5 5 5 5 5 5 
5 5 5 5 5 5 5 5 5 5 
5 5 5 5 5 5 5 5 5 5 
5 5 5 5 5 5 5 5 5 5 
5 5 5 5 5 5 5 5 5 5 
5 5 5 5 5 5 5 5 5 5 
5 5 5 5 5 5 5 5 5 5 
5 5 5 5 5 5 5 5 5 5 
5 5 5 5 5 5 5 5 5 5 
5 5 5 5 5 5 5 5 5 5 
5 5 5 5 5 5 5 5 5 5 
5 5 5 5 5 5 5 5 5 5 
5 5 5 5 5 5 5 5 5 5 
5 5 5 5 5 5 5 5 5 5 
5 5 5 5 5 5 5 5 5 5 
5 5 5 5 5 5 5 5 5 5 
5 5 5 5 5 5 5 5 5 5 
5 5 5 5 5 5 5 5 5 5 
5 5 5 5 5 5 5 5 5 5 
5 5 5 5 5 5 5 5 5 5 
5 5 5 5 5 5 5 5 5 5 
5 5 5 5 5 5 5 5 5 5 
5 5 5 5 5 5 5 5 5 5 
5 5 5 5 5 5 5 5 5 5 
5 5 5 5 5 5 5 5 5 5 
5 5 5 5 5 5 5 5 5 5 
5 5 5 5 5 5 5 5 5 5 
5 5 5 5 5 5 5 5 5 5 
5 5 5 5 5 5 5 5 5 5 
5 5 5 5 5 5 5 5 5 5 
5 5 5 5 5 5 5 5 5 5 
5 5 5 5 5 5 5 5 5 5 
5 5 5 5 5 5 5 5 5 5 
5 5 5 5 5 5 5 5 5 5 
5 5 5 5 5 5 5 5 5 5 
5 5 5 5 5 5 5 5 5 5 
5 5 5 5 5 5 5 5 5 5 
5 5 5 5 5 5 5 5 5 5 
5 5 5 5 5 5 5 5 5 5 
5 5 5 5 5 5 5 5 5 5 
5 5 5 5 5 5 5 5 5 5 
5 5 5 5 5 5 5 5 5 5 
5 5 5 5 5 5 5 5 5 5 
5 5 5 5 5 5 5 5 5 5 
5 5 5 5 5 5 5 5 5 5 
5 5 5 5 5 5 5 5 5 5 
5 5 5 5 5 5 5 5 5 5 
5 5 5 5 5 5 5 5 5 5 
5 5 5 5 5 5 5 5 5 5 
5 5 5 5 5 5 5 5 5 5 
5 5 5 5 5 5 5 5 5 5 
5 5 5 5 5 5 5 5 5 5 
5 5 5 5 5 5 5 5 5 5 
5 5 5 5 5 5 5 5 5 5 
5 5 5 5 5 5 5 5 5 5 
5 5 5 5 5 5 5 5 5 5 
5 5 5 5 5 5 5 5 5 5 
5 5 5 5 5 5 5 5 5 5 
5 5 5 5 5 5 5 5 5 5 
5 5 5 5 5 5 5 5 5 5 
5 5 5 5 5 5 5 5 5 5 
5 5 5 5 5 5 5 5 5 5 
5 5 5 5 5 5 5 5 5 5 
5 5 5 5 5 5 5 5 5 5 
5 5 5 5 5 5 5 5 5 5 
5 5 5 5 5 5 5 5 5 5 
5 5 5 5 5 5 5 5 5 5 
5 5 5 5 5 5 5 5 5 5 
5 5 5 5 5 5 5 5 5 5 
5 5 5 5 5 5 5 5 5 5 
5 5 5 5 5 5 5 5 5 5 
5 5 5 5 5 5 5 5 5 5 
5 5 5 5 5 5 5 5 5 5 
5 5 5 5 5 5 5 5 5 5 
5 5 5 5 5 5 5 5 5 5 
5 5 5 5 5 5 5 5 5 5 
5 5 5 5 5 5 5 5 5 5 
5 5 5 5 5 5 5 5 5 5 
5 5 5 5 5 5 5 5 5 5 
5 5 5 5 5 5 5 5 5 5 
5 5 5 5 5 5 5 5 5 5 
5 5 5 5 5 5 5 5 5 5 
5 5 5 5 5 5 5 5 5 5 
5 5 5 5 5 5 5 5 5 5 
5 5 5 5 5 5 5 5 5 5 
5 5 5 5 5 5 5 5 5 5 
5 5 5 5 5 5 5 5 5 5 
5 5 5 5 5 5 5 5 5 5 
5 5 5 5 5 5 5 5 5 5 
5 5 5 5 5 5 5 5 5 5 
5 5 5 5 5 5 5 5 5 5 
5 5 5 5 5 5 5 5 5 5 
5 5 5 5 5 5 5 5 5 5 
5 5 5 5 5 5 5 5 5 5 
5 5 5 5 5 5 5 5 5 5 
5 5 5 5 5 5 5 5 5 5 
5 5 5 5 5 5 5 5 5 5 
5 5 5 5 5 5 5 5 5 5 
5 5 5 5 5 5 5 5 5 5 
5 5 5 5 5 5 5 5 5 5 
5 5 5 5 5 5 5 5 5 5 
5 5 5 5 5 5 5 5 5 5 
5 5 5 5 5 5 5 5 5 5 
5 5 5 5 5 5 5 5 5 5 
5 5 5 5 5 5 5 5 5 5 
5 5 5 5 5 5 5 5 5 5 
5 5 5 5 5 5 5 5 5 5 
5 5 5 5 5 5 5 5 5 5 
5 5 5 5 5 5 5 5 5 5 
5 5 5 5 5 5 5 5 5 5 
5 5 5 5 5 5 5 5 5 5 
5 5 5 5 5 5 5 5 5 5 
5 5 5 5 5 5 5 5 5 5 
5 5 5 5 5 5 5 5 5 5 
5 5 5 5 5 5 5 5 5 5 
5 5 5 5 5 5 5 5 5 5 
5 5 5 5 5 5 5 5 5 5 
5 5 5 5 5 5 5 5 5 5 
5 5 5 5 5 5 5 5 5 5 
5 5 5 5 5 5 5 5 5 5 
5 5 5 5 5 5 5 5 5 5 
5 5 5 5 5 5 5 5 5 5 
5 5 5 5 5 5 5 5 5 5 
5 5 5 5 5 5 5 5 5 5 
5 5 5 5 5 5 5 5 5 5 
5 5 5 5 5 5 5 5 5 5 
5 5 5 5 5 5 5 5 5 5 
5 5 5 5 5 5 5 5 5 5 
5 5 5 5 5 5 5 5 5 5 
5 5 5 5 5 5 5 5 5 5 
5 5 5 5 5 5 5 5 5 5 
5 5 5 5 5 5 5 5 5 5 
5 5 5 5 5 5 5 5 5 5 
5 5 5 5 5 5 5 5 5 5 
5 5 5 5 5 5 5 5 5 5 
5 5 5 5 5 5 5 5 5 5 
5 5 5 5 5 5 5 5 5 5 
5 5 5 5 5 5 5 5 5 5 
5 5 5 5 5 5 5 5 5 5 
5 5 5 5 5 5 5 5 5 5 
5 5 5 5 5 5 5 5 5 5 
5 5 5 5 5 5 5 5 5 5 
5 5 5 5 5 5 5 5 5 5 
5 5 5 5 5 5 5 5 5 5 
5 5 5 5 5 5 5 5 5 5 
5 5 5 5 5 5 5 5 5 5 
5 5 5 5 5 5 5 5 5 5 
5 5 5 5 5 5 5 5 5 5 
5 5 5 5 5 5 5 5 5 5 
5 5 5 5 5 5 5 5 5 5 
5 5 5 5 5 5 5 5 5 5 
5 5 5 5 5 5 5 5 5 5 
5 5 5 5 5 5 5 5 5 5 
5 5 5 5 5 5 5 5 5 5 
5 5 5 5 5 5 5 5 5 5 
5 5 5 5 5 5 5 5 5 5 
5 5 5 5 5 5 5 5 5 5 
5 5 5 5 5 5 5 5 5 5 
5 5 5 5 5 5 5 5 5 5 
5 5 5 5 5 5 5 5 5 5 
5 5 5 5 5 5 5 5 5 5 
5 5 5 5 5 5 5 5 5 5 
5 5 5 5 5 5 5 5 5 5 
5 5 5 5 5 5 5 5 5 5 
5 5 5 5 5 5 5 5 5 5 
5 5 5 5 5 5 5 5 5 5 
5 5 5 5 5 5 5 5 5 5 
5 5 5 5 5 5 5 5 5 5 
5 5 5 5 5 5 5 5 5 5 
5 5 5 5 5 5 5 5 5 5 
5 5 5 5 5 5 5 5 5 5 
5 5 5 5 5 5 5 5 5 5 
5 5 5 5 5 5 5 5 5 5 
5 5 5 5 5 5 5 5 5 5 
5 5 5 5 5 5 5 5 5 5 
5 5 5 5 5 5 5 5 5 5 
5 5 5 5 5 5 5 5 5 5 
5 5 5 5 5 5 5 5 5 5 
5 5 5 5 5 5 5 5 5 5 
5 5 5 5 5 5 5 5 5 5 
5 5 5 5 5 5 5 5 5 5 
5 5 5 5 5 5 5 5 5 5 
5 5 5 5 5 5 5 5 5 5 
5 5 5 5 5 5 5 5 5 5 
5 5 5 5 5 5 5 5 5 5 
5 5 5 5 5 5 5 5 5 5 
5 5 5 5 5 5 5 5 5 5 
5 5 5 5 5 5 5 5 5 5 
5 5 5 5 5 5 5 5 5 5 
5 5 5 5 5 5 5 5 5 5 
5 5 5 5 5 5 5 5 5 5 
5 5 5 5 5 5 5 5 5 5 
5 5 5 5 5 5 5 5 5 5 
5 5 5 5 5 5 5 5 5 5 
5 5 5 5 5 5 5 5 5 5 
5 5 5 5 5 5 5 5 5 5 
5 5 5 5 5 5 5 5 5 5 
5 5 5 5 5 5 5 5 5 5 
5 5 5 5 5 5 5 5 5 5 
5 5 5 5 5 5 5 5 5 5 
5 5 5 5 5 5 5 5 5 5 
5 5 5 5 5 5 5 5 5 5 
5 5 5 5 5 5 5 5 5 5 
5 5 5 5 5 5 5 5 5 5 
5 5 5 5 5 5 5 5 5 5 
5 5 5 5 5 5 5 5 5 5 
5 5 5 5 5 5 5 5 5 5 
5 5 5 5 5 5 5 5 5 5 
5 5 5 5 5 5 5 5 5 5 
5 5 5 5 5 5 5 5 5 5 
5 5 5 5 5 5 5 5 5 5 
5 5 5 5 5 5 5 5 5 5 
5 5 5 5 5 5 5 5 5 5 
5 5 5 5 5 5 5 5 5 5 
5 5 5 5 5 5 5 5 5 5 
5 5 5 5 5 5 5 5 5 5 
5 5 5 5 5 5 5 5 5 5 
5 5 5 5 5 5 5 5 5 5 
5 5 5 5 5 5 5 5 5 5 
5 5 5 5 5 5 5 5 5 5 
5 5 5 5 5 5 5 5 5 5 
5 5 5 5 5 5 5 5 5 5 
5 5 5 5 5 5 5 5 5 5 
5 5 5 5 5 5 5 5 5 5 
5 5 5 5 5 5 5 5 5 5 
5 5 5 5 5 5 5 5 5 5 
5 5 5 5 5 5 5 5 5 5 
5 5 5 5 5 5 5 5 5 5 
5 5 5 5 5 5 5 5 5 5 
5 5 5 5 5 5 5 5 5 5 
5 5 5 5 5 5 5 5 5 5 
5 5 5 5 5 5 5 5 5 5 
5 5 5 5 5 5 5 5 5 5 
5 5 5 5 5 5 5 5 5 5 
5 5 5 5 5 5 5 5 5 5 
5 5 5 5 5 5 5 5 5 5 
5 5 5 5 5 5 5 5 5 5 
5 5 5 5 5 5 5 5 5 5 
5 5 5 5 5 5 5 5 5 5 
5 5 5 5 5 5 5 5 5 5 
5 5 5 5 5 5 5 5 5 5 
5 5 5 5 5 5 5 5 5 5 
5 5 5 5 5 5 5 5 5 5 
5 5 5 5 5 5 5 5 5 5 
5 5 5 5 5 5 5 5 5 5 
5 5 5 5 5 5 5 5 5 5 
5 5 5 5 5 5 5 5 5 5 
5 5 5 5 5 5 5 5 5 5 
5 5 5 5 5 5 5 5 5 5 
5 5 5 5 5 5 5 5 5 5 
5 5 5 5 5 5 5 5 5 5 
5 5 5 5 5 5 5 5 5 5 
5 5 5 5 5 5 5 5 5 5 
5 5 5 5 5 5 5 5 5 5 
5 5 5 5 5 5 5 5 5 5 
5 5 5 5 5 5 5 5 5 5 
5 5 5 5 5 5 5 5 5 5 
5 5 5 5 5 5 5 5 5 5 
5 5 5 5 5 5 5 5 5 5 
5 5 5 5 5 5 5 5 5 5 
5 5 5 5 5 5 5 5 5 5 
5 5 5 5 5 5 5 5 5 5 
5 5 5 5 5 5 5 5 5 5 
5 5 5 5 5 5 5 5 5 5 
5 5 5 5 5 5 5 5 5 5 
5 5 5 5 5 5 5 5 5 5 
5 5 5 5 5 5 5 5 5 5 
5 5 5 5 5 5 5 5 5 5 
5 5 5 5 5 5 5 5 5 5 
5 5 5 5 5 5 5 5 5 5 
5 5 5 5 5 5 5 5 5 5 
5 5 5 5 5 5 5 5 5 5 
5 5 5 5 5 5 5 5 5 5 
5 5 5 5 5 5 5 5 5 5 
5 5 5 5 5 5 5 5 5 5 
5 5 5 5 5 5 5 5 5 5 
5 5 5 5 5 5 5 5 5 5 
5 5 5 5 5 5 5 5 5 5 
5 5 5 5 5 5 5 5 5 5 
5 5 5 5 5 5 5 5 5 5 
5 5 5 5 5 5 5 5 5 5 
5 5 5 5 5 5 5 5 5 5 
5 5 5 5 5 5 5 5 5 5 
5 5 5 5 5 5 5 5 5 5 
5 5 5 5 5 5 5 5 5 5 
5 5 5 5 5 5 5 5 5 5 
5 5 5 5 5 5 5 5 5 5 
5 5 5 5 5 5 5 5 5 5 
5 5 5 5 5 5 5 5 5 5 
5 5 5 5 5 5 5 5 5 5 
5 5 5 5 5 5 5 5 5 5 
5 5 5 5 5 5 5 5 5 5 
5 5 5 5 5 5 5 5 5 5 
5 5 5 5 5 5 5 5 5 5 
5 5 5 5 5 5 5 5 5 5 
5 5 5 5 5 5 5 5 5 5 
5 5 5 5 5 5 5 5 5 5 
5 5 5 5 5 5 5 5 5 5 
5 5 5 5 5 5 5 5 5 5 
5 5 5 5 5 5 5 5 5 5 
5 5 5 5 5 5 5 5 5 5 
5 5 5 5 5 5 5 5 5 5 
5 5 5 5 5 5 5 5 5 5 
5 5 5 5 5 5 5 5 5 5 
5 5 5 5 5 5 5 5 5 5 
5 5 5 5 5 5 5 5 5 5 
5 5 5 5 5 5 5 5 5 5 
5 5 5 5 5 5 5 5 5 5 
5 5 5 5 5 5 5 5 5 5 
5 5 5 5 5 5 5 5 5 5 
5 5 5 5 5 5 5 5 5 5 
5 5 5 5 5 5 5 5 5 5 
5 5 5 5 5 5 5 5 5 5 
5 5 5 5 5 5 5 5 5 5 
5 5 5 5 5 5 5 5 5 5 
5 5 5 5 5 5 5 5 5 5 
5 5 5 5 5 5 5 5 5 5 
5 5 5 5 5 5 5 5 5 5 
5 5 5 5 5 5 5 5 5 5 
5 5 5 5 5 5 5 5 5 5 
5 5 5 5 5 5 5 5 5 5 
5 5 5 5 5 5 5 5 5 5 
5 5 5 5 5 5 5 5 5 5 
5 5 5 5 5 5 5 5 5 5 
5 5 5 5 5 5 5 5 5 5 
5 5 5 5 5 5 5 5 5 5 
5 5 5 5 5 5 5 5 5 5 
5 5 5 5 5 5 5 5 5 5 
5 5 5 5 5 5 5 5 5 5 
5 5 5 5 5 5 5 5 5 5 
5 5 5 5 5 5 5 5 5 5 
5 5 5 5 5 5 5 5 5 5 
5 5 5 5 5 5 5 5 5 5 
5 5 5 5 5 5 5 5 5 5 
5 5 5 5 5 5 5 5 5 5 
5 5 5 5 5 5 5 5 5 5 
5 5 5 5 5 5 5 5 5 5 
5 5 5 5 5 5 5 5 5 5 
5 5 5 5 5 5 5 5 5 5 
5 5 5 5 5 5 5 5 5 5 
5 5 5 5 5 5 5 5 5 5 
5 5 5 5 5 5 5 5 5 5 
5 5 5 5 5 5 5 5 5 5 
5 5 5 5 5 5 5 5 5 5 
5 5 5 5 5 5 5 5 5 5 
5 5 5 5 5 5 5 5 5 5 
5 5 5 5 5 5 5 5 5 5 
5 5 5 5 5 5 5 5 5 5 
5 5 5 5 5 5 5 5 5 5 
5 5 5 5 5 5 5 5 5 5 
5 5 5 5 5 5 5 5 5 5 
5 5 5 5 5 5 5 5 5 5 
5 5 5 5 5 5 5 5 5 5 
5 5 5 5 5 5 5 5 5 5 
5 5 5 5 5 5 5 5 5 5 
5 5 5 5 5 5 5 5 5 5 
5 5 5 5 5 5 5 5 5 5 
5 5 5 5 5 5 5 5 5 5 
5 5 5 5 5 5 5 5 5 5 
5 5 5 5 5 5 5 5 5 5 
5 5 5 5 5 5 5 5 5 5 
5 5 5 5 5 5 5 5 5 5 
5 5 5 5 5 5 5 5 5 5 
5 5 5 5 5 5 5 5 5 5 
5 5 5 5 
CELL_DATA 5504
SCALARS Pipe_Number float 1
LOOKUP_TABLE default
0 0 0 0 0 0 0 0 0 
0 0 0 0 0 0 0 0 0 0 
0 0 0 0 0 0 0 0 0 0 
0 0 0 0 0 0 0 0 0 0 
0 0 0 0 0 1 1 1 1 1 
1 1 1 1 1 1 1 1 1 1 
1 1 1 1 1 1 1 1 1 1 
1 1 1 1 1 1 1 1 1 1 
1 1 1 1 1 1 1 1 1 2 
2 2 2 2 2 2 2 2 2 2 
2 2 2 2 2 2 2 2 2 2 
2 2 2 2 2 2 2 2 2 2 
2 2 2 2 2 2 2 2 2 2 
2 2 2 3 3 3 3 3 3 3 
3 3 3 3 3 3 3 3 3 3 
3 3 3 3 3 3 3 3 3 3 
3 3 3 3 3 3 3 3 3 3 
3 3 3 3 3 3 3 4 4 4 
4 4 4 4 4 4 4 4 4 4 
4 4 4 4 4 4 4 4 4 4 
4 4 4 4 4 4 4 4 4 4 
4 4 4 4 4 4 4 4 4 4 
4 5 5 5 5 5 5 5 5 5 
5 5 5 5 5 5 5 5 5 5 
5 5 5 5 5 5 5 5 5 5 
5 5 5 5 5 5 5 5 5 5 
5 5 5 5 5 6 6 6 6 6 
6 6 6 6 6 6 6 6 6 6 
6 6 6 6 6 6 6 6 6 6 
6 6 6 6 6 6 6 6 6 6 
6 6 6 6 6 6 6 6 6 7 
7 7 7 7 7 7 7 7 7 7 
7 7 7 7 7 7 7 7 7 7 
7 7 7 7 7 7 7 7 7 7 
7 7 7 7 7 7 7 7 7 7 
7 7 7 8 8 8 8 8 8 8 
8 8 8 8 8 8 8 8 8 8 
8 8 8 8 8 8 8 8 8 8 
8 8 8 8 8 8 8 8 8 8 
8 8 8 8 8 8 8 9 9 9 
9 9 9 9 9 9 9 9 9 9 
9 9 9 9 9 9 9 9 9 9 
9 9 9 9 9 9 9 9 9 9 
9 9 9 9 9 9 9 9 9 9 
9 10 10 10 10 10 10 10 10 10 
10 10 10 10 10 10 10 10 10 10 
10 10 10 10 10 10 10 10 10 10 
10 10 10 10 10 10 10 10 10 10 
10 10 10 10 10 11 11 11 11 11 
11 11 11 11 11 11 11 11 11 11 
11 11 11 11 11 11 11 11 11 11 
11 11 11 11 11 11 11 11 11 11 
11 11 11 11 11 11 11 11 11 12 
12 12 12 12 12 12 12 12 12 12 
12 12 12 12 12 12 12 12 12 12 
12 12 12 12 12 12 12 12 12 12 
12 12 12 12 12 12 12 12 12 12 
12 12 12 13 13 13 13 13 13 13 
13 13 13 13 13 13 13 13 13 13 
13 13 13 13 13 13 13 13 13 13 
13 13 13 13 13 13 13 13 13 13 
13 13 13 13 13 13 13 14 14 14 
14 14 14 14 14 14 14 14 14 14 
14 14 14 14 14 14 14 14 14 14 
14 14 14 14 14 14 14 14 14 14 
14 14 14 14 14 14 14 14 14 14 
14 15 15 15 15 15 15 15 15 15 
15 15 15 15 15 15 15 15 15 15 
15 15 15 15 15 15 15 15 15 15 
15 15 15 15 15 15 15 15 15 15 
15 15 15 15 15 16 16 16 16 16 
16 16 16 16 16 16 16 16 16 16 
16 16 16 16 16 16 16 16 16 16 
16 16 16 16 16 16 16 16 16 16 
16 16 16 16 16 16 16 16 16 17 
17 17 17 17 17 17 17 17 17 17 
17 17 17 17 17 17 17 17 17 17 
17 17 17 17 17 17 17 17 17 17 
17 17 17 17 17 17 17 17 17 17 
17 17 17 18 18 18 18 18 18 18 
18 18 18 18 18 18 18 18 18 18 
18 18 18 18 18 18 18 18 18 18 
18 18 18 18 18 18 18 18 18 18 
18 18 18 18 18 18 18 19 19 19 
19 19 19 19 19 19 19 19 19 19 
19 19 19 19 19 19 19 19 19 19 
19 19 19 19 19 19 19 19 19 19 
19 19 19 19 19 19 19 19 19 19 
19 20 20 20 20 20 20 20 20 20 
20 20 20 20 20 20 20 20 20 20 
20 20 20 20 20 20 20 20 20 20 
20 20 20 20 20 20 20 20 20 20 
20 20 20 20 20 20 20 20 20 20 
20 20 20 20 20 20 20 21 21 21 
21 21 21 21 21 21 21 21 21 21 
21 21 21 21 21 21 21 21 21 21 
21 21 21 21 21 21 21 21 21 21 
21 21 21 21 21 21 21 21 21 21 
21 21 21 21 21 21 21 21 21 21 
21 21 21 22 22 22 22 22 22 22 
22 22 22 22 22 22 22 22 22 22 
22 22 22 22 22 22 22 22 22 22 
22 22 22 22 22 22 22 22 22 22 
22 22 22 22 22 22 22 22 22 22 
22 22 22 22 22 22 22 22 22 23 
23 23 23 23 23 23 23 23 23 23 
23 23 23 23 23 23 23 23 23 23 
23 23 23 23 23 23 23 23 23 23 
23 23 23 23 23 23 23 23 23 23 
23 23 23 24 24 24 24 24 24 24 
24 24 24 24 24 24 24 24 24 24 
24 24 24 24 24 24 24 24 24 24 
24 24 24 24 24 24 24 24 24 24 
24 24 24 24 24 24 24 25 25 25 
25 25 25 25 25 25 25 25 25 25 
25 25 25 25 25 25 25 25 25 25 
25 25 25 25 25 25 25 25 25 25 
25 25 25 25 25 25 25 25 25 25 
25 26 26 26 26 26 26 26 26 26 
26 26 26 26 26 26 26 26 26 26 
26 26 26 26 26 26 26 26 26 26 
26 26 26 26 26 26 26 26 26 26 
26 26 26 26 26 27 27 27 27 27 
27 27 27 27 27 27 27 27 27 27 
27 27 27 27 27 27 27 27 27 27 
27 27 27 27 27 27 27 27 27 27 
27 27 27 27 27 27 27 27 27 28 
28 28 28 28 28 28 28 28 28 28 
28 28 28 28 28 28 28 28 28 28 
28 28 28 28 28 28 28 28 28 28 
28 28 28 28 28 28 28 28 28 28 
28 28 28 29 29 29 29 29 29 29 
29 29 29 29 29 29 29 29 29 29 
29 29 29 29 29 29 29 29 29 29 
29 29 29 29 29 29 29 29 29 29 
29 29 29 29 29 29 29 30 30 30 
30 30 30 30 30 30 30 30 30 30 
30 30 30 30 30 30 30 30 30 30 
30 30 30 30 30 30 30 30 30 30 
30 30 30 30 30 30 30 30 30 30 
30 31 31 31 31 31 31 31 31 31 
31 31 31 31 31 31 31 31 31 31 
31 31 31 31 31 31 31 31 31 31 
31 31 31 31 31 31 31 31 31 31 
31 31 31 31 31 32 32 32 32 32 
32 32 32 32 32 32 32 32 32 32 
32 32 32 32 32 32 32 32 32 32 
32 32 32 32 32 32 32 32 32 32 
32 32 32 32 32 32 32 32 32 33 
33 33 33 33 33 33 33 33 33 33 
33 33 33 33 33 33 33 33 33 33 
33 33 33 33 33 33 33 33 33 33 
33 33 33 33 33 33 33 33 33 33 
33 33 33 34 34 34 34 34 34 34 
34 34 34 34 34 34 34 34 34 34 
34 34 34 34 34 34 34 34 34 34 
34 34 34 34 34 34 34 34 34 34 
34 34 34 34 34 34 34 35 35 35 
35 35 35 35 35 35 35 35 35 35 
35 35 35 35 35 35 35 35 35 35 
35 35 35 35 35 35 35 35 35 35 
35 35 35 35 35 35 35 35 35 35 
35 36 36 36 36 36 36 36 36 36 
36 36 36 36 36 36 36 36 36 36 
36 36 36 36 36 36 36 36 36 36 
36 36 36 36 36 36 36 36 36 36 
36 36 36 36 36 37 37 37 37 37 
37 37 37 37 37 37 37 37 37 37 
37 37 37 37 37 37 37 37 37 37 
37 37 37 37 37 37 37 37 37 37 
37 37 37 37 37 37 37 37 37 38 
38 38 38 38 38 38 38 38 38 38 
38 38 38 38 38 38 38 38 38 38 
38 38 38 38 38 38 38 38 38 38 
38 38 38 38 38 38 38 38 38 38 
38 38 38 39 39 39 39 39 39 39 
39 39 39 39 39 39 39 39 39 39 
39 39 39 39 39 39 39 39 39 39 
39 39 39 39 39 39 39 39 39 39 
39 39 39 39 39 39 39 40 40 40 
40 40 40 40 40 40 40 40 40 40 
40 40 40 40 40 40 40 40 40 40 
40 40 40 40 40 40 40 40 40 40 
40 40 40 40 40 40 40 40 40 40 
40 40 40 40 40 40 40 40 40 40 
40 40 40 41 41 41 41 41 41 41 
41 41 41 41 41 41 41 41 41 41 
41 41 41 41 41 41 41 41 41 41 
41 41 41 41 41 41 41 41 41 41 
41 41 41 41 41 41 41 41 41 41 
41 41 41 41 41 41 41 41 41 42 
42 42 42 42 42 42 42 42 42 42 
42 42 42 42 42 42 42 42 42 42 
42 42 42 42 42 42 42 42 42 42 
42 42 42 42 42 42 42 42 42 42 
42 42 42 43 43 43 43 43 43 43 
43 43 43 43 43 43 43 43 43 43 
43 43 43 43 43 43 43 43 43 43 
43 43 43 43 43 43 43 43 43 43 
43 43 43 43 43 43 43 43 43 43 
43 43 43 43 43 43 43 43 43 43 
43 43 43 44 44 44 44 44 44 44 
44 44 44 44 44 44 44 44 44 44 
44 44 44 44 44 44 44 44 44 44 
44 44 44 44 44 44 44 44 44 44 
44 44 44 44 44 44 44 44 44 44 
44 44 44 44 44 44 44 44 44 44 
44 44 44 45 45 45 45 45 45 45 
45 45 45 45 45 45 45 45 45 45 
45 45 45 45 45 45 45 45 45 45 
45 45 45 45 45 45 45 45 45 45 
45 45 45 45 45 45 45 45 45 45 
45 45 45 45 45 45 45 45 45 45 
45 45 45 46 46 46 46 46 46 46 
46 46 46 46 46 46 46 46 46 46 
46 46 46 46 46 46 46 46 46 46 
46 46 46 46 46 46 46 46 46 46 
46 46 46 46 46 46 46 46 46 46 
46 46 46 46 46 46 46 46 46 46 
46 46 46 47 47 47 47 47 47 47 
47 47 47 47 47 47 47 47 47 47 
47 47 47 47 47 47 47 47 47 47 
47 47 47 47 47 47 47 47 47 47 
47 47 47 47 47 47 47 47 47 47 
47 47 47 47 47 47 47 47 47 48 
48 48 48 48 48 48 48 48 48 48 
48 48 48 48 48 48 48 48 48 48 
48 48 48 48 48 48 48 48 48 48 
48 48 48 48 48 48 48 48 48 48 
48 48 48 48 48 48 48 48 48 48 
48 48 48 48 48 49 49 49 49 49 
49 49 49 49 49 49 49 49 49 49 
49 49 49 49 49 49 49 49 49 49 
49 49 49 49 49 49 49 49 49 49 
49 49 49 49 49 49 49 49 49 49 
49 49 49 49 49 49 49 49 49 49 
49 50 50 50 50 50 50 50 50 50 
50 50 50 50 50 50 50 50 50 50 
50 50 50 50 50 50 50 50 50 50 
50 50 50 50 50 50 50 50 50 50 
50 50 50 50 50 50 50 50 50 50 
50 50 50 50 50 50 50 51 51 51 
51 51 51 51 51 51 51 51 51 51 
51 51 51 51 51 51 51 51 51 51 
51 51 51 51 51 51 51 51 51 51 
51 51 51 51 51 51 51 51 51 51 
51 51 51 51 51 51 51 51 51 51 
51 51 51 52 52 52 52 52 52 52 
52 52 52 52 52 52 52 52 52 52 
52 52 52 52 52 52 52 52 52 52 
52 52 52 52 52 52 52 52 52 52 
52 52 52 52 52 52 52 53 53 53 
53 53 53 53 53 53 53 53 53 53 
53 53 53 53 53 53 53 53 53 53 
53 53 53 53 53 53 53 53 53 53 
53 53 53 53 53 53 53 53 53 53 
53 53 53 53 53 53 53 53 53 53 
53 53 53 54 54 54 54 54 54 54 
54 54 54 54 54 54 54 54 54 54 
54 54 54 54 54 54 54 54 54 54 
54 54 54 54 54 54 54 54 54 54 
54 54 54 54 54 54 54 54 54 54 
54 54 54 54 54 54 54 54 54 55 
55 55 55 55 55 55 55 55 55 55 
55 55 55 55 55 55 55 55 55 55 
55 55 55 55 55 55 55 55 55 55 
55 55 55 55 55 55 55 55 55 55 
55 55 55 55 55 55 55 55 55 55 
55 55 55 55 55 56 56 56 56 56 
56 56 56 56 56 56 56 56 56 56 
56 56 56 56 56 56 56 56 56 56 
56 56 56 56 56 56 56 56 56 56 
56 56 56 56 56 56 56 56 56 56 
56 56 56 56 56 56 56 56 56 56 
56 57 57 57 57 57 57 57 57 57 
57 57 57 57 57 57 57 57 57 57 
57 57 57 57 57 57 57 57 57 57 
57 57 57 57 57 57 57 57 57 57 
57 57 57 57 57 57 57 57 57 57 
57 57 57 57 57 57 57 58 58 58 
58 58 58 58 58 58 58 58 58 58 
58 58 58 58 58 58 58 58 58 58 
58 58 58 58 58 58 58 58 58 58 
58 58 58 58 58 58 58 58 58 58 
58 59 59 59 59 59 59 59 59 59 
59 59 59 59 59 59 59 59 59 59 
59 59 59 59 59 59 59 59 59 59 
59 59 59 59 59 59 59 59 59 59 
59 59 59 59 59 59 59 59 59 59 
59 59 59 59 59 59 59 59 59 59 
59 60 60 60 60 60 60 60 60 60 
60 60 60 60 60 60 60 60 60 60 
60 60 60 60 60 60 60 60 60 60 
60 60 60 60 60 60 60 60 60 60 
60 60 60 60 60 60 60 60 60 60 
60 60 60 60 60 60 60 60 60 60 
60 61 61 61 61 61 61 61 61 61 
61 61 61 61 61 61 61 61 61 61 
61 61 61 61 61 61 61 61 61 61 
61 61 61 61 61 61 61 61 61 61 
61 61 61 61 61 61 61 61 61 61 
61 61 61 61 61 61 61 61 61 61 
61 62 62 62 62 62 62 62 62 62 
62 62 62 62 62 62 62 62 62 62 
62 62 62 62 62 62 62 62 62 62 
62 62 62 62 62 62 62 62 62 62 
62 62 62 62 62 62 62 62 62 62 
62 62 62 62 62 62 62 62 62 62 
62 63 63 63 63 63 63 63 63 63 
63 63 63 63 63 63 63 63 63 63 
63 63 63 63 63 63 63 63 63 63 
63 63 63 63 63 63 63 63 63 63 
63 63 63 63 63 63 63 63 63 63 
63 63 63 63 63 63 63 64 64 64 
64 64 64 64 64 64 64 64 64 64 
64 64 64 64 64 64 64 64 64 64 
64 64 64 64 64 64 64 64 64 64 
64 64 64 64 64 64 64 64 64 64 
64 64 64 64 64 64 64 64 64 64 
64 64 64 65 65 65 65 65 65 65 
65 65 65 65 65 65 65 65 65 65 
65 65 65 65 65 65 65 65 65 65 
65 65 65 65 65 65 65 65 65 65 
65 65 65 65 65 65 65 65 65 65 
65 65 65 65 65 65 65 65 65 66 
66 66 66 66 66 66 66 66 66 66 
66 66 66 66 66 66 66 66 66 66 
66 66 66 66 66 66 66 66 66 66 
66 66 66 66 66 66 66 66 66 66 
66 66 66 66 66 66 66 66 66 66 
66 66 66 66 66 67 67 67 67 67 
67 67 67 67 67 67 67 67 67 67 
67 67 67 67 67 67 67 67 67 67 
67 67 67 67 67 67 67 67 67 67 
67 67 67 67 67 67 67 67 67 67 
67 67 67 67 67 67 67 67 67 67 
67 68 68 68 68 68 68 68 68 68 
68 68 68 68 68 68 68 68 68 68 
68 68 68 68 68 68 68 68 68 68 
68 68 68 68 68 68 68 68 68 68 
68 68 68 68 68 69 69 69 69 69 
69 69 69 69 69 69 69 69 69 69 
69 69 69 69 69 69 69 69 69 69 
69 69 69 69 69 69 69 69 69 69 
69 69 69 69 69 69 69 69 69 69 
69 69 69 69 69 69 69 69 69 69 
69 70 70 70 70 70 70 70 70 70 
70 70 70 70 70 70 70 70 70 70 
70 70 70 70 70 70 70 70 70 70 
70 70 70 70 70 70 70 70 70 70 
70 70 70 70 70 70 70 70 70 70 
70 70 70 70 70 70 70 71 71 71 
71 71 71 71 71 71 71 71 71 71 
71 71 71 71 71 71 71 71 71 71 
71 71 71 71 71 71 71 71 71 71 
71 71 71 71 71 71 71 71 71 71 
71 71 71 71 71 71 71 71 71 71 
71 71 71 72 72 72 72 72 72 72 
72 72 72 72 72 72 72 72 72 72 
72 72 72 72 72 72 72 72 72 72 
72 72 72 72 72 72 72 72 72 72 
72 72 72 72 72 72 72 72 72 72 
72 72 72 72 72 72 72 72 72 73 
73 73 73 73 73 73 73 73 73 73 
73 73 73 73 73 73 73 73 73 73 
73 73 73 73 73 73 73 73 73 73 
73 73 73 73 73 73 73 73 73 73 
73 73 73 73 73 73 73 73 73 73 
73 73 73 73 73 74 74 74 74 74 
74 74 74 74 74 74 74 74 74 74 
74 74 74 74 74 74 74 74 74 74 
74 74 74 74 74 74 74 74 74 74 
74 74 74 74 74 74 74 74 74 75 
75 75 75 75 75 75 75 75 75 75 
75 75 75 75 75 75 75 75 75 75 
75 75 75 75 75 75 75 75 75 75 
75 75 75 75 75 75 75 75 75 75 
75 75 75 75 75 75 75 75 75 75 
75 75 75 75 75 75 75 75 75 76 
76 76 76 76 76 76 76 76 76 76 
76 76 76 76 76 76 76 76 76 76 
76 76 76 76 76 76 76 76 76 76 
76 76 76 76 76 76 76 76 76 76 
76 76 76 76 76 76 76 76 76 76 
76 76 76 76 76 76 76 76 76 77 
77 77 77 77 77 77 77 77 77 77 
77 77 77 77 77 77 77 77 77 77 
77 77 77 77 77 77 77 77 77 77 
77 77 77 77 77 77 77 77 77 77 
77 77 77 77 77 77 77 77 77 77 
77 77 77 77 77 77 77 77 77 78 
78 78 78 78 78 78 78 78 78 78 
78 78 78 78 78 78 78 78 78 78 
78 78 78 78 78 78 78 78 78 78 
78 78 78 78 78 78 78 78 78 78 
78 78 78 78 78 78 78 78 78 78 
78 78 78 78 78 78 78 78 78 79 
79 79 79 79 79 79 79 79 79 79 
79 79 79 79 79 79 79 79 79 79 
79 79 79 79 79 79 79 79 79 79 
79 79 79 79 79 79 79 79 79 79 
79 79 79 79 79 79 79 79 79 79 
79 79 79 79 79 80 80 80 80 80 
80 80 80 80 80 80 80 80 80 80 
80 80 80 80 80 80 80 80 80 80 
80 80 80 80 80 80 80 80 80 80 
80 80 80 80 80 80 80 80 80 80 
80 80 80 80 80 80 80 80 80 80 
80 81 81 81 81 81 81 81 81 81 
81 81 81 81 81 81 81 81 81 81 
81 81 81 81 81 81 81 81 81 81 
81 81 81 81 81 81 81 81 81 81 
81 81 81 81 81 81 81 81 81 81 
81 81 81 81 81 81 81 82 82 82 
82 82 82 82 82 82 82 82 82 82 
82 82 82 82 82 82 82 82 82 82 
82 82 82 82 82 82 82 82 82 82 
82 82 82 82 82 82 82 82 82 82 
82 82 82 82 82 82 82 82 82 82 
82 82 82 83 83 83 83 83 83 83 
83 83 83 83 83 83 83 83 83 83 
83 83 83 83 83 83 83 83 83 83 
83 83 83 83 83 83 83 83 83 83 
83 83 83 83 83 83 83 83 83 83 
83 83 83 83 83 83 83 83 83 84 
84 84 84 84 84 84 84 84 84 84 
84 84 84 84 84 84 84 84 84 84 
84 84 84 84 84 84 84 84 84 84 
84 84 84 84 84 84 84 84 84 84 
84 84 84 85 85 85 85 85 85 85 
85 85 85 85 85 85 85 85 85 85 
85 85 85 85 85 85 85 85 85 85 
85 85 85 85 85 85 85 85 85 85 
85 85 85 85 85 85 85 85 85 85 
85 85 85 85 85 85 85 85 85 86 
86 86 86 86 86 86 86 86 86 86 
86 86 86 86 86 86 86 86 86 86 
86 86 86 86 86 86 86 86 86 86 
86 86 86 86 86 86 86 86 86 86 
86 86 86 86 86 86 86 86 86 86 
86 86 86 86 86 87 87 87 87 87 
87 87 87 87 87 87 87 87 87 87 
87 87 87 87 87 87 87 87 87 87 
87 87 87 87 87 87 87 87 87 87 
87 87 87 87 87 87 87 87 87 87 
87 87 87 87 87 87 87 87 87 87 
87 88 88 88 88 88 88 88 88 88 
88 88 88 88 88 88 88 88 88 88 
88 88 88 88 88 88 88 88 88 88 
88 88 88 88 88 88 88 88 88 88 
88 88 88 88 88 88 88 88 88 88 
88 88 88 88 88 88 88 89 89 89 
89 89 89 89 89 89 89 89 89 89 
89 89 89 89 89 89 89 89 89 89 
89 89 89 89 89 89 89 89 89 89 
89 89 89 89 89 89 89 89 89 89 
89 89 89 89 89 89 89 89 89 89 
89 89 89 90 90 90 90 90 90 90 
90 90 90 90 90 90 90 90 90 90 
90 90 90 90 90 90 90 90 90 90 
90 90 90 90 90 90 90 90 90 90 
90 90 90 90 90 90 90 91 91 91 
91 91 91 91 91 91 91 91 91 91 
91 91 91 91 91 91 91 91 91 91 
91 91 91 91 91 91 91 91 91 91 
91 91 91 91 91 91 91 91 91 91 
91 91 91 91 91 91 91 91 91 91 
91 91 91 91 91 91 91 92 92 92 
92 92 92 92 92 92 92 92 92 92 
92 92 92 92 92 92 92 92 92 92 
92 92 92 92 92 92 92 92 92 92 
92 92 92 92 92 92 92 92 92 92 
92 92 92 92 92 92 92 92 92 92 
92 92 92 92 92 92 92 93 93 93 
93 93 93 93 93 93 93 93 93 93 
93 93 93 93 93 93 93 93 93 93 
93 93 93 93 93 93 93 93 93 93 
93 93 93 93 93 93 93 93 93 93 
93 93 93 93 93 93 93 93 93 93 
93 93 93 93 93 93 93 94 94 94 
94 94 94 94 94 94 94 94 94 94 
94 94 94 94 94 94 94 94 94 94 
94 94 94 94 94 94 94 94 94 94 
94 94 94 94 94 94 94 94 94 94 
94 94 94 94 94 94 94 94 94 94 
94 94 94 94 94 94 94 95 95 95 
95 95 95 95 95 95 95 95 95 95 
95 95 95 95 95 95 95 95 95 95 
95 95 95 95 95 95 95 95 95 95 
95 95 95 95 95 95 95 95 95 95 
95 95 95 95 95 95 95 95 95 95 
95 95 95 96 96 96 96 96 96 96 
96 96 96 96 96 96 96 96 96 96 
96 96 96 96 96 96 96 96 96 96 
96 96 96 96 96 96 96 96 96 96 
96 96 96 96 96 96 96 96 96 96 
96 96 96 96 96 96 96 96 96 97 
97 97 97 97 97 97 97 97 97 97 
97 97 97 97 97 97 97 97 97 97 
97 97 97 97 97 97 97 97 97 97 
97 97 97 97 97 97 97 97 97 97 
97 97 97 97 97 97 97 97 97 97 
97 97 97 97 97 98 98 98 98 98 
98 98 98 98 98 98 98 98 98 98 
98 98 98 98 98 98 98 98 98 98 
98 98 98 98 98 98 98 98 98 98 
98 98 98 98 98 98 98 98 98 98 
98 98 98 98 98 98 98 98 98 98 
98 99 99 99 99 99 99 99 99 99 
99 99 99 99 99 99 99 99 99 99 
99 99 99 99 99 99 99 99 99 99 
99 99 99 99 99 99 99 99 99 99 
99 99 99 99 99 99 99 99 99 99 
99 99 99 99 99 99 99 100 100 100 
100 100 100 100 100 100 100 100 100 100 
100 100 100 100 100 100 100 100 100 100 
100 100 100 100 100 100 100 100 100 100 
100 100 100 100 100 100 100 100 100 100 
100 101 101 101 101 101 101 101 101 101 
101 101 101 101 101 101 101 101 101 101 
101 101 101 101 101 101 101 101 101 101 
101 101 101 101 101 101 101 101 101 101 
101 101 101 101 101 101 101 101 101 101 
101 101 101 101 101 101 101 102 102 102 
102 102 102 102 102 102 102 102 102 102 
102 102 102 102 102 102 102 102 102 102 
102 102 102 102 102 102 102 102 102 102 
102 102 102 102 102 102 102 102 102 102 
102 102 102 102 102 102 102 102 102 102 
102 102 102 103 103 103 103 103 103 103 
103 103 103 103 103 103 103 103 103 103 
103 103 103 103 103 103 103 103 103 103 
103 103 103 103 103 103 103 103 103 103 
103 103 103 103 103 103 103 103 103 103 
103 103 103 103 103 103 103 103 103 104 
104 104 104 104 104 104 104 104 104 104 
104 104 104 104 104 104 104 104 104 104 
104 104 104 104 104 104 104 104 104 104 
104 104 104 104 104 104 104 104 104 104 
104 104 104 104 104 104 104 104 104 104 
104 104 104 104 104 105 105 105 105 105 
105 105 105 105 105 105 105 105 105 105 
105 105 105 105 105 105 105 105 105 105 
105 105 105 105 105 105 105 105 105 105 
105 105 105 105 105 105 105 105 105 105 
105 105 105 105 105 105 105 105 105 105 
105 106 106 106 106 106 106 106 106 106 
106 106 106 106 106 106 106 106 106 106 
106 106 106 106 106 106 106 106 106 106 
106 106 106 106 106 106 106 106 106 106 
106 106 106 106 106 SCALARS Type float 1
LOOKUP_TABLE default
-1 -1 -1 -1 -1 -1 -1 -1 -1 
-1 -1 -1 -1 -1 -1 -1 -1 -1 -1 
-1 -1 -1 -1 -1 -1 -1 -1 -1 -1 
-1 -1 -1 -1 -1 -1 -1 -1 -1 -1 
-1 -1 -1 -1 -1 -2 -2 -2 -2 -2 
-2 -2 -2 -2 -2 -2 -2 -2 -2 -2 
-2 -2 -2 -2 -2 -2 -2 -2 -2 -2 
-2 -2 -2 -2 -2 -2 -2 -2 -2 -2 
-2 -2 -2 -2 -2 -2 -2 -2 -2 0 
0 0 0 0 0 0 0 0 0 0 
0 0 0 0 0 0 0 0 0 0 
0 0 0 0 0 0 0 0 0 0 
0 0 0 0 0 0 0 0 0 0 
0 0 0 0 0 0 0 0 0 0 
0 0 0 0 0 0 0 0 0 0 
0 0 0 0 0 0 0 0 0 0 
0 0 0 0 0 0 0 0 0 0 
0 0 0 0 0 0 0 0 0 0 
0 0 0 0 0 0 0 0 0 0 
0 0 0 0 0 0 0 0 0 0 
0 0 0 0 0 0 0 0 0 0 
0 0 0 0 0 0 0 0 0 0 
0 0 0 0 0 0 0 0 0 0 
0 0 0 0 0 0 0 0 0 0 
0 0 0 0 0 0 0 0 0 0 
0 0 0 0 0 0 0 0 0 0 
0 0 0 0 0 0 0 0 0 0 
0 0 0 0 0 0 0 0 0 0 
0 0 0 0 0 0 0 0 0 0 
0 0 0 0 0 0 0 0 0 0 
0 0 0 0 0 0 0 0 0 0 
0 0 0 0 0 0 0 0 0 0 
0 0 0 0 0 0 0 0 0 0 
0 0 0 0 0 0 0 0 0 0 
0 0 0 0 0 0 0 0 0 0 
0 0 0 0 0 0 0 0 0 0 
0 0 0 0 0 0 0 0 0 0 
0 0 0 0 0 0 0 0 0 0 
0 0 0 0 0 0 0 0 0 0 
0 0 0 0 0 0 0 0 0 0 
0 0 0 0 0 0 0 0 0 0 
0 0 0 0 0 0 0 0 0 0 
0 0 0 0 0 0 0 0 0 0 
0 0 0 0 0 0 0 0 0 0 
0 0 0 0 0 0 0 0 0 0 
0 0 0 0 0 0 0 0 0 0 
0 0 0 0 0 0 0 0 0 0 
0 0 0 0 0 0 0 0 0 0 
0 0 0 0 0 0 0 0 0 0 
0 0 0 0 0 0 0 0 0 0 
0 0 0 0 0 0 0 0 0 0 
0 0 0 0 0 0 0 0 0 0 
0 0 0 0 0 0 0 0 0 0 
0 0 0 0 0 0 0 0 0 0 
0 0 0 0 0 0 0 0 0 0 
0 0 0 0 0 0 0 0 0 0 
0 0 0 0 0 0 0 0 0 0 
0 0 0 0 0 0 0 0 0 0 
0 0 0 0 0 0 0 0 0 0 
0 0 0 0 0 0 0 0 0 0 
0 0 0 0 0 0 0 0 0 0 
0 0 0 0 0 0 0 0 0 0 
0 0 0 0 0 0 0 0 0 0 
0 0 0 0 0 0 0 0 0 0 
0 0 0 0 0 0 0 0 0 0 
0 0 0 0 0 0 0 0 0 0 
0 0 0 0 0 0 0 0 0 0 
0 0 0 0 0 0 0 0 0 0 
0 0 0 0 0 0 0 0 0 0 
0 0 0 0 0 0 0 0 0 0 
0 0 0 0 0 0 0 0 0 0 
0 0 0 0 0 0 0 0 0 0 
0 0 0 0 0 0 0 0 0 0 
0 0 0 0 0 0 0 0 0 0 
0 0 0 0 0 0 0 0 0 0 
0 0 0 0 0 0 0 0 0 0 
0 0 0 0 0 0 0 0 0 0 
0 0 0 0 0 0 0 0 0 0 
0 0 0 0 0 0 0 0 0 0 
0 0 0 0 0 0 0 0 0 0 
0 0 0 0 0 0 0 0 0 0 
0 0 0 0 0 0 0 0 0 0 
0 0 0 0 0 0 0 0 0 0 
0 0 0 0 0 0 0 0 0 0 
0 0 0 0 0 0 0 0 0 0 
0 0 0 0 0 0 0 0 0 0 
0 0 0 0 0 0 0 0 0 0 
0 0 0 0 0 0 0 0 0 0 
0 0 0 0 0 0 0 0 0 0 
0 0 0 0 0 0 0 0 0 0 
0 0 0 0 0 0 0 0 0 0 
0 0 0 0 0 0 0 0 0 0 
0 0 0 0 0 0 0 0 0 0 
0 0 0 0 0 0 0 0 0 0 
0 0 0 0 0 0 0 0 0 0 
0 0 0 0 0 0 0 0 0 0 
0 0 0 0 0 0 0 0 0 0 
0 0 0 0 0 0 0 0 0 0 
0 0 0 0 0 0 0 0 0 0 
0 0 0 0 0 0 0 0 0 0 
0 0 0 0 0 0 0 0 0 0 
0 0 0 0 0 0 0 0 0 0 
0 0 0 0 0 0 0 0 0 0 
0 0 0 0 0 0 0 0 0 0 
0 0 0 0 0 0 0 0 0 0 
0 0 0 0 0 0 0 0 0 0 
0 0 0 0 0 0 0 0 0 0 
0 0 0 0 0 0 0 0 0 0 
0 0 0 0 0 0 0 0 0 0 
0 0 0 0 0 0 0 0 0 0 
0 0 0 0 0 0 0 0 0 0 
0 0 0 0 0 0 0 0 0 0 
0 0 0 0 0 0 0 0 0 0 
0 0 0 0 0 0 0 0 0 0 
0 0 0 0 0 0 0 0 0 0 
0 0 0 0 0 0 0 0 0 0 
0 0 0 0 0 0 0 0 0 0 
0 0 0 0 0 0 0 0 0 0 
0 0 0 0 0 0 0 0 0 0 
0 0 0 0 0 0 0 0 0 0 
0 0 0 0 0 0 0 0 0 0 
0 0 0 0 0 0 0 0 0 0 
0 0 0 0 0 0 0 0 0 0 
0 0 0 0 0 0 0 0 0 0 
0 0 0 0 0 0 0 0 0 0 
0 0 0 0 0 0 0 0 0 0 
0 0 0 0 0 0 0 0 0 0 
0 0 0 0 0 0 0 0 0 0 
0 0 0 0 0 0 0 0 0 0 
0 0 0 0 0 0 0 0 0 0 
0 0 0 0 0 0 0 0 0 0 
0 0 0 0 0 0 0 0 0 0 
0 0 0 0 0 0 0 0 0 0 
0 0 0 0 0 0 0 0 0 0 
0 0 0 0 0 0 0 0 0 0 
0 0 0 0 0 0 0 0 0 0 
0 0 0 0 0 0 0 0 0 0 
0 0 0 0 0 0 0 0 0 0 
0 0 0 0 0 0 0 0 0 0 
0 0 0 0 0 0 0 0 0 0 
0 0 0 0 0 0 0 0 0 0 
0 0 0 0 0 0 0 0 0 0 
0 0 0 0 0 0 0 0 0 0 
0 0 0 0 0 0 0 0 0 0 
0 0 0 0 0 0 0 0 0 0 
0 0 0 0 0 0 0 0 0 0 
0 0 0 0 0 0 0 0 0 0 
0 0 0 0 0 0 0 0 0 0 
0 0 0 0 0 0 0 0 0 0 
0 0 0 0 0 0 0 0 0 0 
0 0 0 0 0 0 0 0 0 0 
0 0 0 0 0 0 0 0 0 0 
0 0 0 0 0 0 0 0 0 0 
0 0 0 0 0 0 0 0 0 0 
0 0 0 0 0 0 0 0 0 0 
0 0 0 0 0 0 0 0 0 0 
0 0 0 0 0 0 0 0 0 0 
0 0 0 0 0 0 0 0 0 0 
0 0 0 0 0 0 0 0 0 0 
0 0 0 0 0 0 0 0 0 0 
0 0 0 0 0 0 0 0 0 0 
0 0 0 0 0 0 0 0 0 0 
0 0 0 0 0 0 0 0 0 0 
0 0 0 0 0 0 0 0 0 0 
0 0 0 0 0 0 0 0 0 0 
0 0 0 0 0 0 0 0 0 0 
0 0 0 0 0 0 0 0 0 0 
0 0 0 0 0 0 0 0 0 0 
0 0 0 0 0 0 0 0 0 0 
0 0 0 0 0 0 0 0 0 0 
0 0 0 0 0 0 0 0 0 0 
0 0 0 0 0 0 0 0 0 0 
0 0 0 0 0 0 0 0 0 0 
0 0 0 0 0 0 0 0 0 0 
0 0 0 0 0 0 0 0 0 0 
0 0 0 0 0 0 0 0 0 0 
0 0 0 0 0 0 0 0 0 0 
0 0 0 0 0 0 0 0 0 0 
0 0 0 0 0 0 0 0 0 0 
0 0 0 0 0 0 0 0 0 0 
0 0 0 0 0 0 0 0 0 0 
0 0 0 0 0 0 0 0 0 0 
0 0 0 0 0 0 0 0 0 0 
0 0 0 0 0 0 0 0 0 0 
0 0 0 0 0 0 0 0 0 0 
0 0 0 0 0 0 0 0 0 0 
0 0 0 0 0 0 0 0 0 0 
0 0 0 0 0 0 0 0 0 0 
0 0 0 0 0 0 0 0 0 0 
0 0 0 0 0 0 0 0 0 0 
0 0 0 0 0 0 0 0 0 0 
0 0 0 0 0 0 0 0 0 0 
0 0 0 0 0 0 0 0 0 0 
0 0 0 0 0 0 0 0 0 0 
0 0 0 0 0 0 0 0 0 0 
0 0 0 0 0 0 0 0 0 0 
0 0 0 0 0 0 0 0 0 0 
0 0 0 0 0 0 0 0 0 0 
0 0 0 0 0 0 0 0 0 0 
0 0 0 0 0 0 0 0 0 0 
0 0 0 0 0 0 0 0 0 0 
0 0 0 0 0 0 0 0 0 0 
0 0 0 0 0 0 0 0 0 0 
0 0 0 0 0 0 0 0 0 0 
0 0 0 0 0 0 0 0 0 0 
0 0 0 0 0 0 0 0 0 0 
0 0 0 0 0 0 0 0 0 0 
0 0 0 0 0 0 0 0 0 0 
0 0 0 0 0 0 0 0 0 0 
0 0 0 0 0 0 0 0 0 0 
0 0 0 0 0 0 0 0 0 0 
0 0 0 0 0 0 0 0 0 0 
0 0 0 0 0 0 0 0 0 0 
0 0 0 0 0 0 0 0 0 0 
0 0 0 0 0 0 0 0 0 0 
0 0 0 0 0 0 0 0 0 0 
0 0 0 0 0 0 0 0 0 0 
0 0 0 0 0 0 0 0 0 0 
0 0 0 0 0 0 0 0 0 0 
0 0 0 0 0 0 0 0 0 0 
0 0 0 0 0 0 0 0 0 0 
0 0 0 0 0 0 0 0 0 0 
0 0 0 0 0 0 0 0 0 0 
0 0 0 0 0 0 0 0 0 0 
0 0 0 0 0 0 0 0 0 0 
0 0 0 0 0 0 0 0 0 0 
0 0 0 0 0 0 0 0 0 0 
0 0 0 0 0 0 0 0 0 0 
0 0 0 0 0 0 0 0 0 0 
0 0 0 0 0 0 0 0 0 0 
0 0 0 0 0 0 0 0 0 0 
0 0 0 0 0 0 0 0 0 0 
0 0 0 0 0 0 0 0 0 0 
0 0 0 0 0 0 0 0 0 0 
0 0 0 0 0 0 0 0 0 0 
0 0 0 0 0 0 0 0 0 0 
0 0 0 0 0 0 0 0 0 0 
0 0 0 0 0 0 0 0 0 0 
0 0 0 0 0 0 0 0 0 0 
0 0 0 0 0 0 0 0 0 0 
0 0 0 0 0 0 0 0 0 0 
0 0 0 0 0 0 0 0 0 0 
0 0 0 0 0 0 0 0 0 0 
0 0 0 0 0 0 0 0 0 0 
0 0 0 0 0 0 0 0 0 0 
0 0 0 0 0 0 0 0 0 0 
0 0 0 0 0 0 0 0 0 0 
0 0 0 0 0 0 0 0 0 0 
0 0 0 0 0 0 0 0 0 0 
0 0 0 0 0 0 0 0 0 0 
0 0 0 0 0 0 0 0 0 0 
0 0 0 0 0 0 0 0 0 0 
0 0 0 0 0 0 0 0 0 0 
0 0 0 0 0 0 0 0 0 0 
0 0 0 0 0 0 0 0 0 0 
0 0 0 0 0 0 0 0 0 0 
0 0 0 0 0 0 0 0 0 0 
0 0 0 0 0 0 0 0 0 0 
0 0 0 0 0 0 0 0 0 0 
0 0 0 0 0 0 0 0 0 0 
0 0 0 0 0 0 0 0 0 0 
0 0 0 0 0 0 0 0 0 0 
0 0 0 0 0 0 0 0 0 0 
0 0 0 0 0 0 0 0 0 0 
0 0 0 0 0 0 0 0 0 0 
0 0 0 0 0 0 0 0 0 0 
0 0 0 0 0 0 0 0 0 0 
0 0 0 0 0 0 0 0 0 0 
0 0 0 0 0 0 0 0 0 0 
0 0 0 0 0 0 0 0 0 0 
0 0 0 0 0 0 0 0 0 0 
0 0 0 0 0 0 0 0 0 0 
0 0 0 0 0 0 0 0 0 0 
0 0 0 0 0 0 0 0 0 0 
0 0 0 0 0 0 0 0 0 0 
0 0 0 0 0 0 0 0 0 0 
0 0 0 0 0 0 0 0 0 0 
0 0 0 0 0 0 0 0 0 0 
0 0 0 0 0 0 0 0 0 0 
0 0 0 0 0 0 0 0 0 0 
0 0 0 0 0 0 0 0 0 0 
0 0 0 0 0 0 0 0 0 0 
0 0 0 0 0 0 0 0 0 0 
0 0 0 0 0 0 0 0 0 0 
0 0 0 0 0 0 0 0 0 0 
0 0 0 0 0 0 0 0 0 0 
0 0 0 0 0 0 0 0 0 0 
0 0 0 0 0 0 0 0 0 0 
0 0 0 0 0 0 0 0 0 0 
0 0 0 0 0 0 0 0 0 0 
0 0 0 0 0 0 0 0 0 0 
0 0 0 0 0 0 0 0 0 0 
0 0 0 0 0 0 0 0 0 0 
0 0 0 0 0 0 0 0 0 0 
0 0 0 0 0 0 0 0 0 0 
0 0 0 0 0 0 0 0 0 0 
0 0 0 0 0 0 0 0 0 0 
0 0 0 0 0 0 0 0 0 0 
0 0 0 0 0 0 0 0 0 0 
0 0 0 0 0 0 0 0 0 0 
0 0 0 0 0 0 0 0 0 0 
0 0 0 0 0 0 0 0 0 0 
0 0 0 0 0 0 0 0 0 0 
0 0 0 0 0 0 0 0 0 0 
0 0 0 0 0 0 0 0 0 0 
0 0 0 0 0 0 0 0 0 0 
0 0 0 0 0 0 0 0 0 0 
0 0 0 0 0 0 0 0 0 0 
0 0 0 0 0 0 0 0 0 0 
0 0 0 0 0 0 0 0 0 0 
0 0 0 0 0 0 0 0 0 0 
0 0 0 0 0 0 0 0 0 0 
0 0 0 0 0 0 0 0 0 0 
0 0 0 0 0 0 0 0 0 0 
0 0 0 0 0 0 0 0 0 0 
0 0 0 0 0 0 0 0 0 0 
0 0 0 0 0 0 0 0 0 0 
0 0 0 0 0 0 0 0 0 0 
0 0 0 0 0 0 0 0 0 0 
0 0 0 0 0 0 0 0 0 0 
0 0 0 0 0 0 0 0 0 0 
0 0 0 0 0 0 0 0 0 0 
0 0 0 0 0 0 0 0 0 0 
0 0 0 0 0 0 0 0 0 0 
0 0 0 0 0 0 0 0 0 0 
0 0 0 0 0 0 0 0 0 0 
0 0 0 0 0 0 0 0 0 0 
0 0 0 0 0 0 0 0 0 0 
0 0 0 0 0 0 0 0 0 0 
0 0 0 0 0 0 0 0 0 0 
0 0 0 0 0 0 0 0 0 0 
0 0 0 0 0 0 0 0 0 0 
0 0 0 0 0 0 0 0 0 0 
0 0 0 0 0 0 0 0 0 0 
0 0 0 0 0 0 0 0 0 0 
0 0 0 0 0 0 0 0 0 0 
0 0 0 0 0 0 0 0 0 0 
0 0 0 0 0 0 0 0 0 0 
0 0 0 0 0 0 0 0 0 0 
0 0 0 0 0 0 0 0 0 0 
0 0 0 0 0 0 0 0 0 0 
0 0 0 0 0 0 0 0 0 0 
0 0 0 0 0 0 0 0 0 0 
0 0 0 0 0 0 0 0 0 0 
0 0 0 0 0 0 0 0 0 0 
0 0 0 0 0 0 0 0 0 0 
0 0 0 0 0 0 0 0 0 0 
0 0 0 0 0 0 0 0 0 0 
0 0 0 0 0 0 0 0 0 0 
0 0 0 0 0 0 0 0 0 0 
0 0 0 0 0 0 0 0 0 0 
0 0 0 0 0 0 0 0 0 0 
0 0 0 0 0 0 0 0 0 0 
0 0 0 0 0 0 0 0 0 0 
0 0 0 0 0 0 0 0 0 0 
0 0 0 0 0 0 0 0 0 0 
0 0 0 0 0 0 0 0 0 0 
0 0 0 0 0 0 0 0 0 0 
0 0 0 0 0 0 0 0 0 0 
0 0 0 0 0 0 0 0 0 0 
0 0 0 0 0 0 0 0 0 0 
0 0 0 0 0 0 0 0 0 0 
0 0 0 0 0 0 0 0 0 0 
0 0 0 0 0 0 0 0 0 0 
0 0 0 0 0 0 0 0 0 0 
0 0 0 0 0 0 0 0 0 0 
0 0 0 0 0 0 0 0 0 0 
0 0 0 0 0 0 0 0 0 0 
0 0 0 0 0 0 0 0 0 0 
0 0 0 0 0 0 0 0 0 0 
0 0 0 0 0 0 0 0 0 0 
0 0 0 0 0 0 0 0 0 0 
0 0 0 0 0 0 0 0 0 0 
0 0 0 0 0 0 0 0 0 0 
0 0 0 0 0 0 0 0 0 0 
0 0 0 0 0 0 0 0 0 0 
0 0 0 0 0 0 0 0 0 0 
0 0 0 0 0 0 0 0 0 0 
0 0 0 0 0 0 0 0 0 0 
0 0 0 0 0 0 0 0 0 0 
0 0 0 0 0 0 0 0 0 0 
0 0 0 0 0 0 0 0 0 0 
0 0 0 0 0 0 0 0 0 0 
0 0 0 0 0 0 0 0 0 0 
0 0 0 0 0 0 0 0 0 0 
0 0 0 0 0 0 0 0 0 0 
0 0 0 0 0 0 0 0 0 0 
0 0 0 0 0 0 0 0 0 0 
0 0 0 0 0 0 0 0 0 0 
0 0 0 0 0 0 0 0 0 0 
0 0 0 0 0 0 0 0 0 0 
0 0 0 0 0 0 0 0 0 0 
0 0 0 0 0 0 0 0 0 0 
0 0 0 0 0 0 0 0 0 0 
0 0 0 0 0 0 0 0 0 0 
0 0 0 0 0 0 0 0 0 0 
0 0 0 0 0 0 0 0 0 0 
0 0 0 0 0 0 0 0 0 0 
0 0 0 0 0 0 0 0 0 0 
0 0 0 0 0 0 0 0 0 0 
0 0 0 0 0 0 0 0 0 0 
0 0 0 0 0 0 0 0 0 0 
0 0 0 0 0 0 0 0 0 0 
0 0 0 0 0 0 0 0 0 0 
0 0 0 0 0 0 0 0 0 0 
0 0 0 0 0 0 0 0 0 0 
0 0 0 0 0 0 0 0 0 0 
0 0 0 0 0 0 0 0 0 0 
0 0 0 0 0 0 0 0 0 0 
0 0 0 0 0 0 0 0 0 0 
0 0 0 0 0 0 0 0 0 0 
0 0 0 0 0 0 0 0 0 0 
0 0 0 0 0 0 0 0 0 0 
0 0 0 0 0 0 0 0 0 0 
0 0 0 0 0 0 0 0 0 0 
0 0 0 0 0 0 0 0 0 0 
0 0 0 0 0 0 0 0 0 0 
0 0 0 0 0 0 0 0 0 0 
0 0 0 0 0 0 0 0 0 0 
0 0 0 0 0 0 0 0 0 0 
0 0 0 0 0 0 0 0 0 0 
0 0 0 0 0 0 0 0 0 0 
0 0 0 0 0 0 0 0 0 0 
0 0 0 0 0 0 0 0 0 0 
0 0 0 0 0 0 0 0 0 0 
0 0 0 0 0 0 0 0 0 0 
0 0 0 0 0 0 0 0 0 0 
0 0 0 0 0 0 0 0 0 0 
0 0 0 0 0 0 0 0 0 0 
0 0 0 0 0 0 0 0 0 0 
0 0 0 0 0 0 0 0 0 0 
0 0 0 0 0 0 0 0 0 0 
0 0 0 0 0 0 0 0 0 0 
0 0 0 0 0 0 0 0 0 0 
0 0 0 0 0 0 0 0 0 0 
0 0 0 0 0 0 0 0 0 0 
0 0 0 0 0 0 0 0 0 0 
0 0 0 0 0 0 0 0 0 0 
0 0 0 0 0 0 0 0 0 0 
0 0 0 0 0 0 0 0 0 0 
0 0 0 0 0 0 0 0 0 0 
0 0 0 0 0 0 0 0 0 0 
0 0 0 0 0 0 0 0 0 0 
0 0 0 0 0 0 0 0 0 0 
0 0 0 0 0 0 0 0 0 0 
0 0 0 0 0 0 0 0 0 0 
0 0 0 0 0 0 0 0 0 0 
0 0 0 0 0 0 0 0 0 0 
0 0 0 0 0 0 0 0 0 0 
0 0 0 0 0 0 0 0 0 0 
0 0 0 0 0 0 0 0 0 0 
0 0 0 0 0 0 0 0 0 0 
0 0 0 0 0 0 0 0 0 0 
0 0 0 0 0 0 0 0 0 0 
0 0 0 0 0 0 0 0 0 0 
0 0 0 0 0 0 0 0 0 0 
0 0 0 0 0 0 0 0 0 0 
0 0 0 0 0 0 0 0 0 0 
0 0 0 0 0 0 0 0 0 0 
0 0 0 0 0 0 0 0 0 0 
0 0 0 0 0 0 0 0 0 0 
0 0 0 0 0 0 0 0 0 0 
0 0 0 0 0 0 0 0 0 0 
0 0 0 0 0 0 0 0 0 0 
0 0 0 0 0 0 0 0 0 0 
0 0 0 0 0 0 0 0 0 0 
0 0 0 0 0 0 0 0 0 0 
0 0 0 0 0 0 0 0 0 0 
0 0 0 0 0 0 0 0 0 0 
0 0 0 0 0 0 0 0 0 0 
0 0 0 0 0 0 0 0 0 0 
0 0 0 0 0 0 0 0 0 0 
0 0 0 0 0 0 0 0 0 0 
0 0 0 0 0 0 0 0 0 0 
0 0 0 0 0 0 0 0 0 0 
0 0 0 0 0 0 0 0 0 0 
0 0 0 0 0 0 0 0 0 0 
0 0 0 0 0 0 0 0 0 0 
0 0 0 0 0 0 0 0 0 0 
0 0 0 0 0 0 0 0 0 0 
0 0 0 0 0 0 0 0 0 0 
0 0 0 0 0 0 0 0 0 0 
0 0 0 0 0 0 0 0 0 0 
0 0 0 0 0 0 0 0 0 0 
0 0 0 0 0 0 0 0 0 0 
0 0 0 0 0 0 0 0 0 0 
0 0 0 0 0 0 0 0 0 0 
0 0 0 0 0 0 0 0 0 0 
0 0 0 0 0 0 0 0 0 0 
0 0 0 0 0 0 0 0 0 0 
0 0 0 0 0 0 0 0 0 0 
0 0 0 0 0 0 0 0 0 0 
0 0 0 0 0 0 0 0 0 0 
0 0 0 0 0 0 0 0 0 0 
0 0 0 0 0 0 0 0 0 0 
0 0 0 0 0 0 0 0 0 0 
0 0 0 0 0 0 0 0 0 0 
0 0 0 0 0 0 0 0 0 0 
0 0 0 0 0 0 0 0 0 0 
0 0 0 0 0 0 0 0 0 0 
0 0 0 0 0 0 0 0 0 0 
0 0 0 0 0 0 0 0 0 0 
0 0 0 0 0 0 0 0 0 0 
0 0 0 0 0 0 0 0 0 0 
0 0 0 0 0 0 0 0 0 0 
0 0 0 0 0 0 0 0 0 0 
0 0 0 0 0 0 0 0 0 0 
0 0 0 0 0 0 0 0 0 0 
0 0 0 0 0 0 0 0 0 0 
0 0 0 0 0 0 0 0 0 0 
0 0 0 0 0 0 0 0 0 0 
0 0 0 0 0 0 0 0 0 0 
0 0 0 0 0 0 0 0 0 0 
0 0 0 0 0 0 0 0 0 0 
0 0 0 0 0 0 0 0 0 0 
0 0 0 0 0 0 0 0 0 0 
0 0 0 0 0 0 0 0 0 0 
0 0 0 0 0 0 0 0 0 0 
0 0 0 0 0 0 0 0 0 0 
0 0 0 0 0 0 0 0 0 0 
0 0 0 0 0 0 0 0 0 0 
0 0 0 0 0 0 0 0 0 0 
0 0 0 0 0 0 0 0 0 0 
0 0 0 0 0 0 0 0 0 0 
0 0 0 0 0 0 0 0 0 0 
0 0 0 0 0 0 0 0 0 0 
0 0 0 0 0 0 0 0 0 0 
0 0 0 0 0 0 0 0 0 0 
0 0 0 0 0 0 0 0 0 0 
0 0 0 0 0 0 0 0 0 0 
0 0 0 0 0 0 0 0 0 0 
0 0 0 0 0 0 0 0 0 0 
0 0 0 0 0 0 0 0 0 0 
0 0 0 0 0 0 0 0 0 0 
0 0 0 0 0 0 0 0 0 0 
0 0 0 0 0 0 0 0 0 0 
0 0 0 0 0 0 0 0 0 0 
0 0 0 0 0 0 0 0 0 0 
0 0 0 0 0 0 0 0 0 0 
0 0 0 0 0 0 0 0 0 0 
0 0 0 0 0 0 0 0 0 0 
0 0 0 0 0 0 0 0 0 0 
0 0 0 0 0 0 0 0 0 0 
0 0 0 0 0 0 0 0 0 0 
0 0 0 0 0 0 0 0 0 0 
0 0 0 0 0 0 0 0 0 0 
0 0 0 0 0 0 0 0 0 0 
0 0 0 0 0 0 0 0 0 0 
0 0 0 0 0 0 0 0 0 0 
0 0 0 0 0 0 0 0 0 0 
0 0 0 0 0 SCALARS Pipe_Flow_Rate_m3_s float 1
LOOKUP_TABLE default
0.0890934 0.0890934 0.0890934 0.0890934 0.0890934 0.0890934 0.0890934 0.0890934 0.0890934 
0.0890934 0.0890934 0.0890934 0.0890934 0.0890934 0.0890934 0.0890934 0.0890934 0.0890934 0.0890934 
0.0890934 0.0890934 0.0890934 0.0890934 0.0890934 0.0890934 0.0890934 0.0890934 0.0890934 0.0890934 
0.0890934 0.0890934 0.0890934 0.0890934 0.0890934 0.0890934 0.0890934 0.0890934 0.0890934 0.0890934 
0.0890934 0.0890934 0.0890934 0.0890934 0.0890934 0.0890934 0.0890934 0.0890934 0.0890934 0.0890934 
0.0890934 0.0890934 0.0890934 0.0890934 0.0890934 0.0890934 0.0890934 0.0890934 0.0890934 0.0890934 
0.0890934 0.0890934 0.0890934 0.0890934 0.0890934 0.0890934 0.0890934 0.0890934 0.0890934 0.0890934 
0.0890934 0.0890934 0.0890934 0.0890934 0.0890934 0.0890934 0.0890934 0.0890934 0.0890934 0.0890934 
0.0890934 0.0890934 0.0890934 0.0890934 0.0890934 0.0890934 0.0890934 0.0890934 0.0890934 0.0890934 
0.0890934 0.0890934 0.0890934 0.0890934 0.0890934 0.0890934 0.0890934 0.0890934 0.0890934 0.0890934 
0.0890934 0.0890934 0.0890934 0.0890934 0.0890934 0.0890934 0.0890934 0.0890934 0.0890934 0.0890934 
0.0890934 0.0890934 0.0890934 0.0890934 0.0890934 0.0890934 0.0890934 0.0890934 0.0890934 0.0890934 
0.0890934 0.0890934 0.0890934 0.0890934 0.0890934 0.0890934 0.0890934 0.0890934 0.0890934 0.0890934 
0.0890934 0.0890934 0.0890934 0.0890934 0.0890934 0.0890934 0.0890934 0.0890934 0.0890934 0.0890934 
0.0890934 0.0890934 0.0890934 0.0890934 0.0890934 0.0890934 0.0890934 0.0890934 0.0890934 0.0890934 
0.0890934 0.0890934 0.0890934 0.0890934 0.0890934 0.0890934 0.0890934 0.0890934 0.0890934 0.0890934 
0.0890934 0.0890934 0.0890934 0.0890934 0.0890934 0.0890934 0.0890934 0.0890934 0.0890934 0.0890934 
0.0890934 0.0890934 0.0890934 0.0890934 0.0890934 0.0890934 0.0890934 0.0890934 0.0890934 0.0890934 
0.0890934 0.0890934 0.0890934 0.0890934 0.0890934 0.0890934 0.0890934 0.0890934 0.0890934 0.0890934 
0.0890934 0.0890934 0.0890934 0.0890934 0.0890934 0.0890934 0.0890934 0.0890934 0.0890934 0.0890934 
0.0890934 0.0890934 0.0890934 0.0890934 0.0890934 0.0890934 0.0890934 0.0890934 0.0890934 0.0890934 
0.0890934 0.0890934 0.0890934 0.0890934 0.0890934 0.0890934 0.0890934 0.0890934 0.0890934 0.0890934 
0.0890934 0.0890934 0.0890934 0.0890934 0.0890934 0.0890934 0.0890934 0.0890934 0.0890934 0.0890934 
0.0890934 0.0890934 0.0890934 0.0890934 0.0890934 0.0890934 0.0890934 0.0890934 0.0890934 0.0890934 
0.0890934 0.0890934 0.0890934 0.0890934 0.0890934 0.0890934 0.0890934 0.0890934 0.0890934 0.0890934 
0.0890934 0.0890934 0.0890934 0.0890934 0.0890934 0.0890934 0.0890934 0.0890934 0.0890934 0.0890934 
0.0890934 0.0890934 0.0890934 0.0890934 0.0890934 0.0890934 0.0890934 0.0890934 0.0890934 0.0890934 
0.0890934 0.0890934 0.0890934 0.0890934 0.0890934 0.0890934 0.0890934 0.0890934 0.0890934 0.0890934 
0.0890934 0.0890934 0.0890934 0.0890934 0.0890934 0.0890934 0.0890934 0.0890934 0.0890934 0.0890934 
0.0890934 0.0890934 0.0890934 0.0890934 0.0890934 0.0890934 0.0890934 0.0890934 0.0890934 0.0890934 
0.0890934 0.0890934 0.0890934 0.0890934 0.0890934 0.0890934 0.0890934 0.0890934 0.0890934 0.0890934 
0.0890934 0.0890934 0.0890934 0.0890934 0.0890934 0.0890934 0.0890934 0.0890934 0.0890934 0.0890934 
0.0890934 0.0890934 0.0890934 0.0890934 0.0890934 0.0890934 0.0890934 0.0890934 0.0890934 0.0890934 
0.0890934 0.0890934 0.0890934 0.0890934 0.0890934 0.0890934 0.0890934 0.0890934 0.0890934 0.0890934 
0.0890934 0.0890934 0.0890934 0.0890934 0.0890934 0.0890934 0.0890934 0.0890934 0.0890934 0.0890934 
0.0890934 0.0890934 0.0890934 0.0890934 0.0890934 0.0890934 0.0890934 0.0890934 0.0890934 0.0890934 
0.0890934 0.0890934 0.0890934 0.0890934 0.0890934 0.0890934 0.0890934 0.0890934 0.0890934 0.0890934 
0.0890934 0.0890934 0.0890934 0.0890934 0.0890934 0.0890934 0.0890934 0.0890934 0.0890934 0.0890934 
0.0890934 0.0890934 0.0890934 0.0890934 0.0890934 0.0890934 0.0890934 0.0890934 0.0890934 0.0890934 
0.0890934 0.0890934 0.0890934 0.0890934 0.0890934 0.0890934 0.0890934 0.0890934 0.0890934 0.0890934 
0.0890934 0.0890934 0.0890934 0.0890934 0.0890934 0.0890934 0.0890934 0.0890934 0.0890934 0.0890934 
0.0890934 0.0890934 0.0890934 0.0890934 0.0890934 0.0890934 0.0890934 0.0890934 0.0890934 0.0890934 
0.0890934 0.0890934 0.0890934 0.0890934 0.0890934 0.0890934 0.0890934 0.0890934 0.0890934 0.0890934 
0.0890934 0.0890934 0.0890934 0.0890934 0.0890934 0.0890934 0.0890934 0.0890934 0.0890934 0.0890934 
0.0890934 0.0890934 0.0890934 0.0890934 0.0890934 0.0890934 0.0890934 0.0890934 0.0890934 0.0890934 
0.0890934 0.0890934 0.0890934 0.0890934 0.0890934 0.0890934 0.0890934 0.0890934 0.0890934 0.0890934 
0.0890934 0.0890934 0.0890934 0.0890934 0.0890934 0.0890934 0.0890934 0.0890934 0.0890934 0.0890934 
0.0890934 0.0890934 0.0890934 0.0890934 0.0890934 0.0890934 0.0890934 0.0890934 0.0890934 0.0890934 
0.0890934 0.0890934 0.0890934 0.0890934 0.0890934 0.0890934 0.0890934 0.0890934 0.0890934 0.0890934 
0.0890934 0.0890934 0.0890934 0.0890934 0.0890934 0.0890934 0.0890934 0.0890934 0.0890934 0.0890934 
0.0890934 0.0890934 0.0890934 0.0890934 0.0890934 0.0890934 0.0890934 0.0890934 0.0890934 0.0890934 
0.0890934 0.0890934 0.0890934 0.0890934 0.0890934 0.0890934 0.0890934 0.0890934 0.0890934 0.0890934 
0.0890934 0.0890934 0.0890934 0.0890934 0.0890934 0.0890934 0.0890934 0.0890934 0.0890934 0.0890934 
0.0890934 0.0890934 0.0890934 0.0890934 0.0890934 0.0890934 0.0890934 0.0890934 0.0890934 0.0890934 
0.0890934 0.0890934 0.0890934 0.0890934 0.0890934 0.0890934 0.0890934 0.0890934 0.0890934 0.0890934 
0.0890934 0.0890934 0.0890934 0.0890934 0.0890934 0.0890934 0.0890934 0.0890934 0.0890934 0.0890934 
0.0890934 0.0890934 0.0890934 0.0890934 0.0890934 0.0890934 0.0890934 0.0890934 0.0890934 0.0890934 
0.0890934 0.0890934 0.0890934 0.0890934 0.0890934 0.0890934 0.0890934 0.0890934 0.0890934 0.0890934 
0.0890934 0.0890934 0.0890934 0.0890934 0.0890934 0.0890934 0.0890934 0.0890934 0.0890934 0.0890934 
0.0890934 0.0890934 0.0890934 0.0890934 0.0890934 0.0890934 0.0890934 0.0890934 0.0890934 0.0890934 
0.0890934 0.0890934 0.0890934 0.0890934 0.0890934 0.0890934 0.0890934 0.0890934 0.0890934 0.0890934 
0.0890934 0.0890934 0.0890934 0.0890934 0.0890934 0.0890934 0.0890934 0.0890934 0.0890934 0.0890934 
0.0890934 0.0890934 0.0890934 0.0890934 0.0890934 0.0890934 0.0890934 0.0890934 0.0890934 0.0890934 
0.0890934 0.0890934 0.0890934 0.0890934 0.0890934 0.0890934 0.0890934 0.0890934 0.0890934 0.0890934 
0.0890934 0.0890934 0.0890934 0.0890934 0.0890934 0.0890934 0.0890934 0.0890934 0.0890934 0.0890934 
0.0890934 0.0890934 0.0890934 0.0890934 0.0890934 0.0890934 0.0890934 0.0890934 0.0890934 0.0890934 
0.0890934 0.0890934 0.0890934 0.0890934 0.0890934 0.0890934 0.0890934 0.0890934 0.0890934 0.0890934 
0.0890934 0.0890934 0.0890934 0.0890934 0.0890934 0.0890934 0.0890934 0.0890934 0.0890934 0.0890934 
0.0890934 0.0890934 0.0890934 0.0890934 0.0890934 0.0890934 0.0890934 0.0890934 0.0890934 0.0890934 
0.0890934 0.0890934 0.0890934 0.0890934 0.0890934 0.0890934 0.0890934 0.0890934 0.0890934 0.0890934 
0.0890934 0.0890934 0.0890934 0.0890934 0.0890934 0.0890934 0.0890934 0.0890934 0.0890934 0.0890934 
0.0890934 0.0890934 0.0890934 0.0890934 0.0890934 0.0890934 0.0890934 0.0890934 0.0890934 0.0890934 
0.0890934 0.0890934 0.0890934 0.0890934 0.0890934 0.0890934 0.0890934 0.0890934 0.0890934 0.0890934 
0.0890934 0.0890934 0.0890934 0.0890934 0.0890934 0.0890934 0.0890934 0.0890934 0.0890934 0.0890934 
0.0890934 0.0890934 0.0890934 0.0890934 0.0890934 0.0890934 0.0890934 0.0890934 0.0890934 0.0890934 
0.0890934 0.0890934 0.0890934 0.0890934 0.0890934 0.0890934 0.0890934 0.0890934 0.0890934 0.0890934 
0.0890934 0.0890934 0.0890934 0.0890934 0.0890934 0.0890934 0.0890934 0.0890934 0.0890934 0.0890934 
0.0890934 0.0890934 0.0890934 0.0890934 0.0890934 0.0890934 0.0890934 0.0890934 0.0890934 0.0890934 
0.0890934 0.0890934 0.0890934 0.0890934 0.0890934 0.0890934 0.0890934 0.0890934 0.0890934 0.0890934 
0.0890934 0.0890934 0.0890934 0.0890934 0.0890934 0.0890934 0.0890934 0.0890934 0.0890934 0.0890934 
0.0890934 0.0890934 0.0890934 0.0890934 0.0890934 0.0890934 0.0890934 0.0890934 0.0890934 0.0890934 
0.0890934 0.0890934 0.0890934 0.0890934 0.0890934 0.0890934 0.0890934 0.0890934 0.0890934 0.0890934 
0.0890934 0.0890934 0.0890934 0.0890934 0.0890934 0.0890934 0.0890934 0.0890934 0.0890934 0.0890934 
0.0890934 0.0890934 0.0890934 0.0890934 0.0890934 0.0890934 0.0890934 0.0890934 0.0890934 0.0890934 
0.0890934 0.0890934 0.0890934 0.0890934 0.0890934 0.0890934 0.0890934 0.0890934 0.0890934 0.0890934 
0.0890934 0.0890934 0.0890934 0.0890934 0.0890934 0.0890934 0.0890934 0.0890934 0.0890934 0.0890934 
0.0890934 0.0890934 0.0890934 0.0890934 0.0890934 0.0890934 0.0890934 0.0890934 0.0890934 0.0890934 
0.0890934 0.0890934 0.0890934 0.0890934 0.0890934 0.0890934 0.0890934 0.0890934 0.0890934 0.0890934 
0.0890934 0.0138492 0.0138492 0.0138492 0.0138492 0.0138492 0.0138492 0.0138492 0.0138492 0.0138492 
0.0138492 0.0138492 0.0138492 0.0138492 0.0138492 0.0138492 0.0138492 0.0138492 0.0138492 0.0138492 
0.0138492 0.0138492 0.0138492 0.0138492 0.0138492 0.0138492 0.0138492 0.0138492 0.0138492 0.0138492 
0.0138492 0.0138492 0.0138492 0.0138492 0.0138492 0.0138492 0.0138492 0.0138492 0.0138492 0.0138492 
0.0138492 0.0138492 0.0138492 0.0138492 0.0138492 0.0138492 0.0138492 0.0138492 0.0138492 0.0138492 
0.0138492 0.0138492 0.0138492 0.0138492 0.0138492 0.0138492 0.0138492 0.0138492 0.0138492 0.0138492 
0.0138492 0.0138492 0.0138492 0.0138492 0.0138492 0.0138492 0.0138492 0.0138492 0.0138492 0.0138492 
0.0138492 0.0138492 0.0138492 0.0138492 0.0138492 0.0138492 0.0138492 0.0138492 0.0138492 0.0138492 
0.0138492 0.0138492 0.0138492 0.0138492 0.0138492 0.0138492 0.0138492 0.0138492 0.0138492 0.0138492 
0.0138492 0.0138492 0.0138492 0.0138492 0.0138492 0.0138492 0.0138492 0.0138492 0.0138492 0.0138492 
0.0138492 0.0138492 0.0138492 0.0138492 0.0138492 0.0138492 0.0138492 0.0138492 0.0138492 0.0138492 
0.0138492 0.0138492 0.0138492 0.0138492 0.0138492 0.0138492 0.0138492 0.0138492 0.0138492 0.0138492 
0.0138492 0.0138492 0.0138492 0.0138492 0.0138492 0.0138492 0.0138492 0.0138492 0.0138492 0.0138492 
0.0138492 0.0138492 0.0138492 0.0138492 0.0138492 0.0138492 0.0138492 0.0138492 0.0138492 0.0138492 
0.0138492 0.0138492 0.0138492 0.0138492 0.0138492 0.0138492 0.0138492 0.0138492 0.0138492 0.0138492 
0.0138492 0.0138492 0.0138492 0.0138492 0.0138492 0.0138492 0.0138492 0.0138492 0.0138492 0.0138492 
0.0138492 0.0138492 0.0138492 0.0138492 0.0138492 0.0138492 0.0138492 0.0138492 0.0138492 0.0890934 
0.0890934 0.0890934 0.0890934 0.0890934 0.0890934 0.0890934 0.0890934 0.0890934 0.0890934 0.0890934 
0.0890934 0.0890934 0.0890934 0.0890934 0.0890934 0.0890934 0.0890934 0.0890934 0.0890934 0.0890934 
0.0890934 0.0890934 0.0890934 0.0890934 0.0890934 0.0890934 0.0890934 0.0890934 0.0890934 0.0890934 
0.0890934 0.0890934 0.0890934 0.0890934 0.0890934 0.0890934 0.0890934 0.0890934 0.0890934 0.0890934 
0.0890934 0.0890934 0.0890934 0.0890934 0.0890934 0.0890934 0.0890934 0.0890934 0.0890934 0.0890934 
0.0890934 0.0890934 0.0890934 0.0890934 0.0890934 0.0890934 0.0890934 0.0890934 0.0890934 0.0890934 
0.0890934 0.0890934 0.0890934 0.0890934 0.0890934 0.0890934 0.0890934 0.0890934 0.0890934 0.0890934 
0.0890934 0.0890934 0.0890934 0.0890934 0.0890934 0.0890934 0.0890934 0.0890934 0.0890934 0.0890934 
0.0890934 0.0890934 0.0890934 0.0890934 0.0890934 0.0890934 0.0890934 0.0890934 0.0890934 0.0890934 
0.0890934 0.0890934 0.0890934 0.0890934 0.0890934 0.0890934 0.0890934 0.0890934 0.0890934 0.0890934 
0.0890934 0.0890934 0.0890934 0.0890934 0.0890934 0.0890934 0.0890934 0.0890934 0.0890934 0.0890934 
0.0890934 0.0890934 0.0890934 0.0890934 0.0890934 0.0890934 0.0890934 0.0890934 0.0890934 0.0890934 
0.0890934 0.0890934 0.0890934 0.0890934 0.0890934 0.0890934 0.0890934 0.0890934 0.0890934 0.0890934 
0.0890934 0.0890934 0.0890934 0.0890934 0.0890934 0.0890934 0.0890934 0.0890934 0.0890934 0.0890934 
0.0890934 0.0890934 0.0890934 0.0890934 0.0890934 0.0890934 0.0890934 0.0890934 0.0890934 0.0890934 
0.0890934 0.0890934 0.0890934 0.0890934 0.0890934 0.0890934 0.0890934 0.0890934 0.0890934 0.0890934 
0.0890934 0.0890934 0.0890934 0.0890934 0.0890934 0.0890934 0.0890934 0.0890934 0.0890934 0.0890934 
0.0890934 0.0890934 0.0890934 0.0890934 0.0890934 0.0890934 0.0890934 0.0890934 0.0890934 0.0890934 
0.0890934 0.0890934 0.0890934 0.0890934 0.0890934 0.0890934 0.0890934 0.0890934 0.0890934 0.0890934 
0.0890934 0.0890934 0.0890934 0.0890934 0.0890934 0.0890934 0.0890934 0.0890934 0.0890934 0.0890934 
0.0890934 0.0890934 0.0890934 0.0890934 0.0890934 0.0890934 0.0890934 0.0890934 0.0890934 0.0890934 
0.0890934 0.0890934 0.0890934 0.0890934 0.0890934 0.0890934 0.0890934 0.0890934 0.0890934 0.0890934 
0.0890934 0.0890934 0.0890934 0.0890934 0.0890934 0.0890934 0.0890934 0.0890934 0.0890934 0.0890934 
0.0890934 0.0890934 0.0890934 0.0890934 0.0890934 0.0890934 0.0890934 0.0890934 0.0890934 0.0890934 
0.0890934 0.0890934 0.0890934 0.0890934 0.0890934 0.0890934 0.0890934 0.0890934 0.0890934 0.0890934 
0.0890934 0.0890934 0.0890934 0.0890934 0.0890934 0.0890934 0.0890934 0.0890934 0.0890934 0.0890934 
0.0890934 0.0890934 0.0890934 0.0890934 0.0890934 0.0890934 0.0890934 0.0890934 0.0890934 0.0890934 
0.0890934 0.0890934 0.0890934 0.0890934 0.0890934 0.0890934 0.0890934 0.0890934 0.0890934 0.0890934 
0.0890934 0.0890934 0.0890934 0.0890934 0.0890934 0.0890934 0.0890934 0.0890934 0.0890934 0.0890934 
0.0890934 0.0890934 0.0890934 0.0890934 0.0890934 0.0890934 0.0890934 0.0890934 0.0890934 0.0890934 
0.0890934 0.0890934 0.0890934 0.0890934 0.0890934 0.0890934 0.0890934 0.0890934 0.0890934 0.0890934 
0.0890934 0.0890934 0.0890934 0.0890934 0.0890934 0.0890934 0.0890934 0.0890934 0.0890934 0.0890934 
0.0890934 0.0890934 0.0890934 0.0890934 0.0890934 0.0890934 0.0890934 0.0890934 0.0890934 0.0890934 
0.0890934 0.0890934 0.0890934 0.0890934 0.0890934 0.0890934 0.0890934 0.0890934 0.0890934 0.0890934 
0.0890934 0.0890934 0.0890934 0.0890934 0.0890934 0.0890934 0.0890934 0.0890934 0.0890934 0.0890934 
0.0890934 0.0890934 0.0890934 0.0890934 0.0890934 0.0890934 0.0890934 0.0890934 0.0890934 0.0890934 
0.0890934 0.0890934 0.0890934 0.0890934 0.0890934 0.0890934 0.0890934 0.0890934 0.0890934 0.0890934 
0.0890934 0.0890934 0.0890934 0.0890934 0.0890934 0.0890934 0.0890934 0.0890934 0.0890934 0.0890934 
0.0890934 0.0890934 0.0890934 0.0890934 0.0890934 0.0890934 0.0890934 0.0890934 0.0890934 0.0890934 
0.0890934 0.0890934 0.0890934 0.0890934 0.0890934 0.0890934 0.0890934 0.0890934 0.0890934 0.0890934 
0.0890934 0.0890934 0.0890934 0.0890934 0.0890934 0.0890934 0.0890934 0.0890934 0.0890934 0.0890934 
0.0890934 0.0890934 0.0890934 0.0890934 0.0890934 0.0890934 0.0890934 0.0890934 0.0890934 0.0890934 
0.0890934 0.0890934 0.0890934 0.0890934 0.0890934 0.0890934 0.0890934 0.0890934 0.0890934 0.0890934 
0.0890934 0.0890934 0.0890934 0.0890934 0.0890934 0.0890934 0.0890934 0.0890934 0.0890934 0.0890934 
0.0890934 0.0890934 0.0890934 0.0890934 0.0890934 0.0890934 0.0890934 0.0890934 0.0890934 0.0890934 
0.0890934 0.0890934 0.0890934 0.0890934 0.0890934 0.0890934 0.0890934 0.0890934 0.0890934 0.0890934 
0.0890934 0.0890934 0.0890934 0.0890934 0.0890934 0.0890934 0.0890934 0.0890934 0.0890934 0.0890934 
0.0890934 0.0890934 0.0890934 0.0890934 0.0890934 0.0890934 0.0890934 0.0890934 0.0890934 0.0890934 
0.0890934 0.0890934 0.0890934 0.0890934 0.0890934 0.0890934 0.0890934 0.0890934 0.0890934 0.0890934 
0.0890934 0.0890934 0.0890934 0.0890934 0.0890934 0.0890934 0.0890934 0.0890934 0.0890934 0.0890934 
0.0890934 0.0890934 0.0890934 0.0890934 0.0890934 0.0890934 0.0890934 0.0890934 0.0890934 0.0890934 
0.0890934 0.0890934 0.0890934 0.0890934 0.0890934 0.0890934 0.0890934 0.0890934 0.0890934 0.0890934 
0.0890934 0.0890934 0.0890934 0.0890934 0.0890934 0.0890934 0.0890934 0.0890934 0.0890934 0.0890934 
0.0890934 0.0890934 0.0890934 0.0890934 0.0890934 0.0890934 0.0890934 0.0890934 0.0890934 0.0890934 
0.0890934 0.0890934 0.0890934 0.0890934 0.0890934 0.0890934 0.0890934 0.0890934 0.0890934 0.0890934 
0.0890934 0.0890934 0.0890934 0.0890934 0.0890934 0.0890934 0.0890934 0.0890934 0.0890934 0.0890934 
0.0890934 0.0890934 0.0890934 0.0890934 0.0890934 0.0890934 0.0890934 0.0890934 0.0890934 0.0890934 
0.0890934 0.0890934 0.0890934 0.0890934 0.0890934 0.0890934 0.0890934 0.0890934 0.0890934 0.0890934 
0.0890934 0.0890934 0.0890934 0.0890934 0.0890934 0.0890934 0.0890934 0.0890934 0.0890934 0.0890934 
0.0890934 0.0890934 0.0890934 0.0890934 0.0890934 0.0890934 0.0890934 0.0890934 0.0890934 0.0890934 
0.0890934 0.0890934 0.0890934 0.0890934 0.0890934 0.0890934 0.0890934 0.0890934 0.0890934 0.0890934 
0.0890934 0.0890934 0.0890934 0.0890934 0.0890934 0.0890934 0.0890934 0.0890934 0.0890934 0.0890934 
0.0890934 0.0890934 0.0890934 0.0890934 0.0890934 0.0890934 0.0890934 0.0890934 0.0890934 0.0890934 
0.0890934 0.0890934 0.0890934 0.0890934 0.0890934 0.0890934 0.0890934 0.0890934 0.0890934 0.0890934 
0.0890934 0.0890934 0.0890934 0.0890934 0.0890934 0.0890934 0.0890934 0.0890934 0.0890934 0.0890934 
0.0890934 0.0890934 0.0890934 0.0890934 0.0890934 0.0890934 0.0890934 0.0890934 0.0890934 0.0890934 
0.0890934 0.0890934 0.0890934 0.0890934 0.0890934 0.0890934 0.0890934 0.0890934 0.0890934 0.0890934 
0.0890934 0.0890934 0.0890934 0.0890934 0.0890934 0.0890934 0.0890934 0.0890934 0.0890934 0.0890934 
0.0890934 0.0890934 0.0890934 0.0890934 0.0890934 0.0890934 0.0890934 0.0890934 0.0890934 0.0890934 
0.0890934 0.0890934 0.0890934 0.0890934 0.0890934 0.0890934 0.0890934 0.0890934 0.0890934 0.0890934 
0.0890934 0.0890934 0.0890934 0.0890934 0.0890934 0.0890934 0.0890934 0.0890934 0.0890934 0.0890934 
0.0890934 0.0890934 0.0890934 0.0890934 0.0890934 0.0890934 0.0890934 0.0890934 0.0890934 0.0890934 
0.0890934 0.0890934 0.0890934 0.0890934 0.0890934 0.0890934 0.0890934 0.0890934 0.0890934 0.0890934 
0.0890934 0.0890934 0.0890934 0.0890934 0.0890934 0.0890934 0.0890934 0.0890934 0.0890934 0.0890934 
0.0890934 0.0890934 0.0890934 0.0890934 0.0890934 0.0890934 0.0890934 0.0138492 0.0138492 0.0138492 
0.0138492 0.0138492 0.0138492 0.0138492 0.0138492 0.0138492 0.0138492 0.0138492 0.0138492 0.0138492 
0.0138492 0.0138492 0.0138492 0.0138492 0.0138492 0.0138492 0.0138492 0.0138492 0.0138492 0.0138492 
0.0138492 0.0138492 0.0138492 0.0138492 0.0138492 0.0138492 0.0138492 0.0138492 0.0138492 0.0138492 
0.0138492 0.0138492 0.0138492 0.0138492 0.0138492 0.0138492 0.0138492 0.0138492 0.0138492 0.0138492 
0.0138492 0.0138492 0.0138492 0.0138492 0.0138492 0.0138492 0.0138492 0.0138492 0.0138492 0.0138492 
0.0138492 0.0138492 0.0138492 0.0138492 0.0138492 0.0138492 0.0138492 0.0138492 0.0138492 0.0138492 
0.0138492 0.0138492 0.0138492 0.0138492 0.0138492 0.0138492 0.0138492 0.0138492 0.0138492 0.0138492 
0.0138492 0.0138492 0.0138492 0.0138492 0.0138492 0.0138492 0.0138492 0.0138492 0.0138492 0.0138492 
0.0138492 0.0138492 0.0138492 0.0138492 0.0138492 0.0138492 0.0138492 0.0138492 0.0138492 0.0138492 
0.0138492 0.0138492 0.0138492 0.0138492 0.0138492 0.0138492 0.0138492 0.0138492 0.0138492 0.0138492 
0.0138492 0.0138492 0.0138492 0.0138492 0.0138492 0.0138492 0.0138492 0.0138492 0.0138492 0.0138492 
0.0138492 0.0138492 0.0138492 0.0138492 0.0138492 0.0138492 0.0138492 0.0138492 0.0138492 0.0138492 
0.0138492 0.0138492 0.0138492 0.0138492 0.0138492 0.0138492 0.0138492 0.0138492 0.0138492 0.0138492 
0.0138492 0.0138492 0.0138492 0.0138492 0.0138492 0.0138492 0.0138492 0.0138492 0.0138492 0.0138492 
0.0138492 0.0138492 0.0138492 0.0138492 0.0138492 0.0138492 0.0138492 0.0138492 0.0138492 0.0138492 
0.0138492 0.0138492 0.0138492 0.0112976 0.0112976 0.0112976 0.0112976 0.0112976 0.0112976 0.0112976 
0.0112976 0.0112976 0.0112976 0.0112976 0.0112976 0.0112976 0.0112976 0.0112976 0.0112976 0.0112976 
0.0112976 0.0112976 0.0112976 0.0112976 0.0112976 0.0112976 0.0112976 0.0112976 0.0112976 0.0112976 
0.0112976 0.0112976 0.0112976 0.0112976 0.0112976 0.0112976 0.0112976 0.0112976 0.0112976 0.0112976 
0.0112976 0.0112976 0.0112976 0.0112976 0.0112976 0.0112976 0.0112976 0.0112976 0.0112976 0.0112976 
0.0112976 0.0112976 0.0112976 0.0112976 0.0112976 0.0112976 0.0112976 0.0112976 0.0112976 0.0112976 
0.0112976 0.0112976 0.0112976 0.0112976 0.0112976 0.0112976 0.0112976 0.0112976 0.0112976 0.0112976 
0.0112976 0.0112976 0.0112976 0.0112976 0.0112976 0.0112976 0.0112976 0.0112976 0.0112976 0.0112976 
0.0112976 0.0112976 0.0112976 0.0112976 0.0112976 0.0112976 0.0112976 0.0112976 0.0112976 0.0112976 
0.0112976 0.0112976 0.0112976 0.0112976 0.0112976 0.0112976 0.0112976 0.0112976 0.0112976 0.0112976 
0.0112976 0.0112976 0.0112976 0.0112976 0.0112976 0.0112976 0.0112976 0.0112976 0.0112976 0.0112976 
0.0112976 0.0112976 0.0112976 0.0112976 0.0112976 0.0112976 0.0112976 0.0112976 0.0112976 0.0112976 
0.0112976 0.0112976 0.0112976 0.0112976 0.0112976 0.0112976 0.0112976 0.0112976 0.0112976 0.0112976 
0.0112976 0.0112976 0.0112976 0.0112976 0.0112976 0.0112976 0.0112976 0.0112976 0.0112976 0.0112976 
0.0112976 0.0112976 0.0112976 0.0112976 0.0112976 0.0112976 0.0112976 0.0112976 0.0112976 0.0112976 
0.0112976 0.0112976 0.0112976 0.0112976 0.0112976 0.0112976 0.0112976 0.0112976 0.0112976 0.0112976 
0.0112976 0.0112976 0.0112976 0.0112976 0.0112976 0.0112976 0.0112976 0.0112976 0.0112976 0.0112976 
0.0112976 0.0112976 0.0112976 0.0112976 0.0112976 0.0112976 0.0112976 0.0112976 0.0112976 0.0112976 
0.0112976 0.0112976 0.0112976 0.0112976 0.0112976 0.0112976 0.0112976 0.0112976 0.0112976 0.0112976 
0.0112976 0.0112976 0.0112976 0.0112976 0.0112976 0.0112976 0.0112976 0.0112976 0.0112976 0.0112976 
0.0112976 0.0112976 0.0112976 0.0112976 0.0112976 0.0112976 0.0112976 0.0112976 0.0112976 0.0112976 
0.0112976 0.0112976 0.0112976 0.0112976 0.0112976 0.0112976 0.0112976 0.0112976 0.0112976 0.0112976 
0.0112976 0.0112976 0.0112976 0.0112976 0.0112976 0.0112976 0.0112976 0.0112976 0.0112976 0.0112976 
0.0112976 0.0112976 0.0112976 0.0112976 0.0112976 0.0112976 0.0112976 0.0112976 0.0112976 0.0112976 
0.0112976 0.0112976 0.0112976 0.0112976 0.0112976 0.0112976 0.0112976 0.0112976 0.0112976 0.0112976 
0.0112976 0.0112976 0.0112976 0.0112976 0.0112976 0.0112976 0.0112976 0.0112976 0.0112976 0.0112976 
0.0112976 0.0112976 0.0112976 0.0112976 0.0112976 0.0112976 0.0112976 0.0112976 0.0112976 0.0112976 
0.0112976 0.0112976 0.0112976 0.0112976 0.0112976 0.0112976 0.0112976 0.0112976 0.0112976 0.0112976 
0.0112976 0.0112976 0.0112976 0.0112976 0.0112976 0.0112976 0.0112976 0.0112976 0.0112976 0.0112976 
0.0112976 0.0112976 0.0112976 0.0112976 0.0112976 0.0112976 0.0112976 0.0112976 0.0112976 0.0112976 
0.0112976 0.0112976 0.0112976 0.0112976 0.0112976 0.0112976 0.0112976 0.0112976 0.0112976 0.0112976 
0.0112976 0.0112976 0.0112976 0.0112976 0.0112976 0.0112976 0.0112976 0.0112976 0.0112976 0.0112976 
0.0112976 0.0112976 0.0112976 0.0112976 0.0112976 0.0112976 0.0112976 0.0112976 0.0112976 0.0112976 
0.0112976 0.0112976 0.0112976 0.0112976 0.0112976 0.0112976 0.0112976 0.0112976 0.0112976 0.0112976 
0.0112976 0.0112976 0.0112976 0.0112976 0.0112976 0.0112976 0.0112976 0.0112976 0.0112976 0.0112976 
0.0112976 0.0112976 0.0112976 0.0112976 0.0112976 0.0112976 0.0112976 0.0112976 0.0112976 0.0112976 
0.0112976 0.0112976 0.0112976 0.0112976 0.0112976 0.0112976 0.0112976 0.0112976 0.0112976 0.0112976 
0.0112976 0.0112976 0.0112976 0.0112976 0.0112976 0.0112976 0.0112976 0.0112976 0.0112976 0.0112976 
0.0112976 0.0112976 0.0112976 0.0112976 0.0112976 0.0112976 0.0112976 0.0112976 0.0112976 0.0112976 
0.0112976 0.0112976 0.0112976 0.0112976 0.0112976 0.0112976 0.0112976 0.0112976 0.0112976 0.0112976 
0.0112976 0.0112976 0.0112976 0.0112976 0.0112976 0.0112976 0.0112976 0.0112976 0.0112976 0.0112976 
0.0112976 0.0112976 0.0112976 0.0112976 0.0112976 0.0112976 0.0112976 0.0112976 0.0112976 0.0112976 
0.0112976 0.0112976 0.0112976 0.0112976 0.0112976 0.0112976 0.0112976 0.0112976 0.0112976 0.0112976 
0.0112976 0.0112976 0.0112976 0.0112976 0.0112976 0.0112976 0.0112976 0.0112976 0.0112976 0.0112976 
0.0112976 0.0112976 0.0112976 0.0112976 0.0112976 0.0112976 0.0112976 0.0112976 0.0112976 0.0112976 
0.0112976 0.0112976 0.0112976 0.0112976 0.0112976 0.0112976 0.0112976 0.0112976 0.0112976 0.0112976 
0.0112976 0.0112976 0.0112976 0.0112976 0.0112976 0.0112976 0.0112976 0.0112976 0.0112976 0.0112976 
0.0112976 0.0112976 0.0112976 0.0112976 0.0112976 0.0112976 0.0112976 0.0112976 0.0112976 0.0112976 
0.0112976 0.0112976 0.0112976 0.0112976 0.0112976 0.0112976 0.0112976 0.0112976 0.0112976 0.0112976 
0.0112976 0.0112976 0.0112976 0.0112976 0.0112976 0.0112976 0.0112976 0.0112976 0.0112976 0.0112976 
0.0112976 0.0112976 0.0112976 0.0112976 0.0112976 0.0112976 0.0112976 0.0112976 0.0112976 0.0112976 
0.0112976 0.0112976 0.0112976 0.0112976 0.0112976 0.0112976 0.0112976 0.0112976 0.0112976 0.0112976 
0.0112976 0.0112976 0.0112976 0.0112976 0.0112976 0.0112976 0.0112976 0.0112976 0.0112976 0.0112976 
0.0112976 0.0112976 0.0112976 0.0112976 0.0112976 0.0112976 0.0112976 0.0112976 0.0112976 0.0112976 
0.0112976 0.0112976 0.0112976 0.0112976 0.0112976 0.0112976 0.0112976 0.0112976 0.0112976 0.0112976 
0.0112976 0.0112976 0.0112976 0.0112976 0.0112976 0.0112976 0.0112976 0.0112976 0.0112976 0.0112976 
0.0112976 0.0112976 0.0112976 0.0112976 0.0112976 0.0112976 0.0112976 0.0112976 0.0112976 0.0112976 
0.0112976 0.0112976 0.0112976 0.0112976 0.0112976 0.0112976 0.0112976 0.0112976 0.0112976 0.0112976 
0.0112976 0.0112976 0.0112976 0.0112976 0.0112976 0.0112976 0.0112976 0.0112976 0.0112976 0.0112976 
0.0112976 0.0112976 0.0112976 0.0112976 0.0112976 0.0112976 0.0112976 0.0112976 0.0112976 0.0112976 
0.0112976 0.0112976 0.0112976 0.0112976 0.0112976 0.0112976 0.0112976 0.0112976 0.0112976 0.0112976 
0.0112976 0.0112976 0.0112976 0.0112976 0.0112976 0.0112976 0.0112976 0.0112976 0.0112976 0.0112976 
0.0112976 0.0112976 0.0112976 0.0112976 0.0112976 0.0112976 0.0112976 0.0112976 0.0112976 0.0112976 
0.0112976 0.0112976 0.0112976 0.0112976 0.0112976 0.0112976 0.0112976 0.0112976 0.0112976 0.0112976 
0.0112976 0.0112976 0.0112976 0.0112976 0.0112976 0.0112976 0.0112976 0.0112976 0.0112976 0.0112976 
0.0112976 0.0112976 0.0112976 0.0112976 0.0112976 0.0112976 0.0112976 0.0112976 0.0112976 0.0112976 
0.0112976 0.0112976 0.0112976 0.0112976 0.0112976 0.0112976 0.0112976 0.0112976 0.0112976 0.0112976 
0.0112976 0.0112976 0.0112976 0.0112976 0.0112976 0.0112976 0.0112976 0.0112976 0.0112976 0.0112976 
0.0112976 0.0112976 0.0112976 0.0112976 0.0112976 0.0112976 0.0112976 0.0112976 0.0112976 0.0112976 
0.0112976 0.0112976 0.0112976 0.0112976 0.0112976 0.0112976 0.0112976 0.0112976 0.0112976 0.0112976 
0.0112976 0.0112976 0.0112976 0.0112976 0.0112976 0.0112976 0.0112976 0.0112976 0.0112976 0.0112976 
0.0112976 0.0112976 0.0112976 0.0112976 0.0112976 0.0112976 0.0112976 0.0112976 0.0112976 0.0112976 
0.0112976 0.0112976 0.0112976 0.0112976 0.0112976 0.0112976 0.0112976 0.0112976 0.0112976 0.0112976 
0.0112976 0.0112976 0.0112976 0.0112976 0.0112976 0.0112976 0.0112976 0.0112976 0.0112976 0.0112976 
0.0112976 0.0112976 0.0112976 0.0112976 0.0112976 0.0112976 0.0112976 0.0112976 0.0112976 0.0112976 
0.0112976 0.0112976 0.0112976 0.0112976 0.0112976 0.0112976 0.0112976 0.0112976 0.0112976 0.0112976 
0.0112976 0.0112976 0.0112976 0.0112976 0.0112976 0.0112976 0.0112976 0.0112976 0.0112976 0.0112976 
0.0112976 0.0112976 0.0112976 0.0112976 0.0112976 0.0112976 0.0112976 0.0112976 0.0112976 0.0112976 
0.0112976 0.0112976 0.0112976 0.0112976 0.0112976 0.0112976 0.0112976 0.0112976 0.0112976 0.0112976 
0.0112976 0.0112975 0.0112975 0.0112975 0.0112975 0.0112975 0.0112975 0.0112975 0.0112975 0.0112975 
0.0112975 0.0112975 0.0112975 0.0112975 0.0112975 0.0112975 0.0112975 0.0112975 0.0112975 0.0112975 
0.0112975 0.0112975 0.0112975 0.0112975 0.0112975 0.0112975 0.0112975 0.0112975 0.0112975 0.0112975 
0.0112975 0.0112975 0.0112975 0.0112975 0.0112975 0.0112975 0.0112975 0.0112975 0.0112975 0.0112975 
0.0112975 0.0112975 0.0112975 0.0112975 0.0112975 0.0112975 0.0112975 0.0112975 0.0112975 0.0112975 
0.0112975 0.0112975 0.0112975 0.0112975 0.0112975 0.0112975 0.0112975 0.0112976 0.0112976 0.0112976 
0.0112976 0.0112976 0.0112976 0.0112976 0.0112976 0.0112976 0.0112976 0.0112976 0.0112976 0.0112976 
0.0112976 0.0112976 0.0112976 0.0112976 0.0112976 0.0112976 0.0112976 0.0112976 0.0112976 0.0112976 
0.0112976 0.0112976 0.0112976 0.0112976 0.0112976 0.0112976 0.0112976 0.0112976 0.0112976 0.0112976 
0.0112976 0.0112976 0.0112976 0.0112976 0.0112976 0.0112976 0.0112976 0.0112976 0.0112976 0.0112976 
0.0112976 0.00974804 0.00974804 0.00974804 0.00974804 0.00974804 0.00974804 0.00974804 0.00974804 0.00974804 
0.00974804 0.00974804 0.00974804 0.00974804 0.00974804 0.00974804 0.00974804 0.00974804 0.00974804 0.00974804 
0.00974804 0.00974804 0.00974804 0.00974804 0.00974804 0.00974804 0.00974804 0.00974804 0.00974804 0.00974804 
0.00974804 0.00974804 0.00974804 0.00974804 0.00974804 0.00974804 0.00974804 0.00974804 0.00974804 0.00974804 
0.00974804 0.00974804 0.00974804 0.00974804 0.00974804 0.00974804 0.00974804 0.00974804 0.00974804 0.00974804 
0.00974804 0.00974804 0.00974804 0.00974804 0.00974804 0.00974804 0.00974804 0.00974804 0.00974804 0.00974804 
0.00974804 0.00974804 0.00974804 0.00974804 0.00974804 0.00974804 0.00974804 0.00974804 0.00974804 0.00974804 
0.00974804 0.00974804 0.00974804 0.00974804 0.00974804 0.00974804 0.00974804 0.00974804 0.00974804 0.00974804 
0.00974804 0.00974804 0.00974804 0.00974804 0.00974804 0.00974804 0.00974804 0.00974804 0.00974804 0.00974804 
0.00974804 0.00974804 0.00974804 0.00974804 0.00974804 0.00974804 0.00974804 0.00974804 0.00974804 0.00974804 
0.00974804 0.00974804 0.00974804 0.00974804 0.00974804 0.00974804 0.00974804 0.00974804 0.00974804 0.00974804 
0.00974804 0.00974804 0.00974804 0.00974804 0.00974804 0.00974804 0.00974804 0.00974804 0.00974804 0.00974804 
0.00974804 0.00974804 0.00974804 0.00974804 0.00974804 0.00974804 0.00974804 0.00974804 0.00974804 0.00974804 
0.00974804 0.00974804 0.00974804 0.00974804 0.00974804 0.00974804 0.00974804 0.00974804 0.00974804 0.00974804 
0.00974804 0.00974804 0.00974804 0.00974804 0.00974804 0.00974804 0.00974804 0.00974804 0.00974804 0.00974804 
0.00974804 0.00974804 0.00974804 0.00974804 0.00974804 0.00974804 0.00974804 0.00974804 0.00974804 0.00974804 
0.00974804 0.00974804 0.00974804 0.00974804 0.00974804 0.00974804 0.00974804 0.00974804 0.00974804 0.00974804 
0.00974804 0.00974804 0.00974804 0.00974804 0.00974804 0.00974804 0.00974804 0.00974804 0.00974804 0.00974804 
0.00974804 0.00974804 0.00974804 0.00974804 0.00974804 0.00974804 0.00974804 0.00974804 0.00974804 0.00974804 
0.00974804 0.00974804 0.00974804 0.00974804 0.00974804 0.00974804 0.00974804 0.00974804 0.00974804 0.00974804 
0.00974804 0.00974804 0.00974804 0.00974804 0.00974804 0.00974804 0.00974804 0.00974804 0.00974804 0.00974804 
0.00974804 0.00974804 0.00974804 0.00974804 0.00974804 0.00974804 0.00974804 0.00974804 0.00974804 0.00974804 
0.00974804 0.00974804 0.00974804 0.00974804 0.00974804 0.00974804 0.00974804 0.00974804 0.00974804 0.00974804 
0.00974804 0.00974804 0.00974804 0.00974804 0.00974804 0.00974804 0.00974804 0.00974804 0.00974804 0.00974804 
0.00974804 0.00974804 0.00974804 0.00974804 0.00974804 0.00974804 0.00974804 0.00974804 0.00974804 0.00974804 
0.00974804 0.00974804 0.00974804 0.00974804 0.00974804 0.00974804 0.00974804 0.00974804 0.00974804 0.00974804 
0.00974804 0.00974804 0.00974804 0.00974804 0.00974804 0.00974804 0.00974804 0.00974804 0.00974804 0.00974804 
0.00974804 0.00974804 0.00974804 0.00974804 0.00974804 0.00974804 0.00974804 0.00974804 0.00974804 0.00974804 
0.00974804 0.00974804 0.00974804 0.00974804 0.00974804 0.00974804 0.00974804 0.00974804 0.00974804 0.00974804 
0.00974804 0.00974804 0.00974804 0.00974804 0.00974804 0.00974804 0.00974804 0.00974802 0.00974802 0.00974802 
0.00974802 0.00974802 0.00974802 0.00974802 0.00974802 0.00974802 0.00974802 0.00974802 0.00974802 0.00974802 
0.00974802 0.00974802 0.00974802 0.00974802 0.00974802 0.00974802 0.00974802 0.00974802 0.00974802 0.00974802 
0.00974802 0.00974802 0.00974802 0.00974802 0.00974802 0.00974802 0.00974802 0.00974802 0.00974802 0.00974802 
0.00974802 0.00974802 0.00974802 0.00974802 0.00974802 0.00974802 0.00974802 0.00974802 0.00974802 0.00974802 
0.00974802 0.00974802 0.00974802 0.00974802 0.00974802 0.00974802 0.00974802 0.00974802 0.00974802 0.00974802 
0.00974802 0.00974802 0.00974802 0.00974804 0.00974804 0.00974804 0.00974804 0.00974804 0.00974804 0.00974804 
0.00974804 0.00974804 0.00974804 0.00974804 0.00974804 0.00974804 0.00974804 0.00974804 0.00974804 0.00974804 
0.00974804 0.00974804 0.00974804 0.00974804 0.00974804 0.00974804 0.00974804 0.00974804 0.00974804 0.00974804 
0.00974804 0.00974804 0.00974804 0.00974804 0.00974804 0.00974804 0.00974804 0.00974804 0.00974804 0.00974804 
0.00974804 0.00974804 0.00974804 0.00974804 0.00974804 0.00974804 0.00974804 0.00974804 0.00974804 0.00974804 
0.00974804 0.00974804 0.00974804 0.00974804 0.00974804 0.00974804 0.00974804 0.00974804 0.00974804 0.00974803 
0.00974803 0.00974803 0.00974803 0.00974803 0.00974803 0.00974803 0.00974803 0.00974803 0.00974803 0.00974803 
0.00974803 0.00974803 0.00974803 0.00974803 0.00974803 0.00974803 0.00974803 0.00974803 0.00974803 0.00974803 
0.00974803 0.00974803 0.00974803 0.00974803 0.00974803 0.00974803 0.00974803 0.00974803 0.00974803 0.00974803 
0.00974803 0.00974803 0.00974803 0.00974803 0.00974803 0.00974803 0.00974803 0.00974803 0.00974803 0.00974803 
0.00974803 0.00974803 0.00974803 0.00974803 0.00974803 0.00974803 0.00974803 0.00974803 0.00974803 0.00974803 
0.00974803 0.00974803 0.00974803 0.00974803 0.00974803 0.00974803 0.00974803 0.00974803 0.00974803 0.00974803 
0.00974803 0.00974803 0.00974803 0.00974803 0.00974803 0.00974803 0.00974803 0.00974803 0.00974803 0.00974803 
0.00974803 0.00974803 0.00974803 0.00974803 0.00974803 0.00974803 0.00974803 0.00974803 0.00974803 0.00974803 
0.00974803 0.00974803 0.00974803 0.00974803 0.00974803 0.00974803 0.00974803 0.00974803 0.00974803 0.00974803 
0.00974803 0.00974803 0.00974803 0.00974803 0.00974803 0.00974803 0.00974803 0.00974803 0.00974803 0.00974803 
0.00974803 0.00974803 0.00974803 0.00974803 0.00974803 0.00974803 0.00974803 0.00974803 0.00974803 0.00974803 
0.00974803 0.00974804 0.00974804 0.00974804 0.00974804 0.00974804 0.00974804 0.00974804 0.00974804 0.00974804 
0.00974804 0.00974804 0.00974804 0.00974804 0.00974804 0.00974804 0.00974804 0.00974804 0.00974804 0.00974804 
0.00974804 0.00974804 0.00974804 0.00974804 0.00974804 0.00974804 0.00974804 0.00974804 0.00974804 0.00974804 
0.00974804 0.00974804 0.00974804 0.00974804 0.00974804 0.00974804 0.00974804 0.00974804 0.00974804 0.00974804 
0.00974804 0.00974804 0.00974804 0.00974804 0.00974804 0.00974803 0.00974803 0.00974803 0.00974803 0.00974803 
0.00974803 0.00974803 0.00974803 0.00974803 0.00974803 0.00974803 0.00974803 0.00974803 0.00974803 0.00974803 
0.00974803 0.00974803 0.00974803 0.00974803 0.00974803 0.00974803 0.00974803 0.00974803 0.00974803 0.00974803 
0.00974803 0.00974803 0.00974803 0.00974803 0.00974803 0.00974803 0.00974803 0.00974803 0.00974803 0.00974803 
0.00974803 0.00974803 0.00974803 0.00974803 0.00974803 0.00974803 0.00974803 0.00974803 0.00974803 0.00974803 
0.00974803 0.00974803 0.00974803 0.00974803 0.00974803 0.00974803 0.00974803 0.00974803 0.00974803 0.00974803 
0.00974803 0.00974796 0.00974796 0.00974796 0.00974796 0.00974796 0.00974796 0.00974796 0.00974796 0.00974796 
0.00974796 0.00974796 0.00974796 0.00974796 0.00974796 0.00974796 0.00974796 0.00974796 0.00974796 0.00974796 
0.00974796 0.00974796 0.00974796 0.00974796 0.00974796 0.00974796 0.00974796 0.00974796 0.00974796 0.00974796 
0.00974796 0.00974796 0.00974796 0.00974796 0.00974796 0.00974796 0.00974796 0.00974796 0.00974796 0.00974796 
0.00974796 0.00974796 0.00974796 0.00974796 0.00974796 0.00974796 0.00974796 0.00974796 0.00974796 0.00974796 
0.00974796 0.00974796 0.00974796 0.00974796 0.00974796 0.00974796 0.00974796 0.00974804 0.00974804 0.00974804 
0.00974804 0.00974804 0.00974804 0.00974804 0.00974804 0.00974804 0.00974804 0.00974804 0.00974804 0.00974804 
0.00974804 0.00974804 0.00974804 0.00974804 0.00974804 0.00974804 0.00974804 0.00974804 0.00974804 0.00974804 
0.00974804 0.00974804 0.00974804 0.00974804 0.00974804 0.00974804 0.00974804 0.00974804 0.00974804 0.00974804 
0.00974804 0.00974804 0.00974804 0.00974804 0.00974804 0.00974804 0.00974804 0.00974804 0.00974804 0.00974804 
0.00974804 0.00974804 0.00974804 0.00974804 0.00974804 0.00974804 0.00974804 0.00974804 0.00974804 0.00974804 
0.00974804 0.00974804 0.00974804 0.00974804 0.00974804 0.00974804 0.00974804 0.00974804 0.00974804 0.00974804 
0.00974804 0.00974804 0.00974804 0.00974804 0.00974804 0.00974804 0.00974804 0.00974804 0.00974804 0.00974804 
0.00974804 0.00974804 0.00974804 0.00974804 0.00974804 0.00974804 0.00974804 0.00974804 0.00974804 0.00974804 
0.00974804 0.00974804 0.00974804 0.00974804 0.00974804 0.00974804 0.00974804 0.00974804 0.00974804 0.00974804 
0.00974804 0.00974804 0.00974804 0.00974804 0.00974804 0.00974804 0.00974804 0.00974804 0.00974804 0.00974804 
0.00974804 0.00974804 0.00974804 0.00974804 0.00974804 0.00974804 0.00974804 0.00974804 0.00974804 0.00974804 
0.00974804 0.00974804 0.00974804 0.00974804 0.00974804 0.00974804 0.00974804 0.00974804 0.00974804 0.00974804 
0.00974804 0.00974804 0.00974804 0.00974804 0.00974804 0.00974804 0.00974804 0.00974804 0.00974804 0.00974804 
0.00974804 0.00974804 0.00974804 0.00974804 0.00974804 0.00974804 0.00974804 0.00974804 0.00974804 0.00974804 
0.00974804 0.00974804 0.00974804 0.00974804 0.00974804 0.00974804 0.00974804 0.00974804 0.00974804 0.00974804 
0.00974804 0.00974804 0.00974804 0.00974804 0.00974804 0.00974804 0.00974804 0.00974804 0.00974804 0.00974804 
0.00974804 0.00974804 0.00974804 0.00974804 0.00974804 0.00974804 0.00974804 0.00974804 0.00974804 0.00974804 
0.00974804 0.00974804 0.00974804 0.00974804 0.00974804 0.00974804 0.00974804 0.00974804 0.00974804 0.00974804 
0.00974804 0.00974804 0.00974804 0.00974804 0.00974804 0.00974804 0.00974804 0.00974804 0.00974804 0.00974804 
0.00974804 0.00974804 0.00974804 0.00974804 0.00974804 0.00974804 0.00974804 0.00974804 0.00974804 0.00974804 
0.00974804 0.00974804 0.00974804 0.00974804 0.00974804 0.00974804 0.00974804 0.00974804 0.00974804 0.00868259 
0.00868259 0.00868259 0.00868259 0.00868259 0.00868259 0.00868259 0.00868259 0.00868259 0.00868259 0.00868259 
0.00868259 0.00868259 0.00868259 0.00868259 0.00868259 0.00868259 0.00868259 0.00868259 0.00868259 0.00868259 
0.00868259 0.00868259 0.00868259 0.00868259 0.00868259 0.00868259 0.00868259 0.00868259 0.00868259 0.00868259 
0.00868259 0.00868259 0.00868259 0.00868259 0.00868259 0.00868259 0.00868259 0.00868259 0.00868259 0.00868259 
0.00868259 0.00868259 0.00868259 0.00868259 0.00868259 0.00868259 0.00868259 0.00868259 0.00868259 0.00868259 
0.00868259 0.00868259 0.00868259 0.00868259 0.00868259 0.00868259 0.00868259 0.00868259 0.00868259 0.00868291 
0.00868291 0.00868291 0.00868291 0.00868291 0.00868291 0.00868291 0.00868291 0.00868291 0.00868291 0.00868291 
0.00868291 0.00868291 0.00868291 0.00868291 0.00868291 0.00868291 0.00868291 0.00868291 0.00868291 0.00868291 
0.00868291 0.00868291 0.00868291 0.00868291 0.00868291 0.00868291 0.00868291 0.00868291 0.00868291 0.00868291 
0.00868291 0.00868291 0.00868291 0.00868291 0.00868291 0.00868291 0.00868291 0.00868291 0.00868291 0.00868291 
0.00868291 0.00868291 0.00868291 0.00868291 0.00868291 0.00868291 0.00868291 0.00868291 0.00868291 0.00868291 
0.00868291 0.00868291 0.00868291 0.00868291 0.00868291 0.00868291 0.00868291 0.00868291 0.00868291 0.00868259 
0.00868259 0.00868259 0.00868259 0.00868259 0.00868259 0.00868259 0.00868259 0.00868259 0.00868259 0.00868259 
0.00868259 0.00868259 0.00868259 0.00868259 0.00868259 0.00868259 0.00868259 0.00868259 0.00868259 0.00868259 
0.00868259 0.00868259 0.00868259 0.00868259 0.00868259 0.00868259 0.00868259 0.00868259 0.00868259 0.00868259 
0.00868259 0.00868259 0.00868259 0.00868259 0.00868259 0.00868259 0.00868259 0.00868259 0.00868259 0.00868259 
0.00868259 0.00868259 0.00868259 0.00868259 0.00868259 0.00868259 0.00868259 0.00868259 0.00868259 0.00868259 
0.00868259 0.00868259 0.00868259 0.00868259 0.00868259 0.00868259 0.00868259 0.00868259 0.00868259 0.00868291 
0.00868291 0.00868291 0.00868291 0.00868291 0.00868291 0.00868291 0.00868291 0.00868291 0.00868291 0.00868291 
0.00868291 0.00868291 0.00868291 0.00868291 0.00868291 0.00868291 0.00868291 0.00868291 0.00868291 0.00868291 
0.00868291 0.00868291 0.00868291 0.00868291 0.00868291 0.00868291 0.00868291 0.00868291 0.00868291 0.00868291 
0.00868291 0.00868291 0.00868291 0.00868291 0.00868291 0.00868291 0.00868291 0.00868291 0.00868291 0.00868291 
0.00868291 0.00868291 0.00868291 0.00868291 0.00868291 0.00868291 0.00868291 0.00868291 0.00868291 0.00868291 
0.00868291 0.00868291 0.00868291 0.00868291 0.00868291 0.00868291 0.00868291 0.00868291 0.00868291 0.00868259 
0.00868259 0.00868259 0.00868259 0.00868259 0.00868259 0.00868259 0.00868259 0.00868259 0.00868259 0.00868259 
0.00868259 0.00868259 0.00868259 0.00868259 0.00868259 0.00868259 0.00868259 0.00868259 0.00868259 0.00868259 
0.00868259 0.00868259 0.00868259 0.00868259 0.00868259 0.00868259 0.00868259 0.00868259 0.00868259 0.00868259 
0.00868259 0.00868259 0.00868259 0.00868259 0.00868259 0.00868259 0.00868259 0.00868259 0.00868259 0.00868259 
0.00868259 0.00868259 0.00868259 0.00868259 0.00868259 0.00868259 0.00868259 0.00868259 0.00868259 0.00868259 
0.00868259 0.00868259 0.00868259 0.00868259 0.00868259 0.00868259 0.00868259 0.00868259 0.00868259 0.00868259 
0.00868259 0.00868259 0.00868259 0.00868259 0.00868259 0.00868259 0.00868259 0.00868259 0.00868259 0.00868259 
0.00868259 0.00868259 0.00868259 0.00868259 0.00868259 0.00868259 0.00868259 0.00868259 0.00868259 0.00868259 
0.00868259 0.00868259 0.00868259 0.00868259 0.00868259 0.00868259 0.00868259 0.00868259 0.00868259 0.00868259 
0.00868259 0.00868259 0.00868259 0.00868259 0.00868259 0.00868259 0.00868259 0.00868259 0.00868259 0.00868259 
0.00868259 0.00868259 0.00868259 0.00868259 0.00868259 0.00868259 0.00868259 0.00868259 0.00868259 0.00868259 
0.00868259 0.00868259 0.00868259 0.00868259 0.00868259 0.00868259 0.00868259 0.00868259 0.00868259 0.00868259 
0.00868259 0.00868259 0.00868259 0.00868259 0.00868259 0.00868259 0.00868259 0.00868259 0.00868259 0.00868259 
0.00868259 0.00868259 0.00868259 0.00868259 0.00868259 0.00868259 0.00868259 0.00868259 0.00868259 0.00868259 
0.00868259 0.00868259 0.00868259 0.00868259 0.00868259 0.00868259 0.00868259 0.00868259 0.00868259 0.00868259 
0.00868259 0.00868259 0.00868259 0.00868259 0.00868259 0.00868259 0.00868259 0.00868259 0.00868259 0.00868259 
0.00868259 0.00868259 0.00868259 0.00868259 0.00868259 0.00868259 0.00868259 0.00868259 0.00868259 0.00868259 
0.00868259 0.00868259 0.00868259 0.00868259 0.00868259 0.00868259 0.00868259 0.00868259 0.00868259 0.00868259 
0.00868259 0.00868259 0.00868259 0.00868259 0.00868259 0.00868259 0.00868259 0.00868259 0.00868259 0.00868259 
0.00868259 0.00868259 0.00868259 0.00868259 0.00868259 0.00868259 0.00868259 0.00868259 0.00868259 0.00868259 
0.00868259 0.00868259 0.00868259 0.00868259 0.00868259 0.00868259 0.00868259 0.00868259 0.00868259 0.00868259 
0.00868259 0.00868259 0.00868259 0.00868259 0.00868259 0.00868259 0.00868259 0.00868259 0.00868259 0.00868259 
0.00868259 0.00868259 0.00868259 0.00868259 0.00868259 0.00868259 0.00868259 0.00868259 0.00868259 0.00868259 
0.00868259 0.00868259 0.00868259 0.00868259 0.00868259 0.00868259 0.00868259 0.00868259 0.00868259 0.00868259 
0.00868259 0.00868259 0.00868259 0.00868259 0.00868259 0.00868259 0.00868259 0.00868259 0.00868259 0.00868259 
0.00868259 0.00868259 0.00868259 0.00868259 0.00868259 0.00868259 0.00868259 0.00868259 0.00868259 0.00868259 
0.00868259 0.00868259 0.00868259 0.00868259 0.00868259 0.00868259 0.00868259 0.00868259 0.00868259 0.00868259 
0.00868259 0.00868259 0.00868259 0.00868259 0.00868259 0.00868259 0.00868259 0.00868259 0.00868259 0.00868259 
0.00868259 0.00868259 0.00868259 0.00868259 0.00868259 0.00868259 0.00868259 0.00868259 0.00868259 0.00868259 
0.00868259 0.00868259 0.00868259 0.00868259 0.00868259 0.00868259 0.00868259 0.00868259 0.00868259 0.00868259 
0.00868259 0.00868259 0.00868259 0.00868259 0.00868259 0.00868259 0.00868259 0.00868259 0.00868259 0.00868259 
0.00868259 0.00868259 0.00868259 0.00868259 0.00868259 0.00868259 0.00868259 0.00868259 0.00868259 0.00868259 
0.00868259 0.00868259 0.00868259 0.0086829 0.0086829 0.0086829 0.0086829 0.0086829 0.0086829 0.0086829 
0.0086829 0.0086829 0.0086829 0.0086829 0.0086829 0.0086829 0.0086829 0.0086829 0.0086829 0.0086829 
0.0086829 0.0086829 0.0086829 0.0086829 0.0086829 0.0086829 0.0086829 0.0086829 0.0086829 0.0086829 
0.0086829 0.0086829 0.0086829 0.0086829 0.0086829 0.0086829 0.0086829 0.0086829 0.0086829 0.0086829 
0.0086829 0.0086829 0.0086829 0.0086829 0.0086829 0.0086829 0.0086829 0.0086829 0.0086829 0.0086829 
0.0086829 0.0086829 0.0086829 0.0086829 0.0086829 0.0086829 0.0086829 0.0086829 0.0086829 0.00868274 
0.00868274 0.00868274 0.00868274 0.00868274 0.00868274 0.00868274 0.00868274 0.00868274 0.00868274 0.00868274 
0.00868274 0.00868274 0.00868274 0.00868274 0.00868274 0.00868274 0.00868274 0.00868274 0.00868274 0.00868274 
0.00868274 0.00868274 0.00868274 0.00868274 0.00868274 0.00868274 0.00868274 0.00868274 0.00868274 0.00868274 
0.00868274 0.00868274 0.00868274 0.00868274 0.00868274 0.00868274 0.00868274 0.00868274 0.00868274 0.00868274 
0.00868274 0.00868274 0.00868274 0.00868274 0.00868274 0.00868274 0.00868274 0.00868274 0.00868274 0.00868274 
0.00868274 0.00868274 0.00868274 0.00868274 0.00868274 0.00868291 0.00868291 0.00868291 0.00868291 0.00868291 
0.00868291 0.00868291 0.00868291 0.00868291 0.00868291 0.00868291 0.00868291 0.00868291 0.00868291 0.00868291 
0.00868291 0.00868291 0.00868291 0.00868291 0.00868291 0.00868291 0.00868291 0.00868291 0.00868291 0.00868291 
0.00868291 0.00868291 0.00868291 0.00868291 0.00868291 0.00868291 0.00868291 0.00868291 0.00868291 0.00868291 
0.00868291 0.00868291 0.00868291 0.00868291 0.00868291 0.00868291 0.00868291 0.00868291 0.00868291 0.00868291 
0.00868291 0.00868291 0.00868291 0.00868291 0.00868291 0.00868291 0.00868291 0.00868291 0.00868291 0.00868291 
0.00868291 0.00868237 0.00868237 0.00868237 0.00868237 0.00868237 0.00868237 0.00868237 0.00868237 0.00868237 
0.00868237 0.00868237 0.00868237 0.00868237 0.00868237 0.00868237 0.00868237 0.00868237 0.00868237 0.00868237 
0.00868237 0.00868237 0.00868237 0.00868237 0.00868237 0.00868237 0.00868237 0.00868237 0.00868237 0.00868237 
0.00868237 0.00868237 0.00868237 0.00868237 0.00868237 0.00868237 0.00868237 0.00868237 0.00868237 0.00868237 
0.00868237 0.00868237 0.00868237 0.00868237 0.00868237 0.00868237 0.00868237 0.00868237 0.00868237 0.00868237 
0.00868237 0.00868237 0.00868237 0.00868237 0.00868237 0.00868237 0.00868237 0.0086766 0.0086766 0.0086766 
0.0086766 0.0086766 0.0086766 0.0086766 0.0086766 0.0086766 0.0086766 0.0086766 0.0086766 0.0086766 
0.0086766 0.0086766 0.0086766 0.0086766 0.0086766 0.0086766 0.0086766 0.0086766 0.0086766 0.0086766 
0.0086766 0.0086766 0.0086766 0.0086766 0.0086766 0.0086766 0.0086766 0.0086766 0.0086766 0.0086766 
0.0086766 0.0086766 0.0086766 0.0086766 0.0086766 0.0086766 0.0086766 0.0086766 0.0086766 0.0086766 
0.0086766 0.0086766 0.0086766 0.0086766 0.0086766 0.0086766 0.0086766 0.0086766 0.0086766 0.0086766 
0.0086766 0.0086766 0.0086766 0.00868285 0.00868285 0.00868285 0.00868285 0.00868285 0.00868285 0.00868285 
0.00868285 0.00868285 0.00868285 0.00868285 0.00868285 0.00868285 0.00868285 0.00868285 0.00868285 0.00868285 
0.00868285 0.00868285 0.00868285 0.00868285 0.00868285 0.00868285 0.00868285 0.00868285 0.00868285 0.00868285 
0.00868285 0.00868285 0.00868285 0.00868285 0.00868285 0.00868285 0.00868285 0.00868285 0.00868285 0.00868285 
0.00868285 0.00868285 0.00868285 0.00868285 0.00868285 0.00868285 0.00868285 0.00789366 0.00789366 0.00789366 
0.00789366 0.00789366 0.00789366 0.00789366 0.00789366 0.00789366 0.00789366 0.00789366 0.00789366 0.00789366 
0.00789366 0.00789366 0.00789366 0.00789366 0.00789366 0.00789366 0.00789366 0.00789366 0.00789366 0.00789366 
0.00789366 0.00789366 0.00789366 0.00789366 0.00789366 0.00789366 0.00789366 0.00789366 0.00789366 0.00789366 
0.00789366 0.00789366 0.00789366 0.00789366 0.00789366 0.00789366 0.00789366 0.00789366 0.00789366 0.00789366 
0.00789366 0.00789366 0.00789366 0.00789366 0.00789366 0.00789366 0.00789366 0.00789366 0.00789366 0.00789366 
0.00789366 0.00789366 0.00789366 0.00789366 0.00789366 0.00789366 0.00789366 0.0078937 0.0078937 0.0078937 
0.0078937 0.0078937 0.0078937 0.0078937 0.0078937 0.0078937 0.0078937 0.0078937 0.0078937 0.0078937 
0.0078937 0.0078937 0.0078937 0.0078937 0.0078937 0.0078937 0.0078937 0.0078937 0.0078937 0.0078937 
0.0078937 0.0078937 0.0078937 0.0078937 0.0078937 0.0078937 0.0078937 0.0078937 0.0078937 0.0078937 
0.0078937 0.0078937 0.0078937 0.0078937 0.0078937 0.0078937 0.0078937 0.0078937 0.0078937 0.0078937 
0.0078937 0.0078937 0.0078937 0.0078937 0.0078937 0.0078937 0.0078937 0.0078937 0.0078937 0.0078937 
0.0078937 0.0078937 0.0078937 0.0078937 0.0078937 0.0078937 0.0078937 0.00789366 0.00789366 0.00789366 
0.00789366 0.00789366 0.00789366 0.00789366 0.00789366 0.00789366 0.00789366 0.00789366 0.00789366 0.00789366 
0.00789366 0.00789366 0.00789366 0.00789366 0.00789366 0.00789366 0.00789366 0.00789366 0.00789366 0.00789366 
0.00789366 0.00789366 0.00789366 0.00789366 0.00789366 0.00789366 0.00789366 0.00789366 0.00789366 0.00789366 
0.00789366 0.00789366 0.00789366 0.00789366 0.00789366 0.00789366 0.00789366 0.00789366 0.00789366 0.00789366 
0.00789366 0.00789366 0.00789366 0.00789366 0.00789366 0.00789366 0.00789366 0.00789366 0.00789366 0.00789366 
0.00789366 0.00789366 0.00789366 0.00789366 0.00789366 0.00789366 0.00789366 0.0078937 0.0078937 0.0078937 
0.0078937 0.0078937 0.0078937 0.0078937 0.0078937 0.0078937 0.0078937 0.0078937 0.0078937 0.0078937 
0.0078937 0.0078937 0.0078937 0.0078937 0.0078937 0.0078937 0.0078937 0.0078937 0.0078937 0.0078937 
0.0078937 0.0078937 0.0078937 0.0078937 0.0078937 0.0078937 0.0078937 0.0078937 0.0078937 0.0078937 
0.0078937 0.0078937 0.0078937 0.0078937 0.0078937 0.0078937 0.0078937 0.0078937 0.0078937 0.0078937 
0.0078937 0.0078937 0.0078937 0.0078937 0.0078937 0.0078937 0.0078937 0.0078937 0.0078937 0.0078937 
0.0078937 0.0078937 0.0078937 0.0078937 0.0078937 0.0078937 0.0078937 0.00789366 0.00789366 0.00789366 
0.00789366 0.00789366 0.00789366 0.00789366 0.00789366 0.00789366 0.00789366 0.00789366 0.00789366 0.00789366 
0.00789366 0.00789366 0.00789366 0.00789366 0.00789366 0.00789366 0.00789366 0.00789366 0.00789366 0.00789366 
0.00789366 0.00789366 0.00789366 0.00789366 0.00789366 0.00789366 0.00789366 0.00789366 0.00789366 0.00789366 
0.00789366 0.00789366 0.00789366 0.00789366 0.00789366 0.00789366 0.00789366 0.00789366 0.00789366 0.00789366 
0.00789366 0.00789366 0.00789366 0.00789366 0.00789366 0.00789366 0.00789366 0.00789366 0.00789366 0.00789366 
0.00789366 0.00789366 0.00789366 0.00789363 0.00789363 0.00789363 0.00789363 0.00789363 0.00789363 0.00789363 
0.00789363 0.00789363 0.00789363 0.00789363 0.00789363 0.00789363 0.00789363 0.00789363 0.00789363 0.00789363 
0.00789363 0.00789363 0.00789363 0.00789363 0.00789363 0.00789363 0.00789363 0.00789363 0.00789363 0.00789363 
0.00789363 0.00789363 0.00789363 0.00789363 0.00789363 0.00789363 0.00789363 0.00789363 0.00789363 0.00789363 
0.00789363 0.00789363 0.00789363 0.00789363 0.00789363 0.00789363 0.00789363 0.00789363 0.00789363 0.00789363 
0.00789363 0.00789363 0.00789363 0.00789363 0.00789363 0.00789363 0.00789363 0.00789363 0.00789363 0.00789366 
0.00789366 0.00789366 0.00789366 0.00789366 0.00789366 0.00789366 0.00789366 0.00789366 0.00789366 0.00789366 
0.00789366 0.00789366 0.00789366 0.00789366 0.00789366 0.00789366 0.00789366 0.00789366 0.00789366 0.00789366 
0.00789366 0.00789366 0.00789366 0.00789366 0.00789366 0.00789366 0.00789366 0.00789366 0.00789366 0.00789366 
0.00789366 0.00789366 0.00789366 0.00789366 0.00789366 0.00789366 0.00789366 0.00789366 0.00789366 0.00789366 
0.00789366 0.00789366 0.00789366 0.00789366 0.00789366 0.00789366 0.00789366 0.00789366 0.00789366 0.00789366 
0.00789366 0.00789366 0.00789366 0.00789366 0.00789366 0.00789366 0.00789366 0.00789366 0.00789366 0.00789366 
0.00789366 0.00789366 0.00789366 0.00789366 0.00789366 0.00789366 0.00789366 0.00789366 0.00789366 0.00789366 
0.00789366 0.00789366 0.00789366 0.00789366 0.00789366 0.00789366 0.00789366 0.00789366 0.00789366 0.00789366 
0.00789366 0.00789366 0.00789366 0.00789366 0.00789366 0.00789366 0.00789366 0.00789366 0.00789366 0.00789366 
0.00789366 0.00789366 0.00789366 0.00789366 0.00789366 0.00789366 0.00789366 0.00789366 0.00789366 0.00789366 
0.00789366 0.00789366 0.00789366 0.00789366 0.00789366 0.00789366 0.00789366 0.00789366 0.00789366 0.00789366 
0.00789366 0.00789353 0.00789353 0.00789353 0.00789353 0.00789353 0.00789353 0.00789353 0.00789353 0.00789353 
0.00789353 0.00789353 0.00789353 0.00789353 0.00789353 0.00789353 0.00789353 0.00789353 0.00789353 0.00789353 
0.00789353 0.00789353 0.00789353 0.00789353 0.00789353 0.00789353 0.00789353 0.00789353 0.00789353 0.00789353 
0.00789353 0.00789353 0.00789353 0.00789353 0.00789353 0.00789353 0.00789353 0.00789353 0.00789353 0.00789353 
0.00789353 0.00789353 0.00789353 0.00789353 0.00789353 0.00789353 0.00789353 0.00789353 0.00789353 0.00789353 
0.00789353 0.00789353 0.00789353 0.00789353 0.00789353 0.00789353 0.00789353 0.00789366 0.00789366 0.00789366 
0.00789366 0.00789366 0.00789366 0.00789366 0.00789366 0.00789366 0.00789366 0.00789366 0.00789366 0.00789366 
0.00789366 0.00789366 0.00789366 0.00789366 0.00789366 0.00789366 0.00789366 0.00789366 0.00789366 0.00789366 
0.00789366 0.00789366 0.00789366 0.00789366 0.00789366 0.00789366 0.00789366 0.00789366 0.00789366 0.00789366 
0.00789366 0.00789366 0.00789366 0.00789366 0.00789366 0.00789366 0.00789366 0.00789366 0.00789366 0.00789366 
0.00789366 0.00789363 0.00789363 0.00789363 0.00789363 0.00789363 0.00789363 0.00789363 0.00789363 0.00789363 
0.00789363 0.00789363 0.00789363 0.00789363 0.00789363 0.00789363 0.00789363 0.00789363 0.00789363 0.00789363 
0.00789363 0.00789363 0.00789363 0.00789363 0.00789363 0.00789363 0.00789363 0.00789363 0.00789363 0.00789363 
0.00789363 0.00789363 0.00789363 0.00789363 0.00789363 0.00789363 0.00789363 0.00789363 0.00789363 0.00789363 
0.00789363 0.00789363 0.00789363 0.00789363 0.00789363 0.00789363 0.00789363 0.00789363 0.00789363 0.00789363 
0.00789363 0.00789363 0.00789363 0.00789363 0.00789363 0.00789363 0.00789363 0.0078937 0.0078937 0.0078937 
0.0078937 0.0078937 0.0078937 0.0078937 0.0078937 0.0078937 0.0078937 0.0078937 0.0078937 0.0078937 
0.0078937 0.0078937 0.0078937 0.0078937 0.0078937 0.0078937 0.0078937 0.0078937 0.0078937 0.0078937 
0.0078937 0.0078937 0.0078937 0.0078937 0.0078937 0.0078937 0.0078937 0.0078937 0.0078937 0.0078937 
0.0078937 0.0078937 0.0078937 0.0078937 0.0078937 0.0078937 0.0078937 0.0078937 0.0078937 0.0078937 
0.0078937 0.0078937 0.0078937 0.0078937 0.0078937 0.0078937 0.0078937 0.0078937 0.0078937 0.0078937 
0.0078937 0.0078937 0.0078937 0.00789371 0.00789371 0.00789371 0.00789371 0.00789371 0.00789371 0.00789371 
0.00789371 0.00789371 0.00789371 0.00789371 0.00789371 0.00789371 0.00789371 0.00789371 0.00789371 0.00789371 
0.00789371 0.00789371 0.00789371 0.00789371 0.00789371 0.00789371 0.00789371 0.00789371 0.00789371 0.00789371 
0.00789371 0.00789371 0.00789371 0.00789371 0.00789371 0.00789371 0.00789371 0.00789371 0.00789371 0.00789371 
0.00789371 0.00789371 0.00789371 0.00789371 0.00789371 0.00789371 0.00789371 0.00789371 0.00789371 0.00789371 
0.00789371 0.00789371 0.00789371 0.00789371 0.00789371 0.00789371 0.00789371 0.00789371 0.00789371 0.00789337 
0.00789337 0.00789337 0.00789337 0.00789337 0.00789337 0.00789337 0.00789337 0.00789337 0.00789337 0.00789337 
0.00789337 0.00789337 0.00789337 0.00789337 0.00789337 0.00789337 0.00789337 0.00789337 0.00789337 0.00789337 
0.00789337 0.00789337 0.00789337 0.00789337 0.00789337 0.00789337 0.00789337 0.00789337 0.00789337 0.00789337 
0.00789337 0.00789337 0.00789337 0.00789337 0.00789337 0.00789337 0.00789337 0.00789337 0.00789337 0.00789337 
0.00789337 0.00789337 0.00789337 0.00789337 0.00789337 0.00789337 0.00789337 0.00789337 0.00789337 0.00789337 
0.00789337 0.00789337 0.00789337 0.00789337 0.00789337 0.00789302 0.00789302 0.00789302 0.00789302 0.00789302 
0.00789302 0.00789302 0.00789302 0.00789302 0.00789302 0.00789302 0.00789302 0.00789302 0.00789302 0.00789302 
0.00789302 0.00789302 0.00789302 0.00789302 0.00789302 0.00789302 0.00789302 0.00789302 0.00789302 0.00789302 
0.00789302 0.00789302 0.00789302 0.00789302 0.00789302 0.00789302 0.00789302 0.00789302 0.00789302 0.00789302 
0.00789302 0.00789302 0.00789302 0.00789302 0.00789302 0.00789302 0.00789302 0.00789302 0.00789302 0.00789302 
0.00789302 0.00789302 0.00789302 0.00789302 0.00789302 0.00789302 0.00789302 0.00789302 0.00789302 0.00789302 
0.00789302 0.0078937 0.0078937 0.0078937 0.0078937 0.0078937 0.0078937 0.0078937 0.0078937 0.0078937 
0.0078937 0.0078937 0.0078937 0.0078937 0.0078937 0.0078937 0.0078937 0.0078937 0.0078937 0.0078937 
0.0078937 0.0078937 0.0078937 0.0078937 0.0078937 0.0078937 0.0078937 0.0078937 0.0078937 0.0078937 
0.0078937 0.0078937 0.0078937 0.0078937 0.0078937 0.0078937 0.0078937 0.0078937 0.0078937 0.0078937 
0.0078937 0.0078937 0.0078937 0.0078937 0.0078937 SCALARS Height_m float 1
LOOKUP_TABLE default
0.266306 0.266306 0.266306 0.266306 0.266306 0.266306 0.266306 0.266306 0.266306 
0.266306 0.266306 0.266306 0.266306 0.266306 0.266306 0.266306 0.266306 0.266306 0.266306 
0.266306 0.266306 0.266306 0.266306 0.266306 0.266306 0.266306 0.266306 0.266306 0.266306 
0.266306 0.266306 0.266306 0.266306 0.266306 0.266306 0.266306 0.266306 0.266306 0.266306 
0.266306 0.266306 0.266306 0.266306 0.266306 0.266306 0.266306 0.266306 0.266306 0.266306 
0.266306 0.266306 0.266306 0.266306 0.266306 0.266306 0.266306 0.266306 0.266306 0.266306 
0.266306 0.266306 0.266306 0.266306 0.266306 0.266306 0.266306 0.266306 0.266306 0.266306 
0.266306 0.266306 0.266306 0.266306 0.266306 0.266306 0.266306 0.266306 0.266306 0.266306 
0.266306 0.266306 0.266306 0.266306 0.266306 0.266306 0.266306 0.266306 0.266306 0.266306 
0.266306 0.266306 0.266306 0.266306 0.266306 0.266306 0.266306 0.266306 0.266306 0.266306 
0.266306 0.266306 0.266306 0.266306 0.266306 0.266306 0.266306 0.266306 0.266306 0.266306 
0.266306 0.266306 0.266306 0.266306 0.266306 0.266306 0.266306 0.266306 0.266306 0.266306 
0.266306 0.266306 0.266306 0.266306 0.266306 0.266306 0.266306 0.266306 0.266306 0.266306 
0.266306 0.266306 0.266306 0.266306 0.266306 0.266306 0.266306 0.266306 0.266306 0.266306 
0.266306 0.266306 0.266306 0.266306 0.266306 0.266306 0.266306 0.266306 0.266306 0.266306 
0.266306 0.266306 0.266306 0.266306 0.266306 0.266306 0.266306 0.266306 0.266306 0.266306 
0.266306 0.266306 0.266306 0.266306 0.266306 0.266306 0.266306 0.266306 0.266306 0.266306 
0.266306 0.266306 0.266306 0.266306 0.266306 0.266306 0.266306 0.266306 0.266306 0.266306 
0.266306 0.266306 0.266306 0.266306 0.266306 0.266306 0.266306 0.266306 0.266306 0.266306 
0.266306 0.266306 0.266306 0.266306 0.266306 0.266306 0.266306 0.266306 0.266306 0.266306 
0.266306 0.266306 0.266306 0.266306 0.266306 0.266306 0.266306 0.266306 0.266306 0.266306 
0.266306 0.266306 0.266306 0.266306 0.266306 0.266306 0.266306 0.266306 0.266306 0.266306 
0.266306 0.266306 0.266306 0.266306 0.266306 0.266306 0.266306 0.266306 0.266306 0.266306 
0.266306 0.266306 0.266306 0.266306 0.266306 0.266306 0.266306 0.266306 0.266306 0.266306 
0.266306 0.266306 0.266306 0.266306 0.266306 0.266306 0.266306 0.266306 0.266306 0.266306 
0.266306 0.266306 0.266306 0.266306 0.266306 0.266306 0.266306 0.266306 0.266306 0.266306 
0.266306 0.266306 0.266306 0.266306 0.266306 0.266306 0.266306 0.266306 0.266306 0.266306 
0.266306 0.266306 0.266306 0.266306 0.266306 0.266306 0.266306 0.266306 0.266306 0.266306 
0.266306 0.266306 0.266306 0.266306 0.266306 0.266306 0.266306 0.266306 0.266306 0.266306 
0.266306 0.266306 0.266306 0.266306 0.266306 0.266306 0.266306 0.266306 0.266306 0.266306 
0.266306 0.266306 0.266306 0.266306 0.266306 0.266306 0.266306 0.266306 0.266306 0.266306 
0.266306 0.266306 0.266306 0.266306 0.266306 0.266306 0.266306 0.266306 0.266306 0.266306 
0.266306 0.266306 0.266306 0.266306 0.266306 0.266306 0.266306 0.266306 0.266306 0.266306 
0.266306 0.266306 0.266306 0.266306 0.266306 0.266306 0.266306 0.266306 0.266306 0.266306 
0.266306 0.266306 0.266306 0.266306 0.266306 0.266306 0.266306 0.266306 0.266306 0.266306 
0.266306 0.266306 0.266306 0.266306 0.266306 0.266306 0.266306 0.266306 0.266306 0.266306 
0.266306 0.266306 0.266306 0.266306 0.266306 0.266306 0.266306 0.266306 0.266306 0.266306 
0.266306 0.266306 0.266306 0.266306 0.266306 0.266306 0.266306 0.266306 0.266306 0.266306 
0.266306 0.266306 0.266306 0.266306 0.266306 0.266306 0.266306 0.266306 0.266306 0.266306 
0.266306 0.266306 0.266306 0.266306 0.266306 0.266306 0.266306 0.266306 0.266306 0.266306 
0.266306 0.266306 0.266306 0.266306 0.266306 0.266306 0.266306 0.266306 0.266306 0.266306 
0.266306 0.266306 0.266306 0.266306 0.266306 0.266306 0.266306 0.266306 0.266306 0.266306 
0.266306 0.266306 0.266306 0.266306 0.266306 0.266306 0.266306 0.266306 0.266306 0.266306 
0.266306 0.266306 0.266306 0.266306 0.266306 0.266306 0.266306 0.266306 0.266306 0.266306 
0.266306 0.266306 0.266306 0.266306 0.266306 0.266306 0.266306 0.266306 0.266306 0.266306 
0.266306 0.266306 0.266306 0.266306 0.266306 0.266306 0.266306 0.266306 0.266306 0.266306 
0.266306 0.266306 0.266306 0.266306 0.266306 0.266306 0.266306 0.266306 0.266306 0.266306 
0.266306 0.266306 0.266306 0.266306 0.266306 0.266306 0.266306 0.266306 0.266306 0.266306 
0.266306 0.266306 0.266306 0.266306 0.266306 0.266306 0.266306 0.266306 0.266306 0.266306 
0.266306 0.266306 0.266306 0.266306 0.266306 0.266306 0.266306 0.266306 0.266306 0.266306 
0.266306 0.266306 0.266306 0.266306 0.266306 0.266306 0.266306 0.266306 0.266306 0.266306 
0.266306 0.266306 0.266306 0.266306 0.266306 0.266306 0.266306 0.266306 0.266306 0.266306 
0.266306 0.266306 0.266306 0.266306 0.266306 0.266306 0.266306 0.266306 0.266306 0.266306 
0.266306 0.266306 0.266306 0.266306 0.266306 0.266306 0.266306 0.266306 0.266306 0.266306 
0.266306 0.266306 0.266306 0.266306 0.266306 0.266306 0.266306 0.266306 0.266306 0.266306 
0.266306 0.266306 0.266306 0.266306 0.266306 0.266306 0.266306 0.266306 0.266306 0.266306 
0.266306 0.266306 0.266306 0.266306 0.266306 0.266306 0.266306 0.266306 0.266306 0.266306 
0.266306 0.266306 0.266306 0.266306 0.266306 0.266306 0.266306 0.266306 0.266306 0.266306 
0.266306 0.266306 0.266306 0.266306 0.266306 0.266306 0.266306 0.266306 0.266306 0.266306 
0.266306 0.266306 0.266306 0.266306 0.266306 0.266306 0.266306 0.266306 0.266306 0.266306 
0.266306 0.266306 0.266306 0.266306 0.266306 0.266306 0.266306 0.266306 0.266306 0.266306 
0.266306 0.266306 0.266306 0.266306 0.266306 0.266306 0.266306 0.266306 0.266306 0.266306 
0.266306 0.266306 0.266306 0.266306 0.266306 0.266306 0.266306 0.266306 0.266306 0.266306 
0.266306 0.266306 0.266306 0.266306 0.266306 0.266306 0.266306 0.266306 0.266306 0.266306 
0.266306 0.266306 0.266306 0.266306 0.266306 0.266306 0.266306 0.266306 0.266306 0.266306 
0.266306 0.266306 0.266306 0.266306 0.266306 0.266306 0.266306 0.266306 0.266306 0.266306 
0.266306 0.266306 0.266306 0.266306 0.266306 0.266306 0.266306 0.266306 0.266306 0.266306 
0.266306 0.266306 0.266306 0.266306 0.266306 0.266306 0.266306 0.266306 0.266306 0.266306 
0.266306 0.266306 0.266306 0.266306 0.266306 0.266306 0.266306 0.266306 0.266306 0.266306 
0.266306 0.266306 0.266306 0.266306 0.266306 0.266306 0.266306 0.266306 0.266306 0.266306 
0.266306 0.266306 0.266306 0.266306 0.266306 0.266306 0.266306 0.266306 0.266306 0.266306 
0.266306 0.266306 0.266306 0.266306 0.266306 0.266306 0.266306 0.266306 0.266306 0.266306 
0.266306 0.266306 0.266306 0.266306 0.266306 0.266306 0.266306 0.266306 0.266306 0.266306 
0.266306 0.266306 0.266306 0.266306 0.266306 0.266306 0.266306 0.266306 0.266306 0.266306 
0.266306 0.266306 0.266306 0.266306 0.266306 0.266306 0.266306 0.266306 0.266306 0.266306 
0.266306 0.266306 0.266306 0.266306 0.266306 0.266306 0.266306 0.266306 0.266306 0.266306 
0.266306 0.266306 0.266306 0.266306 0.266306 0.266306 0.266306 0.266306 0.266306 0.266306 
0.266306 0.266306 0.266306 0.266306 0.266306 0.266306 0.266306 0.266306 0.266306 0.266306 
0.266306 0.266306 0.266306 0.266306 0.266306 0.266306 0.266306 0.266306 0.266306 0.266306 
0.266306 0.266306 0.266306 0.266306 0.266306 0.266306 0.266306 0.266306 0.266306 0.266306 
0.266306 0.266306 0.266306 0.266306 0.266306 0.266306 0.266306 0.266306 0.266306 0.266306 
0.266306 0.266306 0.266306 0.266306 0.266306 0.266306 0.266306 0.266306 0.266306 0.266306 
0.266306 0.266306 0.266306 0.266306 0.266306 0.266306 0.266306 0.266306 0.266306 0.266306 
0.266306 0.266306 0.266306 0.266306 0.266306 0.266306 0.266306 0.266306 0.266306 0.266306 
0.266306 0.266306 0.266306 0.266306 0.266306 0.266306 0.266306 0.266306 0.266306 0.266306 
0.266306 0.266306 0.266306 0.266306 0.266306 0.266306 0.266306 0.266306 0.266306 0.266306 
0.266306 0.266306 0.266306 0.266306 0.266306 0.266306 0.266306 0.266306 0.266306 0.266306 
0.266306 0.266306 0.266306 0.266306 0.266306 0.266306 0.266306 0.266306 0.266306 0.266306 
0.266306 0.266306 0.266306 0.266306 0.266306 0.266306 0.266306 0.266306 0.266306 0.266306 
0.266306 0.266306 0.266306 0.266306 0.266306 0.266306 0.266306 0.266306 0.266306 0.266306 
0.266306 0.266306 0.266306 0.266306 0.266306 0.266306 0.266306 0.266306 0.266306 0.266306 
0.266306 0.266306 0.266306 0.266306 0.266306 0.266306 0.266306 0.266306 0.266306 0.266306 
0.266306 0.266306 0.266306 0.266306 0.266306 0.266306 0.266306 0.266306 0.266306 0.266306 
0.266306 0.266306 0.266306 0.266306 0.266306 0.266306 0.266306 0.266306 0.266306 0.266306 
0.266306 0.266306 0.266306 0.266306 0.266306 0.266306 0.266306 0.266306 0.266306 0.266306 
0.266306 0.266306 0.266306 0.266306 0.266306 0.266306 0.266306 0.266306 0.266306 0.266306 
0.266306 0.266306 0.266306 0.266306 0.266306 0.266306 0.266306 0.266306 0.266306 0.266306 
0.266306 0.266306 0.266306 0.266306 0.266306 0.266306 0.266306 0.266306 0.266306 0.266306 
0.266306 0.266306 0.266306 0.266306 0.266306 0.266306 0.266306 0.266306 0.266306 0.266306 
0.266306 0.266306 0.266306 0.266306 0.266306 0.266306 0.266306 0.266306 0.266306 0.266306 
0.266306 0.266306 0.266306 0.266306 0.266306 0.266306 0.266306 0.266306 0.266306 0.266306 
0.266306 0.266306 0.266306 0.266306 0.266306 0.266306 0.266306 0.266306 0.266306 0.266306 
0.266306 0.266306 0.266306 0.266306 0.266306 0.266306 0.266306 0.266306 0.266306 0.266306 
0.266306 0.266306 0.266306 0.266306 0.266306 0.266306 0.266306 0.266306 0.266306 0.266306 
0.266306 0.266306 0.266306 0.266306 0.266306 0.266306 0.266306 0.266306 0.266306 0.266306 
0.266306 0.266306 0.266306 0.266306 0.266306 0.266306 0.266306 0.266306 0.266306 0.266306 
0.266306 0.266306 0.266306 0.266306 0.266306 0.266306 0.266306 0.266306 0.266306 0.266306 
0.266306 0.266306 0.266306 0.266306 0.266306 0.266306 0.266306 0.266306 0.266306 0.266306 
0.266306 0.266306 0.266306 0.266306 0.266306 0.266306 0.266306 0.266306 0.266306 0.266306 
0.266306 0.266306 0.266306 0.266306 0.266306 0.266306 0.266306 0.266306 0.266306 0.266306 
0.266306 0.266306 0.266306 0.266306 0.266306 0.266306 0.266306 0.266306 0.266306 0.266306 
0.266306 0.266306 0.266306 0.266306 0.266306 0.266306 0.266306 0.266306 0.266306 0.266306 
0.266306 0.266306 0.266306 0.266306 0.266306 0.266306 0.266306 0.266306 0.266306 0.266306 
0.266306 0.266306 0.266306 0.266306 0.266306 0.266306 0.266306 0.266306 0.266306 0.266306 
0.266306 0.266306 0.266306 0.266306 0.266306 0.266306 0.266306 0.266306 0.266306 0.266306 
0.266306 0.266306 0.266306 0.266306 0.266306 0.266306 0.266306 0.266306 0.266306 0.266306 
0.266306 0.266306 0.266306 0.266306 0.266306 0.266306 0.266306 0.266306 0.266306 0.266306 
0.266306 0.266306 0.266306 0.266306 0.266306 0.266306 0.266306 0.266306 0.266306 0.266306 
0.266306 0.266306 0.266306 0.266306 0.266306 0.266306 0.266306 0.266306 0.266306 0.266306 
0.266306 0.266306 0.266306 0.266306 0.266306 0.266306 0.266306 0.266306 0.266306 0.266306 
0.266306 0.266306 0.266306 0.266306 0.266306 0.266306 0.266306 0.266306 0.266306 0.266306 
0.266306 0.266306 0.266306 0.266306 0.266306 0.266306 0.266306 0.266306 0.266306 0.266306 
0.266306 0.266306 0.266306 0.266306 0.266306 0.266306 0.266306 0.266306 0.266306 0.266306 
0.266306 0.266306 0.266306 0.266306 0.266306 0.266306 0.266306 0.266306 0.266306 0.266306 
0.266306 0.266306 0.266306 0.266306 0.266306 0.266306 0.266306 0.266306 0.266306 0.266306 
0.266306 0.266306 0.266306 0.266306 0.266306 0.266306 0.266306 0.266306 0.266306 0.266306 
0.266306 0.266306 0.266306 0.266306 0.266306 0.266306 0.266306 0.266306 0.266306 0.266306 
0.266306 0.266306 0.266306 0.266306 0.266306 0.266306 0.266306 0.266306 0.266306 0.266306 
0.266306 0.266306 0.266306 0.266306 0.266306 0.266306 0.266306 0.266306 0.266306 0.266306 
0.266306 0.266306 0.266306 0.266306 0.266306 0.266306 0.266306 0.266306 0.266306 0.266306 
0.266306 0.266306 0.266306 0.266306 0.266306 0.266306 0.266306 0.266306 0.266306 0.266306 
0.266306 0.266306 0.266306 0.266306 0.266306 0.266306 0.266306 0.266306 0.266306 0.266306 
0.266306 0.266306 0.266306 0.266306 0.266306 0.266306 0.266306 0.266306 0.266306 0.266306 
0.266306 0.266306 0.266306 0.266306 0.266306 0.266306 0.266306 0.266306 0.266306 0.266306 
0.266306 0.266306 0.266306 0.266306 0.266306 0.266306 0.266306 0.266306 0.266306 0.266306 
0.266306 0.266306 0.266306 0.266306 0.266306 0.266306 0.266306 0.266306 0.266306 0.266306 
0.266306 0.266306 0.266306 0.266306 0.266306 0.266306 0.266306 0.266306 0.266306 0.266306 
0.266306 0.266306 0.266306 0.266306 0.266306 0.266306 0.266306 0.266306 0.266306 0.266306 
0.266306 0.266306 0.266306 0.266306 0.266306 0.266306 0.266306 0.266306 0.266306 0.266306 
0.266306 0.266306 0.266306 0.266306 0.266306 0.266306 0.266306 0.266306 0.266306 0.266306 
0.266306 0.266306 0.266306 0.266306 0.266306 0.266306 0.266306 0.266306 0.266306 0.266306 
0.266306 0.266306 0.266306 0.266306 0.266306 0.266306 0.266306 0.266306 0.266306 0.266306 
0.266306 0.266306 0.266306 0.266306 0.266306 0.266306 0.266306 0.266306 0.266306 0.266306 
0.266306 0.266306 0.266306 0.266306 0.266306 0.266306 0.266306 0.266306 0.266306 0.266306 
0.266306 0.266306 0.266306 0.266306 0.266306 0.266306 0.266306 0.266306 0.266306 0.266306 
0.266306 0.266306 0.266306 0.266306 0.266306 0.266306 0.266306 0.266306 0.266306 0.266306 
0.266306 0.266306 0.266306 0.266306 0.266306 0.266306 0.266306 0.266306 0.266306 0.266306 
0.266306 0.266306 0.266306 0.266306 0.266306 0.266306 0.266306 0.266306 0.266306 0.266306 
0.266306 0.266306 0.266306 0.266306 0.266306 0.266306 0.266306 0.266306 0.266306 0.266306 
0.266306 0.266306 0.266306 0.266306 0.266306 0.266306 0.266306 0.266306 0.266306 0.266306 
0.266306 0.266306 0.266306 0.266306 0.266306 0.266306 0.266306 0.266306 0.266306 0.266306 
0.266306 0.266306 0.266306 0.266306 0.266306 0.266306 0.266306 0.266306 0.266306 0.266306 
0.266306 0.266306 0.266306 0.266306 0.266306 0.266306 0.266306 0.266306 0.266306 0.266306 
0.266306 0.266306 0.266306 0.266306 0.266306 0.266306 0.266306 0.266306 0.266306 0.266306 
0.266306 0.266306 0.266306 0.266306 0.266306 0.266306 0.266306 0.266306 0.266306 0.266306 
0.266306 0.266306 0.266306 0.266306 0.266306 0.266306 0.266306 0.266306 0.266306 0.266306 
0.266306 0.266306 0.266306 0.266306 0.266306 0.266306 0.266306 0.266306 0.266306 0.266306 
0.266306 0.266306 0.266306 0.266306 0.266306 0.266306 0.266306 0.266306 0.266306 0.266306 
0.266306 0.266306 0.266306 0.266306 0.266306 0.266306 0.266306 0.266306 0.266306 0.266306 
0.266306 0.266306 0.266306 0.266306 0.266306 0.266306 0.266306 0.266306 0.266306 0.266306 
0.266306 0.266306 0.266306 0.266306 0.266306 0.266306 0.266306 0.266306 0.266306 0.266306 
0.266306 0.266306 0.266306 0.266306 0.266306 0.266306 0.266306 0.266306 0.266306 0.266306 
0.266306 0.266306 0.266306 0.266306 0.266306 0.266306 0.266306 0.266306 0.266306 0.266306 
0.266306 0.266306 0.266306 0.266306 0.266306 0.266306 0.266306 0.266306 0.266306 0.266306 
0.266306 0.266306 0.266306 0.266306 0.266306 0.266306 0.266306 0.266306 0.266306 0.266306 
0.266306 0.266306 0.266306 0.266306 0.266306 0.266306 0.266306 0.266306 0.266306 0.266306 
0.266306 0.266306 0.266306 0.266306 0.266306 0.266306 0.266306 0.266306 0.266306 0.266306 
0.266306 0.266306 0.266306 0.266306 0.266306 0.266306 0.266306 0.266306 0.266306 0.266306 
0.266306 0.266306 0.266306 0.266306 0.266306 0.266306 0.266306 0.266306 0.266306 0.266306 
0.266306 0.266306 0.266306 0.266306 0.266306 0.266306 0.266306 0.266306 0.266306 0.266306 
0.266306 0.266306 0.266306 0.266306 0.266306 0.266306 0.266306 0.266306 0.266306 0.266306 
0.266306 0.266306 0.266306 0.266306 0.266306 0.266306 0.266306 0.266306 0.266306 0.266306 
0.266306 0.266306 0.266306 0.266306 0.266306 0.266306 0.266306 0.266306 0.266306 0.266306 
0.266306 0.266306 0.266306 0.266306 0.266306 0.266306 0.266306 0.266306 0.266306 0.266306 
0.266306 0.266306 0.266306 0.266306 0.266306 0.266306 0.266306 0.266306 0.266306 0.266306 
0.266306 0.266306 0.266306 0.266306 0.266306 0.266306 0.266306 0.266306 0.266306 0.266306 
0.266306 0.266306 0.266306 0.266306 0.266306 0.266306 0.266306 0.266306 0.266306 0.266306 
0.266306 0.266306 0.266306 0.266306 0.266306 0.266306 0.266306 0.266306 0.266306 0.266306 
0.266306 0.266306 0.266306 0.266306 0.266306 0.266306 0.266306 0.266306 0.266306 0.266306 
0.266306 0.266306 0.266306 0.266306 0.266306 0.266306 0.266306 0.266306 0.266306 0.266306 
0.266306 0.266306 0.266306 0.266306 0.266306 0.266306 0.266306 0.266306 0.266306 0.266306 
0.266306 0.266306 0.266306 0.266306 0.266306 0.266306 0.266306 0.266306 0.266306 0.266306 
0.266306 0.266306 0.266306 0.266306 0.266306 0.266306 0.266306 0.266306 0.266306 0.266306 
0.266306 0.266306 0.266306 0.266306 0.266306 0.266306 0.266306 0.266306 0.266306 0.266306 
0.266306 0.266306 0.266306 0.266306 0.266306 0.266306 0.266306 0.266306 0.266306 0.266306 
0.266306 0.266306 0.266306 0.266306 0.266306 0.266306 0.266306 0.266306 0.266306 0.266306 
0.266306 0.266306 0.266306 0.266306 0.266306 0.266306 0.266306 0.266306 0.266306 0.266306 
0.266306 0.266306 0.266306 0.266306 0.266306 0.266306 0.266306 0.266306 0.266306 0.266306 
0.266306 0.266306 0.266306 0.266306 0.266306 0.266306 0.266306 0.266306 0.266306 0.266306 
0.266306 0.266306 0.266306 0.266306 0.266306 0.266306 0.266306 0.266306 0.266306 0.266306 
0.266306 0.266306 0.266306 0.266306 0.266306 0.266306 0.266306 0.266306 0.266306 0.266306 
0.266306 0.266306 0.266306 0.266306 0.266306 0.266306 0.266306 0.266306 0.266306 0.266306 
0.266306 0.266306 0.266306 0.266306 0.266306 0.266306 0.266306 0.266306 0.266306 0.266306 
0.266306 0.266306 0.266306 0.266306 0.266306 0.266306 0.266306 0.266306 0.266306 0.266306 
0.266306 0.266306 0.266306 0.266306 0.266306 0.266306 0.266306 0.266306 0.266306 0.266306 
0.266306 0.266306 0.266306 0.266306 0.266306 0.266306 0.266306 0.266306 0.266306 0.266306 
0.266306 0.266306 0.266306 0.266306 0.266306 0.266306 0.266306 0.266306 0.266306 0.266306 
0.266306 0.266306 0.266306 0.266306 0.266306 0.266306 0.266306 0.266306 0.266306 0.266306 
0.266306 0.266306 0.266306 0.266306 0.266306 0.266306 0.266306 0.266306 0.266306 0.266306 
0.266306 0.266306 0.266306 0.266306 0.266306 0.266306 0.266306 0.266306 0.266306 0.266306 
0.266306 0.266306 0.266306 0.266306 0.266306 0.266306 0.266306 0.266306 0.266306 0.266306 
0.266306 0.266306 0.266306 0.266306 0.266306 0.266306 0.266306 0.266306 0.266306 0.266306 
0.266306 0.266306 0.266306 0.266306 0.266306 0.266306 0.266306 0.266306 0.266306 0.266306 
0.266306 0.266306 0.266306 0.266306 0.266306 0.266306 0.266306 0.266306 0.266306 0.266306 
0.266306 0.266306 0.266306 0.266306 0.266306 0.266306 0.266306 0.266306 0.266306 0.266306 
0.266306 0.266306 0.266306 0.266306 0.266306 0.266306 0.266306 0.266306 0.266306 0.266306 
0.266306 0.266306 0.266306 0.266306 0.266306 0.266306 0.266306 0.266306 0.266306 0.266306 
0.266306 0.266306 0.266306 0.266306 0.266306 0.266306 0.266306 0.266306 0.266306 0.266306 
0.266306 0.266306 0.266306 0.266306 0.266306 0.266306 0.266306 0.266306 0.266306 0.266306 
0.266306 0.266306 0.266306 0.266306 0.266306 0.266306 0.266306 0.266306 0.266306 0.266306 
0.266306 0.266306 0.266306 0.266306 0.266306 0.266306 0.266306 0.266306 0.266306 0.266306 
0.266306 0.266306 0.266306 0.266306 0.266306 0.266306 0.266306 0.266306 0.266306 0.266306 
0.266306 0.266306 0.266306 0.266306 0.266306 0.266306 0.266306 0.266306 0.266306 0.266306 
0.266306 0.266306 0.266306 0.266306 0.266306 0.266306 0.266306 0.266306 0.266306 0.266306 
0.266306 0.266306 0.266306 0.266306 0.266306 0.266306 0.266306 0.266306 0.266306 0.266306 
0.266306 0.266306 0.266306 0.266306 0.266306 0.266306 0.266306 0.266306 0.266306 0.266306 
0.266306 0.266306 0.266306 0.266306 0.266306 0.266306 0.266306 0.266306 0.266306 0.266306 
0.266306 0.266306 0.266306 0.266306 0.266306 0.266306 0.266306 0.266306 0.266306 0.266306 
0.266306 0.266306 0.266306 0.266306 0.266306 0.266306 0.266306 0.266306 0.266306 0.266306 
0.266306 0.266306 0.266306 0.266306 0.266306 0.266306 0.266306 0.266306 0.266306 0.266306 
0.266306 0.266306 0.266306 0.266306 0.266306 0.266306 0.266306 0.266306 0.266306 0.266306 
0.266306 0.266306 0.266306 0.266306 0.266306 0.266306 0.266306 0.266306 0.266306 0.266306 
0.266306 0.266306 0.266306 0.266306 0.266306 0.266306 0.266306 0.266306 0.266306 0.266306 
0.266306 0.266306 0.266306 0.266306 0.266306 0.266306 0.266306 0.266306 0.266306 0.266306 
0.266306 0.266306 0.266306 0.266306 0.266306 0.266306 0.266306 0.266306 0.266306 0.266306 
0.266306 0.266306 0.266306 0.266306 0.266306 0.266306 0.266306 0.266306 0.266306 0.266306 
0.266306 0.266306 0.266306 0.266306 0.266306 0.266306 0.266306 0.266306 0.266306 0.266306 
0.266306 0.266306 0.266306 0.266306 0.266306 0.266306 0.266306 0.266306 0.266306 0.266306 
0.266306 0.266306 0.266306 0.266306 0.266306 0.266306 0.266306 0.266306 0.266306 0.266306 
0.266306 0.266306 0.266306 0.266306 0.266306 0.266306 0.266306 0.266306 0.266306 0.266306 
0.266306 0.266306 0.266306 0.266306 0.266306 0.266306 0.266306 0.266306 0.266306 0.266306 
0.266306 0.266306 0.266306 0.266306 0.266306 0.266306 0.266306 0.266306 0.266306 0.266306 
0.266306 0.266306 0.266306 0.266306 0.266306 0.266306 0.266306 0.266306 0.266306 0.266306 
0.266306 0.266306 0.266306 0.266306 0.266306 0.266306 0.266306 0.266306 0.266306 0.266306 
0.266306 0.266306 0.266306 0.266306 0.266306 0.266306 0.266306 0.266306 0.266306 0.266306 
0.266306 0.266306 0.266306 0.266306 0.266306 0.266306 0.266306 0.266306 0.266306 0.266306 
0.266306 0.266306 0.266306 0.266306 0.266306 0.266306 0.266306 0.266306 0.266306 0.266306 
0.266306 0.266306 0.266306 0.266306 0.266306 0.266306 0.266306 0.266306 0.266306 0.266306 
0.266306 0.266306 0.266306 0.266306 0.266306 0.266306 0.266306 0.266306 0.266306 0.266306 
0.266306 0.266306 0.266306 0.266306 0.266306 0.266306 0.266306 0.266306 0.266306 0.266306 
0.266306 0.266306 0.266306 0.266306 0.266306 0.266306 0.266306 0.266306 0.266306 0.266306 
0.266306 0.266306 0.266306 0.266306 0.266306 0.266306 0.266306 0.266306 0.266306 0.266306 
0.266306 0.266306 0.266306 0.266306 0.266306 0.266306 0.266306 0.266306 0.266306 0.266306 
0.266306 0.266306 0.266306 0.266306 0.266306 0.266306 0.266306 0.266306 0.266306 0.266306 
0.266306 0.266306 0.266306 0.266306 0.266306 0.266306 0.266306 0.266306 0.266306 0.266306 
0.266306 0.266306 0.266306 0.266306 0.266306 0.266306 0.266306 0.266306 0.266306 0.266306 
0.266306 0.266306 0.266306 0.266306 0.266306 0.266306 0.266306 0.266306 0.266306 0.266306 
0.266306 0.266306 0.266306 0.266306 0.266306 0.266306 0.266306 0.266306 0.266306 0.266306 
0.266306 0.266306 0.266306 0.266306 0.266306 0.266306 0.266306 0.266306 0.266306 0.266306 
0.266306 0.266306 0.266306 0.266306 0.266306 0.266306 0.266306 0.266306 0.266306 0.266306 
0.266306 0.266306 0.266306 0.266306 0.266306 0.266306 0.266306 0.266306 0.266306 0.266306 
0.266306 0.266306 0.266306 0.266306 0.266306 0.266306 0.266306 0.266306 0.266306 0.266306 
0.266306 0.266306 0.266306 0.266306 0.266306 0.266306 0.266306 0.266306 0.266306 0.266306 
0.266306 0.266306 0.266306 0.266306 0.266306 0.266306 0.266306 0.266306 0.266306 0.266306 
0.266306 0.266306 0.266306 0.266306 0.266306 0.266306 0.266306 0.266306 0.266306 0.266306 
0.266306 0.266306 0.266306 0.266306 0.266306 0.266306 0.266306 0.266306 0.266306 0.266306 
0.266306 0.266306 0.266306 0.266306 0.266306 0.266306 0.266306 0.266306 0.266306 0.266306 
0.266306 0.266306 0.266306 0.266306 0.266306 0.266306 0.266306 0.266306 0.266306 0.266306 
0.266306 0.266306 0.266306 0.266306 0.266306 0.266306 0.266306 0.266306 0.266306 0.266306 
0.266306 0.266306 0.266306 0.266306 0.266306 0.266306 0.266306 0.266306 0.266306 0.266306 
0.266306 0.266306 0.266306 0.266306 0.266306 0.266306 0.266306 0.266306 0.266306 0.266306 
0.266306 0.266306 0.266306 0.266306 0.266306 0.266306 0.266306 0.266306 0.266306 0.266306 
0.266306 0.266306 0.266306 0.266306 0.266306 0.266306 0.266306 0.266306 0.266306 0.266306 
0.266306 0.266306 0.266306 0.266306 0.266306 0.266306 0.266306 0.266306 0.266306 0.266306 
0.266306 0.266306 0.266306 0.266306 0.266306 0.266306 0.266306 0.266306 0.266306 0.266306 
0.266306 0.266306 0.266306 0.266306 0.266306 0.266306 0.266306 0.266306 0.266306 0.266306 
0.266306 0.266306 0.266306 0.266306 0.266306 0.266306 0.266306 0.266306 0.266306 0.266306 
0.266306 0.266306 0.266306 0.266306 0.266306 0.266306 0.266306 0.266306 0.266306 0.266306 
0.266306 0.266306 0.266306 0.266306 0.266306 0.266306 0.266306 0.266306 0.266306 0.266306 
0.266306 0.266306 0.266306 0.266306 0.266306 0.266306 0.266306 0.266306 0.266306 0.266306 
0.266306 0.266306 0.266306 0.266306 0.266306 0.266306 0.266306 0.266306 0.266306 0.266306 
0.266306 0.266306 0.266306 0.266306 0.266306 0.266306 0.266306 0.266306 0.266306 0.266306 
0.266306 0.266306 0.266306 0.266306 0.266306 0.266306 0.266306 0.266306 0.266306 0.266306 
0.266306 0.266306 0.266306 0.266306 0.266306 0.266306 0.266306 0.266306 0.266306 0.266306 
0.266306 0.266306 0.266306 0.266306 0.266306 0.266306 0.266306 0.266306 0.266306 0.266306 
0.266306 0.266306 0.266306 0.266306 0.266306 0.266306 0.266306 0.266306 0.266306 0.266306 
0.266306 0.266306 0.266306 0.266306 0.266306 0.266306 0.266306 0.266306 0.266306 0.266306 
0.266306 0.266306 0.266306 0.266306 0.266306 0.266306 0.266306 0.266306 0.266306 0.266306 
0.266306 0.266306 0.266306 0.266306 0.266306 0.266306 0.266306 0.266306 0.266306 0.266306 
0.266306 0.266306 0.266306 0.266306 0.266306 0.266306 0.266306 0.266306 0.266306 0.266306 
0.266306 0.266306 0.266306 0.266306 0.266306 0.266306 0.266306 0.266306 0.266306 0.266306 
0.266306 0.266306 0.266306 0.266306 0.266306 0.266306 0.266306 0.266306 0.266306 0.266306 
0.266306 0.266306 0.266306 0.266306 0.266306 0.266306 0.266306 0.266306 0.266306 0.266306 
0.266306 0.266306 0.266306 0.266306 0.266306 0.266306 0.266306 0.266306 0.266306 0.266306 
0.266306 0.266306 0.266306 0.266306 0.266306 0.266306 0.266306 0.266306 0.266306 0.266306 
0.266306 0.266306 0.266306 0.266306 0.266306 0.266306 0.266306 0.266306 0.266306 0.266306 
0.266306 0.266306 0.266306 0.266306 0.266306 0.266306 0.266306 0.266306 0.266306 0.266306 
0.266306 0.266306 0.266306 0.266306 0.266306 0.266306 0.266306 0.266306 0.266306 0.266306 
0.266306 0.266306 0.266306 0.266306 0.266306 0.266306 0.266306 0.266306 0.266306 0.266306 
0.266306 0.266306 0.266306 0.266306 0.266306 0.266306 0.266306 0.266306 0.266306 0.266306 
0.266306 0.266306 0.266306 0.266306 0.266306 0.266306 0.266306 0.266306 0.266306 0.266306 
0.266306 0.266306 0.266306 0.266306 0.266306 0.266306 0.266306 0.266306 0.266306 0.266306 
0.266306 0.266306 0.266306 0.266306 0.266306 0.266306 0.266306 0.266306 0.266306 0.266306 
0.266306 0.266306 0.266306 0.266306 0.266306 0.266306 0.266306 0.266306 0.266306 0.266306 
0.266306 0.266306 0.266306 0.266306 0.266306 0.266306 0.266306 0.266306 0.266306 0.266306 
0.266306 0.266306 0.266306 0.266306 0.266306 0.266306 0.266306 0.266306 0.266306 0.266306 
0.266306 0.266306 0.266306 0.266306 0.266306 0.266306 0.266306 0.266306 0.266306 0.266306 
0.266306 0.266306 0.266306 0.266306 0.266306 0.266306 0.266306 0.266306 0.266306 0.266306 
0.266306 0.266306 0.266306 0.266306 0.266306 0.266306 0.266306 0.266306 0.266306 0.266306 
0.266306 0.266306 0.266306 0.266306 0.266306 0.266306 0.266306 0.266306 0.266306 0.266306 
0.266306 0.266306 0.266306 0.266306 0.266306 0.266306 0.266306 0.266306 0.266306 0.266306 
0.266306 0.266306 0.266306 0.266306 0.266306 0.266306 0.266306 0.266306 0.266306 0.266306 
0.266306 0.266306 0.266306 0.266306 0.266306 0.266306 0.266306 0.266306 0.266306 0.266306 
0.266306 0.266306 0.266306 0.266306 0.266306 0.266306 0.266306 0.266306 0.266306 0.266306 
0.266306 0.266306 0.266306 0.266306 0.266306 0.266306 0.266306 0.266306 0.266306 0.266306 
0.266306 0.266306 0.266306 0.266306 0.266306 0.266306 0.266306 0.266306 0.266306 0.266306 
0.266306 0.266306 0.266306 0.266306 0.266306 0.266306 0.266306 0.266306 0.266306 0.266306 
0.266306 0.266306 0.266306 0.266306 0.266306 0.266306 0.266306 0.266306 0.266306 0.266306 
0.266306 0.266306 0.266306 0.266306 0.266306 0.266306 0.266306 0.266306 0.266306 0.266306 
0.266306 0.266306 0.266306 0.266306 0.266306 0.266306 0.266306 0.266306 0.266306 0.266306 
0.266306 0.266306 0.266306 0.266306 0.266306 0.266306 0.266306 0.266306 0.266306 0.266306 
0.266306 0.266306 0.266306 0.266306 0.266306 0.266306 0.266306 0.266306 0.266306 0.266306 
0.266306 0.266306 0.266306 0.266306 0.266306 0.266306 0.266306 0.266306 0.266306 0.266306 
0.266306 0.266306 0.266306 0.266306 0.266306 0.266306 0.266306 0.266306 0.266306 0.266306 
0.266306 0.266306 0.266306 0.266306 0.266306 0.266306 0.266306 0.266306 0.266306 0.266306 
0.266306 0.266306 0.266306 0.266306 0.266306 0.266306 0.266306 0.266306 0.266306 0.266306 
0.266306 0.266306 0.266306 0.266306 0.266306 0.266306 0.266306 0.266306 0.266306 0.266306 
0.266306 0.266306 0.266306 0.266306 0.266306 0.266306 0.266306 0.266306 0.266306 0.266306 
0.266306 0.266306 0.266306 0.266306 0.266306 0.266306 0.266306 0.266306 0.266306 0.266306 
0.266306 0.266306 0.266306 0.266306 0.266306 0.266306 0.266306 0.266306 0.266306 0.266306 
0.266306 0.266306 0.266306 0.266306 0.266306 0.266306 0.266306 0.266306 0.266306 0.266306 
0.266306 0.266306 0.266306 0.266306 0.266306 0.266306 0.266306 0.266306 0.266306 0.266306 
0.266306 0.266306 0.266306 0.266306 0.266306 0.266306 0.266306 0.266306 0.266306 0.266306 
0.266306 0.266306 0.266306 0.266306 0.266306 0.266306 0.266306 0.266306 0.266306 0.266306 
0.266306 0.266306 0.266306 0.266306 0.266306 0.266306 0.266306 0.266306 0.266306 0.266306 
0.266306 0.266306 0.266306 0.266306 0.266306 0.266306 0.266306 0.266306 0.266306 0.266306 
0.266306 0.266306 0.266306 0.266306 0.266306 0.266306 0.266306 0.266306 0.266306 0.266306 
0.266306 0.266306 0.266306 0.266306 0.266306 0.266306 0.266306 0.266306 0.266306 0.266306 
0.266306 0.266306 0.266306 0.266306 0.266306 0.266306 0.266306 0.266306 0.266306 0.266306 
0.266306 0.266306 0.266306 0.266306 0.266306 0.266306 0.266306 0.266306 0.266306 0.266306 
0.266306 0.266306 0.266306 0.266306 0.266306 0.266306 0.266306 0.266306 0.266306 0.266306 
0.266306 0.266306 0.266306 0.266306 0.266306 0.266306 0.266306 0.266306 0.266306 0.266306 
0.266306 0.266306 0.266306 0.266306 0.266306 0.266306 0.266306 0.266306 0.266306 0.266306 
0.266306 0.266306 0.266306 0.266306 0.266306 0.266306 0.266306 0.266306 0.266306 0.266306 
0.266306 0.266306 0.266306 0.266306 0.266306 0.266306 0.266306 0.266306 0.266306 0.266306 
0.266306 0.266306 0.266306 0.266306 0.266306 0.266306 0.266306 0.266306 0.266306 0.266306 
0.266306 0.266306 0.266306 0.266306 0.266306 0.266306 0.266306 0.266306 0.266306 0.266306 
0.266306 0.266306 0.266306 0.266306 0.266306 0.266306 0.266306 0.266306 0.266306 0.266306 
0.266306 0.266306 0.266306 0.266306 0.266306 0.266306 0.266306 0.266306 0.266306 0.266306 
0.266306 0.266306 0.266306 0.266306 0.266306 0.266306 0.266306 0.266306 0.266306 0.266306 
0.266306 0.266306 0.266306 0.266306 0.266306 0.266306 0.266306 0.266306 0.266306 0.266306 
0.266306 0.266306 0.266306 0.266306 0.266306 0.266306 0.266306 0.266306 0.266306 0.266306 
0.266306 0.266306 0.266306 0.266306 0.266306 0.266306 0.266306 0.266306 0.266306 0.266306 
0.266306 0.266306 0.266306 0.266306 0.266306 0.266306 0.266306 0.266306 0.266306 0.266306 
0.266306 0.266306 0.266306 0.266306 0.266306 0.266306 0.266306 0.266306 0.266306 0.266306 
0.266306 0.266306 0.266306 0.266306 0.266306 0.266306 0.266306 0.266306 0.266306 0.266306 
0.266306 0.266306 0.266306 0.266306 0.266306 0.266306 0.266306 0.266306 0.266306 0.266306 
0.266306 0.266306 0.266306 0.266306 0.266306 0.266306 0.266306 0.266306 0.266306 0.266306 
0.266306 0.266306 0.266306 0.266306 0.266306 0.266306 0.266306 0.266306 0.266306 0.266306 
0.266306 0.266306 0.266306 0.266306 0.266306 0.266306 0.266306 0.266306 0.266306 0.266306 
0.266306 0.266306 0.266306 0.266306 0.266306 0.266306 0.266306 0.266306 0.266306 0.266306 
0.266306 0.266306 0.266306 0.266306 0.266306 0.266306 0.266306 0.266306 0.266306 0.266306 
0.266306 0.266306 0.266306 0.266306 0.266306 0.266306 0.266306 0.266306 0.266306 0.266306 
0.266306 0.266306 0.266306 0.266306 0.266306 0.266306 0.266306 0.266306 0.266306 0.266306 
0.266306 0.266306 0.266306 0.266306 0.266306 0.266306 0.266306 0.266306 0.266306 0.266306 
0.266306 0.266306 0.266306 0.266306 0.266306 0.266306 0.266306 0.266306 0.266306 0.266306 
0.266306 0.266306 0.266306 0.266306 0.266306 0.266306 0.266306 0.266306 0.266306 0.266306 
0.266306 0.266306 0.266306 0.266306 0.266306 0.266306 0.266306 0.266306 0.266306 0.266306 
0.266306 0.266306 0.266306 0.266306 0.266306 0.266306 0.266306 0.266306 0.266306 0.266306 
0.266306 0.266306 0.266306 0.266306 0.266306 0.266306 0.266306 0.266306 0.266306 0.266306 
0.266306 0.266306 0.266306 0.266306 0.266306 0.266306 0.266306 0.266306 0.266306 0.266306 
0.266306 0.266306 0.266306 0.266306 0.266306 0.266306 0.266306 0.266306 0.266306 0.266306 
0.266306 0.266306 0.266306 0.266306 0.266306 0.266306 0.266306 0.266306 0.266306 0.266306 
0.266306 0.266306 0.266306 0.266306 0.266306 0.266306 0.266306 0.266306 0.266306 0.266306 
0.266306 0.266306 0.266306 0.266306 0.266306 0.266306 0.266306 0.266306 0.266306 0.266306 
0.266306 0.266306 0.266306 0.266306 0.266306 0.266306 0.266306 0.266306 0.266306 0.266306 
0.266306 0.266306 0.266306 0.266306 0.266306 0.266306 0.266306 0.266306 0.266306 0.266306 
0.266306 0.266306 0.266306 0.266306 0.266306 0.266306 0.266306 0.266306 0.266306 0.266306 
0.266306 0.266306 0.266306 0.266306 0.266306 0.266306 0.266306 0.266306 0.266306 0.266306 
0.266306 0.266306 0.266306 0.266306 0.266306 0.266306 0.266306 0.266306 0.266306 0.266306 
0.266306 0.266306 0.266306 0.266306 0.266306 0.266306 0.266306 0.266306 0.266306 0.266306 
0.266306 0.266306 0.266306 0.266306 0.266306 0.266306 0.266306 0.266306 0.266306 0.266306 
0.266306 0.266306 0.266306 0.266306 0.266306 0.266306 0.266306 0.266306 0.266306 0.266306 
0.266306 0.266306 0.266306 0.266306 0.266306 0.266306 0.266306 0.266306 0.266306 0.266306 
0.266306 0.266306 0.266306 0.266306 0.266306 0.266306 0.266306 0.266306 0.266306 0.266306 
0.266306 0.266306 0.266306 0.266306 0.266306 0.266306 0.266306 0.266306 0.266306 0.266306 
0.266306 0.266306 0.266306 0.266306 0.266306 0.266306 0.266306 0.266306 0.266306 0.266306 
0.266306 0.266306 0.266306 0.266306 0.266306 0.266306 0.266306 0.266306 0.266306 0.266306 
0.266306 0.266306 0.266306 0.266306 0.266306 0.266306 0.266306 0.266306 0.266306 0.266306 
0.266306 0.266306 0.266306 0.266306 0.266306 0.266306 0.266306 0.266306 0.266306 0.266306 
0.266306 0.266306 0.266306 0.266306 0.266306 0.266306 0.266306 0.266306 0.266306 0.266306 
0.266306 0.266306 0.266306 0.266306 0.266306 0.266306 0.266306 0.266306 0.266306 0.266306 
0.266306 0.266306 0.266306 0.266306 0.266306 0.266306 0.266306 0.266306 0.266306 0.266306 
0.266306 0.266306 0.266306 0.266306 0.266306 0.266306 0.266306 0.266306 0.266306 0.266306 
0.266306 0.266306 0.266306 0.266306 0.266306 0.266306 0.266306 0.266306 0.266306 0.266306 
0.266306 0.266306 0.266306 0.266306 0.266306 0.266306 0.266306 0.266306 0.266306 0.266306 
0.266306 0.266306 0.266306 0.266306 0.266306 0.266306 0.266306 0.266306 0.266306 0.266306 
0.266306 0.266306 0.266306 0.266306 0.266306 0.266306 0.266306 0.266306 0.266306 0.266306 
0.266306 0.266306 0.266306 0.266306 0.266306 0.266306 0.266306 0.266306 0.266306 0.266306 
0.266306 0.266306 0.266306 0.266306 0.266306 0.266306 0.266306 0.266306 0.266306 0.266306 
0.266306 0.266306 0.266306 0.266306 0.266306 0.266306 0.266306 0.266306 0.266306 0.266306 
0.266306 0.266306 0.266306 0.266306 0.266306 0.266306 0.266306 0.266306 0.266306 0.266306 
0.266306 0.266306 0.266306 0.266306 0.266306 0.266306 0.266306 0.266306 0.266306 0.266306 
0.266306 0.266306 0.266306 0.266306 0.266306 0.266306 0.266306 0.266306 0.266306 0.266306 
0.266306 0.266306 0.266306 0.266306 0.266306 0.266306 0.266306 0.266306 0.266306 0.266306 
0.266306 0.266306 0.266306 0.266306 0.266306 0.266306 0.266306 0.266306 0.266306 0.266306 
0.266306 0.266306 0.266306 0.266306 0.266306 0.266306 0.266306 0.266306 0.266306 0.266306 
0.266306 0.266306 0.266306 0.266306 0.266306 0.266306 0.266306 0.266306 0.266306 0.266306 
0.266306 0.266306 0.266306 0.266306 0.266306 0.266306 0.266306 0.266306 0.266306 0.266306 
0.266306 0.266306 0.266306 0.266306 0.266306 0.266306 0.266306 0.266306 0.266306 0.266306 
0.266306 0.266306 0.266306 0.266306 0.266306 0.266306 0.266306 0.266306 0.266306 0.266306 
0.266306 0.266306 0.266306 0.266306 0.266306 0.266306 0.266306 0.266306 0.266306 0.266306 
0.266306 0.266306 0.266306 0.266306 0.266306 0.266306 0.266306 0.266306 0.266306 0.266306 
0.266306 0.266306 0.266306 0.266306 0.266306 0.266306 0.266306 0.266306 0.266306 0.266306 
0.266306 0.266306 0.266306 0.266306 0.266306 0.266306 0.266306 0.266306 0.266306 0.266306 
0.266306 0.266306 0.266306 0.266306 0.266306 0.266306 0.266306 0.266306 0.266306 0.266306 
0.266306 0.266306 0.266306 0.266306 0.266306 0.266306 0.266306 0.266306 0.266306 0.266306 
0.266306 0.266306 0.266306 0.266306 0.266306 0.266306 0.266306 0.266306 0.266306 0.266306 
0.266306 0.266306 0.266306 0.266306 0.266306 0.266306 0.266306 0.266306 0.266306 0.266306 
0.266306 0.266306 0.266306 0.266306 0.266306 0.266306 0.266306 0.266306 0.266306 0.266306 
0.266306 0.266306 0.266306 0.266306 0.266306 0.266306 0.266306 0.266306 0.266306 0.266306 
0.266306 0.266306 0.266306 0.266306 0.266306 0.266306 0.266306 0.266306 0.266306 0.266306 
0.266306 0.266306 0.266306 0.266306 0.266306 0.266306 0.266306 0.266306 0.266306 0.266306 
0.266306 0.266306 0.266306 0.266306 0.266306 0.266306 0.266306 0.266306 0.266306 0.266306 
0.266306 0.266306 0.266306 0.266306 0.266306 0.266306 0.266306 0.266306 0.266306 0.266306 
0.266306 0.266306 0.266306 0.266306 0.266306 0.266306 0.266306 0.266306 0.266306 0.266306 
0.266306 0.266306 0.266306 0.266306 0.266306 0.266306 0.266306 0.266306 0.266306 0.266306 
0.266306 0.266306 0.266306 0.266306 0.266306 0.266306 0.266306 0.266306 0.266306 0.266306 
0.266306 0.266306 0.266306 0.266306 0.266306 0.266306 0.266306 0.266306 0.266306 0.266306 
0.266306 0.266306 0.266306 0.266306 0.266306 0.266306 0.266306 0.266306 0.266306 0.266306 
0.266306 0.266306 0.266306 0.266306 0.266306 0.266306 0.266306 0.266306 0.266306 0.266306 
0.266306 0.266306 0.266306 0.266306 0.266306 0.266306 0.266306 0.266306 0.266306 0.266306 
0.266306 0.266306 0.266306 0.266306 0.266306 0.266306 0.266306 0.266306 0.266306 0.266306 
0.266306 0.266306 0.266306 0.266306 0.266306 0.266306 0.266306 0.266306 0.266306 0.266306 
0.266306 0.266306 0.266306 0.266306 0.266306 0.266306 0.266306 0.266306 0.266306 0.266306 
0.266306 0.266306 0.266306 0.266306 0.266306 0.266306 0.266306 0.266306 0.266306 0.266306 
0.266306 0.266306 0.266306 0.266306 0.266306 0.266306 0.266306 0.266306 0.266306 0.266306 
0.266306 0.266306 0.266306 0.266306 0.266306 0.266306 0.266306 0.266306 0.266306 0.266306 
0.266306 0.266306 0.266306 0.266306 0.266306 0.266306 0.266306 0.266306 0.266306 0.266306 
0.266306 0.266306 0.266306 0.266306 0.266306 0.266306 0.266306 0.266306 0.266306 0.266306 
0.266306 0.266306 0.266306 0.266306 0.266306 0.266306 0.266306 0.266306 0.266306 0.266306 
0.266306 0.266306 0.266306 0.266306 0.266306 0.266306 0.266306 0.266306 0.266306 0.266306 
0.266306 0.266306 0.266306 0.266306 0.266306 0.266306 0.266306 0.266306 0.266306 0.266306 
0.266306 0.266306 0.266306 0.266306 0.266306 0.266306 0.266306 0.266306 0.266306 0.266306 
0.266306 0.266306 0.266306 0.266306 0.266306 0.266306 0.266306 0.266306 0.266306 0.266306 
0.266306 0.266306 0.266306 0.266306 0.266306 0.266306 0.266306 0.266306 0.266306 0.266306 
0.266306 0.266306 0.266306 0.266306 0.266306 0.266306 0.266306 0.266306 0.266306 0.266306 
0.266306 0.266306 0.266306 0.266306 0.266306 0.266306 0.266306 0.266306 0.266306 0.266306 
0.266306 0.266306 0.266306 0.266306 0.266306 0.266306 0.266306 0.266306 0.266306 0.266306 
0.266306 0.266306 0.266306 0.266306 0.266306 0.266306 0.266306 0.266306 0.266306 0.266306 
0.266306 0.266306 0.266306 0.266306 0.266306 0.266306 0.266306 0.266306 0.266306 0.266306 
0.266306 0.266306 0.266306 0.266306 0.266306 0.266306 0.266306 0.266306 0.266306 0.266306 
0.266306 0.266306 0.266306 0.266306 0.266306 0.266306 0.266306 0.266306 0.266306 0.266306 
0.266306 0.266306 0.266306 0.266306 0.266306 0.266306 0.266306 0.266306 0.266306 0.266306 
0.266306 0.266306 0.266306 0.266306 0.266306 0.266306 0.266306 0.266306 0.266306 0.266306 
0.266306 0.266306 0.266306 0.266306 0.266306 0.266306 0.266306 0.266306 0.266306 0.266306 
0.266306 0.266306 0.266306 0.266306 0.266306 0.266306 0.266306 0.266306 0.266306 0.266306 
0.266306 0.266306 0.266306 0.266306 0.266306 0.266306 0.266306 0.266306 0.266306 0.266306 
0.266306 0.266306 0.266306 0.266306 0.266306 0.266306 0.266306 0.266306 0.266306 0.266306 
0.266306 0.266306 0.266306 0.266306 0.266306 0.266306 0.266306 0.266306 0.266306 0.266306 
0.266306 0.266306 0.266306 0.266306 0.266306 0.266306 0.266306 0.266306 0.266306 0.266306 
0.266306 0.266306 0.266306 0.266306 0.266306 0.266306 0.266306 0.266306 0.266306 0.266306 
0.266306 0.266306 0.266306 0.266306 0.266306 0.266306 0.266306 0.266306 0.266306 0.266306 
0.266306 0.266306 0.266306 0.266306 0.266306 0.266306 0.266306 0.266306 0.266306 0.266306 
0.266306 0.266306 0.266306 0.266306 0.266306 0.266306 0.266306 0.266306 0.266306 0.266306 
0.266306 0.266306 0.266306 0.266306 0.266306 0.266306 0.266306 0.266306 0.266306 0.266306 
0.266306 0.266306 0.266306 0.266306 0.266306 0.266306 0.266306 0.266306 0.266306 0.266306 
0.266306 0.266306 0.266306 0.266306 0.266306 0.266306 0.266306 0.266306 0.266306 0.266306 
0.266306 0.266306 0.266306 0.266306 0.266306 0.266306 0.266306 0.266306 0.266306 0.266306 
0.266306 0.266306 0.266306 0.266306 0.266306 0.266306 0.266306 0.266306 0.266306 0.266306 
0.266306 0.266306 0.266306 0.266306 0.266306 0.266306 0.266306 0.266306 0.266306 0.266306 
0.266306 0.266306 0.266306 0.266306 0.266306 0.266306 0.266306 0.266306 0.266306 0.266306 
0.266306 0.266306 0.266306 0.266306 0.266306 0.266306 0.266306 0.266306 0.266306 0.266306 
0.266306 0.266306 0.266306 0.266306 0.266306 0.266306 0.266306 0.266306 0.266306 0.266306 
0.266306 0.266306 0.266306 0.266306 0.266306 0.266306 0.266306 0.266306 0.266306 0.266306 
0.266306 0.266306 0.266306 0.266306 0.266306 0.266306 0.266306 0.266306 0.266306 0.266306 
0.266306 0.266306 0.266306 0.266306 0.266306 0.266306 0.266306 0.266306 0.266306 0.266306 
0.266306 0.266306 0.266306 0.266306 0.266306 0.266306 0.266306 0.266306 0.266306 0.266306 
0.266306 0.266306 0.266306 0.266306 0.266306 0.266306 0.266306 0.266306 0.266306 0.266306 
0.266306 0.266306 0.266306 0.266306 0.266306 0.266306 0.266306 0.266306 0.266306 0.266306 
0.266306 0.266306 0.266306 0.266306 0.266306 0.266306 0.266306 0.266306 0.266306 0.266306 
0.266306 0.266306 0.266306 0.266306 0.266306 0.266306 0.266306 0.266306 0.266306 0.266306 
0.266306 0.266306 0.266306 0.266306 0.266306 0.266306 0.266306 0.266306 0.266306 0.266306 
0.266306 0.266306 0.266306 0.266306 0.266306 0.266306 0.266306 0.266306 0.266306 0.266306 
0.266306 0.266306 0.266306 0.266306 0.266306 0.266306 0.266306 0.266306 0.266306 0.266306 
0.266306 0.266306 0.266306 0.266306 0.266306 0.266306 0.266306 0.266306 0.266306 0.266306 
0.266306 0.266306 0.266306 0.266306 0.266306 0.266306 0.266306 0.266306 0.266306 0.266306 
0.266306 0.266306 0.266306 0.266306 0.266306 0.266306 0.266306 0.266306 0.266306 0.266306 
0.266306 0.266306 0.266306 0.266306 0.266306 0.266306 0.266306 0.266306 0.266306 0.266306 
0.266306 0.266306 0.266306 0.266306 0.266306 0.266306 0.266306 0.266306 0.266306 0.266306 
0.266306 0.266306 0.266306 0.266306 0.266306 0.266306 0.266306 0.266306 0.266306 0.266306 
0.266306 0.266306 0.266306 0.266306 0.266306 0.266306 0.266306 0.266306 0.266306 0.266306 
0.266306 0.266306 0.266306 0.266306 0.266306 0.266306 0.266306 0.266306 0.266306 0.266306 
0.266306 0.266306 0.266306 0.266306 0.266306 0.266306 0.266306 0.266306 0.266306 0.266306 
0.266306 0.266306 0.266306 0.266306 0.266306 0.266306 0.266306 0.266306 0.266306 0.266306 
0.266306 0.266306 0.266306 0.266306 0.266306 0.266306 0.266306 0.266306 0.266306 0.266306 
0.266306 0.266306 0.266306 0.266306 0.266306 0.266306 0.266306 0.266306 0.266306 0.266306 
0.266306 0.266306 0.266306 0.266306 0.266306 0.266306 0.266306 0.266306 0.266306 0.266306 
0.266306 0.266306 0.266306 0.266306 0.266306 0.266306 0.266306 0.266306 0.266306 0.266306 
0.266306 0.266306 0.266306 0.266306 0.266306 0.266306 0.266306 0.266306 0.266306 0.266306 
0.266306 0.266306 0.266306 0.266306 0.266306 0.266306 0.266306 0.266306 0.266306 0.266306 
0.266306 0.266306 0.266306 0.266306 0.266306 0.266306 0.266306 0.266306 0.266306 0.266306 
0.266306 0.266306 0.266306 0.266306 0.266306 0.266306 0.266306 0.266306 0.266306 0.266306 
0.266306 0.266306 0.266306 0.266306 0.266306 0.266306 0.266306 0.266306 0.266306 0.266306 
0.266306 0.266306 0.266306 0.266306 0.266306 0.266306 0.266306 0.266306 0.266306 0.266306 
0.266306 0.266306 0.266306 0.266306 0.266306 0.266306 0.266306 0.266306 0.266306 0.266306 
0.266306 0.266306 0.266306 0.266306 0.266306 0.266306 0.266306 0.266306 0.266306 0.266306 
0.266306 0.266306 0.266306 0.266306 0.266306 0.266306 0.266306 0.266306 0.266306 0.266306 
0.266306 0.266306 0.266306 0.266306 0.266306 0.266306 0.266306 0.266306 0.266306 0.266306 
0.266306 0.266306 0.266306 0.266306 0.266306 0.266306 0.266306 0.266306 0.266306 0.266306 
0.266306 0.266306 0.266306 0.266306 0.266306 0.266306 0.266306 0.266306 0.266306 0.266306 
0.266306 0.266306 0.266306 0.266306 0.266306 0.266306 0.266306 0.266306 0.266306 0.266306 
0.266306 0.266306 0.266306 0.266306 0.266306 0.266306 0.266306 0.266306 0.266306 0.266306 
0.266306 0.266306 0.266306 0.266306 0.266306 0.266306 0.266306 0.266306 0.266306 0.266306 
0.266306 0.266306 0.266306 0.266306 0.266306 0.266306 0.266306 0.266306 0.266306 0.266306 
0.266306 0.266306 0.266306 0.266306 0.266306 0.266306 0.266306 0.266306 0.266306 0.266306 
0.266306 0.266306 0.266306 0.266306 0.266306 0.266306 0.266306 0.266306 0.266306 0.266306 
0.266306 0.266306 0.266306 0.266306 0.266306 0.266306 0.266306 0.266306 0.266306 0.266306 
0.266306 0.266306 0.266306 0.266306 0.266306 0.266306 0.266306 0.266306 0.266306 0.266306 
0.266306 0.266306 0.266306 0.266306 0.266306 0.266306 0.266306 0.266306 0.266306 0.266306 
0.266306 0.266306 0.266306 0.266306 0.266306 0.266306 0.266306 0.266306 0.266306 0.266306 
0.266306 0.266306 0.266306 0.266306 0.266306 0.266306 0.266306 0.266306 0.266306 0.266306 
0.266306 0.266306 0.266306 0.266306 0.266306 0.266306 0.266306 0.266306 0.266306 0.266306 
0.266306 0.266306 0.266306 0.266306 0.266306 0.266306 0.266306 0.266306 0.266306 0.266306 
0.266306 0.266306 0.266306 0.266306 0.266306 0.266306 0.266306 0.266306 0.266306 0.266306 
0.266306 0.266306 0.266306 0.266306 0.266306 0.266306 0.266306 0.266306 0.266306 0.266306 
0.266306 0.266306 0.266306 0.266306 0.266306 0.266306 0.266306 0.266306 0.266306 0.266306 
0.266306 0.266306 0.266306 0.266306 0.266306 0.266306 0.266306 0.266306 0.266306 0.266306 
0.266306 0.266306 0.266306 0.266306 0.266306 0.266306 0.266306 0.266306 0.266306 0.266306 
0.266306 0.266306 0.266306 0.266306 0.266306 0.266306 0.266306 0.266306 0.266306 0.266306 
0.266306 0.266306 0.266306 0.266306 0.266306 0.266306 0.266306 0.266306 0.266306 0.266306 
0.266306 0.266306 0.266306 0.266306 0.266306 0.266306 0.266306 0.266306 0.266306 0.266306 
0.266306 0.266306 0.266306 0.266306 0.266306 0.266306 0.266306 0.266306 0.266306 0.266306 
0.266306 0.266306 0.266306 0.266306 0.266306 0.266306 0.266306 0.266306 0.266306 0.266306 
0.266306 0.266306 0.266306 0.266306 0.266306 0.266306 0.266306 0.266306 0.266306 0.266306 
0.266306 0.266306 0.266306 0.266306 0.266306 0.266306 0.266306 0.266306 0.266306 0.266306 
0.266306 0.266306 0.266306 0.266306 0.266306 0.266306 0.266306 0.266306 0.266306 0.266306 
0.266306 0.266306 0.266306 0.266306 0.266306 0.266306 0.266306 0.266306 0.266306 0.266306 
0.266306 0.266306 0.266306 0.266306 0.266306 0.266306 0.266306 0.266306 0.266306 0.266306 
0.266306 0.266306 0.266306 0.266306 0.266306 0.266306 0.266306 0.266306 0.266306 0.266306 
0.266306 0.266306 0.266306 0.266306 0.266306 0.266306 0.266306 0.266306 0.266306 0.266306 
0.266306 0.266306 0.266306 0.266306 0.266306 0.266306 0.266306 0.266306 0.266306 0.266306 
0.266306 0.266306 0.266306 0.266306 0.266306 0.266306 0.266306 0.266306 0.266306 0.266306 
0.266306 0.266306 0.266306 0.266306 0.266306 0.266306 0.266306 0.266306 0.266306 0.266306 
0.266306 0.266306 0.266306 0.266306 0.266306 0.266306 0.266306 0.266306 0.266306 0.266306 
0.266306 0.266306 0.266306 0.266306 0.266306 0.266306 0.266306 0.266306 0.266306 0.266306 
0.266306 0.266306 0.266306 0.266306 0.266306 0.266306 0.266306 0.266306 0.266306 0.266306 
0.266306 0.266306 0.266306 0.266306 0.266306 0.266306 0.266306 0.266306 0.266306 0.266306 
0.266306 0.266306 0.266306 0.266306 0.266306 0.266306 0.266306 0.266306 0.266306 0.266306 
0.266306 0.266306 0.266306 0.266306 0.266306 0.266306 0.266306 0.266306 0.266306 0.266306 
0.266306 0.266306 0.266306 0.266306 0.266306 0.266306 0.266306 0.266306 0.266306 0.266306 
0.266306 0.266306 0.266306 0.266306 0.266306 0.266306 0.266306 0.266306 0.266306 0.266306 
0.266306 0.266306 0.266306 0.266306 0.266306 0.266306 0.266306 0.266306 0.266306 0.266306 
0.266306 0.266306 0.266306 0.266306 0.266306 0.266306 0.266306 0.266306 0.266306 0.266306 
0.266306 0.266306 0.266306 0.266306 0.266306 0.266306 0.266306 0.266306 0.266306 0.266306 
0.266306 0.266306 0.266306 0.266306 0.266306 0.266306 0.266306 0.266306 0.266306 0.266306 
0.266306 0.266306 0.266306 0.266306 0.266306 0.266306 0.266306 0.266306 0.266306 0.266306 
0.266306 0.266306 0.266306 0.266306 0.266306 0.266306 0.266306 0.266306 0.266306 0.266306 
0.266306 0.266306 0.266306 0.266306 0.266306 0.266306 0.266306 0.266306 0.266306 0.266306 
0.266306 0.266306 0.266306 0.266306 0.266306 0.266306 0.266306 0.266306 0.266306 0.266306 
0.266306 0.266306 0.266306 0.266306 0.266306 SCALARS Length_m float 1
LOOKUP_TABLE default
285.291 285.291 285.291 285.291 285.291 285.291 285.291 285.291 285.291 
285.291 285.291 285.291 285.291 285.291 285.291 285.291 285.291 285.291 285.291 
285.291 285.291 285.291 285.291 285.291 285.291 285.291 285.291 285.291 285.291 
285.291 285.291 285.291 285.291 285.291 285.291 285.291 285.291 285.291 285.291 
285.291 285.291 285.291 285.291 285.291 285.291 285.291 285.291 285.291 285.291 
285.291 285.291 285.291 285.291 285.291 285.291 285.291 285.291 285.291 285.291 
285.291 285.291 285.291 285.291 285.291 285.291 285.291 285.291 285.291 285.291 
285.291 285.291 285.291 285.291 285.291 285.291 285.291 285.291 285.291 285.291 
285.291 285.291 285.291 285.291 285.291 285.291 285.291 285.291 285.291 274.479 
274.479 274.479 274.479 274.479 274.479 274.479 274.479 274.479 274.479 274.479 
274.479 274.479 274.479 274.479 274.479 274.479 274.479 274.479 274.479 274.479 
274.479 274.479 274.479 274.479 274.479 274.479 274.479 274.479 274.479 274.479 
274.479 274.479 274.479 274.479 274.479 274.479 274.479 274.479 274.479 274.479 
274.479 274.479 274.479 274.479 274.479 274.479 274.479 274.479 274.479 274.479 
274.479 274.479 274.479 274.479 274.479 274.479 274.479 274.479 274.479 274.479 
274.479 274.479 274.479 274.479 274.479 274.479 274.479 274.479 274.479 274.479 
274.479 274.479 274.479 274.479 274.479 274.479 274.479 274.479 274.479 274.479 
274.479 274.479 274.479 274.479 274.479 274.479 274.479 274.479 274.479 274.479 
274.479 274.479 274.479 274.479 274.479 274.479 274.479 274.479 274.479 274.479 
274.479 274.479 274.479 274.479 274.479 274.479 274.479 274.479 274.479 274.479 
274.479 274.479 274.479 274.479 274.479 274.479 274.479 274.479 274.479 274.479 
274.479 274.479 274.479 274.479 274.479 274.479 274.479 274.479 274.479 274.479 
274.479 274.479 274.479 274.479 274.479 274.479 274.479 274.479 274.479 274.479 
274.479 274.479 274.479 274.479 274.479 274.479 274.479 274.479 274.479 274.479 
274.479 274.479 274.479 274.479 274.479 274.479 274.479 274.479 274.479 274.479 
274.479 274.479 274.479 274.479 274.479 274.479 274.479 274.479 274.479 274.479 
274.479 274.479 274.479 274.479 274.479 274.479 274.479 274.479 274.479 274.479 
274.479 274.479 274.479 274.479 274.479 274.479 274.479 274.479 274.479 274.479 
274.479 274.479 274.479 274.479 274.479 274.479 274.479 274.479 274.479 274.479 
274.479 274.479 274.479 274.479 274.479 274.479 274.479 274.479 274.479 274.479 
274.479 274.479 274.479 274.479 274.479 274.479 274.479 274.479 274.479 274.479 
274.479 274.479 274.479 274.479 274.479 274.479 274.479 274.479 274.479 274.479 
274.479 274.479 274.479 274.479 274.479 274.479 274.479 274.479 274.479 274.479 
274.479 274.479 274.479 274.479 274.479 274.479 274.479 274.479 274.479 274.479 
274.479 274.479 274.479 274.479 274.479 274.479 274.479 274.479 274.479 274.479 
274.479 274.479 274.479 274.479 274.479 274.479 274.479 274.479 274.479 274.479 
274.479 274.479 274.479 274.479 274.479 274.479 274.479 274.479 274.479 274.479 
274.479 274.479 274.479 274.479 274.479 274.479 274.479 274.479 274.479 274.479 
274.479 274.479 274.479 274.479 274.479 274.479 274.479 274.479 274.479 274.479 
274.479 274.479 274.479 274.479 274.479 274.479 274.479 274.479 274.479 274.479 
274.479 274.479 274.479 274.479 274.479 274.479 274.479 274.479 274.479 274.479 
274.479 274.479 274.479 274.479 274.479 274.479 274.479 274.479 274.479 274.479 
274.479 274.479 274.479 274.479 274.479 274.479 274.479 274.479 274.479 274.479 
274.479 274.479 274.479 274.479 274.479 274.479 274.479 274.479 274.479 274.479 
274.479 274.479 274.479 274.479 274.479 274.479 274.479 274.479 274.479 274.479 
274.479 274.479 274.479 274.479 274.479 274.479 274.479 274.479 274.479 274.479 
274.479 274.479 274.479 274.479 274.479 274.479 274.479 274.479 274.479 274.479 
274.479 274.479 274.479 274.479 274.479 274.479 274.479 274.479 274.479 274.479 
274.479 274.479 274.479 274.479 274.479 274.479 274.479 274.479 274.479 274.479 
274.479 274.479 274.479 274.479 274.479 274.479 274.479 274.479 274.479 274.479 
274.479 274.479 274.479 274.479 274.479 274.479 274.479 274.479 274.479 274.479 
274.479 274.479 274.479 274.479 274.479 274.479 274.479 274.479 274.479 274.479 
274.479 274.479 274.479 274.479 274.479 274.479 274.479 274.479 274.479 274.479 
274.479 274.479 274.479 274.479 274.479 274.479 274.479 274.479 274.479 274.479 
274.479 274.479 274.479 274.479 274.479 274.479 274.479 274.479 274.479 274.479 
274.479 274.479 274.479 274.479 274.479 274.479 274.479 274.479 274.479 274.479 
274.479 274.479 274.479 274.479 274.479 274.479 274.479 274.479 274.479 274.479 
274.479 274.479 274.479 274.479 274.479 274.479 274.479 274.479 274.479 274.479 
274.479 274.479 274.479 274.479 274.479 274.479 274.479 274.479 274.479 274.479 
274.479 274.479 274.479 274.479 274.479 274.479 274.479 274.479 274.479 274.479 
274.479 274.479 274.479 274.479 274.479 274.479 274.479 274.479 274.479 274.479 
274.479 274.479 274.479 274.479 274.479 274.479 274.479 274.479 274.479 274.479 
274.479 274.479 274.479 274.479 274.479 274.479 274.479 274.479 274.479 274.479 
274.479 274.479 274.479 274.479 274.479 274.479 274.479 274.479 274.479 274.479 
274.479 274.479 274.479 274.479 274.479 274.479 274.479 274.479 274.479 274.479 
274.479 274.479 274.479 274.479 274.479 274.479 274.479 274.479 274.479 274.479 
274.479 274.479 274.479 274.479 274.479 274.479 274.479 274.479 274.479 274.479 
274.479 274.479 274.479 274.479 274.479 274.479 274.479 274.479 274.479 274.479 
274.479 274.479 274.479 274.479 274.479 274.479 274.479 274.479 274.479 274.479 
274.479 274.479 274.479 274.479 274.479 274.479 274.479 274.479 274.479 274.479 
274.479 274.479 274.479 274.479 274.479 274.479 274.479 274.479 274.479 274.479 
274.479 274.479 274.479 274.479 274.479 274.479 274.479 274.479 274.479 274.479 
274.479 274.479 274.479 274.479 274.479 274.479 274.479 274.479 274.479 274.479 
274.479 274.479 274.479 274.479 274.479 274.479 274.479 274.479 274.479 274.479 
274.479 274.479 274.479 274.479 274.479 274.479 274.479 274.479 274.479 274.479 
274.479 274.479 274.479 274.479 274.479 274.479 274.479 274.479 274.479 274.479 
274.479 274.479 274.479 274.479 274.479 274.479 274.479 274.479 274.479 274.479 
274.479 274.479 274.479 274.479 274.479 274.479 274.479 274.479 274.479 274.479 
274.479 274.479 274.479 274.479 274.479 274.479 274.479 274.479 274.479 274.479 
274.479 274.479 274.479 274.479 274.479 274.479 274.479 274.479 274.479 274.479 
274.479 274.479 274.479 274.479 274.479 274.479 274.479 274.479 274.479 274.479 
274.479 274.479 274.479 274.479 274.479 274.479 274.479 274.479 274.479 274.479 
274.479 274.479 274.479 274.479 274.479 274.479 274.479 274.479 274.479 274.479 
274.479 274.479 274.479 274.479 274.479 274.479 274.479 274.479 274.479 274.479 
274.479 274.479 274.479 274.479 274.479 274.479 274.479 274.479 274.479 274.479 
274.479 274.479 274.479 274.479 274.479 274.479 274.479 274.479 274.479 274.479 
274.479 274.479 274.479 274.479 274.479 274.479 274.479 274.479 274.479 274.479 
274.479 274.479 274.479 274.479 274.479 274.479 274.479 274.479 274.479 274.479 
274.479 255.686 255.686 255.686 255.686 255.686 255.686 255.686 255.686 255.686 
255.686 255.686 255.686 255.686 255.686 255.686 255.686 255.686 255.686 255.686 
255.686 255.686 255.686 255.686 255.686 255.686 255.686 255.686 255.686 255.686 
255.686 255.686 255.686 255.686 255.686 255.686 255.686 255.686 255.686 255.686 
255.686 255.686 255.686 255.686 255.686 255.686 255.686 255.686 255.686 255.686 
255.686 255.686 255.686 255.686 255.686 255.686 255.686 255.686 255.686 255.686 
255.686 255.686 255.686 255.686 255.686 255.686 255.686 255.686 255.686 255.686 
255.686 255.686 255.686 255.686 255.686 255.686 255.686 255.686 255.686 255.686 
255.686 255.686 255.686 255.686 255.686 255.686 255.686 255.686 255.686 255.686 
255.686 255.686 255.686 255.686 255.686 255.686 255.686 255.686 255.686 255.686 
255.686 255.686 255.686 255.686 255.686 255.686 255.686 255.686 255.686 255.686 
255.686 255.686 255.686 255.686 255.686 255.686 255.686 255.686 255.686 255.686 
255.686 255.686 255.686 255.686 255.686 255.686 255.686 255.686 255.686 255.686 
255.686 255.686 255.686 255.686 255.686 255.686 255.686 255.686 255.686 255.686 
255.686 255.686 255.686 255.686 255.686 255.686 255.686 255.686 255.686 255.686 
255.686 255.686 255.686 255.686 255.686 255.686 255.686 255.686 255.686 255.686 
255.686 255.686 255.686 255.686 255.686 255.686 255.686 255.686 255.686 280.705 
280.705 280.705 280.705 280.705 280.705 280.705 280.705 280.705 280.705 280.705 
280.705 280.705 280.705 280.705 280.705 280.705 280.705 280.705 280.705 280.705 
280.705 280.705 280.705 280.705 280.705 280.705 280.705 280.705 280.705 280.705 
280.705 280.705 280.705 280.705 280.705 280.705 280.705 280.705 280.705 280.705 
280.705 280.705 280.705 280.705 280.705 280.705 280.705 280.705 280.705 280.705 
280.705 280.705 280.705 280.705 280.705 280.705 280.705 280.705 280.705 280.705 
280.705 280.705 280.705 280.705 280.705 280.705 280.705 280.705 280.705 280.705 
280.705 280.705 280.705 280.705 280.705 280.705 280.705 280.705 280.705 280.705 
280.705 280.705 280.705 280.705 280.705 280.705 280.705 280.705 280.705 280.705 
280.705 280.705 280.705 280.705 280.705 280.705 280.705 280.705 280.705 280.705 
280.705 280.705 280.705 280.705 280.705 280.705 280.705 280.705 280.705 280.705 
280.705 280.705 280.705 280.705 280.705 280.705 280.705 280.705 280.705 280.705 
280.705 280.705 280.705 280.705 280.705 280.705 280.705 280.705 280.705 280.705 
280.705 280.705 280.705 280.705 280.705 280.705 280.705 280.705 280.705 280.705 
280.705 280.705 280.705 280.705 280.705 280.705 280.705 280.705 280.705 280.705 
280.705 280.705 280.705 280.705 280.705 280.705 280.705 280.705 280.705 280.705 
280.705 280.705 280.705 280.705 280.705 280.705 280.705 280.705 280.705 280.705 
280.705 280.705 280.705 280.705 280.705 280.705 280.705 280.705 280.705 280.705 
280.705 280.705 280.705 280.705 280.705 280.705 280.705 280.705 280.705 280.705 
280.705 280.705 280.705 280.705 280.705 280.705 280.705 280.705 280.705 280.705 
280.705 280.705 280.705 280.705 280.705 280.705 280.705 280.705 280.705 280.705 
280.705 280.705 280.705 280.705 280.705 280.705 280.705 280.705 280.705 280.705 
280.705 280.705 280.705 280.705 280.705 280.705 280.705 280.705 280.705 280.705 
280.705 280.705 280.705 280.705 280.705 280.705 280.705 280.705 280.705 280.705 
280.705 280.705 280.705 280.705 280.705 280.705 280.705 280.705 280.705 280.705 
280.705 280.705 280.705 280.705 280.705 280.705 280.705 280.705 280.705 280.705 
280.705 280.705 280.705 280.705 280.705 280.705 280.705 280.705 280.705 280.705 
280.705 280.705 280.705 280.705 280.705 280.705 280.705 280.705 280.705 280.705 
280.705 280.705 280.705 280.705 280.705 280.705 280.705 280.705 280.705 280.705 
280.705 280.705 280.705 280.705 280.705 280.705 280.705 280.705 280.705 280.705 
280.705 280.705 280.705 280.705 280.705 280.705 280.705 280.705 280.705 280.705 
280.705 280.705 280.705 280.705 280.705 280.705 280.705 280.705 280.705 280.705 
280.705 280.705 280.705 280.705 280.705 280.705 280.705 280.705 280.705 280.705 
280.705 280.705 280.705 280.705 280.705 280.705 280.705 280.705 280.705 280.705 
280.705 280.705 280.705 280.705 280.705 280.705 280.705 280.705 280.705 280.705 
280.705 280.705 280.705 280.705 280.705 280.705 280.705 280.705 280.705 280.705 
280.705 280.705 280.705 280.705 280.705 280.705 280.705 280.705 280.705 280.705 
280.705 280.705 280.705 280.705 280.705 280.705 280.705 280.705 280.705 280.705 
280.705 280.705 280.705 280.705 280.705 280.705 280.705 280.705 280.705 280.705 
280.705 280.705 280.705 280.705 280.705 280.705 280.705 280.705 280.705 280.705 
280.705 280.705 280.705 280.705 280.705 280.705 280.705 280.705 280.705 280.705 
280.705 280.705 280.705 280.705 280.705 280.705 280.705 280.705 280.705 280.705 
280.705 280.705 280.705 280.705 280.705 280.705 280.705 280.705 280.705 280.705 
280.705 280.705 280.705 280.705 280.705 280.705 280.705 280.705 280.705 280.705 
280.705 280.705 280.705 280.705 280.705 280.705 280.705 280.705 280.705 280.705 
280.705 280.705 280.705 280.705 280.705 280.705 280.705 280.705 280.705 280.705 
280.705 280.705 280.705 280.705 280.705 280.705 280.705 280.705 280.705 280.705 
280.705 280.705 280.705 280.705 280.705 280.705 280.705 280.705 280.705 280.705 
280.705 280.705 280.705 280.705 280.705 280.705 280.705 280.705 280.705 280.705 
280.705 280.705 280.705 280.705 280.705 280.705 280.705 280.705 280.705 280.705 
280.705 280.705 280.705 280.705 280.705 280.705 280.705 280.705 280.705 280.705 
280.705 280.705 280.705 280.705 280.705 280.705 280.705 280.705 280.705 280.705 
280.705 280.705 280.705 280.705 280.705 280.705 280.705 280.705 280.705 280.705 
280.705 280.705 280.705 280.705 280.705 280.705 280.705 280.705 280.705 280.705 
280.705 280.705 280.705 280.705 280.705 280.705 280.705 280.705 280.705 280.705 
280.705 280.705 280.705 280.705 280.705 280.705 280.705 280.705 280.705 280.705 
280.705 280.705 280.705 280.705 280.705 280.705 280.705 280.705 280.705 280.705 
280.705 280.705 280.705 280.705 280.705 280.705 280.705 280.705 280.705 280.705 
280.705 280.705 280.705 280.705 280.705 280.705 280.705 280.705 280.705 280.705 
280.705 280.705 280.705 280.705 280.705 280.705 280.705 280.705 280.705 280.705 
280.705 280.705 280.705 280.705 280.705 280.705 280.705 280.705 280.705 280.705 
280.705 280.705 280.705 280.705 280.705 280.705 280.705 280.705 280.705 280.705 
280.705 280.705 280.705 280.705 280.705 280.705 280.705 280.705 280.705 280.705 
280.705 280.705 280.705 280.705 280.705 280.705 280.705 280.705 280.705 280.705 
280.705 280.705 280.705 280.705 280.705 280.705 280.705 280.705 280.705 280.705 
280.705 280.705 280.705 280.705 280.705 280.705 280.705 280.705 280.705 280.705 
280.705 280.705 280.705 280.705 280.705 280.705 280.705 280.705 280.705 280.705 
280.705 280.705 280.705 280.705 280.705 280.705 280.705 280.705 280.705 280.705 
280.705 280.705 280.705 280.705 280.705 280.705 280.705 280.705 280.705 280.705 
280.705 280.705 280.705 280.705 280.705 280.705 280.705 280.705 280.705 280.705 
280.705 280.705 280.705 280.705 280.705 280.705 280.705 280.705 280.705 280.705 
280.705 280.705 280.705 280.705 280.705 280.705 280.705 280.705 280.705 280.705 
280.705 280.705 280.705 280.705 280.705 280.705 280.705 280.705 280.705 280.705 
280.705 280.705 280.705 280.705 280.705 280.705 280.705 280.705 280.705 280.705 
280.705 280.705 280.705 280.705 280.705 280.705 280.705 158.304 158.304 158.304 
158.304 158.304 158.304 158.304 158.304 158.304 158.304 158.304 158.304 158.304 
158.304 158.304 158.304 158.304 158.304 158.304 158.304 158.304 158.304 158.304 
158.304 158.304 158.304 158.304 158.304 158.304 158.304 158.304 158.304 158.304 
158.304 158.304 158.304 158.304 158.304 158.304 158.304 158.304 158.304 158.304 
158.304 158.304 158.304 158.304 158.304 158.304 158.304 158.304 158.304 158.304 
158.304 158.304 158.304 158.304 158.304 158.304 158.304 158.304 158.304 158.304 
158.304 158.304 158.304 158.304 158.304 158.304 158.304 158.304 158.304 158.304 
158.304 158.304 158.304 158.304 158.304 158.304 158.304 158.304 158.304 158.304 
158.304 158.304 158.304 158.304 158.304 158.304 158.304 158.304 158.304 158.304 
158.304 158.304 158.304 158.304 158.304 158.304 158.304 158.304 158.304 158.304 
158.304 158.304 158.304 158.304 158.304 158.304 158.304 158.304 158.304 450.45 
450.45 450.45 450.45 450.45 450.45 450.45 450.45 450.45 450.45 450.45 
450.45 450.45 450.45 450.45 450.45 450.45 450.45 450.45 450.45 450.45 
450.45 450.45 450.45 450.45 450.45 450.45 450.45 450.45 450.45 450.45 
450.45 450.45 450.45 450.45 450.45 450.45 450.45 450.45 450.45 450.45 
450.45 450.45 450.45 351.397 351.397 351.397 351.397 351.397 351.397 351.397 
351.397 351.397 351.397 351.397 351.397 351.397 351.397 351.397 351.397 351.397 
351.397 351.397 351.397 351.397 351.397 351.397 351.397 351.397 351.397 351.397 
351.397 351.397 351.397 351.397 351.397 351.397 351.397 351.397 351.397 351.397 
351.397 351.397 351.397 351.397 351.397 351.397 351.397 351.397 351.397 351.397 
351.397 351.397 351.397 351.397 351.397 351.397 351.397 351.397 351.397 351.397 
351.397 351.397 351.397 351.397 351.397 351.397 351.397 351.397 351.397 351.397 
351.397 351.397 351.397 351.397 351.397 351.397 351.397 351.397 351.397 351.397 
351.397 351.397 351.397 351.397 351.397 351.397 351.397 351.397 351.397 351.397 
351.397 351.397 351.397 351.397 351.397 351.397 351.397 351.397 351.397 351.397 
351.397 351.397 351.397 351.397 351.397 351.397 351.397 351.397 351.397 351.397 
351.397 351.397 351.397 351.397 351.397 351.397 351.397 351.397 351.397 351.397 
351.397 351.397 351.397 351.397 351.397 351.397 351.397 351.397 351.397 351.397 
351.397 351.397 351.397 351.397 351.397 351.397 351.397 351.397 351.397 351.397 
351.397 351.397 351.397 351.397 351.397 351.397 351.397 351.397 351.397 351.397 
351.397 351.397 351.397 351.397 351.397 351.397 351.397 351.397 351.397 351.397 
351.397 351.397 351.397 351.397 351.397 351.397 351.397 351.397 351.397 351.397 
351.397 351.397 351.397 351.397 351.397 351.397 351.397 351.397 351.397 351.397 
351.397 351.397 351.397 351.397 351.397 351.397 351.397 351.397 351.397 351.397 
351.397 351.397 351.397 351.397 351.397 351.397 351.397 351.397 351.397 351.397 
351.397 351.397 351.397 351.397 351.397 351.397 351.397 351.397 351.397 351.397 
351.397 351.397 351.397 351.397 351.397 351.397 351.397 351.397 351.397 351.397 
351.397 351.397 351.397 351.397 351.397 351.397 351.397 351.397 351.397 351.397 
351.397 351.397 351.397 351.397 351.397 351.397 351.397 351.397 351.397 351.397 
351.397 351.397 351.397 255.686 255.686 255.686 255.686 255.686 255.686 255.686 
255.686 255.686 255.686 255.686 255.686 255.686 255.686 255.686 255.686 255.686 
255.686 255.686 255.686 255.686 255.686 255.686 255.686 255.686 255.686 255.686 
255.686 255.686 255.686 255.686 255.686 255.686 255.686 255.686 255.686 255.686 
255.686 255.686 255.686 255.686 255.686 255.686 255.686 255.686 255.686 255.686 
255.686 255.686 255.686 255.686 255.686 255.686 255.686 255.686 255.686 255.686 
255.686 255.686 255.686 255.686 255.686 255.686 255.686 255.686 255.686 255.686 
255.686 255.686 255.686 255.686 255.686 255.686 255.686 255.686 255.686 255.686 
255.686 255.686 255.686 255.686 255.686 255.686 255.686 255.686 255.686 255.686 
255.686 255.686 255.686 255.686 255.686 255.686 255.686 255.686 255.686 255.686 
255.686 255.686 255.686 255.686 255.686 255.686 255.686 255.686 255.686 255.686 
255.686 255.686 255.686 255.686 255.686 255.686 255.686 255.686 255.686 255.686 
255.686 255.686 255.686 255.686 255.686 255.686 255.686 255.686 255.686 255.686 
255.686 255.686 255.686 255.686 255.686 255.686 255.686 255.686 255.686 255.686 
255.686 255.686 255.686 255.686 255.686 255.686 255.686 255.686 255.686 255.686 
255.686 255.686 255.686 255.686 255.686 255.686 255.686 255.686 255.686 255.686 
255.686 255.686 255.686 255.686 255.686 255.686 255.686 255.686 255.686 255.686 
255.686 158.304 158.304 158.304 158.304 158.304 158.304 158.304 158.304 158.304 
158.304 158.304 158.304 158.304 158.304 158.304 158.304 158.304 158.304 158.304 
158.304 158.304 158.304 158.304 158.304 158.304 158.304 158.304 158.304 158.304 
158.304 158.304 158.304 158.304 158.304 158.304 158.304 158.304 158.304 158.304 
158.304 158.304 158.304 158.304 158.304 158.304 158.304 158.304 158.304 158.304 
158.304 158.304 158.304 158.304 158.304 158.304 158.304 158.304 158.304 158.304 
158.304 158.304 158.304 158.304 158.304 158.304 158.304 158.304 158.304 158.304 
158.304 158.304 158.304 158.304 158.304 158.304 158.304 158.304 158.304 158.304 
158.304 158.304 158.304 158.304 158.304 158.304 158.304 158.304 158.304 158.304 
158.304 158.304 158.304 158.304 158.304 158.304 158.304 158.304 158.304 158.304 
158.304 158.304 158.304 158.304 158.304 158.304 158.304 158.304 158.304 158.304 
158.304 158.304 158.304 450.45 450.45 450.45 450.45 450.45 450.45 450.45 
450.45 450.45 450.45 450.45 450.45 450.45 450.45 450.45 450.45 450.45 
450.45 450.45 450.45 450.45 450.45 450.45 450.45 450.45 450.45 450.45 
450.45 450.45 450.45 450.45 450.45 450.45 450.45 450.45 450.45 450.45 
450.45 450.45 450.45 450.45 450.45 450.45 450.45 255.686 255.686 255.686 
255.686 255.686 255.686 255.686 255.686 255.686 255.686 255.686 255.686 255.686 
255.686 255.686 255.686 255.686 255.686 255.686 255.686 255.686 255.686 255.686 
255.686 255.686 255.686 255.686 255.686 255.686 255.686 255.686 255.686 255.686 
255.686 255.686 255.686 255.686 255.686 255.686 255.686 255.686 255.686 255.686 
255.686 255.686 255.686 255.686 255.686 255.686 255.686 255.686 255.686 255.686 
255.686 255.686 255.686 255.686 255.686 255.686 255.686 255.686 255.686 255.686 
255.686 255.686 255.686 255.686 255.686 255.686 255.686 255.686 255.686 255.686 
255.686 255.686 255.686 255.686 255.686 255.686 255.686 255.686 255.686 255.686 
255.686 255.686 255.686 255.686 255.686 255.686 255.686 255.686 255.686 255.686 
255.686 255.686 255.686 255.686 255.686 255.686 255.686 255.686 255.686 255.686 
255.686 255.686 255.686 255.686 255.686 255.686 255.686 255.686 255.686 255.686 
255.686 255.686 255.686 255.686 255.686 255.686 255.686 255.686 255.686 255.686 
255.686 255.686 255.686 255.686 255.686 255.686 255.686 255.686 255.686 255.686 
255.686 255.686 255.686 255.686 255.686 255.686 255.686 255.686 255.686 255.686 
255.686 255.686 255.686 255.686 255.686 255.686 255.686 255.686 255.686 255.686 
255.686 255.686 255.686 255.686 255.686 255.686 255.686 255.686 255.686 255.686 
255.686 255.686 255.686 255.686 255.686 158.304 158.304 158.304 158.304 158.304 
158.304 158.304 158.304 158.304 158.304 158.304 158.304 158.304 158.304 158.304 
158.304 158.304 158.304 158.304 158.304 158.304 158.304 158.304 158.304 158.304 
158.304 158.304 158.304 158.304 158.304 158.304 158.304 158.304 158.304 158.304 
158.304 158.304 158.304 158.304 158.304 158.304 158.304 158.304 158.304 158.304 
158.304 158.304 158.304 158.304 158.304 158.304 158.304 158.304 158.304 158.304 
158.304 158.304 158.304 158.304 158.304 158.304 158.304 158.304 158.304 158.304 
158.304 158.304 158.304 158.304 158.304 158.304 158.304 158.304 158.304 158.304 
158.304 158.304 158.304 158.304 158.304 158.304 158.304 158.304 158.304 158.304 
158.304 158.304 158.304 158.304 158.304 158.304 158.304 158.304 158.304 158.304 
158.304 158.304 158.304 158.304 158.304 158.304 158.304 158.304 158.304 158.304 
158.304 158.304 158.304 158.304 158.304 158.304 158.304 450.45 450.45 450.45 
450.45 450.45 450.45 450.45 450.45 450.45 450.45 450.45 450.45 450.45 
450.45 450.45 450.45 450.45 450.45 450.45 450.45 450.45 450.45 450.45 
450.45 450.45 450.45 450.45 450.45 450.45 450.45 450.45 450.45 450.45 
450.45 450.45 450.45 450.45 450.45 450.45 450.45 450.45 450.45 450.45 
450.45 702.794 702.794 702.794 702.794 702.794 702.794 702.794 702.794 702.794 
702.794 702.794 702.794 702.794 702.794 702.794 702.794 702.794 702.794 702.794 
702.794 702.794 702.794 702.794 702.794 702.794 702.794 702.794 702.794 702.794 
702.794 702.794 702.794 702.794 702.794 702.794 702.794 702.794 702.794 702.794 
702.794 702.794 702.794 702.794 702.794 702.794 702.794 702.794 702.794 702.794 
702.794 702.794 702.794 702.794 702.794 702.794 702.794 702.794 702.794 702.794 
702.794 702.794 702.794 702.794 702.794 702.794 702.794 702.794 702.794 702.794 
702.794 702.794 702.794 702.794 702.794 702.794 702.794 702.794 702.794 702.794 
702.794 702.794 702.794 702.794 702.794 702.794 702.794 702.794 702.794 702.794 
702.794 702.794 702.794 702.794 702.794 702.794 702.794 702.794 702.794 702.794 
702.794 702.794 702.794 702.794 702.794 702.794 702.794 702.794 702.794 702.794 
702.794 702.794 702.794 702.794 702.794 702.794 702.794 702.794 702.794 702.794 
702.794 702.794 702.794 702.794 702.794 702.794 702.794 702.794 702.794 702.794 
702.794 702.794 702.794 702.794 702.794 702.794 702.794 702.794 702.794 702.794 
702.794 702.794 702.794 702.794 702.794 702.794 702.794 702.794 702.794 702.794 
702.794 702.794 702.794 702.794 702.794 702.794 702.794 702.794 702.794 702.794 
702.794 702.794 702.794 702.794 702.794 702.794 702.794 702.794 702.794 702.794 
702.794 702.794 702.794 702.794 702.794 702.794 702.794 702.794 702.794 702.794 
702.794 702.794 702.794 702.794 702.794 702.794 702.794 702.794 702.794 702.794 
702.794 702.794 702.794 702.794 702.794 702.794 702.794 702.794 702.794 702.794 
702.794 702.794 702.794 702.794 702.794 702.794 702.794 702.794 702.794 702.794 
702.794 702.794 702.794 702.794 702.794 702.794 702.794 702.794 702.794 702.794 
702.794 702.794 702.794 702.794 702.794 702.794 702.794 702.794 702.794 702.794 
702.794 702.794 702.794 702.794 702.794 702.794 702.794 702.794 702.794 702.794 
702.794 255.686 255.686 255.686 255.686 255.686 255.686 255.686 255.686 255.686 
255.686 255.686 255.686 255.686 255.686 255.686 255.686 255.686 255.686 255.686 
255.686 255.686 255.686 255.686 255.686 255.686 255.686 255.686 255.686 255.686 
255.686 255.686 255.686 255.686 255.686 255.686 255.686 255.686 255.686 255.686 
255.686 255.686 255.686 255.686 255.686 255.686 255.686 255.686 255.686 255.686 
255.686 255.686 255.686 255.686 255.686 255.686 255.686 255.686 255.686 255.686 
255.686 255.686 255.686 255.686 255.686 255.686 255.686 255.686 255.686 255.686 
255.686 255.686 255.686 255.686 255.686 255.686 255.686 255.686 255.686 255.686 
255.686 255.686 255.686 255.686 255.686 255.686 255.686 255.686 255.686 255.686 
255.686 255.686 255.686 255.686 255.686 255.686 255.686 255.686 255.686 255.686 
255.686 255.686 255.686 255.686 255.686 255.686 255.686 255.686 255.686 255.686 
255.686 255.686 255.686 255.686 255.686 255.686 255.686 255.686 255.686 255.686 
255.686 255.686 255.686 255.686 255.686 255.686 255.686 255.686 255.686 255.686 
255.686 255.686 255.686 255.686 255.686 255.686 255.686 255.686 255.686 255.686 
255.686 255.686 255.686 255.686 255.686 255.686 255.686 255.686 255.686 255.686 
255.686 255.686 255.686 255.686 255.686 255.686 255.686 255.686 255.686 255.686 
255.686 255.686 255.686 255.686 255.686 255.686 255.686 255.686 255.686 158.304 
158.304 158.304 158.304 158.304 158.304 158.304 158.304 158.304 158.304 158.304 
158.304 158.304 158.304 158.304 158.304 158.304 158.304 158.304 158.304 158.304 
158.304 158.304 158.304 158.304 158.304 158.304 158.304 158.304 158.304 158.304 
158.304 158.304 158.304 158.304 158.304 158.304 158.304 158.304 158.304 158.304 
158.304 158.304 158.304 158.304 158.304 158.304 158.304 158.304 158.304 158.304 
158.304 158.304 158.304 158.304 158.304 158.304 158.304 158.304 158.304 158.304 
158.304 158.304 158.304 158.304 158.304 158.304 158.304 158.304 158.304 158.304 
158.304 158.304 158.304 158.304 158.304 158.304 158.304 158.304 158.304 158.304 
158.304 158.304 158.304 158.304 158.304 158.304 158.304 158.304 158.304 158.304 
158.304 158.304 158.304 158.304 158.304 158.304 158.304 158.304 158.304 158.304 
158.304 158.304 158.304 158.304 158.304 158.304 158.304 158.304 158.304 158.304 
158.304 450.45 450.45 450.45 450.45 450.45 450.45 450.45 450.45 450.45 
450.45 450.45 450.45 450.45 450.45 450.45 450.45 450.45 450.45 450.45 
450.45 450.45 450.45 450.45 450.45 450.45 450.45 450.45 450.45 450.45 
450.45 450.45 450.45 450.45 450.45 450.45 450.45 450.45 450.45 450.45 
450.45 450.45 450.45 450.45 450.45 255.686 255.686 255.686 255.686 255.686 
255.686 255.686 255.686 255.686 255.686 255.686 255.686 255.686 255.686 255.686 
255.686 255.686 255.686 255.686 255.686 255.686 255.686 255.686 255.686 255.686 
255.686 255.686 255.686 255.686 255.686 255.686 255.686 255.686 255.686 255.686 
255.686 255.686 255.686 255.686 255.686 255.686 255.686 255.686 255.686 255.686 
255.686 255.686 255.686 255.686 255.686 255.686 255.686 255.686 255.686 255.686 
255.686 255.686 255.686 255.686 255.686 255.686 255.686 255.686 255.686 255.686 
255.686 255.686 255.686 255.686 255.686 255.686 255.686 255.686 255.686 255.686 
255.686 255.686 255.686 255.686 255.686 255.686 255.686 255.686 255.686 255.686 
255.686 255.686 255.686 255.686 255.686 255.686 255.686 255.686 255.686 255.686 
255.686 255.686 255.686 255.686 255.686 255.686 255.686 255.686 255.686 255.686 
255.686 255.686 255.686 255.686 255.686 255.686 255.686 255.686 255.686 255.686 
255.686 255.686 255.686 255.686 255.686 255.686 255.686 255.686 255.686 255.686 
255.686 255.686 255.686 255.686 255.686 255.686 255.686 255.686 255.686 255.686 
255.686 255.686 255.686 255.686 255.686 255.686 255.686 255.686 255.686 255.686 
255.686 255.686 255.686 255.686 255.686 255.686 255.686 255.686 255.686 255.686 
255.686 255.686 255.686 255.686 255.686 255.686 255.686 255.686 255.686 255.686 
255.686 255.686 255.686 158.304 158.304 158.304 158.304 158.304 158.304 158.304 
158.304 158.304 158.304 158.304 158.304 158.304 158.304 158.304 158.304 158.304 
158.304 158.304 158.304 158.304 158.304 158.304 158.304 158.304 158.304 158.304 
158.304 158.304 158.304 158.304 158.304 158.304 158.304 158.304 158.304 158.304 
158.304 158.304 158.304 158.304 158.304 158.304 158.304 158.304 158.304 158.304 
158.304 158.304 158.304 158.304 158.304 158.304 158.304 158.304 158.304 158.304 
158.304 158.304 158.304 158.304 158.304 158.304 158.304 158.304 158.304 158.304 
158.304 158.304 158.304 158.304 158.304 158.304 158.304 158.304 158.304 158.304 
158.304 158.304 158.304 158.304 158.304 158.304 158.304 158.304 158.304 158.304 
158.304 158.304 158.304 158.304 158.304 158.304 158.304 158.304 158.304 158.304 
158.304 158.304 158.304 158.304 158.304 158.304 158.304 158.304 158.304 158.304 
158.304 158.304 158.304 158.304 158.304 450.45 450.45 450.45 450.45 450.45 
450.45 450.45 450.45 450.45 450.45 450.45 450.45 450.45 450.45 450.45 
450.45 450.45 450.45 450.45 450.45 450.45 450.45 450.45 450.45 450.45 
450.45 450.45 450.45 450.45 450.45 450.45 450.45 450.45 450.45 450.45 
450.45 450.45 450.45 450.45 450.45 450.45 450.45 450.45 450.45 1054.19 
1054.19 1054.19 1054.19 1054.19 1054.19 1054.19 1054.19 1054.19 1054.19 1054.19 
1054.19 1054.19 1054.19 1054.19 1054.19 1054.19 1054.19 1054.19 1054.19 1054.19 
1054.19 1054.19 1054.19 1054.19 1054.19 1054.19 1054.19 1054.19 1054.19 1054.19 
1054.19 1054.19 1054.19 1054.19 1054.19 1054.19 1054.19 1054.19 1054.19 1054.19 
1054.19 1054.19 1054.19 1054.19 1054.19 1054.19 1054.19 1054.19 1054.19 1054.19 
1054.19 1054.19 1054.19 1054.19 1054.19 1054.19 1054.19 1054.19 1054.19 1054.19 
1054.19 1054.19 1054.19 1054.19 1054.19 1054.19 1054.19 1054.19 1054.19 1054.19 
1054.19 1054.19 1054.19 1054.19 1054.19 1054.19 1054.19 1054.19 1054.19 1054.19 
1054.19 1054.19 1054.19 1054.19 1054.19 1054.19 1054.19 1054.19 1054.19 1054.19 
1054.19 1054.19 1054.19 1054.19 1054.19 1054.19 1054.19 1054.19 1054.19 1054.19 
1054.19 1054.19 1054.19 1054.19 1054.19 1054.19 1054.19 1054.19 1054.19 1054.19 
1054.19 1054.19 1054.19 1054.19 1054.19 1054.19 1054.19 1054.19 1054.19 1054.19 
1054.19 1054.19 1054.19 1054.19 1054.19 1054.19 1054.19 1054.19 1054.19 1054.19 
1054.19 1054.19 1054.19 1054.19 1054.19 1054.19 1054.19 1054.19 1054.19 1054.19 
1054.19 1054.19 1054.19 1054.19 1054.19 1054.19 1054.19 1054.19 1054.19 1054.19 
1054.19 1054.19 1054.19 1054.19 1054.19 1054.19 1054.19 1054.19 1054.19 1054.19 
1054.19 1054.19 1054.19 1054.19 1054.19 1054.19 1054.19 1054.19 1054.19 1054.19 
1054.19 1054.19 1054.19 1054.19 1054.19 1054.19 1054.19 1054.19 1054.19 1054.19 
1054.19 1054.19 1054.19 1054.19 1054.19 1054.19 1054.19 1054.19 1054.19 1054.19 
1054.19 1054.19 1054.19 1054.19 1054.19 1054.19 1054.19 1054.19 1054.19 1054.19 
1054.19 1054.19 1054.19 1054.19 1054.19 1054.19 1054.19 1054.19 1054.19 1054.19 
1054.19 1054.19 1054.19 1054.19 1054.19 1054.19 1054.19 1054.19 1054.19 1054.19 
1054.19 1054.19 1054.19 1054.19 1054.19 1054.19 1054.19 1054.19 1054.19 1054.19 
1054.19 1054.19 1054.19 1054.19 1054.19 1054.19 1054.19 1054.19 1054.19 255.686 
255.686 255.686 255.686 255.686 255.686 255.686 255.686 255.686 255.686 255.686 
255.686 255.686 255.686 255.686 255.686 255.686 255.686 255.686 255.686 255.686 
255.686 255.686 255.686 255.686 255.686 255.686 255.686 255.686 255.686 255.686 
255.686 255.686 255.686 255.686 255.686 255.686 255.686 255.686 255.686 255.686 
255.686 255.686 255.686 255.686 255.686 255.686 255.686 255.686 255.686 255.686 
255.686 255.686 255.686 255.686 255.686 255.686 255.686 255.686 255.686 255.686 
255.686 255.686 255.686 255.686 255.686 255.686 255.686 255.686 255.686 255.686 
255.686 255.686 255.686 255.686 255.686 255.686 255.686 255.686 255.686 255.686 
255.686 255.686 255.686 255.686 255.686 255.686 255.686 255.686 255.686 255.686 
255.686 255.686 255.686 255.686 255.686 255.686 255.686 255.686 255.686 255.686 
255.686 255.686 255.686 255.686 255.686 255.686 255.686 255.686 255.686 255.686 
255.686 255.686 255.686 255.686 255.686 255.686 255.686 255.686 255.686 255.686 
255.686 255.686 255.686 255.686 255.686 255.686 255.686 255.686 255.686 255.686 
255.686 255.686 255.686 255.686 255.686 255.686 255.686 255.686 255.686 255.686 
255.686 255.686 255.686 255.686 255.686 255.686 255.686 255.686 255.686 255.686 
255.686 255.686 255.686 255.686 255.686 255.686 255.686 255.686 255.686 255.686 
255.686 255.686 255.686 255.686 255.686 255.686 255.686 158.304 158.304 158.304 
158.304 158.304 158.304 158.304 158.304 158.304 158.304 158.304 158.304 158.304 
158.304 158.304 158.304 158.304 158.304 158.304 158.304 158.304 158.304 158.304 
158.304 158.304 158.304 158.304 158.304 158.304 158.304 158.304 158.304 158.304 
158.304 158.304 158.304 158.304 158.304 158.304 158.304 158.304 158.304 158.304 
158.304 158.304 158.304 158.304 158.304 158.304 158.304 158.304 158.304 158.304 
158.304 158.304 158.304 158.304 158.304 158.304 158.304 158.304 158.304 158.304 
158.304 158.304 158.304 158.304 158.304 158.304 158.304 158.304 158.304 158.304 
158.304 158.304 158.304 158.304 158.304 158.304 158.304 158.304 158.304 158.304 
158.304 158.304 158.304 158.304 158.304 158.304 158.304 158.304 158.304 158.304 
158.304 158.304 158.304 158.304 158.304 158.304 158.304 158.304 158.304 158.304 
158.304 158.304 158.304 158.304 158.304 158.304 158.304 158.304 158.304 450.45 
450.45 450.45 450.45 450.45 450.45 450.45 450.45 450.45 450.45 450.45 
450.45 450.45 450.45 450.45 450.45 450.45 450.45 450.45 450.45 450.45 
450.45 450.45 450.45 450.45 450.45 450.45 450.45 450.45 450.45 450.45 
450.45 450.45 450.45 450.45 450.45 450.45 450.45 450.45 450.45 450.45 
450.45 450.45 450.45 255.686 255.686 255.686 255.686 255.686 255.686 255.686 
255.686 255.686 255.686 255.686 255.686 255.686 255.686 255.686 255.686 255.686 
255.686 255.686 255.686 255.686 255.686 255.686 255.686 255.686 255.686 255.686 
255.686 255.686 255.686 255.686 255.686 255.686 255.686 255.686 255.686 255.686 
255.686 255.686 255.686 255.686 255.686 255.686 255.686 255.686 255.686 255.686 
255.686 255.686 255.686 255.686 255.686 255.686 255.686 255.686 255.686 255.686 
255.686 255.686 255.686 255.686 255.686 255.686 255.686 255.686 255.686 255.686 
255.686 255.686 255.686 255.686 255.686 255.686 255.686 255.686 255.686 255.686 
255.686 255.686 255.686 255.686 255.686 255.686 255.686 255.686 255.686 255.686 
255.686 255.686 255.686 255.686 255.686 255.686 255.686 255.686 255.686 255.686 
255.686 255.686 255.686 255.686 255.686 255.686 255.686 255.686 255.686 255.686 
255.686 255.686 255.686 255.686 255.686 255.686 255.686 255.686 255.686 255.686 
255.686 255.686 255.686 255.686 255.686 255.686 255.686 255.686 255.686 255.686 
255.686 255.686 255.686 255.686 255.686 255.686 255.686 255.686 255.686 255.686 
255.686 255.686 255.686 255.686 255.686 255.686 255.686 255.686 255.686 255.686 
255.686 255.686 255.686 255.686 255.686 255.686 255.686 255.686 255.686 255.686 
255.686 255.686 255.686 255.686 255.686 255.686 255.686 255.686 255.686 255.686 
255.686 158.304 158.304 158.304 158.304 158.304 158.304 158.304 158.304 158.304 
158.304 158.304 158.304 158.304 158.304 158.304 158.304 158.304 158.304 158.304 
158.304 158.304 158.304 158.304 158.304 158.304 158.304 158.304 158.304 158.304 
158.304 158.304 158.304 158.304 158.304 158.304 158.304 158.304 158.304 158.304 
158.304 158.304 158.304 158.304 158.304 158.304 158.304 158.304 158.304 158.304 
158.304 158.304 158.304 158.304 158.304 158.304 158.304 158.304 158.304 158.304 
158.304 158.304 158.304 158.304 158.304 158.304 158.304 158.304 158.304 158.304 
158.304 158.304 158.304 158.304 158.304 158.304 158.304 158.304 158.304 158.304 
158.304 158.304 158.304 158.304 158.304 158.304 158.304 158.304 158.304 158.304 
158.304 158.304 158.304 158.304 158.304 158.304 158.304 158.304 158.304 158.304 
158.304 158.304 158.304 158.304 158.304 158.304 158.304 158.304 158.304 158.304 
158.304 158.304 158.304 450.45 450.45 450.45 450.45 450.45 450.45 450.45 
450.45 450.45 450.45 450.45 450.45 450.45 450.45 450.45 450.45 450.45 
450.45 450.45 450.45 450.45 450.45 450.45 450.45 450.45 450.45 450.45 
450.45 450.45 450.45 450.45 450.45 450.45 450.45 450.45 450.45 450.45 
450.45 450.45 450.45 450.45 450.45 450.45 450.45 1405.59 1405.59 1405.59 
1405.59 1405.59 1405.59 1405.59 1405.59 1405.59 1405.59 1405.59 1405.59 1405.59 
1405.59 1405.59 1405.59 1405.59 1405.59 1405.59 1405.59 1405.59 1405.59 1405.59 
1405.59 1405.59 1405.59 1405.59 1405.59 1405.59 1405.59 1405.59 1405.59 1405.59 
1405.59 1405.59 1405.59 1405.59 1405.59 1405.59 1405.59 1405.59 1405.59 1405.59 
1405.59 1405.59 1405.59 1405.59 1405.59 1405.59 1405.59 1405.59 1405.59 1405.59 
1405.59 1405.59 1405.59 1405.59 1405.59 1405.59 1405.59 1405.59 1405.59 1405.59 
1405.59 1405.59 1405.59 1405.59 1405.59 1405.59 1405.59 1405.59 1405.59 1405.59 
1405.59 1405.59 1405.59 1405.59 1405.59 1405.59 1405.59 1405.59 1405.59 1405.59 
1405.59 1405.59 1405.59 1405.59 1405.59 1405.59 1405.59 1405.59 1405.59 1405.59 
1405.59 1405.59 1405.59 1405.59 1405.59 1405.59 1405.59 1405.59 1405.59 1405.59 
1405.59 1405.59 1405.59 1405.59 1405.59 1405.59 1405.59 1405.59 1405.59 1405.59 
1405.59 1405.59 1405.59 1405.59 1405.59 1405.59 1405.59 1405.59 1405.59 1405.59 
1405.59 1405.59 1405.59 1405.59 1405.59 1405.59 1405.59 1405.59 1405.59 1405.59 
1405.59 1405.59 1405.59 1405.59 1405.59 1405.59 1405.59 1405.59 1405.59 1405.59 
1405.59 1405.59 1405.59 1405.59 1405.59 1405.59 1405.59 1405.59 1405.59 1405.59 
1405.59 1405.59 1405.59 1405.59 1405.59 1405.59 1405.59 1405.59 1405.59 1405.59 
1405.59 1405.59 1405.59 1405.59 1405.59 1405.59 1405.59 1405.59 1405.59 1405.59 
1405.59 1405.59 1405.59 1405.59 1405.59 1405.59 1405.59 1405.59 1405.59 1405.59 
1405.59 1405.59 1405.59 1405.59 1405.59 1405.59 1405.59 1405.59 1405.59 1405.59 
1405.59 1405.59 1405.59 1405.59 1405.59 1405.59 1405.59 1405.59 1405.59 1405.59 
1405.59 1405.59 1405.59 1405.59 1405.59 1405.59 1405.59 1405.59 1405.59 1405.59 
1405.59 1405.59 1405.59 1405.59 1405.59 1405.59 1405.59 1405.59 1405.59 1405.59 
1405.59 1405.59 1405.59 1405.59 1405.59 1405.59 1405.59 1405.59 1405.59 1405.59 
1405.59 1405.59 1405.59 1405.59 1405.59 1405.59 1405.59 255.686 255.686 255.686 
255.686 255.686 255.686 255.686 255.686 255.686 255.686 255.686 255.686 255.686 
255.686 255.686 255.686 255.686 255.686 255.686 255.686 255.686 255.686 255.686 
255.686 255.686 255.686 255.686 255.686 255.686 255.686 255.686 255.686 255.686 
255.686 255.686 255.686 255.686 255.686 255.686 255.686 255.686 255.686 255.686 
255.686 255.686 255.686 255.686 255.686 255.686 255.686 255.686 255.686 255.686 
255.686 255.686 255.686 255.686 255.686 255.686 255.686 255.686 255.686 255.686 
255.686 255.686 255.686 255.686 255.686 255.686 255.686 255.686 255.686 255.686 
255.686 255.686 255.686 255.686 255.686 255.686 255.686 255.686 255.686 255.686 
255.686 255.686 255.686 255.686 255.686 255.686 255.686 255.686 255.686 255.686 
255.686 255.686 255.686 255.686 255.686 255.686 255.686 255.686 255.686 255.686 
255.686 255.686 255.686 255.686 255.686 255.686 255.686 255.686 255.686 255.686 
255.686 255.686 255.686 255.686 255.686 255.686 255.686 255.686 255.686 255.686 
255.686 255.686 255.686 255.686 255.686 255.686 255.686 255.686 255.686 255.686 
255.686 255.686 255.686 255.686 255.686 255.686 255.686 255.686 255.686 255.686 
255.686 255.686 255.686 255.686 255.686 255.686 255.686 255.686 255.686 255.686 
255.686 255.686 255.686 255.686 255.686 255.686 255.686 255.686 255.686 255.686 
255.686 255.686 255.686 255.686 255.686 158.304 158.304 158.304 158.304 158.304 
158.304 158.304 158.304 158.304 158.304 158.304 158.304 158.304 158.304 158.304 
158.304 158.304 158.304 158.304 158.304 158.304 158.304 158.304 158.304 158.304 
158.304 158.304 158.304 158.304 158.304 158.304 158.304 158.304 158.304 158.304 
158.304 158.304 158.304 158.304 158.304 158.304 158.304 158.304 158.304 158.304 
158.304 158.304 158.304 158.304 158.304 158.304 158.304 158.304 158.304 158.304 
158.304 158.304 158.304 158.304 158.304 158.304 158.304 158.304 158.304 158.304 
158.304 158.304 158.304 158.304 158.304 158.304 158.304 158.304 158.304 158.304 
158.304 158.304 158.304 158.304 158.304 158.304 158.304 158.304 158.304 158.304 
158.304 158.304 158.304 158.304 158.304 158.304 158.304 158.304 158.304 158.304 
158.304 158.304 158.304 158.304 158.304 158.304 158.304 158.304 158.304 158.304 
158.304 158.304 158.304 158.304 158.304 158.304 158.304 450.45 450.45 450.45 
450.45 450.45 450.45 450.45 450.45 450.45 450.45 450.45 450.45 450.45 
450.45 450.45 450.45 450.45 450.45 450.45 450.45 450.45 450.45 450.45 
450.45 450.45 450.45 450.45 450.45 450.45 450.45 450.45 450.45 450.45 
450.45 450.45 450.45 450.45 450.45 450.45 450.45 450.45 450.45 450.45 
450.45 255.686 255.686 255.686 255.686 255.686 255.686 255.686 255.686 255.686 
255.686 255.686 255.686 255.686 255.686 255.686 255.686 255.686 255.686 255.686 
255.686 255.686 255.686 255.686 255.686 255.686 255.686 255.686 255.686 255.686 
255.686 255.686 255.686 255.686 255.686 255.686 255.686 255.686 255.686 255.686 
255.686 255.686 255.686 255.686 255.686 255.686 255.686 255.686 255.686 255.686 
255.686 255.686 255.686 255.686 255.686 255.686 255.686 255.686 255.686 255.686 
255.686 255.686 255.686 255.686 255.686 255.686 255.686 255.686 255.686 255.686 
255.686 255.686 255.686 255.686 255.686 255.686 255.686 255.686 255.686 255.686 
255.686 255.686 255.686 255.686 255.686 255.686 255.686 255.686 255.686 255.686 
255.686 255.686 255.686 255.686 255.686 255.686 255.686 255.686 255.686 255.686 
255.686 255.686 255.686 255.686 255.686 255.686 255.686 255.686 255.686 255.686 
255.686 255.686 255.686 255.686 255.686 255.686 255.686 255.686 255.686 255.686 
255.686 255.686 255.686 255.686 255.686 255.686 255.686 255.686 255.686 255.686 
255.686 255.686 255.686 255.686 255.686 255.686 255.686 255.686 255.686 255.686 
255.686 255.686 255.686 255.686 255.686 255.686 255.686 255.686 255.686 255.686 
255.686 255.686 255.686 255.686 255.686 255.686 255.686 255.686 255.686 255.686 
255.686 255.686 255.686 255.686 255.686 255.686 255.686 255.686 255.686 158.304 
158.304 158.304 158.304 158.304 158.304 158.304 158.304 158.304 158.304 158.304 
158.304 158.304 158.304 158.304 158.304 158.304 158.304 158.304 158.304 158.304 
158.304 158.304 158.304 158.304 158.304 158.304 158.304 158.304 158.304 158.304 
158.304 158.304 158.304 158.304 158.304 158.304 158.304 158.304 158.304 158.304 
158.304 158.304 158.304 158.304 158.304 158.304 158.304 158.304 158.304 158.304 
158.304 158.304 158.304 158.304 158.304 158.304 158.304 158.304 158.304 158.304 
158.304 158.304 158.304 158.304 158.304 158.304 158.304 158.304 158.304 158.304 
158.304 158.304 158.304 158.304 158.304 158.304 158.304 158.304 158.304 158.304 
158.304 158.304 158.304 158.304 158.304 158.304 158.304 158.304 158.304 158.304 
158.304 158.304 158.304 158.304 158.304 158.304 158.304 158.304 158.304 158.304 
158.304 158.304 158.304 158.304 158.304 158.304 158.304 158.304 158.304 158.304 
158.304 450.45 450.45 450.45 450.45 450.45 450.45 450.45 450.45 450.45 
450.45 450.45 450.45 450.45 450.45 450.45 450.45 450.45 450.45 450.45 
450.45 450.45 450.45 450.45 450.45 450.45 450.45 450.45 450.45 450.45 
450.45 450.45 450.45 450.45 450.45 450.45 450.45 450.45 450.45 450.45 
450.45 450.45 450.45 450.45 450.45 SCALARS Hydraulic_Aperture_mm float 1
LOOKUP_TABLE default
266.306 266.306 266.306 266.306 266.306 266.306 266.306 266.306 266.306 
266.306 266.306 266.306 266.306 266.306 266.306 266.306 266.306 266.306 266.306 
266.306 266.306 266.306 266.306 266.306 266.306 266.306 266.306 266.306 266.306 
266.306 266.306 266.306 266.306 266.306 266.306 266.306 266.306 266.306 266.306 
266.306 266.306 266.306 266.306 266.306 266.306 266.306 266.306 266.306 266.306 
266.306 266.306 266.306 266.306 266.306 266.306 266.306 266.306 266.306 266.306 
266.306 266.306 266.306 266.306 266.306 266.306 266.306 266.306 266.306 266.306 
266.306 266.306 266.306 266.306 266.306 266.306 266.306 266.306 266.306 266.306 
266.306 266.306 266.306 266.306 266.306 266.306 266.306 266.306 266.306 266.306 
266.306 266.306 266.306 266.306 266.306 266.306 266.306 266.306 266.306 266.306 
266.306 266.306 266.306 266.306 266.306 266.306 266.306 266.306 266.306 266.306 
266.306 266.306 266.306 266.306 266.306 266.306 266.306 266.306 266.306 266.306 
266.306 266.306 266.306 266.306 266.306 266.306 266.306 266.306 266.306 266.306 
266.306 266.306 266.306 266.306 266.306 266.306 266.306 266.306 266.306 266.306 
266.306 266.306 266.306 266.306 266.306 266.306 266.306 266.306 266.306 266.306 
266.306 266.306 266.306 266.306 266.306 266.306 266.306 266.306 266.306 266.306 
266.306 266.306 266.306 266.306 266.306 266.306 266.306 266.306 266.306 266.306 
266.306 266.306 266.306 266.306 266.306 266.306 266.306 266.306 266.306 266.306 
266.306 266.306 266.306 266.306 266.306 266.306 266.306 266.306 266.306 266.306 
266.306 266.306 266.306 266.306 266.306 266.306 266.306 266.306 266.306 266.306 
266.306 266.306 266.306 266.306 266.306 266.306 266.306 266.306 266.306 266.306 
266.306 266.306 266.306 266.306 266.306 266.306 266.306 266.306 266.306 266.306 
266.306 266.306 266.306 266.306 266.306 266.306 266.306 266.306 266.306 266.306 
266.306 266.306 266.306 266.306 266.306 266.306 266.306 266.306 266.306 266.306 
266.306 266.306 266.306 266.306 266.306 266.306 266.306 266.306 266.306 266.306 
266.306 266.306 266.306 266.306 266.306 266.306 266.306 266.306 266.306 266.306 
266.306 266.306 266.306 266.306 266.306 266.306 266.306 266.306 266.306 266.306 
266.306 266.306 266.306 266.306 266.306 266.306 266.306 266.306 266.306 266.306 
266.306 266.306 266.306 266.306 266.306 266.306 266.306 266.306 266.306 266.306 
266.306 266.306 266.306 266.306 266.306 266.306 266.306 266.306 266.306 266.306 
266.306 266.306 266.306 266.306 266.306 266.306 266.306 266.306 266.306 266.306 
266.306 266.306 266.306 266.306 266.306 266.306 266.306 266.306 266.306 266.306 
266.306 266.306 266.306 266.306 266.306 266.306 266.306 266.306 266.306 266.306 
266.306 266.306 266.306 266.306 266.306 266.306 266.306 266.306 266.306 266.306 
266.306 266.306 266.306 266.306 266.306 266.306 266.306 266.306 266.306 266.306 
266.306 266.306 266.306 266.306 266.306 266.306 266.306 266.306 266.306 266.306 
266.306 266.306 266.306 266.306 266.306 266.306 266.306 266.306 266.306 266.306 
266.306 266.306 266.306 266.306 266.306 266.306 266.306 266.306 266.306 266.306 
266.306 266.306 266.306 266.306 266.306 266.306 266.306 266.306 266.306 266.306 
266.306 266.306 266.306 266.306 266.306 266.306 266.306 266.306 266.306 266.306 
266.306 266.306 266.306 266.306 266.306 266.306 266.306 266.306 266.306 266.306 
266.306 266.306 266.306 266.306 266.306 266.306 266.306 266.306 266.306 266.306 
266.306 266.306 266.306 266.306 266.306 266.306 266.306 266.306 266.306 266.306 
266.306 266.306 266.306 266.306 266.306 266.306 266.306 266.306 266.306 266.306 
266.306 266.306 266.306 266.306 266.306 266.306 266.306 266.306 266.306 266.306 
266.306 266.306 266.306 266.306 266.306 266.306 266.306 266.306 266.306 266.306 
266.306 266.306 266.306 266.306 266.306 266.306 266.306 266.306 266.306 266.306 
266.306 266.306 266.306 266.306 266.306 266.306 266.306 266.306 266.306 266.306 
266.306 266.306 266.306 266.306 266.306 266.306 266.306 266.306 266.306 266.306 
266.306 266.306 266.306 266.306 266.306 266.306 266.306 266.306 266.306 266.306 
266.306 266.306 266.306 266.306 266.306 266.306 266.306 266.306 266.306 266.306 
266.306 266.306 266.306 266.306 266.306 266.306 266.306 266.306 266.306 266.306 
266.306 266.306 266.306 266.306 266.306 266.306 266.306 266.306 266.306 266.306 
266.306 266.306 266.306 266.306 266.306 266.306 266.306 266.306 266.306 266.306 
266.306 266.306 266.306 266.306 266.306 266.306 266.306 266.306 266.306 266.306 
266.306 266.306 266.306 266.306 266.306 266.306 266.306 266.306 266.306 266.306 
266.306 266.306 266.306 266.306 266.306 266.306 266.306 266.306 266.306 266.306 
266.306 266.306 266.306 266.306 266.306 266.306 266.306 266.306 266.306 266.306 
266.306 266.306 266.306 266.306 266.306 266.306 266.306 266.306 266.306 266.306 
266.306 266.306 266.306 266.306 266.306 266.306 266.306 266.306 266.306 266.306 
266.306 266.306 266.306 266.306 266.306 266.306 266.306 266.306 266.306 266.306 
266.306 266.306 266.306 266.306 266.306 266.306 266.306 266.306 266.306 266.306 
266.306 266.306 266.306 266.306 266.306 266.306 266.306 266.306 266.306 266.306 
266.306 266.306 266.306 266.306 266.306 266.306 266.306 266.306 266.306 266.306 
266.306 266.306 266.306 266.306 266.306 266.306 266.306 266.306 266.306 266.306 
266.306 266.306 266.306 266.306 266.306 266.306 266.306 266.306 266.306 266.306 
266.306 266.306 266.306 266.306 266.306 266.306 266.306 266.306 266.306 266.306 
266.306 266.306 266.306 266.306 266.306 266.306 266.306 266.306 266.306 266.306 
266.306 266.306 266.306 266.306 266.306 266.306 266.306 266.306 266.306 266.306 
266.306 266.306 266.306 266.306 266.306 266.306 266.306 266.306 266.306 266.306 
266.306 266.306 266.306 266.306 266.306 266.306 266.306 266.306 266.306 266.306 
266.306 266.306 266.306 266.306 266.306 266.306 266.306 266.306 266.306 266.306 
266.306 266.306 266.306 266.306 266.306 266.306 266.306 266.306 266.306 266.306 
266.306 266.306 266.306 266.306 266.306 266.306 266.306 266.306 266.306 266.306 
266.306 266.306 266.306 266.306 266.306 266.306 266.306 266.306 266.306 266.306 
266.306 266.306 266.306 266.306 266.306 266.306 266.306 266.306 266.306 266.306 
266.306 266.306 266.306 266.306 266.306 266.306 266.306 266.306 266.306 266.306 
266.306 266.306 266.306 266.306 266.306 266.306 266.306 266.306 266.306 266.306 
266.306 266.306 266.306 266.306 266.306 266.306 266.306 266.306 266.306 266.306 
266.306 266.306 266.306 266.306 266.306 266.306 266.306 266.306 266.306 266.306 
266.306 266.306 266.306 266.306 266.306 266.306 266.306 266.306 266.306 266.306 
266.306 266.306 266.306 266.306 266.306 266.306 266.306 266.306 266.306 266.306 
266.306 266.306 266.306 266.306 266.306 266.306 266.306 266.306 266.306 266.306 
266.306 266.306 266.306 266.306 266.306 266.306 266.306 266.306 266.306 266.306 
266.306 266.306 266.306 266.306 266.306 266.306 266.306 266.306 266.306 266.306 
266.306 266.306 266.306 266.306 266.306 266.306 266.306 266.306 266.306 266.306 
266.306 266.306 266.306 266.306 266.306 266.306 266.306 266.306 266.306 266.306 
266.306 266.306 266.306 266.306 266.306 266.306 266.306 266.306 266.306 266.306 
266.306 266.306 266.306 266.306 266.306 266.306 266.306 266.306 266.306 266.306 
266.306 266.306 266.306 266.306 266.306 266.306 266.306 266.306 266.306 266.306 
266.306 266.306 266.306 266.306 266.306 266.306 266.306 266.306 266.306 266.306 
266.306 266.306 266.306 266.306 266.306 266.306 266.306 266.306 266.306 266.306 
266.306 266.306 266.306 266.306 266.306 266.306 266.306 266.306 266.306 266.306 
266.306 266.306 266.306 266.306 266.306 266.306 266.306 266.306 266.306 266.306 
266.306 266.306 266.306 266.306 266.306 266.306 266.306 266.306 266.306 266.306 
266.306 266.306 266.306 266.306 266.306 266.306 266.306 266.306 266.306 266.306 
266.306 266.306 266.306 266.306 266.306 266.306 266.306 266.306 266.306 266.306 
266.306 266.306 266.306 266.306 266.306 266.306 266.306 266.306 266.306 266.306 
266.306 266.306 266.306 266.306 266.306 266.306 266.306 266.306 266.306 266.306 
266.306 266.306 266.306 266.306 266.306 266.306 266.306 266.306 266.306 266.306 
266.306 266.306 266.306 266.306 266.306 266.306 266.306 266.306 266.306 266.306 
266.306 266.306 266.306 266.306 266.306 266.306 266.306 266.306 266.306 266.306 
266.306 266.306 266.306 266.306 266.306 266.306 266.306 266.306 266.306 266.306 
266.306 266.306 266.306 266.306 266.306 266.306 266.306 266.306 266.306 266.306 
266.306 266.306 266.306 266.306 266.306 266.306 266.306 266.306 266.306 266.306 
266.306 266.306 266.306 266.306 266.306 266.306 266.306 266.306 266.306 266.306 
266.306 266.306 266.306 266.306 266.306 266.306 266.306 266.306 266.306 266.306 
266.306 266.306 266.306 266.306 266.306 266.306 266.306 266.306 266.306 266.306 
266.306 266.306 266.306 266.306 266.306 266.306 266.306 266.306 266.306 266.306 
266.306 266.306 266.306 266.306 266.306 266.306 266.306 266.306 266.306 266.306 
266.306 266.306 266.306 266.306 266.306 266.306 266.306 266.306 266.306 266.306 
266.306 266.306 266.306 266.306 266.306 266.306 266.306 266.306 266.306 266.306 
266.306 266.306 266.306 266.306 266.306 266.306 266.306 266.306 266.306 266.306 
266.306 266.306 266.306 266.306 266.306 266.306 266.306 266.306 266.306 266.306 
266.306 266.306 266.306 266.306 266.306 266.306 266.306 266.306 266.306 266.306 
266.306 266.306 266.306 266.306 266.306 266.306 266.306 266.306 266.306 266.306 
266.306 266.306 266.306 266.306 266.306 266.306 266.306 266.306 266.306 266.306 
266.306 266.306 266.306 266.306 266.306 266.306 266.306 266.306 266.306 266.306 
266.306 266.306 266.306 266.306 266.306 266.306 266.306 266.306 266.306 266.306 
266.306 266.306 266.306 266.306 266.306 266.306 266.306 266.306 266.306 266.306 
266.306 266.306 266.306 266.306 266.306 266.306 266.306 266.306 266.306 266.306 
266.306 266.306 266.306 266.306 266.306 266.306 266.306 266.306 266.306 266.306 
266.306 266.306 266.306 266.306 266.306 266.306 266.306 266.306 266.306 266.306 
266.306 266.306 266.306 266.306 266.306 266.306 266.306 266.306 266.306 266.306 
266.306 266.306 266.306 266.306 266.306 266.306 266.306 266.306 266.306 266.306 
266.306 266.306 266.306 266.306 266.306 266.306 266.306 266.306 266.306 266.306 
266.306 266.306 266.306 266.306 266.306 266.306 266.306 266.306 266.306 266.306 
266.306 266.306 266.306 266.306 266.306 266.306 266.306 266.306 266.306 266.306 
266.306 266.306 266.306 266.306 266.306 266.306 266.306 266.306 266.306 266.306 
266.306 266.306 266.306 266.306 266.306 266.306 266.306 266.306 266.306 266.306 
266.306 266.306 266.306 266.306 266.306 266.306 266.306 266.306 266.306 266.306 
266.306 266.306 266.306 266.306 266.306 266.306 266.306 266.306 266.306 266.306 
266.306 266.306 266.306 266.306 266.306 266.306 266.306 266.306 266.306 266.306 
266.306 266.306 266.306 266.306 266.306 266.306 266.306 266.306 266.306 266.306 
266.306 266.306 266.306 266.306 266.306 266.306 266.306 266.306 266.306 266.306 
266.306 266.306 266.306 266.306 266.306 266.306 266.306 266.306 266.306 266.306 
266.306 266.306 266.306 266.306 266.306 266.306 266.306 266.306 266.306 266.306 
266.306 266.306 266.306 266.306 266.306 266.306 266.306 266.306 266.306 266.306 
266.306 266.306 266.306 266.306 266.306 266.306 266.306 266.306 266.306 266.306 
266.306 266.306 266.306 266.306 266.306 266.306 266.306 266.306 266.306 266.306 
266.306 266.306 266.306 266.306 266.306 266.306 266.306 266.306 266.306 266.306 
266.306 266.306 266.306 266.306 266.306 266.306 266.306 266.306 266.306 266.306 
266.306 266.306 266.306 266.306 266.306 266.306 266.306 266.306 266.306 266.306 
266.306 266.306 266.306 266.306 266.306 266.306 266.306 266.306 266.306 266.306 
266.306 266.306 266.306 266.306 266.306 266.306 266.306 266.306 266.306 266.306 
266.306 266.306 266.306 266.306 266.306 266.306 266.306 266.306 266.306 266.306 
266.306 266.306 266.306 266.306 266.306 266.306 266.306 266.306 266.306 266.306 
266.306 266.306 266.306 266.306 266.306 266.306 266.306 266.306 266.306 266.306 
266.306 266.306 266.306 266.306 266.306 266.306 266.306 266.306 266.306 266.306 
266.306 266.306 266.306 266.306 266.306 266.306 266.306 266.306 266.306 266.306 
266.306 266.306 266.306 266.306 266.306 266.306 266.306 266.306 266.306 266.306 
266.306 266.306 266.306 266.306 266.306 266.306 266.306 266.306 266.306 266.306 
266.306 266.306 266.306 266.306 266.306 266.306 266.306 266.306 266.306 266.306 
266.306 266.306 266.306 266.306 266.306 266.306 266.306 266.306 266.306 266.306 
266.306 266.306 266.306 266.306 266.306 266.306 266.306 266.306 266.306 266.306 
266.306 266.306 266.306 266.306 266.306 266.306 266.306 266.306 266.306 266.306 
266.306 266.306 266.306 266.306 266.306 266.306 266.306 266.306 266.306 266.306 
266.306 266.306 266.306 266.306 266.306 266.306 266.306 266.306 266.306 266.306 
266.306 266.306 266.306 266.306 266.306 266.306 266.306 266.306 266.306 266.306 
266.306 266.306 266.306 266.306 266.306 266.306 266.306 266.306 266.306 266.306 
266.306 266.306 266.306 266.306 266.306 266.306 266.306 266.306 266.306 266.306 
266.306 266.306 266.306 266.306 266.306 266.306 266.306 266.306 266.306 266.306 
266.306 266.306 266.306 266.306 266.306 266.306 266.306 266.306 266.306 266.306 
266.306 266.306 266.306 266.306 266.306 266.306 266.306 266.306 266.306 266.306 
266.306 266.306 266.306 266.306 266.306 266.306 266.306 266.306 266.306 266.306 
266.306 266.306 266.306 266.306 266.306 266.306 266.306 266.306 266.306 266.306 
266.306 266.306 266.306 266.306 266.306 266.306 266.306 266.306 266.306 266.306 
266.306 266.306 266.306 266.306 266.306 266.306 266.306 266.306 266.306 266.306 
266.306 266.306 266.306 266.306 266.306 266.306 266.306 266.306 266.306 266.306 
266.306 266.306 266.306 266.306 266.306 266.306 266.306 266.306 266.306 266.306 
266.306 266.306 266.306 266.306 266.306 266.306 266.306 266.306 266.306 266.306 
266.306 266.306 266.306 266.306 266.306 266.306 266.306 266.306 266.306 266.306 
266.306 266.306 266.306 266.306 266.306 266.306 266.306 266.306 266.306 266.306 
266.306 266.306 266.306 266.306 266.306 266.306 266.306 266.306 266.306 266.306 
266.306 266.306 266.306 266.306 266.306 266.306 266.306 266.306 266.306 266.306 
266.306 266.306 266.306 266.306 266.306 266.306 266.306 266.306 266.306 266.306 
266.306 266.306 266.306 266.306 266.306 266.306 266.306 266.306 266.306 266.306 
266.306 266.306 266.306 266.306 266.306 266.306 266.306 266.306 266.306 266.306 
266.306 266.306 266.306 266.306 266.306 266.306 266.306 266.306 266.306 266.306 
266.306 266.306 266.306 266.306 266.306 266.306 266.306 266.306 266.306 266.306 
266.306 266.306 266.306 266.306 266.306 266.306 266.306 266.306 266.306 266.306 
266.306 266.306 266.306 266.306 266.306 266.306 266.306 266.306 266.306 266.306 
266.306 266.306 266.306 266.306 266.306 266.306 266.306 266.306 266.306 266.306 
266.306 266.306 266.306 266.306 266.306 266.306 266.306 266.306 266.306 266.306 
266.306 266.306 266.306 266.306 266.306 266.306 266.306 266.306 266.306 266.306 
266.306 266.306 266.306 266.306 266.306 266.306 266.306 266.306 266.306 266.306 
266.306 266.306 266.306 266.306 266.306 266.306 266.306 266.306 266.306 266.306 
266.306 266.306 266.306 266.306 266.306 266.306 266.306 266.306 266.306 266.306 
266.306 266.306 266.306 266.306 266.306 266.306 266.306 266.306 266.306 266.306 
266.306 266.306 266.306 266.306 266.306 266.306 266.306 266.306 266.306 266.306 
266.306 266.306 266.306 266.306 266.306 266.306 266.306 266.306 266.306 266.306 
266.306 266.306 266.306 266.306 266.306 266.306 266.306 266.306 266.306 266.306 
266.306 266.306 266.306 266.306 266.306 266.306 266.306 266.306 266.306 266.306 
266.306 266.306 266.306 266.306 266.306 266.306 266.306 266.306 266.306 266.306 
266.306 266.306 266.306 266.306 266.306 266.306 266.306 266.306 266.306 266.306 
266.306 266.306 266.306 266.306 266.306 266.306 266.306 266.306 266.306 266.306 
266.306 266.306 266.306 266.306 266.306 266.306 266.306 266.306 266.306 266.306 
266.306 266.306 266.306 266.306 266.306 266.306 266.306 266.306 266.306 266.306 
266.306 266.306 266.306 266.306 266.306 266.306 266.306 266.306 266.306 266.306 
266.306 266.306 266.306 266.306 266.306 266.306 266.306 266.306 266.306 266.306 
266.306 266.306 266.306 266.306 266.306 266.306 266.306 266.306 266.306 266.306 
266.306 266.306 266.306 266.306 266.306 266.306 266.306 266.306 266.306 266.306 
266.306 266.306 266.306 266.306 266.306 266.306 266.306 266.306 266.306 266.306 
266.306 266.306 266.306 266.306 266.306 266.306 266.306 266.306 266.306 266.306 
266.306 266.306 266.306 266.306 266.306 266.306 266.306 266.306 266.306 266.306 
266.306 266.306 266.306 266.306 266.306 266.306 266.306 266.306 266.306 266.306 
266.306 266.306 266.306 266.306 266.306 266.306 266.306 266.306 266.306 266.306 
266.306 266.306 266.306 266.306 266.306 266.306 266.306 266.306 266.306 266.306 
266.306 266.306 266.306 266.306 266.306 266.306 266.306 266.306 266.306 266.306 
266.306 266.306 266.306 266.306 266.306 266.306 266.306 266.306 266.306 266.306 
266.306 266.306 266.306 266.306 266.306 266.306 266.306 266.306 266.306 266.306 
266.306 266.306 266.306 266.306 266.306 266.306 266.306 266.306 266.306 266.306 
266.306 266.306 266.306 266.306 266.306 266.306 266.306 266.306 266.306 266.306 
266.306 266.306 266.306 266.306 266.306 266.306 266.306 266.306 266.306 266.306 
266.306 266.306 266.306 266.306 266.306 266.306 266.306 266.306 266.306 266.306 
266.306 266.306 266.306 266.306 266.306 266.306 266.306 266.306 266.306 266.306 
266.306 266.306 266.306 266.306 266.306 266.306 266.306 266.306 266.306 266.306 
266.306 266.306 266.306 266.306 266.306 266.306 266.306 266.306 266.306 266.306 
266.306 266.306 266.306 266.306 266.306 266.306 266.306 266.306 266.306 266.306 
266.306 266.306 266.306 266.306 266.306 266.306 266.306 266.306 266.306 266.306 
266.306 266.306 266.306 266.306 266.306 266.306 266.306 266.306 266.306 266.306 
266.306 266.306 266.306 266.306 266.306 266.306 266.306 266.306 266.306 266.306 
266.306 266.306 266.306 266.306 266.306 266.306 266.306 266.306 266.306 266.306 
266.306 266.306 266.306 266.306 266.306 266.306 266.306 266.306 266.306 266.306 
266.306 266.306 266.306 266.306 266.306 266.306 266.306 266.306 266.306 266.306 
266.306 266.306 266.306 266.306 266.306 266.306 266.306 266.306 266.306 266.306 
266.306 266.306 266.306 266.306 266.306 266.306 266.306 266.306 266.306 266.306 
266.306 266.306 266.306 266.306 266.306 266.306 266.306 266.306 266.306 266.306 
266.306 266.306 266.306 266.306 266.306 266.306 266.306 266.306 266.306 266.306 
266.306 266.306 266.306 266.306 266.306 266.306 266.306 266.306 266.306 266.306 
266.306 266.306 266.306 266.306 266.306 266.306 266.306 266.306 266.306 266.306 
266.306 266.306 266.306 266.306 266.306 266.306 266.306 266.306 266.306 266.306 
266.306 266.306 266.306 266.306 266.306 266.306 266.306 266.306 266.306 266.306 
266.306 266.306 266.306 266.306 266.306 266.306 266.306 266.306 266.306 266.306 
266.306 266.306 266.306 266.306 266.306 266.306 266.306 266.306 266.306 266.306 
266.306 266.306 266.306 266.306 266.306 266.306 266.306 266.306 266.306 266.306 
266.306 266.306 266.306 266.306 266.306 266.306 266.306 266.306 266.306 266.306 
266.306 266.306 266.306 266.306 266.306 266.306 266.306 266.306 266.306 266.306 
266.306 266.306 266.306 266.306 266.306 266.306 266.306 266.306 266.306 266.306 
266.306 266.306 266.306 266.306 266.306 266.306 266.306 266.306 266.306 266.306 
266.306 266.306 266.306 266.306 266.306 266.306 266.306 266.306 266.306 266.306 
266.306 266.306 266.306 266.306 266.306 266.306 266.306 266.306 266.306 266.306 
266.306 266.306 266.306 266.306 266.306 266.306 266.306 266.306 266.306 266.306 
266.306 266.306 266.306 266.306 266.306 266.306 266.306 266.306 266.306 266.306 
266.306 266.306 266.306 266.306 266.306 266.306 266.306 266.306 266.306 266.306 
266.306 266.306 266.306 266.306 266.306 266.306 266.306 266.306 266.306 266.306 
266.306 266.306 266.306 266.306 266.306 266.306 266.306 266.306 266.306 266.306 
266.306 266.306 266.306 266.306 266.306 266.306 266.306 266.306 266.306 266.306 
266.306 266.306 266.306 266.306 266.306 266.306 266.306 266.306 266.306 266.306 
266.306 266.306 266.306 266.306 266.306 266.306 266.306 266.306 266.306 266.306 
266.306 266.306 266.306 266.306 266.306 266.306 266.306 266.306 266.306 266.306 
266.306 266.306 266.306 266.306 266.306 266.306 266.306 266.306 266.306 266.306 
266.306 266.306 266.306 266.306 266.306 266.306 266.306 266.306 266.306 266.306 
266.306 266.306 266.306 266.306 266.306 266.306 266.306 266.306 266.306 266.306 
266.306 266.306 266.306 266.306 266.306 266.306 266.306 266.306 266.306 266.306 
266.306 266.306 266.306 266.306 266.306 266.306 266.306 266.306 266.306 266.306 
266.306 266.306 266.306 266.306 266.306 266.306 266.306 266.306 266.306 266.306 
266.306 266.306 266.306 266.306 266.306 266.306 266.306 266.306 266.306 266.306 
266.306 266.306 266.306 266.306 266.306 266.306 266.306 266.306 266.306 266.306 
266.306 266.306 266.306 266.306 266.306 266.306 266.306 266.306 266.306 266.306 
266.306 266.306 266.306 266.306 266.306 266.306 266.306 266.306 266.306 266.306 
266.306 266.306 266.306 266.306 266.306 266.306 266.306 266.306 266.306 266.306 
266.306 266.306 266.306 266.306 266.306 266.306 266.306 266.306 266.306 266.306 
266.306 266.306 266.306 266.306 266.306 266.306 266.306 266.306 266.306 266.306 
266.306 266.306 266.306 266.306 266.306 266.306 266.306 266.306 266.306 266.306 
266.306 266.306 266.306 266.306 266.306 266.306 266.306 266.306 266.306 266.306 
266.306 266.306 266.306 266.306 266.306 266.306 266.306 266.306 266.306 266.306 
266.306 266.306 266.306 266.306 266.306 266.306 266.306 266.306 266.306 266.306 
266.306 266.306 266.306 266.306 266.306 266.306 266.306 266.306 266.306 266.306 
266.306 266.306 266.306 266.306 266.306 266.306 266.306 266.306 266.306 266.306 
266.306 266.306 266.306 266.306 266.306 266.306 266.306 266.306 266.306 266.306 
266.306 266.306 266.306 266.306 266.306 266.306 266.306 266.306 266.306 266.306 
266.306 266.306 266.306 266.306 266.306 266.306 266.306 266.306 266.306 266.306 
266.306 266.306 266.306 266.306 266.306 266.306 266.306 266.306 266.306 266.306 
266.306 266.306 266.306 266.306 266.306 266.306 266.306 266.306 266.306 266.306 
266.306 266.306 266.306 266.306 266.306 266.306 266.306 266.306 266.306 266.306 
266.306 266.306 266.306 266.306 266.306 266.306 266.306 266.306 266.306 266.306 
266.306 266.306 266.306 266.306 266.306 266.306 266.306 266.306 266.306 266.306 
266.306 266.306 266.306 266.306 266.306 266.306 266.306 266.306 266.306 266.306 
266.306 266.306 266.306 266.306 266.306 266.306 266.306 266.306 266.306 266.306 
266.306 266.306 266.306 266.306 266.306 266.306 266.306 266.306 266.306 266.306 
266.306 266.306 266.306 266.306 266.306 266.306 266.306 266.306 266.306 266.306 
266.306 266.306 266.306 266.306 266.306 266.306 266.306 266.306 266.306 266.306 
266.306 266.306 266.306 266.306 266.306 266.306 266.306 266.306 266.306 266.306 
266.306 266.306 266.306 266.306 266.306 266.306 266.306 266.306 266.306 266.306 
266.306 266.306 266.306 266.306 266.306 266.306 266.306 266.306 266.306 266.306 
266.306 266.306 266.306 266.306 266.306 266.306 266.306 266.306 266.306 266.306 
266.306 266.306 266.306 266.306 266.306 266.306 266.306 266.306 266.306 266.306 
266.306 266.306 266.306 266.306 266.306 266.306 266.306 266.306 266.306 266.306 
266.306 266.306 266.306 266.306 266.306 266.306 266.306 266.306 266.306 266.306 
266.306 266.306 266.306 266.306 266.306 266.306 266.306 266.306 266.306 266.306 
266.306 266.306 266.306 266.306 266.306 266.306 266.306 266.306 266.306 266.306 
266.306 266.306 266.306 266.306 266.306 266.306 266.306 266.306 266.306 266.306 
266.306 266.306 266.306 266.306 266.306 266.306 266.306 266.306 266.306 266.306 
266.306 266.306 266.306 266.306 266.306 266.306 266.306 266.306 266.306 266.306 
266.306 266.306 266.306 266.306 266.306 266.306 266.306 266.306 266.306 266.306 
266.306 266.306 266.306 266.306 266.306 266.306 266.306 266.306 266.306 266.306 
266.306 266.306 266.306 266.306 266.306 266.306 266.306 266.306 266.306 266.306 
266.306 266.306 266.306 266.306 266.306 266.306 266.306 266.306 266.306 266.306 
266.306 266.306 266.306 266.306 266.306 266.306 266.306 266.306 266.306 266.306 
266.306 266.306 266.306 266.306 266.306 266.306 266.306 266.306 266.306 266.306 
266.306 266.306 266.306 266.306 266.306 266.306 266.306 266.306 266.306 266.306 
266.306 266.306 266.306 266.306 266.306 266.306 266.306 266.306 266.306 266.306 
266.306 266.306 266.306 266.306 266.306 266.306 266.306 266.306 266.306 266.306 
266.306 266.306 266.306 266.306 266.306 266.306 266.306 266.306 266.306 266.306 
266.306 266.306 266.306 266.306 266.306 266.306 266.306 266.306 266.306 266.306 
266.306 266.306 266.306 266.306 266.306 266.306 266.306 266.306 266.306 266.306 
266.306 266.306 266.306 266.306 266.306 266.306 266.306 266.306 266.306 266.306 
266.306 266.306 266.306 266.306 266.306 266.306 266.306 266.306 266.306 266.306 
266.306 266.306 266.306 266.306 266.306 266.306 266.306 266.306 266.306 266.306 
266.306 266.306 266.306 266.306 266.306 266.306 266.306 266.306 266.306 266.306 
266.306 266.306 266.306 266.306 266.306 266.306 266.306 266.306 266.306 266.306 
266.306 266.306 266.306 266.306 266.306 266.306 266.306 266.306 266.306 266.306 
266.306 266.306 266.306 266.306 266.306 266.306 266.306 266.306 266.306 266.306 
266.306 266.306 266.306 266.306 266.306 266.306 266.306 266.306 266.306 266.306 
266.306 266.306 266.306 266.306 266.306 266.306 266.306 266.306 266.306 266.306 
266.306 266.306 266.306 266.306 266.306 266.306 266.306 266.306 266.306 266.306 
266.306 266.306 266.306 266.306 266.306 266.306 266.306 266.306 266.306 266.306 
266.306 266.306 266.306 266.306 266.306 266.306 266.306 266.306 266.306 266.306 
266.306 266.306 266.306 266.306 266.306 266.306 266.306 266.306 266.306 266.306 
266.306 266.306 266.306 266.306 266.306 266.306 266.306 266.306 266.306 266.306 
266.306 266.306 266.306 266.306 266.306 266.306 266.306 266.306 266.306 266.306 
266.306 266.306 266.306 266.306 266.306 266.306 266.306 266.306 266.306 266.306 
266.306 266.306 266.306 266.306 266.306 266.306 266.306 266.306 266.306 266.306 
266.306 266.306 266.306 266.306 266.306 266.306 266.306 266.306 266.306 266.306 
266.306 266.306 266.306 266.306 266.306 266.306 266.306 266.306 266.306 266.306 
266.306 266.306 266.306 266.306 266.306 266.306 266.306 266.306 266.306 266.306 
266.306 266.306 266.306 266.306 266.306 266.306 266.306 266.306 266.306 266.306 
266.306 266.306 266.306 266.306 266.306 266.306 266.306 266.306 266.306 266.306 
266.306 266.306 266.306 266.306 266.306 266.306 266.306 266.306 266.306 266.306 
266.306 266.306 266.306 266.306 266.306 266.306 266.306 266.306 266.306 266.306 
266.306 266.306 266.306 266.306 266.306 266.306 266.306 266.306 266.306 266.306 
266.306 266.306 266.306 266.306 266.306 266.306 266.306 266.306 266.306 266.306 
266.306 266.306 266.306 266.306 266.306 266.306 266.306 266.306 266.306 266.306 
266.306 266.306 266.306 266.306 266.306 266.306 266.306 266.306 266.306 266.306 
266.306 266.306 266.306 266.306 266.306 266.306 266.306 266.306 266.306 266.306 
266.306 266.306 266.306 266.306 266.306 266.306 266.306 266.306 266.306 266.306 
266.306 266.306 266.306 266.306 266.306 266.306 266.306 266.306 266.306 266.306 
266.306 266.306 266.306 266.306 266.306 266.306 266.306 266.306 266.306 266.306 
266.306 266.306 266.306 266.306 266.306 266.306 266.306 266.306 266.306 266.306 
266.306 266.306 266.306 266.306 266.306 266.306 266.306 266.306 266.306 266.306 
266.306 266.306 266.306 266.306 266.306 266.306 266.306 266.306 266.306 266.306 
266.306 266.306 266.306 266.306 266.306 266.306 266.306 266.306 266.306 266.306 
266.306 266.306 266.306 266.306 266.306 266.306 266.306 266.306 266.306 266.306 
266.306 266.306 266.306 266.306 266.306 266.306 266.306 266.306 266.306 266.306 
266.306 266.306 266.306 266.306 266.306 266.306 266.306 266.306 266.306 266.306 
266.306 266.306 266.306 266.306 266.306 266.306 266.306 266.306 266.306 266.306 
266.306 266.306 266.306 266.306 266.306 266.306 266.306 266.306 266.306 266.306 
266.306 266.306 266.306 266.306 266.306 266.306 266.306 266.306 266.306 266.306 
266.306 266.306 266.306 266.306 266.306 266.306 266.306 266.306 266.306 266.306 
266.306 266.306 266.306 266.306 266.306 266.306 266.306 266.306 266.306 266.306 
266.306 266.306 266.306 266.306 266.306 266.306 266.306 266.306 266.306 266.306 
266.306 266.306 266.306 266.306 266.306 266.306 266.306 266.306 266.306 266.306 
266.306 266.306 266.306 266.306 266.306 266.306 266.306 266.306 266.306 266.306 
266.306 266.306 266.306 266.306 266.306 266.306 266.306 266.306 266.306 266.306 
266.306 266.306 266.306 266.306 266.306 266.306 266.306 266.306 266.306 266.306 
266.306 266.306 266.306 266.306 266.306 266.306 266.306 266.306 266.306 266.306 
266.306 266.306 266.306 266.306 266.306 266.306 266.306 266.306 266.306 266.306 
266.306 266.306 266.306 266.306 266.306 266.306 266.306 266.306 266.306 266.306 
266.306 266.306 266.306 266.306 266.306 266.306 266.306 266.306 266.306 266.306 
266.306 266.306 266.306 266.306 266.306 266.306 266.306 266.306 266.306 266.306 
266.306 266.306 266.306 266.306 266.306 266.306 266.306 266.306 266.306 266.306 
266.306 266.306 266.306 266.306 266.306 266.306 266.306 266.306 266.306 266.306 
266.306 266.306 266.306 266.306 266.306 266.306 266.306 266.306 266.306 266.306 
266.306 266.306 266.306 266.306 266.306 266.306 266.306 266.306 266.306 266.306 
266.306 266.306 266.306 266.306 266.306 266.306 266.306 266.306 266.306 266.306 
266.306 266.306 266.306 266.306 266.306 266.306 266.306 266.306 266.306 266.306 
266.306 266.306 266.306 266.306 266.306 266.306 266.306 266.306 266.306 266.306 
266.306 266.306 266.306 266.306 266.306 266.306 266.306 266.306 266.306 266.306 
266.306 266.306 266.306 266.306 266.306 266.306 266.306 266.306 266.306 266.306 
266.306 266.306 266.306 266.306 266.306 266.306 266.306 266.306 266.306 266.306 
266.306 266.306 266.306 266.306 266.306 266.306 266.306 266.306 266.306 266.306 
266.306 266.306 266.306 266.306 266.306 266.306 266.306 266.306 266.306 266.306 
266.306 266.306 266.306 266.306 266.306 266.306 266.306 266.306 266.306 266.306 
266.306 266.306 266.306 266.306 266.306 266.306 266.306 266.306 266.306 266.306 
266.306 266.306 266.306 266.306 266.306 266.306 266.306 266.306 266.306 266.306 
266.306 266.306 266.306 266.306 266.306 266.306 266.306 266.306 266.306 266.306 
266.306 266.306 266.306 266.306 266.306 266.306 266.306 266.306 266.306 266.306 
266.306 266.306 266.306 266.306 266.306 266.306 266.306 266.306 266.306 266.306 
266.306 266.306 266.306 266.306 266.306 266.306 266.306 266.306 266.306 266.306 
266.306 266.306 266.306 266.306 266.306 266.306 266.306 266.306 266.306 266.306 
266.306 266.306 266.306 266.306 266.306 266.306 266.306 266.306 266.306 266.306 
266.306 266.306 266.306 266.306 266.306 266.306 266.306 266.306 266.306 266.306 
266.306 266.306 266.306 266.306 266.306 266.306 266.306 266.306 266.306 266.306 
266.306 266.306 266.306 266.306 266.306 266.306 266.306 266.306 266.306 266.306 
266.306 266.306 266.306 266.306 266.306 266.306 266.306 266.306 266.306 266.306 
266.306 266.306 266.306 266.306 266.306 266.306 266.306 266.306 266.306 266.306 
266.306 266.306 266.306 266.306 266.306 266.306 266.306 266.306 266.306 266.306 
266.306 266.306 266.306 266.306 266.306 266.306 266.306 266.306 266.306 266.306 
266.306 266.306 266.306 266.306 266.306 266.306 266.306 266.306 266.306 266.306 
266.306 266.306 266.306 266.306 266.306 266.306 266.306 266.306 266.306 266.306 
266.306 266.306 266.306 266.306 266.306 266.306 266.306 266.306 266.306 266.306 
266.306 266.306 266.306 266.306 266.306 266.306 266.306 266.306 266.306 266.306 
266.306 266.306 266.306 266.306 266.306 266.306 266.306 266.306 266.306 266.306 
266.306 266.306 266.306 266.306 266.306 266.306 266.306 266.306 266.306 266.306 
266.306 266.306 266.306 266.306 266.306 266.306 266.306 266.306 266.306 266.306 
266.306 266.306 266.306 266.306 266.306 266.306 266.306 266.306 266.306 266.306 
266.306 266.306 266.306 266.306 266.306 266.306 266.306 266.306 266.306 266.306 
266.306 266.306 266.306 266.306 266.306 266.306 266.306 266.306 266.306 266.306 
266.306 266.306 266.306 266.306 266.306 266.306 266.306 266.306 266.306 266.306 
266.306 266.306 266.306 266.306 266.306 266.306 266.306 266.306 266.306 266.306 
266.306 266.306 266.306 266.306 266.306 266.306 266.306 266.306 266.306 266.306 
266.306 266.306 266.306 266.306 266.306 266.306 266.306 266.306 266.306 266.306 
266.306 266.306 266.306 266.306 266.306 266.306 266.306 266.306 266.306 266.306 
266.306 266.306 266.306 266.306 266.306 266.306 266.306 266.306 266.306 266.306 
266.306 266.306 266.306 266.306 266.306 266.306 266.306 266.306 266.306 266.306 
266.306 266.306 266.306 266.306 266.306 266.306 266.306 266.306 266.306 266.306 
266.306 266.306 266.306 266.306 266.306 266.306 266.306 266.306 266.306 266.306 
266.306 266.306 266.306 266.306 266.306 266.306 266.306 266.306 266.306 266.306 
266.306 266.306 266.306 266.306 266.306 266.306 266.306 266.306 266.306 266.306 
266.306 266.306 266.306 266.306 266.306 266.306 266.306 266.306 266.306 266.306 
266.306 266.306 266.306 266.306 266.306 266.306 266.306 266.306 266.306 266.306 
266.306 266.306 266.306 266.306 266.306 266.306 266.306 266.306 266.306 266.306 
266.306 266.306 266.306 266.306 266.306 266.306 266.306 266.306 266.306 266.306 
266.306 266.306 266.306 266.306 266.306 266.306 266.306 266.306 266.306 266.306 
266.306 266.306 266.306 266.306 266.306 266.306 266.306 266.306 266.306 266.306 
266.306 266.306 266.306 266.306 266.306 266.306 266.306 266.306 266.306 266.306 
266.306 266.306 266.306 266.306 266.306 266.306 266.306 266.306 266.306 266.306 
266.306 266.306 266.306 266.306 266.306 266.306 266.306 266.306 266.306 266.306 
266.306 266.306 266.306 266.306 266.306 266.306 266.306 266.306 266.306 266.306 
266.306 266.306 266.306 266.306 266.306 266.306 266.306 266.306 266.306 266.306 
266.306 266.306 266.306 266.306 266.306 266.306 266.306 266.306 266.306 266.306 
266.306 266.306 266.306 266.306 266.306 266.306 266.306 266.306 266.306 266.306 
266.306 266.306 266.306 266.306 266.306 266.306 266.306 266.306 266.306 266.306 
266.306 266.306 266.306 266.306 266.306 266.306 266.306 266.306 266.306 266.306 
266.306 266.306 266.306 266.306 266.306 266.306 266.306 266.306 266.306 266.306 
266.306 266.306 266.306 266.306 266.306 266.306 266.306 266.306 266.306 266.306 
266.306 266.306 266.306 266.306 266.306 266.306 266.306 266.306 266.306 266.306 
266.306 266.306 266.306 266.306 266.306 266.306 266.306 266.306 266.306 266.306 
266.306 266.306 266.306 266.306 266.306 266.306 266.306 266.306 266.306 266.306 
266.306 266.306 266.306 266.306 266.306 266.306 266.306 266.306 266.306 266.306 
266.306 266.306 266.306 266.306 266.306 266.306 266.306 266.306 266.306 266.306 
266.306 266.306 266.306 266.306 266.306 266.306 266.306 266.306 266.306 266.306 
266.306 266.306 266.306 266.306 266.306 266.306 266.306 266.306 266.306 266.306 
266.306 266.306 266.306 266.306 266.306 266.306 266.306 266.306 266.306 266.306 
266.306 266.306 266.306 266.306 266.306 266.306 266.306 266.306 266.306 266.306 
266.306 266.306 266.306 266.306 266.306 266.306 266.306 266.306 266.306 266.306 
266.306 266.306 266.306 266.306 266.306 266.306 266.306 266.306 266.306 266.306 
266.306 266.306 266.306 266.306 266.306 266.306 266.306 266.306 266.306 266.306 
266.306 266.306 266.306 266.306 266.306 266.306 266.306 266.306 266.306 266.306 
266.306 266.306 266.306 266.306 266.306 266.306 266.306 266.306 266.306 266.306 
266.306 266.306 266.306 266.306 266.306 266.306 266.306 266.306 266.306 266.306 
266.306 266.306 266.306 266.306 266.306 266.306 266.306 266.306 266.306 266.306 
266.306 266.306 266.306 266.306 266.306 266.306 266.306 266.306 266.306 266.306 
266.306 266.306 266.306 266.306 266.306 266.306 266.306 266.306 266.306 266.306 
266.306 266.306 266.306 266.306 266.306 266.306 266.306 266.306 266.306 266.306 
266.306 266.306 266.306 266.306 266.306 266.306 266.306 266.306 266.306 266.306 
266.306 266.306 266.306 266.306 266.306 266.306 266.306 266.306 266.306 266.306 
266.306 266.306 266.306 266.306 266.306 266.306 266.306 266.306 266.306 266.306 
266.306 266.306 266.306 266.306 266.306 266.306 266.306 266.306 266.306 266.306 
266.306 266.306 266.306 266.306 266.306 266.306 266.306 266.306 266.306 266.306 
266.306 266.306 266.306 266.306 266.306 266.306 266.306 266.306 266.306 266.306 
266.306 266.306 266.306 266.306 266.306 266.306 266.306 266.306 266.306 266.306 
266.306 266.306 266.306 266.306 266.306 266.306 266.306 266.306 266.306 266.306 
266.306 266.306 266.306 266.306 266.306 266.306 266.306 266.306 266.306 266.306 
266.306 266.306 266.306 266.306 266.306 266.306 266.306 266.306 266.306 266.306 
266.306 266.306 266.306 266.306 266.306 266.306 266.306 266.306 266.306 266.306 
266.306 266.306 266.306 266.306 266.306 266.306 266.306 266.306 266.306 266.306 
266.306 266.306 266.306 266.306 266.306 266.306 266.306 266.306 266.306 266.306 
266.306 266.306 266.306 266.306 266.306 266.306 266.306 266.306 266.306 266.306 
266.306 266.306 266.306 266.306 266.306 266.306 266.306 266.306 266.306 266.306 
266.306 266.306 266.306 266.306 266.306 266.306 266.306 266.306 266.306 266.306 
266.306 266.306 266.306 266.306 266.306 266.306 266.306 266.306 266.306 266.306 
266.306 266.306 266.306 266.306 266.306 266.306 266.306 266.306 266.306 266.306 
266.306 266.306 266.306 266.306 266.306 266.306 266.306 266.306 266.306 266.306 
266.306 266.306 266.306 266.306 266.306 266.306 266.306 266.306 266.306 266.306 
266.306 266.306 266.306 266.306 266.306 266.306 266.306 266.306 266.306 266.306 
266.306 266.306 266.306 266.306 266.306 266.306 266.306 266.306 266.306 266.306 
266.306 266.306 266.306 266.306 266.306 266.306 266.306 266.306 266.306 266.306 
266.306 266.306 266.306 266.306 266.306 266.306 266.306 266.306 266.306 266.306 
266.306 266.306 266.306 266.306 266.306 266.306 266.306 266.306 266.306 266.306 
266.306 266.306 266.306 266.306 266.306 266.306 266.306 266.306 266.306 266.306 
266.306 266.306 266.306 266.306 266.306 266.306 266.306 266.306 266.306 266.306 
266.306 266.306 266.306 266.306 266.306 266.306 266.306 266.306 266.306 266.306 
266.306 266.306 266.306 266.306 266.306 266.306 266.306 266.306 266.306 266.306 
266.306 266.306 266.306 266.306 266.306 266.306 266.306 266.306 266.306 266.306 
266.306 266.306 266.306 266.306 266.306 266.306 266.306 266.306 266.306 266.306 
266.306 266.306 266.306 266.306 266.306 266.306 266.306 266.306 266.306 266.306 
266.306 266.306 266.306 266.306 266.306 266.306 266.306 266.306 266.306 266.306 
266.306 266.306 266.306 266.306 266.306 266.306 266.306 266.306 266.306 266.306 
266.306 266.306 266.306 266.306 266.306 266.306 266.306 266.306 266.306 266.306 
266.306 266.306 266.306 266.306 266.306 266.306 266.306 266.306 266.306 266.306 
266.306 266.306 266.306 266.306 266.306 266.306 266.306 266.306 266.306 266.306 
266.306 266.306 266.306 266.306 266.306 266.306 266.306 266.306 266.306 266.306 
266.306 266.306 266.306 266.306 266.306 266.306 266.306 266.306 266.306 266.306 
266.306 266.306 266.306 266.306 266.306 266.306 266.306 266.306 266.306 266.306 
266.306 266.306 266.306 266.306 266.306 266.306 266.306 266.306 266.306 266.306 
266.306 266.306 266.306 266.306 266.306 266.306 266.306 266.306 266.306 266.306 
266.306 266.306 266.306 266.306 266.306 266.306 266.306 266.306 266.306 266.306 
266.306 266.306 266.306 266.306 266.306 266.306 266.306 266.306 266.306 266.306 
266.306 266.306 266.306 266.306 266.306 266.306 266.306 266.306 266.306 266.306 
266.306 266.306 266.306 266.306 266.306 266.306 266.306 266.306 266.306 266.306 
266.306 266.306 266.306 266.306 266.306 266.306 266.306 266.306 266.306 266.306 
266.306 266.306 266.306 266.306 266.306 266.306 266.306 266.306 266.306 266.306 
266.306 266.306 266.306 266.306 266.306 266.306 266.306 266.306 266.306 266.306 
266.306 266.306 266.306 266.306 266.306 266.306 266.306 266.306 266.306 266.306 
266.306 266.306 266.306 266.306 266.306 266.306 266.306 266.306 266.306 266.306 
266.306 266.306 266.306 266.306 266.306 266.306 266.306 266.306 266.306 266.306 
266.306 266.306 266.306 266.306 266.306 266.306 266.306 266.306 266.306 266.306 
266.306 266.306 266.306 266.306 266.306 266.306 266.306 266.306 266.306 266.306 
266.306 266.306 266.306 266.306 266.306 266.306 266.306 266.306 266.306 266.306 
266.306 266.306 266.306 266.306 266.306 266.306 266.306 266.306 266.306 266.306 
266.306 266.306 266.306 266.306 266.306 266.306 266.306 266.306 266.306 266.306 
266.306 266.306 266.306 266.306 266.306 266.306 266.306 266.306 266.306 266.306 
266.306 266.306 266.306 266.306 266.306 266.306 266.306 266.306 266.306 266.306 
266.306 266.306 266.306 266.306 266.306 266.306 266.306 266.306 266.306 266.306 
266.306 266.306 266.306 266.306 266.306 266.306 266.306 266.306 266.306 266.306 
266.306 266.306 266.306 266.306 266.306 266.306 266.306 266.306 266.306 266.306 
266.306 266.306 266.306 266.306 266.306 266.306 266.306 266.306 266.306 266.306 
266.306 266.306 266.306 266.306 266.306 266.306 266.306 266.306 266.306 266.306 
266.306 266.306 266.306 266.306 266.306 266.306 266.306 266.306 266.306 266.306 
266.306 266.306 266.306 266.306 266.306 266.306 266.306 266.306 266.306 266.306 
266.306 266.306 266.306 266.306 266.306 266.306 266.306 266.306 266.306 266.306 
266.306 266.306 266.306 266.306 266.306 266.306 266.306 266.306 266.306 266.306 
266.306 266.306 266.306 266.306 266.306 266.306 266.306 266.306 266.306 266.306 
266.306 266.306 266.306 266.306 266.306 266.306 266.306 266.306 266.306 266.306 
266.306 266.306 266.306 266.306 266.306 266.306 266.306 266.306 266.306 266.306 
266.306 266.306 266.306 266.306 266.306 266.306 266.306 266.306 266.306 266.306 
266.306 266.306 266.306 266.306 266.306 266.306 266.306 266.306 266.306 266.306 
266.306 266.306 266.306 266.306 266.306 266.306 266.306 266.306 266.306 266.306 
266.306 266.306 266.306 266.306 266.306 266.306 266.306 266.306 266.306 266.306 
266.306 266.306 266.306 266.306 266.306 266.306 266.306 266.306 266.306 266.306 
266.306 266.306 266.306 266.306 266.306 266.306 266.306 266.306 266.306 266.306 
266.306 266.306 266.306 266.306 266.306 266.306 266.306 266.306 266.306 266.306 
266.306 266.306 266.306 266.306 266.306 266.306 266.306 266.306 266.306 266.306 
266.306 266.306 266.306 266.306 266.306 266.306 266.306 266.306 266.306 266.306 
266.306 266.306 266.306 266.306 266.306 266.306 266.306 266.306 266.306 266.306 
266.306 266.306 266.306 266.306 266.306 266.306 266.306 266.306 266.306 266.306 
266.306 266.306 266.306 266.306 266.306 266.306 266.306 266.306 266.306 266.306 
266.306 266.306 266.306 266.306 266.306 266.306 266.306 266.306 266.306 266.306 
266.306 266.306 266.306 266.306 266.306 266.306 266.306 266.306 266.306 266.306 
266.306 266.306 266.306 266.306 266.306 266.306 266.306 266.306 266.306 266.306 
266.306 266.306 266.306 266.306 266.306 266.306 266.306 266.306 266.306 266.306 
266.306 266.306 266.306 266.306 266.306 266.306 266.306 266.306 266.306 266.306 
266.306 266.306 266.306 266.306 266.306 266.306 266.306 266.306 266.306 266.306 
266.306 266.306 266.306 266.306 266.306 266.306 266.306 266.306 266.306 266.306 
266.306 266.306 266.306 266.306 266.306 266.306 266.306 266.306 266.306 266.306 
266.306 266.306 266.306 266.306 266.306 266.306 266.306 266.306 266.306 266.306 
266.306 266.306 266.306 266.306 266.306 266.306 266.306 266.306 266.306 266.306 
266.306 266.306 266.306 266.306 266.306 266.306 266.306 266.306 266.306 266.306 
266.306 266.306 266.306 266.306 266.306 266.306 266.306 266.306 266.306 266.306 
266.306 266.306 266.306 266.306 266.306 266.306 266.306 266.306 266.306 266.306 
266.306 266.306 266.306 266.306 266.306 266.306 266.306 266.306 266.306 266.306 
266.306 266.306 266.306 266.306 266.306 266.306 266.306 266.306 266.306 266.306 
266.306 266.306 266.306 266.306 266.306 266.306 266.306 266.306 266.306 266.306 
266.306 266.306 266.306 266.306 266.306 266.306 266.306 266.306 266.306 266.306 
266.306 266.306 266.306 266.306 266.306 266.306 266.306 266.306 266.306 266.306 
266.306 266.306 266.306 266.306 266.306 266.306 266.306 266.306 266.306 266.306 
266.306 266.306 266.306 266.306 266.306 266.306 266.306 266.306 266.306 266.306 
266.306 266.306 266.306 266.306 266.306 266.306 266.306 266.306 266.306 266.306 
266.306 266.306 266.306 266.306 266.306 SCALARS Max_Aperture_mm float 1
LOOKUP_TABLE default
403.34 403.34 403.34 403.34 403.34 403.34 403.34 403.34 403.34 
403.34 403.34 403.34 403.34 403.34 403.34 403.34 403.34 403.34 403.34 
403.34 403.34 403.34 403.34 403.34 403.34 403.34 403.34 403.34 403.34 
403.34 403.34 403.34 403.34 403.34 403.34 403.34 403.34 403.34 403.34 
403.34 403.34 403.34 403.34 403.34 403.34 403.34 403.34 403.34 403.34 
403.34 403.34 403.34 403.34 403.34 403.34 403.34 403.34 403.34 403.34 
403.34 403.34 403.34 403.34 403.34 403.34 403.34 403.34 403.34 403.34 
403.34 403.34 403.34 403.34 403.34 403.34 403.34 403.34 403.34 403.34 
403.34 403.34 403.34 403.34 403.34 403.34 403.34 403.34 403.34 400.153 
400.153 400.153 400.153 400.153 400.153 400.153 400.153 400.153 400.153 400.153 
400.153 400.153 400.153 400.153 400.153 400.153 400.153 400.153 400.153 400.153 
400.153 400.153 400.153 400.153 400.153 400.153 400.153 400.153 400.153 400.153 
400.153 400.153 400.153 400.153 400.153 400.153 400.153 400.153 400.153 400.153 
400.153 400.153 400.153 400.153 400.153 400.153 400.153 400.153 400.153 400.153 
400.153 400.153 400.153 400.153 400.153 400.153 400.153 400.153 400.153 400.153 
400.153 400.153 400.153 400.153 400.153 400.153 400.153 400.153 400.153 400.153 
400.153 400.153 400.153 400.153 400.153 400.153 400.153 400.153 400.153 400.153 
400.153 400.153 400.153 400.153 400.153 400.153 400.153 400.153 400.153 400.153 
400.153 400.153 400.153 400.153 400.153 400.153 400.153 400.153 400.153 400.153 
400.153 400.153 400.153 400.153 400.153 400.153 400.153 400.153 400.153 400.153 
400.153 400.153 400.153 400.153 400.153 400.153 400.153 400.153 400.153 400.153 
400.153 400.153 400.153 400.153 400.153 400.153 400.153 400.153 400.153 400.153 
400.153 400.153 400.153 400.153 400.153 400.153 400.153 400.153 400.153 400.153 
400.153 400.153 400.153 400.153 400.153 400.153 400.153 400.153 400.153 400.153 
400.153 400.153 400.153 400.153 400.153 400.153 400.153 400.153 400.153 400.153 
400.153 400.153 400.153 400.153 400.153 400.153 400.153 400.153 400.153 400.153 
400.153 400.153 400.153 400.153 400.153 400.153 400.153 400.153 400.153 400.153 
400.153 400.153 400.153 400.153 400.153 400.153 400.153 400.153 400.153 400.153 
400.153 400.153 400.153 400.153 400.153 400.153 400.153 400.153 400.153 400.153 
400.153 400.153 400.153 400.153 400.153 400.153 400.153 400.153 400.153 400.153 
400.153 400.153 400.153 400.153 400.153 400.153 400.153 400.153 400.153 400.153 
400.153 400.153 400.153 400.153 400.153 400.153 400.153 400.153 400.153 400.153 
400.153 400.153 400.153 400.153 400.153 400.153 400.153 400.153 400.153 400.153 
400.153 400.153 400.153 400.153 400.153 400.153 400.153 400.153 400.153 400.153 
400.153 400.153 400.153 400.153 400.153 400.153 400.153 400.153 400.153 400.153 
400.153 400.153 400.153 400.153 400.153 400.153 400.153 400.153 400.153 400.153 
400.153 400.153 400.153 400.153 400.153 400.153 400.153 400.153 400.153 400.153 
400.153 400.153 400.153 400.153 400.153 400.153 400.153 400.153 400.153 400.153 
400.153 400.153 400.153 400.153 400.153 400.153 400.153 400.153 400.153 400.153 
400.153 400.153 400.153 400.153 400.153 400.153 400.153 400.153 400.153 400.153 
400.153 400.153 400.153 400.153 400.153 400.153 400.153 400.153 400.153 400.153 
400.153 400.153 400.153 400.153 400.153 400.153 400.153 400.153 400.153 400.153 
400.153 400.153 400.153 400.153 400.153 400.153 400.153 400.153 400.153 400.153 
400.153 400.153 400.153 400.153 400.153 400.153 400.153 400.153 400.153 400.153 
400.153 400.153 400.153 400.153 400.153 400.153 400.153 400.153 400.153 400.153 
400.153 400.153 400.153 400.153 400.153 400.153 400.153 400.153 400.153 400.153 
400.153 400.153 400.153 400.153 400.153 400.153 400.153 400.153 400.153 400.153 
400.153 400.153 400.153 400.153 400.153 400.153 400.153 400.153 400.153 400.153 
400.153 400.153 400.153 400.153 400.153 400.153 400.153 400.153 400.153 400.153 
400.153 400.153 400.153 400.153 400.153 400.153 400.153 400.153 400.153 400.153 
400.153 400.153 400.153 400.153 400.153 400.153 400.153 400.153 400.153 400.153 
400.153 400.153 400.153 400.153 400.153 400.153 400.153 400.153 400.153 400.153 
400.153 400.153 400.153 400.153 400.153 400.153 400.153 400.153 400.153 400.153 
400.153 400.153 400.153 400.153 400.153 400.153 400.153 400.153 400.153 400.153 
400.153 400.153 400.153 400.153 400.153 400.153 400.153 400.153 400.153 400.153 
400.153 400.153 400.153 400.153 400.153 400.153 400.153 400.153 400.153 400.153 
400.153 400.153 400.153 400.153 400.153 400.153 400.153 400.153 400.153 400.153 
400.153 400.153 400.153 400.153 400.153 400.153 400.153 400.153 400.153 400.153 
400.153 400.153 400.153 400.153 400.153 400.153 400.153 400.153 400.153 400.153 
400.153 400.153 400.153 400.153 400.153 400.153 400.153 400.153 400.153 400.153 
400.153 400.153 400.153 400.153 400.153 400.153 400.153 400.153 400.153 400.153 
400.153 400.153 400.153 400.153 400.153 400.153 400.153 400.153 400.153 400.153 
400.153 400.153 400.153 400.153 400.153 400.153 400.153 400.153 400.153 400.153 
400.153 400.153 400.153 400.153 400.153 400.153 400.153 400.153 400.153 400.153 
400.153 400.153 400.153 400.153 400.153 400.153 400.153 400.153 400.153 400.153 
400.153 400.153 400.153 400.153 400.153 400.153 400.153 400.153 400.153 400.153 
400.153 400.153 400.153 400.153 400.153 400.153 400.153 400.153 400.153 400.153 
400.153 400.153 400.153 400.153 400.153 400.153 400.153 400.153 400.153 400.153 
400.153 400.153 400.153 400.153 400.153 400.153 400.153 400.153 400.153 400.153 
400.153 400.153 400.153 400.153 400.153 400.153 400.153 400.153 400.153 400.153 
400.153 400.153 400.153 400.153 400.153 400.153 400.153 400.153 400.153 400.153 
400.153 400.153 400.153 400.153 400.153 400.153 400.153 400.153 400.153 400.153 
400.153 400.153 400.153 400.153 400.153 400.153 400.153 400.153 400.153 400.153 
400.153 400.153 400.153 400.153 400.153 400.153 400.153 400.153 400.153 400.153 
400.153 400.153 400.153 400.153 400.153 400.153 400.153 400.153 400.153 400.153 
400.153 400.153 400.153 400.153 400.153 400.153 400.153 400.153 400.153 400.153 
400.153 400.153 400.153 400.153 400.153 400.153 400.153 400.153 400.153 400.153 
400.153 400.153 400.153 400.153 400.153 400.153 400.153 400.153 400.153 400.153 
400.153 400.153 400.153 400.153 400.153 400.153 400.153 400.153 400.153 400.153 
400.153 400.153 400.153 400.153 400.153 400.153 400.153 400.153 400.153 400.153 
400.153 400.153 400.153 400.153 400.153 400.153 400.153 400.153 400.153 400.153 
400.153 400.153 400.153 400.153 400.153 400.153 400.153 400.153 400.153 400.153 
400.153 400.153 400.153 400.153 400.153 400.153 400.153 400.153 400.153 400.153 
400.153 400.153 400.153 400.153 400.153 400.153 400.153 400.153 400.153 400.153 
400.153 400.153 400.153 400.153 400.153 400.153 400.153 400.153 400.153 400.153 
400.153 400.153 400.153 400.153 400.153 400.153 400.153 400.153 400.153 400.153 
400.153 400.153 400.153 400.153 400.153 400.153 400.153 400.153 400.153 400.153 
400.153 400.153 400.153 400.153 400.153 400.153 400.153 400.153 400.153 400.153 
400.153 394.368 394.368 394.368 394.368 394.368 394.368 394.368 394.368 394.368 
394.368 394.368 394.368 394.368 394.368 394.368 394.368 394.368 394.368 394.368 
394.368 394.368 394.368 394.368 394.368 394.368 394.368 394.368 394.368 394.368 
394.368 394.368 394.368 394.368 394.368 394.368 394.368 394.368 394.368 394.368 
394.368 394.368 394.368 394.368 394.368 394.368 394.368 394.368 394.368 394.368 
394.368 394.368 394.368 394.368 394.368 394.368 394.368 394.368 394.368 394.368 
394.368 394.368 394.368 394.368 394.368 394.368 394.368 394.368 394.368 394.368 
394.368 394.368 394.368 394.368 394.368 394.368 394.368 394.368 394.368 394.368 
394.368 394.368 394.368 394.368 394.368 394.368 394.368 394.368 394.368 394.368 
394.368 394.368 394.368 394.368 394.368 394.368 394.368 394.368 394.368 394.368 
394.368 394.368 394.368 394.368 394.368 394.368 394.368 394.368 394.368 394.368 
394.368 394.368 394.368 394.368 394.368 394.368 394.368 394.368 394.368 394.368 
394.368 394.368 394.368 394.368 394.368 394.368 394.368 394.368 394.368 394.368 
394.368 394.368 394.368 394.368 394.368 394.368 394.368 394.368 394.368 394.368 
394.368 394.368 394.368 394.368 394.368 394.368 394.368 394.368 394.368 394.368 
394.368 394.368 394.368 394.368 394.368 394.368 394.368 394.368 394.368 394.368 
394.368 394.368 394.368 394.368 394.368 394.368 394.368 394.368 394.368 402 
402 402 402 402 402 402 402 402 402 402 
402 402 402 402 402 402 402 402 402 402 
402 402 402 402 402 402 402 402 402 402 
402 402 402 402 402 402 402 402 402 402 
402 402 402 402 402 402 402 402 402 402 
402 402 402 402 402 402 402 402 402 402 
402 402 402 402 402 402 402 402 402 402 
402 402 402 402 402 402 402 402 402 402 
402 402 402 402 402 402 402 402 402 402 
402 402 402 402 402 402 402 402 402 402 
402 402 402 402 402 402 402 402 402 402 
402 402 402 402 402 402 402 402 402 402 
402 402 402 402 402 402 402 402 402 402 
402 402 402 402 402 402 402 402 402 402 
402 402 402 402 402 402 402 402 402 402 
402 402 402 402 402 402 402 402 402 402 
402 402 402 402 402 402 402 402 402 402 
402 402 402 402 402 402 402 402 402 402 
402 402 402 402 402 402 402 402 402 402 
402 402 402 402 402 402 402 402 402 402 
402 402 402 402 402 402 402 402 402 402 
402 402 402 402 402 402 402 402 402 402 
402 402 402 402 402 402 402 402 402 402 
402 402 402 402 402 402 402 402 402 402 
402 402 402 402 402 402 402 402 402 402 
402 402 402 402 402 402 402 402 402 402 
402 402 402 402 402 402 402 402 402 402 
402 402 402 402 402 402 402 402 402 402 
402 402 402 402 402 402 402 402 402 402 
402 402 402 402 402 402 402 402 402 402 
402 402 402 402 402 402 402 402 402 402 
402 402 402 402 402 402 402 402 402 402 
402 402 402 402 402 402 402 402 402 402 
402 402 402 402 402 402 402 402 402 402 
402 402 402 402 402 402 402 402 402 402 
402 402 402 402 402 402 402 402 402 402 
402 402 402 402 402 402 402 402 402 402 
402 402 402 402 402 402 402 402 402 402 
402 402 402 402 402 402 402 402 402 402 
402 402 402 402 402 402 402 402 402 402 
402 402 402 402 402 402 402 402 402 402 
402 402 402 402 402 402 402 402 402 402 
402 402 402 402 402 402 402 402 402 402 
402 402 402 402 402 402 402 402 402 402 
402 402 402 402 402 402 402 402 402 402 
402 402 402 402 402 402 402 402 402 402 
402 402 402 402 402 402 402 402 402 402 
402 402 402 402 402 402 402 402 402 402 
402 402 402 402 402 402 402 402 402 402 
402 402 402 402 402 402 402 402 402 402 
402 402 402 402 402 402 402 402 402 402 
402 402 402 402 402 402 402 402 402 402 
402 402 402 402 402 402 402 402 402 402 
402 402 402 402 402 402 402 402 402 402 
402 402 402 402 402 402 402 402 402 402 
402 402 402 402 402 402 402 402 402 402 
402 402 402 402 402 402 402 402 402 402 
402 402 402 402 402 402 402 402 402 402 
402 402 402 402 402 402 402 402 402 402 
402 402 402 402 402 402 402 402 402 402 
402 402 402 402 402 402 402 402 402 402 
402 402 402 402 402 402 402 402 402 402 
402 402 402 402 402 402 402 402 402 402 
402 402 402 402 402 402 402 402 402 402 
402 402 402 402 402 402 402 402 402 402 
402 402 402 402 402 402 402 402 402 402 
402 402 402 402 402 402 402 402 402 402 
402 402 402 402 402 402 402 402 402 402 
402 402 402 402 402 402 402 402 402 402 
402 402 402 402 402 402 402 402 402 402 
402 402 402 402 402 402 402 402 402 402 
402 402 402 402 402 402 402 402 402 402 
402 402 402 402 402 402 402 402 402 402 
402 402 402 402 402 402 402 402 402 402 
402 402 402 402 402 402 402 357.394 357.394 357.394 
357.394 357.394 357.394 357.394 357.394 357.394 357.394 357.394 357.394 357.394 
357.394 357.394 357.394 357.394 357.394 357.394 357.394 357.394 357.394 357.394 
357.394 357.394 357.394 357.394 357.394 357.394 357.394 357.394 357.394 357.394 
357.394 357.394 357.394 357.394 357.394 357.394 357.394 357.394 357.394 357.394 
357.394 357.394 357.394 357.394 357.394 357.394 357.394 357.394 357.394 357.394 
357.394 357.394 357.394 357.394 357.394 357.394 357.394 357.394 357.394 357.394 
357.394 357.394 357.394 357.394 357.394 357.394 357.394 357.394 357.394 357.394 
357.394 357.394 357.394 357.394 357.394 357.394 357.394 357.394 357.394 357.394 
357.394 357.394 357.394 357.394 357.394 357.394 357.394 357.394 357.394 357.394 
357.394 357.394 357.394 357.394 357.394 357.394 357.394 357.394 357.394 357.394 
357.394 357.394 357.394 357.394 357.394 357.394 357.394 357.394 357.394 442.999 
442.999 442.999 442.999 442.999 442.999 442.999 442.999 442.999 442.999 442.999 
442.999 442.999 442.999 442.999 442.999 442.999 442.999 442.999 442.999 442.999 
442.999 442.999 442.999 442.999 442.999 442.999 442.999 442.999 442.999 442.999 
442.999 442.999 442.999 442.999 442.999 442.999 442.999 442.999 442.999 442.999 
442.999 442.999 442.999 420.975 420.975 420.975 420.975 420.975 420.975 420.975 
420.975 420.975 420.975 420.975 420.975 420.975 420.975 420.975 420.975 420.975 
420.975 420.975 420.975 420.975 420.975 420.975 420.975 420.975 420.975 420.975 
420.975 420.975 420.975 420.975 420.975 420.975 420.975 420.975 420.975 420.975 
420.975 420.975 420.975 420.975 420.975 420.975 420.975 420.975 420.975 420.975 
420.975 420.975 420.975 420.975 420.975 420.975 420.975 420.975 420.975 420.975 
420.975 420.975 420.975 420.975 420.975 420.975 420.975 420.975 420.975 420.975 
420.975 420.975 420.975 420.975 420.975 420.975 420.975 420.975 420.975 420.975 
420.975 420.975 420.975 420.975 420.975 420.975 420.975 420.975 420.975 420.975 
420.975 420.975 420.975 420.975 420.975 420.975 420.975 420.975 420.975 420.975 
420.975 420.975 420.975 420.975 420.975 420.975 420.975 420.975 420.975 420.975 
420.975 420.975 420.975 420.975 420.975 420.975 420.975 420.975 420.975 420.975 
420.975 420.975 420.975 420.975 420.975 420.975 420.975 420.975 420.975 420.975 
420.975 420.975 420.975 420.975 420.975 420.975 420.975 420.975 420.975 420.975 
420.975 420.975 420.975 420.975 420.975 420.975 420.975 420.975 420.975 420.975 
420.975 420.975 420.975 420.975 420.975 420.975 420.975 420.975 420.975 420.975 
420.975 420.975 420.975 420.975 420.975 420.975 420.975 420.975 420.975 420.975 
420.975 420.975 420.975 420.975 420.975 420.975 420.975 420.975 420.975 420.975 
420.975 420.975 420.975 420.975 420.975 420.975 420.975 420.975 420.975 420.975 
420.975 420.975 420.975 420.975 420.975 420.975 420.975 420.975 420.975 420.975 
420.975 420.975 420.975 420.975 420.975 420.975 420.975 420.975 420.975 420.975 
420.975 420.975 420.975 420.975 420.975 420.975 420.975 420.975 420.975 420.975 
420.975 420.975 420.975 420.975 420.975 420.975 420.975 420.975 420.975 420.975 
420.975 420.975 420.975 420.975 420.975 420.975 420.975 420.975 420.975 420.975 
420.975 420.975 420.975 394.368 394.368 394.368 394.368 394.368 394.368 394.368 
394.368 394.368 394.368 394.368 394.368 394.368 394.368 394.368 394.368 394.368 
394.368 394.368 394.368 394.368 394.368 394.368 394.368 394.368 394.368 394.368 
394.368 394.368 394.368 394.368 394.368 394.368 394.368 394.368 394.368 394.368 
394.368 394.368 394.368 394.368 394.368 394.368 394.368 394.368 394.368 394.368 
394.368 394.368 394.368 394.368 394.368 394.368 394.368 394.368 394.368 394.368 
394.368 394.368 394.368 394.368 394.368 394.368 394.368 394.368 394.368 394.368 
394.368 394.368 394.368 394.368 394.368 394.368 394.368 394.368 394.368 394.368 
394.368 394.368 394.368 394.368 394.368 394.368 394.368 394.368 394.368 394.368 
394.368 394.368 394.368 394.368 394.368 394.368 394.368 394.368 394.368 394.368 
394.368 394.368 394.368 394.368 394.368 394.368 394.368 394.368 394.368 394.368 
394.368 394.368 394.368 394.368 394.368 394.368 394.368 394.368 394.368 394.368 
394.368 394.368 394.368 394.368 394.368 394.368 394.368 394.368 394.368 394.368 
394.368 394.368 394.368 394.368 394.368 394.368 394.368 394.368 394.368 394.368 
394.368 394.368 394.368 394.368 394.368 394.368 394.368 394.368 394.368 394.368 
394.368 394.368 394.368 394.368 394.368 394.368 394.368 394.368 394.368 394.368 
394.368 394.368 394.368 394.368 394.368 394.368 394.368 394.368 394.368 394.368 
394.368 357.394 357.394 357.394 357.394 357.394 357.394 357.394 357.394 357.394 
357.394 357.394 357.394 357.394 357.394 357.394 357.394 357.394 357.394 357.394 
357.394 357.394 357.394 357.394 357.394 357.394 357.394 357.394 357.394 357.394 
357.394 357.394 357.394 357.394 357.394 357.394 357.394 357.394 357.394 357.394 
357.394 357.394 357.394 357.394 357.394 357.394 357.394 357.394 357.394 357.394 
357.394 357.394 357.394 357.394 357.394 357.394 357.394 357.394 357.394 357.394 
357.394 357.394 357.394 357.394 357.394 357.394 357.394 357.394 357.394 357.394 
357.394 357.394 357.394 357.394 357.394 357.394 357.394 357.394 357.394 357.394 
357.394 357.394 357.394 357.394 357.394 357.394 357.394 357.394 357.394 357.394 
357.394 357.394 357.394 357.394 357.394 357.394 357.394 357.394 357.394 357.394 
357.394 357.394 357.394 357.394 357.394 357.394 357.394 357.394 357.394 357.394 
357.394 357.394 357.394 442.999 442.999 442.999 442.999 442.999 442.999 442.999 
442.999 442.999 442.999 442.999 442.999 442.999 442.999 442.999 442.999 442.999 
442.999 442.999 442.999 442.999 442.999 442.999 442.999 442.999 442.999 442.999 
442.999 442.999 442.999 442.999 442.999 442.999 442.999 442.999 442.999 442.999 
442.999 442.999 442.999 442.999 442.999 442.999 442.999 394.368 394.368 394.368 
394.368 394.368 394.368 394.368 394.368 394.368 394.368 394.368 394.368 394.368 
394.368 394.368 394.368 394.368 394.368 394.368 394.368 394.368 394.368 394.368 
394.368 394.368 394.368 394.368 394.368 394.368 394.368 394.368 394.368 394.368 
394.368 394.368 394.368 394.368 394.368 394.368 394.368 394.368 394.368 394.368 
394.368 394.368 394.368 394.368 394.368 394.368 394.368 394.368 394.368 394.368 
394.368 394.368 394.368 394.368 394.368 394.368 394.368 394.368 394.368 394.368 
394.368 394.368 394.368 394.368 394.368 394.368 394.368 394.368 394.368 394.368 
394.368 394.368 394.368 394.368 394.368 394.368 394.368 394.368 394.368 394.368 
394.368 394.368 394.368 394.368 394.368 394.368 394.368 394.368 394.368 394.368 
394.368 394.368 394.368 394.368 394.368 394.368 394.368 394.368 394.368 394.368 
394.368 394.368 394.368 394.368 394.368 394.368 394.368 394.368 394.368 394.368 
394.368 394.368 394.368 394.368 394.368 394.368 394.368 394.368 394.368 394.368 
394.368 394.368 394.368 394.368 394.368 394.368 394.368 394.368 394.368 394.368 
394.368 394.368 394.368 394.368 394.368 394.368 394.368 394.368 394.368 394.368 
394.368 394.368 394.368 394.368 394.368 394.368 394.368 394.368 394.368 394.368 
394.368 394.368 394.368 394.368 394.368 394.368 394.368 394.368 394.368 394.368 
394.368 394.368 394.368 394.368 394.368 357.394 357.394 357.394 357.394 357.394 
357.394 357.394 357.394 357.394 357.394 357.394 357.394 357.394 357.394 357.394 
357.394 357.394 357.394 357.394 357.394 357.394 357.394 357.394 357.394 357.394 
357.394 357.394 357.394 357.394 357.394 357.394 357.394 357.394 357.394 357.394 
357.394 357.394 357.394 357.394 357.394 357.394 357.394 357.394 357.394 357.394 
357.394 357.394 357.394 357.394 357.394 357.394 357.394 357.394 357.394 357.394 
357.394 357.394 357.394 357.394 357.394 357.394 357.394 357.394 357.394 357.394 
357.394 357.394 357.394 357.394 357.394 357.394 357.394 357.394 357.394 357.394 
357.394 357.394 357.394 357.394 357.394 357.394 357.394 357.394 357.394 357.394 
357.394 357.394 357.394 357.394 357.394 357.394 357.394 357.394 357.394 357.394 
357.394 357.394 357.394 357.394 357.394 357.394 357.394 357.394 357.394 357.394 
357.394 357.394 357.394 357.394 357.394 357.394 357.394 442.999 442.999 442.999 
442.999 442.999 442.999 442.999 442.999 442.999 442.999 442.999 442.999 442.999 
442.999 442.999 442.999 442.999 442.999 442.999 442.999 442.999 442.999 442.999 
442.999 442.999 442.999 442.999 442.999 442.999 442.999 442.999 442.999 442.999 
442.999 442.999 442.999 442.999 442.999 442.999 442.999 442.999 442.999 442.999 
442.999 485.367 485.367 485.367 485.367 485.367 485.367 485.367 485.367 485.367 
485.367 485.367 485.367 485.367 485.367 485.367 485.367 485.367 485.367 485.367 
485.367 485.367 485.367 485.367 485.367 485.367 485.367 485.367 485.367 485.367 
485.367 485.367 485.367 485.367 485.367 485.367 485.367 485.367 485.367 485.367 
485.367 485.367 485.367 485.367 485.367 485.367 485.367 485.367 485.367 485.367 
485.367 485.367 485.367 485.367 485.367 485.367 485.367 485.367 485.367 485.367 
485.367 485.367 485.367 485.367 485.367 485.367 485.367 485.367 485.367 485.367 
485.367 485.367 485.367 485.367 485.367 485.367 485.367 485.367 485.367 485.367 
485.367 485.367 485.367 485.367 485.367 485.367 485.367 485.367 485.367 485.367 
485.367 485.367 485.367 485.367 485.367 485.367 485.367 485.367 485.367 485.367 
485.367 485.367 485.367 485.367 485.367 485.367 485.367 485.367 485.367 485.367 
485.367 485.367 485.367 485.367 485.367 485.367 485.367 485.367 485.367 485.367 
485.367 485.367 485.367 485.367 485.367 485.367 485.367 485.367 485.367 485.367 
485.367 485.367 485.367 485.367 485.367 485.367 485.367 485.367 485.367 485.367 
485.367 485.367 485.367 485.367 485.367 485.367 485.367 485.367 485.367 485.367 
485.367 485.367 485.367 485.367 485.367 485.367 485.367 485.367 485.367 485.367 
485.367 485.367 485.367 485.367 485.367 485.367 485.367 485.367 485.367 485.367 
485.367 485.367 485.367 485.367 485.367 485.367 485.367 485.367 485.367 485.367 
485.367 485.367 485.367 485.367 485.367 485.367 485.367 485.367 485.367 485.367 
485.367 485.367 485.367 485.367 485.367 485.367 485.367 485.367 485.367 485.367 
485.367 485.367 485.367 485.367 485.367 485.367 485.367 485.367 485.367 485.367 
485.367 485.367 485.367 485.367 485.367 485.367 485.367 485.367 485.367 485.367 
485.367 485.367 485.367 485.367 485.367 485.367 485.367 485.367 485.367 485.367 
485.367 485.367 485.367 485.367 485.367 485.367 485.367 485.367 485.367 485.367 
485.367 394.368 394.368 394.368 394.368 394.368 394.368 394.368 394.368 394.368 
394.368 394.368 394.368 394.368 394.368 394.368 394.368 394.368 394.368 394.368 
394.368 394.368 394.368 394.368 394.368 394.368 394.368 394.368 394.368 394.368 
394.368 394.368 394.368 394.368 394.368 394.368 394.368 394.368 394.368 394.368 
394.368 394.368 394.368 394.368 394.368 394.368 394.368 394.368 394.368 394.368 
394.368 394.368 394.368 394.368 394.368 394.368 394.368 394.368 394.368 394.368 
394.368 394.368 394.368 394.368 394.368 394.368 394.368 394.368 394.368 394.368 
394.368 394.368 394.368 394.368 394.368 394.368 394.368 394.368 394.368 394.368 
394.368 394.368 394.368 394.368 394.368 394.368 394.368 394.368 394.368 394.368 
394.368 394.368 394.368 394.368 394.368 394.368 394.368 394.368 394.368 394.368 
394.368 394.368 394.368 394.368 394.368 394.368 394.368 394.368 394.368 394.368 
394.368 394.368 394.368 394.368 394.368 394.368 394.368 394.368 394.368 394.368 
394.368 394.368 394.368 394.368 394.368 394.368 394.368 394.368 394.368 394.368 
394.368 394.368 394.368 394.368 394.368 394.368 394.368 394.368 394.368 394.368 
394.368 394.368 394.368 394.368 394.368 394.368 394.368 394.368 394.368 394.368 
394.368 394.368 394.368 394.368 394.368 394.368 394.368 394.368 394.368 394.368 
394.368 394.368 394.368 394.368 394.368 394.368 394.368 394.368 394.368 357.394 
357.394 357.394 357.394 357.394 357.394 357.394 357.394 357.394 357.394 357.394 
357.394 357.394 357.394 357.394 357.394 357.394 357.394 357.394 357.394 357.394 
357.394 357.394 357.394 357.394 357.394 357.394 357.394 357.394 357.394 357.394 
357.394 357.394 357.394 357.394 357.394 357.394 357.394 357.394 357.394 357.394 
357.394 357.394 357.394 357.394 357.394 357.394 357.394 357.394 357.394 357.394 
357.394 357.394 357.394 357.394 357.394 357.394 357.394 357.394 357.394 357.394 
357.394 357.394 357.394 357.394 357.394 357.394 357.394 357.394 357.394 357.394 
357.394 357.394 357.394 357.394 357.394 357.394 357.394 357.394 357.394 357.394 
357.394 357.394 357.394 357.394 357.394 357.394 357.394 357.394 357.394 357.394 
357.394 357.394 357.394 357.394 357.394 357.394 357.394 357.394 357.394 357.394 
357.394 357.394 357.394 357.394 357.394 357.394 357.394 357.394 357.394 357.394 
357.394 442.999 442.999 442.999 442.999 442.999 442.999 442.999 442.999 442.999 
442.999 442.999 442.999 442.999 442.999 442.999 442.999 442.999 442.999 442.999 
442.999 442.999 442.999 442.999 442.999 442.999 442.999 442.999 442.999 442.999 
442.999 442.999 442.999 442.999 442.999 442.999 442.999 442.999 442.999 442.999 
442.999 442.999 442.999 442.999 442.999 394.368 394.368 394.368 394.368 394.368 
394.368 394.368 394.368 394.368 394.368 394.368 394.368 394.368 394.368 394.368 
394.368 394.368 394.368 394.368 394.368 394.368 394.368 394.368 394.368 394.368 
394.368 394.368 394.368 394.368 394.368 394.368 394.368 394.368 394.368 394.368 
394.368 394.368 394.368 394.368 394.368 394.368 394.368 394.368 394.368 394.368 
394.368 394.368 394.368 394.368 394.368 394.368 394.368 394.368 394.368 394.368 
394.368 394.368 394.368 394.368 394.368 394.368 394.368 394.368 394.368 394.368 
394.368 394.368 394.368 394.368 394.368 394.368 394.368 394.368 394.368 394.368 
394.368 394.368 394.368 394.368 394.368 394.368 394.368 394.368 394.368 394.368 
394.368 394.368 394.368 394.368 394.368 394.368 394.368 394.368 394.368 394.368 
394.368 394.368 394.368 394.368 394.368 394.368 394.368 394.368 394.368 394.368 
394.368 394.368 394.368 394.368 394.368 394.368 394.368 394.368 394.368 394.368 
394.368 394.368 394.368 394.368 394.368 394.368 394.368 394.368 394.368 394.368 
394.368 394.368 394.368 394.368 394.368 394.368 394.368 394.368 394.368 394.368 
394.368 394.368 394.368 394.368 394.368 394.368 394.368 394.368 394.368 394.368 
394.368 394.368 394.368 394.368 394.368 394.368 394.368 394.368 394.368 394.368 
394.368 394.368 394.368 394.368 394.368 394.368 394.368 394.368 394.368 394.368 
394.368 394.368 394.368 357.394 357.394 357.394 357.394 357.394 357.394 357.394 
357.394 357.394 357.394 357.394 357.394 357.394 357.394 357.394 357.394 357.394 
357.394 357.394 357.394 357.394 357.394 357.394 357.394 357.394 357.394 357.394 
357.394 357.394 357.394 357.394 357.394 357.394 357.394 357.394 357.394 357.394 
357.394 357.394 357.394 357.394 357.394 357.394 357.394 357.394 357.394 357.394 
357.394 357.394 357.394 357.394 357.394 357.394 357.394 357.394 357.394 357.394 
357.394 357.394 357.394 357.394 357.394 357.394 357.394 357.394 357.394 357.394 
357.394 357.394 357.394 357.394 357.394 357.394 357.394 357.394 357.394 357.394 
357.394 357.394 357.394 357.394 357.394 357.394 357.394 357.394 357.394 357.394 
357.394 357.394 357.394 357.394 357.394 357.394 357.394 357.394 357.394 357.394 
357.394 357.394 357.394 357.394 357.394 357.394 357.394 357.394 357.394 357.394 
357.394 357.394 357.394 357.394 357.394 442.999 442.999 442.999 442.999 442.999 
442.999 442.999 442.999 442.999 442.999 442.999 442.999 442.999 442.999 442.999 
442.999 442.999 442.999 442.999 442.999 442.999 442.999 442.999 442.999 442.999 
442.999 442.999 442.999 442.999 442.999 442.999 442.999 442.999 442.999 442.999 
442.999 442.999 442.999 442.999 442.999 442.999 442.999 442.999 442.999 527.507 
527.507 527.507 527.507 527.507 527.507 527.507 527.507 527.507 527.507 527.507 
527.507 527.507 527.507 527.507 527.507 527.507 527.507 527.507 527.507 527.507 
527.507 527.507 527.507 527.507 527.507 527.507 527.507 527.507 527.507 527.507 
527.507 527.507 527.507 527.507 527.507 527.507 527.507 527.507 527.507 527.507 
527.507 527.507 527.507 527.507 527.507 527.507 527.507 527.507 527.507 527.507 
527.507 527.507 527.507 527.507 527.507 527.507 527.507 527.507 527.507 527.507 
527.507 527.507 527.507 527.507 527.507 527.507 527.507 527.507 527.507 527.507 
527.507 527.507 527.507 527.507 527.507 527.507 527.507 527.507 527.507 527.507 
527.507 527.507 527.507 527.507 527.507 527.507 527.507 527.507 527.507 527.507 
527.507 527.507 527.507 527.507 527.507 527.507 527.507 527.507 527.507 527.507 
527.507 527.507 527.507 527.507 527.507 527.507 527.507 527.507 527.507 527.507 
527.507 527.507 527.507 527.507 527.507 527.507 527.507 527.507 527.507 527.507 
527.507 527.507 527.507 527.507 527.507 527.507 527.507 527.507 527.507 527.507 
527.507 527.507 527.507 527.507 527.507 527.507 527.507 527.507 527.507 527.507 
527.507 527.507 527.507 527.507 527.507 527.507 527.507 527.507 527.507 527.507 
527.507 527.507 527.507 527.507 527.507 527.507 527.507 527.507 527.507 527.507 
527.507 527.507 527.507 527.507 527.507 527.507 527.507 527.507 527.507 527.507 
527.507 527.507 527.507 527.507 527.507 527.507 527.507 527.507 527.507 527.507 
527.507 527.507 527.507 527.507 527.507 527.507 527.507 527.507 527.507 527.507 
527.507 527.507 527.507 527.507 527.507 527.507 527.507 527.507 527.507 527.507 
527.507 527.507 527.507 527.507 527.507 527.507 527.507 527.507 527.507 527.507 
527.507 527.507 527.507 527.507 527.507 527.507 527.507 527.507 527.507 527.507 
527.507 527.507 527.507 527.507 527.507 527.507 527.507 527.507 527.507 527.507 
527.507 527.507 527.507 527.507 527.507 527.507 527.507 527.507 527.507 394.368 
394.368 394.368 394.368 394.368 394.368 394.368 394.368 394.368 394.368 394.368 
394.368 394.368 394.368 394.368 394.368 394.368 394.368 394.368 394.368 394.368 
394.368 394.368 394.368 394.368 394.368 394.368 394.368 394.368 394.368 394.368 
394.368 394.368 394.368 394.368 394.368 394.368 394.368 394.368 394.368 394.368 
394.368 394.368 394.368 394.368 394.368 394.368 394.368 394.368 394.368 394.368 
394.368 394.368 394.368 394.368 394.368 394.368 394.368 394.368 394.368 394.368 
394.368 394.368 394.368 394.368 394.368 394.368 394.368 394.368 394.368 394.368 
394.368 394.368 394.368 394.368 394.368 394.368 394.368 394.368 394.368 394.368 
394.368 394.368 394.368 394.368 394.368 394.368 394.368 394.368 394.368 394.368 
394.368 394.368 394.368 394.368 394.368 394.368 394.368 394.368 394.368 394.368 
394.368 394.368 394.368 394.368 394.368 394.368 394.368 394.368 394.368 394.368 
394.368 394.368 394.368 394.368 394.368 394.368 394.368 394.368 394.368 394.368 
394.368 394.368 394.368 394.368 394.368 394.368 394.368 394.368 394.368 394.368 
394.368 394.368 394.368 394.368 394.368 394.368 394.368 394.368 394.368 394.368 
394.368 394.368 394.368 394.368 394.368 394.368 394.368 394.368 394.368 394.368 
394.368 394.368 394.368 394.368 394.368 394.368 394.368 394.368 394.368 394.368 
394.368 394.368 394.368 394.368 394.368 394.368 394.368 357.394 357.394 357.394 
357.394 357.394 357.394 357.394 357.394 357.394 357.394 357.394 357.394 357.394 
357.394 357.394 357.394 357.394 357.394 357.394 357.394 357.394 357.394 357.394 
357.394 357.394 357.394 357.394 357.394 357.394 357.394 357.394 357.394 357.394 
357.394 357.394 357.394 357.394 357.394 357.394 357.394 357.394 357.394 357.394 
357.394 357.394 357.394 357.394 357.394 357.394 357.394 357.394 357.394 357.394 
357.394 357.394 357.394 357.394 357.394 357.394 357.394 357.394 357.394 357.394 
357.394 357.394 357.394 357.394 357.394 357.394 357.394 357.394 357.394 357.394 
357.394 357.394 357.394 357.394 357.394 357.394 357.394 357.394 357.394 357.394 
357.394 357.394 357.394 357.394 357.394 357.394 357.394 357.394 357.394 357.394 
357.394 357.394 357.394 357.394 357.394 357.394 357.394 357.394 357.394 357.394 
357.394 357.394 357.394 357.394 357.394 357.394 357.394 357.394 357.394 442.999 
442.999 442.999 442.999 442.999 442.999 442.999 442.999 442.999 442.999 442.999 
442.999 442.999 442.999 442.999 442.999 442.999 442.999 442.999 442.999 442.999 
442.999 442.999 442.999 442.999 442.999 442.999 442.999 442.999 442.999 442.999 
442.999 442.999 442.999 442.999 442.999 442.999 442.999 442.999 442.999 442.999 
442.999 442.999 442.999 394.368 394.368 394.368 394.368 394.368 394.368 394.368 
394.368 394.368 394.368 394.368 394.368 394.368 394.368 394.368 394.368 394.368 
394.368 394.368 394.368 394.368 394.368 394.368 394.368 394.368 394.368 394.368 
394.368 394.368 394.368 394.368 394.368 394.368 394.368 394.368 394.368 394.368 
394.368 394.368 394.368 394.368 394.368 394.368 394.368 394.368 394.368 394.368 
394.368 394.368 394.368 394.368 394.368 394.368 394.368 394.368 394.368 394.368 
394.368 394.368 394.368 394.368 394.368 394.368 394.368 394.368 394.368 394.368 
394.368 394.368 394.368 394.368 394.368 394.368 394.368 394.368 394.368 394.368 
394.368 394.368 394.368 394.368 394.368 394.368 394.368 394.368 394.368 394.368 
394.368 394.368 394.368 394.368 394.368 394.368 394.368 394.368 394.368 394.368 
394.368 394.368 394.368 394.368 394.368 394.368 394.368 394.368 394.368 394.368 
394.368 394.368 394.368 394.368 394.368 394.368 394.368 394.368 394.368 394.368 
394.368 394.368 394.368 394.368 394.368 394.368 394.368 394.368 394.368 394.368 
394.368 394.368 394.368 394.368 394.368 394.368 394.368 394.368 394.368 394.368 
394.368 394.368 394.368 394.368 394.368 394.368 394.368 394.368 394.368 394.368 
394.368 394.368 394.368 394.368 394.368 394.368 394.368 394.368 394.368 394.368 
394.368 394.368 394.368 394.368 394.368 394.368 394.368 394.368 394.368 394.368 
394.368 357.394 357.394 357.394 357.394 357.394 357.394 357.394 357.394 357.394 
357.394 357.394 357.394 357.394 357.394 357.394 357.394 357.394 357.394 357.394 
357.394 357.394 357.394 357.394 357.394 357.394 357.394 357.394 357.394 357.394 
357.394 357.394 357.394 357.394 357.394 357.394 357.394 357.394 357.394 357.394 
357.394 357.394 357.394 357.394 357.394 357.394 357.394 357.394 357.394 357.394 
357.394 357.394 357.394 357.394 357.394 357.394 357.394 357.394 357.394 357.394 
357.394 357.394 357.394 357.394 357.394 357.394 357.394 357.394 357.394 357.394 
357.394 357.394 357.394 357.394 357.394 357.394 357.394 357.394 357.394 357.394 
357.394 357.394 357.394 357.394 357.394 357.394 357.394 357.394 357.394 357.394 
357.394 357.394 357.394 357.394 357.394 357.394 357.394 357.394 357.394 357.394 
357.394 357.394 357.394 357.394 357.394 357.394 357.394 357.394 357.394 357.394 
357.394 357.394 357.394 442.999 442.999 442.999 442.999 442.999 442.999 442.999 
442.999 442.999 442.999 442.999 442.999 442.999 442.999 442.999 442.999 442.999 
442.999 442.999 442.999 442.999 442.999 442.999 442.999 442.999 442.999 442.999 
442.999 442.999 442.999 442.999 442.999 442.999 442.999 442.999 442.999 442.999 
442.999 442.999 442.999 442.999 442.999 442.999 442.999 559.607 559.607 559.607 
559.607 559.607 559.607 559.607 559.607 559.607 559.607 559.607 559.607 559.607 
559.607 559.607 559.607 559.607 559.607 559.607 559.607 559.607 559.607 559.607 
559.607 559.607 559.607 559.607 559.607 559.607 559.607 559.607 559.607 559.607 
559.607 559.607 559.607 559.607 559.607 559.607 559.607 559.607 559.607 559.607 
559.607 559.607 559.607 559.607 559.607 559.607 559.607 559.607 559.607 559.607 
559.607 559.607 559.607 559.607 559.607 559.607 559.607 559.607 559.607 559.607 
559.607 559.607 559.607 559.607 559.607 559.607 559.607 559.607 559.607 559.607 
559.607 559.607 559.607 559.607 559.607 559.607 559.607 559.607 559.607 559.607 
559.607 559.607 559.607 559.607 559.607 559.607 559.607 559.607 559.607 559.607 
559.607 559.607 559.607 559.607 559.607 559.607 559.607 559.607 559.607 559.607 
559.607 559.607 559.607 559.607 559.607 559.607 559.607 559.607 559.607 559.607 
559.607 559.607 559.607 559.607 559.607 559.607 559.607 559.607 559.607 559.607 
559.607 559.607 559.607 559.607 559.607 559.607 559.607 559.607 559.607 559.607 
559.607 559.607 559.607 559.607 559.607 559.607 559.607 559.607 559.607 559.607 
559.607 559.607 559.607 559.607 559.607 559.607 559.607 559.607 559.607 559.607 
559.607 559.607 559.607 559.607 559.607 559.607 559.607 559.607 559.607 559.607 
559.607 559.607 559.607 559.607 559.607 559.607 559.607 559.607 559.607 559.607 
559.607 559.607 559.607 559.607 559.607 559.607 559.607 559.607 559.607 559.607 
559.607 559.607 559.607 559.607 559.607 559.607 559.607 559.607 559.607 559.607 
559.607 559.607 559.607 559.607 559.607 559.607 559.607 559.607 559.607 559.607 
559.607 559.607 559.607 559.607 559.607 559.607 559.607 559.607 559.607 559.607 
559.607 559.607 559.607 559.607 559.607 559.607 559.607 559.607 559.607 559.607 
559.607 559.607 559.607 559.607 559.607 559.607 559.607 559.607 559.607 559.607 
559.607 559.607 559.607 559.607 559.607 559.607 559.607 394.368 394.368 394.368 
394.368 394.368 394.368 394.368 394.368 394.368 394.368 394.368 394.368 394.368 
394.368 394.368 394.368 394.368 394.368 394.368 394.368 394.368 394.368 394.368 
394.368 394.368 394.368 394.368 394.368 394.368 394.368 394.368 394.368 394.368 
394.368 394.368 394.368 394.368 394.368 394.368 394.368 394.368 394.368 394.368 
394.368 394.368 394.368 394.368 394.368 394.368 394.368 394.368 394.368 394.368 
394.368 394.368 394.368 394.368 394.368 394.368 394.368 394.368 394.368 394.368 
394.368 394.368 394.368 394.368 394.368 394.368 394.368 394.368 394.368 394.368 
394.368 394.368 394.368 394.368 394.368 394.368 394.368 394.368 394.368 394.368 
394.368 394.368 394.368 394.368 394.368 394.368 394.368 394.368 394.368 394.368 
394.368 394.368 394.368 394.368 394.368 394.368 394.368 394.368 394.368 394.368 
394.368 394.368 394.368 394.368 394.368 394.368 394.368 394.368 394.368 394.368 
394.368 394.368 394.368 394.368 394.368 394.368 394.368 394.368 394.368 394.368 
394.368 394.368 394.368 394.368 394.368 394.368 394.368 394.368 394.368 394.368 
394.368 394.368 394.368 394.368 394.368 394.368 394.368 394.368 394.368 394.368 
394.368 394.368 394.368 394.368 394.368 394.368 394.368 394.368 394.368 394.368 
394.368 394.368 394.368 394.368 394.368 394.368 394.368 394.368 394.368 394.368 
394.368 394.368 394.368 394.368 394.368 357.394 357.394 357.394 357.394 357.394 
357.394 357.394 357.394 357.394 357.394 357.394 357.394 357.394 357.394 357.394 
357.394 357.394 357.394 357.394 357.394 357.394 357.394 357.394 357.394 357.394 
357.394 357.394 357.394 357.394 357.394 357.394 357.394 357.394 357.394 357.394 
357.394 357.394 357.394 357.394 357.394 357.394 357.394 357.394 357.394 357.394 
357.394 357.394 357.394 357.394 357.394 357.394 357.394 357.394 357.394 357.394 
357.394 357.394 357.394 357.394 357.394 357.394 357.394 357.394 357.394 357.394 
357.394 357.394 357.394 357.394 357.394 357.394 357.394 357.394 357.394 357.394 
357.394 357.394 357.394 357.394 357.394 357.394 357.394 357.394 357.394 357.394 
357.394 357.394 357.394 357.394 357.394 357.394 357.394 357.394 357.394 357.394 
357.394 357.394 357.394 357.394 357.394 357.394 357.394 357.394 357.394 357.394 
357.394 357.394 357.394 357.394 357.394 357.394 357.394 442.999 442.999 442.999 
442.999 442.999 442.999 442.999 442.999 442.999 442.999 442.999 442.999 442.999 
442.999 442.999 442.999 442.999 442.999 442.999 442.999 442.999 442.999 442.999 
442.999 442.999 442.999 442.999 442.999 442.999 442.999 442.999 442.999 442.999 
442.999 442.999 442.999 442.999 442.999 442.999 442.999 442.999 442.999 442.999 
442.999 394.368 394.368 394.368 394.368 394.368 394.368 394.368 394.368 394.368 
394.368 394.368 394.368 394.368 394.368 394.368 394.368 394.368 394.368 394.368 
394.368 394.368 394.368 394.368 394.368 394.368 394.368 394.368 394.368 394.368 
394.368 394.368 394.368 394.368 394.368 394.368 394.368 394.368 394.368 394.368 
394.368 394.368 394.368 394.368 394.368 394.368 394.368 394.368 394.368 394.368 
394.368 394.368 394.368 394.368 394.368 394.368 394.368 394.368 394.368 394.368 
394.368 394.368 394.368 394.368 394.368 394.368 394.368 394.368 394.368 394.368 
394.368 394.368 394.368 394.368 394.368 394.368 394.368 394.368 394.368 394.368 
394.368 394.368 394.368 394.368 394.368 394.368 394.368 394.368 394.368 394.368 
394.368 394.368 394.368 394.368 394.368 394.368 394.368 394.368 394.368 394.368 
394.368 394.368 394.368 394.368 394.368 394.368 394.368 394.368 394.368 394.368 
394.368 394.368 394.368 394.368 394.368 394.368 394.368 394.368 394.368 394.368 
394.368 394.368 394.368 394.368 394.368 394.368 394.368 394.368 394.368 394.368 
394.368 394.368 394.368 394.368 394.368 394.368 394.368 394.368 394.368 394.368 
394.368 394.368 394.368 394.368 394.368 394.368 394.368 394.368 394.368 394.368 
394.368 394.368 394.368 394.368 394.368 394.368 394.368 394.368 394.368 394.368 
394.368 394.368 394.368 394.368 394.368 394.368 394.368 394.368 394.368 357.394 
357.394 357.394 357.394 357.394 357.394 357.394 357.394 357.394 357.394 357.394 
357.394 357.394 357.394 357.394 357.394 357.394 357.394 357.394 357.394 357.394 
357.394 357.394 357.394 357.394 357.394 357.394 357.394 357.394 357.394 357.394 
357.394 357.394 357.394 357.394 357.394 357.394 357.394 357.394 357.394 357.394 
357.394 357.394 357.394 357.394 357.394 357.394 357.394 357.394 357.394 357.394 
357.394 357.394 357.394 357.394 357.394 357.394 357.394 357.394 357.394 357.394 
357.394 357.394 357.394 357.394 357.394 357.394 357.394 357.394 357.394 357.394 
357.394 357.394 357.394 357.394 357.394 357.394 357.394 357.394 357.394 357.394 
357.394 357.394 357.394 357.394 357.394 357.394 357.394 357.394 357.394 357.394 
357.394 357.394 357.394 357.394 357.394 357.394 357.394 357.394 357.394 357.394 
357.394 357.394 357.394 357.394 357.394 357.394 357.394 357.394 357.394 357.394 
357.394 442.999 442.999 442.999 442.999 442.999 442.999 442.999 442.999 442.999 
442.999 442.999 442.999 442.999 442.999 442.999 442.999 442.999 442.999 442.999 
442.999 442.999 442.999 442.999 442.999 442.999 442.999 442.999 442.999 442.999 
442.999 442.999 442.999 442.999 442.999 442.999 442.999 442.999 442.999 442.999 
442.999 442.999 442.999 442.999 442.999 SCALARS Friction float 1
LOOKUP_TABLE default
88.8823 88.8823 88.8823 88.8823 88.8823 88.8823 88.8823 88.8823 88.8823 
88.8823 88.8823 88.8823 88.8823 88.8823 88.8823 88.8823 88.8823 88.8823 88.8823 
88.8823 88.8823 88.8823 88.8823 88.8823 88.8823 88.8823 88.8823 88.8823 88.8823 
88.8823 88.8823 88.8823 88.8823 88.8823 88.8823 88.8823 88.8823 88.8823 88.8823 
88.8823 88.8823 88.8823 88.8823 88.8823 88.8823 88.8823 88.8823 88.8823 88.8823 
88.8823 88.8823 88.8823 88.8823 88.8823 88.8823 88.8823 88.8823 88.8823 88.8823 
88.8823 88.8823 88.8823 88.8823 88.8823 88.8823 88.8823 88.8823 88.8823 88.8823 
88.8823 88.8823 88.8823 88.8823 88.8823 88.8823 88.8823 88.8823 88.8823 88.8823 
88.8823 88.8823 88.8823 88.8823 88.8823 88.8823 88.8823 88.8823 88.8823 88.8823 
88.8823 88.8823 88.8823 88.8823 88.8823 88.8823 88.8823 88.8823 88.8823 88.8823 
88.8823 88.8823 88.8823 88.8823 88.8823 88.8823 88.8823 88.8823 88.8823 88.8823 
88.8823 88.8823 88.8823 88.8823 88.8823 88.8823 88.8823 88.8823 88.8823 88.8823 
88.8823 88.8823 88.8823 88.8823 88.8823 88.8823 88.8823 88.8823 88.8823 88.8823 
88.8823 88.8823 88.8823 88.8823 88.8823 88.8823 88.8823 88.8823 88.8823 88.8823 
88.8823 88.8823 88.8823 88.8823 88.8823 88.8823 88.8823 88.8823 88.8823 88.8823 
88.8823 88.8823 88.8823 88.8823 88.8823 88.8823 88.8823 88.8823 88.8823 88.8823 
88.8823 88.8823 88.8823 88.8823 88.8823 88.8823 88.8823 88.8823 88.8823 88.8823 
88.8823 88.8823 88.8823 88.8823 88.8823 88.8823 88.8823 88.8823 88.8823 88.8823 
88.8823 88.8823 88.8823 88.8823 88.8823 88.8823 88.8823 88.8823 88.8823 88.8823 
88.8823 88.8823 88.8823 88.8823 88.8823 88.8823 88.8823 88.8823 88.8823 88.8823 
88.8823 88.8823 88.8823 88.8823 88.8823 88.8823 88.8823 88.8823 88.8823 88.8823 
88.8823 88.8823 88.8823 88.8823 88.8823 88.8823 88.8823 88.8823 88.8823 88.8823 
88.8823 88.8823 88.8823 88.8823 88.8823 88.8823 88.8823 88.8823 88.8823 88.8823 
88.8823 88.8823 88.8823 88.8823 88.8823 88.8823 88.8823 88.8823 88.8823 88.8823 
88.8823 88.8823 88.8823 88.8823 88.8823 88.8823 88.8823 88.8823 88.8823 88.8823 
88.8823 88.8823 88.8823 88.8823 88.8823 88.8823 88.8823 88.8823 88.8823 88.8823 
88.8823 88.8823 88.8823 88.8823 88.8823 88.8823 88.8823 88.8823 88.8823 88.8823 
88.8823 88.8823 88.8823 88.8823 88.8823 88.8823 88.8823 88.8823 88.8823 88.8823 
88.8823 88.8823 88.8823 88.8823 88.8823 88.8823 88.8823 88.8823 88.8823 88.8823 
88.8823 88.8823 88.8823 88.8823 88.8823 88.8823 88.8823 88.8823 88.8823 88.8823 
88.8823 88.8823 88.8823 88.8823 88.8823 88.8823 88.8823 88.8823 88.8823 88.8823 
88.8823 88.8823 88.8823 88.8823 88.8823 88.8823 88.8823 88.8823 88.8823 88.8823 
88.8823 88.8823 88.8823 88.8823 88.8823 88.8823 88.8823 88.8823 88.8823 88.8823 
88.8823 88.8823 88.8823 88.8823 88.8823 88.8823 88.8823 88.8823 88.8823 88.8823 
88.8823 88.8823 88.8823 88.8823 88.8823 88.8823 88.8823 88.8823 88.8823 88.8823 
88.8823 88.8823 88.8823 88.8823 88.8823 88.8823 88.8823 88.8823 88.8823 88.8823 
88.8823 88.8823 88.8823 88.8823 88.8823 88.8823 88.8823 88.8823 88.8823 88.8823 
88.8823 88.8823 88.8823 88.8823 88.8823 88.8823 88.8823 88.8823 88.8823 88.8823 
88.8823 88.8823 88.8823 88.8823 88.8823 88.8823 88.8823 88.8823 88.8823 88.8823 
88.8823 88.8823 88.8823 88.8823 88.8823 88.8823 88.8823 88.8823 88.8823 88.8823 
88.8823 88.8823 88.8823 88.8823 88.8823 88.8823 88.8823 88.8823 88.8823 88.8823 
88.8823 88.8823 88.8823 88.8823 88.8823 88.8823 88.8823 88.8823 88.8823 88.8823 
88.8823 88.8823 88.8823 88.8823 88.8823 88.8823 88.8823 88.8823 88.8823 88.8823 
88.8823 88.8823 88.8823 88.8823 88.8823 88.8823 88.8823 88.8823 88.8823 88.8823 
88.8823 88.8823 88.8823 88.8823 88.8823 88.8823 88.8823 88.8823 88.8823 88.8823 
88.8823 88.8823 88.8823 88.8823 88.8823 88.8823 88.8823 88.8823 88.8823 88.8823 
88.8823 88.8823 88.8823 88.8823 88.8823 88.8823 88.8823 88.8823 88.8823 88.8823 
88.8823 88.8823 88.8823 88.8823 88.8823 88.8823 88.8823 88.8823 88.8823 88.8823 
88.8823 88.8823 88.8823 88.8823 88.8823 88.8823 88.8823 88.8823 88.8823 88.8823 
88.8823 88.8823 88.8823 88.8823 88.8823 88.8823 88.8823 88.8823 88.8823 88.8823 
88.8823 88.8823 88.8823 88.8823 88.8823 88.8823 88.8823 88.8823 88.8823 88.8823 
88.8823 88.8823 88.8823 88.8823 88.8823 88.8823 88.8823 88.8823 88.8823 88.8823 
88.8823 88.8823 88.8823 88.8823 88.8823 88.8823 88.8823 88.8823 88.8823 88.8823 
88.8823 88.8823 88.8823 88.8823 88.8823 88.8823 88.8823 88.8823 88.8823 88.8823 
88.8823 88.8823 88.8823 88.8823 88.8823 88.8823 88.8823 88.8823 88.8823 88.8823 
88.8823 88.8823 88.8823 88.8823 88.8823 88.8823 88.8823 88.8823 88.8823 88.8823 
88.8823 88.8823 88.8823 88.8823 88.8823 88.8823 88.8823 88.8823 88.8823 88.8823 
88.8823 88.8823 88.8823 88.8823 88.8823 88.8823 88.8823 88.8823 88.8823 88.8823 
88.8823 88.8823 88.8823 88.8823 88.8823 88.8823 88.8823 88.8823 88.8823 88.8823 
88.8823 88.8823 88.8823 88.8823 88.8823 88.8823 88.8823 88.8823 88.8823 88.8823 
88.8823 88.8823 88.8823 88.8823 88.8823 88.8823 88.8823 88.8823 88.8823 88.8823 
88.8823 88.8823 88.8823 88.8823 88.8823 88.8823 88.8823 88.8823 88.8823 88.8823 
88.8823 88.8823 88.8823 88.8823 88.8823 88.8823 88.8823 88.8823 88.8823 88.8823 
88.8823 88.8823 88.8823 88.8823 88.8823 88.8823 88.8823 88.8823 88.8823 88.8823 
88.8823 88.8823 88.8823 88.8823 88.8823 88.8823 88.8823 88.8823 88.8823 88.8823 
88.8823 88.8823 88.8823 88.8823 88.8823 88.8823 88.8823 88.8823 88.8823 88.8823 
88.8823 88.8823 88.8823 88.8823 88.8823 88.8823 88.8823 88.8823 88.8823 88.8823 
88.8823 88.8823 88.8823 88.8823 88.8823 88.8823 88.8823 88.8823 88.8823 88.8823 
88.8823 88.8823 88.8823 88.8823 88.8823 88.8823 88.8823 88.8823 88.8823 88.8823 
88.8823 88.8823 88.8823 88.8823 88.8823 88.8823 88.8823 88.8823 88.8823 88.8823 
88.8823 88.8823 88.8823 88.8823 88.8823 88.8823 88.8823 88.8823 88.8823 88.8823 
88.8823 88.8823 88.8823 88.8823 88.8823 88.8823 88.8823 88.8823 88.8823 88.8823 
88.8823 88.8823 88.8823 88.8823 88.8823 88.8823 88.8823 88.8823 88.8823 88.8823 
88.8823 88.8823 88.8823 88.8823 88.8823 88.8823 88.8823 88.8823 88.8823 88.8823 
88.8823 88.8823 88.8823 88.8823 88.8823 88.8823 88.8823 88.8823 88.8823 88.8823 
88.8823 88.8823 88.8823 88.8823 88.8823 88.8823 88.8823 88.8823 88.8823 88.8823 
88.8823 88.8823 88.8823 88.8823 88.8823 88.8823 88.8823 88.8823 88.8823 88.8823 
88.8823 88.8823 88.8823 88.8823 88.8823 88.8823 88.8823 88.8823 88.8823 88.8823 
88.8823 88.8823 88.8823 88.8823 88.8823 88.8823 88.8823 88.8823 88.8823 88.8823 
88.8823 88.8823 88.8823 88.8823 88.8823 88.8823 88.8823 88.8823 88.8823 88.8823 
88.8823 88.8823 88.8823 88.8823 88.8823 88.8823 88.8823 88.8823 88.8823 88.8823 
88.8823 88.8823 88.8823 88.8823 88.8823 88.8823 88.8823 88.8823 88.8823 88.8823 
88.8823 88.8823 88.8823 88.8823 88.8823 88.8823 88.8823 88.8823 88.8823 88.8823 
88.8823 88.8823 88.8823 88.8823 88.8823 88.8823 88.8823 88.8823 88.8823 88.8823 
88.8823 88.8823 88.8823 88.8823 88.8823 88.8823 88.8823 88.8823 88.8823 88.8823 
88.8823 88.8823 88.8823 88.8823 88.8823 88.8823 88.8823 88.8823 88.8823 88.8823 
88.8823 88.8823 88.8823 88.8823 88.8823 88.8823 88.8823 88.8823 88.8823 88.8823 
88.8823 88.8823 88.8823 88.8823 88.8823 88.8823 88.8823 88.8823 88.8823 88.8823 
88.8823 88.8823 88.8823 88.8823 88.8823 88.8823 88.8823 88.8823 88.8823 88.8823 
88.8823 88.8823 88.8823 88.8823 88.8823 88.8823 88.8823 88.8823 88.8823 88.8823 
88.8823 88.8823 88.8823 88.8823 88.8823 88.8823 88.8823 88.8823 88.8823 88.8823 
88.8823 88.8823 88.8823 88.8823 88.8823 88.8823 88.8823 88.8823 88.8823 88.8823 
88.8823 88.8823 88.8823 88.8823 88.8823 88.8823 88.8823 88.8823 88.8823 88.8823 
88.8823 88.8823 88.8823 88.8823 88.8823 88.8823 88.8823 88.8823 88.8823 88.8823 
88.8823 88.8823 88.8823 88.8823 88.8823 88.8823 88.8823 88.8823 88.8823 88.8823 
88.8823 88.8823 88.8823 88.8823 88.8823 88.8823 88.8823 88.8823 88.8823 88.8823 
88.8823 88.8823 88.8823 88.8823 88.8823 88.8823 88.8823 88.8823 88.8823 88.8823 
88.8823 88.8823 88.8823 88.8823 88.8823 88.8823 88.8823 88.8823 88.8823 88.8823 
88.8823 88.8823 88.8823 88.8823 88.8823 88.8823 88.8823 88.8823 88.8823 88.8823 
88.8823 88.8823 88.8823 88.8823 88.8823 88.8823 88.8823 88.8823 88.8823 88.8823 
88.8823 88.8823 88.8823 88.8823 88.8823 88.8823 88.8823 88.8823 88.8823 88.8823 
88.8823 88.8823 88.8823 88.8823 88.8823 88.8823 88.8823 88.8823 88.8823 88.8823 
88.8823 88.8823 88.8823 88.8823 88.8823 88.8823 88.8823 88.8823 88.8823 88.8823 
88.8823 88.8823 88.8823 88.8823 88.8823 88.8823 88.8823 88.8823 88.8823 88.8823 
88.8823 88.8823 88.8823 88.8823 88.8823 88.8823 88.8823 88.8823 88.8823 88.8823 
88.8823 88.8823 88.8823 88.8823 88.8823 88.8823 88.8823 88.8823 88.8823 88.8823 
88.8823 88.8823 88.8823 88.8823 88.8823 88.8823 88.8823 88.8823 88.8823 88.8823 
88.8823 88.8823 88.8823 88.8823 88.8823 88.8823 88.8823 88.8823 88.8823 88.8823 
88.8823 88.8823 88.8823 88.8823 88.8823 88.8823 88.8823 88.8823 88.8823 88.8823 
88.8823 88.8823 88.8823 88.8823 88.8823 88.8823 88.8823 88.8823 88.8823 88.8823 
88.8823 88.8823 88.8823 88.8823 88.8823 88.8823 88.8823 88.8823 88.8823 88.8823 
88.8823 88.8823 88.8823 88.8823 88.8823 88.8823 88.8823 88.8823 88.8823 88.8823 
88.8823 88.8823 88.8823 88.8823 88.8823 88.8823 88.8823 88.8823 88.8823 88.8823 
88.8823 88.8823 88.8823 88.8823 88.8823 88.8823 88.8823 88.8823 88.8823 88.8823 
88.8823 88.8823 88.8823 88.8823 88.8823 88.8823 88.8823 88.8823 88.8823 88.8823 
88.8823 88.8823 88.8823 88.8823 88.8823 88.8823 88.8823 88.8823 88.8823 88.8823 
88.8823 88.8823 88.8823 88.8823 88.8823 88.8823 88.8823 88.8823 88.8823 88.8823 
88.8823 88.8823 88.8823 88.8823 88.8823 88.8823 88.8823 88.8823 88.8823 88.8823 
88.8823 88.8823 88.8823 88.8823 88.8823 88.8823 88.8823 88.8823 88.8823 88.8823 
88.8823 88.8823 88.8823 88.8823 88.8823 88.8823 88.8823 88.8823 88.8823 88.8823 
88.8823 88.8823 88.8823 88.8823 88.8823 88.8823 88.8823 88.8823 88.8823 88.8823 
88.8823 88.8823 88.8823 88.8823 88.8823 88.8823 88.8823 88.8823 88.8823 88.8823 
88.8823 88.8823 88.8823 88.8823 88.8823 88.8823 88.8823 88.8823 88.8823 88.8823 
88.8823 88.8823 88.8823 88.8823 88.8823 88.8823 88.8823 88.8823 88.8823 88.8823 
88.8823 88.8823 88.8823 88.8823 88.8823 88.8823 88.8823 88.8823 88.8823 88.8823 
88.8823 88.8823 88.8823 88.8823 88.8823 88.8823 88.8823 88.8823 88.8823 88.8823 
88.8823 88.8823 88.8823 88.8823 88.8823 88.8823 88.8823 88.8823 88.8823 88.8823 
88.8823 88.8823 88.8823 88.8823 88.8823 88.8823 88.8823 88.8823 88.8823 88.8823 
88.8823 88.8823 88.8823 88.8823 88.8823 88.8823 88.8823 88.8823 88.8823 88.8823 
88.8823 88.8823 88.8823 88.8823 88.8823 88.8823 88.8823 88.8823 88.8823 88.8823 
88.8823 88.8823 88.8823 88.8823 88.8823 88.8823 88.8823 88.8823 88.8823 88.8823 
88.8823 88.8823 88.8823 88.8823 88.8823 88.8823 88.8823 88.8823 88.8823 88.8823 
88.8823 88.8823 88.8823 88.8823 88.8823 88.8823 88.8823 88.8823 88.8823 88.8823 
88.8823 88.8823 88.8823 88.8823 88.8823 88.8823 88.8823 88.8823 88.8823 88.8823 
88.8823 88.8823 88.8823 88.8823 88.8823 88.8823 88.8823 88.8823 88.8823 88.8823 
88.8823 88.8823 88.8823 88.8823 88.8823 88.8823 88.8823 88.8823 88.8823 88.8823 
88.8823 88.8823 88.8823 88.8823 88.8823 88.8823 88.8823 88.8823 88.8823 88.8823 
88.8823 88.8823 88.8823 88.8823 88.8823 88.8823 88.8823 88.8823 88.8823 88.8823 
88.8823 88.8823 88.8823 88.8823 88.8823 88.8823 88.8823 88.8823 88.8823 88.8823 
88.8823 88.8823 88.8823 88.8823 88.8823 88.8823 88.8823 88.8823 88.8823 88.8823 
88.8823 88.8823 88.8823 88.8823 88.8823 88.8823 88.8823 88.8823 88.8823 88.8823 
88.8823 88.8823 88.8823 88.8823 88.8823 88.8823 88.8823 88.8823 88.8823 88.8823 
88.8823 88.8823 88.8823 88.8823 88.8823 88.8823 88.8823 88.8823 88.8823 88.8823 
88.8823 88.8823 88.8823 88.8823 88.8823 88.8823 88.8823 88.8823 88.8823 88.8823 
88.8823 88.8823 88.8823 88.8823 88.8823 88.8823 88.8823 88.8823 88.8823 88.8823 
88.8823 88.8823 88.8823 88.8823 88.8823 88.8823 88.8823 88.8823 88.8823 88.8823 
88.8823 88.8823 88.8823 88.8823 88.8823 88.8823 88.8823 88.8823 88.8823 88.8823 
88.8823 88.8823 88.8823 88.8823 88.8823 88.8823 88.8823 88.8823 88.8823 88.8823 
88.8823 88.8823 88.8823 88.8823 88.8823 88.8823 88.8823 88.8823 88.8823 88.8823 
88.8823 88.8823 88.8823 88.8823 88.8823 88.8823 88.8823 88.8823 88.8823 88.8823 
88.8823 88.8823 88.8823 88.8823 88.8823 88.8823 88.8823 88.8823 88.8823 88.8823 
88.8823 88.8823 88.8823 88.8823 88.8823 88.8823 88.8823 88.8823 88.8823 88.8823 
88.8823 88.8823 88.8823 88.8823 88.8823 88.8823 88.8823 88.8823 88.8823 88.8823 
88.8823 88.8823 88.8823 88.8823 88.8823 88.8823 88.8823 88.8823 88.8823 88.8823 
88.8823 88.8823 88.8823 88.8823 88.8823 88.8823 88.8823 88.8823 88.8823 88.8823 
88.8823 88.8823 88.8823 88.8823 88.8823 88.8823 88.8823 88.8823 88.8823 88.8823 
88.8823 88.8823 88.8823 88.8823 88.8823 88.8823 88.8823 88.8823 88.8823 88.8823 
88.8823 88.8823 88.8823 88.8823 88.8823 88.8823 88.8823 88.8823 88.8823 88.8823 
88.8823 88.8823 88.8823 88.8823 88.8823 88.8823 88.8823 88.8823 88.8823 88.8823 
88.8823 88.8823 88.8823 88.8823 88.8823 88.8823 88.8823 88.8823 88.8823 88.8823 
88.8823 88.8823 88.8823 88.8823 88.8823 88.8823 88.8823 88.8823 88.8823 88.8823 
88.8823 88.8823 88.8823 88.8823 88.8823 88.8823 88.8823 88.8823 88.8823 88.8823 
88.8823 88.8823 88.8823 88.8823 88.8823 88.8823 88.8823 88.8823 88.8823 88.8823 
88.8823 88.8823 88.8823 88.8823 88.8823 88.8823 88.8823 88.8823 88.8823 88.8823 
88.8823 88.8823 88.8823 88.8823 88.8823 88.8823 88.8823 88.8823 88.8823 88.8823 
88.8823 88.8823 88.8823 88.8823 88.8823 88.8823 88.8823 88.8823 88.8823 88.8823 
88.8823 88.8823 88.8823 88.8823 88.8823 88.8823 88.8823 88.8823 88.8823 88.8823 
88.8823 88.8823 88.8823 88.8823 88.8823 88.8823 88.8823 88.8823 88.8823 88.8823 
88.8823 88.8823 88.8823 88.8823 88.8823 88.8823 88.8823 88.8823 88.8823 88.8823 
88.8823 88.8823 88.8823 88.8823 88.8823 88.8823 88.8823 88.8823 88.8823 88.8823 
88.8823 88.8823 88.8823 88.8823 88.8823 88.8823 88.8823 88.8823 88.8823 88.8823 
88.8823 88.8823 88.8823 88.8823 88.8823 88.8823 88.8823 88.8823 88.8823 88.8823 
88.8823 88.8823 88.8823 88.8823 88.8823 88.8823 88.8823 88.8823 88.8823 88.8823 
88.8823 88.8823 88.8823 88.8823 88.8823 88.8823 88.8823 88.8823 88.8823 88.8823 
88.8823 88.8823 88.8823 88.8823 88.8823 88.8823 88.8823 88.8823 88.8823 88.8823 
88.8823 88.8823 88.8823 88.8823 88.8823 88.8823 88.8823 88.8823 88.8823 88.8823 
88.8823 88.8823 88.8823 88.8823 88.8823 88.8823 88.8823 88.8823 88.8823 88.8823 
88.8823 88.8823 88.8823 88.8823 88.8823 88.8823 88.8823 88.8823 88.8823 88.8823 
88.8823 88.8823 88.8823 88.8823 88.8823 88.8823 88.8823 88.8823 88.8823 88.8823 
88.8823 88.8823 88.8823 88.8823 88.8823 88.8823 88.8823 88.8823 88.8823 88.8823 
88.8823 88.8823 88.8823 88.8823 88.8823 88.8823 88.8823 88.8823 88.8823 88.8823 
88.8823 88.8823 88.8823 88.8823 88.8823 88.8823 88.8823 88.8823 88.8823 88.8823 
88.8823 88.8823 88.8823 88.8823 88.8823 88.8823 88.8823 88.8823 88.8823 88.8823 
88.8823 88.8823 88.8823 88.8823 88.8823 88.8823 88.8823 88.8823 88.8823 88.8823 
88.8823 88.8823 88.8823 88.8823 88.8823 88.8823 88.8823 88.8823 88.8823 88.8823 
88.8823 88.8823 88.8823 88.8823 88.8823 88.8823 88.8823 88.8823 88.8823 88.8823 
88.8823 88.8823 88.8823 88.8823 88.8823 88.8823 88.8823 88.8823 88.8823 88.8823 
88.8823 88.8823 88.8823 88.8823 88.8823 88.8823 88.8823 88.8823 88.8823 88.8823 
88.8823 88.8823 88.8823 88.8823 88.8823 88.8823 88.8823 88.8823 88.8823 88.8823 
88.8823 88.8823 88.8823 88.8823 88.8823 88.8823 88.8823 88.8823 88.8823 88.8823 
88.8823 88.8823 88.8823 88.8823 88.8823 88.8823 88.8823 88.8823 88.8823 88.8823 
88.8823 88.8823 88.8823 88.8823 88.8823 88.8823 88.8823 88.8823 88.8823 88.8823 
88.8823 88.8823 88.8823 88.8823 88.8823 88.8823 88.8823 88.8823 88.8823 88.8823 
88.8823 88.8823 88.8823 88.8823 88.8823 88.8823 88.8823 88.8823 88.8823 88.8823 
88.8823 88.8823 88.8823 88.8823 88.8823 88.8823 88.8823 88.8823 88.8823 88.8823 
88.8823 88.8823 88.8823 88.8823 88.8823 88.8823 88.8823 88.8823 88.8823 88.8823 
88.8823 88.8823 88.8823 88.8823 88.8823 88.8823 88.8823 88.8823 88.8823 88.8823 
88.8823 88.8823 88.8823 88.8823 88.8823 88.8823 88.8823 88.8823 88.8823 88.8823 
88.8823 88.8823 88.8823 88.8823 88.8823 88.8823 88.8823 88.8823 88.8823 88.8823 
88.8823 88.8823 88.8823 88.8823 88.8823 88.8823 88.8823 88.8823 88.8823 88.8823 
88.8823 88.8823 88.8823 88.8823 88.8823 88.8823 88.8823 88.8823 88.8823 88.8823 
88.8823 88.8823 88.8823 88.8823 88.8823 88.8823 88.8823 88.8823 88.8823 88.8823 
88.8823 88.8823 88.8823 88.8823 88.8823 88.8823 88.8823 88.8823 88.8823 88.8823 
88.8823 88.8823 88.8823 88.8823 88.8823 88.8823 88.8823 88.8823 88.8823 88.8823 
88.8823 88.8823 88.8823 88.8823 88.8823 88.8823 88.8823 88.8823 88.8823 88.8823 
88.8823 88.8823 88.8823 88.8823 88.8823 88.8823 88.8823 88.8823 88.8823 88.8823 
88.8823 88.8823 88.8823 88.8823 88.8823 88.8823 88.8823 88.8823 88.8823 88.8823 
88.8823 88.8823 88.8823 88.8823 88.8823 88.8823 88.8823 88.8823 88.8823 88.8823 
88.8823 88.8823 88.8823 88.8823 88.8823 88.8823 88.8823 88.8823 88.8823 88.8823 
88.8823 88.8823 88.8823 88.8823 88.8823 88.8823 88.8823 88.8823 88.8823 88.8823 
88.8823 88.8823 88.8823 88.8823 88.8823 88.8823 88.8823 88.8823 88.8823 88.8823 
88.8823 88.8823 88.8823 88.8823 88.8823 88.8823 88.8823 88.8823 88.8823 88.8823 
88.8823 88.8823 88.8823 88.8823 88.8823 88.8823 88.8823 88.8823 88.8823 88.8823 
88.8823 88.8823 88.8823 88.8823 88.8823 88.8823 88.8823 88.8823 88.8823 88.8823 
88.8823 88.8823 88.8823 88.8823 88.8823 88.8823 88.8823 88.8823 88.8823 88.8823 
88.8823 88.8823 88.8823 88.8823 88.8823 88.8823 88.8823 88.8823 88.8823 88.8823 
88.8823 88.8823 88.8823 88.8823 88.8823 88.8823 88.8823 88.8823 88.8823 88.8823 
88.8823 88.8823 88.8823 88.8823 88.8823 88.8823 88.8823 88.8823 88.8823 88.8823 
88.8823 88.8823 88.8823 88.8823 88.8823 88.8823 88.8823 88.8823 88.8823 88.8823 
88.8823 88.8823 88.8823 88.8823 88.8823 88.8823 88.8823 88.8823 88.8823 88.8823 
88.8823 88.8823 88.8823 88.8823 88.8823 88.8823 88.8823 88.8823 88.8823 88.8823 
88.8823 88.8823 88.8823 88.8823 88.8823 88.8823 88.8823 88.8823 88.8823 88.8823 
88.8823 88.8823 88.8823 88.8823 88.8823 88.8823 88.8823 88.8823 88.8823 88.8823 
88.8823 88.8823 88.8823 88.8823 88.8823 88.8823 88.8823 88.8823 88.8823 88.8823 
88.8823 88.8823 88.8823 88.8823 88.8823 88.8823 88.8823 88.8823 88.8823 88.8823 
88.8823 88.8823 88.8823 88.8823 88.8823 88.8823 88.8823 88.8823 88.8823 88.8823 
88.8823 88.8823 88.8823 88.8823 88.8823 88.8823 88.8823 88.8823 88.8823 88.8823 
88.8823 88.8823 88.8823 88.8823 88.8823 88.8823 88.8823 88.8823 88.8823 88.8823 
88.8823 88.8823 88.8823 88.8823 88.8823 88.8823 88.8823 88.8823 88.8823 88.8823 
88.8823 88.8823 88.8823 88.8823 88.8823 88.8823 88.8823 88.8823 88.8823 88.8823 
88.8823 88.8823 88.8823 88.8823 88.8823 88.8823 88.8823 88.8823 88.8823 88.8823 
88.8823 88.8823 88.8823 88.8823 88.8823 88.8823 88.8823 88.8823 88.8823 88.8823 
88.8823 88.8823 88.8823 88.8823 88.8823 88.8823 88.8823 88.8823 88.8823 88.8823 
88.8823 88.8823 88.8823 88.8823 88.8823 88.8823 88.8823 88.8823 88.8823 88.8823 
88.8823 88.8823 88.8823 88.8823 88.8823 88.8823 88.8823 88.8823 88.8823 88.8823 
88.8823 88.8823 88.8823 88.8823 88.8823 88.8823 88.8823 88.8823 88.8823 88.8823 
88.8823 88.8823 88.8823 88.8823 88.8823 88.8823 88.8823 88.8823 88.8823 88.8823 
88.8823 88.8823 88.8823 88.8823 88.8823 88.8823 88.8823 88.8823 88.8823 88.8823 
88.8823 88.8823 88.8823 88.8823 88.8823 88.8823 88.8823 88.8823 88.8823 88.8823 
88.8823 88.8823 88.8823 88.8823 88.8823 88.8823 88.8823 88.8823 88.8823 88.8823 
88.8823 88.8823 88.8823 88.8823 88.8823 88.8823 88.8823 88.8823 88.8823 88.8823 
88.8823 88.8823 88.8823 88.8823 88.8823 88.8823 88.8823 88.8823 88.8823 88.8823 
88.8823 88.8823 88.8823 88.8823 88.8823 88.8823 88.8823 88.8823 88.8823 88.8823 
88.8823 88.8823 88.8823 88.8823 88.8823 88.8823 88.8823 88.8823 88.8823 88.8823 
88.8823 88.8823 88.8823 88.8823 88.8823 88.8823 88.8823 88.8823 88.8823 88.8823 
88.8823 88.8823 88.8823 88.8823 88.8823 88.8823 88.8823 88.8823 88.8823 88.8823 
88.8823 88.8823 88.8823 88.8823 88.8823 88.8823 88.8823 88.8823 88.8823 88.8823 
88.8823 88.8823 88.8823 88.8823 88.8823 88.8823 88.8823 88.8823 88.8823 88.8823 
88.8823 88.8823 88.8823 88.8823 88.8823 88.8823 88.8823 88.8823 88.8823 88.8823 
88.8823 88.8823 88.8823 88.8823 88.8823 88.8823 88.8823 88.8823 88.8823 88.8823 
88.8823 88.8823 88.8823 88.8823 88.8823 88.8823 88.8823 88.8823 88.8823 88.8823 
88.8823 88.8823 88.8823 88.8823 88.8823 88.8823 88.8823 88.8823 88.8823 88.8823 
88.8823 88.8823 88.8823 88.8823 88.8823 88.8823 88.8823 88.8823 88.8823 88.8823 
88.8823 88.8823 88.8823 88.8823 88.8823 88.8823 88.8823 88.8823 88.8823 88.8823 
88.8823 88.8823 88.8823 88.8823 88.8823 88.8823 88.8823 88.8823 88.8823 88.8823 
88.8823 88.8823 88.8823 88.8823 88.8823 88.8823 88.8823 88.8823 88.8823 88.8823 
88.8823 88.8823 88.8823 88.8823 88.8823 88.8823 88.8823 88.8823 88.8823 88.8823 
88.8823 88.8823 88.8823 88.8823 88.8823 88.8823 88.8823 88.8823 88.8823 88.8823 
88.8823 88.8823 88.8823 88.8823 88.8823 88.8823 88.8823 88.8823 88.8823 88.8823 
88.8823 88.8823 88.8823 88.8823 88.8823 88.8823 88.8823 88.8823 88.8823 88.8823 
88.8823 88.8823 88.8823 88.8823 88.8823 88.8823 88.8823 88.8823 88.8823 88.8823 
88.8823 88.8823 88.8823 88.8823 88.8823 88.8823 88.8823 88.8823 88.8823 88.8823 
88.8823 88.8823 88.8823 88.8823 88.8823 88.8823 88.8823 88.8823 88.8823 88.8823 
88.8823 88.8823 88.8823 88.8823 88.8823 88.8823 88.8823 88.8823 88.8823 88.8823 
88.8823 88.8823 88.8823 88.8823 88.8823 88.8823 88.8823 88.8823 88.8823 88.8823 
88.8823 88.8823 88.8823 88.8823 88.8823 88.8823 88.8823 88.8823 88.8823 88.8823 
88.8823 88.8823 88.8823 88.8823 88.8823 88.8823 88.8823 88.8823 88.8823 88.8823 
88.8823 88.8823 88.8823 88.8823 88.8823 88.8823 88.8823 88.8823 88.8823 88.8823 
88.8823 88.8823 88.8823 88.8823 88.8823 88.8823 88.8823 88.8823 88.8823 88.8823 
88.8823 88.8823 88.8823 88.8823 88.8823 88.8823 88.8823 88.8823 88.8823 88.8823 
88.8823 88.8823 88.8823 88.8823 88.8823 88.8823 88.8823 88.8823 88.8823 88.8823 
88.8823 88.8823 88.8823 88.8823 88.8823 88.8823 88.8823 88.8823 88.8823 88.8823 
88.8823 88.8823 88.8823 88.8823 88.8823 88.8823 88.8823 88.8823 88.8823 88.8823 
88.8823 88.8823 88.8823 88.8823 88.8823 88.8823 88.8823 88.8823 88.8823 88.8823 
88.8823 88.8823 88.8823 88.8823 88.8823 88.8823 88.8823 88.8823 88.8823 88.8823 
88.8823 88.8823 88.8823 88.8823 88.8823 88.8823 88.8823 88.8823 88.8823 88.8823 
88.8823 88.8823 88.8823 88.8823 88.8823 88.8823 88.8823 88.8823 88.8823 88.8823 
88.8823 88.8823 88.8823 88.8823 88.8823 88.8823 88.8823 88.8823 88.8823 88.8823 
88.8823 88.8823 88.8823 88.8823 88.8823 88.8823 88.8823 88.8823 88.8823 88.8823 
88.8823 88.8823 88.8823 88.8823 88.8823 88.8823 88.8823 88.8823 88.8823 88.8823 
88.8823 88.8823 88.8823 88.8823 88.8823 88.8823 88.8823 88.8823 88.8823 88.8823 
88.8823 88.8823 88.8823 88.8823 88.8823 88.8823 88.8823 88.8823 88.8823 88.8823 
88.8823 88.8823 88.8823 88.8823 88.8823 88.8823 88.8823 88.8823 88.8823 88.8823 
88.8823 88.8823 88.8823 88.8823 88.8823 88.8823 88.8823 88.8823 88.8823 88.8823 
88.8823 88.8823 88.8823 88.8823 88.8823 88.8823 88.8823 88.8823 88.8823 88.8823 
88.8823 88.8823 88.8823 88.8823 88.8823 88.8823 88.8823 88.8823 88.8823 88.8823 
88.8823 88.8823 88.8823 88.8823 88.8823 88.8823 88.8823 88.8823 88.8823 88.8823 
88.8823 88.8823 88.8823 88.8823 88.8823 88.8823 88.8823 88.8823 88.8823 88.8823 
88.8823 88.8823 88.8823 88.8823 88.8823 88.8823 88.8823 88.8823 88.8823 88.8823 
88.8823 88.8823 88.8823 88.8823 88.8823 88.8823 88.8823 88.8823 88.8823 88.8823 
88.8823 88.8823 88.8823 88.8823 88.8823 88.8823 88.8823 88.8823 88.8823 88.8823 
88.8823 88.8823 88.8823 88.8823 88.8823 88.8823 88.8823 88.8823 88.8823 88.8823 
88.8823 88.8823 88.8823 88.8823 88.8823 88.8823 88.8823 88.8823 88.8823 88.8823 
88.8823 88.8823 88.8823 88.8823 88.8823 88.8823 88.8823 88.8823 88.8823 88.8823 
88.8823 88.8823 88.8823 88.8823 88.8823 88.8823 88.8823 88.8823 88.8823 88.8823 
88.8823 88.8823 88.8823 88.8823 88.8823 88.8823 88.8823 88.8823 88.8823 88.8823 
88.8823 88.8823 88.8823 88.8823 88.8823 88.8823 88.8823 88.8823 88.8823 88.8823 
88.8823 88.8823 88.8823 88.8823 88.8823 88.8823 88.8823 88.8823 88.8823 88.8823 
88.8823 88.8823 88.8823 88.8823 88.8823 88.8823 88.8823 88.8823 88.8823 88.8823 
88.8823 88.8823 88.8823 88.8823 88.8823 88.8823 88.8823 88.8823 88.8823 88.8823 
88.8823 88.8823 88.8823 88.8823 88.8823 88.8823 88.8823 88.8823 88.8823 88.8823 
88.8823 88.8823 88.8823 88.8823 88.8823 88.8823 88.8823 88.8823 88.8823 88.8823 
88.8823 88.8823 88.8823 88.8823 88.8823 88.8823 88.8823 88.8823 88.8823 88.8823 
88.8823 88.8823 88.8823 88.8823 88.8823 88.8823 88.8823 88.8823 88.8823 88.8823 
88.8823 88.8823 88.8823 88.8823 88.8823 88.8823 88.8823 88.8823 88.8823 88.8823 
88.8823 88.8823 88.8823 88.8823 88.8823 88.8823 88.8823 88.8823 88.8823 88.8823 
88.8823 88.8823 88.8823 88.8823 88.8823 88.8823 88.8823 88.8823 88.8823 88.8823 
88.8823 88.8823 88.8823 88.8823 88.8823 88.8823 88.8823 88.8823 88.8823 88.8823 
88.8823 88.8823 88.8823 88.8823 88.8823 88.8823 88.8823 88.8823 88.8823 88.8823 
88.8823 88.8823 88.8823 88.8823 88.8823 88.8823 88.8823 88.8823 88.8823 88.8823 
88.8823 88.8823 88.8823 88.8823 88.8823 88.8823 88.8823 88.8823 88.8823 88.8823 
88.8823 88.8823 88.8823 88.8823 88.8823 88.8823 88.8823 88.8823 88.8823 88.8823 
88.8823 88.8823 88.8823 88.8823 88.8823 88.8823 88.8823 88.8823 88.8823 88.8823 
88.8823 88.8823 88.8823 88.8823 88.8823 88.8823 88.8823 88.8823 88.8823 88.8823 
88.8823 88.8823 88.8823 88.8823 88.8823 88.8823 88.8823 88.8823 88.8823 88.8823 
88.8823 88.8823 88.8823 88.8823 88.8823 88.8823 88.8823 88.8823 88.8823 88.8823 
88.8823 88.8823 88.8823 88.8823 88.8823 88.8823 88.8823 88.8823 88.8823 88.8823 
88.8823 88.8823 88.8823 88.8823 88.8823 88.8823 88.8823 88.8823 88.8823 88.8823 
88.8823 88.8823 88.8823 88.8823 88.8823 88.8823 88.8823 88.8823 88.8823 88.8823 
88.8823 88.8823 88.8823 88.8823 88.8823 88.8823 88.8823 88.8823 88.8823 88.8823 
88.8823 88.8823 88.8823 88.8823 88.8823 88.8823 88.8823 88.8823 88.8823 88.8823 
88.8823 88.8823 88.8823 88.8823 88.8823 88.8823 88.8823 88.8823 88.8823 88.8823 
88.8823 88.8823 88.8823 88.8823 88.8823 88.8823 88.8823 88.8823 88.8823 88.8823 
88.8823 88.8823 88.8823 88.8823 88.8823 88.8823 88.8823 88.8823 88.8823 88.8823 
88.8823 88.8823 88.8823 88.8823 88.8823 88.8823 88.8823 88.8823 88.8823 88.8823 
88.8823 88.8823 88.8823 88.8823 88.8823 88.8823 88.8823 88.8823 88.8823 88.8823 
88.8823 88.8823 88.8823 88.8823 88.8823 88.8823 88.8823 88.8823 88.8823 88.8823 
88.8823 88.8823 88.8823 88.8823 88.8823 88.8823 88.8823 88.8823 88.8823 88.8823 
88.8823 88.8823 88.8823 88.8823 88.8823 88.8823 88.8823 88.8823 88.8823 88.8823 
88.8823 88.8823 88.8823 88.8823 88.8823 88.8823 88.8823 88.8823 88.8823 88.8823 
88.8823 88.8823 88.8823 88.8823 88.8823 88.8823 88.8823 88.8823 88.8823 88.8823 
88.8823 88.8823 88.8823 88.8823 88.8823 88.8823 88.8823 88.8823 88.8823 88.8823 
88.8823 88.8823 88.8823 88.8823 88.8823 88.8823 88.8823 88.8823 88.8823 88.8823 
88.8823 88.8823 88.8823 88.8823 88.8823 88.8823 88.8823 88.8823 88.8823 88.8823 
88.8823 88.8823 88.8823 88.8823 88.8823 88.8823 88.8823 88.8823 88.8823 88.8823 
88.8823 88.8823 88.8823 88.8823 88.8823 88.8823 88.8823 88.8823 88.8823 88.8823 
88.8823 88.8823 88.8823 88.8823 88.8823 88.8823 88.8823 88.8823 88.8823 88.8823 
88.8823 88.8823 88.8823 88.8823 88.8823 88.8823 88.8823 88.8823 88.8823 88.8823 
88.8823 88.8823 88.8823 88.8823 88.8823 88.8823 88.8823 88.8823 88.8823 88.8823 
88.8823 88.8823 88.8823 88.8823 88.8823 88.8823 88.8823 88.8823 88.8823 88.8823 
88.8823 88.8823 88.8823 88.8823 88.8823 88.8823 88.8823 88.8823 88.8823 88.8823 
88.8823 88.8823 88.8823 88.8823 88.8823 88.8823 88.8823 88.8823 88.8823 88.8823 
88.8823 88.8823 88.8823 88.8823 88.8823 88.8823 88.8823 88.8823 88.8823 88.8823 
88.8823 88.8823 88.8823 88.8823 88.8823 88.8823 88.8823 88.8823 88.8823 88.8823 
88.8823 88.8823 88.8823 88.8823 88.8823 88.8823 88.8823 88.8823 88.8823 88.8823 
88.8823 88.8823 88.8823 88.8823 88.8823 88.8823 88.8823 88.8823 88.8823 88.8823 
88.8823 88.8823 88.8823 88.8823 88.8823 88.8823 88.8823 88.8823 88.8823 88.8823 
88.8823 88.8823 88.8823 88.8823 88.8823 88.8823 88.8823 88.8823 88.8823 88.8823 
88.8823 88.8823 88.8823 88.8823 88.8823 88.8823 88.8823 88.8823 88.8823 88.8823 
88.8823 88.8823 88.8823 88.8823 88.8823 88.8823 88.8823 88.8823 88.8823 88.8823 
88.8823 88.8823 88.8823 88.8823 88.8823 88.8823 88.8823 88.8823 88.8823 88.8823 
88.8823 88.8823 88.8823 88.8823 88.8823 88.8823 88.8823 88.8823 88.8823 88.8823 
88.8823 88.8823 88.8823 88.8823 88.8823 88.8823 88.8823 88.8823 88.8823 88.8823 
88.8823 88.8823 88.8823 88.8823 88.8823 88.8823 88.8823 88.8823 88.8823 88.8823 
88.8823 88.8823 88.8823 88.8823 88.8823 88.8823 88.8823 88.8823 88.8823 88.8823 
88.8823 88.8823 88.8823 88.8823 88.8823 88.8823 88.8823 88.8823 88.8823 88.8823 
88.8823 88.8823 88.8823 88.8823 88.8823 88.8823 88.8823 88.8823 88.8823 88.8823 
88.8823 88.8823 88.8823 88.8823 88.8823 88.8823 88.8823 88.8823 88.8823 88.8823 
88.8823 88.8823 88.8823 88.8823 88.8823 88.8823 88.8823 88.8823 88.8823 88.8823 
88.8823 88.8823 88.8823 88.8823 88.8823 88.8823 88.8823 88.8823 88.8823 88.8823 
88.8823 88.8823 88.8823 88.8823 88.8823 88.8823 88.8823 88.8823 88.8823 88.8823 
88.8823 88.8823 88.8823 88.8823 88.8823 88.8823 88.8823 88.8823 88.8823 88.8823 
88.8823 88.8823 88.8823 88.8823 88.8823 88.8823 88.8823 88.8823 88.8823 88.8823 
88.8823 88.8823 88.8823 88.8823 88.8823 88.8823 88.8823 88.8823 88.8823 88.8823 
88.8823 88.8823 88.8823 88.8823 88.8823 88.8823 88.8823 88.8823 88.8823 88.8823 
88.8823 88.8823 88.8823 88.8823 88.8823 88.8823 88.8823 88.8823 88.8823 88.8823 
88.8823 88.8823 88.8823 88.8823 88.8823 88.8823 88.8823 88.8823 88.8823 88.8823 
88.8823 88.8823 88.8823 88.8823 88.8823 88.8823 88.8823 88.8823 88.8823 88.8823 
88.8823 88.8823 88.8823 88.8823 88.8823 88.8823 88.8823 88.8823 88.8823 88.8823 
88.8823 88.8823 88.8823 88.8823 88.8823 88.8823 88.8823 88.8823 88.8823 88.8823 
88.8823 88.8823 88.8823 88.8823 88.8823 88.8823 88.8823 88.8823 88.8823 88.8823 
88.8823 88.8823 88.8823 88.8823 88.8823 88.8823 88.8823 88.8823 88.8823 88.8823 
88.8823 88.8823 88.8823 88.8823 88.8823 88.8823 88.8823 88.8823 88.8823 88.8823 
88.8823 88.8823 88.8823 88.8823 88.8823 88.8823 88.8823 88.8823 88.8823 88.8823 
88.8823 88.8823 88.8823 88.8823 88.8823 88.8823 88.8823 88.8823 88.8823 88.8823 
88.8823 88.8823 88.8823 88.8823 88.8823 88.8823 88.8823 88.8823 88.8823 88.8823 
88.8823 88.8823 88.8823 88.8823 88.8823 88.8823 88.8823 88.8823 88.8823 88.8823 
88.8823 88.8823 88.8823 88.8823 88.8823 88.8823 88.8823 88.8823 88.8823 88.8823 
88.8823 88.8823 88.8823 88.8823 88.8823 88.8823 88.8823 88.8823 88.8823 88.8823 
88.8823 88.8823 88.8823 88.8823 88.8823 88.8823 88.8823 88.8823 88.8823 88.8823 
88.8823 88.8823 88.8823 88.8823 88.8823 88.8823 88.8823 88.8823 88.8823 88.8823 
88.8823 88.8823 88.8823 88.8823 88.8823 88.8823 88.8823 88.8823 88.8823 88.8823 
88.8823 88.8823 88.8823 88.8823 88.8823 88.8823 88.8823 88.8823 88.8823 88.8823 
88.8823 88.8823 88.8823 88.8823 88.8823 88.8823 88.8823 88.8823 88.8823 88.8823 
88.8823 88.8823 88.8823 88.8823 88.8823 88.8823 88.8823 88.8823 88.8823 88.8823 
88.8823 88.8823 88.8823 88.8823 88.8823 88.8823 88.8823 88.8823 88.8823 88.8823 
88.8823 88.8823 88.8823 88.8823 88.8823 88.8823 88.8823 88.8823 88.8823 88.8823 
88.8823 88.8823 88.8823 88.8823 88.8823 88.8823 88.8823 88.8823 88.8823 88.8823 
88.8823 88.8823 88.8823 88.8823 88.8823 88.8823 88.8823 88.8823 88.8823 88.8823 
88.8823 88.8823 88.8823 88.8823 88.8823 88.8823 88.8823 88.8823 88.8823 88.8823 
88.8823 88.8823 88.8823 88.8823 88.8823 88.8823 88.8823 88.8823 88.8823 88.8823 
88.8823 88.8823 88.8823 88.8823 88.8823 88.8823 88.8823 88.8823 88.8823 88.8823 
88.8823 88.8823 88.8823 88.8823 88.8823 88.8823 88.8823 88.8823 88.8823 88.8823 
88.8823 88.8823 88.8823 88.8823 88.8823 88.8823 88.8823 88.8823 88.8823 88.8823 
88.8823 88.8823 88.8823 88.8823 88.8823 88.8823 88.8823 88.8823 88.8823 88.8823 
88.8823 88.8823 88.8823 88.8823 88.8823 88.8823 88.8823 88.8823 88.8823 88.8823 
88.8823 88.8823 88.8823 88.8823 88.8823 88.8823 88.8823 88.8823 88.8823 88.8823 
88.8823 88.8823 88.8823 88.8823 88.8823 88.8823 88.8823 88.8823 88.8823 88.8823 
88.8823 88.8823 88.8823 88.8823 88.8823 88.8823 88.8823 88.8823 88.8823 88.8823 
88.8823 88.8823 88.8823 88.8823 88.8823 88.8823 88.8823 88.8823 88.8823 88.8823 
88.8823 88.8823 88.8823 88.8823 88.8823 88.8823 88.8823 88.8823 88.8823 88.8823 
88.8823 88.8823 88.8823 88.8823 88.8823 88.8823 88.8823 88.8823 88.8823 88.8823 
88.8823 88.8823 88.8823 88.8823 88.8823 88.8823 88.8823 88.8823 88.8823 88.8823 
88.8823 88.8823 88.8823 88.8823 88.8823 88.8823 88.8823 88.8823 88.8823 88.8823 
88.8823 88.8823 88.8823 88.8823 88.8823 88.8823 88.8823 88.8823 88.8823 88.8823 
88.8823 88.8823 88.8823 88.8823 88.8823 88.8823 88.8823 88.8823 88.8823 88.8823 
88.8823 88.8823 88.8823 88.8823 88.8823 88.8823 88.8823 88.8823 88.8823 88.8823 
88.8823 88.8823 88.8823 88.8823 88.8823 88.8823 88.8823 88.8823 88.8823 88.8823 
88.8823 88.8823 88.8823 88.8823 88.8823 88.8823 88.8823 88.8823 88.8823 88.8823 
88.8823 88.8823 88.8823 88.8823 88.8823 88.8823 88.8823 88.8823 88.8823 88.8823 
88.8823 88.8823 88.8823 88.8823 88.8823 88.8823 88.8823 88.8823 88.8823 88.8823 
88.8823 88.8823 88.8823 88.8823 88.8823 88.8823 88.8823 88.8823 88.8823 88.8823 
88.8823 88.8823 88.8823 88.8823 88.8823 88.8823 88.8823 88.8823 88.8823 88.8823 
88.8823 88.8823 88.8823 88.8823 88.8823 88.8823 88.8823 88.8823 88.8823 88.8823 
88.8823 88.8823 88.8823 88.8823 88.8823 88.8823 88.8823 88.8823 88.8823 88.8823 
88.8823 88.8823 88.8823 88.8823 88.8823 88.8823 88.8823 88.8823 88.8823 88.8823 
88.8823 88.8823 88.8823 88.8823 88.8823 88.8823 88.8823 88.8823 88.8823 88.8823 
88.8823 88.8823 88.8823 88.8823 88.8823 88.8823 88.8823 88.8823 88.8823 88.8823 
88.8823 88.8823 88.8823 88.8823 88.8823 88.8823 88.8823 88.8823 88.8823 88.8823 
88.8823 88.8823 88.8823 88.8823 88.8823 88.8823 88.8823 88.8823 88.8823 88.8823 
88.8823 88.8823 88.8823 88.8823 88.8823 88.8823 88.8823 88.8823 88.8823 88.8823 
88.8823 88.8823 88.8823 88.8823 88.8823 88.8823 88.8823 88.8823 88.8823 88.8823 
88.8823 88.8823 88.8823 88.8823 88.8823 88.8823 88.8823 88.8823 88.8823 88.8823 
88.8823 88.8823 88.8823 88.8823 88.8823 88.8823 88.8823 88.8823 88.8823 88.8823 
88.8823 88.8823 88.8823 88.8823 88.8823 88.8823 88.8823 88.8823 88.8823 88.8823 
88.8823 88.8823 88.8823 88.8823 88.8823 88.8823 88.8823 88.8823 88.8823 88.8823 
88.8823 88.8823 88.8823 88.8823 88.8823 88.8823 88.8823 88.8823 88.8823 88.8823 
88.8823 88.8823 88.8823 88.8823 88.8823 88.8823 88.8823 88.8823 88.8823 88.8823 
88.8823 88.8823 88.8823 88.8823 88.8823 88.8823 88.8823 88.8823 88.8823 88.8823 
88.8823 88.8823 88.8823 88.8823 88.8823 88.8823 88.8823 88.8823 88.8823 88.8823 
88.8823 88.8823 88.8823 88.8823 88.8823 88.8823 88.8823 88.8823 88.8823 88.8823 
88.8823 88.8823 88.8823 88.8823 88.8823 88.8823 88.8823 88.8823 88.8823 88.8823 
88.8823 88.8823 88.8823 88.8823 88.8823 88.8823 88.8823 88.8823 88.8823 88.8823 
88.8823 88.8823 88.8823 88.8823 88.8823 88.8823 88.8823 88.8823 88.8823 88.8823 
88.8823 88.8823 88.8823 88.8823 88.8823 88.8823 88.8823 88.8823 88.8823 88.8823 
88.8823 88.8823 88.8823 88.8823 88.8823 88.8823 88.8823 88.8823 88.8823 88.8823 
88.8823 88.8823 88.8823 88.8823 88.8823 88.8823 88.8823 88.8823 88.8823 88.8823 
88.8823 88.8823 88.8823 88.8823 88.8823 88.8823 88.8823 88.8823 88.8823 88.8823 
88.8823 88.8823 88.8823 88.8823 88.8823 88.8823 88.8823 88.8823 88.8823 88.8823 
88.8823 88.8823 88.8823 88.8823 88.8823 88.8823 88.8823 88.8823 88.8823 88.8823 
88.8823 88.8823 88.8823 88.8823 88.8823 88.8823 88.8823 88.8823 88.8823 88.8823 
88.8823 88.8823 88.8823 88.8823 88.8823 88.8823 88.8823 88.8823 88.8823 88.8823 
88.8823 88.8823 88.8823 88.8823 88.8823 88.8823 88.8823 88.8823 88.8823 88.8823 
88.8823 88.8823 88.8823 88.8823 88.8823 88.8823 88.8823 88.8823 88.8823 88.8823 
88.8823 88.8823 88.8823 88.8823 88.8823 88.8823 88.8823 88.8823 88.8823 88.8823 
88.8823 88.8823 88.8823 88.8823 88.8823 88.8823 88.8823 88.8823 88.8823 88.8823 
88.8823 88.8823 88.8823 88.8823 88.8823 88.8823 88.8823 88.8823 88.8823 88.8823 
88.8823 88.8823 88.8823 88.8823 88.8823 88.8823 88.8823 88.8823 88.8823 88.8823 
88.8823 88.8823 88.8823 88.8823 88.8823 88.8823 88.8823 88.8823 88.8823 88.8823 
88.8823 88.8823 88.8823 88.8823 88.8823 88.8823 88.8823 88.8823 88.8823 88.8823 
88.8823 88.8823 88.8823 88.8823 88.8823 88.8823 88.8823 88.8823 88.8823 88.8823 
88.8823 88.8823 88.8823 88.8823 88.8823 88.8823 88.8823 88.8823 88.8823 88.8823 
88.8823 88.8823 88.8823 88.8823 88.8823 88.8823 88.8823 88.8823 88.8823 88.8823 
88.8823 88.8823 88.8823 88.8823 88.8823 88.8823 88.8823 88.8823 88.8823 88.8823 
88.8823 88.8823 88.8823 88.8823 88.8823 88.8823 88.8823 88.8823 88.8823 88.8823 
88.8823 88.8823 88.8823 88.8823 88.8823 88.8823 88.8823 88.8823 88.8823 88.8823 
88.8823 88.8823 88.8823 88.8823 88.8823 88.8823 88.8823 88.8823 88.8823 88.8823 
88.8823 88.8823 88.8823 88.8823 88.8823 88.8823 88.8823 88.8823 88.8823 88.8823 
88.8823 88.8823 88.8823 88.8823 88.8823 88.8823 88.8823 88.8823 88.8823 88.8823 
88.8823 88.8823 88.8823 88.8823 88.8823 88.8823 88.8823 88.8823 88.8823 88.8823 
88.8823 88.8823 88.8823 88.8823 88.8823 88.8823 88.8823 88.8823 88.8823 88.8823 
88.8823 88.8823 88.8823 88.8823 88.8823 88.8823 88.8823 88.8823 88.8823 88.8823 
88.8823 88.8823 88.8823 88.8823 88.8823 88.8823 88.8823 88.8823 88.8823 88.8823 
88.8823 88.8823 88.8823 88.8823 88.8823 88.8823 88.8823 88.8823 88.8823 88.8823 
88.8823 88.8823 88.8823 88.8823 88.8823 88.8823 88.8823 88.8823 88.8823 88.8823 
88.8823 88.8823 88.8823 88.8823 88.8823 88.8823 88.8823 88.8823 88.8823 88.8823 
88.8823 88.8823 88.8823 88.8823 88.8823 88.8823 88.8823 88.8823 88.8823 88.8823 
88.8823 88.8823 88.8823 88.8823 88.8823 88.8823 88.8823 88.8823 88.8823 88.8823 
88.8823 88.8823 88.8823 88.8823 88.8823 88.8823 88.8823 88.8823 88.8823 88.8823 
88.8823 88.8823 88.8823 88.8823 88.8823 88.8823 88.8823 88.8823 88.8823 88.8823 
88.8823 88.8823 88.8823 88.8823 88.8823 88.8823 88.8823 88.8823 88.8823 88.8823 
88.8823 88.8823 88.8823 88.8823 88.8823 88.8823 88.8823 88.8823 88.8823 88.8823 
88.8823 88.8823 88.8823 88.8823 88.8823 88.8823 88.8823 88.8823 88.8823 88.8823 
88.8823 88.8823 88.8823 88.8823 88.8823 88.8823 88.8823 88.8823 88.8823 88.8823 
88.8823 88.8823 88.8823 88.8823 88.8823 88.8823 88.8823 88.8823 88.8823 88.8823 
88.8823 88.8823 88.8823 88.8823 88.8823 88.8823 88.8823 88.8823 88.8823 88.8823 
88.8823 88.8823 88.8823 88.8823 88.8823 88.8823 88.8823 88.8823 88.8823 88.8823 
88.8823 88.8823 88.8823 88.8823 88.8823 88.8823 88.8823 88.8823 88.8823 88.8823 
88.8823 88.8823 88.8823 88.8823 88.8823 88.8823 88.8823 88.8823 88.8823 88.8823 
88.8823 88.8823 88.8823 88.8823 88.8823 88.8823 88.8823 88.8823 88.8823 88.8823 
88.8823 88.8823 88.8823 88.8823 88.8823 88.8823 88.8823 88.8823 88.8823 88.8823 
88.8823 88.8823 88.8823 88.8823 88.8823 88.8823 88.8823 88.8823 88.8823 88.8823 
88.8823 88.8823 88.8823 88.8823 88.8823 88.8823 88.8823 88.8823 88.8823 88.8823 
88.8823 88.8823 88.8823 88.8823 88.8823 88.8823 88.8823 88.8823 88.8823 88.8823 
88.8823 88.8823 88.8823 88.8823 88.8823 88.8823 88.8823 88.8823 88.8823 88.8823 
88.8823 88.8823 88.8823 88.8823 88.8823 88.8823 88.8823 88.8823 88.8823 88.8823 
88.8823 88.8823 88.8823 88.8823 88.8823 88.8823 88.8823 88.8823 88.8823 88.8823 
88.8823 88.8823 88.8823 88.8823 88.8823 88.8823 88.8823 88.8823 88.8823 88.8823 
88.8823 88.8823 88.8823 88.8823 88.8823 88.8823 88.8823 88.8823 88.8823 88.8823 
88.8823 88.8823 88.8823 88.8823 88.8823 88.8823 88.8823 88.8823 88.8823 88.8823 
88.8823 88.8823 88.8823 88.8823 88.8823 88.8823 88.8823 88.8823 88.8823 88.8823 
88.8823 88.8823 88.8823 88.8823 88.8823 88.8823 88.8823 88.8823 88.8823 88.8823 
88.8823 88.8823 88.8823 88.8823 88.8823 88.8823 88.8823 88.8823 88.8823 88.8823 
88.8823 88.8823 88.8823 88.8823 88.8823 88.8823 88.8823 88.8823 88.8823 88.8823 
88.8823 88.8823 88.8823 88.8823 88.8823 88.8823 88.8823 88.8823 88.8823 88.8823 
88.8823 88.8823 88.8823 88.8823 88.8823 88.8823 88.8823 88.8823 88.8823 88.8823 
88.8823 88.8823 88.8823 88.8823 88.8823 88.8823 88.8823 88.8823 88.8823 88.8823 
88.8823 88.8823 88.8823 88.8823 88.8823 88.8823 88.8823 88.8823 88.8823 88.8823 
88.8823 88.8823 88.8823 88.8823 88.8823 88.8823 88.8823 88.8823 88.8823 88.8823 
88.8823 88.8823 88.8823 88.8823 88.8823 88.8823 88.8823 88.8823 88.8823 88.8823 
88.8823 88.8823 88.8823 88.8823 88.8823 88.8823 88.8823 88.8823 88.8823 88.8823 
88.8823 88.8823 88.8823 88.8823 88.8823 88.8823 88.8823 88.8823 88.8823 88.8823 
88.8823 88.8823 88.8823 88.8823 88.8823 88.8823 88.8823 88.8823 88.8823 88.8823 
88.8823 88.8823 88.8823 88.8823 88.8823 88.8823 88.8823 88.8823 88.8823 88.8823 
88.8823 88.8823 88.8823 88.8823 88.8823 88.8823 88.8823 88.8823 88.8823 88.8823 
88.8823 88.8823 88.8823 88.8823 88.8823 88.8823 88.8823 88.8823 88.8823 88.8823 
88.8823 88.8823 88.8823 88.8823 88.8823 88.8823 88.8823 88.8823 88.8823 88.8823 
88.8823 88.8823 88.8823 88.8823 88.8823 88.8823 88.8823 88.8823 88.8823 88.8823 
88.8823 88.8823 88.8823 88.8823 88.8823 88.8823 88.8823 88.8823 88.8823 88.8823 
88.8823 88.8823 88.8823 88.8823 88.8823 88.8823 88.8823 88.8823 88.8823 88.8823 
88.8823 88.8823 88.8823 88.8823 88.8823 88.8823 88.8823 88.8823 88.8823 88.8823 
88.8823 88.8823 88.8823 88.8823 88.8823 88.8823 88.8823 88.8823 88.8823 88.8823 
88.8823 88.8823 88.8823 88.8823 88.8823 88.8823 88.8823 88.8823 88.8823 88.8823 
88.8823 88.8823 88.8823 88.8823 88.8823 88.8823 88.8823 88.8823 88.8823 88.8823 
88.8823 88.8823 88.8823 88.8823 88.8823 88.8823 88.8823 88.8823 88.8823 88.8823 
88.8823 88.8823 88.8823 88.8823 88.8823 88.8823 88.8823 88.8823 88.8823 88.8823 
88.8823 88.8823 88.8823 88.8823 88.8823 88.8823 88.8823 88.8823 88.8823 88.8823 
88.8823 88.8823 88.8823 88.8823 88.8823 88.8823 88.8823 88.8823 88.8823 88.8823 
88.8823 88.8823 88.8823 88.8823 88.8823 88.8823 88.8823 88.8823 88.8823 88.8823 
88.8823 88.8823 88.8823 88.8823 88.8823 88.8823 88.8823 88.8823 88.8823 88.8823 
88.8823 88.8823 88.8823 88.8823 88.8823 88.8823 88.8823 88.8823 88.8823 88.8823 
88.8823 88.8823 88.8823 88.8823 88.8823 88.8823 88.8823 88.8823 88.8823 88.8823 
88.8823 88.8823 88.8823 88.8823 88.8823 88.8823 88.8823 88.8823 88.8823 88.8823 
88.8823 88.8823 88.8823 88.8823 88.8823 88.8823 88.8823 88.8823 88.8823 88.8823 
88.8823 88.8823 88.8823 88.8823 88.8823 88.8823 88.8823 88.8823 88.8823 88.8823 
88.8823 88.8823 88.8823 88.8823 88.8823 88.8823 88.8823 88.8823 88.8823 88.8823 
88.8823 88.8823 88.8823 88.8823 88.8823 88.8823 88.8823 88.8823 88.8823 88.8823 
88.8823 88.8823 88.8823 88.8823 88.8823 88.8823 88.8823 88.8823 88.8823 88.8823 
88.8823 88.8823 88.8823 88.8823 88.8823 88.8823 88.8823 88.8823 88.8823 88.8823 
88.8823 88.8823 88.8823 88.8823 88.8823 88.8823 88.8823 88.8823 88.8823 88.8823 
88.8823 88.8823 88.8823 88.8823 88.8823 88.8823 88.8823 88.8823 88.8823 88.8823 
88.8823 88.8823 88.8823 88.8823 88.8823 88.8823 88.8823 88.8823 88.8823 88.8823 
88.8823 88.8823 88.8823 88.8823 88.8823 88.8823 88.8823 88.8823 88.8823 88.8823 
88.8823 88.8823 88.8823 88.8823 88.8823 88.8823 88.8823 88.8823 88.8823 88.8823 
88.8823 88.8823 88.8823 88.8823 88.8823 88.8823 88.8823 88.8823 88.8823 88.8823 
88.8823 88.8823 88.8823 88.8823 88.8823 88.8823 88.8823 88.8823 88.8823 88.8823 
88.8823 88.8823 88.8823 88.8823 88.8823 88.8823 88.8823 88.8823 88.8823 88.8823 
88.8823 88.8823 88.8823 88.8823 88.8823 88.8823 88.8823 88.8823 88.8823 88.8823 
88.8823 88.8823 88.8823 88.8823 88.8823 88.8823 88.8823 88.8823 88.8823 88.8823 
88.8823 88.8823 88.8823 88.8823 88.8823 88.8823 88.8823 88.8823 88.8823 88.8823 
88.8823 88.8823 88.8823 88.8823 88.8823 88.8823 88.8823 88.8823 88.8823 88.8823 
88.8823 88.8823 88.8823 88.8823 88.8823 88.8823 88.8823 88.8823 88.8823 88.8823 
88.8823 88.8823 88.8823 88.8823 88.8823 88.8823 88.8823 88.8823 88.8823 88.8823 
88.8823 88.8823 88.8823 88.8823 88.8823 88.8823 88.8823 88.8823 88.8823 88.8823 
88.8823 88.8823 88.8823 88.8823 88.8823 88.8823 88.8823 88.8823 88.8823 88.8823 
88.8823 88.8823 88.8823 88.8823 88.8823 88.8823 88.8823 88.8823 88.8823 88.8823 
88.8823 88.8823 88.8823 88.8823 88.8823 88.8823 88.8823 88.8823 88.8823 88.8823 
88.8823 88.8823 88.8823 88.8823 88.8823 88.8823 88.8823 88.8823 88.8823 88.8823 
88.8823 88.8823 88.8823 88.8823 88.8823 88.8823 88.8823 88.8823 88.8823 88.8823 
88.8823 88.8823 88.8823 88.8823 88.8823 88.8823 88.8823 88.8823 88.8823 88.8823 
88.8823 88.8823 88.8823 88.8823 88.8823 SCALARS ThermRadius_m float 1
LOOKUP_TABLE default
63.0615 63.0615 63.0615 63.0615 63.0615 63.0615 63.0615 63.0615 63.0615 
63.0615 63.0615 63.0615 63.0615 63.0615 63.0615 63.0615 63.0615 63.0615 63.0615 
63.0615 63.0615 63.0615 63.0615 63.0615 63.0615 63.0615 63.0615 63.0615 63.0615 
63.0615 63.0615 63.0615 63.0615 63.0615 63.0615 63.0615 63.0615 63.0615 63.0615 
63.0615 63.0615 63.0615 63.0615 63.0615 65.1359 65.1359 65.1359 65.1359 65.1359 
65.1359 65.1359 65.1359 65.1359 65.1359 65.1359 65.1359 65.1359 65.1359 65.1359 
65.1359 65.1359 65.1359 65.1359 65.1359 65.1359 65.1359 65.1359 65.1359 65.1359 
65.1359 65.1359 65.1359 65.1359 65.1359 65.1359 65.1359 65.1359 65.1359 65.1359 
65.1359 65.1359 65.1359 65.1359 65.1359 65.1359 65.1359 65.1359 65.1359 63.0432 
63.0432 63.0432 63.0432 63.0432 63.0432 63.0432 63.0432 63.0432 63.0432 63.0432 
63.0432 63.0432 63.0432 63.0432 63.0432 63.0432 63.0432 63.0432 63.0432 63.0432 
63.0432 63.0432 63.0432 63.0432 63.0432 63.0432 63.0432 63.0432 63.0432 63.0432 
63.0432 63.0432 63.0432 63.0432 63.0432 63.0432 63.0432 63.0432 63.0432 63.0432 
63.0432 63.0432 63.0432 43.7489 43.7489 43.7489 43.7489 43.7489 43.7489 43.7489 
43.7489 43.7489 43.7489 43.7489 43.7489 43.7489 43.7489 43.7489 43.7489 43.7489 
43.7489 43.7489 43.7489 43.7489 43.7489 43.7489 43.7489 43.7489 43.7489 43.7489 
43.7489 43.7489 43.7489 43.7489 43.7489 43.7489 43.7489 43.7489 43.7489 43.7489 
43.7489 43.7489 43.7489 43.7489 43.7489 43.7489 43.7489 63.0795 63.0795 63.0795 
63.0795 63.0795 63.0795 63.0795 63.0795 63.0795 63.0795 63.0795 63.0795 63.0795 
63.0795 63.0795 63.0795 63.0795 63.0795 63.0795 63.0795 63.0795 63.0795 63.0795 
63.0795 63.0795 63.0795 63.0795 63.0795 63.0795 63.0795 63.0795 63.0795 63.0795 
63.0795 63.0795 63.0795 63.0795 63.0795 63.0795 63.0795 63.0795 63.0795 63.0795 
63.0795 63.0668 63.0668 63.0668 63.0668 63.0668 63.0668 63.0668 63.0668 63.0668 
63.0668 63.0668 63.0668 63.0668 63.0668 63.0668 63.0668 63.0668 63.0668 63.0668 
63.0668 63.0668 63.0668 63.0668 63.0668 63.0668 63.0668 63.0668 63.0668 63.0668 
63.0668 63.0668 63.0668 63.0668 63.0668 63.0668 63.0668 63.0668 63.0668 63.0668 
63.0668 63.0668 63.0668 63.0668 63.0668 63.0597 63.0597 63.0597 63.0597 63.0597 
63.0597 63.0597 63.0597 63.0597 63.0597 63.0597 63.0597 63.0597 63.0597 63.0597 
63.0597 63.0597 63.0597 63.0597 63.0597 63.0597 63.0597 63.0597 63.0597 63.0597 
63.0597 63.0597 63.0597 63.0597 63.0597 63.0597 63.0597 63.0597 63.0597 63.0597 
63.0597 63.0597 63.0597 63.0597 63.0597 63.0597 63.0597 63.0597 63.0597 63.054 
63.054 63.054 63.054 63.054 63.054 63.054 63.054 63.054 63.054 63.054 
63.054 63.054 63.054 63.054 63.054 63.054 63.054 63.054 63.054 63.054 
63.054 63.054 63.054 63.054 63.054 63.054 63.054 63.054 63.054 63.054 
63.054 63.054 63.054 63.054 63.054 63.054 63.054 63.054 63.054 63.054 
63.054 63.054 63.054 63.049 63.049 63.049 63.049 63.049 63.049 63.049 
63.049 63.049 63.049 63.049 63.049 63.049 63.049 63.049 63.049 63.049 
63.049 63.049 63.049 63.049 63.049 63.049 63.049 63.049 63.049 63.049 
63.049 63.049 63.049 63.049 63.049 63.049 63.049 63.049 63.049 63.049 
63.049 63.049 63.049 63.049 63.049 63.049 63.049 63.0442 63.0442 63.0442 
63.0442 63.0442 63.0442 63.0442 63.0442 63.0442 63.0442 63.0442 63.0442 63.0442 
63.0442 63.0442 63.0442 63.0442 63.0442 63.0442 63.0442 63.0442 63.0442 63.0442 
63.0442 63.0442 63.0442 63.0442 63.0442 63.0442 63.0442 63.0442 63.0442 63.0442 
63.0442 63.0442 63.0442 63.0442 63.0442 63.0442 63.0442 63.0442 63.0442 63.0442 
63.0442 63.0396 63.0396 63.0396 63.0396 63.0396 63.0396 63.0396 63.0396 63.0396 
63.0396 63.0396 63.0396 63.0396 63.0396 63.0396 63.0396 63.0396 63.0396 63.0396 
63.0396 63.0396 63.0396 63.0396 63.0396 63.0396 63.0396 63.0396 63.0396 63.0396 
63.0396 63.0396 63.0396 63.0396 63.0396 63.0396 63.0396 63.0396 63.0396 63.0396 
63.0396 63.0396 63.0396 63.0396 63.0396 63.0351 63.0351 63.0351 63.0351 63.0351 
63.0351 63.0351 63.0351 63.0351 63.0351 63.0351 63.0351 63.0351 63.0351 63.0351 
63.0351 63.0351 63.0351 63.0351 63.0351 63.0351 63.0351 63.0351 63.0351 63.0351 
63.0351 63.0351 63.0351 63.0351 63.0351 63.0351 63.0351 63.0351 63.0351 63.0351 
63.0351 63.0351 63.0351 63.0351 63.0351 63.0351 63.0351 63.0351 63.0351 63.0307 
63.0307 63.0307 63.0307 63.0307 63.0307 63.0307 63.0307 63.0307 63.0307 63.0307 
63.0307 63.0307 63.0307 63.0307 63.0307 63.0307 63.0307 63.0307 63.0307 63.0307 
63.0307 63.0307 63.0307 63.0307 63.0307 63.0307 63.0307 63.0307 63.0307 63.0307 
63.0307 63.0307 63.0307 63.0307 63.0307 63.0307 63.0307 63.0307 63.0307 63.0307 
63.0307 63.0307 63.0307 63.0263 63.0263 63.0263 63.0263 63.0263 63.0263 63.0263 
63.0263 63.0263 63.0263 63.0263 63.0263 63.0263 63.0263 63.0263 63.0263 63.0263 
63.0263 63.0263 63.0263 63.0263 63.0263 63.0263 63.0263 63.0263 63.0263 63.0263 
63.0263 63.0263 63.0263 63.0263 63.0263 63.0263 63.0263 63.0263 63.0263 63.0263 
63.0263 63.0263 63.0263 63.0263 63.0263 63.0263 63.0263 63.0219 63.0219 63.0219 
63.0219 63.0219 63.0219 63.0219 63.0219 63.0219 63.0219 63.0219 63.0219 63.0219 
63.0219 63.0219 63.0219 63.0219 63.0219 63.0219 63.0219 63.0219 63.0219 63.0219 
63.0219 63.0219 63.0219 63.0219 63.0219 63.0219 63.0219 63.0219 63.0219 63.0219 
63.0219 63.0219 63.0219 63.0219 63.0219 63.0219 63.0219 63.0219 63.0219 63.0219 
63.0219 63.0176 63.0176 63.0176 63.0176 63.0176 63.0176 63.0176 63.0176 63.0176 
63.0176 63.0176 63.0176 63.0176 63.0176 63.0176 63.0176 63.0176 63.0176 63.0176 
63.0176 63.0176 63.0176 63.0176 63.0176 63.0176 63.0176 63.0176 63.0176 63.0176 
63.0176 63.0176 63.0176 63.0176 63.0176 63.0176 63.0176 63.0176 63.0176 63.0176 
63.0176 63.0176 63.0176 63.0176 63.0176 63.0133 63.0133 63.0133 63.0133 63.0133 
63.0133 63.0133 63.0133 63.0133 63.0133 63.0133 63.0133 63.0133 63.0133 63.0133 
63.0133 63.0133 63.0133 63.0133 63.0133 63.0133 63.0133 63.0133 63.0133 63.0133 
63.0133 63.0133 63.0133 63.0133 63.0133 63.0133 63.0133 63.0133 63.0133 63.0133 
63.0133 63.0133 63.0133 63.0133 63.0133 63.0133 63.0133 63.0133 63.0133 63.009 
63.009 63.009 63.009 63.009 63.009 63.009 63.009 63.009 63.009 63.009 
63.009 63.009 63.009 63.009 63.009 63.009 63.009 63.009 63.009 63.009 
63.009 63.009 63.009 63.009 63.009 63.009 63.009 63.009 63.009 63.009 
63.009 63.009 63.009 63.009 63.009 63.009 63.009 63.009 63.009 63.009 
63.009 63.009 63.009 63.0047 63.0047 63.0047 63.0047 63.0047 63.0047 63.0047 
63.0047 63.0047 63.0047 63.0047 63.0047 63.0047 63.0047 63.0047 63.0047 63.0047 
63.0047 63.0047 63.0047 63.0047 63.0047 63.0047 63.0047 63.0047 63.0047 63.0047 
63.0047 63.0047 63.0047 63.0047 63.0047 63.0047 63.0047 63.0047 63.0047 63.0047 
63.0047 63.0047 63.0047 63.0047 63.0047 63.0047 63.0047 63.0004 63.0004 63.0004 
63.0004 63.0004 63.0004 63.0004 63.0004 63.0004 63.0004 63.0004 63.0004 63.0004 
63.0004 63.0004 63.0004 63.0004 63.0004 63.0004 63.0004 63.0004 63.0004 63.0004 
63.0004 63.0004 63.0004 63.0004 63.0004 63.0004 63.0004 63.0004 63.0004 63.0004 
63.0004 63.0004 63.0004 63.0004 63.0004 63.0004 63.0004 63.0004 63.0004 63.0004 
63.0004 62.9751 62.9751 62.9751 62.9751 62.9751 62.9751 62.9751 62.9751 62.9751 
62.9751 62.9751 62.9751 62.9751 62.9751 62.9751 62.9751 62.9751 62.9751 62.9751 
62.9751 62.9751 62.9751 62.9751 62.9751 62.9751 62.9751 62.9751 62.9751 62.9751 
62.9751 62.9751 62.9751 62.9751 62.9751 62.9751 62.9751 62.9751 62.9751 62.9751 
62.9751 62.9751 62.9751 62.9751 62.9751 62.9751 62.9751 62.9751 62.9751 62.9751 
62.9751 62.9751 62.9751 62.9751 62.9751 62.9751 62.9751 62.9301 62.9301 62.9301 
62.9301 62.9301 62.9301 62.9301 62.9301 62.9301 62.9301 62.9301 62.9301 62.9301 
62.9301 62.9301 62.9301 62.9301 62.9301 62.9301 62.9301 62.9301 62.9301 62.9301 
62.9301 62.9301 62.9301 62.9301 62.9301 62.9301 62.9301 62.9301 62.9301 62.9301 
62.9301 62.9301 62.9301 62.9301 62.9301 62.9301 62.9301 62.9301 62.9301 62.9301 
62.9301 62.9301 62.9301 62.9301 62.9301 62.9301 62.9301 62.9301 62.9301 62.9301 
62.9301 62.9301 62.9301 62.8868 62.8868 62.8868 62.8868 62.8868 62.8868 62.8868 
62.8868 62.8868 62.8868 62.8868 62.8868 62.8868 62.8868 62.8868 62.8868 62.8868 
62.8868 62.8868 62.8868 62.8868 62.8868 62.8868 62.8868 62.8868 62.8868 62.8868 
62.8868 62.8868 62.8868 62.8868 62.8868 62.8868 62.8868 62.8868 62.8868 62.8868 
62.8868 62.8868 62.8868 62.8868 62.8868 62.8868 62.8868 62.8868 62.8868 62.8868 
62.8868 62.8868 62.8868 62.8868 62.8868 62.8868 62.8868 62.8868 62.8868 65.5797 
65.5797 65.5797 65.5797 65.5797 65.5797 65.5797 65.5797 65.5797 65.5797 65.5797 
65.5797 65.5797 65.5797 65.5797 65.5797 65.5797 65.5797 65.5797 65.5797 65.5797 
65.5797 65.5797 65.5797 65.5797 65.5797 65.5797 65.5797 65.5797 65.5797 65.5797 
65.5797 65.5797 65.5797 65.5797 65.5797 65.5797 65.5797 65.5797 65.5797 65.5797 
65.5797 65.5797 65.5797 66.2376 66.2376 66.2376 66.2376 66.2376 66.2376 66.2376 
66.2376 66.2376 66.2376 66.2376 66.2376 66.2376 66.2376 66.2376 66.2376 66.2376 
66.2376 66.2376 66.2376 66.2376 66.2376 66.2376 66.2376 66.2376 66.2376 66.2376 
66.2376 66.2376 66.2376 66.2376 66.2376 66.2376 66.2376 66.2376 66.2376 66.2376 
66.2376 66.2376 66.2376 66.2376 66.2376 66.2376 66.2376 67.3837 67.3837 67.3837 
67.3837 67.3837 67.3837 67.3837 67.3837 67.3837 67.3837 67.3837 67.3837 67.3837 
67.3837 67.3837 67.3837 67.3837 67.3837 67.3837 67.3837 67.3837 67.3837 67.3837 
67.3837 67.3837 67.3837 67.3837 67.3837 67.3837 67.3837 67.3837 67.3837 67.3837 
67.3837 67.3837 67.3837 67.3837 67.3837 67.3837 67.3837 67.3837 67.3837 67.3837 
67.3837 69.869 69.869 69.869 69.869 69.869 69.869 69.869 69.869 69.869 
69.869 69.869 69.869 69.869 69.869 69.869 69.869 69.869 69.869 69.869 
69.869 69.869 69.869 69.869 69.869 69.869 69.869 69.869 69.869 69.869 
69.869 69.869 69.869 69.869 69.869 69.869 69.869 69.869 69.869 69.869 
69.869 69.869 69.869 69.869 69.869 79.1144 79.1144 79.1144 79.1144 79.1144 
79.1144 79.1144 79.1144 79.1144 79.1144 79.1144 79.1144 79.1144 79.1144 79.1144 
79.1144 79.1144 79.1144 79.1144 79.1144 79.1144 79.1144 79.1144 79.1144 79.1144 
79.1144 79.1144 79.1144 79.1144 79.1144 79.1144 79.1144 79.1144 79.1144 79.1144 
79.1144 79.1144 79.1144 79.1144 79.1144 79.1144 79.1144 79.1144 79.1144 46.3612 
46.3612 46.3612 46.3612 46.3612 46.3612 46.3612 46.3612 46.3612 46.3612 46.3612 
46.3612 46.3612 46.3612 46.3612 46.3612 46.3612 46.3612 46.3612 46.3612 46.3612 
46.3612 46.3612 46.3612 46.3612 46.3612 46.3612 46.3612 46.3612 46.3612 46.3612 
46.3612 46.3612 46.3612 46.3612 46.3612 46.3612 46.3612 46.3612 46.3612 46.3612 
46.3612 46.3612 46.3612 55.1841 55.1841 55.1841 55.1841 55.1841 55.1841 55.1841 
55.1841 55.1841 55.1841 55.1841 55.1841 55.1841 55.1841 55.1841 55.1841 55.1841 
55.1841 55.1841 55.1841 55.1841 55.1841 55.1841 55.1841 55.1841 55.1841 55.1841 
55.1841 55.1841 55.1841 55.1841 55.1841 55.1841 55.1841 55.1841 55.1841 55.1841 
55.1841 55.1841 55.1841 55.1841 55.1841 55.1841 55.1841 58.0727 58.0727 58.0727 
58.0727 58.0727 58.0727 58.0727 58.0727 58.0727 58.0727 58.0727 58.0727 58.0727 
58.0727 58.0727 58.0727 58.0727 58.0727 58.0727 58.0727 58.0727 58.0727 58.0727 
58.0727 58.0727 58.0727 58.0727 58.0727 58.0727 58.0727 58.0727 58.0727 58.0727 
58.0727 58.0727 58.0727 58.0727 58.0727 58.0727 58.0727 58.0727 58.0727 58.0727 
58.0727 59.5726 59.5726 59.5726 59.5726 59.5726 59.5726 59.5726 59.5726 59.5726 
59.5726 59.5726 59.5726 59.5726 59.5726 59.5726 59.5726 59.5726 59.5726 59.5726 
59.5726 59.5726 59.5726 59.5726 59.5726 59.5726 59.5726 59.5726 59.5726 59.5726 
59.5726 59.5726 59.5726 59.5726 59.5726 59.5726 59.5726 59.5726 59.5726 59.5726 
59.5726 59.5726 59.5726 59.5726 59.5726 60.3975 60.3975 60.3975 60.3975 60.3975 
60.3975 60.3975 60.3975 60.3975 60.3975 60.3975 60.3975 60.3975 60.3975 60.3975 
60.3975 60.3975 60.3975 60.3975 60.3975 60.3975 60.3975 60.3975 60.3975 60.3975 
60.3975 60.3975 60.3975 60.3975 60.3975 60.3975 60.3975 60.3975 60.3975 60.3975 
60.3975 60.3975 60.3975 60.3975 60.3975 60.3975 60.3975 60.3975 60.3975 60.9203 
60.9203 60.9203 60.9203 60.9203 60.9203 60.9203 60.9203 60.9203 60.9203 60.9203 
60.9203 60.9203 60.9203 60.9203 60.9203 60.9203 60.9203 60.9203 60.9203 60.9203 
60.9203 60.9203 60.9203 60.9203 60.9203 60.9203 60.9203 60.9203 60.9203 60.9203 
60.9203 60.9203 60.9203 60.9203 60.9203 60.9203 60.9203 60.9203 60.9203 60.9203 
60.9203 60.9203 60.9203 61.2712 61.2712 61.2712 61.2712 61.2712 61.2712 61.2712 
61.2712 61.2712 61.2712 61.2712 61.2712 61.2712 61.2712 61.2712 61.2712 61.2712 
61.2712 61.2712 61.2712 61.2712 61.2712 61.2712 61.2712 61.2712 61.2712 61.2712 
61.2712 61.2712 61.2712 61.2712 61.2712 61.2712 61.2712 61.2712 61.2712 61.2712 
61.2712 61.2712 61.2712 61.2712 61.2712 61.2712 61.2712 61.5287 61.5287 61.5287 
61.5287 61.5287 61.5287 61.5287 61.5287 61.5287 61.5287 61.5287 61.5287 61.5287 
61.5287 61.5287 61.5287 61.5287 61.5287 61.5287 61.5287 61.5287 61.5287 61.5287 
61.5287 61.5287 61.5287 61.5287 61.5287 61.5287 61.5287 61.5287 61.5287 61.5287 
61.5287 61.5287 61.5287 61.5287 61.5287 61.5287 61.5287 61.5287 61.5287 61.5287 
61.5287 61.7341 61.7341 61.7341 61.7341 61.7341 61.7341 61.7341 61.7341 61.7341 
61.7341 61.7341 61.7341 61.7341 61.7341 61.7341 61.7341 61.7341 61.7341 61.7341 
61.7341 61.7341 61.7341 61.7341 61.7341 61.7341 61.7341 61.7341 61.7341 61.7341 
61.7341 61.7341 61.7341 61.7341 61.7341 61.7341 61.7341 61.7341 61.7341 61.7341 
61.7341 61.7341 61.7341 61.7341 61.7341 61.8911 61.8911 61.8911 61.8911 61.8911 
61.8911 61.8911 61.8911 61.8911 61.8911 61.8911 61.8911 61.8911 61.8911 61.8911 
61.8911 61.8911 61.8911 61.8911 61.8911 61.8911 61.8911 61.8911 61.8911 61.8911 
61.8911 61.8911 61.8911 61.8911 61.8911 61.8911 61.8911 61.8911 61.8911 61.8911 
61.8911 61.8911 61.8911 61.8911 61.8911 61.8911 61.8911 61.8911 61.8911 62.0145 
62.0145 62.0145 62.0145 62.0145 62.0145 62.0145 62.0145 62.0145 62.0145 62.0145 
62.0145 62.0145 62.0145 62.0145 62.0145 62.0145 62.0145 62.0145 62.0145 62.0145 
62.0145 62.0145 62.0145 62.0145 62.0145 62.0145 62.0145 62.0145 62.0145 62.0145 
62.0145 62.0145 62.0145 62.0145 62.0145 62.0145 62.0145 62.0145 62.0145 62.0145 
62.0145 62.0145 62.0145 62.1184 62.1184 62.1184 62.1184 62.1184 62.1184 62.1184 
62.1184 62.1184 62.1184 62.1184 62.1184 62.1184 62.1184 62.1184 62.1184 62.1184 
62.1184 62.1184 62.1184 62.1184 62.1184 62.1184 62.1184 62.1184 62.1184 62.1184 
62.1184 62.1184 62.1184 62.1184 62.1184 62.1184 62.1184 62.1184 62.1184 62.1184 
62.1184 62.1184 62.1184 62.1184 62.1184 62.1184 62.1184 62.4663 62.4663 62.4663 
62.4663 62.4663 62.4663 62.4663 62.4663 62.4663 62.4663 62.4663 62.4663 62.4663 
62.4663 62.4663 62.4663 62.4663 62.4663 62.4663 62.4663 62.4663 62.4663 62.4663 
62.4663 62.4663 62.4663 62.4663 62.4663 62.4663 62.4663 62.4663 62.4663 62.4663 
62.4663 62.4663 62.4663 62.4663 62.4663 62.4663 62.4663 62.4663 62.4663 62.4663 
62.4663 62.4663 62.4663 62.4663 62.4663 62.4663 62.4663 62.4663 62.4663 62.4663 
62.4663 62.4663 62.4663 62.7361 62.7361 62.7361 62.7361 62.7361 62.7361 62.7361 
62.7361 62.7361 62.7361 62.7361 62.7361 62.7361 62.7361 62.7361 62.7361 62.7361 
62.7361 62.7361 62.7361 62.7361 62.7361 62.7361 62.7361 62.7361 62.7361 62.7361 
62.7361 62.7361 62.7361 62.7361 62.7361 62.7361 62.7361 62.7361 62.7361 62.7361 
62.7361 62.7361 62.7361 62.7361 62.7361 62.7361 62.7361 62.7361 62.7361 62.7361 
62.7361 62.7361 62.7361 62.7361 62.7361 62.7361 62.7361 62.7361 62.7361 62.8138 
62.8138 62.8138 62.8138 62.8138 62.8138 62.8138 62.8138 62.8138 62.8138 62.8138 
62.8138 62.8138 62.8138 62.8138 62.8138 62.8138 62.8138 62.8138 62.8138 62.8138 
62.8138 62.8138 62.8138 62.8138 62.8138 62.8138 62.8138 62.8138 62.8138 62.8138 
62.8138 62.8138 62.8138 62.8138 62.8138 62.8138 62.8138 62.8138 62.8138 62.8138 
62.8138 62.8138 62.8138 62.3511 62.3511 62.3511 62.3511 62.3511 62.3511 62.3511 
62.3511 62.3511 62.3511 62.3511 62.3511 62.3511 62.3511 62.3511 62.3511 62.3511 
62.3511 62.3511 62.3511 62.3511 62.3511 62.3511 62.3511 62.3511 62.3511 62.3511 
62.3511 62.3511 62.3511 62.3511 62.3511 62.3511 62.3511 62.3511 62.3511 62.3511 
62.3511 62.3511 62.3511 62.3511 62.3511 62.3511 62.3511 62.3511 62.3511 62.3511 
62.3511 62.3511 62.3511 62.3511 62.3511 62.3511 62.3511 62.3511 62.3511 62.3511 
62.3511 62.3511 62.3511 62.3511 62.3511 62.3511 62.3511 62.3511 62.3511 62.3511 
62.3511 62.3511 62.3511 62.3511 62.3511 62.3511 62.3511 62.3511 62.3511 62.3511 
62.3511 62.3511 62.3511 62.3511 62.3511 62.3511 62.3511 62.3511 62.3511 62.3511 
62.3511 62.3511 62.3511 62.3511 62.3511 62.3511 62.3511 62.3511 62.3511 62.3511 
62.3511 62.3511 62.3511 62.3511 62.3511 62.3511 62.3511 62.3511 62.3511 62.3511 
62.3511 62.3511 62.3511 62.3511 62.3511 62.3511 62.3511 62.3511 62.3511 62.3511 
62.3511 62.3511 62.3511 62.9576 62.9576 62.9576 62.9576 62.9576 62.9576 62.9576 
62.9576 62.9576 62.9576 62.9576 62.9576 62.9576 62.9576 62.9576 62.9576 62.9576 
62.9576 62.9576 62.9576 62.9576 62.9576 62.9576 62.9576 62.9576 62.9576 62.9576 
62.9576 62.9576 62.9576 62.9576 62.9576 62.9576 62.9576 62.9576 62.9576 62.9576 
62.9576 62.9576 62.9576 62.9576 62.9576 62.9576 62.9576 62.9576 62.9576 62.9576 
62.9576 62.9576 62.9576 62.9576 62.9576 62.9576 62.9576 62.9576 62.9576 62.9576 
62.9576 62.9576 62.9576 62.9576 62.9576 62.9576 62.9576 62.9576 62.9576 62.9576 
62.9576 62.9576 62.9576 62.9576 62.9576 62.9576 62.9576 62.9576 62.9576 62.9576 
62.9576 62.9576 62.9576 62.9576 62.9576 62.9576 62.9576 62.9576 62.9576 62.9576 
62.9576 62.9576 62.9576 62.9576 62.9576 62.9576 62.9576 62.9576 62.9576 62.9576 
62.9576 62.9576 62.9576 62.9576 62.9576 62.9576 62.9576 62.9576 62.9576 62.9576 
62.9576 62.9576 62.9576 62.9576 62.9576 62.9576 62.9576 62.9576 62.9576 62.9576 
62.9576 62.9576 62.9576 62.8892 62.8892 62.8892 62.8892 62.8892 62.8892 62.8892 
62.8892 62.8892 62.8892 62.8892 62.8892 62.8892 62.8892 62.8892 62.8892 62.8892 
62.8892 62.8892 62.8892 62.8892 62.8892 62.8892 62.8892 62.8892 62.8892 62.8892 
62.8892 62.8892 62.8892 62.8892 62.8892 62.8892 62.8892 62.8892 62.8892 62.8892 
62.8892 62.8892 62.8892 62.8892 62.8892 62.8892 62.8892 62.8892 62.8892 62.8892 
62.8892 62.8892 62.8892 62.8892 62.8892 62.8892 62.8892 62.8892 62.8892 62.837 
62.837 62.837 62.837 62.837 62.837 62.837 62.837 62.837 62.837 62.837 
62.837 62.837 62.837 62.837 62.837 62.837 62.837 62.837 62.837 62.837 
62.837 62.837 62.837 62.837 62.837 62.837 62.837 62.837 62.837 62.837 
62.837 62.837 62.837 62.837 62.837 62.837 62.837 62.837 62.837 62.837 
62.837 62.837 62.837 62.837 62.837 62.837 62.837 62.837 62.837 62.837 
62.837 62.837 62.837 62.837 62.837 62.7866 62.7866 62.7866 62.7866 62.7866 
62.7866 62.7866 62.7866 62.7866 62.7866 62.7866 62.7866 62.7866 62.7866 62.7866 
62.7866 62.7866 62.7866 62.7866 62.7866 62.7866 62.7866 62.7866 62.7866 62.7866 
62.7866 62.7866 62.7866 62.7866 62.7866 62.7866 62.7866 62.7866 62.7866 62.7866 
62.7866 62.7866 62.7866 62.7866 62.7866 62.7866 62.7866 62.7866 62.7866 62.7866 
62.7866 62.7866 62.7866 62.7866 62.7866 62.7866 62.7866 62.7866 62.7866 62.7866 
62.7866 62.5447 62.5447 62.5447 62.5447 62.5447 62.5447 62.5447 62.5447 62.5447 
62.5447 62.5447 62.5447 62.5447 62.5447 62.5447 62.5447 62.5447 62.5447 62.5447 
62.5447 62.5447 62.5447 62.5447 62.5447 62.5447 62.5447 62.5447 62.5447 62.5447 
62.5447 62.5447 62.5447 62.5447 62.5447 62.5447 62.5447 62.5447 62.5447 62.5447 
62.5447 62.5447 62.5447 62.5447 62.5447 62.5447 62.5447 62.5447 62.5447 62.5447 
62.5447 62.5447 62.5447 62.5447 62.5447 62.5447 62.5447 62.5951 62.5951 62.5951 
62.5951 62.5951 62.5951 62.5951 62.5951 62.5951 62.5951 62.5951 62.5951 62.5951 
62.5951 62.5951 62.5951 62.5951 62.5951 62.5951 62.5951 62.5951 62.5951 62.5951 
62.5951 62.5951 62.5951 62.5951 62.5951 62.5951 62.5951 62.5951 62.5951 62.5951 
62.5951 62.5951 62.5951 62.5951 62.5951 62.5951 62.5951 62.5951 62.5951 62.5951 
62.5951 62.5951 62.5951 62.5951 62.5951 62.5951 62.5951 62.5951 62.5951 62.5951 
62.5951 62.5951 62.5951 62.6958 62.6958 62.6958 62.6958 62.6958 62.6958 62.6958 
62.6958 62.6958 62.6958 62.6958 62.6958 62.6958 62.6958 62.6958 62.6958 62.6958 
62.6958 62.6958 62.6958 62.6958 62.6958 62.6958 62.6958 62.6958 62.6958 62.6958 
62.6958 62.6958 62.6958 62.6958 62.6958 62.6958 62.6958 62.6958 62.6958 62.6958 
62.6958 62.6958 62.6958 62.6958 62.6958 62.6958 62.6958 62.8892 62.8892 62.8892 
62.8892 62.8892 62.8892 62.8892 62.8892 62.8892 62.8892 62.8892 62.8892 62.8892 
62.8892 62.8892 62.8892 62.8892 62.8892 62.8892 62.8892 62.8892 62.8892 62.8892 
62.8892 62.8892 62.8892 62.8892 62.8892 62.8892 62.8892 62.8892 62.8892 62.8892 
62.8892 62.8892 62.8892 62.8892 62.8892 62.8892 62.8892 62.8892 62.8892 62.8892 
62.8892 62.8892 62.8892 62.8892 62.8892 62.8892 62.8892 62.8892 62.8892 62.8892 
62.8892 62.8892 62.8892 62.837 62.837 62.837 62.837 62.837 62.837 62.837 
62.837 62.837 62.837 62.837 62.837 62.837 62.837 62.837 62.837 62.837 
62.837 62.837 62.837 62.837 62.837 62.837 62.837 62.837 62.837 62.837 
62.837 62.837 62.837 62.837 62.837 62.837 62.837 62.837 62.837 62.837 
62.837 62.837 62.837 62.837 62.837 62.837 62.837 62.837 62.837 62.837 
62.837 62.837 62.837 62.837 62.837 62.837 62.837 62.837 62.837 62.7866 
62.7866 62.7866 62.7866 62.7866 62.7866 62.7866 62.7866 62.7866 62.7866 62.7866 
62.7866 62.7866 62.7866 62.7866 62.7866 62.7866 62.7866 62.7866 62.7866 62.7866 
62.7866 62.7866 62.7866 62.7866 62.7866 62.7866 62.7866 62.7866 62.7866 62.7866 
62.7866 62.7866 62.7866 62.7866 62.7866 62.7866 62.7866 62.7866 62.7866 62.7866 
62.7866 62.7866 62.7866 62.7866 62.7866 62.7866 62.7866 62.7866 62.7866 62.7866 
62.7866 62.7866 62.7866 62.7866 62.7866 62.5447 62.5447 62.5447 62.5447 62.5447 
62.5447 62.5447 62.5447 62.5447 62.5447 62.5447 62.5447 62.5447 62.5447 62.5447 
62.5447 62.5447 62.5447 62.5447 62.5447 62.5447 62.5447 62.5447 62.5447 62.5447 
62.5447 62.5447 62.5447 62.5447 62.5447 62.5447 62.5447 62.5447 62.5447 62.5447 
62.5447 62.5447 62.5447 62.5447 62.5447 62.5447 62.5447 62.5447 62.5447 62.5447 
62.5447 62.5447 62.5447 62.5447 62.5447 62.5447 62.5447 62.5447 62.5447 62.5447 
62.5447 62.5951 62.5951 62.5951 62.5951 62.5951 62.5951 62.5951 62.5951 62.5951 
62.5951 62.5951 62.5951 62.5951 62.5951 62.5951 62.5951 62.5951 62.5951 62.5951 
62.5951 62.5951 62.5951 62.5951 62.5951 62.5951 62.5951 62.5951 62.5951 62.5951 
62.5951 62.5951 62.5951 62.5951 62.5951 62.5951 62.5951 62.5951 62.5951 62.5951 
62.5951 62.5951 62.5951 62.5951 62.5951 62.5951 62.5951 62.5951 62.5951 62.5951 
62.5951 62.5951 62.5951 62.5951 62.5951 62.5951 62.5951 62.6958 62.6958 62.6958 
62.6958 62.6958 62.6958 62.6958 62.6958 62.6958 62.6958 62.6958 62.6958 62.6958 
62.6958 62.6958 62.6958 62.6958 62.6958 62.6958 62.6958 62.6958 62.6958 62.6958 
62.6958 62.6958 62.6958 62.6958 62.6958 62.6958 62.6958 62.6958 62.6958 62.6958 
62.6958 62.6958 62.6958 62.6958 62.6958 62.6958 62.6958 62.6958 62.6958 62.6958 
62.6958 62.2566 62.2566 62.2566 62.2566 62.2566 62.2566 62.2566 62.2566 62.2566 
62.2566 62.2566 62.2566 62.2566 62.2566 62.2566 62.2566 62.2566 62.2566 62.2566 
62.2566 62.2566 62.2566 62.2566 62.2566 62.2566 62.2566 62.2566 62.2566 62.2566 
62.2566 62.2566 62.2566 62.2566 62.2566 62.2566 62.2566 62.2566 62.2566 62.2566 
62.2566 62.2566 62.2566 62.2566 62.2566 62.2566 62.2566 62.2566 62.2566 62.2566 
62.2566 62.2566 62.2566 62.2566 62.2566 62.2566 62.2566 62.2566 62.2566 62.2566 
62.2566 62.2566 62.2566 62.2566 62.2566 62.2566 62.2566 62.2566 62.2566 62.2566 
62.2566 62.2566 62.2566 62.2566 62.2566 62.2566 62.2566 62.2566 62.2566 62.2566 
62.2566 62.2566 62.2566 62.2566 62.2566 62.2566 62.2566 62.2566 62.2566 62.2566 
62.2566 62.2566 62.2566 62.2566 62.2566 62.2566 62.2566 62.2566 62.2566 62.2566 
62.2566 62.2566 62.2566 62.2566 62.2566 62.2566 62.2566 62.2566 62.2566 62.2566 
62.2566 62.2566 62.2566 62.2566 62.2566 62.2566 62.2566 62.2566 62.2566 62.2566 
62.2566 62.9062 62.9062 62.9062 62.9062 62.9062 62.9062 62.9062 62.9062 62.9062 
62.9062 62.9062 62.9062 62.9062 62.9062 62.9062 62.9062 62.9062 62.9062 62.9062 
62.9062 62.9062 62.9062 62.9062 62.9062 62.9062 62.9062 62.9062 62.9062 62.9062 
62.9062 62.9062 62.9062 62.9062 62.9062 62.9062 62.9062 62.9062 62.9062 62.9062 
62.9062 62.9062 62.9062 62.9062 62.9062 62.9062 62.9062 62.9062 62.9062 62.9062 
62.9062 62.9062 62.9062 62.9062 62.9062 62.9062 62.9062 62.9062 62.9062 62.9062 
62.9062 62.9062 62.9062 62.9062 62.9062 62.9062 62.9062 62.9062 62.9062 62.9062 
62.9062 62.9062 62.9062 62.9062 62.9062 62.9062 62.9062 62.9062 62.9062 62.9062 
62.9062 62.9062 62.9062 62.9062 62.9062 62.9062 62.9062 62.9062 62.9062 62.9062 
62.9062 62.9062 62.9062 62.9062 62.9062 62.9062 62.9062 62.9062 62.9062 62.9062 
62.9062 62.9062 62.9062 62.9062 62.9062 62.9062 62.9062 62.9062 62.9062 62.9062 
62.9062 62.9062 62.9062 62.9062 62.9062 62.9062 62.9062 62.9062 62.9062 62.9062 
62.9062 62.7797 62.7797 62.7797 62.7797 62.7797 62.7797 62.7797 62.7797 62.7797 
62.7797 62.7797 62.7797 62.7797 62.7797 62.7797 62.7797 62.7797 62.7797 62.7797 
62.7797 62.7797 62.7797 62.7797 62.7797 62.7797 62.7797 62.7797 62.7797 62.7797 
62.7797 62.7797 62.7797 62.7797 62.7797 62.7797 62.7797 62.7797 62.7797 62.7797 
62.7797 62.7797 62.7797 62.7797 62.7797 62.7797 62.7797 62.7797 62.7797 62.7797 
62.7797 62.7797 62.7797 62.7797 62.7797 62.7797 62.7797 62.7229 62.7229 62.7229 
62.7229 62.7229 62.7229 62.7229 62.7229 62.7229 62.7229 62.7229 62.7229 62.7229 
62.7229 62.7229 62.7229 62.7229 62.7229 62.7229 62.7229 62.7229 62.7229 62.7229 
62.7229 62.7229 62.7229 62.7229 62.7229 62.7229 62.7229 62.7229 62.7229 62.7229 
62.7229 62.7229 62.7229 62.7229 62.7229 62.7229 62.7229 62.7229 62.7229 62.7229 
62.7229 62.7229 62.7229 62.7229 62.7229 62.7229 62.7229 62.7229 62.7229 62.7229 
62.7229 62.7229 62.7229 62.6687 62.6687 62.6687 62.6687 62.6687 62.6687 62.6687 
62.6687 62.6687 62.6687 62.6687 62.6687 62.6687 62.6687 62.6687 62.6687 62.6687 
62.6687 62.6687 62.6687 62.6687 62.6687 62.6687 62.6687 62.6687 62.6687 62.6687 
62.6687 62.6687 62.6687 62.6687 62.6687 62.6687 62.6687 62.6687 62.6687 62.6687 
62.6687 62.6687 62.6687 62.6687 62.6687 62.6687 62.6687 62.6687 62.6687 62.6687 
62.6687 62.6687 62.6687 62.6687 62.6687 62.6687 62.6687 62.6687 62.6687 62.3745 
62.3745 62.3745 62.3745 62.3745 62.3745 62.3745 62.3745 62.3745 62.3745 62.3745 
62.3745 62.3745 62.3745 62.3745 62.3745 62.3745 62.3745 62.3745 62.3745 62.3745 
62.3745 62.3745 62.3745 62.3745 62.3745 62.3745 62.3745 62.3745 62.3745 62.3745 
62.3745 62.3745 62.3745 62.3745 62.3745 62.3745 62.3745 62.3745 62.3745 62.3745 
62.3745 62.3745 62.3745 62.3745 62.3745 62.3745 62.3745 62.3745 62.3745 62.3745 
62.3745 62.3745 62.3745 62.3745 62.3745 62.4373 62.4373 62.4373 62.4373 62.4373 
62.4373 62.4373 62.4373 62.4373 62.4373 62.4373 62.4373 62.4373 62.4373 62.4373 
62.4373 62.4373 62.4373 62.4373 62.4373 62.4373 62.4373 62.4373 62.4373 62.4373 
62.4373 62.4373 62.4373 62.4373 62.4373 62.4373 62.4373 62.4373 62.4373 62.4373 
62.4373 62.4373 62.4373 62.4373 62.4373 62.4373 62.4373 62.4373 62.4373 62.4373 
62.4373 62.4373 62.4373 62.4373 62.4373 62.4373 62.4373 62.4373 62.4373 62.4373 
62.4373 62.5625 62.5625 62.5625 62.5625 62.5625 62.5625 62.5625 62.5625 62.5625 
62.5625 62.5625 62.5625 62.5625 62.5625 62.5625 62.5625 62.5625 62.5625 62.5625 
62.5625 62.5625 62.5625 62.5625 62.5625 62.5625 62.5625 62.5625 62.5625 62.5625 
62.5625 62.5625 62.5625 62.5625 62.5625 62.5625 62.5625 62.5625 62.5625 62.5625 
62.5625 62.5625 62.5625 62.5625 62.5625 62.7797 62.7797 62.7797 62.7797 62.7797 
62.7797 62.7797 62.7797 62.7797 62.7797 62.7797 62.7797 62.7797 62.7797 62.7797 
62.7797 62.7797 62.7797 62.7797 62.7797 62.7797 62.7797 62.7797 62.7797 62.7797 
62.7797 62.7797 62.7797 62.7797 62.7797 62.7797 62.7797 62.7797 62.7797 62.7797 
62.7797 62.7797 62.7797 62.7797 62.7797 62.7797 62.7797 62.7797 62.7797 62.7797 
62.7797 62.7797 62.7797 62.7797 62.7797 62.7797 62.7797 62.7797 62.7797 62.7797 
62.7797 62.7229 62.7229 62.7229 62.7229 62.7229 62.7229 62.7229 62.7229 62.7229 
62.7229 62.7229 62.7229 62.7229 62.7229 62.7229 62.7229 62.7229 62.7229 62.7229 
62.7229 62.7229 62.7229 62.7229 62.7229 62.7229 62.7229 62.7229 62.7229 62.7229 
62.7229 62.7229 62.7229 62.7229 62.7229 62.7229 62.7229 62.7229 62.7229 62.7229 
62.7229 62.7229 62.7229 62.7229 62.7229 62.7229 62.7229 62.7229 62.7229 62.7229 
62.7229 62.7229 62.7229 62.7229 62.7229 62.7229 62.7229 62.6687 62.6687 62.6687 
62.6687 62.6687 62.6687 62.6687 62.6687 62.6687 62.6687 62.6687 62.6687 62.6687 
62.6687 62.6687 62.6687 62.6687 62.6687 62.6687 62.6687 62.6687 62.6687 62.6687 
62.6687 62.6687 62.6687 62.6687 62.6687 62.6687 62.6687 62.6687 62.6687 62.6687 
62.6687 62.6687 62.6687 62.6687 62.6687 62.6687 62.6687 62.6687 62.6687 62.6687 
62.6687 62.6687 62.6687 62.6687 62.6687 62.6687 62.6687 62.6687 62.6687 62.6687 
62.6687 62.6687 62.6687 62.3745 62.3745 62.3745 62.3745 62.3745 62.3745 62.3745 
62.3745 62.3745 62.3745 62.3745 62.3745 62.3745 62.3745 62.3745 62.3745 62.3745 
62.3745 62.3745 62.3745 62.3745 62.3745 62.3745 62.3745 62.3745 62.3745 62.3745 
62.3745 62.3745 62.3745 62.3745 62.3745 62.3745 62.3745 62.3745 62.3745 62.3745 
62.3745 62.3745 62.3745 62.3745 62.3745 62.3745 62.3745 62.3745 62.3745 62.3745 
62.3745 62.3745 62.3745 62.3745 62.3745 62.3745 62.3745 62.3745 62.3745 62.4373 
62.4373 62.4373 62.4373 62.4373 62.4373 62.4373 62.4373 62.4373 62.4373 62.4373 
62.4373 62.4373 62.4373 62.4373 62.4373 62.4373 62.4373 62.4373 62.4373 62.4373 
62.4373 62.4373 62.4373 62.4373 62.4373 62.4373 62.4373 62.4373 62.4373 62.4373 
62.4373 62.4373 62.4373 62.4373 62.4373 62.4373 62.4373 62.4373 62.4373 62.4373 
62.4373 62.4373 62.4373 62.4373 62.4373 62.4373 62.4373 62.4373 62.4373 62.4373 
62.4373 62.4373 62.4373 62.4373 62.4373 62.5625 62.5625 62.5625 62.5625 62.5625 
62.5625 62.5625 62.5625 62.5625 62.5625 62.5625 62.5625 62.5625 62.5625 62.5625 
62.5625 62.5625 62.5625 62.5625 62.5625 62.5625 62.5625 62.5625 62.5625 62.5625 
62.5625 62.5625 62.5625 62.5625 62.5625 62.5625 62.5625 62.5625 62.5625 62.5625 
62.5625 62.5625 62.5625 62.5625 62.5625 62.5625 62.5625 62.5625 62.5625 62.1599 
62.1599 62.1599 62.1599 62.1599 62.1599 62.1599 62.1599 62.1599 62.1599 62.1599 
62.1599 62.1599 62.1599 62.1599 62.1599 62.1599 62.1599 62.1599 62.1599 62.1599 
62.1599 62.1599 62.1599 62.1599 62.1599 62.1599 62.1599 62.1599 62.1599 62.1599 
62.1599 62.1599 62.1599 62.1599 62.1599 62.1599 62.1599 62.1599 62.1599 62.1599 
62.1599 62.1599 62.1599 62.1599 62.1599 62.1599 62.1599 62.1599 62.1599 62.1599 
62.1599 62.1599 62.1599 62.1599 62.1599 62.1599 62.1599 62.1599 62.1599 62.1599 
62.1599 62.1599 62.1599 62.1599 62.1599 62.1599 62.1599 62.1599 62.1599 62.1599 
62.1599 62.1599 62.1599 62.1599 62.1599 62.1599 62.1599 62.1599 62.1599 62.1599 
62.1599 62.1599 62.1599 62.1599 62.1599 62.1599 62.1599 62.1599 62.1599 62.1599 
62.1599 62.1599 62.1599 62.1599 62.1599 62.1599 62.1599 62.1599 62.1599 62.1599 
62.1599 62.1599 62.1599 62.1599 62.1599 62.1599 62.1599 62.1599 62.1599 62.1599 
62.1599 62.1599 62.1599 62.1599 62.1599 62.1599 62.1599 62.1599 62.1599 62.8467 
62.8467 62.8467 62.8467 62.8467 62.8467 62.8467 62.8467 62.8467 62.8467 62.8467 
62.8467 62.8467 62.8467 62.8467 62.8467 62.8467 62.8467 62.8467 62.8467 62.8467 
62.8467 62.8467 62.8467 62.8467 62.8467 62.8467 62.8467 62.8467 62.8467 62.8467 
62.8467 62.8467 62.8467 62.8467 62.8467 62.8467 62.8467 62.8467 62.8467 62.8467 
62.8467 62.8467 62.8467 62.8467 62.8467 62.8467 62.8467 62.8467 62.8467 62.8467 
62.8467 62.8467 62.8467 62.8467 62.8467 62.8467 62.8467 62.8467 62.8467 62.8467 
62.8467 62.8467 62.8467 62.8467 62.8467 62.8467 62.8467 62.8467 62.8467 62.8467 
62.8467 62.8467 62.8467 62.8467 62.8467 62.8467 62.8467 62.8467 62.8467 62.8467 
62.8467 62.8467 62.8467 62.8467 62.8467 62.8467 62.8467 62.8467 62.8467 62.8467 
62.8467 62.8467 62.8467 62.8467 62.8467 62.8467 62.8467 62.8467 62.8467 62.8467 
62.8467 62.8467 62.8467 62.8467 62.8467 62.8467 62.8467 62.8467 62.8467 62.8467 
62.8467 62.8467 62.8467 62.8467 62.8467 62.8467 62.8467 62.8467 62.8467 62.6503 
62.6503 62.6503 62.6503 62.6503 62.6503 62.6503 62.6503 62.6503 62.6503 62.6503 
62.6503 62.6503 62.6503 62.6503 62.6503 62.6503 62.6503 62.6503 62.6503 62.6503 
62.6503 62.6503 62.6503 62.6503 62.6503 62.6503 62.6503 62.6503 62.6503 62.6503 
62.6503 62.6503 62.6503 62.6503 62.6503 62.6503 62.6503 62.6503 62.6503 62.6503 
62.6503 62.6503 62.6503 62.6503 62.6503 62.6503 62.6503 62.6503 62.6503 62.6503 
62.6503 62.6503 62.6503 62.6503 62.6503 62.5924 62.5924 62.5924 62.5924 62.5924 
62.5924 62.5924 62.5924 62.5924 62.5924 62.5924 62.5924 62.5924 62.5924 62.5924 
62.5924 62.5924 62.5924 62.5924 62.5924 62.5924 62.5924 62.5924 62.5924 62.5924 
62.5924 62.5924 62.5924 62.5924 62.5924 62.5924 62.5924 62.5924 62.5924 62.5924 
62.5924 62.5924 62.5924 62.5924 62.5924 62.5924 62.5924 62.5924 62.5924 62.5924 
62.5924 62.5924 62.5924 62.5924 62.5924 62.5924 62.5924 62.5924 62.5924 62.5924 
62.5924 62.5363 62.5363 62.5363 62.5363 62.5363 62.5363 62.5363 62.5363 62.5363 
62.5363 62.5363 62.5363 62.5363 62.5363 62.5363 62.5363 62.5363 62.5363 62.5363 
62.5363 62.5363 62.5363 62.5363 62.5363 62.5363 62.5363 62.5363 62.5363 62.5363 
62.5363 62.5363 62.5363 62.5363 62.5363 62.5363 62.5363 62.5363 62.5363 62.5363 
62.5363 62.5363 62.5363 62.5363 62.5363 62.5363 62.5363 62.5363 62.5363 62.5363 
62.5363 62.5363 62.5363 62.5363 62.5363 62.5363 62.5363 62.1901 62.1901 62.1901 
62.1901 62.1901 62.1901 62.1901 62.1901 62.1901 62.1901 62.1901 62.1901 62.1901 
62.1901 62.1901 62.1901 62.1901 62.1901 62.1901 62.1901 62.1901 62.1901 62.1901 
62.1901 62.1901 62.1901 62.1901 62.1901 62.1901 62.1901 62.1901 62.1901 62.1901 
62.1901 62.1901 62.1901 62.1901 62.1901 62.1901 62.1901 62.1901 62.1901 62.1901 
62.1901 62.1901 62.1901 62.1901 62.1901 62.1901 62.1901 62.1901 62.1901 62.1901 
62.1901 62.1901 62.1901 62.2643 62.2643 62.2643 62.2643 62.2643 62.2643 62.2643 
62.2643 62.2643 62.2643 62.2643 62.2643 62.2643 62.2643 62.2643 62.2643 62.2643 
62.2643 62.2643 62.2643 62.2643 62.2643 62.2643 62.2643 62.2643 62.2643 62.2643 
62.2643 62.2643 62.2643 62.2643 62.2643 62.2643 62.2643 62.2643 62.2643 62.2643 
62.2643 62.2643 62.2643 62.2643 62.2643 62.2643 62.2643 62.2643 62.2643 62.2643 
62.2643 62.2643 62.2643 62.2643 62.2643 62.2643 62.2643 62.2643 62.2643 62.4146 
62.4146 62.4146 62.4146 62.4146 62.4146 62.4146 62.4146 62.4146 62.4146 62.4146 
62.4146 62.4146 62.4146 62.4146 62.4146 62.4146 62.4146 62.4146 62.4146 62.4146 
62.4146 62.4146 62.4146 62.4146 62.4146 62.4146 62.4146 62.4146 62.4146 62.4146 
62.4146 62.4146 62.4146 62.4146 62.4146 62.4146 62.4146 62.4146 62.4146 62.4146 
62.4146 62.4146 62.4146 62.6504 62.6504 62.6504 62.6504 62.6504 62.6504 62.6504 
62.6504 62.6504 62.6504 62.6504 62.6504 62.6504 62.6504 62.6504 62.6504 62.6504 
62.6504 62.6504 62.6504 62.6504 62.6504 62.6504 62.6504 62.6504 62.6504 62.6504 
62.6504 62.6504 62.6504 62.6504 62.6504 62.6504 62.6504 62.6504 62.6504 62.6504 
62.6504 62.6504 62.6504 62.6504 62.6504 62.6504 62.6504 62.6504 62.6504 62.6504 
62.6504 62.6504 62.6504 62.6504 62.6504 62.6504 62.6504 62.6504 62.6504 62.5924 
62.5924 62.5924 62.5924 62.5924 62.5924 62.5924 62.5924 62.5924 62.5924 62.5924 
62.5924 62.5924 62.5924 62.5924 62.5924 62.5924 62.5924 62.5924 62.5924 62.5924 
62.5924 62.5924 62.5924 62.5924 62.5924 62.5924 62.5924 62.5924 62.5924 62.5924 
62.5924 62.5924 62.5924 62.5924 62.5924 62.5924 62.5924 62.5924 62.5924 62.5924 
62.5924 62.5924 62.5924 62.5924 62.5924 62.5924 62.5924 62.5924 62.5924 62.5924 
62.5924 62.5924 62.5924 62.5924 62.5924 62.5363 62.5363 62.5363 62.5363 62.5363 
62.5363 62.5363 62.5363 62.5363 62.5363 62.5363 62.5363 62.5363 62.5363 62.5363 
62.5363 62.5363 62.5363 62.5363 62.5363 62.5363 62.5363 62.5363 62.5363 62.5363 
62.5363 62.5363 62.5363 62.5363 62.5363 62.5363 62.5363 62.5363 62.5363 62.5363 
62.5363 62.5363 62.5363 62.5363 62.5363 62.5363 62.5363 62.5363 62.5363 62.5363 
62.5363 62.5363 62.5363 62.5363 62.5363 62.5363 62.5363 62.5363 62.5363 62.5363 
62.5363 62.1901 62.1901 62.1901 62.1901 62.1901 62.1901 62.1901 62.1901 62.1901 
62.1901 62.1901 62.1901 62.1901 62.1901 62.1901 62.1901 62.1901 62.1901 62.1901 
62.1901 62.1901 62.1901 62.1901 62.1901 62.1901 62.1901 62.1901 62.1901 62.1901 
62.1901 62.1901 62.1901 62.1901 62.1901 62.1901 62.1901 62.1901 62.1901 62.1901 
62.1901 62.1901 62.1901 62.1901 62.1901 62.1901 62.1901 62.1901 62.1901 62.1901 
62.1901 62.1901 62.1901 62.1901 62.1901 62.1901 62.1901 62.2643 62.2643 62.2643 
62.2643 62.2643 62.2643 62.2643 62.2643 62.2643 62.2643 62.2643 62.2643 62.2643 
62.2643 62.2643 62.2643 62.2643 62.2643 62.2643 62.2643 62.2643 62.2643 62.2643 
62.2643 62.2643 62.2643 62.2643 62.2643 62.2643 62.2643 62.2643 62.2643 62.2643 
62.2643 62.2643 62.2643 62.2643 62.2643 62.2643 62.2643 62.2643 62.2643 62.2643 
62.2643 62.2643 62.2643 62.2643 62.2643 62.2643 62.2643 62.2643 62.2643 62.2643 
62.2643 62.2643 62.2643 62.4146 62.4146 62.4146 62.4146 62.4146 62.4146 62.4146 
62.4146 62.4146 62.4146 62.4146 62.4146 62.4146 62.4146 62.4146 62.4146 62.4146 
62.4146 62.4146 62.4146 62.4146 62.4146 62.4146 62.4146 62.4146 62.4146 62.4146 
62.4146 62.4146 62.4146 62.4146 62.4146 62.4146 62.4146 62.4146 62.4146 62.4146 
62.4146 62.4146 62.4146 62.4146 62.4146 62.4146 62.4146 62.0601 62.0601 62.0601 
62.0601 62.0601 62.0601 62.0601 62.0601 62.0601 62.0601 62.0601 62.0601 62.0601 
62.0601 62.0601 62.0601 62.0601 62.0601 62.0601 62.0601 62.0601 62.0601 62.0601 
62.0601 62.0601 62.0601 62.0601 62.0601 62.0601 62.0601 62.0601 62.0601 62.0601 
62.0601 62.0601 62.0601 62.0601 62.0601 62.0601 62.0601 62.0601 62.0601 62.0601 
62.0601 62.0601 62.0601 62.0601 62.0601 62.0601 62.0601 62.0601 62.0601 62.0601 
62.0601 62.0601 62.0601 62.0601 62.0601 62.0601 62.0601 62.0601 62.0601 62.0601 
62.0601 62.0601 62.0601 62.0601 62.0601 62.0601 62.0601 62.0601 62.0601 62.0601 
62.0601 62.0601 62.0601 62.0601 62.0601 62.0601 62.0601 62.0601 62.0601 62.0601 
62.0601 62.0601 62.0601 62.0601 62.0601 62.0601 62.0601 62.0601 62.0601 62.0601 
62.0601 62.0601 62.0601 62.0601 62.0601 62.0601 62.0601 62.0601 62.0601 62.0601 
62.0601 62.0601 62.0601 62.0601 62.0601 62.0601 62.0601 62.0601 62.0601 62.0601 
62.0601 62.0601 62.0601 62.0601 62.0601 62.0601 62.0601 62.7823 62.7823 62.7823 
62.7823 62.7823 62.7823 62.7823 62.7823 62.7823 62.7823 62.7823 62.7823 62.7823 
62.7823 62.7823 62.7823 62.7823 62.7823 62.7823 62.7823 62.7823 62.7823 62.7823 
62.7823 62.7823 62.7823 62.7823 62.7823 62.7823 62.7823 62.7823 62.7823 62.7823 
62.7823 62.7823 62.7823 62.7823 62.7823 62.7823 62.7823 62.7823 62.7823 62.7823 
62.7823 62.7823 62.7823 62.7823 62.7823 62.7823 62.7823 62.7823 62.7823 62.7823 
62.7823 62.7823 62.7823 62.7823 62.7823 62.7823 62.7823 62.7823 62.7823 62.7823 
62.7823 62.7823 62.7823 62.7823 62.7823 62.7823 62.7823 62.7823 62.7823 62.7823 
62.7823 62.7823 62.7823 62.7823 62.7823 62.7823 62.7823 62.7823 62.7823 62.7823 
62.7823 62.7823 62.7823 62.7823 62.7823 62.7823 62.7823 62.7823 62.7823 62.7823 
62.7823 62.7823 62.7823 62.7823 62.7823 62.7823 62.7823 62.7823 62.7823 62.7823 
62.7823 62.7823 62.7823 62.7823 62.7823 62.7823 62.7823 62.7823 62.7823 62.7823 
62.7823 62.7823 62.7823 62.7823 62.7823 62.7823 62.7823 62.5046 62.5046 62.5046 
62.5046 62.5046 62.5046 62.5046 62.5046 62.5046 62.5046 62.5046 62.5046 62.5046 
62.5046 62.5046 62.5046 62.5046 62.5046 62.5046 62.5046 62.5046 62.5046 62.5046 
62.5046 62.5046 62.5046 62.5046 62.5046 62.5046 62.5046 62.5046 62.5046 62.5046 
62.5046 62.5046 62.5046 62.5046 62.5046 62.5046 62.5046 62.5046 62.5046 62.5046 
62.5046 62.5046 62.5046 62.5046 62.5046 62.5046 62.5046 62.5046 62.5046 62.5046 
62.5046 62.5046 62.5046 62.446 62.446 62.446 62.446 62.446 62.446 62.446 
62.446 62.446 62.446 62.446 62.446 62.446 62.446 62.446 62.446 62.446 
62.446 62.446 62.446 62.446 62.446 62.446 62.446 62.446 62.446 62.446 
62.446 62.446 62.446 62.446 62.446 62.446 62.446 62.446 62.446 62.446 
62.446 62.446 62.446 62.446 62.446 62.446 62.446 62.446 62.446 62.446 
62.446 62.446 62.446 62.446 62.446 62.446 62.446 62.446 62.446 62.3902 
62.3902 62.3902 62.3902 62.3902 62.3902 62.3902 62.3902 62.3902 62.3902 62.3902 
62.3902 62.3902 62.3902 62.3902 62.3902 62.3902 62.3902 62.3902 62.3902 62.3902 
62.3902 62.3902 62.3902 62.3902 62.3902 62.3902 62.3902 62.3902 62.3902 62.3902 
62.3902 62.3902 62.3902 62.3902 62.3902 62.3902 62.3902 62.3902 62.3902 62.3902 
62.3902 62.3902 62.3902 62.3902 62.3902 62.3902 62.3902 62.3902 62.3902 62.3902 
62.3902 62.3902 62.3902 62.3902 62.3902 61.9884 61.9884 61.9884 61.9884 61.9884 
61.9884 61.9884 61.9884 61.9884 61.9884 61.9884 61.9884 61.9884 61.9884 61.9884 
61.9884 61.9884 61.9884 61.9884 61.9884 61.9884 61.9884 61.9884 61.9884 61.9884 
61.9884 61.9884 61.9884 61.9884 61.9884 61.9884 61.9884 61.9884 61.9884 61.9884 
61.9884 61.9884 61.9884 61.9884 61.9884 61.9884 61.9884 61.9884 61.9884 61.9884 
61.9884 61.9884 61.9884 61.9884 61.9884 61.9884 61.9884 61.9884 61.9884 61.9884 
61.9884 62.0767 62.0767 62.0767 62.0767 62.0767 62.0767 62.0767 62.0767 62.0767 
62.0767 62.0767 62.0767 62.0767 62.0767 62.0767 62.0767 62.0767 62.0767 62.0767 
62.0767 62.0767 62.0767 62.0767 62.0767 62.0767 62.0767 62.0767 62.0767 62.0767 
62.0767 62.0767 62.0767 62.0767 62.0767 62.0767 62.0767 62.0767 62.0767 62.0767 
62.0767 62.0767 62.0767 62.0767 62.0767 62.0767 62.0767 62.0767 62.0767 62.0767 
62.0767 62.0767 62.0767 62.0767 62.0767 62.0767 62.0767 62.2546 62.2546 62.2546 
62.2546 62.2546 62.2546 62.2546 62.2546 62.2546 62.2546 62.2546 62.2546 62.2546 
62.2546 62.2546 62.2546 62.2546 62.2546 62.2546 62.2546 62.2546 62.2546 62.2546 
62.2546 62.2546 62.2546 62.2546 62.2546 62.2546 62.2546 62.2546 62.2546 62.2546 
62.2546 62.2546 62.2546 62.2546 62.2546 62.2546 62.2546 62.2546 62.2546 62.2546 
62.2546 62.5046 62.5046 62.5046 62.5046 62.5046 62.5046 62.5046 62.5046 62.5046 
62.5046 62.5046 62.5046 62.5046 62.5046 62.5046 62.5046 62.5046 62.5046 62.5046 
62.5046 62.5046 62.5046 62.5046 62.5046 62.5046 62.5046 62.5046 62.5046 62.5046 
62.5046 62.5046 62.5046 62.5046 62.5046 62.5046 62.5046 62.5046 62.5046 62.5046 
62.5046 62.5046 62.5046 62.5046 62.5046 62.5046 62.5046 62.5046 62.5046 62.5046 
62.5046 62.5046 62.5046 62.5046 62.5046 62.5046 62.5046 62.446 62.446 62.446 
62.446 62.446 62.446 62.446 62.446 62.446 62.446 62.446 62.446 62.446 
62.446 62.446 62.446 62.446 62.446 62.446 62.446 62.446 62.446 62.446 
62.446 62.446 62.446 62.446 62.446 62.446 62.446 62.446 62.446 62.446 
62.446 62.446 62.446 62.446 62.446 62.446 62.446 62.446 62.446 62.446 
62.446 62.446 62.446 62.446 62.446 62.446 62.446 62.446 62.446 62.446 
62.446 62.446 62.446 62.3902 62.3902 62.3902 62.3902 62.3902 62.3902 62.3902 
62.3902 62.3902 62.3902 62.3902 62.3902 62.3902 62.3902 62.3902 62.3902 62.3902 
62.3902 62.3902 62.3902 62.3902 62.3902 62.3902 62.3902 62.3902 62.3902 62.3902 
62.3902 62.3902 62.3902 62.3902 62.3902 62.3902 62.3902 62.3902 62.3902 62.3902 
62.3902 62.3902 62.3902 62.3902 62.3902 62.3902 62.3902 62.3902 62.3902 62.3902 
62.3902 62.3902 62.3902 62.3902 62.3902 62.3902 62.3902 62.3902 62.3902 61.9884 
61.9884 61.9884 61.9884 61.9884 61.9884 61.9884 61.9884 61.9884 61.9884 61.9884 
61.9884 61.9884 61.9884 61.9884 61.9884 61.9884 61.9884 61.9884 61.9884 61.9884 
61.9884 61.9884 61.9884 61.9884 61.9884 61.9884 61.9884 61.9884 61.9884 61.9884 
61.9884 61.9884 61.9884 61.9884 61.9884 61.9884 61.9884 61.9884 61.9884 61.9884 
61.9884 61.9884 61.9884 61.9884 61.9884 61.9884 61.9884 61.9884 61.9884 61.9884 
61.9884 61.9884 61.9884 61.9884 61.9884 62.0767 62.0767 62.0767 62.0767 62.0767 
62.0767 62.0767 62.0767 62.0767 62.0767 62.0767 62.0767 62.0767 62.0767 62.0767 
62.0767 62.0767 62.0767 62.0767 62.0767 62.0767 62.0767 62.0767 62.0767 62.0767 
62.0767 62.0767 62.0767 62.0767 62.0767 62.0767 62.0767 62.0767 62.0767 62.0767 
62.0767 62.0767 62.0767 62.0767 62.0767 62.0767 62.0767 62.0767 62.0767 62.0767 
62.0767 62.0767 62.0767 62.0767 62.0767 62.0767 62.0767 62.0767 62.0767 62.0767 
62.0767 62.2546 62.2546 62.2546 62.2546 62.2546 62.2546 62.2546 62.2546 62.2546 
62.2546 62.2546 62.2546 62.2546 62.2546 62.2546 62.2546 62.2546 62.2546 62.2546 
62.2546 62.2546 62.2546 62.2546 62.2546 62.2546 62.2546 62.2546 62.2546 62.2546 
62.2546 62.2546 62.2546 62.2546 62.2546 62.2546 62.2546 62.2546 62.2546 62.2546 
62.2546 62.2546 62.2546 62.2546 62.2546 SCALARS Parent_ID float 1
LOOKUP_TABLE default
0 0 0 0 0 0 0 0 0 
0 0 0 0 0 0 0 0 0 0 
0 0 0 0 0 0 0 0 0 0 
0 0 0 0 0 0 0 0 0 0 
0 0 0 0 0 1 1 1 1 1 
1 1 1 1 1 1 1 1 1 1 
1 1 1 1 1 1 1 1 1 1 
1 1 1 1 1 1 1 1 1 1 
1 1 1 1 1 1 1 1 1 0 
0 0 0 0 0 0 0 0 0 0 
0 0 0 0 0 0 0 0 0 0 
0 0 0 0 0 0 0 0 0 0 
0 0 0 0 0 0 0 0 0 0 
0 0 0 0 0 0 0 0 0 0 
0 0 0 0 0 0 0 0 0 0 
0 0 0 0 0 0 0 0 0 0 
0 0 0 0 0 0 0 0 0 0 
0 0 0 0 0 0 0 0 0 0 
0 0 0 0 0 0 0 0 0 0 
0 0 0 0 0 0 0 0 0 0 
0 0 0 0 0 0 0 0 0 0 
0 0 0 0 0 0 0 0 0 0 
0 0 0 0 0 0 0 0 0 0 
0 0 0 0 0 0 0 0 0 0 
0 0 0 0 0 0 0 0 0 0 
0 0 0 0 0 0 0 0 0 0 
0 0 0 0 0 0 0 0 0 0 
0 0 0 0 0 0 0 0 0 0 
0 0 0 0 0 0 0 0 0 0 
0 0 0 0 0 0 0 0 0 0 
0 0 0 0 0 0 0 0 0 0 
0 0 0 0 0 0 0 0 0 0 
0 0 0 0 0 0 0 0 0 0 
0 0 0 0 0 0 0 0 0 0 
0 0 0 0 0 0 0 0 0 0 
0 0 0 0 0 0 0 0 0 0 
0 0 0 0 0 0 0 0 0 0 
0 0 0 0 0 0 0 0 0 0 
0 0 0 0 0 0 0 0 0 0 
0 0 0 0 0 0 0 0 0 0 
0 0 0 0 0 0 0 0 0 0 
0 0 0 0 0 0 0 0 0 0 
0 0 0 0 0 0 0 0 0 0 
0 0 0 0 0 0 0 0 0 0 
0 0 0 0 0 0 0 0 0 0 
0 0 0 0 0 0 0 0 0 0 
0 0 0 0 0 0 0 0 0 0 
0 0 0 0 0 0 0 0 0 0 
0 0 0 0 0 0 0 0 0 0 
0 0 0 0 0 0 0 0 0 0 
0 0 0 0 0 0 0 0 0 0 
0 0 0 0 0 0 0 0 0 0 
0 0 0 0 0 0 0 0 0 0 
0 0 0 0 0 0 0 0 0 0 
0 0 0 0 0 0 0 0 0 0 
0 0 0 0 0 0 0 0 0 0 
0 0 0 0 0 0 0 0 0 0 
0 0 0 0 0 0 0 0 0 0 
0 0 0 0 0 0 0 0 0 0 
0 0 0 0 0 0 0 0 0 0 
0 0 0 0 0 0 0 0 0 0 
0 0 0 0 0 0 0 0 0 0 
0 0 0 0 0 0 0 0 0 0 
0 0 0 0 0 0 0 0 0 0 
0 0 0 0 0 0 0 0 0 0 
0 0 0 0 0 0 0 0 0 0 
0 0 0 0 0 0 0 0 0 0 
0 0 0 0 0 0 0 0 0 0 
0 0 0 0 0 0 0 0 0 0 
0 0 0 0 0 0 0 0 0 0 
0 0 0 0 0 0 0 0 0 0 
0 0 0 0 0 0 0 0 0 0 
0 0 0 0 0 0 0 0 0 0 
0 0 0 0 0 0 0 0 0 0 
0 0 0 0 0 0 0 0 0 0 
0 0 0 0 0 0 0 0 0 0 
0 0 0 0 0 0 0 0 0 0 
0 0 0 0 0 0 0 0 0 0 
0 0 0 0 0 0 0 0 0 0 
0 0 0 0 0 0 0 0 0 0 
0 0 0 0 0 0 0 0 0 0 
0 0 0 0 0 0 0 0 0 0 
0 0 0 0 0 0 0 0 0 0 
0 0 0 0 0 0 0 0 0 0 
0 0 0 0 0 0 0 0 0 0 
0 0 0 0 0 0 0 0 0 0 
0 0 0 0 0 0 0 0 0 0 
0 0 0 0 0 0 0 0 0 0 
0 0 0 0 0 0 0 0 0 0 
0 0 0 0 0 0 0 0 0 0 
0 0 0 0 0 0 0 0 0 0 
0 0 0 0 0 0 0 0 0 0 
0 0 0 0 0 0 0 0 0 0 
0 0 0 0 0 0 0 0 0 0 
0 0 0 0 0 0 0 0 0 0 
0 0 0 0 0 0 0 0 0 0 
0 0 0 0 0 0 0 0 0 0 
0 0 0 0 0 0 0 0 0 0 
0 0 0 0 0 0 0 0 0 0 
0 0 0 0 0 0 0 0 0 0 
0 0 0 0 0 0 0 0 0 0 
0 0 0 0 0 0 0 0 0 0 
0 0 0 0 0 0 0 0 0 0 
0 0 0 0 0 0 0 0 0 0 
0 0 0 0 0 0 0 0 0 1 
1 1 1 1 1 1 1 1 1 1 
1 1 1 1 1 1 1 1 1 1 
1 1 1 1 1 1 1 1 1 1 
1 1 1 1 1 1 1 1 1 1 
1 1 1 1 1 1 1 1 1 1 
1 1 1 1 1 1 1 1 1 1 
1 1 1 1 1 1 1 1 1 1 
1 1 1 1 1 1 1 1 1 1 
1 1 1 1 1 1 1 1 1 1 
1 1 1 1 1 1 1 1 1 1 
1 1 1 1 1 1 1 1 1 1 
1 1 1 1 1 1 1 1 1 1 
1 1 1 1 1 1 1 1 1 1 
1 1 1 1 1 1 1 1 1 1 
1 1 1 1 1 1 1 1 1 1 
1 1 1 1 1 1 1 1 1 1 
1 1 1 1 1 1 1 1 1 1 
1 1 1 1 1 1 1 1 1 1 
1 1 1 1 1 1 1 1 1 1 
1 1 1 1 1 1 1 1 1 1 
1 1 1 1 1 1 1 1 1 1 
1 1 1 1 1 1 1 1 1 1 
1 1 1 1 1 1 1 1 1 1 
1 1 1 1 1 1 1 1 1 1 
1 1 1 1 1 1 1 1 1 1 
1 1 1 1 1 1 1 1 1 1 
1 1 1 1 1 1 1 1 1 1 
1 1 1 1 1 1 1 1 1 1 
1 1 1 1 1 1 1 1 1 1 
1 1 1 1 1 1 1 1 1 1 
1 1 1 1 1 1 1 1 1 1 
1 1 1 1 1 1 1 1 1 1 
1 1 1 1 1 1 1 1 1 1 
1 1 1 1 1 1 1 1 1 1 
1 1 1 1 1 1 1 1 1 1 
1 1 1 1 1 1 1 1 1 1 
1 1 1 1 1 1 1 1 1 1 
1 1 1 1 1 1 1 1 1 1 
1 1 1 1 1 1 1 1 1 1 
1 1 1 1 1 1 1 1 1 1 
1 1 1 1 1 1 1 1 1 1 
1 1 1 1 1 1 1 1 1 1 
1 1 1 1 1 1 1 1 1 1 
1 1 1 1 1 1 1 1 1 1 
1 1 1 1 1 1 1 1 1 1 
1 1 1 1 1 1 1 1 1 1 
1 1 1 1 1 1 1 1 1 1 
1 1 1 1 1 1 1 1 1 1 
1 1 1 1 1 1 1 1 1 1 
1 1 1 1 1 1 1 1 1 1 
1 1 1 1 1 1 1 1 1 1 
1 1 1 1 1 1 1 1 1 1 
1 1 1 1 1 1 1 1 1 1 
1 1 1 1 1 1 1 1 1 1 
1 1 1 1 1 1 1 1 1 1 
1 1 1 1 1 1 1 1 1 1 
1 1 1 1 1 1 1 1 1 1 
1 1 1 1 1 1 1 1 1 1 
1 1 1 1 1 1 1 1 1 1 
1 1 1 1 1 1 1 1 1 1 
1 1 1 1 1 1 1 1 1 1 
1 1 1 1 1 1 1 1 1 1 
1 1 1 1 1 1 1 1 1 1 
1 1 1 1 1 1 1 1 1 1 
1 1 1 1 1 1 1 1 1 1 
1 1 1 1 1 1 1 1 1 1 
1 1 1 1 1 1 1 1 1 1 
1 1 1 1 1 1 1 1 1 1 
1 1 1 1 1 1 1 1 1 1 
1 1 1 1 1 1 1 1 1 1 
1 1 1 1 1 1 1 1 1 1 
1 1 1 1 1 1 1 1 1 1 
1 1 1 1 1 1 1 1 1 1 
1 1 1 1 1 1 1 1 1 1 
1 1 1 1 1 1 1 1 1 1 
1 1 1 1 1 1 1 1 1 1 
1 1 1 1 1 1 1 1 1 1 
1 1 1 1 1 1 1 1 1 1 
1 1 1 1 1 1 1 1 1 1 
1 1 1 1 1 1 1 1 1 1 
1 1 1 1 1 1 1 1 1 1 
1 1 1 1 1 1 1 1 1 1 
1 1 1 1 1 1 1 1 1 1 
1 1 1 1 1 1 1 1 1 1 
1 1 1 1 1 1 1 1 1 1 
1 1 1 1 1 1 1 1 1 1 
1 1 1 1 1 1 1 1 1 1 
1 1 1 1 1 1 1 1 1 1 
1 1 1 1 1 1 1 1 1 1 
1 1 1 1 1 1 1 1 1 1 
1 1 1 1 1 1 1 1 1 1 
1 1 1 1 1 1 1 1 1 1 
1 1 1 1 1 1 1 1 1 1 
1 1 1 1 1 1 1 1 1 1 
1 1 1 1 1 1 1 1 1 1 
1 1 1 1 1 1 1 1 1 1 
1 1 1 1 1 1 1 1 1 1 
1 1 1 1 1 1 1 1 1 1 
1 1 1 1 1 1 1 1 1 1 
1 1 1 1 1 1 1 1 1 1 
1 1 1 1 1 1 1 1 1 1 
1 1 1 1 1 1 1 1 1 1 
1 1 1 0 0 0 0 0 0 0 
0 0 0 0 0 0 0 0 0 0 
0 0 0 0 0 0 0 0 0 0 
0 0 0 0 0 0 0 0 0 0 
0 0 0 0 0 0 0 0 0 0 
0 0 0 0 0 0 0 0 0 0 
0 0 0 0 0 0 0 0 0 0 
0 0 0 0 0 0 0 0 0 0 
0 0 0 0 0 0 0 0 0 0 
0 0 0 0 0 0 0 0 0 0 
0 0 0 0 0 0 0 0 0 0 
0 0 0 0 0 0 0 0 0 0 
0 0 0 0 0 0 0 0 0 0 
0 0 0 0 0 0 0 0 0 0 
0 0 0 0 0 0 0 0 0 0 
0 0 0 0 0 0 0 0 0 0 
0 0 0 0 0 0 0 0 0 0 
0 0 0 0 0 0 0 0 0 0 
0 0 0 0 0 0 0 0 0 0 
0 0 0 0 0 0 0 0 0 0 
0 0 0 0 0 0 0 0 0 0 
0 0 0 0 0 0 0 0 0 0 
0 0 0 0 0 0 0 0 0 0 
0 0 0 0 0 0 0 0 0 0 
0 0 0 0 0 0 0 0 0 0 
0 0 0 0 0 0 0 0 0 0 
0 0 0 0 0 0 0 0 0 0 
0 0 0 0 0 0 0 0 0 0 
0 0 0 0 0 0 0 0 0 0 
0 1 1 1 1 1 1 1 1 1 
1 1 1 1 1 1 1 1 1 1 
1 1 1 1 1 1 1 1 1 1 
1 1 1 1 1 1 1 1 1 1 
1 1 1 1 1 1 1 1 1 1 
1 1 1 1 1 1 1 1 1 1 
1 1 1 1 1 1 1 1 1 1 
1 1 1 1 1 1 1 1 1 1 
1 1 1 1 1 1 1 1 1 1 
1 1 1 1 1 1 1 1 1 1 
1 1 1 1 1 1 1 1 1 1 
1 1 1 1 1 1 1 1 1 1 
1 1 1 1 1 1 1 1 1 1 
1 1 1 1 1 1 1 1 1 1 
1 1 1 1 1 1 1 1 1 1 
1 1 1 1 1 1 1 0 0 0 
0 0 0 0 0 0 0 0 0 0 
0 0 0 0 0 0 0 0 0 0 
0 0 0 0 0 0 0 0 0 0 
0 0 0 0 0 0 0 0 0 0 
0 0 0 0 0 0 0 0 0 0 
0 0 0 0 0 0 0 0 0 0 
0 0 0 0 0 0 0 0 0 0 
0 0 0 0 0 0 0 0 0 0 
0 0 0 0 0 0 0 0 0 0 
0 0 0 0 0 0 0 0 0 0 
0 0 0 0 0 0 0 0 0 0 
0 0 0 0 0 0 0 0 0 0 
0 0 0 0 0 0 0 0 0 0 
0 0 0 0 0 0 0 0 0 0 
0 0 0 0 0 0 0 0 0 0 
0 0 0 0 0 0 0 0 0 0 
0 0 0 0 0 1 1 1 1 1 
1 1 1 1 1 1 1 1 1 1 
1 1 1 1 1 1 1 1 1 1 
1 1 1 1 1 1 1 1 1 1 
1 1 1 1 1 1 1 1 1 1 
1 1 1 1 1 1 1 1 1 1 
1 1 1 1 1 1 1 1 1 1 
1 1 1 1 1 1 1 1 1 1 
1 1 1 1 1 1 1 1 1 1 
1 1 1 1 1 1 1 1 1 1 
1 1 1 1 1 1 1 1 1 1 
1 1 1 1 1 1 1 1 1 1 
1 1 1 1 1 1 1 1 1 1 
1 1 1 1 1 1 1 1 1 1 
1 1 1 1 1 1 1 1 1 1 
1 1 1 1 1 1 1 1 1 1 
1 1 1 1 1 1 1 1 1 1 
1 1 1 1 1 1 1 1 1 1 
1 1 1 1 1 1 1 1 1 1 
1 1 1 1 1 1 1 1 1 1 
1 1 1 1 1 1 1 1 1 1 
1 1 1 1 1 1 1 1 1 1 
1 1 1 1 1 1 1 1 1 1 
1 1 1 1 1 1 1 1 1 1 
1 1 1 1 1 1 1 1 1 1 
1 1 1 1 1 1 1 1 1 1 
1 1 1 1 1 1 1 1 1 1 
1 1 1 1 1 1 1 1 1 1 
1 0 0 0 0 0 0 0 0 0 
0 0 0 0 0 0 0 0 0 0 
0 0 0 0 0 0 0 0 0 0 
0 0 0 0 0 0 0 0 0 0 
0 0 0 0 0 0 0 0 0 0 
0 0 0 0 0 0 0 0 0 0 
0 0 0 0 0 0 0 0 0 0 
0 0 0 0 0 0 0 0 0 0 
0 0 0 0 0 0 0 0 0 0 
0 0 0 0 0 0 0 0 0 0 
0 0 0 0 0 0 0 0 0 0 
0 0 0 0 0 0 0 0 0 0 
0 0 0 0 0 0 0 0 0 0 
0 0 0 0 0 0 0 0 0 0 
0 0 0 0 0 0 0 0 0 0 
0 0 0 0 0 0 0 0 0 0 
0 0 0 0 0 0 0 0 0 0 
0 0 0 0 0 0 0 0 0 0 
0 0 0 0 0 0 0 0 0 0 
0 0 0 0 0 0 0 0 0 0 
0 0 0 0 0 0 0 0 0 0 
0 0 0 0 0 0 0 0 0 0 
0 0 0 0 0 0 0 0 0 0 
0 0 0 0 0 0 0 0 0 0 
0 0 0 0 0 0 0 0 0 0 
0 0 0 0 0 0 0 0 0 0 
0 0 0 0 0 0 0 0 0 0 
0 0 0 0 0 0 0 0 0 0 
0 0 0 0 0 0 0 0 0 1 
1 1 1 1 1 1 1 1 1 1 
1 1 1 1 1 1 1 1 1 1 
1 1 1 1 1 1 1 1 1 1 
1 1 1 1 1 1 1 1 1 1 
1 1 1 1 1 1 1 1 1 1 
1 1 1 1 1 1 1 1 1 1 
1 1 1 1 1 1 1 1 1 1 
1 1 1 1 1 1 1 1 1 1 
1 1 1 1 1 1 1 1 1 1 
1 1 1 1 1 1 1 1 1 1 
1 1 1 1 1 1 1 1 1 1 
1 1 1 1 1 1 1 1 1 1 
1 1 1 1 1 1 1 1 1 1 
1 1 1 1 1 1 1 1 1 1 
1 1 1 1 1 1 1 1 1 1 
1 1 1 1 1 0 0 0 0 0 
0 0 0 0 0 0 0 0 0 0 
0 0 0 0 0 0 0 0 0 0 
0 0 0 0 0 0 0 0 0 0 
0 0 0 0 0 0 0 0 0 0 
0 0 0 0 0 0 0 0 0 0 
0 0 0 0 0 0 0 0 0 0 
0 0 0 0 0 0 0 0 0 0 
0 0 0 0 0 0 0 0 0 0 
0 0 0 0 0 0 0 0 0 0 
0 0 0 0 0 0 0 0 0 0 
0 0 0 0 0 0 0 0 0 0 
0 0 0 0 0 0 0 0 0 0 
0 0 0 0 0 0 0 0 0 0 
0 0 0 0 0 0 0 0 0 0 
0 0 0 0 0 0 0 0 0 0 
0 0 0 0 0 0 0 0 0 0 
0 0 0 1 1 1 1 1 1 1 
1 1 1 1 1 1 1 1 1 1 
1 1 1 1 1 1 1 1 1 1 
1 1 1 1 1 1 1 1 1 1 
1 1 1 1 1 1 1 1 1 1 
1 1 1 1 1 1 1 1 1 1 
1 1 1 1 1 1 1 1 1 1 
1 1 1 1 1 1 1 1 1 1 
1 1 1 1 1 1 1 1 1 1 
1 1 1 1 1 1 1 1 1 1 
1 1 1 1 1 1 1 1 1 1 
1 1 1 1 1 1 1 1 1 1 
1 1 1 1 1 1 1 1 1 1 
1 1 1 1 1 1 1 1 1 1 
1 1 1 1 1 1 1 1 1 1 
1 1 1 1 1 1 1 1 1 1 
1 1 1 1 1 1 1 1 1 1 
1 1 1 1 1 1 1 1 1 1 
1 1 1 1 1 1 1 1 1 1 
1 1 1 1 1 1 1 1 1 1 
1 1 1 1 1 1 1 1 1 1 
1 1 1 1 1 1 1 1 1 1 
1 1 1 1 1 1 1 1 1 1 
1 1 1 1 1 1 1 1 1 1 
1 1 1 1 1 1 1 1 1 1 
1 1 1 1 1 1 1 1 1 1 
1 1 1 1 1 1 1 1 1 1 
1 1 1 1 1 1 1 1 1 0 
0 0 0 0 0 0 0 0 0 0 
0 0 0 0 0 0 0 0 0 0 
0 0 0 0 0 0 0 0 0 0 
0 0 0 0 0 0 0 0 0 0 
0 0 0 0 0 0 0 0 0 0 
0 0 0 0 0 0 0 0 0 0 
0 0 0 0 0 0 0 0 0 0 
0 0 0 0 0 0 0 0 0 0 
0 0 0 0 0 0 0 0 0 0 
0 0 0 0 0 0 0 0 0 0 
0 0 0 0 0 0 0 0 0 0 
0 0 0 0 0 0 0 0 0 0 
0 0 0 0 0 0 0 0 0 0 
0 0 0 0 0 0 0 0 0 0 
0 0 0 0 0 0 0 0 0 0 
0 0 0 0 0 0 0 0 0 0 
0 0 0 0 0 0 0 0 0 0 
0 0 0 0 0 0 0 0 0 0 
0 0 0 0 0 0 0 0 0 0 
0 0 0 0 0 0 0 0 0 0 
0 0 0 0 0 0 0 0 0 0 
0 0 0 0 0 0 0 0 0 0 
0 0 0 0 0 0 0 0 0 0 
0 0 0 0 0 0 0 0 0 0 
0 0 0 0 0 0 0 0 0 0 
0 0 0 0 0 0 0 0 0 0 
0 0 0 0 0 0 0 0 0 0 
0 0 0 0 0 0 0 0 0 0 
0 0 0 0 0 0 0 1 1 1 
1 1 1 1 1 1 1 1 1 1 
1 1 1 1 1 1 1 1 1 1 
1 1 1 1 1 1 1 1 1 1 
1 1 1 1 1 1 1 1 1 1 
1 1 1 1 1 1 1 1 1 1 
1 1 1 1 1 1 1 1 1 1 
1 1 1 1 1 1 1 1 1 1 
1 1 1 1 1 1 1 1 1 1 
1 1 1 1 1 1 1 1 1 1 
1 1 1 1 1 1 1 1 1 1 
1 1 1 1 1 1 1 1 1 1 
1 1 1 1 1 1 1 1 1 1 
1 1 1 1 1 1 1 1 1 1 
1 1 1 1 1 1 1 1 1 1 
1 1 1 1 1 1 1 1 1 1 
1 1 1 0 0 0 0 0 0 0 
0 0 0 0 0 0 0 0 0 0 
0 0 0 0 0 0 0 0 0 0 
0 0 0 0 0 0 0 0 0 0 
0 0 0 0 0 0 0 0 0 0 
0 0 0 0 0 0 0 0 0 0 
0 0 0 0 0 0 0 0 0 0 
0 0 0 0 0 0 0 0 0 0 
0 0 0 0 0 0 0 0 0 0 
0 0 0 0 0 0 0 0 0 0 
0 0 0 0 0 0 0 0 0 0 
0 0 0 0 0 0 0 0 0 0 
0 0 0 0 0 0 0 0 0 0 
0 0 0 0 0 0 0 0 0 0 
0 0 0 0 0 0 0 0 0 0 
0 0 0 0 0 0 0 0 0 0 
0 0 0 0 0 0 0 0 0 0 
0 1 1 1 1 1 1 1 1 1 
1 1 1 1 1 1 1 1 1 1 
1 1 1 1 1 1 1 1 1 1 
1 1 1 1 1 1 1 1 1 1 
1 1 1 1 1 1 1 1 1 1 
1 1 1 1 1 1 1 1 1 1 
1 1 1 1 1 1 1 1 1 1 
1 1 1 1 1 1 1 1 1 1 
1 1 1 1 1 1 1 1 1 1 
1 1 1 1 1 1 1 1 1 1 
1 1 1 1 1 1 1 1 1 1 
1 1 1 1 1 1 1 1 1 1 
1 1 1 1 1 1 1 1 1 1 
1 1 1 1 1 1 1 1 1 1 
1 1 1 1 1 1 1 1 1 1 
1 1 1 1 1 1 1 1 1 1 
1 1 1 1 1 1 1 1 1 1 
1 1 1 1 1 1 1 1 1 1 
1 1 1 1 1 1 1 1 1 1 
1 1 1 1 1 1 1 1 1 1 
1 1 1 1 1 1 1 1 1 1 
1 1 1 1 1 1 1 1 1 1 
1 1 1 1 1 1 1 1 1 1 
1 1 1 1 1 1 1 1 1 1 
1 1 1 1 1 1 1 1 1 1 
1 1 1 1 1 1 1 1 1 1 
1 1 1 1 1 1 1 1 1 1 
1 1 1 1 1 1 1 0 0 0 
0 0 0 0 0 0 0 0 0 0 
0 0 0 0 0 0 0 0 0 0 
0 0 0 0 0 0 0 0 0 0 
0 0 0 0 0 0 0 0 0 0 
0 0 0 0 0 0 0 0 0 0 
0 0 0 0 0 0 0 0 0 0 
0 0 0 0 0 0 0 0 0 0 
0 0 0 0 0 0 0 0 0 0 
0 0 0 0 0 0 0 0 0 0 
0 0 0 0 0 0 0 0 0 0 
0 0 0 0 0 0 0 0 0 0 
0 0 0 0 0 0 0 0 0 0 
0 0 0 0 0 0 0 0 0 0 
0 0 0 0 0 0 0 0 0 0 
0 0 0 0 0 0 0 0 0 0 
0 0 0 0 0 0 0 0 0 0 
0 0 0 0 0 0 0 0 0 0 
0 0 0 0 0 0 0 0 0 0 
0 0 0 0 0 0 0 0 0 0 
0 0 0 0 0 0 0 0 0 0 
0 0 0 0 0 0 0 0 0 0 
0 0 0 0 0 0 0 0 0 0 
0 0 0 0 0 0 0 0 0 0 
0 0 0 0 0 0 0 0 0 0 
0 0 0 0 0 0 0 0 0 0 
0 0 0 0 0 0 0 0 0 0 
0 0 0 0 0 0 0 0 0 0 
0 0 0 0 0 0 0 0 0 0 
0 0 0 0 0 1 1 1 1 1 
1 1 1 1 1 1 1 1 1 1 
1 1 1 1 1 1 1 1 1 1 
1 1 1 1 1 1 1 1 1 1 
1 1 1 1 1 1 1 1 1 1 
1 1 1 1 1 1 1 1 1 1 
1 1 1 1 1 1 1 1 1 1 
1 1 1 1 1 1 1 1 1 1 
1 1 1 1 1 1 1 1 1 1 
1 1 1 1 1 1 1 1 1 1 
1 1 1 1 1 1 1 1 1 1 
1 1 1 1 1 1 1 1 1 1 
1 1 1 1 1 1 1 1 1 1 
1 1 1 1 1 1 1 1 1 1 
1 1 1 1 1 1 1 1 1 1 
1 1 1 1 1 1 1 1 1 1 
1 0 0 0 0 0 0 0 0 0 
0 0 0 0 0 0 0 0 0 0 
0 0 0 0 0 0 0 0 0 0 
0 0 0 0 0 0 0 0 0 0 
0 0 0 0 0 0 0 0 0 0 
0 0 0 0 0 0 0 0 0 0 
0 0 0 0 0 0 0 0 0 0 
0 0 0 0 0 0 0 0 0 0 
0 0 0 0 0 0 0 0 0 0 
0 0 0 0 0 0 0 0 0 0 
0 0 0 0 0 0 0 0 0 0 
0 0 0 0 0 0 0 0 0 0 
0 0 0 0 0 0 0 0 0 0 
0 0 0 0 0 0 0 0 0 0 
0 0 0 0 0 0 0 0 0 0 
0 0 0 0 0 0 0 0 0 0 
0 0 0 0 0 0 0 0 0 1 
1 1 1 1 1 1 1 1 1 1 
1 1 1 1 1 1 1 1 1 1 
1 1 1 1 1 1 1 1 1 1 
1 1 1 1 1 1 1 1 1 1 
1 1 1 1 1 1 1 1 1 1 
1 1 1 1 1 1 1 1 1 1 
1 1 1 1 1 1 1 1 1 1 
1 1 1 1 1 1 1 1 1 1 
1 1 1 1 1 1 1 1 1 1 
1 1 1 1 1 1 1 1 1 1 
1 1 1 1 1 1 1 1 1 1 
1 1 1 1 1 1 1 1 1 1 
1 1 1 1 1 1 1 1 1 1 
1 1 1 1 1 1 1 1 1 1 
1 1 1 1 1 1 1 1 1 1 
1 1 1 1 1 
